ISO-10303-21;
HEADER;
/* Generated by software containing ST-Developer
 * from STEP Tools, Inc. (www.steptools.com) 
 */

FILE_DESCRIPTION(
/* description */ (''),
/* implementation_level */ '2;1');

FILE_NAME(
/* name */ 'Fan-2.step',
/* time_stamp */ '2026-08-31T13:42:11-06:00',
/* author */ (''),
/* organization */ (''),
/* preprocessor_version */ 'ST-DEVELOPER v20.1',
/* originating_system */ 'Autodesk Translation Framework v15.8.0.0',
/* authorisation */ '');

FILE_SCHEMA (('AUTOMOTIVE_DESIGN { 1 0 10303 214 3 1 1 }'));
ENDSEC;

DATA;
#10=MECHANICAL_DESIGN_GEOMETRIC_PRESENTATION_REPRESENTATION('',(#15,#16),
#3853);
#11=SHAPE_REPRESENTATION_RELATIONSHIP('SRR','None',#3860,#12);
#12=ADVANCED_BREP_SHAPE_REPRESENTATION('',(#17,#18),#3852);
#13=FACE_BOUND('',#344,.T.);
#14=FACE_BOUND('',#346,.T.);
#15=STYLED_ITEM('',(#3870),#17);
#16=STYLED_ITEM('',(#3871),#18);
#17=MANIFOLD_SOLID_BREP('Body1',#2360);
#18=MANIFOLD_SOLID_BREP('Body2',#2361);
#19=PLANE('',#2378);
#20=PLANE('',#2379);
#21=PLANE('',#2383);
#22=PLANE('',#2384);
#23=PLANE('',#2388);
#24=PLANE('',#2389);
#25=PLANE('',#2393);
#26=PLANE('',#2394);
#27=PLANE('',#2398);
#28=PLANE('',#2399);
#29=PLANE('',#2403);
#30=PLANE('',#2404);
#31=PLANE('',#2408);
#32=PLANE('',#2409);
#33=PLANE('',#2413);
#34=PLANE('',#2414);
#35=PLANE('',#2418);
#36=PLANE('',#2419);
#37=PLANE('',#2423);
#38=PLANE('',#2424);
#39=PLANE('',#2428);
#40=PLANE('',#2429);
#41=PLANE('',#2433);
#42=PLANE('',#2434);
#43=PLANE('',#2435);
#44=PLANE('',#2436);
#45=PLANE('',#2437);
#46=PLANE('',#2438);
#47=PLANE('',#2442);
#48=PLANE('',#2443);
#49=PLANE('',#2447);
#50=PLANE('',#2448);
#51=PLANE('',#2452);
#52=PLANE('',#2453);
#53=PLANE('',#2457);
#54=PLANE('',#2458);
#55=PLANE('',#2462);
#56=PLANE('',#2463);
#57=PLANE('',#2467);
#58=PLANE('',#2468);
#59=PLANE('',#2472);
#60=PLANE('',#2473);
#61=PLANE('',#2477);
#62=PLANE('',#2478);
#63=PLANE('',#2482);
#64=PLANE('',#2483);
#65=PLANE('',#2487);
#66=PLANE('',#2488);
#67=PLANE('',#2492);
#68=PLANE('',#2493);
#69=PLANE('',#2497);
#70=PLANE('',#2498);
#71=PLANE('',#2499);
#72=PLANE('',#2500);
#73=PLANE('',#2501);
#74=PLANE('',#2502);
#75=PLANE('',#2503);
#76=PLANE('',#2504);
#77=PLANE('',#2505);
#78=PLANE('',#2506);
#79=PLANE('',#2507);
#80=PLANE('',#2508);
#81=PLANE('',#2509);
#82=PLANE('',#2510);
#83=PLANE('',#2511);
#84=PLANE('',#2512);
#85=PLANE('',#2513);
#86=PLANE('',#2514);
#87=PLANE('',#2515);
#88=PLANE('',#2516);
#89=PLANE('',#2517);
#90=PLANE('',#2518);
#91=PLANE('',#2519);
#92=PLANE('',#2520);
#93=PLANE('',#2521);
#94=PLANE('',#2522);
#95=PLANE('',#2523);
#96=PLANE('',#2524);
#97=PLANE('',#2525);
#98=PLANE('',#2526);
#99=PLANE('',#2527);
#100=PLANE('',#2528);
#101=PLANE('',#2529);
#102=PLANE('',#2530);
#103=PLANE('',#2531);
#104=PLANE('',#2532);
#105=PLANE('',#2536);
#106=PLANE('',#2537);
#107=PLANE('',#2538);
#108=PLANE('',#2539);
#109=PLANE('',#2540);
#110=PLANE('',#2541);
#111=FACE_OUTER_BOUND('',#228,.T.);
#112=FACE_OUTER_BOUND('',#229,.T.);
#113=FACE_OUTER_BOUND('',#230,.T.);
#114=FACE_OUTER_BOUND('',#231,.T.);
#115=FACE_OUTER_BOUND('',#232,.T.);
#116=FACE_OUTER_BOUND('',#233,.T.);
#117=FACE_OUTER_BOUND('',#234,.T.);
#118=FACE_OUTER_BOUND('',#235,.T.);
#119=FACE_OUTER_BOUND('',#236,.T.);
#120=FACE_OUTER_BOUND('',#237,.T.);
#121=FACE_OUTER_BOUND('',#238,.T.);
#122=FACE_OUTER_BOUND('',#239,.T.);
#123=FACE_OUTER_BOUND('',#240,.T.);
#124=FACE_OUTER_BOUND('',#241,.T.);
#125=FACE_OUTER_BOUND('',#242,.T.);
#126=FACE_OUTER_BOUND('',#243,.T.);
#127=FACE_OUTER_BOUND('',#244,.T.);
#128=FACE_OUTER_BOUND('',#245,.T.);
#129=FACE_OUTER_BOUND('',#246,.T.);
#130=FACE_OUTER_BOUND('',#247,.T.);
#131=FACE_OUTER_BOUND('',#248,.T.);
#132=FACE_OUTER_BOUND('',#249,.T.);
#133=FACE_OUTER_BOUND('',#250,.T.);
#134=FACE_OUTER_BOUND('',#251,.T.);
#135=FACE_OUTER_BOUND('',#252,.T.);
#136=FACE_OUTER_BOUND('',#253,.T.);
#137=FACE_OUTER_BOUND('',#254,.T.);
#138=FACE_OUTER_BOUND('',#255,.T.);
#139=FACE_OUTER_BOUND('',#256,.T.);
#140=FACE_OUTER_BOUND('',#257,.T.);
#141=FACE_OUTER_BOUND('',#258,.T.);
#142=FACE_OUTER_BOUND('',#259,.T.);
#143=FACE_OUTER_BOUND('',#260,.T.);
#144=FACE_OUTER_BOUND('',#261,.T.);
#145=FACE_OUTER_BOUND('',#262,.T.);
#146=FACE_OUTER_BOUND('',#263,.T.);
#147=FACE_OUTER_BOUND('',#264,.T.);
#148=FACE_OUTER_BOUND('',#265,.T.);
#149=FACE_OUTER_BOUND('',#266,.T.);
#150=FACE_OUTER_BOUND('',#267,.T.);
#151=FACE_OUTER_BOUND('',#268,.T.);
#152=FACE_OUTER_BOUND('',#269,.T.);
#153=FACE_OUTER_BOUND('',#270,.T.);
#154=FACE_OUTER_BOUND('',#271,.T.);
#155=FACE_OUTER_BOUND('',#272,.T.);
#156=FACE_OUTER_BOUND('',#273,.T.);
#157=FACE_OUTER_BOUND('',#274,.T.);
#158=FACE_OUTER_BOUND('',#275,.T.);
#159=FACE_OUTER_BOUND('',#276,.T.);
#160=FACE_OUTER_BOUND('',#277,.T.);
#161=FACE_OUTER_BOUND('',#278,.T.);
#162=FACE_OUTER_BOUND('',#279,.T.);
#163=FACE_OUTER_BOUND('',#280,.T.);
#164=FACE_OUTER_BOUND('',#281,.T.);
#165=FACE_OUTER_BOUND('',#282,.T.);
#166=FACE_OUTER_BOUND('',#283,.T.);
#167=FACE_OUTER_BOUND('',#284,.T.);
#168=FACE_OUTER_BOUND('',#285,.T.);
#169=FACE_OUTER_BOUND('',#286,.T.);
#170=FACE_OUTER_BOUND('',#287,.T.);
#171=FACE_OUTER_BOUND('',#288,.T.);
#172=FACE_OUTER_BOUND('',#289,.T.);
#173=FACE_OUTER_BOUND('',#290,.T.);
#174=FACE_OUTER_BOUND('',#291,.T.);
#175=FACE_OUTER_BOUND('',#292,.T.);
#176=FACE_OUTER_BOUND('',#293,.T.);
#177=FACE_OUTER_BOUND('',#294,.T.);
#178=FACE_OUTER_BOUND('',#295,.T.);
#179=FACE_OUTER_BOUND('',#296,.T.);
#180=FACE_OUTER_BOUND('',#297,.T.);
#181=FACE_OUTER_BOUND('',#298,.T.);
#182=FACE_OUTER_BOUND('',#299,.T.);
#183=FACE_OUTER_BOUND('',#300,.T.);
#184=FACE_OUTER_BOUND('',#301,.T.);
#185=FACE_OUTER_BOUND('',#302,.T.);
#186=FACE_OUTER_BOUND('',#303,.T.);
#187=FACE_OUTER_BOUND('',#304,.T.);
#188=FACE_OUTER_BOUND('',#305,.T.);
#189=FACE_OUTER_BOUND('',#306,.T.);
#190=FACE_OUTER_BOUND('',#307,.T.);
#191=FACE_OUTER_BOUND('',#308,.T.);
#192=FACE_OUTER_BOUND('',#309,.T.);
#193=FACE_OUTER_BOUND('',#310,.T.);
#194=FACE_OUTER_BOUND('',#311,.T.);
#195=FACE_OUTER_BOUND('',#312,.T.);
#196=FACE_OUTER_BOUND('',#313,.T.);
#197=FACE_OUTER_BOUND('',#314,.T.);
#198=FACE_OUTER_BOUND('',#315,.T.);
#199=FACE_OUTER_BOUND('',#316,.T.);
#200=FACE_OUTER_BOUND('',#317,.T.);
#201=FACE_OUTER_BOUND('',#318,.T.);
#202=FACE_OUTER_BOUND('',#319,.T.);
#203=FACE_OUTER_BOUND('',#320,.T.);
#204=FACE_OUTER_BOUND('',#321,.T.);
#205=FACE_OUTER_BOUND('',#322,.T.);
#206=FACE_OUTER_BOUND('',#323,.T.);
#207=FACE_OUTER_BOUND('',#324,.T.);
#208=FACE_OUTER_BOUND('',#325,.T.);
#209=FACE_OUTER_BOUND('',#326,.T.);
#210=FACE_OUTER_BOUND('',#327,.T.);
#211=FACE_OUTER_BOUND('',#328,.T.);
#212=FACE_OUTER_BOUND('',#329,.T.);
#213=FACE_OUTER_BOUND('',#330,.T.);
#214=FACE_OUTER_BOUND('',#331,.T.);
#215=FACE_OUTER_BOUND('',#332,.T.);
#216=FACE_OUTER_BOUND('',#333,.T.);
#217=FACE_OUTER_BOUND('',#334,.T.);
#218=FACE_OUTER_BOUND('',#335,.T.);
#219=FACE_OUTER_BOUND('',#336,.T.);
#220=FACE_OUTER_BOUND('',#337,.T.);
#221=FACE_OUTER_BOUND('',#338,.T.);
#222=FACE_OUTER_BOUND('',#339,.T.);
#223=FACE_OUTER_BOUND('',#340,.T.);
#224=FACE_OUTER_BOUND('',#341,.T.);
#225=FACE_OUTER_BOUND('',#342,.T.);
#226=FACE_OUTER_BOUND('',#343,.T.);
#227=FACE_OUTER_BOUND('',#345,.T.);
#228=EDGE_LOOP('',(#1540,#1541,#1542,#1543));
#229=EDGE_LOOP('',(#1544,#1545,#1546,#1547));
#230=EDGE_LOOP('',(#1548,#1549,#1550,#1551));
#231=EDGE_LOOP('',(#1552,#1553,#1554,#1555));
#232=EDGE_LOOP('',(#1556,#1557,#1558,#1559));
#233=EDGE_LOOP('',(#1560,#1561,#1562,#1563));
#234=EDGE_LOOP('',(#1564,#1565,#1566,#1567));
#235=EDGE_LOOP('',(#1568,#1569,#1570,#1571));
#236=EDGE_LOOP('',(#1572,#1573,#1574,#1575));
#237=EDGE_LOOP('',(#1576,#1577,#1578,#1579));
#238=EDGE_LOOP('',(#1580,#1581,#1582,#1583));
#239=EDGE_LOOP('',(#1584,#1585,#1586,#1587));
#240=EDGE_LOOP('',(#1588,#1589,#1590,#1591));
#241=EDGE_LOOP('',(#1592,#1593,#1594,#1595));
#242=EDGE_LOOP('',(#1596,#1597,#1598,#1599));
#243=EDGE_LOOP('',(#1600,#1601,#1602,#1603));
#244=EDGE_LOOP('',(#1604,#1605,#1606,#1607));
#245=EDGE_LOOP('',(#1608,#1609,#1610,#1611));
#246=EDGE_LOOP('',(#1612,#1613,#1614,#1615));
#247=EDGE_LOOP('',(#1616,#1617,#1618,#1619));
#248=EDGE_LOOP('',(#1620,#1621,#1622,#1623));
#249=EDGE_LOOP('',(#1624,#1625,#1626,#1627));
#250=EDGE_LOOP('',(#1628,#1629,#1630,#1631));
#251=EDGE_LOOP('',(#1632,#1633,#1634,#1635));
#252=EDGE_LOOP('',(#1636,#1637,#1638,#1639));
#253=EDGE_LOOP('',(#1640,#1641,#1642,#1643));
#254=EDGE_LOOP('',(#1644,#1645,#1646,#1647));
#255=EDGE_LOOP('',(#1648,#1649,#1650,#1651));
#256=EDGE_LOOP('',(#1652,#1653,#1654,#1655));
#257=EDGE_LOOP('',(#1656,#1657,#1658,#1659));
#258=EDGE_LOOP('',(#1660,#1661,#1662,#1663));
#259=EDGE_LOOP('',(#1664,#1665,#1666,#1667));
#260=EDGE_LOOP('',(#1668,#1669,#1670,#1671));
#261=EDGE_LOOP('',(#1672,#1673,#1674,#1675));
#262=EDGE_LOOP('',(#1676,#1677,#1678,#1679));
#263=EDGE_LOOP('',(#1680,#1681,#1682,#1683));
#264=EDGE_LOOP('',(#1684,#1685,#1686,#1687));
#265=EDGE_LOOP('',(#1688,#1689,#1690,#1691));
#266=EDGE_LOOP('',(#1692,#1693,#1694,#1695));
#267=EDGE_LOOP('',(#1696,#1697,#1698,#1699));
#268=EDGE_LOOP('',(#1700,#1701,#1702,#1703));
#269=EDGE_LOOP('',(#1704,#1705,#1706,#1707));
#270=EDGE_LOOP('',(#1708,#1709,#1710,#1711));
#271=EDGE_LOOP('',(#1712,#1713,#1714,#1715));
#272=EDGE_LOOP('',(#1716,#1717,#1718,#1719));
#273=EDGE_LOOP('',(#1720,#1721,#1722,#1723));
#274=EDGE_LOOP('',(#1724,#1725,#1726,#1727));
#275=EDGE_LOOP('',(#1728,#1729,#1730,#1731));
#276=EDGE_LOOP('',(#1732,#1733,#1734,#1735));
#277=EDGE_LOOP('',(#1736,#1737,#1738,#1739));
#278=EDGE_LOOP('',(#1740,#1741,#1742,#1743));
#279=EDGE_LOOP('',(#1744,#1745,#1746,#1747));
#280=EDGE_LOOP('',(#1748,#1749,#1750,#1751));
#281=EDGE_LOOP('',(#1752,#1753,#1754,#1755));
#282=EDGE_LOOP('',(#1756,#1757,#1758,#1759));
#283=EDGE_LOOP('',(#1760,#1761,#1762,#1763));
#284=EDGE_LOOP('',(#1764,#1765,#1766,#1767));
#285=EDGE_LOOP('',(#1768,#1769,#1770,#1771));
#286=EDGE_LOOP('',(#1772,#1773,#1774,#1775));
#287=EDGE_LOOP('',(#1776,#1777,#1778,#1779));
#288=EDGE_LOOP('',(#1780,#1781,#1782,#1783));
#289=EDGE_LOOP('',(#1784,#1785,#1786,#1787));
#290=EDGE_LOOP('',(#1788,#1789,#1790,#1791));
#291=EDGE_LOOP('',(#1792,#1793,#1794,#1795));
#292=EDGE_LOOP('',(#1796,#1797,#1798,#1799));
#293=EDGE_LOOP('',(#1800,#1801,#1802,#1803));
#294=EDGE_LOOP('',(#1804,#1805,#1806,#1807));
#295=EDGE_LOOP('',(#1808,#1809,#1810,#1811));
#296=EDGE_LOOP('',(#1812,#1813,#1814,#1815));
#297=EDGE_LOOP('',(#1816,#1817,#1818,#1819));
#298=EDGE_LOOP('',(#1820,#1821,#1822,#1823));
#299=EDGE_LOOP('',(#1824,#1825,#1826,#1827));
#300=EDGE_LOOP('',(#1828,#1829,#1830,#1831));
#301=EDGE_LOOP('',(#1832,#1833,#1834,#1835));
#302=EDGE_LOOP('',(#1836,#1837,#1838,#1839));
#303=EDGE_LOOP('',(#1840,#1841,#1842,#1843));
#304=EDGE_LOOP('',(#1844,#1845,#1846,#1847));
#305=EDGE_LOOP('',(#1848,#1849,#1850,#1851,#1852,#1853,#1854,#1855,#1856,
#1857,#1858,#1859,#1860,#1861,#1862,#1863,#1864,#1865,#1866,#1867,#1868,
#1869,#1870,#1871,#1872,#1873,#1874,#1875,#1876,#1877,#1878,#1879,#1880,
#1881,#1882,#1883,#1884,#1885,#1886,#1887,#1888,#1889,#1890,#1891,#1892,
#1893,#1894,#1895,#1896,#1897,#1898,#1899,#1900,#1901,#1902,#1903,#1904,
#1905,#1906,#1907,#1908,#1909,#1910,#1911,#1912,#1913,#1914,#1915,#1916,
#1917,#1918,#1919,#1920,#1921,#1922,#1923,#1924,#1925,#1926,#1927,#1928,
#1929,#1930,#1931,#1932,#1933,#1934,#1935,#1936,#1937,#1938,#1939,#1940,
#1941,#1942,#1943,#1944,#1945,#1946,#1947,#1948,#1949,#1950,#1951));
#306=EDGE_LOOP('',(#1952,#1953,#1954,#1955,#1956,#1957,#1958,#1959));
#307=EDGE_LOOP('',(#1960,#1961,#1962,#1963));
#308=EDGE_LOOP('',(#1964,#1965,#1966,#1967));
#309=EDGE_LOOP('',(#1968,#1969,#1970,#1971));
#310=EDGE_LOOP('',(#1972,#1973,#1974,#1975));
#311=EDGE_LOOP('',(#1976,#1977,#1978,#1979));
#312=EDGE_LOOP('',(#1980,#1981,#1982,#1983));
#313=EDGE_LOOP('',(#1984,#1985,#1986,#1987));
#314=EDGE_LOOP('',(#1988,#1989,#1990,#1991));
#315=EDGE_LOOP('',(#1992,#1993,#1994,#1995));
#316=EDGE_LOOP('',(#1996,#1997,#1998,#1999));
#317=EDGE_LOOP('',(#2000,#2001,#2002,#2003));
#318=EDGE_LOOP('',(#2004,#2005,#2006,#2007));
#319=EDGE_LOOP('',(#2008,#2009,#2010,#2011));
#320=EDGE_LOOP('',(#2012,#2013,#2014,#2015));
#321=EDGE_LOOP('',(#2016,#2017,#2018,#2019));
#322=EDGE_LOOP('',(#2020,#2021,#2022,#2023));
#323=EDGE_LOOP('',(#2024,#2025,#2026,#2027));
#324=EDGE_LOOP('',(#2028,#2029,#2030,#2031));
#325=EDGE_LOOP('',(#2032,#2033,#2034,#2035));
#326=EDGE_LOOP('',(#2036,#2037,#2038,#2039));
#327=EDGE_LOOP('',(#2040,#2041,#2042,#2043));
#328=EDGE_LOOP('',(#2044,#2045,#2046,#2047));
#329=EDGE_LOOP('',(#2048,#2049,#2050,#2051));
#330=EDGE_LOOP('',(#2052,#2053,#2054,#2055));
#331=EDGE_LOOP('',(#2056,#2057,#2058,#2059));
#332=EDGE_LOOP('',(#2060,#2061,#2062,#2063));
#333=EDGE_LOOP('',(#2064,#2065,#2066,#2067,#2068,#2069,#2070,#2071,#2072,
#2073,#2074,#2075,#2076,#2077,#2078,#2079,#2080,#2081,#2082,#2083,#2084,
#2085,#2086,#2087,#2088,#2089,#2090,#2091,#2092,#2093,#2094,#2095,#2096,
#2097,#2098,#2099,#2100,#2101,#2102,#2103,#2104,#2105,#2106,#2107,#2108,
#2109,#2110,#2111,#2112,#2113,#2114,#2115,#2116,#2117,#2118,#2119));
#334=EDGE_LOOP('',(#2120,#2121,#2122,#2123));
#335=EDGE_LOOP('',(#2124,#2125,#2126,#2127,#2128,#2129,#2130,#2131,#2132,
#2133,#2134,#2135,#2136,#2137,#2138,#2139,#2140,#2141,#2142,#2143,#2144,
#2145,#2146,#2147,#2148,#2149,#2150,#2151,#2152,#2153,#2154,#2155,#2156,
#2157,#2158,#2159,#2160,#2161,#2162,#2163,#2164,#2165,#2166,#2167,#2168,
#2169,#2170,#2171,#2172,#2173,#2174,#2175,#2176,#2177,#2178,#2179));
#336=EDGE_LOOP('',(#2180,#2181,#2182,#2183));
#337=EDGE_LOOP('',(#2184,#2185,#2186,#2187));
#338=EDGE_LOOP('',(#2188,#2189,#2190,#2191));
#339=EDGE_LOOP('',(#2192,#2193,#2194,#2195));
#340=EDGE_LOOP('',(#2196,#2197,#2198,#2199));
#341=EDGE_LOOP('',(#2200,#2201,#2202,#2203));
#342=EDGE_LOOP('',(#2204,#2205,#2206,#2207));
#343=EDGE_LOOP('',(#2208,#2209,#2210,#2211));
#344=EDGE_LOOP('',(#2212));
#345=EDGE_LOOP('',(#2213,#2214,#2215,#2216));
#346=EDGE_LOOP('',(#2217));
#347=LINE('',#3173,#636);
#348=LINE('',#3176,#637);
#349=LINE('',#3179,#638);
#350=LINE('',#3181,#639);
#351=LINE('',#3182,#640);
#352=LINE('',#3186,#641);
#353=LINE('',#3188,#642);
#354=LINE('',#3190,#643);
#355=LINE('',#3191,#644);
#356=LINE('',#3196,#645);
#357=LINE('',#3200,#646);
#358=LINE('',#3202,#647);
#359=LINE('',#3203,#648);
#360=LINE('',#3207,#649);
#361=LINE('',#3209,#650);
#362=LINE('',#3211,#651);
#363=LINE('',#3212,#652);
#364=LINE('',#3217,#653);
#365=LINE('',#3221,#654);
#366=LINE('',#3223,#655);
#367=LINE('',#3224,#656);
#368=LINE('',#3228,#657);
#369=LINE('',#3230,#658);
#370=LINE('',#3232,#659);
#371=LINE('',#3233,#660);
#372=LINE('',#3238,#661);
#373=LINE('',#3242,#662);
#374=LINE('',#3244,#663);
#375=LINE('',#3245,#664);
#376=LINE('',#3249,#665);
#377=LINE('',#3251,#666);
#378=LINE('',#3253,#667);
#379=LINE('',#3254,#668);
#380=LINE('',#3259,#669);
#381=LINE('',#3263,#670);
#382=LINE('',#3265,#671);
#383=LINE('',#3266,#672);
#384=LINE('',#3270,#673);
#385=LINE('',#3272,#674);
#386=LINE('',#3274,#675);
#387=LINE('',#3275,#676);
#388=LINE('',#3280,#677);
#389=LINE('',#3284,#678);
#390=LINE('',#3286,#679);
#391=LINE('',#3287,#680);
#392=LINE('',#3291,#681);
#393=LINE('',#3293,#682);
#394=LINE('',#3295,#683);
#395=LINE('',#3296,#684);
#396=LINE('',#3301,#685);
#397=LINE('',#3305,#686);
#398=LINE('',#3307,#687);
#399=LINE('',#3308,#688);
#400=LINE('',#3312,#689);
#401=LINE('',#3314,#690);
#402=LINE('',#3316,#691);
#403=LINE('',#3317,#692);
#404=LINE('',#3322,#693);
#405=LINE('',#3326,#694);
#406=LINE('',#3328,#695);
#407=LINE('',#3329,#696);
#408=LINE('',#3333,#697);
#409=LINE('',#3335,#698);
#410=LINE('',#3337,#699);
#411=LINE('',#3338,#700);
#412=LINE('',#3343,#701);
#413=LINE('',#3347,#702);
#414=LINE('',#3349,#703);
#415=LINE('',#3350,#704);
#416=LINE('',#3354,#705);
#417=LINE('',#3356,#706);
#418=LINE('',#3358,#707);
#419=LINE('',#3359,#708);
#420=LINE('',#3364,#709);
#421=LINE('',#3368,#710);
#422=LINE('',#3370,#711);
#423=LINE('',#3371,#712);
#424=LINE('',#3375,#713);
#425=LINE('',#3377,#714);
#426=LINE('',#3379,#715);
#427=LINE('',#3380,#716);
#428=LINE('',#3385,#717);
#429=LINE('',#3389,#718);
#430=LINE('',#3391,#719);
#431=LINE('',#3392,#720);
#432=LINE('',#3396,#721);
#433=LINE('',#3398,#722);
#434=LINE('',#3400,#723);
#435=LINE('',#3401,#724);
#436=LINE('',#3406,#725);
#437=LINE('',#3410,#726);
#438=LINE('',#3412,#727);
#439=LINE('',#3413,#728);
#440=LINE('',#3417,#729);
#441=LINE('',#3419,#730);
#442=LINE('',#3421,#731);
#443=LINE('',#3422,#732);
#444=LINE('',#3425,#733);
#445=LINE('',#3427,#734);
#446=LINE('',#3428,#735);
#447=LINE('',#3432,#736);
#448=LINE('',#3434,#737);
#449=LINE('',#3436,#738);
#450=LINE('',#3437,#739);
#451=LINE('',#3440,#740);
#452=LINE('',#3442,#741);
#453=LINE('',#3443,#742);
#454=LINE('',#3447,#743);
#455=LINE('',#3449,#744);
#456=LINE('',#3451,#745);
#457=LINE('',#3452,#746);
#458=LINE('',#3457,#747);
#459=LINE('',#3461,#748);
#460=LINE('',#3463,#749);
#461=LINE('',#3464,#750);
#462=LINE('',#3468,#751);
#463=LINE('',#3470,#752);
#464=LINE('',#3472,#753);
#465=LINE('',#3473,#754);
#466=LINE('',#3478,#755);
#467=LINE('',#3482,#756);
#468=LINE('',#3484,#757);
#469=LINE('',#3485,#758);
#470=LINE('',#3489,#759);
#471=LINE('',#3491,#760);
#472=LINE('',#3493,#761);
#473=LINE('',#3494,#762);
#474=LINE('',#3499,#763);
#475=LINE('',#3503,#764);
#476=LINE('',#3505,#765);
#477=LINE('',#3506,#766);
#478=LINE('',#3510,#767);
#479=LINE('',#3512,#768);
#480=LINE('',#3514,#769);
#481=LINE('',#3515,#770);
#482=LINE('',#3520,#771);
#483=LINE('',#3524,#772);
#484=LINE('',#3526,#773);
#485=LINE('',#3527,#774);
#486=LINE('',#3531,#775);
#487=LINE('',#3533,#776);
#488=LINE('',#3535,#777);
#489=LINE('',#3536,#778);
#490=LINE('',#3541,#779);
#491=LINE('',#3545,#780);
#492=LINE('',#3547,#781);
#493=LINE('',#3548,#782);
#494=LINE('',#3552,#783);
#495=LINE('',#3554,#784);
#496=LINE('',#3556,#785);
#497=LINE('',#3557,#786);
#498=LINE('',#3562,#787);
#499=LINE('',#3566,#788);
#500=LINE('',#3568,#789);
#501=LINE('',#3569,#790);
#502=LINE('',#3573,#791);
#503=LINE('',#3575,#792);
#504=LINE('',#3577,#793);
#505=LINE('',#3578,#794);
#506=LINE('',#3583,#795);
#507=LINE('',#3587,#796);
#508=LINE('',#3589,#797);
#509=LINE('',#3590,#798);
#510=LINE('',#3594,#799);
#511=LINE('',#3596,#800);
#512=LINE('',#3598,#801);
#513=LINE('',#3599,#802);
#514=LINE('',#3604,#803);
#515=LINE('',#3608,#804);
#516=LINE('',#3610,#805);
#517=LINE('',#3611,#806);
#518=LINE('',#3615,#807);
#519=LINE('',#3617,#808);
#520=LINE('',#3619,#809);
#521=LINE('',#3620,#810);
#522=LINE('',#3625,#811);
#523=LINE('',#3629,#812);
#524=LINE('',#3631,#813);
#525=LINE('',#3632,#814);
#526=LINE('',#3636,#815);
#527=LINE('',#3638,#816);
#528=LINE('',#3640,#817);
#529=LINE('',#3641,#818);
#530=LINE('',#3646,#819);
#531=LINE('',#3650,#820);
#532=LINE('',#3652,#821);
#533=LINE('',#3653,#822);
#534=LINE('',#3657,#823);
#535=LINE('',#3659,#824);
#536=LINE('',#3661,#825);
#537=LINE('',#3662,#826);
#538=LINE('',#3667,#827);
#539=LINE('',#3671,#828);
#540=LINE('',#3673,#829);
#541=LINE('',#3674,#830);
#542=LINE('',#3678,#831);
#543=LINE('',#3680,#832);
#544=LINE('',#3682,#833);
#545=LINE('',#3683,#834);
#546=LINE('',#3688,#835);
#547=LINE('',#3692,#836);
#548=LINE('',#3694,#837);
#549=LINE('',#3695,#838);
#550=LINE('',#3699,#839);
#551=LINE('',#3701,#840);
#552=LINE('',#3703,#841);
#553=LINE('',#3704,#842);
#554=LINE('',#3707,#843);
#555=LINE('',#3709,#844);
#556=LINE('',#3710,#845);
#557=LINE('',#3712,#846);
#558=LINE('',#3713,#847);
#559=LINE('',#3714,#848);
#560=LINE('',#3715,#849);
#561=LINE('',#3716,#850);
#562=LINE('',#3717,#851);
#563=LINE('',#3718,#852);
#564=LINE('',#3719,#853);
#565=LINE('',#3720,#854);
#566=LINE('',#3721,#855);
#567=LINE('',#3722,#856);
#568=LINE('',#3723,#857);
#569=LINE('',#3724,#858);
#570=LINE('',#3725,#859);
#571=LINE('',#3726,#860);
#572=LINE('',#3727,#861);
#573=LINE('',#3728,#862);
#574=LINE('',#3729,#863);
#575=LINE('',#3730,#864);
#576=LINE('',#3731,#865);
#577=LINE('',#3732,#866);
#578=LINE('',#3733,#867);
#579=LINE('',#3734,#868);
#580=LINE('',#3735,#869);
#581=LINE('',#3736,#870);
#582=LINE('',#3737,#871);
#583=LINE('',#3738,#872);
#584=LINE('',#3741,#873);
#585=LINE('',#3743,#874);
#586=LINE('',#3745,#875);
#587=LINE('',#3747,#876);
#588=LINE('',#3748,#877);
#589=LINE('',#3750,#878);
#590=LINE('',#3753,#879);
#591=LINE('',#3755,#880);
#592=LINE('',#3756,#881);
#593=LINE('',#3758,#882);
#594=LINE('',#3760,#883);
#595=LINE('',#3762,#884);
#596=LINE('',#3764,#885);
#597=LINE('',#3766,#886);
#598=LINE('',#3768,#887);
#599=LINE('',#3770,#888);
#600=LINE('',#3772,#889);
#601=LINE('',#3774,#890);
#602=LINE('',#3776,#891);
#603=LINE('',#3778,#892);
#604=LINE('',#3780,#893);
#605=LINE('',#3782,#894);
#606=LINE('',#3784,#895);
#607=LINE('',#3786,#896);
#608=LINE('',#3788,#897);
#609=LINE('',#3790,#898);
#610=LINE('',#3792,#899);
#611=LINE('',#3794,#900);
#612=LINE('',#3796,#901);
#613=LINE('',#3798,#902);
#614=LINE('',#3800,#903);
#615=LINE('',#3802,#904);
#616=LINE('',#3804,#905);
#617=LINE('',#3807,#906);
#618=LINE('',#3808,#907);
#619=LINE('',#3811,#908);
#620=LINE('',#3812,#909);
#621=LINE('',#3814,#910);
#622=LINE('',#3815,#911);
#623=LINE('',#3822,#912);
#624=LINE('',#3827,#913);
#625=LINE('',#3829,#914);
#626=LINE('',#3831,#915);
#627=LINE('',#3832,#916);
#628=LINE('',#3835,#917);
#629=LINE('',#3837,#918);
#630=LINE('',#3838,#919);
#631=LINE('',#3841,#920);
#632=LINE('',#3843,#921);
#633=LINE('',#3844,#922);
#634=LINE('',#3846,#923);
#635=LINE('',#3847,#924);
#636=VECTOR('',#2548,10.);
#637=VECTOR('',#2551,10.);
#638=VECTOR('',#2554,10.);
#639=VECTOR('',#2555,10.);
#640=VECTOR('',#2556,10.);
#641=VECTOR('',#2559,10.);
#642=VECTOR('',#2560,10.);
#643=VECTOR('',#2561,10.);
#644=VECTOR('',#2562,10.);
#645=VECTOR('',#2567,10.);
#646=VECTOR('',#2572,10.);
#647=VECTOR('',#2573,10.);
#648=VECTOR('',#2574,10.);
#649=VECTOR('',#2577,10.);
#650=VECTOR('',#2578,10.);
#651=VECTOR('',#2579,10.);
#652=VECTOR('',#2580,10.);
#653=VECTOR('',#2585,10.);
#654=VECTOR('',#2590,10.);
#655=VECTOR('',#2591,10.);
#656=VECTOR('',#2592,10.);
#657=VECTOR('',#2595,10.);
#658=VECTOR('',#2596,10.);
#659=VECTOR('',#2597,10.);
#660=VECTOR('',#2598,10.);
#661=VECTOR('',#2603,10.);
#662=VECTOR('',#2608,10.);
#663=VECTOR('',#2609,10.);
#664=VECTOR('',#2610,10.);
#665=VECTOR('',#2613,10.);
#666=VECTOR('',#2614,10.);
#667=VECTOR('',#2615,10.);
#668=VECTOR('',#2616,10.);
#669=VECTOR('',#2621,10.);
#670=VECTOR('',#2626,10.);
#671=VECTOR('',#2627,10.);
#672=VECTOR('',#2628,10.);
#673=VECTOR('',#2631,10.);
#674=VECTOR('',#2632,10.);
#675=VECTOR('',#2633,10.);
#676=VECTOR('',#2634,10.);
#677=VECTOR('',#2639,10.);
#678=VECTOR('',#2644,10.);
#679=VECTOR('',#2645,10.);
#680=VECTOR('',#2646,10.);
#681=VECTOR('',#2649,10.);
#682=VECTOR('',#2650,10.);
#683=VECTOR('',#2651,10.);
#684=VECTOR('',#2652,10.);
#685=VECTOR('',#2657,10.);
#686=VECTOR('',#2662,10.);
#687=VECTOR('',#2663,10.);
#688=VECTOR('',#2664,10.);
#689=VECTOR('',#2667,10.);
#690=VECTOR('',#2668,10.);
#691=VECTOR('',#2669,10.);
#692=VECTOR('',#2670,10.);
#693=VECTOR('',#2675,10.);
#694=VECTOR('',#2680,10.);
#695=VECTOR('',#2681,10.);
#696=VECTOR('',#2682,10.);
#697=VECTOR('',#2685,10.);
#698=VECTOR('',#2686,10.);
#699=VECTOR('',#2687,10.);
#700=VECTOR('',#2688,10.);
#701=VECTOR('',#2693,10.);
#702=VECTOR('',#2698,10.);
#703=VECTOR('',#2699,10.);
#704=VECTOR('',#2700,10.);
#705=VECTOR('',#2703,10.);
#706=VECTOR('',#2704,10.);
#707=VECTOR('',#2705,10.);
#708=VECTOR('',#2706,10.);
#709=VECTOR('',#2711,10.);
#710=VECTOR('',#2716,10.);
#711=VECTOR('',#2717,10.);
#712=VECTOR('',#2718,10.);
#713=VECTOR('',#2721,10.);
#714=VECTOR('',#2722,10.);
#715=VECTOR('',#2723,10.);
#716=VECTOR('',#2724,10.);
#717=VECTOR('',#2729,10.);
#718=VECTOR('',#2734,10.);
#719=VECTOR('',#2735,10.);
#720=VECTOR('',#2736,10.);
#721=VECTOR('',#2739,10.);
#722=VECTOR('',#2740,10.);
#723=VECTOR('',#2741,10.);
#724=VECTOR('',#2742,10.);
#725=VECTOR('',#2747,10.);
#726=VECTOR('',#2752,10.);
#727=VECTOR('',#2753,10.);
#728=VECTOR('',#2754,10.);
#729=VECTOR('',#2757,10.);
#730=VECTOR('',#2758,10.);
#731=VECTOR('',#2759,10.);
#732=VECTOR('',#2760,10.);
#733=VECTOR('',#2763,10.);
#734=VECTOR('',#2764,10.);
#735=VECTOR('',#2765,10.);
#736=VECTOR('',#2768,10.);
#737=VECTOR('',#2769,10.);
#738=VECTOR('',#2770,10.);
#739=VECTOR('',#2771,10.);
#740=VECTOR('',#2774,10.);
#741=VECTOR('',#2775,10.);
#742=VECTOR('',#2776,10.);
#743=VECTOR('',#2779,10.);
#744=VECTOR('',#2780,10.);
#745=VECTOR('',#2781,10.);
#746=VECTOR('',#2782,10.);
#747=VECTOR('',#2787,10.);
#748=VECTOR('',#2792,10.);
#749=VECTOR('',#2793,10.);
#750=VECTOR('',#2794,10.);
#751=VECTOR('',#2797,10.);
#752=VECTOR('',#2798,10.);
#753=VECTOR('',#2799,10.);
#754=VECTOR('',#2800,10.);
#755=VECTOR('',#2805,10.);
#756=VECTOR('',#2810,10.);
#757=VECTOR('',#2811,10.);
#758=VECTOR('',#2812,10.);
#759=VECTOR('',#2815,10.);
#760=VECTOR('',#2816,10.);
#761=VECTOR('',#2817,10.);
#762=VECTOR('',#2818,10.);
#763=VECTOR('',#2823,10.);
#764=VECTOR('',#2828,10.);
#765=VECTOR('',#2829,10.);
#766=VECTOR('',#2830,10.);
#767=VECTOR('',#2833,10.);
#768=VECTOR('',#2834,10.);
#769=VECTOR('',#2835,10.);
#770=VECTOR('',#2836,10.);
#771=VECTOR('',#2841,10.);
#772=VECTOR('',#2846,10.);
#773=VECTOR('',#2847,10.);
#774=VECTOR('',#2848,10.);
#775=VECTOR('',#2851,10.);
#776=VECTOR('',#2852,10.);
#777=VECTOR('',#2853,10.);
#778=VECTOR('',#2854,10.);
#779=VECTOR('',#2859,10.);
#780=VECTOR('',#2864,10.);
#781=VECTOR('',#2865,10.);
#782=VECTOR('',#2866,10.);
#783=VECTOR('',#2869,10.);
#784=VECTOR('',#2870,10.);
#785=VECTOR('',#2871,10.);
#786=VECTOR('',#2872,10.);
#787=VECTOR('',#2877,10.);
#788=VECTOR('',#2882,10.);
#789=VECTOR('',#2883,10.);
#790=VECTOR('',#2884,10.);
#791=VECTOR('',#2887,10.);
#792=VECTOR('',#2888,10.);
#793=VECTOR('',#2889,10.);
#794=VECTOR('',#2890,10.);
#795=VECTOR('',#2895,10.);
#796=VECTOR('',#2900,10.);
#797=VECTOR('',#2901,10.);
#798=VECTOR('',#2902,10.);
#799=VECTOR('',#2905,10.);
#800=VECTOR('',#2906,10.);
#801=VECTOR('',#2907,10.);
#802=VECTOR('',#2908,10.);
#803=VECTOR('',#2913,10.);
#804=VECTOR('',#2918,10.);
#805=VECTOR('',#2919,10.);
#806=VECTOR('',#2920,10.);
#807=VECTOR('',#2923,10.);
#808=VECTOR('',#2924,10.);
#809=VECTOR('',#2925,10.);
#810=VECTOR('',#2926,10.);
#811=VECTOR('',#2931,10.);
#812=VECTOR('',#2936,10.);
#813=VECTOR('',#2937,10.);
#814=VECTOR('',#2938,10.);
#815=VECTOR('',#2941,10.);
#816=VECTOR('',#2942,10.);
#817=VECTOR('',#2943,10.);
#818=VECTOR('',#2944,10.);
#819=VECTOR('',#2949,10.);
#820=VECTOR('',#2954,10.);
#821=VECTOR('',#2955,10.);
#822=VECTOR('',#2956,10.);
#823=VECTOR('',#2959,10.);
#824=VECTOR('',#2960,10.);
#825=VECTOR('',#2961,10.);
#826=VECTOR('',#2962,10.);
#827=VECTOR('',#2967,10.);
#828=VECTOR('',#2972,10.);
#829=VECTOR('',#2973,10.);
#830=VECTOR('',#2974,10.);
#831=VECTOR('',#2977,10.);
#832=VECTOR('',#2978,10.);
#833=VECTOR('',#2979,10.);
#834=VECTOR('',#2980,10.);
#835=VECTOR('',#2985,10.);
#836=VECTOR('',#2990,10.);
#837=VECTOR('',#2991,10.);
#838=VECTOR('',#2992,10.);
#839=VECTOR('',#2995,10.);
#840=VECTOR('',#2996,10.);
#841=VECTOR('',#2997,10.);
#842=VECTOR('',#2998,10.);
#843=VECTOR('',#3001,10.);
#844=VECTOR('',#3002,10.);
#845=VECTOR('',#3003,10.);
#846=VECTOR('',#3006,10.);
#847=VECTOR('',#3007,10.);
#848=VECTOR('',#3008,10.);
#849=VECTOR('',#3009,10.);
#850=VECTOR('',#3010,10.);
#851=VECTOR('',#3011,10.);
#852=VECTOR('',#3012,10.);
#853=VECTOR('',#3013,10.);
#854=VECTOR('',#3014,10.);
#855=VECTOR('',#3015,10.);
#856=VECTOR('',#3016,10.);
#857=VECTOR('',#3017,10.);
#858=VECTOR('',#3018,10.);
#859=VECTOR('',#3019,10.);
#860=VECTOR('',#3020,10.);
#861=VECTOR('',#3021,10.);
#862=VECTOR('',#3022,10.);
#863=VECTOR('',#3023,10.);
#864=VECTOR('',#3024,10.);
#865=VECTOR('',#3025,10.);
#866=VECTOR('',#3026,10.);
#867=VECTOR('',#3027,10.);
#868=VECTOR('',#3028,10.);
#869=VECTOR('',#3029,10.);
#870=VECTOR('',#3030,10.);
#871=VECTOR('',#3031,10.);
#872=VECTOR('',#3032,10.);
#873=VECTOR('',#3035,10.);
#874=VECTOR('',#3036,10.);
#875=VECTOR('',#3037,10.);
#876=VECTOR('',#3038,10.);
#877=VECTOR('',#3039,10.);
#878=VECTOR('',#3042,10.);
#879=VECTOR('',#3045,10.);
#880=VECTOR('',#3046,10.);
#881=VECTOR('',#3047,10.);
#882=VECTOR('',#3050,10.);
#883=VECTOR('',#3053,10.);
#884=VECTOR('',#3056,10.);
#885=VECTOR('',#3059,10.);
#886=VECTOR('',#3062,10.);
#887=VECTOR('',#3065,10.);
#888=VECTOR('',#3068,10.);
#889=VECTOR('',#3071,10.);
#890=VECTOR('',#3074,10.);
#891=VECTOR('',#3077,10.);
#892=VECTOR('',#3080,10.);
#893=VECTOR('',#3083,10.);
#894=VECTOR('',#3086,10.);
#895=VECTOR('',#3089,10.);
#896=VECTOR('',#3092,10.);
#897=VECTOR('',#3095,10.);
#898=VECTOR('',#3098,10.);
#899=VECTOR('',#3101,10.);
#900=VECTOR('',#3104,10.);
#901=VECTOR('',#3107,10.);
#902=VECTOR('',#3110,10.);
#903=VECTOR('',#3113,10.);
#904=VECTOR('',#3116,10.);
#905=VECTOR('',#3119,10.);
#906=VECTOR('',#3122,10.);
#907=VECTOR('',#3123,10.);
#908=VECTOR('',#3126,10.);
#909=VECTOR('',#3127,10.);
#910=VECTOR('',#3130,10.);
#911=VECTOR('',#3131,10.);
#912=VECTOR('',#3140,19.);
#913=VECTOR('',#3145,10.);
#914=VECTOR('',#3146,10.);
#915=VECTOR('',#3147,10.);
#916=VECTOR('',#3148,10.);
#917=VECTOR('',#3151,10.);
#918=VECTOR('',#3152,10.);
#919=VECTOR('',#3153,10.);
#920=VECTOR('',#3156,10.);
#921=VECTOR('',#3157,10.);
#922=VECTOR('',#3158,10.);
#923=VECTOR('',#3161,10.);
#924=VECTOR('',#3162,10.);
#925=CIRCLE('',#2376,19.);
#926=CIRCLE('',#2377,19.);
#927=CIRCLE('',#2381,19.);
#928=CIRCLE('',#2382,19.);
#929=CIRCLE('',#2386,19.);
#930=CIRCLE('',#2387,19.);
#931=CIRCLE('',#2391,19.);
#932=CIRCLE('',#2392,19.);
#933=CIRCLE('',#2396,19.);
#934=CIRCLE('',#2397,19.);
#935=CIRCLE('',#2401,19.);
#936=CIRCLE('',#2402,19.);
#937=CIRCLE('',#2406,19.);
#938=CIRCLE('',#2407,19.);
#939=CIRCLE('',#2411,19.);
#940=CIRCLE('',#2412,19.);
#941=CIRCLE('',#2416,19.);
#942=CIRCLE('',#2417,19.);
#943=CIRCLE('',#2421,19.);
#944=CIRCLE('',#2422,19.);
#945=CIRCLE('',#2426,19.);
#946=CIRCLE('',#2427,19.);
#947=CIRCLE('',#2431,19.);
#948=CIRCLE('',#2432,19.);
#949=CIRCLE('',#2440,19.);
#950=CIRCLE('',#2441,19.);
#951=CIRCLE('',#2445,19.);
#952=CIRCLE('',#2446,19.);
#953=CIRCLE('',#2450,19.);
#954=CIRCLE('',#2451,19.);
#955=CIRCLE('',#2455,19.);
#956=CIRCLE('',#2456,19.);
#957=CIRCLE('',#2460,19.);
#958=CIRCLE('',#2461,19.);
#959=CIRCLE('',#2465,19.);
#960=CIRCLE('',#2466,19.);
#961=CIRCLE('',#2470,19.);
#962=CIRCLE('',#2471,19.);
#963=CIRCLE('',#2475,19.);
#964=CIRCLE('',#2476,19.);
#965=CIRCLE('',#2480,19.);
#966=CIRCLE('',#2481,19.);
#967=CIRCLE('',#2485,19.);
#968=CIRCLE('',#2486,19.);
#969=CIRCLE('',#2490,19.);
#970=CIRCLE('',#2491,19.);
#971=CIRCLE('',#2495,19.);
#972=CIRCLE('',#2496,19.);
#973=CIRCLE('',#2534,19.);
#974=CIRCLE('',#2535,19.);
#975=VERTEX_POINT('',#3169);
#976=VERTEX_POINT('',#3170);
#977=VERTEX_POINT('',#3172);
#978=VERTEX_POINT('',#3174);
#979=VERTEX_POINT('',#3178);
#980=VERTEX_POINT('',#3180);
#981=VERTEX_POINT('',#3184);
#982=VERTEX_POINT('',#3185);
#983=VERTEX_POINT('',#3187);
#984=VERTEX_POINT('',#3189);
#985=VERTEX_POINT('',#3193);
#986=VERTEX_POINT('',#3195);
#987=VERTEX_POINT('',#3199);
#988=VERTEX_POINT('',#3201);
#989=VERTEX_POINT('',#3205);
#990=VERTEX_POINT('',#3206);
#991=VERTEX_POINT('',#3208);
#992=VERTEX_POINT('',#3210);
#993=VERTEX_POINT('',#3214);
#994=VERTEX_POINT('',#3216);
#995=VERTEX_POINT('',#3220);
#996=VERTEX_POINT('',#3222);
#997=VERTEX_POINT('',#3226);
#998=VERTEX_POINT('',#3227);
#999=VERTEX_POINT('',#3229);
#1000=VERTEX_POINT('',#3231);
#1001=VERTEX_POINT('',#3235);
#1002=VERTEX_POINT('',#3237);
#1003=VERTEX_POINT('',#3241);
#1004=VERTEX_POINT('',#3243);
#1005=VERTEX_POINT('',#3247);
#1006=VERTEX_POINT('',#3248);
#1007=VERTEX_POINT('',#3250);
#1008=VERTEX_POINT('',#3252);
#1009=VERTEX_POINT('',#3256);
#1010=VERTEX_POINT('',#3258);
#1011=VERTEX_POINT('',#3262);
#1012=VERTEX_POINT('',#3264);
#1013=VERTEX_POINT('',#3268);
#1014=VERTEX_POINT('',#3269);
#1015=VERTEX_POINT('',#3271);
#1016=VERTEX_POINT('',#3273);
#1017=VERTEX_POINT('',#3277);
#1018=VERTEX_POINT('',#3279);
#1019=VERTEX_POINT('',#3283);
#1020=VERTEX_POINT('',#3285);
#1021=VERTEX_POINT('',#3289);
#1022=VERTEX_POINT('',#3290);
#1023=VERTEX_POINT('',#3292);
#1024=VERTEX_POINT('',#3294);
#1025=VERTEX_POINT('',#3298);
#1026=VERTEX_POINT('',#3300);
#1027=VERTEX_POINT('',#3304);
#1028=VERTEX_POINT('',#3306);
#1029=VERTEX_POINT('',#3310);
#1030=VERTEX_POINT('',#3311);
#1031=VERTEX_POINT('',#3313);
#1032=VERTEX_POINT('',#3315);
#1033=VERTEX_POINT('',#3319);
#1034=VERTEX_POINT('',#3321);
#1035=VERTEX_POINT('',#3325);
#1036=VERTEX_POINT('',#3327);
#1037=VERTEX_POINT('',#3331);
#1038=VERTEX_POINT('',#3332);
#1039=VERTEX_POINT('',#3334);
#1040=VERTEX_POINT('',#3336);
#1041=VERTEX_POINT('',#3340);
#1042=VERTEX_POINT('',#3342);
#1043=VERTEX_POINT('',#3346);
#1044=VERTEX_POINT('',#3348);
#1045=VERTEX_POINT('',#3352);
#1046=VERTEX_POINT('',#3353);
#1047=VERTEX_POINT('',#3355);
#1048=VERTEX_POINT('',#3357);
#1049=VERTEX_POINT('',#3361);
#1050=VERTEX_POINT('',#3363);
#1051=VERTEX_POINT('',#3367);
#1052=VERTEX_POINT('',#3369);
#1053=VERTEX_POINT('',#3373);
#1054=VERTEX_POINT('',#3374);
#1055=VERTEX_POINT('',#3376);
#1056=VERTEX_POINT('',#3378);
#1057=VERTEX_POINT('',#3382);
#1058=VERTEX_POINT('',#3384);
#1059=VERTEX_POINT('',#3388);
#1060=VERTEX_POINT('',#3390);
#1061=VERTEX_POINT('',#3394);
#1062=VERTEX_POINT('',#3395);
#1063=VERTEX_POINT('',#3397);
#1064=VERTEX_POINT('',#3399);
#1065=VERTEX_POINT('',#3403);
#1066=VERTEX_POINT('',#3405);
#1067=VERTEX_POINT('',#3409);
#1068=VERTEX_POINT('',#3411);
#1069=VERTEX_POINT('',#3415);
#1070=VERTEX_POINT('',#3416);
#1071=VERTEX_POINT('',#3418);
#1072=VERTEX_POINT('',#3420);
#1073=VERTEX_POINT('',#3424);
#1074=VERTEX_POINT('',#3426);
#1075=VERTEX_POINT('',#3430);
#1076=VERTEX_POINT('',#3431);
#1077=VERTEX_POINT('',#3433);
#1078=VERTEX_POINT('',#3435);
#1079=VERTEX_POINT('',#3439);
#1080=VERTEX_POINT('',#3441);
#1081=VERTEX_POINT('',#3445);
#1082=VERTEX_POINT('',#3446);
#1083=VERTEX_POINT('',#3448);
#1084=VERTEX_POINT('',#3450);
#1085=VERTEX_POINT('',#3454);
#1086=VERTEX_POINT('',#3456);
#1087=VERTEX_POINT('',#3460);
#1088=VERTEX_POINT('',#3462);
#1089=VERTEX_POINT('',#3466);
#1090=VERTEX_POINT('',#3467);
#1091=VERTEX_POINT('',#3469);
#1092=VERTEX_POINT('',#3471);
#1093=VERTEX_POINT('',#3475);
#1094=VERTEX_POINT('',#3477);
#1095=VERTEX_POINT('',#3481);
#1096=VERTEX_POINT('',#3483);
#1097=VERTEX_POINT('',#3487);
#1098=VERTEX_POINT('',#3488);
#1099=VERTEX_POINT('',#3490);
#1100=VERTEX_POINT('',#3492);
#1101=VERTEX_POINT('',#3496);
#1102=VERTEX_POINT('',#3498);
#1103=VERTEX_POINT('',#3502);
#1104=VERTEX_POINT('',#3504);
#1105=VERTEX_POINT('',#3508);
#1106=VERTEX_POINT('',#3509);
#1107=VERTEX_POINT('',#3511);
#1108=VERTEX_POINT('',#3513);
#1109=VERTEX_POINT('',#3517);
#1110=VERTEX_POINT('',#3519);
#1111=VERTEX_POINT('',#3523);
#1112=VERTEX_POINT('',#3525);
#1113=VERTEX_POINT('',#3529);
#1114=VERTEX_POINT('',#3530);
#1115=VERTEX_POINT('',#3532);
#1116=VERTEX_POINT('',#3534);
#1117=VERTEX_POINT('',#3538);
#1118=VERTEX_POINT('',#3540);
#1119=VERTEX_POINT('',#3544);
#1120=VERTEX_POINT('',#3546);
#1121=VERTEX_POINT('',#3550);
#1122=VERTEX_POINT('',#3551);
#1123=VERTEX_POINT('',#3553);
#1124=VERTEX_POINT('',#3555);
#1125=VERTEX_POINT('',#3559);
#1126=VERTEX_POINT('',#3561);
#1127=VERTEX_POINT('',#3565);
#1128=VERTEX_POINT('',#3567);
#1129=VERTEX_POINT('',#3571);
#1130=VERTEX_POINT('',#3572);
#1131=VERTEX_POINT('',#3574);
#1132=VERTEX_POINT('',#3576);
#1133=VERTEX_POINT('',#3580);
#1134=VERTEX_POINT('',#3582);
#1135=VERTEX_POINT('',#3586);
#1136=VERTEX_POINT('',#3588);
#1137=VERTEX_POINT('',#3592);
#1138=VERTEX_POINT('',#3593);
#1139=VERTEX_POINT('',#3595);
#1140=VERTEX_POINT('',#3597);
#1141=VERTEX_POINT('',#3601);
#1142=VERTEX_POINT('',#3603);
#1143=VERTEX_POINT('',#3607);
#1144=VERTEX_POINT('',#3609);
#1145=VERTEX_POINT('',#3613);
#1146=VERTEX_POINT('',#3614);
#1147=VERTEX_POINT('',#3616);
#1148=VERTEX_POINT('',#3618);
#1149=VERTEX_POINT('',#3622);
#1150=VERTEX_POINT('',#3624);
#1151=VERTEX_POINT('',#3628);
#1152=VERTEX_POINT('',#3630);
#1153=VERTEX_POINT('',#3634);
#1154=VERTEX_POINT('',#3635);
#1155=VERTEX_POINT('',#3637);
#1156=VERTEX_POINT('',#3639);
#1157=VERTEX_POINT('',#3643);
#1158=VERTEX_POINT('',#3645);
#1159=VERTEX_POINT('',#3649);
#1160=VERTEX_POINT('',#3651);
#1161=VERTEX_POINT('',#3655);
#1162=VERTEX_POINT('',#3656);
#1163=VERTEX_POINT('',#3658);
#1164=VERTEX_POINT('',#3660);
#1165=VERTEX_POINT('',#3664);
#1166=VERTEX_POINT('',#3666);
#1167=VERTEX_POINT('',#3670);
#1168=VERTEX_POINT('',#3672);
#1169=VERTEX_POINT('',#3676);
#1170=VERTEX_POINT('',#3677);
#1171=VERTEX_POINT('',#3679);
#1172=VERTEX_POINT('',#3681);
#1173=VERTEX_POINT('',#3685);
#1174=VERTEX_POINT('',#3687);
#1175=VERTEX_POINT('',#3691);
#1176=VERTEX_POINT('',#3693);
#1177=VERTEX_POINT('',#3697);
#1178=VERTEX_POINT('',#3698);
#1179=VERTEX_POINT('',#3700);
#1180=VERTEX_POINT('',#3702);
#1181=VERTEX_POINT('',#3706);
#1182=VERTEX_POINT('',#3708);
#1183=VERTEX_POINT('',#3740);
#1184=VERTEX_POINT('',#3742);
#1185=VERTEX_POINT('',#3744);
#1186=VERTEX_POINT('',#3746);
#1187=VERTEX_POINT('',#3752);
#1188=VERTEX_POINT('',#3754);
#1189=VERTEX_POINT('',#3806);
#1190=VERTEX_POINT('',#3810);
#1191=VERTEX_POINT('',#3819);
#1192=VERTEX_POINT('',#3821);
#1193=VERTEX_POINT('',#3825);
#1194=VERTEX_POINT('',#3826);
#1195=VERTEX_POINT('',#3828);
#1196=VERTEX_POINT('',#3830);
#1197=VERTEX_POINT('',#3834);
#1198=VERTEX_POINT('',#3836);
#1199=VERTEX_POINT('',#3840);
#1200=VERTEX_POINT('',#3842);
#1201=EDGE_CURVE('',#975,#976,#925,.T.);
#1202=EDGE_CURVE('',#975,#977,#347,.T.);
#1203=EDGE_CURVE('',#977,#978,#926,.T.);
#1204=EDGE_CURVE('',#976,#978,#348,.T.);
#1205=EDGE_CURVE('',#979,#975,#349,.T.);
#1206=EDGE_CURVE('',#980,#979,#350,.T.);
#1207=EDGE_CURVE('',#980,#977,#351,.T.);
#1208=EDGE_CURVE('',#981,#982,#352,.T.);
#1209=EDGE_CURVE('',#981,#983,#353,.T.);
#1210=EDGE_CURVE('',#983,#984,#354,.T.);
#1211=EDGE_CURVE('',#982,#984,#355,.T.);
#1212=EDGE_CURVE('',#985,#981,#927,.T.);
#1213=EDGE_CURVE('',#985,#986,#356,.T.);
#1214=EDGE_CURVE('',#986,#983,#928,.T.);
#1215=EDGE_CURVE('',#987,#985,#357,.T.);
#1216=EDGE_CURVE('',#988,#987,#358,.T.);
#1217=EDGE_CURVE('',#988,#986,#359,.T.);
#1218=EDGE_CURVE('',#989,#990,#360,.T.);
#1219=EDGE_CURVE('',#989,#991,#361,.T.);
#1220=EDGE_CURVE('',#991,#992,#362,.T.);
#1221=EDGE_CURVE('',#990,#992,#363,.T.);
#1222=EDGE_CURVE('',#993,#989,#929,.T.);
#1223=EDGE_CURVE('',#993,#994,#364,.T.);
#1224=EDGE_CURVE('',#994,#991,#930,.T.);
#1225=EDGE_CURVE('',#995,#993,#365,.T.);
#1226=EDGE_CURVE('',#996,#995,#366,.T.);
#1227=EDGE_CURVE('',#996,#994,#367,.T.);
#1228=EDGE_CURVE('',#997,#998,#368,.T.);
#1229=EDGE_CURVE('',#997,#999,#369,.T.);
#1230=EDGE_CURVE('',#999,#1000,#370,.T.);
#1231=EDGE_CURVE('',#998,#1000,#371,.T.);
#1232=EDGE_CURVE('',#1001,#997,#931,.T.);
#1233=EDGE_CURVE('',#1001,#1002,#372,.T.);
#1234=EDGE_CURVE('',#1002,#999,#932,.T.);
#1235=EDGE_CURVE('',#1003,#1001,#373,.T.);
#1236=EDGE_CURVE('',#1004,#1003,#374,.T.);
#1237=EDGE_CURVE('',#1004,#1002,#375,.T.);
#1238=EDGE_CURVE('',#1005,#1006,#376,.T.);
#1239=EDGE_CURVE('',#1005,#1007,#377,.T.);
#1240=EDGE_CURVE('',#1007,#1008,#378,.T.);
#1241=EDGE_CURVE('',#1006,#1008,#379,.T.);
#1242=EDGE_CURVE('',#1009,#1005,#933,.T.);
#1243=EDGE_CURVE('',#1009,#1010,#380,.T.);
#1244=EDGE_CURVE('',#1010,#1007,#934,.T.);
#1245=EDGE_CURVE('',#1011,#1009,#381,.T.);
#1246=EDGE_CURVE('',#1012,#1011,#382,.T.);
#1247=EDGE_CURVE('',#1012,#1010,#383,.T.);
#1248=EDGE_CURVE('',#1013,#1014,#384,.T.);
#1249=EDGE_CURVE('',#1013,#1015,#385,.T.);
#1250=EDGE_CURVE('',#1015,#1016,#386,.T.);
#1251=EDGE_CURVE('',#1014,#1016,#387,.T.);
#1252=EDGE_CURVE('',#1017,#1013,#935,.T.);
#1253=EDGE_CURVE('',#1017,#1018,#388,.T.);
#1254=EDGE_CURVE('',#1018,#1015,#936,.T.);
#1255=EDGE_CURVE('',#1019,#1017,#389,.T.);
#1256=EDGE_CURVE('',#1020,#1019,#390,.T.);
#1257=EDGE_CURVE('',#1020,#1018,#391,.T.);
#1258=EDGE_CURVE('',#1021,#1022,#392,.T.);
#1259=EDGE_CURVE('',#1021,#1023,#393,.T.);
#1260=EDGE_CURVE('',#1023,#1024,#394,.T.);
#1261=EDGE_CURVE('',#1022,#1024,#395,.T.);
#1262=EDGE_CURVE('',#1025,#1021,#937,.T.);
#1263=EDGE_CURVE('',#1025,#1026,#396,.T.);
#1264=EDGE_CURVE('',#1026,#1023,#938,.T.);
#1265=EDGE_CURVE('',#1027,#1025,#397,.T.);
#1266=EDGE_CURVE('',#1028,#1027,#398,.T.);
#1267=EDGE_CURVE('',#1028,#1026,#399,.T.);
#1268=EDGE_CURVE('',#1029,#1030,#400,.T.);
#1269=EDGE_CURVE('',#1029,#1031,#401,.T.);
#1270=EDGE_CURVE('',#1031,#1032,#402,.T.);
#1271=EDGE_CURVE('',#1030,#1032,#403,.T.);
#1272=EDGE_CURVE('',#1033,#1029,#939,.T.);
#1273=EDGE_CURVE('',#1033,#1034,#404,.T.);
#1274=EDGE_CURVE('',#1034,#1031,#940,.T.);
#1275=EDGE_CURVE('',#1035,#1033,#405,.T.);
#1276=EDGE_CURVE('',#1036,#1035,#406,.T.);
#1277=EDGE_CURVE('',#1036,#1034,#407,.T.);
#1278=EDGE_CURVE('',#1037,#1038,#408,.T.);
#1279=EDGE_CURVE('',#1037,#1039,#409,.T.);
#1280=EDGE_CURVE('',#1039,#1040,#410,.T.);
#1281=EDGE_CURVE('',#1038,#1040,#411,.T.);
#1282=EDGE_CURVE('',#1041,#1037,#941,.T.);
#1283=EDGE_CURVE('',#1041,#1042,#412,.T.);
#1284=EDGE_CURVE('',#1042,#1039,#942,.T.);
#1285=EDGE_CURVE('',#1043,#1041,#413,.T.);
#1286=EDGE_CURVE('',#1044,#1043,#414,.T.);
#1287=EDGE_CURVE('',#1044,#1042,#415,.T.);
#1288=EDGE_CURVE('',#1045,#1046,#416,.T.);
#1289=EDGE_CURVE('',#1045,#1047,#417,.T.);
#1290=EDGE_CURVE('',#1047,#1048,#418,.T.);
#1291=EDGE_CURVE('',#1046,#1048,#419,.T.);
#1292=EDGE_CURVE('',#1049,#1045,#943,.T.);
#1293=EDGE_CURVE('',#1049,#1050,#420,.T.);
#1294=EDGE_CURVE('',#1050,#1047,#944,.T.);
#1295=EDGE_CURVE('',#1051,#1049,#421,.T.);
#1296=EDGE_CURVE('',#1052,#1051,#422,.T.);
#1297=EDGE_CURVE('',#1052,#1050,#423,.T.);
#1298=EDGE_CURVE('',#1053,#1054,#424,.T.);
#1299=EDGE_CURVE('',#1053,#1055,#425,.T.);
#1300=EDGE_CURVE('',#1055,#1056,#426,.T.);
#1301=EDGE_CURVE('',#1054,#1056,#427,.T.);
#1302=EDGE_CURVE('',#1057,#1053,#945,.T.);
#1303=EDGE_CURVE('',#1057,#1058,#428,.T.);
#1304=EDGE_CURVE('',#1058,#1055,#946,.T.);
#1305=EDGE_CURVE('',#1059,#1057,#429,.T.);
#1306=EDGE_CURVE('',#1060,#1059,#430,.T.);
#1307=EDGE_CURVE('',#1060,#1058,#431,.T.);
#1308=EDGE_CURVE('',#1061,#1062,#432,.T.);
#1309=EDGE_CURVE('',#1061,#1063,#433,.T.);
#1310=EDGE_CURVE('',#1063,#1064,#434,.T.);
#1311=EDGE_CURVE('',#1062,#1064,#435,.T.);
#1312=EDGE_CURVE('',#1065,#1061,#947,.T.);
#1313=EDGE_CURVE('',#1065,#1066,#436,.T.);
#1314=EDGE_CURVE('',#1066,#1063,#948,.T.);
#1315=EDGE_CURVE('',#1067,#1065,#437,.T.);
#1316=EDGE_CURVE('',#1068,#1067,#438,.T.);
#1317=EDGE_CURVE('',#1068,#1066,#439,.T.);
#1318=EDGE_CURVE('',#1069,#1070,#440,.T.);
#1319=EDGE_CURVE('',#1069,#1071,#441,.T.);
#1320=EDGE_CURVE('',#1071,#1072,#442,.T.);
#1321=EDGE_CURVE('',#1070,#1072,#443,.T.);
#1322=EDGE_CURVE('',#1073,#1069,#444,.T.);
#1323=EDGE_CURVE('',#1074,#1073,#445,.T.);
#1324=EDGE_CURVE('',#1074,#1071,#446,.T.);
#1325=EDGE_CURVE('',#1075,#1076,#447,.T.);
#1326=EDGE_CURVE('',#1075,#1077,#448,.T.);
#1327=EDGE_CURVE('',#1077,#1078,#449,.T.);
#1328=EDGE_CURVE('',#1076,#1078,#450,.T.);
#1329=EDGE_CURVE('',#1079,#1075,#451,.T.);
#1330=EDGE_CURVE('',#1080,#1079,#452,.T.);
#1331=EDGE_CURVE('',#1080,#1077,#453,.T.);
#1332=EDGE_CURVE('',#1081,#1082,#454,.T.);
#1333=EDGE_CURVE('',#1081,#1083,#455,.T.);
#1334=EDGE_CURVE('',#1083,#1084,#456,.T.);
#1335=EDGE_CURVE('',#1082,#1084,#457,.T.);
#1336=EDGE_CURVE('',#1085,#1081,#949,.T.);
#1337=EDGE_CURVE('',#1085,#1086,#458,.T.);
#1338=EDGE_CURVE('',#1086,#1083,#950,.T.);
#1339=EDGE_CURVE('',#1087,#1085,#459,.T.);
#1340=EDGE_CURVE('',#1088,#1087,#460,.T.);
#1341=EDGE_CURVE('',#1088,#1086,#461,.T.);
#1342=EDGE_CURVE('',#1089,#1090,#462,.T.);
#1343=EDGE_CURVE('',#1089,#1091,#463,.T.);
#1344=EDGE_CURVE('',#1091,#1092,#464,.T.);
#1345=EDGE_CURVE('',#1090,#1092,#465,.T.);
#1346=EDGE_CURVE('',#1093,#1089,#951,.T.);
#1347=EDGE_CURVE('',#1093,#1094,#466,.T.);
#1348=EDGE_CURVE('',#1094,#1091,#952,.T.);
#1349=EDGE_CURVE('',#1095,#1093,#467,.T.);
#1350=EDGE_CURVE('',#1096,#1095,#468,.T.);
#1351=EDGE_CURVE('',#1096,#1094,#469,.T.);
#1352=EDGE_CURVE('',#1097,#1098,#470,.T.);
#1353=EDGE_CURVE('',#1097,#1099,#471,.T.);
#1354=EDGE_CURVE('',#1099,#1100,#472,.T.);
#1355=EDGE_CURVE('',#1098,#1100,#473,.T.);
#1356=EDGE_CURVE('',#1101,#1097,#953,.T.);
#1357=EDGE_CURVE('',#1101,#1102,#474,.T.);
#1358=EDGE_CURVE('',#1102,#1099,#954,.T.);
#1359=EDGE_CURVE('',#1103,#1101,#475,.T.);
#1360=EDGE_CURVE('',#1104,#1103,#476,.T.);
#1361=EDGE_CURVE('',#1104,#1102,#477,.T.);
#1362=EDGE_CURVE('',#1105,#1106,#478,.T.);
#1363=EDGE_CURVE('',#1105,#1107,#479,.T.);
#1364=EDGE_CURVE('',#1107,#1108,#480,.T.);
#1365=EDGE_CURVE('',#1106,#1108,#481,.T.);
#1366=EDGE_CURVE('',#1109,#1105,#955,.T.);
#1367=EDGE_CURVE('',#1109,#1110,#482,.T.);
#1368=EDGE_CURVE('',#1110,#1107,#956,.T.);
#1369=EDGE_CURVE('',#1111,#1109,#483,.T.);
#1370=EDGE_CURVE('',#1112,#1111,#484,.T.);
#1371=EDGE_CURVE('',#1112,#1110,#485,.T.);
#1372=EDGE_CURVE('',#1113,#1114,#486,.T.);
#1373=EDGE_CURVE('',#1113,#1115,#487,.T.);
#1374=EDGE_CURVE('',#1115,#1116,#488,.T.);
#1375=EDGE_CURVE('',#1114,#1116,#489,.T.);
#1376=EDGE_CURVE('',#1117,#1113,#957,.T.);
#1377=EDGE_CURVE('',#1117,#1118,#490,.T.);
#1378=EDGE_CURVE('',#1118,#1115,#958,.T.);
#1379=EDGE_CURVE('',#1119,#1117,#491,.T.);
#1380=EDGE_CURVE('',#1120,#1119,#492,.T.);
#1381=EDGE_CURVE('',#1120,#1118,#493,.T.);
#1382=EDGE_CURVE('',#1121,#1122,#494,.T.);
#1383=EDGE_CURVE('',#1121,#1123,#495,.T.);
#1384=EDGE_CURVE('',#1123,#1124,#496,.T.);
#1385=EDGE_CURVE('',#1122,#1124,#497,.T.);
#1386=EDGE_CURVE('',#1125,#1121,#959,.T.);
#1387=EDGE_CURVE('',#1125,#1126,#498,.T.);
#1388=EDGE_CURVE('',#1126,#1123,#960,.T.);
#1389=EDGE_CURVE('',#1127,#1125,#499,.T.);
#1390=EDGE_CURVE('',#1128,#1127,#500,.T.);
#1391=EDGE_CURVE('',#1128,#1126,#501,.T.);
#1392=EDGE_CURVE('',#1129,#1130,#502,.T.);
#1393=EDGE_CURVE('',#1129,#1131,#503,.T.);
#1394=EDGE_CURVE('',#1131,#1132,#504,.T.);
#1395=EDGE_CURVE('',#1130,#1132,#505,.T.);
#1396=EDGE_CURVE('',#1133,#1129,#961,.T.);
#1397=EDGE_CURVE('',#1133,#1134,#506,.T.);
#1398=EDGE_CURVE('',#1134,#1131,#962,.T.);
#1399=EDGE_CURVE('',#1135,#1133,#507,.T.);
#1400=EDGE_CURVE('',#1136,#1135,#508,.T.);
#1401=EDGE_CURVE('',#1136,#1134,#509,.T.);
#1402=EDGE_CURVE('',#1137,#1138,#510,.T.);
#1403=EDGE_CURVE('',#1137,#1139,#511,.T.);
#1404=EDGE_CURVE('',#1139,#1140,#512,.T.);
#1405=EDGE_CURVE('',#1138,#1140,#513,.T.);
#1406=EDGE_CURVE('',#1141,#1137,#963,.T.);
#1407=EDGE_CURVE('',#1141,#1142,#514,.T.);
#1408=EDGE_CURVE('',#1142,#1139,#964,.T.);
#1409=EDGE_CURVE('',#1143,#1141,#515,.T.);
#1410=EDGE_CURVE('',#1144,#1143,#516,.T.);
#1411=EDGE_CURVE('',#1144,#1142,#517,.T.);
#1412=EDGE_CURVE('',#1145,#1146,#518,.T.);
#1413=EDGE_CURVE('',#1145,#1147,#519,.T.);
#1414=EDGE_CURVE('',#1147,#1148,#520,.T.);
#1415=EDGE_CURVE('',#1146,#1148,#521,.T.);
#1416=EDGE_CURVE('',#1149,#1145,#965,.T.);
#1417=EDGE_CURVE('',#1149,#1150,#522,.T.);
#1418=EDGE_CURVE('',#1150,#1147,#966,.T.);
#1419=EDGE_CURVE('',#1151,#1149,#523,.T.);
#1420=EDGE_CURVE('',#1152,#1151,#524,.T.);
#1421=EDGE_CURVE('',#1152,#1150,#525,.T.);
#1422=EDGE_CURVE('',#1153,#1154,#526,.T.);
#1423=EDGE_CURVE('',#1153,#1155,#527,.T.);
#1424=EDGE_CURVE('',#1155,#1156,#528,.T.);
#1425=EDGE_CURVE('',#1154,#1156,#529,.T.);
#1426=EDGE_CURVE('',#1157,#1153,#967,.T.);
#1427=EDGE_CURVE('',#1157,#1158,#530,.T.);
#1428=EDGE_CURVE('',#1158,#1155,#968,.T.);
#1429=EDGE_CURVE('',#1159,#1157,#531,.T.);
#1430=EDGE_CURVE('',#1160,#1159,#532,.T.);
#1431=EDGE_CURVE('',#1160,#1158,#533,.T.);
#1432=EDGE_CURVE('',#1161,#1162,#534,.T.);
#1433=EDGE_CURVE('',#1161,#1163,#535,.T.);
#1434=EDGE_CURVE('',#1163,#1164,#536,.T.);
#1435=EDGE_CURVE('',#1162,#1164,#537,.T.);
#1436=EDGE_CURVE('',#1165,#1161,#969,.T.);
#1437=EDGE_CURVE('',#1165,#1166,#538,.T.);
#1438=EDGE_CURVE('',#1166,#1163,#970,.T.);
#1439=EDGE_CURVE('',#1167,#1165,#539,.T.);
#1440=EDGE_CURVE('',#1168,#1167,#540,.T.);
#1441=EDGE_CURVE('',#1168,#1166,#541,.T.);
#1442=EDGE_CURVE('',#1169,#1170,#542,.T.);
#1443=EDGE_CURVE('',#1169,#1171,#543,.T.);
#1444=EDGE_CURVE('',#1171,#1172,#544,.T.);
#1445=EDGE_CURVE('',#1170,#1172,#545,.T.);
#1446=EDGE_CURVE('',#1173,#1169,#971,.T.);
#1447=EDGE_CURVE('',#1173,#1174,#546,.T.);
#1448=EDGE_CURVE('',#1174,#1171,#972,.T.);
#1449=EDGE_CURVE('',#1175,#1173,#547,.T.);
#1450=EDGE_CURVE('',#1176,#1175,#548,.T.);
#1451=EDGE_CURVE('',#1176,#1174,#549,.T.);
#1452=EDGE_CURVE('',#1177,#1178,#550,.T.);
#1453=EDGE_CURVE('',#1179,#1177,#551,.T.);
#1454=EDGE_CURVE('',#1179,#1180,#552,.T.);
#1455=EDGE_CURVE('',#1178,#1180,#553,.T.);
#1456=EDGE_CURVE('',#976,#1181,#554,.T.);
#1457=EDGE_CURVE('',#978,#1182,#555,.T.);
#1458=EDGE_CURVE('',#1181,#1182,#556,.T.);
#1459=EDGE_CURVE('',#984,#980,#557,.T.);
#1460=EDGE_CURVE('',#992,#988,#558,.T.);
#1461=EDGE_CURVE('',#1000,#996,#559,.T.);
#1462=EDGE_CURVE('',#1008,#1004,#560,.T.);
#1463=EDGE_CURVE('',#1016,#1012,#561,.T.);
#1464=EDGE_CURVE('',#1024,#1020,#562,.T.);
#1465=EDGE_CURVE('',#1032,#1028,#563,.T.);
#1466=EDGE_CURVE('',#1040,#1036,#564,.T.);
#1467=EDGE_CURVE('',#1048,#1044,#565,.T.);
#1468=EDGE_CURVE('',#1056,#1052,#566,.T.);
#1469=EDGE_CURVE('',#1064,#1060,#567,.T.);
#1470=EDGE_CURVE('',#1072,#1068,#568,.T.);
#1471=EDGE_CURVE('',#1078,#1074,#569,.T.);
#1472=EDGE_CURVE('',#1084,#1080,#570,.T.);
#1473=EDGE_CURVE('',#1092,#1088,#571,.T.);
#1474=EDGE_CURVE('',#1100,#1096,#572,.T.);
#1475=EDGE_CURVE('',#1108,#1104,#573,.T.);
#1476=EDGE_CURVE('',#1116,#1112,#574,.T.);
#1477=EDGE_CURVE('',#1124,#1120,#575,.T.);
#1478=EDGE_CURVE('',#1132,#1128,#576,.T.);
#1479=EDGE_CURVE('',#1140,#1136,#577,.T.);
#1480=EDGE_CURVE('',#1148,#1144,#578,.T.);
#1481=EDGE_CURVE('',#1156,#1152,#579,.T.);
#1482=EDGE_CURVE('',#1164,#1160,#580,.T.);
#1483=EDGE_CURVE('',#1172,#1168,#581,.T.);
#1484=EDGE_CURVE('',#1180,#1176,#582,.T.);
#1485=EDGE_CURVE('',#1182,#1179,#583,.T.);
#1486=EDGE_CURVE('',#1183,#1073,#584,.T.);
#1487=EDGE_CURVE('',#1184,#1183,#585,.T.);
#1488=EDGE_CURVE('',#1184,#1185,#586,.T.);
#1489=EDGE_CURVE('',#1185,#1186,#587,.T.);
#1490=EDGE_CURVE('',#1076,#1186,#588,.T.);
#1491=EDGE_CURVE('',#1181,#979,#589,.T.);
#1492=EDGE_CURVE('',#1178,#1187,#590,.T.);
#1493=EDGE_CURVE('',#1187,#1188,#591,.T.);
#1494=EDGE_CURVE('',#1188,#1177,#592,.T.);
#1495=EDGE_CURVE('',#982,#987,#593,.T.);
#1496=EDGE_CURVE('',#1170,#1175,#594,.T.);
#1497=EDGE_CURVE('',#990,#995,#595,.T.);
#1498=EDGE_CURVE('',#1162,#1167,#596,.T.);
#1499=EDGE_CURVE('',#998,#1003,#597,.T.);
#1500=EDGE_CURVE('',#1154,#1159,#598,.T.);
#1501=EDGE_CURVE('',#1006,#1011,#599,.T.);
#1502=EDGE_CURVE('',#1146,#1151,#600,.T.);
#1503=EDGE_CURVE('',#1014,#1019,#601,.T.);
#1504=EDGE_CURVE('',#1138,#1143,#602,.T.);
#1505=EDGE_CURVE('',#1022,#1027,#603,.T.);
#1506=EDGE_CURVE('',#1130,#1135,#604,.T.);
#1507=EDGE_CURVE('',#1030,#1035,#605,.T.);
#1508=EDGE_CURVE('',#1122,#1127,#606,.T.);
#1509=EDGE_CURVE('',#1038,#1043,#607,.T.);
#1510=EDGE_CURVE('',#1114,#1119,#608,.T.);
#1511=EDGE_CURVE('',#1046,#1051,#609,.T.);
#1512=EDGE_CURVE('',#1106,#1111,#610,.T.);
#1513=EDGE_CURVE('',#1054,#1059,#611,.T.);
#1514=EDGE_CURVE('',#1098,#1103,#612,.T.);
#1515=EDGE_CURVE('',#1062,#1067,#613,.T.);
#1516=EDGE_CURVE('',#1090,#1095,#614,.T.);
#1517=EDGE_CURVE('',#1070,#1183,#615,.T.);
#1518=EDGE_CURVE('',#1082,#1087,#616,.T.);
#1519=EDGE_CURVE('',#1189,#1188,#617,.T.);
#1520=EDGE_CURVE('',#1189,#1184,#618,.T.);
#1521=EDGE_CURVE('',#1190,#1189,#619,.T.);
#1522=EDGE_CURVE('',#1190,#1187,#620,.T.);
#1523=EDGE_CURVE('',#1186,#1079,#621,.T.);
#1524=EDGE_CURVE('',#1185,#1190,#622,.T.);
#1525=EDGE_CURVE('',#1191,#1191,#973,.T.);
#1526=EDGE_CURVE('',#1191,#1192,#623,.T.);
#1527=EDGE_CURVE('',#1192,#1192,#974,.T.);
#1528=EDGE_CURVE('',#1193,#1194,#624,.T.);
#1529=EDGE_CURVE('',#1193,#1195,#625,.T.);
#1530=EDGE_CURVE('',#1196,#1195,#626,.T.);
#1531=EDGE_CURVE('',#1194,#1196,#627,.T.);
#1532=EDGE_CURVE('',#1194,#1197,#628,.T.);
#1533=EDGE_CURVE('',#1198,#1196,#629,.T.);
#1534=EDGE_CURVE('',#1197,#1198,#630,.T.);
#1535=EDGE_CURVE('',#1197,#1199,#631,.T.);
#1536=EDGE_CURVE('',#1200,#1198,#632,.T.);
#1537=EDGE_CURVE('',#1199,#1200,#633,.T.);
#1538=EDGE_CURVE('',#1199,#1193,#634,.T.);
#1539=EDGE_CURVE('',#1195,#1200,#635,.T.);
#1540=ORIENTED_EDGE('',*,*,#1201,.F.);
#1541=ORIENTED_EDGE('',*,*,#1202,.T.);
#1542=ORIENTED_EDGE('',*,*,#1203,.T.);
#1543=ORIENTED_EDGE('',*,*,#1204,.F.);
#1544=ORIENTED_EDGE('',*,*,#1205,.F.);
#1545=ORIENTED_EDGE('',*,*,#1206,.F.);
#1546=ORIENTED_EDGE('',*,*,#1207,.T.);
#1547=ORIENTED_EDGE('',*,*,#1202,.F.);
#1548=ORIENTED_EDGE('',*,*,#1208,.F.);
#1549=ORIENTED_EDGE('',*,*,#1209,.T.);
#1550=ORIENTED_EDGE('',*,*,#1210,.T.);
#1551=ORIENTED_EDGE('',*,*,#1211,.F.);
#1552=ORIENTED_EDGE('',*,*,#1212,.F.);
#1553=ORIENTED_EDGE('',*,*,#1213,.T.);
#1554=ORIENTED_EDGE('',*,*,#1214,.T.);
#1555=ORIENTED_EDGE('',*,*,#1209,.F.);
#1556=ORIENTED_EDGE('',*,*,#1215,.F.);
#1557=ORIENTED_EDGE('',*,*,#1216,.F.);
#1558=ORIENTED_EDGE('',*,*,#1217,.T.);
#1559=ORIENTED_EDGE('',*,*,#1213,.F.);
#1560=ORIENTED_EDGE('',*,*,#1218,.F.);
#1561=ORIENTED_EDGE('',*,*,#1219,.T.);
#1562=ORIENTED_EDGE('',*,*,#1220,.T.);
#1563=ORIENTED_EDGE('',*,*,#1221,.F.);
#1564=ORIENTED_EDGE('',*,*,#1222,.F.);
#1565=ORIENTED_EDGE('',*,*,#1223,.T.);
#1566=ORIENTED_EDGE('',*,*,#1224,.T.);
#1567=ORIENTED_EDGE('',*,*,#1219,.F.);
#1568=ORIENTED_EDGE('',*,*,#1225,.F.);
#1569=ORIENTED_EDGE('',*,*,#1226,.F.);
#1570=ORIENTED_EDGE('',*,*,#1227,.T.);
#1571=ORIENTED_EDGE('',*,*,#1223,.F.);
#1572=ORIENTED_EDGE('',*,*,#1228,.F.);
#1573=ORIENTED_EDGE('',*,*,#1229,.T.);
#1574=ORIENTED_EDGE('',*,*,#1230,.T.);
#1575=ORIENTED_EDGE('',*,*,#1231,.F.);
#1576=ORIENTED_EDGE('',*,*,#1232,.F.);
#1577=ORIENTED_EDGE('',*,*,#1233,.T.);
#1578=ORIENTED_EDGE('',*,*,#1234,.T.);
#1579=ORIENTED_EDGE('',*,*,#1229,.F.);
#1580=ORIENTED_EDGE('',*,*,#1235,.F.);
#1581=ORIENTED_EDGE('',*,*,#1236,.F.);
#1582=ORIENTED_EDGE('',*,*,#1237,.T.);
#1583=ORIENTED_EDGE('',*,*,#1233,.F.);
#1584=ORIENTED_EDGE('',*,*,#1238,.F.);
#1585=ORIENTED_EDGE('',*,*,#1239,.T.);
#1586=ORIENTED_EDGE('',*,*,#1240,.T.);
#1587=ORIENTED_EDGE('',*,*,#1241,.F.);
#1588=ORIENTED_EDGE('',*,*,#1242,.F.);
#1589=ORIENTED_EDGE('',*,*,#1243,.T.);
#1590=ORIENTED_EDGE('',*,*,#1244,.T.);
#1591=ORIENTED_EDGE('',*,*,#1239,.F.);
#1592=ORIENTED_EDGE('',*,*,#1245,.F.);
#1593=ORIENTED_EDGE('',*,*,#1246,.F.);
#1594=ORIENTED_EDGE('',*,*,#1247,.T.);
#1595=ORIENTED_EDGE('',*,*,#1243,.F.);
#1596=ORIENTED_EDGE('',*,*,#1248,.F.);
#1597=ORIENTED_EDGE('',*,*,#1249,.T.);
#1598=ORIENTED_EDGE('',*,*,#1250,.T.);
#1599=ORIENTED_EDGE('',*,*,#1251,.F.);
#1600=ORIENTED_EDGE('',*,*,#1252,.F.);
#1601=ORIENTED_EDGE('',*,*,#1253,.T.);
#1602=ORIENTED_EDGE('',*,*,#1254,.T.);
#1603=ORIENTED_EDGE('',*,*,#1249,.F.);
#1604=ORIENTED_EDGE('',*,*,#1255,.F.);
#1605=ORIENTED_EDGE('',*,*,#1256,.F.);
#1606=ORIENTED_EDGE('',*,*,#1257,.T.);
#1607=ORIENTED_EDGE('',*,*,#1253,.F.);
#1608=ORIENTED_EDGE('',*,*,#1258,.F.);
#1609=ORIENTED_EDGE('',*,*,#1259,.T.);
#1610=ORIENTED_EDGE('',*,*,#1260,.T.);
#1611=ORIENTED_EDGE('',*,*,#1261,.F.);
#1612=ORIENTED_EDGE('',*,*,#1262,.F.);
#1613=ORIENTED_EDGE('',*,*,#1263,.T.);
#1614=ORIENTED_EDGE('',*,*,#1264,.T.);
#1615=ORIENTED_EDGE('',*,*,#1259,.F.);
#1616=ORIENTED_EDGE('',*,*,#1265,.F.);
#1617=ORIENTED_EDGE('',*,*,#1266,.F.);
#1618=ORIENTED_EDGE('',*,*,#1267,.T.);
#1619=ORIENTED_EDGE('',*,*,#1263,.F.);
#1620=ORIENTED_EDGE('',*,*,#1268,.F.);
#1621=ORIENTED_EDGE('',*,*,#1269,.T.);
#1622=ORIENTED_EDGE('',*,*,#1270,.T.);
#1623=ORIENTED_EDGE('',*,*,#1271,.F.);
#1624=ORIENTED_EDGE('',*,*,#1272,.F.);
#1625=ORIENTED_EDGE('',*,*,#1273,.T.);
#1626=ORIENTED_EDGE('',*,*,#1274,.T.);
#1627=ORIENTED_EDGE('',*,*,#1269,.F.);
#1628=ORIENTED_EDGE('',*,*,#1275,.F.);
#1629=ORIENTED_EDGE('',*,*,#1276,.F.);
#1630=ORIENTED_EDGE('',*,*,#1277,.T.);
#1631=ORIENTED_EDGE('',*,*,#1273,.F.);
#1632=ORIENTED_EDGE('',*,*,#1278,.F.);
#1633=ORIENTED_EDGE('',*,*,#1279,.T.);
#1634=ORIENTED_EDGE('',*,*,#1280,.T.);
#1635=ORIENTED_EDGE('',*,*,#1281,.F.);
#1636=ORIENTED_EDGE('',*,*,#1282,.F.);
#1637=ORIENTED_EDGE('',*,*,#1283,.T.);
#1638=ORIENTED_EDGE('',*,*,#1284,.T.);
#1639=ORIENTED_EDGE('',*,*,#1279,.F.);
#1640=ORIENTED_EDGE('',*,*,#1285,.F.);
#1641=ORIENTED_EDGE('',*,*,#1286,.F.);
#1642=ORIENTED_EDGE('',*,*,#1287,.T.);
#1643=ORIENTED_EDGE('',*,*,#1283,.F.);
#1644=ORIENTED_EDGE('',*,*,#1288,.F.);
#1645=ORIENTED_EDGE('',*,*,#1289,.T.);
#1646=ORIENTED_EDGE('',*,*,#1290,.T.);
#1647=ORIENTED_EDGE('',*,*,#1291,.F.);
#1648=ORIENTED_EDGE('',*,*,#1292,.F.);
#1649=ORIENTED_EDGE('',*,*,#1293,.T.);
#1650=ORIENTED_EDGE('',*,*,#1294,.T.);
#1651=ORIENTED_EDGE('',*,*,#1289,.F.);
#1652=ORIENTED_EDGE('',*,*,#1295,.F.);
#1653=ORIENTED_EDGE('',*,*,#1296,.F.);
#1654=ORIENTED_EDGE('',*,*,#1297,.T.);
#1655=ORIENTED_EDGE('',*,*,#1293,.F.);
#1656=ORIENTED_EDGE('',*,*,#1298,.F.);
#1657=ORIENTED_EDGE('',*,*,#1299,.T.);
#1658=ORIENTED_EDGE('',*,*,#1300,.T.);
#1659=ORIENTED_EDGE('',*,*,#1301,.F.);
#1660=ORIENTED_EDGE('',*,*,#1302,.F.);
#1661=ORIENTED_EDGE('',*,*,#1303,.T.);
#1662=ORIENTED_EDGE('',*,*,#1304,.T.);
#1663=ORIENTED_EDGE('',*,*,#1299,.F.);
#1664=ORIENTED_EDGE('',*,*,#1305,.F.);
#1665=ORIENTED_EDGE('',*,*,#1306,.F.);
#1666=ORIENTED_EDGE('',*,*,#1307,.T.);
#1667=ORIENTED_EDGE('',*,*,#1303,.F.);
#1668=ORIENTED_EDGE('',*,*,#1308,.F.);
#1669=ORIENTED_EDGE('',*,*,#1309,.T.);
#1670=ORIENTED_EDGE('',*,*,#1310,.T.);
#1671=ORIENTED_EDGE('',*,*,#1311,.F.);
#1672=ORIENTED_EDGE('',*,*,#1312,.F.);
#1673=ORIENTED_EDGE('',*,*,#1313,.T.);
#1674=ORIENTED_EDGE('',*,*,#1314,.T.);
#1675=ORIENTED_EDGE('',*,*,#1309,.F.);
#1676=ORIENTED_EDGE('',*,*,#1315,.F.);
#1677=ORIENTED_EDGE('',*,*,#1316,.F.);
#1678=ORIENTED_EDGE('',*,*,#1317,.T.);
#1679=ORIENTED_EDGE('',*,*,#1313,.F.);
#1680=ORIENTED_EDGE('',*,*,#1318,.F.);
#1681=ORIENTED_EDGE('',*,*,#1319,.T.);
#1682=ORIENTED_EDGE('',*,*,#1320,.T.);
#1683=ORIENTED_EDGE('',*,*,#1321,.F.);
#1684=ORIENTED_EDGE('',*,*,#1322,.F.);
#1685=ORIENTED_EDGE('',*,*,#1323,.F.);
#1686=ORIENTED_EDGE('',*,*,#1324,.T.);
#1687=ORIENTED_EDGE('',*,*,#1319,.F.);
#1688=ORIENTED_EDGE('',*,*,#1325,.F.);
#1689=ORIENTED_EDGE('',*,*,#1326,.T.);
#1690=ORIENTED_EDGE('',*,*,#1327,.T.);
#1691=ORIENTED_EDGE('',*,*,#1328,.F.);
#1692=ORIENTED_EDGE('',*,*,#1329,.F.);
#1693=ORIENTED_EDGE('',*,*,#1330,.F.);
#1694=ORIENTED_EDGE('',*,*,#1331,.T.);
#1695=ORIENTED_EDGE('',*,*,#1326,.F.);
#1696=ORIENTED_EDGE('',*,*,#1332,.F.);
#1697=ORIENTED_EDGE('',*,*,#1333,.T.);
#1698=ORIENTED_EDGE('',*,*,#1334,.T.);
#1699=ORIENTED_EDGE('',*,*,#1335,.F.);
#1700=ORIENTED_EDGE('',*,*,#1336,.F.);
#1701=ORIENTED_EDGE('',*,*,#1337,.T.);
#1702=ORIENTED_EDGE('',*,*,#1338,.T.);
#1703=ORIENTED_EDGE('',*,*,#1333,.F.);
#1704=ORIENTED_EDGE('',*,*,#1339,.F.);
#1705=ORIENTED_EDGE('',*,*,#1340,.F.);
#1706=ORIENTED_EDGE('',*,*,#1341,.T.);
#1707=ORIENTED_EDGE('',*,*,#1337,.F.);
#1708=ORIENTED_EDGE('',*,*,#1342,.F.);
#1709=ORIENTED_EDGE('',*,*,#1343,.T.);
#1710=ORIENTED_EDGE('',*,*,#1344,.T.);
#1711=ORIENTED_EDGE('',*,*,#1345,.F.);
#1712=ORIENTED_EDGE('',*,*,#1346,.F.);
#1713=ORIENTED_EDGE('',*,*,#1347,.T.);
#1714=ORIENTED_EDGE('',*,*,#1348,.T.);
#1715=ORIENTED_EDGE('',*,*,#1343,.F.);
#1716=ORIENTED_EDGE('',*,*,#1349,.F.);
#1717=ORIENTED_EDGE('',*,*,#1350,.F.);
#1718=ORIENTED_EDGE('',*,*,#1351,.T.);
#1719=ORIENTED_EDGE('',*,*,#1347,.F.);
#1720=ORIENTED_EDGE('',*,*,#1352,.F.);
#1721=ORIENTED_EDGE('',*,*,#1353,.T.);
#1722=ORIENTED_EDGE('',*,*,#1354,.T.);
#1723=ORIENTED_EDGE('',*,*,#1355,.F.);
#1724=ORIENTED_EDGE('',*,*,#1356,.F.);
#1725=ORIENTED_EDGE('',*,*,#1357,.T.);
#1726=ORIENTED_EDGE('',*,*,#1358,.T.);
#1727=ORIENTED_EDGE('',*,*,#1353,.F.);
#1728=ORIENTED_EDGE('',*,*,#1359,.F.);
#1729=ORIENTED_EDGE('',*,*,#1360,.F.);
#1730=ORIENTED_EDGE('',*,*,#1361,.T.);
#1731=ORIENTED_EDGE('',*,*,#1357,.F.);
#1732=ORIENTED_EDGE('',*,*,#1362,.F.);
#1733=ORIENTED_EDGE('',*,*,#1363,.T.);
#1734=ORIENTED_EDGE('',*,*,#1364,.T.);
#1735=ORIENTED_EDGE('',*,*,#1365,.F.);
#1736=ORIENTED_EDGE('',*,*,#1366,.F.);
#1737=ORIENTED_EDGE('',*,*,#1367,.T.);
#1738=ORIENTED_EDGE('',*,*,#1368,.T.);
#1739=ORIENTED_EDGE('',*,*,#1363,.F.);
#1740=ORIENTED_EDGE('',*,*,#1369,.F.);
#1741=ORIENTED_EDGE('',*,*,#1370,.F.);
#1742=ORIENTED_EDGE('',*,*,#1371,.T.);
#1743=ORIENTED_EDGE('',*,*,#1367,.F.);
#1744=ORIENTED_EDGE('',*,*,#1372,.F.);
#1745=ORIENTED_EDGE('',*,*,#1373,.T.);
#1746=ORIENTED_EDGE('',*,*,#1374,.T.);
#1747=ORIENTED_EDGE('',*,*,#1375,.F.);
#1748=ORIENTED_EDGE('',*,*,#1376,.F.);
#1749=ORIENTED_EDGE('',*,*,#1377,.T.);
#1750=ORIENTED_EDGE('',*,*,#1378,.T.);
#1751=ORIENTED_EDGE('',*,*,#1373,.F.);
#1752=ORIENTED_EDGE('',*,*,#1379,.F.);
#1753=ORIENTED_EDGE('',*,*,#1380,.F.);
#1754=ORIENTED_EDGE('',*,*,#1381,.T.);
#1755=ORIENTED_EDGE('',*,*,#1377,.F.);
#1756=ORIENTED_EDGE('',*,*,#1382,.F.);
#1757=ORIENTED_EDGE('',*,*,#1383,.T.);
#1758=ORIENTED_EDGE('',*,*,#1384,.T.);
#1759=ORIENTED_EDGE('',*,*,#1385,.F.);
#1760=ORIENTED_EDGE('',*,*,#1386,.F.);
#1761=ORIENTED_EDGE('',*,*,#1387,.T.);
#1762=ORIENTED_EDGE('',*,*,#1388,.T.);
#1763=ORIENTED_EDGE('',*,*,#1383,.F.);
#1764=ORIENTED_EDGE('',*,*,#1389,.F.);
#1765=ORIENTED_EDGE('',*,*,#1390,.F.);
#1766=ORIENTED_EDGE('',*,*,#1391,.T.);
#1767=ORIENTED_EDGE('',*,*,#1387,.F.);
#1768=ORIENTED_EDGE('',*,*,#1392,.F.);
#1769=ORIENTED_EDGE('',*,*,#1393,.T.);
#1770=ORIENTED_EDGE('',*,*,#1394,.T.);
#1771=ORIENTED_EDGE('',*,*,#1395,.F.);
#1772=ORIENTED_EDGE('',*,*,#1396,.F.);
#1773=ORIENTED_EDGE('',*,*,#1397,.T.);
#1774=ORIENTED_EDGE('',*,*,#1398,.T.);
#1775=ORIENTED_EDGE('',*,*,#1393,.F.);
#1776=ORIENTED_EDGE('',*,*,#1399,.F.);
#1777=ORIENTED_EDGE('',*,*,#1400,.F.);
#1778=ORIENTED_EDGE('',*,*,#1401,.T.);
#1779=ORIENTED_EDGE('',*,*,#1397,.F.);
#1780=ORIENTED_EDGE('',*,*,#1402,.F.);
#1781=ORIENTED_EDGE('',*,*,#1403,.T.);
#1782=ORIENTED_EDGE('',*,*,#1404,.T.);
#1783=ORIENTED_EDGE('',*,*,#1405,.F.);
#1784=ORIENTED_EDGE('',*,*,#1406,.F.);
#1785=ORIENTED_EDGE('',*,*,#1407,.T.);
#1786=ORIENTED_EDGE('',*,*,#1408,.T.);
#1787=ORIENTED_EDGE('',*,*,#1403,.F.);
#1788=ORIENTED_EDGE('',*,*,#1409,.F.);
#1789=ORIENTED_EDGE('',*,*,#1410,.F.);
#1790=ORIENTED_EDGE('',*,*,#1411,.T.);
#1791=ORIENTED_EDGE('',*,*,#1407,.F.);
#1792=ORIENTED_EDGE('',*,*,#1412,.F.);
#1793=ORIENTED_EDGE('',*,*,#1413,.T.);
#1794=ORIENTED_EDGE('',*,*,#1414,.T.);
#1795=ORIENTED_EDGE('',*,*,#1415,.F.);
#1796=ORIENTED_EDGE('',*,*,#1416,.F.);
#1797=ORIENTED_EDGE('',*,*,#1417,.T.);
#1798=ORIENTED_EDGE('',*,*,#1418,.T.);
#1799=ORIENTED_EDGE('',*,*,#1413,.F.);
#1800=ORIENTED_EDGE('',*,*,#1419,.F.);
#1801=ORIENTED_EDGE('',*,*,#1420,.F.);
#1802=ORIENTED_EDGE('',*,*,#1421,.T.);
#1803=ORIENTED_EDGE('',*,*,#1417,.F.);
#1804=ORIENTED_EDGE('',*,*,#1422,.F.);
#1805=ORIENTED_EDGE('',*,*,#1423,.T.);
#1806=ORIENTED_EDGE('',*,*,#1424,.T.);
#1807=ORIENTED_EDGE('',*,*,#1425,.F.);
#1808=ORIENTED_EDGE('',*,*,#1426,.F.);
#1809=ORIENTED_EDGE('',*,*,#1427,.T.);
#1810=ORIENTED_EDGE('',*,*,#1428,.T.);
#1811=ORIENTED_EDGE('',*,*,#1423,.F.);
#1812=ORIENTED_EDGE('',*,*,#1429,.F.);
#1813=ORIENTED_EDGE('',*,*,#1430,.F.);
#1814=ORIENTED_EDGE('',*,*,#1431,.T.);
#1815=ORIENTED_EDGE('',*,*,#1427,.F.);
#1816=ORIENTED_EDGE('',*,*,#1432,.F.);
#1817=ORIENTED_EDGE('',*,*,#1433,.T.);
#1818=ORIENTED_EDGE('',*,*,#1434,.T.);
#1819=ORIENTED_EDGE('',*,*,#1435,.F.);
#1820=ORIENTED_EDGE('',*,*,#1436,.F.);
#1821=ORIENTED_EDGE('',*,*,#1437,.T.);
#1822=ORIENTED_EDGE('',*,*,#1438,.T.);
#1823=ORIENTED_EDGE('',*,*,#1433,.F.);
#1824=ORIENTED_EDGE('',*,*,#1439,.F.);
#1825=ORIENTED_EDGE('',*,*,#1440,.F.);
#1826=ORIENTED_EDGE('',*,*,#1441,.T.);
#1827=ORIENTED_EDGE('',*,*,#1437,.F.);
#1828=ORIENTED_EDGE('',*,*,#1442,.F.);
#1829=ORIENTED_EDGE('',*,*,#1443,.T.);
#1830=ORIENTED_EDGE('',*,*,#1444,.T.);
#1831=ORIENTED_EDGE('',*,*,#1445,.F.);
#1832=ORIENTED_EDGE('',*,*,#1446,.F.);
#1833=ORIENTED_EDGE('',*,*,#1447,.T.);
#1834=ORIENTED_EDGE('',*,*,#1448,.T.);
#1835=ORIENTED_EDGE('',*,*,#1443,.F.);
#1836=ORIENTED_EDGE('',*,*,#1449,.F.);
#1837=ORIENTED_EDGE('',*,*,#1450,.F.);
#1838=ORIENTED_EDGE('',*,*,#1451,.T.);
#1839=ORIENTED_EDGE('',*,*,#1447,.F.);
#1840=ORIENTED_EDGE('',*,*,#1452,.F.);
#1841=ORIENTED_EDGE('',*,*,#1453,.F.);
#1842=ORIENTED_EDGE('',*,*,#1454,.T.);
#1843=ORIENTED_EDGE('',*,*,#1455,.F.);
#1844=ORIENTED_EDGE('',*,*,#1456,.F.);
#1845=ORIENTED_EDGE('',*,*,#1204,.T.);
#1846=ORIENTED_EDGE('',*,*,#1457,.T.);
#1847=ORIENTED_EDGE('',*,*,#1458,.F.);
#1848=ORIENTED_EDGE('',*,*,#1457,.F.);
#1849=ORIENTED_EDGE('',*,*,#1203,.F.);
#1850=ORIENTED_EDGE('',*,*,#1207,.F.);
#1851=ORIENTED_EDGE('',*,*,#1459,.F.);
#1852=ORIENTED_EDGE('',*,*,#1210,.F.);
#1853=ORIENTED_EDGE('',*,*,#1214,.F.);
#1854=ORIENTED_EDGE('',*,*,#1217,.F.);
#1855=ORIENTED_EDGE('',*,*,#1460,.F.);
#1856=ORIENTED_EDGE('',*,*,#1220,.F.);
#1857=ORIENTED_EDGE('',*,*,#1224,.F.);
#1858=ORIENTED_EDGE('',*,*,#1227,.F.);
#1859=ORIENTED_EDGE('',*,*,#1461,.F.);
#1860=ORIENTED_EDGE('',*,*,#1230,.F.);
#1861=ORIENTED_EDGE('',*,*,#1234,.F.);
#1862=ORIENTED_EDGE('',*,*,#1237,.F.);
#1863=ORIENTED_EDGE('',*,*,#1462,.F.);
#1864=ORIENTED_EDGE('',*,*,#1240,.F.);
#1865=ORIENTED_EDGE('',*,*,#1244,.F.);
#1866=ORIENTED_EDGE('',*,*,#1247,.F.);
#1867=ORIENTED_EDGE('',*,*,#1463,.F.);
#1868=ORIENTED_EDGE('',*,*,#1250,.F.);
#1869=ORIENTED_EDGE('',*,*,#1254,.F.);
#1870=ORIENTED_EDGE('',*,*,#1257,.F.);
#1871=ORIENTED_EDGE('',*,*,#1464,.F.);
#1872=ORIENTED_EDGE('',*,*,#1260,.F.);
#1873=ORIENTED_EDGE('',*,*,#1264,.F.);
#1874=ORIENTED_EDGE('',*,*,#1267,.F.);
#1875=ORIENTED_EDGE('',*,*,#1465,.F.);
#1876=ORIENTED_EDGE('',*,*,#1270,.F.);
#1877=ORIENTED_EDGE('',*,*,#1274,.F.);
#1878=ORIENTED_EDGE('',*,*,#1277,.F.);
#1879=ORIENTED_EDGE('',*,*,#1466,.F.);
#1880=ORIENTED_EDGE('',*,*,#1280,.F.);
#1881=ORIENTED_EDGE('',*,*,#1284,.F.);
#1882=ORIENTED_EDGE('',*,*,#1287,.F.);
#1883=ORIENTED_EDGE('',*,*,#1467,.F.);
#1884=ORIENTED_EDGE('',*,*,#1290,.F.);
#1885=ORIENTED_EDGE('',*,*,#1294,.F.);
#1886=ORIENTED_EDGE('',*,*,#1297,.F.);
#1887=ORIENTED_EDGE('',*,*,#1468,.F.);
#1888=ORIENTED_EDGE('',*,*,#1300,.F.);
#1889=ORIENTED_EDGE('',*,*,#1304,.F.);
#1890=ORIENTED_EDGE('',*,*,#1307,.F.);
#1891=ORIENTED_EDGE('',*,*,#1469,.F.);
#1892=ORIENTED_EDGE('',*,*,#1310,.F.);
#1893=ORIENTED_EDGE('',*,*,#1314,.F.);
#1894=ORIENTED_EDGE('',*,*,#1317,.F.);
#1895=ORIENTED_EDGE('',*,*,#1470,.F.);
#1896=ORIENTED_EDGE('',*,*,#1320,.F.);
#1897=ORIENTED_EDGE('',*,*,#1324,.F.);
#1898=ORIENTED_EDGE('',*,*,#1471,.F.);
#1899=ORIENTED_EDGE('',*,*,#1327,.F.);
#1900=ORIENTED_EDGE('',*,*,#1331,.F.);
#1901=ORIENTED_EDGE('',*,*,#1472,.F.);
#1902=ORIENTED_EDGE('',*,*,#1334,.F.);
#1903=ORIENTED_EDGE('',*,*,#1338,.F.);
#1904=ORIENTED_EDGE('',*,*,#1341,.F.);
#1905=ORIENTED_EDGE('',*,*,#1473,.F.);
#1906=ORIENTED_EDGE('',*,*,#1344,.F.);
#1907=ORIENTED_EDGE('',*,*,#1348,.F.);
#1908=ORIENTED_EDGE('',*,*,#1351,.F.);
#1909=ORIENTED_EDGE('',*,*,#1474,.F.);
#1910=ORIENTED_EDGE('',*,*,#1354,.F.);
#1911=ORIENTED_EDGE('',*,*,#1358,.F.);
#1912=ORIENTED_EDGE('',*,*,#1361,.F.);
#1913=ORIENTED_EDGE('',*,*,#1475,.F.);
#1914=ORIENTED_EDGE('',*,*,#1364,.F.);
#1915=ORIENTED_EDGE('',*,*,#1368,.F.);
#1916=ORIENTED_EDGE('',*,*,#1371,.F.);
#1917=ORIENTED_EDGE('',*,*,#1476,.F.);
#1918=ORIENTED_EDGE('',*,*,#1374,.F.);
#1919=ORIENTED_EDGE('',*,*,#1378,.F.);
#1920=ORIENTED_EDGE('',*,*,#1381,.F.);
#1921=ORIENTED_EDGE('',*,*,#1477,.F.);
#1922=ORIENTED_EDGE('',*,*,#1384,.F.);
#1923=ORIENTED_EDGE('',*,*,#1388,.F.);
#1924=ORIENTED_EDGE('',*,*,#1391,.F.);
#1925=ORIENTED_EDGE('',*,*,#1478,.F.);
#1926=ORIENTED_EDGE('',*,*,#1394,.F.);
#1927=ORIENTED_EDGE('',*,*,#1398,.F.);
#1928=ORIENTED_EDGE('',*,*,#1401,.F.);
#1929=ORIENTED_EDGE('',*,*,#1479,.F.);
#1930=ORIENTED_EDGE('',*,*,#1404,.F.);
#1931=ORIENTED_EDGE('',*,*,#1408,.F.);
#1932=ORIENTED_EDGE('',*,*,#1411,.F.);
#1933=ORIENTED_EDGE('',*,*,#1480,.F.);
#1934=ORIENTED_EDGE('',*,*,#1414,.F.);
#1935=ORIENTED_EDGE('',*,*,#1418,.F.);
#1936=ORIENTED_EDGE('',*,*,#1421,.F.);
#1937=ORIENTED_EDGE('',*,*,#1481,.F.);
#1938=ORIENTED_EDGE('',*,*,#1424,.F.);
#1939=ORIENTED_EDGE('',*,*,#1428,.F.);
#1940=ORIENTED_EDGE('',*,*,#1431,.F.);
#1941=ORIENTED_EDGE('',*,*,#1482,.F.);
#1942=ORIENTED_EDGE('',*,*,#1434,.F.);
#1943=ORIENTED_EDGE('',*,*,#1438,.F.);
#1944=ORIENTED_EDGE('',*,*,#1441,.F.);
#1945=ORIENTED_EDGE('',*,*,#1483,.F.);
#1946=ORIENTED_EDGE('',*,*,#1444,.F.);
#1947=ORIENTED_EDGE('',*,*,#1448,.F.);
#1948=ORIENTED_EDGE('',*,*,#1451,.F.);
#1949=ORIENTED_EDGE('',*,*,#1484,.F.);
#1950=ORIENTED_EDGE('',*,*,#1454,.F.);
#1951=ORIENTED_EDGE('',*,*,#1485,.F.);
#1952=ORIENTED_EDGE('',*,*,#1328,.T.);
#1953=ORIENTED_EDGE('',*,*,#1471,.T.);
#1954=ORIENTED_EDGE('',*,*,#1323,.T.);
#1955=ORIENTED_EDGE('',*,*,#1486,.F.);
#1956=ORIENTED_EDGE('',*,*,#1487,.F.);
#1957=ORIENTED_EDGE('',*,*,#1488,.T.);
#1958=ORIENTED_EDGE('',*,*,#1489,.T.);
#1959=ORIENTED_EDGE('',*,*,#1490,.F.);
#1960=ORIENTED_EDGE('',*,*,#1205,.T.);
#1961=ORIENTED_EDGE('',*,*,#1201,.T.);
#1962=ORIENTED_EDGE('',*,*,#1456,.T.);
#1963=ORIENTED_EDGE('',*,*,#1491,.T.);
#1964=ORIENTED_EDGE('',*,*,#1452,.T.);
#1965=ORIENTED_EDGE('',*,*,#1492,.T.);
#1966=ORIENTED_EDGE('',*,*,#1493,.T.);
#1967=ORIENTED_EDGE('',*,*,#1494,.T.);
#1968=ORIENTED_EDGE('',*,*,#1215,.T.);
#1969=ORIENTED_EDGE('',*,*,#1212,.T.);
#1970=ORIENTED_EDGE('',*,*,#1208,.T.);
#1971=ORIENTED_EDGE('',*,*,#1495,.T.);
#1972=ORIENTED_EDGE('',*,*,#1442,.T.);
#1973=ORIENTED_EDGE('',*,*,#1496,.T.);
#1974=ORIENTED_EDGE('',*,*,#1449,.T.);
#1975=ORIENTED_EDGE('',*,*,#1446,.T.);
#1976=ORIENTED_EDGE('',*,*,#1225,.T.);
#1977=ORIENTED_EDGE('',*,*,#1222,.T.);
#1978=ORIENTED_EDGE('',*,*,#1218,.T.);
#1979=ORIENTED_EDGE('',*,*,#1497,.T.);
#1980=ORIENTED_EDGE('',*,*,#1432,.T.);
#1981=ORIENTED_EDGE('',*,*,#1498,.T.);
#1982=ORIENTED_EDGE('',*,*,#1439,.T.);
#1983=ORIENTED_EDGE('',*,*,#1436,.T.);
#1984=ORIENTED_EDGE('',*,*,#1235,.T.);
#1985=ORIENTED_EDGE('',*,*,#1232,.T.);
#1986=ORIENTED_EDGE('',*,*,#1228,.T.);
#1987=ORIENTED_EDGE('',*,*,#1499,.T.);
#1988=ORIENTED_EDGE('',*,*,#1422,.T.);
#1989=ORIENTED_EDGE('',*,*,#1500,.T.);
#1990=ORIENTED_EDGE('',*,*,#1429,.T.);
#1991=ORIENTED_EDGE('',*,*,#1426,.T.);
#1992=ORIENTED_EDGE('',*,*,#1245,.T.);
#1993=ORIENTED_EDGE('',*,*,#1242,.T.);
#1994=ORIENTED_EDGE('',*,*,#1238,.T.);
#1995=ORIENTED_EDGE('',*,*,#1501,.T.);
#1996=ORIENTED_EDGE('',*,*,#1412,.T.);
#1997=ORIENTED_EDGE('',*,*,#1502,.T.);
#1998=ORIENTED_EDGE('',*,*,#1419,.T.);
#1999=ORIENTED_EDGE('',*,*,#1416,.T.);
#2000=ORIENTED_EDGE('',*,*,#1255,.T.);
#2001=ORIENTED_EDGE('',*,*,#1252,.T.);
#2002=ORIENTED_EDGE('',*,*,#1248,.T.);
#2003=ORIENTED_EDGE('',*,*,#1503,.T.);
#2004=ORIENTED_EDGE('',*,*,#1402,.T.);
#2005=ORIENTED_EDGE('',*,*,#1504,.T.);
#2006=ORIENTED_EDGE('',*,*,#1409,.T.);
#2007=ORIENTED_EDGE('',*,*,#1406,.T.);
#2008=ORIENTED_EDGE('',*,*,#1265,.T.);
#2009=ORIENTED_EDGE('',*,*,#1262,.T.);
#2010=ORIENTED_EDGE('',*,*,#1258,.T.);
#2011=ORIENTED_EDGE('',*,*,#1505,.T.);
#2012=ORIENTED_EDGE('',*,*,#1392,.T.);
#2013=ORIENTED_EDGE('',*,*,#1506,.T.);
#2014=ORIENTED_EDGE('',*,*,#1399,.T.);
#2015=ORIENTED_EDGE('',*,*,#1396,.T.);
#2016=ORIENTED_EDGE('',*,*,#1275,.T.);
#2017=ORIENTED_EDGE('',*,*,#1272,.T.);
#2018=ORIENTED_EDGE('',*,*,#1268,.T.);
#2019=ORIENTED_EDGE('',*,*,#1507,.T.);
#2020=ORIENTED_EDGE('',*,*,#1382,.T.);
#2021=ORIENTED_EDGE('',*,*,#1508,.T.);
#2022=ORIENTED_EDGE('',*,*,#1389,.T.);
#2023=ORIENTED_EDGE('',*,*,#1386,.T.);
#2024=ORIENTED_EDGE('',*,*,#1285,.T.);
#2025=ORIENTED_EDGE('',*,*,#1282,.T.);
#2026=ORIENTED_EDGE('',*,*,#1278,.T.);
#2027=ORIENTED_EDGE('',*,*,#1509,.T.);
#2028=ORIENTED_EDGE('',*,*,#1372,.T.);
#2029=ORIENTED_EDGE('',*,*,#1510,.T.);
#2030=ORIENTED_EDGE('',*,*,#1379,.T.);
#2031=ORIENTED_EDGE('',*,*,#1376,.T.);
#2032=ORIENTED_EDGE('',*,*,#1295,.T.);
#2033=ORIENTED_EDGE('',*,*,#1292,.T.);
#2034=ORIENTED_EDGE('',*,*,#1288,.T.);
#2035=ORIENTED_EDGE('',*,*,#1511,.T.);
#2036=ORIENTED_EDGE('',*,*,#1362,.T.);
#2037=ORIENTED_EDGE('',*,*,#1512,.T.);
#2038=ORIENTED_EDGE('',*,*,#1369,.T.);
#2039=ORIENTED_EDGE('',*,*,#1366,.T.);
#2040=ORIENTED_EDGE('',*,*,#1305,.T.);
#2041=ORIENTED_EDGE('',*,*,#1302,.T.);
#2042=ORIENTED_EDGE('',*,*,#1298,.T.);
#2043=ORIENTED_EDGE('',*,*,#1513,.T.);
#2044=ORIENTED_EDGE('',*,*,#1352,.T.);
#2045=ORIENTED_EDGE('',*,*,#1514,.T.);
#2046=ORIENTED_EDGE('',*,*,#1359,.T.);
#2047=ORIENTED_EDGE('',*,*,#1356,.T.);
#2048=ORIENTED_EDGE('',*,*,#1315,.T.);
#2049=ORIENTED_EDGE('',*,*,#1312,.T.);
#2050=ORIENTED_EDGE('',*,*,#1308,.T.);
#2051=ORIENTED_EDGE('',*,*,#1515,.T.);
#2052=ORIENTED_EDGE('',*,*,#1342,.T.);
#2053=ORIENTED_EDGE('',*,*,#1516,.T.);
#2054=ORIENTED_EDGE('',*,*,#1349,.T.);
#2055=ORIENTED_EDGE('',*,*,#1346,.T.);
#2056=ORIENTED_EDGE('',*,*,#1322,.T.);
#2057=ORIENTED_EDGE('',*,*,#1318,.T.);
#2058=ORIENTED_EDGE('',*,*,#1517,.T.);
#2059=ORIENTED_EDGE('',*,*,#1486,.T.);
#2060=ORIENTED_EDGE('',*,*,#1332,.T.);
#2061=ORIENTED_EDGE('',*,*,#1518,.T.);
#2062=ORIENTED_EDGE('',*,*,#1339,.T.);
#2063=ORIENTED_EDGE('',*,*,#1336,.T.);
#2064=ORIENTED_EDGE('',*,*,#1321,.T.);
#2065=ORIENTED_EDGE('',*,*,#1470,.T.);
#2066=ORIENTED_EDGE('',*,*,#1316,.T.);
#2067=ORIENTED_EDGE('',*,*,#1515,.F.);
#2068=ORIENTED_EDGE('',*,*,#1311,.T.);
#2069=ORIENTED_EDGE('',*,*,#1469,.T.);
#2070=ORIENTED_EDGE('',*,*,#1306,.T.);
#2071=ORIENTED_EDGE('',*,*,#1513,.F.);
#2072=ORIENTED_EDGE('',*,*,#1301,.T.);
#2073=ORIENTED_EDGE('',*,*,#1468,.T.);
#2074=ORIENTED_EDGE('',*,*,#1296,.T.);
#2075=ORIENTED_EDGE('',*,*,#1511,.F.);
#2076=ORIENTED_EDGE('',*,*,#1291,.T.);
#2077=ORIENTED_EDGE('',*,*,#1467,.T.);
#2078=ORIENTED_EDGE('',*,*,#1286,.T.);
#2079=ORIENTED_EDGE('',*,*,#1509,.F.);
#2080=ORIENTED_EDGE('',*,*,#1281,.T.);
#2081=ORIENTED_EDGE('',*,*,#1466,.T.);
#2082=ORIENTED_EDGE('',*,*,#1276,.T.);
#2083=ORIENTED_EDGE('',*,*,#1507,.F.);
#2084=ORIENTED_EDGE('',*,*,#1271,.T.);
#2085=ORIENTED_EDGE('',*,*,#1465,.T.);
#2086=ORIENTED_EDGE('',*,*,#1266,.T.);
#2087=ORIENTED_EDGE('',*,*,#1505,.F.);
#2088=ORIENTED_EDGE('',*,*,#1261,.T.);
#2089=ORIENTED_EDGE('',*,*,#1464,.T.);
#2090=ORIENTED_EDGE('',*,*,#1256,.T.);
#2091=ORIENTED_EDGE('',*,*,#1503,.F.);
#2092=ORIENTED_EDGE('',*,*,#1251,.T.);
#2093=ORIENTED_EDGE('',*,*,#1463,.T.);
#2094=ORIENTED_EDGE('',*,*,#1246,.T.);
#2095=ORIENTED_EDGE('',*,*,#1501,.F.);
#2096=ORIENTED_EDGE('',*,*,#1241,.T.);
#2097=ORIENTED_EDGE('',*,*,#1462,.T.);
#2098=ORIENTED_EDGE('',*,*,#1236,.T.);
#2099=ORIENTED_EDGE('',*,*,#1499,.F.);
#2100=ORIENTED_EDGE('',*,*,#1231,.T.);
#2101=ORIENTED_EDGE('',*,*,#1461,.T.);
#2102=ORIENTED_EDGE('',*,*,#1226,.T.);
#2103=ORIENTED_EDGE('',*,*,#1497,.F.);
#2104=ORIENTED_EDGE('',*,*,#1221,.T.);
#2105=ORIENTED_EDGE('',*,*,#1460,.T.);
#2106=ORIENTED_EDGE('',*,*,#1216,.T.);
#2107=ORIENTED_EDGE('',*,*,#1495,.F.);
#2108=ORIENTED_EDGE('',*,*,#1211,.T.);
#2109=ORIENTED_EDGE('',*,*,#1459,.T.);
#2110=ORIENTED_EDGE('',*,*,#1206,.T.);
#2111=ORIENTED_EDGE('',*,*,#1491,.F.);
#2112=ORIENTED_EDGE('',*,*,#1458,.T.);
#2113=ORIENTED_EDGE('',*,*,#1485,.T.);
#2114=ORIENTED_EDGE('',*,*,#1453,.T.);
#2115=ORIENTED_EDGE('',*,*,#1494,.F.);
#2116=ORIENTED_EDGE('',*,*,#1519,.F.);
#2117=ORIENTED_EDGE('',*,*,#1520,.T.);
#2118=ORIENTED_EDGE('',*,*,#1487,.T.);
#2119=ORIENTED_EDGE('',*,*,#1517,.F.);
#2120=ORIENTED_EDGE('',*,*,#1521,.T.);
#2121=ORIENTED_EDGE('',*,*,#1519,.T.);
#2122=ORIENTED_EDGE('',*,*,#1493,.F.);
#2123=ORIENTED_EDGE('',*,*,#1522,.F.);
#2124=ORIENTED_EDGE('',*,*,#1330,.T.);
#2125=ORIENTED_EDGE('',*,*,#1523,.F.);
#2126=ORIENTED_EDGE('',*,*,#1489,.F.);
#2127=ORIENTED_EDGE('',*,*,#1524,.T.);
#2128=ORIENTED_EDGE('',*,*,#1522,.T.);
#2129=ORIENTED_EDGE('',*,*,#1492,.F.);
#2130=ORIENTED_EDGE('',*,*,#1455,.T.);
#2131=ORIENTED_EDGE('',*,*,#1484,.T.);
#2132=ORIENTED_EDGE('',*,*,#1450,.T.);
#2133=ORIENTED_EDGE('',*,*,#1496,.F.);
#2134=ORIENTED_EDGE('',*,*,#1445,.T.);
#2135=ORIENTED_EDGE('',*,*,#1483,.T.);
#2136=ORIENTED_EDGE('',*,*,#1440,.T.);
#2137=ORIENTED_EDGE('',*,*,#1498,.F.);
#2138=ORIENTED_EDGE('',*,*,#1435,.T.);
#2139=ORIENTED_EDGE('',*,*,#1482,.T.);
#2140=ORIENTED_EDGE('',*,*,#1430,.T.);
#2141=ORIENTED_EDGE('',*,*,#1500,.F.);
#2142=ORIENTED_EDGE('',*,*,#1425,.T.);
#2143=ORIENTED_EDGE('',*,*,#1481,.T.);
#2144=ORIENTED_EDGE('',*,*,#1420,.T.);
#2145=ORIENTED_EDGE('',*,*,#1502,.F.);
#2146=ORIENTED_EDGE('',*,*,#1415,.T.);
#2147=ORIENTED_EDGE('',*,*,#1480,.T.);
#2148=ORIENTED_EDGE('',*,*,#1410,.T.);
#2149=ORIENTED_EDGE('',*,*,#1504,.F.);
#2150=ORIENTED_EDGE('',*,*,#1405,.T.);
#2151=ORIENTED_EDGE('',*,*,#1479,.T.);
#2152=ORIENTED_EDGE('',*,*,#1400,.T.);
#2153=ORIENTED_EDGE('',*,*,#1506,.F.);
#2154=ORIENTED_EDGE('',*,*,#1395,.T.);
#2155=ORIENTED_EDGE('',*,*,#1478,.T.);
#2156=ORIENTED_EDGE('',*,*,#1390,.T.);
#2157=ORIENTED_EDGE('',*,*,#1508,.F.);
#2158=ORIENTED_EDGE('',*,*,#1385,.T.);
#2159=ORIENTED_EDGE('',*,*,#1477,.T.);
#2160=ORIENTED_EDGE('',*,*,#1380,.T.);
#2161=ORIENTED_EDGE('',*,*,#1510,.F.);
#2162=ORIENTED_EDGE('',*,*,#1375,.T.);
#2163=ORIENTED_EDGE('',*,*,#1476,.T.);
#2164=ORIENTED_EDGE('',*,*,#1370,.T.);
#2165=ORIENTED_EDGE('',*,*,#1512,.F.);
#2166=ORIENTED_EDGE('',*,*,#1365,.T.);
#2167=ORIENTED_EDGE('',*,*,#1475,.T.);
#2168=ORIENTED_EDGE('',*,*,#1360,.T.);
#2169=ORIENTED_EDGE('',*,*,#1514,.F.);
#2170=ORIENTED_EDGE('',*,*,#1355,.T.);
#2171=ORIENTED_EDGE('',*,*,#1474,.T.);
#2172=ORIENTED_EDGE('',*,*,#1350,.T.);
#2173=ORIENTED_EDGE('',*,*,#1516,.F.);
#2174=ORIENTED_EDGE('',*,*,#1345,.T.);
#2175=ORIENTED_EDGE('',*,*,#1473,.T.);
#2176=ORIENTED_EDGE('',*,*,#1340,.T.);
#2177=ORIENTED_EDGE('',*,*,#1518,.F.);
#2178=ORIENTED_EDGE('',*,*,#1335,.T.);
#2179=ORIENTED_EDGE('',*,*,#1472,.T.);
#2180=ORIENTED_EDGE('',*,*,#1325,.T.);
#2181=ORIENTED_EDGE('',*,*,#1490,.T.);
#2182=ORIENTED_EDGE('',*,*,#1523,.T.);
#2183=ORIENTED_EDGE('',*,*,#1329,.T.);
#2184=ORIENTED_EDGE('',*,*,#1524,.F.);
#2185=ORIENTED_EDGE('',*,*,#1488,.F.);
#2186=ORIENTED_EDGE('',*,*,#1520,.F.);
#2187=ORIENTED_EDGE('',*,*,#1521,.F.);
#2188=ORIENTED_EDGE('',*,*,#1525,.F.);
#2189=ORIENTED_EDGE('',*,*,#1526,.T.);
#2190=ORIENTED_EDGE('',*,*,#1527,.T.);
#2191=ORIENTED_EDGE('',*,*,#1526,.F.);
#2192=ORIENTED_EDGE('',*,*,#1528,.F.);
#2193=ORIENTED_EDGE('',*,*,#1529,.T.);
#2194=ORIENTED_EDGE('',*,*,#1530,.F.);
#2195=ORIENTED_EDGE('',*,*,#1531,.F.);
#2196=ORIENTED_EDGE('',*,*,#1532,.F.);
#2197=ORIENTED_EDGE('',*,*,#1531,.T.);
#2198=ORIENTED_EDGE('',*,*,#1533,.F.);
#2199=ORIENTED_EDGE('',*,*,#1534,.F.);
#2200=ORIENTED_EDGE('',*,*,#1535,.F.);
#2201=ORIENTED_EDGE('',*,*,#1534,.T.);
#2202=ORIENTED_EDGE('',*,*,#1536,.F.);
#2203=ORIENTED_EDGE('',*,*,#1537,.F.);
#2204=ORIENTED_EDGE('',*,*,#1538,.F.);
#2205=ORIENTED_EDGE('',*,*,#1537,.T.);
#2206=ORIENTED_EDGE('',*,*,#1539,.F.);
#2207=ORIENTED_EDGE('',*,*,#1529,.F.);
#2208=ORIENTED_EDGE('',*,*,#1539,.T.);
#2209=ORIENTED_EDGE('',*,*,#1536,.T.);
#2210=ORIENTED_EDGE('',*,*,#1533,.T.);
#2211=ORIENTED_EDGE('',*,*,#1530,.T.);
#2212=ORIENTED_EDGE('',*,*,#1525,.T.);
#2213=ORIENTED_EDGE('',*,*,#1538,.T.);
#2214=ORIENTED_EDGE('',*,*,#1528,.T.);
#2215=ORIENTED_EDGE('',*,*,#1532,.T.);
#2216=ORIENTED_EDGE('',*,*,#1535,.T.);
#2217=ORIENTED_EDGE('',*,*,#1527,.F.);
#2218=CYLINDRICAL_SURFACE('',#2375,19.);
#2219=CYLINDRICAL_SURFACE('',#2380,19.);
#2220=CYLINDRICAL_SURFACE('',#2385,19.);
#2221=CYLINDRICAL_SURFACE('',#2390,19.);
#2222=CYLINDRICAL_SURFACE('',#2395,19.);
#2223=CYLINDRICAL_SURFACE('',#2400,19.);
#2224=CYLINDRICAL_SURFACE('',#2405,19.);
#2225=CYLINDRICAL_SURFACE('',#2410,19.);
#2226=CYLINDRICAL_SURFACE('',#2415,19.);
#2227=CYLINDRICAL_SURFACE('',#2420,19.);
#2228=CYLINDRICAL_SURFACE('',#2425,19.);
#2229=CYLINDRICAL_SURFACE('',#2430,19.);
#2230=CYLINDRICAL_SURFACE('',#2439,19.);
#2231=CYLINDRICAL_SURFACE('',#2444,19.);
#2232=CYLINDRICAL_SURFACE('',#2449,19.);
#2233=CYLINDRICAL_SURFACE('',#2454,19.);
#2234=CYLINDRICAL_SURFACE('',#2459,19.);
#2235=CYLINDRICAL_SURFACE('',#2464,19.);
#2236=CYLINDRICAL_SURFACE('',#2469,19.);
#2237=CYLINDRICAL_SURFACE('',#2474,19.);
#2238=CYLINDRICAL_SURFACE('',#2479,19.);
#2239=CYLINDRICAL_SURFACE('',#2484,19.);
#2240=CYLINDRICAL_SURFACE('',#2489,19.);
#2241=CYLINDRICAL_SURFACE('',#2494,19.);
#2242=CYLINDRICAL_SURFACE('',#2533,19.);
#2243=ADVANCED_FACE('',(#111),#2218,.F.);
#2244=ADVANCED_FACE('',(#112),#19,.F.);
#2245=ADVANCED_FACE('',(#113),#20,.F.);
#2246=ADVANCED_FACE('',(#114),#2219,.F.);
#2247=ADVANCED_FACE('',(#115),#21,.F.);
#2248=ADVANCED_FACE('',(#116),#22,.F.);
#2249=ADVANCED_FACE('',(#117),#2220,.F.);
#2250=ADVANCED_FACE('',(#118),#23,.F.);
#2251=ADVANCED_FACE('',(#119),#24,.F.);
#2252=ADVANCED_FACE('',(#120),#2221,.F.);
#2253=ADVANCED_FACE('',(#121),#25,.F.);
#2254=ADVANCED_FACE('',(#122),#26,.F.);
#2255=ADVANCED_FACE('',(#123),#2222,.F.);
#2256=ADVANCED_FACE('',(#124),#27,.F.);
#2257=ADVANCED_FACE('',(#125),#28,.F.);
#2258=ADVANCED_FACE('',(#126),#2223,.F.);
#2259=ADVANCED_FACE('',(#127),#29,.F.);
#2260=ADVANCED_FACE('',(#128),#30,.F.);
#2261=ADVANCED_FACE('',(#129),#2224,.F.);
#2262=ADVANCED_FACE('',(#130),#31,.F.);
#2263=ADVANCED_FACE('',(#131),#32,.F.);
#2264=ADVANCED_FACE('',(#132),#2225,.F.);
#2265=ADVANCED_FACE('',(#133),#33,.F.);
#2266=ADVANCED_FACE('',(#134),#34,.F.);
#2267=ADVANCED_FACE('',(#135),#2226,.F.);
#2268=ADVANCED_FACE('',(#136),#35,.F.);
#2269=ADVANCED_FACE('',(#137),#36,.F.);
#2270=ADVANCED_FACE('',(#138),#2227,.F.);
#2271=ADVANCED_FACE('',(#139),#37,.F.);
#2272=ADVANCED_FACE('',(#140),#38,.F.);
#2273=ADVANCED_FACE('',(#141),#2228,.F.);
#2274=ADVANCED_FACE('',(#142),#39,.F.);
#2275=ADVANCED_FACE('',(#143),#40,.F.);
#2276=ADVANCED_FACE('',(#144),#2229,.F.);
#2277=ADVANCED_FACE('',(#145),#41,.F.);
#2278=ADVANCED_FACE('',(#146),#42,.F.);
#2279=ADVANCED_FACE('',(#147),#43,.F.);
#2280=ADVANCED_FACE('',(#148),#44,.F.);
#2281=ADVANCED_FACE('',(#149),#45,.F.);
#2282=ADVANCED_FACE('',(#150),#46,.F.);
#2283=ADVANCED_FACE('',(#151),#2230,.F.);
#2284=ADVANCED_FACE('',(#152),#47,.F.);
#2285=ADVANCED_FACE('',(#153),#48,.F.);
#2286=ADVANCED_FACE('',(#154),#2231,.F.);
#2287=ADVANCED_FACE('',(#155),#49,.F.);
#2288=ADVANCED_FACE('',(#156),#50,.F.);
#2289=ADVANCED_FACE('',(#157),#2232,.F.);
#2290=ADVANCED_FACE('',(#158),#51,.F.);
#2291=ADVANCED_FACE('',(#159),#52,.F.);
#2292=ADVANCED_FACE('',(#160),#2233,.F.);
#2293=ADVANCED_FACE('',(#161),#53,.F.);
#2294=ADVANCED_FACE('',(#162),#54,.F.);
#2295=ADVANCED_FACE('',(#163),#2234,.F.);
#2296=ADVANCED_FACE('',(#164),#55,.F.);
#2297=ADVANCED_FACE('',(#165),#56,.F.);
#2298=ADVANCED_FACE('',(#166),#2235,.F.);
#2299=ADVANCED_FACE('',(#167),#57,.F.);
#2300=ADVANCED_FACE('',(#168),#58,.F.);
#2301=ADVANCED_FACE('',(#169),#2236,.F.);
#2302=ADVANCED_FACE('',(#170),#59,.F.);
#2303=ADVANCED_FACE('',(#171),#60,.F.);
#2304=ADVANCED_FACE('',(#172),#2237,.F.);
#2305=ADVANCED_FACE('',(#173),#61,.F.);
#2306=ADVANCED_FACE('',(#174),#62,.F.);
#2307=ADVANCED_FACE('',(#175),#2238,.F.);
#2308=ADVANCED_FACE('',(#176),#63,.F.);
#2309=ADVANCED_FACE('',(#177),#64,.F.);
#2310=ADVANCED_FACE('',(#178),#2239,.F.);
#2311=ADVANCED_FACE('',(#179),#65,.F.);
#2312=ADVANCED_FACE('',(#180),#66,.F.);
#2313=ADVANCED_FACE('',(#181),#2240,.F.);
#2314=ADVANCED_FACE('',(#182),#67,.F.);
#2315=ADVANCED_FACE('',(#183),#68,.F.);
#2316=ADVANCED_FACE('',(#184),#2241,.F.);
#2317=ADVANCED_FACE('',(#185),#69,.F.);
#2318=ADVANCED_FACE('',(#186),#70,.F.);
#2319=ADVANCED_FACE('',(#187),#71,.F.);
#2320=ADVANCED_FACE('',(#188),#72,.T.);
#2321=ADVANCED_FACE('',(#189),#73,.T.);
#2322=ADVANCED_FACE('',(#190),#74,.T.);
#2323=ADVANCED_FACE('',(#191),#75,.T.);
#2324=ADVANCED_FACE('',(#192),#76,.T.);
#2325=ADVANCED_FACE('',(#193),#77,.T.);
#2326=ADVANCED_FACE('',(#194),#78,.T.);
#2327=ADVANCED_FACE('',(#195),#79,.T.);
#2328=ADVANCED_FACE('',(#196),#80,.T.);
#2329=ADVANCED_FACE('',(#197),#81,.T.);
#2330=ADVANCED_FACE('',(#198),#82,.T.);
#2331=ADVANCED_FACE('',(#199),#83,.T.);
#2332=ADVANCED_FACE('',(#200),#84,.T.);
#2333=ADVANCED_FACE('',(#201),#85,.T.);
#2334=ADVANCED_FACE('',(#202),#86,.T.);
#2335=ADVANCED_FACE('',(#203),#87,.T.);
#2336=ADVANCED_FACE('',(#204),#88,.T.);
#2337=ADVANCED_FACE('',(#205),#89,.T.);
#2338=ADVANCED_FACE('',(#206),#90,.T.);
#2339=ADVANCED_FACE('',(#207),#91,.T.);
#2340=ADVANCED_FACE('',(#208),#92,.T.);
#2341=ADVANCED_FACE('',(#209),#93,.T.);
#2342=ADVANCED_FACE('',(#210),#94,.T.);
#2343=ADVANCED_FACE('',(#211),#95,.T.);
#2344=ADVANCED_FACE('',(#212),#96,.T.);
#2345=ADVANCED_FACE('',(#213),#97,.T.);
#2346=ADVANCED_FACE('',(#214),#98,.T.);
#2347=ADVANCED_FACE('',(#215),#99,.T.);
#2348=ADVANCED_FACE('',(#216),#100,.T.);
#2349=ADVANCED_FACE('',(#217),#101,.T.);
#2350=ADVANCED_FACE('',(#218),#102,.T.);
#2351=ADVANCED_FACE('',(#219),#103,.T.);
#2352=ADVANCED_FACE('',(#220),#104,.F.);
#2353=ADVANCED_FACE('',(#221),#2242,.F.);
#2354=ADVANCED_FACE('',(#222),#105,.T.);
#2355=ADVANCED_FACE('',(#223),#106,.T.);
#2356=ADVANCED_FACE('',(#224),#107,.T.);
#2357=ADVANCED_FACE('',(#225),#108,.T.);
#2358=ADVANCED_FACE('',(#226,#13),#109,.T.);
#2359=ADVANCED_FACE('',(#227,#14),#110,.F.);
#2360=CLOSED_SHELL('',(#2243,#2244,#2245,#2246,#2247,#2248,#2249,#2250,
#2251,#2252,#2253,#2254,#2255,#2256,#2257,#2258,#2259,#2260,#2261,#2262,
#2263,#2264,#2265,#2266,#2267,#2268,#2269,#2270,#2271,#2272,#2273,#2274,
#2275,#2276,#2277,#2278,#2279,#2280,#2281,#2282,#2283,#2284,#2285,#2286,
#2287,#2288,#2289,#2290,#2291,#2292,#2293,#2294,#2295,#2296,#2297,#2298,
#2299,#2300,#2301,#2302,#2303,#2304,#2305,#2306,#2307,#2308,#2309,#2310,
#2311,#2312,#2313,#2314,#2315,#2316,#2317,#2318,#2319,#2320,#2321,#2322,
#2323,#2324,#2325,#2326,#2327,#2328,#2329,#2330,#2331,#2332,#2333,#2334,
#2335,#2336,#2337,#2338,#2339,#2340,#2341,#2342,#2343,#2344,#2345,#2346,
#2347,#2348,#2349,#2350,#2351,#2352));
#2361=CLOSED_SHELL('',(#2353,#2354,#2355,#2356,#2357,#2358,#2359));
#2362=DERIVED_UNIT_ELEMENT(#2364,1.);
#2363=DERIVED_UNIT_ELEMENT(#3855,-3.);
#2364=(
MASS_UNIT()
NAMED_UNIT(*)
SI_UNIT(.KILO.,.GRAM.)
);
#2365=DERIVED_UNIT((#2362,#2363));
#2366=MEASURE_REPRESENTATION_ITEM('density measure',
POSITIVE_RATIO_MEASURE(7850.),#2365);
#2367=PROPERTY_DEFINITION_REPRESENTATION(#2372,#2369);
#2368=PROPERTY_DEFINITION_REPRESENTATION(#2373,#2370);
#2369=REPRESENTATION('material name',(#2371),#3852);
#2370=REPRESENTATION('density',(#2366),#3852);
#2371=DESCRIPTIVE_REPRESENTATION_ITEM('Steel','Steel');
#2372=PROPERTY_DEFINITION('material property','material name',#3862);
#2373=PROPERTY_DEFINITION('material property','density of part',#3862);
#2374=AXIS2_PLACEMENT_3D('',#3167,#2542,#2543);
#2375=AXIS2_PLACEMENT_3D('',#3168,#2544,#2545);
#2376=AXIS2_PLACEMENT_3D('',#3171,#2546,#2547);
#2377=AXIS2_PLACEMENT_3D('',#3175,#2549,#2550);
#2378=AXIS2_PLACEMENT_3D('',#3177,#2552,#2553);
#2379=AXIS2_PLACEMENT_3D('',#3183,#2557,#2558);
#2380=AXIS2_PLACEMENT_3D('',#3192,#2563,#2564);
#2381=AXIS2_PLACEMENT_3D('',#3194,#2565,#2566);
#2382=AXIS2_PLACEMENT_3D('',#3197,#2568,#2569);
#2383=AXIS2_PLACEMENT_3D('',#3198,#2570,#2571);
#2384=AXIS2_PLACEMENT_3D('',#3204,#2575,#2576);
#2385=AXIS2_PLACEMENT_3D('',#3213,#2581,#2582);
#2386=AXIS2_PLACEMENT_3D('',#3215,#2583,#2584);
#2387=AXIS2_PLACEMENT_3D('',#3218,#2586,#2587);
#2388=AXIS2_PLACEMENT_3D('',#3219,#2588,#2589);
#2389=AXIS2_PLACEMENT_3D('',#3225,#2593,#2594);
#2390=AXIS2_PLACEMENT_3D('',#3234,#2599,#2600);
#2391=AXIS2_PLACEMENT_3D('',#3236,#2601,#2602);
#2392=AXIS2_PLACEMENT_3D('',#3239,#2604,#2605);
#2393=AXIS2_PLACEMENT_3D('',#3240,#2606,#2607);
#2394=AXIS2_PLACEMENT_3D('',#3246,#2611,#2612);
#2395=AXIS2_PLACEMENT_3D('',#3255,#2617,#2618);
#2396=AXIS2_PLACEMENT_3D('',#3257,#2619,#2620);
#2397=AXIS2_PLACEMENT_3D('',#3260,#2622,#2623);
#2398=AXIS2_PLACEMENT_3D('',#3261,#2624,#2625);
#2399=AXIS2_PLACEMENT_3D('',#3267,#2629,#2630);
#2400=AXIS2_PLACEMENT_3D('',#3276,#2635,#2636);
#2401=AXIS2_PLACEMENT_3D('',#3278,#2637,#2638);
#2402=AXIS2_PLACEMENT_3D('',#3281,#2640,#2641);
#2403=AXIS2_PLACEMENT_3D('',#3282,#2642,#2643);
#2404=AXIS2_PLACEMENT_3D('',#3288,#2647,#2648);
#2405=AXIS2_PLACEMENT_3D('',#3297,#2653,#2654);
#2406=AXIS2_PLACEMENT_3D('',#3299,#2655,#2656);
#2407=AXIS2_PLACEMENT_3D('',#3302,#2658,#2659);
#2408=AXIS2_PLACEMENT_3D('',#3303,#2660,#2661);
#2409=AXIS2_PLACEMENT_3D('',#3309,#2665,#2666);
#2410=AXIS2_PLACEMENT_3D('',#3318,#2671,#2672);
#2411=AXIS2_PLACEMENT_3D('',#3320,#2673,#2674);
#2412=AXIS2_PLACEMENT_3D('',#3323,#2676,#2677);
#2413=AXIS2_PLACEMENT_3D('',#3324,#2678,#2679);
#2414=AXIS2_PLACEMENT_3D('',#3330,#2683,#2684);
#2415=AXIS2_PLACEMENT_3D('',#3339,#2689,#2690);
#2416=AXIS2_PLACEMENT_3D('',#3341,#2691,#2692);
#2417=AXIS2_PLACEMENT_3D('',#3344,#2694,#2695);
#2418=AXIS2_PLACEMENT_3D('',#3345,#2696,#2697);
#2419=AXIS2_PLACEMENT_3D('',#3351,#2701,#2702);
#2420=AXIS2_PLACEMENT_3D('',#3360,#2707,#2708);
#2421=AXIS2_PLACEMENT_3D('',#3362,#2709,#2710);
#2422=AXIS2_PLACEMENT_3D('',#3365,#2712,#2713);
#2423=AXIS2_PLACEMENT_3D('',#3366,#2714,#2715);
#2424=AXIS2_PLACEMENT_3D('',#3372,#2719,#2720);
#2425=AXIS2_PLACEMENT_3D('',#3381,#2725,#2726);
#2426=AXIS2_PLACEMENT_3D('',#3383,#2727,#2728);
#2427=AXIS2_PLACEMENT_3D('',#3386,#2730,#2731);
#2428=AXIS2_PLACEMENT_3D('',#3387,#2732,#2733);
#2429=AXIS2_PLACEMENT_3D('',#3393,#2737,#2738);
#2430=AXIS2_PLACEMENT_3D('',#3402,#2743,#2744);
#2431=AXIS2_PLACEMENT_3D('',#3404,#2745,#2746);
#2432=AXIS2_PLACEMENT_3D('',#3407,#2748,#2749);
#2433=AXIS2_PLACEMENT_3D('',#3408,#2750,#2751);
#2434=AXIS2_PLACEMENT_3D('',#3414,#2755,#2756);
#2435=AXIS2_PLACEMENT_3D('',#3423,#2761,#2762);
#2436=AXIS2_PLACEMENT_3D('',#3429,#2766,#2767);
#2437=AXIS2_PLACEMENT_3D('',#3438,#2772,#2773);
#2438=AXIS2_PLACEMENT_3D('',#3444,#2777,#2778);
#2439=AXIS2_PLACEMENT_3D('',#3453,#2783,#2784);
#2440=AXIS2_PLACEMENT_3D('',#3455,#2785,#2786);
#2441=AXIS2_PLACEMENT_3D('',#3458,#2788,#2789);
#2442=AXIS2_PLACEMENT_3D('',#3459,#2790,#2791);
#2443=AXIS2_PLACEMENT_3D('',#3465,#2795,#2796);
#2444=AXIS2_PLACEMENT_3D('',#3474,#2801,#2802);
#2445=AXIS2_PLACEMENT_3D('',#3476,#2803,#2804);
#2446=AXIS2_PLACEMENT_3D('',#3479,#2806,#2807);
#2447=AXIS2_PLACEMENT_3D('',#3480,#2808,#2809);
#2448=AXIS2_PLACEMENT_3D('',#3486,#2813,#2814);
#2449=AXIS2_PLACEMENT_3D('',#3495,#2819,#2820);
#2450=AXIS2_PLACEMENT_3D('',#3497,#2821,#2822);
#2451=AXIS2_PLACEMENT_3D('',#3500,#2824,#2825);
#2452=AXIS2_PLACEMENT_3D('',#3501,#2826,#2827);
#2453=AXIS2_PLACEMENT_3D('',#3507,#2831,#2832);
#2454=AXIS2_PLACEMENT_3D('',#3516,#2837,#2838);
#2455=AXIS2_PLACEMENT_3D('',#3518,#2839,#2840);
#2456=AXIS2_PLACEMENT_3D('',#3521,#2842,#2843);
#2457=AXIS2_PLACEMENT_3D('',#3522,#2844,#2845);
#2458=AXIS2_PLACEMENT_3D('',#3528,#2849,#2850);
#2459=AXIS2_PLACEMENT_3D('',#3537,#2855,#2856);
#2460=AXIS2_PLACEMENT_3D('',#3539,#2857,#2858);
#2461=AXIS2_PLACEMENT_3D('',#3542,#2860,#2861);
#2462=AXIS2_PLACEMENT_3D('',#3543,#2862,#2863);
#2463=AXIS2_PLACEMENT_3D('',#3549,#2867,#2868);
#2464=AXIS2_PLACEMENT_3D('',#3558,#2873,#2874);
#2465=AXIS2_PLACEMENT_3D('',#3560,#2875,#2876);
#2466=AXIS2_PLACEMENT_3D('',#3563,#2878,#2879);
#2467=AXIS2_PLACEMENT_3D('',#3564,#2880,#2881);
#2468=AXIS2_PLACEMENT_3D('',#3570,#2885,#2886);
#2469=AXIS2_PLACEMENT_3D('',#3579,#2891,#2892);
#2470=AXIS2_PLACEMENT_3D('',#3581,#2893,#2894);
#2471=AXIS2_PLACEMENT_3D('',#3584,#2896,#2897);
#2472=AXIS2_PLACEMENT_3D('',#3585,#2898,#2899);
#2473=AXIS2_PLACEMENT_3D('',#3591,#2903,#2904);
#2474=AXIS2_PLACEMENT_3D('',#3600,#2909,#2910);
#2475=AXIS2_PLACEMENT_3D('',#3602,#2911,#2912);
#2476=AXIS2_PLACEMENT_3D('',#3605,#2914,#2915);
#2477=AXIS2_PLACEMENT_3D('',#3606,#2916,#2917);
#2478=AXIS2_PLACEMENT_3D('',#3612,#2921,#2922);
#2479=AXIS2_PLACEMENT_3D('',#3621,#2927,#2928);
#2480=AXIS2_PLACEMENT_3D('',#3623,#2929,#2930);
#2481=AXIS2_PLACEMENT_3D('',#3626,#2932,#2933);
#2482=AXIS2_PLACEMENT_3D('',#3627,#2934,#2935);
#2483=AXIS2_PLACEMENT_3D('',#3633,#2939,#2940);
#2484=AXIS2_PLACEMENT_3D('',#3642,#2945,#2946);
#2485=AXIS2_PLACEMENT_3D('',#3644,#2947,#2948);
#2486=AXIS2_PLACEMENT_3D('',#3647,#2950,#2951);
#2487=AXIS2_PLACEMENT_3D('',#3648,#2952,#2953);
#2488=AXIS2_PLACEMENT_3D('',#3654,#2957,#2958);
#2489=AXIS2_PLACEMENT_3D('',#3663,#2963,#2964);
#2490=AXIS2_PLACEMENT_3D('',#3665,#2965,#2966);
#2491=AXIS2_PLACEMENT_3D('',#3668,#2968,#2969);
#2492=AXIS2_PLACEMENT_3D('',#3669,#2970,#2971);
#2493=AXIS2_PLACEMENT_3D('',#3675,#2975,#2976);
#2494=AXIS2_PLACEMENT_3D('',#3684,#2981,#2982);
#2495=AXIS2_PLACEMENT_3D('',#3686,#2983,#2984);
#2496=AXIS2_PLACEMENT_3D('',#3689,#2986,#2987);
#2497=AXIS2_PLACEMENT_3D('',#3690,#2988,#2989);
#2498=AXIS2_PLACEMENT_3D('',#3696,#2993,#2994);
#2499=AXIS2_PLACEMENT_3D('',#3705,#2999,#3000);
#2500=AXIS2_PLACEMENT_3D('',#3711,#3004,#3005);
#2501=AXIS2_PLACEMENT_3D('',#3739,#3033,#3034);
#2502=AXIS2_PLACEMENT_3D('',#3749,#3040,#3041);
#2503=AXIS2_PLACEMENT_3D('',#3751,#3043,#3044);
#2504=AXIS2_PLACEMENT_3D('',#3757,#3048,#3049);
#2505=AXIS2_PLACEMENT_3D('',#3759,#3051,#3052);
#2506=AXIS2_PLACEMENT_3D('',#3761,#3054,#3055);
#2507=AXIS2_PLACEMENT_3D('',#3763,#3057,#3058);
#2508=AXIS2_PLACEMENT_3D('',#3765,#3060,#3061);
#2509=AXIS2_PLACEMENT_3D('',#3767,#3063,#3064);
#2510=AXIS2_PLACEMENT_3D('',#3769,#3066,#3067);
#2511=AXIS2_PLACEMENT_3D('',#3771,#3069,#3070);
#2512=AXIS2_PLACEMENT_3D('',#3773,#3072,#3073);
#2513=AXIS2_PLACEMENT_3D('',#3775,#3075,#3076);
#2514=AXIS2_PLACEMENT_3D('',#3777,#3078,#3079);
#2515=AXIS2_PLACEMENT_3D('',#3779,#3081,#3082);
#2516=AXIS2_PLACEMENT_3D('',#3781,#3084,#3085);
#2517=AXIS2_PLACEMENT_3D('',#3783,#3087,#3088);
#2518=AXIS2_PLACEMENT_3D('',#3785,#3090,#3091);
#2519=AXIS2_PLACEMENT_3D('',#3787,#3093,#3094);
#2520=AXIS2_PLACEMENT_3D('',#3789,#3096,#3097);
#2521=AXIS2_PLACEMENT_3D('',#3791,#3099,#3100);
#2522=AXIS2_PLACEMENT_3D('',#3793,#3102,#3103);
#2523=AXIS2_PLACEMENT_3D('',#3795,#3105,#3106);
#2524=AXIS2_PLACEMENT_3D('',#3797,#3108,#3109);
#2525=AXIS2_PLACEMENT_3D('',#3799,#3111,#3112);
#2526=AXIS2_PLACEMENT_3D('',#3801,#3114,#3115);
#2527=AXIS2_PLACEMENT_3D('',#3803,#3117,#3118);
#2528=AXIS2_PLACEMENT_3D('',#3805,#3120,#3121);
#2529=AXIS2_PLACEMENT_3D('',#3809,#3124,#3125);
#2530=AXIS2_PLACEMENT_3D('',#3813,#3128,#3129);
#2531=AXIS2_PLACEMENT_3D('',#3816,#3132,#3133);
#2532=AXIS2_PLACEMENT_3D('',#3817,#3134,#3135);
#2533=AXIS2_PLACEMENT_3D('',#3818,#3136,#3137);
#2534=AXIS2_PLACEMENT_3D('',#3820,#3138,#3139);
#2535=AXIS2_PLACEMENT_3D('',#3823,#3141,#3142);
#2536=AXIS2_PLACEMENT_3D('',#3824,#3143,#3144);
#2537=AXIS2_PLACEMENT_3D('',#3833,#3149,#3150);
#2538=AXIS2_PLACEMENT_3D('',#3839,#3154,#3155);
#2539=AXIS2_PLACEMENT_3D('',#3845,#3159,#3160);
#2540=AXIS2_PLACEMENT_3D('',#3848,#3163,#3164);
#2541=AXIS2_PLACEMENT_3D('',#3849,#3165,#3166);
#2542=DIRECTION('axis',(0.,0.,1.));
#2543=DIRECTION('refdir',(1.,0.,0.));
#2544=DIRECTION('center_axis',(0.,-1.,0.));
#2545=DIRECTION('ref_axis',(-1.,0.,0.));
#2546=DIRECTION('center_axis',(0.,-1.,0.));
#2547=DIRECTION('ref_axis',(-1.,0.,0.));
#2548=DIRECTION('',(0.,-1.,0.));
#2549=DIRECTION('center_axis',(0.,-1.,0.));
#2550=DIRECTION('ref_axis',(-1.,0.,0.));
#2551=DIRECTION('',(0.,-1.,0.));
#2552=DIRECTION('center_axis',(1.07858814300846E-16,0.,1.));
#2553=DIRECTION('ref_axis',(-1.,0.,1.07858814300846E-16));
#2554=DIRECTION('',(-1.,0.,1.07858814300846E-16));
#2555=DIRECTION('',(0.,1.,0.));
#2556=DIRECTION('',(-1.,0.,1.07858814300846E-16));
#2557=DIRECTION('center_axis',(4.20409332334637E-16,0.,-1.));
#2558=DIRECTION('ref_axis',(1.,0.,4.20409332334637E-16));
#2559=DIRECTION('',(1.,0.,4.20409332334637E-16));
#2560=DIRECTION('',(0.,-1.,0.));
#2561=DIRECTION('',(1.,0.,4.20409332334637E-16));
#2562=DIRECTION('',(0.,-1.,0.));
#2563=DIRECTION('center_axis',(0.,-1.,0.));
#2564=DIRECTION('ref_axis',(-1.,0.,0.));
#2565=DIRECTION('center_axis',(0.,-1.,0.));
#2566=DIRECTION('ref_axis',(-1.,0.,0.));
#2567=DIRECTION('',(0.,-1.,0.));
#2568=DIRECTION('center_axis',(0.,-1.,0.));
#2569=DIRECTION('ref_axis',(-1.,0.,0.));
#2570=DIRECTION('center_axis',(0.,0.,1.));
#2571=DIRECTION('ref_axis',(-1.,0.,0.));
#2572=DIRECTION('',(-1.,0.,0.));
#2573=DIRECTION('',(0.,1.,0.));
#2574=DIRECTION('',(-1.,0.,0.));
#2575=DIRECTION('center_axis',(0.,0.,-1.));
#2576=DIRECTION('ref_axis',(1.,0.,0.));
#2577=DIRECTION('',(1.,0.,0.));
#2578=DIRECTION('',(0.,-1.,0.));
#2579=DIRECTION('',(1.,0.,0.));
#2580=DIRECTION('',(0.,-1.,0.));
#2581=DIRECTION('center_axis',(0.,-1.,0.));
#2582=DIRECTION('ref_axis',(-1.,0.,0.));
#2583=DIRECTION('center_axis',(0.,-1.,0.));
#2584=DIRECTION('ref_axis',(-1.,0.,0.));
#2585=DIRECTION('',(0.,-1.,0.));
#2586=DIRECTION('center_axis',(0.,-1.,0.));
#2587=DIRECTION('ref_axis',(-1.,0.,0.));
#2588=DIRECTION('center_axis',(7.38731191915762E-16,0.,1.));
#2589=DIRECTION('ref_axis',(-1.,0.,7.38731191915762E-16));
#2590=DIRECTION('',(-1.,0.,7.38731191915762E-16));
#2591=DIRECTION('',(0.,1.,0.));
#2592=DIRECTION('',(-1.,0.,7.38731191915762E-16));
#2593=DIRECTION('center_axis',(0.,0.,-1.));
#2594=DIRECTION('ref_axis',(1.,0.,0.));
#2595=DIRECTION('',(1.,0.,0.));
#2596=DIRECTION('',(0.,-1.,0.));
#2597=DIRECTION('',(1.,0.,0.));
#2598=DIRECTION('',(0.,-1.,0.));
#2599=DIRECTION('center_axis',(0.,-1.,0.));
#2600=DIRECTION('ref_axis',(-1.,0.,0.));
#2601=DIRECTION('center_axis',(0.,-1.,0.));
#2602=DIRECTION('ref_axis',(-1.,0.,0.));
#2603=DIRECTION('',(0.,-1.,0.));
#2604=DIRECTION('center_axis',(0.,-1.,0.));
#2605=DIRECTION('ref_axis',(-1.,0.,0.));
#2606=DIRECTION('center_axis',(0.,0.,1.));
#2607=DIRECTION('ref_axis',(-1.,0.,0.));
#2608=DIRECTION('',(-1.,0.,0.));
#2609=DIRECTION('',(0.,1.,0.));
#2610=DIRECTION('',(-1.,0.,0.));
#2611=DIRECTION('center_axis',(0.,0.,-1.));
#2612=DIRECTION('ref_axis',(1.,0.,0.));
#2613=DIRECTION('',(1.,0.,0.));
#2614=DIRECTION('',(0.,-1.,0.));
#2615=DIRECTION('',(1.,0.,0.));
#2616=DIRECTION('',(0.,-1.,0.));
#2617=DIRECTION('center_axis',(0.,-1.,0.));
#2618=DIRECTION('ref_axis',(-1.,0.,0.));
#2619=DIRECTION('center_axis',(0.,-1.,0.));
#2620=DIRECTION('ref_axis',(-1.,0.,0.));
#2621=DIRECTION('',(0.,-1.,0.));
#2622=DIRECTION('center_axis',(0.,-1.,0.));
#2623=DIRECTION('ref_axis',(-1.,0.,0.));
#2624=DIRECTION('center_axis',(0.,0.,1.));
#2625=DIRECTION('ref_axis',(-1.,0.,0.));
#2626=DIRECTION('',(-1.,0.,0.));
#2627=DIRECTION('',(0.,1.,0.));
#2628=DIRECTION('',(-1.,0.,0.));
#2629=DIRECTION('center_axis',(0.,0.,-1.));
#2630=DIRECTION('ref_axis',(1.,0.,0.));
#2631=DIRECTION('',(1.,0.,0.));
#2632=DIRECTION('',(0.,-1.,0.));
#2633=DIRECTION('',(1.,0.,0.));
#2634=DIRECTION('',(0.,-1.,0.));
#2635=DIRECTION('center_axis',(0.,-1.,0.));
#2636=DIRECTION('ref_axis',(-1.,0.,0.));
#2637=DIRECTION('center_axis',(0.,-1.,0.));
#2638=DIRECTION('ref_axis',(-1.,0.,0.));
#2639=DIRECTION('',(0.,-1.,0.));
#2640=DIRECTION('center_axis',(0.,-1.,0.));
#2641=DIRECTION('ref_axis',(-1.,0.,0.));
#2642=DIRECTION('center_axis',(0.,0.,1.));
#2643=DIRECTION('ref_axis',(-1.,0.,0.));
#2644=DIRECTION('',(-1.,0.,0.));
#2645=DIRECTION('',(0.,1.,0.));
#2646=DIRECTION('',(-1.,0.,0.));
#2647=DIRECTION('center_axis',(0.,0.,-1.));
#2648=DIRECTION('ref_axis',(1.,0.,0.));
#2649=DIRECTION('',(1.,0.,0.));
#2650=DIRECTION('',(0.,-1.,0.));
#2651=DIRECTION('',(1.,0.,0.));
#2652=DIRECTION('',(0.,-1.,0.));
#2653=DIRECTION('center_axis',(0.,-1.,0.));
#2654=DIRECTION('ref_axis',(-1.,0.,0.));
#2655=DIRECTION('center_axis',(0.,-1.,0.));
#2656=DIRECTION('ref_axis',(-1.,0.,0.));
#2657=DIRECTION('',(0.,-1.,0.));
#2658=DIRECTION('center_axis',(0.,-1.,0.));
#2659=DIRECTION('ref_axis',(-1.,0.,0.));
#2660=DIRECTION('center_axis',(0.,0.,1.));
#2661=DIRECTION('ref_axis',(-1.,0.,0.));
#2662=DIRECTION('',(-1.,0.,0.));
#2663=DIRECTION('',(0.,1.,0.));
#2664=DIRECTION('',(-1.,0.,0.));
#2665=DIRECTION('center_axis',(0.,0.,-1.));
#2666=DIRECTION('ref_axis',(1.,0.,0.));
#2667=DIRECTION('',(1.,0.,0.));
#2668=DIRECTION('',(0.,-1.,0.));
#2669=DIRECTION('',(1.,0.,0.));
#2670=DIRECTION('',(0.,-1.,0.));
#2671=DIRECTION('center_axis',(0.,-1.,0.));
#2672=DIRECTION('ref_axis',(-1.,0.,0.));
#2673=DIRECTION('center_axis',(0.,-1.,0.));
#2674=DIRECTION('ref_axis',(-1.,0.,0.));
#2675=DIRECTION('',(0.,-1.,0.));
#2676=DIRECTION('center_axis',(0.,-1.,0.));
#2677=DIRECTION('ref_axis',(-1.,0.,0.));
#2678=DIRECTION('center_axis',(0.,0.,1.));
#2679=DIRECTION('ref_axis',(-1.,0.,0.));
#2680=DIRECTION('',(-1.,0.,0.));
#2681=DIRECTION('',(0.,1.,0.));
#2682=DIRECTION('',(-1.,0.,0.));
#2683=DIRECTION('center_axis',(0.,0.,-1.));
#2684=DIRECTION('ref_axis',(1.,0.,0.));
#2685=DIRECTION('',(1.,0.,0.));
#2686=DIRECTION('',(0.,-1.,0.));
#2687=DIRECTION('',(1.,0.,0.));
#2688=DIRECTION('',(0.,-1.,0.));
#2689=DIRECTION('center_axis',(0.,-1.,0.));
#2690=DIRECTION('ref_axis',(-1.,0.,0.));
#2691=DIRECTION('center_axis',(0.,-1.,0.));
#2692=DIRECTION('ref_axis',(-1.,0.,0.));
#2693=DIRECTION('',(0.,-1.,0.));
#2694=DIRECTION('center_axis',(0.,-1.,0.));
#2695=DIRECTION('ref_axis',(-1.,0.,0.));
#2696=DIRECTION('center_axis',(0.,0.,1.));
#2697=DIRECTION('ref_axis',(-1.,0.,0.));
#2698=DIRECTION('',(-1.,0.,0.));
#2699=DIRECTION('',(0.,1.,0.));
#2700=DIRECTION('',(-1.,0.,0.));
#2701=DIRECTION('center_axis',(0.,0.,-1.));
#2702=DIRECTION('ref_axis',(1.,0.,0.));
#2703=DIRECTION('',(1.,0.,0.));
#2704=DIRECTION('',(0.,-1.,0.));
#2705=DIRECTION('',(1.,0.,0.));
#2706=DIRECTION('',(0.,-1.,0.));
#2707=DIRECTION('center_axis',(0.,-1.,0.));
#2708=DIRECTION('ref_axis',(-1.,0.,0.));
#2709=DIRECTION('center_axis',(0.,-1.,0.));
#2710=DIRECTION('ref_axis',(-1.,0.,0.));
#2711=DIRECTION('',(0.,-1.,0.));
#2712=DIRECTION('center_axis',(0.,-1.,0.));
#2713=DIRECTION('ref_axis',(-1.,0.,0.));
#2714=DIRECTION('center_axis',(-8.42716899674264E-16,0.,1.));
#2715=DIRECTION('ref_axis',(-1.,0.,-8.42716899674264E-16));
#2716=DIRECTION('',(-1.,0.,-8.42716899674264E-16));
#2717=DIRECTION('',(0.,1.,0.));
#2718=DIRECTION('',(-1.,0.,-8.42716899674264E-16));
#2719=DIRECTION('center_axis',(0.,0.,-1.));
#2720=DIRECTION('ref_axis',(1.,0.,0.));
#2721=DIRECTION('',(1.,0.,0.));
#2722=DIRECTION('',(0.,-1.,0.));
#2723=DIRECTION('',(1.,0.,0.));
#2724=DIRECTION('',(0.,-1.,0.));
#2725=DIRECTION('center_axis',(0.,-1.,0.));
#2726=DIRECTION('ref_axis',(-1.,0.,0.));
#2727=DIRECTION('center_axis',(0.,-1.,0.));
#2728=DIRECTION('ref_axis',(-1.,0.,0.));
#2729=DIRECTION('',(0.,-1.,0.));
#2730=DIRECTION('center_axis',(0.,-1.,0.));
#2731=DIRECTION('ref_axis',(-1.,0.,0.));
#2732=DIRECTION('center_axis',(0.,0.,1.));
#2733=DIRECTION('ref_axis',(-1.,0.,0.));
#2734=DIRECTION('',(-1.,0.,0.));
#2735=DIRECTION('',(0.,1.,0.));
#2736=DIRECTION('',(-1.,0.,0.));
#2737=DIRECTION('center_axis',(0.,0.,-1.));
#2738=DIRECTION('ref_axis',(1.,0.,0.));
#2739=DIRECTION('',(1.,0.,0.));
#2740=DIRECTION('',(0.,-1.,0.));
#2741=DIRECTION('',(1.,0.,0.));
#2742=DIRECTION('',(0.,-1.,0.));
#2743=DIRECTION('center_axis',(0.,-1.,0.));
#2744=DIRECTION('ref_axis',(-1.,0.,0.));
#2745=DIRECTION('center_axis',(0.,-1.,0.));
#2746=DIRECTION('ref_axis',(-1.,0.,0.));
#2747=DIRECTION('',(0.,-1.,0.));
#2748=DIRECTION('center_axis',(0.,-1.,0.));
#2749=DIRECTION('ref_axis',(-1.,0.,0.));
#2750=DIRECTION('center_axis',(0.,0.,1.));
#2751=DIRECTION('ref_axis',(-1.,0.,0.));
#2752=DIRECTION('',(-1.,0.,0.));
#2753=DIRECTION('',(0.,1.,0.));
#2754=DIRECTION('',(-1.,0.,0.));
#2755=DIRECTION('center_axis',(0.,0.,-1.));
#2756=DIRECTION('ref_axis',(1.,0.,0.));
#2757=DIRECTION('',(1.,0.,0.));
#2758=DIRECTION('',(0.,-1.,0.));
#2759=DIRECTION('',(1.,0.,0.));
#2760=DIRECTION('',(0.,-1.,0.));
#2761=DIRECTION('center_axis',(1.,0.,0.));
#2762=DIRECTION('ref_axis',(0.,0.,1.));
#2763=DIRECTION('',(0.,0.,1.));
#2764=DIRECTION('',(0.,1.,0.));
#2765=DIRECTION('',(0.,0.,1.));
#2766=DIRECTION('center_axis',(-1.,0.,0.));
#2767=DIRECTION('ref_axis',(0.,0.,-1.));
#2768=DIRECTION('',(0.,0.,-1.));
#2769=DIRECTION('',(0.,-1.,0.));
#2770=DIRECTION('',(0.,0.,-1.));
#2771=DIRECTION('',(0.,-1.,0.));
#2772=DIRECTION('center_axis',(0.,0.,-1.));
#2773=DIRECTION('ref_axis',(1.,0.,0.));
#2774=DIRECTION('',(1.,0.,0.));
#2775=DIRECTION('',(0.,1.,0.));
#2776=DIRECTION('',(1.,0.,0.));
#2777=DIRECTION('center_axis',(0.,0.,1.));
#2778=DIRECTION('ref_axis',(-1.,0.,0.));
#2779=DIRECTION('',(-1.,0.,0.));
#2780=DIRECTION('',(0.,-1.,0.));
#2781=DIRECTION('',(-1.,0.,0.));
#2782=DIRECTION('',(0.,-1.,0.));
#2783=DIRECTION('center_axis',(0.,-1.,0.));
#2784=DIRECTION('ref_axis',(-1.,0.,0.));
#2785=DIRECTION('center_axis',(0.,-1.,0.));
#2786=DIRECTION('ref_axis',(-1.,0.,0.));
#2787=DIRECTION('',(0.,-1.,0.));
#2788=DIRECTION('center_axis',(0.,-1.,0.));
#2789=DIRECTION('ref_axis',(-1.,0.,0.));
#2790=DIRECTION('center_axis',(0.,0.,-1.));
#2791=DIRECTION('ref_axis',(1.,0.,0.));
#2792=DIRECTION('',(1.,0.,0.));
#2793=DIRECTION('',(0.,1.,0.));
#2794=DIRECTION('',(1.,0.,0.));
#2795=DIRECTION('center_axis',(0.,0.,1.));
#2796=DIRECTION('ref_axis',(-1.,0.,0.));
#2797=DIRECTION('',(-1.,0.,0.));
#2798=DIRECTION('',(0.,-1.,0.));
#2799=DIRECTION('',(-1.,0.,0.));
#2800=DIRECTION('',(0.,-1.,0.));
#2801=DIRECTION('center_axis',(0.,-1.,0.));
#2802=DIRECTION('ref_axis',(-1.,0.,0.));
#2803=DIRECTION('center_axis',(0.,-1.,0.));
#2804=DIRECTION('ref_axis',(-1.,0.,0.));
#2805=DIRECTION('',(0.,-1.,0.));
#2806=DIRECTION('center_axis',(0.,-1.,0.));
#2807=DIRECTION('ref_axis',(-1.,0.,0.));
#2808=DIRECTION('center_axis',(0.,0.,-1.));
#2809=DIRECTION('ref_axis',(1.,0.,0.));
#2810=DIRECTION('',(1.,0.,0.));
#2811=DIRECTION('',(0.,1.,0.));
#2812=DIRECTION('',(1.,0.,0.));
#2813=DIRECTION('center_axis',(0.,0.,1.));
#2814=DIRECTION('ref_axis',(-1.,0.,0.));
#2815=DIRECTION('',(-1.,0.,0.));
#2816=DIRECTION('',(0.,-1.,0.));
#2817=DIRECTION('',(-1.,0.,0.));
#2818=DIRECTION('',(0.,-1.,0.));
#2819=DIRECTION('center_axis',(0.,-1.,0.));
#2820=DIRECTION('ref_axis',(-1.,0.,0.));
#2821=DIRECTION('center_axis',(0.,-1.,0.));
#2822=DIRECTION('ref_axis',(-1.,0.,0.));
#2823=DIRECTION('',(0.,-1.,0.));
#2824=DIRECTION('center_axis',(0.,-1.,0.));
#2825=DIRECTION('ref_axis',(-1.,0.,0.));
#2826=DIRECTION('center_axis',(0.,0.,-1.));
#2827=DIRECTION('ref_axis',(1.,0.,0.));
#2828=DIRECTION('',(1.,0.,0.));
#2829=DIRECTION('',(0.,1.,0.));
#2830=DIRECTION('',(1.,0.,0.));
#2831=DIRECTION('center_axis',(0.,0.,1.));
#2832=DIRECTION('ref_axis',(-1.,0.,0.));
#2833=DIRECTION('',(-1.,0.,0.));
#2834=DIRECTION('',(0.,-1.,0.));
#2835=DIRECTION('',(-1.,0.,0.));
#2836=DIRECTION('',(0.,-1.,0.));
#2837=DIRECTION('center_axis',(0.,-1.,0.));
#2838=DIRECTION('ref_axis',(-1.,0.,0.));
#2839=DIRECTION('center_axis',(0.,-1.,0.));
#2840=DIRECTION('ref_axis',(-1.,0.,0.));
#2841=DIRECTION('',(0.,-1.,0.));
#2842=DIRECTION('center_axis',(0.,-1.,0.));
#2843=DIRECTION('ref_axis',(-1.,0.,0.));
#2844=DIRECTION('center_axis',(0.,0.,-1.));
#2845=DIRECTION('ref_axis',(1.,0.,0.));
#2846=DIRECTION('',(1.,0.,0.));
#2847=DIRECTION('',(0.,1.,0.));
#2848=DIRECTION('',(1.,0.,0.));
#2849=DIRECTION('center_axis',(0.,0.,1.));
#2850=DIRECTION('ref_axis',(-1.,0.,0.));
#2851=DIRECTION('',(-1.,0.,0.));
#2852=DIRECTION('',(0.,-1.,0.));
#2853=DIRECTION('',(-1.,0.,0.));
#2854=DIRECTION('',(0.,-1.,0.));
#2855=DIRECTION('center_axis',(0.,-1.,0.));
#2856=DIRECTION('ref_axis',(-1.,0.,0.));
#2857=DIRECTION('center_axis',(0.,-1.,0.));
#2858=DIRECTION('ref_axis',(-1.,0.,0.));
#2859=DIRECTION('',(0.,-1.,0.));
#2860=DIRECTION('center_axis',(0.,-1.,0.));
#2861=DIRECTION('ref_axis',(-1.,0.,0.));
#2862=DIRECTION('center_axis',(0.,0.,-1.));
#2863=DIRECTION('ref_axis',(1.,0.,0.));
#2864=DIRECTION('',(1.,0.,0.));
#2865=DIRECTION('',(0.,1.,0.));
#2866=DIRECTION('',(1.,0.,0.));
#2867=DIRECTION('center_axis',(0.,0.,1.));
#2868=DIRECTION('ref_axis',(-1.,0.,0.));
#2869=DIRECTION('',(-1.,0.,0.));
#2870=DIRECTION('',(0.,-1.,0.));
#2871=DIRECTION('',(-1.,0.,0.));
#2872=DIRECTION('',(0.,-1.,0.));
#2873=DIRECTION('center_axis',(0.,-1.,0.));
#2874=DIRECTION('ref_axis',(-1.,0.,0.));
#2875=DIRECTION('center_axis',(0.,-1.,0.));
#2876=DIRECTION('ref_axis',(-1.,0.,0.));
#2877=DIRECTION('',(0.,-1.,0.));
#2878=DIRECTION('center_axis',(0.,-1.,0.));
#2879=DIRECTION('ref_axis',(-1.,0.,0.));
#2880=DIRECTION('center_axis',(0.,0.,-1.));
#2881=DIRECTION('ref_axis',(1.,0.,0.));
#2882=DIRECTION('',(1.,0.,0.));
#2883=DIRECTION('',(0.,1.,0.));
#2884=DIRECTION('',(1.,0.,0.));
#2885=DIRECTION('center_axis',(0.,0.,1.));
#2886=DIRECTION('ref_axis',(-1.,0.,0.));
#2887=DIRECTION('',(-1.,0.,0.));
#2888=DIRECTION('',(0.,-1.,0.));
#2889=DIRECTION('',(-1.,0.,0.));
#2890=DIRECTION('',(0.,-1.,0.));
#2891=DIRECTION('center_axis',(0.,-1.,0.));
#2892=DIRECTION('ref_axis',(-1.,0.,0.));
#2893=DIRECTION('center_axis',(0.,-1.,0.));
#2894=DIRECTION('ref_axis',(-1.,0.,0.));
#2895=DIRECTION('',(0.,-1.,0.));
#2896=DIRECTION('center_axis',(0.,-1.,0.));
#2897=DIRECTION('ref_axis',(-1.,0.,0.));
#2898=DIRECTION('center_axis',(0.,0.,-1.));
#2899=DIRECTION('ref_axis',(1.,0.,0.));
#2900=DIRECTION('',(1.,0.,0.));
#2901=DIRECTION('',(0.,1.,0.));
#2902=DIRECTION('',(1.,0.,0.));
#2903=DIRECTION('center_axis',(0.,0.,1.));
#2904=DIRECTION('ref_axis',(-1.,0.,0.));
#2905=DIRECTION('',(-1.,0.,0.));
#2906=DIRECTION('',(0.,-1.,0.));
#2907=DIRECTION('',(-1.,0.,0.));
#2908=DIRECTION('',(0.,-1.,0.));
#2909=DIRECTION('center_axis',(0.,-1.,0.));
#2910=DIRECTION('ref_axis',(-1.,0.,0.));
#2911=DIRECTION('center_axis',(0.,-1.,0.));
#2912=DIRECTION('ref_axis',(-1.,0.,0.));
#2913=DIRECTION('',(0.,-1.,0.));
#2914=DIRECTION('center_axis',(0.,-1.,0.));
#2915=DIRECTION('ref_axis',(-1.,0.,0.));
#2916=DIRECTION('center_axis',(0.,0.,-1.));
#2917=DIRECTION('ref_axis',(1.,0.,0.));
#2918=DIRECTION('',(1.,0.,0.));
#2919=DIRECTION('',(0.,1.,0.));
#2920=DIRECTION('',(1.,0.,0.));
#2921=DIRECTION('center_axis',(0.,0.,1.));
#2922=DIRECTION('ref_axis',(-1.,0.,0.));
#2923=DIRECTION('',(-1.,0.,0.));
#2924=DIRECTION('',(0.,-1.,0.));
#2925=DIRECTION('',(-1.,0.,0.));
#2926=DIRECTION('',(0.,-1.,0.));
#2927=DIRECTION('center_axis',(0.,-1.,0.));
#2928=DIRECTION('ref_axis',(-1.,0.,0.));
#2929=DIRECTION('center_axis',(0.,-1.,0.));
#2930=DIRECTION('ref_axis',(-1.,0.,0.));
#2931=DIRECTION('',(0.,-1.,0.));
#2932=DIRECTION('center_axis',(0.,-1.,0.));
#2933=DIRECTION('ref_axis',(-1.,0.,0.));
#2934=DIRECTION('center_axis',(0.,0.,-1.));
#2935=DIRECTION('ref_axis',(1.,0.,0.));
#2936=DIRECTION('',(1.,0.,0.));
#2937=DIRECTION('',(0.,1.,0.));
#2938=DIRECTION('',(1.,0.,0.));
#2939=DIRECTION('center_axis',(0.,0.,1.));
#2940=DIRECTION('ref_axis',(-1.,0.,0.));
#2941=DIRECTION('',(-1.,0.,0.));
#2942=DIRECTION('',(0.,-1.,0.));
#2943=DIRECTION('',(-1.,0.,0.));
#2944=DIRECTION('',(0.,-1.,0.));
#2945=DIRECTION('center_axis',(0.,-1.,0.));
#2946=DIRECTION('ref_axis',(-1.,0.,0.));
#2947=DIRECTION('center_axis',(0.,-1.,0.));
#2948=DIRECTION('ref_axis',(-1.,0.,0.));
#2949=DIRECTION('',(0.,-1.,0.));
#2950=DIRECTION('center_axis',(0.,-1.,0.));
#2951=DIRECTION('ref_axis',(-1.,0.,0.));
#2952=DIRECTION('center_axis',(0.,0.,-1.));
#2953=DIRECTION('ref_axis',(1.,0.,0.));
#2954=DIRECTION('',(1.,0.,0.));
#2955=DIRECTION('',(0.,1.,0.));
#2956=DIRECTION('',(1.,0.,0.));
#2957=DIRECTION('center_axis',(0.,0.,1.));
#2958=DIRECTION('ref_axis',(-1.,0.,0.));
#2959=DIRECTION('',(-1.,0.,0.));
#2960=DIRECTION('',(0.,-1.,0.));
#2961=DIRECTION('',(-1.,0.,0.));
#2962=DIRECTION('',(0.,-1.,0.));
#2963=DIRECTION('center_axis',(0.,-1.,0.));
#2964=DIRECTION('ref_axis',(-1.,0.,0.));
#2965=DIRECTION('center_axis',(0.,-1.,0.));
#2966=DIRECTION('ref_axis',(-1.,0.,0.));
#2967=DIRECTION('',(0.,-1.,0.));
#2968=DIRECTION('center_axis',(0.,-1.,0.));
#2969=DIRECTION('ref_axis',(-1.,0.,0.));
#2970=DIRECTION('center_axis',(0.,0.,-1.));
#2971=DIRECTION('ref_axis',(1.,0.,0.));
#2972=DIRECTION('',(1.,0.,0.));
#2973=DIRECTION('',(0.,1.,0.));
#2974=DIRECTION('',(1.,0.,0.));
#2975=DIRECTION('center_axis',(0.,0.,1.));
#2976=DIRECTION('ref_axis',(-1.,0.,0.));
#2977=DIRECTION('',(-1.,0.,0.));
#2978=DIRECTION('',(0.,-1.,0.));
#2979=DIRECTION('',(-1.,0.,0.));
#2980=DIRECTION('',(0.,-1.,0.));
#2981=DIRECTION('center_axis',(0.,-1.,0.));
#2982=DIRECTION('ref_axis',(-1.,0.,0.));
#2983=DIRECTION('center_axis',(0.,-1.,0.));
#2984=DIRECTION('ref_axis',(-1.,0.,0.));
#2985=DIRECTION('',(0.,-1.,0.));
#2986=DIRECTION('center_axis',(0.,-1.,0.));
#2987=DIRECTION('ref_axis',(-1.,0.,0.));
#2988=DIRECTION('center_axis',(0.,0.,-1.));
#2989=DIRECTION('ref_axis',(1.,0.,0.));
#2990=DIRECTION('',(1.,0.,0.));
#2991=DIRECTION('',(0.,1.,0.));
#2992=DIRECTION('',(1.,0.,0.));
#2993=DIRECTION('center_axis',(0.,0.,1.));
#2994=DIRECTION('ref_axis',(-1.,0.,0.));
#2995=DIRECTION('',(-1.,0.,0.));
#2996=DIRECTION('',(0.,1.,0.));
#2997=DIRECTION('',(-1.,0.,0.));
#2998=DIRECTION('',(0.,-1.,0.));
#2999=DIRECTION('center_axis',(-2.27162048355079E-16,0.,-1.));
#3000=DIRECTION('ref_axis',(1.,0.,-2.27162048355079E-16));
#3001=DIRECTION('',(1.,0.,-2.27162048355079E-16));
#3002=DIRECTION('',(1.,0.,-2.27162048355079E-16));
#3003=DIRECTION('',(0.,-1.,0.));
#3004=DIRECTION('center_axis',(0.,1.,0.));
#3005=DIRECTION('ref_axis',(-1.,0.,0.));
#3006=DIRECTION('',(0.,0.,1.));
#3007=DIRECTION('',(0.,0.,1.));
#3008=DIRECTION('',(0.,0.,1.));
#3009=DIRECTION('',(0.,0.,1.));
#3010=DIRECTION('',(0.,0.,1.));
#3011=DIRECTION('',(0.,0.,1.));
#3012=DIRECTION('',(0.,0.,1.));
#3013=DIRECTION('',(0.,0.,1.));
#3014=DIRECTION('',(0.,0.,1.));
#3015=DIRECTION('',(0.,0.,1.));
#3016=DIRECTION('',(0.,0.,1.));
#3017=DIRECTION('',(0.,0.,1.));
#3018=DIRECTION('',(1.,0.,0.));
#3019=DIRECTION('',(0.,0.,-1.));
#3020=DIRECTION('',(0.,0.,-1.));
#3021=DIRECTION('',(0.,0.,-1.));
#3022=DIRECTION('',(0.,0.,-1.));
#3023=DIRECTION('',(0.,0.,-1.));
#3024=DIRECTION('',(0.,0.,-1.));
#3025=DIRECTION('',(0.,0.,-1.));
#3026=DIRECTION('',(0.,0.,-1.));
#3027=DIRECTION('',(0.,0.,-1.));
#3028=DIRECTION('',(0.,0.,-1.));
#3029=DIRECTION('',(0.,0.,-1.));
#3030=DIRECTION('',(0.,0.,-1.));
#3031=DIRECTION('',(0.,0.,-1.));
#3032=DIRECTION('',(0.,0.,1.));
#3033=DIRECTION('center_axis',(0.,0.,-1.));
#3034=DIRECTION('ref_axis',(-1.,0.,0.));
#3035=DIRECTION('',(-1.,0.,0.));
#3036=DIRECTION('',(0.,1.,0.));
#3037=DIRECTION('',(-1.,0.,0.));
#3038=DIRECTION('',(0.,1.,0.));
#3039=DIRECTION('',(-1.,0.,0.));
#3040=DIRECTION('center_axis',(0.,1.,0.));
#3041=DIRECTION('ref_axis',(0.,0.,1.));
#3042=DIRECTION('',(0.,0.,-1.));
#3043=DIRECTION('center_axis',(0.,1.,0.));
#3044=DIRECTION('ref_axis',(0.,0.,1.));
#3045=DIRECTION('',(0.,0.,1.));
#3046=DIRECTION('',(1.,0.,0.));
#3047=DIRECTION('',(0.,0.,-1.));
#3048=DIRECTION('center_axis',(0.,1.,0.));
#3049=DIRECTION('ref_axis',(0.,0.,1.));
#3050=DIRECTION('',(0.,0.,-1.));
#3051=DIRECTION('center_axis',(0.,1.,0.));
#3052=DIRECTION('ref_axis',(0.,0.,1.));
#3053=DIRECTION('',(0.,0.,1.));
#3054=DIRECTION('center_axis',(0.,1.,0.));
#3055=DIRECTION('ref_axis',(0.,0.,1.));
#3056=DIRECTION('',(0.,0.,-1.));
#3057=DIRECTION('center_axis',(0.,1.,0.));
#3058=DIRECTION('ref_axis',(0.,0.,1.));
#3059=DIRECTION('',(0.,0.,1.));
#3060=DIRECTION('center_axis',(0.,1.,0.));
#3061=DIRECTION('ref_axis',(0.,0.,1.));
#3062=DIRECTION('',(0.,0.,-1.));
#3063=DIRECTION('center_axis',(0.,1.,0.));
#3064=DIRECTION('ref_axis',(0.,0.,1.));
#3065=DIRECTION('',(0.,0.,1.));
#3066=DIRECTION('center_axis',(0.,1.,0.));
#3067=DIRECTION('ref_axis',(0.,0.,1.));
#3068=DIRECTION('',(0.,0.,-1.));
#3069=DIRECTION('center_axis',(0.,1.,0.));
#3070=DIRECTION('ref_axis',(0.,0.,1.));
#3071=DIRECTION('',(0.,0.,1.));
#3072=DIRECTION('center_axis',(0.,1.,0.));
#3073=DIRECTION('ref_axis',(0.,0.,1.));
#3074=DIRECTION('',(0.,0.,-1.));
#3075=DIRECTION('center_axis',(0.,1.,0.));
#3076=DIRECTION('ref_axis',(0.,0.,1.));
#3077=DIRECTION('',(0.,0.,1.));
#3078=DIRECTION('center_axis',(0.,1.,0.));
#3079=DIRECTION('ref_axis',(0.,0.,1.));
#3080=DIRECTION('',(0.,0.,-1.));
#3081=DIRECTION('center_axis',(0.,1.,0.));
#3082=DIRECTION('ref_axis',(0.,0.,1.));
#3083=DIRECTION('',(0.,0.,1.));
#3084=DIRECTION('center_axis',(0.,1.,0.));
#3085=DIRECTION('ref_axis',(0.,0.,1.));
#3086=DIRECTION('',(0.,0.,-1.));
#3087=DIRECTION('center_axis',(0.,1.,0.));
#3088=DIRECTION('ref_axis',(0.,0.,1.));
#3089=DIRECTION('',(0.,0.,1.));
#3090=DIRECTION('center_axis',(0.,1.,0.));
#3091=DIRECTION('ref_axis',(0.,0.,1.));
#3092=DIRECTION('',(0.,0.,-1.));
#3093=DIRECTION('center_axis',(0.,1.,0.));
#3094=DIRECTION('ref_axis',(0.,0.,1.));
#3095=DIRECTION('',(0.,0.,1.));
#3096=DIRECTION('center_axis',(0.,1.,0.));
#3097=DIRECTION('ref_axis',(0.,0.,1.));
#3098=DIRECTION('',(0.,0.,-1.));
#3099=DIRECTION('center_axis',(0.,1.,0.));
#3100=DIRECTION('ref_axis',(0.,0.,1.));
#3101=DIRECTION('',(0.,0.,1.));
#3102=DIRECTION('center_axis',(0.,1.,0.));
#3103=DIRECTION('ref_axis',(0.,0.,1.));
#3104=DIRECTION('',(0.,0.,-1.));
#3105=DIRECTION('center_axis',(0.,1.,0.));
#3106=DIRECTION('ref_axis',(0.,0.,1.));
#3107=DIRECTION('',(0.,0.,1.));
#3108=DIRECTION('center_axis',(0.,1.,0.));
#3109=DIRECTION('ref_axis',(0.,0.,1.));
#3110=DIRECTION('',(0.,0.,-1.));
#3111=DIRECTION('center_axis',(0.,1.,0.));
#3112=DIRECTION('ref_axis',(0.,0.,1.));
#3113=DIRECTION('',(0.,0.,1.));
#3114=DIRECTION('center_axis',(0.,1.,0.));
#3115=DIRECTION('ref_axis',(0.,0.,1.));
#3116=DIRECTION('',(0.,0.,-1.));
#3117=DIRECTION('center_axis',(0.,1.,0.));
#3118=DIRECTION('ref_axis',(0.,0.,1.));
#3119=DIRECTION('',(0.,0.,1.));
#3120=DIRECTION('center_axis',(1.,0.,0.));
#3121=DIRECTION('ref_axis',(0.,0.,-1.));
#3122=DIRECTION('',(0.,1.,0.));
#3123=DIRECTION('',(0.,0.,-1.));
#3124=DIRECTION('center_axis',(0.,0.,1.));
#3125=DIRECTION('ref_axis',(1.,0.,0.));
#3126=DIRECTION('',(1.,0.,0.));
#3127=DIRECTION('',(0.,1.,0.));
#3128=DIRECTION('center_axis',(-1.,0.,0.));
#3129=DIRECTION('ref_axis',(0.,0.,1.));
#3130=DIRECTION('',(0.,0.,1.));
#3131=DIRECTION('',(0.,0.,1.));
#3132=DIRECTION('center_axis',(0.,1.,0.));
#3133=DIRECTION('ref_axis',(0.,0.,1.));
#3134=DIRECTION('center_axis',(0.,1.,0.));
#3135=DIRECTION('ref_axis',(1.,0.,0.));
#3136=DIRECTION('center_axis',(0.,1.,0.));
#3137=DIRECTION('ref_axis',(-1.,0.,0.));
#3138=DIRECTION('center_axis',(0.,-1.,0.));
#3139=DIRECTION('ref_axis',(-1.,0.,0.));
#3140=DIRECTION('',(0.,-1.,0.));
#3141=DIRECTION('center_axis',(0.,-1.,0.));
#3142=DIRECTION('ref_axis',(-1.,0.,0.));
#3143=DIRECTION('center_axis',(-1.,0.,0.));
#3144=DIRECTION('ref_axis',(0.,0.,1.));
#3145=DIRECTION('',(0.,0.,-1.));
#3146=DIRECTION('',(0.,1.,0.));
#3147=DIRECTION('',(0.,0.,1.));
#3148=DIRECTION('',(0.,1.,0.));
#3149=DIRECTION('center_axis',(0.,0.,-1.));
#3150=DIRECTION('ref_axis',(-1.,0.,0.));
#3151=DIRECTION('',(1.,0.,0.));
#3152=DIRECTION('',(-1.,0.,0.));
#3153=DIRECTION('',(0.,1.,0.));
#3154=DIRECTION('center_axis',(1.,0.,0.));
#3155=DIRECTION('ref_axis',(0.,0.,-1.));
#3156=DIRECTION('',(0.,0.,1.));
#3157=DIRECTION('',(0.,0.,-1.));
#3158=DIRECTION('',(0.,1.,0.));
#3159=DIRECTION('center_axis',(0.,0.,1.));
#3160=DIRECTION('ref_axis',(1.,0.,0.));
#3161=DIRECTION('',(-1.,0.,0.));
#3162=DIRECTION('',(1.,0.,0.));
#3163=DIRECTION('center_axis',(0.,1.,0.));
#3164=DIRECTION('ref_axis',(-1.,0.,0.));
#3165=DIRECTION('center_axis',(0.,1.,0.));
#3166=DIRECTION('ref_axis',(-1.,0.,0.));
#3167=CARTESIAN_POINT('',(0.,0.,0.));
#3168=CARTESIAN_POINT('Origin',(20.,12.,-20.));
#3169=CARTESIAN_POINT('',(29.7067010070363,12.,-3.6666));
#3170=CARTESIAN_POINT('',(27.7815965225653,12.,-2.6666));
#3171=CARTESIAN_POINT('Origin',(20.,12.,-20.));
#3172=CARTESIAN_POINT('',(29.7067010070363,0.999999999999999,-3.6666));
#3173=CARTESIAN_POINT('',(29.7067010070363,12.,-3.6666));
#3174=CARTESIAN_POINT('',(27.7815965225653,0.999999999999999,-2.6666));
#3175=CARTESIAN_POINT('Origin',(20.,0.999999999999999,-20.));
#3176=CARTESIAN_POINT('',(27.7815965225653,12.,-2.6666));
#3177=CARTESIAN_POINT('Origin',(40.,12.,-3.6666));
#3178=CARTESIAN_POINT('',(40.,12.,-3.6666));
#3179=CARTESIAN_POINT('',(30.,12.,-3.6666));
#3180=CARTESIAN_POINT('',(40.,0.999999999999999,-3.6666));
#3181=CARTESIAN_POINT('',(40.,6.,-3.6666));
#3182=CARTESIAN_POINT('',(40.,0.999999999999999,-3.6666));
#3183=CARTESIAN_POINT('Origin',(32.0775567578877,12.,-5.3326));
#3184=CARTESIAN_POINT('',(32.0775567578877,12.,-5.3326));
#3185=CARTESIAN_POINT('',(40.,12.,-5.3326));
#3186=CARTESIAN_POINT('',(26.0387783789439,12.,-5.3326));
#3187=CARTESIAN_POINT('',(32.0775567578877,0.999999999999999,-5.3326));
#3188=CARTESIAN_POINT('',(32.0775567578877,12.,-5.3326));
#3189=CARTESIAN_POINT('',(40.,0.999999999999999,-5.3326));
#3190=CARTESIAN_POINT('',(40.,0.999999999999999,-5.3326));
#3191=CARTESIAN_POINT('',(40.,6.,-5.3326));
#3192=CARTESIAN_POINT('Origin',(20.,12.,-20.));
#3193=CARTESIAN_POINT('',(33.1985672419396,12.,-6.3326));
#3194=CARTESIAN_POINT('Origin',(20.,12.,-20.));
#3195=CARTESIAN_POINT('',(33.1985672419396,0.999999999999999,-6.3326));
#3196=CARTESIAN_POINT('',(33.1985672419396,12.,-6.3326));
#3197=CARTESIAN_POINT('Origin',(20.,0.999999999999999,-20.));
#3198=CARTESIAN_POINT('Origin',(40.,12.,-6.3326));
#3199=CARTESIAN_POINT('',(40.,12.,-6.3326));
#3200=CARTESIAN_POINT('',(30.,12.,-6.3326));
#3201=CARTESIAN_POINT('',(40.,0.999999999999999,-6.3326));
#3202=CARTESIAN_POINT('',(40.,6.,-6.3326));
#3203=CARTESIAN_POINT('',(40.,0.999999999999999,-6.3326));
#3204=CARTESIAN_POINT('Origin',(34.7302681360524,12.,-7.9992));
#3205=CARTESIAN_POINT('',(34.7302681360524,12.,-7.9992));
#3206=CARTESIAN_POINT('',(40.,12.,-7.9992));
#3207=CARTESIAN_POINT('',(27.3651340680262,12.,-7.9992));
#3208=CARTESIAN_POINT('',(34.7302681360524,0.999999999999999,-7.9992));
#3209=CARTESIAN_POINT('',(34.7302681360524,12.,-7.9992));
#3210=CARTESIAN_POINT('',(40.,0.999999999999999,-7.9992));
#3211=CARTESIAN_POINT('',(40.,0.999999999999999,-7.9992));
#3212=CARTESIAN_POINT('',(40.,6.,-7.9992));
#3213=CARTESIAN_POINT('Origin',(20.,12.,-20.));
#3214=CARTESIAN_POINT('',(35.4913653162011,12.,-8.9992));
#3215=CARTESIAN_POINT('Origin',(20.,12.,-20.));
#3216=CARTESIAN_POINT('',(35.4913653162011,0.999999999999999,-8.9992));
#3217=CARTESIAN_POINT('',(35.4913653162011,12.,-8.9992));
#3218=CARTESIAN_POINT('Origin',(20.,0.999999999999999,-20.));
#3219=CARTESIAN_POINT('Origin',(40.,12.,-8.9992));
#3220=CARTESIAN_POINT('',(40.,12.,-8.9992));
#3221=CARTESIAN_POINT('',(30.,12.,-8.99919999999999));
#3222=CARTESIAN_POINT('',(40.,0.999999999999999,-8.9992));
#3223=CARTESIAN_POINT('',(40.,6.,-8.9992));
#3224=CARTESIAN_POINT('',(40.,0.999999999999999,-8.9992));
#3225=CARTESIAN_POINT('Origin',(36.5490999864041,12.,-10.6658));
#3226=CARTESIAN_POINT('',(36.5490999864041,12.,-10.6658));
#3227=CARTESIAN_POINT('',(40.,12.,-10.6658));
#3228=CARTESIAN_POINT('',(28.274549993202,12.,-10.6658));
#3229=CARTESIAN_POINT('',(36.5490999864041,0.999999999999999,-10.6658));
#3230=CARTESIAN_POINT('',(36.5490999864041,12.,-10.6658));
#3231=CARTESIAN_POINT('',(40.,0.999999999999999,-10.6658));
#3232=CARTESIAN_POINT('',(40.,0.999999999999999,-10.6658));
#3233=CARTESIAN_POINT('',(40.,6.,-10.6658));
#3234=CARTESIAN_POINT('Origin',(20.,12.,-20.));
#3235=CARTESIAN_POINT('',(37.0745749686486,12.,-11.6658));
#3236=CARTESIAN_POINT('Origin',(20.,12.,-20.));
#3237=CARTESIAN_POINT('',(37.0745749686486,0.999999999999999,-11.6658));
#3238=CARTESIAN_POINT('',(37.0745749686486,12.,-11.6658));
#3239=CARTESIAN_POINT('Origin',(20.,0.999999999999999,-20.));
#3240=CARTESIAN_POINT('Origin',(40.,12.,-11.6658));
#3241=CARTESIAN_POINT('',(40.,12.,-11.6658));
#3242=CARTESIAN_POINT('',(30.,12.,-11.6658));
#3243=CARTESIAN_POINT('',(40.,0.999999999999999,-11.6658));
#3244=CARTESIAN_POINT('',(40.,6.,-11.6658));
#3245=CARTESIAN_POINT('',(40.,0.999999999999999,-11.6658));
#3246=CARTESIAN_POINT('Origin',(37.7914335779892,12.,-13.3318));
#3247=CARTESIAN_POINT('',(37.7914335779892,12.,-13.3318));
#3248=CARTESIAN_POINT('',(40.,12.,-13.3318));
#3249=CARTESIAN_POINT('',(28.8957167889946,12.,-13.3318));
#3250=CARTESIAN_POINT('',(37.7914335779892,0.999999999999999,-13.3318));
#3251=CARTESIAN_POINT('',(37.7914335779892,12.,-13.3318));
#3252=CARTESIAN_POINT('',(40.,0.999999999999999,-13.3318));
#3253=CARTESIAN_POINT('',(40.,0.999999999999999,-13.3318));
#3254=CARTESIAN_POINT('',(40.,6.,-13.3318));
#3255=CARTESIAN_POINT('Origin',(20.,12.,-20.));
#3256=CARTESIAN_POINT('',(38.134814825633,12.,-14.3318));
#3257=CARTESIAN_POINT('Origin',(20.,12.,-20.));
#3258=CARTESIAN_POINT('',(38.134814825633,0.999999999999999,-14.3318));
#3259=CARTESIAN_POINT('',(38.134814825633,12.,-14.3318));
#3260=CARTESIAN_POINT('Origin',(20.,0.999999999999999,-20.));
#3261=CARTESIAN_POINT('Origin',(40.,12.,-14.3318));
#3262=CARTESIAN_POINT('',(40.,12.,-14.3318));
#3263=CARTESIAN_POINT('',(30.,12.,-14.3318));
#3264=CARTESIAN_POINT('',(40.,0.999999999999999,-14.3318));
#3265=CARTESIAN_POINT('',(40.,6.,-14.3318));
#3266=CARTESIAN_POINT('',(40.,0.999999999999999,-14.3318));
#3267=CARTESIAN_POINT('Origin',(38.5738309844792,12.,-15.9984));
#3268=CARTESIAN_POINT('',(38.5738309844792,12.,-15.9984));
#3269=CARTESIAN_POINT('',(40.,12.,-15.9984));
#3270=CARTESIAN_POINT('',(29.2869154922396,12.,-15.9984));
#3271=CARTESIAN_POINT('',(38.5738309844792,0.999999999999999,-15.9984));
#3272=CARTESIAN_POINT('',(38.5738309844792,12.,-15.9984));
#3273=CARTESIAN_POINT('',(40.,0.999999999999999,-15.9984));
#3274=CARTESIAN_POINT('',(40.,0.999999999999999,-15.9984));
#3275=CARTESIAN_POINT('',(40.,6.,-15.9984));
#3276=CARTESIAN_POINT('Origin',(20.,12.,-20.));
#3277=CARTESIAN_POINT('',(38.7614071284645,12.,-16.9984));
#3278=CARTESIAN_POINT('Origin',(20.,12.,-20.));
#3279=CARTESIAN_POINT('',(38.7614071284645,0.999999999999999,-16.9984));
#3280=CARTESIAN_POINT('',(38.7614071284645,12.,-16.9984));
#3281=CARTESIAN_POINT('Origin',(20.,0.999999999999999,-20.));
#3282=CARTESIAN_POINT('Origin',(40.,12.,-16.9984));
#3283=CARTESIAN_POINT('',(40.,12.,-16.9984));
#3284=CARTESIAN_POINT('',(30.,12.,-16.9984));
#3285=CARTESIAN_POINT('',(40.,0.999999999999999,-16.9984));
#3286=CARTESIAN_POINT('',(40.,6.,-16.9984));
#3287=CARTESIAN_POINT('',(40.,0.999999999999999,-16.9984));
#3288=CARTESIAN_POINT('Origin',(38.7614071284645,12.,-23.0016));
#3289=CARTESIAN_POINT('',(38.7614071284645,12.,-23.0016));
#3290=CARTESIAN_POINT('',(40.,12.,-23.0016));
#3291=CARTESIAN_POINT('',(29.3807035642323,12.,-23.0016));
#3292=CARTESIAN_POINT('',(38.7614071284645,0.999999999999999,-23.0016));
#3293=CARTESIAN_POINT('',(38.7614071284645,12.,-23.0016));
#3294=CARTESIAN_POINT('',(40.,0.999999999999999,-23.0016));
#3295=CARTESIAN_POINT('',(38.7614071284645,0.999999999999999,-23.0016));
#3296=CARTESIAN_POINT('',(40.,6.,-23.0016));
#3297=CARTESIAN_POINT('Origin',(20.,12.,-20.));
#3298=CARTESIAN_POINT('',(38.5738309844792,12.,-24.0016));
#3299=CARTESIAN_POINT('Origin',(20.,12.,-20.));
#3300=CARTESIAN_POINT('',(38.5738309844792,0.999999999999999,-24.0016));
#3301=CARTESIAN_POINT('',(38.5738309844792,12.,-24.0016));
#3302=CARTESIAN_POINT('Origin',(20.,0.999999999999999,-20.));
#3303=CARTESIAN_POINT('Origin',(40.,12.,-24.0016));
#3304=CARTESIAN_POINT('',(40.,12.,-24.0016));
#3305=CARTESIAN_POINT('',(30.,12.,-24.0016));
#3306=CARTESIAN_POINT('',(40.,0.999999999999999,-24.0016));
#3307=CARTESIAN_POINT('',(40.,6.,-24.0016));
#3308=CARTESIAN_POINT('',(38.5738309844792,0.999999999999999,-24.0016));
#3309=CARTESIAN_POINT('Origin',(38.134814825633,12.,-25.6682));
#3310=CARTESIAN_POINT('',(38.134814825633,12.,-25.6682));
#3311=CARTESIAN_POINT('',(40.,12.,-25.6682));
#3312=CARTESIAN_POINT('',(29.0674074128165,12.,-25.6682));
#3313=CARTESIAN_POINT('',(38.134814825633,0.999999999999999,-25.6682));
#3314=CARTESIAN_POINT('',(38.134814825633,12.,-25.6682));
#3315=CARTESIAN_POINT('',(40.,0.999999999999999,-25.6682));
#3316=CARTESIAN_POINT('',(38.134814825633,0.999999999999999,-25.6682));
#3317=CARTESIAN_POINT('',(40.,6.,-25.6682));
#3318=CARTESIAN_POINT('Origin',(20.,12.,-20.));
#3319=CARTESIAN_POINT('',(37.7914335779892,12.,-26.6682));
#3320=CARTESIAN_POINT('Origin',(20.,12.,-20.));
#3321=CARTESIAN_POINT('',(37.7914335779892,0.999999999999999,-26.6682));
#3322=CARTESIAN_POINT('',(37.7914335779892,12.,-26.6682));
#3323=CARTESIAN_POINT('Origin',(20.,0.999999999999999,-20.));
#3324=CARTESIAN_POINT('Origin',(40.,12.,-26.6682));
#3325=CARTESIAN_POINT('',(40.,12.,-26.6682));
#3326=CARTESIAN_POINT('',(30.,12.,-26.6682));
#3327=CARTESIAN_POINT('',(40.,0.999999999999999,-26.6682));
#3328=CARTESIAN_POINT('',(40.,6.,-26.6682));
#3329=CARTESIAN_POINT('',(37.7914335779892,0.999999999999999,-26.6682));
#3330=CARTESIAN_POINT('Origin',(37.0745749686486,12.,-28.3342));
#3331=CARTESIAN_POINT('',(37.0745749686486,12.,-28.3342));
#3332=CARTESIAN_POINT('',(40.,12.,-28.3342));
#3333=CARTESIAN_POINT('',(28.5372874843243,12.,-28.3342));
#3334=CARTESIAN_POINT('',(37.0745749686486,0.999999999999999,-28.3342));
#3335=CARTESIAN_POINT('',(37.0745749686486,12.,-28.3342));
#3336=CARTESIAN_POINT('',(40.,0.999999999999999,-28.3342));
#3337=CARTESIAN_POINT('',(37.0745749686486,0.999999999999999,-28.3342));
#3338=CARTESIAN_POINT('',(40.,6.,-28.3342));
#3339=CARTESIAN_POINT('Origin',(20.,12.,-20.));
#3340=CARTESIAN_POINT('',(36.5490999864041,12.,-29.3342));
#3341=CARTESIAN_POINT('Origin',(20.,12.,-20.));
#3342=CARTESIAN_POINT('',(36.5490999864041,0.999999999999999,-29.3342));
#3343=CARTESIAN_POINT('',(36.5490999864041,12.,-29.3342));
#3344=CARTESIAN_POINT('Origin',(20.,0.999999999999999,-20.));
#3345=CARTESIAN_POINT('Origin',(40.,12.,-29.3342));
#3346=CARTESIAN_POINT('',(40.,12.,-29.3342));
#3347=CARTESIAN_POINT('',(30.,12.,-29.3342));
#3348=CARTESIAN_POINT('',(40.,0.999999999999999,-29.3342));
#3349=CARTESIAN_POINT('',(40.,6.,-29.3342));
#3350=CARTESIAN_POINT('',(36.5490999864041,0.999999999999999,-29.3342));
#3351=CARTESIAN_POINT('Origin',(35.4913653162011,12.,-31.0008));
#3352=CARTESIAN_POINT('',(35.4913653162011,12.,-31.0008));
#3353=CARTESIAN_POINT('',(40.,12.,-31.0008));
#3354=CARTESIAN_POINT('',(27.7456826581006,12.,-31.0008));
#3355=CARTESIAN_POINT('',(35.4913653162011,0.999999999999999,-31.0008));
#3356=CARTESIAN_POINT('',(35.4913653162011,12.,-31.0008));
#3357=CARTESIAN_POINT('',(40.,0.999999999999999,-31.0008));
#3358=CARTESIAN_POINT('',(35.4913653162011,0.999999999999999,-31.0008));
#3359=CARTESIAN_POINT('',(40.,6.,-31.0008));
#3360=CARTESIAN_POINT('Origin',(20.,12.,-20.));
#3361=CARTESIAN_POINT('',(34.7302681360524,12.,-32.0008));
#3362=CARTESIAN_POINT('Origin',(20.,12.,-20.));
#3363=CARTESIAN_POINT('',(34.7302681360524,0.999999999999999,-32.0008));
#3364=CARTESIAN_POINT('',(34.7302681360524,12.,-32.0008));
#3365=CARTESIAN_POINT('Origin',(20.,0.999999999999999,-20.));
#3366=CARTESIAN_POINT('Origin',(40.,12.,-32.0008));
#3367=CARTESIAN_POINT('',(40.,12.,-32.0008));
#3368=CARTESIAN_POINT('',(30.,12.,-32.0008));
#3369=CARTESIAN_POINT('',(40.,0.999999999999999,-32.0008));
#3370=CARTESIAN_POINT('',(40.,6.,-32.0008));
#3371=CARTESIAN_POINT('',(34.7302681360524,0.999999999999999,-32.0008));
#3372=CARTESIAN_POINT('Origin',(33.1985672419396,12.,-33.6674));
#3373=CARTESIAN_POINT('',(33.1985672419396,12.,-33.6674));
#3374=CARTESIAN_POINT('',(40.,12.,-33.6674));
#3375=CARTESIAN_POINT('',(26.5992836209698,12.,-33.6674));
#3376=CARTESIAN_POINT('',(33.1985672419396,0.999999999999999,-33.6674));
#3377=CARTESIAN_POINT('',(33.1985672419396,12.,-33.6674));
#3378=CARTESIAN_POINT('',(40.,0.999999999999999,-33.6674));
#3379=CARTESIAN_POINT('',(33.1985672419396,0.999999999999999,-33.6674));
#3380=CARTESIAN_POINT('',(40.,6.,-33.6674));
#3381=CARTESIAN_POINT('Origin',(20.,12.,-20.));
#3382=CARTESIAN_POINT('',(32.0775567578877,12.,-34.6674));
#3383=CARTESIAN_POINT('Origin',(20.,12.,-20.));
#3384=CARTESIAN_POINT('',(32.0775567578877,0.999999999999999,-34.6674));
#3385=CARTESIAN_POINT('',(32.0775567578877,12.,-34.6674));
#3386=CARTESIAN_POINT('Origin',(20.,0.999999999999999,-20.));
#3387=CARTESIAN_POINT('Origin',(40.,12.,-34.6674));
#3388=CARTESIAN_POINT('',(40.,12.,-34.6674));
#3389=CARTESIAN_POINT('',(30.,12.,-34.6674));
#3390=CARTESIAN_POINT('',(40.,0.999999999999999,-34.6674));
#3391=CARTESIAN_POINT('',(40.,6.,-34.6674));
#3392=CARTESIAN_POINT('',(32.0775567578877,0.999999999999999,-34.6674));
#3393=CARTESIAN_POINT('Origin',(29.7067010070363,12.,-36.3334));
#3394=CARTESIAN_POINT('',(29.7067010070363,12.,-36.3334));
#3395=CARTESIAN_POINT('',(40.,12.,-36.3334));
#3396=CARTESIAN_POINT('',(24.8533505035182,12.,-36.3334));
#3397=CARTESIAN_POINT('',(29.7067010070363,0.999999999999999,-36.3334));
#3398=CARTESIAN_POINT('',(29.7067010070363,12.,-36.3334));
#3399=CARTESIAN_POINT('',(40.,0.999999999999999,-36.3334));
#3400=CARTESIAN_POINT('',(29.7067010070363,0.999999999999999,-36.3334));
#3401=CARTESIAN_POINT('',(40.,6.,-36.3334));
#3402=CARTESIAN_POINT('Origin',(20.,12.,-20.));
#3403=CARTESIAN_POINT('',(27.7815965225653,12.,-37.3334));
#3404=CARTESIAN_POINT('Origin',(20.,12.,-20.));
#3405=CARTESIAN_POINT('',(27.7815965225653,0.999999999999999,-37.3334));
#3406=CARTESIAN_POINT('',(27.7815965225653,12.,-37.3334));
#3407=CARTESIAN_POINT('Origin',(20.,0.999999999999999,-20.));
#3408=CARTESIAN_POINT('Origin',(40.,12.,-37.3334));
#3409=CARTESIAN_POINT('',(40.,12.,-37.3334));
#3410=CARTESIAN_POINT('',(30.,12.,-37.3334));
#3411=CARTESIAN_POINT('',(40.,0.999999999999999,-37.3334));
#3412=CARTESIAN_POINT('',(40.,6.,-37.3334));
#3413=CARTESIAN_POINT('',(27.7815965225653,0.999999999999999,-37.3334));
#3414=CARTESIAN_POINT('Origin',(23.,12.,-39.));
#3415=CARTESIAN_POINT('',(23.,12.,-39.));
#3416=CARTESIAN_POINT('',(40.,12.,-39.));
#3417=CARTESIAN_POINT('',(21.5,12.,-39.));
#3418=CARTESIAN_POINT('',(23.,0.999999999999999,-39.));
#3419=CARTESIAN_POINT('',(23.,12.,-39.));
#3420=CARTESIAN_POINT('',(40.,0.999999999999999,-39.));
#3421=CARTESIAN_POINT('',(0.,0.999999999999999,-39.));
#3422=CARTESIAN_POINT('',(40.,6.,-39.));
#3423=CARTESIAN_POINT('Origin',(23.,12.,-40.));
#3424=CARTESIAN_POINT('',(23.,12.,-40.));
#3425=CARTESIAN_POINT('',(23.,12.,-30.));
#3426=CARTESIAN_POINT('',(23.,0.999999999999999,-40.));
#3427=CARTESIAN_POINT('',(23.,6.,-40.));
#3428=CARTESIAN_POINT('',(23.,0.999999999999999,-44.0000006556511));
#3429=CARTESIAN_POINT('Origin',(17.,12.,-39.));
#3430=CARTESIAN_POINT('',(17.,12.,-39.));
#3431=CARTESIAN_POINT('',(17.,12.,-40.));
#3432=CARTESIAN_POINT('',(17.,12.,-29.5));
#3433=CARTESIAN_POINT('',(17.,0.999999999999999,-39.));
#3434=CARTESIAN_POINT('',(17.,12.,-39.));
#3435=CARTESIAN_POINT('',(17.,0.999999999999999,-40.));
#3436=CARTESIAN_POINT('',(17.,0.999999999999999,3.00000004470348));
#3437=CARTESIAN_POINT('',(17.,6.,-40.));
#3438=CARTESIAN_POINT('Origin',(0.,12.,-39.));
#3439=CARTESIAN_POINT('',(0.,12.,-39.));
#3440=CARTESIAN_POINT('',(10.,12.,-39.));
#3441=CARTESIAN_POINT('',(0.,0.999999999999999,-39.));
#3442=CARTESIAN_POINT('',(0.,6.,-39.));
#3443=CARTESIAN_POINT('',(0.,0.999999999999999,-39.));
#3444=CARTESIAN_POINT('Origin',(12.2184034774347,12.,-37.3334));
#3445=CARTESIAN_POINT('',(12.2184034774347,12.,-37.3334));
#3446=CARTESIAN_POINT('',(0.,12.,-37.3334));
#3447=CARTESIAN_POINT('',(16.1092017387174,12.,-37.3334));
#3448=CARTESIAN_POINT('',(12.2184034774347,0.999999999999999,-37.3334));
#3449=CARTESIAN_POINT('',(12.2184034774347,12.,-37.3334));
#3450=CARTESIAN_POINT('',(0.,0.999999999999999,-37.3334));
#3451=CARTESIAN_POINT('',(0.,0.999999999999999,-37.3334));
#3452=CARTESIAN_POINT('',(0.,6.,-37.3334));
#3453=CARTESIAN_POINT('Origin',(20.,12.,-20.));
#3454=CARTESIAN_POINT('',(10.2932989929637,12.,-36.3334));
#3455=CARTESIAN_POINT('Origin',(20.,12.,-20.));
#3456=CARTESIAN_POINT('',(10.2932989929637,0.999999999999999,-36.3334));
#3457=CARTESIAN_POINT('',(10.2932989929637,12.,-36.3334));
#3458=CARTESIAN_POINT('Origin',(20.,0.999999999999999,-20.));
#3459=CARTESIAN_POINT('Origin',(0.,12.,-36.3334));
#3460=CARTESIAN_POINT('',(0.,12.,-36.3334));
#3461=CARTESIAN_POINT('',(10.,12.,-36.3334));
#3462=CARTESIAN_POINT('',(0.,0.999999999999999,-36.3334));
#3463=CARTESIAN_POINT('',(0.,6.,-36.3334));
#3464=CARTESIAN_POINT('',(0.,0.999999999999999,-36.3334));
#3465=CARTESIAN_POINT('Origin',(7.92244324211226,12.,-34.6674));
#3466=CARTESIAN_POINT('',(7.92244324211226,12.,-34.6674));
#3467=CARTESIAN_POINT('',(0.,12.,-34.6674));
#3468=CARTESIAN_POINT('',(13.9612216210561,12.,-34.6674));
#3469=CARTESIAN_POINT('',(7.92244324211226,0.999999999999999,-34.6674));
#3470=CARTESIAN_POINT('',(7.92244324211226,12.,-34.6674));
#3471=CARTESIAN_POINT('',(0.,0.999999999999999,-34.6674));
#3472=CARTESIAN_POINT('',(0.,0.999999999999999,-34.6674));
#3473=CARTESIAN_POINT('',(0.,6.,-34.6674));
#3474=CARTESIAN_POINT('Origin',(20.,12.,-20.));
#3475=CARTESIAN_POINT('',(6.80143275806045,12.,-33.6674));
#3476=CARTESIAN_POINT('Origin',(20.,12.,-20.));
#3477=CARTESIAN_POINT('',(6.80143275806045,0.999999999999999,-33.6674));
#3478=CARTESIAN_POINT('',(6.80143275806045,12.,-33.6674));
#3479=CARTESIAN_POINT('Origin',(20.,0.999999999999999,-20.));
#3480=CARTESIAN_POINT('Origin',(0.,12.,-33.6674));
#3481=CARTESIAN_POINT('',(0.,12.,-33.6674));
#3482=CARTESIAN_POINT('',(10.,12.,-33.6674));
#3483=CARTESIAN_POINT('',(0.,0.999999999999999,-33.6674));
#3484=CARTESIAN_POINT('',(0.,6.,-33.6674));
#3485=CARTESIAN_POINT('',(0.,0.999999999999999,-33.6674));
#3486=CARTESIAN_POINT('Origin',(5.26973186394763,12.,-32.0008));
#3487=CARTESIAN_POINT('',(5.26973186394763,12.,-32.0008));
#3488=CARTESIAN_POINT('',(0.,12.,-32.0008));
#3489=CARTESIAN_POINT('',(12.6348659319738,12.,-32.0008));
#3490=CARTESIAN_POINT('',(5.26973186394764,0.999999999999999,-32.0008));
#3491=CARTESIAN_POINT('',(5.26973186394763,12.,-32.0008));
#3492=CARTESIAN_POINT('',(0.,0.999999999999999,-32.0008));
#3493=CARTESIAN_POINT('',(0.,0.999999999999999,-32.0008));
#3494=CARTESIAN_POINT('',(0.,6.,-32.0008));
#3495=CARTESIAN_POINT('Origin',(20.,12.,-20.));
#3496=CARTESIAN_POINT('',(4.50863468379885,12.,-31.0008));
#3497=CARTESIAN_POINT('Origin',(20.,12.,-20.));
#3498=CARTESIAN_POINT('',(4.50863468379885,0.999999999999999,-31.0008));
#3499=CARTESIAN_POINT('',(4.50863468379885,12.,-31.0008));
#3500=CARTESIAN_POINT('Origin',(20.,0.999999999999999,-20.));
#3501=CARTESIAN_POINT('Origin',(0.,12.,-31.0008));
#3502=CARTESIAN_POINT('',(0.,12.,-31.0008));
#3503=CARTESIAN_POINT('',(10.,12.,-31.0008));
#3504=CARTESIAN_POINT('',(0.,0.999999999999999,-31.0008));
#3505=CARTESIAN_POINT('',(0.,6.,-31.0008));
#3506=CARTESIAN_POINT('',(0.,0.999999999999999,-31.0008));
#3507=CARTESIAN_POINT('Origin',(3.45090001359591,12.,-29.3342));
#3508=CARTESIAN_POINT('',(3.45090001359591,12.,-29.3342));
#3509=CARTESIAN_POINT('',(0.,12.,-29.3342));
#3510=CARTESIAN_POINT('',(11.725450006798,12.,-29.3342));
#3511=CARTESIAN_POINT('',(3.45090001359591,0.999999999999999,-29.3342));
#3512=CARTESIAN_POINT('',(3.45090001359591,12.,-29.3342));
#3513=CARTESIAN_POINT('',(0.,0.999999999999999,-29.3342));
#3514=CARTESIAN_POINT('',(0.,0.999999999999999,-29.3342));
#3515=CARTESIAN_POINT('',(0.,6.,-29.3342));
#3516=CARTESIAN_POINT('Origin',(20.,12.,-20.));
#3517=CARTESIAN_POINT('',(2.92542503135144,12.,-28.3342));
#3518=CARTESIAN_POINT('Origin',(20.,12.,-20.));
#3519=CARTESIAN_POINT('',(2.92542503135144,0.999999999999999,-28.3342));
#3520=CARTESIAN_POINT('',(2.92542503135144,12.,-28.3342));
#3521=CARTESIAN_POINT('Origin',(20.,0.999999999999999,-20.));
#3522=CARTESIAN_POINT('Origin',(0.,12.,-28.3342));
#3523=CARTESIAN_POINT('',(0.,12.,-28.3342));
#3524=CARTESIAN_POINT('',(10.,12.,-28.3342));
#3525=CARTESIAN_POINT('',(0.,0.999999999999999,-28.3342));
#3526=CARTESIAN_POINT('',(0.,6.,-28.3342));
#3527=CARTESIAN_POINT('',(0.,0.999999999999999,-28.3342));
#3528=CARTESIAN_POINT('Origin',(2.20856642201085,12.,-26.6682));
#3529=CARTESIAN_POINT('',(2.20856642201085,12.,-26.6682));
#3530=CARTESIAN_POINT('',(0.,12.,-26.6682));
#3531=CARTESIAN_POINT('',(11.1042832110054,12.,-26.6682));
#3532=CARTESIAN_POINT('',(2.20856642201085,0.999999999999999,-26.6682));
#3533=CARTESIAN_POINT('',(2.20856642201085,12.,-26.6682));
#3534=CARTESIAN_POINT('',(0.,0.999999999999999,-26.6682));
#3535=CARTESIAN_POINT('',(0.,0.999999999999999,-26.6682));
#3536=CARTESIAN_POINT('',(0.,6.,-26.6682));
#3537=CARTESIAN_POINT('Origin',(20.,12.,-20.));
#3538=CARTESIAN_POINT('',(1.86518517436696,12.,-25.6682));
#3539=CARTESIAN_POINT('Origin',(20.,12.,-20.));
#3540=CARTESIAN_POINT('',(1.86518517436697,0.999999999999999,-25.6682));
#3541=CARTESIAN_POINT('',(1.86518517436696,12.,-25.6682));
#3542=CARTESIAN_POINT('Origin',(20.,0.999999999999999,-20.));
#3543=CARTESIAN_POINT('Origin',(0.,12.,-25.6682));
#3544=CARTESIAN_POINT('',(0.,12.,-25.6682));
#3545=CARTESIAN_POINT('',(10.,12.,-25.6682));
#3546=CARTESIAN_POINT('',(0.,0.999999999999999,-25.6682));
#3547=CARTESIAN_POINT('',(0.,6.,-25.6682));
#3548=CARTESIAN_POINT('',(0.,0.999999999999999,-25.6682));
#3549=CARTESIAN_POINT('Origin',(1.42616901552079,12.,-24.0016));
#3550=CARTESIAN_POINT('',(1.42616901552079,12.,-24.0016));
#3551=CARTESIAN_POINT('',(0.,12.,-24.0016));
#3552=CARTESIAN_POINT('',(10.7130845077604,12.,-24.0016));
#3553=CARTESIAN_POINT('',(1.42616901552079,0.999999999999999,-24.0016));
#3554=CARTESIAN_POINT('',(1.42616901552079,12.,-24.0016));
#3555=CARTESIAN_POINT('',(0.,0.999999999999999,-24.0016));
#3556=CARTESIAN_POINT('',(0.,0.999999999999999,-24.0016));
#3557=CARTESIAN_POINT('',(0.,6.,-24.0016));
#3558=CARTESIAN_POINT('Origin',(20.,12.,-20.));
#3559=CARTESIAN_POINT('',(1.23859287153546,12.,-23.0016));
#3560=CARTESIAN_POINT('Origin',(20.,12.,-20.));
#3561=CARTESIAN_POINT('',(1.23859287153547,0.999999999999999,-23.0016));
#3562=CARTESIAN_POINT('',(1.23859287153546,12.,-23.0016));
#3563=CARTESIAN_POINT('Origin',(20.,0.999999999999999,-20.));
#3564=CARTESIAN_POINT('Origin',(0.,12.,-23.0016));
#3565=CARTESIAN_POINT('',(0.,12.,-23.0016));
#3566=CARTESIAN_POINT('',(10.,12.,-23.0016));
#3567=CARTESIAN_POINT('',(0.,0.999999999999999,-23.0016));
#3568=CARTESIAN_POINT('',(0.,6.,-23.0016));
#3569=CARTESIAN_POINT('',(0.,0.999999999999999,-23.0016));
#3570=CARTESIAN_POINT('Origin',(1.23859287153546,12.,-16.9984));
#3571=CARTESIAN_POINT('',(1.23859287153546,12.,-16.9984));
#3572=CARTESIAN_POINT('',(0.,12.,-16.9984));
#3573=CARTESIAN_POINT('',(10.6192964357677,12.,-16.9984));
#3574=CARTESIAN_POINT('',(1.23859287153546,0.999999999999999,-16.9984));
#3575=CARTESIAN_POINT('',(1.23859287153546,12.,-16.9984));
#3576=CARTESIAN_POINT('',(0.,0.999999999999999,-16.9984));
#3577=CARTESIAN_POINT('',(1.23859287153546,0.999999999999999,-16.9984));
#3578=CARTESIAN_POINT('',(0.,6.,-16.9984));
#3579=CARTESIAN_POINT('Origin',(20.,12.,-20.));
#3580=CARTESIAN_POINT('',(1.42616901552079,12.,-15.9984));
#3581=CARTESIAN_POINT('Origin',(20.,12.,-20.));
#3582=CARTESIAN_POINT('',(1.42616901552079,0.999999999999999,-15.9984));
#3583=CARTESIAN_POINT('',(1.42616901552079,12.,-15.9984));
#3584=CARTESIAN_POINT('Origin',(20.,0.999999999999999,-20.));
#3585=CARTESIAN_POINT('Origin',(0.,12.,-15.9984));
#3586=CARTESIAN_POINT('',(0.,12.,-15.9984));
#3587=CARTESIAN_POINT('',(10.,12.,-15.9984));
#3588=CARTESIAN_POINT('',(0.,0.999999999999999,-15.9984));
#3589=CARTESIAN_POINT('',(0.,6.,-15.9984));
#3590=CARTESIAN_POINT('',(1.42616901552079,0.999999999999999,-15.9984));
#3591=CARTESIAN_POINT('Origin',(1.86518517436695,12.,-14.3318));
#3592=CARTESIAN_POINT('',(1.86518517436695,12.,-14.3318));
#3593=CARTESIAN_POINT('',(0.,12.,-14.3318));
#3594=CARTESIAN_POINT('',(10.9325925871835,12.,-14.3318));
#3595=CARTESIAN_POINT('',(1.86518517436696,0.999999999999999,-14.3318));
#3596=CARTESIAN_POINT('',(1.86518517436695,12.,-14.3318));
#3597=CARTESIAN_POINT('',(0.,0.999999999999999,-14.3318));
#3598=CARTESIAN_POINT('',(1.86518517436695,0.999999999999999,-14.3318));
#3599=CARTESIAN_POINT('',(0.,6.,-14.3318));
#3600=CARTESIAN_POINT('Origin',(20.,12.,-20.));
#3601=CARTESIAN_POINT('',(2.20856642201084,12.,-13.3318));
#3602=CARTESIAN_POINT('Origin',(20.,12.,-20.));
#3603=CARTESIAN_POINT('',(2.20856642201084,0.999999999999999,-13.3318));
#3604=CARTESIAN_POINT('',(2.20856642201084,12.,-13.3318));
#3605=CARTESIAN_POINT('Origin',(20.,0.999999999999999,-20.));
#3606=CARTESIAN_POINT('Origin',(0.,12.,-13.3318));
#3607=CARTESIAN_POINT('',(0.,12.,-13.3318));
#3608=CARTESIAN_POINT('',(10.,12.,-13.3318));
#3609=CARTESIAN_POINT('',(0.,0.999999999999999,-13.3318));
#3610=CARTESIAN_POINT('',(0.,6.,-13.3318));
#3611=CARTESIAN_POINT('',(2.20856642201084,0.999999999999999,-13.3318));
#3612=CARTESIAN_POINT('Origin',(2.92542503135144,12.,-11.6658));
#3613=CARTESIAN_POINT('',(2.92542503135144,12.,-11.6658));
#3614=CARTESIAN_POINT('',(0.,12.,-11.6658));
#3615=CARTESIAN_POINT('',(11.4627125156757,12.,-11.6658));
#3616=CARTESIAN_POINT('',(2.92542503135143,0.999999999999999,-11.6658));
#3617=CARTESIAN_POINT('',(2.92542503135144,12.,-11.6658));
#3618=CARTESIAN_POINT('',(0.,0.999999999999999,-11.6658));
#3619=CARTESIAN_POINT('',(2.92542503135144,0.999999999999999,-11.6658));
#3620=CARTESIAN_POINT('',(0.,6.,-11.6658));
#3621=CARTESIAN_POINT('Origin',(20.,12.,-20.));
#3622=CARTESIAN_POINT('',(3.4509000135959,12.,-10.6658));
#3623=CARTESIAN_POINT('Origin',(20.,12.,-20.));
#3624=CARTESIAN_POINT('',(3.45090001359591,0.999999999999999,-10.6658));
#3625=CARTESIAN_POINT('',(3.4509000135959,12.,-10.6658));
#3626=CARTESIAN_POINT('Origin',(20.,0.999999999999999,-20.));
#3627=CARTESIAN_POINT('Origin',(0.,12.,-10.6658));
#3628=CARTESIAN_POINT('',(0.,12.,-10.6658));
#3629=CARTESIAN_POINT('',(10.,12.,-10.6658));
#3630=CARTESIAN_POINT('',(0.,0.999999999999999,-10.6658));
#3631=CARTESIAN_POINT('',(0.,6.,-10.6658));
#3632=CARTESIAN_POINT('',(3.4509000135959,0.999999999999999,-10.6658));
#3633=CARTESIAN_POINT('Origin',(4.50863468379885,12.,-8.9992));
#3634=CARTESIAN_POINT('',(4.50863468379885,12.,-8.9992));
#3635=CARTESIAN_POINT('',(0.,12.,-8.9992));
#3636=CARTESIAN_POINT('',(12.2543173418994,12.,-8.9992));
#3637=CARTESIAN_POINT('',(4.50863468379885,0.999999999999999,-8.9992));
#3638=CARTESIAN_POINT('',(4.50863468379885,12.,-8.9992));
#3639=CARTESIAN_POINT('',(0.,0.999999999999999,-8.9992));
#3640=CARTESIAN_POINT('',(4.50863468379885,0.999999999999999,-8.9992));
#3641=CARTESIAN_POINT('',(0.,6.,-8.9992));
#3642=CARTESIAN_POINT('Origin',(20.,12.,-20.));
#3643=CARTESIAN_POINT('',(5.26973186394762,12.,-7.9992));
#3644=CARTESIAN_POINT('Origin',(20.,12.,-20.));
#3645=CARTESIAN_POINT('',(5.26973186394762,0.999999999999999,-7.9992));
#3646=CARTESIAN_POINT('',(5.26973186394762,12.,-7.9992));
#3647=CARTESIAN_POINT('Origin',(20.,0.999999999999999,-20.));
#3648=CARTESIAN_POINT('Origin',(0.,12.,-7.9992));
#3649=CARTESIAN_POINT('',(0.,12.,-7.9992));
#3650=CARTESIAN_POINT('',(10.,12.,-7.9992));
#3651=CARTESIAN_POINT('',(0.,0.999999999999999,-7.9992));
#3652=CARTESIAN_POINT('',(0.,6.,-7.9992));
#3653=CARTESIAN_POINT('',(5.26973186394762,0.999999999999999,-7.9992));
#3654=CARTESIAN_POINT('Origin',(6.80143275806044,12.,-6.3326));
#3655=CARTESIAN_POINT('',(6.80143275806044,12.,-6.3326));
#3656=CARTESIAN_POINT('',(0.,12.,-6.3326));
#3657=CARTESIAN_POINT('',(13.4007163790302,12.,-6.3326));
#3658=CARTESIAN_POINT('',(6.80143275806044,0.999999999999999,-6.3326));
#3659=CARTESIAN_POINT('',(6.80143275806044,12.,-6.3326));
#3660=CARTESIAN_POINT('',(0.,0.999999999999999,-6.3326));
#3661=CARTESIAN_POINT('',(6.80143275806044,0.999999999999999,-6.3326));
#3662=CARTESIAN_POINT('',(0.,6.,-6.3326));
#3663=CARTESIAN_POINT('Origin',(20.,12.,-20.));
#3664=CARTESIAN_POINT('',(7.92244324211225,12.,-5.3326));
#3665=CARTESIAN_POINT('Origin',(20.,12.,-20.));
#3666=CARTESIAN_POINT('',(7.92244324211225,0.999999999999999,-5.3326));
#3667=CARTESIAN_POINT('',(7.92244324211225,12.,-5.3326));
#3668=CARTESIAN_POINT('Origin',(20.,0.999999999999999,-20.));
#3669=CARTESIAN_POINT('Origin',(0.,12.,-5.3326));
#3670=CARTESIAN_POINT('',(0.,12.,-5.3326));
#3671=CARTESIAN_POINT('',(10.,12.,-5.3326));
#3672=CARTESIAN_POINT('',(0.,0.999999999999999,-5.3326));
#3673=CARTESIAN_POINT('',(0.,6.,-5.3326));
#3674=CARTESIAN_POINT('',(7.92244324211225,0.999999999999999,-5.3326));
#3675=CARTESIAN_POINT('Origin',(10.2932989929637,12.,-3.6666));
#3676=CARTESIAN_POINT('',(10.2932989929637,12.,-3.6666));
#3677=CARTESIAN_POINT('',(0.,12.,-3.6666));
#3678=CARTESIAN_POINT('',(15.1466494964818,12.,-3.6666));
#3679=CARTESIAN_POINT('',(10.2932989929637,0.999999999999999,-3.6666));
#3680=CARTESIAN_POINT('',(10.2932989929637,12.,-3.6666));
#3681=CARTESIAN_POINT('',(0.,0.999999999999999,-3.6666));
#3682=CARTESIAN_POINT('',(10.2932989929637,0.999999999999999,-3.6666));
#3683=CARTESIAN_POINT('',(0.,6.,-3.6666));
#3684=CARTESIAN_POINT('Origin',(20.,12.,-20.));
#3685=CARTESIAN_POINT('',(12.2184034774347,12.,-2.6666));
#3686=CARTESIAN_POINT('Origin',(20.,12.,-20.));
#3687=CARTESIAN_POINT('',(12.2184034774347,0.999999999999999,-2.6666));
#3688=CARTESIAN_POINT('',(12.2184034774347,12.,-2.6666));
#3689=CARTESIAN_POINT('Origin',(20.,0.999999999999999,-20.));
#3690=CARTESIAN_POINT('Origin',(0.,12.,-2.6666));
#3691=CARTESIAN_POINT('',(0.,12.,-2.6666));
#3692=CARTESIAN_POINT('',(10.,12.,-2.6666));
#3693=CARTESIAN_POINT('',(0.,0.999999999999999,-2.6666));
#3694=CARTESIAN_POINT('',(0.,6.,-2.6666));
#3695=CARTESIAN_POINT('',(12.2184034774347,0.999999999999999,-2.6666));
#3696=CARTESIAN_POINT('Origin',(40.,12.,-1.));
#3697=CARTESIAN_POINT('',(40.,12.,-1.));
#3698=CARTESIAN_POINT('',(0.,12.,-1.));
#3699=CARTESIAN_POINT('',(30.,12.,-1.));
#3700=CARTESIAN_POINT('',(40.,0.999999999999999,-1.));
#3701=CARTESIAN_POINT('',(40.,6.,-1.));
#3702=CARTESIAN_POINT('',(0.,0.999999999999999,-1.));
#3703=CARTESIAN_POINT('',(40.,0.999999999999999,-1.));
#3704=CARTESIAN_POINT('',(0.,6.,-0.999999999999999));
#3705=CARTESIAN_POINT('Origin',(27.7815965225653,12.,-2.6666));
#3706=CARTESIAN_POINT('',(40.,12.,-2.6666));
#3707=CARTESIAN_POINT('',(23.8907982612826,12.,-2.6666));
#3708=CARTESIAN_POINT('',(40.,0.999999999999999,-2.6666));
#3709=CARTESIAN_POINT('',(40.,0.999999999999999,-2.6666));
#3710=CARTESIAN_POINT('',(40.,6.,-2.6666));
#3711=CARTESIAN_POINT('Origin',(20.,0.999999999999999,-20.5));
#3712=CARTESIAN_POINT('',(40.,0.999999999999999,-10.25));
#3713=CARTESIAN_POINT('',(40.,0.999999999999999,-10.25));
#3714=CARTESIAN_POINT('',(40.,0.999999999999999,-10.25));
#3715=CARTESIAN_POINT('',(40.,0.999999999999999,-10.25));
#3716=CARTESIAN_POINT('',(40.,0.999999999999999,-10.25));
#3717=CARTESIAN_POINT('',(40.,0.999999999999999,-10.25));
#3718=CARTESIAN_POINT('',(40.,0.999999999999999,-10.25));
#3719=CARTESIAN_POINT('',(40.,0.999999999999999,-10.25));
#3720=CARTESIAN_POINT('',(40.,0.999999999999999,-10.25));
#3721=CARTESIAN_POINT('',(40.,0.999999999999999,-10.25));
#3722=CARTESIAN_POINT('',(40.,0.999999999999999,-10.25));
#3723=CARTESIAN_POINT('',(40.,0.999999999999999,-10.25));
#3724=CARTESIAN_POINT('',(30.,0.999999999999999,-40.));
#3725=CARTESIAN_POINT('',(0.,0.999999999999999,-30.25));
#3726=CARTESIAN_POINT('',(0.,0.999999999999999,-30.25));
#3727=CARTESIAN_POINT('',(0.,0.999999999999999,-30.25));
#3728=CARTESIAN_POINT('',(0.,0.999999999999999,-30.25));
#3729=CARTESIAN_POINT('',(0.,0.999999999999999,-30.25));
#3730=CARTESIAN_POINT('',(0.,0.999999999999999,-30.25));
#3731=CARTESIAN_POINT('',(0.,0.999999999999999,-30.25));
#3732=CARTESIAN_POINT('',(0.,0.999999999999999,-30.25));
#3733=CARTESIAN_POINT('',(0.,0.999999999999999,-30.25));
#3734=CARTESIAN_POINT('',(0.,0.999999999999999,-30.25));
#3735=CARTESIAN_POINT('',(0.,0.999999999999999,-30.25));
#3736=CARTESIAN_POINT('',(0.,0.999999999999999,-30.25));
#3737=CARTESIAN_POINT('',(0.,0.999999999999999,-30.25));
#3738=CARTESIAN_POINT('',(40.,0.999999999999999,-10.25));
#3739=CARTESIAN_POINT('Origin',(40.,0.,-40.));
#3740=CARTESIAN_POINT('',(40.,12.,-40.));
#3741=CARTESIAN_POINT('',(40.,12.,-40.));
#3742=CARTESIAN_POINT('',(40.,0.,-40.));
#3743=CARTESIAN_POINT('',(40.,0.,-40.));
#3744=CARTESIAN_POINT('',(0.,0.,-40.));
#3745=CARTESIAN_POINT('',(40.,0.,-40.));
#3746=CARTESIAN_POINT('',(0.,12.,-40.));
#3747=CARTESIAN_POINT('',(0.,0.,-40.));
#3748=CARTESIAN_POINT('',(40.,12.,-40.));
#3749=CARTESIAN_POINT('Origin',(20.,12.,-20.));
#3750=CARTESIAN_POINT('',(40.,12.,0.));
#3751=CARTESIAN_POINT('Origin',(20.,12.,-20.));
#3752=CARTESIAN_POINT('',(0.,12.,0.));
#3753=CARTESIAN_POINT('',(0.,12.,-40.));
#3754=CARTESIAN_POINT('',(40.,12.,0.));
#3755=CARTESIAN_POINT('',(0.,12.,0.));
#3756=CARTESIAN_POINT('',(40.,12.,0.));
#3757=CARTESIAN_POINT('Origin',(20.,12.,-20.));
#3758=CARTESIAN_POINT('',(40.,12.,0.));
#3759=CARTESIAN_POINT('Origin',(20.,12.,-20.));
#3760=CARTESIAN_POINT('',(0.,12.,-40.));
#3761=CARTESIAN_POINT('Origin',(20.,12.,-20.));
#3762=CARTESIAN_POINT('',(40.,12.,0.));
#3763=CARTESIAN_POINT('Origin',(20.,12.,-20.));
#3764=CARTESIAN_POINT('',(0.,12.,-40.));
#3765=CARTESIAN_POINT('Origin',(20.,12.,-20.));
#3766=CARTESIAN_POINT('',(40.,12.,0.));
#3767=CARTESIAN_POINT('Origin',(20.,12.,-20.));
#3768=CARTESIAN_POINT('',(0.,12.,-40.));
#3769=CARTESIAN_POINT('Origin',(20.,12.,-20.));
#3770=CARTESIAN_POINT('',(40.,12.,0.));
#3771=CARTESIAN_POINT('Origin',(20.,12.,-20.));
#3772=CARTESIAN_POINT('',(0.,12.,-40.));
#3773=CARTESIAN_POINT('Origin',(20.,12.,-20.));
#3774=CARTESIAN_POINT('',(40.,12.,0.));
#3775=CARTESIAN_POINT('Origin',(20.,12.,-20.));
#3776=CARTESIAN_POINT('',(0.,12.,-40.));
#3777=CARTESIAN_POINT('Origin',(20.,12.,-20.));
#3778=CARTESIAN_POINT('',(40.,12.,0.));
#3779=CARTESIAN_POINT('Origin',(20.,12.,-20.));
#3780=CARTESIAN_POINT('',(0.,12.,-40.));
#3781=CARTESIAN_POINT('Origin',(20.,12.,-20.));
#3782=CARTESIAN_POINT('',(40.,12.,0.));
#3783=CARTESIAN_POINT('Origin',(20.,12.,-20.));
#3784=CARTESIAN_POINT('',(0.,12.,-40.));
#3785=CARTESIAN_POINT('Origin',(20.,12.,-20.));
#3786=CARTESIAN_POINT('',(40.,12.,0.));
#3787=CARTESIAN_POINT('Origin',(20.,12.,-20.));
#3788=CARTESIAN_POINT('',(0.,12.,-40.));
#3789=CARTESIAN_POINT('Origin',(20.,12.,-20.));
#3790=CARTESIAN_POINT('',(40.,12.,0.));
#3791=CARTESIAN_POINT('Origin',(20.,12.,-20.));
#3792=CARTESIAN_POINT('',(0.,12.,-40.));
#3793=CARTESIAN_POINT('Origin',(20.,12.,-20.));
#3794=CARTESIAN_POINT('',(40.,12.,0.));
#3795=CARTESIAN_POINT('Origin',(20.,12.,-20.));
#3796=CARTESIAN_POINT('',(0.,12.,-40.));
#3797=CARTESIAN_POINT('Origin',(20.,12.,-20.));
#3798=CARTESIAN_POINT('',(40.,12.,0.));
#3799=CARTESIAN_POINT('Origin',(20.,12.,-20.));
#3800=CARTESIAN_POINT('',(0.,12.,-40.));
#3801=CARTESIAN_POINT('Origin',(20.,12.,-20.));
#3802=CARTESIAN_POINT('',(40.,12.,0.));
#3803=CARTESIAN_POINT('Origin',(20.,12.,-20.));
#3804=CARTESIAN_POINT('',(0.,12.,-40.));
#3805=CARTESIAN_POINT('Origin',(40.,0.,0.));
#3806=CARTESIAN_POINT('',(40.,0.,0.));
#3807=CARTESIAN_POINT('',(40.,0.,0.));
#3808=CARTESIAN_POINT('',(40.,0.,0.));
#3809=CARTESIAN_POINT('Origin',(0.,0.,0.));
#3810=CARTESIAN_POINT('',(0.,0.,0.));
#3811=CARTESIAN_POINT('',(0.,0.,0.));
#3812=CARTESIAN_POINT('',(0.,0.,0.));
#3813=CARTESIAN_POINT('Origin',(0.,0.,-40.));
#3814=CARTESIAN_POINT('',(0.,12.,-40.));
#3815=CARTESIAN_POINT('',(0.,0.,-40.));
#3816=CARTESIAN_POINT('Origin',(20.,12.,-20.));
#3817=CARTESIAN_POINT('Origin',(20.,0.,-20.));
#3818=CARTESIAN_POINT('Origin',(20.0000002980232,12.,-20.));
#3819=CARTESIAN_POINT('',(39.0000002980232,15.,-20.));
#3820=CARTESIAN_POINT('Origin',(20.0000002980232,15.,-20.));
#3821=CARTESIAN_POINT('',(39.0000002980232,12.,-20.));
#3822=CARTESIAN_POINT('',(39.0000002980232,12.,-20.));
#3823=CARTESIAN_POINT('Origin',(20.0000002980232,12.,-20.));
#3824=CARTESIAN_POINT('Origin',(0.,12.,-40.));
#3825=CARTESIAN_POINT('',(0.,12.,0.));
#3826=CARTESIAN_POINT('',(0.,12.,-40.));
#3827=CARTESIAN_POINT('',(0.,12.,0.));
#3828=CARTESIAN_POINT('',(0.,15.,0.));
#3829=CARTESIAN_POINT('',(0.,12.,0.));
#3830=CARTESIAN_POINT('',(0.,15.,-40.));
#3831=CARTESIAN_POINT('',(0.,15.,0.));
#3832=CARTESIAN_POINT('',(0.,12.,-40.));
#3833=CARTESIAN_POINT('Origin',(40.0000005960464,12.,-40.));
#3834=CARTESIAN_POINT('',(40.0000005960464,12.,-40.));
#3835=CARTESIAN_POINT('',(0.,12.,-40.));
#3836=CARTESIAN_POINT('',(40.0000005960464,15.,-40.));
#3837=CARTESIAN_POINT('',(0.,15.,-40.));
#3838=CARTESIAN_POINT('',(40.0000005960464,12.,-40.));
#3839=CARTESIAN_POINT('Origin',(40.0000005960464,12.,0.));
#3840=CARTESIAN_POINT('',(40.0000005960464,12.,0.));
#3841=CARTESIAN_POINT('',(40.0000005960464,12.,-40.));
#3842=CARTESIAN_POINT('',(40.0000005960464,15.,0.));
#3843=CARTESIAN_POINT('',(40.0000005960464,15.,-40.));
#3844=CARTESIAN_POINT('',(40.0000005960464,12.,0.));
#3845=CARTESIAN_POINT('Origin',(0.,12.,0.));
#3846=CARTESIAN_POINT('',(40.0000005960464,12.,0.));
#3847=CARTESIAN_POINT('',(40.0000005960464,15.,0.));
#3848=CARTESIAN_POINT('Origin',(20.0000002980232,15.,-20.));
#3849=CARTESIAN_POINT('Origin',(20.0000002980232,12.,-20.));
#3850=UNCERTAINTY_MEASURE_WITH_UNIT(LENGTH_MEASURE(0.01),#3854,
'DISTANCE_ACCURACY_VALUE',
'Maximum model space distance between geometric entities at asserted c
onnectivities');
#3851=UNCERTAINTY_MEASURE_WITH_UNIT(LENGTH_MEASURE(0.01),#3854,
'DISTANCE_ACCURACY_VALUE',
'Maximum model space distance between geometric entities at asserted c
onnectivities');
#3852=(
GEOMETRIC_REPRESENTATION_CONTEXT(3)
GLOBAL_UNCERTAINTY_ASSIGNED_CONTEXT((#3850))
GLOBAL_UNIT_ASSIGNED_CONTEXT((#3854,#3856,#3857))
REPRESENTATION_CONTEXT('','3D')
);
#3853=(
GEOMETRIC_REPRESENTATION_CONTEXT(3)
GLOBAL_UNCERTAINTY_ASSIGNED_CONTEXT((#3851))
GLOBAL_UNIT_ASSIGNED_CONTEXT((#3854,#3856,#3857))
REPRESENTATION_CONTEXT('','3D')
);
#3854=(
LENGTH_UNIT()
NAMED_UNIT(*)
SI_UNIT(.MILLI.,.METRE.)
);
#3855=(
LENGTH_UNIT()
NAMED_UNIT(*)
SI_UNIT($,.METRE.)
);
#3856=(
NAMED_UNIT(*)
PLANE_ANGLE_UNIT()
SI_UNIT($,.RADIAN.)
);
#3857=(
NAMED_UNIT(*)
SI_UNIT($,.STERADIAN.)
SOLID_ANGLE_UNIT()
);
#3858=SHAPE_DEFINITION_REPRESENTATION(#3859,#3860);
#3859=PRODUCT_DEFINITION_SHAPE('',$,#3862);
#3860=SHAPE_REPRESENTATION('',(#2374),#3852);
#3861=PRODUCT_DEFINITION_CONTEXT('part definition',#3866,'design');
#3862=PRODUCT_DEFINITION('(Unsaved)','(Unsaved)',#3863,#3861);
#3863=PRODUCT_DEFINITION_FORMATION('',$,#3868);
#3864=PRODUCT_RELATED_PRODUCT_CATEGORY('(Unsaved)','(Unsaved)',(#3868));
#3865=APPLICATION_PROTOCOL_DEFINITION('international standard',
'automotive_design',2009,#3866);
#3866=APPLICATION_CONTEXT(
'Core Data for Automotive Mechanical Design Process');
#3867=PRODUCT_CONTEXT('part definition',#3866,'mechanical');
#3868=PRODUCT('(Unsaved)','(Unsaved)',$,(#3867));
#3869=PRESENTATION_STYLE_ASSIGNMENT((#3872));
#3870=PRESENTATION_STYLE_ASSIGNMENT((#3873));
#3871=PRESENTATION_STYLE_ASSIGNMENT((#3874));
#3872=SURFACE_STYLE_USAGE(.BOTH.,#3875);
#3873=SURFACE_STYLE_USAGE(.BOTH.,#3876);
#3874=SURFACE_STYLE_USAGE(.BOTH.,#3877);
#3875=SURFACE_SIDE_STYLE('',(#3878));
#3876=SURFACE_SIDE_STYLE('',(#3879));
#3877=SURFACE_SIDE_STYLE('',(#3880));
#3878=SURFACE_STYLE_FILL_AREA(#3881);
#3879=SURFACE_STYLE_FILL_AREA(#3882);
#3880=SURFACE_STYLE_FILL_AREA(#3883);
#3881=FILL_AREA_STYLE('Steel - Satin',(#3884));
#3882=FILL_AREA_STYLE('Steel - Satin',(#3885));
#3883=FILL_AREA_STYLE('Acrylic (Clear)',(#3886));
#3884=FILL_AREA_STYLE_COLOUR('Steel - Satin',#3887);
#3885=FILL_AREA_STYLE_COLOUR('Steel - Satin',#3888);
#3886=FILL_AREA_STYLE_COLOUR('Acrylic (Clear)',#3889);
#3887=COLOUR_RGB('Steel - Satin',0.627450980392157,0.627450980392157,0.627450980392157);
#3888=COLOUR_RGB('Steel - Satin',1.,1.,1.);
#3889=COLOUR_RGB('Acrylic (Clear)',0.964705882352941,0.964705882352941,
0.952941176470588);
ENDSEC;
END-ISO-10303-21;
