ISO-10303-21;
HEADER;
/* Generated by software containing ST-Developer
 * from STEP Tools, Inc. (www.steptools.com) 
 */

FILE_DESCRIPTION(
/* description */ (''),
/* implementation_level */ '2;1');

FILE_NAME(
/* name */ 'Fan.step',
/* time_stamp */ '2026-08-30T19:11:28-06:00',
/* author */ (''),
/* organization */ (''),
/* preprocessor_version */ 'ST-DEVELOPER v20.1',
/* originating_system */ 'Autodesk Translation Framework v15.8.0.0',
/* authorisation */ '');

FILE_SCHEMA (('AUTOMOTIVE_DESIGN { 1 0 10303 214 3 1 1 }'));
ENDSEC;

DATA;
#10=MECHANICAL_DESIGN_GEOMETRIC_PRESENTATION_REPRESENTATION('',(#13,#14,
#15,#16,#17,#18),#8725);
#11=SHAPE_REPRESENTATION_RELATIONSHIP('SRR','None',#8732,#12);
#12=ADVANCED_BREP_SHAPE_REPRESENTATION('',(#19,#20,#21,#22,#23,#24),#8724);
#13=STYLED_ITEM('',(#8742),#19);
#14=STYLED_ITEM('',(#8742),#20);
#15=STYLED_ITEM('',(#8742),#21);
#16=STYLED_ITEM('',(#8742),#22);
#17=STYLED_ITEM('',(#8742),#23);
#18=STYLED_ITEM('',(#8743),#24);
#19=MANIFOLD_SOLID_BREP('Fan_Shroud',#5460);
#20=MANIFOLD_SOLID_BREP('Fan_Rotor',#5461);
#21=MANIFOLD_SOLID_BREP('Label_Plate',#5462);
#22=MANIFOLD_SOLID_BREP('Screws',#5463);
#23=MANIFOLD_SOLID_BREP('Body6',#5464);
#24=MANIFOLD_SOLID_BREP('Fan_Shroud (1)',#5465);
#25=CYLINDRICAL_SURFACE('',#5500,2.8);
#26=CYLINDRICAL_SURFACE('',#5502,2.8);
#27=CYLINDRICAL_SURFACE('',#5504,2.8);
#28=CYLINDRICAL_SURFACE('',#5506,2.8);
#29=CYLINDRICAL_SURFACE('',#5508,1.4);
#30=CYLINDRICAL_SURFACE('',#5510,13.75);
#31=CYLINDRICAL_SURFACE('',#5514,1.4);
#32=CYLINDRICAL_SURFACE('',#5516,1.4);
#33=CYLINDRICAL_SURFACE('',#5518,1.4);
#34=CYLINDRICAL_SURFACE('',#5574,7.);
#35=CYLINDRICAL_SURFACE('',#5579,6.2);
#36=CYLINDRICAL_SURFACE('',#5584,2.5);
#37=CYLINDRICAL_SURFACE('',#5589,2.5);
#38=FACE_BOUND('',#420,.T.);
#39=FACE_BOUND('',#421,.T.);
#40=FACE_BOUND('',#422,.T.);
#41=FACE_BOUND('',#423,.T.);
#42=FACE_BOUND('',#424,.T.);
#43=FACE_BOUND('',#438,.T.);
#44=FACE_BOUND('',#439,.T.);
#45=FACE_BOUND('',#440,.T.);
#46=FACE_BOUND('',#441,.T.);
#47=FACE_BOUND('',#482,.T.);
#48=FACE_BOUND('',#483,.T.);
#49=FACE_BOUND('',#484,.T.);
#50=FACE_BOUND('',#485,.T.);
#51=FACE_BOUND('',#486,.T.);
#52=FACE_BOUND('',#487,.T.);
#53=FACE_BOUND('',#488,.T.);
#54=FACE_BOUND('',#635,.T.);
#55=FACE_BOUND('',#636,.T.);
#56=FACE_BOUND('',#637,.T.);
#57=FACE_BOUND('',#638,.T.);
#58=FACE_BOUND('',#639,.T.);
#59=FACE_BOUND('',#640,.T.);
#60=FACE_BOUND('',#641,.T.);
#61=FACE_BOUND('',#642,.T.);
#62=FACE_BOUND('',#643,.T.);
#63=FACE_BOUND('',#644,.T.);
#64=FACE_BOUND('',#645,.T.);
#65=FACE_BOUND('',#646,.T.);
#66=FACE_BOUND('',#647,.T.);
#67=FACE_BOUND('',#648,.T.);
#68=FACE_BOUND('',#649,.T.);
#69=FACE_BOUND('',#650,.T.);
#70=FACE_BOUND('',#651,.T.);
#71=FACE_BOUND('',#652,.T.);
#72=FACE_BOUND('',#653,.T.);
#73=FACE_BOUND('',#654,.T.);
#74=FACE_BOUND('',#655,.T.);
#75=FACE_BOUND('',#656,.T.);
#76=FACE_BOUND('',#657,.T.);
#77=FACE_BOUND('',#658,.T.);
#78=CIRCLE('',#5488,2.8);
#79=CIRCLE('',#5489,2.8);
#80=CIRCLE('',#5490,2.8);
#81=CIRCLE('',#5491,2.8);
#82=CIRCLE('',#5492,1.4);
#83=CIRCLE('',#5493,13.75);
#84=CIRCLE('',#5494,1.4);
#85=CIRCLE('',#5495,1.4);
#86=CIRCLE('',#5496,1.4);
#87=CIRCLE('',#5501,2.8);
#88=CIRCLE('',#5503,2.8);
#89=CIRCLE('',#5505,2.8);
#90=CIRCLE('',#5507,2.8);
#91=CIRCLE('',#5509,1.4);
#92=CIRCLE('',#5511,13.75);
#93=CIRCLE('',#5512,13.75);
#94=CIRCLE('',#5513,13.75);
#95=CIRCLE('',#5515,1.4);
#96=CIRCLE('',#5517,1.4);
#97=CIRCLE('',#5519,1.4);
#98=CIRCLE('',#5526,7.);
#99=CIRCLE('',#5531,7.);
#100=CIRCLE('',#5533,7.);
#101=CIRCLE('',#5538,7.);
#102=CIRCLE('',#5540,7.);
#103=CIRCLE('',#5545,7.);
#104=CIRCLE('',#5547,7.);
#105=CIRCLE('',#5552,7.);
#106=CIRCLE('',#5554,7.);
#107=CIRCLE('',#5559,7.);
#108=CIRCLE('',#5561,7.);
#109=CIRCLE('',#5566,7.);
#110=CIRCLE('',#5568,7.);
#111=CIRCLE('',#5573,7.);
#112=CIRCLE('',#5575,7.);
#113=CIRCLE('',#5576,7.);
#114=CIRCLE('',#5580,6.2);
#115=CIRCLE('',#5581,6.2);
#116=CIRCLE('',#5585,2.5);
#117=CIRCLE('',#5586,2.5);
#118=CIRCLE('',#5590,2.5);
#119=CIRCLE('',#5591,2.5);
#120=FACE_OUTER_BOUND('',#411,.T.);
#121=FACE_OUTER_BOUND('',#412,.T.);
#122=FACE_OUTER_BOUND('',#413,.T.);
#123=FACE_OUTER_BOUND('',#414,.T.);
#124=FACE_OUTER_BOUND('',#415,.T.);
#125=FACE_OUTER_BOUND('',#416,.T.);
#126=FACE_OUTER_BOUND('',#417,.T.);
#127=FACE_OUTER_BOUND('',#418,.T.);
#128=FACE_OUTER_BOUND('',#419,.T.);
#129=FACE_OUTER_BOUND('',#425,.T.);
#130=FACE_OUTER_BOUND('',#426,.T.);
#131=FACE_OUTER_BOUND('',#427,.T.);
#132=FACE_OUTER_BOUND('',#428,.T.);
#133=FACE_OUTER_BOUND('',#429,.T.);
#134=FACE_OUTER_BOUND('',#430,.T.);
#135=FACE_OUTER_BOUND('',#431,.T.);
#136=FACE_OUTER_BOUND('',#432,.T.);
#137=FACE_OUTER_BOUND('',#433,.T.);
#138=FACE_OUTER_BOUND('',#434,.T.);
#139=FACE_OUTER_BOUND('',#435,.T.);
#140=FACE_OUTER_BOUND('',#436,.T.);
#141=FACE_OUTER_BOUND('',#437,.T.);
#142=FACE_OUTER_BOUND('',#442,.T.);
#143=FACE_OUTER_BOUND('',#443,.T.);
#144=FACE_OUTER_BOUND('',#444,.T.);
#145=FACE_OUTER_BOUND('',#445,.T.);
#146=FACE_OUTER_BOUND('',#446,.T.);
#147=FACE_OUTER_BOUND('',#447,.T.);
#148=FACE_OUTER_BOUND('',#448,.T.);
#149=FACE_OUTER_BOUND('',#449,.T.);
#150=FACE_OUTER_BOUND('',#450,.T.);
#151=FACE_OUTER_BOUND('',#451,.T.);
#152=FACE_OUTER_BOUND('',#452,.T.);
#153=FACE_OUTER_BOUND('',#453,.T.);
#154=FACE_OUTER_BOUND('',#454,.T.);
#155=FACE_OUTER_BOUND('',#455,.T.);
#156=FACE_OUTER_BOUND('',#456,.T.);
#157=FACE_OUTER_BOUND('',#457,.T.);
#158=FACE_OUTER_BOUND('',#458,.T.);
#159=FACE_OUTER_BOUND('',#459,.T.);
#160=FACE_OUTER_BOUND('',#460,.T.);
#161=FACE_OUTER_BOUND('',#461,.T.);
#162=FACE_OUTER_BOUND('',#462,.T.);
#163=FACE_OUTER_BOUND('',#463,.T.);
#164=FACE_OUTER_BOUND('',#464,.T.);
#165=FACE_OUTER_BOUND('',#465,.T.);
#166=FACE_OUTER_BOUND('',#466,.T.);
#167=FACE_OUTER_BOUND('',#467,.T.);
#168=FACE_OUTER_BOUND('',#468,.T.);
#169=FACE_OUTER_BOUND('',#469,.T.);
#170=FACE_OUTER_BOUND('',#470,.T.);
#171=FACE_OUTER_BOUND('',#471,.T.);
#172=FACE_OUTER_BOUND('',#472,.T.);
#173=FACE_OUTER_BOUND('',#473,.T.);
#174=FACE_OUTER_BOUND('',#474,.T.);
#175=FACE_OUTER_BOUND('',#475,.T.);
#176=FACE_OUTER_BOUND('',#476,.T.);
#177=FACE_OUTER_BOUND('',#477,.T.);
#178=FACE_OUTER_BOUND('',#478,.T.);
#179=FACE_OUTER_BOUND('',#479,.T.);
#180=FACE_OUTER_BOUND('',#480,.T.);
#181=FACE_OUTER_BOUND('',#481,.T.);
#182=FACE_OUTER_BOUND('',#489,.T.);
#183=FACE_OUTER_BOUND('',#490,.T.);
#184=FACE_OUTER_BOUND('',#491,.T.);
#185=FACE_OUTER_BOUND('',#492,.T.);
#186=FACE_OUTER_BOUND('',#493,.T.);
#187=FACE_OUTER_BOUND('',#494,.T.);
#188=FACE_OUTER_BOUND('',#495,.T.);
#189=FACE_OUTER_BOUND('',#496,.T.);
#190=FACE_OUTER_BOUND('',#497,.T.);
#191=FACE_OUTER_BOUND('',#498,.T.);
#192=FACE_OUTER_BOUND('',#499,.T.);
#193=FACE_OUTER_BOUND('',#500,.T.);
#194=FACE_OUTER_BOUND('',#501,.T.);
#195=FACE_OUTER_BOUND('',#502,.T.);
#196=FACE_OUTER_BOUND('',#503,.T.);
#197=FACE_OUTER_BOUND('',#504,.T.);
#198=FACE_OUTER_BOUND('',#505,.T.);
#199=FACE_OUTER_BOUND('',#506,.T.);
#200=FACE_OUTER_BOUND('',#507,.T.);
#201=FACE_OUTER_BOUND('',#508,.T.);
#202=FACE_OUTER_BOUND('',#509,.T.);
#203=FACE_OUTER_BOUND('',#510,.T.);
#204=FACE_OUTER_BOUND('',#511,.T.);
#205=FACE_OUTER_BOUND('',#512,.T.);
#206=FACE_OUTER_BOUND('',#513,.T.);
#207=FACE_OUTER_BOUND('',#514,.T.);
#208=FACE_OUTER_BOUND('',#515,.T.);
#209=FACE_OUTER_BOUND('',#516,.T.);
#210=FACE_OUTER_BOUND('',#517,.T.);
#211=FACE_OUTER_BOUND('',#518,.T.);
#212=FACE_OUTER_BOUND('',#519,.T.);
#213=FACE_OUTER_BOUND('',#520,.T.);
#214=FACE_OUTER_BOUND('',#521,.T.);
#215=FACE_OUTER_BOUND('',#522,.T.);
#216=FACE_OUTER_BOUND('',#523,.T.);
#217=FACE_OUTER_BOUND('',#524,.T.);
#218=FACE_OUTER_BOUND('',#525,.T.);
#219=FACE_OUTER_BOUND('',#526,.T.);
#220=FACE_OUTER_BOUND('',#527,.T.);
#221=FACE_OUTER_BOUND('',#528,.T.);
#222=FACE_OUTER_BOUND('',#529,.T.);
#223=FACE_OUTER_BOUND('',#530,.T.);
#224=FACE_OUTER_BOUND('',#531,.T.);
#225=FACE_OUTER_BOUND('',#532,.T.);
#226=FACE_OUTER_BOUND('',#533,.T.);
#227=FACE_OUTER_BOUND('',#534,.T.);
#228=FACE_OUTER_BOUND('',#535,.T.);
#229=FACE_OUTER_BOUND('',#536,.T.);
#230=FACE_OUTER_BOUND('',#537,.T.);
#231=FACE_OUTER_BOUND('',#538,.T.);
#232=FACE_OUTER_BOUND('',#539,.T.);
#233=FACE_OUTER_BOUND('',#540,.T.);
#234=FACE_OUTER_BOUND('',#541,.T.);
#235=FACE_OUTER_BOUND('',#542,.T.);
#236=FACE_OUTER_BOUND('',#543,.T.);
#237=FACE_OUTER_BOUND('',#544,.T.);
#238=FACE_OUTER_BOUND('',#545,.T.);
#239=FACE_OUTER_BOUND('',#546,.T.);
#240=FACE_OUTER_BOUND('',#547,.T.);
#241=FACE_OUTER_BOUND('',#548,.T.);
#242=FACE_OUTER_BOUND('',#549,.T.);
#243=FACE_OUTER_BOUND('',#550,.T.);
#244=FACE_OUTER_BOUND('',#551,.T.);
#245=FACE_OUTER_BOUND('',#552,.T.);
#246=FACE_OUTER_BOUND('',#553,.T.);
#247=FACE_OUTER_BOUND('',#554,.T.);
#248=FACE_OUTER_BOUND('',#555,.T.);
#249=FACE_OUTER_BOUND('',#556,.T.);
#250=FACE_OUTER_BOUND('',#557,.T.);
#251=FACE_OUTER_BOUND('',#558,.T.);
#252=FACE_OUTER_BOUND('',#559,.T.);
#253=FACE_OUTER_BOUND('',#560,.T.);
#254=FACE_OUTER_BOUND('',#561,.T.);
#255=FACE_OUTER_BOUND('',#562,.T.);
#256=FACE_OUTER_BOUND('',#563,.T.);
#257=FACE_OUTER_BOUND('',#564,.T.);
#258=FACE_OUTER_BOUND('',#565,.T.);
#259=FACE_OUTER_BOUND('',#566,.T.);
#260=FACE_OUTER_BOUND('',#567,.T.);
#261=FACE_OUTER_BOUND('',#568,.T.);
#262=FACE_OUTER_BOUND('',#569,.T.);
#263=FACE_OUTER_BOUND('',#570,.T.);
#264=FACE_OUTER_BOUND('',#571,.T.);
#265=FACE_OUTER_BOUND('',#572,.T.);
#266=FACE_OUTER_BOUND('',#573,.T.);
#267=FACE_OUTER_BOUND('',#574,.T.);
#268=FACE_OUTER_BOUND('',#575,.T.);
#269=FACE_OUTER_BOUND('',#576,.T.);
#270=FACE_OUTER_BOUND('',#577,.T.);
#271=FACE_OUTER_BOUND('',#578,.T.);
#272=FACE_OUTER_BOUND('',#579,.T.);
#273=FACE_OUTER_BOUND('',#580,.T.);
#274=FACE_OUTER_BOUND('',#581,.T.);
#275=FACE_OUTER_BOUND('',#582,.T.);
#276=FACE_OUTER_BOUND('',#583,.T.);
#277=FACE_OUTER_BOUND('',#584,.T.);
#278=FACE_OUTER_BOUND('',#585,.T.);
#279=FACE_OUTER_BOUND('',#586,.T.);
#280=FACE_OUTER_BOUND('',#587,.T.);
#281=FACE_OUTER_BOUND('',#588,.T.);
#282=FACE_OUTER_BOUND('',#589,.T.);
#283=FACE_OUTER_BOUND('',#590,.T.);
#284=FACE_OUTER_BOUND('',#591,.T.);
#285=FACE_OUTER_BOUND('',#592,.T.);
#286=FACE_OUTER_BOUND('',#593,.T.);
#287=FACE_OUTER_BOUND('',#594,.T.);
#288=FACE_OUTER_BOUND('',#595,.T.);
#289=FACE_OUTER_BOUND('',#596,.T.);
#290=FACE_OUTER_BOUND('',#597,.T.);
#291=FACE_OUTER_BOUND('',#598,.T.);
#292=FACE_OUTER_BOUND('',#599,.T.);
#293=FACE_OUTER_BOUND('',#600,.T.);
#294=FACE_OUTER_BOUND('',#601,.T.);
#295=FACE_OUTER_BOUND('',#602,.T.);
#296=FACE_OUTER_BOUND('',#603,.T.);
#297=FACE_OUTER_BOUND('',#604,.T.);
#298=FACE_OUTER_BOUND('',#605,.T.);
#299=FACE_OUTER_BOUND('',#606,.T.);
#300=FACE_OUTER_BOUND('',#607,.T.);
#301=FACE_OUTER_BOUND('',#608,.T.);
#302=FACE_OUTER_BOUND('',#609,.T.);
#303=FACE_OUTER_BOUND('',#610,.T.);
#304=FACE_OUTER_BOUND('',#611,.T.);
#305=FACE_OUTER_BOUND('',#612,.T.);
#306=FACE_OUTER_BOUND('',#613,.T.);
#307=FACE_OUTER_BOUND('',#614,.T.);
#308=FACE_OUTER_BOUND('',#615,.T.);
#309=FACE_OUTER_BOUND('',#616,.T.);
#310=FACE_OUTER_BOUND('',#617,.T.);
#311=FACE_OUTER_BOUND('',#618,.T.);
#312=FACE_OUTER_BOUND('',#619,.T.);
#313=FACE_OUTER_BOUND('',#620,.T.);
#314=FACE_OUTER_BOUND('',#621,.T.);
#315=FACE_OUTER_BOUND('',#622,.T.);
#316=FACE_OUTER_BOUND('',#623,.T.);
#317=FACE_OUTER_BOUND('',#624,.T.);
#318=FACE_OUTER_BOUND('',#625,.T.);
#319=FACE_OUTER_BOUND('',#626,.T.);
#320=FACE_OUTER_BOUND('',#627,.T.);
#321=FACE_OUTER_BOUND('',#628,.T.);
#322=FACE_OUTER_BOUND('',#629,.T.);
#323=FACE_OUTER_BOUND('',#630,.T.);
#324=FACE_OUTER_BOUND('',#631,.T.);
#325=FACE_OUTER_BOUND('',#632,.T.);
#326=FACE_OUTER_BOUND('',#633,.T.);
#327=FACE_OUTER_BOUND('',#634,.T.);
#328=FACE_OUTER_BOUND('',#659,.T.);
#329=FACE_OUTER_BOUND('',#660,.T.);
#330=FACE_OUTER_BOUND('',#661,.T.);
#331=FACE_OUTER_BOUND('',#662,.T.);
#332=FACE_OUTER_BOUND('',#663,.T.);
#333=FACE_OUTER_BOUND('',#664,.T.);
#334=FACE_OUTER_BOUND('',#665,.T.);
#335=FACE_OUTER_BOUND('',#666,.T.);
#336=FACE_OUTER_BOUND('',#667,.T.);
#337=FACE_OUTER_BOUND('',#668,.T.);
#338=FACE_OUTER_BOUND('',#669,.T.);
#339=FACE_OUTER_BOUND('',#670,.T.);
#340=FACE_OUTER_BOUND('',#671,.T.);
#341=FACE_OUTER_BOUND('',#672,.T.);
#342=FACE_OUTER_BOUND('',#673,.T.);
#343=FACE_OUTER_BOUND('',#674,.T.);
#344=FACE_OUTER_BOUND('',#675,.T.);
#345=FACE_OUTER_BOUND('',#676,.T.);
#346=FACE_OUTER_BOUND('',#677,.T.);
#347=FACE_OUTER_BOUND('',#678,.T.);
#348=FACE_OUTER_BOUND('',#679,.T.);
#349=FACE_OUTER_BOUND('',#680,.T.);
#350=FACE_OUTER_BOUND('',#681,.T.);
#351=FACE_OUTER_BOUND('',#682,.T.);
#352=FACE_OUTER_BOUND('',#683,.T.);
#353=FACE_OUTER_BOUND('',#684,.T.);
#354=FACE_OUTER_BOUND('',#685,.T.);
#355=FACE_OUTER_BOUND('',#686,.T.);
#356=FACE_OUTER_BOUND('',#687,.T.);
#357=FACE_OUTER_BOUND('',#688,.T.);
#358=FACE_OUTER_BOUND('',#689,.T.);
#359=FACE_OUTER_BOUND('',#690,.T.);
#360=FACE_OUTER_BOUND('',#691,.T.);
#361=FACE_OUTER_BOUND('',#692,.T.);
#362=FACE_OUTER_BOUND('',#693,.T.);
#363=FACE_OUTER_BOUND('',#694,.T.);
#364=FACE_OUTER_BOUND('',#695,.T.);
#365=FACE_OUTER_BOUND('',#696,.T.);
#366=FACE_OUTER_BOUND('',#697,.T.);
#367=FACE_OUTER_BOUND('',#698,.T.);
#368=FACE_OUTER_BOUND('',#699,.T.);
#369=FACE_OUTER_BOUND('',#700,.T.);
#370=FACE_OUTER_BOUND('',#701,.T.);
#371=FACE_OUTER_BOUND('',#702,.T.);
#372=FACE_OUTER_BOUND('',#703,.T.);
#373=FACE_OUTER_BOUND('',#704,.T.);
#374=FACE_OUTER_BOUND('',#705,.T.);
#375=FACE_OUTER_BOUND('',#706,.T.);
#376=FACE_OUTER_BOUND('',#707,.T.);
#377=FACE_OUTER_BOUND('',#708,.T.);
#378=FACE_OUTER_BOUND('',#709,.T.);
#379=FACE_OUTER_BOUND('',#710,.T.);
#380=FACE_OUTER_BOUND('',#711,.T.);
#381=FACE_OUTER_BOUND('',#712,.T.);
#382=FACE_OUTER_BOUND('',#713,.T.);
#383=FACE_OUTER_BOUND('',#714,.T.);
#384=FACE_OUTER_BOUND('',#715,.T.);
#385=FACE_OUTER_BOUND('',#716,.T.);
#386=FACE_OUTER_BOUND('',#717,.T.);
#387=FACE_OUTER_BOUND('',#718,.T.);
#388=FACE_OUTER_BOUND('',#719,.T.);
#389=FACE_OUTER_BOUND('',#720,.T.);
#390=FACE_OUTER_BOUND('',#721,.T.);
#391=FACE_OUTER_BOUND('',#722,.T.);
#392=FACE_OUTER_BOUND('',#723,.T.);
#393=FACE_OUTER_BOUND('',#724,.T.);
#394=FACE_OUTER_BOUND('',#725,.T.);
#395=FACE_OUTER_BOUND('',#726,.T.);
#396=FACE_OUTER_BOUND('',#727,.T.);
#397=FACE_OUTER_BOUND('',#728,.T.);
#398=FACE_OUTER_BOUND('',#729,.T.);
#399=FACE_OUTER_BOUND('',#730,.T.);
#400=FACE_OUTER_BOUND('',#731,.T.);
#401=FACE_OUTER_BOUND('',#732,.T.);
#402=FACE_OUTER_BOUND('',#733,.T.);
#403=FACE_OUTER_BOUND('',#734,.T.);
#404=FACE_OUTER_BOUND('',#735,.T.);
#405=FACE_OUTER_BOUND('',#736,.T.);
#406=FACE_OUTER_BOUND('',#737,.T.);
#407=FACE_OUTER_BOUND('',#738,.T.);
#408=FACE_OUTER_BOUND('',#739,.T.);
#409=FACE_OUTER_BOUND('',#740,.T.);
#410=FACE_OUTER_BOUND('',#741,.T.);
#411=EDGE_LOOP('',(#3397,#3398,#3399,#3400));
#412=EDGE_LOOP('',(#3401,#3402,#3403,#3404));
#413=EDGE_LOOP('',(#3405,#3406,#3407,#3408));
#414=EDGE_LOOP('',(#3409,#3410,#3411,#3412));
#415=EDGE_LOOP('',(#3413,#3414,#3415,#3416));
#416=EDGE_LOOP('',(#3417,#3418,#3419,#3420));
#417=EDGE_LOOP('',(#3421,#3422,#3423,#3424));
#418=EDGE_LOOP('',(#3425,#3426,#3427,#3428));
#419=EDGE_LOOP('',(#3429,#3430,#3431,#3432,#3433,#3434,#3435,#3436,#3437,
#3438,#3439,#3440,#3441,#3442,#3443,#3444));
#420=EDGE_LOOP('',(#3445));
#421=EDGE_LOOP('',(#3446));
#422=EDGE_LOOP('',(#3447));
#423=EDGE_LOOP('',(#3448));
#424=EDGE_LOOP('',(#3449));
#425=EDGE_LOOP('',(#3450,#3451,#3452,#3453));
#426=EDGE_LOOP('',(#3454,#3455,#3456,#3457));
#427=EDGE_LOOP('',(#3458,#3459,#3460,#3461));
#428=EDGE_LOOP('',(#3462,#3463,#3464,#3465));
#429=EDGE_LOOP('',(#3466,#3467,#3468,#3469));
#430=EDGE_LOOP('',(#3470,#3471,#3472,#3473));
#431=EDGE_LOOP('',(#3474,#3475,#3476,#3477));
#432=EDGE_LOOP('',(#3478,#3479,#3480,#3481));
#433=EDGE_LOOP('',(#3482,#3483,#3484,#3485,#3486,#3487,#3488,#3489));
#434=EDGE_LOOP('',(#3490,#3491,#3492,#3493));
#435=EDGE_LOOP('',(#3494,#3495,#3496,#3497));
#436=EDGE_LOOP('',(#3498,#3499,#3500,#3501));
#437=EDGE_LOOP('',(#3502,#3503,#3504,#3505,#3506,#3507,#3508,#3509,#3510,
#3511,#3512,#3513,#3514,#3515,#3516,#3517,#3518,#3519,#3520,#3521,#3522));
#438=EDGE_LOOP('',(#3523));
#439=EDGE_LOOP('',(#3524));
#440=EDGE_LOOP('',(#3525));
#441=EDGE_LOOP('',(#3526));
#442=EDGE_LOOP('',(#3527,#3528,#3529,#3530,#3531,#3532,#3533,#3534));
#443=EDGE_LOOP('',(#3535,#3536,#3537,#3538));
#444=EDGE_LOOP('',(#3539,#3540,#3541,#3542));
#445=EDGE_LOOP('',(#3543,#3544,#3545,#3546));
#446=EDGE_LOOP('',(#3547,#3548,#3549,#3550));
#447=EDGE_LOOP('',(#3551,#3552,#3553,#3554));
#448=EDGE_LOOP('',(#3555,#3556,#3557,#3558));
#449=EDGE_LOOP('',(#3559,#3560,#3561,#3562));
#450=EDGE_LOOP('',(#3563,#3564,#3565,#3566));
#451=EDGE_LOOP('',(#3567,#3568,#3569,#3570));
#452=EDGE_LOOP('',(#3571,#3572,#3573,#3574));
#453=EDGE_LOOP('',(#3575,#3576,#3577,#3578));
#454=EDGE_LOOP('',(#3579,#3580,#3581,#3582));
#455=EDGE_LOOP('',(#3583,#3584,#3585,#3586));
#456=EDGE_LOOP('',(#3587,#3588,#3589,#3590));
#457=EDGE_LOOP('',(#3591,#3592,#3593,#3594));
#458=EDGE_LOOP('',(#3595,#3596,#3597,#3598));
#459=EDGE_LOOP('',(#3599,#3600,#3601,#3602));
#460=EDGE_LOOP('',(#3603,#3604,#3605,#3606));
#461=EDGE_LOOP('',(#3607,#3608,#3609,#3610));
#462=EDGE_LOOP('',(#3611,#3612,#3613,#3614));
#463=EDGE_LOOP('',(#3615,#3616,#3617,#3618));
#464=EDGE_LOOP('',(#3619,#3620,#3621,#3622));
#465=EDGE_LOOP('',(#3623,#3624,#3625,#3626));
#466=EDGE_LOOP('',(#3627,#3628,#3629,#3630));
#467=EDGE_LOOP('',(#3631,#3632,#3633,#3634));
#468=EDGE_LOOP('',(#3635,#3636,#3637,#3638));
#469=EDGE_LOOP('',(#3639,#3640,#3641,#3642));
#470=EDGE_LOOP('',(#3643,#3644,#3645,#3646));
#471=EDGE_LOOP('',(#3647,#3648,#3649,#3650));
#472=EDGE_LOOP('',(#3651,#3652,#3653,#3654));
#473=EDGE_LOOP('',(#3655,#3656,#3657,#3658));
#474=EDGE_LOOP('',(#3659,#3660,#3661,#3662));
#475=EDGE_LOOP('',(#3663,#3664,#3665,#3666));
#476=EDGE_LOOP('',(#3667,#3668,#3669,#3670));
#477=EDGE_LOOP('',(#3671,#3672,#3673,#3674));
#478=EDGE_LOOP('',(#3675,#3676,#3677,#3678));
#479=EDGE_LOOP('',(#3679,#3680,#3681,#3682));
#480=EDGE_LOOP('',(#3683,#3684,#3685,#3686));
#481=EDGE_LOOP('',(#3687,#3688,#3689,#3690));
#482=EDGE_LOOP('',(#3691,#3692,#3693,#3694));
#483=EDGE_LOOP('',(#3695,#3696,#3697,#3698));
#484=EDGE_LOOP('',(#3699,#3700,#3701,#3702));
#485=EDGE_LOOP('',(#3703,#3704,#3705,#3706));
#486=EDGE_LOOP('',(#3707,#3708,#3709,#3710));
#487=EDGE_LOOP('',(#3711,#3712,#3713,#3714));
#488=EDGE_LOOP('',(#3715,#3716,#3717,#3718));
#489=EDGE_LOOP('',(#3719));
#490=EDGE_LOOP('',(#3720));
#491=EDGE_LOOP('',(#3721,#3722,#3723,#3724));
#492=EDGE_LOOP('',(#3725));
#493=EDGE_LOOP('',(#3726));
#494=EDGE_LOOP('',(#3727,#3728,#3729,#3730));
#495=EDGE_LOOP('',(#3731));
#496=EDGE_LOOP('',(#3732));
#497=EDGE_LOOP('',(#3733,#3734,#3735,#3736));
#498=EDGE_LOOP('',(#3737));
#499=EDGE_LOOP('',(#3738));
#500=EDGE_LOOP('',(#3739,#3740,#3741,#3742));
#501=EDGE_LOOP('',(#3743,#3744,#3745,#3746));
#502=EDGE_LOOP('',(#3747,#3748,#3749,#3750));
#503=EDGE_LOOP('',(#3751,#3752,#3753,#3754));
#504=EDGE_LOOP('',(#3755,#3756,#3757,#3758));
#505=EDGE_LOOP('',(#3759,#3760,#3761,#3762));
#506=EDGE_LOOP('',(#3763,#3764,#3765,#3766));
#507=EDGE_LOOP('',(#3767,#3768,#3769,#3770));
#508=EDGE_LOOP('',(#3771,#3772,#3773,#3774));
#509=EDGE_LOOP('',(#3775,#3776,#3777,#3778));
#510=EDGE_LOOP('',(#3779,#3780,#3781,#3782));
#511=EDGE_LOOP('',(#3783,#3784,#3785,#3786));
#512=EDGE_LOOP('',(#3787,#3788,#3789,#3790));
#513=EDGE_LOOP('',(#3791,#3792,#3793,#3794));
#514=EDGE_LOOP('',(#3795,#3796,#3797,#3798));
#515=EDGE_LOOP('',(#3799,#3800,#3801,#3802));
#516=EDGE_LOOP('',(#3803,#3804,#3805,#3806));
#517=EDGE_LOOP('',(#3807,#3808,#3809,#3810));
#518=EDGE_LOOP('',(#3811,#3812,#3813,#3814));
#519=EDGE_LOOP('',(#3815,#3816,#3817,#3818));
#520=EDGE_LOOP('',(#3819,#3820,#3821,#3822));
#521=EDGE_LOOP('',(#3823,#3824,#3825,#3826));
#522=EDGE_LOOP('',(#3827,#3828,#3829,#3830));
#523=EDGE_LOOP('',(#3831,#3832,#3833,#3834));
#524=EDGE_LOOP('',(#3835,#3836,#3837,#3838));
#525=EDGE_LOOP('',(#3839,#3840,#3841,#3842));
#526=EDGE_LOOP('',(#3843,#3844,#3845,#3846));
#527=EDGE_LOOP('',(#3847,#3848,#3849,#3850));
#528=EDGE_LOOP('',(#3851,#3852,#3853,#3854));
#529=EDGE_LOOP('',(#3855,#3856,#3857,#3858));
#530=EDGE_LOOP('',(#3859,#3860,#3861,#3862));
#531=EDGE_LOOP('',(#3863,#3864,#3865,#3866));
#532=EDGE_LOOP('',(#3867,#3868,#3869,#3870));
#533=EDGE_LOOP('',(#3871,#3872,#3873,#3874));
#534=EDGE_LOOP('',(#3875,#3876,#3877,#3878));
#535=EDGE_LOOP('',(#3879,#3880,#3881,#3882));
#536=EDGE_LOOP('',(#3883,#3884,#3885,#3886));
#537=EDGE_LOOP('',(#3887,#3888,#3889,#3890));
#538=EDGE_LOOP('',(#3891,#3892,#3893,#3894));
#539=EDGE_LOOP('',(#3895,#3896,#3897,#3898));
#540=EDGE_LOOP('',(#3899,#3900,#3901,#3902));
#541=EDGE_LOOP('',(#3903,#3904,#3905,#3906));
#542=EDGE_LOOP('',(#3907,#3908,#3909,#3910));
#543=EDGE_LOOP('',(#3911,#3912,#3913,#3914));
#544=EDGE_LOOP('',(#3915,#3916,#3917,#3918));
#545=EDGE_LOOP('',(#3919,#3920,#3921,#3922));
#546=EDGE_LOOP('',(#3923,#3924,#3925,#3926));
#547=EDGE_LOOP('',(#3927,#3928,#3929,#3930));
#548=EDGE_LOOP('',(#3931,#3932,#3933,#3934));
#549=EDGE_LOOP('',(#3935,#3936,#3937,#3938));
#550=EDGE_LOOP('',(#3939,#3940,#3941,#3942));
#551=EDGE_LOOP('',(#3943,#3944,#3945,#3946));
#552=EDGE_LOOP('',(#3947,#3948,#3949,#3950));
#553=EDGE_LOOP('',(#3951,#3952,#3953,#3954));
#554=EDGE_LOOP('',(#3955,#3956,#3957,#3958));
#555=EDGE_LOOP('',(#3959,#3960,#3961,#3962));
#556=EDGE_LOOP('',(#3963,#3964,#3965,#3966));
#557=EDGE_LOOP('',(#3967,#3968,#3969,#3970));
#558=EDGE_LOOP('',(#3971,#3972,#3973,#3974));
#559=EDGE_LOOP('',(#3975,#3976,#3977,#3978));
#560=EDGE_LOOP('',(#3979,#3980,#3981,#3982));
#561=EDGE_LOOP('',(#3983,#3984,#3985,#3986));
#562=EDGE_LOOP('',(#3987,#3988,#3989,#3990));
#563=EDGE_LOOP('',(#3991,#3992,#3993,#3994));
#564=EDGE_LOOP('',(#3995,#3996,#3997,#3998));
#565=EDGE_LOOP('',(#3999,#4000,#4001,#4002));
#566=EDGE_LOOP('',(#4003,#4004,#4005,#4006));
#567=EDGE_LOOP('',(#4007,#4008,#4009,#4010));
#568=EDGE_LOOP('',(#4011,#4012,#4013,#4014));
#569=EDGE_LOOP('',(#4015,#4016,#4017,#4018));
#570=EDGE_LOOP('',(#4019,#4020,#4021,#4022));
#571=EDGE_LOOP('',(#4023,#4024,#4025,#4026));
#572=EDGE_LOOP('',(#4027,#4028,#4029,#4030));
#573=EDGE_LOOP('',(#4031,#4032,#4033,#4034));
#574=EDGE_LOOP('',(#4035,#4036,#4037,#4038));
#575=EDGE_LOOP('',(#4039,#4040,#4041,#4042));
#576=EDGE_LOOP('',(#4043,#4044,#4045,#4046));
#577=EDGE_LOOP('',(#4047,#4048,#4049,#4050));
#578=EDGE_LOOP('',(#4051,#4052,#4053,#4054));
#579=EDGE_LOOP('',(#4055,#4056,#4057,#4058));
#580=EDGE_LOOP('',(#4059,#4060,#4061,#4062));
#581=EDGE_LOOP('',(#4063,#4064,#4065,#4066));
#582=EDGE_LOOP('',(#4067,#4068,#4069,#4070));
#583=EDGE_LOOP('',(#4071,#4072,#4073,#4074));
#584=EDGE_LOOP('',(#4075,#4076,#4077,#4078));
#585=EDGE_LOOP('',(#4079,#4080,#4081,#4082));
#586=EDGE_LOOP('',(#4083,#4084,#4085,#4086));
#587=EDGE_LOOP('',(#4087,#4088,#4089,#4090));
#588=EDGE_LOOP('',(#4091,#4092,#4093,#4094));
#589=EDGE_LOOP('',(#4095,#4096,#4097,#4098));
#590=EDGE_LOOP('',(#4099,#4100,#4101,#4102));
#591=EDGE_LOOP('',(#4103,#4104,#4105,#4106));
#592=EDGE_LOOP('',(#4107,#4108,#4109,#4110));
#593=EDGE_LOOP('',(#4111,#4112,#4113,#4114));
#594=EDGE_LOOP('',(#4115,#4116,#4117,#4118));
#595=EDGE_LOOP('',(#4119,#4120,#4121,#4122));
#596=EDGE_LOOP('',(#4123,#4124,#4125,#4126));
#597=EDGE_LOOP('',(#4127,#4128,#4129,#4130));
#598=EDGE_LOOP('',(#4131,#4132,#4133,#4134));
#599=EDGE_LOOP('',(#4135,#4136,#4137,#4138));
#600=EDGE_LOOP('',(#4139,#4140,#4141,#4142));
#601=EDGE_LOOP('',(#4143,#4144,#4145,#4146));
#602=EDGE_LOOP('',(#4147,#4148,#4149,#4150));
#603=EDGE_LOOP('',(#4151,#4152,#4153,#4154));
#604=EDGE_LOOP('',(#4155,#4156,#4157,#4158));
#605=EDGE_LOOP('',(#4159,#4160,#4161,#4162));
#606=EDGE_LOOP('',(#4163,#4164,#4165,#4166));
#607=EDGE_LOOP('',(#4167,#4168,#4169,#4170));
#608=EDGE_LOOP('',(#4171,#4172,#4173,#4174));
#609=EDGE_LOOP('',(#4175,#4176,#4177,#4178));
#610=EDGE_LOOP('',(#4179,#4180,#4181,#4182));
#611=EDGE_LOOP('',(#4183,#4184,#4185,#4186));
#612=EDGE_LOOP('',(#4187,#4188,#4189,#4190));
#613=EDGE_LOOP('',(#4191,#4192,#4193,#4194));
#614=EDGE_LOOP('',(#4195,#4196,#4197,#4198));
#615=EDGE_LOOP('',(#4199,#4200,#4201,#4202));
#616=EDGE_LOOP('',(#4203,#4204,#4205,#4206));
#617=EDGE_LOOP('',(#4207,#4208,#4209,#4210));
#618=EDGE_LOOP('',(#4211,#4212,#4213,#4214));
#619=EDGE_LOOP('',(#4215,#4216,#4217,#4218));
#620=EDGE_LOOP('',(#4219,#4220,#4221,#4222));
#621=EDGE_LOOP('',(#4223,#4224,#4225,#4226));
#622=EDGE_LOOP('',(#4227,#4228,#4229,#4230));
#623=EDGE_LOOP('',(#4231,#4232,#4233,#4234));
#624=EDGE_LOOP('',(#4235,#4236,#4237,#4238));
#625=EDGE_LOOP('',(#4239,#4240,#4241,#4242));
#626=EDGE_LOOP('',(#4243,#4244,#4245,#4246));
#627=EDGE_LOOP('',(#4247,#4248,#4249,#4250));
#628=EDGE_LOOP('',(#4251,#4252,#4253,#4254,#4255,#4256,#4257,#4258,#4259,
#4260,#4261,#4262,#4263,#4264,#4265,#4266,#4267,#4268,#4269,#4270,#4271,
#4272,#4273,#4274));
#629=EDGE_LOOP('',(#4275,#4276,#4277,#4278));
#630=EDGE_LOOP('',(#4279,#4280,#4281,#4282));
#631=EDGE_LOOP('',(#4283,#4284,#4285,#4286));
#632=EDGE_LOOP('',(#4287,#4288,#4289,#4290));
#633=EDGE_LOOP('',(#4291,#4292,#4293,#4294));
#634=EDGE_LOOP('',(#4295,#4296,#4297,#4298,#4299,#4300,#4301,#4302,#4303,
#4304,#4305,#4306,#4307,#4308,#4309,#4310,#4311,#4312,#4313,#4314,#4315,
#4316,#4317,#4318,#4319,#4320,#4321,#4322,#4323,#4324,#4325,#4326,#4327,
#4328,#4329,#4330,#4331,#4332,#4333,#4334,#4335,#4336,#4337,#4338,#4339,
#4340,#4341,#4342,#4343,#4344,#4345,#4346,#4347,#4348,#4349,#4350,#4351,
#4352,#4353,#4354,#4355,#4356,#4357,#4358,#4359,#4360,#4361,#4362,#4363,
#4364,#4365,#4366,#4367,#4368,#4369,#4370,#4371,#4372,#4373,#4374,#4375,
#4376,#4377,#4378,#4379,#4380,#4381,#4382,#4383,#4384,#4385,#4386));
#635=EDGE_LOOP('',(#4387,#4388,#4389,#4390));
#636=EDGE_LOOP('',(#4391,#4392,#4393,#4394));
#637=EDGE_LOOP('',(#4395,#4396,#4397,#4398));
#638=EDGE_LOOP('',(#4399,#4400,#4401,#4402));
#639=EDGE_LOOP('',(#4403,#4404,#4405,#4406));
#640=EDGE_LOOP('',(#4407,#4408,#4409,#4410));
#641=EDGE_LOOP('',(#4411,#4412,#4413,#4414));
#642=EDGE_LOOP('',(#4415,#4416,#4417,#4418));
#643=EDGE_LOOP('',(#4419,#4420,#4421,#4422));
#644=EDGE_LOOP('',(#4423,#4424,#4425,#4426));
#645=EDGE_LOOP('',(#4427,#4428,#4429,#4430));
#646=EDGE_LOOP('',(#4431,#4432,#4433,#4434));
#647=EDGE_LOOP('',(#4435,#4436,#4437,#4438));
#648=EDGE_LOOP('',(#4439,#4440,#4441,#4442));
#649=EDGE_LOOP('',(#4443,#4444,#4445,#4446));
#650=EDGE_LOOP('',(#4447,#4448,#4449,#4450));
#651=EDGE_LOOP('',(#4451,#4452,#4453,#4454));
#652=EDGE_LOOP('',(#4455,#4456,#4457,#4458));
#653=EDGE_LOOP('',(#4459,#4460,#4461,#4462));
#654=EDGE_LOOP('',(#4463,#4464,#4465,#4466));
#655=EDGE_LOOP('',(#4467,#4468,#4469,#4470));
#656=EDGE_LOOP('',(#4471,#4472,#4473,#4474));
#657=EDGE_LOOP('',(#4475,#4476,#4477,#4478));
#658=EDGE_LOOP('',(#4479,#4480,#4481,#4482));
#659=EDGE_LOOP('',(#4483,#4484,#4485,#4486));
#660=EDGE_LOOP('',(#4487,#4488,#4489,#4490));
#661=EDGE_LOOP('',(#4491,#4492,#4493,#4494));
#662=EDGE_LOOP('',(#4495,#4496,#4497,#4498));
#663=EDGE_LOOP('',(#4499,#4500,#4501,#4502));
#664=EDGE_LOOP('',(#4503,#4504,#4505,#4506));
#665=EDGE_LOOP('',(#4507,#4508,#4509,#4510));
#666=EDGE_LOOP('',(#4511,#4512,#4513,#4514));
#667=EDGE_LOOP('',(#4515,#4516,#4517,#4518));
#668=EDGE_LOOP('',(#4519,#4520,#4521,#4522));
#669=EDGE_LOOP('',(#4523,#4524,#4525,#4526));
#670=EDGE_LOOP('',(#4527,#4528,#4529,#4530));
#671=EDGE_LOOP('',(#4531,#4532,#4533,#4534));
#672=EDGE_LOOP('',(#4535,#4536,#4537,#4538));
#673=EDGE_LOOP('',(#4539,#4540,#4541,#4542));
#674=EDGE_LOOP('',(#4543,#4544,#4545,#4546));
#675=EDGE_LOOP('',(#4547,#4548,#4549,#4550));
#676=EDGE_LOOP('',(#4551,#4552,#4553,#4554));
#677=EDGE_LOOP('',(#4555,#4556,#4557,#4558));
#678=EDGE_LOOP('',(#4559,#4560,#4561,#4562));
#679=EDGE_LOOP('',(#4563,#4564,#4565,#4566));
#680=EDGE_LOOP('',(#4567,#4568,#4569,#4570));
#681=EDGE_LOOP('',(#4571,#4572,#4573,#4574));
#682=EDGE_LOOP('',(#4575,#4576,#4577,#4578));
#683=EDGE_LOOP('',(#4579,#4580,#4581,#4582));
#684=EDGE_LOOP('',(#4583,#4584,#4585,#4586));
#685=EDGE_LOOP('',(#4587,#4588,#4589,#4590));
#686=EDGE_LOOP('',(#4591,#4592,#4593,#4594));
#687=EDGE_LOOP('',(#4595,#4596,#4597,#4598));
#688=EDGE_LOOP('',(#4599,#4600,#4601,#4602));
#689=EDGE_LOOP('',(#4603,#4604,#4605,#4606));
#690=EDGE_LOOP('',(#4607,#4608,#4609,#4610));
#691=EDGE_LOOP('',(#4611,#4612,#4613,#4614));
#692=EDGE_LOOP('',(#4615,#4616,#4617,#4618));
#693=EDGE_LOOP('',(#4619,#4620,#4621,#4622));
#694=EDGE_LOOP('',(#4623,#4624,#4625,#4626));
#695=EDGE_LOOP('',(#4627,#4628,#4629,#4630));
#696=EDGE_LOOP('',(#4631,#4632,#4633,#4634));
#697=EDGE_LOOP('',(#4635,#4636,#4637,#4638));
#698=EDGE_LOOP('',(#4639,#4640,#4641,#4642));
#699=EDGE_LOOP('',(#4643,#4644,#4645,#4646));
#700=EDGE_LOOP('',(#4647,#4648,#4649,#4650));
#701=EDGE_LOOP('',(#4651,#4652,#4653,#4654));
#702=EDGE_LOOP('',(#4655,#4656,#4657,#4658));
#703=EDGE_LOOP('',(#4659,#4660,#4661,#4662));
#704=EDGE_LOOP('',(#4663,#4664,#4665,#4666));
#705=EDGE_LOOP('',(#4667,#4668,#4669,#4670));
#706=EDGE_LOOP('',(#4671,#4672,#4673,#4674));
#707=EDGE_LOOP('',(#4675,#4676,#4677,#4678));
#708=EDGE_LOOP('',(#4679,#4680,#4681,#4682));
#709=EDGE_LOOP('',(#4683,#4684,#4685,#4686));
#710=EDGE_LOOP('',(#4687,#4688,#4689,#4690));
#711=EDGE_LOOP('',(#4691,#4692,#4693,#4694));
#712=EDGE_LOOP('',(#4695,#4696,#4697,#4698));
#713=EDGE_LOOP('',(#4699,#4700,#4701,#4702));
#714=EDGE_LOOP('',(#4703,#4704,#4705,#4706));
#715=EDGE_LOOP('',(#4707,#4708,#4709,#4710));
#716=EDGE_LOOP('',(#4711,#4712,#4713,#4714));
#717=EDGE_LOOP('',(#4715,#4716,#4717,#4718));
#718=EDGE_LOOP('',(#4719,#4720,#4721,#4722));
#719=EDGE_LOOP('',(#4723,#4724,#4725,#4726));
#720=EDGE_LOOP('',(#4727,#4728,#4729,#4730));
#721=EDGE_LOOP('',(#4731,#4732,#4733,#4734));
#722=EDGE_LOOP('',(#4735,#4736,#4737,#4738));
#723=EDGE_LOOP('',(#4739,#4740,#4741,#4742));
#724=EDGE_LOOP('',(#4743,#4744,#4745,#4746));
#725=EDGE_LOOP('',(#4747,#4748,#4749,#4750));
#726=EDGE_LOOP('',(#4751,#4752,#4753,#4754));
#727=EDGE_LOOP('',(#4755,#4756,#4757,#4758));
#728=EDGE_LOOP('',(#4759,#4760,#4761,#4762));
#729=EDGE_LOOP('',(#4763,#4764,#4765,#4766));
#730=EDGE_LOOP('',(#4767,#4768,#4769,#4770));
#731=EDGE_LOOP('',(#4771,#4772,#4773,#4774));
#732=EDGE_LOOP('',(#4775,#4776,#4777,#4778));
#733=EDGE_LOOP('',(#4779,#4780,#4781,#4782));
#734=EDGE_LOOP('',(#4783,#4784,#4785,#4786));
#735=EDGE_LOOP('',(#4787,#4788,#4789,#4790));
#736=EDGE_LOOP('',(#4791,#4792,#4793,#4794));
#737=EDGE_LOOP('',(#4795,#4796,#4797,#4798));
#738=EDGE_LOOP('',(#4799,#4800,#4801,#4802,#4803,#4804,#4805,#4806,#4807,
#4808,#4809,#4810,#4811,#4812,#4813,#4814,#4815,#4816,#4817,#4818,#4819,
#4820,#4821,#4822,#4823,#4824,#4825,#4826,#4827,#4828,#4829,#4830));
#739=EDGE_LOOP('',(#4831,#4832,#4833,#4834,#4835,#4836,#4837,#4838,#4839,
#4840,#4841,#4842,#4843,#4844,#4845,#4846,#4847,#4848,#4849,#4850,#4851,
#4852,#4853,#4854,#4855,#4856,#4857,#4858,#4859,#4860,#4861,#4862));
#740=EDGE_LOOP('',(#4863,#4864,#4865,#4866,#4867,#4868,#4869,#4870,#4871,
#4872,#4873,#4874,#4875,#4876,#4877,#4878,#4879,#4880,#4881,#4882,#4883,
#4884,#4885,#4886));
#741=EDGE_LOOP('',(#4887,#4888,#4889,#4890));
#742=LINE('',#7189,#1447);
#743=LINE('',#7191,#1448);
#744=LINE('',#7193,#1449);
#745=LINE('',#7194,#1450);
#746=LINE('',#7198,#1451);
#747=LINE('',#7200,#1452);
#748=LINE('',#7202,#1453);
#749=LINE('',#7203,#1454);
#750=LINE('',#7207,#1455);
#751=LINE('',#7209,#1456);
#752=LINE('',#7211,#1457);
#753=LINE('',#7212,#1458);
#754=LINE('',#7216,#1459);
#755=LINE('',#7218,#1460);
#756=LINE('',#7220,#1461);
#757=LINE('',#7221,#1462);
#758=LINE('',#7225,#1463);
#759=LINE('',#7226,#1464);
#760=LINE('',#7227,#1465);
#761=LINE('',#7231,#1466);
#762=LINE('',#7232,#1467);
#763=LINE('',#7233,#1468);
#764=LINE('',#7237,#1469);
#765=LINE('',#7238,#1470);
#766=LINE('',#7239,#1471);
#767=LINE('',#7243,#1472);
#768=LINE('',#7245,#1473);
#769=LINE('',#7247,#1474);
#770=LINE('',#7248,#1475);
#771=LINE('',#7251,#1476);
#772=LINE('',#7253,#1477);
#773=LINE('',#7256,#1478);
#774=LINE('',#7258,#1479);
#775=LINE('',#7273,#1480);
#776=LINE('',#7274,#1481);
#777=LINE('',#7277,#1482);
#778=LINE('',#7278,#1483);
#779=LINE('',#7281,#1484);
#780=LINE('',#7282,#1485);
#781=LINE('',#7294,#1486);
#782=LINE('',#7298,#1487);
#783=LINE('',#7301,#1488);
#784=LINE('',#7305,#1489);
#785=LINE('',#7310,#1490);
#786=LINE('',#7314,#1491);
#787=LINE('',#7318,#1492);
#788=LINE('',#7321,#1493);
#789=LINE('',#7322,#1494);
#790=LINE('',#7324,#1495);
#791=LINE('',#7325,#1496);
#792=LINE('',#7328,#1497);
#793=LINE('',#7330,#1498);
#794=LINE('',#7331,#1499);
#795=LINE('',#7333,#1500);
#796=LINE('',#7334,#1501);
#797=LINE('',#7342,#1502);
#798=LINE('',#7344,#1503);
#799=LINE('',#7345,#1504);
#800=LINE('',#7348,#1505);
#801=LINE('',#7350,#1506);
#802=LINE('',#7351,#1507);
#803=LINE('',#7354,#1508);
#804=LINE('',#7356,#1509);
#805=LINE('',#7357,#1510);
#806=LINE('',#7359,#1511);
#807=LINE('',#7367,#1512);
#808=LINE('',#7369,#1513);
#809=LINE('',#7370,#1514);
#810=LINE('',#7373,#1515);
#811=LINE('',#7375,#1516);
#812=LINE('',#7376,#1517);
#813=LINE('',#7379,#1518);
#814=LINE('',#7381,#1519);
#815=LINE('',#7382,#1520);
#816=LINE('',#7384,#1521);
#817=LINE('',#7392,#1522);
#818=LINE('',#7394,#1523);
#819=LINE('',#7395,#1524);
#820=LINE('',#7398,#1525);
#821=LINE('',#7400,#1526);
#822=LINE('',#7401,#1527);
#823=LINE('',#7404,#1528);
#824=LINE('',#7406,#1529);
#825=LINE('',#7407,#1530);
#826=LINE('',#7409,#1531);
#827=LINE('',#7417,#1532);
#828=LINE('',#7419,#1533);
#829=LINE('',#7420,#1534);
#830=LINE('',#7423,#1535);
#831=LINE('',#7425,#1536);
#832=LINE('',#7426,#1537);
#833=LINE('',#7429,#1538);
#834=LINE('',#7431,#1539);
#835=LINE('',#7432,#1540);
#836=LINE('',#7434,#1541);
#837=LINE('',#7442,#1542);
#838=LINE('',#7444,#1543);
#839=LINE('',#7445,#1544);
#840=LINE('',#7448,#1545);
#841=LINE('',#7450,#1546);
#842=LINE('',#7451,#1547);
#843=LINE('',#7454,#1548);
#844=LINE('',#7456,#1549);
#845=LINE('',#7457,#1550);
#846=LINE('',#7459,#1551);
#847=LINE('',#7467,#1552);
#848=LINE('',#7469,#1553);
#849=LINE('',#7470,#1554);
#850=LINE('',#7473,#1555);
#851=LINE('',#7475,#1556);
#852=LINE('',#7476,#1557);
#853=LINE('',#7479,#1558);
#854=LINE('',#7481,#1559);
#855=LINE('',#7482,#1560);
#856=LINE('',#7484,#1561);
#857=LINE('',#7492,#1562);
#858=LINE('',#7494,#1563);
#859=LINE('',#7495,#1564);
#860=LINE('',#7498,#1565);
#861=LINE('',#7500,#1566);
#862=LINE('',#7501,#1567);
#863=LINE('',#7504,#1568);
#864=LINE('',#7506,#1569);
#865=LINE('',#7507,#1570);
#866=LINE('',#7509,#1571);
#867=LINE('',#7516,#1572);
#868=LINE('',#7524,#1573);
#869=LINE('',#7532,#1574);
#870=LINE('',#7540,#1575);
#871=LINE('',#7547,#1576);
#872=LINE('',#7549,#1577);
#873=LINE('',#7551,#1578);
#874=LINE('',#7552,#1579);
#875=LINE('',#7556,#1580);
#876=LINE('',#7558,#1581);
#877=LINE('',#7560,#1582);
#878=LINE('',#7561,#1583);
#879=LINE('',#7565,#1584);
#880=LINE('',#7567,#1585);
#881=LINE('',#7569,#1586);
#882=LINE('',#7570,#1587);
#883=LINE('',#7574,#1588);
#884=LINE('',#7576,#1589);
#885=LINE('',#7578,#1590);
#886=LINE('',#7579,#1591);
#887=LINE('',#7583,#1592);
#888=LINE('',#7585,#1593);
#889=LINE('',#7587,#1594);
#890=LINE('',#7588,#1595);
#891=LINE('',#7592,#1596);
#892=LINE('',#7594,#1597);
#893=LINE('',#7596,#1598);
#894=LINE('',#7597,#1599);
#895=LINE('',#7601,#1600);
#896=LINE('',#7603,#1601);
#897=LINE('',#7605,#1602);
#898=LINE('',#7606,#1603);
#899=LINE('',#7610,#1604);
#900=LINE('',#7612,#1605);
#901=LINE('',#7614,#1606);
#902=LINE('',#7615,#1607);
#903=LINE('',#7619,#1608);
#904=LINE('',#7621,#1609);
#905=LINE('',#7623,#1610);
#906=LINE('',#7624,#1611);
#907=LINE('',#7628,#1612);
#908=LINE('',#7630,#1613);
#909=LINE('',#7632,#1614);
#910=LINE('',#7633,#1615);
#911=LINE('',#7637,#1616);
#912=LINE('',#7639,#1617);
#913=LINE('',#7641,#1618);
#914=LINE('',#7642,#1619);
#915=LINE('',#7646,#1620);
#916=LINE('',#7648,#1621);
#917=LINE('',#7650,#1622);
#918=LINE('',#7651,#1623);
#919=LINE('',#7655,#1624);
#920=LINE('',#7657,#1625);
#921=LINE('',#7659,#1626);
#922=LINE('',#7660,#1627);
#923=LINE('',#7664,#1628);
#924=LINE('',#7666,#1629);
#925=LINE('',#7668,#1630);
#926=LINE('',#7669,#1631);
#927=LINE('',#7673,#1632);
#928=LINE('',#7675,#1633);
#929=LINE('',#7677,#1634);
#930=LINE('',#7678,#1635);
#931=LINE('',#7682,#1636);
#932=LINE('',#7684,#1637);
#933=LINE('',#7686,#1638);
#934=LINE('',#7687,#1639);
#935=LINE('',#7691,#1640);
#936=LINE('',#7693,#1641);
#937=LINE('',#7695,#1642);
#938=LINE('',#7696,#1643);
#939=LINE('',#7700,#1644);
#940=LINE('',#7702,#1645);
#941=LINE('',#7704,#1646);
#942=LINE('',#7705,#1647);
#943=LINE('',#7709,#1648);
#944=LINE('',#7711,#1649);
#945=LINE('',#7713,#1650);
#946=LINE('',#7714,#1651);
#947=LINE('',#7718,#1652);
#948=LINE('',#7720,#1653);
#949=LINE('',#7722,#1654);
#950=LINE('',#7723,#1655);
#951=LINE('',#7727,#1656);
#952=LINE('',#7729,#1657);
#953=LINE('',#7731,#1658);
#954=LINE('',#7732,#1659);
#955=LINE('',#7736,#1660);
#956=LINE('',#7738,#1661);
#957=LINE('',#7740,#1662);
#958=LINE('',#7741,#1663);
#959=LINE('',#7745,#1664);
#960=LINE('',#7747,#1665);
#961=LINE('',#7749,#1666);
#962=LINE('',#7750,#1667);
#963=LINE('',#7754,#1668);
#964=LINE('',#7756,#1669);
#965=LINE('',#7758,#1670);
#966=LINE('',#7759,#1671);
#967=LINE('',#7763,#1672);
#968=LINE('',#7765,#1673);
#969=LINE('',#7767,#1674);
#970=LINE('',#7768,#1675);
#971=LINE('',#7772,#1676);
#972=LINE('',#7774,#1677);
#973=LINE('',#7776,#1678);
#974=LINE('',#7777,#1679);
#975=LINE('',#7781,#1680);
#976=LINE('',#7783,#1681);
#977=LINE('',#7785,#1682);
#978=LINE('',#7786,#1683);
#979=LINE('',#7790,#1684);
#980=LINE('',#7792,#1685);
#981=LINE('',#7794,#1686);
#982=LINE('',#7795,#1687);
#983=LINE('',#7799,#1688);
#984=LINE('',#7801,#1689);
#985=LINE('',#7803,#1690);
#986=LINE('',#7804,#1691);
#987=LINE('',#7808,#1692);
#988=LINE('',#7810,#1693);
#989=LINE('',#7812,#1694);
#990=LINE('',#7813,#1695);
#991=LINE('',#7817,#1696);
#992=LINE('',#7819,#1697);
#993=LINE('',#7821,#1698);
#994=LINE('',#7822,#1699);
#995=LINE('',#7826,#1700);
#996=LINE('',#7828,#1701);
#997=LINE('',#7830,#1702);
#998=LINE('',#7831,#1703);
#999=LINE('',#7835,#1704);
#1000=LINE('',#7837,#1705);
#1001=LINE('',#7839,#1706);
#1002=LINE('',#7840,#1707);
#1003=LINE('',#7844,#1708);
#1004=LINE('',#7846,#1709);
#1005=LINE('',#7848,#1710);
#1006=LINE('',#7849,#1711);
#1007=LINE('',#7853,#1712);
#1008=LINE('',#7855,#1713);
#1009=LINE('',#7857,#1714);
#1010=LINE('',#7858,#1715);
#1011=LINE('',#7862,#1716);
#1012=LINE('',#7864,#1717);
#1013=LINE('',#7866,#1718);
#1014=LINE('',#7867,#1719);
#1015=LINE('',#7871,#1720);
#1016=LINE('',#7873,#1721);
#1017=LINE('',#7875,#1722);
#1018=LINE('',#7876,#1723);
#1019=LINE('',#7880,#1724);
#1020=LINE('',#7882,#1725);
#1021=LINE('',#7884,#1726);
#1022=LINE('',#7885,#1727);
#1023=LINE('',#7889,#1728);
#1024=LINE('',#7891,#1729);
#1025=LINE('',#7893,#1730);
#1026=LINE('',#7894,#1731);
#1027=LINE('',#7898,#1732);
#1028=LINE('',#7900,#1733);
#1029=LINE('',#7902,#1734);
#1030=LINE('',#7903,#1735);
#1031=LINE('',#7907,#1736);
#1032=LINE('',#7909,#1737);
#1033=LINE('',#7911,#1738);
#1034=LINE('',#7912,#1739);
#1035=LINE('',#7916,#1740);
#1036=LINE('',#7918,#1741);
#1037=LINE('',#7920,#1742);
#1038=LINE('',#7921,#1743);
#1039=LINE('',#7925,#1744);
#1040=LINE('',#7927,#1745);
#1041=LINE('',#7929,#1746);
#1042=LINE('',#7930,#1747);
#1043=LINE('',#7934,#1748);
#1044=LINE('',#7936,#1749);
#1045=LINE('',#7938,#1750);
#1046=LINE('',#7939,#1751);
#1047=LINE('',#7943,#1752);
#1048=LINE('',#7945,#1753);
#1049=LINE('',#7947,#1754);
#1050=LINE('',#7948,#1755);
#1051=LINE('',#7952,#1756);
#1052=LINE('',#7954,#1757);
#1053=LINE('',#7956,#1758);
#1054=LINE('',#7957,#1759);
#1055=LINE('',#7961,#1760);
#1056=LINE('',#7963,#1761);
#1057=LINE('',#7965,#1762);
#1058=LINE('',#7966,#1763);
#1059=LINE('',#7970,#1764);
#1060=LINE('',#7972,#1765);
#1061=LINE('',#7974,#1766);
#1062=LINE('',#7975,#1767);
#1063=LINE('',#7978,#1768);
#1064=LINE('',#7980,#1769);
#1065=LINE('',#7981,#1770);
#1066=LINE('',#7984,#1771);
#1067=LINE('',#7986,#1772);
#1068=LINE('',#7987,#1773);
#1069=LINE('',#7990,#1774);
#1070=LINE('',#7992,#1775);
#1071=LINE('',#7993,#1776);
#1072=LINE('',#7996,#1777);
#1073=LINE('',#7998,#1778);
#1074=LINE('',#7999,#1779);
#1075=LINE('',#8002,#1780);
#1076=LINE('',#8004,#1781);
#1077=LINE('',#8005,#1782);
#1078=LINE('',#8008,#1783);
#1079=LINE('',#8010,#1784);
#1080=LINE('',#8011,#1785);
#1081=LINE('',#8014,#1786);
#1082=LINE('',#8016,#1787);
#1083=LINE('',#8017,#1788);
#1084=LINE('',#8020,#1789);
#1085=LINE('',#8022,#1790);
#1086=LINE('',#8023,#1791);
#1087=LINE('',#8026,#1792);
#1088=LINE('',#8028,#1793);
#1089=LINE('',#8029,#1794);
#1090=LINE('',#8032,#1795);
#1091=LINE('',#8034,#1796);
#1092=LINE('',#8035,#1797);
#1093=LINE('',#8038,#1798);
#1094=LINE('',#8040,#1799);
#1095=LINE('',#8041,#1800);
#1096=LINE('',#8044,#1801);
#1097=LINE('',#8046,#1802);
#1098=LINE('',#8047,#1803);
#1099=LINE('',#8050,#1804);
#1100=LINE('',#8052,#1805);
#1101=LINE('',#8053,#1806);
#1102=LINE('',#8056,#1807);
#1103=LINE('',#8058,#1808);
#1104=LINE('',#8059,#1809);
#1105=LINE('',#8062,#1810);
#1106=LINE('',#8064,#1811);
#1107=LINE('',#8065,#1812);
#1108=LINE('',#8068,#1813);
#1109=LINE('',#8070,#1814);
#1110=LINE('',#8071,#1815);
#1111=LINE('',#8074,#1816);
#1112=LINE('',#8076,#1817);
#1113=LINE('',#8077,#1818);
#1114=LINE('',#8080,#1819);
#1115=LINE('',#8082,#1820);
#1116=LINE('',#8083,#1821);
#1117=LINE('',#8086,#1822);
#1118=LINE('',#8088,#1823);
#1119=LINE('',#8089,#1824);
#1120=LINE('',#8092,#1825);
#1121=LINE('',#8094,#1826);
#1122=LINE('',#8095,#1827);
#1123=LINE('',#8098,#1828);
#1124=LINE('',#8100,#1829);
#1125=LINE('',#8101,#1830);
#1126=LINE('',#8104,#1831);
#1127=LINE('',#8106,#1832);
#1128=LINE('',#8107,#1833);
#1129=LINE('',#8110,#1834);
#1130=LINE('',#8112,#1835);
#1131=LINE('',#8113,#1836);
#1132=LINE('',#8116,#1837);
#1133=LINE('',#8118,#1838);
#1134=LINE('',#8119,#1839);
#1135=LINE('',#8122,#1840);
#1136=LINE('',#8124,#1841);
#1137=LINE('',#8125,#1842);
#1138=LINE('',#8128,#1843);
#1139=LINE('',#8130,#1844);
#1140=LINE('',#8131,#1845);
#1141=LINE('',#8134,#1846);
#1142=LINE('',#8136,#1847);
#1143=LINE('',#8137,#1848);
#1144=LINE('',#8140,#1849);
#1145=LINE('',#8142,#1850);
#1146=LINE('',#8143,#1851);
#1147=LINE('',#8146,#1852);
#1148=LINE('',#8148,#1853);
#1149=LINE('',#8149,#1854);
#1150=LINE('',#8152,#1855);
#1151=LINE('',#8154,#1856);
#1152=LINE('',#8155,#1857);
#1153=LINE('',#8158,#1858);
#1154=LINE('',#8160,#1859);
#1155=LINE('',#8161,#1860);
#1156=LINE('',#8164,#1861);
#1157=LINE('',#8166,#1862);
#1158=LINE('',#8167,#1863);
#1159=LINE('',#8170,#1864);
#1160=LINE('',#8172,#1865);
#1161=LINE('',#8173,#1866);
#1162=LINE('',#8176,#1867);
#1163=LINE('',#8178,#1868);
#1164=LINE('',#8179,#1869);
#1165=LINE('',#8182,#1870);
#1166=LINE('',#8184,#1871);
#1167=LINE('',#8185,#1872);
#1168=LINE('',#8188,#1873);
#1169=LINE('',#8190,#1874);
#1170=LINE('',#8191,#1875);
#1171=LINE('',#8194,#1876);
#1172=LINE('',#8196,#1877);
#1173=LINE('',#8197,#1878);
#1174=LINE('',#8200,#1879);
#1175=LINE('',#8202,#1880);
#1176=LINE('',#8203,#1881);
#1177=LINE('',#8206,#1882);
#1178=LINE('',#8208,#1883);
#1179=LINE('',#8209,#1884);
#1180=LINE('',#8212,#1885);
#1181=LINE('',#8214,#1886);
#1182=LINE('',#8215,#1887);
#1183=LINE('',#8218,#1888);
#1184=LINE('',#8220,#1889);
#1185=LINE('',#8221,#1890);
#1186=LINE('',#8224,#1891);
#1187=LINE('',#8226,#1892);
#1188=LINE('',#8227,#1893);
#1189=LINE('',#8230,#1894);
#1190=LINE('',#8232,#1895);
#1191=LINE('',#8233,#1896);
#1192=LINE('',#8236,#1897);
#1193=LINE('',#8238,#1898);
#1194=LINE('',#8239,#1899);
#1195=LINE('',#8242,#1900);
#1196=LINE('',#8244,#1901);
#1197=LINE('',#8245,#1902);
#1198=LINE('',#8248,#1903);
#1199=LINE('',#8250,#1904);
#1200=LINE('',#8251,#1905);
#1201=LINE('',#8254,#1906);
#1202=LINE('',#8256,#1907);
#1203=LINE('',#8257,#1908);
#1204=LINE('',#8260,#1909);
#1205=LINE('',#8262,#1910);
#1206=LINE('',#8263,#1911);
#1207=LINE('',#8266,#1912);
#1208=LINE('',#8268,#1913);
#1209=LINE('',#8269,#1914);
#1210=LINE('',#8272,#1915);
#1211=LINE('',#8274,#1916);
#1212=LINE('',#8275,#1917);
#1213=LINE('',#8278,#1918);
#1214=LINE('',#8280,#1919);
#1215=LINE('',#8281,#1920);
#1216=LINE('',#8284,#1921);
#1217=LINE('',#8286,#1922);
#1218=LINE('',#8287,#1923);
#1219=LINE('',#8290,#1924);
#1220=LINE('',#8292,#1925);
#1221=LINE('',#8293,#1926);
#1222=LINE('',#8296,#1927);
#1223=LINE('',#8298,#1928);
#1224=LINE('',#8299,#1929);
#1225=LINE('',#8302,#1930);
#1226=LINE('',#8304,#1931);
#1227=LINE('',#8305,#1932);
#1228=LINE('',#8308,#1933);
#1229=LINE('',#8310,#1934);
#1230=LINE('',#8311,#1935);
#1231=LINE('',#8314,#1936);
#1232=LINE('',#8316,#1937);
#1233=LINE('',#8317,#1938);
#1234=LINE('',#8320,#1939);
#1235=LINE('',#8322,#1940);
#1236=LINE('',#8323,#1941);
#1237=LINE('',#8326,#1942);
#1238=LINE('',#8328,#1943);
#1239=LINE('',#8329,#1944);
#1240=LINE('',#8332,#1945);
#1241=LINE('',#8334,#1946);
#1242=LINE('',#8335,#1947);
#1243=LINE('',#8338,#1948);
#1244=LINE('',#8340,#1949);
#1245=LINE('',#8341,#1950);
#1246=LINE('',#8344,#1951);
#1247=LINE('',#8346,#1952);
#1248=LINE('',#8347,#1953);
#1249=LINE('',#8350,#1954);
#1250=LINE('',#8352,#1955);
#1251=LINE('',#8353,#1956);
#1252=LINE('',#8356,#1957);
#1253=LINE('',#8358,#1958);
#1254=LINE('',#8359,#1959);
#1255=LINE('',#8362,#1960);
#1256=LINE('',#8364,#1961);
#1257=LINE('',#8365,#1962);
#1258=LINE('',#8368,#1963);
#1259=LINE('',#8370,#1964);
#1260=LINE('',#8371,#1965);
#1261=LINE('',#8374,#1966);
#1262=LINE('',#8376,#1967);
#1263=LINE('',#8377,#1968);
#1264=LINE('',#8380,#1969);
#1265=LINE('',#8382,#1970);
#1266=LINE('',#8383,#1971);
#1267=LINE('',#8386,#1972);
#1268=LINE('',#8388,#1973);
#1269=LINE('',#8389,#1974);
#1270=LINE('',#8392,#1975);
#1271=LINE('',#8394,#1976);
#1272=LINE('',#8395,#1977);
#1273=LINE('',#8398,#1978);
#1274=LINE('',#8400,#1979);
#1275=LINE('',#8401,#1980);
#1276=LINE('',#8404,#1981);
#1277=LINE('',#8406,#1982);
#1278=LINE('',#8407,#1983);
#1279=LINE('',#8410,#1984);
#1280=LINE('',#8412,#1985);
#1281=LINE('',#8413,#1986);
#1282=LINE('',#8416,#1987);
#1283=LINE('',#8418,#1988);
#1284=LINE('',#8419,#1989);
#1285=LINE('',#8422,#1990);
#1286=LINE('',#8424,#1991);
#1287=LINE('',#8425,#1992);
#1288=LINE('',#8428,#1993);
#1289=LINE('',#8430,#1994);
#1290=LINE('',#8431,#1995);
#1291=LINE('',#8434,#1996);
#1292=LINE('',#8436,#1997);
#1293=LINE('',#8437,#1998);
#1294=LINE('',#8440,#1999);
#1295=LINE('',#8442,#2000);
#1296=LINE('',#8443,#2001);
#1297=LINE('',#8446,#2002);
#1298=LINE('',#8448,#2003);
#1299=LINE('',#8449,#2004);
#1300=LINE('',#8452,#2005);
#1301=LINE('',#8454,#2006);
#1302=LINE('',#8455,#2007);
#1303=LINE('',#8457,#2008);
#1304=LINE('',#8458,#2009);
#1305=LINE('',#8460,#2010);
#1306=LINE('',#8462,#2011);
#1307=LINE('',#8463,#2012);
#1308=LINE('',#8464,#2013);
#1309=LINE('',#8465,#2014);
#1310=LINE('',#8466,#2015);
#1311=LINE('',#8469,#2016);
#1312=LINE('',#8470,#2017);
#1313=LINE('',#8472,#2018);
#1314=LINE('',#8475,#2019);
#1315=LINE('',#8476,#2020);
#1316=LINE('',#8478,#2021);
#1317=LINE('',#8480,#2022);
#1318=LINE('',#8483,#2023);
#1319=LINE('',#8485,#2024);
#1320=LINE('',#8486,#2025);
#1321=LINE('',#8488,#2026);
#1322=LINE('',#8490,#2027);
#1323=LINE('',#8491,#2028);
#1324=LINE('',#8493,#2029);
#1325=LINE('',#8495,#2030);
#1326=LINE('',#8496,#2031);
#1327=LINE('',#8498,#2032);
#1328=LINE('',#8500,#2033);
#1329=LINE('',#8501,#2034);
#1330=LINE('',#8503,#2035);
#1331=LINE('',#8505,#2036);
#1332=LINE('',#8506,#2037);
#1333=LINE('',#8508,#2038);
#1334=LINE('',#8510,#2039);
#1335=LINE('',#8511,#2040);
#1336=LINE('',#8512,#2041);
#1337=LINE('',#8513,#2042);
#1338=LINE('',#8514,#2043);
#1339=LINE('',#8515,#2044);
#1340=LINE('',#8516,#2045);
#1341=LINE('',#8517,#2046);
#1342=LINE('',#8518,#2047);
#1343=LINE('',#8519,#2048);
#1344=LINE('',#8520,#2049);
#1345=LINE('',#8522,#2050);
#1346=LINE('',#8524,#2051);
#1347=LINE('',#8525,#2052);
#1348=LINE('',#8527,#2053);
#1349=LINE('',#8529,#2054);
#1350=LINE('',#8530,#2055);
#1351=LINE('',#8532,#2056);
#1352=LINE('',#8534,#2057);
#1353=LINE('',#8535,#2058);
#1354=LINE('',#8537,#2059);
#1355=LINE('',#8539,#2060);
#1356=LINE('',#8540,#2061);
#1357=LINE('',#8542,#2062);
#1358=LINE('',#8544,#2063);
#1359=LINE('',#8545,#2064);
#1360=LINE('',#8547,#2065);
#1361=LINE('',#8549,#2066);
#1362=LINE('',#8550,#2067);
#1363=LINE('',#8552,#2068);
#1364=LINE('',#8553,#2069);
#1365=LINE('',#8554,#2070);
#1366=LINE('',#8556,#2071);
#1367=LINE('',#8557,#2072);
#1368=LINE('',#8558,#2073);
#1369=LINE('',#8559,#2074);
#1370=LINE('',#8560,#2075);
#1371=LINE('',#8561,#2076);
#1372=LINE('',#8562,#2077);
#1373=LINE('',#8563,#2078);
#1374=LINE('',#8564,#2079);
#1375=LINE('',#8565,#2080);
#1376=LINE('',#8566,#2081);
#1377=LINE('',#8567,#2082);
#1378=LINE('',#8568,#2083);
#1379=LINE('',#8569,#2084);
#1380=LINE('',#8570,#2085);
#1381=LINE('',#8571,#2086);
#1382=LINE('',#8572,#2087);
#1383=LINE('',#8573,#2088);
#1384=LINE('',#8574,#2089);
#1385=LINE('',#8575,#2090);
#1386=LINE('',#8576,#2091);
#1387=LINE('',#8577,#2092);
#1388=LINE('',#8578,#2093);
#1389=LINE('',#8579,#2094);
#1390=LINE('',#8580,#2095);
#1391=LINE('',#8581,#2096);
#1392=LINE('',#8582,#2097);
#1393=LINE('',#8583,#2098);
#1394=LINE('',#8584,#2099);
#1395=LINE('',#8585,#2100);
#1396=LINE('',#8586,#2101);
#1397=LINE('',#8587,#2102);
#1398=LINE('',#8588,#2103);
#1399=LINE('',#8589,#2104);
#1400=LINE('',#8590,#2105);
#1401=LINE('',#8591,#2106);
#1402=LINE('',#8592,#2107);
#1403=LINE('',#8593,#2108);
#1404=LINE('',#8594,#2109);
#1405=LINE('',#8595,#2110);
#1406=LINE('',#8596,#2111);
#1407=LINE('',#8597,#2112);
#1408=LINE('',#8598,#2113);
#1409=LINE('',#8599,#2114);
#1410=LINE('',#8600,#2115);
#1411=LINE('',#8601,#2116);
#1412=LINE('',#8602,#2117);
#1413=LINE('',#8603,#2118);
#1414=LINE('',#8604,#2119);
#1415=LINE('',#8605,#2120);
#1416=LINE('',#8607,#2121);
#1417=LINE('',#8610,#2122);
#1418=LINE('',#8614,#2123);
#1419=LINE('',#8617,#2124);
#1420=LINE('',#8621,#2125);
#1421=LINE('',#8624,#2126);
#1422=LINE('',#8628,#2127);
#1423=LINE('',#8631,#2128);
#1424=LINE('',#8635,#2129);
#1425=LINE('',#8638,#2130);
#1426=LINE('',#8642,#2131);
#1427=LINE('',#8645,#2132);
#1428=LINE('',#8649,#2133);
#1429=LINE('',#8652,#2134);
#1430=LINE('',#8656,#2135);
#1431=LINE('',#8659,#2136);
#1432=LINE('',#8663,#2137);
#1433=LINE('',#8666,#2138);
#1434=LINE('',#8670,#2139);
#1435=LINE('',#8673,#2140);
#1436=LINE('',#8677,#2141);
#1437=LINE('',#8680,#2142);
#1438=LINE('',#8684,#2143);
#1439=LINE('',#8687,#2144);
#1440=LINE('',#8691,#2145);
#1441=LINE('',#8693,#2146);
#1442=LINE('',#8713,#2147);
#1443=LINE('',#8714,#2148);
#1444=LINE('',#8717,#2149);
#1445=LINE('',#8718,#2150);
#1446=LINE('',#8720,#2151);
#1447=VECTOR('',#5816,10.);
#1448=VECTOR('',#5817,10.);
#1449=VECTOR('',#5818,10.);
#1450=VECTOR('',#5819,10.);
#1451=VECTOR('',#5822,10.);
#1452=VECTOR('',#5823,10.);
#1453=VECTOR('',#5824,10.);
#1454=VECTOR('',#5825,10.);
#1455=VECTOR('',#5828,10.);
#1456=VECTOR('',#5829,10.);
#1457=VECTOR('',#5830,10.);
#1458=VECTOR('',#5831,10.);
#1459=VECTOR('',#5834,10.);
#1460=VECTOR('',#5835,10.);
#1461=VECTOR('',#5836,10.);
#1462=VECTOR('',#5837,10.);
#1463=VECTOR('',#5840,10.);
#1464=VECTOR('',#5841,10.);
#1465=VECTOR('',#5842,10.);
#1466=VECTOR('',#5845,10.);
#1467=VECTOR('',#5846,10.);
#1468=VECTOR('',#5847,10.);
#1469=VECTOR('',#5850,10.);
#1470=VECTOR('',#5851,10.);
#1471=VECTOR('',#5852,10.);
#1472=VECTOR('',#5855,10.);
#1473=VECTOR('',#5856,10.);
#1474=VECTOR('',#5857,10.);
#1475=VECTOR('',#5858,10.);
#1476=VECTOR('',#5861,10.);
#1477=VECTOR('',#5864,10.);
#1478=VECTOR('',#5867,10.);
#1479=VECTOR('',#5868,10.);
#1480=VECTOR('',#5885,10.);
#1481=VECTOR('',#5886,10.);
#1482=VECTOR('',#5889,10.);
#1483=VECTOR('',#5890,10.);
#1484=VECTOR('',#5893,10.);
#1485=VECTOR('',#5894,10.);
#1486=VECTOR('',#5915,1.4);
#1487=VECTOR('',#5918,10.);
#1488=VECTOR('',#5921,13.75);
#1489=VECTOR('',#5924,10.);
#1490=VECTOR('',#5931,1.4);
#1491=VECTOR('',#5936,1.4);
#1492=VECTOR('',#5941,1.4);
#1493=VECTOR('',#5944,10.);
#1494=VECTOR('',#5945,10.);
#1495=VECTOR('',#5946,10.);
#1496=VECTOR('',#5947,10.);
#1497=VECTOR('',#5950,10.);
#1498=VECTOR('',#5951,10.);
#1499=VECTOR('',#5952,10.);
#1500=VECTOR('',#5955,10.);
#1501=VECTOR('',#5956,10.);
#1502=VECTOR('',#5965,10.);
#1503=VECTOR('',#5966,10.);
#1504=VECTOR('',#5967,10.);
#1505=VECTOR('',#5970,10.);
#1506=VECTOR('',#5971,10.);
#1507=VECTOR('',#5972,10.);
#1508=VECTOR('',#5975,10.);
#1509=VECTOR('',#5976,10.);
#1510=VECTOR('',#5977,10.);
#1511=VECTOR('',#5980,10.);
#1512=VECTOR('',#5989,10.);
#1513=VECTOR('',#5990,10.);
#1514=VECTOR('',#5991,10.);
#1515=VECTOR('',#5994,10.);
#1516=VECTOR('',#5995,10.);
#1517=VECTOR('',#5996,10.);
#1518=VECTOR('',#5999,10.);
#1519=VECTOR('',#6000,10.);
#1520=VECTOR('',#6001,10.);
#1521=VECTOR('',#6004,10.);
#1522=VECTOR('',#6013,10.);
#1523=VECTOR('',#6014,10.);
#1524=VECTOR('',#6015,10.);
#1525=VECTOR('',#6018,10.);
#1526=VECTOR('',#6019,10.);
#1527=VECTOR('',#6020,10.);
#1528=VECTOR('',#6023,10.);
#1529=VECTOR('',#6024,10.);
#1530=VECTOR('',#6025,10.);
#1531=VECTOR('',#6028,10.);
#1532=VECTOR('',#6037,10.);
#1533=VECTOR('',#6038,10.);
#1534=VECTOR('',#6039,10.);
#1535=VECTOR('',#6042,10.);
#1536=VECTOR('',#6043,10.);
#1537=VECTOR('',#6044,10.);
#1538=VECTOR('',#6047,10.);
#1539=VECTOR('',#6048,10.);
#1540=VECTOR('',#6049,10.);
#1541=VECTOR('',#6052,10.);
#1542=VECTOR('',#6061,10.);
#1543=VECTOR('',#6062,10.);
#1544=VECTOR('',#6063,10.);
#1545=VECTOR('',#6066,10.);
#1546=VECTOR('',#6067,10.);
#1547=VECTOR('',#6068,10.);
#1548=VECTOR('',#6071,10.);
#1549=VECTOR('',#6072,10.);
#1550=VECTOR('',#6073,10.);
#1551=VECTOR('',#6076,10.);
#1552=VECTOR('',#6085,10.);
#1553=VECTOR('',#6086,10.);
#1554=VECTOR('',#6087,10.);
#1555=VECTOR('',#6090,10.);
#1556=VECTOR('',#6091,10.);
#1557=VECTOR('',#6092,10.);
#1558=VECTOR('',#6095,10.);
#1559=VECTOR('',#6096,10.);
#1560=VECTOR('',#6097,10.);
#1561=VECTOR('',#6100,10.);
#1562=VECTOR('',#6109,10.);
#1563=VECTOR('',#6110,10.);
#1564=VECTOR('',#6111,10.);
#1565=VECTOR('',#6114,10.);
#1566=VECTOR('',#6115,10.);
#1567=VECTOR('',#6116,10.);
#1568=VECTOR('',#6119,10.);
#1569=VECTOR('',#6120,10.);
#1570=VECTOR('',#6121,10.);
#1571=VECTOR('',#6124,10.);
#1572=VECTOR('',#6133,7.);
#1573=VECTOR('',#6144,6.2);
#1574=VECTOR('',#6155,2.5);
#1575=VECTOR('',#6166,2.5);
#1576=VECTOR('',#6175,10.);
#1577=VECTOR('',#6176,10.);
#1578=VECTOR('',#6177,10.);
#1579=VECTOR('',#6178,10.);
#1580=VECTOR('',#6181,10.);
#1581=VECTOR('',#6182,10.);
#1582=VECTOR('',#6183,10.);
#1583=VECTOR('',#6184,10.);
#1584=VECTOR('',#6187,10.);
#1585=VECTOR('',#6188,10.);
#1586=VECTOR('',#6189,10.);
#1587=VECTOR('',#6190,10.);
#1588=VECTOR('',#6193,10.);
#1589=VECTOR('',#6194,10.);
#1590=VECTOR('',#6195,10.);
#1591=VECTOR('',#6196,10.);
#1592=VECTOR('',#6199,10.);
#1593=VECTOR('',#6200,10.);
#1594=VECTOR('',#6201,10.);
#1595=VECTOR('',#6202,10.);
#1596=VECTOR('',#6205,10.);
#1597=VECTOR('',#6206,10.);
#1598=VECTOR('',#6207,10.);
#1599=VECTOR('',#6208,10.);
#1600=VECTOR('',#6211,10.);
#1601=VECTOR('',#6212,10.);
#1602=VECTOR('',#6213,10.);
#1603=VECTOR('',#6214,10.);
#1604=VECTOR('',#6217,10.);
#1605=VECTOR('',#6218,10.);
#1606=VECTOR('',#6219,10.);
#1607=VECTOR('',#6220,10.);
#1608=VECTOR('',#6223,10.);
#1609=VECTOR('',#6224,10.);
#1610=VECTOR('',#6225,10.);
#1611=VECTOR('',#6226,10.);
#1612=VECTOR('',#6229,10.);
#1613=VECTOR('',#6230,10.);
#1614=VECTOR('',#6231,10.);
#1615=VECTOR('',#6232,10.);
#1616=VECTOR('',#6235,10.);
#1617=VECTOR('',#6236,10.);
#1618=VECTOR('',#6237,10.);
#1619=VECTOR('',#6238,10.);
#1620=VECTOR('',#6241,10.);
#1621=VECTOR('',#6242,10.);
#1622=VECTOR('',#6243,10.);
#1623=VECTOR('',#6244,10.);
#1624=VECTOR('',#6247,10.);
#1625=VECTOR('',#6248,10.);
#1626=VECTOR('',#6249,10.);
#1627=VECTOR('',#6250,10.);
#1628=VECTOR('',#6253,10.);
#1629=VECTOR('',#6254,10.);
#1630=VECTOR('',#6255,10.);
#1631=VECTOR('',#6256,10.);
#1632=VECTOR('',#6259,10.);
#1633=VECTOR('',#6260,10.);
#1634=VECTOR('',#6261,10.);
#1635=VECTOR('',#6262,10.);
#1636=VECTOR('',#6265,10.);
#1637=VECTOR('',#6266,10.);
#1638=VECTOR('',#6267,10.);
#1639=VECTOR('',#6268,10.);
#1640=VECTOR('',#6271,10.);
#1641=VECTOR('',#6272,10.);
#1642=VECTOR('',#6273,10.);
#1643=VECTOR('',#6274,10.);
#1644=VECTOR('',#6277,10.);
#1645=VECTOR('',#6278,10.);
#1646=VECTOR('',#6279,10.);
#1647=VECTOR('',#6280,10.);
#1648=VECTOR('',#6283,10.);
#1649=VECTOR('',#6284,10.);
#1650=VECTOR('',#6285,10.);
#1651=VECTOR('',#6286,10.);
#1652=VECTOR('',#6289,10.);
#1653=VECTOR('',#6290,10.);
#1654=VECTOR('',#6291,10.);
#1655=VECTOR('',#6292,10.);
#1656=VECTOR('',#6295,10.);
#1657=VECTOR('',#6296,10.);
#1658=VECTOR('',#6297,10.);
#1659=VECTOR('',#6298,10.);
#1660=VECTOR('',#6301,10.);
#1661=VECTOR('',#6302,10.);
#1662=VECTOR('',#6303,10.);
#1663=VECTOR('',#6304,10.);
#1664=VECTOR('',#6307,10.);
#1665=VECTOR('',#6308,10.);
#1666=VECTOR('',#6309,10.);
#1667=VECTOR('',#6310,10.);
#1668=VECTOR('',#6313,10.);
#1669=VECTOR('',#6314,10.);
#1670=VECTOR('',#6315,10.);
#1671=VECTOR('',#6316,10.);
#1672=VECTOR('',#6319,10.);
#1673=VECTOR('',#6320,10.);
#1674=VECTOR('',#6321,10.);
#1675=VECTOR('',#6322,10.);
#1676=VECTOR('',#6325,10.);
#1677=VECTOR('',#6326,10.);
#1678=VECTOR('',#6327,10.);
#1679=VECTOR('',#6328,10.);
#1680=VECTOR('',#6331,10.);
#1681=VECTOR('',#6332,10.);
#1682=VECTOR('',#6333,10.);
#1683=VECTOR('',#6334,10.);
#1684=VECTOR('',#6337,10.);
#1685=VECTOR('',#6338,10.);
#1686=VECTOR('',#6339,10.);
#1687=VECTOR('',#6340,10.);
#1688=VECTOR('',#6343,10.);
#1689=VECTOR('',#6344,10.);
#1690=VECTOR('',#6345,10.);
#1691=VECTOR('',#6346,10.);
#1692=VECTOR('',#6349,10.);
#1693=VECTOR('',#6350,10.);
#1694=VECTOR('',#6351,10.);
#1695=VECTOR('',#6352,10.);
#1696=VECTOR('',#6355,10.);
#1697=VECTOR('',#6356,10.);
#1698=VECTOR('',#6357,10.);
#1699=VECTOR('',#6358,10.);
#1700=VECTOR('',#6361,10.);
#1701=VECTOR('',#6362,10.);
#1702=VECTOR('',#6363,10.);
#1703=VECTOR('',#6364,10.);
#1704=VECTOR('',#6367,10.);
#1705=VECTOR('',#6368,10.);
#1706=VECTOR('',#6369,10.);
#1707=VECTOR('',#6370,10.);
#1708=VECTOR('',#6373,10.);
#1709=VECTOR('',#6374,10.);
#1710=VECTOR('',#6375,10.);
#1711=VECTOR('',#6376,10.);
#1712=VECTOR('',#6379,10.);
#1713=VECTOR('',#6380,10.);
#1714=VECTOR('',#6381,10.);
#1715=VECTOR('',#6382,10.);
#1716=VECTOR('',#6385,10.);
#1717=VECTOR('',#6386,10.);
#1718=VECTOR('',#6387,10.);
#1719=VECTOR('',#6388,10.);
#1720=VECTOR('',#6391,10.);
#1721=VECTOR('',#6392,10.);
#1722=VECTOR('',#6393,10.);
#1723=VECTOR('',#6394,10.);
#1724=VECTOR('',#6397,10.);
#1725=VECTOR('',#6398,10.);
#1726=VECTOR('',#6399,10.);
#1727=VECTOR('',#6400,10.);
#1728=VECTOR('',#6403,10.);
#1729=VECTOR('',#6404,10.);
#1730=VECTOR('',#6405,10.);
#1731=VECTOR('',#6406,10.);
#1732=VECTOR('',#6409,10.);
#1733=VECTOR('',#6410,10.);
#1734=VECTOR('',#6411,10.);
#1735=VECTOR('',#6412,10.);
#1736=VECTOR('',#6415,10.);
#1737=VECTOR('',#6416,10.);
#1738=VECTOR('',#6417,10.);
#1739=VECTOR('',#6418,10.);
#1740=VECTOR('',#6421,10.);
#1741=VECTOR('',#6422,10.);
#1742=VECTOR('',#6423,10.);
#1743=VECTOR('',#6424,10.);
#1744=VECTOR('',#6427,10.);
#1745=VECTOR('',#6428,10.);
#1746=VECTOR('',#6429,10.);
#1747=VECTOR('',#6430,10.);
#1748=VECTOR('',#6433,10.);
#1749=VECTOR('',#6434,10.);
#1750=VECTOR('',#6435,10.);
#1751=VECTOR('',#6436,10.);
#1752=VECTOR('',#6439,10.);
#1753=VECTOR('',#6440,10.);
#1754=VECTOR('',#6441,10.);
#1755=VECTOR('',#6442,10.);
#1756=VECTOR('',#6445,10.);
#1757=VECTOR('',#6446,10.);
#1758=VECTOR('',#6447,10.);
#1759=VECTOR('',#6448,10.);
#1760=VECTOR('',#6451,10.);
#1761=VECTOR('',#6452,10.);
#1762=VECTOR('',#6453,10.);
#1763=VECTOR('',#6454,10.);
#1764=VECTOR('',#6457,10.);
#1765=VECTOR('',#6458,10.);
#1766=VECTOR('',#6459,10.);
#1767=VECTOR('',#6460,10.);
#1768=VECTOR('',#6463,10.);
#1769=VECTOR('',#6464,10.);
#1770=VECTOR('',#6465,10.);
#1771=VECTOR('',#6468,10.);
#1772=VECTOR('',#6469,10.);
#1773=VECTOR('',#6470,10.);
#1774=VECTOR('',#6473,10.);
#1775=VECTOR('',#6474,10.);
#1776=VECTOR('',#6475,10.);
#1777=VECTOR('',#6478,10.);
#1778=VECTOR('',#6479,10.);
#1779=VECTOR('',#6480,10.);
#1780=VECTOR('',#6483,10.);
#1781=VECTOR('',#6484,10.);
#1782=VECTOR('',#6485,10.);
#1783=VECTOR('',#6488,10.);
#1784=VECTOR('',#6489,10.);
#1785=VECTOR('',#6490,10.);
#1786=VECTOR('',#6493,10.);
#1787=VECTOR('',#6494,10.);
#1788=VECTOR('',#6495,10.);
#1789=VECTOR('',#6498,10.);
#1790=VECTOR('',#6499,10.);
#1791=VECTOR('',#6500,10.);
#1792=VECTOR('',#6503,10.);
#1793=VECTOR('',#6504,10.);
#1794=VECTOR('',#6505,10.);
#1795=VECTOR('',#6508,10.);
#1796=VECTOR('',#6509,10.);
#1797=VECTOR('',#6510,10.);
#1798=VECTOR('',#6513,10.);
#1799=VECTOR('',#6514,10.);
#1800=VECTOR('',#6515,10.);
#1801=VECTOR('',#6518,10.);
#1802=VECTOR('',#6519,10.);
#1803=VECTOR('',#6520,10.);
#1804=VECTOR('',#6523,10.);
#1805=VECTOR('',#6524,10.);
#1806=VECTOR('',#6525,10.);
#1807=VECTOR('',#6528,10.);
#1808=VECTOR('',#6529,10.);
#1809=VECTOR('',#6530,10.);
#1810=VECTOR('',#6533,10.);
#1811=VECTOR('',#6534,10.);
#1812=VECTOR('',#6535,10.);
#1813=VECTOR('',#6538,10.);
#1814=VECTOR('',#6539,10.);
#1815=VECTOR('',#6540,10.);
#1816=VECTOR('',#6543,10.);
#1817=VECTOR('',#6544,10.);
#1818=VECTOR('',#6545,10.);
#1819=VECTOR('',#6548,10.);
#1820=VECTOR('',#6549,10.);
#1821=VECTOR('',#6550,10.);
#1822=VECTOR('',#6553,10.);
#1823=VECTOR('',#6554,10.);
#1824=VECTOR('',#6555,10.);
#1825=VECTOR('',#6558,10.);
#1826=VECTOR('',#6559,10.);
#1827=VECTOR('',#6560,10.);
#1828=VECTOR('',#6563,10.);
#1829=VECTOR('',#6564,10.);
#1830=VECTOR('',#6565,10.);
#1831=VECTOR('',#6568,10.);
#1832=VECTOR('',#6569,10.);
#1833=VECTOR('',#6570,10.);
#1834=VECTOR('',#6573,10.);
#1835=VECTOR('',#6574,10.);
#1836=VECTOR('',#6575,10.);
#1837=VECTOR('',#6578,10.);
#1838=VECTOR('',#6579,10.);
#1839=VECTOR('',#6580,10.);
#1840=VECTOR('',#6583,10.);
#1841=VECTOR('',#6584,10.);
#1842=VECTOR('',#6585,10.);
#1843=VECTOR('',#6588,10.);
#1844=VECTOR('',#6589,10.);
#1845=VECTOR('',#6590,10.);
#1846=VECTOR('',#6593,10.);
#1847=VECTOR('',#6594,10.);
#1848=VECTOR('',#6595,10.);
#1849=VECTOR('',#6598,10.);
#1850=VECTOR('',#6599,10.);
#1851=VECTOR('',#6600,10.);
#1852=VECTOR('',#6603,10.);
#1853=VECTOR('',#6604,10.);
#1854=VECTOR('',#6605,10.);
#1855=VECTOR('',#6608,10.);
#1856=VECTOR('',#6609,10.);
#1857=VECTOR('',#6610,10.);
#1858=VECTOR('',#6613,10.);
#1859=VECTOR('',#6614,10.);
#1860=VECTOR('',#6615,10.);
#1861=VECTOR('',#6618,10.);
#1862=VECTOR('',#6619,10.);
#1863=VECTOR('',#6620,10.);
#1864=VECTOR('',#6623,10.);
#1865=VECTOR('',#6624,10.);
#1866=VECTOR('',#6625,10.);
#1867=VECTOR('',#6628,10.);
#1868=VECTOR('',#6629,10.);
#1869=VECTOR('',#6630,10.);
#1870=VECTOR('',#6633,10.);
#1871=VECTOR('',#6634,10.);
#1872=VECTOR('',#6635,10.);
#1873=VECTOR('',#6638,10.);
#1874=VECTOR('',#6639,10.);
#1875=VECTOR('',#6640,10.);
#1876=VECTOR('',#6643,10.);
#1877=VECTOR('',#6644,10.);
#1878=VECTOR('',#6645,10.);
#1879=VECTOR('',#6648,10.);
#1880=VECTOR('',#6649,10.);
#1881=VECTOR('',#6650,10.);
#1882=VECTOR('',#6653,10.);
#1883=VECTOR('',#6654,10.);
#1884=VECTOR('',#6655,10.);
#1885=VECTOR('',#6658,10.);
#1886=VECTOR('',#6659,10.);
#1887=VECTOR('',#6660,10.);
#1888=VECTOR('',#6663,10.);
#1889=VECTOR('',#6664,10.);
#1890=VECTOR('',#6665,10.);
#1891=VECTOR('',#6668,10.);
#1892=VECTOR('',#6669,10.);
#1893=VECTOR('',#6670,10.);
#1894=VECTOR('',#6673,10.);
#1895=VECTOR('',#6674,10.);
#1896=VECTOR('',#6675,10.);
#1897=VECTOR('',#6678,10.);
#1898=VECTOR('',#6679,10.);
#1899=VECTOR('',#6680,10.);
#1900=VECTOR('',#6683,10.);
#1901=VECTOR('',#6684,10.);
#1902=VECTOR('',#6685,10.);
#1903=VECTOR('',#6688,10.);
#1904=VECTOR('',#6689,10.);
#1905=VECTOR('',#6690,10.);
#1906=VECTOR('',#6693,10.);
#1907=VECTOR('',#6694,10.);
#1908=VECTOR('',#6695,10.);
#1909=VECTOR('',#6698,10.);
#1910=VECTOR('',#6699,10.);
#1911=VECTOR('',#6700,10.);
#1912=VECTOR('',#6703,10.);
#1913=VECTOR('',#6704,10.);
#1914=VECTOR('',#6705,10.);
#1915=VECTOR('',#6708,10.);
#1916=VECTOR('',#6709,10.);
#1917=VECTOR('',#6710,10.);
#1918=VECTOR('',#6713,10.);
#1919=VECTOR('',#6714,10.);
#1920=VECTOR('',#6715,10.);
#1921=VECTOR('',#6718,10.);
#1922=VECTOR('',#6719,10.);
#1923=VECTOR('',#6720,10.);
#1924=VECTOR('',#6723,10.);
#1925=VECTOR('',#6724,10.);
#1926=VECTOR('',#6725,10.);
#1927=VECTOR('',#6728,10.);
#1928=VECTOR('',#6729,10.);
#1929=VECTOR('',#6730,10.);
#1930=VECTOR('',#6733,10.);
#1931=VECTOR('',#6734,10.);
#1932=VECTOR('',#6735,10.);
#1933=VECTOR('',#6738,10.);
#1934=VECTOR('',#6739,10.);
#1935=VECTOR('',#6740,10.);
#1936=VECTOR('',#6743,10.);
#1937=VECTOR('',#6744,10.);
#1938=VECTOR('',#6745,10.);
#1939=VECTOR('',#6748,10.);
#1940=VECTOR('',#6749,10.);
#1941=VECTOR('',#6750,10.);
#1942=VECTOR('',#6753,10.);
#1943=VECTOR('',#6754,10.);
#1944=VECTOR('',#6755,10.);
#1945=VECTOR('',#6758,10.);
#1946=VECTOR('',#6759,10.);
#1947=VECTOR('',#6760,10.);
#1948=VECTOR('',#6763,10.);
#1949=VECTOR('',#6764,10.);
#1950=VECTOR('',#6765,10.);
#1951=VECTOR('',#6768,10.);
#1952=VECTOR('',#6769,10.);
#1953=VECTOR('',#6770,10.);
#1954=VECTOR('',#6773,10.);
#1955=VECTOR('',#6774,10.);
#1956=VECTOR('',#6775,10.);
#1957=VECTOR('',#6778,10.);
#1958=VECTOR('',#6779,10.);
#1959=VECTOR('',#6780,10.);
#1960=VECTOR('',#6783,10.);
#1961=VECTOR('',#6784,10.);
#1962=VECTOR('',#6785,10.);
#1963=VECTOR('',#6788,10.);
#1964=VECTOR('',#6789,10.);
#1965=VECTOR('',#6790,10.);
#1966=VECTOR('',#6793,10.);
#1967=VECTOR('',#6794,10.);
#1968=VECTOR('',#6795,10.);
#1969=VECTOR('',#6798,10.);
#1970=VECTOR('',#6799,10.);
#1971=VECTOR('',#6800,10.);
#1972=VECTOR('',#6803,10.);
#1973=VECTOR('',#6804,10.);
#1974=VECTOR('',#6805,10.);
#1975=VECTOR('',#6808,10.);
#1976=VECTOR('',#6809,10.);
#1977=VECTOR('',#6810,10.);
#1978=VECTOR('',#6813,10.);
#1979=VECTOR('',#6814,10.);
#1980=VECTOR('',#6815,10.);
#1981=VECTOR('',#6818,10.);
#1982=VECTOR('',#6819,10.);
#1983=VECTOR('',#6820,10.);
#1984=VECTOR('',#6823,10.);
#1985=VECTOR('',#6824,10.);
#1986=VECTOR('',#6825,10.);
#1987=VECTOR('',#6828,10.);
#1988=VECTOR('',#6829,10.);
#1989=VECTOR('',#6830,10.);
#1990=VECTOR('',#6833,10.);
#1991=VECTOR('',#6834,10.);
#1992=VECTOR('',#6835,10.);
#1993=VECTOR('',#6838,10.);
#1994=VECTOR('',#6839,10.);
#1995=VECTOR('',#6840,10.);
#1996=VECTOR('',#6843,10.);
#1997=VECTOR('',#6844,10.);
#1998=VECTOR('',#6845,10.);
#1999=VECTOR('',#6848,10.);
#2000=VECTOR('',#6849,10.);
#2001=VECTOR('',#6850,10.);
#2002=VECTOR('',#6853,10.);
#2003=VECTOR('',#6854,10.);
#2004=VECTOR('',#6855,10.);
#2005=VECTOR('',#6858,10.);
#2006=VECTOR('',#6859,10.);
#2007=VECTOR('',#6860,10.);
#2008=VECTOR('',#6863,10.);
#2009=VECTOR('',#6864,10.);
#2010=VECTOR('',#6865,10.);
#2011=VECTOR('',#6866,10.);
#2012=VECTOR('',#6867,10.);
#2013=VECTOR('',#6868,10.);
#2014=VECTOR('',#6869,10.);
#2015=VECTOR('',#6870,10.);
#2016=VECTOR('',#6873,10.);
#2017=VECTOR('',#6874,10.);
#2018=VECTOR('',#6877,10.);
#2019=VECTOR('',#6880,10.);
#2020=VECTOR('',#6881,10.);
#2021=VECTOR('',#6884,10.);
#2022=VECTOR('',#6887,10.);
#2023=VECTOR('',#6890,10.);
#2024=VECTOR('',#6891,10.);
#2025=VECTOR('',#6892,10.);
#2026=VECTOR('',#6893,10.);
#2027=VECTOR('',#6894,10.);
#2028=VECTOR('',#6895,10.);
#2029=VECTOR('',#6896,10.);
#2030=VECTOR('',#6897,10.);
#2031=VECTOR('',#6898,10.);
#2032=VECTOR('',#6899,10.);
#2033=VECTOR('',#6900,10.);
#2034=VECTOR('',#6901,10.);
#2035=VECTOR('',#6902,10.);
#2036=VECTOR('',#6903,10.);
#2037=VECTOR('',#6904,10.);
#2038=VECTOR('',#6905,10.);
#2039=VECTOR('',#6906,10.);
#2040=VECTOR('',#6907,10.);
#2041=VECTOR('',#6908,10.);
#2042=VECTOR('',#6909,10.);
#2043=VECTOR('',#6910,10.);
#2044=VECTOR('',#6911,10.);
#2045=VECTOR('',#6912,10.);
#2046=VECTOR('',#6913,10.);
#2047=VECTOR('',#6914,10.);
#2048=VECTOR('',#6915,10.);
#2049=VECTOR('',#6916,10.);
#2050=VECTOR('',#6917,10.);
#2051=VECTOR('',#6918,10.);
#2052=VECTOR('',#6919,10.);
#2053=VECTOR('',#6920,10.);
#2054=VECTOR('',#6921,10.);
#2055=VECTOR('',#6922,10.);
#2056=VECTOR('',#6923,10.);
#2057=VECTOR('',#6924,10.);
#2058=VECTOR('',#6925,10.);
#2059=VECTOR('',#6926,10.);
#2060=VECTOR('',#6927,10.);
#2061=VECTOR('',#6928,10.);
#2062=VECTOR('',#6929,10.);
#2063=VECTOR('',#6930,10.);
#2064=VECTOR('',#6931,10.);
#2065=VECTOR('',#6932,10.);
#2066=VECTOR('',#6933,10.);
#2067=VECTOR('',#6934,10.);
#2068=VECTOR('',#6935,10.);
#2069=VECTOR('',#6936,10.);
#2070=VECTOR('',#6937,10.);
#2071=VECTOR('',#6938,10.);
#2072=VECTOR('',#6939,10.);
#2073=VECTOR('',#6940,10.);
#2074=VECTOR('',#6941,10.);
#2075=VECTOR('',#6942,10.);
#2076=VECTOR('',#6943,10.);
#2077=VECTOR('',#6944,10.);
#2078=VECTOR('',#6945,10.);
#2079=VECTOR('',#6946,10.);
#2080=VECTOR('',#6947,10.);
#2081=VECTOR('',#6948,10.);
#2082=VECTOR('',#6949,10.);
#2083=VECTOR('',#6950,10.);
#2084=VECTOR('',#6951,10.);
#2085=VECTOR('',#6952,10.);
#2086=VECTOR('',#6953,10.);
#2087=VECTOR('',#6954,10.);
#2088=VECTOR('',#6955,10.);
#2089=VECTOR('',#6956,10.);
#2090=VECTOR('',#6957,10.);
#2091=VECTOR('',#6958,10.);
#2092=VECTOR('',#6959,10.);
#2093=VECTOR('',#6960,10.);
#2094=VECTOR('',#6961,10.);
#2095=VECTOR('',#6962,10.);
#2096=VECTOR('',#6963,10.);
#2097=VECTOR('',#6964,10.);
#2098=VECTOR('',#6965,10.);
#2099=VECTOR('',#6966,10.);
#2100=VECTOR('',#6967,10.);
#2101=VECTOR('',#6968,10.);
#2102=VECTOR('',#6969,10.);
#2103=VECTOR('',#6970,10.);
#2104=VECTOR('',#6971,10.);
#2105=VECTOR('',#6972,10.);
#2106=VECTOR('',#6973,10.);
#2107=VECTOR('',#6974,10.);
#2108=VECTOR('',#6975,10.);
#2109=VECTOR('',#6976,10.);
#2110=VECTOR('',#6977,10.);
#2111=VECTOR('',#6978,10.);
#2112=VECTOR('',#6979,10.);
#2113=VECTOR('',#6980,10.);
#2114=VECTOR('',#6981,10.);
#2115=VECTOR('',#6982,10.);
#2116=VECTOR('',#6983,10.);
#2117=VECTOR('',#6984,10.);
#2118=VECTOR('',#6985,10.);
#2119=VECTOR('',#6986,10.);
#2120=VECTOR('',#6987,10.);
#2121=VECTOR('',#6990,10.);
#2122=VECTOR('',#6995,10.);
#2123=VECTOR('',#7002,10.);
#2124=VECTOR('',#7007,10.);
#2125=VECTOR('',#7014,10.);
#2126=VECTOR('',#7019,10.);
#2127=VECTOR('',#7026,10.);
#2128=VECTOR('',#7031,10.);
#2129=VECTOR('',#7038,10.);
#2130=VECTOR('',#7043,10.);
#2131=VECTOR('',#7050,10.);
#2132=VECTOR('',#7055,10.);
#2133=VECTOR('',#7062,10.);
#2134=VECTOR('',#7067,10.);
#2135=VECTOR('',#7074,10.);
#2136=VECTOR('',#7079,10.);
#2137=VECTOR('',#7086,10.);
#2138=VECTOR('',#7091,10.);
#2139=VECTOR('',#7098,10.);
#2140=VECTOR('',#7103,10.);
#2141=VECTOR('',#7110,10.);
#2142=VECTOR('',#7115,10.);
#2143=VECTOR('',#7122,10.);
#2144=VECTOR('',#7127,10.);
#2145=VECTOR('',#7134,10.);
#2146=VECTOR('',#7137,10.);
#2147=VECTOR('',#7174,10.);
#2148=VECTOR('',#7175,10.);
#2149=VECTOR('',#7178,10.);
#2150=VECTOR('',#7179,10.);
#2151=VECTOR('',#7182,10.);
#2152=VERTEX_POINT('',#7187);
#2153=VERTEX_POINT('',#7188);
#2154=VERTEX_POINT('',#7190);
#2155=VERTEX_POINT('',#7192);
#2156=VERTEX_POINT('',#7196);
#2157=VERTEX_POINT('',#7197);
#2158=VERTEX_POINT('',#7199);
#2159=VERTEX_POINT('',#7201);
#2160=VERTEX_POINT('',#7205);
#2161=VERTEX_POINT('',#7206);
#2162=VERTEX_POINT('',#7208);
#2163=VERTEX_POINT('',#7210);
#2164=VERTEX_POINT('',#7214);
#2165=VERTEX_POINT('',#7215);
#2166=VERTEX_POINT('',#7217);
#2167=VERTEX_POINT('',#7219);
#2168=VERTEX_POINT('',#7223);
#2169=VERTEX_POINT('',#7224);
#2170=VERTEX_POINT('',#7229);
#2171=VERTEX_POINT('',#7230);
#2172=VERTEX_POINT('',#7235);
#2173=VERTEX_POINT('',#7236);
#2174=VERTEX_POINT('',#7241);
#2175=VERTEX_POINT('',#7242);
#2176=VERTEX_POINT('',#7244);
#2177=VERTEX_POINT('',#7246);
#2178=VERTEX_POINT('',#7250);
#2179=VERTEX_POINT('',#7254);
#2180=VERTEX_POINT('',#7257);
#2181=VERTEX_POINT('',#7261);
#2182=VERTEX_POINT('',#7263);
#2183=VERTEX_POINT('',#7265);
#2184=VERTEX_POINT('',#7267);
#2185=VERTEX_POINT('',#7269);
#2186=VERTEX_POINT('',#7272);
#2187=VERTEX_POINT('',#7276);
#2188=VERTEX_POINT('',#7280);
#2189=VERTEX_POINT('',#7292);
#2190=VERTEX_POINT('',#7296);
#2191=VERTEX_POINT('',#7297);
#2192=VERTEX_POINT('',#7299);
#2193=VERTEX_POINT('',#7302);
#2194=VERTEX_POINT('',#7304);
#2195=VERTEX_POINT('',#7308);
#2196=VERTEX_POINT('',#7312);
#2197=VERTEX_POINT('',#7316);
#2198=VERTEX_POINT('',#7320);
#2199=VERTEX_POINT('',#7323);
#2200=VERTEX_POINT('',#7327);
#2201=VERTEX_POINT('',#7329);
#2202=VERTEX_POINT('',#7338);
#2203=VERTEX_POINT('',#7339);
#2204=VERTEX_POINT('',#7341);
#2205=VERTEX_POINT('',#7343);
#2206=VERTEX_POINT('',#7347);
#2207=VERTEX_POINT('',#7349);
#2208=VERTEX_POINT('',#7353);
#2209=VERTEX_POINT('',#7355);
#2210=VERTEX_POINT('',#7363);
#2211=VERTEX_POINT('',#7364);
#2212=VERTEX_POINT('',#7366);
#2213=VERTEX_POINT('',#7368);
#2214=VERTEX_POINT('',#7372);
#2215=VERTEX_POINT('',#7374);
#2216=VERTEX_POINT('',#7378);
#2217=VERTEX_POINT('',#7380);
#2218=VERTEX_POINT('',#7388);
#2219=VERTEX_POINT('',#7389);
#2220=VERTEX_POINT('',#7391);
#2221=VERTEX_POINT('',#7393);
#2222=VERTEX_POINT('',#7397);
#2223=VERTEX_POINT('',#7399);
#2224=VERTEX_POINT('',#7403);
#2225=VERTEX_POINT('',#7405);
#2226=VERTEX_POINT('',#7413);
#2227=VERTEX_POINT('',#7414);
#2228=VERTEX_POINT('',#7416);
#2229=VERTEX_POINT('',#7418);
#2230=VERTEX_POINT('',#7422);
#2231=VERTEX_POINT('',#7424);
#2232=VERTEX_POINT('',#7428);
#2233=VERTEX_POINT('',#7430);
#2234=VERTEX_POINT('',#7438);
#2235=VERTEX_POINT('',#7439);
#2236=VERTEX_POINT('',#7441);
#2237=VERTEX_POINT('',#7443);
#2238=VERTEX_POINT('',#7447);
#2239=VERTEX_POINT('',#7449);
#2240=VERTEX_POINT('',#7453);
#2241=VERTEX_POINT('',#7455);
#2242=VERTEX_POINT('',#7463);
#2243=VERTEX_POINT('',#7464);
#2244=VERTEX_POINT('',#7466);
#2245=VERTEX_POINT('',#7468);
#2246=VERTEX_POINT('',#7472);
#2247=VERTEX_POINT('',#7474);
#2248=VERTEX_POINT('',#7478);
#2249=VERTEX_POINT('',#7480);
#2250=VERTEX_POINT('',#7488);
#2251=VERTEX_POINT('',#7489);
#2252=VERTEX_POINT('',#7491);
#2253=VERTEX_POINT('',#7493);
#2254=VERTEX_POINT('',#7497);
#2255=VERTEX_POINT('',#7499);
#2256=VERTEX_POINT('',#7503);
#2257=VERTEX_POINT('',#7505);
#2258=VERTEX_POINT('',#7513);
#2259=VERTEX_POINT('',#7515);
#2260=VERTEX_POINT('',#7521);
#2261=VERTEX_POINT('',#7523);
#2262=VERTEX_POINT('',#7529);
#2263=VERTEX_POINT('',#7531);
#2264=VERTEX_POINT('',#7537);
#2265=VERTEX_POINT('',#7539);
#2266=VERTEX_POINT('',#7545);
#2267=VERTEX_POINT('',#7546);
#2268=VERTEX_POINT('',#7548);
#2269=VERTEX_POINT('',#7550);
#2270=VERTEX_POINT('',#7554);
#2271=VERTEX_POINT('',#7555);
#2272=VERTEX_POINT('',#7557);
#2273=VERTEX_POINT('',#7559);
#2274=VERTEX_POINT('',#7563);
#2275=VERTEX_POINT('',#7564);
#2276=VERTEX_POINT('',#7566);
#2277=VERTEX_POINT('',#7568);
#2278=VERTEX_POINT('',#7572);
#2279=VERTEX_POINT('',#7573);
#2280=VERTEX_POINT('',#7575);
#2281=VERTEX_POINT('',#7577);
#2282=VERTEX_POINT('',#7581);
#2283=VERTEX_POINT('',#7582);
#2284=VERTEX_POINT('',#7584);
#2285=VERTEX_POINT('',#7586);
#2286=VERTEX_POINT('',#7590);
#2287=VERTEX_POINT('',#7591);
#2288=VERTEX_POINT('',#7593);
#2289=VERTEX_POINT('',#7595);
#2290=VERTEX_POINT('',#7599);
#2291=VERTEX_POINT('',#7600);
#2292=VERTEX_POINT('',#7602);
#2293=VERTEX_POINT('',#7604);
#2294=VERTEX_POINT('',#7608);
#2295=VERTEX_POINT('',#7609);
#2296=VERTEX_POINT('',#7611);
#2297=VERTEX_POINT('',#7613);
#2298=VERTEX_POINT('',#7617);
#2299=VERTEX_POINT('',#7618);
#2300=VERTEX_POINT('',#7620);
#2301=VERTEX_POINT('',#7622);
#2302=VERTEX_POINT('',#7626);
#2303=VERTEX_POINT('',#7627);
#2304=VERTEX_POINT('',#7629);
#2305=VERTEX_POINT('',#7631);
#2306=VERTEX_POINT('',#7635);
#2307=VERTEX_POINT('',#7636);
#2308=VERTEX_POINT('',#7638);
#2309=VERTEX_POINT('',#7640);
#2310=VERTEX_POINT('',#7644);
#2311=VERTEX_POINT('',#7645);
#2312=VERTEX_POINT('',#7647);
#2313=VERTEX_POINT('',#7649);
#2314=VERTEX_POINT('',#7653);
#2315=VERTEX_POINT('',#7654);
#2316=VERTEX_POINT('',#7656);
#2317=VERTEX_POINT('',#7658);
#2318=VERTEX_POINT('',#7662);
#2319=VERTEX_POINT('',#7663);
#2320=VERTEX_POINT('',#7665);
#2321=VERTEX_POINT('',#7667);
#2322=VERTEX_POINT('',#7671);
#2323=VERTEX_POINT('',#7672);
#2324=VERTEX_POINT('',#7674);
#2325=VERTEX_POINT('',#7676);
#2326=VERTEX_POINT('',#7680);
#2327=VERTEX_POINT('',#7681);
#2328=VERTEX_POINT('',#7683);
#2329=VERTEX_POINT('',#7685);
#2330=VERTEX_POINT('',#7689);
#2331=VERTEX_POINT('',#7690);
#2332=VERTEX_POINT('',#7692);
#2333=VERTEX_POINT('',#7694);
#2334=VERTEX_POINT('',#7698);
#2335=VERTEX_POINT('',#7699);
#2336=VERTEX_POINT('',#7701);
#2337=VERTEX_POINT('',#7703);
#2338=VERTEX_POINT('',#7707);
#2339=VERTEX_POINT('',#7708);
#2340=VERTEX_POINT('',#7710);
#2341=VERTEX_POINT('',#7712);
#2342=VERTEX_POINT('',#7716);
#2343=VERTEX_POINT('',#7717);
#2344=VERTEX_POINT('',#7719);
#2345=VERTEX_POINT('',#7721);
#2346=VERTEX_POINT('',#7725);
#2347=VERTEX_POINT('',#7726);
#2348=VERTEX_POINT('',#7728);
#2349=VERTEX_POINT('',#7730);
#2350=VERTEX_POINT('',#7734);
#2351=VERTEX_POINT('',#7735);
#2352=VERTEX_POINT('',#7737);
#2353=VERTEX_POINT('',#7739);
#2354=VERTEX_POINT('',#7743);
#2355=VERTEX_POINT('',#7744);
#2356=VERTEX_POINT('',#7746);
#2357=VERTEX_POINT('',#7748);
#2358=VERTEX_POINT('',#7752);
#2359=VERTEX_POINT('',#7753);
#2360=VERTEX_POINT('',#7755);
#2361=VERTEX_POINT('',#7757);
#2362=VERTEX_POINT('',#7761);
#2363=VERTEX_POINT('',#7762);
#2364=VERTEX_POINT('',#7764);
#2365=VERTEX_POINT('',#7766);
#2366=VERTEX_POINT('',#7770);
#2367=VERTEX_POINT('',#7771);
#2368=VERTEX_POINT('',#7773);
#2369=VERTEX_POINT('',#7775);
#2370=VERTEX_POINT('',#7779);
#2371=VERTEX_POINT('',#7780);
#2372=VERTEX_POINT('',#7782);
#2373=VERTEX_POINT('',#7784);
#2374=VERTEX_POINT('',#7788);
#2375=VERTEX_POINT('',#7789);
#2376=VERTEX_POINT('',#7791);
#2377=VERTEX_POINT('',#7793);
#2378=VERTEX_POINT('',#7797);
#2379=VERTEX_POINT('',#7798);
#2380=VERTEX_POINT('',#7800);
#2381=VERTEX_POINT('',#7802);
#2382=VERTEX_POINT('',#7806);
#2383=VERTEX_POINT('',#7807);
#2384=VERTEX_POINT('',#7809);
#2385=VERTEX_POINT('',#7811);
#2386=VERTEX_POINT('',#7815);
#2387=VERTEX_POINT('',#7816);
#2388=VERTEX_POINT('',#7818);
#2389=VERTEX_POINT('',#7820);
#2390=VERTEX_POINT('',#7824);
#2391=VERTEX_POINT('',#7825);
#2392=VERTEX_POINT('',#7827);
#2393=VERTEX_POINT('',#7829);
#2394=VERTEX_POINT('',#7833);
#2395=VERTEX_POINT('',#7834);
#2396=VERTEX_POINT('',#7836);
#2397=VERTEX_POINT('',#7838);
#2398=VERTEX_POINT('',#7842);
#2399=VERTEX_POINT('',#7843);
#2400=VERTEX_POINT('',#7845);
#2401=VERTEX_POINT('',#7847);
#2402=VERTEX_POINT('',#7851);
#2403=VERTEX_POINT('',#7852);
#2404=VERTEX_POINT('',#7854);
#2405=VERTEX_POINT('',#7856);
#2406=VERTEX_POINT('',#7860);
#2407=VERTEX_POINT('',#7861);
#2408=VERTEX_POINT('',#7863);
#2409=VERTEX_POINT('',#7865);
#2410=VERTEX_POINT('',#7869);
#2411=VERTEX_POINT('',#7870);
#2412=VERTEX_POINT('',#7872);
#2413=VERTEX_POINT('',#7874);
#2414=VERTEX_POINT('',#7878);
#2415=VERTEX_POINT('',#7879);
#2416=VERTEX_POINT('',#7881);
#2417=VERTEX_POINT('',#7883);
#2418=VERTEX_POINT('',#7887);
#2419=VERTEX_POINT('',#7888);
#2420=VERTEX_POINT('',#7890);
#2421=VERTEX_POINT('',#7892);
#2422=VERTEX_POINT('',#7896);
#2423=VERTEX_POINT('',#7897);
#2424=VERTEX_POINT('',#7899);
#2425=VERTEX_POINT('',#7901);
#2426=VERTEX_POINT('',#7905);
#2427=VERTEX_POINT('',#7906);
#2428=VERTEX_POINT('',#7908);
#2429=VERTEX_POINT('',#7910);
#2430=VERTEX_POINT('',#7914);
#2431=VERTEX_POINT('',#7915);
#2432=VERTEX_POINT('',#7917);
#2433=VERTEX_POINT('',#7919);
#2434=VERTEX_POINT('',#7923);
#2435=VERTEX_POINT('',#7924);
#2436=VERTEX_POINT('',#7926);
#2437=VERTEX_POINT('',#7928);
#2438=VERTEX_POINT('',#7932);
#2439=VERTEX_POINT('',#7933);
#2440=VERTEX_POINT('',#7935);
#2441=VERTEX_POINT('',#7937);
#2442=VERTEX_POINT('',#7941);
#2443=VERTEX_POINT('',#7942);
#2444=VERTEX_POINT('',#7944);
#2445=VERTEX_POINT('',#7946);
#2446=VERTEX_POINT('',#7950);
#2447=VERTEX_POINT('',#7951);
#2448=VERTEX_POINT('',#7953);
#2449=VERTEX_POINT('',#7955);
#2450=VERTEX_POINT('',#7959);
#2451=VERTEX_POINT('',#7960);
#2452=VERTEX_POINT('',#7962);
#2453=VERTEX_POINT('',#7964);
#2454=VERTEX_POINT('',#7968);
#2455=VERTEX_POINT('',#7969);
#2456=VERTEX_POINT('',#7971);
#2457=VERTEX_POINT('',#7973);
#2458=VERTEX_POINT('',#7977);
#2459=VERTEX_POINT('',#7979);
#2460=VERTEX_POINT('',#7983);
#2461=VERTEX_POINT('',#7985);
#2462=VERTEX_POINT('',#7989);
#2463=VERTEX_POINT('',#7991);
#2464=VERTEX_POINT('',#7995);
#2465=VERTEX_POINT('',#7997);
#2466=VERTEX_POINT('',#8001);
#2467=VERTEX_POINT('',#8003);
#2468=VERTEX_POINT('',#8007);
#2469=VERTEX_POINT('',#8009);
#2470=VERTEX_POINT('',#8013);
#2471=VERTEX_POINT('',#8015);
#2472=VERTEX_POINT('',#8019);
#2473=VERTEX_POINT('',#8021);
#2474=VERTEX_POINT('',#8025);
#2475=VERTEX_POINT('',#8027);
#2476=VERTEX_POINT('',#8031);
#2477=VERTEX_POINT('',#8033);
#2478=VERTEX_POINT('',#8037);
#2479=VERTEX_POINT('',#8039);
#2480=VERTEX_POINT('',#8043);
#2481=VERTEX_POINT('',#8045);
#2482=VERTEX_POINT('',#8049);
#2483=VERTEX_POINT('',#8051);
#2484=VERTEX_POINT('',#8055);
#2485=VERTEX_POINT('',#8057);
#2486=VERTEX_POINT('',#8061);
#2487=VERTEX_POINT('',#8063);
#2488=VERTEX_POINT('',#8067);
#2489=VERTEX_POINT('',#8069);
#2490=VERTEX_POINT('',#8073);
#2491=VERTEX_POINT('',#8075);
#2492=VERTEX_POINT('',#8079);
#2493=VERTEX_POINT('',#8081);
#2494=VERTEX_POINT('',#8085);
#2495=VERTEX_POINT('',#8087);
#2496=VERTEX_POINT('',#8091);
#2497=VERTEX_POINT('',#8093);
#2498=VERTEX_POINT('',#8097);
#2499=VERTEX_POINT('',#8099);
#2500=VERTEX_POINT('',#8103);
#2501=VERTEX_POINT('',#8105);
#2502=VERTEX_POINT('',#8109);
#2503=VERTEX_POINT('',#8111);
#2504=VERTEX_POINT('',#8115);
#2505=VERTEX_POINT('',#8117);
#2506=VERTEX_POINT('',#8121);
#2507=VERTEX_POINT('',#8123);
#2508=VERTEX_POINT('',#8127);
#2509=VERTEX_POINT('',#8129);
#2510=VERTEX_POINT('',#8133);
#2511=VERTEX_POINT('',#8135);
#2512=VERTEX_POINT('',#8139);
#2513=VERTEX_POINT('',#8141);
#2514=VERTEX_POINT('',#8145);
#2515=VERTEX_POINT('',#8147);
#2516=VERTEX_POINT('',#8151);
#2517=VERTEX_POINT('',#8153);
#2518=VERTEX_POINT('',#8157);
#2519=VERTEX_POINT('',#8159);
#2520=VERTEX_POINT('',#8163);
#2521=VERTEX_POINT('',#8165);
#2522=VERTEX_POINT('',#8169);
#2523=VERTEX_POINT('',#8171);
#2524=VERTEX_POINT('',#8175);
#2525=VERTEX_POINT('',#8177);
#2526=VERTEX_POINT('',#8181);
#2527=VERTEX_POINT('',#8183);
#2528=VERTEX_POINT('',#8187);
#2529=VERTEX_POINT('',#8189);
#2530=VERTEX_POINT('',#8193);
#2531=VERTEX_POINT('',#8195);
#2532=VERTEX_POINT('',#8199);
#2533=VERTEX_POINT('',#8201);
#2534=VERTEX_POINT('',#8205);
#2535=VERTEX_POINT('',#8207);
#2536=VERTEX_POINT('',#8211);
#2537=VERTEX_POINT('',#8213);
#2538=VERTEX_POINT('',#8217);
#2539=VERTEX_POINT('',#8219);
#2540=VERTEX_POINT('',#8223);
#2541=VERTEX_POINT('',#8225);
#2542=VERTEX_POINT('',#8229);
#2543=VERTEX_POINT('',#8231);
#2544=VERTEX_POINT('',#8235);
#2545=VERTEX_POINT('',#8237);
#2546=VERTEX_POINT('',#8241);
#2547=VERTEX_POINT('',#8243);
#2548=VERTEX_POINT('',#8247);
#2549=VERTEX_POINT('',#8249);
#2550=VERTEX_POINT('',#8253);
#2551=VERTEX_POINT('',#8255);
#2552=VERTEX_POINT('',#8259);
#2553=VERTEX_POINT('',#8261);
#2554=VERTEX_POINT('',#8265);
#2555=VERTEX_POINT('',#8267);
#2556=VERTEX_POINT('',#8271);
#2557=VERTEX_POINT('',#8273);
#2558=VERTEX_POINT('',#8277);
#2559=VERTEX_POINT('',#8279);
#2560=VERTEX_POINT('',#8283);
#2561=VERTEX_POINT('',#8285);
#2562=VERTEX_POINT('',#8289);
#2563=VERTEX_POINT('',#8291);
#2564=VERTEX_POINT('',#8295);
#2565=VERTEX_POINT('',#8297);
#2566=VERTEX_POINT('',#8301);
#2567=VERTEX_POINT('',#8303);
#2568=VERTEX_POINT('',#8307);
#2569=VERTEX_POINT('',#8309);
#2570=VERTEX_POINT('',#8313);
#2571=VERTEX_POINT('',#8315);
#2572=VERTEX_POINT('',#8319);
#2573=VERTEX_POINT('',#8321);
#2574=VERTEX_POINT('',#8325);
#2575=VERTEX_POINT('',#8327);
#2576=VERTEX_POINT('',#8331);
#2577=VERTEX_POINT('',#8333);
#2578=VERTEX_POINT('',#8337);
#2579=VERTEX_POINT('',#8339);
#2580=VERTEX_POINT('',#8343);
#2581=VERTEX_POINT('',#8345);
#2582=VERTEX_POINT('',#8349);
#2583=VERTEX_POINT('',#8351);
#2584=VERTEX_POINT('',#8355);
#2585=VERTEX_POINT('',#8357);
#2586=VERTEX_POINT('',#8361);
#2587=VERTEX_POINT('',#8363);
#2588=VERTEX_POINT('',#8367);
#2589=VERTEX_POINT('',#8369);
#2590=VERTEX_POINT('',#8373);
#2591=VERTEX_POINT('',#8375);
#2592=VERTEX_POINT('',#8379);
#2593=VERTEX_POINT('',#8381);
#2594=VERTEX_POINT('',#8385);
#2595=VERTEX_POINT('',#8387);
#2596=VERTEX_POINT('',#8391);
#2597=VERTEX_POINT('',#8393);
#2598=VERTEX_POINT('',#8397);
#2599=VERTEX_POINT('',#8399);
#2600=VERTEX_POINT('',#8403);
#2601=VERTEX_POINT('',#8405);
#2602=VERTEX_POINT('',#8409);
#2603=VERTEX_POINT('',#8411);
#2604=VERTEX_POINT('',#8415);
#2605=VERTEX_POINT('',#8417);
#2606=VERTEX_POINT('',#8421);
#2607=VERTEX_POINT('',#8423);
#2608=VERTEX_POINT('',#8427);
#2609=VERTEX_POINT('',#8429);
#2610=VERTEX_POINT('',#8433);
#2611=VERTEX_POINT('',#8435);
#2612=VERTEX_POINT('',#8439);
#2613=VERTEX_POINT('',#8441);
#2614=VERTEX_POINT('',#8445);
#2615=VERTEX_POINT('',#8447);
#2616=VERTEX_POINT('',#8451);
#2617=VERTEX_POINT('',#8453);
#2618=VERTEX_POINT('',#8459);
#2619=VERTEX_POINT('',#8461);
#2620=VERTEX_POINT('',#8468);
#2621=VERTEX_POINT('',#8474);
#2622=VERTEX_POINT('',#8482);
#2623=VERTEX_POINT('',#8484);
#2624=VERTEX_POINT('',#8487);
#2625=VERTEX_POINT('',#8489);
#2626=VERTEX_POINT('',#8492);
#2627=VERTEX_POINT('',#8494);
#2628=VERTEX_POINT('',#8497);
#2629=VERTEX_POINT('',#8499);
#2630=VERTEX_POINT('',#8502);
#2631=VERTEX_POINT('',#8504);
#2632=VERTEX_POINT('',#8507);
#2633=VERTEX_POINT('',#8509);
#2634=VERTEX_POINT('',#8521);
#2635=VERTEX_POINT('',#8523);
#2636=VERTEX_POINT('',#8526);
#2637=VERTEX_POINT('',#8528);
#2638=VERTEX_POINT('',#8531);
#2639=VERTEX_POINT('',#8533);
#2640=VERTEX_POINT('',#8536);
#2641=VERTEX_POINT('',#8538);
#2642=VERTEX_POINT('',#8541);
#2643=VERTEX_POINT('',#8543);
#2644=VERTEX_POINT('',#8546);
#2645=VERTEX_POINT('',#8548);
#2646=VERTEX_POINT('',#8551);
#2647=VERTEX_POINT('',#8555);
#2648=VERTEX_POINT('',#8712);
#2649=VERTEX_POINT('',#8716);
#2650=EDGE_CURVE('',#2152,#2153,#742,.T.);
#2651=EDGE_CURVE('',#2153,#2154,#743,.T.);
#2652=EDGE_CURVE('',#2154,#2155,#744,.T.);
#2653=EDGE_CURVE('',#2152,#2155,#745,.T.);
#2654=EDGE_CURVE('',#2156,#2157,#746,.T.);
#2655=EDGE_CURVE('',#2157,#2158,#747,.T.);
#2656=EDGE_CURVE('',#2158,#2159,#748,.T.);
#2657=EDGE_CURVE('',#2156,#2159,#749,.T.);
#2658=EDGE_CURVE('',#2160,#2161,#750,.T.);
#2659=EDGE_CURVE('',#2162,#2161,#751,.T.);
#2660=EDGE_CURVE('',#2162,#2163,#752,.T.);
#2661=EDGE_CURVE('',#2163,#2160,#753,.T.);
#2662=EDGE_CURVE('',#2164,#2165,#754,.T.);
#2663=EDGE_CURVE('',#2166,#2165,#755,.T.);
#2664=EDGE_CURVE('',#2167,#2166,#756,.T.);
#2665=EDGE_CURVE('',#2164,#2167,#757,.T.);
#2666=EDGE_CURVE('',#2168,#2169,#758,.T.);
#2667=EDGE_CURVE('',#2155,#2169,#759,.T.);
#2668=EDGE_CURVE('',#2168,#2154,#760,.T.);
#2669=EDGE_CURVE('',#2170,#2171,#761,.T.);
#2670=EDGE_CURVE('',#2153,#2171,#762,.T.);
#2671=EDGE_CURVE('',#2170,#2152,#763,.T.);
#2672=EDGE_CURVE('',#2172,#2173,#764,.T.);
#2673=EDGE_CURVE('',#2159,#2173,#765,.T.);
#2674=EDGE_CURVE('',#2172,#2158,#766,.T.);
#2675=EDGE_CURVE('',#2174,#2175,#767,.T.);
#2676=EDGE_CURVE('',#2176,#2175,#768,.T.);
#2677=EDGE_CURVE('',#2177,#2176,#769,.T.);
#2678=EDGE_CURVE('',#2174,#2177,#770,.T.);
#2679=EDGE_CURVE('',#2178,#2156,#771,.T.);
#2680=EDGE_CURVE('',#2173,#2174,#78,.T.);
#2681=EDGE_CURVE('',#2177,#2166,#772,.T.);
#2682=EDGE_CURVE('',#2165,#2179,#79,.T.);
#2683=EDGE_CURVE('',#2179,#2162,#773,.T.);
#2684=EDGE_CURVE('',#2161,#2180,#774,.T.);
#2685=EDGE_CURVE('',#2180,#2170,#80,.T.);
#2686=EDGE_CURVE('',#2169,#2178,#81,.T.);
#2687=EDGE_CURVE('',#2181,#2181,#82,.T.);
#2688=EDGE_CURVE('',#2182,#2182,#83,.T.);
#2689=EDGE_CURVE('',#2183,#2183,#84,.T.);
#2690=EDGE_CURVE('',#2184,#2184,#85,.T.);
#2691=EDGE_CURVE('',#2185,#2185,#86,.T.);
#2692=EDGE_CURVE('',#2186,#2180,#775,.T.);
#2693=EDGE_CURVE('',#2186,#2160,#776,.T.);
#2694=EDGE_CURVE('',#2179,#2187,#777,.T.);
#2695=EDGE_CURVE('',#2163,#2187,#778,.T.);
#2696=EDGE_CURVE('',#2178,#2188,#779,.T.);
#2697=EDGE_CURVE('',#2157,#2188,#780,.T.);
#2698=EDGE_CURVE('',#2172,#2175,#87,.T.);
#2699=EDGE_CURVE('',#2186,#2171,#88,.T.);
#2700=EDGE_CURVE('',#2164,#2187,#89,.T.);
#2701=EDGE_CURVE('',#2168,#2188,#90,.T.);
#2702=EDGE_CURVE('',#2189,#2189,#91,.T.);
#2703=EDGE_CURVE('',#2189,#2181,#781,.T.);
#2704=EDGE_CURVE('',#2190,#2191,#782,.T.);
#2705=EDGE_CURVE('',#2192,#2191,#92,.T.);
#2706=EDGE_CURVE('',#2192,#2182,#783,.T.);
#2707=EDGE_CURVE('',#2193,#2192,#93,.T.);
#2708=EDGE_CURVE('',#2193,#2194,#784,.T.);
#2709=EDGE_CURVE('',#2194,#2190,#94,.T.);
#2710=EDGE_CURVE('',#2195,#2195,#95,.T.);
#2711=EDGE_CURVE('',#2195,#2183,#785,.T.);
#2712=EDGE_CURVE('',#2196,#2196,#96,.T.);
#2713=EDGE_CURVE('',#2196,#2184,#786,.T.);
#2714=EDGE_CURVE('',#2197,#2197,#97,.T.);
#2715=EDGE_CURVE('',#2197,#2185,#787,.T.);
#2716=EDGE_CURVE('',#2198,#2167,#788,.T.);
#2717=EDGE_CURVE('',#2198,#2193,#789,.T.);
#2718=EDGE_CURVE('',#2191,#2199,#790,.T.);
#2719=EDGE_CURVE('',#2176,#2199,#791,.T.);
#2720=EDGE_CURVE('',#2199,#2200,#792,.T.);
#2721=EDGE_CURVE('',#2200,#2201,#793,.T.);
#2722=EDGE_CURVE('',#2201,#2198,#794,.T.);
#2723=EDGE_CURVE('',#2201,#2194,#795,.T.);
#2724=EDGE_CURVE('',#2190,#2200,#796,.T.);
#2725=EDGE_CURVE('',#2202,#2203,#98,.T.);
#2726=EDGE_CURVE('',#2202,#2204,#797,.T.);
#2727=EDGE_CURVE('',#2204,#2205,#798,.T.);
#2728=EDGE_CURVE('',#2205,#2203,#799,.T.);
#2729=EDGE_CURVE('',#2206,#2202,#800,.T.);
#2730=EDGE_CURVE('',#2207,#2206,#801,.T.);
#2731=EDGE_CURVE('',#2207,#2204,#802,.T.);
#2732=EDGE_CURVE('',#2203,#2208,#803,.T.);
#2733=EDGE_CURVE('',#2209,#2205,#804,.T.);
#2734=EDGE_CURVE('',#2208,#2209,#805,.T.);
#2735=EDGE_CURVE('',#2209,#2207,#806,.T.);
#2736=EDGE_CURVE('',#2208,#2206,#99,.T.);
#2737=EDGE_CURVE('',#2210,#2211,#100,.T.);
#2738=EDGE_CURVE('',#2210,#2212,#807,.T.);
#2739=EDGE_CURVE('',#2212,#2213,#808,.T.);
#2740=EDGE_CURVE('',#2213,#2211,#809,.T.);
#2741=EDGE_CURVE('',#2214,#2210,#810,.T.);
#2742=EDGE_CURVE('',#2215,#2214,#811,.T.);
#2743=EDGE_CURVE('',#2215,#2212,#812,.T.);
#2744=EDGE_CURVE('',#2211,#2216,#813,.T.);
#2745=EDGE_CURVE('',#2217,#2213,#814,.T.);
#2746=EDGE_CURVE('',#2216,#2217,#815,.T.);
#2747=EDGE_CURVE('',#2217,#2215,#816,.T.);
#2748=EDGE_CURVE('',#2216,#2214,#101,.T.);
#2749=EDGE_CURVE('',#2218,#2219,#102,.T.);
#2750=EDGE_CURVE('',#2218,#2220,#817,.T.);
#2751=EDGE_CURVE('',#2220,#2221,#818,.T.);
#2752=EDGE_CURVE('',#2221,#2219,#819,.T.);
#2753=EDGE_CURVE('',#2222,#2218,#820,.T.);
#2754=EDGE_CURVE('',#2223,#2222,#821,.T.);
#2755=EDGE_CURVE('',#2223,#2220,#822,.T.);
#2756=EDGE_CURVE('',#2219,#2224,#823,.T.);
#2757=EDGE_CURVE('',#2225,#2221,#824,.T.);
#2758=EDGE_CURVE('',#2224,#2225,#825,.T.);
#2759=EDGE_CURVE('',#2225,#2223,#826,.T.);
#2760=EDGE_CURVE('',#2224,#2222,#103,.T.);
#2761=EDGE_CURVE('',#2226,#2227,#104,.T.);
#2762=EDGE_CURVE('',#2226,#2228,#827,.T.);
#2763=EDGE_CURVE('',#2228,#2229,#828,.T.);
#2764=EDGE_CURVE('',#2229,#2227,#829,.T.);
#2765=EDGE_CURVE('',#2230,#2226,#830,.T.);
#2766=EDGE_CURVE('',#2231,#2230,#831,.T.);
#2767=EDGE_CURVE('',#2231,#2228,#832,.T.);
#2768=EDGE_CURVE('',#2227,#2232,#833,.T.);
#2769=EDGE_CURVE('',#2233,#2229,#834,.T.);
#2770=EDGE_CURVE('',#2232,#2233,#835,.T.);
#2771=EDGE_CURVE('',#2233,#2231,#836,.T.);
#2772=EDGE_CURVE('',#2232,#2230,#105,.T.);
#2773=EDGE_CURVE('',#2234,#2235,#106,.T.);
#2774=EDGE_CURVE('',#2234,#2236,#837,.T.);
#2775=EDGE_CURVE('',#2236,#2237,#838,.T.);
#2776=EDGE_CURVE('',#2237,#2235,#839,.T.);
#2777=EDGE_CURVE('',#2238,#2234,#840,.T.);
#2778=EDGE_CURVE('',#2239,#2238,#841,.T.);
#2779=EDGE_CURVE('',#2239,#2236,#842,.T.);
#2780=EDGE_CURVE('',#2235,#2240,#843,.T.);
#2781=EDGE_CURVE('',#2241,#2237,#844,.T.);
#2782=EDGE_CURVE('',#2240,#2241,#845,.T.);
#2783=EDGE_CURVE('',#2241,#2239,#846,.T.);
#2784=EDGE_CURVE('',#2240,#2238,#107,.T.);
#2785=EDGE_CURVE('',#2242,#2243,#108,.T.);
#2786=EDGE_CURVE('',#2242,#2244,#847,.T.);
#2787=EDGE_CURVE('',#2244,#2245,#848,.T.);
#2788=EDGE_CURVE('',#2245,#2243,#849,.T.);
#2789=EDGE_CURVE('',#2246,#2242,#850,.T.);
#2790=EDGE_CURVE('',#2247,#2246,#851,.T.);
#2791=EDGE_CURVE('',#2247,#2244,#852,.T.);
#2792=EDGE_CURVE('',#2243,#2248,#853,.T.);
#2793=EDGE_CURVE('',#2249,#2245,#854,.T.);
#2794=EDGE_CURVE('',#2248,#2249,#855,.T.);
#2795=EDGE_CURVE('',#2249,#2247,#856,.T.);
#2796=EDGE_CURVE('',#2248,#2246,#109,.T.);
#2797=EDGE_CURVE('',#2250,#2251,#110,.T.);
#2798=EDGE_CURVE('',#2250,#2252,#857,.T.);
#2799=EDGE_CURVE('',#2252,#2253,#858,.T.);
#2800=EDGE_CURVE('',#2253,#2251,#859,.T.);
#2801=EDGE_CURVE('',#2254,#2250,#860,.T.);
#2802=EDGE_CURVE('',#2255,#2254,#861,.T.);
#2803=EDGE_CURVE('',#2255,#2252,#862,.T.);
#2804=EDGE_CURVE('',#2251,#2256,#863,.T.);
#2805=EDGE_CURVE('',#2257,#2253,#864,.T.);
#2806=EDGE_CURVE('',#2256,#2257,#865,.T.);
#2807=EDGE_CURVE('',#2257,#2255,#866,.T.);
#2808=EDGE_CURVE('',#2256,#2254,#111,.T.);
#2809=EDGE_CURVE('',#2258,#2258,#112,.T.);
#2810=EDGE_CURVE('',#2258,#2259,#867,.T.);
#2811=EDGE_CURVE('',#2259,#2259,#113,.T.);
#2812=EDGE_CURVE('',#2260,#2260,#114,.T.);
#2813=EDGE_CURVE('',#2260,#2261,#868,.T.);
#2814=EDGE_CURVE('',#2261,#2261,#115,.T.);
#2815=EDGE_CURVE('',#2262,#2262,#116,.T.);
#2816=EDGE_CURVE('',#2262,#2263,#869,.T.);
#2817=EDGE_CURVE('',#2263,#2263,#117,.T.);
#2818=EDGE_CURVE('',#2264,#2264,#118,.T.);
#2819=EDGE_CURVE('',#2264,#2265,#870,.T.);
#2820=EDGE_CURVE('',#2265,#2265,#119,.T.);
#2821=EDGE_CURVE('',#2266,#2267,#871,.T.);
#2822=EDGE_CURVE('',#2267,#2268,#872,.T.);
#2823=EDGE_CURVE('',#2268,#2269,#873,.T.);
#2824=EDGE_CURVE('',#2269,#2266,#874,.T.);
#2825=EDGE_CURVE('',#2270,#2271,#875,.T.);
#2826=EDGE_CURVE('',#2271,#2272,#876,.T.);
#2827=EDGE_CURVE('',#2272,#2273,#877,.T.);
#2828=EDGE_CURVE('',#2273,#2270,#878,.T.);
#2829=EDGE_CURVE('',#2274,#2275,#879,.T.);
#2830=EDGE_CURVE('',#2275,#2276,#880,.T.);
#2831=EDGE_CURVE('',#2276,#2277,#881,.T.);
#2832=EDGE_CURVE('',#2277,#2274,#882,.T.);
#2833=EDGE_CURVE('',#2278,#2279,#883,.T.);
#2834=EDGE_CURVE('',#2279,#2280,#884,.T.);
#2835=EDGE_CURVE('',#2280,#2281,#885,.T.);
#2836=EDGE_CURVE('',#2281,#2278,#886,.T.);
#2837=EDGE_CURVE('',#2282,#2283,#887,.T.);
#2838=EDGE_CURVE('',#2283,#2284,#888,.T.);
#2839=EDGE_CURVE('',#2284,#2285,#889,.T.);
#2840=EDGE_CURVE('',#2285,#2282,#890,.T.);
#2841=EDGE_CURVE('',#2286,#2287,#891,.T.);
#2842=EDGE_CURVE('',#2287,#2288,#892,.T.);
#2843=EDGE_CURVE('',#2288,#2289,#893,.T.);
#2844=EDGE_CURVE('',#2289,#2286,#894,.T.);
#2845=EDGE_CURVE('',#2290,#2291,#895,.T.);
#2846=EDGE_CURVE('',#2291,#2292,#896,.T.);
#2847=EDGE_CURVE('',#2292,#2293,#897,.T.);
#2848=EDGE_CURVE('',#2293,#2290,#898,.T.);
#2849=EDGE_CURVE('',#2294,#2295,#899,.T.);
#2850=EDGE_CURVE('',#2295,#2296,#900,.T.);
#2851=EDGE_CURVE('',#2296,#2297,#901,.T.);
#2852=EDGE_CURVE('',#2297,#2294,#902,.T.);
#2853=EDGE_CURVE('',#2298,#2299,#903,.T.);
#2854=EDGE_CURVE('',#2299,#2300,#904,.T.);
#2855=EDGE_CURVE('',#2300,#2301,#905,.T.);
#2856=EDGE_CURVE('',#2301,#2298,#906,.T.);
#2857=EDGE_CURVE('',#2302,#2303,#907,.T.);
#2858=EDGE_CURVE('',#2303,#2304,#908,.T.);
#2859=EDGE_CURVE('',#2304,#2305,#909,.T.);
#2860=EDGE_CURVE('',#2305,#2302,#910,.T.);
#2861=EDGE_CURVE('',#2306,#2307,#911,.T.);
#2862=EDGE_CURVE('',#2307,#2308,#912,.T.);
#2863=EDGE_CURVE('',#2308,#2309,#913,.T.);
#2864=EDGE_CURVE('',#2309,#2306,#914,.T.);
#2865=EDGE_CURVE('',#2310,#2311,#915,.T.);
#2866=EDGE_CURVE('',#2311,#2312,#916,.T.);
#2867=EDGE_CURVE('',#2312,#2313,#917,.T.);
#2868=EDGE_CURVE('',#2313,#2310,#918,.T.);
#2869=EDGE_CURVE('',#2314,#2315,#919,.T.);
#2870=EDGE_CURVE('',#2315,#2316,#920,.T.);
#2871=EDGE_CURVE('',#2316,#2317,#921,.T.);
#2872=EDGE_CURVE('',#2317,#2314,#922,.T.);
#2873=EDGE_CURVE('',#2318,#2319,#923,.T.);
#2874=EDGE_CURVE('',#2319,#2320,#924,.T.);
#2875=EDGE_CURVE('',#2320,#2321,#925,.T.);
#2876=EDGE_CURVE('',#2321,#2318,#926,.T.);
#2877=EDGE_CURVE('',#2322,#2323,#927,.T.);
#2878=EDGE_CURVE('',#2323,#2324,#928,.T.);
#2879=EDGE_CURVE('',#2324,#2325,#929,.T.);
#2880=EDGE_CURVE('',#2325,#2322,#930,.T.);
#2881=EDGE_CURVE('',#2326,#2327,#931,.T.);
#2882=EDGE_CURVE('',#2327,#2328,#932,.T.);
#2883=EDGE_CURVE('',#2328,#2329,#933,.T.);
#2884=EDGE_CURVE('',#2329,#2326,#934,.T.);
#2885=EDGE_CURVE('',#2330,#2331,#935,.T.);
#2886=EDGE_CURVE('',#2331,#2332,#936,.T.);
#2887=EDGE_CURVE('',#2332,#2333,#937,.T.);
#2888=EDGE_CURVE('',#2333,#2330,#938,.T.);
#2889=EDGE_CURVE('',#2334,#2335,#939,.T.);
#2890=EDGE_CURVE('',#2335,#2336,#940,.T.);
#2891=EDGE_CURVE('',#2336,#2337,#941,.T.);
#2892=EDGE_CURVE('',#2337,#2334,#942,.T.);
#2893=EDGE_CURVE('',#2338,#2339,#943,.T.);
#2894=EDGE_CURVE('',#2339,#2340,#944,.T.);
#2895=EDGE_CURVE('',#2340,#2341,#945,.T.);
#2896=EDGE_CURVE('',#2341,#2338,#946,.T.);
#2897=EDGE_CURVE('',#2342,#2343,#947,.T.);
#2898=EDGE_CURVE('',#2343,#2344,#948,.T.);
#2899=EDGE_CURVE('',#2344,#2345,#949,.T.);
#2900=EDGE_CURVE('',#2345,#2342,#950,.T.);
#2901=EDGE_CURVE('',#2346,#2347,#951,.T.);
#2902=EDGE_CURVE('',#2347,#2348,#952,.T.);
#2903=EDGE_CURVE('',#2348,#2349,#953,.T.);
#2904=EDGE_CURVE('',#2349,#2346,#954,.T.);
#2905=EDGE_CURVE('',#2350,#2351,#955,.T.);
#2906=EDGE_CURVE('',#2351,#2352,#956,.T.);
#2907=EDGE_CURVE('',#2352,#2353,#957,.T.);
#2908=EDGE_CURVE('',#2353,#2350,#958,.T.);
#2909=EDGE_CURVE('',#2354,#2355,#959,.T.);
#2910=EDGE_CURVE('',#2355,#2356,#960,.T.);
#2911=EDGE_CURVE('',#2356,#2357,#961,.T.);
#2912=EDGE_CURVE('',#2357,#2354,#962,.T.);
#2913=EDGE_CURVE('',#2358,#2359,#963,.T.);
#2914=EDGE_CURVE('',#2359,#2360,#964,.T.);
#2915=EDGE_CURVE('',#2360,#2361,#965,.T.);
#2916=EDGE_CURVE('',#2361,#2358,#966,.T.);
#2917=EDGE_CURVE('',#2362,#2363,#967,.T.);
#2918=EDGE_CURVE('',#2363,#2364,#968,.T.);
#2919=EDGE_CURVE('',#2364,#2365,#969,.T.);
#2920=EDGE_CURVE('',#2365,#2362,#970,.T.);
#2921=EDGE_CURVE('',#2366,#2367,#971,.T.);
#2922=EDGE_CURVE('',#2367,#2368,#972,.T.);
#2923=EDGE_CURVE('',#2368,#2369,#973,.T.);
#2924=EDGE_CURVE('',#2369,#2366,#974,.T.);
#2925=EDGE_CURVE('',#2370,#2371,#975,.T.);
#2926=EDGE_CURVE('',#2371,#2372,#976,.T.);
#2927=EDGE_CURVE('',#2372,#2373,#977,.T.);
#2928=EDGE_CURVE('',#2373,#2370,#978,.T.);
#2929=EDGE_CURVE('',#2374,#2375,#979,.T.);
#2930=EDGE_CURVE('',#2375,#2376,#980,.T.);
#2931=EDGE_CURVE('',#2376,#2377,#981,.T.);
#2932=EDGE_CURVE('',#2377,#2374,#982,.T.);
#2933=EDGE_CURVE('',#2378,#2379,#983,.T.);
#2934=EDGE_CURVE('',#2379,#2380,#984,.T.);
#2935=EDGE_CURVE('',#2380,#2381,#985,.T.);
#2936=EDGE_CURVE('',#2381,#2378,#986,.T.);
#2937=EDGE_CURVE('',#2382,#2383,#987,.T.);
#2938=EDGE_CURVE('',#2383,#2384,#988,.T.);
#2939=EDGE_CURVE('',#2384,#2385,#989,.T.);
#2940=EDGE_CURVE('',#2385,#2382,#990,.T.);
#2941=EDGE_CURVE('',#2386,#2387,#991,.T.);
#2942=EDGE_CURVE('',#2387,#2388,#992,.T.);
#2943=EDGE_CURVE('',#2388,#2389,#993,.T.);
#2944=EDGE_CURVE('',#2389,#2386,#994,.T.);
#2945=EDGE_CURVE('',#2390,#2391,#995,.T.);
#2946=EDGE_CURVE('',#2391,#2392,#996,.T.);
#2947=EDGE_CURVE('',#2392,#2393,#997,.T.);
#2948=EDGE_CURVE('',#2393,#2390,#998,.T.);
#2949=EDGE_CURVE('',#2394,#2395,#999,.T.);
#2950=EDGE_CURVE('',#2395,#2396,#1000,.T.);
#2951=EDGE_CURVE('',#2396,#2397,#1001,.T.);
#2952=EDGE_CURVE('',#2397,#2394,#1002,.T.);
#2953=EDGE_CURVE('',#2398,#2399,#1003,.T.);
#2954=EDGE_CURVE('',#2399,#2400,#1004,.T.);
#2955=EDGE_CURVE('',#2400,#2401,#1005,.T.);
#2956=EDGE_CURVE('',#2401,#2398,#1006,.T.);
#2957=EDGE_CURVE('',#2402,#2403,#1007,.T.);
#2958=EDGE_CURVE('',#2403,#2404,#1008,.T.);
#2959=EDGE_CURVE('',#2404,#2405,#1009,.T.);
#2960=EDGE_CURVE('',#2405,#2402,#1010,.T.);
#2961=EDGE_CURVE('',#2406,#2407,#1011,.T.);
#2962=EDGE_CURVE('',#2407,#2408,#1012,.T.);
#2963=EDGE_CURVE('',#2408,#2409,#1013,.T.);
#2964=EDGE_CURVE('',#2409,#2406,#1014,.T.);
#2965=EDGE_CURVE('',#2410,#2411,#1015,.T.);
#2966=EDGE_CURVE('',#2411,#2412,#1016,.T.);
#2967=EDGE_CURVE('',#2412,#2413,#1017,.T.);
#2968=EDGE_CURVE('',#2413,#2410,#1018,.T.);
#2969=EDGE_CURVE('',#2414,#2415,#1019,.T.);
#2970=EDGE_CURVE('',#2415,#2416,#1020,.T.);
#2971=EDGE_CURVE('',#2416,#2417,#1021,.T.);
#2972=EDGE_CURVE('',#2417,#2414,#1022,.T.);
#2973=EDGE_CURVE('',#2418,#2419,#1023,.T.);
#2974=EDGE_CURVE('',#2419,#2420,#1024,.T.);
#2975=EDGE_CURVE('',#2420,#2421,#1025,.T.);
#2976=EDGE_CURVE('',#2421,#2418,#1026,.T.);
#2977=EDGE_CURVE('',#2422,#2423,#1027,.T.);
#2978=EDGE_CURVE('',#2423,#2424,#1028,.T.);
#2979=EDGE_CURVE('',#2424,#2425,#1029,.T.);
#2980=EDGE_CURVE('',#2425,#2422,#1030,.T.);
#2981=EDGE_CURVE('',#2426,#2427,#1031,.T.);
#2982=EDGE_CURVE('',#2427,#2428,#1032,.T.);
#2983=EDGE_CURVE('',#2428,#2429,#1033,.T.);
#2984=EDGE_CURVE('',#2429,#2426,#1034,.T.);
#2985=EDGE_CURVE('',#2430,#2431,#1035,.T.);
#2986=EDGE_CURVE('',#2431,#2432,#1036,.T.);
#2987=EDGE_CURVE('',#2432,#2433,#1037,.T.);
#2988=EDGE_CURVE('',#2433,#2430,#1038,.T.);
#2989=EDGE_CURVE('',#2434,#2435,#1039,.T.);
#2990=EDGE_CURVE('',#2435,#2436,#1040,.T.);
#2991=EDGE_CURVE('',#2436,#2437,#1041,.T.);
#2992=EDGE_CURVE('',#2437,#2434,#1042,.T.);
#2993=EDGE_CURVE('',#2438,#2439,#1043,.T.);
#2994=EDGE_CURVE('',#2439,#2440,#1044,.T.);
#2995=EDGE_CURVE('',#2440,#2441,#1045,.T.);
#2996=EDGE_CURVE('',#2441,#2438,#1046,.T.);
#2997=EDGE_CURVE('',#2442,#2443,#1047,.T.);
#2998=EDGE_CURVE('',#2443,#2444,#1048,.T.);
#2999=EDGE_CURVE('',#2444,#2445,#1049,.T.);
#3000=EDGE_CURVE('',#2445,#2442,#1050,.T.);
#3001=EDGE_CURVE('',#2446,#2447,#1051,.T.);
#3002=EDGE_CURVE('',#2447,#2448,#1052,.T.);
#3003=EDGE_CURVE('',#2448,#2449,#1053,.T.);
#3004=EDGE_CURVE('',#2449,#2446,#1054,.T.);
#3005=EDGE_CURVE('',#2450,#2451,#1055,.T.);
#3006=EDGE_CURVE('',#2451,#2452,#1056,.T.);
#3007=EDGE_CURVE('',#2452,#2453,#1057,.T.);
#3008=EDGE_CURVE('',#2453,#2450,#1058,.T.);
#3009=EDGE_CURVE('',#2454,#2455,#1059,.T.);
#3010=EDGE_CURVE('',#2455,#2456,#1060,.T.);
#3011=EDGE_CURVE('',#2456,#2457,#1061,.T.);
#3012=EDGE_CURVE('',#2457,#2454,#1062,.T.);
#3013=EDGE_CURVE('',#2458,#2266,#1063,.T.);
#3014=EDGE_CURVE('',#2459,#2458,#1064,.T.);
#3015=EDGE_CURVE('',#2267,#2459,#1065,.T.);
#3016=EDGE_CURVE('',#2441,#2460,#1066,.T.);
#3017=EDGE_CURVE('',#2461,#2440,#1067,.T.);
#3018=EDGE_CURVE('',#2460,#2461,#1068,.T.);
#3019=EDGE_CURVE('',#2437,#2462,#1069,.T.);
#3020=EDGE_CURVE('',#2463,#2436,#1070,.T.);
#3021=EDGE_CURVE('',#2462,#2463,#1071,.T.);
#3022=EDGE_CURVE('',#2433,#2464,#1072,.T.);
#3023=EDGE_CURVE('',#2465,#2432,#1073,.T.);
#3024=EDGE_CURVE('',#2464,#2465,#1074,.T.);
#3025=EDGE_CURVE('',#2429,#2466,#1075,.T.);
#3026=EDGE_CURVE('',#2467,#2428,#1076,.T.);
#3027=EDGE_CURVE('',#2466,#2467,#1077,.T.);
#3028=EDGE_CURVE('',#2425,#2468,#1078,.T.);
#3029=EDGE_CURVE('',#2469,#2424,#1079,.T.);
#3030=EDGE_CURVE('',#2468,#2469,#1080,.T.);
#3031=EDGE_CURVE('',#2421,#2470,#1081,.T.);
#3032=EDGE_CURVE('',#2471,#2420,#1082,.T.);
#3033=EDGE_CURVE('',#2470,#2471,#1083,.T.);
#3034=EDGE_CURVE('',#2472,#2368,#1084,.T.);
#3035=EDGE_CURVE('',#2473,#2472,#1085,.T.);
#3036=EDGE_CURVE('',#2369,#2473,#1086,.T.);
#3037=EDGE_CURVE('',#2272,#2474,#1087,.T.);
#3038=EDGE_CURVE('',#2475,#2271,#1088,.T.);
#3039=EDGE_CURVE('',#2474,#2475,#1089,.T.);
#3040=EDGE_CURVE('',#2476,#2364,#1090,.T.);
#3041=EDGE_CURVE('',#2477,#2476,#1091,.T.);
#3042=EDGE_CURVE('',#2365,#2477,#1092,.T.);
#3043=EDGE_CURVE('',#2478,#2360,#1093,.T.);
#3044=EDGE_CURVE('',#2479,#2478,#1094,.T.);
#3045=EDGE_CURVE('',#2361,#2479,#1095,.T.);
#3046=EDGE_CURVE('',#2480,#2356,#1096,.T.);
#3047=EDGE_CURVE('',#2481,#2480,#1097,.T.);
#3048=EDGE_CURVE('',#2357,#2481,#1098,.T.);
#3049=EDGE_CURVE('',#2482,#2352,#1099,.T.);
#3050=EDGE_CURVE('',#2483,#2482,#1100,.T.);
#3051=EDGE_CURVE('',#2353,#2483,#1101,.T.);
#3052=EDGE_CURVE('',#2484,#2348,#1102,.T.);
#3053=EDGE_CURVE('',#2485,#2484,#1103,.T.);
#3054=EDGE_CURVE('',#2349,#2485,#1104,.T.);
#3055=EDGE_CURVE('',#2486,#2298,#1105,.T.);
#3056=EDGE_CURVE('',#2487,#2486,#1106,.T.);
#3057=EDGE_CURVE('',#2299,#2487,#1107,.T.);
#3058=EDGE_CURVE('',#2305,#2488,#1108,.T.);
#3059=EDGE_CURVE('',#2489,#2304,#1109,.T.);
#3060=EDGE_CURVE('',#2488,#2489,#1110,.T.);
#3061=EDGE_CURVE('',#2490,#2343,#1111,.T.);
#3062=EDGE_CURVE('',#2491,#2490,#1112,.T.);
#3063=EDGE_CURVE('',#2344,#2491,#1113,.T.);
#3064=EDGE_CURVE('',#2417,#2492,#1114,.T.);
#3065=EDGE_CURVE('',#2493,#2416,#1115,.T.);
#3066=EDGE_CURVE('',#2492,#2493,#1116,.T.);
#3067=EDGE_CURVE('',#2413,#2494,#1117,.T.);
#3068=EDGE_CURVE('',#2495,#2412,#1118,.T.);
#3069=EDGE_CURVE('',#2494,#2495,#1119,.T.);
#3070=EDGE_CURVE('',#2409,#2496,#1120,.T.);
#3071=EDGE_CURVE('',#2497,#2408,#1121,.T.);
#3072=EDGE_CURVE('',#2496,#2497,#1122,.T.);
#3073=EDGE_CURVE('',#2405,#2498,#1123,.T.);
#3074=EDGE_CURVE('',#2499,#2404,#1124,.T.);
#3075=EDGE_CURVE('',#2498,#2499,#1125,.T.);
#3076=EDGE_CURVE('',#2401,#2500,#1126,.T.);
#3077=EDGE_CURVE('',#2501,#2400,#1127,.T.);
#3078=EDGE_CURVE('',#2500,#2501,#1128,.T.);
#3079=EDGE_CURVE('',#2397,#2502,#1129,.T.);
#3080=EDGE_CURVE('',#2503,#2396,#1130,.T.);
#3081=EDGE_CURVE('',#2502,#2503,#1131,.T.);
#3082=EDGE_CURVE('',#2504,#2438,#1132,.T.);
#3083=EDGE_CURVE('',#2505,#2504,#1133,.T.);
#3084=EDGE_CURVE('',#2439,#2505,#1134,.T.);
#3085=EDGE_CURVE('',#2269,#2506,#1135,.T.);
#3086=EDGE_CURVE('',#2507,#2268,#1136,.T.);
#3087=EDGE_CURVE('',#2506,#2507,#1137,.T.);
#3088=EDGE_CURVE('',#2508,#2434,#1138,.T.);
#3089=EDGE_CURVE('',#2509,#2508,#1139,.T.);
#3090=EDGE_CURVE('',#2435,#2509,#1140,.T.);
#3091=EDGE_CURVE('',#2510,#2430,#1141,.T.);
#3092=EDGE_CURVE('',#2511,#2510,#1142,.T.);
#3093=EDGE_CURVE('',#2431,#2511,#1143,.T.);
#3094=EDGE_CURVE('',#2512,#2426,#1144,.T.);
#3095=EDGE_CURVE('',#2513,#2512,#1145,.T.);
#3096=EDGE_CURVE('',#2427,#2513,#1146,.T.);
#3097=EDGE_CURVE('',#2514,#2422,#1147,.T.);
#3098=EDGE_CURVE('',#2515,#2514,#1148,.T.);
#3099=EDGE_CURVE('',#2423,#2515,#1149,.T.);
#3100=EDGE_CURVE('',#2516,#2418,#1150,.T.);
#3101=EDGE_CURVE('',#2517,#2516,#1151,.T.);
#3102=EDGE_CURVE('',#2419,#2517,#1152,.T.);
#3103=EDGE_CURVE('',#2518,#2302,#1153,.T.);
#3104=EDGE_CURVE('',#2519,#2518,#1154,.T.);
#3105=EDGE_CURVE('',#2303,#2519,#1155,.T.);
#3106=EDGE_CURVE('',#2309,#2520,#1156,.T.);
#3107=EDGE_CURVE('',#2521,#2308,#1157,.T.);
#3108=EDGE_CURVE('',#2520,#2521,#1158,.T.);
#3109=EDGE_CURVE('',#2522,#2338,#1159,.T.);
#3110=EDGE_CURVE('',#2523,#2522,#1160,.T.);
#3111=EDGE_CURVE('',#2339,#2523,#1161,.T.);
#3112=EDGE_CURVE('',#2393,#2524,#1162,.T.);
#3113=EDGE_CURVE('',#2525,#2392,#1163,.T.);
#3114=EDGE_CURVE('',#2524,#2525,#1164,.T.);
#3115=EDGE_CURVE('',#2389,#2526,#1165,.T.);
#3116=EDGE_CURVE('',#2527,#2388,#1166,.T.);
#3117=EDGE_CURVE('',#2526,#2527,#1167,.T.);
#3118=EDGE_CURVE('',#2385,#2528,#1168,.T.);
#3119=EDGE_CURVE('',#2529,#2384,#1169,.T.);
#3120=EDGE_CURVE('',#2528,#2529,#1170,.T.);
#3121=EDGE_CURVE('',#2381,#2530,#1171,.T.);
#3122=EDGE_CURVE('',#2531,#2380,#1172,.T.);
#3123=EDGE_CURVE('',#2530,#2531,#1173,.T.);
#3124=EDGE_CURVE('',#2377,#2532,#1174,.T.);
#3125=EDGE_CURVE('',#2533,#2376,#1175,.T.);
#3126=EDGE_CURVE('',#2532,#2533,#1176,.T.);
#3127=EDGE_CURVE('',#2373,#2534,#1177,.T.);
#3128=EDGE_CURVE('',#2535,#2372,#1178,.T.);
#3129=EDGE_CURVE('',#2534,#2535,#1179,.T.);
#3130=EDGE_CURVE('',#2536,#2414,#1180,.T.);
#3131=EDGE_CURVE('',#2537,#2536,#1181,.T.);
#3132=EDGE_CURVE('',#2415,#2537,#1182,.T.);
#3133=EDGE_CURVE('',#2342,#2538,#1183,.T.);
#3134=EDGE_CURVE('',#2539,#2345,#1184,.T.);
#3135=EDGE_CURVE('',#2538,#2539,#1185,.T.);
#3136=EDGE_CURVE('',#2540,#2410,#1186,.T.);
#3137=EDGE_CURVE('',#2541,#2540,#1187,.T.);
#3138=EDGE_CURVE('',#2411,#2541,#1188,.T.);
#3139=EDGE_CURVE('',#2542,#2406,#1189,.T.);
#3140=EDGE_CURVE('',#2543,#2542,#1190,.T.);
#3141=EDGE_CURVE('',#2407,#2543,#1191,.T.);
#3142=EDGE_CURVE('',#2544,#2402,#1192,.T.);
#3143=EDGE_CURVE('',#2545,#2544,#1193,.T.);
#3144=EDGE_CURVE('',#2403,#2545,#1194,.T.);
#3145=EDGE_CURVE('',#2546,#2398,#1195,.T.);
#3146=EDGE_CURVE('',#2547,#2546,#1196,.T.);
#3147=EDGE_CURVE('',#2399,#2547,#1197,.T.);
#3148=EDGE_CURVE('',#2548,#2394,#1198,.T.);
#3149=EDGE_CURVE('',#2549,#2548,#1199,.T.);
#3150=EDGE_CURVE('',#2395,#2549,#1200,.T.);
#3151=EDGE_CURVE('',#2550,#2306,#1201,.T.);
#3152=EDGE_CURVE('',#2551,#2550,#1202,.T.);
#3153=EDGE_CURVE('',#2307,#2551,#1203,.T.);
#3154=EDGE_CURVE('',#2312,#2552,#1204,.T.);
#3155=EDGE_CURVE('',#2553,#2311,#1205,.T.);
#3156=EDGE_CURVE('',#2552,#2553,#1206,.T.);
#3157=EDGE_CURVE('',#2554,#2448,#1207,.T.);
#3158=EDGE_CURVE('',#2555,#2554,#1208,.T.);
#3159=EDGE_CURVE('',#2449,#2555,#1209,.T.);
#3160=EDGE_CURVE('',#2336,#2556,#1210,.T.);
#3161=EDGE_CURVE('',#2557,#2335,#1211,.T.);
#3162=EDGE_CURVE('',#2556,#2557,#1212,.T.);
#3163=EDGE_CURVE('',#2332,#2558,#1213,.T.);
#3164=EDGE_CURVE('',#2559,#2331,#1214,.T.);
#3165=EDGE_CURVE('',#2558,#2559,#1215,.T.);
#3166=EDGE_CURVE('',#2328,#2560,#1216,.T.);
#3167=EDGE_CURVE('',#2561,#2327,#1217,.T.);
#3168=EDGE_CURVE('',#2560,#2561,#1218,.T.);
#3169=EDGE_CURVE('',#2324,#2562,#1219,.T.);
#3170=EDGE_CURVE('',#2563,#2323,#1220,.T.);
#3171=EDGE_CURVE('',#2562,#2563,#1221,.T.);
#3172=EDGE_CURVE('',#2320,#2564,#1222,.T.);
#3173=EDGE_CURVE('',#2565,#2319,#1223,.T.);
#3174=EDGE_CURVE('',#2564,#2565,#1224,.T.);
#3175=EDGE_CURVE('',#2316,#2566,#1225,.T.);
#3176=EDGE_CURVE('',#2567,#2315,#1226,.T.);
#3177=EDGE_CURVE('',#2566,#2567,#1227,.T.);
#3178=EDGE_CURVE('',#2568,#2390,#1228,.T.);
#3179=EDGE_CURVE('',#2569,#2568,#1229,.T.);
#3180=EDGE_CURVE('',#2391,#2569,#1230,.T.);
#3181=EDGE_CURVE('',#2341,#2570,#1231,.T.);
#3182=EDGE_CURVE('',#2571,#2340,#1232,.T.);
#3183=EDGE_CURVE('',#2570,#2571,#1233,.T.);
#3184=EDGE_CURVE('',#2572,#2386,#1234,.T.);
#3185=EDGE_CURVE('',#2573,#2572,#1235,.T.);
#3186=EDGE_CURVE('',#2387,#2573,#1236,.T.);
#3187=EDGE_CURVE('',#2574,#2382,#1237,.T.);
#3188=EDGE_CURVE('',#2575,#2574,#1238,.T.);
#3189=EDGE_CURVE('',#2383,#2575,#1239,.T.);
#3190=EDGE_CURVE('',#2576,#2378,#1240,.T.);
#3191=EDGE_CURVE('',#2577,#2576,#1241,.T.);
#3192=EDGE_CURVE('',#2379,#2577,#1242,.T.);
#3193=EDGE_CURVE('',#2578,#2374,#1243,.T.);
#3194=EDGE_CURVE('',#2579,#2578,#1244,.T.);
#3195=EDGE_CURVE('',#2375,#2579,#1245,.T.);
#3196=EDGE_CURVE('',#2580,#2370,#1246,.T.);
#3197=EDGE_CURVE('',#2581,#2580,#1247,.T.);
#3198=EDGE_CURVE('',#2371,#2581,#1248,.T.);
#3199=EDGE_CURVE('',#2582,#2313,#1249,.T.);
#3200=EDGE_CURVE('',#2583,#2582,#1250,.T.);
#3201=EDGE_CURVE('',#2310,#2583,#1251,.T.);
#3202=EDGE_CURVE('',#2450,#2584,#1252,.T.);
#3203=EDGE_CURVE('',#2585,#2453,#1253,.T.);
#3204=EDGE_CURVE('',#2584,#2585,#1254,.T.);
#3205=EDGE_CURVE('',#2586,#2273,#1255,.T.);
#3206=EDGE_CURVE('',#2587,#2586,#1256,.T.);
#3207=EDGE_CURVE('',#2270,#2587,#1257,.T.);
#3208=EDGE_CURVE('',#2367,#2588,#1258,.T.);
#3209=EDGE_CURVE('',#2589,#2366,#1259,.T.);
#3210=EDGE_CURVE('',#2588,#2589,#1260,.T.);
#3211=EDGE_CURVE('',#2363,#2590,#1261,.T.);
#3212=EDGE_CURVE('',#2591,#2362,#1262,.T.);
#3213=EDGE_CURVE('',#2590,#2591,#1263,.T.);
#3214=EDGE_CURVE('',#2359,#2592,#1264,.T.);
#3215=EDGE_CURVE('',#2593,#2358,#1265,.T.);
#3216=EDGE_CURVE('',#2592,#2593,#1266,.T.);
#3217=EDGE_CURVE('',#2355,#2594,#1267,.T.);
#3218=EDGE_CURVE('',#2595,#2354,#1268,.T.);
#3219=EDGE_CURVE('',#2594,#2595,#1269,.T.);
#3220=EDGE_CURVE('',#2351,#2596,#1270,.T.);
#3221=EDGE_CURVE('',#2597,#2350,#1271,.T.);
#3222=EDGE_CURVE('',#2596,#2597,#1272,.T.);
#3223=EDGE_CURVE('',#2347,#2598,#1273,.T.);
#3224=EDGE_CURVE('',#2599,#2346,#1274,.T.);
#3225=EDGE_CURVE('',#2598,#2599,#1275,.T.);
#3226=EDGE_CURVE('',#2600,#2275,#1276,.T.);
#3227=EDGE_CURVE('',#2601,#2600,#1277,.T.);
#3228=EDGE_CURVE('',#2276,#2601,#1278,.T.);
#3229=EDGE_CURVE('',#2442,#2602,#1279,.T.);
#3230=EDGE_CURVE('',#2603,#2445,#1280,.T.);
#3231=EDGE_CURVE('',#2602,#2603,#1281,.T.);
#3232=EDGE_CURVE('',#2604,#2279,#1282,.T.);
#3233=EDGE_CURVE('',#2605,#2604,#1283,.T.);
#3234=EDGE_CURVE('',#2280,#2605,#1284,.T.);
#3235=EDGE_CURVE('',#2606,#2283,#1285,.T.);
#3236=EDGE_CURVE('',#2607,#2606,#1286,.T.);
#3237=EDGE_CURVE('',#2284,#2607,#1287,.T.);
#3238=EDGE_CURVE('',#2608,#2287,#1288,.T.);
#3239=EDGE_CURVE('',#2609,#2608,#1289,.T.);
#3240=EDGE_CURVE('',#2288,#2609,#1290,.T.);
#3241=EDGE_CURVE('',#2610,#2291,#1291,.T.);
#3242=EDGE_CURVE('',#2611,#2610,#1292,.T.);
#3243=EDGE_CURVE('',#2292,#2611,#1293,.T.);
#3244=EDGE_CURVE('',#2612,#2295,#1294,.T.);
#3245=EDGE_CURVE('',#2613,#2612,#1295,.T.);
#3246=EDGE_CURVE('',#2296,#2613,#1296,.T.);
#3247=EDGE_CURVE('',#2614,#2456,#1297,.T.);
#3248=EDGE_CURVE('',#2615,#2614,#1298,.T.);
#3249=EDGE_CURVE('',#2457,#2615,#1299,.T.);
#3250=EDGE_CURVE('',#2301,#2616,#1300,.T.);
#3251=EDGE_CURVE('',#2617,#2300,#1301,.T.);
#3252=EDGE_CURVE('',#2616,#2617,#1302,.T.);
#3253=EDGE_CURVE('',#2488,#2486,#1303,.T.);
#3254=EDGE_CURVE('',#2616,#2614,#1304,.T.);
#3255=EDGE_CURVE('',#2618,#2455,#1305,.T.);
#3256=EDGE_CURVE('',#2618,#2619,#1306,.T.);
#3257=EDGE_CURVE('',#2619,#2451,#1307,.T.);
#3258=EDGE_CURVE('',#2584,#2582,#1308,.T.);
#3259=EDGE_CURVE('',#2552,#2550,#1309,.T.);
#3260=EDGE_CURVE('',#2520,#2518,#1310,.T.);
#3261=EDGE_CURVE('',#2620,#2615,#1311,.T.);
#3262=EDGE_CURVE('',#2454,#2620,#1312,.T.);
#3263=EDGE_CURVE('',#2617,#2487,#1313,.T.);
#3264=EDGE_CURVE('',#2621,#2452,#1314,.T.);
#3265=EDGE_CURVE('',#2585,#2621,#1315,.T.);
#3266=EDGE_CURVE('',#2553,#2583,#1316,.T.);
#3267=EDGE_CURVE('',#2521,#2551,#1317,.T.);
#3268=EDGE_CURVE('',#2567,#2622,#1318,.T.);
#3269=EDGE_CURVE('',#2623,#2622,#1319,.T.);
#3270=EDGE_CURVE('',#2623,#2564,#1320,.T.);
#3271=EDGE_CURVE('',#2565,#2624,#1321,.T.);
#3272=EDGE_CURVE('',#2625,#2624,#1322,.T.);
#3273=EDGE_CURVE('',#2625,#2562,#1323,.T.);
#3274=EDGE_CURVE('',#2563,#2626,#1324,.T.);
#3275=EDGE_CURVE('',#2627,#2626,#1325,.T.);
#3276=EDGE_CURVE('',#2627,#2560,#1326,.T.);
#3277=EDGE_CURVE('',#2561,#2628,#1327,.T.);
#3278=EDGE_CURVE('',#2629,#2628,#1328,.T.);
#3279=EDGE_CURVE('',#2629,#2558,#1329,.T.);
#3280=EDGE_CURVE('',#2559,#2630,#1330,.T.);
#3281=EDGE_CURVE('',#2631,#2630,#1331,.T.);
#3282=EDGE_CURVE('',#2631,#2556,#1332,.T.);
#3283=EDGE_CURVE('',#2557,#2632,#1333,.T.);
#3284=EDGE_CURVE('',#2633,#2632,#1334,.T.);
#3285=EDGE_CURVE('',#2633,#2555,#1335,.T.);
#3286=EDGE_CURVE('',#2570,#2554,#1336,.T.);
#3287=EDGE_CURVE('',#2571,#2523,#1337,.T.);
#3288=EDGE_CURVE('',#2538,#2522,#1338,.T.);
#3289=EDGE_CURVE('',#2539,#2491,#1339,.T.);
#3290=EDGE_CURVE('',#2506,#2490,#1340,.T.);
#3291=EDGE_CURVE('',#2507,#2459,#1341,.T.);
#3292=EDGE_CURVE('',#2474,#2458,#1342,.T.);
#3293=EDGE_CURVE('',#2475,#2587,#1343,.T.);
#3294=EDGE_CURVE('',#2602,#2586,#1344,.T.);
#3295=EDGE_CURVE('',#2603,#2634,#1345,.T.);
#3296=EDGE_CURVE('',#2635,#2634,#1346,.T.);
#3297=EDGE_CURVE('',#2635,#2601,#1347,.T.);
#3298=EDGE_CURVE('',#2600,#2636,#1348,.T.);
#3299=EDGE_CURVE('',#2637,#2636,#1349,.T.);
#3300=EDGE_CURVE('',#2637,#2605,#1350,.T.);
#3301=EDGE_CURVE('',#2604,#2638,#1351,.T.);
#3302=EDGE_CURVE('',#2639,#2638,#1352,.T.);
#3303=EDGE_CURVE('',#2639,#2607,#1353,.T.);
#3304=EDGE_CURVE('',#2606,#2640,#1354,.T.);
#3305=EDGE_CURVE('',#2641,#2640,#1355,.T.);
#3306=EDGE_CURVE('',#2641,#2609,#1356,.T.);
#3307=EDGE_CURVE('',#2608,#2642,#1357,.T.);
#3308=EDGE_CURVE('',#2643,#2642,#1358,.T.);
#3309=EDGE_CURVE('',#2643,#2611,#1359,.T.);
#3310=EDGE_CURVE('',#2610,#2644,#1360,.T.);
#3311=EDGE_CURVE('',#2645,#2644,#1361,.T.);
#3312=EDGE_CURVE('',#2645,#2613,#1362,.T.);
#3313=EDGE_CURVE('',#2612,#2646,#1363,.T.);
#3314=EDGE_CURVE('',#2620,#2646,#1364,.T.);
#3315=EDGE_CURVE('',#2489,#2519,#1365,.T.);
#3316=EDGE_CURVE('',#2647,#2621,#1366,.T.);
#3317=EDGE_CURVE('',#2647,#2566,#1367,.T.);
#3318=EDGE_CURVE('',#2484,#2598,#1368,.T.);
#3319=EDGE_CURVE('',#2599,#2485,#1369,.T.);
#3320=EDGE_CURVE('',#2482,#2596,#1370,.T.);
#3321=EDGE_CURVE('',#2597,#2483,#1371,.T.);
#3322=EDGE_CURVE('',#2480,#2594,#1372,.T.);
#3323=EDGE_CURVE('',#2595,#2481,#1373,.T.);
#3324=EDGE_CURVE('',#2478,#2592,#1374,.T.);
#3325=EDGE_CURVE('',#2593,#2479,#1375,.T.);
#3326=EDGE_CURVE('',#2476,#2590,#1376,.T.);
#3327=EDGE_CURVE('',#2591,#2477,#1377,.T.);
#3328=EDGE_CURVE('',#2472,#2588,#1378,.T.);
#3329=EDGE_CURVE('',#2589,#2473,#1379,.T.);
#3330=EDGE_CURVE('',#2471,#2517,#1380,.T.);
#3331=EDGE_CURVE('',#2516,#2470,#1381,.T.);
#3332=EDGE_CURVE('',#2469,#2515,#1382,.T.);
#3333=EDGE_CURVE('',#2514,#2468,#1383,.T.);
#3334=EDGE_CURVE('',#2467,#2513,#1384,.T.);
#3335=EDGE_CURVE('',#2512,#2466,#1385,.T.);
#3336=EDGE_CURVE('',#2465,#2511,#1386,.T.);
#3337=EDGE_CURVE('',#2510,#2464,#1387,.T.);
#3338=EDGE_CURVE('',#2463,#2509,#1388,.T.);
#3339=EDGE_CURVE('',#2508,#2462,#1389,.T.);
#3340=EDGE_CURVE('',#2461,#2505,#1390,.T.);
#3341=EDGE_CURVE('',#2504,#2460,#1391,.T.);
#3342=EDGE_CURVE('',#2503,#2549,#1392,.T.);
#3343=EDGE_CURVE('',#2548,#2502,#1393,.T.);
#3344=EDGE_CURVE('',#2501,#2547,#1394,.T.);
#3345=EDGE_CURVE('',#2546,#2500,#1395,.T.);
#3346=EDGE_CURVE('',#2499,#2545,#1396,.T.);
#3347=EDGE_CURVE('',#2544,#2498,#1397,.T.);
#3348=EDGE_CURVE('',#2497,#2543,#1398,.T.);
#3349=EDGE_CURVE('',#2542,#2496,#1399,.T.);
#3350=EDGE_CURVE('',#2495,#2541,#1400,.T.);
#3351=EDGE_CURVE('',#2540,#2494,#1401,.T.);
#3352=EDGE_CURVE('',#2493,#2537,#1402,.T.);
#3353=EDGE_CURVE('',#2536,#2492,#1403,.T.);
#3354=EDGE_CURVE('',#2535,#2581,#1404,.T.);
#3355=EDGE_CURVE('',#2580,#2534,#1405,.T.);
#3356=EDGE_CURVE('',#2533,#2579,#1406,.T.);
#3357=EDGE_CURVE('',#2578,#2532,#1407,.T.);
#3358=EDGE_CURVE('',#2531,#2577,#1408,.T.);
#3359=EDGE_CURVE('',#2576,#2530,#1409,.T.);
#3360=EDGE_CURVE('',#2529,#2575,#1410,.T.);
#3361=EDGE_CURVE('',#2574,#2528,#1411,.T.);
#3362=EDGE_CURVE('',#2527,#2573,#1412,.T.);
#3363=EDGE_CURVE('',#2572,#2526,#1413,.T.);
#3364=EDGE_CURVE('',#2525,#2569,#1414,.T.);
#3365=EDGE_CURVE('',#2568,#2524,#1415,.T.);
#3366=EDGE_CURVE('',#2646,#2294,#1416,.T.);
#3367=EDGE_CURVE('',#2317,#2647,#1417,.T.);
#3368=EDGE_CURVE('',#2297,#2645,#1418,.T.);
#3369=EDGE_CURVE('',#2622,#2314,#1419,.T.);
#3370=EDGE_CURVE('',#2644,#2290,#1420,.T.);
#3371=EDGE_CURVE('',#2321,#2623,#1421,.T.);
#3372=EDGE_CURVE('',#2293,#2643,#1422,.T.);
#3373=EDGE_CURVE('',#2624,#2318,#1423,.T.);
#3374=EDGE_CURVE('',#2642,#2286,#1424,.T.);
#3375=EDGE_CURVE('',#2325,#2625,#1425,.T.);
#3376=EDGE_CURVE('',#2289,#2641,#1426,.T.);
#3377=EDGE_CURVE('',#2626,#2322,#1427,.T.);
#3378=EDGE_CURVE('',#2640,#2282,#1428,.T.);
#3379=EDGE_CURVE('',#2329,#2627,#1429,.T.);
#3380=EDGE_CURVE('',#2285,#2639,#1430,.T.);
#3381=EDGE_CURVE('',#2628,#2326,#1431,.T.);
#3382=EDGE_CURVE('',#2638,#2278,#1432,.T.);
#3383=EDGE_CURVE('',#2333,#2629,#1433,.T.);
#3384=EDGE_CURVE('',#2281,#2637,#1434,.T.);
#3385=EDGE_CURVE('',#2630,#2330,#1435,.T.);
#3386=EDGE_CURVE('',#2636,#2274,#1436,.T.);
#3387=EDGE_CURVE('',#2337,#2631,#1437,.T.);
#3388=EDGE_CURVE('',#2277,#2635,#1438,.T.);
#3389=EDGE_CURVE('',#2632,#2334,#1439,.T.);
#3390=EDGE_CURVE('',#2634,#2444,#1440,.T.);
#3391=EDGE_CURVE('',#2446,#2633,#1441,.T.);
#3392=EDGE_CURVE('',#2648,#2443,#1442,.T.);
#3393=EDGE_CURVE('',#2648,#2618,#1443,.T.);
#3394=EDGE_CURVE('',#2619,#2649,#1444,.T.);
#3395=EDGE_CURVE('',#2649,#2447,#1445,.T.);
#3396=EDGE_CURVE('',#2649,#2648,#1446,.T.);
#3397=ORIENTED_EDGE('',*,*,#2650,.T.);
#3398=ORIENTED_EDGE('',*,*,#2651,.T.);
#3399=ORIENTED_EDGE('',*,*,#2652,.T.);
#3400=ORIENTED_EDGE('',*,*,#2653,.F.);
#3401=ORIENTED_EDGE('',*,*,#2654,.T.);
#3402=ORIENTED_EDGE('',*,*,#2655,.T.);
#3403=ORIENTED_EDGE('',*,*,#2656,.T.);
#3404=ORIENTED_EDGE('',*,*,#2657,.F.);
#3405=ORIENTED_EDGE('',*,*,#2658,.T.);
#3406=ORIENTED_EDGE('',*,*,#2659,.F.);
#3407=ORIENTED_EDGE('',*,*,#2660,.T.);
#3408=ORIENTED_EDGE('',*,*,#2661,.T.);
#3409=ORIENTED_EDGE('',*,*,#2662,.T.);
#3410=ORIENTED_EDGE('',*,*,#2663,.F.);
#3411=ORIENTED_EDGE('',*,*,#2664,.F.);
#3412=ORIENTED_EDGE('',*,*,#2665,.F.);
#3413=ORIENTED_EDGE('',*,*,#2666,.T.);
#3414=ORIENTED_EDGE('',*,*,#2667,.F.);
#3415=ORIENTED_EDGE('',*,*,#2652,.F.);
#3416=ORIENTED_EDGE('',*,*,#2668,.F.);
#3417=ORIENTED_EDGE('',*,*,#2669,.T.);
#3418=ORIENTED_EDGE('',*,*,#2670,.F.);
#3419=ORIENTED_EDGE('',*,*,#2650,.F.);
#3420=ORIENTED_EDGE('',*,*,#2671,.F.);
#3421=ORIENTED_EDGE('',*,*,#2672,.T.);
#3422=ORIENTED_EDGE('',*,*,#2673,.F.);
#3423=ORIENTED_EDGE('',*,*,#2656,.F.);
#3424=ORIENTED_EDGE('',*,*,#2674,.F.);
#3425=ORIENTED_EDGE('',*,*,#2675,.T.);
#3426=ORIENTED_EDGE('',*,*,#2676,.F.);
#3427=ORIENTED_EDGE('',*,*,#2677,.F.);
#3428=ORIENTED_EDGE('',*,*,#2678,.F.);
#3429=ORIENTED_EDGE('',*,*,#2679,.T.);
#3430=ORIENTED_EDGE('',*,*,#2657,.T.);
#3431=ORIENTED_EDGE('',*,*,#2673,.T.);
#3432=ORIENTED_EDGE('',*,*,#2680,.T.);
#3433=ORIENTED_EDGE('',*,*,#2678,.T.);
#3434=ORIENTED_EDGE('',*,*,#2681,.T.);
#3435=ORIENTED_EDGE('',*,*,#2663,.T.);
#3436=ORIENTED_EDGE('',*,*,#2682,.T.);
#3437=ORIENTED_EDGE('',*,*,#2683,.T.);
#3438=ORIENTED_EDGE('',*,*,#2659,.T.);
#3439=ORIENTED_EDGE('',*,*,#2684,.T.);
#3440=ORIENTED_EDGE('',*,*,#2685,.T.);
#3441=ORIENTED_EDGE('',*,*,#2671,.T.);
#3442=ORIENTED_EDGE('',*,*,#2653,.T.);
#3443=ORIENTED_EDGE('',*,*,#2667,.T.);
#3444=ORIENTED_EDGE('',*,*,#2686,.T.);
#3445=ORIENTED_EDGE('',*,*,#2687,.T.);
#3446=ORIENTED_EDGE('',*,*,#2688,.T.);
#3447=ORIENTED_EDGE('',*,*,#2689,.T.);
#3448=ORIENTED_EDGE('',*,*,#2690,.T.);
#3449=ORIENTED_EDGE('',*,*,#2691,.T.);
#3450=ORIENTED_EDGE('',*,*,#2692,.T.);
#3451=ORIENTED_EDGE('',*,*,#2684,.F.);
#3452=ORIENTED_EDGE('',*,*,#2658,.F.);
#3453=ORIENTED_EDGE('',*,*,#2693,.F.);
#3454=ORIENTED_EDGE('',*,*,#2694,.T.);
#3455=ORIENTED_EDGE('',*,*,#2695,.F.);
#3456=ORIENTED_EDGE('',*,*,#2660,.F.);
#3457=ORIENTED_EDGE('',*,*,#2683,.F.);
#3458=ORIENTED_EDGE('',*,*,#2696,.T.);
#3459=ORIENTED_EDGE('',*,*,#2697,.F.);
#3460=ORIENTED_EDGE('',*,*,#2654,.F.);
#3461=ORIENTED_EDGE('',*,*,#2679,.F.);
#3462=ORIENTED_EDGE('',*,*,#2672,.F.);
#3463=ORIENTED_EDGE('',*,*,#2698,.T.);
#3464=ORIENTED_EDGE('',*,*,#2675,.F.);
#3465=ORIENTED_EDGE('',*,*,#2680,.F.);
#3466=ORIENTED_EDGE('',*,*,#2669,.F.);
#3467=ORIENTED_EDGE('',*,*,#2685,.F.);
#3468=ORIENTED_EDGE('',*,*,#2692,.F.);
#3469=ORIENTED_EDGE('',*,*,#2699,.T.);
#3470=ORIENTED_EDGE('',*,*,#2662,.F.);
#3471=ORIENTED_EDGE('',*,*,#2700,.T.);
#3472=ORIENTED_EDGE('',*,*,#2694,.F.);
#3473=ORIENTED_EDGE('',*,*,#2682,.F.);
#3474=ORIENTED_EDGE('',*,*,#2666,.F.);
#3475=ORIENTED_EDGE('',*,*,#2701,.T.);
#3476=ORIENTED_EDGE('',*,*,#2696,.F.);
#3477=ORIENTED_EDGE('',*,*,#2686,.F.);
#3478=ORIENTED_EDGE('',*,*,#2702,.F.);
#3479=ORIENTED_EDGE('',*,*,#2703,.T.);
#3480=ORIENTED_EDGE('',*,*,#2687,.F.);
#3481=ORIENTED_EDGE('',*,*,#2703,.F.);
#3482=ORIENTED_EDGE('',*,*,#2704,.T.);
#3483=ORIENTED_EDGE('',*,*,#2705,.F.);
#3484=ORIENTED_EDGE('',*,*,#2706,.T.);
#3485=ORIENTED_EDGE('',*,*,#2688,.F.);
#3486=ORIENTED_EDGE('',*,*,#2706,.F.);
#3487=ORIENTED_EDGE('',*,*,#2707,.F.);
#3488=ORIENTED_EDGE('',*,*,#2708,.T.);
#3489=ORIENTED_EDGE('',*,*,#2709,.T.);
#3490=ORIENTED_EDGE('',*,*,#2710,.F.);
#3491=ORIENTED_EDGE('',*,*,#2711,.T.);
#3492=ORIENTED_EDGE('',*,*,#2689,.F.);
#3493=ORIENTED_EDGE('',*,*,#2711,.F.);
#3494=ORIENTED_EDGE('',*,*,#2712,.F.);
#3495=ORIENTED_EDGE('',*,*,#2713,.T.);
#3496=ORIENTED_EDGE('',*,*,#2690,.F.);
#3497=ORIENTED_EDGE('',*,*,#2713,.F.);
#3498=ORIENTED_EDGE('',*,*,#2714,.F.);
#3499=ORIENTED_EDGE('',*,*,#2715,.T.);
#3500=ORIENTED_EDGE('',*,*,#2691,.F.);
#3501=ORIENTED_EDGE('',*,*,#2715,.F.);
#3502=ORIENTED_EDGE('',*,*,#2700,.F.);
#3503=ORIENTED_EDGE('',*,*,#2665,.T.);
#3504=ORIENTED_EDGE('',*,*,#2716,.F.);
#3505=ORIENTED_EDGE('',*,*,#2717,.T.);
#3506=ORIENTED_EDGE('',*,*,#2707,.T.);
#3507=ORIENTED_EDGE('',*,*,#2705,.T.);
#3508=ORIENTED_EDGE('',*,*,#2718,.T.);
#3509=ORIENTED_EDGE('',*,*,#2719,.F.);
#3510=ORIENTED_EDGE('',*,*,#2676,.T.);
#3511=ORIENTED_EDGE('',*,*,#2698,.F.);
#3512=ORIENTED_EDGE('',*,*,#2674,.T.);
#3513=ORIENTED_EDGE('',*,*,#2655,.F.);
#3514=ORIENTED_EDGE('',*,*,#2697,.T.);
#3515=ORIENTED_EDGE('',*,*,#2701,.F.);
#3516=ORIENTED_EDGE('',*,*,#2668,.T.);
#3517=ORIENTED_EDGE('',*,*,#2651,.F.);
#3518=ORIENTED_EDGE('',*,*,#2670,.T.);
#3519=ORIENTED_EDGE('',*,*,#2699,.F.);
#3520=ORIENTED_EDGE('',*,*,#2693,.T.);
#3521=ORIENTED_EDGE('',*,*,#2661,.F.);
#3522=ORIENTED_EDGE('',*,*,#2695,.T.);
#3523=ORIENTED_EDGE('',*,*,#2714,.T.);
#3524=ORIENTED_EDGE('',*,*,#2702,.T.);
#3525=ORIENTED_EDGE('',*,*,#2710,.T.);
#3526=ORIENTED_EDGE('',*,*,#2712,.T.);
#3527=ORIENTED_EDGE('',*,*,#2720,.T.);
#3528=ORIENTED_EDGE('',*,*,#2721,.T.);
#3529=ORIENTED_EDGE('',*,*,#2722,.T.);
#3530=ORIENTED_EDGE('',*,*,#2716,.T.);
#3531=ORIENTED_EDGE('',*,*,#2664,.T.);
#3532=ORIENTED_EDGE('',*,*,#2681,.F.);
#3533=ORIENTED_EDGE('',*,*,#2677,.T.);
#3534=ORIENTED_EDGE('',*,*,#2719,.T.);
#3535=ORIENTED_EDGE('',*,*,#2709,.F.);
#3536=ORIENTED_EDGE('',*,*,#2723,.F.);
#3537=ORIENTED_EDGE('',*,*,#2721,.F.);
#3538=ORIENTED_EDGE('',*,*,#2724,.F.);
#3539=ORIENTED_EDGE('',*,*,#2708,.F.);
#3540=ORIENTED_EDGE('',*,*,#2717,.F.);
#3541=ORIENTED_EDGE('',*,*,#2722,.F.);
#3542=ORIENTED_EDGE('',*,*,#2723,.T.);
#3543=ORIENTED_EDGE('',*,*,#2704,.F.);
#3544=ORIENTED_EDGE('',*,*,#2724,.T.);
#3545=ORIENTED_EDGE('',*,*,#2720,.F.);
#3546=ORIENTED_EDGE('',*,*,#2718,.F.);
#3547=ORIENTED_EDGE('',*,*,#2725,.F.);
#3548=ORIENTED_EDGE('',*,*,#2726,.T.);
#3549=ORIENTED_EDGE('',*,*,#2727,.T.);
#3550=ORIENTED_EDGE('',*,*,#2728,.T.);
#3551=ORIENTED_EDGE('',*,*,#2729,.F.);
#3552=ORIENTED_EDGE('',*,*,#2730,.F.);
#3553=ORIENTED_EDGE('',*,*,#2731,.T.);
#3554=ORIENTED_EDGE('',*,*,#2726,.F.);
#3555=ORIENTED_EDGE('',*,*,#2732,.F.);
#3556=ORIENTED_EDGE('',*,*,#2728,.F.);
#3557=ORIENTED_EDGE('',*,*,#2733,.F.);
#3558=ORIENTED_EDGE('',*,*,#2734,.F.);
#3559=ORIENTED_EDGE('',*,*,#2735,.F.);
#3560=ORIENTED_EDGE('',*,*,#2733,.T.);
#3561=ORIENTED_EDGE('',*,*,#2727,.F.);
#3562=ORIENTED_EDGE('',*,*,#2731,.F.);
#3563=ORIENTED_EDGE('',*,*,#2736,.F.);
#3564=ORIENTED_EDGE('',*,*,#2734,.T.);
#3565=ORIENTED_EDGE('',*,*,#2735,.T.);
#3566=ORIENTED_EDGE('',*,*,#2730,.T.);
#3567=ORIENTED_EDGE('',*,*,#2737,.F.);
#3568=ORIENTED_EDGE('',*,*,#2738,.T.);
#3569=ORIENTED_EDGE('',*,*,#2739,.T.);
#3570=ORIENTED_EDGE('',*,*,#2740,.T.);
#3571=ORIENTED_EDGE('',*,*,#2741,.F.);
#3572=ORIENTED_EDGE('',*,*,#2742,.F.);
#3573=ORIENTED_EDGE('',*,*,#2743,.T.);
#3574=ORIENTED_EDGE('',*,*,#2738,.F.);
#3575=ORIENTED_EDGE('',*,*,#2744,.F.);
#3576=ORIENTED_EDGE('',*,*,#2740,.F.);
#3577=ORIENTED_EDGE('',*,*,#2745,.F.);
#3578=ORIENTED_EDGE('',*,*,#2746,.F.);
#3579=ORIENTED_EDGE('',*,*,#2747,.F.);
#3580=ORIENTED_EDGE('',*,*,#2745,.T.);
#3581=ORIENTED_EDGE('',*,*,#2739,.F.);
#3582=ORIENTED_EDGE('',*,*,#2743,.F.);
#3583=ORIENTED_EDGE('',*,*,#2748,.F.);
#3584=ORIENTED_EDGE('',*,*,#2746,.T.);
#3585=ORIENTED_EDGE('',*,*,#2747,.T.);
#3586=ORIENTED_EDGE('',*,*,#2742,.T.);
#3587=ORIENTED_EDGE('',*,*,#2749,.F.);
#3588=ORIENTED_EDGE('',*,*,#2750,.T.);
#3589=ORIENTED_EDGE('',*,*,#2751,.T.);
#3590=ORIENTED_EDGE('',*,*,#2752,.T.);
#3591=ORIENTED_EDGE('',*,*,#2753,.F.);
#3592=ORIENTED_EDGE('',*,*,#2754,.F.);
#3593=ORIENTED_EDGE('',*,*,#2755,.T.);
#3594=ORIENTED_EDGE('',*,*,#2750,.F.);
#3595=ORIENTED_EDGE('',*,*,#2756,.F.);
#3596=ORIENTED_EDGE('',*,*,#2752,.F.);
#3597=ORIENTED_EDGE('',*,*,#2757,.F.);
#3598=ORIENTED_EDGE('',*,*,#2758,.F.);
#3599=ORIENTED_EDGE('',*,*,#2759,.F.);
#3600=ORIENTED_EDGE('',*,*,#2757,.T.);
#3601=ORIENTED_EDGE('',*,*,#2751,.F.);
#3602=ORIENTED_EDGE('',*,*,#2755,.F.);
#3603=ORIENTED_EDGE('',*,*,#2760,.F.);
#3604=ORIENTED_EDGE('',*,*,#2758,.T.);
#3605=ORIENTED_EDGE('',*,*,#2759,.T.);
#3606=ORIENTED_EDGE('',*,*,#2754,.T.);
#3607=ORIENTED_EDGE('',*,*,#2761,.F.);
#3608=ORIENTED_EDGE('',*,*,#2762,.T.);
#3609=ORIENTED_EDGE('',*,*,#2763,.T.);
#3610=ORIENTED_EDGE('',*,*,#2764,.T.);
#3611=ORIENTED_EDGE('',*,*,#2765,.F.);
#3612=ORIENTED_EDGE('',*,*,#2766,.F.);
#3613=ORIENTED_EDGE('',*,*,#2767,.T.);
#3614=ORIENTED_EDGE('',*,*,#2762,.F.);
#3615=ORIENTED_EDGE('',*,*,#2768,.F.);
#3616=ORIENTED_EDGE('',*,*,#2764,.F.);
#3617=ORIENTED_EDGE('',*,*,#2769,.F.);
#3618=ORIENTED_EDGE('',*,*,#2770,.F.);
#3619=ORIENTED_EDGE('',*,*,#2771,.F.);
#3620=ORIENTED_EDGE('',*,*,#2769,.T.);
#3621=ORIENTED_EDGE('',*,*,#2763,.F.);
#3622=ORIENTED_EDGE('',*,*,#2767,.F.);
#3623=ORIENTED_EDGE('',*,*,#2772,.F.);
#3624=ORIENTED_EDGE('',*,*,#2770,.T.);
#3625=ORIENTED_EDGE('',*,*,#2771,.T.);
#3626=ORIENTED_EDGE('',*,*,#2766,.T.);
#3627=ORIENTED_EDGE('',*,*,#2773,.F.);
#3628=ORIENTED_EDGE('',*,*,#2774,.T.);
#3629=ORIENTED_EDGE('',*,*,#2775,.T.);
#3630=ORIENTED_EDGE('',*,*,#2776,.T.);
#3631=ORIENTED_EDGE('',*,*,#2777,.F.);
#3632=ORIENTED_EDGE('',*,*,#2778,.F.);
#3633=ORIENTED_EDGE('',*,*,#2779,.T.);
#3634=ORIENTED_EDGE('',*,*,#2774,.F.);
#3635=ORIENTED_EDGE('',*,*,#2780,.F.);
#3636=ORIENTED_EDGE('',*,*,#2776,.F.);
#3637=ORIENTED_EDGE('',*,*,#2781,.F.);
#3638=ORIENTED_EDGE('',*,*,#2782,.F.);
#3639=ORIENTED_EDGE('',*,*,#2783,.F.);
#3640=ORIENTED_EDGE('',*,*,#2781,.T.);
#3641=ORIENTED_EDGE('',*,*,#2775,.F.);
#3642=ORIENTED_EDGE('',*,*,#2779,.F.);
#3643=ORIENTED_EDGE('',*,*,#2784,.F.);
#3644=ORIENTED_EDGE('',*,*,#2782,.T.);
#3645=ORIENTED_EDGE('',*,*,#2783,.T.);
#3646=ORIENTED_EDGE('',*,*,#2778,.T.);
#3647=ORIENTED_EDGE('',*,*,#2785,.F.);
#3648=ORIENTED_EDGE('',*,*,#2786,.T.);
#3649=ORIENTED_EDGE('',*,*,#2787,.T.);
#3650=ORIENTED_EDGE('',*,*,#2788,.T.);
#3651=ORIENTED_EDGE('',*,*,#2789,.F.);
#3652=ORIENTED_EDGE('',*,*,#2790,.F.);
#3653=ORIENTED_EDGE('',*,*,#2791,.T.);
#3654=ORIENTED_EDGE('',*,*,#2786,.F.);
#3655=ORIENTED_EDGE('',*,*,#2792,.F.);
#3656=ORIENTED_EDGE('',*,*,#2788,.F.);
#3657=ORIENTED_EDGE('',*,*,#2793,.F.);
#3658=ORIENTED_EDGE('',*,*,#2794,.F.);
#3659=ORIENTED_EDGE('',*,*,#2795,.F.);
#3660=ORIENTED_EDGE('',*,*,#2793,.T.);
#3661=ORIENTED_EDGE('',*,*,#2787,.F.);
#3662=ORIENTED_EDGE('',*,*,#2791,.F.);
#3663=ORIENTED_EDGE('',*,*,#2796,.F.);
#3664=ORIENTED_EDGE('',*,*,#2794,.T.);
#3665=ORIENTED_EDGE('',*,*,#2795,.T.);
#3666=ORIENTED_EDGE('',*,*,#2790,.T.);
#3667=ORIENTED_EDGE('',*,*,#2797,.F.);
#3668=ORIENTED_EDGE('',*,*,#2798,.T.);
#3669=ORIENTED_EDGE('',*,*,#2799,.T.);
#3670=ORIENTED_EDGE('',*,*,#2800,.T.);
#3671=ORIENTED_EDGE('',*,*,#2801,.F.);
#3672=ORIENTED_EDGE('',*,*,#2802,.F.);
#3673=ORIENTED_EDGE('',*,*,#2803,.T.);
#3674=ORIENTED_EDGE('',*,*,#2798,.F.);
#3675=ORIENTED_EDGE('',*,*,#2804,.F.);
#3676=ORIENTED_EDGE('',*,*,#2800,.F.);
#3677=ORIENTED_EDGE('',*,*,#2805,.F.);
#3678=ORIENTED_EDGE('',*,*,#2806,.F.);
#3679=ORIENTED_EDGE('',*,*,#2807,.F.);
#3680=ORIENTED_EDGE('',*,*,#2805,.T.);
#3681=ORIENTED_EDGE('',*,*,#2799,.F.);
#3682=ORIENTED_EDGE('',*,*,#2803,.F.);
#3683=ORIENTED_EDGE('',*,*,#2808,.F.);
#3684=ORIENTED_EDGE('',*,*,#2806,.T.);
#3685=ORIENTED_EDGE('',*,*,#2807,.T.);
#3686=ORIENTED_EDGE('',*,*,#2802,.T.);
#3687=ORIENTED_EDGE('',*,*,#2809,.F.);
#3688=ORIENTED_EDGE('',*,*,#2810,.T.);
#3689=ORIENTED_EDGE('',*,*,#2811,.T.);
#3690=ORIENTED_EDGE('',*,*,#2810,.F.);
#3691=ORIENTED_EDGE('',*,*,#2729,.T.);
#3692=ORIENTED_EDGE('',*,*,#2725,.T.);
#3693=ORIENTED_EDGE('',*,*,#2732,.T.);
#3694=ORIENTED_EDGE('',*,*,#2736,.T.);
#3695=ORIENTED_EDGE('',*,*,#2741,.T.);
#3696=ORIENTED_EDGE('',*,*,#2737,.T.);
#3697=ORIENTED_EDGE('',*,*,#2744,.T.);
#3698=ORIENTED_EDGE('',*,*,#2748,.T.);
#3699=ORIENTED_EDGE('',*,*,#2753,.T.);
#3700=ORIENTED_EDGE('',*,*,#2749,.T.);
#3701=ORIENTED_EDGE('',*,*,#2756,.T.);
#3702=ORIENTED_EDGE('',*,*,#2760,.T.);
#3703=ORIENTED_EDGE('',*,*,#2765,.T.);
#3704=ORIENTED_EDGE('',*,*,#2761,.T.);
#3705=ORIENTED_EDGE('',*,*,#2768,.T.);
#3706=ORIENTED_EDGE('',*,*,#2772,.T.);
#3707=ORIENTED_EDGE('',*,*,#2777,.T.);
#3708=ORIENTED_EDGE('',*,*,#2773,.T.);
#3709=ORIENTED_EDGE('',*,*,#2780,.T.);
#3710=ORIENTED_EDGE('',*,*,#2784,.T.);
#3711=ORIENTED_EDGE('',*,*,#2789,.T.);
#3712=ORIENTED_EDGE('',*,*,#2785,.T.);
#3713=ORIENTED_EDGE('',*,*,#2792,.T.);
#3714=ORIENTED_EDGE('',*,*,#2796,.T.);
#3715=ORIENTED_EDGE('',*,*,#2801,.T.);
#3716=ORIENTED_EDGE('',*,*,#2797,.T.);
#3717=ORIENTED_EDGE('',*,*,#2804,.T.);
#3718=ORIENTED_EDGE('',*,*,#2808,.T.);
#3719=ORIENTED_EDGE('',*,*,#2809,.T.);
#3720=ORIENTED_EDGE('',*,*,#2811,.F.);
#3721=ORIENTED_EDGE('',*,*,#2812,.F.);
#3722=ORIENTED_EDGE('',*,*,#2813,.T.);
#3723=ORIENTED_EDGE('',*,*,#2814,.T.);
#3724=ORIENTED_EDGE('',*,*,#2813,.F.);
#3725=ORIENTED_EDGE('',*,*,#2812,.T.);
#3726=ORIENTED_EDGE('',*,*,#2814,.F.);
#3727=ORIENTED_EDGE('',*,*,#2815,.F.);
#3728=ORIENTED_EDGE('',*,*,#2816,.T.);
#3729=ORIENTED_EDGE('',*,*,#2817,.T.);
#3730=ORIENTED_EDGE('',*,*,#2816,.F.);
#3731=ORIENTED_EDGE('',*,*,#2815,.T.);
#3732=ORIENTED_EDGE('',*,*,#2817,.F.);
#3733=ORIENTED_EDGE('',*,*,#2818,.F.);
#3734=ORIENTED_EDGE('',*,*,#2819,.T.);
#3735=ORIENTED_EDGE('',*,*,#2820,.T.);
#3736=ORIENTED_EDGE('',*,*,#2819,.F.);
#3737=ORIENTED_EDGE('',*,*,#2818,.T.);
#3738=ORIENTED_EDGE('',*,*,#2820,.F.);
#3739=ORIENTED_EDGE('',*,*,#2821,.T.);
#3740=ORIENTED_EDGE('',*,*,#2822,.T.);
#3741=ORIENTED_EDGE('',*,*,#2823,.T.);
#3742=ORIENTED_EDGE('',*,*,#2824,.T.);
#3743=ORIENTED_EDGE('',*,*,#2825,.T.);
#3744=ORIENTED_EDGE('',*,*,#2826,.T.);
#3745=ORIENTED_EDGE('',*,*,#2827,.T.);
#3746=ORIENTED_EDGE('',*,*,#2828,.T.);
#3747=ORIENTED_EDGE('',*,*,#2829,.T.);
#3748=ORIENTED_EDGE('',*,*,#2830,.T.);
#3749=ORIENTED_EDGE('',*,*,#2831,.T.);
#3750=ORIENTED_EDGE('',*,*,#2832,.T.);
#3751=ORIENTED_EDGE('',*,*,#2833,.T.);
#3752=ORIENTED_EDGE('',*,*,#2834,.T.);
#3753=ORIENTED_EDGE('',*,*,#2835,.T.);
#3754=ORIENTED_EDGE('',*,*,#2836,.T.);
#3755=ORIENTED_EDGE('',*,*,#2837,.T.);
#3756=ORIENTED_EDGE('',*,*,#2838,.T.);
#3757=ORIENTED_EDGE('',*,*,#2839,.T.);
#3758=ORIENTED_EDGE('',*,*,#2840,.T.);
#3759=ORIENTED_EDGE('',*,*,#2841,.T.);
#3760=ORIENTED_EDGE('',*,*,#2842,.T.);
#3761=ORIENTED_EDGE('',*,*,#2843,.T.);
#3762=ORIENTED_EDGE('',*,*,#2844,.T.);
#3763=ORIENTED_EDGE('',*,*,#2845,.T.);
#3764=ORIENTED_EDGE('',*,*,#2846,.T.);
#3765=ORIENTED_EDGE('',*,*,#2847,.T.);
#3766=ORIENTED_EDGE('',*,*,#2848,.T.);
#3767=ORIENTED_EDGE('',*,*,#2849,.T.);
#3768=ORIENTED_EDGE('',*,*,#2850,.T.);
#3769=ORIENTED_EDGE('',*,*,#2851,.T.);
#3770=ORIENTED_EDGE('',*,*,#2852,.T.);
#3771=ORIENTED_EDGE('',*,*,#2853,.T.);
#3772=ORIENTED_EDGE('',*,*,#2854,.T.);
#3773=ORIENTED_EDGE('',*,*,#2855,.T.);
#3774=ORIENTED_EDGE('',*,*,#2856,.T.);
#3775=ORIENTED_EDGE('',*,*,#2857,.T.);
#3776=ORIENTED_EDGE('',*,*,#2858,.T.);
#3777=ORIENTED_EDGE('',*,*,#2859,.T.);
#3778=ORIENTED_EDGE('',*,*,#2860,.T.);
#3779=ORIENTED_EDGE('',*,*,#2861,.T.);
#3780=ORIENTED_EDGE('',*,*,#2862,.T.);
#3781=ORIENTED_EDGE('',*,*,#2863,.T.);
#3782=ORIENTED_EDGE('',*,*,#2864,.T.);
#3783=ORIENTED_EDGE('',*,*,#2865,.T.);
#3784=ORIENTED_EDGE('',*,*,#2866,.T.);
#3785=ORIENTED_EDGE('',*,*,#2867,.T.);
#3786=ORIENTED_EDGE('',*,*,#2868,.T.);
#3787=ORIENTED_EDGE('',*,*,#2869,.T.);
#3788=ORIENTED_EDGE('',*,*,#2870,.T.);
#3789=ORIENTED_EDGE('',*,*,#2871,.T.);
#3790=ORIENTED_EDGE('',*,*,#2872,.T.);
#3791=ORIENTED_EDGE('',*,*,#2873,.T.);
#3792=ORIENTED_EDGE('',*,*,#2874,.T.);
#3793=ORIENTED_EDGE('',*,*,#2875,.T.);
#3794=ORIENTED_EDGE('',*,*,#2876,.T.);
#3795=ORIENTED_EDGE('',*,*,#2877,.T.);
#3796=ORIENTED_EDGE('',*,*,#2878,.T.);
#3797=ORIENTED_EDGE('',*,*,#2879,.T.);
#3798=ORIENTED_EDGE('',*,*,#2880,.T.);
#3799=ORIENTED_EDGE('',*,*,#2881,.T.);
#3800=ORIENTED_EDGE('',*,*,#2882,.T.);
#3801=ORIENTED_EDGE('',*,*,#2883,.T.);
#3802=ORIENTED_EDGE('',*,*,#2884,.T.);
#3803=ORIENTED_EDGE('',*,*,#2885,.T.);
#3804=ORIENTED_EDGE('',*,*,#2886,.T.);
#3805=ORIENTED_EDGE('',*,*,#2887,.T.);
#3806=ORIENTED_EDGE('',*,*,#2888,.T.);
#3807=ORIENTED_EDGE('',*,*,#2889,.T.);
#3808=ORIENTED_EDGE('',*,*,#2890,.T.);
#3809=ORIENTED_EDGE('',*,*,#2891,.T.);
#3810=ORIENTED_EDGE('',*,*,#2892,.T.);
#3811=ORIENTED_EDGE('',*,*,#2893,.T.);
#3812=ORIENTED_EDGE('',*,*,#2894,.T.);
#3813=ORIENTED_EDGE('',*,*,#2895,.T.);
#3814=ORIENTED_EDGE('',*,*,#2896,.T.);
#3815=ORIENTED_EDGE('',*,*,#2897,.T.);
#3816=ORIENTED_EDGE('',*,*,#2898,.T.);
#3817=ORIENTED_EDGE('',*,*,#2899,.T.);
#3818=ORIENTED_EDGE('',*,*,#2900,.T.);
#3819=ORIENTED_EDGE('',*,*,#2901,.T.);
#3820=ORIENTED_EDGE('',*,*,#2902,.T.);
#3821=ORIENTED_EDGE('',*,*,#2903,.T.);
#3822=ORIENTED_EDGE('',*,*,#2904,.T.);
#3823=ORIENTED_EDGE('',*,*,#2905,.T.);
#3824=ORIENTED_EDGE('',*,*,#2906,.T.);
#3825=ORIENTED_EDGE('',*,*,#2907,.T.);
#3826=ORIENTED_EDGE('',*,*,#2908,.T.);
#3827=ORIENTED_EDGE('',*,*,#2909,.T.);
#3828=ORIENTED_EDGE('',*,*,#2910,.T.);
#3829=ORIENTED_EDGE('',*,*,#2911,.T.);
#3830=ORIENTED_EDGE('',*,*,#2912,.T.);
#3831=ORIENTED_EDGE('',*,*,#2913,.T.);
#3832=ORIENTED_EDGE('',*,*,#2914,.T.);
#3833=ORIENTED_EDGE('',*,*,#2915,.T.);
#3834=ORIENTED_EDGE('',*,*,#2916,.T.);
#3835=ORIENTED_EDGE('',*,*,#2917,.T.);
#3836=ORIENTED_EDGE('',*,*,#2918,.T.);
#3837=ORIENTED_EDGE('',*,*,#2919,.T.);
#3838=ORIENTED_EDGE('',*,*,#2920,.T.);
#3839=ORIENTED_EDGE('',*,*,#2921,.T.);
#3840=ORIENTED_EDGE('',*,*,#2922,.T.);
#3841=ORIENTED_EDGE('',*,*,#2923,.T.);
#3842=ORIENTED_EDGE('',*,*,#2924,.T.);
#3843=ORIENTED_EDGE('',*,*,#2925,.T.);
#3844=ORIENTED_EDGE('',*,*,#2926,.T.);
#3845=ORIENTED_EDGE('',*,*,#2927,.T.);
#3846=ORIENTED_EDGE('',*,*,#2928,.T.);
#3847=ORIENTED_EDGE('',*,*,#2929,.T.);
#3848=ORIENTED_EDGE('',*,*,#2930,.T.);
#3849=ORIENTED_EDGE('',*,*,#2931,.T.);
#3850=ORIENTED_EDGE('',*,*,#2932,.T.);
#3851=ORIENTED_EDGE('',*,*,#2933,.T.);
#3852=ORIENTED_EDGE('',*,*,#2934,.T.);
#3853=ORIENTED_EDGE('',*,*,#2935,.T.);
#3854=ORIENTED_EDGE('',*,*,#2936,.T.);
#3855=ORIENTED_EDGE('',*,*,#2937,.T.);
#3856=ORIENTED_EDGE('',*,*,#2938,.T.);
#3857=ORIENTED_EDGE('',*,*,#2939,.T.);
#3858=ORIENTED_EDGE('',*,*,#2940,.T.);
#3859=ORIENTED_EDGE('',*,*,#2941,.T.);
#3860=ORIENTED_EDGE('',*,*,#2942,.T.);
#3861=ORIENTED_EDGE('',*,*,#2943,.T.);
#3862=ORIENTED_EDGE('',*,*,#2944,.T.);
#3863=ORIENTED_EDGE('',*,*,#2945,.T.);
#3864=ORIENTED_EDGE('',*,*,#2946,.T.);
#3865=ORIENTED_EDGE('',*,*,#2947,.T.);
#3866=ORIENTED_EDGE('',*,*,#2948,.T.);
#3867=ORIENTED_EDGE('',*,*,#2949,.T.);
#3868=ORIENTED_EDGE('',*,*,#2950,.T.);
#3869=ORIENTED_EDGE('',*,*,#2951,.T.);
#3870=ORIENTED_EDGE('',*,*,#2952,.T.);
#3871=ORIENTED_EDGE('',*,*,#2953,.T.);
#3872=ORIENTED_EDGE('',*,*,#2954,.T.);
#3873=ORIENTED_EDGE('',*,*,#2955,.T.);
#3874=ORIENTED_EDGE('',*,*,#2956,.T.);
#3875=ORIENTED_EDGE('',*,*,#2957,.T.);
#3876=ORIENTED_EDGE('',*,*,#2958,.T.);
#3877=ORIENTED_EDGE('',*,*,#2959,.T.);
#3878=ORIENTED_EDGE('',*,*,#2960,.T.);
#3879=ORIENTED_EDGE('',*,*,#2961,.T.);
#3880=ORIENTED_EDGE('',*,*,#2962,.T.);
#3881=ORIENTED_EDGE('',*,*,#2963,.T.);
#3882=ORIENTED_EDGE('',*,*,#2964,.T.);
#3883=ORIENTED_EDGE('',*,*,#2965,.T.);
#3884=ORIENTED_EDGE('',*,*,#2966,.T.);
#3885=ORIENTED_EDGE('',*,*,#2967,.T.);
#3886=ORIENTED_EDGE('',*,*,#2968,.T.);
#3887=ORIENTED_EDGE('',*,*,#2969,.T.);
#3888=ORIENTED_EDGE('',*,*,#2970,.T.);
#3889=ORIENTED_EDGE('',*,*,#2971,.T.);
#3890=ORIENTED_EDGE('',*,*,#2972,.T.);
#3891=ORIENTED_EDGE('',*,*,#2973,.T.);
#3892=ORIENTED_EDGE('',*,*,#2974,.T.);
#3893=ORIENTED_EDGE('',*,*,#2975,.T.);
#3894=ORIENTED_EDGE('',*,*,#2976,.T.);
#3895=ORIENTED_EDGE('',*,*,#2977,.T.);
#3896=ORIENTED_EDGE('',*,*,#2978,.T.);
#3897=ORIENTED_EDGE('',*,*,#2979,.T.);
#3898=ORIENTED_EDGE('',*,*,#2980,.T.);
#3899=ORIENTED_EDGE('',*,*,#2981,.T.);
#3900=ORIENTED_EDGE('',*,*,#2982,.T.);
#3901=ORIENTED_EDGE('',*,*,#2983,.T.);
#3902=ORIENTED_EDGE('',*,*,#2984,.T.);
#3903=ORIENTED_EDGE('',*,*,#2985,.T.);
#3904=ORIENTED_EDGE('',*,*,#2986,.T.);
#3905=ORIENTED_EDGE('',*,*,#2987,.T.);
#3906=ORIENTED_EDGE('',*,*,#2988,.T.);
#3907=ORIENTED_EDGE('',*,*,#2989,.T.);
#3908=ORIENTED_EDGE('',*,*,#2990,.T.);
#3909=ORIENTED_EDGE('',*,*,#2991,.T.);
#3910=ORIENTED_EDGE('',*,*,#2992,.T.);
#3911=ORIENTED_EDGE('',*,*,#2993,.T.);
#3912=ORIENTED_EDGE('',*,*,#2994,.T.);
#3913=ORIENTED_EDGE('',*,*,#2995,.T.);
#3914=ORIENTED_EDGE('',*,*,#2996,.T.);
#3915=ORIENTED_EDGE('',*,*,#2997,.T.);
#3916=ORIENTED_EDGE('',*,*,#2998,.T.);
#3917=ORIENTED_EDGE('',*,*,#2999,.T.);
#3918=ORIENTED_EDGE('',*,*,#3000,.T.);
#3919=ORIENTED_EDGE('',*,*,#3001,.T.);
#3920=ORIENTED_EDGE('',*,*,#3002,.T.);
#3921=ORIENTED_EDGE('',*,*,#3003,.T.);
#3922=ORIENTED_EDGE('',*,*,#3004,.T.);
#3923=ORIENTED_EDGE('',*,*,#3005,.T.);
#3924=ORIENTED_EDGE('',*,*,#3006,.T.);
#3925=ORIENTED_EDGE('',*,*,#3007,.T.);
#3926=ORIENTED_EDGE('',*,*,#3008,.T.);
#3927=ORIENTED_EDGE('',*,*,#3009,.T.);
#3928=ORIENTED_EDGE('',*,*,#3010,.T.);
#3929=ORIENTED_EDGE('',*,*,#3011,.T.);
#3930=ORIENTED_EDGE('',*,*,#3012,.T.);
#3931=ORIENTED_EDGE('',*,*,#3013,.F.);
#3932=ORIENTED_EDGE('',*,*,#3014,.F.);
#3933=ORIENTED_EDGE('',*,*,#3015,.F.);
#3934=ORIENTED_EDGE('',*,*,#2821,.F.);
#3935=ORIENTED_EDGE('',*,*,#3016,.F.);
#3936=ORIENTED_EDGE('',*,*,#2995,.F.);
#3937=ORIENTED_EDGE('',*,*,#3017,.F.);
#3938=ORIENTED_EDGE('',*,*,#3018,.F.);
#3939=ORIENTED_EDGE('',*,*,#3019,.F.);
#3940=ORIENTED_EDGE('',*,*,#2991,.F.);
#3941=ORIENTED_EDGE('',*,*,#3020,.F.);
#3942=ORIENTED_EDGE('',*,*,#3021,.F.);
#3943=ORIENTED_EDGE('',*,*,#3022,.F.);
#3944=ORIENTED_EDGE('',*,*,#2987,.F.);
#3945=ORIENTED_EDGE('',*,*,#3023,.F.);
#3946=ORIENTED_EDGE('',*,*,#3024,.F.);
#3947=ORIENTED_EDGE('',*,*,#3025,.F.);
#3948=ORIENTED_EDGE('',*,*,#2983,.F.);
#3949=ORIENTED_EDGE('',*,*,#3026,.F.);
#3950=ORIENTED_EDGE('',*,*,#3027,.F.);
#3951=ORIENTED_EDGE('',*,*,#3028,.F.);
#3952=ORIENTED_EDGE('',*,*,#2979,.F.);
#3953=ORIENTED_EDGE('',*,*,#3029,.F.);
#3954=ORIENTED_EDGE('',*,*,#3030,.F.);
#3955=ORIENTED_EDGE('',*,*,#3031,.F.);
#3956=ORIENTED_EDGE('',*,*,#2975,.F.);
#3957=ORIENTED_EDGE('',*,*,#3032,.F.);
#3958=ORIENTED_EDGE('',*,*,#3033,.F.);
#3959=ORIENTED_EDGE('',*,*,#3034,.F.);
#3960=ORIENTED_EDGE('',*,*,#3035,.F.);
#3961=ORIENTED_EDGE('',*,*,#3036,.F.);
#3962=ORIENTED_EDGE('',*,*,#2923,.F.);
#3963=ORIENTED_EDGE('',*,*,#3037,.F.);
#3964=ORIENTED_EDGE('',*,*,#2826,.F.);
#3965=ORIENTED_EDGE('',*,*,#3038,.F.);
#3966=ORIENTED_EDGE('',*,*,#3039,.F.);
#3967=ORIENTED_EDGE('',*,*,#3040,.F.);
#3968=ORIENTED_EDGE('',*,*,#3041,.F.);
#3969=ORIENTED_EDGE('',*,*,#3042,.F.);
#3970=ORIENTED_EDGE('',*,*,#2919,.F.);
#3971=ORIENTED_EDGE('',*,*,#3043,.F.);
#3972=ORIENTED_EDGE('',*,*,#3044,.F.);
#3973=ORIENTED_EDGE('',*,*,#3045,.F.);
#3974=ORIENTED_EDGE('',*,*,#2915,.F.);
#3975=ORIENTED_EDGE('',*,*,#3046,.F.);
#3976=ORIENTED_EDGE('',*,*,#3047,.F.);
#3977=ORIENTED_EDGE('',*,*,#3048,.F.);
#3978=ORIENTED_EDGE('',*,*,#2911,.F.);
#3979=ORIENTED_EDGE('',*,*,#3049,.F.);
#3980=ORIENTED_EDGE('',*,*,#3050,.F.);
#3981=ORIENTED_EDGE('',*,*,#3051,.F.);
#3982=ORIENTED_EDGE('',*,*,#2907,.F.);
#3983=ORIENTED_EDGE('',*,*,#3052,.F.);
#3984=ORIENTED_EDGE('',*,*,#3053,.F.);
#3985=ORIENTED_EDGE('',*,*,#3054,.F.);
#3986=ORIENTED_EDGE('',*,*,#2903,.F.);
#3987=ORIENTED_EDGE('',*,*,#3055,.F.);
#3988=ORIENTED_EDGE('',*,*,#3056,.F.);
#3989=ORIENTED_EDGE('',*,*,#3057,.F.);
#3990=ORIENTED_EDGE('',*,*,#2853,.F.);
#3991=ORIENTED_EDGE('',*,*,#3058,.F.);
#3992=ORIENTED_EDGE('',*,*,#2859,.F.);
#3993=ORIENTED_EDGE('',*,*,#3059,.F.);
#3994=ORIENTED_EDGE('',*,*,#3060,.F.);
#3995=ORIENTED_EDGE('',*,*,#3061,.F.);
#3996=ORIENTED_EDGE('',*,*,#3062,.F.);
#3997=ORIENTED_EDGE('',*,*,#3063,.F.);
#3998=ORIENTED_EDGE('',*,*,#2898,.F.);
#3999=ORIENTED_EDGE('',*,*,#3064,.F.);
#4000=ORIENTED_EDGE('',*,*,#2971,.F.);
#4001=ORIENTED_EDGE('',*,*,#3065,.F.);
#4002=ORIENTED_EDGE('',*,*,#3066,.F.);
#4003=ORIENTED_EDGE('',*,*,#3067,.F.);
#4004=ORIENTED_EDGE('',*,*,#2967,.F.);
#4005=ORIENTED_EDGE('',*,*,#3068,.F.);
#4006=ORIENTED_EDGE('',*,*,#3069,.F.);
#4007=ORIENTED_EDGE('',*,*,#3070,.F.);
#4008=ORIENTED_EDGE('',*,*,#2963,.F.);
#4009=ORIENTED_EDGE('',*,*,#3071,.F.);
#4010=ORIENTED_EDGE('',*,*,#3072,.F.);
#4011=ORIENTED_EDGE('',*,*,#3073,.F.);
#4012=ORIENTED_EDGE('',*,*,#2959,.F.);
#4013=ORIENTED_EDGE('',*,*,#3074,.F.);
#4014=ORIENTED_EDGE('',*,*,#3075,.F.);
#4015=ORIENTED_EDGE('',*,*,#3076,.F.);
#4016=ORIENTED_EDGE('',*,*,#2955,.F.);
#4017=ORIENTED_EDGE('',*,*,#3077,.F.);
#4018=ORIENTED_EDGE('',*,*,#3078,.F.);
#4019=ORIENTED_EDGE('',*,*,#3079,.F.);
#4020=ORIENTED_EDGE('',*,*,#2951,.F.);
#4021=ORIENTED_EDGE('',*,*,#3080,.F.);
#4022=ORIENTED_EDGE('',*,*,#3081,.F.);
#4023=ORIENTED_EDGE('',*,*,#3082,.F.);
#4024=ORIENTED_EDGE('',*,*,#3083,.F.);
#4025=ORIENTED_EDGE('',*,*,#3084,.F.);
#4026=ORIENTED_EDGE('',*,*,#2993,.F.);
#4027=ORIENTED_EDGE('',*,*,#3085,.F.);
#4028=ORIENTED_EDGE('',*,*,#2823,.F.);
#4029=ORIENTED_EDGE('',*,*,#3086,.F.);
#4030=ORIENTED_EDGE('',*,*,#3087,.F.);
#4031=ORIENTED_EDGE('',*,*,#3088,.F.);
#4032=ORIENTED_EDGE('',*,*,#3089,.F.);
#4033=ORIENTED_EDGE('',*,*,#3090,.F.);
#4034=ORIENTED_EDGE('',*,*,#2989,.F.);
#4035=ORIENTED_EDGE('',*,*,#3091,.F.);
#4036=ORIENTED_EDGE('',*,*,#3092,.F.);
#4037=ORIENTED_EDGE('',*,*,#3093,.F.);
#4038=ORIENTED_EDGE('',*,*,#2985,.F.);
#4039=ORIENTED_EDGE('',*,*,#3094,.F.);
#4040=ORIENTED_EDGE('',*,*,#3095,.F.);
#4041=ORIENTED_EDGE('',*,*,#3096,.F.);
#4042=ORIENTED_EDGE('',*,*,#2981,.F.);
#4043=ORIENTED_EDGE('',*,*,#3097,.F.);
#4044=ORIENTED_EDGE('',*,*,#3098,.F.);
#4045=ORIENTED_EDGE('',*,*,#3099,.F.);
#4046=ORIENTED_EDGE('',*,*,#2977,.F.);
#4047=ORIENTED_EDGE('',*,*,#3100,.F.);
#4048=ORIENTED_EDGE('',*,*,#3101,.F.);
#4049=ORIENTED_EDGE('',*,*,#3102,.F.);
#4050=ORIENTED_EDGE('',*,*,#2973,.F.);
#4051=ORIENTED_EDGE('',*,*,#3103,.F.);
#4052=ORIENTED_EDGE('',*,*,#3104,.F.);
#4053=ORIENTED_EDGE('',*,*,#3105,.F.);
#4054=ORIENTED_EDGE('',*,*,#2857,.F.);
#4055=ORIENTED_EDGE('',*,*,#3106,.F.);
#4056=ORIENTED_EDGE('',*,*,#2863,.F.);
#4057=ORIENTED_EDGE('',*,*,#3107,.F.);
#4058=ORIENTED_EDGE('',*,*,#3108,.F.);
#4059=ORIENTED_EDGE('',*,*,#3109,.F.);
#4060=ORIENTED_EDGE('',*,*,#3110,.F.);
#4061=ORIENTED_EDGE('',*,*,#3111,.F.);
#4062=ORIENTED_EDGE('',*,*,#2893,.F.);
#4063=ORIENTED_EDGE('',*,*,#3112,.F.);
#4064=ORIENTED_EDGE('',*,*,#2947,.F.);
#4065=ORIENTED_EDGE('',*,*,#3113,.F.);
#4066=ORIENTED_EDGE('',*,*,#3114,.F.);
#4067=ORIENTED_EDGE('',*,*,#3115,.F.);
#4068=ORIENTED_EDGE('',*,*,#2943,.F.);
#4069=ORIENTED_EDGE('',*,*,#3116,.F.);
#4070=ORIENTED_EDGE('',*,*,#3117,.F.);
#4071=ORIENTED_EDGE('',*,*,#3118,.F.);
#4072=ORIENTED_EDGE('',*,*,#2939,.F.);
#4073=ORIENTED_EDGE('',*,*,#3119,.F.);
#4074=ORIENTED_EDGE('',*,*,#3120,.F.);
#4075=ORIENTED_EDGE('',*,*,#3121,.F.);
#4076=ORIENTED_EDGE('',*,*,#2935,.F.);
#4077=ORIENTED_EDGE('',*,*,#3122,.F.);
#4078=ORIENTED_EDGE('',*,*,#3123,.F.);
#4079=ORIENTED_EDGE('',*,*,#3124,.F.);
#4080=ORIENTED_EDGE('',*,*,#2931,.F.);
#4081=ORIENTED_EDGE('',*,*,#3125,.F.);
#4082=ORIENTED_EDGE('',*,*,#3126,.F.);
#4083=ORIENTED_EDGE('',*,*,#3127,.F.);
#4084=ORIENTED_EDGE('',*,*,#2927,.F.);
#4085=ORIENTED_EDGE('',*,*,#3128,.F.);
#4086=ORIENTED_EDGE('',*,*,#3129,.F.);
#4087=ORIENTED_EDGE('',*,*,#3130,.F.);
#4088=ORIENTED_EDGE('',*,*,#3131,.F.);
#4089=ORIENTED_EDGE('',*,*,#3132,.F.);
#4090=ORIENTED_EDGE('',*,*,#2969,.F.);
#4091=ORIENTED_EDGE('',*,*,#3133,.F.);
#4092=ORIENTED_EDGE('',*,*,#2900,.F.);
#4093=ORIENTED_EDGE('',*,*,#3134,.F.);
#4094=ORIENTED_EDGE('',*,*,#3135,.F.);
#4095=ORIENTED_EDGE('',*,*,#3136,.F.);
#4096=ORIENTED_EDGE('',*,*,#3137,.F.);
#4097=ORIENTED_EDGE('',*,*,#3138,.F.);
#4098=ORIENTED_EDGE('',*,*,#2965,.F.);
#4099=ORIENTED_EDGE('',*,*,#3139,.F.);
#4100=ORIENTED_EDGE('',*,*,#3140,.F.);
#4101=ORIENTED_EDGE('',*,*,#3141,.F.);
#4102=ORIENTED_EDGE('',*,*,#2961,.F.);
#4103=ORIENTED_EDGE('',*,*,#3142,.F.);
#4104=ORIENTED_EDGE('',*,*,#3143,.F.);
#4105=ORIENTED_EDGE('',*,*,#3144,.F.);
#4106=ORIENTED_EDGE('',*,*,#2957,.F.);
#4107=ORIENTED_EDGE('',*,*,#3145,.F.);
#4108=ORIENTED_EDGE('',*,*,#3146,.F.);
#4109=ORIENTED_EDGE('',*,*,#3147,.F.);
#4110=ORIENTED_EDGE('',*,*,#2953,.F.);
#4111=ORIENTED_EDGE('',*,*,#3148,.F.);
#4112=ORIENTED_EDGE('',*,*,#3149,.F.);
#4113=ORIENTED_EDGE('',*,*,#3150,.F.);
#4114=ORIENTED_EDGE('',*,*,#2949,.F.);
#4115=ORIENTED_EDGE('',*,*,#3151,.F.);
#4116=ORIENTED_EDGE('',*,*,#3152,.F.);
#4117=ORIENTED_EDGE('',*,*,#3153,.F.);
#4118=ORIENTED_EDGE('',*,*,#2861,.F.);
#4119=ORIENTED_EDGE('',*,*,#3154,.F.);
#4120=ORIENTED_EDGE('',*,*,#2866,.F.);
#4121=ORIENTED_EDGE('',*,*,#3155,.F.);
#4122=ORIENTED_EDGE('',*,*,#3156,.F.);
#4123=ORIENTED_EDGE('',*,*,#3157,.F.);
#4124=ORIENTED_EDGE('',*,*,#3158,.F.);
#4125=ORIENTED_EDGE('',*,*,#3159,.F.);
#4126=ORIENTED_EDGE('',*,*,#3003,.F.);
#4127=ORIENTED_EDGE('',*,*,#3160,.F.);
#4128=ORIENTED_EDGE('',*,*,#2890,.F.);
#4129=ORIENTED_EDGE('',*,*,#3161,.F.);
#4130=ORIENTED_EDGE('',*,*,#3162,.F.);
#4131=ORIENTED_EDGE('',*,*,#3163,.F.);
#4132=ORIENTED_EDGE('',*,*,#2886,.F.);
#4133=ORIENTED_EDGE('',*,*,#3164,.F.);
#4134=ORIENTED_EDGE('',*,*,#3165,.F.);
#4135=ORIENTED_EDGE('',*,*,#3166,.F.);
#4136=ORIENTED_EDGE('',*,*,#2882,.F.);
#4137=ORIENTED_EDGE('',*,*,#3167,.F.);
#4138=ORIENTED_EDGE('',*,*,#3168,.F.);
#4139=ORIENTED_EDGE('',*,*,#3169,.F.);
#4140=ORIENTED_EDGE('',*,*,#2878,.F.);
#4141=ORIENTED_EDGE('',*,*,#3170,.F.);
#4142=ORIENTED_EDGE('',*,*,#3171,.F.);
#4143=ORIENTED_EDGE('',*,*,#3172,.F.);
#4144=ORIENTED_EDGE('',*,*,#2874,.F.);
#4145=ORIENTED_EDGE('',*,*,#3173,.F.);
#4146=ORIENTED_EDGE('',*,*,#3174,.F.);
#4147=ORIENTED_EDGE('',*,*,#3175,.F.);
#4148=ORIENTED_EDGE('',*,*,#2870,.F.);
#4149=ORIENTED_EDGE('',*,*,#3176,.F.);
#4150=ORIENTED_EDGE('',*,*,#3177,.F.);
#4151=ORIENTED_EDGE('',*,*,#3178,.F.);
#4152=ORIENTED_EDGE('',*,*,#3179,.F.);
#4153=ORIENTED_EDGE('',*,*,#3180,.F.);
#4154=ORIENTED_EDGE('',*,*,#2945,.F.);
#4155=ORIENTED_EDGE('',*,*,#3181,.F.);
#4156=ORIENTED_EDGE('',*,*,#2895,.F.);
#4157=ORIENTED_EDGE('',*,*,#3182,.F.);
#4158=ORIENTED_EDGE('',*,*,#3183,.F.);
#4159=ORIENTED_EDGE('',*,*,#3184,.F.);
#4160=ORIENTED_EDGE('',*,*,#3185,.F.);
#4161=ORIENTED_EDGE('',*,*,#3186,.F.);
#4162=ORIENTED_EDGE('',*,*,#2941,.F.);
#4163=ORIENTED_EDGE('',*,*,#3187,.F.);
#4164=ORIENTED_EDGE('',*,*,#3188,.F.);
#4165=ORIENTED_EDGE('',*,*,#3189,.F.);
#4166=ORIENTED_EDGE('',*,*,#2937,.F.);
#4167=ORIENTED_EDGE('',*,*,#3190,.F.);
#4168=ORIENTED_EDGE('',*,*,#3191,.F.);
#4169=ORIENTED_EDGE('',*,*,#3192,.F.);
#4170=ORIENTED_EDGE('',*,*,#2933,.F.);
#4171=ORIENTED_EDGE('',*,*,#3193,.F.);
#4172=ORIENTED_EDGE('',*,*,#3194,.F.);
#4173=ORIENTED_EDGE('',*,*,#3195,.F.);
#4174=ORIENTED_EDGE('',*,*,#2929,.F.);
#4175=ORIENTED_EDGE('',*,*,#3196,.F.);
#4176=ORIENTED_EDGE('',*,*,#3197,.F.);
#4177=ORIENTED_EDGE('',*,*,#3198,.F.);
#4178=ORIENTED_EDGE('',*,*,#2925,.F.);
#4179=ORIENTED_EDGE('',*,*,#3199,.F.);
#4180=ORIENTED_EDGE('',*,*,#3200,.F.);
#4181=ORIENTED_EDGE('',*,*,#3201,.F.);
#4182=ORIENTED_EDGE('',*,*,#2868,.F.);
#4183=ORIENTED_EDGE('',*,*,#3202,.F.);
#4184=ORIENTED_EDGE('',*,*,#3008,.F.);
#4185=ORIENTED_EDGE('',*,*,#3203,.F.);
#4186=ORIENTED_EDGE('',*,*,#3204,.F.);
#4187=ORIENTED_EDGE('',*,*,#3205,.F.);
#4188=ORIENTED_EDGE('',*,*,#3206,.F.);
#4189=ORIENTED_EDGE('',*,*,#3207,.F.);
#4190=ORIENTED_EDGE('',*,*,#2828,.F.);
#4191=ORIENTED_EDGE('',*,*,#3208,.F.);
#4192=ORIENTED_EDGE('',*,*,#2921,.F.);
#4193=ORIENTED_EDGE('',*,*,#3209,.F.);
#4194=ORIENTED_EDGE('',*,*,#3210,.F.);
#4195=ORIENTED_EDGE('',*,*,#3211,.F.);
#4196=ORIENTED_EDGE('',*,*,#2917,.F.);
#4197=ORIENTED_EDGE('',*,*,#3212,.F.);
#4198=ORIENTED_EDGE('',*,*,#3213,.F.);
#4199=ORIENTED_EDGE('',*,*,#3214,.F.);
#4200=ORIENTED_EDGE('',*,*,#2913,.F.);
#4201=ORIENTED_EDGE('',*,*,#3215,.F.);
#4202=ORIENTED_EDGE('',*,*,#3216,.F.);
#4203=ORIENTED_EDGE('',*,*,#3217,.F.);
#4204=ORIENTED_EDGE('',*,*,#2909,.F.);
#4205=ORIENTED_EDGE('',*,*,#3218,.F.);
#4206=ORIENTED_EDGE('',*,*,#3219,.F.);
#4207=ORIENTED_EDGE('',*,*,#3220,.F.);
#4208=ORIENTED_EDGE('',*,*,#2905,.F.);
#4209=ORIENTED_EDGE('',*,*,#3221,.F.);
#4210=ORIENTED_EDGE('',*,*,#3222,.F.);
#4211=ORIENTED_EDGE('',*,*,#3223,.F.);
#4212=ORIENTED_EDGE('',*,*,#2901,.F.);
#4213=ORIENTED_EDGE('',*,*,#3224,.F.);
#4214=ORIENTED_EDGE('',*,*,#3225,.F.);
#4215=ORIENTED_EDGE('',*,*,#3226,.F.);
#4216=ORIENTED_EDGE('',*,*,#3227,.F.);
#4217=ORIENTED_EDGE('',*,*,#3228,.F.);
#4218=ORIENTED_EDGE('',*,*,#2830,.F.);
#4219=ORIENTED_EDGE('',*,*,#3229,.F.);
#4220=ORIENTED_EDGE('',*,*,#3000,.F.);
#4221=ORIENTED_EDGE('',*,*,#3230,.F.);
#4222=ORIENTED_EDGE('',*,*,#3231,.F.);
#4223=ORIENTED_EDGE('',*,*,#3232,.F.);
#4224=ORIENTED_EDGE('',*,*,#3233,.F.);
#4225=ORIENTED_EDGE('',*,*,#3234,.F.);
#4226=ORIENTED_EDGE('',*,*,#2834,.F.);
#4227=ORIENTED_EDGE('',*,*,#3235,.F.);
#4228=ORIENTED_EDGE('',*,*,#3236,.F.);
#4229=ORIENTED_EDGE('',*,*,#3237,.F.);
#4230=ORIENTED_EDGE('',*,*,#2838,.F.);
#4231=ORIENTED_EDGE('',*,*,#3238,.F.);
#4232=ORIENTED_EDGE('',*,*,#3239,.F.);
#4233=ORIENTED_EDGE('',*,*,#3240,.F.);
#4234=ORIENTED_EDGE('',*,*,#2842,.F.);
#4235=ORIENTED_EDGE('',*,*,#3241,.F.);
#4236=ORIENTED_EDGE('',*,*,#3242,.F.);
#4237=ORIENTED_EDGE('',*,*,#3243,.F.);
#4238=ORIENTED_EDGE('',*,*,#2846,.F.);
#4239=ORIENTED_EDGE('',*,*,#3244,.F.);
#4240=ORIENTED_EDGE('',*,*,#3245,.F.);
#4241=ORIENTED_EDGE('',*,*,#3246,.F.);
#4242=ORIENTED_EDGE('',*,*,#2850,.F.);
#4243=ORIENTED_EDGE('',*,*,#3247,.F.);
#4244=ORIENTED_EDGE('',*,*,#3248,.F.);
#4245=ORIENTED_EDGE('',*,*,#3249,.F.);
#4246=ORIENTED_EDGE('',*,*,#3011,.F.);
#4247=ORIENTED_EDGE('',*,*,#3250,.F.);
#4248=ORIENTED_EDGE('',*,*,#2855,.F.);
#4249=ORIENTED_EDGE('',*,*,#3251,.F.);
#4250=ORIENTED_EDGE('',*,*,#3252,.F.);
#4251=ORIENTED_EDGE('',*,*,#3058,.T.);
#4252=ORIENTED_EDGE('',*,*,#3253,.T.);
#4253=ORIENTED_EDGE('',*,*,#3055,.T.);
#4254=ORIENTED_EDGE('',*,*,#2856,.F.);
#4255=ORIENTED_EDGE('',*,*,#3250,.T.);
#4256=ORIENTED_EDGE('',*,*,#3254,.T.);
#4257=ORIENTED_EDGE('',*,*,#3247,.T.);
#4258=ORIENTED_EDGE('',*,*,#3010,.F.);
#4259=ORIENTED_EDGE('',*,*,#3255,.F.);
#4260=ORIENTED_EDGE('',*,*,#3256,.T.);
#4261=ORIENTED_EDGE('',*,*,#3257,.T.);
#4262=ORIENTED_EDGE('',*,*,#3005,.F.);
#4263=ORIENTED_EDGE('',*,*,#3202,.T.);
#4264=ORIENTED_EDGE('',*,*,#3258,.T.);
#4265=ORIENTED_EDGE('',*,*,#3199,.T.);
#4266=ORIENTED_EDGE('',*,*,#2867,.F.);
#4267=ORIENTED_EDGE('',*,*,#3154,.T.);
#4268=ORIENTED_EDGE('',*,*,#3259,.T.);
#4269=ORIENTED_EDGE('',*,*,#3151,.T.);
#4270=ORIENTED_EDGE('',*,*,#2864,.F.);
#4271=ORIENTED_EDGE('',*,*,#3106,.T.);
#4272=ORIENTED_EDGE('',*,*,#3260,.T.);
#4273=ORIENTED_EDGE('',*,*,#3103,.T.);
#4274=ORIENTED_EDGE('',*,*,#2860,.F.);
#4275=ORIENTED_EDGE('',*,*,#3249,.T.);
#4276=ORIENTED_EDGE('',*,*,#3261,.F.);
#4277=ORIENTED_EDGE('',*,*,#3262,.F.);
#4278=ORIENTED_EDGE('',*,*,#3012,.F.);
#4279=ORIENTED_EDGE('',*,*,#3057,.T.);
#4280=ORIENTED_EDGE('',*,*,#3263,.F.);
#4281=ORIENTED_EDGE('',*,*,#3251,.T.);
#4282=ORIENTED_EDGE('',*,*,#2854,.F.);
#4283=ORIENTED_EDGE('',*,*,#3203,.T.);
#4284=ORIENTED_EDGE('',*,*,#3007,.F.);
#4285=ORIENTED_EDGE('',*,*,#3264,.F.);
#4286=ORIENTED_EDGE('',*,*,#3265,.F.);
#4287=ORIENTED_EDGE('',*,*,#3155,.T.);
#4288=ORIENTED_EDGE('',*,*,#2865,.F.);
#4289=ORIENTED_EDGE('',*,*,#3201,.T.);
#4290=ORIENTED_EDGE('',*,*,#3266,.F.);
#4291=ORIENTED_EDGE('',*,*,#3107,.T.);
#4292=ORIENTED_EDGE('',*,*,#2862,.F.);
#4293=ORIENTED_EDGE('',*,*,#3153,.T.);
#4294=ORIENTED_EDGE('',*,*,#3267,.F.);
#4295=ORIENTED_EDGE('',*,*,#3177,.T.);
#4296=ORIENTED_EDGE('',*,*,#3268,.T.);
#4297=ORIENTED_EDGE('',*,*,#3269,.F.);
#4298=ORIENTED_EDGE('',*,*,#3270,.T.);
#4299=ORIENTED_EDGE('',*,*,#3174,.T.);
#4300=ORIENTED_EDGE('',*,*,#3271,.T.);
#4301=ORIENTED_EDGE('',*,*,#3272,.F.);
#4302=ORIENTED_EDGE('',*,*,#3273,.T.);
#4303=ORIENTED_EDGE('',*,*,#3171,.T.);
#4304=ORIENTED_EDGE('',*,*,#3274,.T.);
#4305=ORIENTED_EDGE('',*,*,#3275,.F.);
#4306=ORIENTED_EDGE('',*,*,#3276,.T.);
#4307=ORIENTED_EDGE('',*,*,#3168,.T.);
#4308=ORIENTED_EDGE('',*,*,#3277,.T.);
#4309=ORIENTED_EDGE('',*,*,#3278,.F.);
#4310=ORIENTED_EDGE('',*,*,#3279,.T.);
#4311=ORIENTED_EDGE('',*,*,#3165,.T.);
#4312=ORIENTED_EDGE('',*,*,#3280,.T.);
#4313=ORIENTED_EDGE('',*,*,#3281,.F.);
#4314=ORIENTED_EDGE('',*,*,#3282,.T.);
#4315=ORIENTED_EDGE('',*,*,#3162,.T.);
#4316=ORIENTED_EDGE('',*,*,#3283,.T.);
#4317=ORIENTED_EDGE('',*,*,#3284,.F.);
#4318=ORIENTED_EDGE('',*,*,#3285,.T.);
#4319=ORIENTED_EDGE('',*,*,#3158,.T.);
#4320=ORIENTED_EDGE('',*,*,#3286,.F.);
#4321=ORIENTED_EDGE('',*,*,#3183,.T.);
#4322=ORIENTED_EDGE('',*,*,#3287,.T.);
#4323=ORIENTED_EDGE('',*,*,#3110,.T.);
#4324=ORIENTED_EDGE('',*,*,#3288,.F.);
#4325=ORIENTED_EDGE('',*,*,#3135,.T.);
#4326=ORIENTED_EDGE('',*,*,#3289,.T.);
#4327=ORIENTED_EDGE('',*,*,#3062,.T.);
#4328=ORIENTED_EDGE('',*,*,#3290,.F.);
#4329=ORIENTED_EDGE('',*,*,#3087,.T.);
#4330=ORIENTED_EDGE('',*,*,#3291,.T.);
#4331=ORIENTED_EDGE('',*,*,#3014,.T.);
#4332=ORIENTED_EDGE('',*,*,#3292,.F.);
#4333=ORIENTED_EDGE('',*,*,#3039,.T.);
#4334=ORIENTED_EDGE('',*,*,#3293,.T.);
#4335=ORIENTED_EDGE('',*,*,#3206,.T.);
#4336=ORIENTED_EDGE('',*,*,#3294,.F.);
#4337=ORIENTED_EDGE('',*,*,#3231,.T.);
#4338=ORIENTED_EDGE('',*,*,#3295,.T.);
#4339=ORIENTED_EDGE('',*,*,#3296,.F.);
#4340=ORIENTED_EDGE('',*,*,#3297,.T.);
#4341=ORIENTED_EDGE('',*,*,#3227,.T.);
#4342=ORIENTED_EDGE('',*,*,#3298,.T.);
#4343=ORIENTED_EDGE('',*,*,#3299,.F.);
#4344=ORIENTED_EDGE('',*,*,#3300,.T.);
#4345=ORIENTED_EDGE('',*,*,#3233,.T.);
#4346=ORIENTED_EDGE('',*,*,#3301,.T.);
#4347=ORIENTED_EDGE('',*,*,#3302,.F.);
#4348=ORIENTED_EDGE('',*,*,#3303,.T.);
#4349=ORIENTED_EDGE('',*,*,#3236,.T.);
#4350=ORIENTED_EDGE('',*,*,#3304,.T.);
#4351=ORIENTED_EDGE('',*,*,#3305,.F.);
#4352=ORIENTED_EDGE('',*,*,#3306,.T.);
#4353=ORIENTED_EDGE('',*,*,#3239,.T.);
#4354=ORIENTED_EDGE('',*,*,#3307,.T.);
#4355=ORIENTED_EDGE('',*,*,#3308,.F.);
#4356=ORIENTED_EDGE('',*,*,#3309,.T.);
#4357=ORIENTED_EDGE('',*,*,#3242,.T.);
#4358=ORIENTED_EDGE('',*,*,#3310,.T.);
#4359=ORIENTED_EDGE('',*,*,#3311,.F.);
#4360=ORIENTED_EDGE('',*,*,#3312,.T.);
#4361=ORIENTED_EDGE('',*,*,#3245,.T.);
#4362=ORIENTED_EDGE('',*,*,#3313,.T.);
#4363=ORIENTED_EDGE('',*,*,#3314,.F.);
#4364=ORIENTED_EDGE('',*,*,#3261,.T.);
#4365=ORIENTED_EDGE('',*,*,#3248,.T.);
#4366=ORIENTED_EDGE('',*,*,#3254,.F.);
#4367=ORIENTED_EDGE('',*,*,#3252,.T.);
#4368=ORIENTED_EDGE('',*,*,#3263,.T.);
#4369=ORIENTED_EDGE('',*,*,#3056,.T.);
#4370=ORIENTED_EDGE('',*,*,#3253,.F.);
#4371=ORIENTED_EDGE('',*,*,#3060,.T.);
#4372=ORIENTED_EDGE('',*,*,#3315,.T.);
#4373=ORIENTED_EDGE('',*,*,#3104,.T.);
#4374=ORIENTED_EDGE('',*,*,#3260,.F.);
#4375=ORIENTED_EDGE('',*,*,#3108,.T.);
#4376=ORIENTED_EDGE('',*,*,#3267,.T.);
#4377=ORIENTED_EDGE('',*,*,#3152,.T.);
#4378=ORIENTED_EDGE('',*,*,#3259,.F.);
#4379=ORIENTED_EDGE('',*,*,#3156,.T.);
#4380=ORIENTED_EDGE('',*,*,#3266,.T.);
#4381=ORIENTED_EDGE('',*,*,#3200,.T.);
#4382=ORIENTED_EDGE('',*,*,#3258,.F.);
#4383=ORIENTED_EDGE('',*,*,#3204,.T.);
#4384=ORIENTED_EDGE('',*,*,#3265,.T.);
#4385=ORIENTED_EDGE('',*,*,#3316,.F.);
#4386=ORIENTED_EDGE('',*,*,#3317,.T.);
#4387=ORIENTED_EDGE('',*,*,#3318,.T.);
#4388=ORIENTED_EDGE('',*,*,#3225,.T.);
#4389=ORIENTED_EDGE('',*,*,#3319,.T.);
#4390=ORIENTED_EDGE('',*,*,#3053,.T.);
#4391=ORIENTED_EDGE('',*,*,#3320,.T.);
#4392=ORIENTED_EDGE('',*,*,#3222,.T.);
#4393=ORIENTED_EDGE('',*,*,#3321,.T.);
#4394=ORIENTED_EDGE('',*,*,#3050,.T.);
#4395=ORIENTED_EDGE('',*,*,#3322,.T.);
#4396=ORIENTED_EDGE('',*,*,#3219,.T.);
#4397=ORIENTED_EDGE('',*,*,#3323,.T.);
#4398=ORIENTED_EDGE('',*,*,#3047,.T.);
#4399=ORIENTED_EDGE('',*,*,#3324,.T.);
#4400=ORIENTED_EDGE('',*,*,#3216,.T.);
#4401=ORIENTED_EDGE('',*,*,#3325,.T.);
#4402=ORIENTED_EDGE('',*,*,#3044,.T.);
#4403=ORIENTED_EDGE('',*,*,#3326,.T.);
#4404=ORIENTED_EDGE('',*,*,#3213,.T.);
#4405=ORIENTED_EDGE('',*,*,#3327,.T.);
#4406=ORIENTED_EDGE('',*,*,#3041,.T.);
#4407=ORIENTED_EDGE('',*,*,#3328,.T.);
#4408=ORIENTED_EDGE('',*,*,#3210,.T.);
#4409=ORIENTED_EDGE('',*,*,#3329,.T.);
#4410=ORIENTED_EDGE('',*,*,#3035,.T.);
#4411=ORIENTED_EDGE('',*,*,#3033,.T.);
#4412=ORIENTED_EDGE('',*,*,#3330,.T.);
#4413=ORIENTED_EDGE('',*,*,#3101,.T.);
#4414=ORIENTED_EDGE('',*,*,#3331,.T.);
#4415=ORIENTED_EDGE('',*,*,#3030,.T.);
#4416=ORIENTED_EDGE('',*,*,#3332,.T.);
#4417=ORIENTED_EDGE('',*,*,#3098,.T.);
#4418=ORIENTED_EDGE('',*,*,#3333,.T.);
#4419=ORIENTED_EDGE('',*,*,#3027,.T.);
#4420=ORIENTED_EDGE('',*,*,#3334,.T.);
#4421=ORIENTED_EDGE('',*,*,#3095,.T.);
#4422=ORIENTED_EDGE('',*,*,#3335,.T.);
#4423=ORIENTED_EDGE('',*,*,#3024,.T.);
#4424=ORIENTED_EDGE('',*,*,#3336,.T.);
#4425=ORIENTED_EDGE('',*,*,#3092,.T.);
#4426=ORIENTED_EDGE('',*,*,#3337,.T.);
#4427=ORIENTED_EDGE('',*,*,#3021,.T.);
#4428=ORIENTED_EDGE('',*,*,#3338,.T.);
#4429=ORIENTED_EDGE('',*,*,#3089,.T.);
#4430=ORIENTED_EDGE('',*,*,#3339,.T.);
#4431=ORIENTED_EDGE('',*,*,#3018,.T.);
#4432=ORIENTED_EDGE('',*,*,#3340,.T.);
#4433=ORIENTED_EDGE('',*,*,#3083,.T.);
#4434=ORIENTED_EDGE('',*,*,#3341,.T.);
#4435=ORIENTED_EDGE('',*,*,#3081,.T.);
#4436=ORIENTED_EDGE('',*,*,#3342,.T.);
#4437=ORIENTED_EDGE('',*,*,#3149,.T.);
#4438=ORIENTED_EDGE('',*,*,#3343,.T.);
#4439=ORIENTED_EDGE('',*,*,#3078,.T.);
#4440=ORIENTED_EDGE('',*,*,#3344,.T.);
#4441=ORIENTED_EDGE('',*,*,#3146,.T.);
#4442=ORIENTED_EDGE('',*,*,#3345,.T.);
#4443=ORIENTED_EDGE('',*,*,#3075,.T.);
#4444=ORIENTED_EDGE('',*,*,#3346,.T.);
#4445=ORIENTED_EDGE('',*,*,#3143,.T.);
#4446=ORIENTED_EDGE('',*,*,#3347,.T.);
#4447=ORIENTED_EDGE('',*,*,#3072,.T.);
#4448=ORIENTED_EDGE('',*,*,#3348,.T.);
#4449=ORIENTED_EDGE('',*,*,#3140,.T.);
#4450=ORIENTED_EDGE('',*,*,#3349,.T.);
#4451=ORIENTED_EDGE('',*,*,#3069,.T.);
#4452=ORIENTED_EDGE('',*,*,#3350,.T.);
#4453=ORIENTED_EDGE('',*,*,#3137,.T.);
#4454=ORIENTED_EDGE('',*,*,#3351,.T.);
#4455=ORIENTED_EDGE('',*,*,#3066,.T.);
#4456=ORIENTED_EDGE('',*,*,#3352,.T.);
#4457=ORIENTED_EDGE('',*,*,#3131,.T.);
#4458=ORIENTED_EDGE('',*,*,#3353,.T.);
#4459=ORIENTED_EDGE('',*,*,#3129,.T.);
#4460=ORIENTED_EDGE('',*,*,#3354,.T.);
#4461=ORIENTED_EDGE('',*,*,#3197,.T.);
#4462=ORIENTED_EDGE('',*,*,#3355,.T.);
#4463=ORIENTED_EDGE('',*,*,#3126,.T.);
#4464=ORIENTED_EDGE('',*,*,#3356,.T.);
#4465=ORIENTED_EDGE('',*,*,#3194,.T.);
#4466=ORIENTED_EDGE('',*,*,#3357,.T.);
#4467=ORIENTED_EDGE('',*,*,#3123,.T.);
#4468=ORIENTED_EDGE('',*,*,#3358,.T.);
#4469=ORIENTED_EDGE('',*,*,#3191,.T.);
#4470=ORIENTED_EDGE('',*,*,#3359,.T.);
#4471=ORIENTED_EDGE('',*,*,#3120,.T.);
#4472=ORIENTED_EDGE('',*,*,#3360,.T.);
#4473=ORIENTED_EDGE('',*,*,#3188,.T.);
#4474=ORIENTED_EDGE('',*,*,#3361,.T.);
#4475=ORIENTED_EDGE('',*,*,#3117,.T.);
#4476=ORIENTED_EDGE('',*,*,#3362,.T.);
#4477=ORIENTED_EDGE('',*,*,#3185,.T.);
#4478=ORIENTED_EDGE('',*,*,#3363,.T.);
#4479=ORIENTED_EDGE('',*,*,#3114,.T.);
#4480=ORIENTED_EDGE('',*,*,#3364,.T.);
#4481=ORIENTED_EDGE('',*,*,#3179,.T.);
#4482=ORIENTED_EDGE('',*,*,#3365,.T.);
#4483=ORIENTED_EDGE('',*,*,#3244,.T.);
#4484=ORIENTED_EDGE('',*,*,#2849,.F.);
#4485=ORIENTED_EDGE('',*,*,#3366,.F.);
#4486=ORIENTED_EDGE('',*,*,#3313,.F.);
#4487=ORIENTED_EDGE('',*,*,#3052,.T.);
#4488=ORIENTED_EDGE('',*,*,#2902,.F.);
#4489=ORIENTED_EDGE('',*,*,#3223,.T.);
#4490=ORIENTED_EDGE('',*,*,#3318,.F.);
#4491=ORIENTED_EDGE('',*,*,#3175,.T.);
#4492=ORIENTED_EDGE('',*,*,#3317,.F.);
#4493=ORIENTED_EDGE('',*,*,#3367,.F.);
#4494=ORIENTED_EDGE('',*,*,#2871,.F.);
#4495=ORIENTED_EDGE('',*,*,#3127,.T.);
#4496=ORIENTED_EDGE('',*,*,#3355,.F.);
#4497=ORIENTED_EDGE('',*,*,#3196,.T.);
#4498=ORIENTED_EDGE('',*,*,#2928,.F.);
#4499=ORIENTED_EDGE('',*,*,#3079,.T.);
#4500=ORIENTED_EDGE('',*,*,#3343,.F.);
#4501=ORIENTED_EDGE('',*,*,#3148,.T.);
#4502=ORIENTED_EDGE('',*,*,#2952,.F.);
#4503=ORIENTED_EDGE('',*,*,#3246,.T.);
#4504=ORIENTED_EDGE('',*,*,#3312,.F.);
#4505=ORIENTED_EDGE('',*,*,#3368,.F.);
#4506=ORIENTED_EDGE('',*,*,#2851,.F.);
#4507=ORIENTED_EDGE('',*,*,#3054,.T.);
#4508=ORIENTED_EDGE('',*,*,#3319,.F.);
#4509=ORIENTED_EDGE('',*,*,#3224,.T.);
#4510=ORIENTED_EDGE('',*,*,#2904,.F.);
#4511=ORIENTED_EDGE('',*,*,#3176,.T.);
#4512=ORIENTED_EDGE('',*,*,#2869,.F.);
#4513=ORIENTED_EDGE('',*,*,#3369,.F.);
#4514=ORIENTED_EDGE('',*,*,#3268,.F.);
#4515=ORIENTED_EDGE('',*,*,#3128,.T.);
#4516=ORIENTED_EDGE('',*,*,#2926,.F.);
#4517=ORIENTED_EDGE('',*,*,#3198,.T.);
#4518=ORIENTED_EDGE('',*,*,#3354,.F.);
#4519=ORIENTED_EDGE('',*,*,#3080,.T.);
#4520=ORIENTED_EDGE('',*,*,#2950,.F.);
#4521=ORIENTED_EDGE('',*,*,#3150,.T.);
#4522=ORIENTED_EDGE('',*,*,#3342,.F.);
#4523=ORIENTED_EDGE('',*,*,#3241,.T.);
#4524=ORIENTED_EDGE('',*,*,#2845,.F.);
#4525=ORIENTED_EDGE('',*,*,#3370,.F.);
#4526=ORIENTED_EDGE('',*,*,#3310,.F.);
#4527=ORIENTED_EDGE('',*,*,#3049,.T.);
#4528=ORIENTED_EDGE('',*,*,#2906,.F.);
#4529=ORIENTED_EDGE('',*,*,#3220,.T.);
#4530=ORIENTED_EDGE('',*,*,#3320,.F.);
#4531=ORIENTED_EDGE('',*,*,#3172,.T.);
#4532=ORIENTED_EDGE('',*,*,#3270,.F.);
#4533=ORIENTED_EDGE('',*,*,#3371,.F.);
#4534=ORIENTED_EDGE('',*,*,#2875,.F.);
#4535=ORIENTED_EDGE('',*,*,#3124,.T.);
#4536=ORIENTED_EDGE('',*,*,#3357,.F.);
#4537=ORIENTED_EDGE('',*,*,#3193,.T.);
#4538=ORIENTED_EDGE('',*,*,#2932,.F.);
#4539=ORIENTED_EDGE('',*,*,#3076,.T.);
#4540=ORIENTED_EDGE('',*,*,#3345,.F.);
#4541=ORIENTED_EDGE('',*,*,#3145,.T.);
#4542=ORIENTED_EDGE('',*,*,#2956,.F.);
#4543=ORIENTED_EDGE('',*,*,#3243,.T.);
#4544=ORIENTED_EDGE('',*,*,#3309,.F.);
#4545=ORIENTED_EDGE('',*,*,#3372,.F.);
#4546=ORIENTED_EDGE('',*,*,#2847,.F.);
#4547=ORIENTED_EDGE('',*,*,#3051,.T.);
#4548=ORIENTED_EDGE('',*,*,#3321,.F.);
#4549=ORIENTED_EDGE('',*,*,#3221,.T.);
#4550=ORIENTED_EDGE('',*,*,#2908,.F.);
#4551=ORIENTED_EDGE('',*,*,#3173,.T.);
#4552=ORIENTED_EDGE('',*,*,#2873,.F.);
#4553=ORIENTED_EDGE('',*,*,#3373,.F.);
#4554=ORIENTED_EDGE('',*,*,#3271,.F.);
#4555=ORIENTED_EDGE('',*,*,#3125,.T.);
#4556=ORIENTED_EDGE('',*,*,#2930,.F.);
#4557=ORIENTED_EDGE('',*,*,#3195,.T.);
#4558=ORIENTED_EDGE('',*,*,#3356,.F.);
#4559=ORIENTED_EDGE('',*,*,#3077,.T.);
#4560=ORIENTED_EDGE('',*,*,#2954,.F.);
#4561=ORIENTED_EDGE('',*,*,#3147,.T.);
#4562=ORIENTED_EDGE('',*,*,#3344,.F.);
#4563=ORIENTED_EDGE('',*,*,#3238,.T.);
#4564=ORIENTED_EDGE('',*,*,#2841,.F.);
#4565=ORIENTED_EDGE('',*,*,#3374,.F.);
#4566=ORIENTED_EDGE('',*,*,#3307,.F.);
#4567=ORIENTED_EDGE('',*,*,#3046,.T.);
#4568=ORIENTED_EDGE('',*,*,#2910,.F.);
#4569=ORIENTED_EDGE('',*,*,#3217,.T.);
#4570=ORIENTED_EDGE('',*,*,#3322,.F.);
#4571=ORIENTED_EDGE('',*,*,#3169,.T.);
#4572=ORIENTED_EDGE('',*,*,#3273,.F.);
#4573=ORIENTED_EDGE('',*,*,#3375,.F.);
#4574=ORIENTED_EDGE('',*,*,#2879,.F.);
#4575=ORIENTED_EDGE('',*,*,#3121,.T.);
#4576=ORIENTED_EDGE('',*,*,#3359,.F.);
#4577=ORIENTED_EDGE('',*,*,#3190,.T.);
#4578=ORIENTED_EDGE('',*,*,#2936,.F.);
#4579=ORIENTED_EDGE('',*,*,#3073,.T.);
#4580=ORIENTED_EDGE('',*,*,#3347,.F.);
#4581=ORIENTED_EDGE('',*,*,#3142,.T.);
#4582=ORIENTED_EDGE('',*,*,#2960,.F.);
#4583=ORIENTED_EDGE('',*,*,#3240,.T.);
#4584=ORIENTED_EDGE('',*,*,#3306,.F.);
#4585=ORIENTED_EDGE('',*,*,#3376,.F.);
#4586=ORIENTED_EDGE('',*,*,#2843,.F.);
#4587=ORIENTED_EDGE('',*,*,#3048,.T.);
#4588=ORIENTED_EDGE('',*,*,#3323,.F.);
#4589=ORIENTED_EDGE('',*,*,#3218,.T.);
#4590=ORIENTED_EDGE('',*,*,#2912,.F.);
#4591=ORIENTED_EDGE('',*,*,#3170,.T.);
#4592=ORIENTED_EDGE('',*,*,#2877,.F.);
#4593=ORIENTED_EDGE('',*,*,#3377,.F.);
#4594=ORIENTED_EDGE('',*,*,#3274,.F.);
#4595=ORIENTED_EDGE('',*,*,#3122,.T.);
#4596=ORIENTED_EDGE('',*,*,#2934,.F.);
#4597=ORIENTED_EDGE('',*,*,#3192,.T.);
#4598=ORIENTED_EDGE('',*,*,#3358,.F.);
#4599=ORIENTED_EDGE('',*,*,#3074,.T.);
#4600=ORIENTED_EDGE('',*,*,#2958,.F.);
#4601=ORIENTED_EDGE('',*,*,#3144,.T.);
#4602=ORIENTED_EDGE('',*,*,#3346,.F.);
#4603=ORIENTED_EDGE('',*,*,#3235,.T.);
#4604=ORIENTED_EDGE('',*,*,#2837,.F.);
#4605=ORIENTED_EDGE('',*,*,#3378,.F.);
#4606=ORIENTED_EDGE('',*,*,#3304,.F.);
#4607=ORIENTED_EDGE('',*,*,#3043,.T.);
#4608=ORIENTED_EDGE('',*,*,#2914,.F.);
#4609=ORIENTED_EDGE('',*,*,#3214,.T.);
#4610=ORIENTED_EDGE('',*,*,#3324,.F.);
#4611=ORIENTED_EDGE('',*,*,#3166,.T.);
#4612=ORIENTED_EDGE('',*,*,#3276,.F.);
#4613=ORIENTED_EDGE('',*,*,#3379,.F.);
#4614=ORIENTED_EDGE('',*,*,#2883,.F.);
#4615=ORIENTED_EDGE('',*,*,#3118,.T.);
#4616=ORIENTED_EDGE('',*,*,#3361,.F.);
#4617=ORIENTED_EDGE('',*,*,#3187,.T.);
#4618=ORIENTED_EDGE('',*,*,#2940,.F.);
#4619=ORIENTED_EDGE('',*,*,#3070,.T.);
#4620=ORIENTED_EDGE('',*,*,#3349,.F.);
#4621=ORIENTED_EDGE('',*,*,#3139,.T.);
#4622=ORIENTED_EDGE('',*,*,#2964,.F.);
#4623=ORIENTED_EDGE('',*,*,#3237,.T.);
#4624=ORIENTED_EDGE('',*,*,#3303,.F.);
#4625=ORIENTED_EDGE('',*,*,#3380,.F.);
#4626=ORIENTED_EDGE('',*,*,#2839,.F.);
#4627=ORIENTED_EDGE('',*,*,#3045,.T.);
#4628=ORIENTED_EDGE('',*,*,#3325,.F.);
#4629=ORIENTED_EDGE('',*,*,#3215,.T.);
#4630=ORIENTED_EDGE('',*,*,#2916,.F.);
#4631=ORIENTED_EDGE('',*,*,#3167,.T.);
#4632=ORIENTED_EDGE('',*,*,#2881,.F.);
#4633=ORIENTED_EDGE('',*,*,#3381,.F.);
#4634=ORIENTED_EDGE('',*,*,#3277,.F.);
#4635=ORIENTED_EDGE('',*,*,#3119,.T.);
#4636=ORIENTED_EDGE('',*,*,#2938,.F.);
#4637=ORIENTED_EDGE('',*,*,#3189,.T.);
#4638=ORIENTED_EDGE('',*,*,#3360,.F.);
#4639=ORIENTED_EDGE('',*,*,#3071,.T.);
#4640=ORIENTED_EDGE('',*,*,#2962,.F.);
#4641=ORIENTED_EDGE('',*,*,#3141,.T.);
#4642=ORIENTED_EDGE('',*,*,#3348,.F.);
#4643=ORIENTED_EDGE('',*,*,#3232,.T.);
#4644=ORIENTED_EDGE('',*,*,#2833,.F.);
#4645=ORIENTED_EDGE('',*,*,#3382,.F.);
#4646=ORIENTED_EDGE('',*,*,#3301,.F.);
#4647=ORIENTED_EDGE('',*,*,#3040,.T.);
#4648=ORIENTED_EDGE('',*,*,#2918,.F.);
#4649=ORIENTED_EDGE('',*,*,#3211,.T.);
#4650=ORIENTED_EDGE('',*,*,#3326,.F.);
#4651=ORIENTED_EDGE('',*,*,#3163,.T.);
#4652=ORIENTED_EDGE('',*,*,#3279,.F.);
#4653=ORIENTED_EDGE('',*,*,#3383,.F.);
#4654=ORIENTED_EDGE('',*,*,#2887,.F.);
#4655=ORIENTED_EDGE('',*,*,#3115,.T.);
#4656=ORIENTED_EDGE('',*,*,#3363,.F.);
#4657=ORIENTED_EDGE('',*,*,#3184,.T.);
#4658=ORIENTED_EDGE('',*,*,#2944,.F.);
#4659=ORIENTED_EDGE('',*,*,#3067,.T.);
#4660=ORIENTED_EDGE('',*,*,#3351,.F.);
#4661=ORIENTED_EDGE('',*,*,#3136,.T.);
#4662=ORIENTED_EDGE('',*,*,#2968,.F.);
#4663=ORIENTED_EDGE('',*,*,#3234,.T.);
#4664=ORIENTED_EDGE('',*,*,#3300,.F.);
#4665=ORIENTED_EDGE('',*,*,#3384,.F.);
#4666=ORIENTED_EDGE('',*,*,#2835,.F.);
#4667=ORIENTED_EDGE('',*,*,#3042,.T.);
#4668=ORIENTED_EDGE('',*,*,#3327,.F.);
#4669=ORIENTED_EDGE('',*,*,#3212,.T.);
#4670=ORIENTED_EDGE('',*,*,#2920,.F.);
#4671=ORIENTED_EDGE('',*,*,#3164,.T.);
#4672=ORIENTED_EDGE('',*,*,#2885,.F.);
#4673=ORIENTED_EDGE('',*,*,#3385,.F.);
#4674=ORIENTED_EDGE('',*,*,#3280,.F.);
#4675=ORIENTED_EDGE('',*,*,#3116,.T.);
#4676=ORIENTED_EDGE('',*,*,#2942,.F.);
#4677=ORIENTED_EDGE('',*,*,#3186,.T.);
#4678=ORIENTED_EDGE('',*,*,#3362,.F.);
#4679=ORIENTED_EDGE('',*,*,#3068,.T.);
#4680=ORIENTED_EDGE('',*,*,#2966,.F.);
#4681=ORIENTED_EDGE('',*,*,#3138,.T.);
#4682=ORIENTED_EDGE('',*,*,#3350,.F.);
#4683=ORIENTED_EDGE('',*,*,#3226,.T.);
#4684=ORIENTED_EDGE('',*,*,#2829,.F.);
#4685=ORIENTED_EDGE('',*,*,#3386,.F.);
#4686=ORIENTED_EDGE('',*,*,#3298,.F.);
#4687=ORIENTED_EDGE('',*,*,#3034,.T.);
#4688=ORIENTED_EDGE('',*,*,#2922,.F.);
#4689=ORIENTED_EDGE('',*,*,#3208,.T.);
#4690=ORIENTED_EDGE('',*,*,#3328,.F.);
#4691=ORIENTED_EDGE('',*,*,#3160,.T.);
#4692=ORIENTED_EDGE('',*,*,#3282,.F.);
#4693=ORIENTED_EDGE('',*,*,#3387,.F.);
#4694=ORIENTED_EDGE('',*,*,#2891,.F.);
#4695=ORIENTED_EDGE('',*,*,#3112,.T.);
#4696=ORIENTED_EDGE('',*,*,#3365,.F.);
#4697=ORIENTED_EDGE('',*,*,#3178,.T.);
#4698=ORIENTED_EDGE('',*,*,#2948,.F.);
#4699=ORIENTED_EDGE('',*,*,#3064,.T.);
#4700=ORIENTED_EDGE('',*,*,#3353,.F.);
#4701=ORIENTED_EDGE('',*,*,#3130,.T.);
#4702=ORIENTED_EDGE('',*,*,#2972,.F.);
#4703=ORIENTED_EDGE('',*,*,#3228,.T.);
#4704=ORIENTED_EDGE('',*,*,#3297,.F.);
#4705=ORIENTED_EDGE('',*,*,#3388,.F.);
#4706=ORIENTED_EDGE('',*,*,#2831,.F.);
#4707=ORIENTED_EDGE('',*,*,#3036,.T.);
#4708=ORIENTED_EDGE('',*,*,#3329,.F.);
#4709=ORIENTED_EDGE('',*,*,#3209,.T.);
#4710=ORIENTED_EDGE('',*,*,#2924,.F.);
#4711=ORIENTED_EDGE('',*,*,#3161,.T.);
#4712=ORIENTED_EDGE('',*,*,#2889,.F.);
#4713=ORIENTED_EDGE('',*,*,#3389,.F.);
#4714=ORIENTED_EDGE('',*,*,#3283,.F.);
#4715=ORIENTED_EDGE('',*,*,#3113,.T.);
#4716=ORIENTED_EDGE('',*,*,#2946,.F.);
#4717=ORIENTED_EDGE('',*,*,#3180,.T.);
#4718=ORIENTED_EDGE('',*,*,#3364,.F.);
#4719=ORIENTED_EDGE('',*,*,#3065,.T.);
#4720=ORIENTED_EDGE('',*,*,#2970,.F.);
#4721=ORIENTED_EDGE('',*,*,#3132,.T.);
#4722=ORIENTED_EDGE('',*,*,#3352,.F.);
#4723=ORIENTED_EDGE('',*,*,#3230,.T.);
#4724=ORIENTED_EDGE('',*,*,#2999,.F.);
#4725=ORIENTED_EDGE('',*,*,#3390,.F.);
#4726=ORIENTED_EDGE('',*,*,#3295,.F.);
#4727=ORIENTED_EDGE('',*,*,#3159,.T.);
#4728=ORIENTED_EDGE('',*,*,#3285,.F.);
#4729=ORIENTED_EDGE('',*,*,#3391,.F.);
#4730=ORIENTED_EDGE('',*,*,#3004,.F.);
#4731=ORIENTED_EDGE('',*,*,#3111,.T.);
#4732=ORIENTED_EDGE('',*,*,#3287,.F.);
#4733=ORIENTED_EDGE('',*,*,#3182,.T.);
#4734=ORIENTED_EDGE('',*,*,#2894,.F.);
#4735=ORIENTED_EDGE('',*,*,#3063,.T.);
#4736=ORIENTED_EDGE('',*,*,#3289,.F.);
#4737=ORIENTED_EDGE('',*,*,#3134,.T.);
#4738=ORIENTED_EDGE('',*,*,#2899,.F.);
#4739=ORIENTED_EDGE('',*,*,#3038,.T.);
#4740=ORIENTED_EDGE('',*,*,#2825,.F.);
#4741=ORIENTED_EDGE('',*,*,#3207,.T.);
#4742=ORIENTED_EDGE('',*,*,#3293,.F.);
#4743=ORIENTED_EDGE('',*,*,#3020,.T.);
#4744=ORIENTED_EDGE('',*,*,#2990,.F.);
#4745=ORIENTED_EDGE('',*,*,#3090,.T.);
#4746=ORIENTED_EDGE('',*,*,#3338,.F.);
#4747=ORIENTED_EDGE('',*,*,#3016,.T.);
#4748=ORIENTED_EDGE('',*,*,#3341,.F.);
#4749=ORIENTED_EDGE('',*,*,#3082,.T.);
#4750=ORIENTED_EDGE('',*,*,#2996,.F.);
#4751=ORIENTED_EDGE('',*,*,#3059,.T.);
#4752=ORIENTED_EDGE('',*,*,#2858,.F.);
#4753=ORIENTED_EDGE('',*,*,#3105,.T.);
#4754=ORIENTED_EDGE('',*,*,#3315,.F.);
#4755=ORIENTED_EDGE('',*,*,#3031,.T.);
#4756=ORIENTED_EDGE('',*,*,#3331,.F.);
#4757=ORIENTED_EDGE('',*,*,#3100,.T.);
#4758=ORIENTED_EDGE('',*,*,#2976,.F.);
#4759=ORIENTED_EDGE('',*,*,#3029,.T.);
#4760=ORIENTED_EDGE('',*,*,#2978,.F.);
#4761=ORIENTED_EDGE('',*,*,#3099,.T.);
#4762=ORIENTED_EDGE('',*,*,#3332,.F.);
#4763=ORIENTED_EDGE('',*,*,#3025,.T.);
#4764=ORIENTED_EDGE('',*,*,#3335,.F.);
#4765=ORIENTED_EDGE('',*,*,#3094,.T.);
#4766=ORIENTED_EDGE('',*,*,#2984,.F.);
#4767=ORIENTED_EDGE('',*,*,#3032,.T.);
#4768=ORIENTED_EDGE('',*,*,#2974,.F.);
#4769=ORIENTED_EDGE('',*,*,#3102,.T.);
#4770=ORIENTED_EDGE('',*,*,#3330,.F.);
#4771=ORIENTED_EDGE('',*,*,#3028,.T.);
#4772=ORIENTED_EDGE('',*,*,#3333,.F.);
#4773=ORIENTED_EDGE('',*,*,#3097,.T.);
#4774=ORIENTED_EDGE('',*,*,#2980,.F.);
#4775=ORIENTED_EDGE('',*,*,#3026,.T.);
#4776=ORIENTED_EDGE('',*,*,#2982,.F.);
#4777=ORIENTED_EDGE('',*,*,#3096,.T.);
#4778=ORIENTED_EDGE('',*,*,#3334,.F.);
#4779=ORIENTED_EDGE('',*,*,#3022,.T.);
#4780=ORIENTED_EDGE('',*,*,#3337,.F.);
#4781=ORIENTED_EDGE('',*,*,#3091,.T.);
#4782=ORIENTED_EDGE('',*,*,#2988,.F.);
#4783=ORIENTED_EDGE('',*,*,#3023,.T.);
#4784=ORIENTED_EDGE('',*,*,#2986,.F.);
#4785=ORIENTED_EDGE('',*,*,#3093,.T.);
#4786=ORIENTED_EDGE('',*,*,#3336,.F.);
#4787=ORIENTED_EDGE('',*,*,#3019,.T.);
#4788=ORIENTED_EDGE('',*,*,#3339,.F.);
#4789=ORIENTED_EDGE('',*,*,#3088,.T.);
#4790=ORIENTED_EDGE('',*,*,#2992,.F.);
#4791=ORIENTED_EDGE('',*,*,#3017,.T.);
#4792=ORIENTED_EDGE('',*,*,#2994,.F.);
#4793=ORIENTED_EDGE('',*,*,#3084,.T.);
#4794=ORIENTED_EDGE('',*,*,#3340,.F.);
#4795=ORIENTED_EDGE('',*,*,#3015,.T.);
#4796=ORIENTED_EDGE('',*,*,#3291,.F.);
#4797=ORIENTED_EDGE('',*,*,#3086,.T.);
#4798=ORIENTED_EDGE('',*,*,#2822,.F.);
#4799=ORIENTED_EDGE('',*,*,#3384,.T.);
#4800=ORIENTED_EDGE('',*,*,#3299,.T.);
#4801=ORIENTED_EDGE('',*,*,#3386,.T.);
#4802=ORIENTED_EDGE('',*,*,#2832,.F.);
#4803=ORIENTED_EDGE('',*,*,#3388,.T.);
#4804=ORIENTED_EDGE('',*,*,#3296,.T.);
#4805=ORIENTED_EDGE('',*,*,#3390,.T.);
#4806=ORIENTED_EDGE('',*,*,#2998,.F.);
#4807=ORIENTED_EDGE('',*,*,#3392,.F.);
#4808=ORIENTED_EDGE('',*,*,#3393,.T.);
#4809=ORIENTED_EDGE('',*,*,#3255,.T.);
#4810=ORIENTED_EDGE('',*,*,#3009,.F.);
#4811=ORIENTED_EDGE('',*,*,#3262,.T.);
#4812=ORIENTED_EDGE('',*,*,#3314,.T.);
#4813=ORIENTED_EDGE('',*,*,#3366,.T.);
#4814=ORIENTED_EDGE('',*,*,#2852,.F.);
#4815=ORIENTED_EDGE('',*,*,#3368,.T.);
#4816=ORIENTED_EDGE('',*,*,#3311,.T.);
#4817=ORIENTED_EDGE('',*,*,#3370,.T.);
#4818=ORIENTED_EDGE('',*,*,#2848,.F.);
#4819=ORIENTED_EDGE('',*,*,#3372,.T.);
#4820=ORIENTED_EDGE('',*,*,#3308,.T.);
#4821=ORIENTED_EDGE('',*,*,#3374,.T.);
#4822=ORIENTED_EDGE('',*,*,#2844,.F.);
#4823=ORIENTED_EDGE('',*,*,#3376,.T.);
#4824=ORIENTED_EDGE('',*,*,#3305,.T.);
#4825=ORIENTED_EDGE('',*,*,#3378,.T.);
#4826=ORIENTED_EDGE('',*,*,#2840,.F.);
#4827=ORIENTED_EDGE('',*,*,#3380,.T.);
#4828=ORIENTED_EDGE('',*,*,#3302,.T.);
#4829=ORIENTED_EDGE('',*,*,#3382,.T.);
#4830=ORIENTED_EDGE('',*,*,#2836,.F.);
#4831=ORIENTED_EDGE('',*,*,#3385,.T.);
#4832=ORIENTED_EDGE('',*,*,#2888,.F.);
#4833=ORIENTED_EDGE('',*,*,#3383,.T.);
#4834=ORIENTED_EDGE('',*,*,#3278,.T.);
#4835=ORIENTED_EDGE('',*,*,#3381,.T.);
#4836=ORIENTED_EDGE('',*,*,#2884,.F.);
#4837=ORIENTED_EDGE('',*,*,#3379,.T.);
#4838=ORIENTED_EDGE('',*,*,#3275,.T.);
#4839=ORIENTED_EDGE('',*,*,#3377,.T.);
#4840=ORIENTED_EDGE('',*,*,#2880,.F.);
#4841=ORIENTED_EDGE('',*,*,#3375,.T.);
#4842=ORIENTED_EDGE('',*,*,#3272,.T.);
#4843=ORIENTED_EDGE('',*,*,#3373,.T.);
#4844=ORIENTED_EDGE('',*,*,#2876,.F.);
#4845=ORIENTED_EDGE('',*,*,#3371,.T.);
#4846=ORIENTED_EDGE('',*,*,#3269,.T.);
#4847=ORIENTED_EDGE('',*,*,#3369,.T.);
#4848=ORIENTED_EDGE('',*,*,#2872,.F.);
#4849=ORIENTED_EDGE('',*,*,#3367,.T.);
#4850=ORIENTED_EDGE('',*,*,#3316,.T.);
#4851=ORIENTED_EDGE('',*,*,#3264,.T.);
#4852=ORIENTED_EDGE('',*,*,#3006,.F.);
#4853=ORIENTED_EDGE('',*,*,#3257,.F.);
#4854=ORIENTED_EDGE('',*,*,#3394,.T.);
#4855=ORIENTED_EDGE('',*,*,#3395,.T.);
#4856=ORIENTED_EDGE('',*,*,#3001,.F.);
#4857=ORIENTED_EDGE('',*,*,#3391,.T.);
#4858=ORIENTED_EDGE('',*,*,#3284,.T.);
#4859=ORIENTED_EDGE('',*,*,#3389,.T.);
#4860=ORIENTED_EDGE('',*,*,#2892,.F.);
#4861=ORIENTED_EDGE('',*,*,#3387,.T.);
#4862=ORIENTED_EDGE('',*,*,#3281,.T.);
#4863=ORIENTED_EDGE('',*,*,#3013,.T.);
#4864=ORIENTED_EDGE('',*,*,#2824,.F.);
#4865=ORIENTED_EDGE('',*,*,#3085,.T.);
#4866=ORIENTED_EDGE('',*,*,#3290,.T.);
#4867=ORIENTED_EDGE('',*,*,#3061,.T.);
#4868=ORIENTED_EDGE('',*,*,#2897,.F.);
#4869=ORIENTED_EDGE('',*,*,#3133,.T.);
#4870=ORIENTED_EDGE('',*,*,#3288,.T.);
#4871=ORIENTED_EDGE('',*,*,#3109,.T.);
#4872=ORIENTED_EDGE('',*,*,#2896,.F.);
#4873=ORIENTED_EDGE('',*,*,#3181,.T.);
#4874=ORIENTED_EDGE('',*,*,#3286,.T.);
#4875=ORIENTED_EDGE('',*,*,#3157,.T.);
#4876=ORIENTED_EDGE('',*,*,#3002,.F.);
#4877=ORIENTED_EDGE('',*,*,#3395,.F.);
#4878=ORIENTED_EDGE('',*,*,#3396,.T.);
#4879=ORIENTED_EDGE('',*,*,#3392,.T.);
#4880=ORIENTED_EDGE('',*,*,#2997,.F.);
#4881=ORIENTED_EDGE('',*,*,#3229,.T.);
#4882=ORIENTED_EDGE('',*,*,#3294,.T.);
#4883=ORIENTED_EDGE('',*,*,#3205,.T.);
#4884=ORIENTED_EDGE('',*,*,#2827,.F.);
#4885=ORIENTED_EDGE('',*,*,#3037,.T.);
#4886=ORIENTED_EDGE('',*,*,#3292,.T.);
#4887=ORIENTED_EDGE('',*,*,#3396,.F.);
#4888=ORIENTED_EDGE('',*,*,#3394,.F.);
#4889=ORIENTED_EDGE('',*,*,#3256,.F.);
#4890=ORIENTED_EDGE('',*,*,#3393,.F.);
#4891=PLANE('',#5479);
#4892=PLANE('',#5480);
#4893=PLANE('',#5481);
#4894=PLANE('',#5482);
#4895=PLANE('',#5483);
#4896=PLANE('',#5484);
#4897=PLANE('',#5485);
#4898=PLANE('',#5486);
#4899=PLANE('',#5487);
#4900=PLANE('',#5497);
#4901=PLANE('',#5498);
#4902=PLANE('',#5499);
#4903=PLANE('',#5520);
#4904=PLANE('',#5521);
#4905=PLANE('',#5522);
#4906=PLANE('',#5523);
#4907=PLANE('',#5524);
#4908=PLANE('',#5525);
#4909=PLANE('',#5527);
#4910=PLANE('',#5528);
#4911=PLANE('',#5529);
#4912=PLANE('',#5530);
#4913=PLANE('',#5532);
#4914=PLANE('',#5534);
#4915=PLANE('',#5535);
#4916=PLANE('',#5536);
#4917=PLANE('',#5537);
#4918=PLANE('',#5539);
#4919=PLANE('',#5541);
#4920=PLANE('',#5542);
#4921=PLANE('',#5543);
#4922=PLANE('',#5544);
#4923=PLANE('',#5546);
#4924=PLANE('',#5548);
#4925=PLANE('',#5549);
#4926=PLANE('',#5550);
#4927=PLANE('',#5551);
#4928=PLANE('',#5553);
#4929=PLANE('',#5555);
#4930=PLANE('',#5556);
#4931=PLANE('',#5557);
#4932=PLANE('',#5558);
#4933=PLANE('',#5560);
#4934=PLANE('',#5562);
#4935=PLANE('',#5563);
#4936=PLANE('',#5564);
#4937=PLANE('',#5565);
#4938=PLANE('',#5567);
#4939=PLANE('',#5569);
#4940=PLANE('',#5570);
#4941=PLANE('',#5571);
#4942=PLANE('',#5572);
#4943=PLANE('',#5577);
#4944=PLANE('',#5578);
#4945=PLANE('',#5582);
#4946=PLANE('',#5583);
#4947=PLANE('',#5587);
#4948=PLANE('',#5588);
#4949=PLANE('',#5592);
#4950=PLANE('',#5593);
#4951=PLANE('',#5594);
#4952=PLANE('',#5595);
#4953=PLANE('',#5596);
#4954=PLANE('',#5597);
#4955=PLANE('',#5598);
#4956=PLANE('',#5599);
#4957=PLANE('',#5600);
#4958=PLANE('',#5601);
#4959=PLANE('',#5602);
#4960=PLANE('',#5603);
#4961=PLANE('',#5604);
#4962=PLANE('',#5605);
#4963=PLANE('',#5606);
#4964=PLANE('',#5607);
#4965=PLANE('',#5608);
#4966=PLANE('',#5609);
#4967=PLANE('',#5610);
#4968=PLANE('',#5611);
#4969=PLANE('',#5612);
#4970=PLANE('',#5613);
#4971=PLANE('',#5614);
#4972=PLANE('',#5615);
#4973=PLANE('',#5616);
#4974=PLANE('',#5617);
#4975=PLANE('',#5618);
#4976=PLANE('',#5619);
#4977=PLANE('',#5620);
#4978=PLANE('',#5621);
#4979=PLANE('',#5622);
#4980=PLANE('',#5623);
#4981=PLANE('',#5624);
#4982=PLANE('',#5625);
#4983=PLANE('',#5626);
#4984=PLANE('',#5627);
#4985=PLANE('',#5628);
#4986=PLANE('',#5629);
#4987=PLANE('',#5630);
#4988=PLANE('',#5631);
#4989=PLANE('',#5632);
#4990=PLANE('',#5633);
#4991=PLANE('',#5634);
#4992=PLANE('',#5635);
#4993=PLANE('',#5636);
#4994=PLANE('',#5637);
#4995=PLANE('',#5638);
#4996=PLANE('',#5639);
#4997=PLANE('',#5640);
#4998=PLANE('',#5641);
#4999=PLANE('',#5642);
#5000=PLANE('',#5643);
#5001=PLANE('',#5644);
#5002=PLANE('',#5645);
#5003=PLANE('',#5646);
#5004=PLANE('',#5647);
#5005=PLANE('',#5648);
#5006=PLANE('',#5649);
#5007=PLANE('',#5650);
#5008=PLANE('',#5651);
#5009=PLANE('',#5652);
#5010=PLANE('',#5653);
#5011=PLANE('',#5654);
#5012=PLANE('',#5655);
#5013=PLANE('',#5656);
#5014=PLANE('',#5657);
#5015=PLANE('',#5658);
#5016=PLANE('',#5659);
#5017=PLANE('',#5660);
#5018=PLANE('',#5661);
#5019=PLANE('',#5662);
#5020=PLANE('',#5663);
#5021=PLANE('',#5664);
#5022=PLANE('',#5665);
#5023=PLANE('',#5666);
#5024=PLANE('',#5667);
#5025=PLANE('',#5668);
#5026=PLANE('',#5669);
#5027=PLANE('',#5670);
#5028=PLANE('',#5671);
#5029=PLANE('',#5672);
#5030=PLANE('',#5673);
#5031=PLANE('',#5674);
#5032=PLANE('',#5675);
#5033=PLANE('',#5676);
#5034=PLANE('',#5677);
#5035=PLANE('',#5678);
#5036=PLANE('',#5679);
#5037=PLANE('',#5680);
#5038=PLANE('',#5681);
#5039=PLANE('',#5682);
#5040=PLANE('',#5683);
#5041=PLANE('',#5684);
#5042=PLANE('',#5685);
#5043=PLANE('',#5686);
#5044=PLANE('',#5687);
#5045=PLANE('',#5688);
#5046=PLANE('',#5689);
#5047=PLANE('',#5690);
#5048=PLANE('',#5691);
#5049=PLANE('',#5692);
#5050=PLANE('',#5693);
#5051=PLANE('',#5694);
#5052=PLANE('',#5695);
#5053=PLANE('',#5696);
#5054=PLANE('',#5697);
#5055=PLANE('',#5698);
#5056=PLANE('',#5699);
#5057=PLANE('',#5700);
#5058=PLANE('',#5701);
#5059=PLANE('',#5702);
#5060=PLANE('',#5703);
#5061=PLANE('',#5704);
#5062=PLANE('',#5705);
#5063=PLANE('',#5706);
#5064=PLANE('',#5707);
#5065=PLANE('',#5708);
#5066=PLANE('',#5709);
#5067=PLANE('',#5710);
#5068=PLANE('',#5711);
#5069=PLANE('',#5712);
#5070=PLANE('',#5713);
#5071=PLANE('',#5714);
#5072=PLANE('',#5715);
#5073=PLANE('',#5716);
#5074=PLANE('',#5717);
#5075=PLANE('',#5718);
#5076=PLANE('',#5719);
#5077=PLANE('',#5720);
#5078=PLANE('',#5721);
#5079=PLANE('',#5722);
#5080=PLANE('',#5723);
#5081=PLANE('',#5724);
#5082=PLANE('',#5725);
#5083=PLANE('',#5726);
#5084=PLANE('',#5727);
#5085=PLANE('',#5728);
#5086=PLANE('',#5729);
#5087=PLANE('',#5730);
#5088=PLANE('',#5731);
#5089=PLANE('',#5732);
#5090=PLANE('',#5733);
#5091=PLANE('',#5734);
#5092=PLANE('',#5735);
#5093=PLANE('',#5736);
#5094=PLANE('',#5737);
#5095=PLANE('',#5738);
#5096=PLANE('',#5739);
#5097=PLANE('',#5740);
#5098=PLANE('',#5741);
#5099=PLANE('',#5742);
#5100=PLANE('',#5743);
#5101=PLANE('',#5744);
#5102=PLANE('',#5745);
#5103=PLANE('',#5746);
#5104=PLANE('',#5747);
#5105=PLANE('',#5748);
#5106=PLANE('',#5749);
#5107=PLANE('',#5750);
#5108=PLANE('',#5751);
#5109=PLANE('',#5752);
#5110=PLANE('',#5753);
#5111=PLANE('',#5754);
#5112=PLANE('',#5755);
#5113=PLANE('',#5756);
#5114=PLANE('',#5757);
#5115=PLANE('',#5758);
#5116=PLANE('',#5759);
#5117=PLANE('',#5760);
#5118=PLANE('',#5761);
#5119=PLANE('',#5762);
#5120=PLANE('',#5763);
#5121=PLANE('',#5764);
#5122=PLANE('',#5765);
#5123=PLANE('',#5766);
#5124=PLANE('',#5767);
#5125=PLANE('',#5768);
#5126=PLANE('',#5769);
#5127=PLANE('',#5770);
#5128=PLANE('',#5771);
#5129=PLANE('',#5772);
#5130=PLANE('',#5773);
#5131=PLANE('',#5774);
#5132=PLANE('',#5775);
#5133=PLANE('',#5776);
#5134=PLANE('',#5777);
#5135=PLANE('',#5778);
#5136=PLANE('',#5779);
#5137=PLANE('',#5780);
#5138=PLANE('',#5781);
#5139=PLANE('',#5782);
#5140=PLANE('',#5783);
#5141=PLANE('',#5784);
#5142=PLANE('',#5785);
#5143=PLANE('',#5786);
#5144=PLANE('',#5787);
#5145=PLANE('',#5788);
#5146=PLANE('',#5789);
#5147=PLANE('',#5790);
#5148=PLANE('',#5791);
#5149=PLANE('',#5792);
#5150=PLANE('',#5793);
#5151=PLANE('',#5794);
#5152=PLANE('',#5795);
#5153=PLANE('',#5796);
#5154=PLANE('',#5797);
#5155=PLANE('',#5798);
#5156=PLANE('',#5799);
#5157=PLANE('',#5800);
#5158=PLANE('',#5801);
#5159=PLANE('',#5802);
#5160=PLANE('',#5803);
#5161=PLANE('',#5804);
#5162=PLANE('',#5805);
#5163=PLANE('',#5806);
#5164=PLANE('',#5807);
#5165=PLANE('',#5808);
#5166=PLANE('',#5809);
#5167=PLANE('',#5810);
#5168=PLANE('',#5811);
#5169=ADVANCED_FACE('',(#120),#4891,.T.);
#5170=ADVANCED_FACE('',(#121),#4892,.T.);
#5171=ADVANCED_FACE('',(#122),#4893,.T.);
#5172=ADVANCED_FACE('',(#123),#4894,.F.);
#5173=ADVANCED_FACE('',(#124),#4895,.F.);
#5174=ADVANCED_FACE('',(#125),#4896,.F.);
#5175=ADVANCED_FACE('',(#126),#4897,.F.);
#5176=ADVANCED_FACE('',(#127),#4898,.F.);
#5177=ADVANCED_FACE('',(#128,#38,#39,#40,#41,#42),#4899,.T.);
#5178=ADVANCED_FACE('',(#129),#4900,.F.);
#5179=ADVANCED_FACE('',(#130),#4901,.F.);
#5180=ADVANCED_FACE('',(#131),#4902,.F.);
#5181=ADVANCED_FACE('',(#132),#25,.T.);
#5182=ADVANCED_FACE('',(#133),#26,.T.);
#5183=ADVANCED_FACE('',(#134),#27,.T.);
#5184=ADVANCED_FACE('',(#135),#28,.T.);
#5185=ADVANCED_FACE('',(#136),#29,.F.);
#5186=ADVANCED_FACE('',(#137),#30,.F.);
#5187=ADVANCED_FACE('',(#138),#31,.F.);
#5188=ADVANCED_FACE('',(#139),#32,.F.);
#5189=ADVANCED_FACE('',(#140),#33,.F.);
#5190=ADVANCED_FACE('',(#141,#43,#44,#45,#46),#4903,.F.);
#5191=ADVANCED_FACE('',(#142),#4904,.T.);
#5192=ADVANCED_FACE('',(#143),#4905,.F.);
#5193=ADVANCED_FACE('',(#144),#4906,.F.);
#5194=ADVANCED_FACE('',(#145),#4907,.F.);
#5195=ADVANCED_FACE('',(#146),#4908,.T.);
#5196=ADVANCED_FACE('',(#147),#4909,.T.);
#5197=ADVANCED_FACE('',(#148),#4910,.T.);
#5198=ADVANCED_FACE('',(#149),#4911,.T.);
#5199=ADVANCED_FACE('',(#150),#4912,.F.);
#5200=ADVANCED_FACE('',(#151),#4913,.T.);
#5201=ADVANCED_FACE('',(#152),#4914,.T.);
#5202=ADVANCED_FACE('',(#153),#4915,.T.);
#5203=ADVANCED_FACE('',(#154),#4916,.T.);
#5204=ADVANCED_FACE('',(#155),#4917,.F.);
#5205=ADVANCED_FACE('',(#156),#4918,.T.);
#5206=ADVANCED_FACE('',(#157),#4919,.T.);
#5207=ADVANCED_FACE('',(#158),#4920,.T.);
#5208=ADVANCED_FACE('',(#159),#4921,.T.);
#5209=ADVANCED_FACE('',(#160),#4922,.F.);
#5210=ADVANCED_FACE('',(#161),#4923,.T.);
#5211=ADVANCED_FACE('',(#162),#4924,.T.);
#5212=ADVANCED_FACE('',(#163),#4925,.T.);
#5213=ADVANCED_FACE('',(#164),#4926,.T.);
#5214=ADVANCED_FACE('',(#165),#4927,.F.);
#5215=ADVANCED_FACE('',(#166),#4928,.T.);
#5216=ADVANCED_FACE('',(#167),#4929,.T.);
#5217=ADVANCED_FACE('',(#168),#4930,.T.);
#5218=ADVANCED_FACE('',(#169),#4931,.T.);
#5219=ADVANCED_FACE('',(#170),#4932,.F.);
#5220=ADVANCED_FACE('',(#171),#4933,.T.);
#5221=ADVANCED_FACE('',(#172),#4934,.T.);
#5222=ADVANCED_FACE('',(#173),#4935,.T.);
#5223=ADVANCED_FACE('',(#174),#4936,.T.);
#5224=ADVANCED_FACE('',(#175),#4937,.F.);
#5225=ADVANCED_FACE('',(#176),#4938,.T.);
#5226=ADVANCED_FACE('',(#177),#4939,.T.);
#5227=ADVANCED_FACE('',(#178),#4940,.T.);
#5228=ADVANCED_FACE('',(#179),#4941,.T.);
#5229=ADVANCED_FACE('',(#180),#4942,.F.);
#5230=ADVANCED_FACE('',(#181,#47,#48,#49,#50,#51,#52,#53),#34,.T.);
#5231=ADVANCED_FACE('',(#182),#4943,.T.);
#5232=ADVANCED_FACE('',(#183),#4944,.F.);
#5233=ADVANCED_FACE('',(#184),#35,.T.);
#5234=ADVANCED_FACE('',(#185),#4945,.T.);
#5235=ADVANCED_FACE('',(#186),#4946,.F.);
#5236=ADVANCED_FACE('',(#187),#36,.T.);
#5237=ADVANCED_FACE('',(#188),#4947,.T.);
#5238=ADVANCED_FACE('',(#189),#4948,.F.);
#5239=ADVANCED_FACE('',(#190),#37,.T.);
#5240=ADVANCED_FACE('',(#191),#4949,.T.);
#5241=ADVANCED_FACE('',(#192),#4950,.F.);
#5242=ADVANCED_FACE('',(#193),#4951,.F.);
#5243=ADVANCED_FACE('',(#194),#4952,.F.);
#5244=ADVANCED_FACE('',(#195),#4953,.F.);
#5245=ADVANCED_FACE('',(#196),#4954,.F.);
#5246=ADVANCED_FACE('',(#197),#4955,.F.);
#5247=ADVANCED_FACE('',(#198),#4956,.F.);
#5248=ADVANCED_FACE('',(#199),#4957,.F.);
#5249=ADVANCED_FACE('',(#200),#4958,.F.);
#5250=ADVANCED_FACE('',(#201),#4959,.F.);
#5251=ADVANCED_FACE('',(#202),#4960,.F.);
#5252=ADVANCED_FACE('',(#203),#4961,.F.);
#5253=ADVANCED_FACE('',(#204),#4962,.F.);
#5254=ADVANCED_FACE('',(#205),#4963,.F.);
#5255=ADVANCED_FACE('',(#206),#4964,.F.);
#5256=ADVANCED_FACE('',(#207),#4965,.F.);
#5257=ADVANCED_FACE('',(#208),#4966,.F.);
#5258=ADVANCED_FACE('',(#209),#4967,.F.);
#5259=ADVANCED_FACE('',(#210),#4968,.F.);
#5260=ADVANCED_FACE('',(#211),#4969,.F.);
#5261=ADVANCED_FACE('',(#212),#4970,.F.);
#5262=ADVANCED_FACE('',(#213),#4971,.T.);
#5263=ADVANCED_FACE('',(#214),#4972,.T.);
#5264=ADVANCED_FACE('',(#215),#4973,.T.);
#5265=ADVANCED_FACE('',(#216),#4974,.T.);
#5266=ADVANCED_FACE('',(#217),#4975,.T.);
#5267=ADVANCED_FACE('',(#218),#4976,.T.);
#5268=ADVANCED_FACE('',(#219),#4977,.T.);
#5269=ADVANCED_FACE('',(#220),#4978,.T.);
#5270=ADVANCED_FACE('',(#221),#4979,.T.);
#5271=ADVANCED_FACE('',(#222),#4980,.T.);
#5272=ADVANCED_FACE('',(#223),#4981,.T.);
#5273=ADVANCED_FACE('',(#224),#4982,.T.);
#5274=ADVANCED_FACE('',(#225),#4983,.T.);
#5275=ADVANCED_FACE('',(#226),#4984,.T.);
#5276=ADVANCED_FACE('',(#227),#4985,.T.);
#5277=ADVANCED_FACE('',(#228),#4986,.T.);
#5278=ADVANCED_FACE('',(#229),#4987,.T.);
#5279=ADVANCED_FACE('',(#230),#4988,.T.);
#5280=ADVANCED_FACE('',(#231),#4989,.T.);
#5281=ADVANCED_FACE('',(#232),#4990,.T.);
#5282=ADVANCED_FACE('',(#233),#4991,.T.);
#5283=ADVANCED_FACE('',(#234),#4992,.T.);
#5284=ADVANCED_FACE('',(#235),#4993,.T.);
#5285=ADVANCED_FACE('',(#236),#4994,.T.);
#5286=ADVANCED_FACE('',(#237),#4995,.T.);
#5287=ADVANCED_FACE('',(#238),#4996,.T.);
#5288=ADVANCED_FACE('',(#239),#4997,.T.);
#5289=ADVANCED_FACE('',(#240),#4998,.T.);
#5290=ADVANCED_FACE('',(#241),#4999,.F.);
#5291=ADVANCED_FACE('',(#242),#5000,.F.);
#5292=ADVANCED_FACE('',(#243),#5001,.F.);
#5293=ADVANCED_FACE('',(#244),#5002,.F.);
#5294=ADVANCED_FACE('',(#245),#5003,.F.);
#5295=ADVANCED_FACE('',(#246),#5004,.F.);
#5296=ADVANCED_FACE('',(#247),#5005,.F.);
#5297=ADVANCED_FACE('',(#248),#5006,.F.);
#5298=ADVANCED_FACE('',(#249),#5007,.F.);
#5299=ADVANCED_FACE('',(#250),#5008,.F.);
#5300=ADVANCED_FACE('',(#251),#5009,.F.);
#5301=ADVANCED_FACE('',(#252),#5010,.F.);
#5302=ADVANCED_FACE('',(#253),#5011,.F.);
#5303=ADVANCED_FACE('',(#254),#5012,.F.);
#5304=ADVANCED_FACE('',(#255),#5013,.F.);
#5305=ADVANCED_FACE('',(#256),#5014,.F.);
#5306=ADVANCED_FACE('',(#257),#5015,.F.);
#5307=ADVANCED_FACE('',(#258),#5016,.F.);
#5308=ADVANCED_FACE('',(#259),#5017,.F.);
#5309=ADVANCED_FACE('',(#260),#5018,.F.);
#5310=ADVANCED_FACE('',(#261),#5019,.F.);
#5311=ADVANCED_FACE('',(#262),#5020,.F.);
#5312=ADVANCED_FACE('',(#263),#5021,.F.);
#5313=ADVANCED_FACE('',(#264),#5022,.F.);
#5314=ADVANCED_FACE('',(#265),#5023,.F.);
#5315=ADVANCED_FACE('',(#266),#5024,.F.);
#5316=ADVANCED_FACE('',(#267),#5025,.F.);
#5317=ADVANCED_FACE('',(#268),#5026,.F.);
#5318=ADVANCED_FACE('',(#269),#5027,.F.);
#5319=ADVANCED_FACE('',(#270),#5028,.F.);
#5320=ADVANCED_FACE('',(#271),#5029,.F.);
#5321=ADVANCED_FACE('',(#272),#5030,.F.);
#5322=ADVANCED_FACE('',(#273),#5031,.F.);
#5323=ADVANCED_FACE('',(#274),#5032,.F.);
#5324=ADVANCED_FACE('',(#275),#5033,.F.);
#5325=ADVANCED_FACE('',(#276),#5034,.F.);
#5326=ADVANCED_FACE('',(#277),#5035,.F.);
#5327=ADVANCED_FACE('',(#278),#5036,.F.);
#5328=ADVANCED_FACE('',(#279),#5037,.F.);
#5329=ADVANCED_FACE('',(#280),#5038,.F.);
#5330=ADVANCED_FACE('',(#281),#5039,.F.);
#5331=ADVANCED_FACE('',(#282),#5040,.F.);
#5332=ADVANCED_FACE('',(#283),#5041,.F.);
#5333=ADVANCED_FACE('',(#284),#5042,.F.);
#5334=ADVANCED_FACE('',(#285),#5043,.F.);
#5335=ADVANCED_FACE('',(#286),#5044,.F.);
#5336=ADVANCED_FACE('',(#287),#5045,.F.);
#5337=ADVANCED_FACE('',(#288),#5046,.F.);
#5338=ADVANCED_FACE('',(#289),#5047,.F.);
#5339=ADVANCED_FACE('',(#290),#5048,.F.);
#5340=ADVANCED_FACE('',(#291),#5049,.F.);
#5341=ADVANCED_FACE('',(#292),#5050,.F.);
#5342=ADVANCED_FACE('',(#293),#5051,.F.);
#5343=ADVANCED_FACE('',(#294),#5052,.F.);
#5344=ADVANCED_FACE('',(#295),#5053,.F.);
#5345=ADVANCED_FACE('',(#296),#5054,.F.);
#5346=ADVANCED_FACE('',(#297),#5055,.F.);
#5347=ADVANCED_FACE('',(#298),#5056,.F.);
#5348=ADVANCED_FACE('',(#299),#5057,.F.);
#5349=ADVANCED_FACE('',(#300),#5058,.F.);
#5350=ADVANCED_FACE('',(#301),#5059,.F.);
#5351=ADVANCED_FACE('',(#302),#5060,.F.);
#5352=ADVANCED_FACE('',(#303),#5061,.F.);
#5353=ADVANCED_FACE('',(#304),#5062,.F.);
#5354=ADVANCED_FACE('',(#305),#5063,.F.);
#5355=ADVANCED_FACE('',(#306),#5064,.F.);
#5356=ADVANCED_FACE('',(#307),#5065,.F.);
#5357=ADVANCED_FACE('',(#308),#5066,.F.);
#5358=ADVANCED_FACE('',(#309),#5067,.F.);
#5359=ADVANCED_FACE('',(#310),#5068,.F.);
#5360=ADVANCED_FACE('',(#311),#5069,.F.);
#5361=ADVANCED_FACE('',(#312),#5070,.F.);
#5362=ADVANCED_FACE('',(#313),#5071,.F.);
#5363=ADVANCED_FACE('',(#314),#5072,.F.);
#5364=ADVANCED_FACE('',(#315),#5073,.F.);
#5365=ADVANCED_FACE('',(#316),#5074,.F.);
#5366=ADVANCED_FACE('',(#317),#5075,.F.);
#5367=ADVANCED_FACE('',(#318),#5076,.F.);
#5368=ADVANCED_FACE('',(#319),#5077,.F.);
#5369=ADVANCED_FACE('',(#320),#5078,.F.);
#5370=ADVANCED_FACE('',(#321),#5079,.T.);
#5371=ADVANCED_FACE('',(#322),#5080,.F.);
#5372=ADVANCED_FACE('',(#323),#5081,.F.);
#5373=ADVANCED_FACE('',(#324),#5082,.F.);
#5374=ADVANCED_FACE('',(#325),#5083,.F.);
#5375=ADVANCED_FACE('',(#326),#5084,.F.);
#5376=ADVANCED_FACE('',(#327,#54,#55,#56,#57,#58,#59,#60,#61,#62,#63,#64,
#65,#66,#67,#68,#69,#70,#71,#72,#73,#74,#75,#76,#77),#5085,.T.);
#5377=ADVANCED_FACE('',(#328),#5086,.F.);
#5378=ADVANCED_FACE('',(#329),#5087,.F.);
#5379=ADVANCED_FACE('',(#330),#5088,.F.);
#5380=ADVANCED_FACE('',(#331),#5089,.F.);
#5381=ADVANCED_FACE('',(#332),#5090,.F.);
#5382=ADVANCED_FACE('',(#333),#5091,.F.);
#5383=ADVANCED_FACE('',(#334),#5092,.F.);
#5384=ADVANCED_FACE('',(#335),#5093,.F.);
#5385=ADVANCED_FACE('',(#336),#5094,.F.);
#5386=ADVANCED_FACE('',(#337),#5095,.F.);
#5387=ADVANCED_FACE('',(#338),#5096,.F.);
#5388=ADVANCED_FACE('',(#339),#5097,.F.);
#5389=ADVANCED_FACE('',(#340),#5098,.F.);
#5390=ADVANCED_FACE('',(#341),#5099,.F.);
#5391=ADVANCED_FACE('',(#342),#5100,.F.);
#5392=ADVANCED_FACE('',(#343),#5101,.F.);
#5393=ADVANCED_FACE('',(#344),#5102,.F.);
#5394=ADVANCED_FACE('',(#345),#5103,.F.);
#5395=ADVANCED_FACE('',(#346),#5104,.F.);
#5396=ADVANCED_FACE('',(#347),#5105,.F.);
#5397=ADVANCED_FACE('',(#348),#5106,.F.);
#5398=ADVANCED_FACE('',(#349),#5107,.F.);
#5399=ADVANCED_FACE('',(#350),#5108,.F.);
#5400=ADVANCED_FACE('',(#351),#5109,.F.);
#5401=ADVANCED_FACE('',(#352),#5110,.F.);
#5402=ADVANCED_FACE('',(#353),#5111,.F.);
#5403=ADVANCED_FACE('',(#354),#5112,.F.);
#5404=ADVANCED_FACE('',(#355),#5113,.F.);
#5405=ADVANCED_FACE('',(#356),#5114,.F.);
#5406=ADVANCED_FACE('',(#357),#5115,.F.);
#5407=ADVANCED_FACE('',(#358),#5116,.F.);
#5408=ADVANCED_FACE('',(#359),#5117,.F.);
#5409=ADVANCED_FACE('',(#360),#5118,.F.);
#5410=ADVANCED_FACE('',(#361),#5119,.F.);
#5411=ADVANCED_FACE('',(#362),#5120,.F.);
#5412=ADVANCED_FACE('',(#363),#5121,.F.);
#5413=ADVANCED_FACE('',(#364),#5122,.F.);
#5414=ADVANCED_FACE('',(#365),#5123,.F.);
#5415=ADVANCED_FACE('',(#366),#5124,.F.);
#5416=ADVANCED_FACE('',(#367),#5125,.F.);
#5417=ADVANCED_FACE('',(#368),#5126,.F.);
#5418=ADVANCED_FACE('',(#369),#5127,.F.);
#5419=ADVANCED_FACE('',(#370),#5128,.F.);
#5420=ADVANCED_FACE('',(#371),#5129,.F.);
#5421=ADVANCED_FACE('',(#372),#5130,.F.);
#5422=ADVANCED_FACE('',(#373),#5131,.F.);
#5423=ADVANCED_FACE('',(#374),#5132,.F.);
#5424=ADVANCED_FACE('',(#375),#5133,.F.);
#5425=ADVANCED_FACE('',(#376),#5134,.F.);
#5426=ADVANCED_FACE('',(#377),#5135,.F.);
#5427=ADVANCED_FACE('',(#378),#5136,.F.);
#5428=ADVANCED_FACE('',(#379),#5137,.F.);
#5429=ADVANCED_FACE('',(#380),#5138,.F.);
#5430=ADVANCED_FACE('',(#381),#5139,.F.);
#5431=ADVANCED_FACE('',(#382),#5140,.F.);
#5432=ADVANCED_FACE('',(#383),#5141,.F.);
#5433=ADVANCED_FACE('',(#384),#5142,.F.);
#5434=ADVANCED_FACE('',(#385),#5143,.F.);
#5435=ADVANCED_FACE('',(#386),#5144,.F.);
#5436=ADVANCED_FACE('',(#387),#5145,.F.);
#5437=ADVANCED_FACE('',(#388),#5146,.F.);
#5438=ADVANCED_FACE('',(#389),#5147,.F.);
#5439=ADVANCED_FACE('',(#390),#5148,.F.);
#5440=ADVANCED_FACE('',(#391),#5149,.F.);
#5441=ADVANCED_FACE('',(#392),#5150,.F.);
#5442=ADVANCED_FACE('',(#393),#5151,.F.);
#5443=ADVANCED_FACE('',(#394),#5152,.F.);
#5444=ADVANCED_FACE('',(#395),#5153,.F.);
#5445=ADVANCED_FACE('',(#396),#5154,.F.);
#5446=ADVANCED_FACE('',(#397),#5155,.F.);
#5447=ADVANCED_FACE('',(#398),#5156,.F.);
#5448=ADVANCED_FACE('',(#399),#5157,.F.);
#5449=ADVANCED_FACE('',(#400),#5158,.F.);
#5450=ADVANCED_FACE('',(#401),#5159,.F.);
#5451=ADVANCED_FACE('',(#402),#5160,.F.);
#5452=ADVANCED_FACE('',(#403),#5161,.F.);
#5453=ADVANCED_FACE('',(#404),#5162,.F.);
#5454=ADVANCED_FACE('',(#405),#5163,.F.);
#5455=ADVANCED_FACE('',(#406),#5164,.F.);
#5456=ADVANCED_FACE('',(#407),#5165,.T.);
#5457=ADVANCED_FACE('',(#408),#5166,.T.);
#5458=ADVANCED_FACE('',(#409),#5167,.T.);
#5459=ADVANCED_FACE('',(#410),#5168,.F.);
#5460=CLOSED_SHELL('',(#5169,#5170,#5171,#5172,#5173,#5174,#5175,#5176,
#5177,#5178,#5179,#5180,#5181,#5182,#5183,#5184,#5185,#5186,#5187,#5188,
#5189,#5190,#5191,#5192,#5193,#5194));
#5461=CLOSED_SHELL('',(#5195,#5196,#5197,#5198,#5199,#5200,#5201,#5202,
#5203,#5204,#5205,#5206,#5207,#5208,#5209,#5210,#5211,#5212,#5213,#5214,
#5215,#5216,#5217,#5218,#5219,#5220,#5221,#5222,#5223,#5224,#5225,#5226,
#5227,#5228,#5229,#5230,#5231,#5232));
#5462=CLOSED_SHELL('',(#5233,#5234,#5235));
#5463=CLOSED_SHELL('',(#5236,#5237,#5238));
#5464=CLOSED_SHELL('',(#5239,#5240,#5241));
#5465=CLOSED_SHELL('',(#5242,#5243,#5244,#5245,#5246,#5247,#5248,#5249,
#5250,#5251,#5252,#5253,#5254,#5255,#5256,#5257,#5258,#5259,#5260,#5261,
#5262,#5263,#5264,#5265,#5266,#5267,#5268,#5269,#5270,#5271,#5272,#5273,
#5274,#5275,#5276,#5277,#5278,#5279,#5280,#5281,#5282,#5283,#5284,#5285,
#5286,#5287,#5288,#5289,#5290,#5291,#5292,#5293,#5294,#5295,#5296,#5297,
#5298,#5299,#5300,#5301,#5302,#5303,#5304,#5305,#5306,#5307,#5308,#5309,
#5310,#5311,#5312,#5313,#5314,#5315,#5316,#5317,#5318,#5319,#5320,#5321,
#5322,#5323,#5324,#5325,#5326,#5327,#5328,#5329,#5330,#5331,#5332,#5333,
#5334,#5335,#5336,#5337,#5338,#5339,#5340,#5341,#5342,#5343,#5344,#5345,
#5346,#5347,#5348,#5349,#5350,#5351,#5352,#5353,#5354,#5355,#5356,#5357,
#5358,#5359,#5360,#5361,#5362,#5363,#5364,#5365,#5366,#5367,#5368,#5369,
#5370,#5371,#5372,#5373,#5374,#5375,#5376,#5377,#5378,#5379,#5380,#5381,
#5382,#5383,#5384,#5385,#5386,#5387,#5388,#5389,#5390,#5391,#5392,#5393,
#5394,#5395,#5396,#5397,#5398,#5399,#5400,#5401,#5402,#5403,#5404,#5405,
#5406,#5407,#5408,#5409,#5410,#5411,#5412,#5413,#5414,#5415,#5416,#5417,
#5418,#5419,#5420,#5421,#5422,#5423,#5424,#5425,#5426,#5427,#5428,#5429,
#5430,#5431,#5432,#5433,#5434,#5435,#5436,#5437,#5438,#5439,#5440,#5441,
#5442,#5443,#5444,#5445,#5446,#5447,#5448,#5449,#5450,#5451,#5452,#5453,
#5454,#5455,#5456,#5457,#5458,#5459));
#5466=DERIVED_UNIT_ELEMENT(#5468,1.);
#5467=DERIVED_UNIT_ELEMENT(#8727,-3.);
#5468=(
MASS_UNIT()
NAMED_UNIT(*)
SI_UNIT(.KILO.,.GRAM.)
);
#5469=DERIVED_UNIT((#5466,#5467));
#5470=MEASURE_REPRESENTATION_ITEM('density measure',
POSITIVE_RATIO_MEASURE(7850.),#5469);
#5471=PROPERTY_DEFINITION_REPRESENTATION(#5476,#5473);
#5472=PROPERTY_DEFINITION_REPRESENTATION(#5477,#5474);
#5473=REPRESENTATION('material name',(#5475),#8724);
#5474=REPRESENTATION('density',(#5470),#8724);
#5475=DESCRIPTIVE_REPRESENTATION_ITEM('Steel','Steel');
#5476=PROPERTY_DEFINITION('material property','material name',#8734);
#5477=PROPERTY_DEFINITION('material property','density of part',#8734);
#5478=AXIS2_PLACEMENT_3D('',#7185,#5812,#5813);
#5479=AXIS2_PLACEMENT_3D('',#7186,#5814,#5815);
#5480=AXIS2_PLACEMENT_3D('',#7195,#5820,#5821);
#5481=AXIS2_PLACEMENT_3D('',#7204,#5826,#5827);
#5482=AXIS2_PLACEMENT_3D('',#7213,#5832,#5833);
#5483=AXIS2_PLACEMENT_3D('',#7222,#5838,#5839);
#5484=AXIS2_PLACEMENT_3D('',#7228,#5843,#5844);
#5485=AXIS2_PLACEMENT_3D('',#7234,#5848,#5849);
#5486=AXIS2_PLACEMENT_3D('',#7240,#5853,#5854);
#5487=AXIS2_PLACEMENT_3D('',#7249,#5859,#5860);
#5488=AXIS2_PLACEMENT_3D('',#7252,#5862,#5863);
#5489=AXIS2_PLACEMENT_3D('',#7255,#5865,#5866);
#5490=AXIS2_PLACEMENT_3D('',#7259,#5869,#5870);
#5491=AXIS2_PLACEMENT_3D('',#7260,#5871,#5872);
#5492=AXIS2_PLACEMENT_3D('',#7262,#5873,#5874);
#5493=AXIS2_PLACEMENT_3D('',#7264,#5875,#5876);
#5494=AXIS2_PLACEMENT_3D('',#7266,#5877,#5878);
#5495=AXIS2_PLACEMENT_3D('',#7268,#5879,#5880);
#5496=AXIS2_PLACEMENT_3D('',#7270,#5881,#5882);
#5497=AXIS2_PLACEMENT_3D('',#7271,#5883,#5884);
#5498=AXIS2_PLACEMENT_3D('',#7275,#5887,#5888);
#5499=AXIS2_PLACEMENT_3D('',#7279,#5891,#5892);
#5500=AXIS2_PLACEMENT_3D('',#7283,#5895,#5896);
#5501=AXIS2_PLACEMENT_3D('',#7284,#5897,#5898);
#5502=AXIS2_PLACEMENT_3D('',#7285,#5899,#5900);
#5503=AXIS2_PLACEMENT_3D('',#7286,#5901,#5902);
#5504=AXIS2_PLACEMENT_3D('',#7287,#5903,#5904);
#5505=AXIS2_PLACEMENT_3D('',#7288,#5905,#5906);
#5506=AXIS2_PLACEMENT_3D('',#7289,#5907,#5908);
#5507=AXIS2_PLACEMENT_3D('',#7290,#5909,#5910);
#5508=AXIS2_PLACEMENT_3D('',#7291,#5911,#5912);
#5509=AXIS2_PLACEMENT_3D('',#7293,#5913,#5914);
#5510=AXIS2_PLACEMENT_3D('',#7295,#5916,#5917);
#5511=AXIS2_PLACEMENT_3D('',#7300,#5919,#5920);
#5512=AXIS2_PLACEMENT_3D('',#7303,#5922,#5923);
#5513=AXIS2_PLACEMENT_3D('',#7306,#5925,#5926);
#5514=AXIS2_PLACEMENT_3D('',#7307,#5927,#5928);
#5515=AXIS2_PLACEMENT_3D('',#7309,#5929,#5930);
#5516=AXIS2_PLACEMENT_3D('',#7311,#5932,#5933);
#5517=AXIS2_PLACEMENT_3D('',#7313,#5934,#5935);
#5518=AXIS2_PLACEMENT_3D('',#7315,#5937,#5938);
#5519=AXIS2_PLACEMENT_3D('',#7317,#5939,#5940);
#5520=AXIS2_PLACEMENT_3D('',#7319,#5942,#5943);
#5521=AXIS2_PLACEMENT_3D('',#7326,#5948,#5949);
#5522=AXIS2_PLACEMENT_3D('',#7332,#5953,#5954);
#5523=AXIS2_PLACEMENT_3D('',#7335,#5957,#5958);
#5524=AXIS2_PLACEMENT_3D('',#7336,#5959,#5960);
#5525=AXIS2_PLACEMENT_3D('',#7337,#5961,#5962);
#5526=AXIS2_PLACEMENT_3D('',#7340,#5963,#5964);
#5527=AXIS2_PLACEMENT_3D('',#7346,#5968,#5969);
#5528=AXIS2_PLACEMENT_3D('',#7352,#5973,#5974);
#5529=AXIS2_PLACEMENT_3D('',#7358,#5978,#5979);
#5530=AXIS2_PLACEMENT_3D('',#7360,#5981,#5982);
#5531=AXIS2_PLACEMENT_3D('',#7361,#5983,#5984);
#5532=AXIS2_PLACEMENT_3D('',#7362,#5985,#5986);
#5533=AXIS2_PLACEMENT_3D('',#7365,#5987,#5988);
#5534=AXIS2_PLACEMENT_3D('',#7371,#5992,#5993);
#5535=AXIS2_PLACEMENT_3D('',#7377,#5997,#5998);
#5536=AXIS2_PLACEMENT_3D('',#7383,#6002,#6003);
#5537=AXIS2_PLACEMENT_3D('',#7385,#6005,#6006);
#5538=AXIS2_PLACEMENT_3D('',#7386,#6007,#6008);
#5539=AXIS2_PLACEMENT_3D('',#7387,#6009,#6010);
#5540=AXIS2_PLACEMENT_3D('',#7390,#6011,#6012);
#5541=AXIS2_PLACEMENT_3D('',#7396,#6016,#6017);
#5542=AXIS2_PLACEMENT_3D('',#7402,#6021,#6022);
#5543=AXIS2_PLACEMENT_3D('',#7408,#6026,#6027);
#5544=AXIS2_PLACEMENT_3D('',#7410,#6029,#6030);
#5545=AXIS2_PLACEMENT_3D('',#7411,#6031,#6032);
#5546=AXIS2_PLACEMENT_3D('',#7412,#6033,#6034);
#5547=AXIS2_PLACEMENT_3D('',#7415,#6035,#6036);
#5548=AXIS2_PLACEMENT_3D('',#7421,#6040,#6041);
#5549=AXIS2_PLACEMENT_3D('',#7427,#6045,#6046);
#5550=AXIS2_PLACEMENT_3D('',#7433,#6050,#6051);
#5551=AXIS2_PLACEMENT_3D('',#7435,#6053,#6054);
#5552=AXIS2_PLACEMENT_3D('',#7436,#6055,#6056);
#5553=AXIS2_PLACEMENT_3D('',#7437,#6057,#6058);
#5554=AXIS2_PLACEMENT_3D('',#7440,#6059,#6060);
#5555=AXIS2_PLACEMENT_3D('',#7446,#6064,#6065);
#5556=AXIS2_PLACEMENT_3D('',#7452,#6069,#6070);
#5557=AXIS2_PLACEMENT_3D('',#7458,#6074,#6075);
#5558=AXIS2_PLACEMENT_3D('',#7460,#6077,#6078);
#5559=AXIS2_PLACEMENT_3D('',#7461,#6079,#6080);
#5560=AXIS2_PLACEMENT_3D('',#7462,#6081,#6082);
#5561=AXIS2_PLACEMENT_3D('',#7465,#6083,#6084);
#5562=AXIS2_PLACEMENT_3D('',#7471,#6088,#6089);
#5563=AXIS2_PLACEMENT_3D('',#7477,#6093,#6094);
#5564=AXIS2_PLACEMENT_3D('',#7483,#6098,#6099);
#5565=AXIS2_PLACEMENT_3D('',#7485,#6101,#6102);
#5566=AXIS2_PLACEMENT_3D('',#7486,#6103,#6104);
#5567=AXIS2_PLACEMENT_3D('',#7487,#6105,#6106);
#5568=AXIS2_PLACEMENT_3D('',#7490,#6107,#6108);
#5569=AXIS2_PLACEMENT_3D('',#7496,#6112,#6113);
#5570=AXIS2_PLACEMENT_3D('',#7502,#6117,#6118);
#5571=AXIS2_PLACEMENT_3D('',#7508,#6122,#6123);
#5572=AXIS2_PLACEMENT_3D('',#7510,#6125,#6126);
#5573=AXIS2_PLACEMENT_3D('',#7511,#6127,#6128);
#5574=AXIS2_PLACEMENT_3D('',#7512,#6129,#6130);
#5575=AXIS2_PLACEMENT_3D('',#7514,#6131,#6132);
#5576=AXIS2_PLACEMENT_3D('',#7517,#6134,#6135);
#5577=AXIS2_PLACEMENT_3D('',#7518,#6136,#6137);
#5578=AXIS2_PLACEMENT_3D('',#7519,#6138,#6139);
#5579=AXIS2_PLACEMENT_3D('',#7520,#6140,#6141);
#5580=AXIS2_PLACEMENT_3D('',#7522,#6142,#6143);
#5581=AXIS2_PLACEMENT_3D('',#7525,#6145,#6146);
#5582=AXIS2_PLACEMENT_3D('',#7526,#6147,#6148);
#5583=AXIS2_PLACEMENT_3D('',#7527,#6149,#6150);
#5584=AXIS2_PLACEMENT_3D('',#7528,#6151,#6152);
#5585=AXIS2_PLACEMENT_3D('',#7530,#6153,#6154);
#5586=AXIS2_PLACEMENT_3D('',#7533,#6156,#6157);
#5587=AXIS2_PLACEMENT_3D('',#7534,#6158,#6159);
#5588=AXIS2_PLACEMENT_3D('',#7535,#6160,#6161);
#5589=AXIS2_PLACEMENT_3D('',#7536,#6162,#6163);
#5590=AXIS2_PLACEMENT_3D('',#7538,#6164,#6165);
#5591=AXIS2_PLACEMENT_3D('',#7541,#6167,#6168);
#5592=AXIS2_PLACEMENT_3D('',#7542,#6169,#6170);
#5593=AXIS2_PLACEMENT_3D('',#7543,#6171,#6172);
#5594=AXIS2_PLACEMENT_3D('',#7544,#6173,#6174);
#5595=AXIS2_PLACEMENT_3D('',#7553,#6179,#6180);
#5596=AXIS2_PLACEMENT_3D('',#7562,#6185,#6186);
#5597=AXIS2_PLACEMENT_3D('',#7571,#6191,#6192);
#5598=AXIS2_PLACEMENT_3D('',#7580,#6197,#6198);
#5599=AXIS2_PLACEMENT_3D('',#7589,#6203,#6204);
#5600=AXIS2_PLACEMENT_3D('',#7598,#6209,#6210);
#5601=AXIS2_PLACEMENT_3D('',#7607,#6215,#6216);
#5602=AXIS2_PLACEMENT_3D('',#7616,#6221,#6222);
#5603=AXIS2_PLACEMENT_3D('',#7625,#6227,#6228);
#5604=AXIS2_PLACEMENT_3D('',#7634,#6233,#6234);
#5605=AXIS2_PLACEMENT_3D('',#7643,#6239,#6240);
#5606=AXIS2_PLACEMENT_3D('',#7652,#6245,#6246);
#5607=AXIS2_PLACEMENT_3D('',#7661,#6251,#6252);
#5608=AXIS2_PLACEMENT_3D('',#7670,#6257,#6258);
#5609=AXIS2_PLACEMENT_3D('',#7679,#6263,#6264);
#5610=AXIS2_PLACEMENT_3D('',#7688,#6269,#6270);
#5611=AXIS2_PLACEMENT_3D('',#7697,#6275,#6276);
#5612=AXIS2_PLACEMENT_3D('',#7706,#6281,#6282);
#5613=AXIS2_PLACEMENT_3D('',#7715,#6287,#6288);
#5614=AXIS2_PLACEMENT_3D('',#7724,#6293,#6294);
#5615=AXIS2_PLACEMENT_3D('',#7733,#6299,#6300);
#5616=AXIS2_PLACEMENT_3D('',#7742,#6305,#6306);
#5617=AXIS2_PLACEMENT_3D('',#7751,#6311,#6312);
#5618=AXIS2_PLACEMENT_3D('',#7760,#6317,#6318);
#5619=AXIS2_PLACEMENT_3D('',#7769,#6323,#6324);
#5620=AXIS2_PLACEMENT_3D('',#7778,#6329,#6330);
#5621=AXIS2_PLACEMENT_3D('',#7787,#6335,#6336);
#5622=AXIS2_PLACEMENT_3D('',#7796,#6341,#6342);
#5623=AXIS2_PLACEMENT_3D('',#7805,#6347,#6348);
#5624=AXIS2_PLACEMENT_3D('',#7814,#6353,#6354);
#5625=AXIS2_PLACEMENT_3D('',#7823,#6359,#6360);
#5626=AXIS2_PLACEMENT_3D('',#7832,#6365,#6366);
#5627=AXIS2_PLACEMENT_3D('',#7841,#6371,#6372);
#5628=AXIS2_PLACEMENT_3D('',#7850,#6377,#6378);
#5629=AXIS2_PLACEMENT_3D('',#7859,#6383,#6384);
#5630=AXIS2_PLACEMENT_3D('',#7868,#6389,#6390);
#5631=AXIS2_PLACEMENT_3D('',#7877,#6395,#6396);
#5632=AXIS2_PLACEMENT_3D('',#7886,#6401,#6402);
#5633=AXIS2_PLACEMENT_3D('',#7895,#6407,#6408);
#5634=AXIS2_PLACEMENT_3D('',#7904,#6413,#6414);
#5635=AXIS2_PLACEMENT_3D('',#7913,#6419,#6420);
#5636=AXIS2_PLACEMENT_3D('',#7922,#6425,#6426);
#5637=AXIS2_PLACEMENT_3D('',#7931,#6431,#6432);
#5638=AXIS2_PLACEMENT_3D('',#7940,#6437,#6438);
#5639=AXIS2_PLACEMENT_3D('',#7949,#6443,#6444);
#5640=AXIS2_PLACEMENT_3D('',#7958,#6449,#6450);
#5641=AXIS2_PLACEMENT_3D('',#7967,#6455,#6456);
#5642=AXIS2_PLACEMENT_3D('',#7976,#6461,#6462);
#5643=AXIS2_PLACEMENT_3D('',#7982,#6466,#6467);
#5644=AXIS2_PLACEMENT_3D('',#7988,#6471,#6472);
#5645=AXIS2_PLACEMENT_3D('',#7994,#6476,#6477);
#5646=AXIS2_PLACEMENT_3D('',#8000,#6481,#6482);
#5647=AXIS2_PLACEMENT_3D('',#8006,#6486,#6487);
#5648=AXIS2_PLACEMENT_3D('',#8012,#6491,#6492);
#5649=AXIS2_PLACEMENT_3D('',#8018,#6496,#6497);
#5650=AXIS2_PLACEMENT_3D('',#8024,#6501,#6502);
#5651=AXIS2_PLACEMENT_3D('',#8030,#6506,#6507);
#5652=AXIS2_PLACEMENT_3D('',#8036,#6511,#6512);
#5653=AXIS2_PLACEMENT_3D('',#8042,#6516,#6517);
#5654=AXIS2_PLACEMENT_3D('',#8048,#6521,#6522);
#5655=AXIS2_PLACEMENT_3D('',#8054,#6526,#6527);
#5656=AXIS2_PLACEMENT_3D('',#8060,#6531,#6532);
#5657=AXIS2_PLACEMENT_3D('',#8066,#6536,#6537);
#5658=AXIS2_PLACEMENT_3D('',#8072,#6541,#6542);
#5659=AXIS2_PLACEMENT_3D('',#8078,#6546,#6547);
#5660=AXIS2_PLACEMENT_3D('',#8084,#6551,#6552);
#5661=AXIS2_PLACEMENT_3D('',#8090,#6556,#6557);
#5662=AXIS2_PLACEMENT_3D('',#8096,#6561,#6562);
#5663=AXIS2_PLACEMENT_3D('',#8102,#6566,#6567);
#5664=AXIS2_PLACEMENT_3D('',#8108,#6571,#6572);
#5665=AXIS2_PLACEMENT_3D('',#8114,#6576,#6577);
#5666=AXIS2_PLACEMENT_3D('',#8120,#6581,#6582);
#5667=AXIS2_PLACEMENT_3D('',#8126,#6586,#6587);
#5668=AXIS2_PLACEMENT_3D('',#8132,#6591,#6592);
#5669=AXIS2_PLACEMENT_3D('',#8138,#6596,#6597);
#5670=AXIS2_PLACEMENT_3D('',#8144,#6601,#6602);
#5671=AXIS2_PLACEMENT_3D('',#8150,#6606,#6607);
#5672=AXIS2_PLACEMENT_3D('',#8156,#6611,#6612);
#5673=AXIS2_PLACEMENT_3D('',#8162,#6616,#6617);
#5674=AXIS2_PLACEMENT_3D('',#8168,#6621,#6622);
#5675=AXIS2_PLACEMENT_3D('',#8174,#6626,#6627);
#5676=AXIS2_PLACEMENT_3D('',#8180,#6631,#6632);
#5677=AXIS2_PLACEMENT_3D('',#8186,#6636,#6637);
#5678=AXIS2_PLACEMENT_3D('',#8192,#6641,#6642);
#5679=AXIS2_PLACEMENT_3D('',#8198,#6646,#6647);
#5680=AXIS2_PLACEMENT_3D('',#8204,#6651,#6652);
#5681=AXIS2_PLACEMENT_3D('',#8210,#6656,#6657);
#5682=AXIS2_PLACEMENT_3D('',#8216,#6661,#6662);
#5683=AXIS2_PLACEMENT_3D('',#8222,#6666,#6667);
#5684=AXIS2_PLACEMENT_3D('',#8228,#6671,#6672);
#5685=AXIS2_PLACEMENT_3D('',#8234,#6676,#6677);
#5686=AXIS2_PLACEMENT_3D('',#8240,#6681,#6682);
#5687=AXIS2_PLACEMENT_3D('',#8246,#6686,#6687);
#5688=AXIS2_PLACEMENT_3D('',#8252,#6691,#6692);
#5689=AXIS2_PLACEMENT_3D('',#8258,#6696,#6697);
#5690=AXIS2_PLACEMENT_3D('',#8264,#6701,#6702);
#5691=AXIS2_PLACEMENT_3D('',#8270,#6706,#6707);
#5692=AXIS2_PLACEMENT_3D('',#8276,#6711,#6712);
#5693=AXIS2_PLACEMENT_3D('',#8282,#6716,#6717);
#5694=AXIS2_PLACEMENT_3D('',#8288,#6721,#6722);
#5695=AXIS2_PLACEMENT_3D('',#8294,#6726,#6727);
#5696=AXIS2_PLACEMENT_3D('',#8300,#6731,#6732);
#5697=AXIS2_PLACEMENT_3D('',#8306,#6736,#6737);
#5698=AXIS2_PLACEMENT_3D('',#8312,#6741,#6742);
#5699=AXIS2_PLACEMENT_3D('',#8318,#6746,#6747);
#5700=AXIS2_PLACEMENT_3D('',#8324,#6751,#6752);
#5701=AXIS2_PLACEMENT_3D('',#8330,#6756,#6757);
#5702=AXIS2_PLACEMENT_3D('',#8336,#6761,#6762);
#5703=AXIS2_PLACEMENT_3D('',#8342,#6766,#6767);
#5704=AXIS2_PLACEMENT_3D('',#8348,#6771,#6772);
#5705=AXIS2_PLACEMENT_3D('',#8354,#6776,#6777);
#5706=AXIS2_PLACEMENT_3D('',#8360,#6781,#6782);
#5707=AXIS2_PLACEMENT_3D('',#8366,#6786,#6787);
#5708=AXIS2_PLACEMENT_3D('',#8372,#6791,#6792);
#5709=AXIS2_PLACEMENT_3D('',#8378,#6796,#6797);
#5710=AXIS2_PLACEMENT_3D('',#8384,#6801,#6802);
#5711=AXIS2_PLACEMENT_3D('',#8390,#6806,#6807);
#5712=AXIS2_PLACEMENT_3D('',#8396,#6811,#6812);
#5713=AXIS2_PLACEMENT_3D('',#8402,#6816,#6817);
#5714=AXIS2_PLACEMENT_3D('',#8408,#6821,#6822);
#5715=AXIS2_PLACEMENT_3D('',#8414,#6826,#6827);
#5716=AXIS2_PLACEMENT_3D('',#8420,#6831,#6832);
#5717=AXIS2_PLACEMENT_3D('',#8426,#6836,#6837);
#5718=AXIS2_PLACEMENT_3D('',#8432,#6841,#6842);
#5719=AXIS2_PLACEMENT_3D('',#8438,#6846,#6847);
#5720=AXIS2_PLACEMENT_3D('',#8444,#6851,#6852);
#5721=AXIS2_PLACEMENT_3D('',#8450,#6856,#6857);
#5722=AXIS2_PLACEMENT_3D('',#8456,#6861,#6862);
#5723=AXIS2_PLACEMENT_3D('',#8467,#6871,#6872);
#5724=AXIS2_PLACEMENT_3D('',#8471,#6875,#6876);
#5725=AXIS2_PLACEMENT_3D('',#8473,#6878,#6879);
#5726=AXIS2_PLACEMENT_3D('',#8477,#6882,#6883);
#5727=AXIS2_PLACEMENT_3D('',#8479,#6885,#6886);
#5728=AXIS2_PLACEMENT_3D('',#8481,#6888,#6889);
#5729=AXIS2_PLACEMENT_3D('',#8606,#6988,#6989);
#5730=AXIS2_PLACEMENT_3D('',#8608,#6991,#6992);
#5731=AXIS2_PLACEMENT_3D('',#8609,#6993,#6994);
#5732=AXIS2_PLACEMENT_3D('',#8611,#6996,#6997);
#5733=AXIS2_PLACEMENT_3D('',#8612,#6998,#6999);
#5734=AXIS2_PLACEMENT_3D('',#8613,#7000,#7001);
#5735=AXIS2_PLACEMENT_3D('',#8615,#7003,#7004);
#5736=AXIS2_PLACEMENT_3D('',#8616,#7005,#7006);
#5737=AXIS2_PLACEMENT_3D('',#8618,#7008,#7009);
#5738=AXIS2_PLACEMENT_3D('',#8619,#7010,#7011);
#5739=AXIS2_PLACEMENT_3D('',#8620,#7012,#7013);
#5740=AXIS2_PLACEMENT_3D('',#8622,#7015,#7016);
#5741=AXIS2_PLACEMENT_3D('',#8623,#7017,#7018);
#5742=AXIS2_PLACEMENT_3D('',#8625,#7020,#7021);
#5743=AXIS2_PLACEMENT_3D('',#8626,#7022,#7023);
#5744=AXIS2_PLACEMENT_3D('',#8627,#7024,#7025);
#5745=AXIS2_PLACEMENT_3D('',#8629,#7027,#7028);
#5746=AXIS2_PLACEMENT_3D('',#8630,#7029,#7030);
#5747=AXIS2_PLACEMENT_3D('',#8632,#7032,#7033);
#5748=AXIS2_PLACEMENT_3D('',#8633,#7034,#7035);
#5749=AXIS2_PLACEMENT_3D('',#8634,#7036,#7037);
#5750=AXIS2_PLACEMENT_3D('',#8636,#7039,#7040);
#5751=AXIS2_PLACEMENT_3D('',#8637,#7041,#7042);
#5752=AXIS2_PLACEMENT_3D('',#8639,#7044,#7045);
#5753=AXIS2_PLACEMENT_3D('',#8640,#7046,#7047);
#5754=AXIS2_PLACEMENT_3D('',#8641,#7048,#7049);
#5755=AXIS2_PLACEMENT_3D('',#8643,#7051,#7052);
#5756=AXIS2_PLACEMENT_3D('',#8644,#7053,#7054);
#5757=AXIS2_PLACEMENT_3D('',#8646,#7056,#7057);
#5758=AXIS2_PLACEMENT_3D('',#8647,#7058,#7059);
#5759=AXIS2_PLACEMENT_3D('',#8648,#7060,#7061);
#5760=AXIS2_PLACEMENT_3D('',#8650,#7063,#7064);
#5761=AXIS2_PLACEMENT_3D('',#8651,#7065,#7066);
#5762=AXIS2_PLACEMENT_3D('',#8653,#7068,#7069);
#5763=AXIS2_PLACEMENT_3D('',#8654,#7070,#7071);
#5764=AXIS2_PLACEMENT_3D('',#8655,#7072,#7073);
#5765=AXIS2_PLACEMENT_3D('',#8657,#7075,#7076);
#5766=AXIS2_PLACEMENT_3D('',#8658,#7077,#7078);
#5767=AXIS2_PLACEMENT_3D('',#8660,#7080,#7081);
#5768=AXIS2_PLACEMENT_3D('',#8661,#7082,#7083);
#5769=AXIS2_PLACEMENT_3D('',#8662,#7084,#7085);
#5770=AXIS2_PLACEMENT_3D('',#8664,#7087,#7088);
#5771=AXIS2_PLACEMENT_3D('',#8665,#7089,#7090);
#5772=AXIS2_PLACEMENT_3D('',#8667,#7092,#7093);
#5773=AXIS2_PLACEMENT_3D('',#8668,#7094,#7095);
#5774=AXIS2_PLACEMENT_3D('',#8669,#7096,#7097);
#5775=AXIS2_PLACEMENT_3D('',#8671,#7099,#7100);
#5776=AXIS2_PLACEMENT_3D('',#8672,#7101,#7102);
#5777=AXIS2_PLACEMENT_3D('',#8674,#7104,#7105);
#5778=AXIS2_PLACEMENT_3D('',#8675,#7106,#7107);
#5779=AXIS2_PLACEMENT_3D('',#8676,#7108,#7109);
#5780=AXIS2_PLACEMENT_3D('',#8678,#7111,#7112);
#5781=AXIS2_PLACEMENT_3D('',#8679,#7113,#7114);
#5782=AXIS2_PLACEMENT_3D('',#8681,#7116,#7117);
#5783=AXIS2_PLACEMENT_3D('',#8682,#7118,#7119);
#5784=AXIS2_PLACEMENT_3D('',#8683,#7120,#7121);
#5785=AXIS2_PLACEMENT_3D('',#8685,#7123,#7124);
#5786=AXIS2_PLACEMENT_3D('',#8686,#7125,#7126);
#5787=AXIS2_PLACEMENT_3D('',#8688,#7128,#7129);
#5788=AXIS2_PLACEMENT_3D('',#8689,#7130,#7131);
#5789=AXIS2_PLACEMENT_3D('',#8690,#7132,#7133);
#5790=AXIS2_PLACEMENT_3D('',#8692,#7135,#7136);
#5791=AXIS2_PLACEMENT_3D('',#8694,#7138,#7139);
#5792=AXIS2_PLACEMENT_3D('',#8695,#7140,#7141);
#5793=AXIS2_PLACEMENT_3D('',#8696,#7142,#7143);
#5794=AXIS2_PLACEMENT_3D('',#8697,#7144,#7145);
#5795=AXIS2_PLACEMENT_3D('',#8698,#7146,#7147);
#5796=AXIS2_PLACEMENT_3D('',#8699,#7148,#7149);
#5797=AXIS2_PLACEMENT_3D('',#8700,#7150,#7151);
#5798=AXIS2_PLACEMENT_3D('',#8701,#7152,#7153);
#5799=AXIS2_PLACEMENT_3D('',#8702,#7154,#7155);
#5800=AXIS2_PLACEMENT_3D('',#8703,#7156,#7157);
#5801=AXIS2_PLACEMENT_3D('',#8704,#7158,#7159);
#5802=AXIS2_PLACEMENT_3D('',#8705,#7160,#7161);
#5803=AXIS2_PLACEMENT_3D('',#8706,#7162,#7163);
#5804=AXIS2_PLACEMENT_3D('',#8707,#7164,#7165);
#5805=AXIS2_PLACEMENT_3D('',#8708,#7166,#7167);
#5806=AXIS2_PLACEMENT_3D('',#8709,#7168,#7169);
#5807=AXIS2_PLACEMENT_3D('',#8710,#7170,#7171);
#5808=AXIS2_PLACEMENT_3D('',#8711,#7172,#7173);
#5809=AXIS2_PLACEMENT_3D('',#8715,#7176,#7177);
#5810=AXIS2_PLACEMENT_3D('',#8719,#7180,#7181);
#5811=AXIS2_PLACEMENT_3D('',#8721,#7183,#7184);
#5812=DIRECTION('axis',(0.,0.,1.));
#5813=DIRECTION('refdir',(1.,0.,0.));
#5814=DIRECTION('center_axis',(-1.,0.,0.));
#5815=DIRECTION('ref_axis',(0.,-1.,0.));
#5816=DIRECTION('',(0.,0.,-1.));
#5817=DIRECTION('',(0.,-1.,0.));
#5818=DIRECTION('',(0.,0.,1.));
#5819=DIRECTION('',(0.,-1.,0.));
#5820=DIRECTION('center_axis',(0.,-1.,0.));
#5821=DIRECTION('ref_axis',(1.,0.,0.));
#5822=DIRECTION('',(0.,0.,-1.));
#5823=DIRECTION('',(1.,0.,0.));
#5824=DIRECTION('',(0.,0.,1.));
#5825=DIRECTION('',(1.,0.,0.));
#5826=DIRECTION('center_axis',(0.,1.,0.));
#5827=DIRECTION('ref_axis',(-1.,0.,0.));
#5828=DIRECTION('',(0.,0.,1.));
#5829=DIRECTION('',(-1.,0.,0.));
#5830=DIRECTION('',(0.,0.,-1.));
#5831=DIRECTION('',(-1.,0.,0.));
#5832=DIRECTION('center_axis',(-0.707106781186548,-0.707106781186548,0.));
#5833=DIRECTION('ref_axis',(0.707106781186548,-0.707106781186548,0.));
#5834=DIRECTION('',(0.,0.,1.));
#5835=DIRECTION('',(-0.707106781186548,0.707106781186548,0.));
#5836=DIRECTION('',(0.,0.,1.));
#5837=DIRECTION('',(0.707106781186548,-0.707106781186548,0.));
#5838=DIRECTION('center_axis',(0.707106781186548,0.707106781186548,0.));
#5839=DIRECTION('ref_axis',(-0.707106781186548,0.707106781186548,0.));
#5840=DIRECTION('',(0.,0.,1.));
#5841=DIRECTION('',(0.707106781186548,-0.707106781186548,0.));
#5842=DIRECTION('',(-0.707106781186548,0.707106781186548,0.));
#5843=DIRECTION('center_axis',(0.707106781186548,-0.707106781186548,0.));
#5844=DIRECTION('ref_axis',(0.707106781186548,0.707106781186548,0.));
#5845=DIRECTION('',(0.,0.,-1.));
#5846=DIRECTION('',(0.707106781186548,0.707106781186548,0.));
#5847=DIRECTION('',(-0.707106781186548,-0.707106781186548,0.));
#5848=DIRECTION('center_axis',(-0.707106781186548,0.707106781186548,0.));
#5849=DIRECTION('ref_axis',(-0.707106781186548,-0.707106781186548,0.));
#5850=DIRECTION('',(0.,0.,1.));
#5851=DIRECTION('',(0.707106781186548,0.707106781186548,0.));
#5852=DIRECTION('',(-0.707106781186548,-0.707106781186548,0.));
#5853=DIRECTION('center_axis',(-0.707106781186548,0.707106781186548,0.));
#5854=DIRECTION('ref_axis',(-0.707106781186548,-0.707106781186548,0.));
#5855=DIRECTION('',(0.,0.,-1.));
#5856=DIRECTION('',(-0.707106781186548,-0.707106781186548,0.));
#5857=DIRECTION('',(0.,0.,-1.));
#5858=DIRECTION('',(0.707106781186548,0.707106781186548,0.));
#5859=DIRECTION('center_axis',(0.,0.,1.));
#5860=DIRECTION('ref_axis',(1.,0.,0.));
#5861=DIRECTION('',(0.707106781186548,-0.707106781186548,0.));
#5862=DIRECTION('center_axis',(0.,0.,1.));
#5863=DIRECTION('ref_axis',(1.,0.,0.));
#5864=DIRECTION('',(0.,1.,0.));
#5865=DIRECTION('center_axis',(0.,0.,1.));
#5866=DIRECTION('ref_axis',(1.,0.,0.));
#5867=DIRECTION('',(-0.707106781186548,0.707106781186548,0.));
#5868=DIRECTION('',(-0.707106781186548,-0.707106781186548,0.));
#5869=DIRECTION('center_axis',(0.,0.,1.));
#5870=DIRECTION('ref_axis',(1.,0.,0.));
#5871=DIRECTION('center_axis',(0.,0.,1.));
#5872=DIRECTION('ref_axis',(1.,0.,0.));
#5873=DIRECTION('center_axis',(0.,0.,-1.));
#5874=DIRECTION('ref_axis',(1.,0.,0.));
#5875=DIRECTION('center_axis',(0.,0.,-1.));
#5876=DIRECTION('ref_axis',(1.,0.,0.));
#5877=DIRECTION('center_axis',(0.,0.,-1.));
#5878=DIRECTION('ref_axis',(1.,0.,0.));
#5879=DIRECTION('center_axis',(0.,0.,-1.));
#5880=DIRECTION('ref_axis',(1.,0.,0.));
#5881=DIRECTION('center_axis',(0.,0.,-1.));
#5882=DIRECTION('ref_axis',(1.,0.,0.));
#5883=DIRECTION('center_axis',(0.707106781186548,-0.707106781186548,0.));
#5884=DIRECTION('ref_axis',(0.707106781186548,0.707106781186548,0.));
#5885=DIRECTION('',(0.,0.,1.));
#5886=DIRECTION('',(0.707106781186548,0.707106781186548,0.));
#5887=DIRECTION('center_axis',(-0.707106781186548,-0.707106781186548,0.));
#5888=DIRECTION('ref_axis',(0.707106781186548,-0.707106781186548,0.));
#5889=DIRECTION('',(0.,0.,-1.));
#5890=DIRECTION('',(0.707106781186548,-0.707106781186548,0.));
#5891=DIRECTION('center_axis',(0.707106781186548,0.707106781186548,0.));
#5892=DIRECTION('ref_axis',(-0.707106781186548,0.707106781186548,0.));
#5893=DIRECTION('',(0.,0.,-1.));
#5894=DIRECTION('',(-0.707106781186548,0.707106781186548,0.));
#5895=DIRECTION('center_axis',(0.,0.,1.));
#5896=DIRECTION('ref_axis',(1.,0.,0.));
#5897=DIRECTION('center_axis',(0.,0.,1.));
#5898=DIRECTION('ref_axis',(1.,0.,0.));
#5899=DIRECTION('center_axis',(0.,0.,1.));
#5900=DIRECTION('ref_axis',(-0.707106781186548,0.707106781186547,0.));
#5901=DIRECTION('center_axis',(0.,0.,1.));
#5902=DIRECTION('ref_axis',(1.,0.,0.));
#5903=DIRECTION('center_axis',(0.,0.,1.));
#5904=DIRECTION('ref_axis',(1.,0.,0.));
#5905=DIRECTION('center_axis',(0.,0.,1.));
#5906=DIRECTION('ref_axis',(1.,0.,0.));
#5907=DIRECTION('center_axis',(0.,0.,1.));
#5908=DIRECTION('ref_axis',(-0.707106781186548,-0.707106781186547,0.));
#5909=DIRECTION('center_axis',(0.,0.,1.));
#5910=DIRECTION('ref_axis',(1.,0.,0.));
#5911=DIRECTION('center_axis',(0.,0.,1.));
#5912=DIRECTION('ref_axis',(1.,0.,0.));
#5913=DIRECTION('center_axis',(0.,0.,1.));
#5914=DIRECTION('ref_axis',(1.,0.,0.));
#5915=DIRECTION('',(0.,0.,1.));
#5916=DIRECTION('center_axis',(0.,0.,1.));
#5917=DIRECTION('ref_axis',(1.,0.,0.));
#5918=DIRECTION('',(0.,0.,-1.));
#5919=DIRECTION('center_axis',(0.,0.,1.));
#5920=DIRECTION('ref_axis',(1.,0.,0.));
#5921=DIRECTION('',(0.,0.,1.));
#5922=DIRECTION('center_axis',(0.,0.,1.));
#5923=DIRECTION('ref_axis',(1.,0.,0.));
#5924=DIRECTION('',(0.,0.,1.));
#5925=DIRECTION('center_axis',(0.,0.,-1.));
#5926=DIRECTION('ref_axis',(1.,0.,0.));
#5927=DIRECTION('center_axis',(0.,0.,1.));
#5928=DIRECTION('ref_axis',(1.,0.,0.));
#5929=DIRECTION('center_axis',(0.,0.,1.));
#5930=DIRECTION('ref_axis',(1.,0.,0.));
#5931=DIRECTION('',(0.,0.,1.));
#5932=DIRECTION('center_axis',(0.,0.,1.));
#5933=DIRECTION('ref_axis',(1.,0.,0.));
#5934=DIRECTION('center_axis',(0.,0.,1.));
#5935=DIRECTION('ref_axis',(1.,0.,0.));
#5936=DIRECTION('',(0.,0.,1.));
#5937=DIRECTION('center_axis',(0.,0.,1.));
#5938=DIRECTION('ref_axis',(1.,0.,0.));
#5939=DIRECTION('center_axis',(0.,0.,1.));
#5940=DIRECTION('ref_axis',(1.,0.,0.));
#5941=DIRECTION('',(0.,0.,1.));
#5942=DIRECTION('center_axis',(0.,0.,1.));
#5943=DIRECTION('ref_axis',(1.,0.,0.));
#5944=DIRECTION('',(0.,1.,0.));
#5945=DIRECTION('',(-1.,0.,0.));
#5946=DIRECTION('',(1.,0.,0.));
#5947=DIRECTION('',(0.,1.,0.));
#5948=DIRECTION('center_axis',(1.,0.,0.));
#5949=DIRECTION('ref_axis',(0.,1.,0.));
#5950=DIRECTION('',(0.,0.,1.));
#5951=DIRECTION('',(0.,1.,0.));
#5952=DIRECTION('',(0.,0.,-1.));
#5953=DIRECTION('center_axis',(0.,0.,1.));
#5954=DIRECTION('ref_axis',(1.,0.,0.));
#5955=DIRECTION('',(-1.,0.,0.));
#5956=DIRECTION('',(1.,0.,0.));
#5957=DIRECTION('center_axis',(0.,1.,0.));
#5958=DIRECTION('ref_axis',(-1.,0.,0.));
#5959=DIRECTION('center_axis',(0.,-1.,0.));
#5960=DIRECTION('ref_axis',(1.,0.,0.));
#5961=DIRECTION('center_axis',(0.,0.,1.));
#5962=DIRECTION('ref_axis',(1.,0.,0.));
#5963=DIRECTION('center_axis',(0.,0.,1.));
#5964=DIRECTION('ref_axis',(1.,0.,0.));
#5965=DIRECTION('',(-0.393332058070987,-0.919396482532777,0.));
#5966=DIRECTION('',(0.974927912181823,-0.222520933956316,0.));
#5967=DIRECTION('',(0.393332058070987,0.919396482532777,0.));
#5968=DIRECTION('center_axis',(-0.919396482532776,0.393332058070987,0.));
#5969=DIRECTION('ref_axis',(-0.393332058070987,-0.919396482532777,0.));
#5970=DIRECTION('',(0.,0.,1.));
#5971=DIRECTION('',(0.393332058070987,0.919396482532777,0.));
#5972=DIRECTION('',(0.,0.,1.));
#5973=DIRECTION('center_axis',(0.919396482532777,-0.393332058070987,0.));
#5974=DIRECTION('ref_axis',(0.393332058070987,0.919396482532777,0.));
#5975=DIRECTION('',(0.,0.,-1.));
#5976=DIRECTION('',(0.,0.,1.));
#5977=DIRECTION('',(-0.393332058070987,-0.919396482532777,0.));
#5978=DIRECTION('center_axis',(-0.222520933956316,-0.974927912181823,0.));
#5979=DIRECTION('ref_axis',(0.974927912181823,-0.222520933956316,0.));
#5980=DIRECTION('',(-0.974927912181823,0.222520933956316,0.));
#5981=DIRECTION('center_axis',(0.,0.,1.));
#5982=DIRECTION('ref_axis',(1.,0.,0.));
#5983=DIRECTION('center_axis',(0.,0.,-1.));
#5984=DIRECTION('ref_axis',(1.,0.,0.));
#5985=DIRECTION('center_axis',(0.,0.,1.));
#5986=DIRECTION('ref_axis',(1.,0.,0.));
#5987=DIRECTION('center_axis',(0.,0.,1.));
#5988=DIRECTION('ref_axis',(1.,0.,0.));
#5989=DIRECTION('',(0.983869910099907,-0.178885438199983,0.));
#5990=DIRECTION('',(0.,1.,0.));
#5991=DIRECTION('',(-0.983869910099907,0.178885438199983,0.));
#5992=DIRECTION('center_axis',(-0.178885438199983,-0.983869910099908,0.));
#5993=DIRECTION('ref_axis',(0.983869910099907,-0.178885438199983,0.));
#5994=DIRECTION('',(0.,0.,1.));
#5995=DIRECTION('',(-0.983869910099907,0.178885438199983,0.));
#5996=DIRECTION('',(0.,0.,1.));
#5997=DIRECTION('center_axis',(0.178885438199983,0.983869910099908,0.));
#5998=DIRECTION('ref_axis',(-0.983869910099907,0.178885438199983,0.));
#5999=DIRECTION('',(0.,0.,-1.));
#6000=DIRECTION('',(0.,0.,1.));
#6001=DIRECTION('',(0.983869910099907,-0.178885438199983,0.));
#6002=DIRECTION('center_axis',(1.,0.,0.));
#6003=DIRECTION('ref_axis',(0.,1.,0.));
#6004=DIRECTION('',(0.,-1.,0.));
#6005=DIRECTION('center_axis',(0.,0.,1.));
#6006=DIRECTION('ref_axis',(1.,0.,0.));
#6007=DIRECTION('center_axis',(0.,0.,-1.));
#6008=DIRECTION('ref_axis',(1.,0.,0.));
#6009=DIRECTION('center_axis',(0.,0.,1.));
#6010=DIRECTION('ref_axis',(1.,0.,0.));
#6011=DIRECTION('center_axis',(0.,0.,1.));
#6012=DIRECTION('ref_axis',(1.,0.,0.));
#6013=DIRECTION('',(-0.0445312445029062,0.999007992091666,0.));
#6014=DIRECTION('',(-0.974927912181823,-0.222520933956316,0.));
#6015=DIRECTION('',(0.0445312445029061,-0.999007992091666,0.));
#6016=DIRECTION('center_axis',(0.999007992091666,0.0445312445029062,0.));
#6017=DIRECTION('ref_axis',(-0.0445312445029062,0.999007992091666,0.));
#6018=DIRECTION('',(0.,0.,1.));
#6019=DIRECTION('',(0.0445312445029062,-0.999007992091666,0.));
#6020=DIRECTION('',(0.,0.,1.));
#6021=DIRECTION('center_axis',(-0.999007992091666,-0.0445312445029061,0.));
#6022=DIRECTION('ref_axis',(0.0445312445029061,-0.999007992091666,0.));
#6023=DIRECTION('',(0.,0.,-1.));
#6024=DIRECTION('',(0.,0.,1.));
#6025=DIRECTION('',(-0.0445312445029061,0.999007992091666,0.));
#6026=DIRECTION('center_axis',(-0.222520933956316,0.974927912181823,0.));
#6027=DIRECTION('ref_axis',(-0.974927912181823,-0.222520933956316,0.));
#6028=DIRECTION('',(0.974927912181823,0.222520933956316,0.));
#6029=DIRECTION('center_axis',(0.,0.,1.));
#6030=DIRECTION('ref_axis',(1.,0.,0.));
#6031=DIRECTION('center_axis',(0.,0.,-1.));
#6032=DIRECTION('ref_axis',(1.,0.,0.));
#6033=DIRECTION('center_axis',(0.,0.,1.));
#6034=DIRECTION('ref_axis',(1.,0.,0.));
#6035=DIRECTION('center_axis',(0.,0.,1.));
#6036=DIRECTION('ref_axis',(1.,0.,0.));
#6037=DIRECTION('',(0.753291122642797,0.657687223950378,0.));
#6038=DIRECTION('',(-0.78183148246803,0.623489801858733,0.));
#6039=DIRECTION('',(-0.753291122642797,-0.657687223950378,0.));
#6040=DIRECTION('center_axis',(0.657687223950378,-0.753291122642797,0.));
#6041=DIRECTION('ref_axis',(0.753291122642797,0.657687223950378,0.));
#6042=DIRECTION('',(0.,0.,1.));
#6043=DIRECTION('',(-0.753291122642797,-0.657687223950378,0.));
#6044=DIRECTION('',(0.,0.,1.));
#6045=DIRECTION('center_axis',(-0.657687223950378,0.753291122642797,0.));
#6046=DIRECTION('ref_axis',(-0.753291122642797,-0.657687223950378,0.));
#6047=DIRECTION('',(0.,0.,-1.));
#6048=DIRECTION('',(0.,0.,1.));
#6049=DIRECTION('',(0.753291122642797,0.657687223950378,0.));
#6050=DIRECTION('center_axis',(0.623489801858733,0.78183148246803,0.));
#6051=DIRECTION('ref_axis',(-0.78183148246803,0.623489801858733,0.));
#6052=DIRECTION('',(0.78183148246803,-0.623489801858733,0.));
#6053=DIRECTION('center_axis',(0.,0.,1.));
#6054=DIRECTION('ref_axis',(1.,0.,0.));
#6055=DIRECTION('center_axis',(0.,0.,-1.));
#6056=DIRECTION('ref_axis',(1.,0.,0.));
#6057=DIRECTION('center_axis',(0.,0.,1.));
#6058=DIRECTION('ref_axis',(1.,0.,0.));
#6059=DIRECTION('center_axis',(0.,0.,1.));
#6060=DIRECTION('ref_axis',(1.,0.,0.));
#6061=DIRECTION('',(-0.808820676266077,0.588055366138671,0.));
#6062=DIRECTION('',(-0.43388373911756,-0.900968867902418,0.));
#6063=DIRECTION('',(0.808820676266077,-0.588055366138671,0.));
#6064=DIRECTION('center_axis',(0.588055366138671,0.808820676266077,0.));
#6065=DIRECTION('ref_axis',(-0.808820676266077,0.588055366138671,0.));
#6066=DIRECTION('',(0.,0.,1.));
#6067=DIRECTION('',(0.808820676266077,-0.588055366138671,0.));
#6068=DIRECTION('',(0.,0.,1.));
#6069=DIRECTION('center_axis',(-0.588055366138671,-0.808820676266077,0.));
#6070=DIRECTION('ref_axis',(0.808820676266077,-0.588055366138671,0.));
#6071=DIRECTION('',(0.,0.,-1.));
#6072=DIRECTION('',(0.,0.,1.));
#6073=DIRECTION('',(-0.808820676266077,0.588055366138671,0.));
#6074=DIRECTION('center_axis',(-0.900968867902418,0.43388373911756,0.));
#6075=DIRECTION('ref_axis',(-0.43388373911756,-0.900968867902418,0.));
#6076=DIRECTION('',(0.43388373911756,0.900968867902418,0.));
#6077=DIRECTION('center_axis',(0.,0.,1.));
#6078=DIRECTION('ref_axis',(1.,0.,0.));
#6079=DIRECTION('center_axis',(0.,0.,-1.));
#6080=DIRECTION('ref_axis',(1.,0.,0.));
#6081=DIRECTION('center_axis',(0.,0.,1.));
#6082=DIRECTION('ref_axis',(1.,0.,0.));
#6083=DIRECTION('center_axis',(0.,0.,1.));
#6084=DIRECTION('ref_axis',(1.,0.,0.));
#6085=DIRECTION('',(-0.96405164186586,-0.265714944660137,0.));
#6086=DIRECTION('',(0.43388373911756,-0.900968867902418,0.));
#6087=DIRECTION('',(0.96405164186586,0.265714944660136,0.));
#6088=DIRECTION('center_axis',(-0.265714944660137,0.96405164186586,0.));
#6089=DIRECTION('ref_axis',(-0.96405164186586,-0.265714944660137,0.));
#6090=DIRECTION('',(0.,0.,1.));
#6091=DIRECTION('',(0.96405164186586,0.265714944660137,0.));
#6092=DIRECTION('',(0.,0.,1.));
#6093=DIRECTION('center_axis',(0.265714944660136,-0.96405164186586,0.));
#6094=DIRECTION('ref_axis',(0.96405164186586,0.265714944660136,0.));
#6095=DIRECTION('',(0.,0.,-1.));
#6096=DIRECTION('',(0.,0.,1.));
#6097=DIRECTION('',(-0.96405164186586,-0.265714944660136,0.));
#6098=DIRECTION('center_axis',(-0.900968867902418,-0.43388373911756,0.));
#6099=DIRECTION('ref_axis',(0.43388373911756,-0.900968867902418,0.));
#6100=DIRECTION('',(-0.43388373911756,0.900968867902418,0.));
#6101=DIRECTION('center_axis',(0.,0.,1.));
#6102=DIRECTION('ref_axis',(1.,0.,0.));
#6103=DIRECTION('center_axis',(0.,0.,-1.));
#6104=DIRECTION('ref_axis',(1.,0.,0.));
#6105=DIRECTION('center_axis',(0.,0.,1.));
#6106=DIRECTION('ref_axis',(1.,0.,0.));
#6107=DIRECTION('center_axis',(0.,0.,1.));
#6108=DIRECTION('ref_axis',(1.,0.,0.));
#6109=DIRECTION('',(0.473574587963125,-0.880753716787818,0.));
#6110=DIRECTION('',(0.781831482468029,0.623489801858734,0.));
#6111=DIRECTION('',(-0.473574587963125,0.880753716787818,0.));
#6112=DIRECTION('center_axis',(-0.880753716787818,-0.473574587963125,0.));
#6113=DIRECTION('ref_axis',(0.473574587963125,-0.880753716787818,0.));
#6114=DIRECTION('',(0.,0.,1.));
#6115=DIRECTION('',(-0.473574587963125,0.880753716787818,0.));
#6116=DIRECTION('',(0.,0.,1.));
#6117=DIRECTION('center_axis',(0.880753716787818,0.473574587963125,0.));
#6118=DIRECTION('ref_axis',(-0.473574587963125,0.880753716787818,0.));
#6119=DIRECTION('',(0.,0.,-1.));
#6120=DIRECTION('',(0.,0.,1.));
#6121=DIRECTION('',(0.473574587963125,-0.880753716787818,0.));
#6122=DIRECTION('center_axis',(0.623489801858734,-0.781831482468029,0.));
#6123=DIRECTION('ref_axis',(0.781831482468029,0.623489801858734,0.));
#6124=DIRECTION('',(-0.781831482468029,-0.623489801858734,0.));
#6125=DIRECTION('center_axis',(0.,0.,1.));
#6126=DIRECTION('ref_axis',(1.,0.,0.));
#6127=DIRECTION('center_axis',(0.,0.,-1.));
#6128=DIRECTION('ref_axis',(1.,0.,0.));
#6129=DIRECTION('center_axis',(0.,0.,1.));
#6130=DIRECTION('ref_axis',(1.,0.,0.));
#6131=DIRECTION('center_axis',(0.,0.,1.));
#6132=DIRECTION('ref_axis',(1.,0.,0.));
#6133=DIRECTION('',(0.,0.,-1.));
#6134=DIRECTION('center_axis',(0.,0.,1.));
#6135=DIRECTION('ref_axis',(1.,0.,0.));
#6136=DIRECTION('center_axis',(0.,0.,1.));
#6137=DIRECTION('ref_axis',(1.,0.,0.));
#6138=DIRECTION('center_axis',(0.,0.,1.));
#6139=DIRECTION('ref_axis',(1.,0.,0.));
#6140=DIRECTION('center_axis',(0.,0.,1.));
#6141=DIRECTION('ref_axis',(1.,0.,0.));
#6142=DIRECTION('center_axis',(0.,0.,1.));
#6143=DIRECTION('ref_axis',(1.,0.,0.));
#6144=DIRECTION('',(0.,0.,-1.));
#6145=DIRECTION('center_axis',(0.,0.,1.));
#6146=DIRECTION('ref_axis',(1.,0.,0.));
#6147=DIRECTION('center_axis',(0.,0.,1.));
#6148=DIRECTION('ref_axis',(1.,0.,0.));
#6149=DIRECTION('center_axis',(0.,0.,1.));
#6150=DIRECTION('ref_axis',(1.,0.,0.));
#6151=DIRECTION('center_axis',(0.,0.,1.));
#6152=DIRECTION('ref_axis',(1.,0.,0.));
#6153=DIRECTION('center_axis',(0.,0.,1.));
#6154=DIRECTION('ref_axis',(1.,0.,0.));
#6155=DIRECTION('',(0.,0.,-1.));
#6156=DIRECTION('center_axis',(0.,0.,1.));
#6157=DIRECTION('ref_axis',(1.,0.,0.));
#6158=DIRECTION('center_axis',(0.,0.,1.));
#6159=DIRECTION('ref_axis',(1.,0.,0.));
#6160=DIRECTION('center_axis',(0.,0.,1.));
#6161=DIRECTION('ref_axis',(1.,0.,0.));
#6162=DIRECTION('center_axis',(0.,0.,1.));
#6163=DIRECTION('ref_axis',(1.,0.,0.));
#6164=DIRECTION('center_axis',(0.,0.,1.));
#6165=DIRECTION('ref_axis',(1.,0.,0.));
#6166=DIRECTION('',(0.,0.,-1.));
#6167=DIRECTION('center_axis',(0.,0.,1.));
#6168=DIRECTION('ref_axis',(1.,0.,0.));
#6169=DIRECTION('center_axis',(0.,0.,1.));
#6170=DIRECTION('ref_axis',(1.,0.,0.));
#6171=DIRECTION('center_axis',(0.,0.,1.));
#6172=DIRECTION('ref_axis',(1.,0.,0.));
#6173=DIRECTION('center_axis',(0.,0.,-1.));
#6174=DIRECTION('ref_axis',(-1.,0.,0.));
#6175=DIRECTION('',(-1.,0.,0.));
#6176=DIRECTION('',(0.,-1.,0.));
#6177=DIRECTION('',(1.,0.,0.));
#6178=DIRECTION('',(0.,1.,0.));
#6179=DIRECTION('center_axis',(0.,0.,-1.));
#6180=DIRECTION('ref_axis',(-1.,0.,0.));
#6181=DIRECTION('',(0.,-1.,0.));
#6182=DIRECTION('',(1.,0.,0.));
#6183=DIRECTION('',(0.,1.,0.));
#6184=DIRECTION('',(-1.,0.,0.));
#6185=DIRECTION('center_axis',(0.,0.,-1.));
#6186=DIRECTION('ref_axis',(-1.,0.,0.));
#6187=DIRECTION('',(0.,-1.,0.));
#6188=DIRECTION('',(1.,0.,0.));
#6189=DIRECTION('',(0.,1.,0.));
#6190=DIRECTION('',(-1.,0.,0.));
#6191=DIRECTION('center_axis',(0.,0.,-1.));
#6192=DIRECTION('ref_axis',(-1.,0.,0.));
#6193=DIRECTION('',(0.,-1.,0.));
#6194=DIRECTION('',(1.,0.,0.));
#6195=DIRECTION('',(0.,1.,0.));
#6196=DIRECTION('',(-1.,0.,0.));
#6197=DIRECTION('center_axis',(0.,0.,-1.));
#6198=DIRECTION('ref_axis',(-1.,0.,0.));
#6199=DIRECTION('',(0.,-1.,0.));
#6200=DIRECTION('',(1.,0.,0.));
#6201=DIRECTION('',(0.,1.,0.));
#6202=DIRECTION('',(-1.,0.,0.));
#6203=DIRECTION('center_axis',(0.,0.,-1.));
#6204=DIRECTION('ref_axis',(-1.,0.,0.));
#6205=DIRECTION('',(0.,-1.,0.));
#6206=DIRECTION('',(1.,0.,0.));
#6207=DIRECTION('',(0.,1.,0.));
#6208=DIRECTION('',(-1.,0.,0.));
#6209=DIRECTION('center_axis',(0.,0.,-1.));
#6210=DIRECTION('ref_axis',(-1.,0.,0.));
#6211=DIRECTION('',(0.,-1.,0.));
#6212=DIRECTION('',(1.,0.,0.));
#6213=DIRECTION('',(0.,1.,0.));
#6214=DIRECTION('',(-1.,0.,0.));
#6215=DIRECTION('center_axis',(0.,0.,-1.));
#6216=DIRECTION('ref_axis',(-1.,0.,0.));
#6217=DIRECTION('',(0.,-1.,0.));
#6218=DIRECTION('',(1.,0.,0.));
#6219=DIRECTION('',(0.,1.,0.));
#6220=DIRECTION('',(-1.,0.,0.));
#6221=DIRECTION('center_axis',(0.,0.,-1.));
#6222=DIRECTION('ref_axis',(-1.,0.,0.));
#6223=DIRECTION('',(1.,0.,0.));
#6224=DIRECTION('',(0.,1.,0.));
#6225=DIRECTION('',(-1.,0.,0.));
#6226=DIRECTION('',(0.,-1.,0.));
#6227=DIRECTION('center_axis',(0.,0.,-1.));
#6228=DIRECTION('ref_axis',(-1.,0.,0.));
#6229=DIRECTION('',(1.,0.,0.));
#6230=DIRECTION('',(0.,1.,0.));
#6231=DIRECTION('',(-1.,0.,0.));
#6232=DIRECTION('',(0.,-1.,0.));
#6233=DIRECTION('center_axis',(0.,0.,-1.));
#6234=DIRECTION('ref_axis',(-1.,0.,0.));
#6235=DIRECTION('',(1.,0.,0.));
#6236=DIRECTION('',(0.,1.,0.));
#6237=DIRECTION('',(-1.,0.,0.));
#6238=DIRECTION('',(0.,-1.,0.));
#6239=DIRECTION('center_axis',(0.,0.,-1.));
#6240=DIRECTION('ref_axis',(-1.,0.,0.));
#6241=DIRECTION('',(0.,1.,0.));
#6242=DIRECTION('',(-1.,0.,0.));
#6243=DIRECTION('',(0.,-1.,0.));
#6244=DIRECTION('',(1.,0.,0.));
#6245=DIRECTION('center_axis',(0.,0.,-1.));
#6246=DIRECTION('ref_axis',(-1.,0.,0.));
#6247=DIRECTION('',(0.,1.,0.));
#6248=DIRECTION('',(-1.,0.,0.));
#6249=DIRECTION('',(0.,-1.,0.));
#6250=DIRECTION('',(1.,0.,0.));
#6251=DIRECTION('center_axis',(0.,0.,-1.));
#6252=DIRECTION('ref_axis',(-1.,0.,0.));
#6253=DIRECTION('',(0.,1.,0.));
#6254=DIRECTION('',(-1.,0.,0.));
#6255=DIRECTION('',(0.,-1.,0.));
#6256=DIRECTION('',(1.,0.,0.));
#6257=DIRECTION('center_axis',(0.,0.,-1.));
#6258=DIRECTION('ref_axis',(-1.,0.,0.));
#6259=DIRECTION('',(0.,1.,0.));
#6260=DIRECTION('',(-1.,0.,0.));
#6261=DIRECTION('',(0.,-1.,0.));
#6262=DIRECTION('',(1.,0.,0.));
#6263=DIRECTION('center_axis',(0.,0.,-1.));
#6264=DIRECTION('ref_axis',(-1.,0.,0.));
#6265=DIRECTION('',(0.,1.,0.));
#6266=DIRECTION('',(-1.,0.,0.));
#6267=DIRECTION('',(0.,-1.,0.));
#6268=DIRECTION('',(1.,0.,0.));
#6269=DIRECTION('center_axis',(0.,0.,-1.));
#6270=DIRECTION('ref_axis',(-1.,0.,0.));
#6271=DIRECTION('',(0.,1.,0.));
#6272=DIRECTION('',(-1.,0.,0.));
#6273=DIRECTION('',(0.,-1.,0.));
#6274=DIRECTION('',(1.,0.,0.));
#6275=DIRECTION('center_axis',(0.,0.,-1.));
#6276=DIRECTION('ref_axis',(-1.,0.,0.));
#6277=DIRECTION('',(0.,1.,0.));
#6278=DIRECTION('',(-1.,0.,0.));
#6279=DIRECTION('',(0.,-1.,0.));
#6280=DIRECTION('',(1.,0.,0.));
#6281=DIRECTION('center_axis',(0.,0.,-1.));
#6282=DIRECTION('ref_axis',(-1.,0.,0.));
#6283=DIRECTION('',(-1.,0.,0.));
#6284=DIRECTION('',(0.,-1.,0.));
#6285=DIRECTION('',(1.,0.,0.));
#6286=DIRECTION('',(0.,1.,0.));
#6287=DIRECTION('center_axis',(0.,0.,-1.));
#6288=DIRECTION('ref_axis',(-1.,0.,0.));
#6289=DIRECTION('',(0.,1.,0.));
#6290=DIRECTION('',(-1.,0.,0.));
#6291=DIRECTION('',(0.,-1.,0.));
#6292=DIRECTION('',(1.,0.,0.));
#6293=DIRECTION('center_axis',(0.,0.,1.));
#6294=DIRECTION('ref_axis',(1.,0.,0.));
#6295=DIRECTION('',(-1.,0.,0.));
#6296=DIRECTION('',(0.,-1.,0.));
#6297=DIRECTION('',(1.,0.,0.));
#6298=DIRECTION('',(0.,1.,0.));
#6299=DIRECTION('center_axis',(0.,0.,1.));
#6300=DIRECTION('ref_axis',(1.,0.,0.));
#6301=DIRECTION('',(-1.,0.,0.));
#6302=DIRECTION('',(0.,-1.,0.));
#6303=DIRECTION('',(1.,0.,0.));
#6304=DIRECTION('',(0.,1.,0.));
#6305=DIRECTION('center_axis',(0.,0.,1.));
#6306=DIRECTION('ref_axis',(1.,0.,0.));
#6307=DIRECTION('',(-1.,0.,0.));
#6308=DIRECTION('',(0.,-1.,0.));
#6309=DIRECTION('',(1.,0.,0.));
#6310=DIRECTION('',(0.,1.,0.));
#6311=DIRECTION('center_axis',(0.,0.,1.));
#6312=DIRECTION('ref_axis',(1.,0.,0.));
#6313=DIRECTION('',(-1.,0.,0.));
#6314=DIRECTION('',(0.,-1.,0.));
#6315=DIRECTION('',(1.,0.,0.));
#6316=DIRECTION('',(0.,1.,0.));
#6317=DIRECTION('center_axis',(0.,0.,1.));
#6318=DIRECTION('ref_axis',(1.,0.,0.));
#6319=DIRECTION('',(-1.,0.,0.));
#6320=DIRECTION('',(0.,-1.,0.));
#6321=DIRECTION('',(1.,0.,0.));
#6322=DIRECTION('',(0.,1.,0.));
#6323=DIRECTION('center_axis',(0.,0.,1.));
#6324=DIRECTION('ref_axis',(1.,0.,0.));
#6325=DIRECTION('',(-1.,0.,0.));
#6326=DIRECTION('',(0.,-1.,0.));
#6327=DIRECTION('',(1.,0.,0.));
#6328=DIRECTION('',(0.,1.,0.));
#6329=DIRECTION('center_axis',(0.,0.,1.));
#6330=DIRECTION('ref_axis',(1.,0.,0.));
#6331=DIRECTION('',(1.,0.,0.));
#6332=DIRECTION('',(0.,1.,0.));
#6333=DIRECTION('',(-1.,0.,0.));
#6334=DIRECTION('',(0.,-1.,0.));
#6335=DIRECTION('center_axis',(0.,0.,1.));
#6336=DIRECTION('ref_axis',(1.,0.,0.));
#6337=DIRECTION('',(1.,0.,0.));
#6338=DIRECTION('',(0.,1.,0.));
#6339=DIRECTION('',(-1.,0.,0.));
#6340=DIRECTION('',(0.,-1.,0.));
#6341=DIRECTION('center_axis',(0.,0.,1.));
#6342=DIRECTION('ref_axis',(1.,0.,0.));
#6343=DIRECTION('',(1.,0.,0.));
#6344=DIRECTION('',(0.,1.,0.));
#6345=DIRECTION('',(-1.,0.,0.));
#6346=DIRECTION('',(0.,-1.,0.));
#6347=DIRECTION('center_axis',(0.,0.,1.));
#6348=DIRECTION('ref_axis',(1.,0.,0.));
#6349=DIRECTION('',(1.,0.,0.));
#6350=DIRECTION('',(0.,1.,0.));
#6351=DIRECTION('',(-1.,0.,0.));
#6352=DIRECTION('',(0.,-1.,0.));
#6353=DIRECTION('center_axis',(0.,0.,1.));
#6354=DIRECTION('ref_axis',(1.,0.,0.));
#6355=DIRECTION('',(1.,0.,0.));
#6356=DIRECTION('',(0.,1.,0.));
#6357=DIRECTION('',(-1.,0.,0.));
#6358=DIRECTION('',(0.,-1.,0.));
#6359=DIRECTION('center_axis',(0.,0.,1.));
#6360=DIRECTION('ref_axis',(1.,0.,0.));
#6361=DIRECTION('',(1.,0.,0.));
#6362=DIRECTION('',(0.,1.,0.));
#6363=DIRECTION('',(-1.,0.,0.));
#6364=DIRECTION('',(0.,-1.,0.));
#6365=DIRECTION('center_axis',(0.,0.,1.));
#6366=DIRECTION('ref_axis',(1.,0.,0.));
#6367=DIRECTION('',(1.,0.,0.));
#6368=DIRECTION('',(0.,1.,0.));
#6369=DIRECTION('',(-1.,0.,0.));
#6370=DIRECTION('',(0.,-1.,0.));
#6371=DIRECTION('center_axis',(0.,0.,1.));
#6372=DIRECTION('ref_axis',(1.,0.,0.));
#6373=DIRECTION('',(1.,0.,0.));
#6374=DIRECTION('',(0.,1.,0.));
#6375=DIRECTION('',(-1.,0.,0.));
#6376=DIRECTION('',(0.,-1.,0.));
#6377=DIRECTION('center_axis',(0.,0.,1.));
#6378=DIRECTION('ref_axis',(1.,0.,0.));
#6379=DIRECTION('',(1.,0.,0.));
#6380=DIRECTION('',(0.,1.,0.));
#6381=DIRECTION('',(-1.,0.,0.));
#6382=DIRECTION('',(0.,-1.,0.));
#6383=DIRECTION('center_axis',(0.,0.,1.));
#6384=DIRECTION('ref_axis',(1.,0.,0.));
#6385=DIRECTION('',(1.,0.,0.));
#6386=DIRECTION('',(0.,1.,0.));
#6387=DIRECTION('',(-1.,0.,0.));
#6388=DIRECTION('',(0.,-1.,0.));
#6389=DIRECTION('center_axis',(0.,0.,1.));
#6390=DIRECTION('ref_axis',(1.,0.,0.));
#6391=DIRECTION('',(1.,0.,0.));
#6392=DIRECTION('',(0.,1.,0.));
#6393=DIRECTION('',(-1.,0.,0.));
#6394=DIRECTION('',(0.,-1.,0.));
#6395=DIRECTION('center_axis',(0.,0.,1.));
#6396=DIRECTION('ref_axis',(1.,0.,0.));
#6397=DIRECTION('',(1.,0.,0.));
#6398=DIRECTION('',(0.,1.,0.));
#6399=DIRECTION('',(-1.,0.,0.));
#6400=DIRECTION('',(0.,-1.,0.));
#6401=DIRECTION('center_axis',(0.,0.,1.));
#6402=DIRECTION('ref_axis',(1.,0.,0.));
#6403=DIRECTION('',(1.,0.,0.));
#6404=DIRECTION('',(0.,1.,0.));
#6405=DIRECTION('',(-1.,0.,0.));
#6406=DIRECTION('',(0.,-1.,0.));
#6407=DIRECTION('center_axis',(0.,0.,1.));
#6408=DIRECTION('ref_axis',(1.,0.,0.));
#6409=DIRECTION('',(1.,0.,0.));
#6410=DIRECTION('',(0.,1.,0.));
#6411=DIRECTION('',(-1.,0.,0.));
#6412=DIRECTION('',(0.,-1.,0.));
#6413=DIRECTION('center_axis',(0.,0.,1.));
#6414=DIRECTION('ref_axis',(1.,0.,0.));
#6415=DIRECTION('',(1.,0.,0.));
#6416=DIRECTION('',(0.,1.,0.));
#6417=DIRECTION('',(-1.,0.,0.));
#6418=DIRECTION('',(0.,-1.,0.));
#6419=DIRECTION('center_axis',(0.,0.,1.));
#6420=DIRECTION('ref_axis',(1.,0.,0.));
#6421=DIRECTION('',(1.,0.,0.));
#6422=DIRECTION('',(0.,1.,0.));
#6423=DIRECTION('',(-1.,0.,0.));
#6424=DIRECTION('',(0.,-1.,0.));
#6425=DIRECTION('center_axis',(0.,0.,1.));
#6426=DIRECTION('ref_axis',(1.,0.,0.));
#6427=DIRECTION('',(1.,0.,0.));
#6428=DIRECTION('',(0.,1.,0.));
#6429=DIRECTION('',(-1.,0.,0.));
#6430=DIRECTION('',(0.,-1.,0.));
#6431=DIRECTION('center_axis',(0.,0.,1.));
#6432=DIRECTION('ref_axis',(1.,0.,0.));
#6433=DIRECTION('',(1.,0.,0.));
#6434=DIRECTION('',(0.,1.,0.));
#6435=DIRECTION('',(-1.,0.,0.));
#6436=DIRECTION('',(0.,-1.,0.));
#6437=DIRECTION('center_axis',(0.,0.,1.));
#6438=DIRECTION('ref_axis',(1.,0.,0.));
#6439=DIRECTION('',(0.,1.,0.));
#6440=DIRECTION('',(-1.,0.,0.));
#6441=DIRECTION('',(0.,-1.,0.));
#6442=DIRECTION('',(1.,0.,0.));
#6443=DIRECTION('center_axis',(0.,0.,1.));
#6444=DIRECTION('ref_axis',(1.,0.,0.));
#6445=DIRECTION('',(1.,0.,0.));
#6446=DIRECTION('',(0.,1.,0.));
#6447=DIRECTION('',(-1.,0.,0.));
#6448=DIRECTION('',(0.,-1.,0.));
#6449=DIRECTION('center_axis',(0.,0.,1.));
#6450=DIRECTION('ref_axis',(1.,0.,0.));
#6451=DIRECTION('',(0.,-1.,0.));
#6452=DIRECTION('',(1.,0.,0.));
#6453=DIRECTION('',(0.,1.,0.));
#6454=DIRECTION('',(-1.,0.,0.));
#6455=DIRECTION('center_axis',(0.,0.,1.));
#6456=DIRECTION('ref_axis',(1.,0.,0.));
#6457=DIRECTION('',(-1.,0.,0.));
#6458=DIRECTION('',(0.,-1.,0.));
#6459=DIRECTION('',(1.,0.,0.));
#6460=DIRECTION('',(0.,1.,0.));
#6461=DIRECTION('center_axis',(0.,-1.,0.));
#6462=DIRECTION('ref_axis',(1.,0.,0.));
#6463=DIRECTION('',(0.,0.,1.));
#6464=DIRECTION('',(1.,0.,0.));
#6465=DIRECTION('',(0.,0.,-1.));
#6466=DIRECTION('center_axis',(0.,-1.,0.));
#6467=DIRECTION('ref_axis',(1.,0.,0.));
#6468=DIRECTION('',(0.,0.,-1.));
#6469=DIRECTION('',(0.,0.,1.));
#6470=DIRECTION('',(1.,0.,0.));
#6471=DIRECTION('center_axis',(0.,-1.,0.));
#6472=DIRECTION('ref_axis',(1.,0.,0.));
#6473=DIRECTION('',(0.,0.,-1.));
#6474=DIRECTION('',(0.,0.,1.));
#6475=DIRECTION('',(1.,0.,0.));
#6476=DIRECTION('center_axis',(0.,-1.,0.));
#6477=DIRECTION('ref_axis',(1.,0.,0.));
#6478=DIRECTION('',(0.,0.,-1.));
#6479=DIRECTION('',(0.,0.,1.));
#6480=DIRECTION('',(1.,0.,0.));
#6481=DIRECTION('center_axis',(0.,-1.,0.));
#6482=DIRECTION('ref_axis',(1.,0.,0.));
#6483=DIRECTION('',(0.,0.,-1.));
#6484=DIRECTION('',(0.,0.,1.));
#6485=DIRECTION('',(1.,0.,0.));
#6486=DIRECTION('center_axis',(0.,-1.,0.));
#6487=DIRECTION('ref_axis',(1.,0.,0.));
#6488=DIRECTION('',(0.,0.,-1.));
#6489=DIRECTION('',(0.,0.,1.));
#6490=DIRECTION('',(1.,0.,0.));
#6491=DIRECTION('center_axis',(0.,-1.,0.));
#6492=DIRECTION('ref_axis',(1.,0.,0.));
#6493=DIRECTION('',(0.,0.,-1.));
#6494=DIRECTION('',(0.,0.,1.));
#6495=DIRECTION('',(1.,0.,0.));
#6496=DIRECTION('center_axis',(0.,1.,0.));
#6497=DIRECTION('ref_axis',(-1.,0.,0.));
#6498=DIRECTION('',(0.,0.,1.));
#6499=DIRECTION('',(-1.,0.,0.));
#6500=DIRECTION('',(0.,0.,-1.));
#6501=DIRECTION('center_axis',(0.,1.,0.));
#6502=DIRECTION('ref_axis',(-1.,0.,0.));
#6503=DIRECTION('',(0.,0.,-1.));
#6504=DIRECTION('',(0.,0.,1.));
#6505=DIRECTION('',(-1.,0.,0.));
#6506=DIRECTION('center_axis',(0.,1.,0.));
#6507=DIRECTION('ref_axis',(-1.,0.,0.));
#6508=DIRECTION('',(0.,0.,1.));
#6509=DIRECTION('',(-1.,0.,0.));
#6510=DIRECTION('',(0.,0.,-1.));
#6511=DIRECTION('center_axis',(0.,1.,0.));
#6512=DIRECTION('ref_axis',(-1.,0.,0.));
#6513=DIRECTION('',(0.,0.,1.));
#6514=DIRECTION('',(-1.,0.,0.));
#6515=DIRECTION('',(0.,0.,-1.));
#6516=DIRECTION('center_axis',(0.,1.,0.));
#6517=DIRECTION('ref_axis',(-1.,0.,0.));
#6518=DIRECTION('',(0.,0.,1.));
#6519=DIRECTION('',(-1.,0.,0.));
#6520=DIRECTION('',(0.,0.,-1.));
#6521=DIRECTION('center_axis',(0.,1.,0.));
#6522=DIRECTION('ref_axis',(-1.,0.,0.));
#6523=DIRECTION('',(0.,0.,1.));
#6524=DIRECTION('',(-1.,0.,0.));
#6525=DIRECTION('',(0.,0.,-1.));
#6526=DIRECTION('center_axis',(0.,1.,0.));
#6527=DIRECTION('ref_axis',(-1.,0.,0.));
#6528=DIRECTION('',(0.,0.,1.));
#6529=DIRECTION('',(-1.,0.,0.));
#6530=DIRECTION('',(0.,0.,-1.));
#6531=DIRECTION('center_axis',(0.,1.,0.));
#6532=DIRECTION('ref_axis',(-1.,0.,0.));
#6533=DIRECTION('',(0.,0.,1.));
#6534=DIRECTION('',(-1.,0.,0.));
#6535=DIRECTION('',(0.,0.,-1.));
#6536=DIRECTION('center_axis',(0.,-1.,0.));
#6537=DIRECTION('ref_axis',(1.,0.,0.));
#6538=DIRECTION('',(0.,0.,-1.));
#6539=DIRECTION('',(0.,0.,1.));
#6540=DIRECTION('',(1.,0.,0.));
#6541=DIRECTION('center_axis',(0.,-1.,0.));
#6542=DIRECTION('ref_axis',(1.,0.,0.));
#6543=DIRECTION('',(0.,0.,1.));
#6544=DIRECTION('',(1.,0.,0.));
#6545=DIRECTION('',(0.,0.,-1.));
#6546=DIRECTION('center_axis',(0.,-1.,0.));
#6547=DIRECTION('ref_axis',(1.,0.,0.));
#6548=DIRECTION('',(0.,0.,-1.));
#6549=DIRECTION('',(0.,0.,1.));
#6550=DIRECTION('',(1.,0.,0.));
#6551=DIRECTION('center_axis',(0.,-1.,0.));
#6552=DIRECTION('ref_axis',(1.,0.,0.));
#6553=DIRECTION('',(0.,0.,-1.));
#6554=DIRECTION('',(0.,0.,1.));
#6555=DIRECTION('',(1.,0.,0.));
#6556=DIRECTION('center_axis',(0.,-1.,0.));
#6557=DIRECTION('ref_axis',(1.,0.,0.));
#6558=DIRECTION('',(0.,0.,-1.));
#6559=DIRECTION('',(0.,0.,1.));
#6560=DIRECTION('',(1.,0.,0.));
#6561=DIRECTION('center_axis',(0.,-1.,0.));
#6562=DIRECTION('ref_axis',(1.,0.,0.));
#6563=DIRECTION('',(0.,0.,-1.));
#6564=DIRECTION('',(0.,0.,1.));
#6565=DIRECTION('',(1.,0.,0.));
#6566=DIRECTION('center_axis',(0.,-1.,0.));
#6567=DIRECTION('ref_axis',(1.,0.,0.));
#6568=DIRECTION('',(0.,0.,-1.));
#6569=DIRECTION('',(0.,0.,1.));
#6570=DIRECTION('',(1.,0.,0.));
#6571=DIRECTION('center_axis',(0.,-1.,0.));
#6572=DIRECTION('ref_axis',(1.,0.,0.));
#6573=DIRECTION('',(0.,0.,-1.));
#6574=DIRECTION('',(0.,0.,1.));
#6575=DIRECTION('',(1.,0.,0.));
#6576=DIRECTION('center_axis',(0.,1.,0.));
#6577=DIRECTION('ref_axis',(-1.,0.,0.));
#6578=DIRECTION('',(0.,0.,1.));
#6579=DIRECTION('',(-1.,0.,0.));
#6580=DIRECTION('',(0.,0.,-1.));
#6581=DIRECTION('center_axis',(0.,1.,0.));
#6582=DIRECTION('ref_axis',(-1.,0.,0.));
#6583=DIRECTION('',(0.,0.,-1.));
#6584=DIRECTION('',(0.,0.,1.));
#6585=DIRECTION('',(-1.,0.,0.));
#6586=DIRECTION('center_axis',(0.,1.,0.));
#6587=DIRECTION('ref_axis',(-1.,0.,0.));
#6588=DIRECTION('',(0.,0.,1.));
#6589=DIRECTION('',(-1.,0.,0.));
#6590=DIRECTION('',(0.,0.,-1.));
#6591=DIRECTION('center_axis',(0.,1.,0.));
#6592=DIRECTION('ref_axis',(-1.,0.,0.));
#6593=DIRECTION('',(0.,0.,1.));
#6594=DIRECTION('',(-1.,0.,0.));
#6595=DIRECTION('',(0.,0.,-1.));
#6596=DIRECTION('center_axis',(0.,1.,0.));
#6597=DIRECTION('ref_axis',(-1.,0.,0.));
#6598=DIRECTION('',(0.,0.,1.));
#6599=DIRECTION('',(-1.,0.,0.));
#6600=DIRECTION('',(0.,0.,-1.));
#6601=DIRECTION('center_axis',(0.,1.,0.));
#6602=DIRECTION('ref_axis',(-1.,0.,0.));
#6603=DIRECTION('',(0.,0.,1.));
#6604=DIRECTION('',(-1.,0.,0.));
#6605=DIRECTION('',(0.,0.,-1.));
#6606=DIRECTION('center_axis',(0.,1.,0.));
#6607=DIRECTION('ref_axis',(-1.,0.,0.));
#6608=DIRECTION('',(0.,0.,1.));
#6609=DIRECTION('',(-1.,0.,0.));
#6610=DIRECTION('',(0.,0.,-1.));
#6611=DIRECTION('center_axis',(0.,1.,0.));
#6612=DIRECTION('ref_axis',(-1.,0.,0.));
#6613=DIRECTION('',(0.,0.,1.));
#6614=DIRECTION('',(-1.,0.,0.));
#6615=DIRECTION('',(0.,0.,-1.));
#6616=DIRECTION('center_axis',(0.,-1.,0.));
#6617=DIRECTION('ref_axis',(1.,0.,0.));
#6618=DIRECTION('',(0.,0.,-1.));
#6619=DIRECTION('',(0.,0.,1.));
#6620=DIRECTION('',(1.,0.,0.));
#6621=DIRECTION('center_axis',(0.,-1.,0.));
#6622=DIRECTION('ref_axis',(1.,0.,0.));
#6623=DIRECTION('',(0.,0.,1.));
#6624=DIRECTION('',(1.,0.,0.));
#6625=DIRECTION('',(0.,0.,-1.));
#6626=DIRECTION('center_axis',(0.,-1.,0.));
#6627=DIRECTION('ref_axis',(1.,0.,0.));
#6628=DIRECTION('',(0.,0.,-1.));
#6629=DIRECTION('',(0.,0.,1.));
#6630=DIRECTION('',(1.,0.,0.));
#6631=DIRECTION('center_axis',(0.,-1.,0.));
#6632=DIRECTION('ref_axis',(1.,0.,0.));
#6633=DIRECTION('',(0.,0.,-1.));
#6634=DIRECTION('',(0.,0.,1.));
#6635=DIRECTION('',(1.,0.,0.));
#6636=DIRECTION('center_axis',(0.,-1.,0.));
#6637=DIRECTION('ref_axis',(1.,0.,0.));
#6638=DIRECTION('',(0.,0.,-1.));
#6639=DIRECTION('',(0.,0.,1.));
#6640=DIRECTION('',(1.,0.,0.));
#6641=DIRECTION('center_axis',(0.,-1.,0.));
#6642=DIRECTION('ref_axis',(1.,0.,0.));
#6643=DIRECTION('',(0.,0.,-1.));
#6644=DIRECTION('',(0.,0.,1.));
#6645=DIRECTION('',(1.,0.,0.));
#6646=DIRECTION('center_axis',(0.,-1.,0.));
#6647=DIRECTION('ref_axis',(1.,0.,0.));
#6648=DIRECTION('',(0.,0.,-1.));
#6649=DIRECTION('',(0.,0.,1.));
#6650=DIRECTION('',(1.,0.,0.));
#6651=DIRECTION('center_axis',(0.,-1.,0.));
#6652=DIRECTION('ref_axis',(1.,0.,0.));
#6653=DIRECTION('',(0.,0.,-1.));
#6654=DIRECTION('',(0.,0.,1.));
#6655=DIRECTION('',(1.,0.,0.));
#6656=DIRECTION('center_axis',(0.,1.,0.));
#6657=DIRECTION('ref_axis',(-1.,0.,0.));
#6658=DIRECTION('',(0.,0.,1.));
#6659=DIRECTION('',(-1.,0.,0.));
#6660=DIRECTION('',(0.,0.,-1.));
#6661=DIRECTION('center_axis',(0.,1.,0.));
#6662=DIRECTION('ref_axis',(-1.,0.,0.));
#6663=DIRECTION('',(0.,0.,-1.));
#6664=DIRECTION('',(0.,0.,1.));
#6665=DIRECTION('',(-1.,0.,0.));
#6666=DIRECTION('center_axis',(0.,1.,0.));
#6667=DIRECTION('ref_axis',(-1.,0.,0.));
#6668=DIRECTION('',(0.,0.,1.));
#6669=DIRECTION('',(-1.,0.,0.));
#6670=DIRECTION('',(0.,0.,-1.));
#6671=DIRECTION('center_axis',(0.,1.,0.));
#6672=DIRECTION('ref_axis',(-1.,0.,0.));
#6673=DIRECTION('',(0.,0.,1.));
#6674=DIRECTION('',(-1.,0.,0.));
#6675=DIRECTION('',(0.,0.,-1.));
#6676=DIRECTION('center_axis',(0.,1.,0.));
#6677=DIRECTION('ref_axis',(-1.,0.,0.));
#6678=DIRECTION('',(0.,0.,1.));
#6679=DIRECTION('',(-1.,0.,0.));
#6680=DIRECTION('',(0.,0.,-1.));
#6681=DIRECTION('center_axis',(0.,1.,0.));
#6682=DIRECTION('ref_axis',(-1.,0.,0.));
#6683=DIRECTION('',(0.,0.,1.));
#6684=DIRECTION('',(-1.,0.,0.));
#6685=DIRECTION('',(0.,0.,-1.));
#6686=DIRECTION('center_axis',(0.,1.,0.));
#6687=DIRECTION('ref_axis',(-1.,0.,0.));
#6688=DIRECTION('',(0.,0.,1.));
#6689=DIRECTION('',(-1.,0.,0.));
#6690=DIRECTION('',(0.,0.,-1.));
#6691=DIRECTION('center_axis',(0.,1.,0.));
#6692=DIRECTION('ref_axis',(-1.,0.,0.));
#6693=DIRECTION('',(0.,0.,1.));
#6694=DIRECTION('',(-1.,0.,0.));
#6695=DIRECTION('',(0.,0.,-1.));
#6696=DIRECTION('center_axis',(0.,-1.,0.));
#6697=DIRECTION('ref_axis',(1.,0.,0.));
#6698=DIRECTION('',(0.,0.,-1.));
#6699=DIRECTION('',(0.,0.,1.));
#6700=DIRECTION('',(1.,0.,0.));
#6701=DIRECTION('center_axis',(0.,-1.,0.));
#6702=DIRECTION('ref_axis',(1.,0.,0.));
#6703=DIRECTION('',(0.,0.,1.));
#6704=DIRECTION('',(1.,0.,0.));
#6705=DIRECTION('',(0.,0.,-1.));
#6706=DIRECTION('center_axis',(0.,-1.,0.));
#6707=DIRECTION('ref_axis',(1.,0.,0.));
#6708=DIRECTION('',(0.,0.,-1.));
#6709=DIRECTION('',(0.,0.,1.));
#6710=DIRECTION('',(1.,0.,0.));
#6711=DIRECTION('center_axis',(0.,-1.,0.));
#6712=DIRECTION('ref_axis',(1.,0.,0.));
#6713=DIRECTION('',(0.,0.,-1.));
#6714=DIRECTION('',(0.,0.,1.));
#6715=DIRECTION('',(1.,0.,0.));
#6716=DIRECTION('center_axis',(0.,-1.,0.));
#6717=DIRECTION('ref_axis',(1.,0.,0.));
#6718=DIRECTION('',(0.,0.,-1.));
#6719=DIRECTION('',(0.,0.,1.));
#6720=DIRECTION('',(1.,0.,0.));
#6721=DIRECTION('center_axis',(0.,-1.,0.));
#6722=DIRECTION('ref_axis',(1.,0.,0.));
#6723=DIRECTION('',(0.,0.,-1.));
#6724=DIRECTION('',(0.,0.,1.));
#6725=DIRECTION('',(1.,0.,0.));
#6726=DIRECTION('center_axis',(0.,-1.,0.));
#6727=DIRECTION('ref_axis',(1.,0.,0.));
#6728=DIRECTION('',(0.,0.,-1.));
#6729=DIRECTION('',(0.,0.,1.));
#6730=DIRECTION('',(1.,0.,0.));
#6731=DIRECTION('center_axis',(0.,-1.,0.));
#6732=DIRECTION('ref_axis',(1.,0.,0.));
#6733=DIRECTION('',(0.,0.,-1.));
#6734=DIRECTION('',(0.,0.,1.));
#6735=DIRECTION('',(1.,0.,0.));
#6736=DIRECTION('center_axis',(0.,1.,0.));
#6737=DIRECTION('ref_axis',(-1.,0.,0.));
#6738=DIRECTION('',(0.,0.,1.));
#6739=DIRECTION('',(-1.,0.,0.));
#6740=DIRECTION('',(0.,0.,-1.));
#6741=DIRECTION('center_axis',(0.,1.,0.));
#6742=DIRECTION('ref_axis',(-1.,0.,0.));
#6743=DIRECTION('',(0.,0.,-1.));
#6744=DIRECTION('',(0.,0.,1.));
#6745=DIRECTION('',(-1.,0.,0.));
#6746=DIRECTION('center_axis',(0.,1.,0.));
#6747=DIRECTION('ref_axis',(-1.,0.,0.));
#6748=DIRECTION('',(0.,0.,1.));
#6749=DIRECTION('',(-1.,0.,0.));
#6750=DIRECTION('',(0.,0.,-1.));
#6751=DIRECTION('center_axis',(0.,1.,0.));
#6752=DIRECTION('ref_axis',(-1.,0.,0.));
#6753=DIRECTION('',(0.,0.,1.));
#6754=DIRECTION('',(-1.,0.,0.));
#6755=DIRECTION('',(0.,0.,-1.));
#6756=DIRECTION('center_axis',(0.,1.,0.));
#6757=DIRECTION('ref_axis',(-1.,0.,0.));
#6758=DIRECTION('',(0.,0.,1.));
#6759=DIRECTION('',(-1.,0.,0.));
#6760=DIRECTION('',(0.,0.,-1.));
#6761=DIRECTION('center_axis',(0.,1.,0.));
#6762=DIRECTION('ref_axis',(-1.,0.,0.));
#6763=DIRECTION('',(0.,0.,1.));
#6764=DIRECTION('',(-1.,0.,0.));
#6765=DIRECTION('',(0.,0.,-1.));
#6766=DIRECTION('center_axis',(0.,1.,0.));
#6767=DIRECTION('ref_axis',(-1.,0.,0.));
#6768=DIRECTION('',(0.,0.,1.));
#6769=DIRECTION('',(-1.,0.,0.));
#6770=DIRECTION('',(0.,0.,-1.));
#6771=DIRECTION('center_axis',(0.,1.,0.));
#6772=DIRECTION('ref_axis',(-1.,0.,0.));
#6773=DIRECTION('',(0.,0.,1.));
#6774=DIRECTION('',(-1.,0.,0.));
#6775=DIRECTION('',(0.,0.,-1.));
#6776=DIRECTION('center_axis',(0.,-1.,0.));
#6777=DIRECTION('ref_axis',(1.,0.,0.));
#6778=DIRECTION('',(0.,0.,-1.));
#6779=DIRECTION('',(0.,0.,1.));
#6780=DIRECTION('',(1.,0.,0.));
#6781=DIRECTION('center_axis',(0.,-1.,0.));
#6782=DIRECTION('ref_axis',(1.,0.,0.));
#6783=DIRECTION('',(0.,0.,1.));
#6784=DIRECTION('',(1.,0.,0.));
#6785=DIRECTION('',(0.,0.,-1.));
#6786=DIRECTION('center_axis',(0.,-1.,0.));
#6787=DIRECTION('ref_axis',(1.,0.,0.));
#6788=DIRECTION('',(0.,0.,-1.));
#6789=DIRECTION('',(0.,0.,1.));
#6790=DIRECTION('',(1.,0.,0.));
#6791=DIRECTION('center_axis',(0.,-1.,0.));
#6792=DIRECTION('ref_axis',(1.,0.,0.));
#6793=DIRECTION('',(0.,0.,-1.));
#6794=DIRECTION('',(0.,0.,1.));
#6795=DIRECTION('',(1.,0.,0.));
#6796=DIRECTION('center_axis',(0.,-1.,0.));
#6797=DIRECTION('ref_axis',(1.,0.,0.));
#6798=DIRECTION('',(0.,0.,-1.));
#6799=DIRECTION('',(0.,0.,1.));
#6800=DIRECTION('',(1.,0.,0.));
#6801=DIRECTION('center_axis',(0.,-1.,0.));
#6802=DIRECTION('ref_axis',(1.,0.,0.));
#6803=DIRECTION('',(0.,0.,-1.));
#6804=DIRECTION('',(0.,0.,1.));
#6805=DIRECTION('',(1.,0.,0.));
#6806=DIRECTION('center_axis',(0.,-1.,0.));
#6807=DIRECTION('ref_axis',(1.,0.,0.));
#6808=DIRECTION('',(0.,0.,-1.));
#6809=DIRECTION('',(0.,0.,1.));
#6810=DIRECTION('',(1.,0.,0.));
#6811=DIRECTION('center_axis',(0.,-1.,0.));
#6812=DIRECTION('ref_axis',(1.,0.,0.));
#6813=DIRECTION('',(0.,0.,-1.));
#6814=DIRECTION('',(0.,0.,1.));
#6815=DIRECTION('',(1.,0.,0.));
#6816=DIRECTION('center_axis',(0.,1.,0.));
#6817=DIRECTION('ref_axis',(-1.,0.,0.));
#6818=DIRECTION('',(0.,0.,1.));
#6819=DIRECTION('',(-1.,0.,0.));
#6820=DIRECTION('',(0.,0.,-1.));
#6821=DIRECTION('center_axis',(0.,1.,0.));
#6822=DIRECTION('ref_axis',(-1.,0.,0.));
#6823=DIRECTION('',(0.,0.,-1.));
#6824=DIRECTION('',(0.,0.,1.));
#6825=DIRECTION('',(-1.,0.,0.));
#6826=DIRECTION('center_axis',(0.,1.,0.));
#6827=DIRECTION('ref_axis',(-1.,0.,0.));
#6828=DIRECTION('',(0.,0.,1.));
#6829=DIRECTION('',(-1.,0.,0.));
#6830=DIRECTION('',(0.,0.,-1.));
#6831=DIRECTION('center_axis',(0.,1.,0.));
#6832=DIRECTION('ref_axis',(-1.,0.,0.));
#6833=DIRECTION('',(0.,0.,1.));
#6834=DIRECTION('',(-1.,0.,0.));
#6835=DIRECTION('',(0.,0.,-1.));
#6836=DIRECTION('center_axis',(0.,1.,0.));
#6837=DIRECTION('ref_axis',(-1.,0.,0.));
#6838=DIRECTION('',(0.,0.,1.));
#6839=DIRECTION('',(-1.,0.,0.));
#6840=DIRECTION('',(0.,0.,-1.));
#6841=DIRECTION('center_axis',(0.,1.,0.));
#6842=DIRECTION('ref_axis',(-1.,0.,0.));
#6843=DIRECTION('',(0.,0.,1.));
#6844=DIRECTION('',(-1.,0.,0.));
#6845=DIRECTION('',(0.,0.,-1.));
#6846=DIRECTION('center_axis',(0.,1.,0.));
#6847=DIRECTION('ref_axis',(-1.,0.,0.));
#6848=DIRECTION('',(0.,0.,1.));
#6849=DIRECTION('',(-1.,0.,0.));
#6850=DIRECTION('',(0.,0.,-1.));
#6851=DIRECTION('center_axis',(0.,1.,0.));
#6852=DIRECTION('ref_axis',(-1.,0.,0.));
#6853=DIRECTION('',(0.,0.,1.));
#6854=DIRECTION('',(-1.,0.,0.));
#6855=DIRECTION('',(0.,0.,-1.));
#6856=DIRECTION('center_axis',(0.,-1.,0.));
#6857=DIRECTION('ref_axis',(1.,0.,0.));
#6858=DIRECTION('',(0.,0.,-1.));
#6859=DIRECTION('',(0.,0.,1.));
#6860=DIRECTION('',(1.,0.,0.));
#6861=DIRECTION('center_axis',(-1.,0.,0.));
#6862=DIRECTION('ref_axis',(0.,-1.,0.));
#6863=DIRECTION('',(0.,1.,0.));
#6864=DIRECTION('',(0.,1.,0.));
#6865=DIRECTION('',(0.,0.,1.));
#6866=DIRECTION('',(0.,-1.,0.));
#6867=DIRECTION('',(0.,0.,1.));
#6868=DIRECTION('',(0.,1.,0.));
#6869=DIRECTION('',(0.,1.,0.));
#6870=DIRECTION('',(0.,1.,0.));
#6871=DIRECTION('center_axis',(-1.,0.,0.));
#6872=DIRECTION('ref_axis',(0.,-1.,0.));
#6873=DIRECTION('',(0.,-1.,0.));
#6874=DIRECTION('',(0.,0.,-1.));
#6875=DIRECTION('center_axis',(-1.,0.,0.));
#6876=DIRECTION('ref_axis',(0.,-1.,0.));
#6877=DIRECTION('',(0.,-1.,0.));
#6878=DIRECTION('center_axis',(-1.,0.,0.));
#6879=DIRECTION('ref_axis',(0.,-1.,0.));
#6880=DIRECTION('',(0.,0.,1.));
#6881=DIRECTION('',(0.,-1.,0.));
#6882=DIRECTION('center_axis',(-1.,0.,0.));
#6883=DIRECTION('ref_axis',(0.,-1.,0.));
#6884=DIRECTION('',(0.,-1.,0.));
#6885=DIRECTION('center_axis',(-1.,0.,0.));
#6886=DIRECTION('ref_axis',(0.,-1.,0.));
#6887=DIRECTION('',(0.,-1.,0.));
#6888=DIRECTION('center_axis',(0.,0.,1.));
#6889=DIRECTION('ref_axis',(1.,0.,0.));
#6890=DIRECTION('',(0.,-1.,0.));
#6891=DIRECTION('',(-1.,0.,0.));
#6892=DIRECTION('',(0.,1.,0.));
#6893=DIRECTION('',(0.,-1.,0.));
#6894=DIRECTION('',(-1.,0.,0.));
#6895=DIRECTION('',(0.,1.,0.));
#6896=DIRECTION('',(0.,-1.,0.));
#6897=DIRECTION('',(-1.,0.,0.));
#6898=DIRECTION('',(0.,1.,0.));
#6899=DIRECTION('',(0.,-1.,0.));
#6900=DIRECTION('',(-1.,0.,0.));
#6901=DIRECTION('',(0.,1.,0.));
#6902=DIRECTION('',(0.,-1.,0.));
#6903=DIRECTION('',(-1.,0.,0.));
#6904=DIRECTION('',(0.,1.,0.));
#6905=DIRECTION('',(0.,-1.,0.));
#6906=DIRECTION('',(-1.,0.,0.));
#6907=DIRECTION('',(0.,1.,0.));
#6908=DIRECTION('',(0.,-1.,0.));
#6909=DIRECTION('',(0.,1.,0.));
#6910=DIRECTION('',(0.,-1.,0.));
#6911=DIRECTION('',(0.,1.,0.));
#6912=DIRECTION('',(0.,-1.,0.));
#6913=DIRECTION('',(0.,1.,0.));
#6914=DIRECTION('',(0.,-1.,0.));
#6915=DIRECTION('',(0.,1.,0.));
#6916=DIRECTION('',(0.,-1.,0.));
#6917=DIRECTION('',(0.,1.,0.));
#6918=DIRECTION('',(1.,0.,0.));
#6919=DIRECTION('',(0.,-1.,0.));
#6920=DIRECTION('',(0.,1.,0.));
#6921=DIRECTION('',(1.,0.,0.));
#6922=DIRECTION('',(0.,-1.,0.));
#6923=DIRECTION('',(0.,1.,0.));
#6924=DIRECTION('',(1.,0.,0.));
#6925=DIRECTION('',(0.,-1.,0.));
#6926=DIRECTION('',(0.,1.,0.));
#6927=DIRECTION('',(1.,0.,0.));
#6928=DIRECTION('',(0.,-1.,0.));
#6929=DIRECTION('',(0.,1.,0.));
#6930=DIRECTION('',(1.,0.,0.));
#6931=DIRECTION('',(0.,-1.,0.));
#6932=DIRECTION('',(0.,1.,0.));
#6933=DIRECTION('',(1.,0.,0.));
#6934=DIRECTION('',(0.,-1.,0.));
#6935=DIRECTION('',(0.,1.,0.));
#6936=DIRECTION('',(1.,0.,0.));
#6937=DIRECTION('',(0.,-1.,0.));
#6938=DIRECTION('',(-1.,0.,0.));
#6939=DIRECTION('',(0.,1.,0.));
#6940=DIRECTION('',(0.,1.,0.));
#6941=DIRECTION('',(0.,-1.,0.));
#6942=DIRECTION('',(0.,1.,0.));
#6943=DIRECTION('',(0.,-1.,0.));
#6944=DIRECTION('',(0.,1.,0.));
#6945=DIRECTION('',(0.,-1.,0.));
#6946=DIRECTION('',(0.,1.,0.));
#6947=DIRECTION('',(0.,-1.,0.));
#6948=DIRECTION('',(0.,1.,0.));
#6949=DIRECTION('',(0.,-1.,0.));
#6950=DIRECTION('',(0.,1.,0.));
#6951=DIRECTION('',(0.,-1.,0.));
#6952=DIRECTION('',(0.,-1.,0.));
#6953=DIRECTION('',(0.,1.,0.));
#6954=DIRECTION('',(0.,-1.,0.));
#6955=DIRECTION('',(0.,1.,0.));
#6956=DIRECTION('',(0.,-1.,0.));
#6957=DIRECTION('',(0.,1.,0.));
#6958=DIRECTION('',(0.,-1.,0.));
#6959=DIRECTION('',(0.,1.,0.));
#6960=DIRECTION('',(0.,-1.,0.));
#6961=DIRECTION('',(0.,1.,0.));
#6962=DIRECTION('',(0.,-1.,0.));
#6963=DIRECTION('',(0.,1.,0.));
#6964=DIRECTION('',(0.,-1.,0.));
#6965=DIRECTION('',(0.,1.,0.));
#6966=DIRECTION('',(0.,-1.,0.));
#6967=DIRECTION('',(0.,1.,0.));
#6968=DIRECTION('',(0.,-1.,0.));
#6969=DIRECTION('',(0.,1.,0.));
#6970=DIRECTION('',(0.,-1.,0.));
#6971=DIRECTION('',(0.,1.,0.));
#6972=DIRECTION('',(0.,-1.,0.));
#6973=DIRECTION('',(0.,1.,0.));
#6974=DIRECTION('',(0.,-1.,0.));
#6975=DIRECTION('',(0.,1.,0.));
#6976=DIRECTION('',(0.,-1.,0.));
#6977=DIRECTION('',(0.,1.,0.));
#6978=DIRECTION('',(0.,-1.,0.));
#6979=DIRECTION('',(0.,1.,0.));
#6980=DIRECTION('',(0.,-1.,0.));
#6981=DIRECTION('',(0.,1.,0.));
#6982=DIRECTION('',(0.,-1.,0.));
#6983=DIRECTION('',(0.,1.,0.));
#6984=DIRECTION('',(0.,-1.,0.));
#6985=DIRECTION('',(0.,1.,0.));
#6986=DIRECTION('',(0.,-1.,0.));
#6987=DIRECTION('',(0.,1.,0.));
#6988=DIRECTION('center_axis',(1.,0.,0.));
#6989=DIRECTION('ref_axis',(0.,1.,0.));
#6990=DIRECTION('',(0.,0.,1.));
#6991=DIRECTION('center_axis',(1.,0.,0.));
#6992=DIRECTION('ref_axis',(0.,1.,0.));
#6993=DIRECTION('center_axis',(1.,0.,0.));
#6994=DIRECTION('ref_axis',(0.,1.,0.));
#6995=DIRECTION('',(0.,0.,-1.));
#6996=DIRECTION('center_axis',(1.,0.,0.));
#6997=DIRECTION('ref_axis',(0.,1.,0.));
#6998=DIRECTION('center_axis',(1.,0.,0.));
#6999=DIRECTION('ref_axis',(0.,1.,0.));
#7000=DIRECTION('center_axis',(-1.,0.,0.));
#7001=DIRECTION('ref_axis',(0.,-1.,0.));
#7002=DIRECTION('',(0.,0.,-1.));
#7003=DIRECTION('center_axis',(-1.,0.,0.));
#7004=DIRECTION('ref_axis',(0.,-1.,0.));
#7005=DIRECTION('center_axis',(-1.,0.,0.));
#7006=DIRECTION('ref_axis',(0.,-1.,0.));
#7007=DIRECTION('',(0.,0.,1.));
#7008=DIRECTION('center_axis',(-1.,0.,0.));
#7009=DIRECTION('ref_axis',(0.,-1.,0.));
#7010=DIRECTION('center_axis',(-1.,0.,0.));
#7011=DIRECTION('ref_axis',(0.,-1.,0.));
#7012=DIRECTION('center_axis',(1.,0.,0.));
#7013=DIRECTION('ref_axis',(0.,1.,0.));
#7014=DIRECTION('',(0.,0.,1.));
#7015=DIRECTION('center_axis',(1.,0.,0.));
#7016=DIRECTION('ref_axis',(0.,1.,0.));
#7017=DIRECTION('center_axis',(1.,0.,0.));
#7018=DIRECTION('ref_axis',(0.,1.,0.));
#7019=DIRECTION('',(0.,0.,-1.));
#7020=DIRECTION('center_axis',(1.,0.,0.));
#7021=DIRECTION('ref_axis',(0.,1.,0.));
#7022=DIRECTION('center_axis',(1.,0.,0.));
#7023=DIRECTION('ref_axis',(0.,1.,0.));
#7024=DIRECTION('center_axis',(-1.,0.,0.));
#7025=DIRECTION('ref_axis',(0.,-1.,0.));
#7026=DIRECTION('',(0.,0.,-1.));
#7027=DIRECTION('center_axis',(-1.,0.,0.));
#7028=DIRECTION('ref_axis',(0.,-1.,0.));
#7029=DIRECTION('center_axis',(-1.,0.,0.));
#7030=DIRECTION('ref_axis',(0.,-1.,0.));
#7031=DIRECTION('',(0.,0.,1.));
#7032=DIRECTION('center_axis',(-1.,0.,0.));
#7033=DIRECTION('ref_axis',(0.,-1.,0.));
#7034=DIRECTION('center_axis',(-1.,0.,0.));
#7035=DIRECTION('ref_axis',(0.,-1.,0.));
#7036=DIRECTION('center_axis',(1.,0.,0.));
#7037=DIRECTION('ref_axis',(0.,1.,0.));
#7038=DIRECTION('',(0.,0.,1.));
#7039=DIRECTION('center_axis',(1.,0.,0.));
#7040=DIRECTION('ref_axis',(0.,1.,0.));
#7041=DIRECTION('center_axis',(1.,0.,0.));
#7042=DIRECTION('ref_axis',(0.,1.,0.));
#7043=DIRECTION('',(0.,0.,-1.));
#7044=DIRECTION('center_axis',(1.,0.,0.));
#7045=DIRECTION('ref_axis',(0.,1.,0.));
#7046=DIRECTION('center_axis',(1.,0.,0.));
#7047=DIRECTION('ref_axis',(0.,1.,0.));
#7048=DIRECTION('center_axis',(-1.,0.,0.));
#7049=DIRECTION('ref_axis',(0.,-1.,0.));
#7050=DIRECTION('',(0.,0.,-1.));
#7051=DIRECTION('center_axis',(-1.,0.,0.));
#7052=DIRECTION('ref_axis',(0.,-1.,0.));
#7053=DIRECTION('center_axis',(-1.,0.,0.));
#7054=DIRECTION('ref_axis',(0.,-1.,0.));
#7055=DIRECTION('',(0.,0.,1.));
#7056=DIRECTION('center_axis',(-1.,0.,0.));
#7057=DIRECTION('ref_axis',(0.,-1.,0.));
#7058=DIRECTION('center_axis',(-1.,0.,0.));
#7059=DIRECTION('ref_axis',(0.,-1.,0.));
#7060=DIRECTION('center_axis',(1.,0.,0.));
#7061=DIRECTION('ref_axis',(0.,1.,0.));
#7062=DIRECTION('',(0.,0.,1.));
#7063=DIRECTION('center_axis',(1.,0.,0.));
#7064=DIRECTION('ref_axis',(0.,1.,0.));
#7065=DIRECTION('center_axis',(1.,0.,0.));
#7066=DIRECTION('ref_axis',(0.,1.,0.));
#7067=DIRECTION('',(0.,0.,-1.));
#7068=DIRECTION('center_axis',(1.,0.,0.));
#7069=DIRECTION('ref_axis',(0.,1.,0.));
#7070=DIRECTION('center_axis',(1.,0.,0.));
#7071=DIRECTION('ref_axis',(0.,1.,0.));
#7072=DIRECTION('center_axis',(-1.,0.,0.));
#7073=DIRECTION('ref_axis',(0.,-1.,0.));
#7074=DIRECTION('',(0.,0.,-1.));
#7075=DIRECTION('center_axis',(-1.,0.,0.));
#7076=DIRECTION('ref_axis',(0.,-1.,0.));
#7077=DIRECTION('center_axis',(-1.,0.,0.));
#7078=DIRECTION('ref_axis',(0.,-1.,0.));
#7079=DIRECTION('',(0.,0.,1.));
#7080=DIRECTION('center_axis',(-1.,0.,0.));
#7081=DIRECTION('ref_axis',(0.,-1.,0.));
#7082=DIRECTION('center_axis',(-1.,0.,0.));
#7083=DIRECTION('ref_axis',(0.,-1.,0.));
#7084=DIRECTION('center_axis',(1.,0.,0.));
#7085=DIRECTION('ref_axis',(0.,1.,0.));
#7086=DIRECTION('',(0.,0.,1.));
#7087=DIRECTION('center_axis',(1.,0.,0.));
#7088=DIRECTION('ref_axis',(0.,1.,0.));
#7089=DIRECTION('center_axis',(1.,0.,0.));
#7090=DIRECTION('ref_axis',(0.,1.,0.));
#7091=DIRECTION('',(0.,0.,-1.));
#7092=DIRECTION('center_axis',(1.,0.,0.));
#7093=DIRECTION('ref_axis',(0.,1.,0.));
#7094=DIRECTION('center_axis',(1.,0.,0.));
#7095=DIRECTION('ref_axis',(0.,1.,0.));
#7096=DIRECTION('center_axis',(-1.,0.,0.));
#7097=DIRECTION('ref_axis',(0.,-1.,0.));
#7098=DIRECTION('',(0.,0.,-1.));
#7099=DIRECTION('center_axis',(-1.,0.,0.));
#7100=DIRECTION('ref_axis',(0.,-1.,0.));
#7101=DIRECTION('center_axis',(-1.,0.,0.));
#7102=DIRECTION('ref_axis',(0.,-1.,0.));
#7103=DIRECTION('',(0.,0.,1.));
#7104=DIRECTION('center_axis',(-1.,0.,0.));
#7105=DIRECTION('ref_axis',(0.,-1.,0.));
#7106=DIRECTION('center_axis',(-1.,0.,0.));
#7107=DIRECTION('ref_axis',(0.,-1.,0.));
#7108=DIRECTION('center_axis',(1.,0.,0.));
#7109=DIRECTION('ref_axis',(0.,1.,0.));
#7110=DIRECTION('',(0.,0.,1.));
#7111=DIRECTION('center_axis',(1.,0.,0.));
#7112=DIRECTION('ref_axis',(0.,1.,0.));
#7113=DIRECTION('center_axis',(1.,0.,0.));
#7114=DIRECTION('ref_axis',(0.,1.,0.));
#7115=DIRECTION('',(0.,0.,-1.));
#7116=DIRECTION('center_axis',(1.,0.,0.));
#7117=DIRECTION('ref_axis',(0.,1.,0.));
#7118=DIRECTION('center_axis',(1.,0.,0.));
#7119=DIRECTION('ref_axis',(0.,1.,0.));
#7120=DIRECTION('center_axis',(-1.,0.,0.));
#7121=DIRECTION('ref_axis',(0.,-1.,0.));
#7122=DIRECTION('',(0.,0.,-1.));
#7123=DIRECTION('center_axis',(-1.,0.,0.));
#7124=DIRECTION('ref_axis',(0.,-1.,0.));
#7125=DIRECTION('center_axis',(-1.,0.,0.));
#7126=DIRECTION('ref_axis',(0.,-1.,0.));
#7127=DIRECTION('',(0.,0.,1.));
#7128=DIRECTION('center_axis',(-1.,0.,0.));
#7129=DIRECTION('ref_axis',(0.,-1.,0.));
#7130=DIRECTION('center_axis',(-1.,0.,0.));
#7131=DIRECTION('ref_axis',(0.,-1.,0.));
#7132=DIRECTION('center_axis',(1.,0.,0.));
#7133=DIRECTION('ref_axis',(0.,1.,0.));
#7134=DIRECTION('',(0.,0.,1.));
#7135=DIRECTION('center_axis',(1.,0.,0.));
#7136=DIRECTION('ref_axis',(0.,1.,0.));
#7137=DIRECTION('',(0.,0.,-1.));
#7138=DIRECTION('center_axis',(1.,0.,0.));
#7139=DIRECTION('ref_axis',(0.,1.,0.));
#7140=DIRECTION('center_axis',(1.,0.,0.));
#7141=DIRECTION('ref_axis',(0.,1.,0.));
#7142=DIRECTION('center_axis',(1.,0.,0.));
#7143=DIRECTION('ref_axis',(0.,1.,0.));
#7144=DIRECTION('center_axis',(-1.,0.,0.));
#7145=DIRECTION('ref_axis',(0.,-1.,0.));
#7146=DIRECTION('center_axis',(1.,0.,0.));
#7147=DIRECTION('ref_axis',(0.,1.,0.));
#7148=DIRECTION('center_axis',(-1.,0.,0.));
#7149=DIRECTION('ref_axis',(0.,-1.,0.));
#7150=DIRECTION('center_axis',(1.,0.,0.));
#7151=DIRECTION('ref_axis',(0.,1.,0.));
#7152=DIRECTION('center_axis',(-1.,0.,0.));
#7153=DIRECTION('ref_axis',(0.,-1.,0.));
#7154=DIRECTION('center_axis',(1.,0.,0.));
#7155=DIRECTION('ref_axis',(0.,1.,0.));
#7156=DIRECTION('center_axis',(-1.,0.,0.));
#7157=DIRECTION('ref_axis',(0.,-1.,0.));
#7158=DIRECTION('center_axis',(1.,0.,0.));
#7159=DIRECTION('ref_axis',(0.,1.,0.));
#7160=DIRECTION('center_axis',(-1.,0.,0.));
#7161=DIRECTION('ref_axis',(0.,-1.,0.));
#7162=DIRECTION('center_axis',(1.,0.,0.));
#7163=DIRECTION('ref_axis',(0.,1.,0.));
#7164=DIRECTION('center_axis',(-1.,0.,0.));
#7165=DIRECTION('ref_axis',(0.,-1.,0.));
#7166=DIRECTION('center_axis',(1.,0.,0.));
#7167=DIRECTION('ref_axis',(0.,1.,0.));
#7168=DIRECTION('center_axis',(-1.,0.,0.));
#7169=DIRECTION('ref_axis',(0.,-1.,0.));
#7170=DIRECTION('center_axis',(1.,0.,0.));
#7171=DIRECTION('ref_axis',(0.,1.,0.));
#7172=DIRECTION('center_axis',(0.,1.,0.));
#7173=DIRECTION('ref_axis',(-1.,0.,0.));
#7174=DIRECTION('',(0.,0.,1.));
#7175=DIRECTION('',(-1.,0.,0.));
#7176=DIRECTION('center_axis',(0.,-1.,0.));
#7177=DIRECTION('ref_axis',(1.,0.,0.));
#7178=DIRECTION('',(1.,0.,0.));
#7179=DIRECTION('',(0.,0.,1.));
#7180=DIRECTION('center_axis',(1.,0.,0.));
#7181=DIRECTION('ref_axis',(0.,1.,0.));
#7182=DIRECTION('',(0.,1.,0.));
#7183=DIRECTION('center_axis',(0.,0.,1.));
#7184=DIRECTION('ref_axis',(1.,0.,0.));
#7185=CARTESIAN_POINT('',(0.,0.,0.));
#7186=CARTESIAN_POINT('Origin',(-15.,15.,8.));
#7187=CARTESIAN_POINT('',(-15.,10.5,18.));
#7188=CARTESIAN_POINT('',(-15.,10.5,8.));
#7189=CARTESIAN_POINT('',(-15.,10.5,8.));
#7190=CARTESIAN_POINT('',(-15.,-10.5,8.));
#7191=CARTESIAN_POINT('',(-15.,15.,8.));
#7192=CARTESIAN_POINT('',(-15.,-10.5,18.));
#7193=CARTESIAN_POINT('',(-15.,-10.5,8.));
#7194=CARTESIAN_POINT('',(-15.,15.,18.));
#7195=CARTESIAN_POINT('Origin',(-15.,-15.,8.));
#7196=CARTESIAN_POINT('',(-10.5,-15.,18.));
#7197=CARTESIAN_POINT('',(-10.5,-15.,8.));
#7198=CARTESIAN_POINT('',(-10.5,-15.,8.));
#7199=CARTESIAN_POINT('',(10.5,-15.,8.));
#7200=CARTESIAN_POINT('',(-15.,-15.,8.));
#7201=CARTESIAN_POINT('',(10.5,-15.,18.));
#7202=CARTESIAN_POINT('',(10.5,-15.,8.));
#7203=CARTESIAN_POINT('',(-15.,-15.,18.));
#7204=CARTESIAN_POINT('Origin',(15.,15.,8.));
#7205=CARTESIAN_POINT('',(-10.5,15.,8.));
#7206=CARTESIAN_POINT('',(-10.5,15.,18.));
#7207=CARTESIAN_POINT('',(-10.5,15.,8.));
#7208=CARTESIAN_POINT('',(10.5,15.,18.));
#7209=CARTESIAN_POINT('',(15.,15.,18.));
#7210=CARTESIAN_POINT('',(10.5,15.,8.));
#7211=CARTESIAN_POINT('',(10.5,15.,8.));
#7212=CARTESIAN_POINT('',(15.,15.,8.));
#7213=CARTESIAN_POINT('Origin',(10.5,15.,8.));
#7214=CARTESIAN_POINT('',(14.5823482201809,10.9176517798191,8.));
#7215=CARTESIAN_POINT('',(14.5823482201809,10.9176517798191,18.));
#7216=CARTESIAN_POINT('',(14.5823482201809,10.9176517798191,8.));
#7217=CARTESIAN_POINT('',(15.,10.5,18.));
#7218=CARTESIAN_POINT('',(11.625,13.875,18.));
#7219=CARTESIAN_POINT('',(15.,10.5,8.));
#7220=CARTESIAN_POINT('',(15.,10.5,8.));
#7221=CARTESIAN_POINT('',(11.625,13.875,8.));
#7222=CARTESIAN_POINT('Origin',(-10.5,-15.,8.));
#7223=CARTESIAN_POINT('',(-14.5823482201809,-10.9176517798191,8.));
#7224=CARTESIAN_POINT('',(-14.5823482201809,-10.9176517798191,18.));
#7225=CARTESIAN_POINT('',(-14.5823482201809,-10.9176517798191,8.));
#7226=CARTESIAN_POINT('',(-11.625,-13.875,18.));
#7227=CARTESIAN_POINT('',(-11.625,-13.875,8.));
#7228=CARTESIAN_POINT('Origin',(-15.,10.5,8.));
#7229=CARTESIAN_POINT('',(-14.5823482201809,10.9176517798191,18.));
#7230=CARTESIAN_POINT('',(-14.5823482201809,10.9176517798191,8.));
#7231=CARTESIAN_POINT('',(-14.5823482201809,10.9176517798191,8.));
#7232=CARTESIAN_POINT('',(-13.875,11.625,8.));
#7233=CARTESIAN_POINT('',(-13.875,11.625,18.));
#7234=CARTESIAN_POINT('Origin',(15.,-10.5,8.));
#7235=CARTESIAN_POINT('',(10.9176517798191,-14.5823482201809,8.));
#7236=CARTESIAN_POINT('',(10.9176517798191,-14.5823482201809,18.));
#7237=CARTESIAN_POINT('',(10.9176517798191,-14.5823482201809,8.));
#7238=CARTESIAN_POINT('',(13.875,-11.625,18.));
#7239=CARTESIAN_POINT('',(13.875,-11.625,8.));
#7240=CARTESIAN_POINT('Origin',(15.,-10.5,8.));
#7241=CARTESIAN_POINT('',(14.5823482201809,-10.9176517798191,18.));
#7242=CARTESIAN_POINT('',(14.5823482201809,-10.9176517798191,8.));
#7243=CARTESIAN_POINT('',(14.5823482201809,-10.9176517798191,8.));
#7244=CARTESIAN_POINT('',(15.,-10.5,8.));
#7245=CARTESIAN_POINT('',(13.875,-11.625,8.));
#7246=CARTESIAN_POINT('',(15.,-10.5,18.));
#7247=CARTESIAN_POINT('',(15.,-10.5,8.));
#7248=CARTESIAN_POINT('',(13.875,-11.625,18.));
#7249=CARTESIAN_POINT('Origin',(0.,0.,18.));
#7250=CARTESIAN_POINT('',(-10.9176517798191,-14.5823482201809,18.));
#7251=CARTESIAN_POINT('',(-11.625,-13.875,18.));
#7252=CARTESIAN_POINT('Origin',(12.,-12.,18.));
#7253=CARTESIAN_POINT('',(15.,-15.,18.));
#7254=CARTESIAN_POINT('',(10.9176517798191,14.5823482201809,18.));
#7255=CARTESIAN_POINT('Origin',(12.,12.,18.));
#7256=CARTESIAN_POINT('',(11.625,13.875,18.));
#7257=CARTESIAN_POINT('',(-10.9176517798191,14.5823482201809,18.));
#7258=CARTESIAN_POINT('',(-13.875,11.625,18.));
#7259=CARTESIAN_POINT('Origin',(-12.,12.,18.));
#7260=CARTESIAN_POINT('Origin',(-12.,-12.,18.));
#7261=CARTESIAN_POINT('',(-13.4,12.,18.));
#7262=CARTESIAN_POINT('Origin',(-12.,12.,18.));
#7263=CARTESIAN_POINT('',(-13.75,-1.68388934882761E-15,18.));
#7264=CARTESIAN_POINT('Origin',(0.,0.,18.));
#7265=CARTESIAN_POINT('',(-13.4,-12.,18.));
#7266=CARTESIAN_POINT('Origin',(-12.,-12.,18.));
#7267=CARTESIAN_POINT('',(10.6,-12.,18.));
#7268=CARTESIAN_POINT('Origin',(12.,-12.,18.));
#7269=CARTESIAN_POINT('',(10.6,12.,18.));
#7270=CARTESIAN_POINT('Origin',(12.,12.,18.));
#7271=CARTESIAN_POINT('Origin',(-15.,10.5,8.));
#7272=CARTESIAN_POINT('',(-10.9176517798191,14.5823482201809,8.));
#7273=CARTESIAN_POINT('',(-10.9176517798191,14.5823482201809,8.));
#7274=CARTESIAN_POINT('',(-13.875,11.625,8.));
#7275=CARTESIAN_POINT('Origin',(10.5,15.,8.));
#7276=CARTESIAN_POINT('',(10.9176517798191,14.5823482201809,8.));
#7277=CARTESIAN_POINT('',(10.9176517798191,14.5823482201809,8.));
#7278=CARTESIAN_POINT('',(11.625,13.875,8.));
#7279=CARTESIAN_POINT('Origin',(-10.5,-15.,8.));
#7280=CARTESIAN_POINT('',(-10.9176517798191,-14.5823482201809,8.));
#7281=CARTESIAN_POINT('',(-10.9176517798191,-14.5823482201809,8.));
#7282=CARTESIAN_POINT('',(-11.625,-13.875,8.));
#7283=CARTESIAN_POINT('Origin',(12.,-12.,8.));
#7284=CARTESIAN_POINT('Origin',(12.,-12.,8.));
#7285=CARTESIAN_POINT('Origin',(-12.,12.,8.));
#7286=CARTESIAN_POINT('Origin',(-12.,12.,8.));
#7287=CARTESIAN_POINT('Origin',(12.,12.,8.));
#7288=CARTESIAN_POINT('Origin',(12.,12.,8.));
#7289=CARTESIAN_POINT('Origin',(-12.,-12.,8.));
#7290=CARTESIAN_POINT('Origin',(-12.,-12.,8.));
#7291=CARTESIAN_POINT('Origin',(-12.,12.,8.));
#7292=CARTESIAN_POINT('',(-13.4,12.,8.));
#7293=CARTESIAN_POINT('Origin',(-12.,12.,8.));
#7294=CARTESIAN_POINT('',(-13.4,12.,8.));
#7295=CARTESIAN_POINT('Origin',(0.,0.,8.));
#7296=CARTESIAN_POINT('',(13.6679369328366,-1.5,11.5));
#7297=CARTESIAN_POINT('',(13.6679369328366,-1.5,8.));
#7298=CARTESIAN_POINT('',(13.6679369328366,-1.5,8.));
#7299=CARTESIAN_POINT('',(-13.75,-1.68388934882761E-15,8.));
#7300=CARTESIAN_POINT('Origin',(0.,0.,8.));
#7301=CARTESIAN_POINT('',(-13.75,-1.68388934882761E-15,8.));
#7302=CARTESIAN_POINT('',(13.6679369328366,1.5,8.));
#7303=CARTESIAN_POINT('Origin',(0.,0.,8.));
#7304=CARTESIAN_POINT('',(13.6679369328366,1.5,11.5));
#7305=CARTESIAN_POINT('',(13.6679369328366,1.5,8.));
#7306=CARTESIAN_POINT('Origin',(0.,0.,11.5));
#7307=CARTESIAN_POINT('Origin',(-12.,-12.,8.));
#7308=CARTESIAN_POINT('',(-13.4,-12.,8.));
#7309=CARTESIAN_POINT('Origin',(-12.,-12.,8.));
#7310=CARTESIAN_POINT('',(-13.4,-12.,8.));
#7311=CARTESIAN_POINT('Origin',(12.,-12.,8.));
#7312=CARTESIAN_POINT('',(10.6,-12.,8.));
#7313=CARTESIAN_POINT('Origin',(12.,-12.,8.));
#7314=CARTESIAN_POINT('',(10.6,-12.,8.));
#7315=CARTESIAN_POINT('Origin',(12.,12.,8.));
#7316=CARTESIAN_POINT('',(10.6,12.,8.));
#7317=CARTESIAN_POINT('Origin',(12.,12.,8.));
#7318=CARTESIAN_POINT('',(10.6,12.,8.));
#7319=CARTESIAN_POINT('Origin',(0.,0.,8.));
#7320=CARTESIAN_POINT('',(15.,1.5,8.));
#7321=CARTESIAN_POINT('',(15.,-15.,8.));
#7322=CARTESIAN_POINT('',(15.5,1.5,8.));
#7323=CARTESIAN_POINT('',(15.,-1.5,8.));
#7324=CARTESIAN_POINT('',(12.5,-1.5,8.));
#7325=CARTESIAN_POINT('',(15.,-15.,8.));
#7326=CARTESIAN_POINT('Origin',(15.,-15.,8.));
#7327=CARTESIAN_POINT('',(15.,-1.5,11.5));
#7328=CARTESIAN_POINT('',(15.,-1.5,8.));
#7329=CARTESIAN_POINT('',(15.,1.5,11.5));
#7330=CARTESIAN_POINT('',(15.,-7.5,11.5));
#7331=CARTESIAN_POINT('',(15.,1.5,8.));
#7332=CARTESIAN_POINT('Origin',(14.,0.,11.5));
#7333=CARTESIAN_POINT('',(15.5,1.5,11.5));
#7334=CARTESIAN_POINT('',(12.5,-1.5,11.5));
#7335=CARTESIAN_POINT('Origin',(15.5,1.5,8.));
#7336=CARTESIAN_POINT('Origin',(12.5,-1.5,8.));
#7337=CARTESIAN_POINT('Origin',(0.294707406803867,0.267025120747577,16.5));
#7338=CARTESIAN_POINT('',(-2.07244821929712,-6.6861766637094,16.5));
#7339=CARTESIAN_POINT('',(-1.09941414814744,-6.9131243682472,16.5));
#7340=CARTESIAN_POINT('Origin',(0.,0.,16.5));
#7341=CARTESIAN_POINT('',(-4.63915796572372,-12.6857484355107,16.5));
#7342=CARTESIAN_POINT('',(-4.63915796572372,-12.6857484355107,16.5));
#7343=CARTESIAN_POINT('',(-3.66423005354189,-12.908269369467,16.5));
#7344=CARTESIAN_POINT('',(-3.66423005354189,-12.908269369467,16.5));
#7345=CARTESIAN_POINT('',(-1.02567839481203,-6.74077026981456,16.5));
#7346=CARTESIAN_POINT('Origin',(-2.00060630699385,-6.51824933585824,10.));
#7347=CARTESIAN_POINT('',(-2.07244821929712,-6.6861766637094,10.));
#7348=CARTESIAN_POINT('',(-2.07244821929712,-6.6861766637094,9.5));
#7349=CARTESIAN_POINT('',(-4.63915796572372,-12.6857484355107,10.));
#7350=CARTESIAN_POINT('',(-4.63915796572372,-12.6857484355107,10.));
#7351=CARTESIAN_POINT('',(-4.63915796572372,-12.6857484355107,10.));
#7352=CARTESIAN_POINT('Origin',(-3.66423005354189,-12.908269369467,10.));
#7353=CARTESIAN_POINT('',(-1.09941414814744,-6.9131243682472,10.));
#7354=CARTESIAN_POINT('',(-1.09941414814744,-6.9131243682472,9.5));
#7355=CARTESIAN_POINT('',(-3.66423005354189,-12.908269369467,10.));
#7356=CARTESIAN_POINT('',(-3.66423005354189,-12.908269369467,10.));
#7357=CARTESIAN_POINT('',(-1.02567839481203,-6.74077026981456,10.));
#7358=CARTESIAN_POINT('Origin',(-4.63915796572372,-12.6857484355107,10.));
#7359=CARTESIAN_POINT('',(-3.66423005354189,-12.908269369467,10.));
#7360=CARTESIAN_POINT('Origin',(0.294707406803867,0.267025120747577,10.));
#7361=CARTESIAN_POINT('Origin',(0.,0.,10.));
#7362=CARTESIAN_POINT('Origin',(0.294707406803867,0.267025120747577,16.5));
#7363=CARTESIAN_POINT('',(6.97970336856313,-0.532673339738752,16.5));
#7364=CARTESIAN_POINT('',(6.98444057003908,0.466465350901985,16.5));
#7365=CARTESIAN_POINT('Origin',(0.,0.,16.5));
#7366=CARTESIAN_POINT('',(13.4,-1.7,16.5));
#7367=CARTESIAN_POINT('',(13.4,-1.7,16.5));
#7368=CARTESIAN_POINT('',(13.4,-0.7,16.5));
#7369=CARTESIAN_POINT('',(13.4,-0.7,16.5));
#7370=CARTESIAN_POINT('',(6.8,0.5,16.5));
#7371=CARTESIAN_POINT('Origin',(6.8,-0.5,10.));
#7372=CARTESIAN_POINT('',(6.97970336856313,-0.532673339738752,10.));
#7373=CARTESIAN_POINT('',(6.97970336856313,-0.532673339738752,9.5));
#7374=CARTESIAN_POINT('',(13.4,-1.7,10.));
#7375=CARTESIAN_POINT('',(13.4,-1.7,10.));
#7376=CARTESIAN_POINT('',(13.4,-1.7,10.));
#7377=CARTESIAN_POINT('Origin',(13.4,-0.7,10.));
#7378=CARTESIAN_POINT('',(6.98444057003908,0.466465350901985,10.));
#7379=CARTESIAN_POINT('',(6.98444057003908,0.466465350901985,9.5));
#7380=CARTESIAN_POINT('',(13.4,-0.7,10.));
#7381=CARTESIAN_POINT('',(13.4,-0.7,10.));
#7382=CARTESIAN_POINT('',(6.8,0.5,10.));
#7383=CARTESIAN_POINT('Origin',(13.4,-1.7,10.));
#7384=CARTESIAN_POINT('',(13.4,-0.7,10.));
#7385=CARTESIAN_POINT('Origin',(0.294707406803867,0.267025120747577,10.));
#7386=CARTESIAN_POINT('Origin',(0.,0.,10.));
#7387=CARTESIAN_POINT('Origin',(0.294707406803867,0.267025120747577,16.5));
#7388=CARTESIAN_POINT('',(-1.03381200532428,6.92323860181399,16.5));
#7389=CARTESIAN_POINT('',(-2.0089543294675,6.70552775716526,16.5));
#7390=CARTESIAN_POINT('Origin',(0.,0.,16.5));
#7391=CARTESIAN_POINT('',(-1.32440306430551,13.4423196109622,16.5));
#7392=CARTESIAN_POINT('',(-1.32440306430551,13.4423196109622,16.5));
#7393=CARTESIAN_POINT('',(-2.29933097648734,13.2197986770059,16.5));
#7394=CARTESIAN_POINT('',(-2.29933097648734,13.2197986770059,16.5));
#7395=CARTESIAN_POINT('',(-2.00060630699385,6.51824933585824,16.5));
#7396=CARTESIAN_POINT('Origin',(-1.02567839481203,6.74077026981456,10.));
#7397=CARTESIAN_POINT('',(-1.03381200532428,6.92323860181399,10.));
#7398=CARTESIAN_POINT('',(-1.03381200532428,6.92323860181399,9.5));
#7399=CARTESIAN_POINT('',(-1.32440306430551,13.4423196109622,10.));
#7400=CARTESIAN_POINT('',(-1.32440306430551,13.4423196109622,10.));
#7401=CARTESIAN_POINT('',(-1.32440306430551,13.4423196109622,10.));
#7402=CARTESIAN_POINT('Origin',(-2.29933097648734,13.2197986770059,10.));
#7403=CARTESIAN_POINT('',(-2.0089543294675,6.70552775716526,10.));
#7404=CARTESIAN_POINT('',(-2.0089543294675,6.70552775716526,9.5));
#7405=CARTESIAN_POINT('',(-2.29933097648734,13.2197986770059,10.));
#7406=CARTESIAN_POINT('',(-2.29933097648734,13.2197986770059,10.));
#7407=CARTESIAN_POINT('',(-2.00060630699385,6.51824933585824,10.));
#7408=CARTESIAN_POINT('Origin',(-1.32440306430551,13.4423196109622,10.));
#7409=CARTESIAN_POINT('',(-2.29933097648734,13.2197986770059,10.));
#7410=CARTESIAN_POINT('Origin',(0.294707406803867,0.267025120747577,10.));
#7411=CARTESIAN_POINT('Origin',(0.,0.,10.));
#7412=CARTESIAN_POINT('Origin',(0.294707406803867,0.267025120747577,16.5));
#7413=CARTESIAN_POINT('',(4.76823465717731,5.12483543678167,16.5));
#7414=CARTESIAN_POINT('',(3.9900301702921,5.75149191429135,16.5));
#7415=CARTESIAN_POINT('Origin',(0.,0.,16.5));
#7416=CARTESIAN_POINT('',(9.68387686510268,9.41660920191175,16.5));
#7417=CARTESIAN_POINT('',(9.68387686510268,9.41660920191175,16.5));
#7418=CARTESIAN_POINT('',(8.90204538263465,10.0400990037705,16.5));
#7419=CARTESIAN_POINT('',(8.90204538263465,10.0400990037705,16.5));
#7420=CARTESIAN_POINT('',(3.84881491140537,5.62819898171197,16.5));
#7421=CARTESIAN_POINT('Origin',(4.6306463938734,5.00470917985324,10.));
#7422=CARTESIAN_POINT('',(4.76823465717731,5.12483543678167,10.));
#7423=CARTESIAN_POINT('',(4.76823465717731,5.12483543678167,9.5));
#7424=CARTESIAN_POINT('',(9.68387686510268,9.41660920191175,10.));
#7425=CARTESIAN_POINT('',(9.68387686510268,9.41660920191175,10.));
#7426=CARTESIAN_POINT('',(9.68387686510268,9.41660920191175,10.));
#7427=CARTESIAN_POINT('Origin',(8.90204538263465,10.0400990037705,10.));
#7428=CARTESIAN_POINT('',(3.9900301702921,5.75149191429135,10.));
#7429=CARTESIAN_POINT('',(3.9900301702921,5.75149191429135,9.5));
#7430=CARTESIAN_POINT('',(8.90204538263465,10.0400990037705,10.));
#7431=CARTESIAN_POINT('',(8.90204538263465,10.0400990037705,10.));
#7432=CARTESIAN_POINT('',(3.84881491140537,5.62819898171197,10.));
#7433=CARTESIAN_POINT('Origin',(9.68387686510268,9.41660920191175,10.));
#7434=CARTESIAN_POINT('',(8.90204538263465,10.0400990037705,10.));
#7435=CARTESIAN_POINT('Origin',(0.294707406803867,0.267025120747577,10.));
#7436=CARTESIAN_POINT('Origin',(0.,0.,10.));
#7437=CARTESIAN_POINT('Origin',(0.294707406803867,0.267025120747577,16.5));
#7438=CARTESIAN_POINT('',(-6.05737714189494,3.50830189134981,16.5));
#7439=CARTESIAN_POINT('',(-6.49515524393798,2.61016443105506,16.5));
#7440=CARTESIAN_POINT('Origin',(0.,0.,16.5));
#7441=CARTESIAN_POINT('',(-11.3353804733926,7.34568917960939,16.5));
#7442=CARTESIAN_POINT('',(-11.3353804733926,7.34568917960939,16.5));
#7443=CARTESIAN_POINT('',(-11.7692642125101,6.44472031170698,16.5));
#7444=CARTESIAN_POINT('',(-11.7692642125101,6.44472031170698,16.5));
#7445=CARTESIAN_POINT('',(-6.34353017129523,2.49992499204819,16.5));
#7446=CARTESIAN_POINT('Origin',(-5.90964643217767,3.40089385995061,10.));
#7447=CARTESIAN_POINT('',(-6.05737714189494,3.50830189134981,10.));
#7448=CARTESIAN_POINT('',(-6.05737714189494,3.50830189134981,9.5));
#7449=CARTESIAN_POINT('',(-11.3353804733926,7.34568917960939,10.));
#7450=CARTESIAN_POINT('',(-11.3353804733926,7.34568917960939,10.));
#7451=CARTESIAN_POINT('',(-11.3353804733926,7.34568917960939,10.));
#7452=CARTESIAN_POINT('Origin',(-11.7692642125101,6.44472031170698,10.));
#7453=CARTESIAN_POINT('',(-6.49515524393798,2.61016443105506,10.));
#7454=CARTESIAN_POINT('',(-6.49515524393798,2.61016443105506,9.5));
#7455=CARTESIAN_POINT('',(-11.7692642125101,6.44472031170698,10.));
#7456=CARTESIAN_POINT('',(-11.7692642125101,6.44472031170698,10.));
#7457=CARTESIAN_POINT('',(-6.34353017129523,2.49992499204819,10.));
#7458=CARTESIAN_POINT('Origin',(-11.3353804733926,7.34568917960939,10.));
#7459=CARTESIAN_POINT('',(-11.7692642125101,6.44472031170698,10.));
#7460=CARTESIAN_POINT('Origin',(0.294707406803867,0.267025120747577,10.));
#7461=CARTESIAN_POINT('Origin',(0.,0.,10.));
#7462=CARTESIAN_POINT('Origin',(0.294707406803867,0.267025120747577,16.5));
#7463=CARTESIAN_POINT('',(-6.51961374264311,-2.54845769961736,16.5));
#7464=CARTESIAN_POINT('',(-6.0903717827017,-3.45070594929079,16.5));
#7465=CARTESIAN_POINT('Origin',(0.,0.,16.5));
#7466=CARTESIAN_POINT('',(-12.8105851863923,-4.28239502874117,16.5));
#7467=CARTESIAN_POINT('',(-12.8105851863923,-4.28239502874117,16.5));
#7468=CARTESIAN_POINT('',(-12.3767014472747,-5.18336389664358,16.5));
#7469=CARTESIAN_POINT('',(-12.3767014472747,-5.18336389664358,16.5));
#7470=CARTESIAN_POINT('',(-5.90964643217767,-3.4008938599506,16.5));
#7471=CARTESIAN_POINT('Origin',(-6.34353017129523,-2.49992499204818,10.));
#7472=CARTESIAN_POINT('',(-6.51961374264311,-2.54845769961736,10.));
#7473=CARTESIAN_POINT('',(-6.51961374264312,-2.54845769961736,9.5));
#7474=CARTESIAN_POINT('',(-12.8105851863923,-4.28239502874117,10.));
#7475=CARTESIAN_POINT('',(-12.8105851863923,-4.28239502874117,10.));
#7476=CARTESIAN_POINT('',(-12.8105851863923,-4.28239502874117,10.));
#7477=CARTESIAN_POINT('Origin',(-12.3767014472747,-5.18336389664358,10.));
#7478=CARTESIAN_POINT('',(-6.0903717827017,-3.45070594929079,10.));
#7479=CARTESIAN_POINT('',(-6.0903717827017,-3.45070594929079,9.5));
#7480=CARTESIAN_POINT('',(-12.3767014472747,-5.18336389664358,10.));
#7481=CARTESIAN_POINT('',(-12.3767014472747,-5.18336389664358,10.));
#7482=CARTESIAN_POINT('',(-5.90964643217767,-3.4008938599506,10.));
#7483=CARTESIAN_POINT('Origin',(-12.8105851863923,-4.28239502874117,10.));
#7484=CARTESIAN_POINT('',(-12.3767014472747,-5.18336389664358,10.));
#7485=CARTESIAN_POINT('Origin',(0.294707406803867,0.267025120747577,10.));
#7486=CARTESIAN_POINT('Origin',(0.,0.,10.));
#7487=CARTESIAN_POINT('Origin',(0.294707406803867,0.267025120747577,16.5));
#7488=CARTESIAN_POINT('',(3.93531308341902,-5.78906822687996,16.5));
#7489=CARTESIAN_POINT('',(4.71942476392344,-5.16981913587567,16.5));
#7490=CARTESIAN_POINT('Origin',(0.,0.,16.5));
#7491=CARTESIAN_POINT('',(7.02564982471138,-11.5364745282315,16.5));
#7492=CARTESIAN_POINT('',(7.02564982471138,-11.5364745282315,16.5));
#7493=CARTESIAN_POINT('',(7.80748130717941,-10.9129847263727,16.5));
#7494=CARTESIAN_POINT('',(7.80748130717941,-10.9129847263727,16.5));
#7495=CARTESIAN_POINT('',(4.6306463938734,-5.00470917985324,16.5));
#7496=CARTESIAN_POINT('Origin',(3.84881491140537,-5.62819898171197,10.));
#7497=CARTESIAN_POINT('',(3.93531308341902,-5.78906822687996,10.));
#7498=CARTESIAN_POINT('',(3.93531308341902,-5.78906822687996,9.5));
#7499=CARTESIAN_POINT('',(7.02564982471138,-11.5364745282315,10.));
#7500=CARTESIAN_POINT('',(7.02564982471138,-11.5364745282315,10.));
#7501=CARTESIAN_POINT('',(7.02564982471138,-11.5364745282315,10.));
#7502=CARTESIAN_POINT('Origin',(7.80748130717941,-10.9129847263727,10.));
#7503=CARTESIAN_POINT('',(4.71942476392344,-5.16981913587567,10.));
#7504=CARTESIAN_POINT('',(4.71942476392344,-5.16981913587566,9.5));
#7505=CARTESIAN_POINT('',(7.80748130717941,-10.9129847263727,10.));
#7506=CARTESIAN_POINT('',(7.80748130717941,-10.9129847263727,10.));
#7507=CARTESIAN_POINT('',(4.6306463938734,-5.00470917985324,10.));
#7508=CARTESIAN_POINT('Origin',(7.02564982471138,-11.5364745282315,10.));
#7509=CARTESIAN_POINT('',(7.80748130717941,-10.9129847263727,10.));
#7510=CARTESIAN_POINT('Origin',(0.294707406803867,0.267025120747577,10.));
#7511=CARTESIAN_POINT('Origin',(0.,0.,10.));
#7512=CARTESIAN_POINT('Origin',(0.,0.,9.5));
#7513=CARTESIAN_POINT('',(-7.,-8.57252759403147E-16,17.));
#7514=CARTESIAN_POINT('Origin',(0.,0.,17.));
#7515=CARTESIAN_POINT('',(-7.,-8.57252759403147E-16,9.5));
#7516=CARTESIAN_POINT('',(-7.,-8.57252759403147E-16,9.5));
#7517=CARTESIAN_POINT('Origin',(0.,0.,9.5));
#7518=CARTESIAN_POINT('Origin',(0.,0.,17.));
#7519=CARTESIAN_POINT('Origin',(0.,0.,9.5));
#7520=CARTESIAN_POINT('Origin',(0.,0.,17.01));
#7521=CARTESIAN_POINT('',(-6.2,-7.59281015471359E-16,17.11));
#7522=CARTESIAN_POINT('Origin',(0.,0.,17.11));
#7523=CARTESIAN_POINT('',(-6.2,-7.59281015471359E-16,17.01));
#7524=CARTESIAN_POINT('',(-6.2,-7.59281015471359E-16,17.01));
#7525=CARTESIAN_POINT('Origin',(0.,0.,17.01));
#7526=CARTESIAN_POINT('Origin',(0.,0.,17.11));
#7527=CARTESIAN_POINT('Origin',(0.,0.,17.01));
#7528=CARTESIAN_POINT('Origin',(-12.,12.,17.8));
#7529=CARTESIAN_POINT('',(-14.5,12.,18.8));
#7530=CARTESIAN_POINT('Origin',(-12.,12.,18.8));
#7531=CARTESIAN_POINT('',(-14.5,12.,17.8));
#7532=CARTESIAN_POINT('',(-14.5,12.,17.8));
#7533=CARTESIAN_POINT('Origin',(-12.,12.,17.8));
#7534=CARTESIAN_POINT('Origin',(0.,0.,18.8));
#7535=CARTESIAN_POINT('Origin',(0.,0.,17.8));
#7536=CARTESIAN_POINT('Origin',(12.,-12.,17.8));
#7537=CARTESIAN_POINT('',(9.5,-12.,18.8));
#7538=CARTESIAN_POINT('Origin',(12.,-12.,18.8));
#7539=CARTESIAN_POINT('',(9.5,-12.,17.8));
#7540=CARTESIAN_POINT('',(9.5,-12.,17.8));
#7541=CARTESIAN_POINT('Origin',(12.,-12.,17.8));
#7542=CARTESIAN_POINT('Origin',(0.,0.,18.8));
#7543=CARTESIAN_POINT('Origin',(0.,0.,17.8));
#7544=CARTESIAN_POINT('Origin',(0.,0.,8.));
#7545=CARTESIAN_POINT('',(14.,4.1,8.));
#7546=CARTESIAN_POINT('',(11.5,4.1,8.));
#7547=CARTESIAN_POINT('',(-7.25,4.1,8.));
#7548=CARTESIAN_POINT('',(11.5,0.4,8.));
#7549=CARTESIAN_POINT('',(11.5,-7.25,8.));
#7550=CARTESIAN_POINT('',(14.,0.4,8.));
#7551=CARTESIAN_POINT('',(7.25,0.4,8.));
#7552=CARTESIAN_POINT('',(14.,-7.,8.));
#7553=CARTESIAN_POINT('Origin',(0.,0.,8.));
#7554=CARTESIAN_POINT('',(11.5,8.6,8.));
#7555=CARTESIAN_POINT('',(11.5,4.9,8.));
#7556=CARTESIAN_POINT('',(11.5,-7.25,8.));
#7557=CARTESIAN_POINT('',(14.,4.9,8.));
#7558=CARTESIAN_POINT('',(7.25,4.9,8.));
#7559=CARTESIAN_POINT('',(14.,8.6,8.));
#7560=CARTESIAN_POINT('',(14.,-7.,8.));
#7561=CARTESIAN_POINT('',(-7.25,8.6,8.));
#7562=CARTESIAN_POINT('Origin',(0.,0.,8.));
#7563=CARTESIAN_POINT('',(8.,14.,8.));
#7564=CARTESIAN_POINT('',(8.,9.4,8.));
#7565=CARTESIAN_POINT('',(8.,-7.25,8.));
#7566=CARTESIAN_POINT('',(9.5,9.4,8.));
#7567=CARTESIAN_POINT('',(7.25,9.4,8.));
#7568=CARTESIAN_POINT('',(9.5,14.,8.));
#7569=CARTESIAN_POINT('',(9.5,7.25,8.));
#7570=CARTESIAN_POINT('',(7.,14.,8.));
#7571=CARTESIAN_POINT('Origin',(0.,0.,8.));
#7572=CARTESIAN_POINT('',(4.5,14.,8.));
#7573=CARTESIAN_POINT('',(4.5,9.4,8.));
#7574=CARTESIAN_POINT('',(4.5,-7.25,8.));
#7575=CARTESIAN_POINT('',(6.,9.4,8.));
#7576=CARTESIAN_POINT('',(7.25,9.4,8.));
#7577=CARTESIAN_POINT('',(6.,14.,8.));
#7578=CARTESIAN_POINT('',(6.,7.25,8.));
#7579=CARTESIAN_POINT('',(7.,14.,8.));
#7580=CARTESIAN_POINT('Origin',(0.,0.,8.));
#7581=CARTESIAN_POINT('',(1.,14.,8.));
#7582=CARTESIAN_POINT('',(1.,9.4,8.));
#7583=CARTESIAN_POINT('',(1.,-7.25,8.));
#7584=CARTESIAN_POINT('',(2.5,9.4,8.));
#7585=CARTESIAN_POINT('',(7.25,9.4,8.));
#7586=CARTESIAN_POINT('',(2.5,14.,8.));
#7587=CARTESIAN_POINT('',(2.5,7.25,8.));
#7588=CARTESIAN_POINT('',(7.,14.,8.));
#7589=CARTESIAN_POINT('Origin',(0.,0.,8.));
#7590=CARTESIAN_POINT('',(-2.5,14.,8.));
#7591=CARTESIAN_POINT('',(-2.5,9.4,8.));
#7592=CARTESIAN_POINT('',(-2.5,-7.25,8.));
#7593=CARTESIAN_POINT('',(-1.,9.4,8.));
#7594=CARTESIAN_POINT('',(7.25,9.4,8.));
#7595=CARTESIAN_POINT('',(-1.,14.,8.));
#7596=CARTESIAN_POINT('',(-1.,7.25,8.));
#7597=CARTESIAN_POINT('',(7.,14.,8.));
#7598=CARTESIAN_POINT('Origin',(0.,0.,8.));
#7599=CARTESIAN_POINT('',(-6.,14.,8.));
#7600=CARTESIAN_POINT('',(-6.,9.4,8.));
#7601=CARTESIAN_POINT('',(-6.,-7.25,8.));
#7602=CARTESIAN_POINT('',(-4.5,9.4,8.));
#7603=CARTESIAN_POINT('',(7.25,9.4,8.));
#7604=CARTESIAN_POINT('',(-4.5,14.,8.));
#7605=CARTESIAN_POINT('',(-4.5,7.25,8.));
#7606=CARTESIAN_POINT('',(7.,14.,8.));
#7607=CARTESIAN_POINT('Origin',(0.,0.,8.));
#7608=CARTESIAN_POINT('',(-9.5,14.,8.));
#7609=CARTESIAN_POINT('',(-9.5,9.4,8.));
#7610=CARTESIAN_POINT('',(-9.5,-7.25,8.));
#7611=CARTESIAN_POINT('',(-8.,9.4,8.));
#7612=CARTESIAN_POINT('',(7.25,9.4,8.));
#7613=CARTESIAN_POINT('',(-8.,14.,8.));
#7614=CARTESIAN_POINT('',(-8.,7.25,8.));
#7615=CARTESIAN_POINT('',(7.,14.,8.));
#7616=CARTESIAN_POINT('Origin',(0.,0.,8.));
#7617=CARTESIAN_POINT('',(-14.,4.9,8.));
#7618=CARTESIAN_POINT('',(-11.5,4.9,8.));
#7619=CARTESIAN_POINT('',(7.25,4.9,8.));
#7620=CARTESIAN_POINT('',(-11.5,8.6,8.));
#7621=CARTESIAN_POINT('',(-11.5,7.25,8.));
#7622=CARTESIAN_POINT('',(-14.,8.6,8.));
#7623=CARTESIAN_POINT('',(-7.25,8.6,8.));
#7624=CARTESIAN_POINT('',(-14.,7.,8.));
#7625=CARTESIAN_POINT('Origin',(0.,0.,8.));
#7626=CARTESIAN_POINT('',(-14.,0.4,8.));
#7627=CARTESIAN_POINT('',(-11.5,0.4,8.));
#7628=CARTESIAN_POINT('',(7.25,0.4,8.));
#7629=CARTESIAN_POINT('',(-11.5,4.1,8.));
#7630=CARTESIAN_POINT('',(-11.5,7.25,8.));
#7631=CARTESIAN_POINT('',(-14.,4.1,8.));
#7632=CARTESIAN_POINT('',(-7.25,4.1,8.));
#7633=CARTESIAN_POINT('',(-14.,7.,8.));
#7634=CARTESIAN_POINT('Origin',(0.,0.,8.));
#7635=CARTESIAN_POINT('',(-14.,-4.1,8.));
#7636=CARTESIAN_POINT('',(-11.5,-4.1,8.));
#7637=CARTESIAN_POINT('',(7.25,-4.1,8.));
#7638=CARTESIAN_POINT('',(-11.5,-0.4,8.));
#7639=CARTESIAN_POINT('',(-11.5,7.25,8.));
#7640=CARTESIAN_POINT('',(-14.,-0.4,8.));
#7641=CARTESIAN_POINT('',(-7.25,-0.4,8.));
#7642=CARTESIAN_POINT('',(-14.,7.,8.));
#7643=CARTESIAN_POINT('Origin',(0.,0.,8.));
#7644=CARTESIAN_POINT('',(-11.5,-8.6,8.));
#7645=CARTESIAN_POINT('',(-11.5,-4.9,8.));
#7646=CARTESIAN_POINT('',(-11.5,7.25,8.));
#7647=CARTESIAN_POINT('',(-14.,-4.9,8.));
#7648=CARTESIAN_POINT('',(-7.25,-4.9,8.));
#7649=CARTESIAN_POINT('',(-14.,-8.6,8.));
#7650=CARTESIAN_POINT('',(-14.,7.,8.));
#7651=CARTESIAN_POINT('',(7.25,-8.6,8.));
#7652=CARTESIAN_POINT('Origin',(0.,0.,8.));
#7653=CARTESIAN_POINT('',(-8.,-14.,8.));
#7654=CARTESIAN_POINT('',(-8.,-9.4,8.));
#7655=CARTESIAN_POINT('',(-8.,7.25,8.));
#7656=CARTESIAN_POINT('',(-9.5,-9.4,8.));
#7657=CARTESIAN_POINT('',(-7.25,-9.4,8.));
#7658=CARTESIAN_POINT('',(-9.5,-14.,8.));
#7659=CARTESIAN_POINT('',(-9.5,-7.25,8.));
#7660=CARTESIAN_POINT('',(-7.,-14.,8.));
#7661=CARTESIAN_POINT('Origin',(0.,0.,8.));
#7662=CARTESIAN_POINT('',(-4.5,-14.,8.));
#7663=CARTESIAN_POINT('',(-4.5,-9.4,8.));
#7664=CARTESIAN_POINT('',(-4.5,7.25,8.));
#7665=CARTESIAN_POINT('',(-6.,-9.4,8.));
#7666=CARTESIAN_POINT('',(-7.25,-9.4,8.));
#7667=CARTESIAN_POINT('',(-6.,-14.,8.));
#7668=CARTESIAN_POINT('',(-6.,-7.25,8.));
#7669=CARTESIAN_POINT('',(-7.,-14.,8.));
#7670=CARTESIAN_POINT('Origin',(0.,0.,8.));
#7671=CARTESIAN_POINT('',(-1.,-14.,8.));
#7672=CARTESIAN_POINT('',(-1.,-9.4,8.));
#7673=CARTESIAN_POINT('',(-1.,7.25,8.));
#7674=CARTESIAN_POINT('',(-2.5,-9.4,8.));
#7675=CARTESIAN_POINT('',(-7.25,-9.4,8.));
#7676=CARTESIAN_POINT('',(-2.5,-14.,8.));
#7677=CARTESIAN_POINT('',(-2.5,-7.25,8.));
#7678=CARTESIAN_POINT('',(-7.,-14.,8.));
#7679=CARTESIAN_POINT('Origin',(0.,0.,8.));
#7680=CARTESIAN_POINT('',(2.5,-14.,8.));
#7681=CARTESIAN_POINT('',(2.5,-9.4,8.));
#7682=CARTESIAN_POINT('',(2.5,7.25,8.));
#7683=CARTESIAN_POINT('',(1.,-9.4,8.));
#7684=CARTESIAN_POINT('',(-7.25,-9.4,8.));
#7685=CARTESIAN_POINT('',(1.,-14.,8.));
#7686=CARTESIAN_POINT('',(1.,-7.25,8.));
#7687=CARTESIAN_POINT('',(-7.,-14.,8.));
#7688=CARTESIAN_POINT('Origin',(0.,0.,8.));
#7689=CARTESIAN_POINT('',(6.,-14.,8.));
#7690=CARTESIAN_POINT('',(6.,-9.4,8.));
#7691=CARTESIAN_POINT('',(6.,7.25,8.));
#7692=CARTESIAN_POINT('',(4.5,-9.4,8.));
#7693=CARTESIAN_POINT('',(-7.25,-9.4,8.));
#7694=CARTESIAN_POINT('',(4.5,-14.,8.));
#7695=CARTESIAN_POINT('',(4.5,-7.25,8.));
#7696=CARTESIAN_POINT('',(-7.,-14.,8.));
#7697=CARTESIAN_POINT('Origin',(0.,0.,8.));
#7698=CARTESIAN_POINT('',(9.5,-14.,8.));
#7699=CARTESIAN_POINT('',(9.49999999999999,-9.4,8.));
#7700=CARTESIAN_POINT('',(9.5,7.25,8.));
#7701=CARTESIAN_POINT('',(8.,-9.4,8.));
#7702=CARTESIAN_POINT('',(-7.25,-9.4,8.));
#7703=CARTESIAN_POINT('',(8.,-14.,8.));
#7704=CARTESIAN_POINT('',(8.,-7.25,8.));
#7705=CARTESIAN_POINT('',(-7.,-14.,8.));
#7706=CARTESIAN_POINT('Origin',(0.,0.,8.));
#7707=CARTESIAN_POINT('',(14.,-4.9,8.));
#7708=CARTESIAN_POINT('',(11.5,-4.9,8.));
#7709=CARTESIAN_POINT('',(-7.25,-4.9,8.));
#7710=CARTESIAN_POINT('',(11.5,-8.6,8.));
#7711=CARTESIAN_POINT('',(11.5,-7.25,8.));
#7712=CARTESIAN_POINT('',(14.,-8.6,8.));
#7713=CARTESIAN_POINT('',(7.25,-8.6,8.));
#7714=CARTESIAN_POINT('',(14.,-7.,8.));
#7715=CARTESIAN_POINT('Origin',(0.,0.,8.));
#7716=CARTESIAN_POINT('',(14.,-4.1,8.));
#7717=CARTESIAN_POINT('',(14.,-0.4,8.));
#7718=CARTESIAN_POINT('',(14.,-7.,8.));
#7719=CARTESIAN_POINT('',(11.5,-0.4,8.));
#7720=CARTESIAN_POINT('',(-7.25,-0.4,8.));
#7721=CARTESIAN_POINT('',(11.5,-4.1,8.));
#7722=CARTESIAN_POINT('',(11.5,-7.25,8.));
#7723=CARTESIAN_POINT('',(7.25,-4.1,8.));
#7724=CARTESIAN_POINT('Origin',(0.,0.,8.));
#7725=CARTESIAN_POINT('',(-8.,8.6,8.));
#7726=CARTESIAN_POINT('',(-9.5,8.6,8.));
#7727=CARTESIAN_POINT('',(-7.25,8.6,8.));
#7728=CARTESIAN_POINT('',(-9.5,4.9,8.));
#7729=CARTESIAN_POINT('',(-9.5,-7.25,8.));
#7730=CARTESIAN_POINT('',(-8.,4.9,8.));
#7731=CARTESIAN_POINT('',(7.25,4.9,8.));
#7732=CARTESIAN_POINT('',(-8.,7.25,8.));
#7733=CARTESIAN_POINT('Origin',(0.,0.,8.));
#7734=CARTESIAN_POINT('',(-4.5,8.6,8.));
#7735=CARTESIAN_POINT('',(-6.,8.6,8.));
#7736=CARTESIAN_POINT('',(-7.25,8.6,8.));
#7737=CARTESIAN_POINT('',(-6.,4.9,8.));
#7738=CARTESIAN_POINT('',(-6.,-7.25,8.));
#7739=CARTESIAN_POINT('',(-4.5,4.9,8.));
#7740=CARTESIAN_POINT('',(7.25,4.9,8.));
#7741=CARTESIAN_POINT('',(-4.5,7.25,8.));
#7742=CARTESIAN_POINT('Origin',(0.,0.,8.));
#7743=CARTESIAN_POINT('',(-1.,8.6,8.));
#7744=CARTESIAN_POINT('',(-2.5,8.6,8.));
#7745=CARTESIAN_POINT('',(-7.25,8.6,8.));
#7746=CARTESIAN_POINT('',(-2.5,4.9,8.));
#7747=CARTESIAN_POINT('',(-2.5,-7.25,8.));
#7748=CARTESIAN_POINT('',(-1.,4.9,8.));
#7749=CARTESIAN_POINT('',(7.25,4.9,8.));
#7750=CARTESIAN_POINT('',(-1.,7.25,8.));
#7751=CARTESIAN_POINT('Origin',(0.,0.,8.));
#7752=CARTESIAN_POINT('',(2.5,8.6,8.));
#7753=CARTESIAN_POINT('',(1.,8.6,8.));
#7754=CARTESIAN_POINT('',(-7.25,8.6,8.));
#7755=CARTESIAN_POINT('',(1.,4.9,8.));
#7756=CARTESIAN_POINT('',(1.,-7.25,8.));
#7757=CARTESIAN_POINT('',(2.5,4.9,8.));
#7758=CARTESIAN_POINT('',(7.25,4.9,8.));
#7759=CARTESIAN_POINT('',(2.5,7.25,8.));
#7760=CARTESIAN_POINT('Origin',(0.,0.,8.));
#7761=CARTESIAN_POINT('',(6.,8.6,8.));
#7762=CARTESIAN_POINT('',(4.5,8.6,8.));
#7763=CARTESIAN_POINT('',(-7.25,8.6,8.));
#7764=CARTESIAN_POINT('',(4.5,4.9,8.));
#7765=CARTESIAN_POINT('',(4.5,-7.25,8.));
#7766=CARTESIAN_POINT('',(6.,4.9,8.));
#7767=CARTESIAN_POINT('',(7.25,4.9,8.));
#7768=CARTESIAN_POINT('',(6.,7.25,8.));
#7769=CARTESIAN_POINT('Origin',(0.,0.,8.));
#7770=CARTESIAN_POINT('',(9.49999999999999,8.6,8.));
#7771=CARTESIAN_POINT('',(8.,8.6,8.));
#7772=CARTESIAN_POINT('',(-7.25,8.6,8.));
#7773=CARTESIAN_POINT('',(8.,4.9,8.));
#7774=CARTESIAN_POINT('',(8.,-7.25,8.));
#7775=CARTESIAN_POINT('',(9.5,4.9,8.));
#7776=CARTESIAN_POINT('',(7.25,4.9,8.));
#7777=CARTESIAN_POINT('',(9.5,7.25,8.));
#7778=CARTESIAN_POINT('Origin',(0.,0.,8.));
#7779=CARTESIAN_POINT('',(-9.5,-8.6,8.));
#7780=CARTESIAN_POINT('',(-8.,-8.6,8.));
#7781=CARTESIAN_POINT('',(7.25,-8.6,8.));
#7782=CARTESIAN_POINT('',(-8.,-4.9,8.));
#7783=CARTESIAN_POINT('',(-8.,7.25,8.));
#7784=CARTESIAN_POINT('',(-9.5,-4.9,8.));
#7785=CARTESIAN_POINT('',(-7.25,-4.9,8.));
#7786=CARTESIAN_POINT('',(-9.5,-7.25,8.));
#7787=CARTESIAN_POINT('Origin',(0.,0.,8.));
#7788=CARTESIAN_POINT('',(-6.,-8.6,8.));
#7789=CARTESIAN_POINT('',(-4.5,-8.6,8.));
#7790=CARTESIAN_POINT('',(7.25,-8.6,8.));
#7791=CARTESIAN_POINT('',(-4.5,-4.9,8.));
#7792=CARTESIAN_POINT('',(-4.5,7.25,8.));
#7793=CARTESIAN_POINT('',(-6.,-4.9,8.));
#7794=CARTESIAN_POINT('',(-7.25,-4.9,8.));
#7795=CARTESIAN_POINT('',(-6.,-7.25,8.));
#7796=CARTESIAN_POINT('Origin',(0.,0.,8.));
#7797=CARTESIAN_POINT('',(-2.5,-8.6,8.));
#7798=CARTESIAN_POINT('',(-1.,-8.6,8.));
#7799=CARTESIAN_POINT('',(7.25,-8.6,8.));
#7800=CARTESIAN_POINT('',(-1.,-4.9,8.));
#7801=CARTESIAN_POINT('',(-1.,7.25,8.));
#7802=CARTESIAN_POINT('',(-2.5,-4.9,8.));
#7803=CARTESIAN_POINT('',(-7.25,-4.9,8.));
#7804=CARTESIAN_POINT('',(-2.5,-7.25,8.));
#7805=CARTESIAN_POINT('Origin',(0.,0.,8.));
#7806=CARTESIAN_POINT('',(1.,-8.6,8.));
#7807=CARTESIAN_POINT('',(2.5,-8.6,8.));
#7808=CARTESIAN_POINT('',(7.25,-8.6,8.));
#7809=CARTESIAN_POINT('',(2.5,-4.9,8.));
#7810=CARTESIAN_POINT('',(2.5,7.25,8.));
#7811=CARTESIAN_POINT('',(1.,-4.9,8.));
#7812=CARTESIAN_POINT('',(-7.25,-4.9,8.));
#7813=CARTESIAN_POINT('',(1.,-7.25,8.));
#7814=CARTESIAN_POINT('Origin',(0.,0.,8.));
#7815=CARTESIAN_POINT('',(4.5,-8.6,8.));
#7816=CARTESIAN_POINT('',(6.,-8.6,8.));
#7817=CARTESIAN_POINT('',(7.25,-8.6,8.));
#7818=CARTESIAN_POINT('',(6.,-4.9,8.));
#7819=CARTESIAN_POINT('',(6.,7.25,8.));
#7820=CARTESIAN_POINT('',(4.5,-4.9,8.));
#7821=CARTESIAN_POINT('',(-7.25,-4.9,8.));
#7822=CARTESIAN_POINT('',(4.5,-7.25,8.));
#7823=CARTESIAN_POINT('Origin',(0.,0.,8.));
#7824=CARTESIAN_POINT('',(8.,-8.6,8.));
#7825=CARTESIAN_POINT('',(9.5,-8.6,8.));
#7826=CARTESIAN_POINT('',(7.25,-8.6,8.));
#7827=CARTESIAN_POINT('',(9.49999999999999,-4.9,8.));
#7828=CARTESIAN_POINT('',(9.5,7.25,8.));
#7829=CARTESIAN_POINT('',(8.,-4.9,8.));
#7830=CARTESIAN_POINT('',(-7.25,-4.9,8.));
#7831=CARTESIAN_POINT('',(8.,-7.25,8.));
#7832=CARTESIAN_POINT('Origin',(0.,0.,8.));
#7833=CARTESIAN_POINT('',(-9.5,-4.1,8.));
#7834=CARTESIAN_POINT('',(-8.,-4.1,8.));
#7835=CARTESIAN_POINT('',(7.25,-4.1,8.));
#7836=CARTESIAN_POINT('',(-8.,-0.4,8.));
#7837=CARTESIAN_POINT('',(-8.,7.25,8.));
#7838=CARTESIAN_POINT('',(-9.5,-0.4,8.));
#7839=CARTESIAN_POINT('',(-7.25,-0.4,8.));
#7840=CARTESIAN_POINT('',(-9.5,-7.25,8.));
#7841=CARTESIAN_POINT('Origin',(0.,0.,8.));
#7842=CARTESIAN_POINT('',(-6.,-4.1,8.));
#7843=CARTESIAN_POINT('',(-4.5,-4.1,8.));
#7844=CARTESIAN_POINT('',(7.25,-4.1,8.));
#7845=CARTESIAN_POINT('',(-4.5,-0.4,8.));
#7846=CARTESIAN_POINT('',(-4.5,7.25,8.));
#7847=CARTESIAN_POINT('',(-6.,-0.4,8.));
#7848=CARTESIAN_POINT('',(-7.25,-0.4,8.));
#7849=CARTESIAN_POINT('',(-6.,-7.25,8.));
#7850=CARTESIAN_POINT('Origin',(0.,0.,8.));
#7851=CARTESIAN_POINT('',(-2.5,-4.1,8.));
#7852=CARTESIAN_POINT('',(-1.,-4.1,8.));
#7853=CARTESIAN_POINT('',(7.25,-4.1,8.));
#7854=CARTESIAN_POINT('',(-1.,-0.4,8.));
#7855=CARTESIAN_POINT('',(-1.,7.25,8.));
#7856=CARTESIAN_POINT('',(-2.5,-0.4,8.));
#7857=CARTESIAN_POINT('',(-7.25,-0.4,8.));
#7858=CARTESIAN_POINT('',(-2.5,-7.25,8.));
#7859=CARTESIAN_POINT('Origin',(0.,0.,8.));
#7860=CARTESIAN_POINT('',(1.,-4.1,8.));
#7861=CARTESIAN_POINT('',(2.5,-4.1,8.));
#7862=CARTESIAN_POINT('',(7.25,-4.1,8.));
#7863=CARTESIAN_POINT('',(2.5,-0.4,8.));
#7864=CARTESIAN_POINT('',(2.5,7.25,8.));
#7865=CARTESIAN_POINT('',(1.,-0.4,8.));
#7866=CARTESIAN_POINT('',(-7.25,-0.4,8.));
#7867=CARTESIAN_POINT('',(1.,-7.25,8.));
#7868=CARTESIAN_POINT('Origin',(0.,0.,8.));
#7869=CARTESIAN_POINT('',(4.5,-4.1,8.));
#7870=CARTESIAN_POINT('',(6.,-4.1,8.));
#7871=CARTESIAN_POINT('',(7.25,-4.1,8.));
#7872=CARTESIAN_POINT('',(6.,-0.4,8.));
#7873=CARTESIAN_POINT('',(6.,7.25,8.));
#7874=CARTESIAN_POINT('',(4.5,-0.4,8.));
#7875=CARTESIAN_POINT('',(-7.25,-0.4,8.));
#7876=CARTESIAN_POINT('',(4.5,-7.25,8.));
#7877=CARTESIAN_POINT('Origin',(0.,0.,8.));
#7878=CARTESIAN_POINT('',(8.,-4.1,8.));
#7879=CARTESIAN_POINT('',(9.5,-4.1,8.));
#7880=CARTESIAN_POINT('',(7.25,-4.1,8.));
#7881=CARTESIAN_POINT('',(9.49999999999999,-0.4,8.));
#7882=CARTESIAN_POINT('',(9.5,7.25,8.));
#7883=CARTESIAN_POINT('',(8.,-0.4,8.));
#7884=CARTESIAN_POINT('',(-7.25,-0.4,8.));
#7885=CARTESIAN_POINT('',(8.,-7.25,8.));
#7886=CARTESIAN_POINT('Origin',(0.,0.,8.));
#7887=CARTESIAN_POINT('',(-9.5,0.4,8.));
#7888=CARTESIAN_POINT('',(-8.,0.4,8.));
#7889=CARTESIAN_POINT('',(7.25,0.4,8.));
#7890=CARTESIAN_POINT('',(-8.,4.1,8.));
#7891=CARTESIAN_POINT('',(-8.,7.25,8.));
#7892=CARTESIAN_POINT('',(-9.5,4.1,8.));
#7893=CARTESIAN_POINT('',(-7.25,4.1,8.));
#7894=CARTESIAN_POINT('',(-9.5,-7.25,8.));
#7895=CARTESIAN_POINT('Origin',(0.,0.,8.));
#7896=CARTESIAN_POINT('',(-6.,0.4,8.));
#7897=CARTESIAN_POINT('',(-4.5,0.4,8.));
#7898=CARTESIAN_POINT('',(7.25,0.4,8.));
#7899=CARTESIAN_POINT('',(-4.5,4.1,8.));
#7900=CARTESIAN_POINT('',(-4.5,7.25,8.));
#7901=CARTESIAN_POINT('',(-6.,4.1,8.));
#7902=CARTESIAN_POINT('',(-7.25,4.1,8.));
#7903=CARTESIAN_POINT('',(-6.,-7.25,8.));
#7904=CARTESIAN_POINT('Origin',(0.,0.,8.));
#7905=CARTESIAN_POINT('',(-2.5,0.4,8.));
#7906=CARTESIAN_POINT('',(-1.,0.4,8.));
#7907=CARTESIAN_POINT('',(7.25,0.4,8.));
#7908=CARTESIAN_POINT('',(-1.,4.1,8.));
#7909=CARTESIAN_POINT('',(-1.,7.25,8.));
#7910=CARTESIAN_POINT('',(-2.5,4.1,8.));
#7911=CARTESIAN_POINT('',(-7.25,4.1,8.));
#7912=CARTESIAN_POINT('',(-2.5,-7.25,8.));
#7913=CARTESIAN_POINT('Origin',(0.,0.,8.));
#7914=CARTESIAN_POINT('',(1.,0.4,8.));
#7915=CARTESIAN_POINT('',(2.5,0.4,8.));
#7916=CARTESIAN_POINT('',(7.25,0.4,8.));
#7917=CARTESIAN_POINT('',(2.5,4.1,8.));
#7918=CARTESIAN_POINT('',(2.5,7.25,8.));
#7919=CARTESIAN_POINT('',(1.,4.1,8.));
#7920=CARTESIAN_POINT('',(-7.25,4.1,8.));
#7921=CARTESIAN_POINT('',(1.,-7.25,8.));
#7922=CARTESIAN_POINT('Origin',(0.,0.,8.));
#7923=CARTESIAN_POINT('',(4.5,0.4,8.));
#7924=CARTESIAN_POINT('',(6.,0.4,8.));
#7925=CARTESIAN_POINT('',(7.25,0.4,8.));
#7926=CARTESIAN_POINT('',(6.,4.1,8.));
#7927=CARTESIAN_POINT('',(6.,7.25,8.));
#7928=CARTESIAN_POINT('',(4.5,4.1,8.));
#7929=CARTESIAN_POINT('',(-7.25,4.1,8.));
#7930=CARTESIAN_POINT('',(4.5,-7.25,8.));
#7931=CARTESIAN_POINT('Origin',(0.,0.,8.));
#7932=CARTESIAN_POINT('',(8.,0.4,8.));
#7933=CARTESIAN_POINT('',(9.5,0.4,8.));
#7934=CARTESIAN_POINT('',(7.25,0.4,8.));
#7935=CARTESIAN_POINT('',(9.49999999999999,4.1,8.));
#7936=CARTESIAN_POINT('',(9.5,7.25,8.));
#7937=CARTESIAN_POINT('',(8.,4.1,8.));
#7938=CARTESIAN_POINT('',(-7.25,4.1,8.));
#7939=CARTESIAN_POINT('',(8.,-7.25,8.));
#7940=CARTESIAN_POINT('Origin',(0.,0.,8.));
#7941=CARTESIAN_POINT('',(14.,9.4,8.));
#7942=CARTESIAN_POINT('',(14.,14.,8.));
#7943=CARTESIAN_POINT('',(14.,-14.,8.));
#7944=CARTESIAN_POINT('',(11.5,14.,8.));
#7945=CARTESIAN_POINT('',(7.,14.,8.));
#7946=CARTESIAN_POINT('',(11.5,9.4,8.));
#7947=CARTESIAN_POINT('',(11.5,-7.25,8.));
#7948=CARTESIAN_POINT('',(7.25,9.4,8.));
#7949=CARTESIAN_POINT('Origin',(0.,0.,8.));
#7950=CARTESIAN_POINT('',(11.5,-14.,8.));
#7951=CARTESIAN_POINT('',(14.,-14.,8.));
#7952=CARTESIAN_POINT('',(-14.,-14.,8.));
#7953=CARTESIAN_POINT('',(14.,-9.4,8.));
#7954=CARTESIAN_POINT('',(14.,-7.,8.));
#7955=CARTESIAN_POINT('',(11.5,-9.4,8.));
#7956=CARTESIAN_POINT('',(-7.25,-9.4,8.));
#7957=CARTESIAN_POINT('',(11.5,-7.25,8.));
#7958=CARTESIAN_POINT('Origin',(0.,0.,8.));
#7959=CARTESIAN_POINT('',(-14.,-9.4,8.));
#7960=CARTESIAN_POINT('',(-14.,-14.,8.));
#7961=CARTESIAN_POINT('',(-14.,14.,8.));
#7962=CARTESIAN_POINT('',(-11.5,-14.,8.));
#7963=CARTESIAN_POINT('',(-7.,-14.,8.));
#7964=CARTESIAN_POINT('',(-11.5,-9.4,8.));
#7965=CARTESIAN_POINT('',(-11.5,7.25,8.));
#7966=CARTESIAN_POINT('',(-7.25,-9.4,8.));
#7967=CARTESIAN_POINT('Origin',(0.,0.,8.));
#7968=CARTESIAN_POINT('',(-11.5,14.,8.));
#7969=CARTESIAN_POINT('',(-14.,14.,8.));
#7970=CARTESIAN_POINT('',(14.,14.,8.));
#7971=CARTESIAN_POINT('',(-14.,9.4,8.));
#7972=CARTESIAN_POINT('',(-14.,7.,8.));
#7973=CARTESIAN_POINT('',(-11.5,9.4,8.));
#7974=CARTESIAN_POINT('',(7.25,9.4,8.));
#7975=CARTESIAN_POINT('',(-11.5,7.25,8.));
#7976=CARTESIAN_POINT('Origin',(-14.5,4.1,1.5));
#7977=CARTESIAN_POINT('',(14.,4.1,1.5));
#7978=CARTESIAN_POINT('',(14.,4.1,0.75));
#7979=CARTESIAN_POINT('',(11.5,4.1,1.5));
#7980=CARTESIAN_POINT('',(-14.5,4.1,1.5));
#7981=CARTESIAN_POINT('',(11.5,4.1,1.5));
#7982=CARTESIAN_POINT('Origin',(-14.5,4.1,1.5));
#7983=CARTESIAN_POINT('',(8.,4.1,1.5));
#7984=CARTESIAN_POINT('',(8.,4.1,1.5));
#7985=CARTESIAN_POINT('',(9.49999999999999,4.1,1.5));
#7986=CARTESIAN_POINT('',(9.5,4.1,1.5));
#7987=CARTESIAN_POINT('',(-14.5,4.1,1.5));
#7988=CARTESIAN_POINT('Origin',(-14.5,4.1,1.5));
#7989=CARTESIAN_POINT('',(4.5,4.1,1.5));
#7990=CARTESIAN_POINT('',(4.5,4.1,1.5));
#7991=CARTESIAN_POINT('',(6.,4.1,1.5));
#7992=CARTESIAN_POINT('',(6.,4.1,1.5));
#7993=CARTESIAN_POINT('',(-14.5,4.1,1.5));
#7994=CARTESIAN_POINT('Origin',(-14.5,4.1,1.5));
#7995=CARTESIAN_POINT('',(1.,4.1,1.5));
#7996=CARTESIAN_POINT('',(1.,4.1,1.5));
#7997=CARTESIAN_POINT('',(2.5,4.1,1.5));
#7998=CARTESIAN_POINT('',(2.5,4.1,1.5));
#7999=CARTESIAN_POINT('',(-14.5,4.1,1.5));
#8000=CARTESIAN_POINT('Origin',(-14.5,4.1,1.5));
#8001=CARTESIAN_POINT('',(-2.5,4.1,1.5));
#8002=CARTESIAN_POINT('',(-2.5,4.1,1.5));
#8003=CARTESIAN_POINT('',(-1.,4.1,1.5));
#8004=CARTESIAN_POINT('',(-1.,4.1,1.5));
#8005=CARTESIAN_POINT('',(-14.5,4.1,1.5));
#8006=CARTESIAN_POINT('Origin',(-14.5,4.1,1.5));
#8007=CARTESIAN_POINT('',(-6.,4.1,1.5));
#8008=CARTESIAN_POINT('',(-6.,4.1,1.5));
#8009=CARTESIAN_POINT('',(-4.5,4.1,1.5));
#8010=CARTESIAN_POINT('',(-4.5,4.1,1.5));
#8011=CARTESIAN_POINT('',(-14.5,4.1,1.5));
#8012=CARTESIAN_POINT('Origin',(-14.5,4.1,1.5));
#8013=CARTESIAN_POINT('',(-9.5,4.1,1.5));
#8014=CARTESIAN_POINT('',(-9.5,4.1,1.5));
#8015=CARTESIAN_POINT('',(-8.,4.1,1.5));
#8016=CARTESIAN_POINT('',(-8.,4.1,1.5));
#8017=CARTESIAN_POINT('',(-14.5,4.1,1.5));
#8018=CARTESIAN_POINT('Origin',(14.5,4.9,1.5));
#8019=CARTESIAN_POINT('',(8.,4.9,1.5));
#8020=CARTESIAN_POINT('',(8.,4.9,1.5));
#8021=CARTESIAN_POINT('',(9.5,4.9,1.5));
#8022=CARTESIAN_POINT('',(14.5,4.9,1.5));
#8023=CARTESIAN_POINT('',(9.5,4.9,1.5));
#8024=CARTESIAN_POINT('Origin',(14.5,4.9,1.5));
#8025=CARTESIAN_POINT('',(14.,4.9,1.5));
#8026=CARTESIAN_POINT('',(14.,4.9,0.75));
#8027=CARTESIAN_POINT('',(11.5,4.9,1.5));
#8028=CARTESIAN_POINT('',(11.5,4.9,1.5));
#8029=CARTESIAN_POINT('',(14.5,4.9,1.5));
#8030=CARTESIAN_POINT('Origin',(14.5,4.9,1.5));
#8031=CARTESIAN_POINT('',(4.5,4.9,1.5));
#8032=CARTESIAN_POINT('',(4.5,4.9,1.5));
#8033=CARTESIAN_POINT('',(6.,4.9,1.5));
#8034=CARTESIAN_POINT('',(14.5,4.9,1.5));
#8035=CARTESIAN_POINT('',(6.,4.9,1.5));
#8036=CARTESIAN_POINT('Origin',(14.5,4.9,1.5));
#8037=CARTESIAN_POINT('',(1.,4.9,1.5));
#8038=CARTESIAN_POINT('',(1.,4.9,1.5));
#8039=CARTESIAN_POINT('',(2.5,4.9,1.5));
#8040=CARTESIAN_POINT('',(14.5,4.9,1.5));
#8041=CARTESIAN_POINT('',(2.5,4.9,1.5));
#8042=CARTESIAN_POINT('Origin',(14.5,4.9,1.5));
#8043=CARTESIAN_POINT('',(-2.5,4.9,1.5));
#8044=CARTESIAN_POINT('',(-2.5,4.9,1.5));
#8045=CARTESIAN_POINT('',(-1.,4.9,1.5));
#8046=CARTESIAN_POINT('',(14.5,4.9,1.5));
#8047=CARTESIAN_POINT('',(-1.,4.9,1.5));
#8048=CARTESIAN_POINT('Origin',(14.5,4.9,1.5));
#8049=CARTESIAN_POINT('',(-6.,4.9,1.5));
#8050=CARTESIAN_POINT('',(-6.,4.9,1.5));
#8051=CARTESIAN_POINT('',(-4.5,4.9,1.5));
#8052=CARTESIAN_POINT('',(14.5,4.9,1.5));
#8053=CARTESIAN_POINT('',(-4.5,4.9,1.5));
#8054=CARTESIAN_POINT('Origin',(14.5,4.9,1.5));
#8055=CARTESIAN_POINT('',(-9.5,4.9,1.5));
#8056=CARTESIAN_POINT('',(-9.5,4.9,1.5));
#8057=CARTESIAN_POINT('',(-8.,4.9,1.5));
#8058=CARTESIAN_POINT('',(14.5,4.9,1.5));
#8059=CARTESIAN_POINT('',(-8.,4.9,1.5));
#8060=CARTESIAN_POINT('Origin',(14.5,4.9,1.5));
#8061=CARTESIAN_POINT('',(-14.,4.9,1.5));
#8062=CARTESIAN_POINT('',(-14.,4.9,0.75));
#8063=CARTESIAN_POINT('',(-11.5,4.9,1.5));
#8064=CARTESIAN_POINT('',(14.5,4.9,1.5));
#8065=CARTESIAN_POINT('',(-11.5,4.9,1.5));
#8066=CARTESIAN_POINT('Origin',(-14.5,4.1,1.5));
#8067=CARTESIAN_POINT('',(-14.,4.1,1.5));
#8068=CARTESIAN_POINT('',(-14.,4.1,0.75));
#8069=CARTESIAN_POINT('',(-11.5,4.1,1.5));
#8070=CARTESIAN_POINT('',(-11.5,4.1,1.5));
#8071=CARTESIAN_POINT('',(-14.5,4.1,1.5));
#8072=CARTESIAN_POINT('Origin',(-14.5,-0.4,1.5));
#8073=CARTESIAN_POINT('',(14.,-0.4,1.5));
#8074=CARTESIAN_POINT('',(14.,-0.4,0.75));
#8075=CARTESIAN_POINT('',(11.5,-0.4,1.5));
#8076=CARTESIAN_POINT('',(-14.5,-0.4,1.5));
#8077=CARTESIAN_POINT('',(11.5,-0.4,1.5));
#8078=CARTESIAN_POINT('Origin',(-14.5,-0.4,1.5));
#8079=CARTESIAN_POINT('',(8.,-0.4,1.5));
#8080=CARTESIAN_POINT('',(8.,-0.4,1.5));
#8081=CARTESIAN_POINT('',(9.49999999999999,-0.4,1.5));
#8082=CARTESIAN_POINT('',(9.5,-0.4,1.5));
#8083=CARTESIAN_POINT('',(-14.5,-0.4,1.5));
#8084=CARTESIAN_POINT('Origin',(-14.5,-0.4,1.5));
#8085=CARTESIAN_POINT('',(4.5,-0.4,1.5));
#8086=CARTESIAN_POINT('',(4.5,-0.4,1.5));
#8087=CARTESIAN_POINT('',(6.,-0.4,1.5));
#8088=CARTESIAN_POINT('',(6.,-0.4,1.5));
#8089=CARTESIAN_POINT('',(-14.5,-0.4,1.5));
#8090=CARTESIAN_POINT('Origin',(-14.5,-0.4,1.5));
#8091=CARTESIAN_POINT('',(1.,-0.4,1.5));
#8092=CARTESIAN_POINT('',(1.,-0.4,1.5));
#8093=CARTESIAN_POINT('',(2.5,-0.4,1.5));
#8094=CARTESIAN_POINT('',(2.5,-0.4,1.5));
#8095=CARTESIAN_POINT('',(-14.5,-0.4,1.5));
#8096=CARTESIAN_POINT('Origin',(-14.5,-0.4,1.5));
#8097=CARTESIAN_POINT('',(-2.5,-0.4,1.5));
#8098=CARTESIAN_POINT('',(-2.5,-0.4,1.5));
#8099=CARTESIAN_POINT('',(-1.,-0.4,1.5));
#8100=CARTESIAN_POINT('',(-1.,-0.4,1.5));
#8101=CARTESIAN_POINT('',(-14.5,-0.4,1.5));
#8102=CARTESIAN_POINT('Origin',(-14.5,-0.4,1.5));
#8103=CARTESIAN_POINT('',(-6.,-0.4,1.5));
#8104=CARTESIAN_POINT('',(-6.,-0.4,1.5));
#8105=CARTESIAN_POINT('',(-4.5,-0.4,1.5));
#8106=CARTESIAN_POINT('',(-4.5,-0.4,1.5));
#8107=CARTESIAN_POINT('',(-14.5,-0.4,1.5));
#8108=CARTESIAN_POINT('Origin',(-14.5,-0.4,1.5));
#8109=CARTESIAN_POINT('',(-9.5,-0.4,1.5));
#8110=CARTESIAN_POINT('',(-9.5,-0.4,1.5));
#8111=CARTESIAN_POINT('',(-8.,-0.4,1.5));
#8112=CARTESIAN_POINT('',(-8.,-0.4,1.5));
#8113=CARTESIAN_POINT('',(-14.5,-0.4,1.5));
#8114=CARTESIAN_POINT('Origin',(14.5,0.4,1.5));
#8115=CARTESIAN_POINT('',(8.,0.4,1.5));
#8116=CARTESIAN_POINT('',(8.,0.4,1.5));
#8117=CARTESIAN_POINT('',(9.5,0.4,1.5));
#8118=CARTESIAN_POINT('',(14.5,0.4,1.5));
#8119=CARTESIAN_POINT('',(9.5,0.4,1.5));
#8120=CARTESIAN_POINT('Origin',(14.5,0.4,1.5));
#8121=CARTESIAN_POINT('',(14.,0.4,1.5));
#8122=CARTESIAN_POINT('',(14.,0.4,0.75));
#8123=CARTESIAN_POINT('',(11.5,0.4,1.5));
#8124=CARTESIAN_POINT('',(11.5,0.4,1.5));
#8125=CARTESIAN_POINT('',(14.5,0.4,1.5));
#8126=CARTESIAN_POINT('Origin',(14.5,0.4,1.5));
#8127=CARTESIAN_POINT('',(4.5,0.4,1.5));
#8128=CARTESIAN_POINT('',(4.5,0.4,1.5));
#8129=CARTESIAN_POINT('',(6.,0.4,1.5));
#8130=CARTESIAN_POINT('',(14.5,0.4,1.5));
#8131=CARTESIAN_POINT('',(6.,0.4,1.5));
#8132=CARTESIAN_POINT('Origin',(14.5,0.4,1.5));
#8133=CARTESIAN_POINT('',(1.,0.4,1.5));
#8134=CARTESIAN_POINT('',(1.,0.4,1.5));
#8135=CARTESIAN_POINT('',(2.5,0.4,1.5));
#8136=CARTESIAN_POINT('',(14.5,0.4,1.5));
#8137=CARTESIAN_POINT('',(2.5,0.4,1.5));
#8138=CARTESIAN_POINT('Origin',(14.5,0.4,1.5));
#8139=CARTESIAN_POINT('',(-2.5,0.4,1.5));
#8140=CARTESIAN_POINT('',(-2.5,0.4,1.5));
#8141=CARTESIAN_POINT('',(-1.,0.4,1.5));
#8142=CARTESIAN_POINT('',(14.5,0.4,1.5));
#8143=CARTESIAN_POINT('',(-1.,0.4,1.5));
#8144=CARTESIAN_POINT('Origin',(14.5,0.4,1.5));
#8145=CARTESIAN_POINT('',(-6.,0.4,1.5));
#8146=CARTESIAN_POINT('',(-6.,0.4,1.5));
#8147=CARTESIAN_POINT('',(-4.5,0.4,1.5));
#8148=CARTESIAN_POINT('',(14.5,0.4,1.5));
#8149=CARTESIAN_POINT('',(-4.5,0.4,1.5));
#8150=CARTESIAN_POINT('Origin',(14.5,0.4,1.5));
#8151=CARTESIAN_POINT('',(-9.5,0.4,1.5));
#8152=CARTESIAN_POINT('',(-9.5,0.4,1.5));
#8153=CARTESIAN_POINT('',(-8.,0.4,1.5));
#8154=CARTESIAN_POINT('',(14.5,0.4,1.5));
#8155=CARTESIAN_POINT('',(-8.,0.4,1.5));
#8156=CARTESIAN_POINT('Origin',(14.5,0.4,1.5));
#8157=CARTESIAN_POINT('',(-14.,0.4,1.5));
#8158=CARTESIAN_POINT('',(-14.,0.4,0.75));
#8159=CARTESIAN_POINT('',(-11.5,0.4,1.5));
#8160=CARTESIAN_POINT('',(14.5,0.4,1.5));
#8161=CARTESIAN_POINT('',(-11.5,0.4,1.5));
#8162=CARTESIAN_POINT('Origin',(-14.5,-0.4,1.5));
#8163=CARTESIAN_POINT('',(-14.,-0.4,1.5));
#8164=CARTESIAN_POINT('',(-14.,-0.4,0.75));
#8165=CARTESIAN_POINT('',(-11.5,-0.4,1.5));
#8166=CARTESIAN_POINT('',(-11.5,-0.4,1.5));
#8167=CARTESIAN_POINT('',(-14.5,-0.4,1.5));
#8168=CARTESIAN_POINT('Origin',(-14.5,-4.9,1.5));
#8169=CARTESIAN_POINT('',(14.,-4.9,1.5));
#8170=CARTESIAN_POINT('',(14.,-4.9,0.75));
#8171=CARTESIAN_POINT('',(11.5,-4.9,1.5));
#8172=CARTESIAN_POINT('',(-14.5,-4.9,1.5));
#8173=CARTESIAN_POINT('',(11.5,-4.9,1.5));
#8174=CARTESIAN_POINT('Origin',(-14.5,-4.9,1.5));
#8175=CARTESIAN_POINT('',(8.,-4.9,1.5));
#8176=CARTESIAN_POINT('',(8.,-4.9,1.5));
#8177=CARTESIAN_POINT('',(9.49999999999999,-4.9,1.5));
#8178=CARTESIAN_POINT('',(9.5,-4.9,1.5));
#8179=CARTESIAN_POINT('',(-14.5,-4.9,1.5));
#8180=CARTESIAN_POINT('Origin',(-14.5,-4.9,1.5));
#8181=CARTESIAN_POINT('',(4.5,-4.9,1.5));
#8182=CARTESIAN_POINT('',(4.5,-4.9,1.5));
#8183=CARTESIAN_POINT('',(6.,-4.9,1.5));
#8184=CARTESIAN_POINT('',(6.,-4.9,1.5));
#8185=CARTESIAN_POINT('',(-14.5,-4.9,1.5));
#8186=CARTESIAN_POINT('Origin',(-14.5,-4.9,1.5));
#8187=CARTESIAN_POINT('',(1.,-4.9,1.5));
#8188=CARTESIAN_POINT('',(1.,-4.9,1.5));
#8189=CARTESIAN_POINT('',(2.5,-4.9,1.5));
#8190=CARTESIAN_POINT('',(2.5,-4.9,1.5));
#8191=CARTESIAN_POINT('',(-14.5,-4.9,1.5));
#8192=CARTESIAN_POINT('Origin',(-14.5,-4.9,1.5));
#8193=CARTESIAN_POINT('',(-2.5,-4.9,1.5));
#8194=CARTESIAN_POINT('',(-2.5,-4.9,1.5));
#8195=CARTESIAN_POINT('',(-1.,-4.9,1.5));
#8196=CARTESIAN_POINT('',(-1.,-4.9,1.5));
#8197=CARTESIAN_POINT('',(-14.5,-4.9,1.5));
#8198=CARTESIAN_POINT('Origin',(-14.5,-4.9,1.5));
#8199=CARTESIAN_POINT('',(-6.,-4.9,1.5));
#8200=CARTESIAN_POINT('',(-6.,-4.9,1.5));
#8201=CARTESIAN_POINT('',(-4.5,-4.9,1.5));
#8202=CARTESIAN_POINT('',(-4.5,-4.9,1.5));
#8203=CARTESIAN_POINT('',(-14.5,-4.9,1.5));
#8204=CARTESIAN_POINT('Origin',(-14.5,-4.9,1.5));
#8205=CARTESIAN_POINT('',(-9.5,-4.9,1.5));
#8206=CARTESIAN_POINT('',(-9.5,-4.9,1.5));
#8207=CARTESIAN_POINT('',(-8.,-4.9,1.5));
#8208=CARTESIAN_POINT('',(-8.,-4.9,1.5));
#8209=CARTESIAN_POINT('',(-14.5,-4.9,1.5));
#8210=CARTESIAN_POINT('Origin',(14.5,-4.1,1.5));
#8211=CARTESIAN_POINT('',(8.,-4.1,1.5));
#8212=CARTESIAN_POINT('',(8.,-4.1,1.5));
#8213=CARTESIAN_POINT('',(9.5,-4.1,1.5));
#8214=CARTESIAN_POINT('',(14.5,-4.1,1.5));
#8215=CARTESIAN_POINT('',(9.5,-4.1,1.5));
#8216=CARTESIAN_POINT('Origin',(14.5,-4.1,1.5));
#8217=CARTESIAN_POINT('',(14.,-4.1,1.5));
#8218=CARTESIAN_POINT('',(14.,-4.1,0.75));
#8219=CARTESIAN_POINT('',(11.5,-4.1,1.5));
#8220=CARTESIAN_POINT('',(11.5,-4.1,1.5));
#8221=CARTESIAN_POINT('',(14.5,-4.1,1.5));
#8222=CARTESIAN_POINT('Origin',(14.5,-4.1,1.5));
#8223=CARTESIAN_POINT('',(4.5,-4.1,1.5));
#8224=CARTESIAN_POINT('',(4.5,-4.1,1.5));
#8225=CARTESIAN_POINT('',(6.,-4.1,1.5));
#8226=CARTESIAN_POINT('',(14.5,-4.1,1.5));
#8227=CARTESIAN_POINT('',(6.,-4.1,1.5));
#8228=CARTESIAN_POINT('Origin',(14.5,-4.1,1.5));
#8229=CARTESIAN_POINT('',(1.,-4.1,1.5));
#8230=CARTESIAN_POINT('',(1.,-4.1,1.5));
#8231=CARTESIAN_POINT('',(2.5,-4.1,1.5));
#8232=CARTESIAN_POINT('',(14.5,-4.1,1.5));
#8233=CARTESIAN_POINT('',(2.5,-4.1,1.5));
#8234=CARTESIAN_POINT('Origin',(14.5,-4.1,1.5));
#8235=CARTESIAN_POINT('',(-2.5,-4.1,1.5));
#8236=CARTESIAN_POINT('',(-2.5,-4.1,1.5));
#8237=CARTESIAN_POINT('',(-1.,-4.1,1.5));
#8238=CARTESIAN_POINT('',(14.5,-4.1,1.5));
#8239=CARTESIAN_POINT('',(-1.,-4.1,1.5));
#8240=CARTESIAN_POINT('Origin',(14.5,-4.1,1.5));
#8241=CARTESIAN_POINT('',(-6.,-4.1,1.5));
#8242=CARTESIAN_POINT('',(-6.,-4.1,1.5));
#8243=CARTESIAN_POINT('',(-4.5,-4.1,1.5));
#8244=CARTESIAN_POINT('',(14.5,-4.1,1.5));
#8245=CARTESIAN_POINT('',(-4.5,-4.1,1.5));
#8246=CARTESIAN_POINT('Origin',(14.5,-4.1,1.5));
#8247=CARTESIAN_POINT('',(-9.5,-4.1,1.5));
#8248=CARTESIAN_POINT('',(-9.5,-4.1,1.5));
#8249=CARTESIAN_POINT('',(-8.,-4.1,1.5));
#8250=CARTESIAN_POINT('',(14.5,-4.1,1.5));
#8251=CARTESIAN_POINT('',(-8.,-4.1,1.5));
#8252=CARTESIAN_POINT('Origin',(14.5,-4.1,1.5));
#8253=CARTESIAN_POINT('',(-14.,-4.1,1.5));
#8254=CARTESIAN_POINT('',(-14.,-4.1,0.75));
#8255=CARTESIAN_POINT('',(-11.5,-4.1,1.5));
#8256=CARTESIAN_POINT('',(14.5,-4.1,1.5));
#8257=CARTESIAN_POINT('',(-11.5,-4.1,1.5));
#8258=CARTESIAN_POINT('Origin',(-14.5,-4.9,1.5));
#8259=CARTESIAN_POINT('',(-14.,-4.9,1.5));
#8260=CARTESIAN_POINT('',(-14.,-4.9,0.75));
#8261=CARTESIAN_POINT('',(-11.5,-4.9,1.5));
#8262=CARTESIAN_POINT('',(-11.5,-4.9,1.5));
#8263=CARTESIAN_POINT('',(-14.5,-4.9,1.5));
#8264=CARTESIAN_POINT('Origin',(-14.5,-9.4,1.5));
#8265=CARTESIAN_POINT('',(14.,-9.4,1.5));
#8266=CARTESIAN_POINT('',(14.,-9.4,0.75));
#8267=CARTESIAN_POINT('',(11.5,-9.4,1.5));
#8268=CARTESIAN_POINT('',(-14.5,-9.4,1.5));
#8269=CARTESIAN_POINT('',(11.5,-9.4,1.5));
#8270=CARTESIAN_POINT('Origin',(-14.5,-9.4,1.5));
#8271=CARTESIAN_POINT('',(8.,-9.4,1.5));
#8272=CARTESIAN_POINT('',(8.,-9.4,1.5));
#8273=CARTESIAN_POINT('',(9.49999999999999,-9.4,1.5));
#8274=CARTESIAN_POINT('',(9.5,-9.4,1.5));
#8275=CARTESIAN_POINT('',(-14.5,-9.4,1.5));
#8276=CARTESIAN_POINT('Origin',(-14.5,-9.4,1.5));
#8277=CARTESIAN_POINT('',(4.5,-9.4,1.5));
#8278=CARTESIAN_POINT('',(4.5,-9.4,1.5));
#8279=CARTESIAN_POINT('',(6.,-9.4,1.5));
#8280=CARTESIAN_POINT('',(6.,-9.4,1.5));
#8281=CARTESIAN_POINT('',(-14.5,-9.4,1.5));
#8282=CARTESIAN_POINT('Origin',(-14.5,-9.4,1.5));
#8283=CARTESIAN_POINT('',(1.,-9.4,1.5));
#8284=CARTESIAN_POINT('',(1.,-9.4,1.5));
#8285=CARTESIAN_POINT('',(2.5,-9.4,1.5));
#8286=CARTESIAN_POINT('',(2.5,-9.4,1.5));
#8287=CARTESIAN_POINT('',(-14.5,-9.4,1.5));
#8288=CARTESIAN_POINT('Origin',(-14.5,-9.4,1.5));
#8289=CARTESIAN_POINT('',(-2.5,-9.4,1.5));
#8290=CARTESIAN_POINT('',(-2.5,-9.4,1.5));
#8291=CARTESIAN_POINT('',(-1.,-9.4,1.5));
#8292=CARTESIAN_POINT('',(-1.,-9.4,1.5));
#8293=CARTESIAN_POINT('',(-14.5,-9.4,1.5));
#8294=CARTESIAN_POINT('Origin',(-14.5,-9.4,1.5));
#8295=CARTESIAN_POINT('',(-6.,-9.4,1.5));
#8296=CARTESIAN_POINT('',(-6.,-9.4,1.5));
#8297=CARTESIAN_POINT('',(-4.5,-9.4,1.5));
#8298=CARTESIAN_POINT('',(-4.5,-9.4,1.5));
#8299=CARTESIAN_POINT('',(-14.5,-9.4,1.5));
#8300=CARTESIAN_POINT('Origin',(-14.5,-9.4,1.5));
#8301=CARTESIAN_POINT('',(-9.5,-9.4,1.5));
#8302=CARTESIAN_POINT('',(-9.5,-9.4,1.5));
#8303=CARTESIAN_POINT('',(-8.,-9.4,1.5));
#8304=CARTESIAN_POINT('',(-8.,-9.4,1.5));
#8305=CARTESIAN_POINT('',(-14.5,-9.4,1.5));
#8306=CARTESIAN_POINT('Origin',(14.5,-8.6,1.5));
#8307=CARTESIAN_POINT('',(8.,-8.6,1.5));
#8308=CARTESIAN_POINT('',(8.,-8.6,1.5));
#8309=CARTESIAN_POINT('',(9.5,-8.6,1.5));
#8310=CARTESIAN_POINT('',(14.5,-8.6,1.5));
#8311=CARTESIAN_POINT('',(9.5,-8.6,1.5));
#8312=CARTESIAN_POINT('Origin',(14.5,-8.6,1.5));
#8313=CARTESIAN_POINT('',(14.,-8.6,1.5));
#8314=CARTESIAN_POINT('',(14.,-8.6,0.75));
#8315=CARTESIAN_POINT('',(11.5,-8.6,1.5));
#8316=CARTESIAN_POINT('',(11.5,-8.6,1.5));
#8317=CARTESIAN_POINT('',(14.5,-8.6,1.5));
#8318=CARTESIAN_POINT('Origin',(14.5,-8.6,1.5));
#8319=CARTESIAN_POINT('',(4.5,-8.6,1.5));
#8320=CARTESIAN_POINT('',(4.5,-8.6,1.5));
#8321=CARTESIAN_POINT('',(6.,-8.6,1.5));
#8322=CARTESIAN_POINT('',(14.5,-8.6,1.5));
#8323=CARTESIAN_POINT('',(6.,-8.6,1.5));
#8324=CARTESIAN_POINT('Origin',(14.5,-8.6,1.5));
#8325=CARTESIAN_POINT('',(1.,-8.6,1.5));
#8326=CARTESIAN_POINT('',(1.,-8.6,1.5));
#8327=CARTESIAN_POINT('',(2.5,-8.6,1.5));
#8328=CARTESIAN_POINT('',(14.5,-8.6,1.5));
#8329=CARTESIAN_POINT('',(2.5,-8.6,1.5));
#8330=CARTESIAN_POINT('Origin',(14.5,-8.6,1.5));
#8331=CARTESIAN_POINT('',(-2.5,-8.6,1.5));
#8332=CARTESIAN_POINT('',(-2.5,-8.6,1.5));
#8333=CARTESIAN_POINT('',(-1.,-8.6,1.5));
#8334=CARTESIAN_POINT('',(14.5,-8.6,1.5));
#8335=CARTESIAN_POINT('',(-1.,-8.6,1.5));
#8336=CARTESIAN_POINT('Origin',(14.5,-8.6,1.5));
#8337=CARTESIAN_POINT('',(-6.,-8.6,1.5));
#8338=CARTESIAN_POINT('',(-6.,-8.6,1.5));
#8339=CARTESIAN_POINT('',(-4.5,-8.6,1.5));
#8340=CARTESIAN_POINT('',(14.5,-8.6,1.5));
#8341=CARTESIAN_POINT('',(-4.5,-8.6,1.5));
#8342=CARTESIAN_POINT('Origin',(14.5,-8.6,1.5));
#8343=CARTESIAN_POINT('',(-9.5,-8.6,1.5));
#8344=CARTESIAN_POINT('',(-9.5,-8.6,1.5));
#8345=CARTESIAN_POINT('',(-8.,-8.6,1.5));
#8346=CARTESIAN_POINT('',(14.5,-8.6,1.5));
#8347=CARTESIAN_POINT('',(-8.,-8.6,1.5));
#8348=CARTESIAN_POINT('Origin',(14.5,-8.6,1.5));
#8349=CARTESIAN_POINT('',(-14.,-8.6,1.5));
#8350=CARTESIAN_POINT('',(-14.,-8.6,0.75));
#8351=CARTESIAN_POINT('',(-11.5,-8.6,1.5));
#8352=CARTESIAN_POINT('',(14.5,-8.6,1.5));
#8353=CARTESIAN_POINT('',(-11.5,-8.6,1.5));
#8354=CARTESIAN_POINT('Origin',(-14.5,-9.4,1.5));
#8355=CARTESIAN_POINT('',(-14.,-9.4,1.5));
#8356=CARTESIAN_POINT('',(-14.,-9.4,0.75));
#8357=CARTESIAN_POINT('',(-11.5,-9.4,1.5));
#8358=CARTESIAN_POINT('',(-11.5,-9.4,1.5));
#8359=CARTESIAN_POINT('',(-14.5,-9.4,1.5));
#8360=CARTESIAN_POINT('Origin',(-14.5,8.6,1.5));
#8361=CARTESIAN_POINT('',(14.,8.6,1.5));
#8362=CARTESIAN_POINT('',(14.,8.6,0.75));
#8363=CARTESIAN_POINT('',(11.5,8.6,1.5));
#8364=CARTESIAN_POINT('',(-14.5,8.6,1.5));
#8365=CARTESIAN_POINT('',(11.5,8.6,1.5));
#8366=CARTESIAN_POINT('Origin',(-14.5,8.6,1.5));
#8367=CARTESIAN_POINT('',(8.,8.6,1.5));
#8368=CARTESIAN_POINT('',(8.,8.6,1.5));
#8369=CARTESIAN_POINT('',(9.49999999999999,8.6,1.5));
#8370=CARTESIAN_POINT('',(9.5,8.6,1.5));
#8371=CARTESIAN_POINT('',(-14.5,8.6,1.5));
#8372=CARTESIAN_POINT('Origin',(-14.5,8.6,1.5));
#8373=CARTESIAN_POINT('',(4.5,8.6,1.5));
#8374=CARTESIAN_POINT('',(4.5,8.6,1.5));
#8375=CARTESIAN_POINT('',(6.,8.6,1.5));
#8376=CARTESIAN_POINT('',(6.,8.6,1.5));
#8377=CARTESIAN_POINT('',(-14.5,8.6,1.5));
#8378=CARTESIAN_POINT('Origin',(-14.5,8.6,1.5));
#8379=CARTESIAN_POINT('',(1.,8.6,1.5));
#8380=CARTESIAN_POINT('',(1.,8.6,1.5));
#8381=CARTESIAN_POINT('',(2.5,8.6,1.5));
#8382=CARTESIAN_POINT('',(2.5,8.6,1.5));
#8383=CARTESIAN_POINT('',(-14.5,8.6,1.5));
#8384=CARTESIAN_POINT('Origin',(-14.5,8.6,1.5));
#8385=CARTESIAN_POINT('',(-2.5,8.6,1.5));
#8386=CARTESIAN_POINT('',(-2.5,8.6,1.5));
#8387=CARTESIAN_POINT('',(-1.,8.6,1.5));
#8388=CARTESIAN_POINT('',(-1.,8.6,1.5));
#8389=CARTESIAN_POINT('',(-14.5,8.6,1.5));
#8390=CARTESIAN_POINT('Origin',(-14.5,8.6,1.5));
#8391=CARTESIAN_POINT('',(-6.,8.6,1.5));
#8392=CARTESIAN_POINT('',(-6.,8.6,1.5));
#8393=CARTESIAN_POINT('',(-4.5,8.6,1.5));
#8394=CARTESIAN_POINT('',(-4.5,8.6,1.5));
#8395=CARTESIAN_POINT('',(-14.5,8.6,1.5));
#8396=CARTESIAN_POINT('Origin',(-14.5,8.6,1.5));
#8397=CARTESIAN_POINT('',(-9.5,8.6,1.5));
#8398=CARTESIAN_POINT('',(-9.5,8.6,1.5));
#8399=CARTESIAN_POINT('',(-8.,8.6,1.5));
#8400=CARTESIAN_POINT('',(-8.,8.6,1.5));
#8401=CARTESIAN_POINT('',(-14.5,8.6,1.5));
#8402=CARTESIAN_POINT('Origin',(14.5,9.4,1.5));
#8403=CARTESIAN_POINT('',(8.,9.4,1.5));
#8404=CARTESIAN_POINT('',(8.,9.4,1.5));
#8405=CARTESIAN_POINT('',(9.5,9.4,1.5));
#8406=CARTESIAN_POINT('',(14.5,9.4,1.5));
#8407=CARTESIAN_POINT('',(9.5,9.4,1.5));
#8408=CARTESIAN_POINT('Origin',(14.5,9.4,1.5));
#8409=CARTESIAN_POINT('',(14.,9.4,1.5));
#8410=CARTESIAN_POINT('',(14.,9.4,0.75));
#8411=CARTESIAN_POINT('',(11.5,9.4,1.5));
#8412=CARTESIAN_POINT('',(11.5,9.4,1.5));
#8413=CARTESIAN_POINT('',(14.5,9.4,1.5));
#8414=CARTESIAN_POINT('Origin',(14.5,9.4,1.5));
#8415=CARTESIAN_POINT('',(4.5,9.4,1.5));
#8416=CARTESIAN_POINT('',(4.5,9.4,1.5));
#8417=CARTESIAN_POINT('',(6.,9.4,1.5));
#8418=CARTESIAN_POINT('',(14.5,9.4,1.5));
#8419=CARTESIAN_POINT('',(6.,9.4,1.5));
#8420=CARTESIAN_POINT('Origin',(14.5,9.4,1.5));
#8421=CARTESIAN_POINT('',(1.,9.4,1.5));
#8422=CARTESIAN_POINT('',(1.,9.4,1.5));
#8423=CARTESIAN_POINT('',(2.5,9.4,1.5));
#8424=CARTESIAN_POINT('',(14.5,9.4,1.5));
#8425=CARTESIAN_POINT('',(2.5,9.4,1.5));
#8426=CARTESIAN_POINT('Origin',(14.5,9.4,1.5));
#8427=CARTESIAN_POINT('',(-2.5,9.4,1.5));
#8428=CARTESIAN_POINT('',(-2.5,9.4,1.5));
#8429=CARTESIAN_POINT('',(-1.,9.4,1.5));
#8430=CARTESIAN_POINT('',(14.5,9.4,1.5));
#8431=CARTESIAN_POINT('',(-1.,9.4,1.5));
#8432=CARTESIAN_POINT('Origin',(14.5,9.4,1.5));
#8433=CARTESIAN_POINT('',(-6.,9.4,1.5));
#8434=CARTESIAN_POINT('',(-6.,9.4,1.5));
#8435=CARTESIAN_POINT('',(-4.5,9.4,1.5));
#8436=CARTESIAN_POINT('',(14.5,9.4,1.5));
#8437=CARTESIAN_POINT('',(-4.5,9.4,1.5));
#8438=CARTESIAN_POINT('Origin',(14.5,9.4,1.5));
#8439=CARTESIAN_POINT('',(-9.5,9.4,1.5));
#8440=CARTESIAN_POINT('',(-9.5,9.4,1.5));
#8441=CARTESIAN_POINT('',(-8.,9.4,1.5));
#8442=CARTESIAN_POINT('',(14.5,9.4,1.5));
#8443=CARTESIAN_POINT('',(-8.,9.4,1.5));
#8444=CARTESIAN_POINT('Origin',(14.5,9.4,1.5));
#8445=CARTESIAN_POINT('',(-14.,9.4,1.5));
#8446=CARTESIAN_POINT('',(-14.,9.4,0.75));
#8447=CARTESIAN_POINT('',(-11.5,9.4,1.5));
#8448=CARTESIAN_POINT('',(14.5,9.4,1.5));
#8449=CARTESIAN_POINT('',(-11.5,9.4,1.5));
#8450=CARTESIAN_POINT('Origin',(-14.5,8.6,1.5));
#8451=CARTESIAN_POINT('',(-14.,8.6,1.5));
#8452=CARTESIAN_POINT('',(-14.,8.6,0.75));
#8453=CARTESIAN_POINT('',(-11.5,8.6,1.5));
#8454=CARTESIAN_POINT('',(-11.5,8.6,1.5));
#8455=CARTESIAN_POINT('',(-14.5,8.6,1.5));
#8456=CARTESIAN_POINT('Origin',(-14.,14.,0.));
#8457=CARTESIAN_POINT('',(-14.,7.,1.5));
#8458=CARTESIAN_POINT('',(-14.,7.,1.5));
#8459=CARTESIAN_POINT('',(-14.,14.,0.));
#8460=CARTESIAN_POINT('',(-14.,14.,0.));
#8461=CARTESIAN_POINT('',(-14.,-14.,0.));
#8462=CARTESIAN_POINT('',(-14.,14.,0.));
#8463=CARTESIAN_POINT('',(-14.,-14.,0.));
#8464=CARTESIAN_POINT('',(-14.,7.,1.5));
#8465=CARTESIAN_POINT('',(-14.,7.,1.5));
#8466=CARTESIAN_POINT('',(-14.,7.,1.5));
#8467=CARTESIAN_POINT('Origin',(-11.5,14.5,1.5));
#8468=CARTESIAN_POINT('',(-11.5,14.,1.5));
#8469=CARTESIAN_POINT('',(-11.5,14.5,1.5));
#8470=CARTESIAN_POINT('',(-11.5,14.,0.75));
#8471=CARTESIAN_POINT('Origin',(-11.5,14.5,1.5));
#8472=CARTESIAN_POINT('',(-11.5,14.5,1.5));
#8473=CARTESIAN_POINT('Origin',(-11.5,14.5,1.5));
#8474=CARTESIAN_POINT('',(-11.5,-14.,1.5));
#8475=CARTESIAN_POINT('',(-11.5,-14.,0.75));
#8476=CARTESIAN_POINT('',(-11.5,14.5,1.5));
#8477=CARTESIAN_POINT('Origin',(-11.5,14.5,1.5));
#8478=CARTESIAN_POINT('',(-11.5,14.5,1.5));
#8479=CARTESIAN_POINT('Origin',(-11.5,14.5,1.5));
#8480=CARTESIAN_POINT('',(-11.5,14.5,1.5));
#8481=CARTESIAN_POINT('Origin',(0.,0.,1.5));
#8482=CARTESIAN_POINT('',(-8.,-14.,1.5));
#8483=CARTESIAN_POINT('',(-8.,14.5,1.5));
#8484=CARTESIAN_POINT('',(-6.,-14.,1.5));
#8485=CARTESIAN_POINT('',(-7.,-14.,1.5));
#8486=CARTESIAN_POINT('',(-6.,-14.5,1.5));
#8487=CARTESIAN_POINT('',(-4.5,-14.,1.5));
#8488=CARTESIAN_POINT('',(-4.5,14.5,1.5));
#8489=CARTESIAN_POINT('',(-2.5,-14.,1.5));
#8490=CARTESIAN_POINT('',(-7.,-14.,1.5));
#8491=CARTESIAN_POINT('',(-2.5,-14.5,1.5));
#8492=CARTESIAN_POINT('',(-1.,-14.,1.5));
#8493=CARTESIAN_POINT('',(-1.,14.5,1.5));
#8494=CARTESIAN_POINT('',(1.,-14.,1.5));
#8495=CARTESIAN_POINT('',(-7.,-14.,1.5));
#8496=CARTESIAN_POINT('',(1.,-14.5,1.5));
#8497=CARTESIAN_POINT('',(2.5,-14.,1.5));
#8498=CARTESIAN_POINT('',(2.5,14.5,1.5));
#8499=CARTESIAN_POINT('',(4.5,-14.,1.5));
#8500=CARTESIAN_POINT('',(-7.,-14.,1.5));
#8501=CARTESIAN_POINT('',(4.5,-14.5,1.5));
#8502=CARTESIAN_POINT('',(6.,-14.,1.5));
#8503=CARTESIAN_POINT('',(6.,14.5,1.5));
#8504=CARTESIAN_POINT('',(8.,-14.,1.5));
#8505=CARTESIAN_POINT('',(-7.,-14.,1.5));
#8506=CARTESIAN_POINT('',(8.,-14.5,1.5));
#8507=CARTESIAN_POINT('',(9.5,-14.,1.5));
#8508=CARTESIAN_POINT('',(9.5,14.5,1.5));
#8509=CARTESIAN_POINT('',(11.5,-14.,1.5));
#8510=CARTESIAN_POINT('',(-7.,-14.,1.5));
#8511=CARTESIAN_POINT('',(11.5,-14.5,1.5));
#8512=CARTESIAN_POINT('',(14.,-7.,1.5));
#8513=CARTESIAN_POINT('',(11.5,-14.5,1.5));
#8514=CARTESIAN_POINT('',(14.,-7.,1.5));
#8515=CARTESIAN_POINT('',(11.5,-14.5,1.5));
#8516=CARTESIAN_POINT('',(14.,-7.,1.5));
#8517=CARTESIAN_POINT('',(11.5,-14.5,1.5));
#8518=CARTESIAN_POINT('',(14.,-7.,1.5));
#8519=CARTESIAN_POINT('',(11.5,-14.5,1.5));
#8520=CARTESIAN_POINT('',(14.,-7.,1.5));
#8521=CARTESIAN_POINT('',(11.5,14.,1.5));
#8522=CARTESIAN_POINT('',(11.5,-14.5,1.5));
#8523=CARTESIAN_POINT('',(9.5,14.,1.5));
#8524=CARTESIAN_POINT('',(7.,14.,1.5));
#8525=CARTESIAN_POINT('',(9.5,14.5,1.5));
#8526=CARTESIAN_POINT('',(8.,14.,1.5));
#8527=CARTESIAN_POINT('',(8.,-14.5,1.5));
#8528=CARTESIAN_POINT('',(6.,14.,1.5));
#8529=CARTESIAN_POINT('',(7.,14.,1.5));
#8530=CARTESIAN_POINT('',(6.,14.5,1.5));
#8531=CARTESIAN_POINT('',(4.5,14.,1.5));
#8532=CARTESIAN_POINT('',(4.5,-14.5,1.5));
#8533=CARTESIAN_POINT('',(2.5,14.,1.5));
#8534=CARTESIAN_POINT('',(7.,14.,1.5));
#8535=CARTESIAN_POINT('',(2.5,14.5,1.5));
#8536=CARTESIAN_POINT('',(1.,14.,1.5));
#8537=CARTESIAN_POINT('',(1.,-14.5,1.5));
#8538=CARTESIAN_POINT('',(-1.,14.,1.5));
#8539=CARTESIAN_POINT('',(7.,14.,1.5));
#8540=CARTESIAN_POINT('',(-1.,14.5,1.5));
#8541=CARTESIAN_POINT('',(-2.5,14.,1.5));
#8542=CARTESIAN_POINT('',(-2.5,-14.5,1.5));
#8543=CARTESIAN_POINT('',(-4.5,14.,1.5));
#8544=CARTESIAN_POINT('',(7.,14.,1.5));
#8545=CARTESIAN_POINT('',(-4.5,14.5,1.5));
#8546=CARTESIAN_POINT('',(-6.,14.,1.5));
#8547=CARTESIAN_POINT('',(-6.,-14.5,1.5));
#8548=CARTESIAN_POINT('',(-8.,14.,1.5));
#8549=CARTESIAN_POINT('',(7.,14.,1.5));
#8550=CARTESIAN_POINT('',(-8.,14.5,1.5));
#8551=CARTESIAN_POINT('',(-9.5,14.,1.5));
#8552=CARTESIAN_POINT('',(-9.5,-14.5,1.5));
#8553=CARTESIAN_POINT('',(7.,14.,1.5));
#8554=CARTESIAN_POINT('',(-11.5,14.5,1.5));
#8555=CARTESIAN_POINT('',(-9.5,-14.,1.5));
#8556=CARTESIAN_POINT('',(-7.,-14.,1.5));
#8557=CARTESIAN_POINT('',(-9.5,-14.5,1.5));
#8558=CARTESIAN_POINT('',(-9.5,-14.5,1.5));
#8559=CARTESIAN_POINT('',(-8.,14.5,1.5));
#8560=CARTESIAN_POINT('',(-6.,-14.5,1.5));
#8561=CARTESIAN_POINT('',(-4.5,14.5,1.5));
#8562=CARTESIAN_POINT('',(-2.5,-14.5,1.5));
#8563=CARTESIAN_POINT('',(-1.,14.5,1.5));
#8564=CARTESIAN_POINT('',(1.,-14.5,1.5));
#8565=CARTESIAN_POINT('',(2.5,14.5,1.5));
#8566=CARTESIAN_POINT('',(4.5,-14.5,1.5));
#8567=CARTESIAN_POINT('',(6.,14.5,1.5));
#8568=CARTESIAN_POINT('',(8.,-14.5,1.5));
#8569=CARTESIAN_POINT('',(9.5,14.5,1.5));
#8570=CARTESIAN_POINT('',(-8.,14.5,1.5));
#8571=CARTESIAN_POINT('',(-9.5,-14.5,1.5));
#8572=CARTESIAN_POINT('',(-4.5,14.5,1.5));
#8573=CARTESIAN_POINT('',(-6.,-14.5,1.5));
#8574=CARTESIAN_POINT('',(-1.,14.5,1.5));
#8575=CARTESIAN_POINT('',(-2.5,-14.5,1.5));
#8576=CARTESIAN_POINT('',(2.5,14.5,1.5));
#8577=CARTESIAN_POINT('',(1.,-14.5,1.5));
#8578=CARTESIAN_POINT('',(6.,14.5,1.5));
#8579=CARTESIAN_POINT('',(4.5,-14.5,1.5));
#8580=CARTESIAN_POINT('',(9.5,14.5,1.5));
#8581=CARTESIAN_POINT('',(8.,-14.5,1.5));
#8582=CARTESIAN_POINT('',(-8.,14.5,1.5));
#8583=CARTESIAN_POINT('',(-9.5,-14.5,1.5));
#8584=CARTESIAN_POINT('',(-4.5,14.5,1.5));
#8585=CARTESIAN_POINT('',(-6.,-14.5,1.5));
#8586=CARTESIAN_POINT('',(-1.,14.5,1.5));
#8587=CARTESIAN_POINT('',(-2.5,-14.5,1.5));
#8588=CARTESIAN_POINT('',(2.5,14.5,1.5));
#8589=CARTESIAN_POINT('',(1.,-14.5,1.5));
#8590=CARTESIAN_POINT('',(6.,14.5,1.5));
#8591=CARTESIAN_POINT('',(4.5,-14.5,1.5));
#8592=CARTESIAN_POINT('',(9.5,14.5,1.5));
#8593=CARTESIAN_POINT('',(8.,-14.5,1.5));
#8594=CARTESIAN_POINT('',(-8.,14.5,1.5));
#8595=CARTESIAN_POINT('',(-9.5,-14.5,1.5));
#8596=CARTESIAN_POINT('',(-4.5,14.5,1.5));
#8597=CARTESIAN_POINT('',(-6.,-14.5,1.5));
#8598=CARTESIAN_POINT('',(-1.,14.5,1.5));
#8599=CARTESIAN_POINT('',(-2.5,-14.5,1.5));
#8600=CARTESIAN_POINT('',(2.5,14.5,1.5));
#8601=CARTESIAN_POINT('',(1.,-14.5,1.5));
#8602=CARTESIAN_POINT('',(6.,14.5,1.5));
#8603=CARTESIAN_POINT('',(4.5,-14.5,1.5));
#8604=CARTESIAN_POINT('',(9.5,14.5,1.5));
#8605=CARTESIAN_POINT('',(8.,-14.5,1.5));
#8606=CARTESIAN_POINT('Origin',(-9.5,-14.5,1.5));
#8607=CARTESIAN_POINT('',(-9.5,14.,0.75));
#8608=CARTESIAN_POINT('Origin',(-9.5,-14.5,1.5));
#8609=CARTESIAN_POINT('Origin',(-9.5,-14.5,1.5));
#8610=CARTESIAN_POINT('',(-9.5,-14.,0.75));
#8611=CARTESIAN_POINT('Origin',(-9.5,-14.5,1.5));
#8612=CARTESIAN_POINT('Origin',(-9.5,-14.5,1.5));
#8613=CARTESIAN_POINT('Origin',(-8.,14.5,1.5));
#8614=CARTESIAN_POINT('',(-8.,14.,0.75));
#8615=CARTESIAN_POINT('Origin',(-8.,14.5,1.5));
#8616=CARTESIAN_POINT('Origin',(-8.,14.5,1.5));
#8617=CARTESIAN_POINT('',(-8.,-14.,0.75));
#8618=CARTESIAN_POINT('Origin',(-8.,14.5,1.5));
#8619=CARTESIAN_POINT('Origin',(-8.,14.5,1.5));
#8620=CARTESIAN_POINT('Origin',(-6.,-14.5,1.5));
#8621=CARTESIAN_POINT('',(-6.,14.,0.75));
#8622=CARTESIAN_POINT('Origin',(-6.,-14.5,1.5));
#8623=CARTESIAN_POINT('Origin',(-6.,-14.5,1.5));
#8624=CARTESIAN_POINT('',(-6.,-14.,0.75));
#8625=CARTESIAN_POINT('Origin',(-6.,-14.5,1.5));
#8626=CARTESIAN_POINT('Origin',(-6.,-14.5,1.5));
#8627=CARTESIAN_POINT('Origin',(-4.5,14.5,1.5));
#8628=CARTESIAN_POINT('',(-4.5,14.,0.75));
#8629=CARTESIAN_POINT('Origin',(-4.5,14.5,1.5));
#8630=CARTESIAN_POINT('Origin',(-4.5,14.5,1.5));
#8631=CARTESIAN_POINT('',(-4.5,-14.,0.75));
#8632=CARTESIAN_POINT('Origin',(-4.5,14.5,1.5));
#8633=CARTESIAN_POINT('Origin',(-4.5,14.5,1.5));
#8634=CARTESIAN_POINT('Origin',(-2.5,-14.5,1.5));
#8635=CARTESIAN_POINT('',(-2.5,14.,0.75));
#8636=CARTESIAN_POINT('Origin',(-2.5,-14.5,1.5));
#8637=CARTESIAN_POINT('Origin',(-2.5,-14.5,1.5));
#8638=CARTESIAN_POINT('',(-2.5,-14.,0.75));
#8639=CARTESIAN_POINT('Origin',(-2.5,-14.5,1.5));
#8640=CARTESIAN_POINT('Origin',(-2.5,-14.5,1.5));
#8641=CARTESIAN_POINT('Origin',(-1.,14.5,1.5));
#8642=CARTESIAN_POINT('',(-1.,14.,0.75));
#8643=CARTESIAN_POINT('Origin',(-1.,14.5,1.5));
#8644=CARTESIAN_POINT('Origin',(-1.,14.5,1.5));
#8645=CARTESIAN_POINT('',(-1.,-14.,0.75));
#8646=CARTESIAN_POINT('Origin',(-1.,14.5,1.5));
#8647=CARTESIAN_POINT('Origin',(-1.,14.5,1.5));
#8648=CARTESIAN_POINT('Origin',(1.,-14.5,1.5));
#8649=CARTESIAN_POINT('',(1.,14.,0.75));
#8650=CARTESIAN_POINT('Origin',(1.,-14.5,1.5));
#8651=CARTESIAN_POINT('Origin',(1.,-14.5,1.5));
#8652=CARTESIAN_POINT('',(1.,-14.,0.75));
#8653=CARTESIAN_POINT('Origin',(1.,-14.5,1.5));
#8654=CARTESIAN_POINT('Origin',(1.,-14.5,1.5));
#8655=CARTESIAN_POINT('Origin',(2.5,14.5,1.5));
#8656=CARTESIAN_POINT('',(2.5,14.,0.75));
#8657=CARTESIAN_POINT('Origin',(2.5,14.5,1.5));
#8658=CARTESIAN_POINT('Origin',(2.5,14.5,1.5));
#8659=CARTESIAN_POINT('',(2.5,-14.,0.75));
#8660=CARTESIAN_POINT('Origin',(2.5,14.5,1.5));
#8661=CARTESIAN_POINT('Origin',(2.5,14.5,1.5));
#8662=CARTESIAN_POINT('Origin',(4.5,-14.5,1.5));
#8663=CARTESIAN_POINT('',(4.5,14.,0.75));
#8664=CARTESIAN_POINT('Origin',(4.5,-14.5,1.5));
#8665=CARTESIAN_POINT('Origin',(4.5,-14.5,1.5));
#8666=CARTESIAN_POINT('',(4.5,-14.,0.75));
#8667=CARTESIAN_POINT('Origin',(4.5,-14.5,1.5));
#8668=CARTESIAN_POINT('Origin',(4.5,-14.5,1.5));
#8669=CARTESIAN_POINT('Origin',(6.,14.5,1.5));
#8670=CARTESIAN_POINT('',(6.,14.,0.75));
#8671=CARTESIAN_POINT('Origin',(6.,14.5,1.5));
#8672=CARTESIAN_POINT('Origin',(6.,14.5,1.5));
#8673=CARTESIAN_POINT('',(6.,-14.,0.75));
#8674=CARTESIAN_POINT('Origin',(6.,14.5,1.5));
#8675=CARTESIAN_POINT('Origin',(6.,14.5,1.5));
#8676=CARTESIAN_POINT('Origin',(8.,-14.5,1.5));
#8677=CARTESIAN_POINT('',(8.,14.,0.75));
#8678=CARTESIAN_POINT('Origin',(8.,-14.5,1.5));
#8679=CARTESIAN_POINT('Origin',(8.,-14.5,1.5));
#8680=CARTESIAN_POINT('',(8.,-14.,0.75));
#8681=CARTESIAN_POINT('Origin',(8.,-14.5,1.5));
#8682=CARTESIAN_POINT('Origin',(8.,-14.5,1.5));
#8683=CARTESIAN_POINT('Origin',(9.5,14.5,1.5));
#8684=CARTESIAN_POINT('',(9.5,14.,0.75));
#8685=CARTESIAN_POINT('Origin',(9.5,14.5,1.5));
#8686=CARTESIAN_POINT('Origin',(9.5,14.5,1.5));
#8687=CARTESIAN_POINT('',(9.5,-14.,0.75));
#8688=CARTESIAN_POINT('Origin',(9.5,14.5,1.5));
#8689=CARTESIAN_POINT('Origin',(9.5,14.5,1.5));
#8690=CARTESIAN_POINT('Origin',(11.5,-14.5,1.5));
#8691=CARTESIAN_POINT('',(11.5,14.,0.75));
#8692=CARTESIAN_POINT('Origin',(11.5,-14.5,1.5));
#8693=CARTESIAN_POINT('',(11.5,-14.,0.75));
#8694=CARTESIAN_POINT('Origin',(11.5,-14.5,1.5));
#8695=CARTESIAN_POINT('Origin',(11.5,-14.5,1.5));
#8696=CARTESIAN_POINT('Origin',(11.5,-14.5,1.5));
#8697=CARTESIAN_POINT('Origin',(6.,14.5,1.5));
#8698=CARTESIAN_POINT('Origin',(8.,-14.5,1.5));
#8699=CARTESIAN_POINT('Origin',(-11.5,14.5,1.5));
#8700=CARTESIAN_POINT('Origin',(-9.5,-14.5,1.5));
#8701=CARTESIAN_POINT('Origin',(-4.5,14.5,1.5));
#8702=CARTESIAN_POINT('Origin',(-2.5,-14.5,1.5));
#8703=CARTESIAN_POINT('Origin',(-8.,14.5,1.5));
#8704=CARTESIAN_POINT('Origin',(-6.,-14.5,1.5));
#8705=CARTESIAN_POINT('Origin',(-1.,14.5,1.5));
#8706=CARTESIAN_POINT('Origin',(1.,-14.5,1.5));
#8707=CARTESIAN_POINT('Origin',(2.5,14.5,1.5));
#8708=CARTESIAN_POINT('Origin',(4.5,-14.5,1.5));
#8709=CARTESIAN_POINT('Origin',(9.5,14.5,1.5));
#8710=CARTESIAN_POINT('Origin',(11.5,-14.5,1.5));
#8711=CARTESIAN_POINT('Origin',(14.,14.,0.));
#8712=CARTESIAN_POINT('',(14.,14.,0.));
#8713=CARTESIAN_POINT('',(14.,14.,0.));
#8714=CARTESIAN_POINT('',(14.,14.,0.));
#8715=CARTESIAN_POINT('Origin',(-14.,-14.,0.));
#8716=CARTESIAN_POINT('',(14.,-14.,0.));
#8717=CARTESIAN_POINT('',(-14.,-14.,0.));
#8718=CARTESIAN_POINT('',(14.,-14.,0.));
#8719=CARTESIAN_POINT('Origin',(14.,-14.,0.));
#8720=CARTESIAN_POINT('',(14.,-14.,0.));
#8721=CARTESIAN_POINT('Origin',(0.,0.,0.));
#8722=UNCERTAINTY_MEASURE_WITH_UNIT(LENGTH_MEASURE(0.01),#8726,
'DISTANCE_ACCURACY_VALUE',
'Maximum model space distance between geometric entities at asserted c
onnectivities');
#8723=UNCERTAINTY_MEASURE_WITH_UNIT(LENGTH_MEASURE(0.01),#8726,
'DISTANCE_ACCURACY_VALUE',
'Maximum model space distance between geometric entities at asserted c
onnectivities');
#8724=(
GEOMETRIC_REPRESENTATION_CONTEXT(3)
GLOBAL_UNCERTAINTY_ASSIGNED_CONTEXT((#8722))
GLOBAL_UNIT_ASSIGNED_CONTEXT((#8726,#8728,#8729))
REPRESENTATION_CONTEXT('','3D')
);
#8725=(
GEOMETRIC_REPRESENTATION_CONTEXT(3)
GLOBAL_UNCERTAINTY_ASSIGNED_CONTEXT((#8723))
GLOBAL_UNIT_ASSIGNED_CONTEXT((#8726,#8728,#8729))
REPRESENTATION_CONTEXT('','3D')
);
#8726=(
LENGTH_UNIT()
NAMED_UNIT(*)
SI_UNIT(.MILLI.,.METRE.)
);
#8727=(
LENGTH_UNIT()
NAMED_UNIT(*)
SI_UNIT($,.METRE.)
);
#8728=(
NAMED_UNIT(*)
PLANE_ANGLE_UNIT()
SI_UNIT($,.RADIAN.)
);
#8729=(
NAMED_UNIT(*)
SI_UNIT($,.STERADIAN.)
SOLID_ANGLE_UNIT()
);
#8730=SHAPE_DEFINITION_REPRESENTATION(#8731,#8732);
#8731=PRODUCT_DEFINITION_SHAPE('',$,#8734);
#8732=SHAPE_REPRESENTATION('',(#5478),#8724);
#8733=PRODUCT_DEFINITION_CONTEXT('part definition',#8738,'design');
#8734=PRODUCT_DEFINITION('(Unsaved)','(Unsaved)',#8735,#8733);
#8735=PRODUCT_DEFINITION_FORMATION('',$,#8740);
#8736=PRODUCT_RELATED_PRODUCT_CATEGORY('(Unsaved)','(Unsaved)',(#8740));
#8737=APPLICATION_PROTOCOL_DEFINITION('international standard',
'automotive_design',2009,#8738);
#8738=APPLICATION_CONTEXT(
'Core Data for Automotive Mechanical Design Process');
#8739=PRODUCT_CONTEXT('part definition',#8738,'mechanical');
#8740=PRODUCT('(Unsaved)','(Unsaved)',$,(#8739));
#8741=PRESENTATION_STYLE_ASSIGNMENT((#8744));
#8742=PRESENTATION_STYLE_ASSIGNMENT((#8745));
#8743=PRESENTATION_STYLE_ASSIGNMENT((#8746));
#8744=SURFACE_STYLE_USAGE(.BOTH.,#8747);
#8745=SURFACE_STYLE_USAGE(.BOTH.,#8748);
#8746=SURFACE_STYLE_USAGE(.BOTH.,#8749);
#8747=SURFACE_SIDE_STYLE('',(#8750));
#8748=SURFACE_SIDE_STYLE('',(#8751));
#8749=SURFACE_SIDE_STYLE('',(#8752));
#8750=SURFACE_STYLE_FILL_AREA(#8753);
#8751=SURFACE_STYLE_FILL_AREA(#8754);
#8752=SURFACE_STYLE_FILL_AREA(#8755);
#8753=FILL_AREA_STYLE('Steel - Satin',(#8756));
#8754=FILL_AREA_STYLE('Steel - Satin',(#8757));
#8755=FILL_AREA_STYLE('Steel - Satin (1)',(#8758));
#8756=FILL_AREA_STYLE_COLOUR('Steel - Satin',#8759);
#8757=FILL_AREA_STYLE_COLOUR('Steel - Satin',#8760);
#8758=FILL_AREA_STYLE_COLOUR('Steel - Satin (1)',#8761);
#8759=COLOUR_RGB('Steel - Satin',0.627450980392157,0.627450980392157,0.627450980392157);
#8760=COLOUR_RGB('Steel - Satin',0.,0.,0.);
#8761=COLOUR_RGB('Steel - Satin (1)',0.0980392156862745,0.364705882352941,
0.6);
ENDSEC;
END-ISO-10303-21;
