ISO-10303-21;
HEADER;
/* Generated by software containing ST-Developer
 * from STEP Tools, Inc. (www.steptools.com) 
 */

FILE_DESCRIPTION(
/* description */ (''),
/* implementation_level */ '2;1');

FILE_NAME(
/* name */ 'M8800DS2_3D.step.step',
/* time_stamp */ '2026-08-30T07:31:20-06:00',
/* author */ (''),
/* organization */ (''),
/* preprocessor_version */ 'ST-DEVELOPER v20.1',
/* originating_system */ 'Autodesk Translation Framework v15.8.0.0',
/* authorisation */ '');

FILE_SCHEMA (('AUTOMOTIVE_DESIGN { 1 0 10303 214 3 1 1 }'));
ENDSEC;

DATA;
#10=MECHANICAL_DESIGN_GEOMETRIC_PRESENTATION_REPRESENTATION('',(#14,#15),
#3371);
#11=SHAPE_REPRESENTATION_RELATIONSHIP('SRR','None',#3378,#12);
#12=ADVANCED_BREP_SHAPE_REPRESENTATION('',(#16,#17),#3370);
#13=FACE_BOUND('',#278,.T.);
#14=STYLED_ITEM('',(#3388),#16);
#15=STYLED_ITEM('',(#3389),#17);
#16=MANIFOLD_SOLID_BREP('Substrate',#1986);
#17=MANIFOLD_SOLID_BREP('Shield_Can',#1987);
#18=PLANE('',#2133);
#19=PLANE('',#2134);
#20=PLANE('',#2135);
#21=PLANE('',#2136);
#22=PLANE('',#2137);
#23=PLANE('',#2138);
#24=PLANE('',#2139);
#25=PLANE('',#2140);
#26=PLANE('',#2141);
#27=PLANE('',#2142);
#28=PLANE('',#2143);
#29=PLANE('',#2144);
#30=PLANE('',#2145);
#31=PLANE('',#2146);
#32=PLANE('',#2147);
#33=PLANE('',#2148);
#34=PLANE('',#2149);
#35=PLANE('',#2150);
#36=PLANE('',#2151);
#37=PLANE('',#2152);
#38=PLANE('',#2153);
#39=PLANE('',#2154);
#40=PLANE('',#2155);
#41=PLANE('',#2156);
#42=PLANE('',#2157);
#43=PLANE('',#2158);
#44=PLANE('',#2159);
#45=PLANE('',#2160);
#46=PLANE('',#2161);
#47=PLANE('',#2162);
#48=PLANE('',#2163);
#49=PLANE('',#2164);
#50=PLANE('',#2165);
#51=PLANE('',#2166);
#52=PLANE('',#2167);
#53=PLANE('',#2168);
#54=PLANE('',#2169);
#55=PLANE('',#2170);
#56=PLANE('',#2171);
#57=PLANE('',#2172);
#58=PLANE('',#2173);
#59=PLANE('',#2174);
#60=PLANE('',#2175);
#61=PLANE('',#2176);
#62=PLANE('',#2177);
#63=PLANE('',#2178);
#64=PLANE('',#2179);
#65=PLANE('',#2180);
#66=PLANE('',#2181);
#67=PLANE('',#2182);
#68=PLANE('',#2186);
#69=PLANE('',#2187);
#70=PLANE('',#2188);
#71=PLANE('',#2189);
#72=PLANE('',#2190);
#73=PLANE('',#2191);
#74=PLANE('',#2192);
#75=FACE_OUTER_BOUND('',#177,.T.);
#76=FACE_OUTER_BOUND('',#178,.T.);
#77=FACE_OUTER_BOUND('',#179,.T.);
#78=FACE_OUTER_BOUND('',#180,.T.);
#79=FACE_OUTER_BOUND('',#181,.T.);
#80=FACE_OUTER_BOUND('',#182,.T.);
#81=FACE_OUTER_BOUND('',#183,.T.);
#82=FACE_OUTER_BOUND('',#184,.T.);
#83=FACE_OUTER_BOUND('',#185,.T.);
#84=FACE_OUTER_BOUND('',#186,.T.);
#85=FACE_OUTER_BOUND('',#187,.T.);
#86=FACE_OUTER_BOUND('',#188,.T.);
#87=FACE_OUTER_BOUND('',#189,.T.);
#88=FACE_OUTER_BOUND('',#190,.T.);
#89=FACE_OUTER_BOUND('',#191,.T.);
#90=FACE_OUTER_BOUND('',#192,.T.);
#91=FACE_OUTER_BOUND('',#193,.T.);
#92=FACE_OUTER_BOUND('',#194,.T.);
#93=FACE_OUTER_BOUND('',#195,.T.);
#94=FACE_OUTER_BOUND('',#196,.T.);
#95=FACE_OUTER_BOUND('',#197,.T.);
#96=FACE_OUTER_BOUND('',#198,.T.);
#97=FACE_OUTER_BOUND('',#199,.T.);
#98=FACE_OUTER_BOUND('',#200,.T.);
#99=FACE_OUTER_BOUND('',#201,.T.);
#100=FACE_OUTER_BOUND('',#202,.T.);
#101=FACE_OUTER_BOUND('',#203,.T.);
#102=FACE_OUTER_BOUND('',#204,.T.);
#103=FACE_OUTER_BOUND('',#205,.T.);
#104=FACE_OUTER_BOUND('',#206,.T.);
#105=FACE_OUTER_BOUND('',#207,.T.);
#106=FACE_OUTER_BOUND('',#208,.T.);
#107=FACE_OUTER_BOUND('',#209,.T.);
#108=FACE_OUTER_BOUND('',#210,.T.);
#109=FACE_OUTER_BOUND('',#211,.T.);
#110=FACE_OUTER_BOUND('',#212,.T.);
#111=FACE_OUTER_BOUND('',#213,.T.);
#112=FACE_OUTER_BOUND('',#214,.T.);
#113=FACE_OUTER_BOUND('',#215,.T.);
#114=FACE_OUTER_BOUND('',#216,.T.);
#115=FACE_OUTER_BOUND('',#217,.T.);
#116=FACE_OUTER_BOUND('',#218,.T.);
#117=FACE_OUTER_BOUND('',#219,.T.);
#118=FACE_OUTER_BOUND('',#220,.T.);
#119=FACE_OUTER_BOUND('',#221,.T.);
#120=FACE_OUTER_BOUND('',#222,.T.);
#121=FACE_OUTER_BOUND('',#223,.T.);
#122=FACE_OUTER_BOUND('',#224,.T.);
#123=FACE_OUTER_BOUND('',#225,.T.);
#124=FACE_OUTER_BOUND('',#226,.T.);
#125=FACE_OUTER_BOUND('',#227,.T.);
#126=FACE_OUTER_BOUND('',#228,.T.);
#127=FACE_OUTER_BOUND('',#229,.T.);
#128=FACE_OUTER_BOUND('',#230,.T.);
#129=FACE_OUTER_BOUND('',#231,.T.);
#130=FACE_OUTER_BOUND('',#232,.T.);
#131=FACE_OUTER_BOUND('',#233,.T.);
#132=FACE_OUTER_BOUND('',#234,.T.);
#133=FACE_OUTER_BOUND('',#235,.T.);
#134=FACE_OUTER_BOUND('',#236,.T.);
#135=FACE_OUTER_BOUND('',#237,.T.);
#136=FACE_OUTER_BOUND('',#238,.T.);
#137=FACE_OUTER_BOUND('',#239,.T.);
#138=FACE_OUTER_BOUND('',#240,.T.);
#139=FACE_OUTER_BOUND('',#241,.T.);
#140=FACE_OUTER_BOUND('',#242,.T.);
#141=FACE_OUTER_BOUND('',#243,.T.);
#142=FACE_OUTER_BOUND('',#244,.T.);
#143=FACE_OUTER_BOUND('',#245,.T.);
#144=FACE_OUTER_BOUND('',#246,.T.);
#145=FACE_OUTER_BOUND('',#247,.T.);
#146=FACE_OUTER_BOUND('',#248,.T.);
#147=FACE_OUTER_BOUND('',#249,.T.);
#148=FACE_OUTER_BOUND('',#250,.T.);
#149=FACE_OUTER_BOUND('',#251,.T.);
#150=FACE_OUTER_BOUND('',#252,.T.);
#151=FACE_OUTER_BOUND('',#253,.T.);
#152=FACE_OUTER_BOUND('',#254,.T.);
#153=FACE_OUTER_BOUND('',#255,.T.);
#154=FACE_OUTER_BOUND('',#256,.T.);
#155=FACE_OUTER_BOUND('',#257,.T.);
#156=FACE_OUTER_BOUND('',#258,.T.);
#157=FACE_OUTER_BOUND('',#259,.T.);
#158=FACE_OUTER_BOUND('',#260,.T.);
#159=FACE_OUTER_BOUND('',#261,.T.);
#160=FACE_OUTER_BOUND('',#262,.T.);
#161=FACE_OUTER_BOUND('',#263,.T.);
#162=FACE_OUTER_BOUND('',#264,.T.);
#163=FACE_OUTER_BOUND('',#265,.T.);
#164=FACE_OUTER_BOUND('',#266,.T.);
#165=FACE_OUTER_BOUND('',#267,.T.);
#166=FACE_OUTER_BOUND('',#268,.T.);
#167=FACE_OUTER_BOUND('',#269,.T.);
#168=FACE_OUTER_BOUND('',#270,.T.);
#169=FACE_OUTER_BOUND('',#271,.T.);
#170=FACE_OUTER_BOUND('',#272,.T.);
#171=FACE_OUTER_BOUND('',#273,.T.);
#172=FACE_OUTER_BOUND('',#274,.T.);
#173=FACE_OUTER_BOUND('',#275,.T.);
#174=FACE_OUTER_BOUND('',#276,.T.);
#175=FACE_OUTER_BOUND('',#277,.T.);
#176=FACE_OUTER_BOUND('',#279,.T.);
#177=EDGE_LOOP('',(#1257,#1258,#1259,#1260));
#178=EDGE_LOOP('',(#1261,#1262,#1263,#1264));
#179=EDGE_LOOP('',(#1265,#1266,#1267,#1268));
#180=EDGE_LOOP('',(#1269,#1270,#1271,#1272));
#181=EDGE_LOOP('',(#1273,#1274,#1275,#1276));
#182=EDGE_LOOP('',(#1277,#1278,#1279,#1280));
#183=EDGE_LOOP('',(#1281,#1282,#1283,#1284));
#184=EDGE_LOOP('',(#1285,#1286,#1287,#1288));
#185=EDGE_LOOP('',(#1289,#1290,#1291,#1292));
#186=EDGE_LOOP('',(#1293,#1294,#1295,#1296));
#187=EDGE_LOOP('',(#1297,#1298,#1299,#1300));
#188=EDGE_LOOP('',(#1301,#1302,#1303,#1304));
#189=EDGE_LOOP('',(#1305,#1306,#1307,#1308));
#190=EDGE_LOOP('',(#1309,#1310,#1311,#1312));
#191=EDGE_LOOP('',(#1313,#1314,#1315,#1316));
#192=EDGE_LOOP('',(#1317,#1318,#1319,#1320));
#193=EDGE_LOOP('',(#1321,#1322,#1323,#1324));
#194=EDGE_LOOP('',(#1325,#1326,#1327,#1328));
#195=EDGE_LOOP('',(#1329,#1330,#1331,#1332));
#196=EDGE_LOOP('',(#1333,#1334,#1335,#1336));
#197=EDGE_LOOP('',(#1337,#1338,#1339,#1340));
#198=EDGE_LOOP('',(#1341,#1342,#1343,#1344));
#199=EDGE_LOOP('',(#1345,#1346,#1347,#1348));
#200=EDGE_LOOP('',(#1349,#1350,#1351,#1352));
#201=EDGE_LOOP('',(#1353,#1354,#1355,#1356));
#202=EDGE_LOOP('',(#1357,#1358,#1359,#1360));
#203=EDGE_LOOP('',(#1361,#1362,#1363,#1364));
#204=EDGE_LOOP('',(#1365,#1366,#1367,#1368));
#205=EDGE_LOOP('',(#1369,#1370,#1371,#1372));
#206=EDGE_LOOP('',(#1373,#1374,#1375,#1376));
#207=EDGE_LOOP('',(#1377,#1378,#1379,#1380));
#208=EDGE_LOOP('',(#1381,#1382,#1383,#1384));
#209=EDGE_LOOP('',(#1385,#1386,#1387,#1388));
#210=EDGE_LOOP('',(#1389,#1390,#1391,#1392));
#211=EDGE_LOOP('',(#1393,#1394,#1395,#1396));
#212=EDGE_LOOP('',(#1397,#1398,#1399,#1400));
#213=EDGE_LOOP('',(#1401,#1402,#1403,#1404));
#214=EDGE_LOOP('',(#1405,#1406,#1407,#1408));
#215=EDGE_LOOP('',(#1409,#1410,#1411,#1412));
#216=EDGE_LOOP('',(#1413,#1414,#1415,#1416));
#217=EDGE_LOOP('',(#1417,#1418,#1419,#1420));
#218=EDGE_LOOP('',(#1421,#1422,#1423,#1424));
#219=EDGE_LOOP('',(#1425,#1426,#1427,#1428));
#220=EDGE_LOOP('',(#1429,#1430,#1431,#1432));
#221=EDGE_LOOP('',(#1433,#1434,#1435,#1436));
#222=EDGE_LOOP('',(#1437,#1438,#1439,#1440));
#223=EDGE_LOOP('',(#1441,#1442,#1443,#1444));
#224=EDGE_LOOP('',(#1445,#1446,#1447,#1448));
#225=EDGE_LOOP('',(#1449,#1450,#1451,#1452));
#226=EDGE_LOOP('',(#1453,#1454,#1455,#1456));
#227=EDGE_LOOP('',(#1457,#1458,#1459,#1460));
#228=EDGE_LOOP('',(#1461,#1462,#1463,#1464));
#229=EDGE_LOOP('',(#1465,#1466,#1467,#1468));
#230=EDGE_LOOP('',(#1469,#1470,#1471,#1472));
#231=EDGE_LOOP('',(#1473,#1474,#1475,#1476));
#232=EDGE_LOOP('',(#1477,#1478,#1479,#1480));
#233=EDGE_LOOP('',(#1481,#1482,#1483,#1484));
#234=EDGE_LOOP('',(#1485,#1486,#1487,#1488));
#235=EDGE_LOOP('',(#1489,#1490,#1491,#1492));
#236=EDGE_LOOP('',(#1493,#1494,#1495,#1496));
#237=EDGE_LOOP('',(#1497,#1498,#1499,#1500));
#238=EDGE_LOOP('',(#1501,#1502,#1503,#1504));
#239=EDGE_LOOP('',(#1505,#1506,#1507,#1508));
#240=EDGE_LOOP('',(#1509,#1510,#1511,#1512));
#241=EDGE_LOOP('',(#1513,#1514,#1515,#1516));
#242=EDGE_LOOP('',(#1517,#1518,#1519,#1520));
#243=EDGE_LOOP('',(#1521,#1522,#1523,#1524));
#244=EDGE_LOOP('',(#1525,#1526,#1527,#1528));
#245=EDGE_LOOP('',(#1529,#1530,#1531,#1532));
#246=EDGE_LOOP('',(#1533,#1534,#1535,#1536));
#247=EDGE_LOOP('',(#1537,#1538,#1539,#1540));
#248=EDGE_LOOP('',(#1541,#1542,#1543,#1544));
#249=EDGE_LOOP('',(#1545,#1546,#1547,#1548));
#250=EDGE_LOOP('',(#1549,#1550,#1551,#1552));
#251=EDGE_LOOP('',(#1553,#1554,#1555,#1556));
#252=EDGE_LOOP('',(#1557,#1558,#1559,#1560));
#253=EDGE_LOOP('',(#1561,#1562,#1563,#1564));
#254=EDGE_LOOP('',(#1565,#1566,#1567,#1568));
#255=EDGE_LOOP('',(#1569,#1570,#1571,#1572));
#256=EDGE_LOOP('',(#1573,#1574,#1575,#1576));
#257=EDGE_LOOP('',(#1577,#1578,#1579,#1580,#1581,#1582,#1583,#1584,#1585,
#1586,#1587,#1588,#1589,#1590,#1591,#1592,#1593,#1594,#1595,#1596,#1597,
#1598,#1599,#1600,#1601,#1602,#1603,#1604,#1605,#1606,#1607,#1608,#1609,
#1610,#1611,#1612,#1613,#1614,#1615,#1616,#1617,#1618,#1619,#1620,#1621,
#1622,#1623,#1624,#1625,#1626,#1627,#1628,#1629,#1630,#1631,#1632,#1633,
#1634,#1635,#1636,#1637,#1638,#1639,#1640,#1641,#1642,#1643,#1644,#1645,
#1646,#1647,#1648,#1649,#1650,#1651,#1652,#1653,#1654,#1655,#1656,#1657,
#1658,#1659,#1660,#1661,#1662,#1663,#1664,#1665,#1666,#1667,#1668));
#258=EDGE_LOOP('',(#1669,#1670,#1671,#1672));
#259=EDGE_LOOP('',(#1673,#1674,#1675,#1676));
#260=EDGE_LOOP('',(#1677,#1678,#1679,#1680));
#261=EDGE_LOOP('',(#1681,#1682,#1683,#1684));
#262=EDGE_LOOP('',(#1685,#1686,#1687,#1688));
#263=EDGE_LOOP('',(#1689,#1690,#1691,#1692));
#264=EDGE_LOOP('',(#1693,#1694,#1695,#1696));
#265=EDGE_LOOP('',(#1697,#1698,#1699,#1700));
#266=EDGE_LOOP('',(#1701,#1702,#1703,#1704));
#267=EDGE_LOOP('',(#1705,#1706,#1707,#1708));
#268=EDGE_LOOP('',(#1709,#1710,#1711,#1712));
#269=EDGE_LOOP('',(#1713,#1714,#1715,#1716));
#270=EDGE_LOOP('',(#1717,#1718,#1719,#1720,#1721,#1722,#1723,#1724,#1725,
#1726,#1727,#1728,#1729,#1730,#1731,#1732,#1733,#1734,#1735,#1736,#1737,
#1738,#1739,#1740,#1741,#1742,#1743,#1744,#1745,#1746,#1747,#1748,#1749,
#1750,#1751,#1752,#1753,#1754,#1755,#1756,#1757,#1758,#1759,#1760,#1761,
#1762,#1763,#1764,#1765,#1766,#1767,#1768,#1769,#1770,#1771,#1772,#1773,
#1774,#1775,#1776,#1777,#1778,#1779,#1780,#1781,#1782,#1783,#1784,#1785,
#1786,#1787,#1788,#1789,#1790,#1791,#1792,#1793,#1794,#1795,#1796,#1797,
#1798,#1799,#1800,#1801,#1802,#1803,#1804,#1805,#1806,#1807,#1808));
#271=EDGE_LOOP('',(#1809,#1810,#1811,#1812));
#272=EDGE_LOOP('',(#1813));
#273=EDGE_LOOP('',(#1814,#1815,#1816,#1817));
#274=EDGE_LOOP('',(#1818,#1819,#1820,#1821));
#275=EDGE_LOOP('',(#1822,#1823,#1824,#1825));
#276=EDGE_LOOP('',(#1826,#1827,#1828,#1829));
#277=EDGE_LOOP('',(#1830,#1831,#1832,#1833));
#278=EDGE_LOOP('',(#1834));
#279=EDGE_LOOP('',(#1835,#1836,#1837,#1838));
#280=CIRCLE('',#2002,0.25);
#281=CIRCLE('',#2003,0.25);
#282=CIRCLE('',#2005,0.25);
#283=CIRCLE('',#2006,0.25);
#284=CIRCLE('',#2008,0.25);
#285=CIRCLE('',#2009,0.25);
#286=CIRCLE('',#2011,0.25);
#287=CIRCLE('',#2012,0.25);
#288=CIRCLE('',#2014,0.25);
#289=CIRCLE('',#2015,0.25);
#290=CIRCLE('',#2017,0.25);
#291=CIRCLE('',#2018,0.25);
#292=CIRCLE('',#2020,0.25);
#293=CIRCLE('',#2021,0.25);
#294=CIRCLE('',#2023,0.25);
#295=CIRCLE('',#2024,0.25);
#296=CIRCLE('',#2026,0.25);
#297=CIRCLE('',#2027,0.25);
#298=CIRCLE('',#2029,0.25);
#299=CIRCLE('',#2030,0.25);
#300=CIRCLE('',#2032,0.25);
#301=CIRCLE('',#2033,0.25);
#302=CIRCLE('',#2035,0.25);
#303=CIRCLE('',#2036,0.25);
#304=CIRCLE('',#2038,0.25);
#305=CIRCLE('',#2039,0.25);
#306=CIRCLE('',#2041,0.25);
#307=CIRCLE('',#2042,0.25);
#308=CIRCLE('',#2044,0.25);
#309=CIRCLE('',#2045,0.25);
#310=CIRCLE('',#2047,0.25);
#311=CIRCLE('',#2048,0.25);
#312=CIRCLE('',#2050,0.25);
#313=CIRCLE('',#2051,0.25);
#314=CIRCLE('',#2053,0.25);
#315=CIRCLE('',#2054,0.25);
#316=CIRCLE('',#2056,0.25);
#317=CIRCLE('',#2057,0.25);
#318=CIRCLE('',#2059,0.25);
#319=CIRCLE('',#2060,0.25);
#320=CIRCLE('',#2062,0.25);
#321=CIRCLE('',#2063,0.25);
#322=CIRCLE('',#2065,0.25);
#323=CIRCLE('',#2066,0.25);
#324=CIRCLE('',#2068,0.25);
#325=CIRCLE('',#2069,0.25);
#326=CIRCLE('',#2071,0.25);
#327=CIRCLE('',#2072,0.25);
#328=CIRCLE('',#2074,0.25);
#329=CIRCLE('',#2075,0.25);
#330=CIRCLE('',#2077,0.25);
#331=CIRCLE('',#2078,0.25);
#332=CIRCLE('',#2080,0.25);
#333=CIRCLE('',#2081,0.25);
#334=CIRCLE('',#2083,0.25);
#335=CIRCLE('',#2084,0.25);
#336=CIRCLE('',#2086,0.25);
#337=CIRCLE('',#2087,0.25);
#338=CIRCLE('',#2089,0.25);
#339=CIRCLE('',#2090,0.25);
#340=CIRCLE('',#2092,0.25);
#341=CIRCLE('',#2093,0.25);
#342=CIRCLE('',#2095,0.25);
#343=CIRCLE('',#2096,0.25);
#344=CIRCLE('',#2098,0.25);
#345=CIRCLE('',#2099,0.25);
#346=CIRCLE('',#2101,0.25);
#347=CIRCLE('',#2102,0.25);
#348=CIRCLE('',#2104,0.25);
#349=CIRCLE('',#2105,0.25);
#350=CIRCLE('',#2107,0.25);
#351=CIRCLE('',#2108,0.25);
#352=CIRCLE('',#2110,0.25);
#353=CIRCLE('',#2111,0.25);
#354=CIRCLE('',#2113,0.25);
#355=CIRCLE('',#2114,0.25);
#356=CIRCLE('',#2116,0.25);
#357=CIRCLE('',#2117,0.25);
#358=CIRCLE('',#2119,0.25);
#359=CIRCLE('',#2120,0.25);
#360=CIRCLE('',#2122,0.25);
#361=CIRCLE('',#2123,0.25);
#362=CIRCLE('',#2125,0.25);
#363=CIRCLE('',#2126,0.25);
#364=CIRCLE('',#2128,0.25);
#365=CIRCLE('',#2129,0.25);
#366=CIRCLE('',#2131,0.25);
#367=CIRCLE('',#2132,0.25);
#368=CIRCLE('',#2184,0.6);
#369=CIRCLE('',#2185,0.6);
#370=LINE('',#2784,#571);
#371=LINE('',#2788,#572);
#372=LINE('',#2793,#573);
#373=LINE('',#2797,#574);
#374=LINE('',#2802,#575);
#375=LINE('',#2806,#576);
#376=LINE('',#2811,#577);
#377=LINE('',#2815,#578);
#378=LINE('',#2820,#579);
#379=LINE('',#2824,#580);
#380=LINE('',#2829,#581);
#381=LINE('',#2833,#582);
#382=LINE('',#2838,#583);
#383=LINE('',#2842,#584);
#384=LINE('',#2847,#585);
#385=LINE('',#2851,#586);
#386=LINE('',#2856,#587);
#387=LINE('',#2860,#588);
#388=LINE('',#2865,#589);
#389=LINE('',#2869,#590);
#390=LINE('',#2874,#591);
#391=LINE('',#2878,#592);
#392=LINE('',#2883,#593);
#393=LINE('',#2887,#594);
#394=LINE('',#2892,#595);
#395=LINE('',#2896,#596);
#396=LINE('',#2901,#597);
#397=LINE('',#2905,#598);
#398=LINE('',#2910,#599);
#399=LINE('',#2914,#600);
#400=LINE('',#2919,#601);
#401=LINE('',#2923,#602);
#402=LINE('',#2928,#603);
#403=LINE('',#2932,#604);
#404=LINE('',#2937,#605);
#405=LINE('',#2941,#606);
#406=LINE('',#2946,#607);
#407=LINE('',#2950,#608);
#408=LINE('',#2955,#609);
#409=LINE('',#2959,#610);
#410=LINE('',#2964,#611);
#411=LINE('',#2968,#612);
#412=LINE('',#2973,#613);
#413=LINE('',#2977,#614);
#414=LINE('',#2982,#615);
#415=LINE('',#2986,#616);
#416=LINE('',#2991,#617);
#417=LINE('',#2995,#618);
#418=LINE('',#3000,#619);
#419=LINE('',#3004,#620);
#420=LINE('',#3009,#621);
#421=LINE('',#3013,#622);
#422=LINE('',#3018,#623);
#423=LINE('',#3022,#624);
#424=LINE('',#3027,#625);
#425=LINE('',#3031,#626);
#426=LINE('',#3036,#627);
#427=LINE('',#3040,#628);
#428=LINE('',#3045,#629);
#429=LINE('',#3049,#630);
#430=LINE('',#3054,#631);
#431=LINE('',#3058,#632);
#432=LINE('',#3063,#633);
#433=LINE('',#3067,#634);
#434=LINE('',#3072,#635);
#435=LINE('',#3076,#636);
#436=LINE('',#3081,#637);
#437=LINE('',#3085,#638);
#438=LINE('',#3090,#639);
#439=LINE('',#3094,#640);
#440=LINE('',#3099,#641);
#441=LINE('',#3103,#642);
#442=LINE('',#3108,#643);
#443=LINE('',#3112,#644);
#444=LINE('',#3117,#645);
#445=LINE('',#3121,#646);
#446=LINE('',#3126,#647);
#447=LINE('',#3130,#648);
#448=LINE('',#3135,#649);
#449=LINE('',#3139,#650);
#450=LINE('',#3144,#651);
#451=LINE('',#3148,#652);
#452=LINE('',#3153,#653);
#453=LINE('',#3157,#654);
#454=LINE('',#3162,#655);
#455=LINE('',#3166,#656);
#456=LINE('',#3171,#657);
#457=LINE('',#3175,#658);
#458=LINE('',#3179,#659);
#459=LINE('',#3181,#660);
#460=LINE('',#3182,#661);
#461=LINE('',#3184,#662);
#462=LINE('',#3185,#663);
#463=LINE('',#3187,#664);
#464=LINE('',#3188,#665);
#465=LINE('',#3190,#666);
#466=LINE('',#3191,#667);
#467=LINE('',#3193,#668);
#468=LINE('',#3194,#669);
#469=LINE('',#3197,#670);
#470=LINE('',#3199,#671);
#471=LINE('',#3200,#672);
#472=LINE('',#3202,#673);
#473=LINE('',#3203,#674);
#474=LINE('',#3205,#675);
#475=LINE('',#3206,#676);
#476=LINE('',#3208,#677);
#477=LINE('',#3209,#678);
#478=LINE('',#3211,#679);
#479=LINE('',#3212,#680);
#480=LINE('',#3214,#681);
#481=LINE('',#3215,#682);
#482=LINE('',#3217,#683);
#483=LINE('',#3218,#684);
#484=LINE('',#3221,#685);
#485=LINE('',#3223,#686);
#486=LINE('',#3224,#687);
#487=LINE('',#3226,#688);
#488=LINE('',#3227,#689);
#489=LINE('',#3229,#690);
#490=LINE('',#3230,#691);
#491=LINE('',#3232,#692);
#492=LINE('',#3233,#693);
#493=LINE('',#3235,#694);
#494=LINE('',#3236,#695);
#495=LINE('',#3238,#696);
#496=LINE('',#3239,#697);
#497=LINE('',#3241,#698);
#498=LINE('',#3242,#699);
#499=LINE('',#3244,#700);
#500=LINE('',#3245,#701);
#501=LINE('',#3247,#702);
#502=LINE('',#3248,#703);
#503=LINE('',#3250,#704);
#504=LINE('',#3251,#705);
#505=LINE('',#3253,#706);
#506=LINE('',#3254,#707);
#507=LINE('',#3256,#708);
#508=LINE('',#3257,#709);
#509=LINE('',#3260,#710);
#510=LINE('',#3262,#711);
#511=LINE('',#3263,#712);
#512=LINE('',#3265,#713);
#513=LINE('',#3266,#714);
#514=LINE('',#3268,#715);
#515=LINE('',#3269,#716);
#516=LINE('',#3271,#717);
#517=LINE('',#3272,#718);
#518=LINE('',#3274,#719);
#519=LINE('',#3275,#720);
#520=LINE('',#3277,#721);
#521=LINE('',#3278,#722);
#522=LINE('',#3280,#723);
#523=LINE('',#3281,#724);
#524=LINE('',#3283,#725);
#525=LINE('',#3284,#726);
#526=LINE('',#3286,#727);
#527=LINE('',#3287,#728);
#528=LINE('',#3289,#729);
#529=LINE('',#3290,#730);
#530=LINE('',#3292,#731);
#531=LINE('',#3293,#732);
#532=LINE('',#3295,#733);
#533=LINE('',#3296,#734);
#534=LINE('',#3298,#735);
#535=LINE('',#3299,#736);
#536=LINE('',#3300,#737);
#537=LINE('',#3301,#738);
#538=LINE('',#3302,#739);
#539=LINE('',#3303,#740);
#540=LINE('',#3304,#741);
#541=LINE('',#3305,#742);
#542=LINE('',#3306,#743);
#543=LINE('',#3307,#744);
#544=LINE('',#3308,#745);
#545=LINE('',#3309,#746);
#546=LINE('',#3311,#747);
#547=LINE('',#3313,#748);
#548=LINE('',#3315,#749);
#549=LINE('',#3317,#750);
#550=LINE('',#3319,#751);
#551=LINE('',#3321,#752);
#552=LINE('',#3323,#753);
#553=LINE('',#3325,#754);
#554=LINE('',#3327,#755);
#555=LINE('',#3329,#756);
#556=LINE('',#3331,#757);
#557=LINE('',#3333,#758);
#558=LINE('',#3339,#759);
#559=LINE('',#3345,#760);
#560=LINE('',#3347,#761);
#561=LINE('',#3349,#762);
#562=LINE('',#3350,#763);
#563=LINE('',#3353,#764);
#564=LINE('',#3355,#765);
#565=LINE('',#3356,#766);
#566=LINE('',#3359,#767);
#567=LINE('',#3361,#768);
#568=LINE('',#3362,#769);
#569=LINE('',#3364,#770);
#570=LINE('',#3365,#771);
#571=VECTOR('',#2197,10.);
#572=VECTOR('',#2200,10.);
#573=VECTOR('',#2205,10.);
#574=VECTOR('',#2208,10.);
#575=VECTOR('',#2213,10.);
#576=VECTOR('',#2216,10.);
#577=VECTOR('',#2221,10.);
#578=VECTOR('',#2224,10.);
#579=VECTOR('',#2229,10.);
#580=VECTOR('',#2232,10.);
#581=VECTOR('',#2237,10.);
#582=VECTOR('',#2240,10.);
#583=VECTOR('',#2245,10.);
#584=VECTOR('',#2248,10.);
#585=VECTOR('',#2253,10.);
#586=VECTOR('',#2256,10.);
#587=VECTOR('',#2261,10.);
#588=VECTOR('',#2264,10.);
#589=VECTOR('',#2269,10.);
#590=VECTOR('',#2272,10.);
#591=VECTOR('',#2277,10.);
#592=VECTOR('',#2280,10.);
#593=VECTOR('',#2285,10.);
#594=VECTOR('',#2288,10.);
#595=VECTOR('',#2293,10.);
#596=VECTOR('',#2296,10.);
#597=VECTOR('',#2301,10.);
#598=VECTOR('',#2304,10.);
#599=VECTOR('',#2309,10.);
#600=VECTOR('',#2312,10.);
#601=VECTOR('',#2317,10.);
#602=VECTOR('',#2320,10.);
#603=VECTOR('',#2325,10.);
#604=VECTOR('',#2328,10.);
#605=VECTOR('',#2333,10.);
#606=VECTOR('',#2336,10.);
#607=VECTOR('',#2341,10.);
#608=VECTOR('',#2344,10.);
#609=VECTOR('',#2349,10.);
#610=VECTOR('',#2352,10.);
#611=VECTOR('',#2357,10.);
#612=VECTOR('',#2360,10.);
#613=VECTOR('',#2365,10.);
#614=VECTOR('',#2368,10.);
#615=VECTOR('',#2373,10.);
#616=VECTOR('',#2376,10.);
#617=VECTOR('',#2381,10.);
#618=VECTOR('',#2384,10.);
#619=VECTOR('',#2389,10.);
#620=VECTOR('',#2392,10.);
#621=VECTOR('',#2397,10.);
#622=VECTOR('',#2400,10.);
#623=VECTOR('',#2405,10.);
#624=VECTOR('',#2408,10.);
#625=VECTOR('',#2413,10.);
#626=VECTOR('',#2416,10.);
#627=VECTOR('',#2421,10.);
#628=VECTOR('',#2424,10.);
#629=VECTOR('',#2429,10.);
#630=VECTOR('',#2432,10.);
#631=VECTOR('',#2437,10.);
#632=VECTOR('',#2440,10.);
#633=VECTOR('',#2445,10.);
#634=VECTOR('',#2448,10.);
#635=VECTOR('',#2453,10.);
#636=VECTOR('',#2456,10.);
#637=VECTOR('',#2461,10.);
#638=VECTOR('',#2464,10.);
#639=VECTOR('',#2469,10.);
#640=VECTOR('',#2472,10.);
#641=VECTOR('',#2477,10.);
#642=VECTOR('',#2480,10.);
#643=VECTOR('',#2485,10.);
#644=VECTOR('',#2488,10.);
#645=VECTOR('',#2493,10.);
#646=VECTOR('',#2496,10.);
#647=VECTOR('',#2501,10.);
#648=VECTOR('',#2504,10.);
#649=VECTOR('',#2509,10.);
#650=VECTOR('',#2512,10.);
#651=VECTOR('',#2517,10.);
#652=VECTOR('',#2520,10.);
#653=VECTOR('',#2525,10.);
#654=VECTOR('',#2528,10.);
#655=VECTOR('',#2533,10.);
#656=VECTOR('',#2536,10.);
#657=VECTOR('',#2541,10.);
#658=VECTOR('',#2544,10.);
#659=VECTOR('',#2549,10.);
#660=VECTOR('',#2550,10.);
#661=VECTOR('',#2551,10.);
#662=VECTOR('',#2554,10.);
#663=VECTOR('',#2555,10.);
#664=VECTOR('',#2558,10.);
#665=VECTOR('',#2559,10.);
#666=VECTOR('',#2562,10.);
#667=VECTOR('',#2563,10.);
#668=VECTOR('',#2566,10.);
#669=VECTOR('',#2567,10.);
#670=VECTOR('',#2570,10.);
#671=VECTOR('',#2571,10.);
#672=VECTOR('',#2572,10.);
#673=VECTOR('',#2575,10.);
#674=VECTOR('',#2576,10.);
#675=VECTOR('',#2579,10.);
#676=VECTOR('',#2580,10.);
#677=VECTOR('',#2583,10.);
#678=VECTOR('',#2584,10.);
#679=VECTOR('',#2587,10.);
#680=VECTOR('',#2588,10.);
#681=VECTOR('',#2591,10.);
#682=VECTOR('',#2592,10.);
#683=VECTOR('',#2595,10.);
#684=VECTOR('',#2596,10.);
#685=VECTOR('',#2599,10.);
#686=VECTOR('',#2600,10.);
#687=VECTOR('',#2601,10.);
#688=VECTOR('',#2604,10.);
#689=VECTOR('',#2605,10.);
#690=VECTOR('',#2608,10.);
#691=VECTOR('',#2609,10.);
#692=VECTOR('',#2612,10.);
#693=VECTOR('',#2613,10.);
#694=VECTOR('',#2616,10.);
#695=VECTOR('',#2617,10.);
#696=VECTOR('',#2620,10.);
#697=VECTOR('',#2621,10.);
#698=VECTOR('',#2624,10.);
#699=VECTOR('',#2625,10.);
#700=VECTOR('',#2628,10.);
#701=VECTOR('',#2629,10.);
#702=VECTOR('',#2632,10.);
#703=VECTOR('',#2633,10.);
#704=VECTOR('',#2636,10.);
#705=VECTOR('',#2637,10.);
#706=VECTOR('',#2640,10.);
#707=VECTOR('',#2641,10.);
#708=VECTOR('',#2644,10.);
#709=VECTOR('',#2645,10.);
#710=VECTOR('',#2648,10.);
#711=VECTOR('',#2649,10.);
#712=VECTOR('',#2650,10.);
#713=VECTOR('',#2653,10.);
#714=VECTOR('',#2654,10.);
#715=VECTOR('',#2657,10.);
#716=VECTOR('',#2658,10.);
#717=VECTOR('',#2661,10.);
#718=VECTOR('',#2662,10.);
#719=VECTOR('',#2665,10.);
#720=VECTOR('',#2666,10.);
#721=VECTOR('',#2669,10.);
#722=VECTOR('',#2670,10.);
#723=VECTOR('',#2673,10.);
#724=VECTOR('',#2674,10.);
#725=VECTOR('',#2677,10.);
#726=VECTOR('',#2678,10.);
#727=VECTOR('',#2681,10.);
#728=VECTOR('',#2682,10.);
#729=VECTOR('',#2685,10.);
#730=VECTOR('',#2686,10.);
#731=VECTOR('',#2689,10.);
#732=VECTOR('',#2690,10.);
#733=VECTOR('',#2693,10.);
#734=VECTOR('',#2694,10.);
#735=VECTOR('',#2697,10.);
#736=VECTOR('',#2698,10.);
#737=VECTOR('',#2699,10.);
#738=VECTOR('',#2700,10.);
#739=VECTOR('',#2701,10.);
#740=VECTOR('',#2702,10.);
#741=VECTOR('',#2703,10.);
#742=VECTOR('',#2704,10.);
#743=VECTOR('',#2705,10.);
#744=VECTOR('',#2706,10.);
#745=VECTOR('',#2707,10.);
#746=VECTOR('',#2708,10.);
#747=VECTOR('',#2711,10.);
#748=VECTOR('',#2714,10.);
#749=VECTOR('',#2717,10.);
#750=VECTOR('',#2720,10.);
#751=VECTOR('',#2723,10.);
#752=VECTOR('',#2726,10.);
#753=VECTOR('',#2729,10.);
#754=VECTOR('',#2732,10.);
#755=VECTOR('',#2735,10.);
#756=VECTOR('',#2738,10.);
#757=VECTOR('',#2741,10.);
#758=VECTOR('',#2744,10.);
#759=VECTOR('',#2751,0.6);
#760=VECTOR('',#2758,10.);
#761=VECTOR('',#2759,10.);
#762=VECTOR('',#2760,10.);
#763=VECTOR('',#2761,10.);
#764=VECTOR('',#2764,10.);
#765=VECTOR('',#2765,10.);
#766=VECTOR('',#2766,10.);
#767=VECTOR('',#2769,10.);
#768=VECTOR('',#2770,10.);
#769=VECTOR('',#2771,10.);
#770=VECTOR('',#2774,10.);
#771=VECTOR('',#2775,10.);
#772=VERTEX_POINT('',#2782);
#773=VERTEX_POINT('',#2783);
#774=VERTEX_POINT('',#2785);
#775=VERTEX_POINT('',#2787);
#776=VERTEX_POINT('',#2791);
#777=VERTEX_POINT('',#2792);
#778=VERTEX_POINT('',#2794);
#779=VERTEX_POINT('',#2796);
#780=VERTEX_POINT('',#2800);
#781=VERTEX_POINT('',#2801);
#782=VERTEX_POINT('',#2803);
#783=VERTEX_POINT('',#2805);
#784=VERTEX_POINT('',#2809);
#785=VERTEX_POINT('',#2810);
#786=VERTEX_POINT('',#2812);
#787=VERTEX_POINT('',#2814);
#788=VERTEX_POINT('',#2818);
#789=VERTEX_POINT('',#2819);
#790=VERTEX_POINT('',#2821);
#791=VERTEX_POINT('',#2823);
#792=VERTEX_POINT('',#2827);
#793=VERTEX_POINT('',#2828);
#794=VERTEX_POINT('',#2830);
#795=VERTEX_POINT('',#2832);
#796=VERTEX_POINT('',#2836);
#797=VERTEX_POINT('',#2837);
#798=VERTEX_POINT('',#2839);
#799=VERTEX_POINT('',#2841);
#800=VERTEX_POINT('',#2845);
#801=VERTEX_POINT('',#2846);
#802=VERTEX_POINT('',#2848);
#803=VERTEX_POINT('',#2850);
#804=VERTEX_POINT('',#2854);
#805=VERTEX_POINT('',#2855);
#806=VERTEX_POINT('',#2857);
#807=VERTEX_POINT('',#2859);
#808=VERTEX_POINT('',#2863);
#809=VERTEX_POINT('',#2864);
#810=VERTEX_POINT('',#2866);
#811=VERTEX_POINT('',#2868);
#812=VERTEX_POINT('',#2872);
#813=VERTEX_POINT('',#2873);
#814=VERTEX_POINT('',#2875);
#815=VERTEX_POINT('',#2877);
#816=VERTEX_POINT('',#2881);
#817=VERTEX_POINT('',#2882);
#818=VERTEX_POINT('',#2884);
#819=VERTEX_POINT('',#2886);
#820=VERTEX_POINT('',#2890);
#821=VERTEX_POINT('',#2891);
#822=VERTEX_POINT('',#2893);
#823=VERTEX_POINT('',#2895);
#824=VERTEX_POINT('',#2899);
#825=VERTEX_POINT('',#2900);
#826=VERTEX_POINT('',#2902);
#827=VERTEX_POINT('',#2904);
#828=VERTEX_POINT('',#2908);
#829=VERTEX_POINT('',#2909);
#830=VERTEX_POINT('',#2911);
#831=VERTEX_POINT('',#2913);
#832=VERTEX_POINT('',#2917);
#833=VERTEX_POINT('',#2918);
#834=VERTEX_POINT('',#2920);
#835=VERTEX_POINT('',#2922);
#836=VERTEX_POINT('',#2926);
#837=VERTEX_POINT('',#2927);
#838=VERTEX_POINT('',#2929);
#839=VERTEX_POINT('',#2931);
#840=VERTEX_POINT('',#2935);
#841=VERTEX_POINT('',#2936);
#842=VERTEX_POINT('',#2938);
#843=VERTEX_POINT('',#2940);
#844=VERTEX_POINT('',#2944);
#845=VERTEX_POINT('',#2945);
#846=VERTEX_POINT('',#2947);
#847=VERTEX_POINT('',#2949);
#848=VERTEX_POINT('',#2953);
#849=VERTEX_POINT('',#2954);
#850=VERTEX_POINT('',#2956);
#851=VERTEX_POINT('',#2958);
#852=VERTEX_POINT('',#2962);
#853=VERTEX_POINT('',#2963);
#854=VERTEX_POINT('',#2965);
#855=VERTEX_POINT('',#2967);
#856=VERTEX_POINT('',#2971);
#857=VERTEX_POINT('',#2972);
#858=VERTEX_POINT('',#2974);
#859=VERTEX_POINT('',#2976);
#860=VERTEX_POINT('',#2980);
#861=VERTEX_POINT('',#2981);
#862=VERTEX_POINT('',#2983);
#863=VERTEX_POINT('',#2985);
#864=VERTEX_POINT('',#2989);
#865=VERTEX_POINT('',#2990);
#866=VERTEX_POINT('',#2992);
#867=VERTEX_POINT('',#2994);
#868=VERTEX_POINT('',#2998);
#869=VERTEX_POINT('',#2999);
#870=VERTEX_POINT('',#3001);
#871=VERTEX_POINT('',#3003);
#872=VERTEX_POINT('',#3007);
#873=VERTEX_POINT('',#3008);
#874=VERTEX_POINT('',#3010);
#875=VERTEX_POINT('',#3012);
#876=VERTEX_POINT('',#3016);
#877=VERTEX_POINT('',#3017);
#878=VERTEX_POINT('',#3019);
#879=VERTEX_POINT('',#3021);
#880=VERTEX_POINT('',#3025);
#881=VERTEX_POINT('',#3026);
#882=VERTEX_POINT('',#3028);
#883=VERTEX_POINT('',#3030);
#884=VERTEX_POINT('',#3034);
#885=VERTEX_POINT('',#3035);
#886=VERTEX_POINT('',#3037);
#887=VERTEX_POINT('',#3039);
#888=VERTEX_POINT('',#3043);
#889=VERTEX_POINT('',#3044);
#890=VERTEX_POINT('',#3046);
#891=VERTEX_POINT('',#3048);
#892=VERTEX_POINT('',#3052);
#893=VERTEX_POINT('',#3053);
#894=VERTEX_POINT('',#3055);
#895=VERTEX_POINT('',#3057);
#896=VERTEX_POINT('',#3061);
#897=VERTEX_POINT('',#3062);
#898=VERTEX_POINT('',#3064);
#899=VERTEX_POINT('',#3066);
#900=VERTEX_POINT('',#3070);
#901=VERTEX_POINT('',#3071);
#902=VERTEX_POINT('',#3073);
#903=VERTEX_POINT('',#3075);
#904=VERTEX_POINT('',#3079);
#905=VERTEX_POINT('',#3080);
#906=VERTEX_POINT('',#3082);
#907=VERTEX_POINT('',#3084);
#908=VERTEX_POINT('',#3088);
#909=VERTEX_POINT('',#3089);
#910=VERTEX_POINT('',#3091);
#911=VERTEX_POINT('',#3093);
#912=VERTEX_POINT('',#3097);
#913=VERTEX_POINT('',#3098);
#914=VERTEX_POINT('',#3100);
#915=VERTEX_POINT('',#3102);
#916=VERTEX_POINT('',#3106);
#917=VERTEX_POINT('',#3107);
#918=VERTEX_POINT('',#3109);
#919=VERTEX_POINT('',#3111);
#920=VERTEX_POINT('',#3115);
#921=VERTEX_POINT('',#3116);
#922=VERTEX_POINT('',#3118);
#923=VERTEX_POINT('',#3120);
#924=VERTEX_POINT('',#3124);
#925=VERTEX_POINT('',#3125);
#926=VERTEX_POINT('',#3127);
#927=VERTEX_POINT('',#3129);
#928=VERTEX_POINT('',#3133);
#929=VERTEX_POINT('',#3134);
#930=VERTEX_POINT('',#3136);
#931=VERTEX_POINT('',#3138);
#932=VERTEX_POINT('',#3142);
#933=VERTEX_POINT('',#3143);
#934=VERTEX_POINT('',#3145);
#935=VERTEX_POINT('',#3147);
#936=VERTEX_POINT('',#3151);
#937=VERTEX_POINT('',#3152);
#938=VERTEX_POINT('',#3154);
#939=VERTEX_POINT('',#3156);
#940=VERTEX_POINT('',#3160);
#941=VERTEX_POINT('',#3161);
#942=VERTEX_POINT('',#3163);
#943=VERTEX_POINT('',#3165);
#944=VERTEX_POINT('',#3169);
#945=VERTEX_POINT('',#3170);
#946=VERTEX_POINT('',#3172);
#947=VERTEX_POINT('',#3174);
#948=VERTEX_POINT('',#3178);
#949=VERTEX_POINT('',#3180);
#950=VERTEX_POINT('',#3196);
#951=VERTEX_POINT('',#3198);
#952=VERTEX_POINT('',#3220);
#953=VERTEX_POINT('',#3222);
#954=VERTEX_POINT('',#3259);
#955=VERTEX_POINT('',#3261);
#956=VERTEX_POINT('',#3336);
#957=VERTEX_POINT('',#3338);
#958=VERTEX_POINT('',#3343);
#959=VERTEX_POINT('',#3344);
#960=VERTEX_POINT('',#3346);
#961=VERTEX_POINT('',#3348);
#962=VERTEX_POINT('',#3352);
#963=VERTEX_POINT('',#3354);
#964=VERTEX_POINT('',#3358);
#965=VERTEX_POINT('',#3360);
#966=EDGE_CURVE('',#772,#773,#370,.T.);
#967=EDGE_CURVE('',#774,#772,#280,.T.);
#968=EDGE_CURVE('',#775,#774,#371,.T.);
#969=EDGE_CURVE('',#773,#775,#281,.T.);
#970=EDGE_CURVE('',#776,#777,#372,.T.);
#971=EDGE_CURVE('',#778,#776,#282,.T.);
#972=EDGE_CURVE('',#779,#778,#373,.T.);
#973=EDGE_CURVE('',#777,#779,#283,.T.);
#974=EDGE_CURVE('',#780,#781,#374,.T.);
#975=EDGE_CURVE('',#782,#780,#284,.T.);
#976=EDGE_CURVE('',#783,#782,#375,.T.);
#977=EDGE_CURVE('',#781,#783,#285,.T.);
#978=EDGE_CURVE('',#784,#785,#376,.T.);
#979=EDGE_CURVE('',#786,#784,#286,.T.);
#980=EDGE_CURVE('',#787,#786,#377,.T.);
#981=EDGE_CURVE('',#785,#787,#287,.T.);
#982=EDGE_CURVE('',#788,#789,#378,.T.);
#983=EDGE_CURVE('',#790,#788,#288,.T.);
#984=EDGE_CURVE('',#791,#790,#379,.T.);
#985=EDGE_CURVE('',#789,#791,#289,.T.);
#986=EDGE_CURVE('',#792,#793,#380,.T.);
#987=EDGE_CURVE('',#794,#792,#290,.T.);
#988=EDGE_CURVE('',#795,#794,#381,.T.);
#989=EDGE_CURVE('',#793,#795,#291,.T.);
#990=EDGE_CURVE('',#796,#797,#382,.T.);
#991=EDGE_CURVE('',#798,#796,#292,.T.);
#992=EDGE_CURVE('',#799,#798,#383,.T.);
#993=EDGE_CURVE('',#797,#799,#293,.T.);
#994=EDGE_CURVE('',#800,#801,#384,.T.);
#995=EDGE_CURVE('',#802,#800,#294,.T.);
#996=EDGE_CURVE('',#803,#802,#385,.T.);
#997=EDGE_CURVE('',#801,#803,#295,.T.);
#998=EDGE_CURVE('',#804,#805,#386,.T.);
#999=EDGE_CURVE('',#806,#804,#296,.T.);
#1000=EDGE_CURVE('',#807,#806,#387,.T.);
#1001=EDGE_CURVE('',#805,#807,#297,.T.);
#1002=EDGE_CURVE('',#808,#809,#388,.T.);
#1003=EDGE_CURVE('',#810,#808,#298,.T.);
#1004=EDGE_CURVE('',#811,#810,#389,.T.);
#1005=EDGE_CURVE('',#809,#811,#299,.T.);
#1006=EDGE_CURVE('',#812,#813,#390,.T.);
#1007=EDGE_CURVE('',#814,#812,#300,.T.);
#1008=EDGE_CURVE('',#815,#814,#391,.T.);
#1009=EDGE_CURVE('',#813,#815,#301,.T.);
#1010=EDGE_CURVE('',#816,#817,#392,.T.);
#1011=EDGE_CURVE('',#818,#816,#302,.T.);
#1012=EDGE_CURVE('',#819,#818,#393,.T.);
#1013=EDGE_CURVE('',#817,#819,#303,.T.);
#1014=EDGE_CURVE('',#820,#821,#394,.T.);
#1015=EDGE_CURVE('',#822,#820,#304,.T.);
#1016=EDGE_CURVE('',#823,#822,#395,.T.);
#1017=EDGE_CURVE('',#821,#823,#305,.T.);
#1018=EDGE_CURVE('',#824,#825,#396,.T.);
#1019=EDGE_CURVE('',#826,#824,#306,.T.);
#1020=EDGE_CURVE('',#827,#826,#397,.T.);
#1021=EDGE_CURVE('',#825,#827,#307,.T.);
#1022=EDGE_CURVE('',#828,#829,#398,.T.);
#1023=EDGE_CURVE('',#830,#828,#308,.T.);
#1024=EDGE_CURVE('',#831,#830,#399,.T.);
#1025=EDGE_CURVE('',#829,#831,#309,.T.);
#1026=EDGE_CURVE('',#832,#833,#400,.T.);
#1027=EDGE_CURVE('',#834,#832,#310,.T.);
#1028=EDGE_CURVE('',#835,#834,#401,.T.);
#1029=EDGE_CURVE('',#833,#835,#311,.T.);
#1030=EDGE_CURVE('',#836,#837,#402,.T.);
#1031=EDGE_CURVE('',#838,#836,#312,.T.);
#1032=EDGE_CURVE('',#839,#838,#403,.T.);
#1033=EDGE_CURVE('',#837,#839,#313,.T.);
#1034=EDGE_CURVE('',#840,#841,#404,.T.);
#1035=EDGE_CURVE('',#842,#840,#314,.T.);
#1036=EDGE_CURVE('',#843,#842,#405,.T.);
#1037=EDGE_CURVE('',#841,#843,#315,.T.);
#1038=EDGE_CURVE('',#844,#845,#406,.T.);
#1039=EDGE_CURVE('',#846,#844,#316,.T.);
#1040=EDGE_CURVE('',#847,#846,#407,.T.);
#1041=EDGE_CURVE('',#845,#847,#317,.T.);
#1042=EDGE_CURVE('',#848,#849,#408,.T.);
#1043=EDGE_CURVE('',#850,#848,#318,.T.);
#1044=EDGE_CURVE('',#851,#850,#409,.T.);
#1045=EDGE_CURVE('',#849,#851,#319,.T.);
#1046=EDGE_CURVE('',#852,#853,#410,.T.);
#1047=EDGE_CURVE('',#854,#852,#320,.T.);
#1048=EDGE_CURVE('',#855,#854,#411,.T.);
#1049=EDGE_CURVE('',#853,#855,#321,.T.);
#1050=EDGE_CURVE('',#856,#857,#412,.T.);
#1051=EDGE_CURVE('',#858,#856,#322,.T.);
#1052=EDGE_CURVE('',#859,#858,#413,.T.);
#1053=EDGE_CURVE('',#857,#859,#323,.T.);
#1054=EDGE_CURVE('',#860,#861,#414,.T.);
#1055=EDGE_CURVE('',#862,#860,#324,.T.);
#1056=EDGE_CURVE('',#863,#862,#415,.T.);
#1057=EDGE_CURVE('',#861,#863,#325,.T.);
#1058=EDGE_CURVE('',#864,#865,#416,.T.);
#1059=EDGE_CURVE('',#866,#864,#326,.T.);
#1060=EDGE_CURVE('',#867,#866,#417,.T.);
#1061=EDGE_CURVE('',#865,#867,#327,.T.);
#1062=EDGE_CURVE('',#868,#869,#418,.T.);
#1063=EDGE_CURVE('',#870,#868,#328,.T.);
#1064=EDGE_CURVE('',#871,#870,#419,.T.);
#1065=EDGE_CURVE('',#869,#871,#329,.T.);
#1066=EDGE_CURVE('',#872,#873,#420,.T.);
#1067=EDGE_CURVE('',#874,#872,#330,.T.);
#1068=EDGE_CURVE('',#875,#874,#421,.T.);
#1069=EDGE_CURVE('',#873,#875,#331,.T.);
#1070=EDGE_CURVE('',#876,#877,#422,.T.);
#1071=EDGE_CURVE('',#878,#876,#332,.T.);
#1072=EDGE_CURVE('',#879,#878,#423,.T.);
#1073=EDGE_CURVE('',#877,#879,#333,.T.);
#1074=EDGE_CURVE('',#880,#881,#424,.T.);
#1075=EDGE_CURVE('',#882,#880,#334,.T.);
#1076=EDGE_CURVE('',#883,#882,#425,.T.);
#1077=EDGE_CURVE('',#881,#883,#335,.T.);
#1078=EDGE_CURVE('',#884,#885,#426,.T.);
#1079=EDGE_CURVE('',#886,#884,#336,.T.);
#1080=EDGE_CURVE('',#887,#886,#427,.T.);
#1081=EDGE_CURVE('',#885,#887,#337,.T.);
#1082=EDGE_CURVE('',#888,#889,#428,.T.);
#1083=EDGE_CURVE('',#890,#888,#338,.T.);
#1084=EDGE_CURVE('',#891,#890,#429,.T.);
#1085=EDGE_CURVE('',#889,#891,#339,.T.);
#1086=EDGE_CURVE('',#892,#893,#430,.T.);
#1087=EDGE_CURVE('',#894,#892,#340,.T.);
#1088=EDGE_CURVE('',#895,#894,#431,.T.);
#1089=EDGE_CURVE('',#893,#895,#341,.T.);
#1090=EDGE_CURVE('',#896,#897,#432,.T.);
#1091=EDGE_CURVE('',#898,#896,#342,.T.);
#1092=EDGE_CURVE('',#899,#898,#433,.T.);
#1093=EDGE_CURVE('',#897,#899,#343,.T.);
#1094=EDGE_CURVE('',#900,#901,#434,.T.);
#1095=EDGE_CURVE('',#902,#900,#344,.T.);
#1096=EDGE_CURVE('',#903,#902,#435,.T.);
#1097=EDGE_CURVE('',#901,#903,#345,.T.);
#1098=EDGE_CURVE('',#904,#905,#436,.T.);
#1099=EDGE_CURVE('',#906,#904,#346,.T.);
#1100=EDGE_CURVE('',#907,#906,#437,.T.);
#1101=EDGE_CURVE('',#905,#907,#347,.T.);
#1102=EDGE_CURVE('',#908,#909,#438,.T.);
#1103=EDGE_CURVE('',#910,#908,#348,.T.);
#1104=EDGE_CURVE('',#911,#910,#439,.T.);
#1105=EDGE_CURVE('',#909,#911,#349,.T.);
#1106=EDGE_CURVE('',#912,#913,#440,.T.);
#1107=EDGE_CURVE('',#914,#912,#350,.T.);
#1108=EDGE_CURVE('',#915,#914,#441,.T.);
#1109=EDGE_CURVE('',#913,#915,#351,.T.);
#1110=EDGE_CURVE('',#916,#917,#442,.T.);
#1111=EDGE_CURVE('',#918,#916,#352,.T.);
#1112=EDGE_CURVE('',#919,#918,#443,.T.);
#1113=EDGE_CURVE('',#917,#919,#353,.T.);
#1114=EDGE_CURVE('',#920,#921,#444,.T.);
#1115=EDGE_CURVE('',#922,#920,#354,.T.);
#1116=EDGE_CURVE('',#923,#922,#445,.T.);
#1117=EDGE_CURVE('',#921,#923,#355,.T.);
#1118=EDGE_CURVE('',#924,#925,#446,.T.);
#1119=EDGE_CURVE('',#926,#924,#356,.T.);
#1120=EDGE_CURVE('',#927,#926,#447,.T.);
#1121=EDGE_CURVE('',#925,#927,#357,.T.);
#1122=EDGE_CURVE('',#928,#929,#448,.T.);
#1123=EDGE_CURVE('',#930,#928,#358,.T.);
#1124=EDGE_CURVE('',#931,#930,#449,.T.);
#1125=EDGE_CURVE('',#929,#931,#359,.T.);
#1126=EDGE_CURVE('',#932,#933,#450,.T.);
#1127=EDGE_CURVE('',#934,#932,#360,.T.);
#1128=EDGE_CURVE('',#935,#934,#451,.T.);
#1129=EDGE_CURVE('',#933,#935,#361,.T.);
#1130=EDGE_CURVE('',#936,#937,#452,.T.);
#1131=EDGE_CURVE('',#938,#936,#362,.T.);
#1132=EDGE_CURVE('',#939,#938,#453,.T.);
#1133=EDGE_CURVE('',#937,#939,#363,.T.);
#1134=EDGE_CURVE('',#940,#941,#454,.T.);
#1135=EDGE_CURVE('',#942,#940,#364,.T.);
#1136=EDGE_CURVE('',#943,#942,#455,.T.);
#1137=EDGE_CURVE('',#941,#943,#365,.T.);
#1138=EDGE_CURVE('',#944,#945,#456,.T.);
#1139=EDGE_CURVE('',#946,#944,#366,.T.);
#1140=EDGE_CURVE('',#947,#946,#457,.T.);
#1141=EDGE_CURVE('',#945,#947,#367,.T.);
#1142=EDGE_CURVE('',#948,#773,#458,.T.);
#1143=EDGE_CURVE('',#949,#948,#459,.T.);
#1144=EDGE_CURVE('',#949,#772,#460,.T.);
#1145=EDGE_CURVE('',#895,#885,#461,.T.);
#1146=EDGE_CURVE('',#894,#884,#462,.T.);
#1147=EDGE_CURVE('',#887,#877,#463,.T.);
#1148=EDGE_CURVE('',#886,#876,#464,.T.);
#1149=EDGE_CURVE('',#879,#869,#465,.T.);
#1150=EDGE_CURVE('',#878,#868,#466,.T.);
#1151=EDGE_CURVE('',#871,#861,#467,.T.);
#1152=EDGE_CURVE('',#870,#860,#468,.T.);
#1153=EDGE_CURVE('',#862,#950,#469,.T.);
#1154=EDGE_CURVE('',#950,#951,#470,.T.);
#1155=EDGE_CURVE('',#863,#951,#471,.T.);
#1156=EDGE_CURVE('',#814,#892,#472,.T.);
#1157=EDGE_CURVE('',#815,#893,#473,.T.);
#1158=EDGE_CURVE('',#806,#812,#474,.T.);
#1159=EDGE_CURVE('',#807,#813,#475,.T.);
#1160=EDGE_CURVE('',#798,#804,#476,.T.);
#1161=EDGE_CURVE('',#799,#805,#477,.T.);
#1162=EDGE_CURVE('',#790,#796,#478,.T.);
#1163=EDGE_CURVE('',#791,#797,#479,.T.);
#1164=EDGE_CURVE('',#782,#788,#480,.T.);
#1165=EDGE_CURVE('',#783,#789,#481,.T.);
#1166=EDGE_CURVE('',#774,#780,#482,.T.);
#1167=EDGE_CURVE('',#775,#781,#483,.T.);
#1168=EDGE_CURVE('',#777,#952,#484,.T.);
#1169=EDGE_CURVE('',#952,#953,#485,.T.);
#1170=EDGE_CURVE('',#776,#953,#486,.T.);
#1171=EDGE_CURVE('',#951,#902,#487,.T.);
#1172=EDGE_CURVE('',#950,#903,#488,.T.);
#1173=EDGE_CURVE('',#889,#899,#489,.T.);
#1174=EDGE_CURVE('',#888,#898,#490,.T.);
#1175=EDGE_CURVE('',#881,#891,#491,.T.);
#1176=EDGE_CURVE('',#880,#890,#492,.T.);
#1177=EDGE_CURVE('',#873,#883,#493,.T.);
#1178=EDGE_CURVE('',#872,#882,#494,.T.);
#1179=EDGE_CURVE('',#865,#875,#495,.T.);
#1180=EDGE_CURVE('',#864,#874,#496,.T.);
#1181=EDGE_CURVE('',#900,#866,#497,.T.);
#1182=EDGE_CURVE('',#901,#867,#498,.T.);
#1183=EDGE_CURVE('',#896,#810,#499,.T.);
#1184=EDGE_CURVE('',#897,#811,#500,.T.);
#1185=EDGE_CURVE('',#808,#802,#501,.T.);
#1186=EDGE_CURVE('',#809,#803,#502,.T.);
#1187=EDGE_CURVE('',#800,#794,#503,.T.);
#1188=EDGE_CURVE('',#801,#795,#504,.T.);
#1189=EDGE_CURVE('',#792,#786,#505,.T.);
#1190=EDGE_CURVE('',#793,#787,#506,.T.);
#1191=EDGE_CURVE('',#784,#778,#507,.T.);
#1192=EDGE_CURVE('',#785,#779,#508,.T.);
#1193=EDGE_CURVE('',#954,#941,#509,.T.);
#1194=EDGE_CURVE('',#955,#954,#510,.T.);
#1195=EDGE_CURVE('',#955,#940,#511,.T.);
#1196=EDGE_CURVE('',#943,#933,#512,.T.);
#1197=EDGE_CURVE('',#942,#932,#513,.T.);
#1198=EDGE_CURVE('',#935,#925,#514,.T.);
#1199=EDGE_CURVE('',#934,#924,#515,.T.);
#1200=EDGE_CURVE('',#927,#917,#516,.T.);
#1201=EDGE_CURVE('',#926,#916,#517,.T.);
#1202=EDGE_CURVE('',#919,#909,#518,.T.);
#1203=EDGE_CURVE('',#918,#908,#519,.T.);
#1204=EDGE_CURVE('',#911,#817,#520,.T.);
#1205=EDGE_CURVE('',#910,#816,#521,.T.);
#1206=EDGE_CURVE('',#858,#949,#522,.T.);
#1207=EDGE_CURVE('',#859,#948,#523,.T.);
#1208=EDGE_CURVE('',#850,#856,#524,.T.);
#1209=EDGE_CURVE('',#851,#857,#525,.T.);
#1210=EDGE_CURVE('',#842,#848,#526,.T.);
#1211=EDGE_CURVE('',#843,#849,#527,.T.);
#1212=EDGE_CURVE('',#834,#840,#528,.T.);
#1213=EDGE_CURVE('',#835,#841,#529,.T.);
#1214=EDGE_CURVE('',#826,#832,#530,.T.);
#1215=EDGE_CURVE('',#827,#833,#531,.T.);
#1216=EDGE_CURVE('',#818,#824,#532,.T.);
#1217=EDGE_CURVE('',#819,#825,#533,.T.);
#1218=EDGE_CURVE('',#953,#854,#534,.T.);
#1219=EDGE_CURVE('',#852,#846,#535,.T.);
#1220=EDGE_CURVE('',#844,#838,#536,.T.);
#1221=EDGE_CURVE('',#836,#830,#537,.T.);
#1222=EDGE_CURVE('',#828,#822,#538,.T.);
#1223=EDGE_CURVE('',#820,#906,#539,.T.);
#1224=EDGE_CURVE('',#904,#914,#540,.T.);
#1225=EDGE_CURVE('',#912,#922,#541,.T.);
#1226=EDGE_CURVE('',#920,#930,#542,.T.);
#1227=EDGE_CURVE('',#928,#938,#543,.T.);
#1228=EDGE_CURVE('',#936,#946,#544,.T.);
#1229=EDGE_CURVE('',#944,#954,#545,.T.);
#1230=EDGE_CURVE('',#945,#955,#546,.T.);
#1231=EDGE_CURVE('',#937,#947,#547,.T.);
#1232=EDGE_CURVE('',#929,#939,#548,.T.);
#1233=EDGE_CURVE('',#921,#931,#549,.T.);
#1234=EDGE_CURVE('',#913,#923,#550,.T.);
#1235=EDGE_CURVE('',#905,#915,#551,.T.);
#1236=EDGE_CURVE('',#952,#855,#552,.T.);
#1237=EDGE_CURVE('',#853,#847,#553,.T.);
#1238=EDGE_CURVE('',#845,#839,#554,.T.);
#1239=EDGE_CURVE('',#837,#831,#555,.T.);
#1240=EDGE_CURVE('',#829,#823,#556,.T.);
#1241=EDGE_CURVE('',#821,#907,#557,.T.);
#1242=EDGE_CURVE('',#956,#956,#368,.T.);
#1243=EDGE_CURVE('',#956,#957,#558,.T.);
#1244=EDGE_CURVE('',#957,#957,#369,.T.);
#1245=EDGE_CURVE('',#958,#959,#559,.T.);
#1246=EDGE_CURVE('',#959,#960,#560,.T.);
#1247=EDGE_CURVE('',#961,#960,#561,.T.);
#1248=EDGE_CURVE('',#958,#961,#562,.T.);
#1249=EDGE_CURVE('',#962,#958,#563,.T.);
#1250=EDGE_CURVE('',#963,#961,#564,.T.);
#1251=EDGE_CURVE('',#962,#963,#565,.T.);
#1252=EDGE_CURVE('',#964,#962,#566,.T.);
#1253=EDGE_CURVE('',#965,#963,#567,.T.);
#1254=EDGE_CURVE('',#964,#965,#568,.T.);
#1255=EDGE_CURVE('',#959,#964,#569,.T.);
#1256=EDGE_CURVE('',#960,#965,#570,.T.);
#1257=ORIENTED_EDGE('',*,*,#966,.F.);
#1258=ORIENTED_EDGE('',*,*,#967,.F.);
#1259=ORIENTED_EDGE('',*,*,#968,.F.);
#1260=ORIENTED_EDGE('',*,*,#969,.F.);
#1261=ORIENTED_EDGE('',*,*,#970,.F.);
#1262=ORIENTED_EDGE('',*,*,#971,.F.);
#1263=ORIENTED_EDGE('',*,*,#972,.F.);
#1264=ORIENTED_EDGE('',*,*,#973,.F.);
#1265=ORIENTED_EDGE('',*,*,#974,.F.);
#1266=ORIENTED_EDGE('',*,*,#975,.F.);
#1267=ORIENTED_EDGE('',*,*,#976,.F.);
#1268=ORIENTED_EDGE('',*,*,#977,.F.);
#1269=ORIENTED_EDGE('',*,*,#978,.F.);
#1270=ORIENTED_EDGE('',*,*,#979,.F.);
#1271=ORIENTED_EDGE('',*,*,#980,.F.);
#1272=ORIENTED_EDGE('',*,*,#981,.F.);
#1273=ORIENTED_EDGE('',*,*,#982,.F.);
#1274=ORIENTED_EDGE('',*,*,#983,.F.);
#1275=ORIENTED_EDGE('',*,*,#984,.F.);
#1276=ORIENTED_EDGE('',*,*,#985,.F.);
#1277=ORIENTED_EDGE('',*,*,#986,.F.);
#1278=ORIENTED_EDGE('',*,*,#987,.F.);
#1279=ORIENTED_EDGE('',*,*,#988,.F.);
#1280=ORIENTED_EDGE('',*,*,#989,.F.);
#1281=ORIENTED_EDGE('',*,*,#990,.F.);
#1282=ORIENTED_EDGE('',*,*,#991,.F.);
#1283=ORIENTED_EDGE('',*,*,#992,.F.);
#1284=ORIENTED_EDGE('',*,*,#993,.F.);
#1285=ORIENTED_EDGE('',*,*,#994,.F.);
#1286=ORIENTED_EDGE('',*,*,#995,.F.);
#1287=ORIENTED_EDGE('',*,*,#996,.F.);
#1288=ORIENTED_EDGE('',*,*,#997,.F.);
#1289=ORIENTED_EDGE('',*,*,#998,.F.);
#1290=ORIENTED_EDGE('',*,*,#999,.F.);
#1291=ORIENTED_EDGE('',*,*,#1000,.F.);
#1292=ORIENTED_EDGE('',*,*,#1001,.F.);
#1293=ORIENTED_EDGE('',*,*,#1002,.F.);
#1294=ORIENTED_EDGE('',*,*,#1003,.F.);
#1295=ORIENTED_EDGE('',*,*,#1004,.F.);
#1296=ORIENTED_EDGE('',*,*,#1005,.F.);
#1297=ORIENTED_EDGE('',*,*,#1006,.F.);
#1298=ORIENTED_EDGE('',*,*,#1007,.F.);
#1299=ORIENTED_EDGE('',*,*,#1008,.F.);
#1300=ORIENTED_EDGE('',*,*,#1009,.F.);
#1301=ORIENTED_EDGE('',*,*,#1010,.F.);
#1302=ORIENTED_EDGE('',*,*,#1011,.F.);
#1303=ORIENTED_EDGE('',*,*,#1012,.F.);
#1304=ORIENTED_EDGE('',*,*,#1013,.F.);
#1305=ORIENTED_EDGE('',*,*,#1014,.F.);
#1306=ORIENTED_EDGE('',*,*,#1015,.F.);
#1307=ORIENTED_EDGE('',*,*,#1016,.F.);
#1308=ORIENTED_EDGE('',*,*,#1017,.F.);
#1309=ORIENTED_EDGE('',*,*,#1018,.F.);
#1310=ORIENTED_EDGE('',*,*,#1019,.F.);
#1311=ORIENTED_EDGE('',*,*,#1020,.F.);
#1312=ORIENTED_EDGE('',*,*,#1021,.F.);
#1313=ORIENTED_EDGE('',*,*,#1022,.F.);
#1314=ORIENTED_EDGE('',*,*,#1023,.F.);
#1315=ORIENTED_EDGE('',*,*,#1024,.F.);
#1316=ORIENTED_EDGE('',*,*,#1025,.F.);
#1317=ORIENTED_EDGE('',*,*,#1026,.F.);
#1318=ORIENTED_EDGE('',*,*,#1027,.F.);
#1319=ORIENTED_EDGE('',*,*,#1028,.F.);
#1320=ORIENTED_EDGE('',*,*,#1029,.F.);
#1321=ORIENTED_EDGE('',*,*,#1030,.F.);
#1322=ORIENTED_EDGE('',*,*,#1031,.F.);
#1323=ORIENTED_EDGE('',*,*,#1032,.F.);
#1324=ORIENTED_EDGE('',*,*,#1033,.F.);
#1325=ORIENTED_EDGE('',*,*,#1034,.F.);
#1326=ORIENTED_EDGE('',*,*,#1035,.F.);
#1327=ORIENTED_EDGE('',*,*,#1036,.F.);
#1328=ORIENTED_EDGE('',*,*,#1037,.F.);
#1329=ORIENTED_EDGE('',*,*,#1038,.F.);
#1330=ORIENTED_EDGE('',*,*,#1039,.F.);
#1331=ORIENTED_EDGE('',*,*,#1040,.F.);
#1332=ORIENTED_EDGE('',*,*,#1041,.F.);
#1333=ORIENTED_EDGE('',*,*,#1042,.F.);
#1334=ORIENTED_EDGE('',*,*,#1043,.F.);
#1335=ORIENTED_EDGE('',*,*,#1044,.F.);
#1336=ORIENTED_EDGE('',*,*,#1045,.F.);
#1337=ORIENTED_EDGE('',*,*,#1046,.F.);
#1338=ORIENTED_EDGE('',*,*,#1047,.F.);
#1339=ORIENTED_EDGE('',*,*,#1048,.F.);
#1340=ORIENTED_EDGE('',*,*,#1049,.F.);
#1341=ORIENTED_EDGE('',*,*,#1050,.F.);
#1342=ORIENTED_EDGE('',*,*,#1051,.F.);
#1343=ORIENTED_EDGE('',*,*,#1052,.F.);
#1344=ORIENTED_EDGE('',*,*,#1053,.F.);
#1345=ORIENTED_EDGE('',*,*,#1054,.F.);
#1346=ORIENTED_EDGE('',*,*,#1055,.F.);
#1347=ORIENTED_EDGE('',*,*,#1056,.F.);
#1348=ORIENTED_EDGE('',*,*,#1057,.F.);
#1349=ORIENTED_EDGE('',*,*,#1058,.F.);
#1350=ORIENTED_EDGE('',*,*,#1059,.F.);
#1351=ORIENTED_EDGE('',*,*,#1060,.F.);
#1352=ORIENTED_EDGE('',*,*,#1061,.F.);
#1353=ORIENTED_EDGE('',*,*,#1062,.F.);
#1354=ORIENTED_EDGE('',*,*,#1063,.F.);
#1355=ORIENTED_EDGE('',*,*,#1064,.F.);
#1356=ORIENTED_EDGE('',*,*,#1065,.F.);
#1357=ORIENTED_EDGE('',*,*,#1066,.F.);
#1358=ORIENTED_EDGE('',*,*,#1067,.F.);
#1359=ORIENTED_EDGE('',*,*,#1068,.F.);
#1360=ORIENTED_EDGE('',*,*,#1069,.F.);
#1361=ORIENTED_EDGE('',*,*,#1070,.F.);
#1362=ORIENTED_EDGE('',*,*,#1071,.F.);
#1363=ORIENTED_EDGE('',*,*,#1072,.F.);
#1364=ORIENTED_EDGE('',*,*,#1073,.F.);
#1365=ORIENTED_EDGE('',*,*,#1074,.F.);
#1366=ORIENTED_EDGE('',*,*,#1075,.F.);
#1367=ORIENTED_EDGE('',*,*,#1076,.F.);
#1368=ORIENTED_EDGE('',*,*,#1077,.F.);
#1369=ORIENTED_EDGE('',*,*,#1078,.F.);
#1370=ORIENTED_EDGE('',*,*,#1079,.F.);
#1371=ORIENTED_EDGE('',*,*,#1080,.F.);
#1372=ORIENTED_EDGE('',*,*,#1081,.F.);
#1373=ORIENTED_EDGE('',*,*,#1082,.F.);
#1374=ORIENTED_EDGE('',*,*,#1083,.F.);
#1375=ORIENTED_EDGE('',*,*,#1084,.F.);
#1376=ORIENTED_EDGE('',*,*,#1085,.F.);
#1377=ORIENTED_EDGE('',*,*,#1086,.F.);
#1378=ORIENTED_EDGE('',*,*,#1087,.F.);
#1379=ORIENTED_EDGE('',*,*,#1088,.F.);
#1380=ORIENTED_EDGE('',*,*,#1089,.F.);
#1381=ORIENTED_EDGE('',*,*,#1090,.F.);
#1382=ORIENTED_EDGE('',*,*,#1091,.F.);
#1383=ORIENTED_EDGE('',*,*,#1092,.F.);
#1384=ORIENTED_EDGE('',*,*,#1093,.F.);
#1385=ORIENTED_EDGE('',*,*,#1094,.F.);
#1386=ORIENTED_EDGE('',*,*,#1095,.F.);
#1387=ORIENTED_EDGE('',*,*,#1096,.F.);
#1388=ORIENTED_EDGE('',*,*,#1097,.F.);
#1389=ORIENTED_EDGE('',*,*,#1098,.F.);
#1390=ORIENTED_EDGE('',*,*,#1099,.F.);
#1391=ORIENTED_EDGE('',*,*,#1100,.F.);
#1392=ORIENTED_EDGE('',*,*,#1101,.F.);
#1393=ORIENTED_EDGE('',*,*,#1102,.F.);
#1394=ORIENTED_EDGE('',*,*,#1103,.F.);
#1395=ORIENTED_EDGE('',*,*,#1104,.F.);
#1396=ORIENTED_EDGE('',*,*,#1105,.F.);
#1397=ORIENTED_EDGE('',*,*,#1106,.F.);
#1398=ORIENTED_EDGE('',*,*,#1107,.F.);
#1399=ORIENTED_EDGE('',*,*,#1108,.F.);
#1400=ORIENTED_EDGE('',*,*,#1109,.F.);
#1401=ORIENTED_EDGE('',*,*,#1110,.F.);
#1402=ORIENTED_EDGE('',*,*,#1111,.F.);
#1403=ORIENTED_EDGE('',*,*,#1112,.F.);
#1404=ORIENTED_EDGE('',*,*,#1113,.F.);
#1405=ORIENTED_EDGE('',*,*,#1114,.F.);
#1406=ORIENTED_EDGE('',*,*,#1115,.F.);
#1407=ORIENTED_EDGE('',*,*,#1116,.F.);
#1408=ORIENTED_EDGE('',*,*,#1117,.F.);
#1409=ORIENTED_EDGE('',*,*,#1118,.F.);
#1410=ORIENTED_EDGE('',*,*,#1119,.F.);
#1411=ORIENTED_EDGE('',*,*,#1120,.F.);
#1412=ORIENTED_EDGE('',*,*,#1121,.F.);
#1413=ORIENTED_EDGE('',*,*,#1122,.F.);
#1414=ORIENTED_EDGE('',*,*,#1123,.F.);
#1415=ORIENTED_EDGE('',*,*,#1124,.F.);
#1416=ORIENTED_EDGE('',*,*,#1125,.F.);
#1417=ORIENTED_EDGE('',*,*,#1126,.F.);
#1418=ORIENTED_EDGE('',*,*,#1127,.F.);
#1419=ORIENTED_EDGE('',*,*,#1128,.F.);
#1420=ORIENTED_EDGE('',*,*,#1129,.F.);
#1421=ORIENTED_EDGE('',*,*,#1130,.F.);
#1422=ORIENTED_EDGE('',*,*,#1131,.F.);
#1423=ORIENTED_EDGE('',*,*,#1132,.F.);
#1424=ORIENTED_EDGE('',*,*,#1133,.F.);
#1425=ORIENTED_EDGE('',*,*,#1134,.F.);
#1426=ORIENTED_EDGE('',*,*,#1135,.F.);
#1427=ORIENTED_EDGE('',*,*,#1136,.F.);
#1428=ORIENTED_EDGE('',*,*,#1137,.F.);
#1429=ORIENTED_EDGE('',*,*,#1138,.F.);
#1430=ORIENTED_EDGE('',*,*,#1139,.F.);
#1431=ORIENTED_EDGE('',*,*,#1140,.F.);
#1432=ORIENTED_EDGE('',*,*,#1141,.F.);
#1433=ORIENTED_EDGE('',*,*,#966,.T.);
#1434=ORIENTED_EDGE('',*,*,#1142,.F.);
#1435=ORIENTED_EDGE('',*,*,#1143,.F.);
#1436=ORIENTED_EDGE('',*,*,#1144,.T.);
#1437=ORIENTED_EDGE('',*,*,#1078,.T.);
#1438=ORIENTED_EDGE('',*,*,#1145,.F.);
#1439=ORIENTED_EDGE('',*,*,#1088,.T.);
#1440=ORIENTED_EDGE('',*,*,#1146,.T.);
#1441=ORIENTED_EDGE('',*,*,#1070,.T.);
#1442=ORIENTED_EDGE('',*,*,#1147,.F.);
#1443=ORIENTED_EDGE('',*,*,#1080,.T.);
#1444=ORIENTED_EDGE('',*,*,#1148,.T.);
#1445=ORIENTED_EDGE('',*,*,#1062,.T.);
#1446=ORIENTED_EDGE('',*,*,#1149,.F.);
#1447=ORIENTED_EDGE('',*,*,#1072,.T.);
#1448=ORIENTED_EDGE('',*,*,#1150,.T.);
#1449=ORIENTED_EDGE('',*,*,#1054,.T.);
#1450=ORIENTED_EDGE('',*,*,#1151,.F.);
#1451=ORIENTED_EDGE('',*,*,#1064,.T.);
#1452=ORIENTED_EDGE('',*,*,#1152,.T.);
#1453=ORIENTED_EDGE('',*,*,#1056,.T.);
#1454=ORIENTED_EDGE('',*,*,#1153,.T.);
#1455=ORIENTED_EDGE('',*,*,#1154,.T.);
#1456=ORIENTED_EDGE('',*,*,#1155,.F.);
#1457=ORIENTED_EDGE('',*,*,#1008,.T.);
#1458=ORIENTED_EDGE('',*,*,#1156,.T.);
#1459=ORIENTED_EDGE('',*,*,#1086,.T.);
#1460=ORIENTED_EDGE('',*,*,#1157,.F.);
#1461=ORIENTED_EDGE('',*,*,#1000,.T.);
#1462=ORIENTED_EDGE('',*,*,#1158,.T.);
#1463=ORIENTED_EDGE('',*,*,#1006,.T.);
#1464=ORIENTED_EDGE('',*,*,#1159,.F.);
#1465=ORIENTED_EDGE('',*,*,#992,.T.);
#1466=ORIENTED_EDGE('',*,*,#1160,.T.);
#1467=ORIENTED_EDGE('',*,*,#998,.T.);
#1468=ORIENTED_EDGE('',*,*,#1161,.F.);
#1469=ORIENTED_EDGE('',*,*,#984,.T.);
#1470=ORIENTED_EDGE('',*,*,#1162,.T.);
#1471=ORIENTED_EDGE('',*,*,#990,.T.);
#1472=ORIENTED_EDGE('',*,*,#1163,.F.);
#1473=ORIENTED_EDGE('',*,*,#976,.T.);
#1474=ORIENTED_EDGE('',*,*,#1164,.T.);
#1475=ORIENTED_EDGE('',*,*,#982,.T.);
#1476=ORIENTED_EDGE('',*,*,#1165,.F.);
#1477=ORIENTED_EDGE('',*,*,#968,.T.);
#1478=ORIENTED_EDGE('',*,*,#1166,.T.);
#1479=ORIENTED_EDGE('',*,*,#974,.T.);
#1480=ORIENTED_EDGE('',*,*,#1167,.F.);
#1481=ORIENTED_EDGE('',*,*,#970,.T.);
#1482=ORIENTED_EDGE('',*,*,#1168,.T.);
#1483=ORIENTED_EDGE('',*,*,#1169,.T.);
#1484=ORIENTED_EDGE('',*,*,#1170,.F.);
#1485=ORIENTED_EDGE('',*,*,#1096,.T.);
#1486=ORIENTED_EDGE('',*,*,#1171,.F.);
#1487=ORIENTED_EDGE('',*,*,#1154,.F.);
#1488=ORIENTED_EDGE('',*,*,#1172,.T.);
#1489=ORIENTED_EDGE('',*,*,#1082,.T.);
#1490=ORIENTED_EDGE('',*,*,#1173,.T.);
#1491=ORIENTED_EDGE('',*,*,#1092,.T.);
#1492=ORIENTED_EDGE('',*,*,#1174,.F.);
#1493=ORIENTED_EDGE('',*,*,#1074,.T.);
#1494=ORIENTED_EDGE('',*,*,#1175,.T.);
#1495=ORIENTED_EDGE('',*,*,#1084,.T.);
#1496=ORIENTED_EDGE('',*,*,#1176,.F.);
#1497=ORIENTED_EDGE('',*,*,#1066,.T.);
#1498=ORIENTED_EDGE('',*,*,#1177,.T.);
#1499=ORIENTED_EDGE('',*,*,#1076,.T.);
#1500=ORIENTED_EDGE('',*,*,#1178,.F.);
#1501=ORIENTED_EDGE('',*,*,#1058,.T.);
#1502=ORIENTED_EDGE('',*,*,#1179,.T.);
#1503=ORIENTED_EDGE('',*,*,#1068,.T.);
#1504=ORIENTED_EDGE('',*,*,#1180,.F.);
#1505=ORIENTED_EDGE('',*,*,#1060,.T.);
#1506=ORIENTED_EDGE('',*,*,#1181,.F.);
#1507=ORIENTED_EDGE('',*,*,#1094,.T.);
#1508=ORIENTED_EDGE('',*,*,#1182,.T.);
#1509=ORIENTED_EDGE('',*,*,#1004,.T.);
#1510=ORIENTED_EDGE('',*,*,#1183,.F.);
#1511=ORIENTED_EDGE('',*,*,#1090,.T.);
#1512=ORIENTED_EDGE('',*,*,#1184,.T.);
#1513=ORIENTED_EDGE('',*,*,#996,.T.);
#1514=ORIENTED_EDGE('',*,*,#1185,.F.);
#1515=ORIENTED_EDGE('',*,*,#1002,.T.);
#1516=ORIENTED_EDGE('',*,*,#1186,.T.);
#1517=ORIENTED_EDGE('',*,*,#988,.T.);
#1518=ORIENTED_EDGE('',*,*,#1187,.F.);
#1519=ORIENTED_EDGE('',*,*,#994,.T.);
#1520=ORIENTED_EDGE('',*,*,#1188,.T.);
#1521=ORIENTED_EDGE('',*,*,#980,.T.);
#1522=ORIENTED_EDGE('',*,*,#1189,.F.);
#1523=ORIENTED_EDGE('',*,*,#986,.T.);
#1524=ORIENTED_EDGE('',*,*,#1190,.T.);
#1525=ORIENTED_EDGE('',*,*,#972,.T.);
#1526=ORIENTED_EDGE('',*,*,#1191,.F.);
#1527=ORIENTED_EDGE('',*,*,#978,.T.);
#1528=ORIENTED_EDGE('',*,*,#1192,.T.);
#1529=ORIENTED_EDGE('',*,*,#1134,.T.);
#1530=ORIENTED_EDGE('',*,*,#1193,.F.);
#1531=ORIENTED_EDGE('',*,*,#1194,.F.);
#1532=ORIENTED_EDGE('',*,*,#1195,.T.);
#1533=ORIENTED_EDGE('',*,*,#1126,.T.);
#1534=ORIENTED_EDGE('',*,*,#1196,.F.);
#1535=ORIENTED_EDGE('',*,*,#1136,.T.);
#1536=ORIENTED_EDGE('',*,*,#1197,.T.);
#1537=ORIENTED_EDGE('',*,*,#1118,.T.);
#1538=ORIENTED_EDGE('',*,*,#1198,.F.);
#1539=ORIENTED_EDGE('',*,*,#1128,.T.);
#1540=ORIENTED_EDGE('',*,*,#1199,.T.);
#1541=ORIENTED_EDGE('',*,*,#1110,.T.);
#1542=ORIENTED_EDGE('',*,*,#1200,.F.);
#1543=ORIENTED_EDGE('',*,*,#1120,.T.);
#1544=ORIENTED_EDGE('',*,*,#1201,.T.);
#1545=ORIENTED_EDGE('',*,*,#1102,.T.);
#1546=ORIENTED_EDGE('',*,*,#1202,.F.);
#1547=ORIENTED_EDGE('',*,*,#1112,.T.);
#1548=ORIENTED_EDGE('',*,*,#1203,.T.);
#1549=ORIENTED_EDGE('',*,*,#1010,.T.);
#1550=ORIENTED_EDGE('',*,*,#1204,.F.);
#1551=ORIENTED_EDGE('',*,*,#1104,.T.);
#1552=ORIENTED_EDGE('',*,*,#1205,.T.);
#1553=ORIENTED_EDGE('',*,*,#1052,.T.);
#1554=ORIENTED_EDGE('',*,*,#1206,.T.);
#1555=ORIENTED_EDGE('',*,*,#1143,.T.);
#1556=ORIENTED_EDGE('',*,*,#1207,.F.);
#1557=ORIENTED_EDGE('',*,*,#1044,.T.);
#1558=ORIENTED_EDGE('',*,*,#1208,.T.);
#1559=ORIENTED_EDGE('',*,*,#1050,.T.);
#1560=ORIENTED_EDGE('',*,*,#1209,.F.);
#1561=ORIENTED_EDGE('',*,*,#1036,.T.);
#1562=ORIENTED_EDGE('',*,*,#1210,.T.);
#1563=ORIENTED_EDGE('',*,*,#1042,.T.);
#1564=ORIENTED_EDGE('',*,*,#1211,.F.);
#1565=ORIENTED_EDGE('',*,*,#1028,.T.);
#1566=ORIENTED_EDGE('',*,*,#1212,.T.);
#1567=ORIENTED_EDGE('',*,*,#1034,.T.);
#1568=ORIENTED_EDGE('',*,*,#1213,.F.);
#1569=ORIENTED_EDGE('',*,*,#1020,.T.);
#1570=ORIENTED_EDGE('',*,*,#1214,.T.);
#1571=ORIENTED_EDGE('',*,*,#1026,.T.);
#1572=ORIENTED_EDGE('',*,*,#1215,.F.);
#1573=ORIENTED_EDGE('',*,*,#1012,.T.);
#1574=ORIENTED_EDGE('',*,*,#1216,.T.);
#1575=ORIENTED_EDGE('',*,*,#1018,.T.);
#1576=ORIENTED_EDGE('',*,*,#1217,.F.);
#1577=ORIENTED_EDGE('',*,*,#969,.T.);
#1578=ORIENTED_EDGE('',*,*,#1167,.T.);
#1579=ORIENTED_EDGE('',*,*,#977,.T.);
#1580=ORIENTED_EDGE('',*,*,#1165,.T.);
#1581=ORIENTED_EDGE('',*,*,#985,.T.);
#1582=ORIENTED_EDGE('',*,*,#1163,.T.);
#1583=ORIENTED_EDGE('',*,*,#993,.T.);
#1584=ORIENTED_EDGE('',*,*,#1161,.T.);
#1585=ORIENTED_EDGE('',*,*,#1001,.T.);
#1586=ORIENTED_EDGE('',*,*,#1159,.T.);
#1587=ORIENTED_EDGE('',*,*,#1009,.T.);
#1588=ORIENTED_EDGE('',*,*,#1157,.T.);
#1589=ORIENTED_EDGE('',*,*,#1089,.T.);
#1590=ORIENTED_EDGE('',*,*,#1145,.T.);
#1591=ORIENTED_EDGE('',*,*,#1081,.T.);
#1592=ORIENTED_EDGE('',*,*,#1147,.T.);
#1593=ORIENTED_EDGE('',*,*,#1073,.T.);
#1594=ORIENTED_EDGE('',*,*,#1149,.T.);
#1595=ORIENTED_EDGE('',*,*,#1065,.T.);
#1596=ORIENTED_EDGE('',*,*,#1151,.T.);
#1597=ORIENTED_EDGE('',*,*,#1057,.T.);
#1598=ORIENTED_EDGE('',*,*,#1155,.T.);
#1599=ORIENTED_EDGE('',*,*,#1171,.T.);
#1600=ORIENTED_EDGE('',*,*,#1095,.T.);
#1601=ORIENTED_EDGE('',*,*,#1181,.T.);
#1602=ORIENTED_EDGE('',*,*,#1059,.T.);
#1603=ORIENTED_EDGE('',*,*,#1180,.T.);
#1604=ORIENTED_EDGE('',*,*,#1067,.T.);
#1605=ORIENTED_EDGE('',*,*,#1178,.T.);
#1606=ORIENTED_EDGE('',*,*,#1075,.T.);
#1607=ORIENTED_EDGE('',*,*,#1176,.T.);
#1608=ORIENTED_EDGE('',*,*,#1083,.T.);
#1609=ORIENTED_EDGE('',*,*,#1174,.T.);
#1610=ORIENTED_EDGE('',*,*,#1091,.T.);
#1611=ORIENTED_EDGE('',*,*,#1183,.T.);
#1612=ORIENTED_EDGE('',*,*,#1003,.T.);
#1613=ORIENTED_EDGE('',*,*,#1185,.T.);
#1614=ORIENTED_EDGE('',*,*,#995,.T.);
#1615=ORIENTED_EDGE('',*,*,#1187,.T.);
#1616=ORIENTED_EDGE('',*,*,#987,.T.);
#1617=ORIENTED_EDGE('',*,*,#1189,.T.);
#1618=ORIENTED_EDGE('',*,*,#979,.T.);
#1619=ORIENTED_EDGE('',*,*,#1191,.T.);
#1620=ORIENTED_EDGE('',*,*,#971,.T.);
#1621=ORIENTED_EDGE('',*,*,#1170,.T.);
#1622=ORIENTED_EDGE('',*,*,#1218,.T.);
#1623=ORIENTED_EDGE('',*,*,#1047,.T.);
#1624=ORIENTED_EDGE('',*,*,#1219,.T.);
#1625=ORIENTED_EDGE('',*,*,#1039,.T.);
#1626=ORIENTED_EDGE('',*,*,#1220,.T.);
#1627=ORIENTED_EDGE('',*,*,#1031,.T.);
#1628=ORIENTED_EDGE('',*,*,#1221,.T.);
#1629=ORIENTED_EDGE('',*,*,#1023,.T.);
#1630=ORIENTED_EDGE('',*,*,#1222,.T.);
#1631=ORIENTED_EDGE('',*,*,#1015,.T.);
#1632=ORIENTED_EDGE('',*,*,#1223,.T.);
#1633=ORIENTED_EDGE('',*,*,#1099,.T.);
#1634=ORIENTED_EDGE('',*,*,#1224,.T.);
#1635=ORIENTED_EDGE('',*,*,#1107,.T.);
#1636=ORIENTED_EDGE('',*,*,#1225,.T.);
#1637=ORIENTED_EDGE('',*,*,#1115,.T.);
#1638=ORIENTED_EDGE('',*,*,#1226,.T.);
#1639=ORIENTED_EDGE('',*,*,#1123,.T.);
#1640=ORIENTED_EDGE('',*,*,#1227,.T.);
#1641=ORIENTED_EDGE('',*,*,#1131,.T.);
#1642=ORIENTED_EDGE('',*,*,#1228,.T.);
#1643=ORIENTED_EDGE('',*,*,#1139,.T.);
#1644=ORIENTED_EDGE('',*,*,#1229,.T.);
#1645=ORIENTED_EDGE('',*,*,#1193,.T.);
#1646=ORIENTED_EDGE('',*,*,#1137,.T.);
#1647=ORIENTED_EDGE('',*,*,#1196,.T.);
#1648=ORIENTED_EDGE('',*,*,#1129,.T.);
#1649=ORIENTED_EDGE('',*,*,#1198,.T.);
#1650=ORIENTED_EDGE('',*,*,#1121,.T.);
#1651=ORIENTED_EDGE('',*,*,#1200,.T.);
#1652=ORIENTED_EDGE('',*,*,#1113,.T.);
#1653=ORIENTED_EDGE('',*,*,#1202,.T.);
#1654=ORIENTED_EDGE('',*,*,#1105,.T.);
#1655=ORIENTED_EDGE('',*,*,#1204,.T.);
#1656=ORIENTED_EDGE('',*,*,#1013,.T.);
#1657=ORIENTED_EDGE('',*,*,#1217,.T.);
#1658=ORIENTED_EDGE('',*,*,#1021,.T.);
#1659=ORIENTED_EDGE('',*,*,#1215,.T.);
#1660=ORIENTED_EDGE('',*,*,#1029,.T.);
#1661=ORIENTED_EDGE('',*,*,#1213,.T.);
#1662=ORIENTED_EDGE('',*,*,#1037,.T.);
#1663=ORIENTED_EDGE('',*,*,#1211,.T.);
#1664=ORIENTED_EDGE('',*,*,#1045,.T.);
#1665=ORIENTED_EDGE('',*,*,#1209,.T.);
#1666=ORIENTED_EDGE('',*,*,#1053,.T.);
#1667=ORIENTED_EDGE('',*,*,#1207,.T.);
#1668=ORIENTED_EDGE('',*,*,#1142,.T.);
#1669=ORIENTED_EDGE('',*,*,#1138,.T.);
#1670=ORIENTED_EDGE('',*,*,#1230,.T.);
#1671=ORIENTED_EDGE('',*,*,#1194,.T.);
#1672=ORIENTED_EDGE('',*,*,#1229,.F.);
#1673=ORIENTED_EDGE('',*,*,#1130,.T.);
#1674=ORIENTED_EDGE('',*,*,#1231,.T.);
#1675=ORIENTED_EDGE('',*,*,#1140,.T.);
#1676=ORIENTED_EDGE('',*,*,#1228,.F.);
#1677=ORIENTED_EDGE('',*,*,#1122,.T.);
#1678=ORIENTED_EDGE('',*,*,#1232,.T.);
#1679=ORIENTED_EDGE('',*,*,#1132,.T.);
#1680=ORIENTED_EDGE('',*,*,#1227,.F.);
#1681=ORIENTED_EDGE('',*,*,#1114,.T.);
#1682=ORIENTED_EDGE('',*,*,#1233,.T.);
#1683=ORIENTED_EDGE('',*,*,#1124,.T.);
#1684=ORIENTED_EDGE('',*,*,#1226,.F.);
#1685=ORIENTED_EDGE('',*,*,#1106,.T.);
#1686=ORIENTED_EDGE('',*,*,#1234,.T.);
#1687=ORIENTED_EDGE('',*,*,#1116,.T.);
#1688=ORIENTED_EDGE('',*,*,#1225,.F.);
#1689=ORIENTED_EDGE('',*,*,#1098,.T.);
#1690=ORIENTED_EDGE('',*,*,#1235,.T.);
#1691=ORIENTED_EDGE('',*,*,#1108,.T.);
#1692=ORIENTED_EDGE('',*,*,#1224,.F.);
#1693=ORIENTED_EDGE('',*,*,#1048,.T.);
#1694=ORIENTED_EDGE('',*,*,#1218,.F.);
#1695=ORIENTED_EDGE('',*,*,#1169,.F.);
#1696=ORIENTED_EDGE('',*,*,#1236,.T.);
#1697=ORIENTED_EDGE('',*,*,#1040,.T.);
#1698=ORIENTED_EDGE('',*,*,#1219,.F.);
#1699=ORIENTED_EDGE('',*,*,#1046,.T.);
#1700=ORIENTED_EDGE('',*,*,#1237,.T.);
#1701=ORIENTED_EDGE('',*,*,#1032,.T.);
#1702=ORIENTED_EDGE('',*,*,#1220,.F.);
#1703=ORIENTED_EDGE('',*,*,#1038,.T.);
#1704=ORIENTED_EDGE('',*,*,#1238,.T.);
#1705=ORIENTED_EDGE('',*,*,#1024,.T.);
#1706=ORIENTED_EDGE('',*,*,#1221,.F.);
#1707=ORIENTED_EDGE('',*,*,#1030,.T.);
#1708=ORIENTED_EDGE('',*,*,#1239,.T.);
#1709=ORIENTED_EDGE('',*,*,#1016,.T.);
#1710=ORIENTED_EDGE('',*,*,#1222,.F.);
#1711=ORIENTED_EDGE('',*,*,#1022,.T.);
#1712=ORIENTED_EDGE('',*,*,#1240,.T.);
#1713=ORIENTED_EDGE('',*,*,#1014,.T.);
#1714=ORIENTED_EDGE('',*,*,#1241,.T.);
#1715=ORIENTED_EDGE('',*,*,#1100,.T.);
#1716=ORIENTED_EDGE('',*,*,#1223,.F.);
#1717=ORIENTED_EDGE('',*,*,#967,.T.);
#1718=ORIENTED_EDGE('',*,*,#1144,.F.);
#1719=ORIENTED_EDGE('',*,*,#1206,.F.);
#1720=ORIENTED_EDGE('',*,*,#1051,.T.);
#1721=ORIENTED_EDGE('',*,*,#1208,.F.);
#1722=ORIENTED_EDGE('',*,*,#1043,.T.);
#1723=ORIENTED_EDGE('',*,*,#1210,.F.);
#1724=ORIENTED_EDGE('',*,*,#1035,.T.);
#1725=ORIENTED_EDGE('',*,*,#1212,.F.);
#1726=ORIENTED_EDGE('',*,*,#1027,.T.);
#1727=ORIENTED_EDGE('',*,*,#1214,.F.);
#1728=ORIENTED_EDGE('',*,*,#1019,.T.);
#1729=ORIENTED_EDGE('',*,*,#1216,.F.);
#1730=ORIENTED_EDGE('',*,*,#1011,.T.);
#1731=ORIENTED_EDGE('',*,*,#1205,.F.);
#1732=ORIENTED_EDGE('',*,*,#1103,.T.);
#1733=ORIENTED_EDGE('',*,*,#1203,.F.);
#1734=ORIENTED_EDGE('',*,*,#1111,.T.);
#1735=ORIENTED_EDGE('',*,*,#1201,.F.);
#1736=ORIENTED_EDGE('',*,*,#1119,.T.);
#1737=ORIENTED_EDGE('',*,*,#1199,.F.);
#1738=ORIENTED_EDGE('',*,*,#1127,.T.);
#1739=ORIENTED_EDGE('',*,*,#1197,.F.);
#1740=ORIENTED_EDGE('',*,*,#1135,.T.);
#1741=ORIENTED_EDGE('',*,*,#1195,.F.);
#1742=ORIENTED_EDGE('',*,*,#1230,.F.);
#1743=ORIENTED_EDGE('',*,*,#1141,.T.);
#1744=ORIENTED_EDGE('',*,*,#1231,.F.);
#1745=ORIENTED_EDGE('',*,*,#1133,.T.);
#1746=ORIENTED_EDGE('',*,*,#1232,.F.);
#1747=ORIENTED_EDGE('',*,*,#1125,.T.);
#1748=ORIENTED_EDGE('',*,*,#1233,.F.);
#1749=ORIENTED_EDGE('',*,*,#1117,.T.);
#1750=ORIENTED_EDGE('',*,*,#1234,.F.);
#1751=ORIENTED_EDGE('',*,*,#1109,.T.);
#1752=ORIENTED_EDGE('',*,*,#1235,.F.);
#1753=ORIENTED_EDGE('',*,*,#1101,.T.);
#1754=ORIENTED_EDGE('',*,*,#1241,.F.);
#1755=ORIENTED_EDGE('',*,*,#1017,.T.);
#1756=ORIENTED_EDGE('',*,*,#1240,.F.);
#1757=ORIENTED_EDGE('',*,*,#1025,.T.);
#1758=ORIENTED_EDGE('',*,*,#1239,.F.);
#1759=ORIENTED_EDGE('',*,*,#1033,.T.);
#1760=ORIENTED_EDGE('',*,*,#1238,.F.);
#1761=ORIENTED_EDGE('',*,*,#1041,.T.);
#1762=ORIENTED_EDGE('',*,*,#1237,.F.);
#1763=ORIENTED_EDGE('',*,*,#1049,.T.);
#1764=ORIENTED_EDGE('',*,*,#1236,.F.);
#1765=ORIENTED_EDGE('',*,*,#1168,.F.);
#1766=ORIENTED_EDGE('',*,*,#973,.T.);
#1767=ORIENTED_EDGE('',*,*,#1192,.F.);
#1768=ORIENTED_EDGE('',*,*,#981,.T.);
#1769=ORIENTED_EDGE('',*,*,#1190,.F.);
#1770=ORIENTED_EDGE('',*,*,#989,.T.);
#1771=ORIENTED_EDGE('',*,*,#1188,.F.);
#1772=ORIENTED_EDGE('',*,*,#997,.T.);
#1773=ORIENTED_EDGE('',*,*,#1186,.F.);
#1774=ORIENTED_EDGE('',*,*,#1005,.T.);
#1775=ORIENTED_EDGE('',*,*,#1184,.F.);
#1776=ORIENTED_EDGE('',*,*,#1093,.T.);
#1777=ORIENTED_EDGE('',*,*,#1173,.F.);
#1778=ORIENTED_EDGE('',*,*,#1085,.T.);
#1779=ORIENTED_EDGE('',*,*,#1175,.F.);
#1780=ORIENTED_EDGE('',*,*,#1077,.T.);
#1781=ORIENTED_EDGE('',*,*,#1177,.F.);
#1782=ORIENTED_EDGE('',*,*,#1069,.T.);
#1783=ORIENTED_EDGE('',*,*,#1179,.F.);
#1784=ORIENTED_EDGE('',*,*,#1061,.T.);
#1785=ORIENTED_EDGE('',*,*,#1182,.F.);
#1786=ORIENTED_EDGE('',*,*,#1097,.T.);
#1787=ORIENTED_EDGE('',*,*,#1172,.F.);
#1788=ORIENTED_EDGE('',*,*,#1153,.F.);
#1789=ORIENTED_EDGE('',*,*,#1055,.T.);
#1790=ORIENTED_EDGE('',*,*,#1152,.F.);
#1791=ORIENTED_EDGE('',*,*,#1063,.T.);
#1792=ORIENTED_EDGE('',*,*,#1150,.F.);
#1793=ORIENTED_EDGE('',*,*,#1071,.T.);
#1794=ORIENTED_EDGE('',*,*,#1148,.F.);
#1795=ORIENTED_EDGE('',*,*,#1079,.T.);
#1796=ORIENTED_EDGE('',*,*,#1146,.F.);
#1797=ORIENTED_EDGE('',*,*,#1087,.T.);
#1798=ORIENTED_EDGE('',*,*,#1156,.F.);
#1799=ORIENTED_EDGE('',*,*,#1007,.T.);
#1800=ORIENTED_EDGE('',*,*,#1158,.F.);
#1801=ORIENTED_EDGE('',*,*,#999,.T.);
#1802=ORIENTED_EDGE('',*,*,#1160,.F.);
#1803=ORIENTED_EDGE('',*,*,#991,.T.);
#1804=ORIENTED_EDGE('',*,*,#1162,.F.);
#1805=ORIENTED_EDGE('',*,*,#983,.T.);
#1806=ORIENTED_EDGE('',*,*,#1164,.F.);
#1807=ORIENTED_EDGE('',*,*,#975,.T.);
#1808=ORIENTED_EDGE('',*,*,#1166,.F.);
#1809=ORIENTED_EDGE('',*,*,#1242,.F.);
#1810=ORIENTED_EDGE('',*,*,#1243,.T.);
#1811=ORIENTED_EDGE('',*,*,#1244,.F.);
#1812=ORIENTED_EDGE('',*,*,#1243,.F.);
#1813=ORIENTED_EDGE('',*,*,#1242,.T.);
#1814=ORIENTED_EDGE('',*,*,#1245,.T.);
#1815=ORIENTED_EDGE('',*,*,#1246,.T.);
#1816=ORIENTED_EDGE('',*,*,#1247,.F.);
#1817=ORIENTED_EDGE('',*,*,#1248,.F.);
#1818=ORIENTED_EDGE('',*,*,#1249,.T.);
#1819=ORIENTED_EDGE('',*,*,#1248,.T.);
#1820=ORIENTED_EDGE('',*,*,#1250,.F.);
#1821=ORIENTED_EDGE('',*,*,#1251,.F.);
#1822=ORIENTED_EDGE('',*,*,#1252,.T.);
#1823=ORIENTED_EDGE('',*,*,#1251,.T.);
#1824=ORIENTED_EDGE('',*,*,#1253,.F.);
#1825=ORIENTED_EDGE('',*,*,#1254,.F.);
#1826=ORIENTED_EDGE('',*,*,#1255,.T.);
#1827=ORIENTED_EDGE('',*,*,#1254,.T.);
#1828=ORIENTED_EDGE('',*,*,#1256,.F.);
#1829=ORIENTED_EDGE('',*,*,#1246,.F.);
#1830=ORIENTED_EDGE('',*,*,#1256,.T.);
#1831=ORIENTED_EDGE('',*,*,#1253,.T.);
#1832=ORIENTED_EDGE('',*,*,#1250,.T.);
#1833=ORIENTED_EDGE('',*,*,#1247,.T.);
#1834=ORIENTED_EDGE('',*,*,#1244,.T.);
#1835=ORIENTED_EDGE('',*,*,#1255,.F.);
#1836=ORIENTED_EDGE('',*,*,#1245,.F.);
#1837=ORIENTED_EDGE('',*,*,#1249,.F.);
#1838=ORIENTED_EDGE('',*,*,#1252,.F.);
#1839=CYLINDRICAL_SURFACE('',#2001,0.25);
#1840=CYLINDRICAL_SURFACE('',#2004,0.25);
#1841=CYLINDRICAL_SURFACE('',#2007,0.25);
#1842=CYLINDRICAL_SURFACE('',#2010,0.25);
#1843=CYLINDRICAL_SURFACE('',#2013,0.25);
#1844=CYLINDRICAL_SURFACE('',#2016,0.25);
#1845=CYLINDRICAL_SURFACE('',#2019,0.25);
#1846=CYLINDRICAL_SURFACE('',#2022,0.25);
#1847=CYLINDRICAL_SURFACE('',#2025,0.25);
#1848=CYLINDRICAL_SURFACE('',#2028,0.25);
#1849=CYLINDRICAL_SURFACE('',#2031,0.25);
#1850=CYLINDRICAL_SURFACE('',#2034,0.25);
#1851=CYLINDRICAL_SURFACE('',#2037,0.25);
#1852=CYLINDRICAL_SURFACE('',#2040,0.25);
#1853=CYLINDRICAL_SURFACE('',#2043,0.25);
#1854=CYLINDRICAL_SURFACE('',#2046,0.25);
#1855=CYLINDRICAL_SURFACE('',#2049,0.25);
#1856=CYLINDRICAL_SURFACE('',#2052,0.25);
#1857=CYLINDRICAL_SURFACE('',#2055,0.25);
#1858=CYLINDRICAL_SURFACE('',#2058,0.25);
#1859=CYLINDRICAL_SURFACE('',#2061,0.25);
#1860=CYLINDRICAL_SURFACE('',#2064,0.25);
#1861=CYLINDRICAL_SURFACE('',#2067,0.25);
#1862=CYLINDRICAL_SURFACE('',#2070,0.25);
#1863=CYLINDRICAL_SURFACE('',#2073,0.25);
#1864=CYLINDRICAL_SURFACE('',#2076,0.25);
#1865=CYLINDRICAL_SURFACE('',#2079,0.25);
#1866=CYLINDRICAL_SURFACE('',#2082,0.25);
#1867=CYLINDRICAL_SURFACE('',#2085,0.25);
#1868=CYLINDRICAL_SURFACE('',#2088,0.25);
#1869=CYLINDRICAL_SURFACE('',#2091,0.25);
#1870=CYLINDRICAL_SURFACE('',#2094,0.25);
#1871=CYLINDRICAL_SURFACE('',#2097,0.25);
#1872=CYLINDRICAL_SURFACE('',#2100,0.25);
#1873=CYLINDRICAL_SURFACE('',#2103,0.25);
#1874=CYLINDRICAL_SURFACE('',#2106,0.25);
#1875=CYLINDRICAL_SURFACE('',#2109,0.25);
#1876=CYLINDRICAL_SURFACE('',#2112,0.25);
#1877=CYLINDRICAL_SURFACE('',#2115,0.25);
#1878=CYLINDRICAL_SURFACE('',#2118,0.25);
#1879=CYLINDRICAL_SURFACE('',#2121,0.25);
#1880=CYLINDRICAL_SURFACE('',#2124,0.25);
#1881=CYLINDRICAL_SURFACE('',#2127,0.25);
#1882=CYLINDRICAL_SURFACE('',#2130,0.25);
#1883=CYLINDRICAL_SURFACE('',#2183,0.6);
#1884=ADVANCED_FACE('',(#75),#1839,.F.);
#1885=ADVANCED_FACE('',(#76),#1840,.F.);
#1886=ADVANCED_FACE('',(#77),#1841,.F.);
#1887=ADVANCED_FACE('',(#78),#1842,.F.);
#1888=ADVANCED_FACE('',(#79),#1843,.F.);
#1889=ADVANCED_FACE('',(#80),#1844,.F.);
#1890=ADVANCED_FACE('',(#81),#1845,.F.);
#1891=ADVANCED_FACE('',(#82),#1846,.F.);
#1892=ADVANCED_FACE('',(#83),#1847,.F.);
#1893=ADVANCED_FACE('',(#84),#1848,.F.);
#1894=ADVANCED_FACE('',(#85),#1849,.F.);
#1895=ADVANCED_FACE('',(#86),#1850,.F.);
#1896=ADVANCED_FACE('',(#87),#1851,.F.);
#1897=ADVANCED_FACE('',(#88),#1852,.F.);
#1898=ADVANCED_FACE('',(#89),#1853,.F.);
#1899=ADVANCED_FACE('',(#90),#1854,.F.);
#1900=ADVANCED_FACE('',(#91),#1855,.F.);
#1901=ADVANCED_FACE('',(#92),#1856,.F.);
#1902=ADVANCED_FACE('',(#93),#1857,.F.);
#1903=ADVANCED_FACE('',(#94),#1858,.F.);
#1904=ADVANCED_FACE('',(#95),#1859,.F.);
#1905=ADVANCED_FACE('',(#96),#1860,.F.);
#1906=ADVANCED_FACE('',(#97),#1861,.F.);
#1907=ADVANCED_FACE('',(#98),#1862,.F.);
#1908=ADVANCED_FACE('',(#99),#1863,.F.);
#1909=ADVANCED_FACE('',(#100),#1864,.F.);
#1910=ADVANCED_FACE('',(#101),#1865,.F.);
#1911=ADVANCED_FACE('',(#102),#1866,.F.);
#1912=ADVANCED_FACE('',(#103),#1867,.F.);
#1913=ADVANCED_FACE('',(#104),#1868,.F.);
#1914=ADVANCED_FACE('',(#105),#1869,.F.);
#1915=ADVANCED_FACE('',(#106),#1870,.F.);
#1916=ADVANCED_FACE('',(#107),#1871,.F.);
#1917=ADVANCED_FACE('',(#108),#1872,.F.);
#1918=ADVANCED_FACE('',(#109),#1873,.F.);
#1919=ADVANCED_FACE('',(#110),#1874,.F.);
#1920=ADVANCED_FACE('',(#111),#1875,.F.);
#1921=ADVANCED_FACE('',(#112),#1876,.F.);
#1922=ADVANCED_FACE('',(#113),#1877,.F.);
#1923=ADVANCED_FACE('',(#114),#1878,.F.);
#1924=ADVANCED_FACE('',(#115),#1879,.F.);
#1925=ADVANCED_FACE('',(#116),#1880,.F.);
#1926=ADVANCED_FACE('',(#117),#1881,.F.);
#1927=ADVANCED_FACE('',(#118),#1882,.F.);
#1928=ADVANCED_FACE('',(#119),#18,.T.);
#1929=ADVANCED_FACE('',(#120),#19,.T.);
#1930=ADVANCED_FACE('',(#121),#20,.T.);
#1931=ADVANCED_FACE('',(#122),#21,.T.);
#1932=ADVANCED_FACE('',(#123),#22,.T.);
#1933=ADVANCED_FACE('',(#124),#23,.T.);
#1934=ADVANCED_FACE('',(#125),#24,.T.);
#1935=ADVANCED_FACE('',(#126),#25,.T.);
#1936=ADVANCED_FACE('',(#127),#26,.T.);
#1937=ADVANCED_FACE('',(#128),#27,.T.);
#1938=ADVANCED_FACE('',(#129),#28,.T.);
#1939=ADVANCED_FACE('',(#130),#29,.T.);
#1940=ADVANCED_FACE('',(#131),#30,.T.);
#1941=ADVANCED_FACE('',(#132),#31,.T.);
#1942=ADVANCED_FACE('',(#133),#32,.T.);
#1943=ADVANCED_FACE('',(#134),#33,.T.);
#1944=ADVANCED_FACE('',(#135),#34,.T.);
#1945=ADVANCED_FACE('',(#136),#35,.T.);
#1946=ADVANCED_FACE('',(#137),#36,.T.);
#1947=ADVANCED_FACE('',(#138),#37,.T.);
#1948=ADVANCED_FACE('',(#139),#38,.T.);
#1949=ADVANCED_FACE('',(#140),#39,.T.);
#1950=ADVANCED_FACE('',(#141),#40,.T.);
#1951=ADVANCED_FACE('',(#142),#41,.T.);
#1952=ADVANCED_FACE('',(#143),#42,.T.);
#1953=ADVANCED_FACE('',(#144),#43,.T.);
#1954=ADVANCED_FACE('',(#145),#44,.T.);
#1955=ADVANCED_FACE('',(#146),#45,.T.);
#1956=ADVANCED_FACE('',(#147),#46,.T.);
#1957=ADVANCED_FACE('',(#148),#47,.T.);
#1958=ADVANCED_FACE('',(#149),#48,.T.);
#1959=ADVANCED_FACE('',(#150),#49,.T.);
#1960=ADVANCED_FACE('',(#151),#50,.T.);
#1961=ADVANCED_FACE('',(#152),#51,.T.);
#1962=ADVANCED_FACE('',(#153),#52,.T.);
#1963=ADVANCED_FACE('',(#154),#53,.T.);
#1964=ADVANCED_FACE('',(#155),#54,.T.);
#1965=ADVANCED_FACE('',(#156),#55,.T.);
#1966=ADVANCED_FACE('',(#157),#56,.T.);
#1967=ADVANCED_FACE('',(#158),#57,.T.);
#1968=ADVANCED_FACE('',(#159),#58,.T.);
#1969=ADVANCED_FACE('',(#160),#59,.T.);
#1970=ADVANCED_FACE('',(#161),#60,.T.);
#1971=ADVANCED_FACE('',(#162),#61,.T.);
#1972=ADVANCED_FACE('',(#163),#62,.T.);
#1973=ADVANCED_FACE('',(#164),#63,.T.);
#1974=ADVANCED_FACE('',(#165),#64,.T.);
#1975=ADVANCED_FACE('',(#166),#65,.T.);
#1976=ADVANCED_FACE('',(#167),#66,.T.);
#1977=ADVANCED_FACE('',(#168),#67,.F.);
#1978=ADVANCED_FACE('',(#169),#1883,.F.);
#1979=ADVANCED_FACE('',(#170),#68,.T.);
#1980=ADVANCED_FACE('',(#171),#69,.T.);
#1981=ADVANCED_FACE('',(#172),#70,.T.);
#1982=ADVANCED_FACE('',(#173),#71,.T.);
#1983=ADVANCED_FACE('',(#174),#72,.T.);
#1984=ADVANCED_FACE('',(#175,#13),#73,.T.);
#1985=ADVANCED_FACE('',(#176),#74,.F.);
#1986=CLOSED_SHELL('',(#1884,#1885,#1886,#1887,#1888,#1889,#1890,#1891,
#1892,#1893,#1894,#1895,#1896,#1897,#1898,#1899,#1900,#1901,#1902,#1903,
#1904,#1905,#1906,#1907,#1908,#1909,#1910,#1911,#1912,#1913,#1914,#1915,
#1916,#1917,#1918,#1919,#1920,#1921,#1922,#1923,#1924,#1925,#1926,#1927,
#1928,#1929,#1930,#1931,#1932,#1933,#1934,#1935,#1936,#1937,#1938,#1939,
#1940,#1941,#1942,#1943,#1944,#1945,#1946,#1947,#1948,#1949,#1950,#1951,
#1952,#1953,#1954,#1955,#1956,#1957,#1958,#1959,#1960,#1961,#1962,#1963,
#1964,#1965,#1966,#1967,#1968,#1969,#1970,#1971,#1972,#1973,#1974,#1975,
#1976,#1977));
#1987=CLOSED_SHELL('',(#1978,#1979,#1980,#1981,#1982,#1983,#1984,#1985));
#1988=DERIVED_UNIT_ELEMENT(#1990,1.);
#1989=DERIVED_UNIT_ELEMENT(#3373,-3.);
#1990=(
MASS_UNIT()
NAMED_UNIT(*)
SI_UNIT(.KILO.,.GRAM.)
);
#1991=DERIVED_UNIT((#1988,#1989));
#1992=MEASURE_REPRESENTATION_ITEM('density measure',
POSITIVE_RATIO_MEASURE(7850.),#1991);
#1993=PROPERTY_DEFINITION_REPRESENTATION(#1998,#1995);
#1994=PROPERTY_DEFINITION_REPRESENTATION(#1999,#1996);
#1995=REPRESENTATION('material name',(#1997),#3370);
#1996=REPRESENTATION('density',(#1992),#3370);
#1997=DESCRIPTIVE_REPRESENTATION_ITEM('Steel','Steel');
#1998=PROPERTY_DEFINITION('material property','material name',#3380);
#1999=PROPERTY_DEFINITION('material property','density of part',#3380);
#2000=AXIS2_PLACEMENT_3D('',#2780,#2193,#2194);
#2001=AXIS2_PLACEMENT_3D('',#2781,#2195,#2196);
#2002=AXIS2_PLACEMENT_3D('',#2786,#2198,#2199);
#2003=AXIS2_PLACEMENT_3D('',#2789,#2201,#2202);
#2004=AXIS2_PLACEMENT_3D('',#2790,#2203,#2204);
#2005=AXIS2_PLACEMENT_3D('',#2795,#2206,#2207);
#2006=AXIS2_PLACEMENT_3D('',#2798,#2209,#2210);
#2007=AXIS2_PLACEMENT_3D('',#2799,#2211,#2212);
#2008=AXIS2_PLACEMENT_3D('',#2804,#2214,#2215);
#2009=AXIS2_PLACEMENT_3D('',#2807,#2217,#2218);
#2010=AXIS2_PLACEMENT_3D('',#2808,#2219,#2220);
#2011=AXIS2_PLACEMENT_3D('',#2813,#2222,#2223);
#2012=AXIS2_PLACEMENT_3D('',#2816,#2225,#2226);
#2013=AXIS2_PLACEMENT_3D('',#2817,#2227,#2228);
#2014=AXIS2_PLACEMENT_3D('',#2822,#2230,#2231);
#2015=AXIS2_PLACEMENT_3D('',#2825,#2233,#2234);
#2016=AXIS2_PLACEMENT_3D('',#2826,#2235,#2236);
#2017=AXIS2_PLACEMENT_3D('',#2831,#2238,#2239);
#2018=AXIS2_PLACEMENT_3D('',#2834,#2241,#2242);
#2019=AXIS2_PLACEMENT_3D('',#2835,#2243,#2244);
#2020=AXIS2_PLACEMENT_3D('',#2840,#2246,#2247);
#2021=AXIS2_PLACEMENT_3D('',#2843,#2249,#2250);
#2022=AXIS2_PLACEMENT_3D('',#2844,#2251,#2252);
#2023=AXIS2_PLACEMENT_3D('',#2849,#2254,#2255);
#2024=AXIS2_PLACEMENT_3D('',#2852,#2257,#2258);
#2025=AXIS2_PLACEMENT_3D('',#2853,#2259,#2260);
#2026=AXIS2_PLACEMENT_3D('',#2858,#2262,#2263);
#2027=AXIS2_PLACEMENT_3D('',#2861,#2265,#2266);
#2028=AXIS2_PLACEMENT_3D('',#2862,#2267,#2268);
#2029=AXIS2_PLACEMENT_3D('',#2867,#2270,#2271);
#2030=AXIS2_PLACEMENT_3D('',#2870,#2273,#2274);
#2031=AXIS2_PLACEMENT_3D('',#2871,#2275,#2276);
#2032=AXIS2_PLACEMENT_3D('',#2876,#2278,#2279);
#2033=AXIS2_PLACEMENT_3D('',#2879,#2281,#2282);
#2034=AXIS2_PLACEMENT_3D('',#2880,#2283,#2284);
#2035=AXIS2_PLACEMENT_3D('',#2885,#2286,#2287);
#2036=AXIS2_PLACEMENT_3D('',#2888,#2289,#2290);
#2037=AXIS2_PLACEMENT_3D('',#2889,#2291,#2292);
#2038=AXIS2_PLACEMENT_3D('',#2894,#2294,#2295);
#2039=AXIS2_PLACEMENT_3D('',#2897,#2297,#2298);
#2040=AXIS2_PLACEMENT_3D('',#2898,#2299,#2300);
#2041=AXIS2_PLACEMENT_3D('',#2903,#2302,#2303);
#2042=AXIS2_PLACEMENT_3D('',#2906,#2305,#2306);
#2043=AXIS2_PLACEMENT_3D('',#2907,#2307,#2308);
#2044=AXIS2_PLACEMENT_3D('',#2912,#2310,#2311);
#2045=AXIS2_PLACEMENT_3D('',#2915,#2313,#2314);
#2046=AXIS2_PLACEMENT_3D('',#2916,#2315,#2316);
#2047=AXIS2_PLACEMENT_3D('',#2921,#2318,#2319);
#2048=AXIS2_PLACEMENT_3D('',#2924,#2321,#2322);
#2049=AXIS2_PLACEMENT_3D('',#2925,#2323,#2324);
#2050=AXIS2_PLACEMENT_3D('',#2930,#2326,#2327);
#2051=AXIS2_PLACEMENT_3D('',#2933,#2329,#2330);
#2052=AXIS2_PLACEMENT_3D('',#2934,#2331,#2332);
#2053=AXIS2_PLACEMENT_3D('',#2939,#2334,#2335);
#2054=AXIS2_PLACEMENT_3D('',#2942,#2337,#2338);
#2055=AXIS2_PLACEMENT_3D('',#2943,#2339,#2340);
#2056=AXIS2_PLACEMENT_3D('',#2948,#2342,#2343);
#2057=AXIS2_PLACEMENT_3D('',#2951,#2345,#2346);
#2058=AXIS2_PLACEMENT_3D('',#2952,#2347,#2348);
#2059=AXIS2_PLACEMENT_3D('',#2957,#2350,#2351);
#2060=AXIS2_PLACEMENT_3D('',#2960,#2353,#2354);
#2061=AXIS2_PLACEMENT_3D('',#2961,#2355,#2356);
#2062=AXIS2_PLACEMENT_3D('',#2966,#2358,#2359);
#2063=AXIS2_PLACEMENT_3D('',#2969,#2361,#2362);
#2064=AXIS2_PLACEMENT_3D('',#2970,#2363,#2364);
#2065=AXIS2_PLACEMENT_3D('',#2975,#2366,#2367);
#2066=AXIS2_PLACEMENT_3D('',#2978,#2369,#2370);
#2067=AXIS2_PLACEMENT_3D('',#2979,#2371,#2372);
#2068=AXIS2_PLACEMENT_3D('',#2984,#2374,#2375);
#2069=AXIS2_PLACEMENT_3D('',#2987,#2377,#2378);
#2070=AXIS2_PLACEMENT_3D('',#2988,#2379,#2380);
#2071=AXIS2_PLACEMENT_3D('',#2993,#2382,#2383);
#2072=AXIS2_PLACEMENT_3D('',#2996,#2385,#2386);
#2073=AXIS2_PLACEMENT_3D('',#2997,#2387,#2388);
#2074=AXIS2_PLACEMENT_3D('',#3002,#2390,#2391);
#2075=AXIS2_PLACEMENT_3D('',#3005,#2393,#2394);
#2076=AXIS2_PLACEMENT_3D('',#3006,#2395,#2396);
#2077=AXIS2_PLACEMENT_3D('',#3011,#2398,#2399);
#2078=AXIS2_PLACEMENT_3D('',#3014,#2401,#2402);
#2079=AXIS2_PLACEMENT_3D('',#3015,#2403,#2404);
#2080=AXIS2_PLACEMENT_3D('',#3020,#2406,#2407);
#2081=AXIS2_PLACEMENT_3D('',#3023,#2409,#2410);
#2082=AXIS2_PLACEMENT_3D('',#3024,#2411,#2412);
#2083=AXIS2_PLACEMENT_3D('',#3029,#2414,#2415);
#2084=AXIS2_PLACEMENT_3D('',#3032,#2417,#2418);
#2085=AXIS2_PLACEMENT_3D('',#3033,#2419,#2420);
#2086=AXIS2_PLACEMENT_3D('',#3038,#2422,#2423);
#2087=AXIS2_PLACEMENT_3D('',#3041,#2425,#2426);
#2088=AXIS2_PLACEMENT_3D('',#3042,#2427,#2428);
#2089=AXIS2_PLACEMENT_3D('',#3047,#2430,#2431);
#2090=AXIS2_PLACEMENT_3D('',#3050,#2433,#2434);
#2091=AXIS2_PLACEMENT_3D('',#3051,#2435,#2436);
#2092=AXIS2_PLACEMENT_3D('',#3056,#2438,#2439);
#2093=AXIS2_PLACEMENT_3D('',#3059,#2441,#2442);
#2094=AXIS2_PLACEMENT_3D('',#3060,#2443,#2444);
#2095=AXIS2_PLACEMENT_3D('',#3065,#2446,#2447);
#2096=AXIS2_PLACEMENT_3D('',#3068,#2449,#2450);
#2097=AXIS2_PLACEMENT_3D('',#3069,#2451,#2452);
#2098=AXIS2_PLACEMENT_3D('',#3074,#2454,#2455);
#2099=AXIS2_PLACEMENT_3D('',#3077,#2457,#2458);
#2100=AXIS2_PLACEMENT_3D('',#3078,#2459,#2460);
#2101=AXIS2_PLACEMENT_3D('',#3083,#2462,#2463);
#2102=AXIS2_PLACEMENT_3D('',#3086,#2465,#2466);
#2103=AXIS2_PLACEMENT_3D('',#3087,#2467,#2468);
#2104=AXIS2_PLACEMENT_3D('',#3092,#2470,#2471);
#2105=AXIS2_PLACEMENT_3D('',#3095,#2473,#2474);
#2106=AXIS2_PLACEMENT_3D('',#3096,#2475,#2476);
#2107=AXIS2_PLACEMENT_3D('',#3101,#2478,#2479);
#2108=AXIS2_PLACEMENT_3D('',#3104,#2481,#2482);
#2109=AXIS2_PLACEMENT_3D('',#3105,#2483,#2484);
#2110=AXIS2_PLACEMENT_3D('',#3110,#2486,#2487);
#2111=AXIS2_PLACEMENT_3D('',#3113,#2489,#2490);
#2112=AXIS2_PLACEMENT_3D('',#3114,#2491,#2492);
#2113=AXIS2_PLACEMENT_3D('',#3119,#2494,#2495);
#2114=AXIS2_PLACEMENT_3D('',#3122,#2497,#2498);
#2115=AXIS2_PLACEMENT_3D('',#3123,#2499,#2500);
#2116=AXIS2_PLACEMENT_3D('',#3128,#2502,#2503);
#2117=AXIS2_PLACEMENT_3D('',#3131,#2505,#2506);
#2118=AXIS2_PLACEMENT_3D('',#3132,#2507,#2508);
#2119=AXIS2_PLACEMENT_3D('',#3137,#2510,#2511);
#2120=AXIS2_PLACEMENT_3D('',#3140,#2513,#2514);
#2121=AXIS2_PLACEMENT_3D('',#3141,#2515,#2516);
#2122=AXIS2_PLACEMENT_3D('',#3146,#2518,#2519);
#2123=AXIS2_PLACEMENT_3D('',#3149,#2521,#2522);
#2124=AXIS2_PLACEMENT_3D('',#3150,#2523,#2524);
#2125=AXIS2_PLACEMENT_3D('',#3155,#2526,#2527);
#2126=AXIS2_PLACEMENT_3D('',#3158,#2529,#2530);
#2127=AXIS2_PLACEMENT_3D('',#3159,#2531,#2532);
#2128=AXIS2_PLACEMENT_3D('',#3164,#2534,#2535);
#2129=AXIS2_PLACEMENT_3D('',#3167,#2537,#2538);
#2130=AXIS2_PLACEMENT_3D('',#3168,#2539,#2540);
#2131=AXIS2_PLACEMENT_3D('',#3173,#2542,#2543);
#2132=AXIS2_PLACEMENT_3D('',#3176,#2545,#2546);
#2133=AXIS2_PLACEMENT_3D('',#3177,#2547,#2548);
#2134=AXIS2_PLACEMENT_3D('',#3183,#2552,#2553);
#2135=AXIS2_PLACEMENT_3D('',#3186,#2556,#2557);
#2136=AXIS2_PLACEMENT_3D('',#3189,#2560,#2561);
#2137=AXIS2_PLACEMENT_3D('',#3192,#2564,#2565);
#2138=AXIS2_PLACEMENT_3D('',#3195,#2568,#2569);
#2139=AXIS2_PLACEMENT_3D('',#3201,#2573,#2574);
#2140=AXIS2_PLACEMENT_3D('',#3204,#2577,#2578);
#2141=AXIS2_PLACEMENT_3D('',#3207,#2581,#2582);
#2142=AXIS2_PLACEMENT_3D('',#3210,#2585,#2586);
#2143=AXIS2_PLACEMENT_3D('',#3213,#2589,#2590);
#2144=AXIS2_PLACEMENT_3D('',#3216,#2593,#2594);
#2145=AXIS2_PLACEMENT_3D('',#3219,#2597,#2598);
#2146=AXIS2_PLACEMENT_3D('',#3225,#2602,#2603);
#2147=AXIS2_PLACEMENT_3D('',#3228,#2606,#2607);
#2148=AXIS2_PLACEMENT_3D('',#3231,#2610,#2611);
#2149=AXIS2_PLACEMENT_3D('',#3234,#2614,#2615);
#2150=AXIS2_PLACEMENT_3D('',#3237,#2618,#2619);
#2151=AXIS2_PLACEMENT_3D('',#3240,#2622,#2623);
#2152=AXIS2_PLACEMENT_3D('',#3243,#2626,#2627);
#2153=AXIS2_PLACEMENT_3D('',#3246,#2630,#2631);
#2154=AXIS2_PLACEMENT_3D('',#3249,#2634,#2635);
#2155=AXIS2_PLACEMENT_3D('',#3252,#2638,#2639);
#2156=AXIS2_PLACEMENT_3D('',#3255,#2642,#2643);
#2157=AXIS2_PLACEMENT_3D('',#3258,#2646,#2647);
#2158=AXIS2_PLACEMENT_3D('',#3264,#2651,#2652);
#2159=AXIS2_PLACEMENT_3D('',#3267,#2655,#2656);
#2160=AXIS2_PLACEMENT_3D('',#3270,#2659,#2660);
#2161=AXIS2_PLACEMENT_3D('',#3273,#2663,#2664);
#2162=AXIS2_PLACEMENT_3D('',#3276,#2667,#2668);
#2163=AXIS2_PLACEMENT_3D('',#3279,#2671,#2672);
#2164=AXIS2_PLACEMENT_3D('',#3282,#2675,#2676);
#2165=AXIS2_PLACEMENT_3D('',#3285,#2679,#2680);
#2166=AXIS2_PLACEMENT_3D('',#3288,#2683,#2684);
#2167=AXIS2_PLACEMENT_3D('',#3291,#2687,#2688);
#2168=AXIS2_PLACEMENT_3D('',#3294,#2691,#2692);
#2169=AXIS2_PLACEMENT_3D('',#3297,#2695,#2696);
#2170=AXIS2_PLACEMENT_3D('',#3310,#2709,#2710);
#2171=AXIS2_PLACEMENT_3D('',#3312,#2712,#2713);
#2172=AXIS2_PLACEMENT_3D('',#3314,#2715,#2716);
#2173=AXIS2_PLACEMENT_3D('',#3316,#2718,#2719);
#2174=AXIS2_PLACEMENT_3D('',#3318,#2721,#2722);
#2175=AXIS2_PLACEMENT_3D('',#3320,#2724,#2725);
#2176=AXIS2_PLACEMENT_3D('',#3322,#2727,#2728);
#2177=AXIS2_PLACEMENT_3D('',#3324,#2730,#2731);
#2178=AXIS2_PLACEMENT_3D('',#3326,#2733,#2734);
#2179=AXIS2_PLACEMENT_3D('',#3328,#2736,#2737);
#2180=AXIS2_PLACEMENT_3D('',#3330,#2739,#2740);
#2181=AXIS2_PLACEMENT_3D('',#3332,#2742,#2743);
#2182=AXIS2_PLACEMENT_3D('',#3334,#2745,#2746);
#2183=AXIS2_PLACEMENT_3D('',#3335,#2747,#2748);
#2184=AXIS2_PLACEMENT_3D('',#3337,#2749,#2750);
#2185=AXIS2_PLACEMENT_3D('',#3340,#2752,#2753);
#2186=AXIS2_PLACEMENT_3D('',#3341,#2754,#2755);
#2187=AXIS2_PLACEMENT_3D('',#3342,#2756,#2757);
#2188=AXIS2_PLACEMENT_3D('',#3351,#2762,#2763);
#2189=AXIS2_PLACEMENT_3D('',#3357,#2767,#2768);
#2190=AXIS2_PLACEMENT_3D('',#3363,#2772,#2773);
#2191=AXIS2_PLACEMENT_3D('',#3366,#2776,#2777);
#2192=AXIS2_PLACEMENT_3D('',#3367,#2778,#2779);
#2193=DIRECTION('axis',(0.,0.,1.));
#2194=DIRECTION('refdir',(1.,0.,0.));
#2195=DIRECTION('center_axis',(0.,0.,1.));
#2196=DIRECTION('ref_axis',(1.,0.,0.));
#2197=DIRECTION('',(0.,0.,1.));
#2198=DIRECTION('center_axis',(0.,0.,1.));
#2199=DIRECTION('ref_axis',(1.,0.,0.));
#2200=DIRECTION('',(0.,0.,-1.));
#2201=DIRECTION('center_axis',(0.,0.,-1.));
#2202=DIRECTION('ref_axis',(1.,0.,0.));
#2203=DIRECTION('center_axis',(0.,0.,1.));
#2204=DIRECTION('ref_axis',(1.,0.,0.));
#2205=DIRECTION('',(0.,0.,-1.));
#2206=DIRECTION('center_axis',(0.,0.,-1.));
#2207=DIRECTION('ref_axis',(1.,0.,0.));
#2208=DIRECTION('',(0.,0.,1.));
#2209=DIRECTION('center_axis',(0.,0.,1.));
#2210=DIRECTION('ref_axis',(1.,0.,0.));
#2211=DIRECTION('center_axis',(0.,0.,1.));
#2212=DIRECTION('ref_axis',(1.,0.,0.));
#2213=DIRECTION('',(0.,0.,1.));
#2214=DIRECTION('center_axis',(0.,0.,1.));
#2215=DIRECTION('ref_axis',(1.,0.,0.));
#2216=DIRECTION('',(0.,0.,-1.));
#2217=DIRECTION('center_axis',(0.,0.,-1.));
#2218=DIRECTION('ref_axis',(1.,0.,0.));
#2219=DIRECTION('center_axis',(0.,0.,1.));
#2220=DIRECTION('ref_axis',(1.,0.,0.));
#2221=DIRECTION('',(0.,0.,-1.));
#2222=DIRECTION('center_axis',(0.,0.,-1.));
#2223=DIRECTION('ref_axis',(1.,0.,0.));
#2224=DIRECTION('',(0.,0.,1.));
#2225=DIRECTION('center_axis',(0.,0.,1.));
#2226=DIRECTION('ref_axis',(1.,0.,0.));
#2227=DIRECTION('center_axis',(0.,0.,1.));
#2228=DIRECTION('ref_axis',(1.,0.,0.));
#2229=DIRECTION('',(0.,0.,1.));
#2230=DIRECTION('center_axis',(0.,0.,1.));
#2231=DIRECTION('ref_axis',(1.,0.,0.));
#2232=DIRECTION('',(0.,0.,-1.));
#2233=DIRECTION('center_axis',(0.,0.,-1.));
#2234=DIRECTION('ref_axis',(1.,0.,0.));
#2235=DIRECTION('center_axis',(0.,0.,1.));
#2236=DIRECTION('ref_axis',(1.,0.,0.));
#2237=DIRECTION('',(0.,0.,-1.));
#2238=DIRECTION('center_axis',(0.,0.,-1.));
#2239=DIRECTION('ref_axis',(1.,0.,0.));
#2240=DIRECTION('',(0.,0.,1.));
#2241=DIRECTION('center_axis',(0.,0.,1.));
#2242=DIRECTION('ref_axis',(1.,0.,0.));
#2243=DIRECTION('center_axis',(0.,0.,1.));
#2244=DIRECTION('ref_axis',(1.,0.,0.));
#2245=DIRECTION('',(0.,0.,1.));
#2246=DIRECTION('center_axis',(0.,0.,1.));
#2247=DIRECTION('ref_axis',(1.,0.,0.));
#2248=DIRECTION('',(0.,0.,-1.));
#2249=DIRECTION('center_axis',(0.,0.,-1.));
#2250=DIRECTION('ref_axis',(1.,0.,0.));
#2251=DIRECTION('center_axis',(0.,0.,1.));
#2252=DIRECTION('ref_axis',(1.,0.,0.));
#2253=DIRECTION('',(0.,0.,-1.));
#2254=DIRECTION('center_axis',(0.,0.,-1.));
#2255=DIRECTION('ref_axis',(1.,0.,0.));
#2256=DIRECTION('',(0.,0.,1.));
#2257=DIRECTION('center_axis',(0.,0.,1.));
#2258=DIRECTION('ref_axis',(1.,0.,0.));
#2259=DIRECTION('center_axis',(0.,0.,1.));
#2260=DIRECTION('ref_axis',(1.,0.,0.));
#2261=DIRECTION('',(0.,0.,1.));
#2262=DIRECTION('center_axis',(0.,0.,1.));
#2263=DIRECTION('ref_axis',(1.,0.,0.));
#2264=DIRECTION('',(0.,0.,-1.));
#2265=DIRECTION('center_axis',(0.,0.,-1.));
#2266=DIRECTION('ref_axis',(1.,0.,0.));
#2267=DIRECTION('center_axis',(0.,0.,1.));
#2268=DIRECTION('ref_axis',(1.,0.,0.));
#2269=DIRECTION('',(0.,0.,-1.));
#2270=DIRECTION('center_axis',(0.,0.,-1.));
#2271=DIRECTION('ref_axis',(1.,0.,0.));
#2272=DIRECTION('',(0.,0.,1.));
#2273=DIRECTION('center_axis',(0.,0.,1.));
#2274=DIRECTION('ref_axis',(1.,0.,0.));
#2275=DIRECTION('center_axis',(0.,0.,1.));
#2276=DIRECTION('ref_axis',(1.,0.,0.));
#2277=DIRECTION('',(0.,0.,1.));
#2278=DIRECTION('center_axis',(0.,0.,1.));
#2279=DIRECTION('ref_axis',(1.,0.,0.));
#2280=DIRECTION('',(0.,0.,-1.));
#2281=DIRECTION('center_axis',(0.,0.,-1.));
#2282=DIRECTION('ref_axis',(1.,0.,0.));
#2283=DIRECTION('center_axis',(0.,0.,1.));
#2284=DIRECTION('ref_axis',(1.,0.,0.));
#2285=DIRECTION('',(0.,0.,1.));
#2286=DIRECTION('center_axis',(0.,0.,1.));
#2287=DIRECTION('ref_axis',(1.,0.,0.));
#2288=DIRECTION('',(0.,0.,-1.));
#2289=DIRECTION('center_axis',(0.,0.,-1.));
#2290=DIRECTION('ref_axis',(1.,0.,0.));
#2291=DIRECTION('center_axis',(0.,0.,1.));
#2292=DIRECTION('ref_axis',(-1.,1.22464679914735E-16,0.));
#2293=DIRECTION('',(0.,0.,-1.));
#2294=DIRECTION('center_axis',(0.,0.,-1.));
#2295=DIRECTION('ref_axis',(1.,0.,0.));
#2296=DIRECTION('',(0.,0.,1.));
#2297=DIRECTION('center_axis',(0.,0.,1.));
#2298=DIRECTION('ref_axis',(1.,0.,0.));
#2299=DIRECTION('center_axis',(0.,0.,1.));
#2300=DIRECTION('ref_axis',(1.,0.,0.));
#2301=DIRECTION('',(0.,0.,1.));
#2302=DIRECTION('center_axis',(0.,0.,1.));
#2303=DIRECTION('ref_axis',(1.,0.,0.));
#2304=DIRECTION('',(0.,0.,-1.));
#2305=DIRECTION('center_axis',(0.,0.,-1.));
#2306=DIRECTION('ref_axis',(1.,0.,0.));
#2307=DIRECTION('center_axis',(0.,0.,1.));
#2308=DIRECTION('ref_axis',(-1.,1.22464679914735E-16,0.));
#2309=DIRECTION('',(0.,0.,-1.));
#2310=DIRECTION('center_axis',(0.,0.,-1.));
#2311=DIRECTION('ref_axis',(1.,0.,0.));
#2312=DIRECTION('',(0.,0.,1.));
#2313=DIRECTION('center_axis',(0.,0.,1.));
#2314=DIRECTION('ref_axis',(1.,0.,0.));
#2315=DIRECTION('center_axis',(0.,0.,1.));
#2316=DIRECTION('ref_axis',(1.,0.,0.));
#2317=DIRECTION('',(0.,0.,1.));
#2318=DIRECTION('center_axis',(0.,0.,1.));
#2319=DIRECTION('ref_axis',(1.,0.,0.));
#2320=DIRECTION('',(0.,0.,-1.));
#2321=DIRECTION('center_axis',(0.,0.,-1.));
#2322=DIRECTION('ref_axis',(1.,0.,0.));
#2323=DIRECTION('center_axis',(0.,0.,1.));
#2324=DIRECTION('ref_axis',(-1.,1.22464679914735E-16,0.));
#2325=DIRECTION('',(0.,0.,-1.));
#2326=DIRECTION('center_axis',(0.,0.,-1.));
#2327=DIRECTION('ref_axis',(1.,0.,0.));
#2328=DIRECTION('',(0.,0.,1.));
#2329=DIRECTION('center_axis',(0.,0.,1.));
#2330=DIRECTION('ref_axis',(1.,0.,0.));
#2331=DIRECTION('center_axis',(0.,0.,1.));
#2332=DIRECTION('ref_axis',(1.,0.,0.));
#2333=DIRECTION('',(0.,0.,1.));
#2334=DIRECTION('center_axis',(0.,0.,1.));
#2335=DIRECTION('ref_axis',(1.,0.,0.));
#2336=DIRECTION('',(0.,0.,-1.));
#2337=DIRECTION('center_axis',(0.,0.,-1.));
#2338=DIRECTION('ref_axis',(1.,0.,0.));
#2339=DIRECTION('center_axis',(0.,0.,1.));
#2340=DIRECTION('ref_axis',(-1.,1.22464679914735E-16,0.));
#2341=DIRECTION('',(0.,0.,-1.));
#2342=DIRECTION('center_axis',(0.,0.,-1.));
#2343=DIRECTION('ref_axis',(1.,0.,0.));
#2344=DIRECTION('',(0.,0.,1.));
#2345=DIRECTION('center_axis',(0.,0.,1.));
#2346=DIRECTION('ref_axis',(1.,0.,0.));
#2347=DIRECTION('center_axis',(0.,0.,1.));
#2348=DIRECTION('ref_axis',(1.,0.,0.));
#2349=DIRECTION('',(0.,0.,1.));
#2350=DIRECTION('center_axis',(0.,0.,1.));
#2351=DIRECTION('ref_axis',(1.,0.,0.));
#2352=DIRECTION('',(0.,0.,-1.));
#2353=DIRECTION('center_axis',(0.,0.,-1.));
#2354=DIRECTION('ref_axis',(1.,0.,0.));
#2355=DIRECTION('center_axis',(0.,0.,1.));
#2356=DIRECTION('ref_axis',(-1.,1.22464679914735E-16,0.));
#2357=DIRECTION('',(0.,0.,-1.));
#2358=DIRECTION('center_axis',(0.,0.,-1.));
#2359=DIRECTION('ref_axis',(1.,0.,0.));
#2360=DIRECTION('',(0.,0.,1.));
#2361=DIRECTION('center_axis',(0.,0.,1.));
#2362=DIRECTION('ref_axis',(1.,0.,0.));
#2363=DIRECTION('center_axis',(0.,0.,1.));
#2364=DIRECTION('ref_axis',(1.,0.,0.));
#2365=DIRECTION('',(0.,0.,1.));
#2366=DIRECTION('center_axis',(0.,0.,1.));
#2367=DIRECTION('ref_axis',(1.,0.,0.));
#2368=DIRECTION('',(0.,0.,-1.));
#2369=DIRECTION('center_axis',(0.,0.,-1.));
#2370=DIRECTION('ref_axis',(1.,0.,0.));
#2371=DIRECTION('center_axis',(0.,0.,1.));
#2372=DIRECTION('ref_axis',(1.,0.,0.));
#2373=DIRECTION('',(0.,0.,1.));
#2374=DIRECTION('center_axis',(0.,0.,1.));
#2375=DIRECTION('ref_axis',(1.,0.,0.));
#2376=DIRECTION('',(0.,0.,-1.));
#2377=DIRECTION('center_axis',(0.,0.,-1.));
#2378=DIRECTION('ref_axis',(1.,0.,0.));
#2379=DIRECTION('center_axis',(0.,0.,1.));
#2380=DIRECTION('ref_axis',(1.,0.,0.));
#2381=DIRECTION('',(0.,0.,-1.));
#2382=DIRECTION('center_axis',(0.,0.,-1.));
#2383=DIRECTION('ref_axis',(1.,0.,0.));
#2384=DIRECTION('',(0.,0.,1.));
#2385=DIRECTION('center_axis',(0.,0.,1.));
#2386=DIRECTION('ref_axis',(1.,0.,0.));
#2387=DIRECTION('center_axis',(0.,0.,1.));
#2388=DIRECTION('ref_axis',(1.,0.,0.));
#2389=DIRECTION('',(0.,0.,1.));
#2390=DIRECTION('center_axis',(0.,0.,1.));
#2391=DIRECTION('ref_axis',(1.,0.,0.));
#2392=DIRECTION('',(0.,0.,-1.));
#2393=DIRECTION('center_axis',(0.,0.,-1.));
#2394=DIRECTION('ref_axis',(1.,0.,0.));
#2395=DIRECTION('center_axis',(0.,0.,1.));
#2396=DIRECTION('ref_axis',(1.,0.,0.));
#2397=DIRECTION('',(0.,0.,-1.));
#2398=DIRECTION('center_axis',(0.,0.,-1.));
#2399=DIRECTION('ref_axis',(1.,0.,0.));
#2400=DIRECTION('',(0.,0.,1.));
#2401=DIRECTION('center_axis',(0.,0.,1.));
#2402=DIRECTION('ref_axis',(1.,0.,0.));
#2403=DIRECTION('center_axis',(0.,0.,1.));
#2404=DIRECTION('ref_axis',(1.,0.,0.));
#2405=DIRECTION('',(0.,0.,1.));
#2406=DIRECTION('center_axis',(0.,0.,1.));
#2407=DIRECTION('ref_axis',(1.,0.,0.));
#2408=DIRECTION('',(0.,0.,-1.));
#2409=DIRECTION('center_axis',(0.,0.,-1.));
#2410=DIRECTION('ref_axis',(1.,0.,0.));
#2411=DIRECTION('center_axis',(0.,0.,1.));
#2412=DIRECTION('ref_axis',(1.,0.,0.));
#2413=DIRECTION('',(0.,0.,-1.));
#2414=DIRECTION('center_axis',(0.,0.,-1.));
#2415=DIRECTION('ref_axis',(1.,0.,0.));
#2416=DIRECTION('',(0.,0.,1.));
#2417=DIRECTION('center_axis',(0.,0.,1.));
#2418=DIRECTION('ref_axis',(1.,0.,0.));
#2419=DIRECTION('center_axis',(0.,0.,1.));
#2420=DIRECTION('ref_axis',(1.,0.,0.));
#2421=DIRECTION('',(0.,0.,1.));
#2422=DIRECTION('center_axis',(0.,0.,1.));
#2423=DIRECTION('ref_axis',(1.,0.,0.));
#2424=DIRECTION('',(0.,0.,-1.));
#2425=DIRECTION('center_axis',(0.,0.,-1.));
#2426=DIRECTION('ref_axis',(1.,0.,0.));
#2427=DIRECTION('center_axis',(0.,0.,1.));
#2428=DIRECTION('ref_axis',(1.,0.,0.));
#2429=DIRECTION('',(0.,0.,-1.));
#2430=DIRECTION('center_axis',(0.,0.,-1.));
#2431=DIRECTION('ref_axis',(1.,0.,0.));
#2432=DIRECTION('',(0.,0.,1.));
#2433=DIRECTION('center_axis',(0.,0.,1.));
#2434=DIRECTION('ref_axis',(1.,0.,0.));
#2435=DIRECTION('center_axis',(0.,0.,1.));
#2436=DIRECTION('ref_axis',(1.,0.,0.));
#2437=DIRECTION('',(0.,0.,1.));
#2438=DIRECTION('center_axis',(0.,0.,1.));
#2439=DIRECTION('ref_axis',(1.,0.,0.));
#2440=DIRECTION('',(0.,0.,-1.));
#2441=DIRECTION('center_axis',(0.,0.,-1.));
#2442=DIRECTION('ref_axis',(1.,0.,0.));
#2443=DIRECTION('center_axis',(0.,0.,1.));
#2444=DIRECTION('ref_axis',(1.,0.,0.));
#2445=DIRECTION('',(0.,0.,-1.));
#2446=DIRECTION('center_axis',(0.,0.,-1.));
#2447=DIRECTION('ref_axis',(1.,0.,0.));
#2448=DIRECTION('',(0.,0.,1.));
#2449=DIRECTION('center_axis',(0.,0.,1.));
#2450=DIRECTION('ref_axis',(1.,0.,0.));
#2451=DIRECTION('center_axis',(0.,0.,1.));
#2452=DIRECTION('ref_axis',(1.,0.,0.));
#2453=DIRECTION('',(0.,0.,-1.));
#2454=DIRECTION('center_axis',(0.,0.,-1.));
#2455=DIRECTION('ref_axis',(1.,0.,0.));
#2456=DIRECTION('',(0.,0.,1.));
#2457=DIRECTION('center_axis',(0.,0.,1.));
#2458=DIRECTION('ref_axis',(1.,0.,0.));
#2459=DIRECTION('center_axis',(0.,0.,1.));
#2460=DIRECTION('ref_axis',(-1.,1.22464679914735E-16,0.));
#2461=DIRECTION('',(0.,0.,-1.));
#2462=DIRECTION('center_axis',(0.,0.,-1.));
#2463=DIRECTION('ref_axis',(1.,0.,0.));
#2464=DIRECTION('',(0.,0.,1.));
#2465=DIRECTION('center_axis',(0.,0.,1.));
#2466=DIRECTION('ref_axis',(1.,0.,0.));
#2467=DIRECTION('center_axis',(0.,0.,1.));
#2468=DIRECTION('ref_axis',(1.,0.,0.));
#2469=DIRECTION('',(0.,0.,1.));
#2470=DIRECTION('center_axis',(0.,0.,1.));
#2471=DIRECTION('ref_axis',(1.,0.,0.));
#2472=DIRECTION('',(0.,0.,-1.));
#2473=DIRECTION('center_axis',(0.,0.,-1.));
#2474=DIRECTION('ref_axis',(1.,0.,0.));
#2475=DIRECTION('center_axis',(0.,0.,1.));
#2476=DIRECTION('ref_axis',(-1.,1.22464679914735E-16,0.));
#2477=DIRECTION('',(0.,0.,-1.));
#2478=DIRECTION('center_axis',(0.,0.,-1.));
#2479=DIRECTION('ref_axis',(1.,0.,0.));
#2480=DIRECTION('',(0.,0.,1.));
#2481=DIRECTION('center_axis',(0.,0.,1.));
#2482=DIRECTION('ref_axis',(1.,0.,0.));
#2483=DIRECTION('center_axis',(0.,0.,1.));
#2484=DIRECTION('ref_axis',(1.,0.,0.));
#2485=DIRECTION('',(0.,0.,1.));
#2486=DIRECTION('center_axis',(0.,0.,1.));
#2487=DIRECTION('ref_axis',(1.,0.,0.));
#2488=DIRECTION('',(0.,0.,-1.));
#2489=DIRECTION('center_axis',(0.,0.,-1.));
#2490=DIRECTION('ref_axis',(1.,0.,0.));
#2491=DIRECTION('center_axis',(0.,0.,1.));
#2492=DIRECTION('ref_axis',(-1.,1.22464679914735E-16,0.));
#2493=DIRECTION('',(0.,0.,-1.));
#2494=DIRECTION('center_axis',(0.,0.,-1.));
#2495=DIRECTION('ref_axis',(1.,0.,0.));
#2496=DIRECTION('',(0.,0.,1.));
#2497=DIRECTION('center_axis',(0.,0.,1.));
#2498=DIRECTION('ref_axis',(1.,0.,0.));
#2499=DIRECTION('center_axis',(0.,0.,1.));
#2500=DIRECTION('ref_axis',(1.,0.,0.));
#2501=DIRECTION('',(0.,0.,1.));
#2502=DIRECTION('center_axis',(0.,0.,1.));
#2503=DIRECTION('ref_axis',(1.,0.,0.));
#2504=DIRECTION('',(0.,0.,-1.));
#2505=DIRECTION('center_axis',(0.,0.,-1.));
#2506=DIRECTION('ref_axis',(1.,0.,0.));
#2507=DIRECTION('center_axis',(0.,0.,1.));
#2508=DIRECTION('ref_axis',(-1.,1.22464679914735E-16,0.));
#2509=DIRECTION('',(0.,0.,-1.));
#2510=DIRECTION('center_axis',(0.,0.,-1.));
#2511=DIRECTION('ref_axis',(1.,0.,0.));
#2512=DIRECTION('',(0.,0.,1.));
#2513=DIRECTION('center_axis',(0.,0.,1.));
#2514=DIRECTION('ref_axis',(1.,0.,0.));
#2515=DIRECTION('center_axis',(0.,0.,1.));
#2516=DIRECTION('ref_axis',(1.,0.,0.));
#2517=DIRECTION('',(0.,0.,1.));
#2518=DIRECTION('center_axis',(0.,0.,1.));
#2519=DIRECTION('ref_axis',(1.,0.,0.));
#2520=DIRECTION('',(0.,0.,-1.));
#2521=DIRECTION('center_axis',(0.,0.,-1.));
#2522=DIRECTION('ref_axis',(1.,0.,0.));
#2523=DIRECTION('center_axis',(0.,0.,1.));
#2524=DIRECTION('ref_axis',(-1.,1.22464679914735E-16,0.));
#2525=DIRECTION('',(0.,0.,-1.));
#2526=DIRECTION('center_axis',(0.,0.,-1.));
#2527=DIRECTION('ref_axis',(1.,0.,0.));
#2528=DIRECTION('',(0.,0.,1.));
#2529=DIRECTION('center_axis',(0.,0.,1.));
#2530=DIRECTION('ref_axis',(1.,0.,0.));
#2531=DIRECTION('center_axis',(0.,0.,1.));
#2532=DIRECTION('ref_axis',(1.,0.,0.));
#2533=DIRECTION('',(0.,0.,1.));
#2534=DIRECTION('center_axis',(0.,0.,1.));
#2535=DIRECTION('ref_axis',(1.,0.,0.));
#2536=DIRECTION('',(0.,0.,-1.));
#2537=DIRECTION('center_axis',(0.,0.,-1.));
#2538=DIRECTION('ref_axis',(1.,0.,0.));
#2539=DIRECTION('center_axis',(0.,0.,1.));
#2540=DIRECTION('ref_axis',(-1.,1.22464679914735E-16,0.));
#2541=DIRECTION('',(0.,0.,-1.));
#2542=DIRECTION('center_axis',(0.,0.,-1.));
#2543=DIRECTION('ref_axis',(1.,0.,0.));
#2544=DIRECTION('',(0.,0.,1.));
#2545=DIRECTION('center_axis',(0.,0.,1.));
#2546=DIRECTION('ref_axis',(1.,0.,0.));
#2547=DIRECTION('center_axis',(-1.,0.,0.));
#2548=DIRECTION('ref_axis',(0.,-1.,0.));
#2549=DIRECTION('',(0.,-1.,0.));
#2550=DIRECTION('',(0.,0.,1.));
#2551=DIRECTION('',(0.,-1.,0.));
#2552=DIRECTION('center_axis',(-1.,0.,0.));
#2553=DIRECTION('ref_axis',(0.,-1.,0.));
#2554=DIRECTION('',(0.,-1.,0.));
#2555=DIRECTION('',(0.,-1.,0.));
#2556=DIRECTION('center_axis',(-1.,0.,0.));
#2557=DIRECTION('ref_axis',(0.,-1.,0.));
#2558=DIRECTION('',(0.,-1.,0.));
#2559=DIRECTION('',(0.,-1.,0.));
#2560=DIRECTION('center_axis',(-1.,0.,0.));
#2561=DIRECTION('ref_axis',(0.,-1.,0.));
#2562=DIRECTION('',(0.,-1.,0.));
#2563=DIRECTION('',(0.,-1.,0.));
#2564=DIRECTION('center_axis',(-1.,0.,0.));
#2565=DIRECTION('ref_axis',(0.,-1.,0.));
#2566=DIRECTION('',(0.,-1.,0.));
#2567=DIRECTION('',(0.,-1.,0.));
#2568=DIRECTION('center_axis',(-1.,0.,0.));
#2569=DIRECTION('ref_axis',(0.,-1.,0.));
#2570=DIRECTION('',(0.,-1.,0.));
#2571=DIRECTION('',(0.,0.,1.));
#2572=DIRECTION('',(0.,-1.,0.));
#2573=DIRECTION('center_axis',(-1.,0.,0.));
#2574=DIRECTION('ref_axis',(0.,-1.,0.));
#2575=DIRECTION('',(0.,-1.,0.));
#2576=DIRECTION('',(0.,-1.,0.));
#2577=DIRECTION('center_axis',(-1.,0.,0.));
#2578=DIRECTION('ref_axis',(0.,-1.,0.));
#2579=DIRECTION('',(0.,-1.,0.));
#2580=DIRECTION('',(0.,-1.,0.));
#2581=DIRECTION('center_axis',(-1.,0.,0.));
#2582=DIRECTION('ref_axis',(0.,-1.,0.));
#2583=DIRECTION('',(0.,-1.,0.));
#2584=DIRECTION('',(0.,-1.,0.));
#2585=DIRECTION('center_axis',(-1.,0.,0.));
#2586=DIRECTION('ref_axis',(0.,-1.,0.));
#2587=DIRECTION('',(0.,-1.,0.));
#2588=DIRECTION('',(0.,-1.,0.));
#2589=DIRECTION('center_axis',(-1.,0.,0.));
#2590=DIRECTION('ref_axis',(0.,-1.,0.));
#2591=DIRECTION('',(0.,-1.,0.));
#2592=DIRECTION('',(0.,-1.,0.));
#2593=DIRECTION('center_axis',(-1.,0.,0.));
#2594=DIRECTION('ref_axis',(0.,-1.,0.));
#2595=DIRECTION('',(0.,-1.,0.));
#2596=DIRECTION('',(0.,-1.,0.));
#2597=DIRECTION('center_axis',(0.,-1.,0.));
#2598=DIRECTION('ref_axis',(1.,0.,0.));
#2599=DIRECTION('',(1.,0.,0.));
#2600=DIRECTION('',(0.,0.,1.));
#2601=DIRECTION('',(1.,0.,0.));
#2602=DIRECTION('center_axis',(0.,-1.,0.));
#2603=DIRECTION('ref_axis',(1.,0.,0.));
#2604=DIRECTION('',(1.,0.,0.));
#2605=DIRECTION('',(1.,0.,0.));
#2606=DIRECTION('center_axis',(0.,-1.,0.));
#2607=DIRECTION('ref_axis',(1.,0.,0.));
#2608=DIRECTION('',(1.,0.,0.));
#2609=DIRECTION('',(1.,0.,0.));
#2610=DIRECTION('center_axis',(0.,-1.,0.));
#2611=DIRECTION('ref_axis',(1.,0.,0.));
#2612=DIRECTION('',(1.,0.,0.));
#2613=DIRECTION('',(1.,0.,0.));
#2614=DIRECTION('center_axis',(0.,-1.,0.));
#2615=DIRECTION('ref_axis',(1.,0.,0.));
#2616=DIRECTION('',(1.,0.,0.));
#2617=DIRECTION('',(1.,0.,0.));
#2618=DIRECTION('center_axis',(0.,-1.,0.));
#2619=DIRECTION('ref_axis',(1.,0.,0.));
#2620=DIRECTION('',(1.,0.,0.));
#2621=DIRECTION('',(1.,0.,0.));
#2622=DIRECTION('center_axis',(0.,-1.,0.));
#2623=DIRECTION('ref_axis',(1.,0.,0.));
#2624=DIRECTION('',(1.,0.,0.));
#2625=DIRECTION('',(1.,0.,0.));
#2626=DIRECTION('center_axis',(0.,-1.,0.));
#2627=DIRECTION('ref_axis',(1.,0.,0.));
#2628=DIRECTION('',(1.,0.,0.));
#2629=DIRECTION('',(1.,0.,0.));
#2630=DIRECTION('center_axis',(0.,-1.,0.));
#2631=DIRECTION('ref_axis',(1.,0.,0.));
#2632=DIRECTION('',(1.,0.,0.));
#2633=DIRECTION('',(1.,0.,0.));
#2634=DIRECTION('center_axis',(0.,-1.,0.));
#2635=DIRECTION('ref_axis',(1.,0.,0.));
#2636=DIRECTION('',(1.,0.,0.));
#2637=DIRECTION('',(1.,0.,0.));
#2638=DIRECTION('center_axis',(0.,-1.,0.));
#2639=DIRECTION('ref_axis',(1.,0.,0.));
#2640=DIRECTION('',(1.,0.,0.));
#2641=DIRECTION('',(1.,0.,0.));
#2642=DIRECTION('center_axis',(0.,-1.,0.));
#2643=DIRECTION('ref_axis',(1.,0.,0.));
#2644=DIRECTION('',(1.,0.,0.));
#2645=DIRECTION('',(1.,0.,0.));
#2646=DIRECTION('center_axis',(0.,1.,0.));
#2647=DIRECTION('ref_axis',(-1.,0.,0.));
#2648=DIRECTION('',(-1.,0.,0.));
#2649=DIRECTION('',(0.,0.,1.));
#2650=DIRECTION('',(-1.,0.,0.));
#2651=DIRECTION('center_axis',(0.,1.,0.));
#2652=DIRECTION('ref_axis',(-1.,0.,0.));
#2653=DIRECTION('',(-1.,0.,0.));
#2654=DIRECTION('',(-1.,0.,0.));
#2655=DIRECTION('center_axis',(0.,1.,0.));
#2656=DIRECTION('ref_axis',(-1.,0.,0.));
#2657=DIRECTION('',(-1.,0.,0.));
#2658=DIRECTION('',(-1.,0.,0.));
#2659=DIRECTION('center_axis',(0.,1.,0.));
#2660=DIRECTION('ref_axis',(-1.,0.,0.));
#2661=DIRECTION('',(-1.,0.,0.));
#2662=DIRECTION('',(-1.,0.,0.));
#2663=DIRECTION('center_axis',(0.,1.,0.));
#2664=DIRECTION('ref_axis',(-1.,0.,0.));
#2665=DIRECTION('',(-1.,0.,0.));
#2666=DIRECTION('',(-1.,0.,0.));
#2667=DIRECTION('center_axis',(0.,1.,0.));
#2668=DIRECTION('ref_axis',(-1.,0.,0.));
#2669=DIRECTION('',(-1.,0.,0.));
#2670=DIRECTION('',(-1.,0.,0.));
#2671=DIRECTION('center_axis',(0.,1.,0.));
#2672=DIRECTION('ref_axis',(-1.,0.,0.));
#2673=DIRECTION('',(-1.,0.,0.));
#2674=DIRECTION('',(-1.,0.,0.));
#2675=DIRECTION('center_axis',(0.,1.,0.));
#2676=DIRECTION('ref_axis',(-1.,0.,0.));
#2677=DIRECTION('',(-1.,0.,0.));
#2678=DIRECTION('',(-1.,0.,0.));
#2679=DIRECTION('center_axis',(0.,1.,0.));
#2680=DIRECTION('ref_axis',(-1.,0.,0.));
#2681=DIRECTION('',(-1.,0.,0.));
#2682=DIRECTION('',(-1.,0.,0.));
#2683=DIRECTION('center_axis',(0.,1.,0.));
#2684=DIRECTION('ref_axis',(-1.,0.,0.));
#2685=DIRECTION('',(-1.,0.,0.));
#2686=DIRECTION('',(-1.,0.,0.));
#2687=DIRECTION('center_axis',(0.,1.,0.));
#2688=DIRECTION('ref_axis',(-1.,0.,0.));
#2689=DIRECTION('',(-1.,0.,0.));
#2690=DIRECTION('',(-1.,0.,0.));
#2691=DIRECTION('center_axis',(0.,1.,0.));
#2692=DIRECTION('ref_axis',(-1.,0.,0.));
#2693=DIRECTION('',(-1.,0.,0.));
#2694=DIRECTION('',(-1.,0.,0.));
#2695=DIRECTION('center_axis',(0.,0.,1.));
#2696=DIRECTION('ref_axis',(1.,0.,0.));
#2697=DIRECTION('',(0.,1.,0.));
#2698=DIRECTION('',(0.,1.,0.));
#2699=DIRECTION('',(0.,1.,0.));
#2700=DIRECTION('',(0.,1.,0.));
#2701=DIRECTION('',(0.,1.,0.));
#2702=DIRECTION('',(0.,1.,0.));
#2703=DIRECTION('',(0.,1.,0.));
#2704=DIRECTION('',(0.,1.,0.));
#2705=DIRECTION('',(0.,1.,0.));
#2706=DIRECTION('',(0.,1.,0.));
#2707=DIRECTION('',(0.,1.,0.));
#2708=DIRECTION('',(0.,1.,0.));
#2709=DIRECTION('center_axis',(1.,0.,0.));
#2710=DIRECTION('ref_axis',(0.,1.,0.));
#2711=DIRECTION('',(0.,1.,0.));
#2712=DIRECTION('center_axis',(1.,0.,0.));
#2713=DIRECTION('ref_axis',(0.,1.,0.));
#2714=DIRECTION('',(0.,1.,0.));
#2715=DIRECTION('center_axis',(1.,0.,0.));
#2716=DIRECTION('ref_axis',(0.,1.,0.));
#2717=DIRECTION('',(0.,1.,0.));
#2718=DIRECTION('center_axis',(1.,0.,0.));
#2719=DIRECTION('ref_axis',(0.,1.,0.));
#2720=DIRECTION('',(0.,1.,0.));
#2721=DIRECTION('center_axis',(1.,0.,0.));
#2722=DIRECTION('ref_axis',(0.,1.,0.));
#2723=DIRECTION('',(0.,1.,0.));
#2724=DIRECTION('center_axis',(1.,0.,0.));
#2725=DIRECTION('ref_axis',(0.,1.,0.));
#2726=DIRECTION('',(0.,1.,0.));
#2727=DIRECTION('center_axis',(1.,0.,0.));
#2728=DIRECTION('ref_axis',(0.,1.,0.));
#2729=DIRECTION('',(0.,1.,0.));
#2730=DIRECTION('center_axis',(1.,0.,0.));
#2731=DIRECTION('ref_axis',(0.,1.,0.));
#2732=DIRECTION('',(0.,1.,0.));
#2733=DIRECTION('center_axis',(1.,0.,0.));
#2734=DIRECTION('ref_axis',(0.,1.,0.));
#2735=DIRECTION('',(0.,1.,0.));
#2736=DIRECTION('center_axis',(1.,0.,0.));
#2737=DIRECTION('ref_axis',(0.,1.,0.));
#2738=DIRECTION('',(0.,1.,0.));
#2739=DIRECTION('center_axis',(1.,0.,0.));
#2740=DIRECTION('ref_axis',(0.,1.,0.));
#2741=DIRECTION('',(0.,1.,0.));
#2742=DIRECTION('center_axis',(1.,0.,0.));
#2743=DIRECTION('ref_axis',(0.,1.,0.));
#2744=DIRECTION('',(0.,1.,0.));
#2745=DIRECTION('center_axis',(0.,0.,1.));
#2746=DIRECTION('ref_axis',(1.,0.,0.));
#2747=DIRECTION('center_axis',(0.,0.,1.));
#2748=DIRECTION('ref_axis',(1.,0.,0.));
#2749=DIRECTION('center_axis',(0.,0.,1.));
#2750=DIRECTION('ref_axis',(1.,0.,0.));
#2751=DIRECTION('',(0.,0.,1.));
#2752=DIRECTION('center_axis',(0.,0.,-1.));
#2753=DIRECTION('ref_axis',(1.,0.,0.));
#2754=DIRECTION('center_axis',(0.,0.,1.));
#2755=DIRECTION('ref_axis',(1.,0.,0.));
#2756=DIRECTION('center_axis',(0.,1.,0.));
#2757=DIRECTION('ref_axis',(-1.,0.,0.));
#2758=DIRECTION('',(-1.,0.,0.));
#2759=DIRECTION('',(0.,0.,1.));
#2760=DIRECTION('',(-1.,0.,0.));
#2761=DIRECTION('',(0.,0.,1.));
#2762=DIRECTION('center_axis',(1.,0.,0.));
#2763=DIRECTION('ref_axis',(0.,1.,0.));
#2764=DIRECTION('',(0.,1.,0.));
#2765=DIRECTION('',(0.,1.,0.));
#2766=DIRECTION('',(0.,0.,1.));
#2767=DIRECTION('center_axis',(0.,-1.,0.));
#2768=DIRECTION('ref_axis',(1.,0.,0.));
#2769=DIRECTION('',(1.,0.,0.));
#2770=DIRECTION('',(1.,0.,0.));
#2771=DIRECTION('',(0.,0.,1.));
#2772=DIRECTION('center_axis',(-1.,0.,0.));
#2773=DIRECTION('ref_axis',(0.,-1.,0.));
#2774=DIRECTION('',(0.,-1.,0.));
#2775=DIRECTION('',(0.,-1.,0.));
#2776=DIRECTION('center_axis',(0.,0.,1.));
#2777=DIRECTION('ref_axis',(1.,0.,0.));
#2778=DIRECTION('center_axis',(0.,0.,1.));
#2779=DIRECTION('ref_axis',(1.,0.,0.));
#2780=CARTESIAN_POINT('',(0.,0.,0.));
#2781=CARTESIAN_POINT('Origin',(-6.,4.5,0.));
#2782=CARTESIAN_POINT('',(-6.,4.75,0.));
#2783=CARTESIAN_POINT('',(-6.,4.75,0.8));
#2784=CARTESIAN_POINT('',(-6.,4.75,0.));
#2785=CARTESIAN_POINT('',(-6.,4.25,0.));
#2786=CARTESIAN_POINT('Origin',(-6.,4.5,0.));
#2787=CARTESIAN_POINT('',(-6.,4.25,0.8));
#2788=CARTESIAN_POINT('',(-6.,4.25,0.));
#2789=CARTESIAN_POINT('Origin',(-6.,4.5,0.8));
#2790=CARTESIAN_POINT('Origin',(4.5,-6.,0.));
#2791=CARTESIAN_POINT('',(4.75,-6.,0.8));
#2792=CARTESIAN_POINT('',(4.75,-6.,0.));
#2793=CARTESIAN_POINT('',(4.75,-6.,0.));
#2794=CARTESIAN_POINT('',(4.25,-6.,0.8));
#2795=CARTESIAN_POINT('Origin',(4.5,-6.,0.8));
#2796=CARTESIAN_POINT('',(4.25,-6.,0.));
#2797=CARTESIAN_POINT('',(4.25,-6.,0.));
#2798=CARTESIAN_POINT('Origin',(4.5,-6.,0.));
#2799=CARTESIAN_POINT('Origin',(-6.,3.6,0.));
#2800=CARTESIAN_POINT('',(-6.,3.85,0.));
#2801=CARTESIAN_POINT('',(-6.,3.85,0.8));
#2802=CARTESIAN_POINT('',(-6.,3.85,0.));
#2803=CARTESIAN_POINT('',(-6.,3.35,0.));
#2804=CARTESIAN_POINT('Origin',(-6.,3.6,0.));
#2805=CARTESIAN_POINT('',(-6.,3.35,0.8));
#2806=CARTESIAN_POINT('',(-6.,3.35,0.));
#2807=CARTESIAN_POINT('Origin',(-6.,3.6,0.8));
#2808=CARTESIAN_POINT('Origin',(3.6,-6.,0.));
#2809=CARTESIAN_POINT('',(3.85,-6.,0.8));
#2810=CARTESIAN_POINT('',(3.85,-6.,0.));
#2811=CARTESIAN_POINT('',(3.85,-6.,0.));
#2812=CARTESIAN_POINT('',(3.35,-6.,0.8));
#2813=CARTESIAN_POINT('Origin',(3.6,-6.,0.8));
#2814=CARTESIAN_POINT('',(3.35,-6.,0.));
#2815=CARTESIAN_POINT('',(3.35,-6.,0.));
#2816=CARTESIAN_POINT('Origin',(3.6,-6.,0.));
#2817=CARTESIAN_POINT('Origin',(-6.,2.7,0.));
#2818=CARTESIAN_POINT('',(-6.,2.95,0.));
#2819=CARTESIAN_POINT('',(-6.,2.95,0.8));
#2820=CARTESIAN_POINT('',(-6.,2.95,0.));
#2821=CARTESIAN_POINT('',(-6.,2.45,0.));
#2822=CARTESIAN_POINT('Origin',(-6.,2.7,0.));
#2823=CARTESIAN_POINT('',(-6.,2.45,0.8));
#2824=CARTESIAN_POINT('',(-6.,2.45,0.));
#2825=CARTESIAN_POINT('Origin',(-6.,2.7,0.8));
#2826=CARTESIAN_POINT('Origin',(2.7,-6.,0.));
#2827=CARTESIAN_POINT('',(2.95,-6.,0.8));
#2828=CARTESIAN_POINT('',(2.95,-6.,0.));
#2829=CARTESIAN_POINT('',(2.95,-6.,0.));
#2830=CARTESIAN_POINT('',(2.45,-6.,0.8));
#2831=CARTESIAN_POINT('Origin',(2.7,-6.,0.8));
#2832=CARTESIAN_POINT('',(2.45,-6.,0.));
#2833=CARTESIAN_POINT('',(2.45,-6.,0.));
#2834=CARTESIAN_POINT('Origin',(2.7,-6.,0.));
#2835=CARTESIAN_POINT('Origin',(-6.,1.8,0.));
#2836=CARTESIAN_POINT('',(-6.,2.05,0.));
#2837=CARTESIAN_POINT('',(-6.,2.05,0.8));
#2838=CARTESIAN_POINT('',(-6.,2.05,0.));
#2839=CARTESIAN_POINT('',(-6.,1.55,0.));
#2840=CARTESIAN_POINT('Origin',(-6.,1.8,0.));
#2841=CARTESIAN_POINT('',(-6.,1.55,0.8));
#2842=CARTESIAN_POINT('',(-6.,1.55,0.));
#2843=CARTESIAN_POINT('Origin',(-6.,1.8,0.8));
#2844=CARTESIAN_POINT('Origin',(1.8,-6.,0.));
#2845=CARTESIAN_POINT('',(2.05,-6.,0.8));
#2846=CARTESIAN_POINT('',(2.05,-6.,0.));
#2847=CARTESIAN_POINT('',(2.05,-6.,0.));
#2848=CARTESIAN_POINT('',(1.55,-6.,0.8));
#2849=CARTESIAN_POINT('Origin',(1.8,-6.,0.8));
#2850=CARTESIAN_POINT('',(1.55,-6.,0.));
#2851=CARTESIAN_POINT('',(1.55,-6.,0.));
#2852=CARTESIAN_POINT('Origin',(1.8,-6.,0.));
#2853=CARTESIAN_POINT('Origin',(-6.,0.9,0.));
#2854=CARTESIAN_POINT('',(-6.,1.15,0.));
#2855=CARTESIAN_POINT('',(-6.,1.15,0.8));
#2856=CARTESIAN_POINT('',(-6.,1.15,0.));
#2857=CARTESIAN_POINT('',(-6.,0.65,0.));
#2858=CARTESIAN_POINT('Origin',(-6.,0.9,0.));
#2859=CARTESIAN_POINT('',(-6.,0.65,0.8));
#2860=CARTESIAN_POINT('',(-6.,0.65,0.));
#2861=CARTESIAN_POINT('Origin',(-6.,0.9,0.8));
#2862=CARTESIAN_POINT('Origin',(0.9,-6.,0.));
#2863=CARTESIAN_POINT('',(1.15,-6.,0.8));
#2864=CARTESIAN_POINT('',(1.15,-6.,0.));
#2865=CARTESIAN_POINT('',(1.15,-6.,0.));
#2866=CARTESIAN_POINT('',(0.65,-6.,0.8));
#2867=CARTESIAN_POINT('Origin',(0.9,-6.,0.8));
#2868=CARTESIAN_POINT('',(0.65,-6.,0.));
#2869=CARTESIAN_POINT('',(0.65,-6.,0.));
#2870=CARTESIAN_POINT('Origin',(0.9,-6.,0.));
#2871=CARTESIAN_POINT('Origin',(-6.,0.,0.));
#2872=CARTESIAN_POINT('',(-6.,0.25,0.));
#2873=CARTESIAN_POINT('',(-6.,0.25,0.8));
#2874=CARTESIAN_POINT('',(-6.,0.25,0.));
#2875=CARTESIAN_POINT('',(-6.,-0.25,0.));
#2876=CARTESIAN_POINT('Origin',(-6.,0.,0.));
#2877=CARTESIAN_POINT('',(-6.,-0.25,0.8));
#2878=CARTESIAN_POINT('',(-6.,-0.25,0.));
#2879=CARTESIAN_POINT('Origin',(-6.,0.,0.8));
#2880=CARTESIAN_POINT('Origin',(0.,6.,0.));
#2881=CARTESIAN_POINT('',(0.25,6.,0.));
#2882=CARTESIAN_POINT('',(0.25,6.,0.8));
#2883=CARTESIAN_POINT('',(0.25,6.,0.));
#2884=CARTESIAN_POINT('',(-0.25,6.,0.));
#2885=CARTESIAN_POINT('Origin',(0.,6.,0.));
#2886=CARTESIAN_POINT('',(-0.25,6.,0.8));
#2887=CARTESIAN_POINT('',(-0.25,6.,0.));
#2888=CARTESIAN_POINT('Origin',(0.,6.,0.8));
#2889=CARTESIAN_POINT('Origin',(6.,-0.9,0.));
#2890=CARTESIAN_POINT('',(6.,-0.65,0.8));
#2891=CARTESIAN_POINT('',(6.,-0.65,0.));
#2892=CARTESIAN_POINT('',(6.,-0.65,0.));
#2893=CARTESIAN_POINT('',(6.,-1.15,0.8));
#2894=CARTESIAN_POINT('Origin',(6.,-0.9,0.8));
#2895=CARTESIAN_POINT('',(6.,-1.15,0.));
#2896=CARTESIAN_POINT('',(6.,-1.15,0.));
#2897=CARTESIAN_POINT('Origin',(6.,-0.9,0.));
#2898=CARTESIAN_POINT('Origin',(-0.9,6.,0.));
#2899=CARTESIAN_POINT('',(-0.65,6.,0.));
#2900=CARTESIAN_POINT('',(-0.65,6.,0.8));
#2901=CARTESIAN_POINT('',(-0.65,6.,0.));
#2902=CARTESIAN_POINT('',(-1.15,6.,0.));
#2903=CARTESIAN_POINT('Origin',(-0.9,6.,0.));
#2904=CARTESIAN_POINT('',(-1.15,6.,0.8));
#2905=CARTESIAN_POINT('',(-1.15,6.,0.));
#2906=CARTESIAN_POINT('Origin',(-0.9,6.,0.8));
#2907=CARTESIAN_POINT('Origin',(6.,-1.8,0.));
#2908=CARTESIAN_POINT('',(6.,-1.55,0.8));
#2909=CARTESIAN_POINT('',(6.,-1.55,0.));
#2910=CARTESIAN_POINT('',(6.,-1.55,0.));
#2911=CARTESIAN_POINT('',(6.,-2.05,0.8));
#2912=CARTESIAN_POINT('Origin',(6.,-1.8,0.8));
#2913=CARTESIAN_POINT('',(6.,-2.05,0.));
#2914=CARTESIAN_POINT('',(6.,-2.05,0.));
#2915=CARTESIAN_POINT('Origin',(6.,-1.8,0.));
#2916=CARTESIAN_POINT('Origin',(-1.8,6.,0.));
#2917=CARTESIAN_POINT('',(-1.55,6.,0.));
#2918=CARTESIAN_POINT('',(-1.55,6.,0.8));
#2919=CARTESIAN_POINT('',(-1.55,6.,0.));
#2920=CARTESIAN_POINT('',(-2.05,6.,0.));
#2921=CARTESIAN_POINT('Origin',(-1.8,6.,0.));
#2922=CARTESIAN_POINT('',(-2.05,6.,0.8));
#2923=CARTESIAN_POINT('',(-2.05,6.,0.));
#2924=CARTESIAN_POINT('Origin',(-1.8,6.,0.8));
#2925=CARTESIAN_POINT('Origin',(6.,-2.7,0.));
#2926=CARTESIAN_POINT('',(6.,-2.45,0.8));
#2927=CARTESIAN_POINT('',(6.,-2.45,0.));
#2928=CARTESIAN_POINT('',(6.,-2.45,0.));
#2929=CARTESIAN_POINT('',(6.,-2.95,0.8));
#2930=CARTESIAN_POINT('Origin',(6.,-2.7,0.8));
#2931=CARTESIAN_POINT('',(6.,-2.95,0.));
#2932=CARTESIAN_POINT('',(6.,-2.95,0.));
#2933=CARTESIAN_POINT('Origin',(6.,-2.7,0.));
#2934=CARTESIAN_POINT('Origin',(-2.7,6.,0.));
#2935=CARTESIAN_POINT('',(-2.45,6.,0.));
#2936=CARTESIAN_POINT('',(-2.45,6.,0.8));
#2937=CARTESIAN_POINT('',(-2.45,6.,0.));
#2938=CARTESIAN_POINT('',(-2.95,6.,0.));
#2939=CARTESIAN_POINT('Origin',(-2.7,6.,0.));
#2940=CARTESIAN_POINT('',(-2.95,6.,0.8));
#2941=CARTESIAN_POINT('',(-2.95,6.,0.));
#2942=CARTESIAN_POINT('Origin',(-2.7,6.,0.8));
#2943=CARTESIAN_POINT('Origin',(6.,-3.6,0.));
#2944=CARTESIAN_POINT('',(6.,-3.35,0.8));
#2945=CARTESIAN_POINT('',(6.,-3.35,0.));
#2946=CARTESIAN_POINT('',(6.,-3.35,0.));
#2947=CARTESIAN_POINT('',(6.,-3.85,0.8));
#2948=CARTESIAN_POINT('Origin',(6.,-3.6,0.8));
#2949=CARTESIAN_POINT('',(6.,-3.85,0.));
#2950=CARTESIAN_POINT('',(6.,-3.85,0.));
#2951=CARTESIAN_POINT('Origin',(6.,-3.6,0.));
#2952=CARTESIAN_POINT('Origin',(-3.6,6.,0.));
#2953=CARTESIAN_POINT('',(-3.35,6.,0.));
#2954=CARTESIAN_POINT('',(-3.35,6.,0.8));
#2955=CARTESIAN_POINT('',(-3.35,6.,0.));
#2956=CARTESIAN_POINT('',(-3.85,6.,0.));
#2957=CARTESIAN_POINT('Origin',(-3.6,6.,0.));
#2958=CARTESIAN_POINT('',(-3.85,6.,0.8));
#2959=CARTESIAN_POINT('',(-3.85,6.,0.));
#2960=CARTESIAN_POINT('Origin',(-3.6,6.,0.8));
#2961=CARTESIAN_POINT('Origin',(6.,-4.5,0.));
#2962=CARTESIAN_POINT('',(6.,-4.25,0.8));
#2963=CARTESIAN_POINT('',(6.,-4.25,0.));
#2964=CARTESIAN_POINT('',(6.,-4.25,0.));
#2965=CARTESIAN_POINT('',(6.,-4.75,0.8));
#2966=CARTESIAN_POINT('Origin',(6.,-4.5,0.8));
#2967=CARTESIAN_POINT('',(6.,-4.75,0.));
#2968=CARTESIAN_POINT('',(6.,-4.75,0.));
#2969=CARTESIAN_POINT('Origin',(6.,-4.5,0.));
#2970=CARTESIAN_POINT('Origin',(-4.5,6.,0.));
#2971=CARTESIAN_POINT('',(-4.25,6.,0.));
#2972=CARTESIAN_POINT('',(-4.25,6.,0.8));
#2973=CARTESIAN_POINT('',(-4.25,6.,0.));
#2974=CARTESIAN_POINT('',(-4.75,6.,0.));
#2975=CARTESIAN_POINT('Origin',(-4.5,6.,0.));
#2976=CARTESIAN_POINT('',(-4.75,6.,0.8));
#2977=CARTESIAN_POINT('',(-4.75,6.,0.));
#2978=CARTESIAN_POINT('Origin',(-4.5,6.,0.8));
#2979=CARTESIAN_POINT('Origin',(-6.,-4.5,0.));
#2980=CARTESIAN_POINT('',(-6.,-4.25,0.));
#2981=CARTESIAN_POINT('',(-6.,-4.25,0.8));
#2982=CARTESIAN_POINT('',(-6.,-4.25,0.));
#2983=CARTESIAN_POINT('',(-6.,-4.75,0.));
#2984=CARTESIAN_POINT('Origin',(-6.,-4.5,0.));
#2985=CARTESIAN_POINT('',(-6.,-4.75,0.8));
#2986=CARTESIAN_POINT('',(-6.,-4.75,0.));
#2987=CARTESIAN_POINT('Origin',(-6.,-4.5,0.8));
#2988=CARTESIAN_POINT('Origin',(-3.6,-6.,0.));
#2989=CARTESIAN_POINT('',(-3.35,-6.,0.8));
#2990=CARTESIAN_POINT('',(-3.35,-6.,0.));
#2991=CARTESIAN_POINT('',(-3.35,-6.,0.));
#2992=CARTESIAN_POINT('',(-3.85,-6.,0.8));
#2993=CARTESIAN_POINT('Origin',(-3.6,-6.,0.8));
#2994=CARTESIAN_POINT('',(-3.85,-6.,0.));
#2995=CARTESIAN_POINT('',(-3.85,-6.,0.));
#2996=CARTESIAN_POINT('Origin',(-3.6,-6.,0.));
#2997=CARTESIAN_POINT('Origin',(-6.,-3.6,0.));
#2998=CARTESIAN_POINT('',(-6.,-3.35,0.));
#2999=CARTESIAN_POINT('',(-6.,-3.35,0.8));
#3000=CARTESIAN_POINT('',(-6.,-3.35,0.));
#3001=CARTESIAN_POINT('',(-6.,-3.85,0.));
#3002=CARTESIAN_POINT('Origin',(-6.,-3.6,0.));
#3003=CARTESIAN_POINT('',(-6.,-3.85,0.8));
#3004=CARTESIAN_POINT('',(-6.,-3.85,0.));
#3005=CARTESIAN_POINT('Origin',(-6.,-3.6,0.8));
#3006=CARTESIAN_POINT('Origin',(-2.7,-6.,0.));
#3007=CARTESIAN_POINT('',(-2.45,-6.,0.8));
#3008=CARTESIAN_POINT('',(-2.45,-6.,0.));
#3009=CARTESIAN_POINT('',(-2.45,-6.,0.));
#3010=CARTESIAN_POINT('',(-2.95,-6.,0.8));
#3011=CARTESIAN_POINT('Origin',(-2.7,-6.,0.8));
#3012=CARTESIAN_POINT('',(-2.95,-6.,0.));
#3013=CARTESIAN_POINT('',(-2.95,-6.,0.));
#3014=CARTESIAN_POINT('Origin',(-2.7,-6.,0.));
#3015=CARTESIAN_POINT('Origin',(-6.,-2.7,0.));
#3016=CARTESIAN_POINT('',(-6.,-2.45,0.));
#3017=CARTESIAN_POINT('',(-6.,-2.45,0.8));
#3018=CARTESIAN_POINT('',(-6.,-2.45,0.));
#3019=CARTESIAN_POINT('',(-6.,-2.95,0.));
#3020=CARTESIAN_POINT('Origin',(-6.,-2.7,0.));
#3021=CARTESIAN_POINT('',(-6.,-2.95,0.8));
#3022=CARTESIAN_POINT('',(-6.,-2.95,0.));
#3023=CARTESIAN_POINT('Origin',(-6.,-2.7,0.8));
#3024=CARTESIAN_POINT('Origin',(-1.8,-6.,0.));
#3025=CARTESIAN_POINT('',(-1.55,-6.,0.8));
#3026=CARTESIAN_POINT('',(-1.55,-6.,0.));
#3027=CARTESIAN_POINT('',(-1.55,-6.,0.));
#3028=CARTESIAN_POINT('',(-2.05,-6.,0.8));
#3029=CARTESIAN_POINT('Origin',(-1.8,-6.,0.8));
#3030=CARTESIAN_POINT('',(-2.05,-6.,0.));
#3031=CARTESIAN_POINT('',(-2.05,-6.,0.));
#3032=CARTESIAN_POINT('Origin',(-1.8,-6.,0.));
#3033=CARTESIAN_POINT('Origin',(-6.,-1.8,0.));
#3034=CARTESIAN_POINT('',(-6.,-1.55,0.));
#3035=CARTESIAN_POINT('',(-6.,-1.55,0.8));
#3036=CARTESIAN_POINT('',(-6.,-1.55,0.));
#3037=CARTESIAN_POINT('',(-6.,-2.05,0.));
#3038=CARTESIAN_POINT('Origin',(-6.,-1.8,0.));
#3039=CARTESIAN_POINT('',(-6.,-2.05,0.8));
#3040=CARTESIAN_POINT('',(-6.,-2.05,0.));
#3041=CARTESIAN_POINT('Origin',(-6.,-1.8,0.8));
#3042=CARTESIAN_POINT('Origin',(-0.9,-6.,0.));
#3043=CARTESIAN_POINT('',(-0.65,-6.,0.8));
#3044=CARTESIAN_POINT('',(-0.65,-6.,0.));
#3045=CARTESIAN_POINT('',(-0.65,-6.,0.));
#3046=CARTESIAN_POINT('',(-1.15,-6.,0.8));
#3047=CARTESIAN_POINT('Origin',(-0.9,-6.,0.8));
#3048=CARTESIAN_POINT('',(-1.15,-6.,0.));
#3049=CARTESIAN_POINT('',(-1.15,-6.,0.));
#3050=CARTESIAN_POINT('Origin',(-0.9,-6.,0.));
#3051=CARTESIAN_POINT('Origin',(-6.,-0.9,0.));
#3052=CARTESIAN_POINT('',(-6.,-0.65,0.));
#3053=CARTESIAN_POINT('',(-6.,-0.65,0.8));
#3054=CARTESIAN_POINT('',(-6.,-0.65,0.));
#3055=CARTESIAN_POINT('',(-6.,-1.15,0.));
#3056=CARTESIAN_POINT('Origin',(-6.,-0.9,0.));
#3057=CARTESIAN_POINT('',(-6.,-1.15,0.8));
#3058=CARTESIAN_POINT('',(-6.,-1.15,0.));
#3059=CARTESIAN_POINT('Origin',(-6.,-0.9,0.8));
#3060=CARTESIAN_POINT('Origin',(0.,-6.,0.));
#3061=CARTESIAN_POINT('',(0.25,-6.,0.8));
#3062=CARTESIAN_POINT('',(0.25,-6.,0.));
#3063=CARTESIAN_POINT('',(0.25,-6.,0.));
#3064=CARTESIAN_POINT('',(-0.25,-6.,0.8));
#3065=CARTESIAN_POINT('Origin',(0.,-6.,0.8));
#3066=CARTESIAN_POINT('',(-0.25,-6.,0.));
#3067=CARTESIAN_POINT('',(-0.25,-6.,0.));
#3068=CARTESIAN_POINT('Origin',(0.,-6.,0.));
#3069=CARTESIAN_POINT('Origin',(-4.5,-6.,0.));
#3070=CARTESIAN_POINT('',(-4.25,-6.,0.8));
#3071=CARTESIAN_POINT('',(-4.25,-6.,0.));
#3072=CARTESIAN_POINT('',(-4.25,-6.,0.));
#3073=CARTESIAN_POINT('',(-4.75,-6.,0.8));
#3074=CARTESIAN_POINT('Origin',(-4.5,-6.,0.8));
#3075=CARTESIAN_POINT('',(-4.75,-6.,0.));
#3076=CARTESIAN_POINT('',(-4.75,-6.,0.));
#3077=CARTESIAN_POINT('Origin',(-4.5,-6.,0.));
#3078=CARTESIAN_POINT('Origin',(6.,0.,0.));
#3079=CARTESIAN_POINT('',(6.,0.25,0.8));
#3080=CARTESIAN_POINT('',(6.,0.25,0.));
#3081=CARTESIAN_POINT('',(6.,0.25,0.));
#3082=CARTESIAN_POINT('',(6.,-0.25,0.8));
#3083=CARTESIAN_POINT('Origin',(6.,0.,0.8));
#3084=CARTESIAN_POINT('',(6.,-0.25,0.));
#3085=CARTESIAN_POINT('',(6.,-0.25,0.));
#3086=CARTESIAN_POINT('Origin',(6.,0.,0.));
#3087=CARTESIAN_POINT('Origin',(0.9,6.,0.));
#3088=CARTESIAN_POINT('',(1.15,6.,0.));
#3089=CARTESIAN_POINT('',(1.15,6.,0.8));
#3090=CARTESIAN_POINT('',(1.15,6.,0.));
#3091=CARTESIAN_POINT('',(0.65,6.,0.));
#3092=CARTESIAN_POINT('Origin',(0.9,6.,0.));
#3093=CARTESIAN_POINT('',(0.65,6.,0.8));
#3094=CARTESIAN_POINT('',(0.65,6.,0.));
#3095=CARTESIAN_POINT('Origin',(0.9,6.,0.8));
#3096=CARTESIAN_POINT('Origin',(6.,0.9,0.));
#3097=CARTESIAN_POINT('',(6.,1.15,0.8));
#3098=CARTESIAN_POINT('',(6.,1.15,0.));
#3099=CARTESIAN_POINT('',(6.,1.15,0.));
#3100=CARTESIAN_POINT('',(6.,0.65,0.8));
#3101=CARTESIAN_POINT('Origin',(6.,0.9,0.8));
#3102=CARTESIAN_POINT('',(6.,0.65,0.));
#3103=CARTESIAN_POINT('',(6.,0.65,0.));
#3104=CARTESIAN_POINT('Origin',(6.,0.9,0.));
#3105=CARTESIAN_POINT('Origin',(1.8,6.,0.));
#3106=CARTESIAN_POINT('',(2.05,6.,0.));
#3107=CARTESIAN_POINT('',(2.05,6.,0.8));
#3108=CARTESIAN_POINT('',(2.05,6.,0.));
#3109=CARTESIAN_POINT('',(1.55,6.,0.));
#3110=CARTESIAN_POINT('Origin',(1.8,6.,0.));
#3111=CARTESIAN_POINT('',(1.55,6.,0.8));
#3112=CARTESIAN_POINT('',(1.55,6.,0.));
#3113=CARTESIAN_POINT('Origin',(1.8,6.,0.8));
#3114=CARTESIAN_POINT('Origin',(6.,1.8,0.));
#3115=CARTESIAN_POINT('',(6.,2.05,0.8));
#3116=CARTESIAN_POINT('',(6.,2.05,0.));
#3117=CARTESIAN_POINT('',(6.,2.05,0.));
#3118=CARTESIAN_POINT('',(6.,1.55,0.8));
#3119=CARTESIAN_POINT('Origin',(6.,1.8,0.8));
#3120=CARTESIAN_POINT('',(6.,1.55,0.));
#3121=CARTESIAN_POINT('',(6.,1.55,0.));
#3122=CARTESIAN_POINT('Origin',(6.,1.8,0.));
#3123=CARTESIAN_POINT('Origin',(2.7,6.,0.));
#3124=CARTESIAN_POINT('',(2.95,6.,0.));
#3125=CARTESIAN_POINT('',(2.95,6.,0.8));
#3126=CARTESIAN_POINT('',(2.95,6.,0.));
#3127=CARTESIAN_POINT('',(2.45,6.,0.));
#3128=CARTESIAN_POINT('Origin',(2.7,6.,0.));
#3129=CARTESIAN_POINT('',(2.45,6.,0.8));
#3130=CARTESIAN_POINT('',(2.45,6.,0.));
#3131=CARTESIAN_POINT('Origin',(2.7,6.,0.8));
#3132=CARTESIAN_POINT('Origin',(6.,2.7,0.));
#3133=CARTESIAN_POINT('',(6.,2.95,0.8));
#3134=CARTESIAN_POINT('',(6.,2.95,0.));
#3135=CARTESIAN_POINT('',(6.,2.95,0.));
#3136=CARTESIAN_POINT('',(6.,2.45,0.8));
#3137=CARTESIAN_POINT('Origin',(6.,2.7,0.8));
#3138=CARTESIAN_POINT('',(6.,2.45,0.));
#3139=CARTESIAN_POINT('',(6.,2.45,0.));
#3140=CARTESIAN_POINT('Origin',(6.,2.7,0.));
#3141=CARTESIAN_POINT('Origin',(3.6,6.,0.));
#3142=CARTESIAN_POINT('',(3.85,6.,0.));
#3143=CARTESIAN_POINT('',(3.85,6.,0.8));
#3144=CARTESIAN_POINT('',(3.85,6.,0.));
#3145=CARTESIAN_POINT('',(3.35,6.,0.));
#3146=CARTESIAN_POINT('Origin',(3.6,6.,0.));
#3147=CARTESIAN_POINT('',(3.35,6.,0.8));
#3148=CARTESIAN_POINT('',(3.35,6.,0.));
#3149=CARTESIAN_POINT('Origin',(3.6,6.,0.8));
#3150=CARTESIAN_POINT('Origin',(6.,3.6,0.));
#3151=CARTESIAN_POINT('',(6.,3.85,0.8));
#3152=CARTESIAN_POINT('',(6.,3.85,0.));
#3153=CARTESIAN_POINT('',(6.,3.85,0.));
#3154=CARTESIAN_POINT('',(6.,3.35,0.8));
#3155=CARTESIAN_POINT('Origin',(6.,3.6,0.8));
#3156=CARTESIAN_POINT('',(6.,3.35,0.));
#3157=CARTESIAN_POINT('',(6.,3.35,0.));
#3158=CARTESIAN_POINT('Origin',(6.,3.6,0.));
#3159=CARTESIAN_POINT('Origin',(4.5,6.,0.));
#3160=CARTESIAN_POINT('',(4.75,6.,0.));
#3161=CARTESIAN_POINT('',(4.75,6.,0.8));
#3162=CARTESIAN_POINT('',(4.75,6.,0.));
#3163=CARTESIAN_POINT('',(4.25,6.,0.));
#3164=CARTESIAN_POINT('Origin',(4.5,6.,0.));
#3165=CARTESIAN_POINT('',(4.25,6.,0.8));
#3166=CARTESIAN_POINT('',(4.25,6.,0.));
#3167=CARTESIAN_POINT('Origin',(4.5,6.,0.8));
#3168=CARTESIAN_POINT('Origin',(6.,4.5,0.));
#3169=CARTESIAN_POINT('',(6.,4.75,0.8));
#3170=CARTESIAN_POINT('',(6.,4.75,0.));
#3171=CARTESIAN_POINT('',(6.,4.75,0.));
#3172=CARTESIAN_POINT('',(6.,4.25,0.8));
#3173=CARTESIAN_POINT('Origin',(6.,4.5,0.8));
#3174=CARTESIAN_POINT('',(6.,4.25,0.));
#3175=CARTESIAN_POINT('',(6.,4.25,0.));
#3176=CARTESIAN_POINT('Origin',(6.,4.5,0.));
#3177=CARTESIAN_POINT('Origin',(-6.,6.,0.));
#3178=CARTESIAN_POINT('',(-6.,6.,0.8));
#3179=CARTESIAN_POINT('',(-6.,6.,0.8));
#3180=CARTESIAN_POINT('',(-6.,6.,0.));
#3181=CARTESIAN_POINT('',(-6.,6.,0.));
#3182=CARTESIAN_POINT('',(-6.,6.,0.));
#3183=CARTESIAN_POINT('Origin',(-6.,6.,0.));
#3184=CARTESIAN_POINT('',(-6.,6.,0.8));
#3185=CARTESIAN_POINT('',(-6.,6.,0.));
#3186=CARTESIAN_POINT('Origin',(-6.,6.,0.));
#3187=CARTESIAN_POINT('',(-6.,6.,0.8));
#3188=CARTESIAN_POINT('',(-6.,6.,0.));
#3189=CARTESIAN_POINT('Origin',(-6.,6.,0.));
#3190=CARTESIAN_POINT('',(-6.,6.,0.8));
#3191=CARTESIAN_POINT('',(-6.,6.,0.));
#3192=CARTESIAN_POINT('Origin',(-6.,6.,0.));
#3193=CARTESIAN_POINT('',(-6.,6.,0.8));
#3194=CARTESIAN_POINT('',(-6.,6.,0.));
#3195=CARTESIAN_POINT('Origin',(-6.,6.,0.));
#3196=CARTESIAN_POINT('',(-6.,-6.,0.));
#3197=CARTESIAN_POINT('',(-6.,6.,0.));
#3198=CARTESIAN_POINT('',(-6.,-6.,0.8));
#3199=CARTESIAN_POINT('',(-6.,-6.,0.));
#3200=CARTESIAN_POINT('',(-6.,6.,0.8));
#3201=CARTESIAN_POINT('Origin',(-6.,6.,0.));
#3202=CARTESIAN_POINT('',(-6.,6.,0.));
#3203=CARTESIAN_POINT('',(-6.,6.,0.8));
#3204=CARTESIAN_POINT('Origin',(-6.,6.,0.));
#3205=CARTESIAN_POINT('',(-6.,6.,0.));
#3206=CARTESIAN_POINT('',(-6.,6.,0.8));
#3207=CARTESIAN_POINT('Origin',(-6.,6.,0.));
#3208=CARTESIAN_POINT('',(-6.,6.,0.));
#3209=CARTESIAN_POINT('',(-6.,6.,0.8));
#3210=CARTESIAN_POINT('Origin',(-6.,6.,0.));
#3211=CARTESIAN_POINT('',(-6.,6.,0.));
#3212=CARTESIAN_POINT('',(-6.,6.,0.8));
#3213=CARTESIAN_POINT('Origin',(-6.,6.,0.));
#3214=CARTESIAN_POINT('',(-6.,6.,0.));
#3215=CARTESIAN_POINT('',(-6.,6.,0.8));
#3216=CARTESIAN_POINT('Origin',(-6.,6.,0.));
#3217=CARTESIAN_POINT('',(-6.,6.,0.));
#3218=CARTESIAN_POINT('',(-6.,6.,0.8));
#3219=CARTESIAN_POINT('Origin',(-6.,-6.,0.));
#3220=CARTESIAN_POINT('',(6.,-6.,0.));
#3221=CARTESIAN_POINT('',(-6.,-6.,0.));
#3222=CARTESIAN_POINT('',(6.,-6.,0.8));
#3223=CARTESIAN_POINT('',(6.,-6.,0.));
#3224=CARTESIAN_POINT('',(-6.,-6.,0.8));
#3225=CARTESIAN_POINT('Origin',(-6.,-6.,0.));
#3226=CARTESIAN_POINT('',(-6.,-6.,0.8));
#3227=CARTESIAN_POINT('',(-6.,-6.,0.));
#3228=CARTESIAN_POINT('Origin',(-6.,-6.,0.));
#3229=CARTESIAN_POINT('',(-6.,-6.,0.));
#3230=CARTESIAN_POINT('',(-6.,-6.,0.8));
#3231=CARTESIAN_POINT('Origin',(-6.,-6.,0.));
#3232=CARTESIAN_POINT('',(-6.,-6.,0.));
#3233=CARTESIAN_POINT('',(-6.,-6.,0.8));
#3234=CARTESIAN_POINT('Origin',(-6.,-6.,0.));
#3235=CARTESIAN_POINT('',(-6.,-6.,0.));
#3236=CARTESIAN_POINT('',(-6.,-6.,0.8));
#3237=CARTESIAN_POINT('Origin',(-6.,-6.,0.));
#3238=CARTESIAN_POINT('',(-6.,-6.,0.));
#3239=CARTESIAN_POINT('',(-6.,-6.,0.8));
#3240=CARTESIAN_POINT('Origin',(-6.,-6.,0.));
#3241=CARTESIAN_POINT('',(-6.,-6.,0.8));
#3242=CARTESIAN_POINT('',(-6.,-6.,0.));
#3243=CARTESIAN_POINT('Origin',(-6.,-6.,0.));
#3244=CARTESIAN_POINT('',(-6.,-6.,0.8));
#3245=CARTESIAN_POINT('',(-6.,-6.,0.));
#3246=CARTESIAN_POINT('Origin',(-6.,-6.,0.));
#3247=CARTESIAN_POINT('',(-6.,-6.,0.8));
#3248=CARTESIAN_POINT('',(-6.,-6.,0.));
#3249=CARTESIAN_POINT('Origin',(-6.,-6.,0.));
#3250=CARTESIAN_POINT('',(-6.,-6.,0.8));
#3251=CARTESIAN_POINT('',(-6.,-6.,0.));
#3252=CARTESIAN_POINT('Origin',(-6.,-6.,0.));
#3253=CARTESIAN_POINT('',(-6.,-6.,0.8));
#3254=CARTESIAN_POINT('',(-6.,-6.,0.));
#3255=CARTESIAN_POINT('Origin',(-6.,-6.,0.));
#3256=CARTESIAN_POINT('',(-6.,-6.,0.8));
#3257=CARTESIAN_POINT('',(-6.,-6.,0.));
#3258=CARTESIAN_POINT('Origin',(6.,6.,0.));
#3259=CARTESIAN_POINT('',(6.,6.,0.8));
#3260=CARTESIAN_POINT('',(6.,6.,0.8));
#3261=CARTESIAN_POINT('',(6.,6.,0.));
#3262=CARTESIAN_POINT('',(6.,6.,0.));
#3263=CARTESIAN_POINT('',(6.,6.,0.));
#3264=CARTESIAN_POINT('Origin',(6.,6.,0.));
#3265=CARTESIAN_POINT('',(6.,6.,0.8));
#3266=CARTESIAN_POINT('',(6.,6.,0.));
#3267=CARTESIAN_POINT('Origin',(6.,6.,0.));
#3268=CARTESIAN_POINT('',(6.,6.,0.8));
#3269=CARTESIAN_POINT('',(6.,6.,0.));
#3270=CARTESIAN_POINT('Origin',(6.,6.,0.));
#3271=CARTESIAN_POINT('',(6.,6.,0.8));
#3272=CARTESIAN_POINT('',(6.,6.,0.));
#3273=CARTESIAN_POINT('Origin',(6.,6.,0.));
#3274=CARTESIAN_POINT('',(6.,6.,0.8));
#3275=CARTESIAN_POINT('',(6.,6.,0.));
#3276=CARTESIAN_POINT('Origin',(6.,6.,0.));
#3277=CARTESIAN_POINT('',(6.,6.,0.8));
#3278=CARTESIAN_POINT('',(6.,6.,0.));
#3279=CARTESIAN_POINT('Origin',(6.,6.,0.));
#3280=CARTESIAN_POINT('',(6.,6.,0.));
#3281=CARTESIAN_POINT('',(6.,6.,0.8));
#3282=CARTESIAN_POINT('Origin',(6.,6.,0.));
#3283=CARTESIAN_POINT('',(6.,6.,0.));
#3284=CARTESIAN_POINT('',(6.,6.,0.8));
#3285=CARTESIAN_POINT('Origin',(6.,6.,0.));
#3286=CARTESIAN_POINT('',(6.,6.,0.));
#3287=CARTESIAN_POINT('',(6.,6.,0.8));
#3288=CARTESIAN_POINT('Origin',(6.,6.,0.));
#3289=CARTESIAN_POINT('',(6.,6.,0.));
#3290=CARTESIAN_POINT('',(6.,6.,0.8));
#3291=CARTESIAN_POINT('Origin',(6.,6.,0.));
#3292=CARTESIAN_POINT('',(6.,6.,0.));
#3293=CARTESIAN_POINT('',(6.,6.,0.8));
#3294=CARTESIAN_POINT('Origin',(6.,6.,0.));
#3295=CARTESIAN_POINT('',(6.,6.,0.));
#3296=CARTESIAN_POINT('',(6.,6.,0.8));
#3297=CARTESIAN_POINT('Origin',(0.,0.,0.8));
#3298=CARTESIAN_POINT('',(6.,-6.,0.8));
#3299=CARTESIAN_POINT('',(6.,-6.,0.8));
#3300=CARTESIAN_POINT('',(6.,-6.,0.8));
#3301=CARTESIAN_POINT('',(6.,-6.,0.8));
#3302=CARTESIAN_POINT('',(6.,-6.,0.8));
#3303=CARTESIAN_POINT('',(6.,-6.,0.8));
#3304=CARTESIAN_POINT('',(6.,-6.,0.8));
#3305=CARTESIAN_POINT('',(6.,-6.,0.8));
#3306=CARTESIAN_POINT('',(6.,-6.,0.8));
#3307=CARTESIAN_POINT('',(6.,-6.,0.8));
#3308=CARTESIAN_POINT('',(6.,-6.,0.8));
#3309=CARTESIAN_POINT('',(6.,-6.,0.8));
#3310=CARTESIAN_POINT('Origin',(6.,-6.,0.));
#3311=CARTESIAN_POINT('',(6.,-6.,0.));
#3312=CARTESIAN_POINT('Origin',(6.,-6.,0.));
#3313=CARTESIAN_POINT('',(6.,-6.,0.));
#3314=CARTESIAN_POINT('Origin',(6.,-6.,0.));
#3315=CARTESIAN_POINT('',(6.,-6.,0.));
#3316=CARTESIAN_POINT('Origin',(6.,-6.,0.));
#3317=CARTESIAN_POINT('',(6.,-6.,0.));
#3318=CARTESIAN_POINT('Origin',(6.,-6.,0.));
#3319=CARTESIAN_POINT('',(6.,-6.,0.));
#3320=CARTESIAN_POINT('Origin',(6.,-6.,0.));
#3321=CARTESIAN_POINT('',(6.,-6.,0.));
#3322=CARTESIAN_POINT('Origin',(6.,-6.,0.));
#3323=CARTESIAN_POINT('',(6.,-6.,0.));
#3324=CARTESIAN_POINT('Origin',(6.,-6.,0.));
#3325=CARTESIAN_POINT('',(6.,-6.,0.));
#3326=CARTESIAN_POINT('Origin',(6.,-6.,0.));
#3327=CARTESIAN_POINT('',(6.,-6.,0.));
#3328=CARTESIAN_POINT('Origin',(6.,-6.,0.));
#3329=CARTESIAN_POINT('',(6.,-6.,0.));
#3330=CARTESIAN_POINT('Origin',(6.,-6.,0.));
#3331=CARTESIAN_POINT('',(6.,-6.,0.));
#3332=CARTESIAN_POINT('Origin',(6.,-6.,0.));
#3333=CARTESIAN_POINT('',(6.,-6.,0.));
#3334=CARTESIAN_POINT('Origin',(0.,0.,0.));
#3335=CARTESIAN_POINT('Origin',(-3.8,3.8,2.1));
#3336=CARTESIAN_POINT('',(-4.4,3.8,2.1));
#3337=CARTESIAN_POINT('Origin',(-3.8,3.8,2.1));
#3338=CARTESIAN_POINT('',(-4.4,3.8,2.3));
#3339=CARTESIAN_POINT('',(-4.4,3.8,2.1));
#3340=CARTESIAN_POINT('Origin',(-3.8,3.8,2.3));
#3341=CARTESIAN_POINT('Origin',(-3.8,3.8,2.1));
#3342=CARTESIAN_POINT('Origin',(5.4,5.4,0.8));
#3343=CARTESIAN_POINT('',(5.4,5.4,0.8));
#3344=CARTESIAN_POINT('',(-5.4,5.4,0.8));
#3345=CARTESIAN_POINT('',(5.4,5.4,0.8));
#3346=CARTESIAN_POINT('',(-5.4,5.4,2.3));
#3347=CARTESIAN_POINT('',(-5.4,5.4,0.8));
#3348=CARTESIAN_POINT('',(5.4,5.4,2.3));
#3349=CARTESIAN_POINT('',(5.4,5.4,2.3));
#3350=CARTESIAN_POINT('',(5.4,5.4,0.8));
#3351=CARTESIAN_POINT('Origin',(5.4,-5.4,0.8));
#3352=CARTESIAN_POINT('',(5.4,-5.4,0.8));
#3353=CARTESIAN_POINT('',(5.4,-5.4,0.8));
#3354=CARTESIAN_POINT('',(5.4,-5.4,2.3));
#3355=CARTESIAN_POINT('',(5.4,-5.4,2.3));
#3356=CARTESIAN_POINT('',(5.4,-5.4,0.8));
#3357=CARTESIAN_POINT('Origin',(-5.4,-5.4,0.8));
#3358=CARTESIAN_POINT('',(-5.4,-5.4,0.8));
#3359=CARTESIAN_POINT('',(-5.4,-5.4,0.8));
#3360=CARTESIAN_POINT('',(-5.4,-5.4,2.3));
#3361=CARTESIAN_POINT('',(-5.4,-5.4,2.3));
#3362=CARTESIAN_POINT('',(-5.4,-5.4,0.8));
#3363=CARTESIAN_POINT('Origin',(-5.4,5.4,0.8));
#3364=CARTESIAN_POINT('',(-5.4,5.4,0.8));
#3365=CARTESIAN_POINT('',(-5.4,5.4,2.3));
#3366=CARTESIAN_POINT('Origin',(0.,0.,2.3));
#3367=CARTESIAN_POINT('Origin',(0.,0.,0.8));
#3368=UNCERTAINTY_MEASURE_WITH_UNIT(LENGTH_MEASURE(0.01),#3372,
'DISTANCE_ACCURACY_VALUE',
'Maximum model space distance between geometric entities at asserted c
onnectivities');
#3369=UNCERTAINTY_MEASURE_WITH_UNIT(LENGTH_MEASURE(0.01),#3372,
'DISTANCE_ACCURACY_VALUE',
'Maximum model space distance between geometric entities at asserted c
onnectivities');
#3370=(
GEOMETRIC_REPRESENTATION_CONTEXT(3)
GLOBAL_UNCERTAINTY_ASSIGNED_CONTEXT((#3368))
GLOBAL_UNIT_ASSIGNED_CONTEXT((#3372,#3374,#3375))
REPRESENTATION_CONTEXT('','3D')
);
#3371=(
GEOMETRIC_REPRESENTATION_CONTEXT(3)
GLOBAL_UNCERTAINTY_ASSIGNED_CONTEXT((#3369))
GLOBAL_UNIT_ASSIGNED_CONTEXT((#3372,#3374,#3375))
REPRESENTATION_CONTEXT('','3D')
);
#3372=(
LENGTH_UNIT()
NAMED_UNIT(*)
SI_UNIT(.MILLI.,.METRE.)
);
#3373=(
LENGTH_UNIT()
NAMED_UNIT(*)
SI_UNIT($,.METRE.)
);
#3374=(
NAMED_UNIT(*)
PLANE_ANGLE_UNIT()
SI_UNIT($,.RADIAN.)
);
#3375=(
NAMED_UNIT(*)
SI_UNIT($,.STERADIAN.)
SOLID_ANGLE_UNIT()
);
#3376=SHAPE_DEFINITION_REPRESENTATION(#3377,#3378);
#3377=PRODUCT_DEFINITION_SHAPE('',$,#3380);
#3378=SHAPE_REPRESENTATION('',(#2000),#3370);
#3379=PRODUCT_DEFINITION_CONTEXT('part definition',#3384,'design');
#3380=PRODUCT_DEFINITION('(Unsaved)','(Unsaved)',#3381,#3379);
#3381=PRODUCT_DEFINITION_FORMATION('',$,#3386);
#3382=PRODUCT_RELATED_PRODUCT_CATEGORY('(Unsaved)','(Unsaved)',(#3386));
#3383=APPLICATION_PROTOCOL_DEFINITION('international standard',
'automotive_design',2009,#3384);
#3384=APPLICATION_CONTEXT(
'Core Data for Automotive Mechanical Design Process');
#3385=PRODUCT_CONTEXT('part definition',#3384,'mechanical');
#3386=PRODUCT('(Unsaved)','(Unsaved)',$,(#3385));
#3387=PRESENTATION_STYLE_ASSIGNMENT((#3390));
#3388=PRESENTATION_STYLE_ASSIGNMENT((#3391));
#3389=PRESENTATION_STYLE_ASSIGNMENT((#3392));
#3390=SURFACE_STYLE_USAGE(.BOTH.,#3393);
#3391=SURFACE_STYLE_USAGE(.BOTH.,#3394);
#3392=SURFACE_STYLE_USAGE(.BOTH.,#3395);
#3393=SURFACE_SIDE_STYLE('',(#3396));
#3394=SURFACE_SIDE_STYLE('',(#3397));
#3395=SURFACE_SIDE_STYLE('',(#3398));
#3396=SURFACE_STYLE_FILL_AREA(#3399);
#3397=SURFACE_STYLE_FILL_AREA(#3400);
#3398=SURFACE_STYLE_FILL_AREA(#3401);
#3399=FILL_AREA_STYLE('Steel - Satin',(#3402));
#3400=FILL_AREA_STYLE('PCB_Dark_Blue',(#3403));
#3401=FILL_AREA_STYLE('Shield_Silver',(#3404));
#3402=FILL_AREA_STYLE_COLOUR('Steel - Satin',#3405);
#3403=FILL_AREA_STYLE_COLOUR('PCB_Dark_Blue',#3406);
#3404=FILL_AREA_STYLE_COLOUR('Shield_Silver',#3407);
#3405=COLOUR_RGB('Steel - Satin',0.627450980392157,0.627450980392157,0.627450980392157);
#3406=COLOUR_RGB('PCB_Dark_Blue',0.,0.172549019607843,0.376470588235294);
#3407=COLOUR_RGB('Shield_Silver',0.788235294117647,0.803921568627451,0.823529411764706);
ENDSEC;
END-ISO-10303-21;
