#VRML V2.0 utf8
# 3D model generated by easyeda2kicad.py (https://github.com/uPesy/easyeda2kicad.py)

Shape{
    appearance Appearance {
        material  Material 	{
            diffuseColor 0.8313725490196079 0.6705882352941176 0.12941176470588237
            specularColor 0.6666666666666666 0.5372549019607843 0.10196078431372549
            ambientIntensity 0.657
            transparency 0.0
            shininess 0.5
        }
    }
    geometry IndexedFaceSet {
        ccw TRUE
        solid FALSE
        coord DEF co Coordinate {
            point [
                -0.8402 0.5995 1.3161, -0.8402 0.9007 1.2775, -0.2496 0.5995 1.3161, -0.2496 0.9007 1.2775, -0.8402 0.6095 1.3942, -0.2496 0.6095 1.3942, -0.8402 0.9107 1.3556, -0.2496 0.9107 1.3556, -0.2496 0.9314 1.351, -0.8402 0.9314 1.351, -0.2496 0.9511 1.3428, -0.8402 0.9511 1.3428, -0.2496 0.9689 1.3312, -0.8402 0.9689 1.3312, -0.2496 0.9843 1.3165, -0.8402 0.9843 1.3165, -0.2496 0.9969 1.2993, -0.8402 0.9969 1.2993, -0.2496 1.0062 1.2802, -0.8402 1.0062 1.2802, -0.2496 1.0119 1.2597, -0.8402 1.0119 1.2597, -0.2496 1.0138 1.2385, -0.8402 1.0138 1.2385, -0.8402 1.0138 0.7874, -0.2496 1.0138 0.7874, -0.8402 0.935 0.7874, -0.2496 0.935 0.7874, -0.8402 0.935 1.2385, -0.2496 0.935 1.2385, -0.8402 0.9339 1.2479, -0.2496 0.9339 1.2479, -0.8402 0.9306 1.2567, -0.2496 0.9306 1.2567, -0.8402 0.9252 1.2645, -0.2496 0.9252 1.2645, -0.8402 0.9182 1.2708, -0.2496 0.9182 1.2708, -0.8402 0.9098 1.2752, -0.2496 0.9098 1.2752, 0.3409 0.5995 1.3161, 0.3409 0.9007 1.2775, 0.9315 0.5995 1.3161, 0.9315 0.9007 1.2775, 0.3409 0.6095 1.3942, 0.9315 0.6095 1.3942, 0.3409 0.9107 1.3556, 0.9315 0.9107 1.3556, 0.9315 0.9314 1.351, 0.3409 0.9314 1.351, 0.9315 0.9511 1.3428, 0.3409 0.9511 1.3428, 0.9315 0.9689 1.3312, 0.3409 0.9689 1.3312, 0.9315 0.9843 1.3165, 0.3409 0.9843 1.3165, 0.9315 0.9969 1.2993, 0.3409 0.9969 1.2993, 0.9315 1.0062 1.2802, 0.3409 1.0062 1.2802, 0.9315 1.0119 1.2597, 0.3409 1.0119 1.2597, 0.9315 1.0138 1.2385, 0.3409 1.0138 1.2385, 0.3409 1.0138 0.7874, 0.9315 1.0138 0.7874, 0.3409 0.935 0.7874, 0.9315 0.935 0.7874, 0.3409 0.935 1.2385, 0.9315 0.935 1.2385, 0.3409 0.9339 1.2479, 0.9315 0.9339 1.2479, 0.3409 0.9306 1.2567, 0.9315 0.9306 1.2567, 0.3409 0.9252 1.2645, 0.9315 0.9252 1.2645, 0.3409 0.9182 1.2708, 0.9315 0.9182 1.2708, 0.3409 0.9098 1.2752, 0.9315 0.9098 1.2752, -0.2496 1.0385 1.5948, -0.8402 1.0385 1.5948, -0.2496 0.1694 1.7808, -0.8402 0.1694 1.7808, -0.1168 -0.3046 1.8823, -0.7074 -0.3046 1.8823, -0.0228 -0.6567 1.8771, -0.6133 -0.6567 1.8771, -0.2496 0.153 1.7038, -0.8402 0.153 1.7038, -0.2496 1.022 1.5178, -0.8402 1.022 1.5178, -0.2496 1.0638 1.5863, -0.8402 1.0638 1.5863, -0.2496 1.0866 1.5723, -0.8402 1.0866 1.5723, -0.2496 1.1056 1.5536, -0.8402 1.1056 1.5536, -0.2496 1.12 1.531, -0.8402 1.12 1.531, -0.2496 1.1289 1.5058, -0.8402 1.1289 1.5058, -0.2496 1.1319 1.4793, -0.8402 1.1319 1.4793, -0.8402 1.1319 1.378, -0.2496 1.1319 1.378, -0.8402 1.0531 1.378, -0.2496 1.0531 1.378, -0.8402 1.0531 1.4793, -0.2496 1.0531 1.4793, -0.8402 1.0521 1.4881, -0.2496 1.0521 1.4881, -0.8402 1.0492 1.4965, -0.2496 1.0492 1.4965, -0.8402 1.0444 1.5041, -0.2496 1.0444 1.5041, -0.8402 1.038 1.5103, -0.2496 1.038 1.5103, -0.8402 1.0305 1.515, -0.2496 1.0305 1.515, -0.1126 -0.3164 1.8996, -0.1042 -0.3419 1.9286, -0.0947 -0.3719 1.9534, -0.0844 -0.4061 1.9731, -0.0736 -0.4436 1.987, -0.0626 -0.483 1.9943, -0.0516 -0.5239 1.9948, -0.041 -0.5648 1.988, -0.0312 -0.6045 1.974, -0.0228 -0.6402 1.9541, -0.6133 -0.6402 1.9541, -0.6852 -0.3719 1.9534, -0.6947 -0.3419 1.9286, -0.7032 -0.3164 1.8996, -0.6531 -0.483 1.9943, -0.6641 -0.4436 1.987, -0.6749 -0.4061 1.9731, -0.6217 -0.6045 1.974, -0.6316 -0.5648 1.988, -0.6421 -0.5239 1.9948, -2.0213 0.5995 1.3161, -2.0213 0.9007 1.2775, -1.4307 0.5995 1.3161, -1.4307 0.9007 1.2775, -2.0213 0.6095 1.3942, -1.4307 0.6095 1.3942, -2.0213 0.9107 1.3556, -1.4307 0.9107 1.3556, -1.4307 0.9314 1.351, -2.0213 0.9314 1.351, -1.4307 0.9511 1.3428, -2.0213 0.9511 1.3428, -1.4307 0.9689 1.3312, -2.0213 0.9689 1.3312, -1.4307 0.9843 1.3165, -2.0213 0.9843 1.3165, -1.4307 0.9969 1.2993, -2.0213 0.9969 1.2993, -1.4307 1.0062 1.2802, -2.0213 1.0062 1.2802, -1.4307 1.0119 1.2597, -2.0213 1.0119 1.2597, -1.4307 1.0138 1.2385, -2.0213 1.0138 1.2385, -2.0213 1.0138 0.7874, -1.4307 1.0138 0.7874, -2.0213 0.935 0.7874, -1.4307 0.935 0.7874, -2.0213 0.935 1.2385, -1.4307 0.935 1.2385, -2.0213 0.9339 1.2479, -1.4307 0.9339 1.2479, -2.0213 0.9306 1.2567, -1.4307 0.9306 1.2567, -2.0213 0.9252 1.2645, -1.4307 0.9252 1.2645, -2.0213 0.9182 1.2708, -1.4307 0.9182 1.2708, -2.0213 0.9098 1.2752, -1.4307 0.9098 1.2752, 0.9315 1.0385 1.5948, 0.3409 1.0385 1.5948, 0.9315 0.1694 1.7808, 0.3409 0.1694 1.7808, 1.0643 -0.3046 1.8823, 0.4737 -0.3046 1.8823, 1.1583 -0.6567 1.8771, 0.5678 -0.6567 1.8771, 0.9315 0.153 1.7038, 0.3409 0.153 1.7038, 0.9315 1.022 1.5178, 0.3409 1.022 1.5178, 0.9315 1.0638 1.5863, 0.3409 1.0638 1.5863, 0.9315 1.0866 1.5723, 0.3409 1.0866 1.5723, 0.9315 1.1056 1.5536, 0.3409 1.1056 1.5536, 0.9315 1.12 1.531, 0.3409 1.12 1.531, 0.9315 1.1289 1.5058, 0.3409 1.1289 1.5058, 0.9315 1.1319 1.4793, 0.3409 1.1319 1.4793, 0.3409 1.1319 1.378, 0.9315 1.1319 1.378, 0.3409 1.0531 1.378, 0.9315 1.0531 1.378, 0.3409 1.0531 1.4793, 0.9315 1.0531 1.4793, 0.3409 1.0521 1.4881, 0.9315 1.0521 1.4881, 0.3409 1.0492 1.4965, 0.9315 1.0492 1.4965, 0.3409 1.0444 1.5041, 0.9315 1.0444 1.5041, 0.3409 1.038 1.5103, 0.9315 1.038 1.5103, 0.3409 1.0305 1.515, 0.9315 1.0305 1.515, 1.0685 -0.3164 1.8996, 1.0769 -0.3419 1.9286, 1.0864 -0.3719 1.9534, 1.0967 -0.4061 1.9731, 1.1076 -0.4436 1.987, 1.1185 -0.483 1.9943, 1.1295 -0.5239 1.9948, 1.1401 -0.5648 1.988, 1.1499 -0.6045 1.974, 1.1583 -0.6402 1.9541, 0.5678 -0.6402 1.9541, 0.4959 -0.3719 1.9534, 0.4864 -0.3419 1.9286, 0.4779 -0.3164 1.8996, 0.528 -0.483 1.9943, 0.517 -0.4436 1.987, 0.5062 -0.4061 1.9731, 0.5594 -0.6045 1.974, 0.5495 -0.5648 1.988, 0.539 -0.5239 1.9948, 1.5739 -0.9794 1.5948, 2.1645 -0.9794 1.5948, 1.5739 -0.1104 1.7808, 2.1645 -0.1104 1.7808, 1.4411 0.3636 1.8823, 2.0317 0.3636 1.8823, 1.3471 0.7157 1.8771, 1.9376 0.7157 1.8771, 1.5739 -0.0939 1.7038, 2.1645 -0.0939 1.7038, 1.5739 -0.963 1.5178, 2.1645 -0.963 1.5178, 1.5739 -1.0048 1.5863, 2.1645 -1.0048 1.5863, 1.5739 -1.0275 1.5723, 2.1645 -1.0275 1.5723, 1.5739 -1.0466 1.5536, 2.1645 -1.0466 1.5536, 1.5739 -1.0609 1.531, 2.1645 -1.0609 1.531, 1.5739 -1.0698 1.5058, 2.1645 -1.0698 1.5058, 1.5739 -1.0728 1.4793, 2.1645 -1.0728 1.4793, 2.1645 -1.0728 1.378, 1.5739 -1.0728 1.378, 2.1645 -0.9941 1.378, 1.5739 -0.9941 1.378, 2.1645 -0.9941 1.4793, 1.5739 -0.9941 1.4793, 2.1645 -0.9931 1.4881, 1.5739 -0.9931 1.4881, 2.1645 -0.9901 1.4965, 1.5739 -0.9901 1.4965, 2.1645 -0.9853 1.5041, 1.5739 -0.9853 1.5041, 2.1645 -0.979 1.5103, 1.5739 -0.979 1.5103, 2.1645 -0.9714 1.515, 1.5739 -0.9714 1.515, 1.4369 0.3755 1.8996, 1.4285 0.4009 1.9286, 1.419 0.431 1.9534, 1.4087 0.4652 1.9731, 1.3978 0.5026 1.987, 1.3869 0.5421 1.9943, 1.3759 0.5829 1.9948, 1.3653 0.6238 1.988, 1.3555 0.6636 1.974, 1.3471 0.6992 1.9541, 1.9376 0.6992 1.9541, 2.0095 0.431 1.9534, 2.019 0.4009 1.9286, 2.0275 0.3755 1.8996, 1.9774 0.5421 1.9943, 1.9884 0.5026 1.987, 1.9992 0.4652 1.9731, 1.946 0.6636 1.974, 1.9559 0.6238 1.988, 1.9664 0.5829 1.9948, -1.4307 1.0385 1.5948, -2.0213 1.0385 1.5948, -1.4307 0.1694 1.7808, -2.0213 0.1694 1.7808, -1.2979 -0.3046 1.8823, -1.8885 -0.3046 1.8823, -1.2039 -0.6567 1.8771, -1.7944 -0.6567 1.8771, -1.4307 0.153 1.7038, -2.0213 0.153 1.7038, -1.4307 1.022 1.5178, -2.0213 1.022 1.5178, -1.4307 1.0638 1.5863, -2.0213 1.0638 1.5863, -1.4307 1.0866 1.5723, -2.0213 1.0866 1.5723, -1.4307 1.1056 1.5536, -2.0213 1.1056 1.5536, -1.4307 1.12 1.531, -2.0213 1.12 1.531, -1.4307 1.1289 1.5058, -2.0213 1.1289 1.5058, -1.4307 1.1319 1.4793, -2.0213 1.1319 1.4793, -2.0213 1.1319 1.378, -1.4307 1.1319 1.378, -2.0213 1.0531 1.378, -1.4307 1.0531 1.378, -2.0213 1.0531 1.4793, -1.4307 1.0531 1.4793, -2.0213 1.0521 1.4881, -1.4307 1.0521 1.4881, -2.0213 1.0492 1.4965, -1.4307 1.0492 1.4965, -2.0213 1.0444 1.5041, -1.4307 1.0444 1.5041, -2.0213 1.038 1.5103, -1.4307 1.038 1.5103, -2.0213 1.0305 1.515, -1.4307 1.0305 1.515, -1.2937 -0.3164 1.8996, -1.2853 -0.3419 1.9286, -1.2758 -0.3719 1.9534, -1.2655 -0.4061 1.9731, -1.2547 -0.4436 1.987, -1.2437 -0.483 1.9943, -1.2327 -0.5239 1.9948, -1.2221 -0.5648 1.988, -1.2123 -0.6045 1.974, -1.2039 -0.6402 1.9541, -1.7944 -0.6402 1.9541, -1.8663 -0.3719 1.9534, -1.8758 -0.3419 1.9286, -1.8843 -0.3164 1.8996, -1.8342 -0.483 1.9943, -1.8452 -0.4436 1.987, -1.856 -0.4061 1.9731, -1.8028 -0.6045 1.974, -1.8127 -0.5648 1.988, -1.8232 -0.5239 1.9948, 2.1645 -0.5404 1.3161, 2.1645 -0.8416 1.2775, 1.5739 -0.5404 1.3161, 1.5739 -0.8416 1.2775, 2.1645 -0.5504 1.3942, 1.5739 -0.5504 1.3942, 2.1645 -0.8516 1.3556, 1.5739 -0.8516 1.3556, 1.5739 -0.8724 1.351, 2.1645 -0.8724 1.351, 1.5739 -0.892 1.3428, 2.1645 -0.892 1.3428, 1.5739 -0.9098 1.3312, 2.1645 -0.9098 1.3312, 1.5739 -0.9253 1.3165, 2.1645 -0.9253 1.3165, 1.5739 -0.9378 1.2993, 2.1645 -0.9378 1.2993, 1.5739 -0.9471 1.2802, 2.1645 -0.9471 1.2802, 1.5739 -0.9528 1.2597, 2.1645 -0.9528 1.2597, 1.5739 -0.9547 1.2385, 2.1645 -0.9547 1.2385, 2.1645 -0.9547 0.7874, 1.5739 -0.9547 0.7874, 2.1645 -0.876 0.7874, 1.5739 -0.876 0.7874, 2.1645 -0.876 1.2385, 1.5739 -0.876 1.2385, 2.1645 -0.8749 1.2479, 1.5739 -0.8749 1.2479, 2.1645 -0.8715 1.2567, 1.5739 -0.8715 1.2567, 2.1645 -0.8662 1.2645, 1.5739 -0.8662 1.2645, 2.1645 -0.8591 1.2708, 1.5739 -0.8591 1.2708, 2.1645 -0.8508 1.2752, 1.5739 -0.8508 1.2752, -1.2008 -1.0236 -0.0197, -1.5945 -1.0236 -0.0197, -1.2008 -1.0236 0.0709, -1.5945 -1.0236 0.0709, -1.2008 -1.5748 -0.0197, -1.2008 -1.5748 0.0709, -1.2018 -1.5836 0.0709, -1.2018 -1.5836 -0.0197, -1.2047 -1.5919 0.0709, -1.2047 -1.5919 -0.0197, -1.2094 -1.5994 0.0709, -1.2094 -1.5994 -0.0197, -1.2156 -1.6056 0.0709, -1.2156 -1.6056 -0.0197, -1.2231 -1.6103 0.0709, -1.2231 -1.6103 -0.0197, -1.2314 -1.6132 0.0709, -1.2314 -1.6132 -0.0197, -1.2402 -1.6142 0.0709, -1.2402 -1.6142 -0.0197, -1.2992 -1.6142 0.0591, -1.2992 -1.6142 -0.0197, -1.5551 -1.6142 0.0709, -1.5551 -1.6142 -0.0197, -1.4961 -1.6142 -0.0197, -1.4961 -1.6142 0.0591, -1.5653 -1.6128 0.0709, -1.5653 -1.6128 -0.0197, -1.5748 -1.6089 0.0709, -1.5748 -1.6089 -0.0197, -1.583 -1.6026 0.0709, -1.583 -1.6026 -0.0197, -1.5892 -1.5945 0.0709, -1.5892 -1.5945 -0.0197, -1.5931 -1.585 0.0709, -1.5931 -1.585 -0.0197, -1.5945 -1.5748 0.0709, -1.5945 -1.5748 -0.0197, -1.4894 -1.5786 -0.0197, -1.4944 -1.5961 -0.0197, -1.3383 -1.5356 -0.0197, -1.3538 -1.5261 -0.0197, -1.4246 -1.5195 -0.0197, -1.4415 -1.5261 -0.0197, -1.3009 -1.5961 -0.0197, -1.3707 -1.5195 -0.0197, -1.3886 -1.5162 -0.0197, -1.4067 -1.5162 -0.0197, -1.457 -1.5356 -0.0197, -1.4704 -1.5479 -0.0197, -1.4813 -1.5624 -0.0197, -1.3059 -1.5786 -0.0197, -1.314 -1.5624 -0.0197, -1.3249 -1.5479 -0.0197, -1.4944 -1.5961 0.0591, -1.4894 -1.5786 0.0591, -1.4813 -1.5624 0.0591, -1.4704 -1.5479 0.0591, -1.4246 -1.5195 0.0591, -1.4067 -1.5162 0.0591, -1.3383 -1.5356 0.0591, -1.3249 -1.5479 0.0591, -1.314 -1.5624 0.0591, -1.457 -1.5356 0.0591, -1.4415 -1.5261 0.0591, -1.3059 -1.5786 0.0591, -1.3009 -1.5961 0.0591, -1.3707 -1.5195 0.0591, -1.3886 -1.5162 0.0591, -1.3538 -1.5261 0.0591, -0.0591 -1.0496 -0.0197, -0.4528 -1.0496 -0.0197, -0.0591 -1.0496 0.0709, -0.4528 -1.0496 0.0709, -0.0591 -1.5748 -0.0197, -0.0591 -1.5748 0.0709, -0.06 -1.5836 0.0709, -0.06 -1.5836 -0.0197, -0.063 -1.5919 0.0709, -0.063 -1.5919 -0.0197, -0.0676 -1.5994 0.0709, -0.0676 -1.5994 -0.0197, -0.0739 -1.6056 0.0709, -0.0739 -1.6056 -0.0197, -0.0813 -1.6103 0.0709, -0.0813 -1.6103 -0.0197, -0.0897 -1.6132 0.0709, -0.0897 -1.6132 -0.0197, -0.0984 -1.6142 0.0709, -0.0984 -1.6142 -0.0197, -0.1575 -1.6142 -0.0197, -0.1575 -1.6142 0.0591, -0.3543 -1.6142 0.0591, -0.4134 -1.6142 0.0709, -0.3543 -1.6142 -0.0197, -0.4134 -1.6142 -0.0197, -0.4236 -1.6128 0.0709, -0.4236 -1.6128 -0.0197, -0.4331 -1.6089 0.0709, -0.4331 -1.6089 -0.0197, -0.4412 -1.6026 0.0709, -0.4412 -1.6026 -0.0197, -0.4475 -1.5945 0.0709, -0.4475 -1.5945 -0.0197, -0.4514 -1.585 0.0709, -0.4514 -1.585 -0.0197, -0.4528 -1.5748 0.0709, -0.4528 -1.5748 -0.0197, -0.1966 -1.5356 -0.0197, -0.212 -1.5261 -0.0197, -0.1592 -1.5961 -0.0197, -0.2828 -1.5195 -0.0197, -0.2998 -1.5261 -0.0197, -0.3396 -1.5624 -0.0197, -0.3286 -1.5479 -0.0197, -0.3152 -1.5356 -0.0197, -0.3477 -1.5786 -0.0197, -0.3527 -1.5961 -0.0197, -0.229 -1.5195 -0.0197, -0.2468 -1.5162 -0.0197, -0.265 -1.5162 -0.0197, -0.1641 -1.5786 -0.0197, -0.1722 -1.5624 -0.0197, -0.1832 -1.5479 -0.0197, -0.3477 -1.5786 0.0591, -0.3396 -1.5624 0.0591, -0.2828 -1.5195 0.0591, -0.265 -1.5162 0.0591, -0.2468 -1.5162 0.0591, -0.229 -1.5195 0.0591, -0.212 -1.5261 0.0591, -0.3527 -1.5961 0.0591, -0.1966 -1.5356 0.0591, -0.1832 -1.5479 0.0591, -0.1722 -1.5624 0.0591, -0.1641 -1.5786 0.0591, -0.1592 -1.5961 0.0591, -0.3286 -1.5479 0.0591, -0.3152 -1.5356 0.0591, -0.2998 -1.5261 0.0591, 1.0827 -1.0236 -0.0197, 0.689 -1.0236 -0.0197, 1.0827 -1.0236 0.0709, 0.689 -1.0236 0.0709, 1.0827 -1.5748 -0.0197, 1.0827 -1.5748 0.0709, 1.0817 -1.5836 0.0709, 1.0817 -1.5836 -0.0197, 1.0788 -1.5919 0.0709, 1.0788 -1.5919 -0.0197, 1.0741 -1.5994 0.0709, 1.0741 -1.5994 -0.0197, 1.0679 -1.6056 0.0709, 1.0679 -1.6056 -0.0197, 1.0604 -1.6103 0.0709, 1.0604 -1.6103 -0.0197, 1.0521 -1.6132 0.0709, 1.0521 -1.6132 -0.0197, 1.0433 -1.6142 0.0709, 1.0433 -1.6142 -0.0197, 0.9843 -1.6142 -0.0197, 0.9843 -1.6142 0.0591, 0.7874 -1.6142 0.0591, 0.7283 -1.6142 0.0709, 0.7874 -1.6142 -0.0197, 0.7283 -1.6142 -0.0197, 0.7182 -1.6128 0.0709, 0.7182 -1.6128 -0.0197, 0.7087 -1.6089 0.0709, 0.7087 -1.6089 -0.0197, 0.7005 -1.6026 0.0709, 0.7005 -1.6026 -0.0197, 0.6943 -1.5945 0.0709, 0.6943 -1.5945 -0.0197, 0.6903 -1.585 0.0709, 0.6903 -1.585 -0.0197, 0.689 -1.5748 0.0709, 0.689 -1.5748 -0.0197, 0.9451 -1.5356 -0.0197, 0.9297 -1.5261 -0.0197, 0.8589 -1.5195 -0.0197, 0.842 -1.5261 -0.0197, 0.9128 -1.5195 -0.0197, 0.8949 -1.5162 -0.0197, 0.8767 -1.5162 -0.0197, 0.8021 -1.5624 -0.0197, 0.8131 -1.5479 -0.0197, 0.8265 -1.5356 -0.0197, 0.794 -1.5786 -0.0197, 0.7891 -1.5961 -0.0197, 0.9826 -1.5961 -0.0197, 0.9776 -1.5786 -0.0197, 0.9695 -1.5624 -0.0197, 0.9586 -1.5479 -0.0197, 0.8589 -1.5195 0.0591, 0.7891 -1.5961 0.0591, 0.8767 -1.5162 0.0591, 0.8949 -1.5162 0.0591, 0.9128 -1.5195 0.0591, 0.9586 -1.5479 0.0591, 0.9695 -1.5624 0.0591, 0.9776 -1.5786 0.0591, 0.9826 -1.5961 0.0591, 0.8021 -1.5624 0.0591, 0.8131 -1.5479 0.0591, 0.8265 -1.5356 0.0591, 0.9297 -1.5261 0.0591, 0.9451 -1.5356 0.0591, 0.794 -1.5786 0.0591, 0.842 -1.5261 0.0591, 1.9488 -1.0236 -0.0197, 1.5551 -1.0236 -0.0197, 1.9488 -1.0236 0.0709, 1.5551 -1.0236 0.0709, 1.9488 -1.5748 -0.0197, 1.9488 -1.5748 0.0709, 1.9475 -1.585 0.0709, 1.9475 -1.585 -0.0197, 1.9435 -1.5945 0.0709, 1.9435 -1.5945 -0.0197, 1.9373 -1.6026 0.0709, 1.9373 -1.6026 -0.0197, 1.9291 -1.6089 0.0709, 1.9291 -1.6089 -0.0197, 1.9196 -1.6128 0.0709, 1.9196 -1.6128 -0.0197, 1.9094 -1.6142 0.0709, 1.9094 -1.6142 -0.0197, 1.8504 -1.6142 -0.0197, 1.8504 -1.6142 0.0591, 1.6535 -1.6142 0.0591, 1.5945 -1.6142 0.0709, 1.6535 -1.6142 -0.0197, 1.5945 -1.6142 -0.0197, 1.5843 -1.6128 0.0709, 1.5843 -1.6128 -0.0197, 1.5748 -1.6089 0.0709, 1.5748 -1.6089 -0.0197, 1.5666 -1.6026 0.0709, 1.5666 -1.6026 -0.0197, 1.5604 -1.5945 0.0709, 1.5604 -1.5945 -0.0197, 1.5565 -1.585 0.0709, 1.5565 -1.585 -0.0197, 1.5551 -1.5748 0.0709, 1.5551 -1.5748 -0.0197, 1.8113 -1.5356 -0.0197, 1.7958 -1.5261 -0.0197, 1.6602 -1.5786 -0.0197, 1.6552 -1.5961 -0.0197, 1.725 -1.5195 -0.0197, 1.7081 -1.5261 -0.0197, 1.8487 -1.5961 -0.0197, 1.8437 -1.5786 -0.0197, 1.8357 -1.5624 -0.0197, 1.8247 -1.5479 -0.0197, 1.7789 -1.5195 -0.0197, 1.7611 -1.5162 -0.0197, 1.7429 -1.5162 -0.0197, 1.6927 -1.5356 -0.0197, 1.6792 -1.5479 -0.0197, 1.6683 -1.5624 -0.0197, 1.8437 -1.5786 0.0591, 1.6602 -1.5786 0.0591, 1.8357 -1.5624 0.0591, 1.8247 -1.5479 0.0591, 1.6552 -1.5961 0.0591, 1.8487 -1.5961 0.0591, 1.725 -1.5195 0.0591, 1.7429 -1.5162 0.0591, 1.7611 -1.5162 0.0591, 1.7789 -1.5195 0.0591, 1.6683 -1.5624 0.0591, 1.6792 -1.5479 0.0591, 1.7081 -1.5261 0.0591, 1.6927 -1.5356 0.0591, 1.7958 -1.5261 0.0591, 1.8113 -1.5356 0.0591, -1.9488 1.0827 -0.0197, -1.5551 1.0827 -0.0197, -1.9488 1.0827 0.0709, -1.5551 1.0827 0.0709, -1.9488 1.5748 -0.0197, -1.9488 1.5748 0.0709, -1.9475 1.585 0.0709, -1.9475 1.585 -0.0197, -1.9435 1.5945 0.0709, -1.9435 1.5945 -0.0197, -1.9373 1.6026 0.0709, -1.9373 1.6026 -0.0197, -1.9291 1.6089 0.0709, -1.9291 1.6089 -0.0197, -1.9196 1.6128 0.0709, -1.9196 1.6128 -0.0197, -1.9094 1.6142 0.0709, -1.9094 1.6142 -0.0197, -1.8504 1.6142 -0.0197, -1.8504 1.6142 0.0591, -1.6535 1.6142 0.0591, -1.5945 1.6142 0.0709, -1.6535 1.6142 -0.0197, -1.5945 1.6142 -0.0197, -1.5857 1.6132 0.0709, -1.5857 1.6132 -0.0197, -1.5774 1.6103 0.0709, -1.5774 1.6103 -0.0197, -1.5699 1.6056 0.0709, -1.5699 1.6056 -0.0197, -1.5637 1.5993 0.0709, -1.5637 1.5993 -0.0197, -1.559 1.5919 0.0709, -1.559 1.5919 -0.0197, -1.5561 1.5836 0.0709, -1.5561 1.5836 -0.0197, -1.5551 1.5748 0.0709, -1.5551 1.5748 -0.0197, -1.8489 1.5971 -0.0197, -1.7183 1.5217 -0.0197, -1.7028 1.5289 -0.0197, -1.8445 1.5805 -0.0197, -1.8372 1.565 -0.0197, -1.7349 1.5172 -0.0197, -1.6887 1.5388 -0.0197, -1.6766 1.5509 -0.0197, -1.8274 1.5509 -0.0197, -1.8152 1.5388 -0.0197, -1.8012 1.5289 -0.0197, -1.655 1.5971 -0.0197, -1.6595 1.5805 -0.0197, -1.6667 1.565 -0.0197, -1.7856 1.5217 -0.0197, -1.7691 1.5172 -0.0197, -1.752 1.5157 -0.0197, -1.8489 1.5971 0.0591, -1.655 1.5971 0.0591, -1.6595 1.5805 0.0591, -1.6667 1.565 0.0591, -1.6766 1.5509 0.0591, -1.6887 1.5388 0.0591, -1.8445 1.5805 0.0591, -1.8372 1.565 0.0591, -1.8012 1.5289 0.0591, -1.752 1.5157 0.0591, -1.7856 1.5217 0.0591, -1.7691 1.5172 0.0591, -1.7183 1.5217 0.0591, -1.7349 1.5172 0.0591, -1.8274 1.5509 0.0591, -1.8152 1.5388 0.0591, -1.7028 1.5289 0.0591, -1.2008 1.0827 -0.0197, -0.8071 1.0827 -0.0197, -1.2008 1.0827 0.0709, -0.8071 1.0827 0.0709, -1.2008 1.5748 -0.0197, -1.2008 1.5748 0.0709, -1.1994 1.585 0.0709, -1.1994 1.585 -0.0197, -1.1955 1.5945 0.0709, -1.1955 1.5945 -0.0197, -1.1893 1.6026 0.0709, -1.1893 1.6026 -0.0197, -1.1811 1.6089 0.0709, -1.1811 1.6089 -0.0197, -1.1716 1.6128 0.0709, -1.1716 1.6128 -0.0197, -1.1614 1.6142 0.0709, -1.1614 1.6142 -0.0197, -1.1024 1.6142 -0.0197, -1.1024 1.6142 0.0591, -0.9055 1.6142 0.0591, -0.8465 1.6142 0.0709, -0.9055 1.6142 -0.0197, -0.8465 1.6142 -0.0197, -0.8363 1.6128 0.0709, -0.8363 1.6128 -0.0197, -0.8268 1.6089 0.0709, -0.8268 1.6089 -0.0197, -0.8186 1.6026 0.0709, -0.8186 1.6026 -0.0197, -0.8124 1.5945 0.0709, -0.8124 1.5945 -0.0197, -0.8084 1.585 0.0709, -0.8084 1.585 -0.0197, -0.8071 1.5748 0.0709, -0.8071 1.5748 -0.0197, -0.9703 1.5217 -0.0197, -0.9547 1.5289 -0.0197, -1.1009 1.5971 -0.0197, -1.0376 1.5217 -0.0197, -1.0531 1.5289 -0.0197, -1.0672 1.5388 -0.0197, -1.021 1.5172 -0.0197, -1.0039 1.5157 -0.0197, -0.9868 1.5172 -0.0197, -0.9187 1.565 -0.0197, -0.9285 1.5509 -0.0197, -0.9407 1.5388 -0.0197, -1.0964 1.5805 -0.0197, -1.0892 1.565 -0.0197, -1.0793 1.5509 -0.0197, -0.9114 1.5805 -0.0197, -0.907 1.5971 -0.0197, -1.0376 1.5217 0.0591, -1.0531 1.5289 0.0591, -0.907 1.5971 0.0591, -0.9114 1.5805 0.0591, -1.0039 1.5157 0.0591, -0.9187 1.565 0.0591, -0.9868 1.5172 0.0591, -0.9285 1.5509 0.0591, -0.9407 1.5388 0.0591, -1.021 1.5172 0.0591, -0.9547 1.5289 0.0591, -0.9703 1.5217 0.0591, -1.0672 1.5388 0.0591, -1.0793 1.5509 0.0591, -1.0892 1.565 0.0591, -1.0964 1.5805 0.0591, -1.1009 1.5971 0.0591, -0.0591 1.0827 -0.0197, 0.3346 1.0827 -0.0197, -0.0591 1.0827 0.0709, 0.3346 1.0827 0.0709, -0.0591 1.5748 -0.0197, -0.0591 1.5748 0.0709, -0.0577 1.585 0.0709, -0.0577 1.585 -0.0197, -0.0538 1.5945 0.0709, -0.0538 1.5945 -0.0197, -0.0475 1.6026 0.0709, -0.0475 1.6026 -0.0197, -0.0394 1.6089 0.0709, -0.0394 1.6089 -0.0197, -0.0299 1.6128 0.0709, -0.0299 1.6128 -0.0197, -0.0197 1.6142 0.0709, -0.0197 1.6142 -0.0197, 0.0394 1.6142 -0.0197, 0.0394 1.6142 0.0591, 0.2362 1.6142 0.0591, 0.2953 1.6142 0.0709, 0.2362 1.6142 -0.0197, 0.2953 1.6142 -0.0197, 0.3055 1.6128 0.0709, 0.3055 1.6128 -0.0197, 0.315 1.6089 0.0709, 0.315 1.6089 -0.0197, 0.3231 1.6026 0.0709, 0.3231 1.6026 -0.0197, 0.3294 1.5945 0.0709, 0.3294 1.5945 -0.0197, 0.3333 1.585 0.0709, 0.3333 1.585 -0.0197, 0.3346 1.5748 0.0709, 0.3346 1.5748 -0.0197, 0.0745 1.5388 -0.0197, 0.0886 1.5289 -0.0197, 0.1549 1.5172 -0.0197, 0.1715 1.5217 -0.0197, 0.187 1.5289 -0.0197, 0.2303 1.5805 -0.0197, 0.2347 1.5971 -0.0197, 0.0409 1.5971 -0.0197, 0.0453 1.5805 -0.0197, 0.0526 1.565 -0.0197, 0.0624 1.5509 -0.0197, 0.1041 1.5217 -0.0197, 0.1207 1.5172 -0.0197, 0.1378 1.5157 -0.0197, 0.2011 1.5388 -0.0197, 0.2132 1.5509 -0.0197, 0.223 1.565 -0.0197, 0.1378 1.5157 0.0591, 0.1207 1.5172 0.0591, 0.1041 1.5217 0.0591, 0.0886 1.5289 0.0591, 0.0745 1.5388 0.0591, 0.0409 1.5971 0.0591, 0.0453 1.5805 0.0591, 0.187 1.5289 0.0591, 0.1715 1.5217 0.0591, 0.1549 1.5172 0.0591, 0.0624 1.5509 0.0591, 0.0526 1.565 0.0591, 0.2347 1.5971 0.0591, 0.2303 1.5805 0.0591, 0.2011 1.5388 0.0591, 0.223 1.565 0.0591, 0.2132 1.5509 0.0591, 0.8071 1.0827 -0.0197, 1.2008 1.0827 -0.0197, 0.8071 1.0827 0.0709, 1.2008 1.0827 0.0709, 0.8071 1.5748 -0.0197, 0.8071 1.5748 0.0709, 0.8084 1.585 0.0709, 0.8084 1.585 -0.0197, 0.8124 1.5945 0.0709, 0.8124 1.5945 -0.0197, 0.8186 1.6026 0.0709, 0.8186 1.6026 -0.0197, 0.8268 1.6089 0.0709, 0.8268 1.6089 -0.0197, 0.8363 1.6128 0.0709, 0.8363 1.6128 -0.0197, 0.8465 1.6142 0.0709, 0.8465 1.6142 -0.0197, 0.9055 1.6142 -0.0197, 0.9055 1.6142 0.0591, 1.1024 1.6142 0.0591, 1.1614 1.6142 0.0709, 1.1024 1.6142 -0.0197, 1.1614 1.6142 -0.0197, 1.1716 1.6128 0.0709, 1.1716 1.6128 -0.0197, 1.1811 1.6089 0.0709, 1.1811 1.6089 -0.0197, 1.1893 1.6026 0.0709, 1.1893 1.6026 -0.0197, 1.1955 1.5945 0.0709, 1.1955 1.5945 -0.0197, 1.1994 1.585 0.0709, 1.1994 1.585 -0.0197, 1.2008 1.5748 0.0709, 1.2008 1.5748 -0.0197, 0.907 1.5971 -0.0197, 1.0964 1.5805 -0.0197, 1.1009 1.5971 -0.0197, 1.0376 1.5217 -0.0197, 1.0531 1.5289 -0.0197, 0.9407 1.5388 -0.0197, 0.9547 1.5289 -0.0197, 1.021 1.5172 -0.0197, 1.0672 1.5388 -0.0197, 1.0793 1.5509 -0.0197, 1.0892 1.565 -0.0197, 0.9114 1.5805 -0.0197, 0.9187 1.565 -0.0197, 0.9285 1.5509 -0.0197, 0.9703 1.5217 -0.0197, 0.9868 1.5172 -0.0197, 1.0039 1.5157 -0.0197, 1.021 1.5172 0.0591, 1.0039 1.5157 0.0591, 1.0964 1.5805 0.0591, 1.1009 1.5971 0.0591, 0.9868 1.5172 0.0591, 0.9703 1.5217 0.0591, 0.9547 1.5289 0.0591, 0.9285 1.5509 0.0591, 0.9187 1.565 0.0591, 0.9114 1.5805 0.0591, 1.0892 1.565 0.0591, 1.0793 1.5509 0.0591, 1.0672 1.5388 0.0591, 1.0531 1.5289 0.0591, 1.0376 1.5217 0.0591, 0.9407 1.5388 0.0591, 0.907 1.5971 0.0591
            ]
        }
        coordIndex [
            0,1,2,-1,2,1,3,-1,4,0,5,-1,5,0,2,-1,6,4,7,-1,7,4,5,-1,6,7,8,-1,6,8,9,-1,9,8,10,-1,9,10,11,-1,11,10,12,-1,11,12,13,-1,13,12,14,-1,13,14,15,-1,15,14,16,-1,15,16,17,-1,17,16,18,-1,17,18,19,-1,19,18,20,-1,19,20,21,-1,21,20,22,-1,21,22,23,-1,24,23,25,-1,25,23,22,-1,26,24,27,-1,27,24,25,-1,28,26,29,-1,29,26,27,-1,28,29,30,-1,30,29,31,-1,30,31,32,-1,32,31,33,-1,32,33,34,-1,34,33,35,-1,34,35,36,-1,36,35,37,-1,36,37,38,-1,38,37,39,-1,38,39,1,-1,1,39,3,-1,38,11,36,-1,36,11,13,-1,36,13,34,-1,34,13,15,-1,34,15,32,-1,24,26,23,-1,23,26,28,-1,23,28,21,-1,21,28,30,-1,21,30,19,-1,19,30,32,-1,19,32,17,-1,17,32,15,-1,0,4,1,-1,1,4,6,-1,1,6,38,-1,38,6,9,-1,38,9,11,-1,31,18,33,-1,33,18,16,-1,33,16,35,-1,35,16,14,-1,35,14,37,-1,5,2,7,-1,7,2,3,-1,7,3,8,-1,8,3,39,-1,8,39,10,-1,10,39,37,-1,10,37,12,-1,12,37,14,-1,27,25,29,-1,29,25,22,-1,29,22,31,-1,31,22,20,-1,31,20,18,-1,40,41,42,-1,42,41,43,-1,44,40,45,-1,45,40,42,-1,46,44,47,-1,47,44,45,-1,46,47,48,-1,46,48,49,-1,49,48,50,-1,49,50,51,-1,51,50,52,-1,51,52,53,-1,53,52,54,-1,53,54,55,-1,55,54,56,-1,55,56,57,-1,57,56,58,-1,57,58,59,-1,59,58,60,-1,59,60,61,-1,61,60,62,-1,61,62,63,-1,64,63,65,-1,65,63,62,-1,66,64,67,-1,67,64,65,-1,68,66,69,-1,69,66,67,-1,68,69,70,-1,70,69,71,-1,70,71,72,-1,72,71,73,-1,72,73,74,-1,74,73,75,-1,74,75,76,-1,76,75,77,-1,76,77,78,-1,78,77,79,-1,78,79,41,-1,41,79,43,-1,78,51,76,-1,76,51,53,-1,76,53,74,-1,74,53,55,-1,74,55,72,-1,64,66,63,-1,63,66,68,-1,63,68,61,-1,61,68,70,-1,61,70,59,-1,59,70,72,-1,59,72,57,-1,57,72,55,-1,40,44,41,-1,41,44,46,-1,41,46,78,-1,78,46,49,-1,78,49,51,-1,71,58,73,-1,73,58,56,-1,73,56,75,-1,75,56,54,-1,75,54,77,-1,45,42,47,-1,47,42,43,-1,47,43,48,-1,48,43,79,-1,48,79,50,-1,50,79,77,-1,50,77,52,-1,52,77,54,-1,67,65,69,-1,69,65,62,-1,69,62,71,-1,71,62,60,-1,71,60,58,-1,80,81,82,-1,82,81,83,-1,82,83,84,-1,84,83,85,-1,86,87,88,-1,88,87,89,-1,88,89,90,-1,90,89,91,-1,81,80,92,-1,81,92,93,-1,93,92,94,-1,93,94,95,-1,95,94,96,-1,95,96,97,-1,97,96,98,-1,97,98,99,-1,99,98,100,-1,99,100,101,-1,101,100,102,-1,101,102,103,-1,104,103,105,-1,105,103,102,-1,106,104,107,-1,107,104,105,-1,108,106,109,-1,109,106,107,-1,108,109,110,-1,110,109,111,-1,110,111,112,-1,112,111,113,-1,112,113,114,-1,114,113,115,-1,114,115,116,-1,116,115,117,-1,116,117,118,-1,118,117,119,-1,118,119,91,-1,91,119,90,-1,89,83,91,-1,91,83,81,-1,91,81,118,-1,118,81,93,-1,118,93,116,-1,116,93,95,-1,116,95,114,-1,114,95,97,-1,114,97,112,-1,112,97,99,-1,112,99,110,-1,110,99,101,-1,110,101,108,-1,108,101,103,-1,108,103,106,-1,106,103,104,-1,107,105,109,-1,109,105,102,-1,109,102,111,-1,111,102,100,-1,111,100,113,-1,113,100,98,-1,113,98,115,-1,115,98,96,-1,115,96,117,-1,117,96,94,-1,117,94,119,-1,119,94,92,-1,119,92,90,-1,90,92,80,-1,90,80,88,-1,88,80,82,-1,120,86,84,-1,84,86,88,-1,84,88,82,-1,120,121,86,-1,86,121,122,-1,86,122,123,-1,123,124,86,-1,86,124,125,-1,86,125,126,-1,126,127,86,-1,86,127,128,-1,86,128,129,-1,87,86,130,-1,130,86,129,-1,83,89,85,-1,85,89,87,-1,131,132,87,-1,87,132,133,-1,87,133,85,-1,134,135,87,-1,87,135,136,-1,87,136,131,-1,87,130,137,-1,137,138,87,-1,87,138,139,-1,87,139,134,-1,130,129,128,-1,130,128,137,-1,137,128,127,-1,137,127,138,-1,138,127,126,-1,138,126,139,-1,139,126,125,-1,139,125,134,-1,134,125,124,-1,134,124,135,-1,135,124,123,-1,135,123,136,-1,136,123,122,-1,136,122,131,-1,131,122,121,-1,131,121,132,-1,132,121,120,-1,132,120,133,-1,133,120,84,-1,133,84,85,-1,140,141,142,-1,142,141,143,-1,144,140,145,-1,145,140,142,-1,146,144,147,-1,147,144,145,-1,146,147,148,-1,146,148,149,-1,149,148,150,-1,149,150,151,-1,151,150,152,-1,151,152,153,-1,153,152,154,-1,153,154,155,-1,155,154,156,-1,155,156,157,-1,157,156,158,-1,157,158,159,-1,159,158,160,-1,159,160,161,-1,161,160,162,-1,161,162,163,-1,164,163,165,-1,165,163,162,-1,166,164,167,-1,167,164,165,-1,168,166,169,-1,169,166,167,-1,168,169,170,-1,170,169,171,-1,170,171,172,-1,172,171,173,-1,172,173,174,-1,174,173,175,-1,174,175,176,-1,176,175,177,-1,176,177,178,-1,178,177,179,-1,178,179,141,-1,141,179,143,-1,178,151,176,-1,176,151,153,-1,176,153,174,-1,174,153,155,-1,174,155,172,-1,164,166,163,-1,163,166,168,-1,163,168,161,-1,161,168,170,-1,161,170,159,-1,159,170,172,-1,159,172,157,-1,157,172,155,-1,140,144,141,-1,141,144,146,-1,141,146,178,-1,178,146,149,-1,178,149,151,-1,171,158,173,-1,173,158,156,-1,173,156,175,-1,175,156,154,-1,175,154,177,-1,145,142,147,-1,147,142,143,-1,147,143,148,-1,148,143,179,-1,148,179,150,-1,150,179,177,-1,150,177,152,-1,152,177,154,-1,167,165,169,-1,169,165,162,-1,169,162,171,-1,171,162,160,-1,171,160,158,-1,180,181,182,-1,182,181,183,-1,182,183,184,-1,184,183,185,-1,186,187,188,-1,188,187,189,-1,188,189,190,-1,190,189,191,-1,181,180,192,-1,181,192,193,-1,193,192,194,-1,193,194,195,-1,195,194,196,-1,195,196,197,-1,197,196,198,-1,197,198,199,-1,199,198,200,-1,199,200,201,-1,201,200,202,-1,201,202,203,-1,204,203,205,-1,205,203,202,-1,206,204,207,-1,207,204,205,-1,208,206,209,-1,209,206,207,-1,208,209,210,-1,210,209,211,-1,210,211,212,-1,212,211,213,-1,212,213,214,-1,214,213,215,-1,214,215,216,-1,216,215,217,-1,216,217,218,-1,218,217,219,-1,218,219,191,-1,191,219,190,-1,189,183,191,-1,191,183,181,-1,191,181,218,-1,218,181,193,-1,218,193,216,-1,216,193,195,-1,216,195,214,-1,214,195,197,-1,214,197,212,-1,212,197,199,-1,212,199,210,-1,210,199,201,-1,210,201,208,-1,208,201,203,-1,208,203,206,-1,206,203,204,-1,207,205,209,-1,209,205,202,-1,209,202,211,-1,211,202,200,-1,211,200,213,-1,213,200,198,-1,213,198,215,-1,215,198,196,-1,215,196,217,-1,217,196,194,-1,217,194,219,-1,219,194,192,-1,219,192,190,-1,190,192,180,-1,190,180,188,-1,188,180,182,-1,220,186,184,-1,184,186,188,-1,184,188,182,-1,220,221,186,-1,186,221,222,-1,186,222,223,-1,223,224,186,-1,186,224,225,-1,186,225,226,-1,226,227,186,-1,186,227,228,-1,186,228,229,-1,187,186,230,-1,230,186,229,-1,183,189,185,-1,185,189,187,-1,231,232,187,-1,187,232,233,-1,187,233,185,-1,234,235,187,-1,187,235,236,-1,187,236,231,-1,187,230,237,-1,237,238,187,-1,187,238,239,-1,187,239,234,-1,230,229,228,-1,230,228,237,-1,237,228,227,-1,237,227,238,-1,238,227,226,-1,238,226,239,-1,239,226,225,-1,239,225,234,-1,234,225,224,-1,234,224,235,-1,235,224,223,-1,235,223,236,-1,236,223,222,-1,236,222,231,-1,231,222,221,-1,231,221,232,-1,232,221,220,-1,232,220,233,-1,233,220,184,-1,233,184,185,-1,240,241,242,-1,242,241,243,-1,242,243,244,-1,244,243,245,-1,246,247,248,-1,248,247,249,-1,248,249,250,-1,250,249,251,-1,241,240,252,-1,241,252,253,-1,253,252,254,-1,253,254,255,-1,255,254,256,-1,255,256,257,-1,257,256,258,-1,257,258,259,-1,259,258,260,-1,259,260,261,-1,261,260,262,-1,261,262,263,-1,264,263,265,-1,265,263,262,-1,266,264,267,-1,267,264,265,-1,268,266,269,-1,269,266,267,-1,268,269,270,-1,270,269,271,-1,270,271,272,-1,272,271,273,-1,272,273,274,-1,274,273,275,-1,274,275,276,-1,276,275,277,-1,276,277,278,-1,278,277,279,-1,278,279,251,-1,251,279,250,-1,249,243,251,-1,251,243,241,-1,251,241,278,-1,278,241,253,-1,278,253,276,-1,276,253,255,-1,276,255,274,-1,274,255,257,-1,274,257,272,-1,272,257,259,-1,272,259,270,-1,270,259,261,-1,270,261,268,-1,268,261,263,-1,268,263,266,-1,266,263,264,-1,267,265,269,-1,269,265,262,-1,269,262,271,-1,271,262,260,-1,271,260,273,-1,273,260,258,-1,273,258,275,-1,275,258,256,-1,275,256,277,-1,277,256,254,-1,277,254,279,-1,279,254,252,-1,279,252,250,-1,250,252,240,-1,250,240,248,-1,248,240,242,-1,280,246,244,-1,244,246,248,-1,244,248,242,-1,280,281,246,-1,246,281,282,-1,246,282,283,-1,283,284,246,-1,246,284,285,-1,246,285,286,-1,286,287,246,-1,246,287,288,-1,246,288,289,-1,247,246,290,-1,290,246,289,-1,243,249,245,-1,245,249,247,-1,291,292,247,-1,247,292,293,-1,247,293,245,-1,294,295,247,-1,247,295,296,-1,247,296,291,-1,247,290,297,-1,297,298,247,-1,247,298,299,-1,247,299,294,-1,290,289,288,-1,290,288,297,-1,297,288,287,-1,297,287,298,-1,298,287,286,-1,298,286,299,-1,299,286,285,-1,299,285,294,-1,294,285,284,-1,294,284,295,-1,295,284,283,-1,295,283,296,-1,296,283,282,-1,296,282,291,-1,291,282,281,-1,291,281,292,-1,292,281,280,-1,292,280,293,-1,293,280,244,-1,293,244,245,-1,300,301,302,-1,302,301,303,-1,302,303,304,-1,304,303,305,-1,306,307,308,-1,308,307,309,-1,308,309,310,-1,310,309,311,-1,301,300,312,-1,301,312,313,-1,313,312,314,-1,313,314,315,-1,315,314,316,-1,315,316,317,-1,317,316,318,-1,317,318,319,-1,319,318,320,-1,319,320,321,-1,321,320,322,-1,321,322,323,-1,324,323,325,-1,325,323,322,-1,326,324,327,-1,327,324,325,-1,328,326,329,-1,329,326,327,-1,328,329,330,-1,330,329,331,-1,330,331,332,-1,332,331,333,-1,332,333,334,-1,334,333,335,-1,334,335,336,-1,336,335,337,-1,336,337,338,-1,338,337,339,-1,338,339,311,-1,311,339,310,-1,309,303,311,-1,311,303,301,-1,311,301,338,-1,338,301,313,-1,338,313,336,-1,336,313,315,-1,336,315,334,-1,334,315,317,-1,334,317,332,-1,332,317,319,-1,332,319,330,-1,330,319,321,-1,330,321,328,-1,328,321,323,-1,328,323,326,-1,326,323,324,-1,327,325,329,-1,329,325,322,-1,329,322,331,-1,331,322,320,-1,331,320,333,-1,333,320,318,-1,333,318,335,-1,335,318,316,-1,335,316,337,-1,337,316,314,-1,337,314,339,-1,339,314,312,-1,339,312,310,-1,310,312,300,-1,310,300,308,-1,308,300,302,-1,340,306,304,-1,304,306,308,-1,304,308,302,-1,340,341,306,-1,306,341,342,-1,306,342,343,-1,343,344,306,-1,306,344,345,-1,306,345,346,-1,346,347,306,-1,306,347,348,-1,306,348,349,-1,307,306,350,-1,350,306,349,-1,303,309,305,-1,305,309,307,-1,351,352,307,-1,307,352,353,-1,307,353,305,-1,354,355,307,-1,307,355,356,-1,307,356,351,-1,307,350,357,-1,357,358,307,-1,307,358,359,-1,307,359,354,-1,350,349,348,-1,350,348,357,-1,357,348,347,-1,357,347,358,-1,358,347,346,-1,358,346,359,-1,359,346,345,-1,359,345,354,-1,354,345,344,-1,354,344,355,-1,355,344,343,-1,355,343,356,-1,356,343,342,-1,356,342,351,-1,351,342,341,-1,351,341,352,-1,352,341,340,-1,352,340,353,-1,353,340,304,-1,353,304,305,-1,360,361,362,-1,362,361,363,-1,364,360,365,-1,365,360,362,-1,366,364,367,-1,367,364,365,-1,366,367,368,-1,366,368,369,-1,369,368,370,-1,369,370,371,-1,371,370,372,-1,371,372,373,-1,373,372,374,-1,373,374,375,-1,375,374,376,-1,375,376,377,-1,377,376,378,-1,377,378,379,-1,379,378,380,-1,379,380,381,-1,381,380,382,-1,381,382,383,-1,384,383,385,-1,385,383,382,-1,386,384,387,-1,387,384,385,-1,388,386,389,-1,389,386,387,-1,388,389,390,-1,390,389,391,-1,390,391,392,-1,392,391,393,-1,392,393,394,-1,394,393,395,-1,394,395,396,-1,396,395,397,-1,396,397,398,-1,398,397,399,-1,398,399,361,-1,361,399,363,-1,398,371,396,-1,396,371,373,-1,396,373,394,-1,394,373,375,-1,394,375,392,-1,384,386,383,-1,383,386,388,-1,383,388,381,-1,381,388,390,-1,381,390,379,-1,379,390,392,-1,379,392,377,-1,377,392,375,-1,360,364,361,-1,361,364,366,-1,361,366,398,-1,398,366,369,-1,398,369,371,-1,391,378,393,-1,393,378,376,-1,393,376,395,-1,395,376,374,-1,395,374,397,-1,365,362,367,-1,367,362,363,-1,367,363,368,-1,368,363,399,-1,368,399,370,-1,370,399,397,-1,370,397,372,-1,372,397,374,-1,387,385,389,-1,389,385,382,-1,389,382,391,-1,391,382,380,-1,391,380,378,-1,400,401,402,-1,402,401,403,-1,404,400,405,-1,405,400,402,-1,404,405,406,-1,404,406,407,-1,407,406,408,-1,407,408,409,-1,409,408,410,-1,409,410,411,-1,411,410,412,-1,411,412,413,-1,413,412,414,-1,413,414,415,-1,415,414,416,-1,415,416,417,-1,417,416,418,-1,417,418,419,-1,420,421,419,-1,422,423,424,-1,424,425,422,-1,422,425,420,-1,422,420,418,-1,418,420,419,-1,423,422,426,-1,423,426,427,-1,427,426,428,-1,427,428,429,-1,429,428,430,-1,429,430,431,-1,431,430,432,-1,431,432,433,-1,433,432,434,-1,433,434,435,-1,435,434,436,-1,435,436,437,-1,401,437,403,-1,403,437,436,-1,438,439,437,-1,437,439,424,-1,437,424,423,-1,440,441,400,-1,442,443,401,-1,437,431,435,-1,435,431,433,-1,421,444,419,-1,419,444,404,-1,419,404,407,-1,423,427,437,-1,437,427,429,-1,437,429,431,-1,441,445,400,-1,400,445,446,-1,400,446,401,-1,401,446,447,-1,401,447,442,-1,443,448,401,-1,401,448,449,-1,401,449,437,-1,437,449,450,-1,437,450,438,-1,413,407,411,-1,411,407,409,-1,444,451,404,-1,404,451,452,-1,404,452,400,-1,400,452,453,-1,400,453,440,-1,413,415,407,-1,407,415,417,-1,407,417,419,-1,405,402,418,-1,402,403,418,-1,418,403,436,-1,418,436,422,-1,422,436,426,-1,434,432,430,-1,414,412,406,-1,406,412,410,-1,406,410,408,-1,434,430,436,-1,436,430,428,-1,436,428,426,-1,405,418,406,-1,406,418,416,-1,406,416,414,-1,420,425,454,-1,454,455,420,-1,420,455,456,-1,420,456,457,-1,420,458,459,-1,460,461,462,-1,457,463,420,-1,420,463,464,-1,420,464,458,-1,465,466,467,-1,467,466,420,-1,467,420,468,-1,468,420,459,-1,465,467,462,-1,462,467,469,-1,462,469,460,-1,425,424,454,-1,454,424,439,-1,454,439,455,-1,455,439,438,-1,455,438,456,-1,456,438,450,-1,456,450,457,-1,457,450,449,-1,457,449,463,-1,463,449,448,-1,463,448,464,-1,464,448,443,-1,464,443,458,-1,458,443,442,-1,458,442,459,-1,459,442,447,-1,459,447,468,-1,468,447,446,-1,468,446,467,-1,467,446,445,-1,467,445,469,-1,469,445,441,-1,469,441,460,-1,460,441,440,-1,460,440,461,-1,461,440,453,-1,461,453,462,-1,462,453,452,-1,462,452,465,-1,465,452,451,-1,465,451,466,-1,466,451,444,-1,466,444,420,-1,420,444,421,-1,470,471,472,-1,472,471,473,-1,474,470,475,-1,475,470,472,-1,474,475,476,-1,474,476,477,-1,477,476,478,-1,477,478,479,-1,479,478,480,-1,479,480,481,-1,481,480,482,-1,481,482,483,-1,483,482,484,-1,483,484,485,-1,485,484,486,-1,485,486,487,-1,487,486,488,-1,487,488,489,-1,490,489,491,-1,491,489,488,-1,491,488,492,-1,492,488,493,-1,492,493,494,-1,494,493,495,-1,495,493,496,-1,495,496,497,-1,497,496,498,-1,497,498,499,-1,499,498,500,-1,499,500,501,-1,501,500,502,-1,501,502,503,-1,503,502,504,-1,503,504,505,-1,505,504,506,-1,505,506,507,-1,471,507,473,-1,473,507,506,-1,508,509,470,-1,490,510,489,-1,489,510,474,-1,511,512,471,-1,513,507,514,-1,514,507,471,-1,514,471,515,-1,515,471,512,-1,513,516,507,-1,507,516,517,-1,507,517,494,-1,474,477,489,-1,489,477,479,-1,489,479,481,-1,481,483,489,-1,489,483,485,-1,489,485,487,-1,509,518,470,-1,470,518,519,-1,470,519,471,-1,471,519,520,-1,471,520,511,-1,510,521,474,-1,474,521,522,-1,474,522,470,-1,470,522,523,-1,470,523,508,-1,494,495,507,-1,507,495,497,-1,507,497,499,-1,499,501,507,-1,507,501,503,-1,507,503,505,-1,472,473,475,-1,475,473,506,-1,496,493,506,-1,484,482,475,-1,484,475,486,-1,504,502,500,-1,506,493,475,-1,475,493,488,-1,475,488,486,-1,482,480,475,-1,475,480,478,-1,475,478,476,-1,504,500,506,-1,506,500,498,-1,506,498,496,-1,524,525,526,-1,527,528,492,-1,492,528,529,-1,492,529,530,-1,527,492,526,-1,526,492,531,-1,526,531,524,-1,530,532,492,-1,492,532,533,-1,492,533,534,-1,534,535,492,-1,492,535,536,-1,492,536,491,-1,537,538,525,-1,525,538,539,-1,525,539,526,-1,492,494,531,-1,531,494,517,-1,531,517,524,-1,524,517,516,-1,524,516,525,-1,525,516,513,-1,525,513,537,-1,537,513,514,-1,537,514,538,-1,538,514,515,-1,538,515,539,-1,539,515,512,-1,539,512,526,-1,526,512,511,-1,526,511,527,-1,527,511,520,-1,527,520,528,-1,528,520,519,-1,528,519,529,-1,529,519,518,-1,529,518,530,-1,530,518,509,-1,530,509,532,-1,532,509,508,-1,532,508,533,-1,533,508,523,-1,533,523,534,-1,534,523,522,-1,534,522,535,-1,535,522,521,-1,535,521,536,-1,536,521,510,-1,536,510,491,-1,491,510,490,-1,540,541,542,-1,542,541,543,-1,544,540,545,-1,545,540,542,-1,544,545,546,-1,544,546,547,-1,547,546,548,-1,547,548,549,-1,549,548,550,-1,549,550,551,-1,551,550,552,-1,551,552,553,-1,553,552,554,-1,553,554,555,-1,555,554,556,-1,555,556,557,-1,557,556,558,-1,557,558,559,-1,560,559,561,-1,561,559,558,-1,561,558,562,-1,562,558,563,-1,562,563,564,-1,564,563,565,-1,565,563,566,-1,565,566,567,-1,567,566,568,-1,567,568,569,-1,569,568,570,-1,569,570,571,-1,571,570,572,-1,571,572,573,-1,573,572,574,-1,573,574,575,-1,575,574,576,-1,575,576,577,-1,541,577,543,-1,543,577,576,-1,578,579,540,-1,580,581,541,-1,557,559,547,-1,579,582,540,-1,540,582,583,-1,540,583,541,-1,541,583,584,-1,541,584,580,-1,585,577,586,-1,586,577,541,-1,586,541,587,-1,587,541,581,-1,585,588,577,-1,577,588,589,-1,577,589,564,-1,560,590,559,-1,559,590,544,-1,559,544,547,-1,590,591,544,-1,544,591,592,-1,544,592,540,-1,540,592,593,-1,540,593,578,-1,551,553,555,-1,564,565,577,-1,577,565,567,-1,577,567,569,-1,569,571,577,-1,577,571,573,-1,577,573,575,-1,557,547,555,-1,555,547,549,-1,555,549,551,-1,542,543,545,-1,545,543,576,-1,576,563,545,-1,545,563,558,-1,545,558,546,-1,554,552,550,-1,570,576,572,-1,572,576,574,-1,570,568,576,-1,576,568,566,-1,576,566,563,-1,558,556,546,-1,546,556,554,-1,546,554,548,-1,548,554,550,-1,594,562,595,-1,594,596,562,-1,562,596,597,-1,562,597,598,-1,562,599,600,-1,600,601,562,-1,562,601,602,-1,562,602,561,-1,603,604,605,-1,598,606,562,-1,562,606,607,-1,562,607,599,-1,595,608,594,-1,594,608,603,-1,594,603,609,-1,609,603,605,-1,562,564,595,-1,595,564,589,-1,595,589,608,-1,608,589,588,-1,608,588,603,-1,603,588,585,-1,603,585,604,-1,604,585,586,-1,604,586,605,-1,605,586,587,-1,605,587,609,-1,609,587,581,-1,609,581,594,-1,594,581,580,-1,594,580,596,-1,596,580,584,-1,596,584,597,-1,597,584,583,-1,597,583,598,-1,598,583,582,-1,598,582,606,-1,606,582,579,-1,606,579,607,-1,607,579,578,-1,607,578,599,-1,599,578,593,-1,599,593,600,-1,600,593,592,-1,600,592,601,-1,601,592,591,-1,601,591,602,-1,602,591,590,-1,602,590,561,-1,561,590,560,-1,610,611,612,-1,612,611,613,-1,614,610,615,-1,615,610,612,-1,614,615,616,-1,614,616,617,-1,617,616,618,-1,617,618,619,-1,619,618,620,-1,619,620,621,-1,621,620,622,-1,621,622,623,-1,623,622,624,-1,623,624,625,-1,625,624,626,-1,625,626,627,-1,628,627,629,-1,629,627,626,-1,629,626,630,-1,630,626,631,-1,630,631,632,-1,632,631,633,-1,633,631,634,-1,633,634,635,-1,635,634,636,-1,635,636,637,-1,637,636,638,-1,637,638,639,-1,639,638,640,-1,639,640,641,-1,641,640,642,-1,641,642,643,-1,643,642,644,-1,643,644,645,-1,611,645,613,-1,613,645,644,-1,646,647,610,-1,648,649,645,-1,650,651,611,-1,617,619,621,-1,652,653,614,-1,614,653,654,-1,614,654,610,-1,610,654,655,-1,610,655,646,-1,647,656,610,-1,610,656,657,-1,610,657,611,-1,611,657,658,-1,611,658,650,-1,651,659,611,-1,611,659,660,-1,611,660,645,-1,645,660,661,-1,645,661,648,-1,649,632,645,-1,645,632,633,-1,645,633,643,-1,637,639,641,-1,628,652,627,-1,627,652,614,-1,627,614,625,-1,625,614,617,-1,625,617,623,-1,623,617,621,-1,643,633,641,-1,641,633,635,-1,641,635,637,-1,612,613,615,-1,615,613,644,-1,615,626,624,-1,626,615,631,-1,631,615,644,-1,631,644,634,-1,624,622,615,-1,615,622,620,-1,615,620,616,-1,616,620,618,-1,644,642,634,-1,634,642,640,-1,634,640,636,-1,636,640,638,-1,662,663,664,-1,664,663,665,-1,630,666,629,-1,629,666,663,-1,629,663,667,-1,667,663,662,-1,668,669,663,-1,663,669,670,-1,663,670,671,-1,663,672,668,-1,668,672,673,-1,668,673,674,-1,674,673,675,-1,671,676,663,-1,663,676,677,-1,663,677,665,-1,630,632,666,-1,666,632,649,-1,666,649,663,-1,663,649,648,-1,663,648,672,-1,672,648,661,-1,672,661,673,-1,673,661,660,-1,673,660,675,-1,675,660,659,-1,675,659,674,-1,674,659,651,-1,674,651,668,-1,668,651,650,-1,668,650,669,-1,669,650,658,-1,669,658,670,-1,670,658,657,-1,670,657,671,-1,671,657,656,-1,671,656,676,-1,676,656,647,-1,676,647,677,-1,677,647,646,-1,677,646,665,-1,665,646,655,-1,665,655,664,-1,664,655,654,-1,664,654,662,-1,662,654,653,-1,662,653,667,-1,667,653,652,-1,667,652,629,-1,629,652,628,-1,678,679,680,-1,680,679,681,-1,682,678,683,-1,683,678,680,-1,682,683,684,-1,682,684,685,-1,685,684,686,-1,685,686,687,-1,687,686,688,-1,687,688,689,-1,689,688,690,-1,689,690,691,-1,691,690,692,-1,691,692,693,-1,693,692,694,-1,693,694,695,-1,696,695,697,-1,697,695,694,-1,697,694,698,-1,698,694,699,-1,698,699,700,-1,700,699,701,-1,701,699,702,-1,701,702,703,-1,703,702,704,-1,703,704,705,-1,705,704,706,-1,705,706,707,-1,707,706,708,-1,707,708,709,-1,709,708,710,-1,709,710,711,-1,711,710,712,-1,711,712,713,-1,713,712,714,-1,713,714,715,-1,679,715,681,-1,681,715,714,-1,687,689,691,-1,696,716,695,-1,695,716,682,-1,695,682,693,-1,717,718,679,-1,716,719,682,-1,682,719,720,-1,682,720,678,-1,717,679,721,-1,718,722,679,-1,679,722,723,-1,679,723,715,-1,693,682,691,-1,691,682,685,-1,691,685,687,-1,720,724,678,-1,678,724,725,-1,678,725,726,-1,727,713,728,-1,728,713,715,-1,728,715,729,-1,729,715,723,-1,727,700,713,-1,713,700,701,-1,713,701,711,-1,711,701,703,-1,703,705,711,-1,711,705,707,-1,711,707,709,-1,726,730,678,-1,678,730,731,-1,678,731,679,-1,679,731,732,-1,679,732,721,-1,699,681,714,-1,680,681,683,-1,683,681,699,-1,683,699,694,-1,704,710,706,-1,706,710,708,-1,714,712,699,-1,699,712,710,-1,699,710,702,-1,702,710,704,-1,690,688,686,-1,694,692,683,-1,683,692,690,-1,683,690,684,-1,684,690,686,-1,733,697,698,-1,698,734,733,-1,733,734,735,-1,733,735,736,-1,736,737,733,-1,733,737,738,-1,733,738,739,-1,739,738,740,-1,741,742,743,-1,743,742,744,-1,745,746,747,-1,747,746,742,-1,747,742,748,-1,748,742,741,-1,740,738,747,-1,747,738,749,-1,747,749,745,-1,698,700,734,-1,734,700,727,-1,734,727,735,-1,735,727,728,-1,735,728,736,-1,736,728,729,-1,736,729,737,-1,737,729,723,-1,737,723,738,-1,738,723,722,-1,738,722,749,-1,749,722,718,-1,749,718,745,-1,745,718,717,-1,745,717,746,-1,746,717,721,-1,746,721,742,-1,742,721,732,-1,742,732,744,-1,744,732,731,-1,744,731,743,-1,743,731,730,-1,743,730,741,-1,741,730,726,-1,741,726,748,-1,748,726,725,-1,748,725,747,-1,747,725,724,-1,747,724,740,-1,740,724,720,-1,740,720,739,-1,739,720,719,-1,739,719,733,-1,733,719,716,-1,733,716,697,-1,697,716,696,-1,750,751,752,-1,752,751,753,-1,754,750,755,-1,755,750,752,-1,754,755,756,-1,754,756,757,-1,757,756,758,-1,757,758,759,-1,759,758,760,-1,759,760,761,-1,761,760,762,-1,761,762,763,-1,763,762,764,-1,763,764,765,-1,765,764,766,-1,765,766,767,-1,768,767,769,-1,769,767,766,-1,769,766,770,-1,770,766,771,-1,770,771,772,-1,772,771,773,-1,773,771,774,-1,773,774,775,-1,775,774,776,-1,775,776,777,-1,777,776,778,-1,777,778,779,-1,779,778,780,-1,779,780,781,-1,781,780,782,-1,781,782,783,-1,783,782,784,-1,783,784,785,-1,751,785,753,-1,753,785,784,-1,786,787,751,-1,767,768,788,-1,789,750,790,-1,790,750,791,-1,789,792,750,-1,750,792,793,-1,750,793,751,-1,751,793,794,-1,751,794,786,-1,795,785,796,-1,796,785,751,-1,796,751,797,-1,797,751,787,-1,788,798,754,-1,754,798,799,-1,754,799,750,-1,750,799,800,-1,750,800,791,-1,795,801,785,-1,785,801,802,-1,785,802,772,-1,788,754,767,-1,767,754,757,-1,767,757,759,-1,772,773,785,-1,785,773,775,-1,785,775,777,-1,761,763,759,-1,759,763,765,-1,759,765,767,-1,779,781,777,-1,777,781,783,-1,777,783,785,-1,774,771,784,-1,752,753,755,-1,755,753,784,-1,780,778,776,-1,784,771,755,-1,755,771,766,-1,755,766,756,-1,762,760,758,-1,774,784,776,-1,776,784,782,-1,776,782,780,-1,756,766,758,-1,758,766,764,-1,758,764,762,-1,803,804,770,-1,805,806,807,-1,807,806,808,-1,807,808,809,-1,808,810,811,-1,805,807,770,-1,770,807,812,-1,770,812,803,-1,811,813,808,-1,808,813,814,-1,808,814,809,-1,804,815,770,-1,770,815,816,-1,770,816,817,-1,817,818,770,-1,770,818,819,-1,770,819,769,-1,770,772,805,-1,805,772,802,-1,805,802,806,-1,806,802,801,-1,806,801,808,-1,808,801,795,-1,808,795,810,-1,810,795,796,-1,810,796,811,-1,811,796,797,-1,811,797,813,-1,813,797,787,-1,813,787,814,-1,814,787,786,-1,814,786,809,-1,809,786,794,-1,809,794,807,-1,807,794,793,-1,807,793,812,-1,812,793,792,-1,812,792,803,-1,803,792,789,-1,803,789,804,-1,804,789,790,-1,804,790,815,-1,815,790,791,-1,815,791,816,-1,816,791,800,-1,816,800,817,-1,817,800,799,-1,817,799,818,-1,818,799,798,-1,818,798,819,-1,819,798,788,-1,819,788,769,-1,769,788,768,-1,820,821,822,-1,822,821,823,-1,824,820,825,-1,825,820,822,-1,824,825,826,-1,824,826,827,-1,827,826,828,-1,827,828,829,-1,829,828,830,-1,829,830,831,-1,831,830,832,-1,831,832,833,-1,833,832,834,-1,833,834,835,-1,835,834,836,-1,835,836,837,-1,838,837,839,-1,839,837,836,-1,839,836,840,-1,840,836,841,-1,840,841,842,-1,842,841,843,-1,843,841,844,-1,843,844,845,-1,845,844,846,-1,845,846,847,-1,847,846,848,-1,847,848,849,-1,849,848,850,-1,849,850,851,-1,851,850,852,-1,851,852,853,-1,853,852,854,-1,853,854,855,-1,821,855,823,-1,823,855,854,-1,856,857,820,-1,858,859,821,-1,821,859,860,-1,861,862,855,-1,855,862,842,-1,855,842,843,-1,838,863,837,-1,837,863,824,-1,837,824,835,-1,863,864,824,-1,824,864,865,-1,824,865,820,-1,820,865,866,-1,820,866,856,-1,857,867,820,-1,820,867,868,-1,820,868,821,-1,821,868,869,-1,821,869,858,-1,860,870,821,-1,821,870,871,-1,821,871,855,-1,855,871,872,-1,855,872,861,-1,847,849,851,-1,843,845,855,-1,855,845,847,-1,855,847,853,-1,853,847,851,-1,824,827,835,-1,835,827,829,-1,835,829,833,-1,833,829,831,-1,844,841,854,-1,850,848,846,-1,854,841,823,-1,823,841,825,-1,823,825,822,-1,844,854,846,-1,846,854,852,-1,846,852,850,-1,830,828,832,-1,832,828,834,-1,841,836,825,-1,825,836,834,-1,825,834,826,-1,826,834,828,-1,840,873,874,-1,874,875,840,-1,840,875,876,-1,840,876,877,-1,839,840,878,-1,878,840,879,-1,880,881,840,-1,840,881,882,-1,840,882,873,-1,877,883,840,-1,840,883,884,-1,840,884,879,-1,840,885,880,-1,880,885,886,-1,880,886,887,-1,887,886,888,-1,887,888,889,-1,840,842,885,-1,885,842,862,-1,885,862,886,-1,886,862,861,-1,886,861,888,-1,888,861,872,-1,888,872,889,-1,889,872,871,-1,889,871,887,-1,887,871,870,-1,887,870,880,-1,880,870,860,-1,880,860,881,-1,881,860,859,-1,881,859,882,-1,882,859,858,-1,882,858,873,-1,873,858,869,-1,873,869,874,-1,874,869,868,-1,874,868,875,-1,875,868,867,-1,875,867,876,-1,876,867,857,-1,876,857,877,-1,877,857,856,-1,877,856,883,-1,883,856,866,-1,883,866,884,-1,884,866,865,-1,884,865,879,-1,879,865,864,-1,879,864,878,-1,878,864,863,-1,878,863,839,-1,839,863,838,-1,890,891,892,-1,892,891,893,-1,894,890,895,-1,895,890,892,-1,894,895,896,-1,894,896,897,-1,897,896,898,-1,897,898,899,-1,899,898,900,-1,899,900,901,-1,901,900,902,-1,901,902,903,-1,903,902,904,-1,903,904,905,-1,905,904,906,-1,905,906,907,-1,908,907,909,-1,909,907,906,-1,909,906,910,-1,910,906,911,-1,910,911,912,-1,912,911,913,-1,913,911,914,-1,913,914,915,-1,915,914,916,-1,915,916,917,-1,917,916,918,-1,917,918,919,-1,919,918,920,-1,919,920,921,-1,921,920,922,-1,921,922,923,-1,923,922,924,-1,923,924,925,-1,891,925,893,-1,893,925,924,-1,907,908,926,-1,927,928,925,-1,929,930,891,-1,928,912,925,-1,925,912,913,-1,925,913,923,-1,926,894,907,-1,907,894,897,-1,907,897,899,-1,890,931,932,-1,929,891,933,-1,930,934,891,-1,891,934,935,-1,891,935,925,-1,925,935,936,-1,925,936,927,-1,899,901,907,-1,907,901,903,-1,907,903,905,-1,926,937,894,-1,894,937,938,-1,894,938,890,-1,890,938,939,-1,890,939,931,-1,913,915,923,-1,923,915,917,-1,923,917,921,-1,921,917,919,-1,932,940,890,-1,890,940,941,-1,890,941,891,-1,891,941,942,-1,891,942,933,-1,920,918,916,-1,914,911,924,-1,924,911,895,-1,924,895,893,-1,893,895,892,-1,914,924,916,-1,916,924,922,-1,916,922,920,-1,900,898,902,-1,902,898,904,-1,911,906,895,-1,895,906,904,-1,895,904,896,-1,896,904,898,-1,943,944,909,-1,945,909,946,-1,946,909,910,-1,944,947,909,-1,909,947,948,-1,909,948,949,-1,950,951,952,-1,945,953,909,-1,909,953,954,-1,909,954,955,-1,955,956,909,-1,909,956,957,-1,909,957,943,-1,949,958,909,-1,909,958,950,-1,909,950,959,-1,959,950,952,-1,910,912,946,-1,946,912,928,-1,946,928,945,-1,945,928,927,-1,945,927,953,-1,953,927,936,-1,953,936,954,-1,954,936,935,-1,954,935,955,-1,955,935,934,-1,955,934,956,-1,956,934,930,-1,956,930,957,-1,957,930,929,-1,957,929,943,-1,943,929,933,-1,943,933,944,-1,944,933,942,-1,944,942,947,-1,947,942,941,-1,947,941,948,-1,948,941,940,-1,948,940,949,-1,949,940,932,-1,949,932,958,-1,958,932,931,-1,958,931,950,-1,950,931,939,-1,950,939,951,-1,951,939,938,-1,951,938,952,-1,952,938,937,-1,952,937,959,-1,959,937,926,-1,959,926,909,-1,909,926,908,-1,
        ]
    }
}
Shape{
    appearance Appearance {
        material  Material 	{
            diffuseColor 0.25098039215686274 0.25098039215686274 0.25098039215686274
            specularColor 0.12549019607843137 0.12549019607843137 0.12549019607843137
            ambientIntensity 0.251
            transparency 0.0
            shininess 0.5
        }
    }
    geometry IndexedFaceSet {
        ccw TRUE
        solid FALSE
        coord DEF co Coordinate {
            point [
                1.6344 -1.1516 0.516, 1.6344 -1.1516 0.4229, 1.6762 -1.1516 0.4229, 2.4552 -1.1516 0.0, 2.7362 -1.1516 0.0, 2.7362 -1.1516 0.2018, 2.0767 -1.1516 0.0, 2.4552 -1.1516 0.2018, 1.9783 -1.1516 0.0, 2.0767 -1.1516 0.2018, 1.6869 -1.1516 0.4335, 1.6852 -1.1516 0.4377, 1.6852 -1.1516 0.4101, 1.7192 -1.1516 0.516, 1.727 -1.1516 0.5169, 1.6852 -1.1516 0.5169, 1.4889 -1.1516 0.7874, 1.4889 -1.1516 1.9882, 0.3346 -1.1516 1.0, 1.7985 -1.1516 0.2435, 1.7975 -1.1516 0.2434, 1.8222 -1.1516 0.2434, 1.9118 -1.1516 0.3493, 1.9451 -1.1516 0.3493, 1.9451 -1.1516 0.3793, 1.9684 -1.1516 0.2562, 1.9684 -1.1516 0.2443, 1.9783 -1.1516 0.2434, 1.9783 -1.1516 0.3793, 1.966 -1.1516 0.3493, 1.966 -1.1516 0.3373, 1.9254 -1.1516 0.2916, 1.9254 -1.1516 0.2562, 1.9451 -1.1516 0.2916, 1.9451 -1.1516 0.2562, 1.963 -1.1516 0.2916, 1.963 -1.1516 0.3036, 1.9254 -1.1516 0.3373, 1.9254 -1.1516 0.3036, 1.9451 -1.1516 0.3373, 1.9451 -1.1516 0.3036, 1.9451 -1.1516 0.2434, 1.9451 -1.1516 0.2443, 1.9118 -1.1516 0.2443, 1.8599 -1.1516 0.2629, 1.8616 -1.1516 0.2567, 1.8619 -1.1516 0.2567, 1.8977 -1.1516 0.3193, 1.8467 -1.1516 0.3793, 1.884 -1.1516 0.3193, 1.8467 -1.1516 0.301, 1.8635 -1.1516 0.2628, 1.8625 -1.1516 0.2593, 1.7681 -1.1516 0.2605, 1.7547 -1.1516 0.3793, 1.7547 -1.1516 0.2434, 1.7732 -1.1516 0.2573, 1.7742 -1.1516 0.2569, 1.7742 -1.1516 0.2849, 1.7719 -1.1516 0.2872, 1.7702 -1.1516 0.2899, 1.7687 -1.1516 0.2939, 1.7682 -1.1516 0.2991, 1.7687 -1.1516 0.3038, 1.774 -1.1516 0.2849, 1.7808 -1.1516 0.2434, 1.7762 -1.1516 0.2439, 1.7742 -1.1516 0.2434, 1.7742 -1.1516 0.2447, 1.7681 -1.1516 0.2469, 1.8152 -1.1516 0.3177, 1.8152 -1.1516 0.3049, 1.7766 -1.1516 0.3151, 1.7808 -1.1516 0.3175, 1.7742 -1.1516 0.3793, 1.8181 -1.1516 0.2594, 1.8165 -1.1516 0.2552, 1.8141 -1.1516 0.2517, 1.7702 -1.1516 0.308, 1.7727 -1.1516 0.3116, 1.7742 -1.1516 0.3129, 1.788 -1.1516 0.3201, 1.7974 -1.1516 0.321, 1.8222 -1.1516 0.3793, 1.8065 -1.1516 0.3202, 1.8144 -1.1516 0.2771, 1.8168 -1.1516 0.2735, 1.8182 -1.1516 0.2696, 1.8188 -1.1516 0.2647, 1.8103 -1.1516 0.2485, 1.8059 -1.1516 0.2459, 1.7961 -1.1516 0.3103, 1.7922 -1.1516 0.31, 1.7817 -1.1516 0.3002, 1.7887 -1.1516 0.3091, 1.7857 -1.1516 0.3075, 1.7818 -1.1516 0.2985, 1.7824 -1.1516 0.2964, 1.7833 -1.1516 0.2947, 1.7846 -1.1516 0.2933, 1.7892 -1.1516 0.2904, 1.8047 -1.1516 0.3094, 1.7974 -1.1516 0.2868, 1.8121 -1.1516 0.3067, 1.8025 -1.1516 0.2847, 1.8112 -1.1516 0.2799, 1.7837 -1.1516 0.3058, 1.7826 -1.1516 0.3041, 1.782 -1.1516 0.3023, 1.7815 -1.1516 0.2542, 1.7881 -1.1516 0.2772, 1.7802 -1.1516 0.2808, 1.7897 -1.1516 0.2532, 1.7903 -1.1516 0.2532, 1.7967 -1.1516 0.2736, 1.7971 -1.1516 0.254, 1.8053 -1.1516 0.2634, 1.8051 -1.1516 0.265, 1.8005 -1.1516 0.2552, 1.8017 -1.1516 0.256, 1.8032 -1.1516 0.2573, 1.8043 -1.1516 0.259, 1.805 -1.1516 0.2609, 1.8045 -1.1516 0.2671, 1.8035 -1.1516 0.2688, 1.8019 -1.1516 0.2705, 2.0767 -1.1516 0.4101, 2.0425 -1.1516 0.411, 2.0276 -1.1516 0.411, 2.0168 -1.1516 0.4397, 1.9783 -1.1516 0.4397, 1.9783 -1.1516 0.4101, 1.9783 -1.1516 0.4905, 1.988 -1.1516 0.516, 1.9783 -1.1516 0.5169, 2.0025 -1.1516 0.516, 1.9731 -1.1516 0.4397, 1.963 -1.1516 0.411, 1.9451 -1.1516 0.4101, 1.948 -1.1516 0.411, 1.9451 -1.1516 0.5169, 1.8222 -1.1516 0.5169, 1.8222 -1.1516 0.516, 1.8344 -1.1516 0.516, 1.8467 -1.1516 0.5169, 1.8344 -1.1516 0.504, 1.8467 -1.1516 0.4101, 1.8314 -1.1516 0.4583, 1.8314 -1.1516 0.4703, 1.8222 -1.1516 0.4703, 1.8222 -1.1516 0.504, 1.7938 -1.1516 0.4703, 1.7938 -1.1516 0.504, 1.7802 -1.1516 0.411, 1.7742 -1.1516 0.4101, 1.8222 -1.1516 0.4101, 1.7938 -1.1516 0.4583, 1.7938 -1.1516 0.4229, 1.8222 -1.1516 0.4583, 1.8222 -1.1516 0.4229, 1.8368 -1.1516 0.4229, 1.8368 -1.1516 0.411, 1.8222 -1.1516 0.411, 1.7802 -1.1516 0.516, 1.7742 -1.1516 0.5169, -1.2008 -1.1516 0.5169, -1.2008 -1.1516 1.0, -1.8701 -1.1516 1.0, -0.7677 -1.1516 1.0, -0.0984 -1.1516 1.0, -0.0984 -1.1516 0.5169, 1.2322 -1.1516 0.5169, 1.25 -1.1516 0.5277, 1.2846 -1.1516 0.5403, 1.3189 -1.1516 0.5442, 1.3537 -1.1516 0.5401, 1.3908 -1.1516 0.5259, 1.4038 -1.1516 0.5169, 1.5778 -1.1516 0.7874, -2.5 -1.1516 1.9882, -2.3031 -1.1516 1.0, -2.5 -1.1516 0.5169, -2.3031 -1.1516 0.5169, -2.5 -1.1516 0.4101, -2.3031 -1.1516 0.4101, -2.5 -1.1516 0.3793, -2.3031 -1.1516 0.3793, -2.5 -1.1516 0.2434, -2.3031 -1.1516 0.2434, -2.5 -1.1516 0.2018, -2.3031 -1.1516 0.2018, -2.5 -1.1516 0.0, -2.3031 -1.1516 0.0, 1.5778 -1.1516 0.5169, 1.6789 -1.1516 0.7874, 1.6789 -1.1516 0.5169, 1.6852 -1.1516 0.7874, 1.7343 -1.1516 0.5178, 1.7456 -1.1516 0.5169, 1.7547 -1.1516 0.7874, 1.7547 -1.1516 0.5169, 1.7742 -1.1516 0.7874, 1.8222 -1.1516 0.7874, 1.8467 -1.1516 0.7874, 1.9451 -1.1516 0.7874, 1.9783 -1.1516 0.7874, 2.0767 -1.1516 0.5169, 2.0767 -1.1516 0.7874, 2.4552 -1.1516 1.9882, 2.2495 -1.1516 1.9882, 2.4552 -1.1516 0.5169, 2.2495 -1.1516 0.7874, 1.9685 -1.1516 0.0, 1.9685 -1.1516 0.0709, 1.9783 -1.1516 0.2018, 1.9451 -1.1516 0.0709, 1.9451 -1.1516 0.2018, 1.8467 -1.1516 0.0709, 1.8467 -1.1516 0.2018, 1.8222 -1.1516 0.0709, 1.8222 -1.1516 0.2018, 1.7742 -1.1516 0.0709, 1.7742 -1.1516 0.2018, 1.7547 -1.1516 0.0709, 1.7547 -1.1516 0.2018, 0.3346 -1.1516 0.2018, 0.3346 -1.1516 0.0, 0.6299 -1.1516 0.0, 0.6299 -1.1516 0.0709, 1.063 -1.1516 0.0709, 1.1894 -1.1516 0.2018, 1.1997 -1.1516 0.1974, 1.063 -1.1516 0.0, 1.2174 -1.1516 0.1946, 1.5778 -1.1516 0.0709, 1.5778 -1.1516 0.2018, 1.5354 -1.1516 0.0709, 1.2512 -1.1516 0.2018, 1.5354 -1.1516 0.0, 1.2383 -1.1516 0.1968, 1.2202 -1.1516 0.1946, 0.3346 -1.1516 0.2434, 1.1825 -1.1516 0.2046, 1.1679 -1.1516 0.2156, 1.1128 -1.1516 0.2614, 1.0895 -1.1516 0.2813, 1.1398 -1.1516 0.2482, 1.1568 -1.1516 0.2294, 1.1502 -1.1516 0.2434, 1.1493 -1.1516 0.2454, 1.0724 -1.1516 0.3056, 1.0617 -1.1516 0.3334, 0.3346 -1.1516 0.3793, 1.0581 -1.1516 0.3627, 1.0583 -1.1516 0.3699, 1.06 -1.1516 0.3793, 0.3346 -1.1516 0.4101, 0.3346 -1.1516 0.5169, 1.2292 -1.1516 0.5151, 1.0634 -1.1516 0.3979, 1.0687 -1.1516 0.4101, 1.0753 -1.1516 0.4248, 1.0932 -1.1516 0.4479, 1.1497 -1.1516 0.4801, 1.1792 -1.1516 0.4837, 1.2117 -1.1516 0.5001, 1.1877 -1.1516 0.4832, 1.1963 -1.1516 0.4822, 1.0983 -1.1516 0.4526, 1.1221 -1.1516 0.4693, -0.7677 -1.1516 0.0, -0.5118 -1.1516 0.0, -0.7677 -1.1516 0.2018, -0.5118 -1.1516 0.0709, -0.7677 -1.1516 0.5169, -0.7677 -1.1516 0.4101, -0.0984 -1.1516 0.4101, -0.7677 -1.1516 0.3793, -0.0984 -1.1516 0.3793, -0.7677 -1.1516 0.2434, -0.0984 -1.1516 0.2434, -0.0984 -1.1516 0.2018, -0.0984 -1.1516 0.0709, -1.8701 -1.1516 0.5169, -1.8701 -1.1516 0.4101, -1.2008 -1.1516 0.4101, -1.8701 -1.1516 0.3793, -1.2008 -1.1516 0.3793, -1.8701 -1.1516 0.2434, -1.2008 -1.1516 0.2434, -1.8701 -1.1516 0.2018, -1.2008 -1.1516 0.2018, -1.2205 -1.1516 0.0, -1.2008 -1.1516 0.0, -1.2205 -1.1516 0.0709, -1.6535 -1.1516 0.0709, -1.6535 -1.1516 0.0, -1.8701 -1.1516 0.0, 1.4867 -1.1516 0.4341, 1.507 -1.1516 0.4169, 1.5778 -1.1516 0.4101, 1.4205 -1.1516 0.5054, 1.446 -1.1516 0.4755, 1.4608 -1.1516 0.4464, 1.4645 -1.1516 0.4451, 1.5778 -1.1516 0.2434, 1.2903 -1.1516 0.2434, 1.2902 -1.1516 0.2431, 1.2813 -1.1516 0.2264, 1.2699 -1.1516 0.2136, 1.255 -1.1516 0.2032, 1.5314 -1.1516 0.3729, 1.5348 -1.1516 0.3485, 1.5778 -1.1516 0.3793, 1.3856 -1.1516 0.2875, 1.3908 -1.1516 0.2895, 1.3995 -1.1516 0.3321, 1.5071 -1.1516 0.2775, 1.4868 -1.1516 0.2603, 1.2763 -1.1516 0.3194, 1.3764 -1.1516 0.3717, 1.2632 -1.1516 0.3312, 1.2474 -1.1516 0.3397, 1.3811 -1.1516 0.2842, 1.522 -1.1516 0.2982, 1.4881 -1.1516 0.3543, 1.4846 -1.1516 0.3686, 1.4789 -1.1516 0.3793, 1.1071 -1.1516 0.3793, 1.5313 -1.1516 0.3218, 1.3966 -1.1516 0.2902, 1.3973 -1.1516 0.2902, 1.3995 -1.1516 0.2897, 1.1114 -1.1516 0.3344, 1.1203 -1.1516 0.3192, 1.1583 -1.1516 0.3115, 1.1337 -1.1516 0.3055, 1.15 -1.1516 0.2954, 1.1859 -1.1516 0.3362, 1.1706 -1.1516 0.3256, 1.1052 -1.1516 0.3642, 1.1061 -1.1516 0.3527, 1.2024 -1.1516 0.3426, 1.2202 -1.1516 0.3448, 1.2293 -1.1516 0.3442, 1.3734 -1.1516 0.2671, 1.3736 -1.1516 0.27, 1.295 -1.1516 0.2768, 1.3751 -1.1516 0.2757, 1.378 -1.1516 0.2808, 1.4733 -1.1516 0.3082, 1.4815 -1.1516 0.3199, 1.4867 -1.1516 0.3332, 1.4885 -1.1516 0.3477, 1.3909 -1.1516 0.2446, 1.3859 -1.1516 0.2465, 1.3811 -1.1516 0.25, 1.3793 -1.1516 0.2517, 1.3761 -1.1516 0.2564, 1.3741 -1.1516 0.2615, 1.2946 -1.1516 0.2615, 1.295 -1.1516 0.2693, 1.464 -1.1516 0.2492, 1.4391 -1.1516 0.2439, 1.3951 -1.1516 0.2439, 1.401 -1.1516 0.2895, 1.4347 -1.1516 0.2895, 1.4481 -1.1516 0.292, 1.4613 -1.1516 0.2981, 1.4723 -1.1516 0.3072, 1.4242 -1.1516 0.406, 1.1138 -1.1516 0.3989, 1.1074 -1.1516 0.3823, 1.4302 -1.1516 0.406, 1.4776 -1.1516 0.3815, 1.469 -1.1516 0.3911, 1.4574 -1.1516 0.3992, 1.4444 -1.1516 0.4043, 1.4081 -1.1516 0.4509, 1.3912 -1.1516 0.471, 1.2195 -1.1516 0.4277, 1.3894 -1.1516 0.4727, 1.3684 -1.1516 0.4873, 1.2309 -1.1516 0.4513, 1.1216 -1.1516 0.4101, 1.2142 -1.1516 0.4306, 1.4233 -1.1516 0.4101, 1.4196 -1.1516 0.4268, 1.1974 -1.1516 0.4367, 1.1799 -1.1516 0.4389, 1.1721 -1.1516 0.4385, 1.2477 -1.1516 0.4713, 1.3449 -1.1516 0.4963, 1.2677 -1.1516 0.486, 1.3196 -1.1516 0.4994, 1.2921 -1.1516 0.4959, 1.1537 -1.1516 0.4341, 1.137 -1.1516 0.4253, 1.1242 -1.1516 0.4138, 1.5119 -1.1516 0.4101, 1.5222 -1.1516 0.3957, 1.5288 -1.1516 0.3793, 1.7345 -1.1516 0.5056, 1.7296 -1.1516 0.5053, 1.7547 -1.1516 0.4263, 1.7474 -1.1516 0.504, 1.7592 -1.1516 0.4993, 1.7592 -1.1516 0.4283, 1.758 -1.1516 0.5, 1.7547 -1.1516 0.5012, 1.7206 -1.1516 0.5034, 1.7124 -1.1516 0.4994, 1.7058 -1.1516 0.4939, 1.7051 -1.1516 0.4931, 1.7 -1.1516 0.4858, 1.6965 -1.1516 0.4767, 1.6948 -1.1516 0.4623, 1.6949 -1.1516 0.4577, 1.7489 -1.1516 0.4237, 1.737 -1.1516 0.4215, 1.7321 -1.1516 0.4213, 1.6967 -1.1516 0.4474, 1.7002 -1.1516 0.439, 1.7051 -1.1516 0.4323, 1.708 -1.1516 0.4296, 1.7228 -1.1516 0.4222, 1.7151 -1.1516 0.4249, 1.7481 -1.1516 0.5167, 1.7547 -1.1516 0.5148, 1.7592 -1.1516 0.5135, 1.6831 -1.1516 0.4807, 1.6852 -1.1516 0.4857, 1.6881 -1.1516 0.4924, 1.6957 -1.1516 0.5023, 1.6983 -1.1516 0.5048, 1.7082 -1.1516 0.5117, 1.6826 -1.1516 0.4444, 1.6789 -1.1516 0.4101, 1.6805 -1.1516 0.4615, 1.6807 -1.1516 0.467, 1.7108 -1.1516 0.4124, 1.7011 -1.1516 0.4174, 1.694 -1.1516 0.4235, 1.6931 -1.1516 0.4245, 1.7204 -1.1516 0.4101, 1.6852 -1.1516 0.3793, 1.7219 -1.1516 0.4097, 1.7301 -1.1516 0.4092, 1.7394 -1.1516 0.4101, 1.7592 -1.1516 0.4153, 1.7574 -1.1516 0.4144, 1.7547 -1.1516 0.4101, 1.7547 -1.1516 0.4135, 1.7461 -1.1516 0.4107, 1.6954 -1.1516 0.2802, 1.6973 -1.1516 0.3013, 1.6927 -1.1516 0.2764, 1.6909 -1.1516 0.2718, 1.6852 -1.1516 0.2434, 1.6922 -1.1516 0.2539, 1.6906 -1.1516 0.2584, 1.7312 -1.1516 0.3203, 1.7367 -1.1516 0.3186, 1.6995 -1.1516 0.2837, 1.7052 -1.1516 0.2865, 1.7051 -1.1516 0.3064, 1.7148 -1.1516 0.2889, 1.7263 -1.1516 0.3099, 1.7219 -1.1516 0.3103, 1.7134 -1.1516 0.3094, 1.7008 -1.1516 0.2453, 1.6964 -1.1516 0.2484, 1.6949 -1.1516 0.2499, 1.741 -1.1516 0.3161, 1.7445 -1.1516 0.3127, 1.7472 -1.1516 0.3084, 1.7371 -1.1516 0.2559, 1.7367 -1.1516 0.2559, 1.7371 -1.1516 0.2443, 1.7346 -1.1516 0.2526, 1.7304 -1.1516 0.2482, 1.6973 -1.1516 0.314, 1.7 -1.1516 0.3156, 1.7098 -1.1516 0.3194, 1.7231 -1.1516 0.321, 1.6899 -1.1516 0.2644, 1.69 -1.1516 0.2662, 1.7371 -1.1516 0.292, 1.7366 -1.1516 0.2978, 1.7353 -1.1516 0.3025, 1.7337 -1.1516 0.3052, 1.7493 -1.1516 0.3024, 1.7502 -1.1516 0.2926, 1.7502 -1.1516 0.2443, 1.7317 -1.1516 0.3073, 1.7294 -1.1516 0.3088, 1.7209 -1.1516 0.2434, 1.7206 -1.1516 0.2433, 1.6852 -1.1516 0.2018, 1.6852 -1.1516 0.0709, 1.7137 -1.1516 0.2425, 1.7061 -1.1516 0.2434, 1.7059 -1.1516 0.2434, 1.8467 -1.1516 0.2434, 1.8467 -1.1516 0.2657, 1.8256 -1.1516 0.3193, 1.8403 -1.1516 0.3193, 1.8551 -1.1516 0.2444, 1.8546 -1.1516 0.2434, 1.8493 -1.1516 0.2308, 1.8283 -1.1516 0.21, 1.8283 -1.1516 0.2217, 1.8442 -1.1516 0.2233, 1.8467 -1.1516 0.226, 1.8467 -1.1516 0.226, 1.7884 -1.1516 0.2425, 1.831 -1.1516 0.2208, 1.8358 -1.1516 0.2202, 1.8467 -1.1516 0.2113, 1.8421 -1.1516 0.2095, 1.8368 -1.1516 0.2089, 1.8339 -1.1516 0.209, 1.8391 -1.1516 0.2206, 1.8419 -1.1516 0.2217, 1.8636 -1.1516 0.2329, 1.8576 -1.1516 0.2213, 1.8677 -1.1516 0.2434, 1.8528 -1.1516 0.2155, 1.8519 -1.1516 0.2147, 1.8473 -1.1516 0.2115, 1.7259 -1.1516 0.2452, 2.4552 -1.1516 0.2434, 2.0767 -1.1516 0.2434, 1.6208 -1.1516 0.3493, 1.6208 -1.1516 0.2443, 1.6789 -1.1516 0.2434, 1.6789 -1.1516 0.2018, 1.6789 -1.1516 0.0709, 1.675 -1.1516 0.3493, 1.6789 -1.1516 0.3793, 1.675 -1.1516 0.3373, 1.6773 -1.1516 0.2562, 1.6773 -1.1516 0.2443, 1.6344 -1.1516 0.2916, 1.6344 -1.1516 0.2562, 1.672 -1.1516 0.2916, 1.672 -1.1516 0.3036, 1.6344 -1.1516 0.3036, 1.6344 -1.1516 0.3373, 1.9882 -1.1516 0.2443, 2.0709 -1.1516 0.2791, 2.0657 -1.1516 0.2683, 2.0579 -1.1516 0.259, 2.0681 -1.1516 0.3226, 2.072 -1.1516 0.3126, 2.0767 -1.1516 0.3793, 2.0738 -1.1516 0.2981, 2.0734 -1.1516 0.2914, 2.0469 -1.1516 0.2511, 2.0349 -1.1516 0.2464, 2.0171 -1.1516 0.2443, 1.9882 -1.1516 0.3493, 2.0182 -1.1516 0.3493, 2.0342 -1.1516 0.3476, 2.0469 -1.1516 0.3429, 2.0579 -1.1516 0.3354, 2.0616 -1.1516 0.3318, 2.0946 -1.1516 0.2443, 2.0796 -1.1516 0.2443, 2.1591 -1.1516 0.2443, 2.1484 -1.1516 0.273, 2.1047 -1.1516 0.273, 2.1196 -1.1516 0.3493, 2.1341 -1.1516 0.3493, 1.6208 -1.1516 0.411, 1.6208 -1.1516 0.516, 1.6762 -1.1516 0.411, 1.9026 -1.1516 0.5143, 1.9153 -1.1516 0.5096, 1.9365 -1.1516 0.4893, 1.9404 -1.1516 0.4793, 1.9422 -1.1516 0.4648, 1.9418 -1.1516 0.4581, 1.9393 -1.1516 0.4458, 1.9341 -1.1516 0.435, 1.9263 -1.1516 0.4257, 1.9153 -1.1516 0.4178, 1.8866 -1.1516 0.516, 1.9033 -1.1516 0.4131, 1.8855 -1.1516 0.411, 1.8566 -1.1516 0.411, 1.8566 -1.1516 0.516, 1.9263 -1.1516 0.5021, 1.93 -1.1516 0.4985, 2.1741 -1.1516 0.2443, 2.4552 -1.1516 0.3793, 2.4552 -1.1516 0.4101, 2.7362 -1.1516 0.2434, 2.7362 -1.1516 0.3793, 2.7362 -1.1516 0.4101, 2.7362 -1.1516 0.5169, 2.7362 -1.1516 1.9882, 0.5049 -0.1672 0.0, 0.5213 -0.1764 0.0, 0.4713 -0.1764 0.0, 1.063 -0.9941 0.0, 0.8182 -0.9941 0.0, 0.8182 -0.1939 0.0, -0.4638 -0.1939 0.0, -0.4638 -0.9941 0.0, -0.5118 -0.9941 0.0, -1.2008 -1.0201 0.0, -1.2205 -0.9941 0.0, -0.7677 -1.0201 0.0, -2.1457 -0.1939 0.0, -1.6535 -0.9941 0.0, 0.4713 -1.1516 0.0, 0.3346 -1.0201 0.0, -0.0787 -0.9941 0.0, 0.4713 -0.1939 0.0, -0.0787 -1.0201 0.0, 0.4725 -0.2023 0.0, 0.4725 -0.3031 0.0, 0.4941 -0.2023 0.0, 0.6706 -0.1939 0.0, 0.4941 -0.2767 0.0, 0.6299 -0.9941 0.0, 0.6706 -0.9941 0.0, 0.6694 -0.3031 0.0, 0.6694 -0.2767 0.0, 2.7362 -0.1939 0.0, 1.9685 -0.9941 0.0, 1.5354 -0.9941 0.0, 1.1811 1.2106 0.0, 2.7362 1.2106 0.0, 1.1811 1.0531 0.0, 2.7362 0.309 0.0, 0.8182 1.0531 0.0, -0.4638 0.309 0.0, -0.4638 1.2106 0.0, -0.0787 1.2106 0.0, 0.3543 1.2106 0.0, 0.4713 1.2106 0.0, 0.3543 1.0531 0.0, 0.4713 0.309 0.0, -0.0787 1.0531 0.0, -1.9685 1.0531 0.0, -1.5354 1.0531 0.0, -0.7874 1.2106 0.0, -0.7874 1.0531 0.0, -1.2205 1.0531 0.0, -1.2205 1.2106 0.0, -1.5354 1.2106 0.0, -2.5 -0.4215 0.0, -2.5 -0.1939 0.0, -2.3031 -1.0201 0.0, -2.1457 -1.0201 0.0, -1.8701 -1.0201 0.0, 0.6663 0.2274 0.0, 0.6706 0.2641 0.0, 0.6694 0.1989 0.0, 0.6706 0.1242 0.0, 0.4814 0.2439 0.0, 0.4747 0.2212 0.0, 0.4713 0.2641 0.0, 0.4725 0.1969 0.0, 0.4713 0.1242 0.0, 0.4725 0.1434 0.0, 0.6694 0.1434 0.0, 0.6437 0.272 0.0, 0.6283 0.2859 0.0, 0.6706 0.309 0.0, 0.6113 0.2951 0.0, 0.5265 0.292 0.0, 0.5089 0.2807 0.0, 0.4934 0.2645 0.0, 0.4931 0.2641 0.0, 0.6583 0.2504 0.0, 0.6491 0.2641 0.0, 0.6439 0.2718 0.0, 0.592 0.3004 0.0, 0.5734 0.3018 0.0, 0.5471 0.299 0.0, 0.6706 -0.0199 0.0, 0.5043 -0.0391 0.0, 0.4713 -0.0199 0.0, 0.4827 -0.0391 0.0, 0.4741 -0.0601 0.0, 0.6706 -0.068 0.0, 0.6702 -0.0618 0.0, 0.664 -0.0391 0.0, 0.6376 -0.0391 0.0, 0.6471 -0.0613 0.0, 0.5024 -0.0426 0.0, 0.6502 -0.0852 0.0, 0.648 -0.1046 0.0, 0.6427 -0.1193 0.0, 0.6336 -0.1329 0.0, 0.6204 -0.1448 0.0, 0.5689 -0.1591 0.0, 0.5475 -0.1571 0.0, 0.5306 -0.1518 0.0, 0.4938 -0.108 0.0, 0.4917 -0.0896 0.0, 0.4991 -0.1223 0.0, 0.5072 -0.1344 0.0, 0.517 -0.1436 0.0, 0.4946 -0.0635 0.0, 0.6052 -0.1529 0.0, 0.5842 -0.1582 0.0, 0.6706 -0.1001 0.0, 0.6718 -0.0854 0.0, 0.8182 -0.0199 0.0, 0.6175 -0.1751 0.0, 0.6359 -0.1636 0.0, 0.6706 -0.1764 0.0, 0.653 -0.1458 0.0, 0.6638 -0.1271 0.0, 0.6702 -0.1052 0.0, 0.5236 -0.1777 0.0, 0.5444 -0.1836 0.0, 0.5672 -0.1855 0.0, 0.5952 -0.1827 0.0, 0.6137 -0.1764 0.0, 0.4726 -0.1175 0.0, 0.4792 -0.1366 0.0, 0.4893 -0.1524 0.0, 0.4713 -0.08 0.0, 0.4702 -0.0879 0.0, -0.4638 -0.0199 0.0, 0.4713 -0.1048 0.0, -0.4638 -0.1764 0.0, 0.4701 -0.0932 0.0, 0.9711 -0.0199 0.0, 0.9713 -0.0214 0.0, 0.8182 -0.1764 0.0, 0.9909 -0.0689 0.0, 1.0222 -0.1097 0.0, 1.063 -0.141 0.0, 1.1105 -0.1606 0.0, 1.1614 -0.1673 0.0, 1.2124 -0.1606 0.0, 2.7362 -0.1764 0.0, 1.2598 -0.141 0.0, 1.3006 -0.1097 0.0, 1.3319 -0.0689 0.0, 1.3516 -0.0214 0.0, 2.7362 -0.0199 0.0, 0.8182 0.1242 0.0, 0.9713 0.0805 0.0, 0.9646 0.0295 0.0, 1.1105 0.2197 0.0, 1.063 0.2 0.0, 0.8182 0.2641 0.0, 1.3006 0.1687 0.0, 1.2598 0.2 0.0, 2.7362 0.2641 0.0, 1.2124 0.2197 0.0, 1.1614 0.2264 0.0, 1.0222 0.1687 0.0, 0.9909 0.128 0.0, 0.9894 0.1242 0.0, 2.7362 0.1242 0.0, 1.3335 0.1242 0.0, 1.3319 0.128 0.0, 1.3518 -0.0199 0.0, 1.3583 0.0295 0.0, 1.3516 0.0805 0.0, -2.1457 -0.0199 0.0, -1.7848 -0.0199 0.0, -2.1457 -0.1764 0.0, -1.7846 -0.0214 0.0, -1.4043 -0.0214 0.0, -1.765 -0.0689 0.0, -1.7337 -0.1097 0.0, -1.6929 -0.141 0.0, -1.4961 -0.141 0.0, -1.4553 -0.1097 0.0, -1.424 -0.0689 0.0, -1.6454 -0.1606 0.0, -1.5945 -0.1673 0.0, -1.5435 -0.1606 0.0, -2.1457 0.1242 0.0, -1.7846 0.0805 0.0, -1.7913 0.0295 0.0, -1.4553 0.1687 0.0, -1.4961 0.2 0.0, -0.4638 0.2641 0.0, -1.5435 0.2197 0.0, -0.4638 0.1242 0.0, -1.4224 0.1242 0.0, -1.424 0.128 0.0, -1.5945 0.2264 0.0, -1.6454 0.2197 0.0, -2.1457 0.2641 0.0, -1.6929 0.2 0.0, -1.7337 0.1687 0.0, -1.765 0.128 0.0, -1.7665 0.1242 0.0, -1.4041 -0.0199 0.0, -1.3976 0.0295 0.0, -1.4043 0.0805 0.0, -2.5 -0.1764 0.0, -2.5 -0.0199 0.0, -2.5 0.1242 0.0, -2.5 0.2641 0.0, -2.1457 0.309 0.0, -2.5 1.2106 0.0, -2.1457 1.2106 0.0, -2.5 0.4806 0.0, -2.5 0.309 0.0, -1.9685 1.2106 0.0, 0.6694 0.1002 0.0, 0.6478 0.1002 0.0, 0.4941 0.105 0.0, 0.4725 0.105 0.0, 0.4725 -0.0007 0.0, 0.6694 -0.0007 0.0, 0.5614 0.0257 0.0, 0.4941 0.0257 0.0, 0.5614 0.0954 0.0, 0.583 0.0954 0.0, 0.583 0.0257 0.0, 0.6478 0.0257 0.0, 0.4725 0.465 0.0, 0.4725 0.4939 0.0, 0.6694 0.417 0.0, 0.6706 1.2106 0.0, 0.5277 0.4451 0.0, 0.5277 0.3638 0.0, 0.4725 0.345 0.0, 0.4725 0.3162 0.0, 0.6694 0.3906 0.0, 0.8182 0.309 0.0, 0.748 1.0531 0.0, 0.748 1.2106 0.0, -1.8658 -0.6713 1.0579, -1.8658 -0.6713 0.9106, -2.9724 -0.6713 0.9106, 2.7362 0.6998 0.7665, 2.0154 0.7062 0.7874, 1.2003 0.7062 0.7874, 2.0089 0.7304 0.9106, 2.7362 0.7304 0.9106, 2.0089 0.7304 1.0579, 2.2495 -0.1673 1.6609, 2.236 -0.117 1.6736, 2.7362 -0.117 1.6736, 2.1967 0.0295 1.689, 2.7362 0.0295 1.689, 2.1575 0.176 1.6736, 2.7362 0.176 1.6736, 2.1199 0.3162 1.6281, 2.7362 0.3162 1.6281, 2.0858 0.4438 1.5544, 2.7362 0.4438 1.5544, 2.0564 0.5532 1.4558, 2.7362 0.5532 1.4558, 2.0332 0.6398 1.3366, 2.7362 0.6398 1.3366, 2.0172 0.6998 1.202, 2.7362 0.6998 1.202, 2.7362 0.7304 1.0579, -2.9724 -0.6407 0.7665, -1.8722 -0.6471 0.7874, -1.0571 -0.6471 0.7874, 0.124 -0.6471 0.7874, -0.6911 -0.6471 0.7874, -0.6847 -0.6713 0.9106, -1.0506 -0.6713 0.9106, -0.6847 -0.6713 1.0579, 0.49 -0.6471 0.7874, 1.3051 -0.6471 0.7874, 2.7362 -0.6407 0.7665, 2.2495 -0.2571 1.6281, 2.7362 -0.2571 1.6281, 2.2495 -0.3847 1.5544, 2.7362 -0.3847 1.5544, 2.2495 -0.4942 1.4558, 2.7362 -0.4942 1.4558, 2.2495 -0.5808 1.3366, 2.7362 -0.5808 1.3366, 2.2495 -0.6407 1.202, 2.7362 -0.6407 1.202, 2.2495 -0.6713 1.0579, 2.7362 -0.6713 1.0579, 2.2495 -0.6713 0.9106, 2.7362 -0.6713 0.9106, 2.2495 -0.6471 0.7874, 1.4889 -0.6471 0.7874, 1.4889 -0.6713 0.9106, 1.3116 -0.6713 0.9106, 1.4889 -0.6713 1.0579, 1.3116 -0.6713 1.0579, 1.3034 -0.6407 1.202, 1.4889 -0.6407 1.202, 1.2874 -0.5808 1.3366, 1.4889 -0.5808 1.3366, 1.2642 -0.4942 1.4558, 1.4889 -0.4942 1.4558, 1.2348 -0.3847 1.5544, 1.4889 -0.3847 1.5544, 1.4889 -0.3711 1.564, 1.2006 -0.2571 1.6281, 1.4584 -0.2571 1.6281, 1.1631 -0.117 1.6736, 1.4208 -0.117 1.6736, 1.1238 0.0295 1.689, 1.3816 0.0295 1.689, 1.0846 0.176 1.6736, 1.3423 0.176 1.6736, 1.047 0.3162 1.6281, 1.3048 0.3162 1.6281, 1.0165 0.4302 1.564, 1.2706 0.4438 1.5544, 1.0165 0.4438 1.5544, 1.0165 0.5532 1.4558, 1.2412 0.5532 1.4558, 1.0165 0.6398 1.3366, 1.218 0.6398 1.3366, 1.0165 0.6998 1.202, 1.202 0.6998 1.202, 1.0165 0.7304 1.0579, 1.1938 0.7304 1.0579, 1.1938 0.7304 0.9106, 1.0165 0.7304 0.9106, 1.0165 0.7062 0.7874, -0.0965 0.176 1.6736, 0.3087 0.0295 1.689, -0.0573 0.0295 1.689, 0.3479 -0.117 1.6736, -0.018 -0.117 1.6736, 0.3855 -0.2571 1.6281, 0.0195 -0.2571 1.6281, 0.4196 -0.3847 1.5544, 0.0537 -0.3847 1.5544, 0.449 -0.4942 1.4558, 0.0831 -0.4942 1.4558, 0.4722 -0.5808 1.3366, 0.1063 -0.5808 1.3366, 0.4882 -0.6407 1.202, 0.1223 -0.6407 1.202, 0.4964 -0.6713 1.0579, 0.2559 0.3162 1.6281, 0.2559 0.2264 1.6609, 0.2694 0.176 1.6736, -0.1341 0.3162 1.6281, -0.1646 0.4302 1.564, 0.2559 0.4438 1.5544, -0.1646 0.4438 1.5544, 0.2559 0.5532 1.4558, -0.1646 0.5532 1.4558, 0.2559 0.6398 1.3366, -0.1646 0.6398 1.3366, 0.2559 0.6998 1.202, -0.1646 0.6998 1.202, 0.2559 0.7304 1.0579, -0.1646 0.7304 1.0579, 0.2559 0.7304 0.9106, -0.1646 0.7304 0.9106, 0.2559 0.7062 0.7874, -0.1646 0.7062 0.7874, -2.9724 0.6998 0.7665, -0.9252 0.7062 0.7874, -1.2776 0.176 1.6736, -0.8725 0.0295 1.689, -1.2384 0.0295 1.689, -0.8332 -0.117 1.6736, -1.1991 -0.117 1.6736, -0.7956 -0.2571 1.6281, -1.1616 -0.2571 1.6281, -0.7615 -0.3847 1.5544, -1.1274 -0.3847 1.5544, -0.7321 -0.4942 1.4558, -1.098 -0.4942 1.4558, -0.7089 -0.5808 1.3366, -1.0748 -0.5808 1.3366, -0.6929 -0.6407 1.202, -1.0588 -0.6407 1.202, -1.0506 -0.6713 1.0579, -0.9252 0.3162 1.6281, -0.9252 0.2264 1.6609, -0.9117 0.176 1.6736, -2.9724 -0.6713 1.0579, -2.9724 -0.6407 1.202, -1.874 -0.6407 1.202, -2.9724 -0.5808 1.3366, -1.89 -0.5808 1.3366, -2.9724 -0.4942 1.4558, -1.9132 -0.4942 1.4558, -2.9724 -0.3847 1.5544, -1.9426 -0.3847 1.5544, -2.9724 -0.2571 1.6281, -1.9767 -0.2571 1.6281, -2.9724 -0.117 1.6736, -2.0143 -0.117 1.6736, -2.9724 0.0295 1.689, -2.0536 0.0295 1.689, -2.9724 0.176 1.6736, -2.0928 0.176 1.6736, -1.3152 0.3162 1.6281, -1.3457 0.4302 1.564, -0.9252 0.4438 1.5544, -1.3457 0.4438 1.5544, -0.9252 0.5532 1.4558, -1.3457 0.5532 1.4558, -0.9252 0.6398 1.3366, -1.3457 0.6398 1.3366, -0.9252 0.6998 1.202, -1.3457 0.6998 1.202, -0.9252 0.7304 1.0579, -1.3457 0.7304 1.0579, -0.9252 0.7304 0.9106, -1.3457 0.7304 0.9106, -1.3457 0.7062 0.7874, -2.1063 0.7062 0.7874, -2.9724 0.7304 0.9106, -2.1063 0.7304 0.9106, -2.9724 0.7304 1.0579, -2.1063 0.7304 1.0579, -2.9724 0.6998 1.202, -2.1063 0.6998 1.202, -2.9724 0.6398 1.3366, -2.1063 0.6398 1.3366, -2.9724 0.5532 1.4558, -2.1063 0.5532 1.4558, -2.9724 0.4438 1.5544, -2.1063 0.4438 1.5544, -2.9724 0.3162 1.6281, -2.1063 0.3162 1.6281, -2.1063 0.2264 1.6609, 2.7362 0.6398 0.6319, -2.9724 0.6398 0.6319, 2.7362 0.5532 0.5127, -2.9724 0.5532 0.5127, 2.7362 0.4438 0.4141, -2.9724 0.4438 0.4141, 2.7362 0.3162 0.3405, -2.9724 0.3162 0.3405, 2.7362 0.176 0.2949, -2.9724 0.176 0.2949, 2.7362 0.0295 0.2795, -2.9724 0.0295 0.2795, 2.7362 -0.117 0.2949, -2.9724 -0.117 0.2949, 2.7362 -0.2571 0.3405, -2.9724 -0.2571 0.3405, 2.7362 -0.3847 0.4141, -2.9724 -0.3847 0.4141, 2.7362 -0.4942 0.5127, -2.9724 -0.4942 0.5127, 2.7362 -0.5808 0.6319, -2.9724 -0.5808 0.6319, 0.4964 -0.6713 0.9106, 0.1305 -0.6713 0.9106, 0.1305 -0.6713 1.0579, -2.5 -0.6506 1.8266, -2.5 -0.4985 1.9294, -2.5 -0.3758 1.9882, -2.5 -0.7832 1.6995, -2.5 -0.8924 1.5519, -2.5 -0.9751 1.3879, -2.5 -0.8409 0.3405, -2.5 -0.9372 0.4968, -2.5 -1.0057 0.6672, -2.5 -1.0288 1.2124, -2.5 -1.0522 1.0302, -2.5 -1.0444 0.8467, -2.5 -0.7196 0.2026, -2.5 -0.5767 0.0872, 2.7362 1.2106 1.9882, -2.5 1.2106 1.9882, 1.0165 1.2106 0.7874, 1.0165 1.2106 1.9882, -1.2205 1.2106 0.0709, -0.7874 1.2106 0.0709, -1.5354 1.2106 0.0709, -1.9685 1.2106 0.0709, -2.1063 1.2106 0.7874, -1.3457 1.2106 1.9882, -0.9252 1.2106 1.9882, -1.3457 1.2106 0.7874, -0.9252 1.2106 0.7874, -2.1063 1.2106 1.9882, -0.1646 1.2106 1.9882, 0.2559 1.2106 1.9882, -0.1646 1.2106 0.7874, 0.2559 1.2106 0.7874, 0.748 1.2106 0.0709, 1.1811 1.2106 0.0709, -0.0787 1.2106 0.0709, 0.3543 1.2106 0.0709, -2.5 0.7787 0.2026, -2.5 0.6358 0.0872, -2.5 0.9 0.3405, -2.5 0.9963 0.4968, -2.5 1.0647 0.6672, -2.5 1.0341 1.3879, -2.5 0.9515 1.5519, -2.5 0.8423 1.6995, -2.5 0.7097 1.8266, -2.5 0.5575 1.9294, -2.5 0.4349 1.9882, -2.5 1.1034 0.8467, -2.5 1.1112 1.0302, -2.5 1.0879 1.2124, -2.5 0.4755 -0.0023, -2.5 0.3023 -0.0635, -2.5 0.1213 -0.0945, -2.5 -0.0623 -0.0945, -2.5 -0.2433 -0.0635, -2.5 -0.4164 -0.0023, -2.8937 0.5575 1.9294, -2.8937 0.7097 1.8266, -2.8937 0.8423 1.6995, -2.8937 0.9515 1.5519, -2.8937 1.0341 1.3879, -2.8937 1.0879 1.2124, -2.8937 1.1112 1.0302, -2.8937 1.1034 0.8467, -2.8937 1.0647 0.6672, -2.8937 0.9963 0.4968, -2.8937 0.9 0.3405, -2.8937 0.7787 0.2026, -2.8937 0.6358 0.0872, -2.8937 0.4755 -0.0023, -2.8937 0.3023 -0.0635, -2.8937 0.1213 -0.0945, -2.8937 0.0295 -0.0984, -2.8937 -0.0623 -0.0945, -2.8937 -0.2433 -0.0635, -2.8937 -0.4164 -0.0023, -2.8937 -0.5767 0.0872, -2.8937 -0.7196 0.2026, -2.8937 -0.8409 0.3405, -2.8937 -0.9372 0.4968, -2.8937 -1.0057 0.6672, -2.8937 -1.0444 0.8467, -2.8937 -1.0522 1.0302, -2.8937 -1.0288 1.2124, -2.8937 -0.9751 1.3879, -2.8937 -0.8924 1.5519, -2.8937 -0.7832 1.6995, -2.8937 -0.6506 1.8266, -2.8937 -0.4985 1.9294, -2.8937 -0.3312 2.0051, -2.5 -0.3312 2.0051, -2.5 -0.1534 2.0514, -2.8937 -0.1534 2.0514, -2.5 0.0295 2.0669, -2.8937 0.0295 2.0669, -2.5 0.2125 2.0514, -2.8937 0.2125 2.0514, -2.5 0.3902 2.0051, -2.8937 0.3902 2.0051, -2.9724 -0.4601 1.8607, -2.9724 -0.3049 1.9308, -2.9724 -0.1401 1.9737, -2.9724 0.0295 1.9882, -2.9724 0.1992 1.9737, -2.9724 0.364 1.9308, -2.9724 0.5191 1.8607, -2.9724 0.6602 1.7654, -2.9724 0.7832 1.6475, -2.9724 0.8844 1.5106, -2.9724 -0.9519 1.1958, -2.9724 -0.902 1.3586, -2.9724 -0.8254 1.5106, -2.9724 -0.7241 1.6475, -2.9724 -0.6012 1.7654, -2.9724 -0.7776 0.3873, -2.9724 -0.8669 0.5323, -2.9724 -0.9304 0.6903, -2.9724 -0.9663 0.8567, -2.9724 -0.9735 1.0269, -2.9724 0.1147 -0.0161, -2.9724 0.8367 0.3873, -2.9724 0.7242 0.2595, -2.9724 0.5917 0.1525, -2.9724 0.4431 0.0694, -2.9724 0.2825 0.0127, -2.9724 0.9611 1.3586, -2.9724 1.0109 1.1958, -2.9724 1.0326 1.0269, -2.9724 1.0253 0.8567, -2.9724 0.9895 0.6903, -2.9724 0.926 0.5323, -2.9724 0.0295 -0.0197, -2.9724 -0.0556 -0.0161, -2.9724 -0.2234 0.0127, -2.9724 -0.384 0.0694, -2.9724 -0.5327 0.1525, -2.9724 -0.6651 0.2595, -0.1646 0.4302 1.9882, 0.1537 -0.7579 1.9882, 0.1537 -0.7579 0.7874, -0.9252 0.2264 1.9882, -0.6615 -0.7579 1.9882, -0.6615 -0.7579 0.7874, 1.0165 0.4302 1.9882, 1.3348 -0.7579 1.9882, 1.3348 -0.7579 0.7874, 0.2559 0.2264 1.9882, 0.5196 -0.7579 1.9882, 0.5196 -0.7579 0.7874, 2.2495 -0.1673 1.9882, 1.4889 -0.3711 1.9882, 1.1706 0.8169 1.9882, 1.1706 0.8169 0.7874, 1.9858 0.8169 1.9882, 1.9858 0.8169 0.7874, -1.3457 0.4302 1.9882, -1.0274 -0.7579 1.9882, -1.0274 -0.7579 0.7874, -2.1063 0.2264 1.9882, -1.8426 -0.7579 1.9882, -1.8426 -0.7579 0.7874
            ]
        }
        coordIndex [
            0,1,2,-1,3,4,5,-1,6,3,7,-1,8,6,9,-1,10,11,12,-1,13,14,15,-1,16,17,18,-1,19,20,21,-1,22,23,24,-1,25,26,27,-1,24,23,28,-1,28,23,29,-1,28,29,30,-1,31,32,33,-1,33,32,34,-1,33,34,35,-1,35,34,25,-1,35,25,36,-1,37,38,39,-1,39,38,40,-1,39,40,30,-1,27,26,41,-1,41,26,42,-1,41,42,43,-1,44,45,46,-1,47,48,49,-1,49,48,50,-1,49,50,51,-1,51,50,44,-1,51,44,52,-1,52,44,46,-1,53,54,55,-1,56,57,58,-1,59,60,53,-1,60,61,53,-1,53,61,62,-1,53,62,54,-1,54,62,63,-1,56,58,53,-1,53,58,64,-1,53,64,59,-1,65,66,67,-1,67,66,68,-1,67,68,55,-1,55,68,69,-1,55,69,53,-1,70,71,21,-1,72,73,74,-1,75,76,21,-1,21,76,77,-1,63,78,54,-1,54,78,79,-1,54,79,74,-1,74,79,80,-1,74,80,72,-1,73,81,74,-1,74,81,82,-1,74,82,83,-1,83,82,84,-1,83,84,70,-1,85,86,71,-1,71,86,87,-1,71,87,21,-1,21,87,88,-1,21,88,75,-1,77,89,21,-1,21,89,90,-1,21,90,19,-1,91,92,93,-1,93,92,94,-1,93,94,95,-1,93,96,91,-1,91,96,97,-1,91,97,98,-1,98,99,91,-1,91,99,100,-1,91,100,101,-1,101,100,102,-1,101,102,103,-1,103,102,104,-1,103,104,71,-1,71,104,105,-1,71,105,85,-1,106,107,95,-1,95,107,108,-1,95,108,93,-1,109,110,57,-1,57,110,111,-1,57,111,58,-1,109,112,110,-1,110,112,113,-1,110,113,114,-1,114,113,115,-1,114,116,117,-1,115,118,114,-1,114,118,119,-1,114,119,120,-1,120,121,114,-1,114,121,122,-1,114,122,116,-1,117,123,114,-1,114,123,124,-1,114,124,125,-1,126,127,128,-1,129,130,128,-1,128,130,131,-1,128,131,126,-1,132,133,134,-1,134,133,135,-1,130,136,131,-1,131,136,137,-1,131,137,138,-1,138,137,139,-1,138,139,140,-1,140,139,132,-1,141,142,143,-1,141,143,144,-1,144,143,145,-1,144,145,146,-1,147,146,148,-1,148,146,145,-1,148,145,149,-1,149,145,150,-1,149,150,151,-1,151,150,152,-1,153,154,155,-1,156,157,158,-1,158,157,159,-1,158,159,147,-1,147,159,160,-1,147,160,146,-1,146,160,161,-1,146,161,155,-1,155,161,162,-1,155,162,153,-1,142,141,163,-1,163,141,164,-1,163,164,153,-1,165,166,167,-1,166,168,17,-1,18,17,169,-1,169,17,168,-1,169,168,170,-1,16,171,172,-1,172,173,16,-1,16,173,174,-1,16,174,175,-1,175,176,16,-1,16,176,177,-1,16,177,178,-1,166,17,167,-1,167,17,179,-1,167,179,180,-1,180,179,181,-1,180,181,182,-1,182,181,183,-1,182,183,184,-1,184,183,185,-1,184,185,186,-1,186,185,187,-1,186,187,188,-1,188,187,189,-1,188,189,190,-1,190,189,191,-1,190,191,192,-1,178,193,194,-1,194,193,195,-1,194,195,196,-1,197,198,199,-1,199,198,200,-1,199,200,201,-1,201,200,164,-1,201,164,202,-1,202,164,141,-1,202,141,203,-1,203,141,144,-1,203,144,204,-1,132,134,140,-1,140,134,205,-1,140,205,204,-1,127,126,135,-1,135,126,206,-1,135,206,134,-1,134,206,207,-1,134,207,205,-1,208,209,210,-1,210,209,211,-1,212,8,213,-1,213,8,214,-1,213,214,215,-1,215,214,216,-1,215,216,217,-1,217,216,218,-1,217,218,219,-1,219,218,220,-1,219,220,221,-1,221,220,222,-1,221,222,223,-1,223,222,224,-1,225,226,227,-1,228,229,230,-1,230,229,231,-1,231,229,232,-1,231,232,233,-1,234,235,236,-1,236,235,237,-1,236,237,238,-1,238,237,239,-1,238,239,232,-1,232,239,240,-1,232,240,233,-1,227,228,225,-1,225,228,230,-1,225,230,241,-1,241,230,242,-1,241,242,243,-1,244,245,241,-1,244,241,246,-1,243,247,241,-1,241,247,248,-1,241,248,246,-1,246,248,249,-1,245,250,241,-1,241,250,251,-1,241,251,252,-1,252,251,253,-1,253,254,252,-1,252,254,255,-1,252,255,256,-1,16,18,171,-1,171,18,257,-1,171,257,258,-1,255,259,256,-1,256,259,260,-1,256,260,257,-1,257,260,261,-1,257,261,262,-1,257,263,258,-1,258,263,264,-1,258,264,265,-1,265,264,266,-1,265,266,267,-1,262,268,257,-1,257,268,269,-1,257,269,263,-1,270,271,272,-1,272,271,273,-1,168,274,170,-1,170,274,275,-1,170,275,276,-1,276,275,277,-1,276,277,278,-1,278,277,279,-1,278,279,280,-1,280,279,272,-1,280,272,281,-1,281,272,273,-1,281,273,282,-1,167,283,165,-1,165,283,284,-1,165,284,285,-1,285,284,286,-1,285,286,287,-1,287,286,288,-1,287,288,289,-1,289,288,290,-1,289,290,291,-1,292,293,294,-1,294,293,291,-1,294,291,295,-1,295,291,290,-1,295,290,296,-1,296,290,297,-1,298,299,193,-1,193,299,300,-1,178,177,193,-1,193,177,301,-1,193,301,302,-1,302,303,193,-1,193,303,304,-1,193,304,298,-1,305,306,235,-1,235,306,307,-1,235,307,308,-1,308,309,235,-1,235,309,310,-1,235,310,237,-1,311,312,313,-1,314,315,316,-1,317,318,305,-1,319,320,321,-1,321,320,322,-1,314,316,323,-1,317,305,324,-1,325,326,320,-1,320,326,327,-1,320,327,328,-1,313,312,305,-1,305,312,329,-1,305,329,324,-1,315,330,316,-1,316,330,331,-1,316,331,332,-1,333,334,335,-1,335,334,336,-1,335,336,337,-1,338,328,339,-1,339,328,340,-1,339,340,335,-1,335,340,341,-1,335,341,333,-1,338,342,328,-1,328,342,343,-1,328,343,320,-1,320,343,344,-1,320,344,322,-1,345,346,347,-1,347,346,348,-1,347,348,316,-1,316,348,349,-1,316,349,323,-1,350,351,316,-1,316,351,352,-1,316,352,320,-1,320,352,353,-1,320,353,325,-1,354,355,306,-1,306,355,356,-1,306,356,357,-1,357,358,306,-1,306,358,359,-1,306,359,360,-1,360,359,345,-1,360,345,361,-1,361,345,347,-1,318,362,305,-1,305,362,363,-1,305,363,306,-1,306,363,364,-1,306,364,354,-1,332,365,316,-1,316,365,366,-1,316,366,367,-1,367,368,316,-1,316,368,369,-1,316,369,350,-1,370,371,372,-1,372,328,370,-1,370,328,327,-1,370,327,373,-1,373,327,374,-1,374,375,373,-1,373,375,376,-1,373,376,377,-1,378,379,380,-1,379,381,380,-1,380,381,382,-1,380,382,383,-1,384,380,385,-1,371,370,384,-1,384,370,386,-1,384,386,380,-1,380,386,387,-1,380,387,378,-1,385,388,384,-1,384,388,389,-1,384,389,390,-1,383,382,391,-1,391,382,392,-1,391,392,393,-1,393,392,394,-1,393,394,395,-1,396,397,390,-1,390,397,398,-1,390,398,384,-1,299,399,300,-1,300,399,400,-1,300,400,313,-1,313,400,401,-1,313,401,311,-1,402,403,404,-1,402,404,405,-1,153,164,154,-1,154,164,406,-1,154,406,407,-1,407,406,408,-1,407,408,404,-1,404,408,409,-1,404,409,405,-1,403,410,404,-1,404,410,411,-1,404,411,412,-1,412,413,404,-1,404,413,414,-1,404,414,415,-1,415,416,404,-1,404,416,417,-1,404,417,418,-1,418,417,419,-1,419,417,420,-1,420,417,421,-1,420,421,422,-1,422,423,420,-1,420,423,424,-1,420,424,425,-1,425,424,426,-1,198,427,200,-1,200,427,428,-1,200,428,164,-1,164,428,429,-1,164,429,406,-1,430,431,15,-1,15,431,432,-1,15,432,433,-1,433,434,15,-1,15,434,435,-1,15,435,13,-1,197,199,14,-1,14,199,196,-1,14,196,15,-1,15,196,195,-1,15,195,430,-1,11,436,437,-1,437,436,438,-1,437,438,195,-1,195,438,439,-1,195,439,430,-1,12,440,441,-1,441,442,12,-1,12,442,443,-1,12,443,10,-1,440,12,444,-1,444,12,445,-1,444,445,446,-1,446,445,447,-1,447,445,54,-1,447,54,448,-1,407,449,154,-1,154,449,450,-1,154,450,451,-1,451,450,452,-1,451,452,453,-1,454,455,456,-1,456,455,457,-1,458,459,460,-1,461,462,54,-1,454,463,455,-1,455,463,464,-1,455,464,465,-1,465,464,466,-1,467,468,466,-1,466,468,469,-1,466,469,465,-1,470,471,458,-1,458,471,472,-1,458,472,459,-1,462,473,54,-1,54,473,474,-1,54,474,475,-1,476,477,478,-1,478,477,479,-1,478,479,480,-1,481,482,445,-1,445,482,483,-1,445,483,54,-1,54,483,484,-1,54,484,461,-1,460,485,458,-1,458,485,486,-1,458,486,445,-1,445,486,457,-1,445,457,481,-1,481,457,455,-1,487,488,466,-1,466,488,489,-1,466,489,490,-1,475,491,54,-1,54,491,492,-1,54,492,55,-1,55,492,493,-1,55,493,478,-1,490,494,466,-1,466,494,495,-1,466,495,467,-1,496,497,224,-1,497,498,224,-1,224,498,499,-1,224,499,223,-1,497,500,498,-1,498,500,501,-1,498,501,458,-1,458,501,502,-1,458,502,470,-1,503,504,21,-1,21,504,505,-1,70,21,83,-1,83,21,505,-1,83,505,48,-1,48,505,506,-1,48,506,50,-1,507,504,508,-1,508,504,503,-1,508,503,509,-1,220,510,511,-1,512,513,503,-1,503,513,514,-1,503,514,509,-1,515,222,20,-1,20,222,220,-1,20,220,21,-1,21,220,511,-1,21,511,503,-1,503,511,516,-1,503,516,517,-1,518,519,218,-1,218,519,520,-1,218,520,220,-1,220,520,521,-1,220,521,510,-1,517,522,503,-1,503,522,523,-1,503,523,512,-1,524,525,216,-1,524,216,526,-1,525,527,216,-1,216,527,528,-1,216,528,218,-1,218,528,529,-1,218,529,518,-1,515,65,222,-1,222,65,67,-1,222,67,224,-1,224,67,55,-1,224,55,496,-1,496,55,478,-1,496,478,530,-1,530,478,480,-1,214,27,216,-1,216,27,41,-1,216,41,526,-1,526,41,43,-1,526,43,47,-1,47,43,22,-1,47,22,48,-1,48,22,24,-1,6,7,9,-1,9,7,531,-1,9,531,532,-1,533,313,534,-1,534,313,305,-1,534,305,535,-1,535,305,235,-1,535,235,536,-1,536,235,234,-1,536,234,537,-1,533,538,539,-1,538,540,539,-1,539,540,541,-1,539,541,535,-1,535,541,542,-1,535,542,534,-1,543,544,545,-1,545,544,541,-1,545,541,546,-1,546,541,540,-1,546,540,547,-1,547,540,548,-1,40,36,30,-1,30,36,25,-1,30,25,28,-1,28,25,27,-1,28,27,549,-1,550,551,532,-1,532,551,552,-1,553,554,555,-1,555,554,556,-1,555,556,532,-1,532,556,557,-1,532,557,550,-1,552,558,532,-1,532,558,559,-1,532,559,560,-1,8,9,214,-1,214,9,532,-1,214,532,27,-1,27,532,560,-1,27,560,549,-1,549,561,28,-1,28,561,562,-1,28,562,555,-1,555,562,563,-1,555,563,564,-1,564,565,555,-1,555,565,566,-1,555,566,553,-1,567,568,532,-1,569,570,571,-1,532,568,555,-1,555,568,572,-1,555,572,573,-1,11,437,12,-1,12,437,539,-1,12,539,445,-1,445,539,535,-1,445,535,458,-1,458,535,536,-1,458,536,498,-1,498,536,537,-1,498,537,499,-1,555,126,28,-1,28,126,131,-1,28,131,24,-1,24,131,138,-1,24,138,48,-1,48,138,146,-1,48,146,83,-1,83,146,155,-1,83,155,74,-1,74,155,154,-1,74,154,54,-1,54,154,451,-1,54,451,448,-1,448,451,453,-1,533,539,313,-1,313,539,437,-1,313,437,300,-1,300,437,574,-1,300,574,193,-1,574,575,193,-1,193,575,0,-1,193,0,195,-1,195,0,2,-1,195,2,437,-1,437,2,576,-1,437,576,574,-1,577,578,140,-1,579,580,140,-1,140,580,581,-1,140,581,138,-1,138,581,582,-1,138,582,583,-1,583,584,138,-1,138,584,585,-1,138,585,586,-1,204,144,140,-1,140,144,587,-1,140,587,577,-1,586,588,138,-1,138,588,589,-1,138,589,146,-1,146,589,590,-1,146,590,144,-1,144,590,591,-1,144,591,587,-1,578,592,140,-1,140,592,593,-1,140,593,579,-1,571,567,569,-1,569,567,532,-1,569,532,594,-1,594,532,531,-1,594,531,573,-1,573,531,595,-1,573,595,555,-1,555,595,596,-1,555,596,126,-1,126,596,210,-1,126,210,206,-1,206,210,211,-1,206,211,207,-1,3,5,7,-1,7,5,597,-1,7,597,531,-1,531,597,598,-1,531,598,595,-1,595,598,599,-1,595,599,596,-1,596,599,600,-1,596,600,210,-1,210,600,601,-1,210,601,208,-1,602,603,604,-1,605,606,607,-1,608,609,610,-1,293,292,611,-1,611,292,612,-1,611,612,613,-1,271,270,610,-1,610,270,613,-1,610,613,608,-1,608,613,612,-1,608,612,614,-1,614,612,615,-1,616,226,617,-1,609,608,618,-1,618,608,619,-1,618,619,620,-1,619,621,622,-1,621,619,623,-1,623,619,624,-1,623,624,625,-1,626,622,627,-1,627,622,628,-1,627,628,624,-1,624,628,629,-1,624,629,625,-1,626,227,622,-1,622,227,616,-1,622,616,619,-1,619,616,617,-1,619,617,620,-1,4,212,630,-1,630,212,631,-1,630,631,632,-1,633,634,635,-1,635,634,636,-1,635,636,637,-1,638,639,640,-1,641,642,643,-1,643,642,644,-1,643,644,645,-1,646,647,638,-1,648,639,649,-1,649,639,638,-1,649,638,650,-1,650,638,647,-1,650,647,651,-1,651,647,652,-1,653,654,614,-1,192,191,655,-1,655,191,653,-1,655,653,656,-1,656,653,614,-1,656,614,657,-1,657,614,615,-1,657,615,297,-1,297,615,296,-1,658,659,660,-1,660,659,661,-1,662,663,664,-1,664,663,665,-1,664,665,666,-1,666,665,667,-1,666,667,661,-1,661,667,668,-1,661,668,660,-1,669,670,671,-1,671,670,672,-1,673,674,644,-1,644,674,675,-1,644,675,664,-1,664,675,676,-1,664,676,662,-1,658,677,659,-1,659,677,678,-1,659,678,671,-1,671,678,679,-1,671,679,669,-1,672,680,671,-1,671,680,681,-1,671,681,644,-1,644,681,682,-1,644,682,673,-1,683,684,685,-1,685,684,686,-1,685,686,687,-1,683,688,689,-1,689,690,683,-1,683,690,691,-1,683,691,684,-1,684,691,692,-1,684,692,693,-1,693,692,694,-1,693,694,695,-1,695,696,693,-1,693,696,697,-1,693,697,698,-1,699,700,693,-1,693,700,701,-1,702,703,704,-1,704,703,705,-1,701,706,693,-1,693,706,705,-1,693,705,707,-1,707,705,703,-1,698,708,693,-1,693,708,709,-1,693,709,699,-1,710,711,712,-1,713,714,715,-1,714,716,715,-1,715,716,717,-1,715,717,718,-1,603,719,619,-1,719,720,619,-1,619,720,721,-1,619,721,624,-1,624,721,722,-1,624,722,715,-1,715,722,723,-1,715,723,713,-1,724,725,604,-1,604,725,726,-1,604,726,602,-1,727,728,729,-1,724,604,730,-1,730,604,731,-1,730,731,732,-1,712,733,734,-1,710,712,735,-1,735,712,734,-1,735,734,736,-1,736,737,735,-1,735,737,738,-1,735,738,739,-1,740,741,742,-1,742,741,743,-1,742,743,744,-1,744,745,742,-1,742,745,746,-1,742,746,747,-1,748,749,712,-1,712,749,750,-1,712,750,733,-1,751,752,753,-1,754,755,756,-1,756,755,757,-1,751,753,758,-1,752,759,753,-1,753,759,760,-1,753,760,748,-1,748,760,761,-1,748,761,749,-1,762,763,756,-1,756,763,764,-1,756,764,754,-1,746,765,747,-1,747,765,766,-1,747,766,762,-1,762,766,767,-1,762,767,763,-1,768,769,770,-1,770,769,771,-1,772,729,731,-1,731,729,728,-1,731,728,732,-1,771,773,770,-1,770,773,774,-1,770,774,775,-1,776,777,731,-1,731,777,778,-1,731,778,772,-1,775,779,770,-1,770,779,780,-1,770,780,731,-1,731,780,781,-1,731,781,776,-1,782,783,768,-1,768,783,784,-1,768,784,769,-1,785,786,787,-1,787,786,788,-1,789,790,787,-1,787,790,791,-1,787,791,785,-1,792,793,794,-1,794,793,795,-1,795,796,794,-1,794,796,797,-1,794,797,782,-1,782,797,798,-1,782,798,783,-1,772,799,729,-1,729,799,800,-1,729,800,789,-1,789,800,801,-1,789,801,790,-1,770,802,768,-1,768,802,803,-1,768,803,782,-1,782,803,804,-1,782,804,794,-1,794,804,805,-1,794,805,806,-1,807,808,809,-1,809,808,806,-1,809,806,810,-1,810,806,805,-1,788,792,787,-1,787,792,794,-1,787,794,638,-1,638,794,806,-1,638,806,646,-1,646,806,808,-1,646,808,811,-1,603,619,604,-1,604,619,608,-1,604,608,731,-1,731,608,614,-1,731,614,770,-1,770,614,654,-1,770,654,802,-1,640,645,638,-1,638,645,644,-1,638,644,787,-1,787,644,664,-1,787,664,789,-1,789,664,666,-1,789,666,729,-1,729,666,685,-1,729,685,727,-1,727,685,687,-1,812,661,683,-1,812,813,661,-1,661,813,814,-1,661,814,666,-1,666,814,815,-1,666,815,685,-1,685,815,816,-1,685,816,683,-1,683,816,817,-1,683,817,812,-1,818,819,820,-1,820,819,814,-1,820,814,821,-1,821,814,813,-1,821,813,822,-1,822,813,823,-1,824,644,825,-1,825,644,642,-1,825,642,826,-1,826,642,827,-1,826,827,671,-1,828,829,824,-1,824,829,830,-1,824,830,644,-1,644,830,831,-1,644,831,671,-1,671,831,832,-1,671,832,826,-1,718,710,715,-1,715,710,735,-1,715,735,624,-1,624,735,607,-1,624,607,627,-1,627,607,606,-1,711,688,712,-1,712,688,683,-1,712,683,748,-1,748,683,661,-1,748,661,753,-1,753,661,659,-1,753,659,833,-1,833,659,671,-1,833,671,834,-1,834,671,827,-1,834,827,835,-1,739,740,735,-1,735,740,742,-1,735,742,607,-1,607,742,630,-1,607,630,605,-1,605,630,632,-1,605,632,232,-1,232,632,238,-1,834,637,833,-1,833,637,636,-1,833,636,753,-1,753,636,756,-1,753,756,758,-1,758,756,757,-1,836,837,838,-1,839,840,841,-1,840,839,842,-1,842,839,843,-1,842,843,844,-1,845,846,847,-1,847,846,848,-1,847,848,849,-1,849,848,850,-1,849,850,851,-1,851,850,852,-1,851,852,853,-1,853,852,854,-1,853,854,855,-1,855,854,856,-1,855,856,857,-1,857,856,858,-1,857,858,859,-1,859,858,860,-1,859,860,861,-1,861,860,844,-1,861,844,862,-1,862,844,843,-1,838,837,863,-1,863,837,864,-1,863,864,865,-1,866,863,867,-1,867,863,865,-1,867,865,868,-1,868,865,869,-1,868,869,870,-1,871,872,873,-1,845,847,874,-1,874,847,875,-1,874,875,876,-1,876,875,877,-1,876,877,878,-1,878,877,879,-1,878,879,880,-1,880,879,881,-1,880,881,882,-1,882,881,883,-1,882,883,884,-1,884,883,885,-1,884,885,886,-1,886,885,887,-1,886,887,888,-1,888,887,873,-1,888,873,889,-1,889,873,872,-1,889,872,890,-1,890,872,891,-1,890,891,892,-1,891,893,892,-1,892,893,894,-1,892,894,895,-1,895,894,896,-1,895,896,897,-1,897,896,898,-1,897,898,899,-1,899,898,900,-1,899,900,901,-1,901,900,902,-1,902,900,903,-1,902,903,904,-1,904,903,905,-1,904,905,906,-1,906,905,907,-1,906,907,908,-1,908,907,909,-1,908,909,910,-1,910,909,911,-1,910,911,912,-1,912,911,913,-1,912,913,914,-1,913,915,914,-1,914,915,916,-1,914,916,917,-1,917,916,918,-1,917,918,919,-1,919,918,920,-1,919,920,921,-1,921,920,922,-1,921,922,923,-1,923,922,924,-1,924,922,925,-1,924,925,841,-1,841,925,926,-1,841,926,839,-1,927,928,929,-1,929,928,930,-1,929,930,931,-1,931,930,932,-1,931,932,933,-1,933,932,934,-1,933,934,935,-1,935,934,936,-1,935,936,937,-1,937,936,938,-1,937,938,939,-1,939,938,940,-1,939,940,941,-1,941,940,942,-1,943,944,927,-1,927,944,945,-1,927,945,928,-1,927,946,943,-1,943,946,947,-1,943,947,948,-1,948,947,949,-1,948,949,950,-1,950,949,951,-1,950,951,952,-1,952,951,953,-1,952,953,954,-1,954,953,955,-1,954,955,956,-1,956,955,957,-1,956,957,958,-1,958,957,959,-1,958,959,960,-1,960,959,961,-1,960,961,962,-1,962,961,963,-1,964,965,966,-1,966,965,967,-1,966,967,968,-1,968,967,969,-1,968,969,970,-1,970,969,971,-1,970,971,972,-1,972,971,973,-1,972,973,974,-1,974,973,975,-1,974,975,976,-1,976,975,977,-1,976,977,978,-1,978,977,870,-1,978,870,979,-1,979,870,869,-1,980,981,964,-1,964,981,982,-1,964,982,965,-1,838,983,836,-1,836,983,984,-1,836,984,985,-1,985,984,986,-1,985,986,987,-1,987,986,988,-1,987,988,989,-1,989,988,990,-1,989,990,991,-1,991,990,992,-1,991,992,993,-1,993,992,994,-1,993,994,995,-1,995,994,996,-1,995,996,997,-1,997,996,998,-1,997,998,999,-1,964,1000,980,-1,980,1000,1001,-1,980,1001,1002,-1,1002,1001,1003,-1,1002,1003,1004,-1,1004,1003,1005,-1,1004,1005,1006,-1,1006,1005,1007,-1,1006,1007,1008,-1,1008,1007,1009,-1,1008,1009,1010,-1,1010,1009,1011,-1,1010,1011,1012,-1,1012,1011,1013,-1,1012,1013,963,-1,963,1013,1014,-1,963,1014,962,-1,962,1014,1015,-1,962,1015,1016,-1,1016,1015,1017,-1,1016,1017,1018,-1,1018,1017,1019,-1,1018,1019,1020,-1,1020,1019,1021,-1,1020,1021,1022,-1,1022,1021,1023,-1,1022,1023,1024,-1,1024,1023,1025,-1,1024,1025,1026,-1,1026,1025,1027,-1,1026,1027,1028,-1,1028,1027,1029,-1,1028,1029,998,-1,998,1029,1030,-1,998,1030,999,-1,926,960,839,-1,839,960,962,-1,839,962,1031,-1,1031,962,1032,-1,1031,1032,1033,-1,1033,1032,1034,-1,1033,1034,1035,-1,1035,1034,1036,-1,1035,1036,1037,-1,1037,1036,1038,-1,1037,1038,1039,-1,1039,1038,1040,-1,1039,1040,1041,-1,1041,1040,1042,-1,1041,1042,1043,-1,1043,1042,1044,-1,1043,1044,1045,-1,1045,1044,1046,-1,1045,1046,1047,-1,1047,1046,1048,-1,1047,1048,1049,-1,1049,1048,1050,-1,1049,1050,1051,-1,1051,1050,1052,-1,1051,1052,873,-1,873,1052,863,-1,873,863,871,-1,871,863,866,-1,871,866,1053,-1,1053,866,1054,-1,1053,1054,942,-1,942,1054,1055,-1,942,1055,941,-1,1056,179,1057,-1,1057,179,1058,-1,1056,1059,179,-1,179,1059,1060,-1,179,1060,1061,-1,1062,191,1063,-1,1063,191,1064,-1,1061,1065,179,-1,179,1065,1066,-1,179,1066,191,-1,191,1066,1067,-1,191,1067,1064,-1,1062,1068,191,-1,191,1068,1069,-1,191,1069,653,-1,601,883,881,-1,853,855,1070,-1,1070,855,857,-1,1070,857,859,-1,859,861,1070,-1,1070,861,862,-1,1070,862,634,-1,881,879,601,-1,601,879,877,-1,601,877,875,-1,875,847,601,-1,601,847,849,-1,601,849,1070,-1,1070,849,851,-1,1070,851,853,-1,1041,1043,742,-1,742,1043,630,-1,630,1043,1045,-1,630,1045,4,-1,1045,1047,4,-1,4,1047,1049,-1,4,1049,1051,-1,862,843,634,-1,634,843,839,-1,634,839,1031,-1,1031,1033,634,-1,634,1033,1035,-1,634,1035,636,-1,636,1035,1037,-1,636,1037,756,-1,756,1037,1039,-1,756,1039,762,-1,762,1039,1041,-1,762,1041,747,-1,747,1041,742,-1,1051,873,4,-1,4,873,887,-1,4,887,601,-1,601,887,885,-1,601,885,883,-1,808,807,1071,-1,1072,1073,1070,-1,1074,651,652,-1,639,648,1075,-1,1076,1077,1078,-1,1079,1080,1081,-1,1081,1080,1082,-1,811,808,1077,-1,1077,808,1071,-1,1077,1071,1078,-1,1078,1071,1083,-1,1084,1085,1086,-1,1086,1085,1087,-1,1088,835,827,-1,634,633,1089,-1,1090,1082,1091,-1,1091,1082,1086,-1,1090,640,1082,-1,1082,640,639,-1,1082,639,1081,-1,1081,639,1075,-1,1081,1075,1078,-1,1078,1075,1074,-1,1078,1074,1076,-1,1076,1074,652,-1,1070,634,1072,-1,1072,634,1089,-1,1072,1089,1087,-1,1087,1089,1088,-1,1087,1088,1086,-1,1086,1088,827,-1,1086,827,1091,-1,1091,827,642,-1,1091,642,641,-1,1092,807,1093,-1,1093,807,809,-1,1092,1094,807,-1,807,1094,1095,-1,807,1095,1096,-1,1097,1098,1071,-1,1071,1098,1099,-1,1099,1100,1071,-1,1071,1100,1101,-1,1071,1101,1102,-1,1096,1103,807,-1,807,1103,1104,-1,807,1104,1071,-1,1071,1104,1105,-1,1071,1105,1097,-1,1106,809,810,-1,1106,810,1107,-1,1107,810,805,-1,1107,805,1108,-1,1108,805,804,-1,1108,804,1109,-1,1109,804,803,-1,1109,803,1110,-1,803,802,1110,-1,1110,802,654,-1,1110,654,1111,-1,1111,654,653,-1,1112,1100,1113,-1,1113,1100,1099,-1,1113,1099,1114,-1,1114,1099,1098,-1,1114,1098,1115,-1,1115,1098,1097,-1,1115,1097,1116,-1,1116,1097,1105,-1,1116,1105,1117,-1,1117,1105,1104,-1,1117,1104,1118,-1,1118,1104,1103,-1,1118,1103,1119,-1,1119,1103,1096,-1,1119,1096,1120,-1,1120,1096,1095,-1,1120,1095,1121,-1,1121,1095,1094,-1,1121,1094,1122,-1,1122,1094,1092,-1,1122,1092,1123,-1,1123,1092,1093,-1,1123,1093,1124,-1,1124,1093,809,-1,1124,809,1125,-1,809,1106,1125,-1,1125,1106,1107,-1,1125,1107,1126,-1,1126,1107,1108,-1,1126,1108,1127,-1,1127,1108,1128,-1,1128,1108,1109,-1,1128,1109,1129,-1,1129,1109,1110,-1,1129,1110,1130,-1,1130,1110,1111,-1,1130,1111,1131,-1,1131,1111,653,-1,1131,653,1132,-1,653,1069,1132,-1,1132,1069,1068,-1,1132,1068,1133,-1,1133,1068,1062,-1,1133,1062,1134,-1,1134,1062,1063,-1,1134,1063,1135,-1,1135,1063,1064,-1,1135,1064,1136,-1,1136,1064,1067,-1,1136,1067,1137,-1,1137,1067,1066,-1,1137,1066,1138,-1,1138,1066,1065,-1,1138,1065,1139,-1,1139,1065,1061,-1,1139,1061,1140,-1,1140,1061,1060,-1,1140,1060,1141,-1,1141,1060,1059,-1,1141,1059,1142,-1,1142,1059,1056,-1,1142,1056,1143,-1,1143,1056,1057,-1,1143,1057,1144,-1,1144,1057,1058,-1,1144,1058,1145,-1,1058,1146,1145,-1,1145,1146,1147,-1,1145,1147,1148,-1,1148,1147,1149,-1,1148,1149,1150,-1,1150,1149,1151,-1,1150,1151,1152,-1,1152,1151,1153,-1,1152,1153,1154,-1,1154,1153,1102,-1,1154,1102,1112,-1,1112,1102,1101,-1,1112,1101,1100,-1,990,1155,992,-1,992,1155,1156,-1,992,1156,994,-1,994,1156,1157,-1,994,1157,996,-1,996,1157,1158,-1,996,1158,998,-1,998,1158,1159,-1,998,1159,1028,-1,1159,1160,1028,-1,1028,1160,1161,-1,1028,1161,1026,-1,1026,1161,1162,-1,1026,1162,1024,-1,1024,1162,1163,-1,1024,1163,1022,-1,1022,1163,1164,-1,1022,1164,1020,-1,983,1165,984,-1,984,1165,1166,-1,984,1166,986,-1,986,1166,1167,-1,986,1167,988,-1,988,1167,1168,-1,988,1168,990,-1,990,1168,1169,-1,990,1169,1155,-1,1050,1170,1052,-1,1052,1170,1171,-1,1052,1171,863,-1,863,1171,1172,-1,863,1172,838,-1,838,1172,1173,-1,838,1173,983,-1,983,1173,1174,-1,983,1174,1165,-1,1175,1042,1040,-1,1032,1176,1034,-1,1034,1176,1177,-1,1034,1177,1036,-1,1036,1177,1178,-1,1036,1178,1038,-1,1038,1178,1179,-1,1038,1179,1040,-1,1040,1179,1180,-1,1040,1180,1175,-1,1164,1181,1020,-1,1020,1181,1182,-1,1020,1182,1018,-1,1018,1182,1183,-1,1018,1183,1016,-1,1016,1183,1184,-1,1016,1184,962,-1,962,1184,1185,-1,962,1185,1032,-1,1032,1185,1186,-1,1032,1186,1176,-1,1175,1187,1042,-1,1042,1187,1188,-1,1042,1188,1044,-1,1044,1188,1189,-1,1044,1189,1046,-1,1046,1189,1190,-1,1046,1190,1048,-1,1048,1190,1191,-1,1048,1191,1050,-1,1050,1191,1192,-1,1050,1192,1170,-1,1153,1151,1149,-1,1058,1102,1146,-1,1146,1102,1153,-1,1146,1153,1147,-1,1147,1153,1149,-1,1188,1187,1128,-1,1128,1187,1127,-1,1187,1175,1127,-1,1127,1175,1180,-1,1127,1180,1126,-1,1126,1180,1179,-1,1126,1179,1125,-1,1125,1179,1178,-1,1125,1178,1124,-1,1124,1178,1177,-1,1124,1177,1123,-1,1123,1177,1176,-1,1123,1176,1122,-1,1122,1176,1186,-1,1122,1186,1121,-1,1121,1186,1185,-1,1121,1185,1120,-1,1120,1185,1184,-1,1120,1184,1119,-1,1119,1184,1183,-1,1119,1183,1118,-1,1118,1183,1182,-1,1118,1182,1117,-1,1117,1182,1181,-1,1117,1181,1116,-1,1116,1181,1164,-1,1116,1164,1115,-1,1115,1164,1163,-1,1115,1163,1114,-1,1114,1163,1162,-1,1114,1162,1113,-1,1113,1162,1161,-1,1113,1161,1112,-1,1112,1161,1160,-1,1112,1160,1154,-1,1154,1160,1159,-1,1154,1159,1152,-1,1152,1159,1158,-1,1152,1158,1150,-1,1150,1158,1157,-1,1150,1157,1148,-1,1148,1157,1156,-1,1148,1156,1145,-1,1145,1156,1155,-1,1145,1155,1144,-1,1144,1155,1169,-1,1144,1169,1143,-1,1143,1169,1168,-1,1143,1168,1142,-1,1142,1168,1167,-1,1142,1167,1141,-1,1141,1167,1166,-1,1141,1166,1140,-1,1140,1166,1165,-1,1140,1165,1139,-1,1139,1165,1174,-1,1139,1174,1138,-1,1138,1174,1173,-1,1138,1173,1137,-1,1137,1173,1172,-1,1137,1172,1136,-1,1136,1172,1171,-1,1136,1171,1135,-1,1135,1171,1170,-1,1135,1170,1134,-1,1134,1170,1192,-1,1134,1192,1133,-1,1133,1192,1191,-1,1133,1191,1132,-1,1132,1191,1190,-1,1132,1190,1131,-1,1131,1190,1189,-1,1131,1189,1130,-1,1130,1189,1188,-1,1130,1188,1129,-1,1129,1188,1128,-1,961,959,1086,-1,1086,959,957,-1,1086,957,1084,-1,1084,957,955,-1,1084,955,953,-1,947,1193,949,-1,949,1193,1084,-1,949,1084,951,-1,951,1084,953,-1,939,941,1194,-1,1194,941,1055,-1,1194,1055,1195,-1,1195,1055,1054,-1,1195,1054,866,-1,933,935,1194,-1,1194,935,937,-1,1194,937,939,-1,1193,947,946,-1,946,927,1193,-1,1193,927,929,-1,1193,929,1194,-1,1194,929,931,-1,1194,931,933,-1,982,981,1196,-1,977,1197,870,-1,870,1197,1198,-1,870,1198,868,-1,868,1198,867,-1,977,975,1197,-1,1197,975,973,-1,1197,973,971,-1,971,969,1197,-1,1197,969,967,-1,1197,967,1196,-1,1196,967,965,-1,1196,965,982,-1,1012,963,1082,-1,1196,981,980,-1,1196,980,1080,-1,1080,980,1002,-1,1080,1002,1004,-1,1004,1006,1080,-1,1080,1006,1008,-1,1080,1008,1082,-1,1082,1008,1010,-1,1082,1010,1012,-1,1086,1082,961,-1,961,1082,963,-1,1198,1195,867,-1,867,1195,866,-1,1194,1195,1197,-1,1197,1195,1198,-1,926,925,1072,-1,1072,925,922,-1,1072,922,1073,-1,1073,922,920,-1,1073,920,918,-1,913,1199,915,-1,915,1199,1073,-1,915,1073,916,-1,916,1073,918,-1,896,894,1200,-1,1200,894,893,-1,1200,893,1201,-1,1201,893,891,-1,1201,891,872,-1,903,900,1200,-1,1200,900,898,-1,1200,898,896,-1,1199,913,911,-1,911,909,1199,-1,1199,909,907,-1,1199,907,1200,-1,1200,907,905,-1,1200,905,903,-1,945,944,1202,-1,940,1203,942,-1,942,1203,1204,-1,942,1204,1053,-1,1053,1204,871,-1,940,938,1203,-1,1203,938,936,-1,1203,936,934,-1,934,932,1203,-1,1203,932,930,-1,1203,930,1202,-1,1202,930,928,-1,1202,928,945,-1,958,960,1087,-1,1202,944,943,-1,1202,943,1085,-1,1085,943,948,-1,1085,948,950,-1,950,952,1085,-1,1085,952,954,-1,1085,954,1087,-1,1087,954,956,-1,1087,956,958,-1,1072,1087,926,-1,926,1087,960,-1,1204,1201,871,-1,871,1201,872,-1,1200,1201,1203,-1,1203,1201,1204,-1,886,888,211,-1,1205,845,874,-1,1205,874,209,-1,209,874,876,-1,209,876,878,-1,878,880,209,-1,209,880,882,-1,209,882,211,-1,211,882,884,-1,211,884,886,-1,889,890,16,-1,16,890,892,-1,16,892,17,-1,17,892,895,-1,17,895,897,-1,902,1206,901,-1,901,1206,17,-1,901,17,899,-1,899,17,897,-1,919,921,1207,-1,1207,921,923,-1,1207,923,1208,-1,1208,923,924,-1,1208,924,841,-1,912,914,1207,-1,1207,914,917,-1,1207,917,919,-1,1206,902,904,-1,904,906,1206,-1,1206,906,908,-1,1206,908,1207,-1,1207,908,910,-1,1207,910,912,-1,846,845,1205,-1,860,1209,844,-1,844,1209,1210,-1,844,1210,842,-1,842,1210,840,-1,860,858,1209,-1,1209,858,856,-1,1209,856,854,-1,854,852,1209,-1,1209,852,850,-1,1209,850,1205,-1,1205,850,848,-1,1205,848,846,-1,1210,1208,840,-1,840,1208,841,-1,16,211,889,-1,889,211,888,-1,1207,1208,1209,-1,1209,1208,1210,-1,1014,1013,1081,-1,1081,1013,1011,-1,1081,1011,1079,-1,1079,1011,1009,-1,1079,1009,1007,-1,1001,1211,1003,-1,1003,1211,1079,-1,1003,1079,1005,-1,1005,1079,1007,-1,976,978,1212,-1,1212,978,979,-1,1212,979,1213,-1,1213,979,869,-1,1213,869,865,-1,970,972,1212,-1,1212,972,974,-1,1212,974,976,-1,1211,1001,1000,-1,1000,964,1211,-1,1211,964,966,-1,1211,966,1212,-1,1212,966,968,-1,1212,968,970,-1,999,1030,1214,-1,985,1215,836,-1,836,1215,1216,-1,836,1216,837,-1,837,1216,864,-1,985,987,1215,-1,1215,987,989,-1,1215,989,991,-1,991,993,1215,-1,1215,993,995,-1,1215,995,1214,-1,1214,995,997,-1,1214,997,999,-1,1017,1015,1078,-1,1214,1030,1029,-1,1214,1029,1083,-1,1083,1029,1027,-1,1083,1027,1025,-1,1025,1023,1083,-1,1083,1023,1021,-1,1083,1021,1078,-1,1078,1021,1019,-1,1078,1019,1017,-1,1081,1078,1014,-1,1014,1078,1015,-1,1216,1213,864,-1,864,1213,865,-1,1212,1213,1215,-1,1215,1213,1216,-1,
        ]
    }
}
Shape{
    appearance Appearance {
        material  Material 	{
            diffuseColor 0.5019607843137255 0.5019607843137255 0.5019607843137255
            specularColor 0.25098039215686274 0.25098039215686274 0.25098039215686274
            ambientIntensity 0.502
            transparency 0.0
            shininess 0.5
        }
    }
    geometry IndexedFaceSet {
        ccw TRUE
        solid FALSE
        coord DEF co Coordinate {
            point [
                -1.9685 1.0531 0.0709, -1.9685 1.2106 0.0709, -1.5354 1.0531 0.0709, -1.5354 1.2106 0.0709, -1.5354 1.0531 0.0, -1.5354 1.2106 0.0, -1.9685 1.0531 0.0, -1.9685 1.2106 0.0, 1.9685 -0.9941 0.0709, 1.9685 -1.1516 0.0709, 1.5354 -0.9941 0.0709, 1.5354 -1.1516 0.0709, 1.9685 -0.9941 0.0, 1.9685 -1.1516 0.0, 1.5354 -0.9941 0.0, 1.5354 -1.1516 0.0, -0.0787 -0.9941 0.0709, -0.0787 -1.0201 0.0709, -0.0984 -1.0201 0.0709, -0.0984 -1.1516 0.0709, -0.5118 -1.1516 0.0709, -0.5118 -0.9941 0.0709, -0.5118 -0.9941 0.0, -0.5118 -1.1516 0.0, -0.0787 -1.0201 0.0, -0.0787 -0.9941 0.0, -0.4638 -0.9941 0.0, 1.063 -0.9941 0.0709, 1.063 -1.1516 0.0709, 0.6299 -0.9941 0.0709, 0.6299 -1.1516 0.0709, 1.063 -0.9941 0.0, 1.063 -1.1516 0.0, 0.6299 -0.9941 0.0, 0.6299 -1.1516 0.0, 0.8182 -0.9941 0.0, 0.6706 -0.9941 0.0, 0.748 1.0531 0.0709, 0.748 1.2106 0.0709, 1.1811 1.0531 0.0709, 1.1811 1.2106 0.0709, 1.1811 1.0531 0.0, 1.1811 1.2106 0.0, 0.748 1.0531 0.0, 0.748 1.2106 0.0, 0.8182 1.0531 0.0, -0.0787 1.0531 0.0709, -0.0787 1.2106 0.0709, 0.3543 1.0531 0.0709, 0.3543 1.2106 0.0709, 0.3543 1.0531 0.0, 0.3543 1.2106 0.0, -0.0787 1.0531 0.0, -0.0787 1.2106 0.0, -1.2205 -0.9941 0.0709, -1.2205 -1.1516 0.0709, -1.6535 -0.9941 0.0709, -1.6535 -1.1516 0.0709, -1.2205 -0.9941 0.0, -1.2205 -1.1516 0.0, -1.6535 -0.9941 0.0, -1.6535 -1.1516 0.0, -0.7874 1.0531 0.0709, -1.2205 1.0531 0.0709, -0.7874 1.2106 0.0709, -1.2205 1.2106 0.0709, -1.2205 1.0531 0.0, -1.2205 1.2106 0.0, -0.7874 1.0531 0.0, -0.7874 1.2106 0.0
            ]
        }
        coordIndex [
            0,1,2,-1,2,1,3,-1,2,3,4,-1,4,3,5,-1,6,7,0,-1,0,7,1,-1,0,2,6,-1,6,2,4,-1,8,9,10,-1,10,9,11,-1,12,13,8,-1,8,13,9,-1,10,11,14,-1,14,11,15,-1,8,10,12,-1,12,10,14,-1,16,17,18,-1,19,20,18,-1,18,20,21,-1,18,21,16,-1,21,20,22,-1,22,20,23,-1,17,16,24,-1,24,16,25,-1,25,16,26,-1,26,16,21,-1,26,21,22,-1,27,28,29,-1,29,28,30,-1,31,32,27,-1,27,32,28,-1,29,30,33,-1,33,30,34,-1,31,27,35,-1,35,27,29,-1,35,29,36,-1,36,29,33,-1,37,38,39,-1,39,38,40,-1,39,40,41,-1,41,40,42,-1,43,44,37,-1,37,44,38,-1,39,41,37,-1,37,41,45,-1,37,45,43,-1,46,47,48,-1,48,47,49,-1,48,49,50,-1,50,49,51,-1,52,53,46,-1,46,53,47,-1,46,48,52,-1,52,48,50,-1,54,55,56,-1,56,55,57,-1,58,59,54,-1,54,59,55,-1,56,57,60,-1,60,57,61,-1,54,56,58,-1,58,56,60,-1,62,63,64,-1,64,63,65,-1,66,67,63,-1,63,67,65,-1,62,64,68,-1,68,64,69,-1,63,62,66,-1,66,62,68,-1,
        ]
    }
}
Shape{
    appearance Appearance {
        material  Material 	{
            diffuseColor 0.25098039215686274 0.25098039215686274 0.25098039215686274
            specularColor 0.12549019607843137 0.12549019607843137 0.12549019607843137
            ambientIntensity 0.251
            transparency 0.0
            shininess 0.5
        }
    }
    geometry IndexedFaceSet {
        ccw TRUE
        solid FALSE
        coord DEF co Coordinate {
            point [
                0.3346 -1.1516 1.0, 0.3346 -1.0201 1.0, 0.3346 -1.1516 0.0, 0.3346 -1.0201 0.0, -0.0787 -1.0201 0.0, -0.0787 -1.0201 0.0709, -0.0984 -1.0201 0.0709, -0.0984 -1.0201 1.0, -0.0984 -1.1516 1.0, -0.0984 -1.1516 0.0709, -0.7677 -1.1516 1.0, -0.7677 -1.0201 1.0, -0.7677 -1.1516 0.0, -0.7677 -1.0201 0.0, -1.2008 -1.0201 1.0, -1.2008 -1.0201 0.0, -1.2008 -1.1516 1.0, -1.2008 -1.1516 0.0, -1.8701 -1.1516 1.0, -1.8701 -1.0201 1.0, -1.8701 -1.1516 0.0, -1.8701 -1.0201 0.0, -2.1457 -1.0201 0.0, -2.3031 -1.0201 1.0, -2.3031 -1.0201 0.0, -2.3031 -1.1516 1.0, -2.3031 -1.1516 0.0
            ]
        }
        coordIndex [
            0,1,2,-1,2,1,3,-1,4,3,5,-1,5,3,1,-1,5,1,6,-1,6,1,7,-1,7,8,6,-1,6,8,9,-1,8,7,0,-1,0,7,1,-1,10,11,12,-1,12,11,13,-1,11,14,13,-1,13,14,15,-1,14,16,15,-1,15,16,17,-1,16,14,10,-1,10,14,11,-1,18,19,20,-1,20,19,21,-1,21,19,22,-1,22,19,23,-1,22,23,24,-1,23,25,24,-1,24,25,26,-1,23,19,25,-1,25,19,18,-1,
        ]
    }
}
Shape{
    appearance Appearance {
        material  Material 	{
            diffuseColor 0.0 0.0 0.0
            specularColor 0.0 0.0 0.0
            ambientIntensity 0.0
            transparency 0.0
            shininess 0.5
        }
    }
    geometry IndexedFaceSet {
        ccw TRUE
        solid FALSE
        coord DEF co Coordinate {
            point [
                0.6694 0.417 0.0004, 0.4725 0.4939 0.0004, 0.6694 0.417 0.0, 0.4725 0.4939 0.0, 0.4725 0.465 0.0004, 0.4725 0.465 0.0, 0.5277 0.4451 0.0004, 0.5277 0.4451 0.0, 0.5277 0.3638 0.0004, 0.5277 0.3638 0.0, 0.4725 0.345 0.0004, 0.4725 0.345 0.0, 0.4725 0.3162 0.0004, 0.4725 0.3162 0.0, 0.6694 0.3906 0.0004, 0.6694 0.3906 0.0, 0.5493 0.3704 0.0004, 0.6316 0.3998 0.0004, 0.6384 0.4017 0.0004, 0.6454 0.403 0.0004, 0.6454 0.4036 0.0004, 0.6384 0.4049 0.0004, 0.5493 0.4363 0.0004, 0.6316 0.4066 0.0004, 0.5493 0.3704 0.0, 0.5493 0.4363 0.0, 0.6316 0.3998 0.0, 0.6384 0.4017 0.0, 0.6454 0.403 0.0, 0.6454 0.4036 0.0, 0.6384 0.4049 0.0, 0.6316 0.4066 0.0, 0.4725 0.1969 0.0004, 0.4725 0.1434 0.0004, 0.4725 0.1969 0.0, 0.4725 0.1434 0.0, 0.6694 0.1434 0.0004, 0.6694 0.1434 0.0, 0.6694 0.1989 0.0004, 0.6694 0.1989 0.0, 0.5734 0.3018 0.0004, 0.5734 0.3018 0.0, 0.592 0.3004 0.0, 0.592 0.3004 0.0004, 0.6113 0.2951 0.0, 0.6113 0.2951 0.0004, 0.6283 0.2859 0.0, 0.6283 0.2859 0.0004, 0.6437 0.272 0.0, 0.6437 0.272 0.0004, 0.6439 0.2718 0.0, 0.6439 0.2718 0.0004, 0.6491 0.2641 0.0, 0.6583 0.2504 0.0004, 0.6583 0.2504 0.0, 0.6663 0.2274 0.0, 0.6663 0.2274 0.0004, 0.4814 0.2439 0.0, 0.4747 0.2212 0.0004, 0.4747 0.2212 0.0, 0.4931 0.2641 0.0, 0.4934 0.2645 0.0004, 0.4814 0.2439 0.0004, 0.4934 0.2645 0.0, 0.5089 0.2807 0.0, 0.5089 0.2807 0.0004, 0.5265 0.292 0.0, 0.5265 0.292 0.0004, 0.5471 0.299 0.0, 0.5471 0.299 0.0004, 0.6202 0.2623 0.0004, 0.6303 0.2527 0.0004, 0.6396 0.2384 0.0004, 0.6453 0.2221 0.0004, 0.6478 0.1988 0.0004, 0.6478 0.1698 0.0004, 0.4941 0.1698 0.0004, 0.4941 0.1977 0.0004, 0.4961 0.2185 0.0004, 0.5012 0.2351 0.0004, 0.5092 0.2485 0.0004, 0.5201 0.2595 0.0004, 0.5337 0.2678 0.0004, 0.5522 0.2736 0.0004, 0.5729 0.2754 0.0004, 0.5925 0.2737 0.0004, 0.608 0.2691 0.0004, 0.6478 0.1988 0.0, 0.6478 0.1698 0.0, 0.6453 0.2221 0.0, 0.6396 0.2384 0.0, 0.6303 0.2527 0.0, 0.6202 0.2623 0.0, 0.608 0.2691 0.0, 0.5925 0.2737 0.0, 0.5729 0.2754 0.0, 0.5522 0.2736 0.0, 0.5337 0.2678 0.0, 0.5201 0.2595 0.0, 0.5092 0.2485 0.0, 0.5012 0.2351 0.0, 0.4961 0.2185 0.0, 0.4941 0.1977 0.0, 0.4941 0.1698 0.0, 0.4941 0.105 0.0004, 0.4725 0.105 0.0004, 0.4941 0.105 0.0, 0.4725 0.105 0.0, 0.4725 -0.0007 0.0004, 0.4725 -0.0007 0.0, 0.6694 -0.0007 0.0004, 0.6694 -0.0007 0.0, 0.6694 0.1002 0.0004, 0.6694 0.1002 0.0, 0.6478 0.1002 0.0004, 0.6478 0.1002 0.0, 0.6478 0.0257 0.0004, 0.6478 0.0257 0.0, 0.583 0.0257 0.0004, 0.583 0.0257 0.0, 0.583 0.0954 0.0004, 0.583 0.0954 0.0, 0.5614 0.0954 0.0004, 0.5614 0.0954 0.0, 0.5614 0.0257 0.0004, 0.5614 0.0257 0.0, 0.4941 0.0257 0.0004, 0.4941 0.0257 0.0, 0.5043 -0.0391 0.0004, 0.4827 -0.0391 0.0004, 0.5043 -0.0391 0.0, 0.4827 -0.0391 0.0, 0.4741 -0.0601 0.0004, 0.4701 -0.0932 0.0004, 0.4701 -0.0932 0.0, 0.4702 -0.0879 0.0, 0.4702 -0.0879 0.0004, 0.4713 -0.08 0.0, 0.4741 -0.0601 0.0, 0.5672 -0.1855 0.0004, 0.5672 -0.1855 0.0, 0.5444 -0.1836 0.0, 0.5444 -0.1836 0.0004, 0.5236 -0.1777 0.0, 0.5236 -0.1777 0.0004, 0.5213 -0.1764 0.0, 0.5049 -0.1672 0.0004, 0.5049 -0.1672 0.0, 0.4893 -0.1524 0.0, 0.4893 -0.1524 0.0004, 0.4792 -0.1366 0.0, 0.4792 -0.1366 0.0004, 0.4726 -0.1175 0.0, 0.4726 -0.1175 0.0004, 0.4713 -0.1048 0.0, 0.5952 -0.1827 0.0004, 0.6702 -0.1052 0.0004, 0.6718 -0.0854 0.0004, 0.6706 -0.1001 0.0, 0.6718 -0.0854 0.0, 0.6702 -0.1052 0.0, 0.6638 -0.1271 0.0, 0.6638 -0.1271 0.0004, 0.653 -0.1458 0.0, 0.653 -0.1458 0.0004, 0.6359 -0.1636 0.0, 0.6359 -0.1636 0.0004, 0.6175 -0.1751 0.0, 0.6175 -0.1751 0.0004, 0.6137 -0.1764 0.0, 0.5952 -0.1827 0.0, 0.6706 -0.068 0.0, 0.6702 -0.0618 0.0004, 0.6702 -0.0618 0.0, 0.664 -0.0391 0.0004, 0.664 -0.0391 0.0, 0.6376 -0.0391 0.0004, 0.6376 -0.0391 0.0, 0.6502 -0.0852 0.0004, 0.6502 -0.0852 0.0, 0.6471 -0.0613 0.0, 0.6471 -0.0613 0.0004, 0.5689 -0.1591 0.0004, 0.5689 -0.1591 0.0, 0.5842 -0.1582 0.0, 0.5842 -0.1582 0.0004, 0.6052 -0.1529 0.0, 0.6052 -0.1529 0.0004, 0.6204 -0.1448 0.0, 0.6204 -0.1448 0.0004, 0.6336 -0.1329 0.0, 0.6336 -0.1329 0.0004, 0.6427 -0.1193 0.0, 0.6427 -0.1193 0.0004, 0.648 -0.1046 0.0, 0.648 -0.1046 0.0004, 0.4917 -0.0896 0.0004, 0.4917 -0.0896 0.0, 0.4938 -0.108 0.0, 0.4938 -0.108 0.0004, 0.4991 -0.1223 0.0, 0.4991 -0.1223 0.0004, 0.5072 -0.1344 0.0, 0.5072 -0.1344 0.0004, 0.517 -0.1436 0.0, 0.517 -0.1436 0.0004, 0.5306 -0.1518 0.0, 0.5306 -0.1518 0.0004, 0.5475 -0.1571 0.0, 0.5475 -0.1571 0.0004, 0.5024 -0.0426 0.0, 0.5024 -0.0426 0.0004, 0.4946 -0.0635 0.0, 0.4946 -0.0635 0.0004, 0.4941 -0.2023 0.0004, 0.4725 -0.2023 0.0004, 0.4941 -0.2023 0.0, 0.4725 -0.2023 0.0, 0.4725 -0.3031 0.0004, 0.4725 -0.3031 0.0, 0.6694 -0.3031 0.0004, 0.6694 -0.3031 0.0, 0.6694 -0.2767 0.0004, 0.6694 -0.2767 0.0, 0.4941 -0.2767 0.0004, 0.4941 -0.2767 0.0
            ]
        }
        coordIndex [
            0,1,2,-1,2,1,3,-1,1,4,3,-1,3,4,5,-1,4,6,5,-1,5,6,7,-1,6,8,7,-1,7,8,9,-1,8,10,9,-1,9,10,11,-1,10,12,11,-1,11,12,13,-1,12,14,13,-1,13,14,15,-1,14,0,15,-1,15,0,2,-1,16,17,14,-1,12,10,8,-1,17,18,14,-1,14,18,19,-1,14,19,0,-1,0,19,20,-1,0,20,21,-1,14,12,16,-1,16,12,8,-1,16,8,22,-1,22,8,6,-1,21,23,0,-1,0,23,22,-1,0,22,1,-1,1,22,6,-1,1,6,4,-1,16,22,24,-1,24,22,25,-1,17,16,26,-1,26,16,24,-1,17,26,27,-1,17,27,18,-1,18,27,28,-1,18,28,19,-1,20,19,29,-1,29,19,28,-1,20,29,30,-1,20,30,21,-1,21,30,31,-1,21,31,23,-1,22,23,25,-1,25,23,31,-1,32,33,34,-1,34,33,35,-1,33,36,35,-1,35,36,37,-1,36,38,37,-1,37,38,39,-1,40,41,42,-1,40,42,43,-1,43,42,44,-1,43,44,45,-1,45,44,46,-1,45,46,47,-1,47,46,48,-1,47,48,49,-1,49,48,50,-1,49,50,51,-1,51,50,52,-1,51,52,53,-1,52,54,53,-1,53,54,55,-1,53,55,56,-1,56,55,39,-1,56,39,38,-1,57,58,59,-1,59,58,32,-1,59,32,34,-1,60,61,57,-1,57,61,62,-1,57,62,58,-1,60,63,61,-1,61,63,64,-1,61,64,65,-1,65,64,66,-1,65,66,67,-1,67,66,68,-1,67,68,69,-1,69,68,41,-1,69,41,40,-1,45,47,70,-1,70,47,49,-1,70,49,71,-1,71,49,51,-1,71,51,72,-1,72,51,53,-1,72,53,73,-1,73,53,56,-1,73,56,74,-1,74,56,38,-1,74,38,75,-1,75,38,36,-1,75,36,76,-1,76,36,33,-1,76,33,77,-1,77,33,32,-1,77,32,78,-1,78,32,58,-1,78,58,79,-1,79,58,62,-1,79,62,80,-1,80,62,61,-1,80,61,81,-1,81,61,65,-1,81,65,82,-1,82,65,67,-1,82,67,83,-1,83,67,69,-1,83,69,84,-1,84,69,40,-1,84,40,85,-1,85,40,43,-1,85,43,86,-1,86,43,45,-1,86,45,70,-1,74,75,87,-1,87,75,88,-1,74,87,89,-1,74,89,73,-1,73,89,90,-1,73,90,72,-1,72,90,91,-1,72,91,71,-1,71,91,92,-1,71,92,70,-1,70,92,93,-1,70,93,86,-1,86,93,94,-1,86,94,85,-1,85,94,95,-1,85,95,84,-1,84,95,96,-1,84,96,83,-1,83,96,97,-1,83,97,82,-1,82,97,98,-1,82,98,81,-1,81,98,99,-1,81,99,80,-1,80,99,100,-1,80,100,79,-1,79,100,101,-1,79,101,78,-1,78,101,102,-1,78,102,77,-1,76,77,103,-1,103,77,102,-1,75,76,88,-1,88,76,103,-1,104,105,106,-1,106,105,107,-1,105,108,107,-1,107,108,109,-1,108,110,109,-1,109,110,111,-1,110,112,111,-1,111,112,113,-1,112,114,113,-1,113,114,115,-1,114,116,115,-1,115,116,117,-1,116,118,117,-1,117,118,119,-1,118,120,119,-1,119,120,121,-1,120,122,121,-1,121,122,123,-1,122,124,123,-1,123,124,125,-1,124,126,125,-1,125,126,127,-1,126,104,127,-1,127,104,106,-1,114,112,116,-1,116,112,110,-1,116,110,118,-1,105,104,108,-1,108,104,126,-1,108,126,124,-1,122,120,124,-1,124,120,118,-1,124,118,108,-1,108,118,110,-1,128,129,130,-1,130,129,131,-1,131,129,132,-1,133,134,135,-1,133,135,136,-1,136,135,137,-1,136,137,132,-1,132,137,138,-1,132,138,131,-1,139,140,141,-1,139,141,142,-1,142,141,143,-1,142,143,144,-1,144,143,145,-1,144,145,146,-1,145,147,146,-1,146,147,148,-1,146,148,149,-1,149,148,150,-1,149,150,151,-1,151,150,152,-1,151,152,153,-1,153,152,154,-1,153,154,133,-1,133,154,134,-1,140,139,155,-1,156,157,158,-1,158,157,159,-1,158,160,156,-1,156,160,161,-1,156,161,162,-1,162,161,163,-1,162,163,164,-1,164,163,165,-1,164,165,166,-1,166,165,167,-1,166,167,168,-1,168,167,169,-1,168,169,155,-1,155,169,170,-1,155,170,140,-1,159,157,171,-1,171,157,172,-1,171,172,173,-1,173,172,174,-1,173,174,175,-1,174,176,175,-1,175,176,177,-1,178,179,180,-1,178,180,181,-1,181,180,177,-1,181,177,176,-1,182,183,184,-1,182,184,185,-1,185,184,186,-1,185,186,187,-1,187,186,188,-1,187,188,189,-1,189,188,190,-1,189,190,191,-1,191,190,192,-1,191,192,193,-1,193,192,194,-1,193,194,195,-1,195,194,179,-1,195,179,178,-1,196,197,198,-1,196,198,199,-1,199,198,200,-1,199,200,201,-1,201,200,202,-1,201,202,203,-1,203,202,204,-1,203,204,205,-1,205,204,206,-1,205,206,207,-1,207,206,208,-1,207,208,209,-1,209,208,183,-1,209,183,182,-1,128,130,210,-1,128,210,211,-1,211,210,212,-1,211,212,213,-1,213,212,197,-1,213,197,196,-1,199,133,196,-1,196,133,136,-1,196,136,213,-1,213,136,132,-1,213,132,211,-1,211,132,129,-1,211,129,128,-1,176,174,181,-1,181,174,172,-1,181,172,178,-1,178,172,157,-1,178,157,195,-1,195,157,156,-1,195,156,193,-1,193,156,162,-1,193,162,191,-1,191,162,164,-1,191,164,189,-1,189,164,166,-1,189,166,187,-1,187,166,168,-1,187,168,185,-1,185,168,155,-1,185,155,182,-1,182,155,139,-1,182,139,209,-1,209,139,142,-1,209,142,207,-1,207,142,144,-1,207,144,205,-1,205,144,146,-1,205,146,203,-1,203,146,149,-1,203,149,201,-1,201,149,151,-1,201,151,199,-1,199,151,153,-1,199,153,133,-1,214,215,216,-1,216,215,217,-1,215,218,217,-1,217,218,219,-1,218,220,219,-1,219,220,221,-1,220,222,221,-1,221,222,223,-1,222,224,223,-1,223,224,225,-1,224,214,225,-1,225,214,216,-1,222,220,224,-1,224,220,218,-1,224,218,214,-1,214,218,215,-1,
        ]
    }
}
Shape{
    appearance Appearance {
        material  Material 	{
            diffuseColor 0.25098039215686274 0.25098039215686274 0.25098039215686274
            specularColor 0.12549019607843137 0.12549019607843137 0.12549019607843137
            ambientIntensity 0.251
            transparency 0.0
            shininess 0.5
        }
    }
    geometry IndexedFaceSet {
        ccw TRUE
        solid FALSE
        coord DEF co Coordinate {
            point [
                0.5493 0.3704 0.0, 0.5493 0.4363 0.0, 0.6316 0.3998 0.0, 0.6316 0.4066 0.0, 0.6384 0.4017 0.0, 0.6384 0.4049 0.0, 0.6454 0.403 0.0, 0.6454 0.4036 0.0, 0.6478 0.1698 0.0, 0.4941 0.1698 0.0, 0.6478 0.1988 0.0, 0.4941 0.1977 0.0, 0.4961 0.2185 0.0, 0.5729 0.2754 0.0, 0.5925 0.2737 0.0, 0.608 0.2691 0.0, 0.6453 0.2221 0.0, 0.5012 0.2351 0.0, 0.5092 0.2485 0.0, 0.5201 0.2595 0.0, 0.5337 0.2678 0.0, 0.5522 0.2736 0.0, 0.6202 0.2623 0.0, 0.6303 0.2527 0.0, 0.6396 0.2384 0.0, 0.9646 0.0295 -0.1772, 0.9713 0.0805 0.0, 0.9713 0.0805 -0.1772, 0.9894 0.1242 0.0, 0.9909 0.128 -0.1772, 0.9909 0.128 0.0, 1.0222 0.1687 0.0, 1.0222 0.1687 -0.1772, 1.063 0.2 0.0, 1.063 0.2 -0.1772, 1.1105 0.2197 0.0, 1.1105 0.2197 -0.1772, 1.1614 0.2264 0.0, 1.1614 0.2264 -0.1772, 1.2124 0.2197 0.0, 1.2124 0.2197 -0.1772, 1.2598 0.2 0.0, 1.2598 0.2 -0.1772, 1.3006 0.1687 0.0, 1.3006 0.1687 -0.1772, 1.3319 0.128 0.0, 1.3319 0.128 -0.1772, 1.3335 0.1242 0.0, 1.3516 0.0805 -0.1772, 1.3516 0.0805 0.0, 1.3583 0.0295 0.0, 1.3583 0.0295 -0.1772, 1.3518 -0.0199 0.0, 1.3516 -0.0214 -0.1772, 1.3516 -0.0214 0.0, 1.3319 -0.0689 0.0, 1.3319 -0.0689 -0.1772, 1.3006 -0.1097 0.0, 1.3006 -0.1097 -0.1772, 1.2598 -0.141 0.0, 1.2598 -0.141 -0.1772, 1.2124 -0.1606 0.0, 1.2124 -0.1606 -0.1772, 1.1614 -0.1673 0.0, 1.1614 -0.1673 -0.1772, 1.1105 -0.1606 0.0, 1.1105 -0.1606 -0.1772, 1.063 -0.141 0.0, 1.063 -0.141 -0.1772, 1.0222 -0.1097 0.0, 1.0222 -0.1097 -0.1772, 0.9909 -0.0689 0.0, 0.9909 -0.0689 -0.1772, 0.9713 -0.0214 0.0, 0.9713 -0.0214 -0.1772, 0.9711 -0.0199 0.0, 0.9646 0.0295 0.0, 1.0728 0.183 -0.1968, 1.1156 0.2007 -0.1968, 1.1614 0.0295 -0.1968, 1.1614 0.2067 -0.1968, 1.2073 0.2007 -0.1968, 0.9903 0.0754 -0.1968, 1.008 0.1181 -0.1968, 1.0361 0.1548 -0.1968, 1.008 -0.0591 -0.1968, 0.9903 -0.0163 -0.1968, 0.9843 0.0295 -0.1968, 1.1156 -0.1416 -0.1968, 1.0728 -0.1239 -0.1968, 1.0361 -0.0957 -0.1968, 1.25 -0.1239 -0.1968, 1.2073 -0.1416 -0.1968, 1.1614 -0.1476 -0.1968, 1.3325 -0.0163 -0.1968, 1.3148 -0.0591 -0.1968, 1.2867 -0.0957 -0.1968, 1.3148 0.1181 -0.1968, 1.3325 0.0754 -0.1968, 1.3386 0.0295 -0.1968, 1.25 0.183 -0.1968, 1.2867 0.1548 -0.1968, -1.7913 0.0295 -0.1772, -1.7846 0.0805 0.0, -1.7846 0.0805 -0.1772, -1.7665 0.1242 0.0, -1.765 0.128 -0.1772, -1.765 0.128 0.0, -1.7337 0.1687 0.0, -1.7337 0.1687 -0.1772, -1.6929 0.2 0.0, -1.6929 0.2 -0.1772, -1.6454 0.2197 0.0, -1.6454 0.2197 -0.1772, -1.5945 0.2264 0.0, -1.5945 0.2264 -0.1772, -1.5435 0.2197 0.0, -1.5435 0.2197 -0.1772, -1.4961 0.2 0.0, -1.4961 0.2 -0.1772, -1.4553 0.1687 0.0, -1.4553 0.1687 -0.1772, -1.424 0.128 0.0, -1.424 0.128 -0.1772, -1.4224 0.1242 0.0, -1.4043 0.0805 -0.1772, -1.4043 0.0805 0.0, -1.3976 0.0295 0.0, -1.3976 0.0295 -0.1772, -1.4041 -0.0199 0.0, -1.4043 -0.0214 -0.1772, -1.4043 -0.0214 0.0, -1.424 -0.0689 0.0, -1.424 -0.0689 -0.1772, -1.4553 -0.1097 0.0, -1.4553 -0.1097 -0.1772, -1.4961 -0.141 0.0, -1.4961 -0.141 -0.1772, -1.5435 -0.1606 0.0, -1.5435 -0.1606 -0.1772, -1.5945 -0.1673 0.0, -1.5945 -0.1673 -0.1772, -1.6454 -0.1606 0.0, -1.6454 -0.1606 -0.1772, -1.6929 -0.141 0.0, -1.6929 -0.141 -0.1772, -1.7337 -0.1097 0.0, -1.7337 -0.1097 -0.1772, -1.765 -0.0689 0.0, -1.765 -0.0689 -0.1772, -1.7846 -0.0214 0.0, -1.7846 -0.0214 -0.1772, -1.7848 -0.0199 0.0, -1.7913 0.0295 0.0, -1.6831 0.183 -0.1968, -1.6403 0.2007 -0.1968, -1.5945 0.0295 -0.1968, -1.5945 0.2067 -0.1968, -1.5486 0.2007 -0.1968, -1.7656 0.0754 -0.1968, -1.7479 0.1181 -0.1968, -1.7198 0.1548 -0.1968, -1.7479 -0.0591 -0.1968, -1.7656 -0.0163 -0.1968, -1.7717 0.0295 -0.1968, -1.6403 -0.1416 -0.1968, -1.6831 -0.1239 -0.1968, -1.7198 -0.0957 -0.1968, -1.5059 -0.1239 -0.1968, -1.5486 -0.1416 -0.1968, -1.5945 -0.1476 -0.1968, -1.4234 -0.0163 -0.1968, -1.4411 -0.0591 -0.1968, -1.4692 -0.0957 -0.1968, -1.4411 0.1181 -0.1968, -1.4234 0.0754 -0.1968, -1.4173 0.0295 -0.1968, -1.5059 0.183 -0.1968, -1.4692 0.1548 -0.1968, -1.5473 0.2056 -0.1962, -1.5034 0.1874 -0.1962, -1.4656 0.1584 -0.1962, -1.4366 0.1207 -0.1962, -1.4184 0.0767 -0.1962, -1.4122 0.0295 -0.1962, -1.4184 -0.0176 -0.1962, -1.4366 -0.0616 -0.1962, -1.4656 -0.0994 -0.1962, -1.5034 -0.1283 -0.1962, -1.5473 -0.1465 -0.1962, -1.5945 -0.1527 -0.1962, -1.6417 -0.1465 -0.1962, -1.6856 -0.1283 -0.1962, -1.7234 -0.0994 -0.1962, -1.7523 -0.0616 -0.1962, -1.7705 -0.0176 -0.1962, -1.7767 0.0295 -0.1962, -1.7705 0.0767 -0.1962, -1.7523 0.1207 -0.1962, -1.7234 0.1584 -0.1962, -1.6856 0.1874 -0.1962, -1.6417 0.2056 -0.1962, -1.5945 0.2118 -0.1962, -1.5461 0.2102 -0.1942, -1.501 0.1915 -0.1942, -1.4623 0.1618 -0.1942, -1.4325 0.123 -0.1942, -1.4139 0.0779 -0.1942, -1.4075 0.0295 -0.1942, -1.4139 -0.0189 -0.1942, -1.4325 -0.064 -0.1942, -1.4623 -0.1027 -0.1942, -1.501 -0.1324 -0.1942, -1.5461 -0.1511 -0.1942, -1.5945 -0.1575 -0.1942, -1.6429 -0.1511 -0.1942, -1.688 -0.1324 -0.1942, -1.7267 -0.1027 -0.1942, -1.7564 -0.064 -0.1942, -1.7751 -0.0189 -0.1942, -1.7815 0.0295 -0.1942, -1.7751 0.0779 -0.1942, -1.7564 0.123 -0.1942, -1.7267 0.1618 -0.1942, -1.688 0.1915 -0.1942, -1.6429 0.2102 -0.1942, -1.5945 0.2165 -0.1942, -1.545 0.2141 -0.1911, -1.4989 0.195 -0.1911, -1.4594 0.1646 -0.1911, -1.429 0.1251 -0.1911, -1.4099 0.079 -0.1911, -1.4034 0.0295 -0.1911, -1.4099 -0.0199 -0.1911, -1.429 -0.066 -0.1911, -1.4594 -0.1056 -0.1911, -1.4989 -0.136 -0.1911, -1.545 -0.155 -0.1911, -1.5945 -0.1616 -0.1911, -1.6439 -0.155 -0.1911, -1.69 -0.136 -0.1911, -1.7296 -0.1056 -0.1911, -1.76 -0.066 -0.1911, -1.7791 -0.0199 -0.1911, -1.7856 0.0295 -0.1911, -1.7791 0.079 -0.1911, -1.76 0.1251 -0.1911, -1.7296 0.1646 -0.1911, -1.69 0.195 -0.1911, -1.6439 0.2141 -0.1911, -1.5945 0.2206 -0.1911, -1.5442 0.2171 -0.187, -1.4974 0.1977 -0.187, -1.4572 0.1669 -0.187, -1.4263 0.1266 -0.187, -1.4069 0.0798 -0.187, -1.4003 0.0295 -0.187, -1.4069 -0.0207 -0.187, -1.4263 -0.0676 -0.187, -1.4572 -0.1078 -0.187, -1.4974 -0.1387 -0.187, -1.5442 -0.1581 -0.187, -1.5945 -0.1647 -0.187, -1.6448 -0.1581 -0.187, -1.6916 -0.1387 -0.187, -1.7318 -0.1078 -0.187, -1.7627 -0.0676 -0.187, -1.7821 -0.0207 -0.187, -1.7887 0.0295 -0.187, -1.7821 0.0798 -0.187, -1.7627 0.1266 -0.187, -1.7318 0.1669 -0.187, -1.6916 0.1977 -0.187, -1.6448 0.2171 -0.187, -1.5945 0.2237 -0.187, -1.5437 0.219 -0.1823, -1.4964 0.1994 -0.1823, -1.4558 0.1682 -0.1823, -1.4246 0.1276 -0.1823, -1.405 0.0803 -0.1823, -1.3983 0.0295 -0.1823, -1.405 -0.0212 -0.1823, -1.4246 -0.0686 -0.1823, -1.4558 -0.1092 -0.1823, -1.4964 -0.1404 -0.1823, -1.5437 -0.16 -0.1823, -1.5945 -0.1667 -0.1823, -1.6453 -0.16 -0.1823, -1.6926 -0.1404 -0.1823, -1.7332 -0.1092 -0.1823, -1.7644 -0.0686 -0.1823, -1.784 -0.0212 -0.1823, -1.7907 0.0295 -0.1823, -1.784 0.0803 -0.1823, -1.7644 0.1276 -0.1823, -1.7332 0.1682 -0.1823, -1.6926 0.1994 -0.1823, -1.6453 0.219 -0.1823, -1.5945 0.2257 -0.1823, 1.2086 0.2056 -0.1962, 1.2525 0.1874 -0.1962, 1.2903 0.1584 -0.1962, 1.3193 0.1207 -0.1962, 1.3375 0.0767 -0.1962, 1.3437 0.0295 -0.1962, 1.3375 -0.0176 -0.1962, 1.3193 -0.0616 -0.1962, 1.2903 -0.0994 -0.1962, 1.2525 -0.1283 -0.1962, 1.2086 -0.1465 -0.1962, 1.1614 -0.1527 -0.1962, 1.1142 -0.1465 -0.1962, 1.0703 -0.1283 -0.1962, 1.0325 -0.0994 -0.1962, 1.0036 -0.0616 -0.1962, 0.9854 -0.0176 -0.1962, 0.9792 0.0295 -0.1962, 0.9854 0.0767 -0.1962, 1.0036 0.1207 -0.1962, 1.0325 0.1584 -0.1962, 1.0703 0.1874 -0.1962, 1.1142 0.2056 -0.1962, 1.1614 0.2118 -0.1962, 1.2098 0.2102 -0.1942, 1.2549 0.1915 -0.1942, 1.2937 0.1618 -0.1942, 1.3234 0.123 -0.1942, 1.3421 0.0779 -0.1942, 1.3484 0.0295 -0.1942, 1.3421 -0.0189 -0.1942, 1.3234 -0.064 -0.1942, 1.2937 -0.1027 -0.1942, 1.2549 -0.1324 -0.1942, 1.2098 -0.1511 -0.1942, 1.1614 -0.1575 -0.1942, 1.113 -0.1511 -0.1942, 1.0679 -0.1324 -0.1942, 1.0292 -0.1027 -0.1942, 0.9995 -0.064 -0.1942, 0.9808 -0.0189 -0.1942, 0.9744 0.0295 -0.1942, 0.9808 0.0779 -0.1942, 0.9995 0.123 -0.1942, 1.0292 0.1618 -0.1942, 1.0679 0.1915 -0.1942, 1.113 0.2102 -0.1942, 1.1614 0.2165 -0.1942, 1.2109 0.2141 -0.1911, 1.257 0.195 -0.1911, 1.2965 0.1646 -0.1911, 1.3269 0.1251 -0.1911, 1.346 0.079 -0.1911, 1.3525 0.0295 -0.1911, 1.346 -0.0199 -0.1911, 1.3269 -0.066 -0.1911, 1.2965 -0.1056 -0.1911, 1.257 -0.136 -0.1911, 1.2109 -0.155 -0.1911, 1.1614 -0.1616 -0.1911, 1.112 -0.155 -0.1911, 1.0659 -0.136 -0.1911, 1.0263 -0.1056 -0.1911, 0.9959 -0.066 -0.1911, 0.9768 -0.0199 -0.1911, 0.9703 0.0295 -0.1911, 0.9768 0.079 -0.1911, 0.9959 0.1251 -0.1911, 1.0263 0.1646 -0.1911, 1.0659 0.195 -0.1911, 1.112 0.2141 -0.1911, 1.1614 0.2206 -0.1911, 1.2117 0.2171 -0.187, 1.2585 0.1977 -0.187, 1.2987 0.1669 -0.187, 1.3296 0.1266 -0.187, 1.349 0.0798 -0.187, 1.3556 0.0295 -0.187, 1.349 -0.0207 -0.187, 1.3296 -0.0676 -0.187, 1.2987 -0.1078 -0.187, 1.2585 -0.1387 -0.187, 1.2117 -0.1581 -0.187, 1.1614 -0.1647 -0.187, 1.1112 -0.1581 -0.187, 1.0643 -0.1387 -0.187, 1.0241 -0.1078 -0.187, 0.9932 -0.0676 -0.187, 0.9738 -0.0207 -0.187, 0.9672 0.0295 -0.187, 0.9738 0.0798 -0.187, 0.9932 0.1266 -0.187, 1.0241 0.1669 -0.187, 1.0643 0.1977 -0.187, 1.1112 0.2171 -0.187, 1.1614 0.2237 -0.187, 1.2122 0.219 -0.1823, 1.2595 0.1994 -0.1823, 1.3001 0.1682 -0.1823, 1.3313 0.1276 -0.1823, 1.3509 0.0803 -0.1823, 1.3576 0.0295 -0.1823, 1.3509 -0.0212 -0.1823, 1.3313 -0.0686 -0.1823, 1.3001 -0.1092 -0.1823, 1.2595 -0.1404 -0.1823, 1.2122 -0.16 -0.1823, 1.1614 -0.1667 -0.1823, 1.1106 -0.16 -0.1823, 1.0633 -0.1404 -0.1823, 1.0227 -0.1092 -0.1823, 0.9915 -0.0686 -0.1823, 0.9719 -0.0212 -0.1823, 0.9652 0.0295 -0.1823, 0.9719 0.0803 -0.1823, 0.9915 0.1276 -0.1823, 1.0227 0.1682 -0.1823, 1.0633 0.1994 -0.1823, 1.1106 0.219 -0.1823, 1.1614 0.2257 -0.1823, -1.0274 -0.7579 1.9882, -1.8426 -0.7579 1.9882, -2.5 -1.1516 1.9882, 2.2495 -1.1516 1.9882, 2.7362 -1.1516 1.9882, 2.2495 -0.1673 1.9882, 2.7362 1.2106 1.9882, 1.9858 0.8169 1.9882, 1.1706 0.8169 1.9882, -2.1063 1.2106 1.9882, -2.5 1.2106 1.9882, -2.1063 0.2264 1.9882, -2.5 0.4349 1.9882, -2.5 -0.3758 1.9882, 1.0165 1.2106 1.9882, 1.0165 0.4302 1.9882, 1.4889 -0.3711 1.9882, 1.3348 -0.7579 1.9882, 1.4889 -1.1516 1.9882, 0.5196 -0.7579 1.9882, 0.2559 1.2106 1.9882, -0.1646 1.2106 1.9882, 0.2559 0.2264 1.9882, -0.1646 0.4302 1.9882, 0.1537 -0.7579 1.9882, -0.6615 -0.7579 1.9882, -0.9252 1.2106 1.9882, -1.3457 1.2106 1.9882, -0.9252 0.2264 1.9882, -1.3457 0.4302 1.9882
            ]
        }
        coordIndex [
            0,1,2,-1,2,1,3,-1,2,3,4,-1,4,3,5,-1,4,5,6,-1,6,5,7,-1,8,9,10,-1,10,9,11,-1,10,11,12,-1,13,14,10,-1,10,14,15,-1,10,15,16,-1,12,17,10,-1,10,17,18,-1,10,18,19,-1,19,20,10,-1,10,20,21,-1,10,21,13,-1,22,23,15,-1,15,23,24,-1,15,24,16,-1,25,26,27,-1,27,26,28,-1,27,28,29,-1,28,30,29,-1,29,30,31,-1,29,31,32,-1,32,31,33,-1,32,33,34,-1,34,33,35,-1,34,35,36,-1,36,35,37,-1,36,37,38,-1,38,37,39,-1,38,39,40,-1,40,39,41,-1,40,41,42,-1,42,41,43,-1,42,43,44,-1,44,43,45,-1,44,45,46,-1,46,45,47,-1,46,47,48,-1,47,49,48,-1,48,49,50,-1,48,50,51,-1,51,50,52,-1,51,52,53,-1,52,54,53,-1,53,54,55,-1,53,55,56,-1,56,55,57,-1,56,57,58,-1,58,57,59,-1,58,59,60,-1,60,59,61,-1,60,61,62,-1,62,61,63,-1,62,63,64,-1,64,63,65,-1,64,65,66,-1,66,65,67,-1,66,67,68,-1,68,67,69,-1,68,69,70,-1,70,69,71,-1,70,71,72,-1,72,71,73,-1,72,73,74,-1,74,73,75,-1,74,75,25,-1,25,75,76,-1,25,76,26,-1,77,78,79,-1,79,78,80,-1,79,80,81,-1,82,83,79,-1,79,83,84,-1,79,84,77,-1,85,86,79,-1,79,86,87,-1,79,87,82,-1,88,89,79,-1,79,89,90,-1,79,90,85,-1,91,92,79,-1,79,92,93,-1,79,93,88,-1,94,95,79,-1,79,95,96,-1,79,96,91,-1,97,98,79,-1,79,98,99,-1,79,99,94,-1,81,100,79,-1,79,100,101,-1,79,101,97,-1,102,103,104,-1,104,103,105,-1,104,105,106,-1,105,107,106,-1,106,107,108,-1,106,108,109,-1,109,108,110,-1,109,110,111,-1,111,110,112,-1,111,112,113,-1,113,112,114,-1,113,114,115,-1,115,114,116,-1,115,116,117,-1,117,116,118,-1,117,118,119,-1,119,118,120,-1,119,120,121,-1,121,120,122,-1,121,122,123,-1,123,122,124,-1,123,124,125,-1,124,126,125,-1,125,126,127,-1,125,127,128,-1,128,127,129,-1,128,129,130,-1,129,131,130,-1,130,131,132,-1,130,132,133,-1,133,132,134,-1,133,134,135,-1,135,134,136,-1,135,136,137,-1,137,136,138,-1,137,138,139,-1,139,138,140,-1,139,140,141,-1,141,140,142,-1,141,142,143,-1,143,142,144,-1,143,144,145,-1,145,144,146,-1,145,146,147,-1,147,146,148,-1,147,148,149,-1,149,148,150,-1,149,150,151,-1,151,150,152,-1,151,152,102,-1,102,152,153,-1,102,153,103,-1,154,155,156,-1,156,155,157,-1,156,157,158,-1,159,160,156,-1,156,160,161,-1,156,161,154,-1,162,163,156,-1,156,163,164,-1,156,164,159,-1,165,166,156,-1,156,166,167,-1,156,167,162,-1,168,169,156,-1,156,169,170,-1,156,170,165,-1,171,172,156,-1,156,172,173,-1,156,173,168,-1,174,175,156,-1,156,175,176,-1,156,176,171,-1,158,177,156,-1,156,177,178,-1,156,178,174,-1,157,179,158,-1,158,179,180,-1,158,180,177,-1,177,180,181,-1,177,181,178,-1,178,181,182,-1,178,182,174,-1,174,182,183,-1,174,183,175,-1,175,183,184,-1,175,184,176,-1,176,184,185,-1,176,185,171,-1,171,185,186,-1,171,186,172,-1,172,186,187,-1,172,187,173,-1,173,187,188,-1,173,188,168,-1,168,188,189,-1,168,189,169,-1,169,189,190,-1,169,190,170,-1,170,190,191,-1,170,191,165,-1,165,191,192,-1,165,192,166,-1,166,192,193,-1,166,193,167,-1,167,193,194,-1,167,194,162,-1,162,194,195,-1,162,195,163,-1,163,195,196,-1,163,196,164,-1,164,196,197,-1,164,197,159,-1,159,197,198,-1,159,198,160,-1,160,198,199,-1,160,199,161,-1,161,199,200,-1,161,200,154,-1,154,200,201,-1,154,201,155,-1,155,201,202,-1,155,202,157,-1,157,202,179,-1,202,203,179,-1,179,203,204,-1,179,204,180,-1,180,204,205,-1,180,205,181,-1,181,205,206,-1,181,206,182,-1,182,206,207,-1,182,207,183,-1,183,207,208,-1,183,208,184,-1,184,208,209,-1,184,209,185,-1,185,209,210,-1,185,210,186,-1,186,210,211,-1,186,211,187,-1,187,211,212,-1,187,212,188,-1,188,212,213,-1,188,213,189,-1,189,213,214,-1,189,214,190,-1,190,214,215,-1,190,215,191,-1,191,215,216,-1,191,216,192,-1,192,216,217,-1,192,217,193,-1,193,217,218,-1,193,218,194,-1,194,218,219,-1,194,219,195,-1,195,219,220,-1,195,220,196,-1,196,220,221,-1,196,221,197,-1,197,221,222,-1,197,222,198,-1,198,222,223,-1,198,223,199,-1,199,223,224,-1,199,224,200,-1,200,224,225,-1,200,225,201,-1,201,225,226,-1,201,226,202,-1,202,226,203,-1,226,227,203,-1,203,227,228,-1,203,228,204,-1,204,228,229,-1,204,229,205,-1,205,229,230,-1,205,230,206,-1,206,230,231,-1,206,231,207,-1,207,231,232,-1,207,232,208,-1,208,232,233,-1,208,233,209,-1,209,233,234,-1,209,234,210,-1,210,234,235,-1,210,235,211,-1,211,235,236,-1,211,236,212,-1,212,236,237,-1,212,237,213,-1,213,237,238,-1,213,238,214,-1,214,238,239,-1,214,239,215,-1,215,239,240,-1,215,240,216,-1,216,240,241,-1,216,241,217,-1,217,241,242,-1,217,242,218,-1,218,242,243,-1,218,243,219,-1,219,243,244,-1,219,244,220,-1,220,244,245,-1,220,245,221,-1,221,245,246,-1,221,246,222,-1,222,246,247,-1,222,247,223,-1,223,247,248,-1,223,248,224,-1,224,248,249,-1,224,249,225,-1,225,249,250,-1,225,250,226,-1,226,250,227,-1,250,251,227,-1,227,251,252,-1,227,252,228,-1,228,252,253,-1,228,253,229,-1,229,253,254,-1,229,254,230,-1,230,254,255,-1,230,255,231,-1,231,255,256,-1,231,256,232,-1,232,256,257,-1,232,257,233,-1,233,257,258,-1,233,258,234,-1,234,258,259,-1,234,259,235,-1,235,259,260,-1,235,260,236,-1,236,260,261,-1,236,261,237,-1,237,261,262,-1,237,262,238,-1,238,262,263,-1,238,263,239,-1,239,263,264,-1,239,264,240,-1,240,264,265,-1,240,265,241,-1,241,265,266,-1,241,266,242,-1,242,266,267,-1,242,267,243,-1,243,267,268,-1,243,268,244,-1,244,268,269,-1,244,269,245,-1,245,269,270,-1,245,270,246,-1,246,270,271,-1,246,271,247,-1,247,271,272,-1,247,272,248,-1,248,272,273,-1,248,273,249,-1,249,273,274,-1,249,274,250,-1,250,274,251,-1,274,275,251,-1,251,275,276,-1,251,276,252,-1,252,276,277,-1,252,277,253,-1,253,277,278,-1,253,278,254,-1,254,278,279,-1,254,279,255,-1,255,279,280,-1,255,280,256,-1,256,280,281,-1,256,281,257,-1,257,281,282,-1,257,282,258,-1,258,282,283,-1,258,283,259,-1,259,283,284,-1,259,284,260,-1,260,284,285,-1,260,285,261,-1,261,285,286,-1,261,286,262,-1,262,286,287,-1,262,287,263,-1,263,287,288,-1,263,288,264,-1,264,288,289,-1,264,289,265,-1,265,289,290,-1,265,290,266,-1,266,290,291,-1,266,291,267,-1,267,291,292,-1,267,292,268,-1,268,292,293,-1,268,293,269,-1,269,293,294,-1,269,294,270,-1,270,294,295,-1,270,295,271,-1,271,295,296,-1,271,296,272,-1,272,296,297,-1,272,297,273,-1,273,297,298,-1,273,298,274,-1,274,298,275,-1,298,117,275,-1,275,117,119,-1,275,119,276,-1,276,119,121,-1,276,121,277,-1,277,121,123,-1,277,123,278,-1,278,123,125,-1,278,125,279,-1,279,125,128,-1,279,128,280,-1,280,128,130,-1,280,130,281,-1,281,130,133,-1,281,133,282,-1,282,133,135,-1,282,135,283,-1,283,135,137,-1,283,137,284,-1,284,137,139,-1,284,139,285,-1,285,139,141,-1,285,141,286,-1,286,141,143,-1,286,143,287,-1,287,143,145,-1,287,145,288,-1,288,145,147,-1,288,147,289,-1,289,147,149,-1,289,149,290,-1,290,149,151,-1,290,151,291,-1,291,151,102,-1,291,102,292,-1,292,102,104,-1,292,104,293,-1,293,104,106,-1,293,106,294,-1,294,106,109,-1,294,109,295,-1,295,109,111,-1,295,111,296,-1,296,111,113,-1,296,113,297,-1,297,113,115,-1,297,115,298,-1,298,115,117,-1,80,299,81,-1,81,299,300,-1,81,300,100,-1,100,300,301,-1,100,301,101,-1,101,301,302,-1,101,302,97,-1,97,302,303,-1,97,303,98,-1,98,303,304,-1,98,304,99,-1,99,304,305,-1,99,305,94,-1,94,305,306,-1,94,306,95,-1,95,306,307,-1,95,307,96,-1,96,307,308,-1,96,308,91,-1,91,308,309,-1,91,309,92,-1,92,309,310,-1,92,310,93,-1,93,310,311,-1,93,311,88,-1,88,311,312,-1,88,312,89,-1,89,312,313,-1,89,313,90,-1,90,313,314,-1,90,314,85,-1,85,314,315,-1,85,315,86,-1,86,315,316,-1,86,316,87,-1,87,316,317,-1,87,317,82,-1,82,317,318,-1,82,318,83,-1,83,318,319,-1,83,319,84,-1,84,319,320,-1,84,320,77,-1,77,320,321,-1,77,321,78,-1,78,321,322,-1,78,322,80,-1,80,322,299,-1,322,323,299,-1,299,323,324,-1,299,324,300,-1,300,324,325,-1,300,325,301,-1,301,325,326,-1,301,326,302,-1,302,326,327,-1,302,327,303,-1,303,327,328,-1,303,328,304,-1,304,328,329,-1,304,329,305,-1,305,329,330,-1,305,330,306,-1,306,330,331,-1,306,331,307,-1,307,331,332,-1,307,332,308,-1,308,332,333,-1,308,333,309,-1,309,333,334,-1,309,334,310,-1,310,334,335,-1,310,335,311,-1,311,335,336,-1,311,336,312,-1,312,336,337,-1,312,337,313,-1,313,337,338,-1,313,338,314,-1,314,338,339,-1,314,339,315,-1,315,339,340,-1,315,340,316,-1,316,340,341,-1,316,341,317,-1,317,341,342,-1,317,342,318,-1,318,342,343,-1,318,343,319,-1,319,343,344,-1,319,344,320,-1,320,344,345,-1,320,345,321,-1,321,345,346,-1,321,346,322,-1,322,346,323,-1,346,347,323,-1,323,347,348,-1,323,348,324,-1,324,348,349,-1,324,349,325,-1,325,349,350,-1,325,350,326,-1,326,350,351,-1,326,351,327,-1,327,351,352,-1,327,352,328,-1,328,352,353,-1,328,353,329,-1,329,353,354,-1,329,354,330,-1,330,354,355,-1,330,355,331,-1,331,355,356,-1,331,356,332,-1,332,356,357,-1,332,357,333,-1,333,357,358,-1,333,358,334,-1,334,358,359,-1,334,359,335,-1,335,359,360,-1,335,360,336,-1,336,360,361,-1,336,361,337,-1,337,361,362,-1,337,362,338,-1,338,362,363,-1,338,363,339,-1,339,363,364,-1,339,364,340,-1,340,364,365,-1,340,365,341,-1,341,365,366,-1,341,366,342,-1,342,366,367,-1,342,367,343,-1,343,367,368,-1,343,368,344,-1,344,368,369,-1,344,369,345,-1,345,369,370,-1,345,370,346,-1,346,370,347,-1,370,371,347,-1,347,371,372,-1,347,372,348,-1,348,372,373,-1,348,373,349,-1,349,373,374,-1,349,374,350,-1,350,374,375,-1,350,375,351,-1,351,375,376,-1,351,376,352,-1,352,376,377,-1,352,377,353,-1,353,377,378,-1,353,378,354,-1,354,378,379,-1,354,379,355,-1,355,379,380,-1,355,380,356,-1,356,380,381,-1,356,381,357,-1,357,381,382,-1,357,382,358,-1,358,382,383,-1,358,383,359,-1,359,383,384,-1,359,384,360,-1,360,384,385,-1,360,385,361,-1,361,385,386,-1,361,386,362,-1,362,386,387,-1,362,387,363,-1,363,387,388,-1,363,388,364,-1,364,388,389,-1,364,389,365,-1,365,389,390,-1,365,390,366,-1,366,390,391,-1,366,391,367,-1,367,391,392,-1,367,392,368,-1,368,392,393,-1,368,393,369,-1,369,393,394,-1,369,394,370,-1,370,394,371,-1,394,395,371,-1,371,395,396,-1,371,396,372,-1,372,396,397,-1,372,397,373,-1,373,397,398,-1,373,398,374,-1,374,398,399,-1,374,399,375,-1,375,399,400,-1,375,400,376,-1,376,400,401,-1,376,401,377,-1,377,401,402,-1,377,402,378,-1,378,402,403,-1,378,403,379,-1,379,403,404,-1,379,404,380,-1,380,404,405,-1,380,405,381,-1,381,405,406,-1,381,406,382,-1,382,406,407,-1,382,407,383,-1,383,407,408,-1,383,408,384,-1,384,408,409,-1,384,409,385,-1,385,409,410,-1,385,410,386,-1,386,410,411,-1,386,411,387,-1,387,411,412,-1,387,412,388,-1,388,412,413,-1,388,413,389,-1,389,413,414,-1,389,414,390,-1,390,414,415,-1,390,415,391,-1,391,415,416,-1,391,416,392,-1,392,416,417,-1,392,417,393,-1,393,417,418,-1,393,418,394,-1,394,418,395,-1,418,40,395,-1,395,40,42,-1,395,42,396,-1,396,42,44,-1,396,44,397,-1,397,44,46,-1,397,46,398,-1,398,46,48,-1,398,48,399,-1,399,48,51,-1,399,51,400,-1,400,51,53,-1,400,53,401,-1,401,53,56,-1,401,56,402,-1,402,56,58,-1,402,58,403,-1,403,58,60,-1,403,60,404,-1,404,60,62,-1,404,62,405,-1,405,62,64,-1,405,64,406,-1,406,64,66,-1,406,66,407,-1,407,66,68,-1,407,68,408,-1,408,68,70,-1,408,70,409,-1,409,70,72,-1,409,72,410,-1,410,72,74,-1,410,74,411,-1,411,74,25,-1,411,25,412,-1,412,25,27,-1,412,27,413,-1,413,27,29,-1,413,29,414,-1,414,29,32,-1,414,32,415,-1,415,32,34,-1,415,34,416,-1,416,34,36,-1,416,36,417,-1,417,36,38,-1,417,38,418,-1,418,38,40,-1,419,420,421,-1,422,423,424,-1,424,423,425,-1,424,425,426,-1,426,425,427,-1,428,429,430,-1,430,429,431,-1,430,431,420,-1,420,431,432,-1,420,432,421,-1,425,433,427,-1,427,433,434,-1,427,434,435,-1,435,434,436,-1,435,436,437,-1,437,436,438,-1,439,440,441,-1,441,440,442,-1,441,442,438,-1,438,442,443,-1,438,443,437,-1,437,443,444,-1,445,446,447,-1,447,446,448,-1,447,448,444,-1,444,448,419,-1,444,419,437,-1,437,419,421,-1,
        ]
    }
}
Shape{
    appearance Appearance {
        material  Material 	{
            diffuseColor 1.0 1.0 1.0
            specularColor 0.5019607843137255 0.5019607843137255 0.5019607843137255
            ambientIntensity 1.0
            transparency 0.0
            shininess 0.5
        }
    }
    geometry IndexedFaceSet {
        ccw TRUE
        solid FALSE
        coord DEF co Coordinate {
            point [
                1.1568 -1.1555 0.2294, 1.1679 -1.1555 0.2156, 1.15 -1.1555 0.2954, 1.137 -1.1555 0.4253, 1.1537 -1.1555 0.4341, 1.1497 -1.1555 0.4801, 1.1963 -1.1555 0.4822, 1.2195 -1.1555 0.4277, 1.2309 -1.1555 0.4513, 1.295 -1.1555 0.2693, 1.295 -1.1555 0.2768, 1.2317 -1.1555 0.295, 1.2246 -1.1555 0.2972, 1.1337 -1.1555 0.3055, 1.1398 -1.1555 0.2482, 1.1493 -1.1555 0.2454, 1.1792 -1.1555 0.4837, 1.2428 -1.1555 0.286, 1.2463 -1.1555 0.28, 1.2946 -1.1555 0.2615, 1.3995 -1.1555 0.3321, 1.3764 -1.1555 0.3717, 1.2763 -1.1555 0.3194, 1.2195 -1.1555 0.2977, 1.2123 -1.1555 0.2968, 1.2024 -1.1555 0.3426, 1.2058 -1.1555 0.2942, 1.1859 -1.1555 0.3362, 1.1999 -1.1555 0.2901, 1.1706 -1.1555 0.3256, 1.1967 -1.1555 0.2866, 1.1583 -1.1555 0.3115, 1.1929 -1.1555 0.2804, 1.1908 -1.1555 0.2733, 1.1905 -1.1555 0.2661, 1.2474 -1.1555 0.3397, 1.2293 -1.1555 0.3442, 1.2202 -1.1555 0.3448, 1.2378 -1.1555 0.2912, 1.4242 -1.1555 0.406, 1.4302 -1.1555 0.406, 1.4608 -1.1555 0.4464, 1.4444 -1.1555 0.4043, 1.4645 -1.1555 0.4451, 1.4574 -1.1555 0.3992, 1.4867 -1.1555 0.4341, 1.507 -1.1555 0.4169, 1.2117 -1.1555 0.5001, 1.2477 -1.1555 0.4713, 1.2292 -1.1555 0.5151, 1.2677 -1.1555 0.486, 1.25 -1.1555 0.5277, 1.1721 -1.1555 0.4385, 1.1799 -1.1555 0.4389, 1.1877 -1.1555 0.4832, 1.1974 -1.1555 0.4367, 1.2142 -1.1555 0.4306, 1.1919 -1.1555 0.2591, 1.195 -1.1555 0.2528, 1.2632 -1.1555 0.3312, 1.5071 -1.1555 0.2775, 1.4723 -1.1555 0.3072, 1.4868 -1.1555 0.2603, 1.4613 -1.1555 0.2981, 1.464 -1.1555 0.2492, 1.4481 -1.1555 0.292, 1.4391 -1.1555 0.2439, 1.4347 -1.1555 0.2895, 1.3951 -1.1555 0.2439, 1.401 -1.1555 0.2895, 1.3909 -1.1555 0.2446, 1.469 -1.1555 0.3911, 1.4776 -1.1555 0.3815, 1.5222 -1.1555 0.3957, 1.4846 -1.1555 0.3686, 1.5314 -1.1555 0.3729, 1.4881 -1.1555 0.3543, 1.5348 -1.1555 0.3485, 1.4885 -1.1555 0.3477, 1.5313 -1.1555 0.3218, 1.4867 -1.1555 0.3332, 1.522 -1.1555 0.2982, 1.4815 -1.1555 0.3199, 1.4733 -1.1555 0.3082, 1.4205 -1.1555 0.5054, 1.3912 -1.1555 0.471, 1.446 -1.1555 0.4755, 1.4081 -1.1555 0.4509, 1.4196 -1.1555 0.4268, 1.1074 -1.1555 0.3823, 1.0583 -1.1555 0.3699, 1.1052 -1.1555 0.3642, 1.0581 -1.1555 0.3627, 1.1061 -1.1555 0.3527, 1.0617 -1.1555 0.3334, 1.1114 -1.1555 0.3344, 1.0724 -1.1555 0.3056, 1.1203 -1.1555 0.3192, 1.0895 -1.1555 0.2813, 1.1128 -1.1555 0.2614, 1.2483 -1.1555 0.2732, 1.2485 -1.1555 0.2659, 1.2902 -1.1555 0.2431, 1.2469 -1.1555 0.2587, 1.2813 -1.1555 0.2264, 1.2436 -1.1555 0.2522, 1.2699 -1.1555 0.2136, 1.239 -1.1555 0.2469, 1.255 -1.1555 0.2032, 1.2333 -1.1555 0.2429, 1.2383 -1.1555 0.1968, 1.2268 -1.1555 0.2403, 1.2202 -1.1555 0.1946, 1.2195 -1.1555 0.2394, 1.2174 -1.1555 0.1946, 1.2182 -1.1555 0.2394, 1.1997 -1.1555 0.1974, 1.2115 -1.1555 0.2405, 1.1825 -1.1555 0.2046, 1.2048 -1.1555 0.2434, 1.199 -1.1555 0.2478, 1.2846 -1.1555 0.5403, 1.2921 -1.1555 0.4959, 1.3189 -1.1555 0.5442, 1.3196 -1.1555 0.4994, 1.3537 -1.1555 0.5401, 1.3449 -1.1555 0.4963, 1.3908 -1.1555 0.5259, 1.3684 -1.1555 0.4873, 1.3894 -1.1555 0.4727, 1.1221 -1.1555 0.4693, 1.0983 -1.1555 0.4526, 1.1242 -1.1555 0.4138, 1.0932 -1.1555 0.4479, 1.1138 -1.1555 0.3989, 1.0753 -1.1555 0.4248, 1.0634 -1.1555 0.3979, 1.3973 -1.1555 0.2902, 1.3793 -1.1555 0.2517, 1.3811 -1.1555 0.25, 1.3995 -1.1555 0.2897, 1.3859 -1.1555 0.2465, 1.3734 -1.1555 0.2671, 1.3741 -1.1555 0.2615, 1.3761 -1.1555 0.2564, 1.3908 -1.1555 0.2895, 1.3856 -1.1555 0.2875, 1.3736 -1.1555 0.27, 1.3811 -1.1555 0.2842, 1.378 -1.1555 0.2808, 1.3751 -1.1555 0.2757, 1.3966 -1.1555 0.2902, 1.5119 -1.1516 0.4101, 1.5222 -1.1516 0.3957, 1.5288 -1.1516 0.3793, 1.5314 -1.1516 0.3729, 1.5348 -1.1516 0.3485, 1.507 -1.1516 0.4169, 1.4867 -1.1516 0.4341, 1.4645 -1.1516 0.4451, 1.4608 -1.1516 0.4464, 1.446 -1.1516 0.4755, 1.4205 -1.1516 0.5054, 1.4038 -1.1516 0.5169, 1.3908 -1.1516 0.5259, 1.3537 -1.1516 0.5401, 1.3189 -1.1516 0.5442, 1.2846 -1.1516 0.5403, 1.25 -1.1516 0.5277, 1.2322 -1.1516 0.5169, 1.2292 -1.1516 0.5151, 1.2117 -1.1516 0.5001, 1.1963 -1.1516 0.4822, 1.1877 -1.1516 0.4832, 1.1792 -1.1516 0.4837, 1.1497 -1.1516 0.4801, 1.1221 -1.1516 0.4693, 1.0983 -1.1516 0.4526, 1.0932 -1.1516 0.4479, 1.06 -1.1516 0.3793, 1.0634 -1.1516 0.3979, 1.0687 -1.1516 0.4101, 1.0753 -1.1516 0.4248, 1.0583 -1.1516 0.3699, 1.0581 -1.1516 0.3627, 1.0617 -1.1516 0.3334, 1.0724 -1.1516 0.3056, 1.0895 -1.1516 0.2813, 1.1128 -1.1516 0.2614, 1.1398 -1.1516 0.2482, 1.1493 -1.1516 0.2454, 1.1502 -1.1516 0.2434, 1.1568 -1.1516 0.2294, 1.1679 -1.1516 0.2156, 1.1825 -1.1516 0.2046, 1.1894 -1.1516 0.2018, 1.1997 -1.1516 0.1974, 1.2174 -1.1516 0.1946, 1.2202 -1.1516 0.1946, 1.295 -1.1516 0.2693, 1.2383 -1.1516 0.1968, 1.2512 -1.1516 0.2018, 1.255 -1.1516 0.2032, 1.2699 -1.1516 0.2136, 1.2813 -1.1516 0.2264, 1.2902 -1.1516 0.2431, 1.2903 -1.1516 0.2434, 1.2946 -1.1516 0.2615, 1.295 -1.1516 0.2768, 1.3995 -1.1516 0.3321, 1.3764 -1.1516 0.3717, 1.2763 -1.1516 0.3194, 1.2632 -1.1516 0.3312, 1.2474 -1.1516 0.3397, 1.2293 -1.1516 0.3442, 1.2202 -1.1516 0.3448, 1.2024 -1.1516 0.3426, 1.1859 -1.1516 0.3362, 1.1706 -1.1516 0.3256, 1.1583 -1.1516 0.3115, 1.15 -1.1516 0.2954, 1.1337 -1.1516 0.3055, 1.1203 -1.1516 0.3192, 1.1114 -1.1516 0.3344, 1.1061 -1.1516 0.3527, 1.1052 -1.1516 0.3642, 1.1071 -1.1516 0.3793, 1.1074 -1.1516 0.3823, 1.1138 -1.1516 0.3989, 1.1216 -1.1516 0.4101, 1.1242 -1.1516 0.4138, 1.137 -1.1516 0.4253, 1.1537 -1.1516 0.4341, 1.1721 -1.1516 0.4385, 1.1799 -1.1516 0.4389, 1.1974 -1.1516 0.4367, 1.2142 -1.1516 0.4306, 1.2195 -1.1516 0.4277, 1.2309 -1.1516 0.4513, 1.2477 -1.1516 0.4713, 1.2677 -1.1516 0.486, 1.2921 -1.1516 0.4959, 1.3196 -1.1516 0.4994, 1.3449 -1.1516 0.4963, 1.3684 -1.1516 0.4873, 1.3894 -1.1516 0.4727, 1.3912 -1.1516 0.471, 1.4081 -1.1516 0.4509, 1.4196 -1.1516 0.4268, 1.4233 -1.1516 0.4101, 1.4242 -1.1516 0.406, 1.4302 -1.1516 0.406, 1.4444 -1.1516 0.4043, 1.4574 -1.1516 0.3992, 1.469 -1.1516 0.3911, 1.4776 -1.1516 0.3815, 1.4789 -1.1516 0.3793, 1.4846 -1.1516 0.3686, 1.4881 -1.1516 0.3543, 1.4885 -1.1516 0.3477, 1.4867 -1.1516 0.3332, 1.4815 -1.1516 0.3199, 1.4733 -1.1516 0.3082, 1.4723 -1.1516 0.3072, 1.4613 -1.1516 0.2981, 1.4481 -1.1516 0.292, 1.4347 -1.1516 0.2895, 1.401 -1.1516 0.2895, 1.3995 -1.1516 0.2897, 1.3973 -1.1516 0.2902, 1.3966 -1.1516 0.2902, 1.3908 -1.1516 0.2895, 1.3856 -1.1516 0.2875, 1.3811 -1.1516 0.2842, 1.378 -1.1516 0.2808, 1.3751 -1.1516 0.2757, 1.3736 -1.1516 0.27, 1.3734 -1.1516 0.2671, 1.3741 -1.1516 0.2615, 1.3761 -1.1516 0.2564, 1.3793 -1.1516 0.2517, 1.3811 -1.1516 0.25, 1.3859 -1.1516 0.2465, 1.3909 -1.1516 0.2446, 1.3951 -1.1516 0.2439, 1.4391 -1.1516 0.2439, 1.464 -1.1516 0.2492, 1.4868 -1.1516 0.2603, 1.5071 -1.1516 0.2775, 1.522 -1.1516 0.2982, 1.5313 -1.1516 0.3218, 1.2195 -1.1516 0.2977, 1.2246 -1.1516 0.2972, 1.2317 -1.1516 0.295, 1.2378 -1.1516 0.2912, 1.2428 -1.1516 0.286, 1.2463 -1.1516 0.28, 1.2483 -1.1516 0.2732, 1.2485 -1.1516 0.2659, 1.2469 -1.1516 0.2587, 1.2436 -1.1516 0.2522, 1.239 -1.1516 0.2469, 1.2333 -1.1516 0.2429, 1.2268 -1.1516 0.2403, 1.2195 -1.1516 0.2394, 1.2182 -1.1516 0.2394, 1.2115 -1.1516 0.2405, 1.2048 -1.1516 0.2434, 1.199 -1.1516 0.2478, 1.195 -1.1516 0.2528, 1.1919 -1.1516 0.2591, 1.1905 -1.1516 0.2661, 1.1908 -1.1516 0.2733, 1.1929 -1.1516 0.2804, 1.1967 -1.1516 0.2866, 1.1999 -1.1516 0.2901, 1.2058 -1.1516 0.2942, 1.2123 -1.1516 0.2968
            ]
        }
        coordIndex [
            0,1,2,-1,3,4,5,-1,6,7,8,-1,9,10,11,-1,11,10,12,-1,13,14,2,-1,2,14,15,-1,2,15,0,-1,5,4,16,-1,17,18,19,-1,20,21,10,-1,10,21,22,-1,10,22,12,-1,12,22,23,-1,24,25,26,-1,26,25,27,-1,26,27,28,-1,28,27,29,-1,28,29,30,-1,30,29,31,-1,30,31,32,-1,32,31,2,-1,32,2,33,-1,33,2,34,-1,35,36,24,-1,24,36,37,-1,24,37,25,-1,9,11,19,-1,19,11,38,-1,19,38,17,-1,39,40,41,-1,41,40,42,-1,41,42,43,-1,43,42,44,-1,43,44,45,-1,45,44,46,-1,6,8,47,-1,47,8,48,-1,47,48,49,-1,49,48,50,-1,49,50,51,-1,4,52,16,-1,16,52,53,-1,16,53,54,-1,54,53,55,-1,54,55,6,-1,6,55,56,-1,6,56,7,-1,34,2,57,-1,57,2,1,-1,57,1,58,-1,23,22,24,-1,24,22,59,-1,24,59,35,-1,60,61,62,-1,62,61,63,-1,62,63,64,-1,64,63,65,-1,64,65,66,-1,66,65,67,-1,66,67,68,-1,68,67,69,-1,68,69,70,-1,44,71,46,-1,46,71,72,-1,46,72,73,-1,73,72,74,-1,73,74,75,-1,75,74,76,-1,75,76,77,-1,77,76,78,-1,77,78,79,-1,79,78,80,-1,79,80,81,-1,81,80,82,-1,81,82,60,-1,60,82,83,-1,60,83,61,-1,84,85,86,-1,86,85,87,-1,86,87,41,-1,41,87,88,-1,41,88,39,-1,89,90,91,-1,91,90,92,-1,91,92,93,-1,93,92,94,-1,93,94,95,-1,95,94,96,-1,95,96,97,-1,97,96,98,-1,97,98,13,-1,13,98,99,-1,13,99,14,-1,18,100,19,-1,19,100,101,-1,19,101,102,-1,102,101,103,-1,102,103,104,-1,104,103,105,-1,104,105,106,-1,106,105,107,-1,106,107,108,-1,108,107,109,-1,108,109,110,-1,110,109,111,-1,110,111,112,-1,112,111,113,-1,112,113,114,-1,114,113,115,-1,114,115,116,-1,116,115,117,-1,116,117,118,-1,118,117,119,-1,118,119,1,-1,1,119,120,-1,1,120,58,-1,51,50,121,-1,121,50,122,-1,121,122,123,-1,123,122,124,-1,123,124,125,-1,125,124,126,-1,125,126,127,-1,127,126,128,-1,127,128,84,-1,84,128,129,-1,84,129,85,-1,5,130,3,-1,3,130,131,-1,3,131,132,-1,132,131,133,-1,132,133,134,-1,134,133,135,-1,134,135,89,-1,89,135,136,-1,89,136,90,-1,137,138,139,-1,69,140,70,-1,70,140,137,-1,70,137,141,-1,141,137,139,-1,142,143,137,-1,137,143,144,-1,137,144,138,-1,145,146,147,-1,146,148,147,-1,147,148,149,-1,147,149,150,-1,142,137,147,-1,147,137,151,-1,147,151,145,-1,152,46,153,-1,153,46,73,-1,153,73,154,-1,154,73,75,-1,154,75,155,-1,155,75,77,-1,155,77,156,-1,152,157,46,-1,46,157,158,-1,46,158,45,-1,45,158,159,-1,45,159,43,-1,43,159,160,-1,43,160,41,-1,41,160,161,-1,41,161,86,-1,86,161,162,-1,86,162,84,-1,127,84,163,-1,163,84,162,-1,163,164,127,-1,127,164,165,-1,127,165,125,-1,125,165,166,-1,125,166,123,-1,123,166,167,-1,123,167,121,-1,121,167,168,-1,121,168,51,-1,51,168,49,-1,49,168,169,-1,49,169,170,-1,49,170,171,-1,49,171,47,-1,47,171,172,-1,47,172,6,-1,6,172,173,-1,6,173,54,-1,54,173,174,-1,54,174,16,-1,16,174,175,-1,16,175,5,-1,5,175,176,-1,5,176,130,-1,130,176,177,-1,130,177,131,-1,131,177,178,-1,131,178,133,-1,179,90,180,-1,180,90,136,-1,180,136,181,-1,181,136,135,-1,181,135,182,-1,182,135,133,-1,182,133,178,-1,179,183,90,-1,90,183,184,-1,90,184,92,-1,92,184,185,-1,92,185,94,-1,94,185,186,-1,94,186,96,-1,96,186,187,-1,96,187,98,-1,98,187,188,-1,98,188,99,-1,99,188,189,-1,99,189,14,-1,14,189,190,-1,14,190,15,-1,15,190,191,-1,15,191,0,-1,191,192,0,-1,0,192,193,-1,0,193,1,-1,1,193,194,-1,1,194,118,-1,118,194,195,-1,118,195,116,-1,195,196,116,-1,116,196,197,-1,116,197,114,-1,114,197,198,-1,114,198,112,-1,199,9,19,-1,112,198,200,-1,201,108,200,-1,200,108,110,-1,200,110,112,-1,201,202,108,-1,108,202,203,-1,108,203,106,-1,106,203,204,-1,106,204,104,-1,104,204,205,-1,104,205,102,-1,102,205,206,-1,102,206,19,-1,19,206,207,-1,19,207,199,-1,10,9,208,-1,208,9,199,-1,20,10,209,-1,209,10,208,-1,21,20,210,-1,210,20,209,-1,22,21,211,-1,211,21,210,-1,22,211,212,-1,22,212,59,-1,59,212,213,-1,59,213,35,-1,35,213,214,-1,35,214,36,-1,36,214,215,-1,36,215,37,-1,37,215,216,-1,37,216,25,-1,25,216,217,-1,25,217,27,-1,27,217,218,-1,27,218,29,-1,29,218,219,-1,29,219,31,-1,31,219,220,-1,31,220,2,-1,2,220,221,-1,2,221,13,-1,13,221,222,-1,13,222,97,-1,97,222,223,-1,97,223,95,-1,95,223,224,-1,95,224,93,-1,93,224,225,-1,93,225,91,-1,89,91,225,-1,225,226,89,-1,89,226,227,-1,89,227,228,-1,229,132,228,-1,228,132,134,-1,228,134,89,-1,229,230,132,-1,132,230,231,-1,132,231,3,-1,3,231,232,-1,3,232,4,-1,4,232,233,-1,4,233,52,-1,52,233,234,-1,52,234,53,-1,53,234,235,-1,53,235,55,-1,55,235,236,-1,55,236,56,-1,56,236,237,-1,56,237,7,-1,7,237,238,-1,7,238,8,-1,8,238,239,-1,8,239,48,-1,48,239,240,-1,48,240,50,-1,50,240,241,-1,50,241,122,-1,122,241,242,-1,122,242,124,-1,124,242,243,-1,124,243,126,-1,126,243,244,-1,126,244,128,-1,128,244,245,-1,128,245,129,-1,129,245,246,-1,129,246,85,-1,85,246,247,-1,85,247,87,-1,87,247,248,-1,87,248,88,-1,88,248,39,-1,39,248,249,-1,39,249,250,-1,40,39,251,-1,251,39,250,-1,40,251,252,-1,40,252,42,-1,42,252,253,-1,42,253,44,-1,44,253,254,-1,44,254,71,-1,71,254,255,-1,71,255,72,-1,72,255,256,-1,72,256,74,-1,256,257,74,-1,74,257,258,-1,74,258,76,-1,76,258,259,-1,76,259,78,-1,78,259,260,-1,78,260,80,-1,80,260,261,-1,80,261,82,-1,82,261,262,-1,82,262,83,-1,83,262,263,-1,83,263,61,-1,61,263,264,-1,61,264,63,-1,63,264,265,-1,63,265,65,-1,65,265,266,-1,65,266,67,-1,69,67,267,-1,267,67,266,-1,69,267,268,-1,69,268,140,-1,140,268,269,-1,140,269,137,-1,137,269,270,-1,137,270,151,-1,151,270,271,-1,151,271,145,-1,145,271,272,-1,145,272,146,-1,146,272,273,-1,146,273,148,-1,148,273,274,-1,148,274,149,-1,149,274,275,-1,149,275,150,-1,150,275,276,-1,150,276,147,-1,147,276,277,-1,147,277,142,-1,142,277,278,-1,142,278,143,-1,143,278,279,-1,143,279,144,-1,144,279,280,-1,144,280,138,-1,138,280,281,-1,138,281,139,-1,139,281,282,-1,139,282,141,-1,141,282,283,-1,141,283,70,-1,70,283,284,-1,70,284,68,-1,66,68,285,-1,285,68,284,-1,66,285,286,-1,66,286,64,-1,64,286,287,-1,64,287,62,-1,62,287,288,-1,62,288,60,-1,60,288,289,-1,60,289,81,-1,81,289,290,-1,81,290,79,-1,79,290,156,-1,79,156,77,-1,23,291,292,-1,23,292,12,-1,12,292,293,-1,12,293,11,-1,11,293,294,-1,11,294,38,-1,38,294,295,-1,38,295,17,-1,17,295,296,-1,17,296,18,-1,18,296,297,-1,18,297,100,-1,100,297,298,-1,100,298,101,-1,101,298,299,-1,101,299,103,-1,103,299,300,-1,103,300,105,-1,105,300,301,-1,105,301,107,-1,107,301,302,-1,107,302,109,-1,109,302,303,-1,109,303,111,-1,111,303,304,-1,111,304,113,-1,113,304,305,-1,113,305,115,-1,115,305,306,-1,115,306,117,-1,117,306,307,-1,117,307,119,-1,119,307,308,-1,119,308,120,-1,120,308,309,-1,120,309,58,-1,58,309,310,-1,58,310,57,-1,57,310,311,-1,57,311,34,-1,34,311,312,-1,34,312,33,-1,33,312,313,-1,33,313,32,-1,32,313,314,-1,32,314,30,-1,30,314,315,-1,30,315,28,-1,28,315,316,-1,28,316,26,-1,26,316,317,-1,26,317,24,-1,24,317,291,-1,24,291,23,-1,
        ]
    }
}
Shape{
    appearance Appearance {
        material  Material 	{
            diffuseColor 0.25098039215686274 0.25098039215686274 0.25098039215686274
            specularColor 0.12549019607843137 0.12549019607843137 0.12549019607843137
            ambientIntensity 0.251
            transparency 0.0
            shininess 0.5
        }
    }
    geometry IndexedFaceSet {
        ccw TRUE
        solid FALSE
        coord DEF co Coordinate {
            point [
                1.2182 -1.1516 0.2394, 1.1999 -1.1516 0.2901, 1.1967 -1.1516 0.2866, 1.2195 -1.1516 0.2977, 1.2123 -1.1516 0.2968, 1.2058 -1.1516 0.2942, 1.1919 -1.1516 0.2591, 1.195 -1.1516 0.2528, 1.199 -1.1516 0.2478, 1.2246 -1.1516 0.2972, 1.2195 -1.1516 0.2394, 1.2268 -1.1516 0.2403, 1.2436 -1.1516 0.2522, 1.2463 -1.1516 0.28, 1.239 -1.1516 0.2469, 1.2428 -1.1516 0.286, 1.2378 -1.1516 0.2912, 1.2333 -1.1516 0.2429, 1.2317 -1.1516 0.295, 1.1929 -1.1516 0.2804, 1.1908 -1.1516 0.2733, 1.1905 -1.1516 0.2661, 1.2048 -1.1516 0.2434, 1.2115 -1.1516 0.2405, 1.2469 -1.1516 0.2587, 1.2485 -1.1516 0.2659, 1.2483 -1.1516 0.2732
            ]
        }
        coordIndex [
            0,1,2,-1,3,4,0,-1,0,4,5,-1,0,5,1,-1,6,7,2,-1,2,7,8,-1,3,0,9,-1,9,0,10,-1,9,10,11,-1,12,13,14,-1,14,13,15,-1,14,15,16,-1,11,17,9,-1,9,17,14,-1,9,14,18,-1,18,14,16,-1,19,20,2,-1,2,20,21,-1,2,21,6,-1,8,22,2,-1,2,22,23,-1,2,23,0,-1,24,25,12,-1,12,25,26,-1,12,26,13,-1,
        ]
    }
}
Shape{
    appearance Appearance {
        material  Material 	{
            diffuseColor 1.0 1.0 1.0
            specularColor 0.5019607843137255 0.5019607843137255 0.5019607843137255
            ambientIntensity 1.0
            transparency 0.0
            shininess 0.5
        }
    }
    geometry IndexedFaceSet {
        ccw TRUE
        solid FALSE
        coord DEF co Coordinate {
            point [
                1.6762 -1.1555 0.4229, 1.6762 -1.1555 0.411, 1.6762 -1.1516 0.4229, 1.6762 -1.1516 0.411, 1.6344 -1.1555 0.4229, 1.6344 -1.1516 0.4229, 1.6344 -1.1555 0.516, 1.6344 -1.1516 0.516, 1.6208 -1.1555 0.516, 1.6208 -1.1516 0.516, 1.6208 -1.1555 0.411, 1.6208 -1.1516 0.411, 1.7461 -1.1555 0.4107, 1.7301 -1.1555 0.4092, 1.7301 -1.1516 0.4092, 1.7394 -1.1516 0.4101, 1.7461 -1.1516 0.4107, 1.7574 -1.1555 0.4144, 1.7547 -1.1516 0.4135, 1.7574 -1.1516 0.4144, 1.7592 -1.1516 0.4153, 1.7592 -1.1555 0.4153, 1.7592 -1.1555 0.4283, 1.7592 -1.1516 0.4283, 1.7547 -1.1516 0.4263, 1.7489 -1.1555 0.4237, 1.7489 -1.1516 0.4237, 1.737 -1.1516 0.4215, 1.737 -1.1555 0.4215, 1.7321 -1.1516 0.4213, 1.7321 -1.1555 0.4213, 1.7228 -1.1516 0.4222, 1.7228 -1.1555 0.4222, 1.7151 -1.1516 0.4249, 1.7151 -1.1555 0.4249, 1.708 -1.1516 0.4296, 1.708 -1.1555 0.4296, 1.7051 -1.1516 0.4323, 1.7051 -1.1555 0.4323, 1.7002 -1.1516 0.439, 1.7002 -1.1555 0.439, 1.6967 -1.1516 0.4474, 1.6967 -1.1555 0.4474, 1.6949 -1.1516 0.4577, 1.6949 -1.1555 0.4577, 1.6948 -1.1516 0.4623, 1.6948 -1.1555 0.4623, 1.6965 -1.1516 0.4767, 1.6965 -1.1555 0.4767, 1.7 -1.1516 0.4858, 1.7 -1.1555 0.4858, 1.7051 -1.1516 0.4931, 1.7051 -1.1555 0.4931, 1.7058 -1.1516 0.4939, 1.7058 -1.1555 0.4939, 1.7124 -1.1516 0.4994, 1.7124 -1.1555 0.4994, 1.7206 -1.1516 0.5034, 1.7206 -1.1555 0.5034, 1.7296 -1.1516 0.5053, 1.7296 -1.1555 0.5053, 1.7345 -1.1516 0.5056, 1.7345 -1.1555 0.5056, 1.7474 -1.1516 0.504, 1.7547 -1.1516 0.5012, 1.758 -1.1555 0.5, 1.7474 -1.1555 0.504, 1.758 -1.1516 0.5, 1.7592 -1.1516 0.4993, 1.7592 -1.1555 0.4993, 1.7592 -1.1555 0.5135, 1.7592 -1.1516 0.5135, 1.7547 -1.1516 0.5148, 1.7481 -1.1555 0.5167, 1.7343 -1.1516 0.5178, 1.7343 -1.1555 0.5178, 1.7456 -1.1516 0.5169, 1.7481 -1.1516 0.5167, 1.727 -1.1516 0.5169, 1.7192 -1.1555 0.516, 1.7192 -1.1516 0.516, 1.7082 -1.1516 0.5117, 1.7082 -1.1555 0.5117, 1.6983 -1.1516 0.5048, 1.6983 -1.1555 0.5048, 1.6957 -1.1516 0.5023, 1.6957 -1.1555 0.5023, 1.6881 -1.1516 0.4924, 1.6852 -1.1516 0.4857, 1.6831 -1.1555 0.4807, 1.6881 -1.1555 0.4924, 1.6831 -1.1516 0.4807, 1.6807 -1.1516 0.467, 1.6807 -1.1555 0.467, 1.6805 -1.1516 0.4615, 1.6805 -1.1555 0.4615, 1.6826 -1.1516 0.4444, 1.6852 -1.1516 0.4377, 1.6869 -1.1555 0.4335, 1.6826 -1.1555 0.4444, 1.6869 -1.1516 0.4335, 1.6931 -1.1516 0.4245, 1.6931 -1.1555 0.4245, 1.694 -1.1516 0.4235, 1.694 -1.1555 0.4235, 1.7219 -1.1555 0.4097, 1.7011 -1.1516 0.4174, 1.7011 -1.1555 0.4174, 1.7108 -1.1516 0.4124, 1.7108 -1.1555 0.4124, 1.7204 -1.1516 0.4101, 1.7219 -1.1516 0.4097, 1.8368 -1.1555 0.4229, 1.8368 -1.1555 0.411, 1.8368 -1.1516 0.4229, 1.8368 -1.1516 0.411, 1.7938 -1.1516 0.4229, 1.7938 -1.1555 0.4229, 1.8222 -1.1516 0.4229, 1.7938 -1.1555 0.4583, 1.7938 -1.1516 0.4583, 1.8314 -1.1555 0.4583, 1.8222 -1.1516 0.4583, 1.8314 -1.1516 0.4583, 1.8314 -1.1555 0.4703, 1.8314 -1.1516 0.4703, 1.7938 -1.1516 0.4703, 1.7938 -1.1555 0.4703, 1.8222 -1.1516 0.4703, 1.7938 -1.1555 0.504, 1.7938 -1.1516 0.504, 1.8344 -1.1516 0.504, 1.8344 -1.1555 0.504, 1.8222 -1.1516 0.504, 1.8344 -1.1555 0.516, 1.8344 -1.1516 0.516, 1.7802 -1.1516 0.516, 1.7802 -1.1555 0.516, 1.8222 -1.1516 0.516, 1.7802 -1.1555 0.411, 1.7802 -1.1516 0.411, 1.8222 -1.1516 0.411, 1.9263 -1.1555 0.4257, 1.9154 -1.1555 0.4327, 1.9153 -1.1555 0.4178, 1.9086 -1.1555 0.428, 1.9033 -1.1555 0.4131, 1.8999 -1.1555 0.4247, 1.8855 -1.1555 0.411, 1.8854 -1.1555 0.4229, 1.8566 -1.1555 0.411, 1.8702 -1.1555 0.4229, 1.8566 -1.1555 0.516, 1.8702 -1.1555 0.504, 1.8866 -1.1555 0.516, 1.8861 -1.1555 0.504, 1.8869 -1.1555 0.5039, 1.9026 -1.1555 0.5143, 1.9004 -1.1555 0.5022, 1.9153 -1.1555 0.5096, 1.9094 -1.1555 0.4988, 1.9263 -1.1555 0.5021, 1.9164 -1.1555 0.4941, 1.93 -1.1555 0.4985, 1.9193 -1.1555 0.4911, 1.9365 -1.1555 0.4893, 1.9234 -1.1555 0.4853, 1.9404 -1.1555 0.4793, 1.9264 -1.1555 0.4776, 1.9422 -1.1555 0.4648, 1.9279 -1.1555 0.4645, 1.9418 -1.1555 0.4581, 1.9275 -1.1555 0.4574, 1.9393 -1.1555 0.4458, 1.9254 -1.1555 0.4479, 1.9341 -1.1555 0.435, 1.9217 -1.1555 0.4401, 1.9167 -1.1555 0.4339, 1.8855 -1.1516 0.411, 1.8566 -1.1516 0.411, 1.9033 -1.1516 0.4131, 1.9153 -1.1516 0.4178, 1.9263 -1.1516 0.4257, 1.9341 -1.1516 0.435, 1.9393 -1.1516 0.4458, 1.9418 -1.1516 0.4581, 1.9422 -1.1516 0.4648, 1.9404 -1.1516 0.4793, 1.9365 -1.1516 0.4893, 1.93 -1.1516 0.4985, 1.9263 -1.1516 0.5021, 1.9153 -1.1516 0.5096, 1.9026 -1.1516 0.5143, 1.8866 -1.1516 0.516, 1.8566 -1.1516 0.516, 1.8861 -1.1516 0.504, 1.8702 -1.1516 0.504, 1.8702 -1.1516 0.4229, 1.8854 -1.1516 0.4229, 1.9167 -1.1516 0.4339, 1.9154 -1.1516 0.4327, 1.9086 -1.1516 0.428, 1.8999 -1.1516 0.4247, 1.9279 -1.1516 0.4645, 1.9275 -1.1516 0.4574, 1.9254 -1.1516 0.4479, 1.9217 -1.1516 0.4401, 1.9164 -1.1516 0.4941, 1.9193 -1.1516 0.4911, 1.9234 -1.1516 0.4853, 1.9264 -1.1516 0.4776, 1.8869 -1.1516 0.5039, 1.9004 -1.1516 0.5022, 1.9094 -1.1516 0.4988
            ]
        }
        coordIndex [
            0,1,2,-1,2,1,3,-1,4,0,5,-1,5,0,2,-1,6,4,7,-1,7,4,5,-1,8,6,9,-1,9,6,7,-1,10,8,11,-1,11,8,9,-1,1,10,3,-1,3,10,11,-1,6,8,4,-1,4,8,10,-1,4,10,0,-1,0,10,1,-1,12,13,14,-1,14,15,12,-1,12,15,16,-1,12,16,17,-1,17,16,18,-1,18,19,17,-1,17,19,20,-1,17,20,21,-1,22,21,23,-1,23,21,20,-1,22,23,24,-1,22,24,25,-1,24,26,25,-1,25,26,27,-1,25,27,28,-1,28,27,29,-1,28,29,30,-1,30,29,31,-1,30,31,32,-1,32,31,33,-1,32,33,34,-1,34,33,35,-1,34,35,36,-1,36,35,37,-1,36,37,38,-1,38,37,39,-1,38,39,40,-1,40,39,41,-1,40,41,42,-1,42,41,43,-1,42,43,44,-1,44,43,45,-1,44,45,46,-1,46,45,47,-1,46,47,48,-1,48,47,49,-1,48,49,50,-1,50,49,51,-1,50,51,52,-1,52,51,53,-1,52,53,54,-1,54,53,55,-1,54,55,56,-1,56,55,57,-1,56,57,58,-1,58,57,59,-1,58,59,60,-1,60,59,61,-1,60,61,62,-1,62,61,63,-1,64,65,63,-1,63,65,66,-1,63,66,62,-1,64,67,65,-1,65,67,68,-1,65,68,69,-1,70,69,71,-1,71,69,68,-1,70,71,72,-1,70,72,73,-1,74,75,76,-1,76,75,73,-1,76,73,77,-1,77,73,72,-1,75,74,78,-1,75,78,79,-1,78,80,79,-1,79,80,81,-1,79,81,82,-1,82,81,83,-1,82,83,84,-1,84,83,85,-1,84,85,86,-1,86,85,87,-1,88,89,87,-1,87,89,90,-1,87,90,86,-1,88,91,89,-1,89,91,92,-1,89,92,93,-1,93,92,94,-1,93,94,95,-1,95,94,96,-1,97,98,96,-1,96,98,99,-1,96,99,95,-1,97,100,98,-1,98,100,101,-1,98,101,102,-1,102,101,103,-1,102,103,104,-1,14,13,105,-1,104,103,106,-1,104,106,107,-1,107,106,108,-1,107,108,109,-1,109,108,110,-1,109,110,105,-1,105,110,111,-1,105,111,14,-1,48,50,90,-1,90,50,86,-1,95,46,93,-1,93,46,48,-1,93,48,89,-1,89,48,90,-1,50,52,86,-1,86,52,54,-1,86,54,84,-1,84,54,56,-1,84,56,82,-1,82,56,79,-1,79,56,58,-1,79,58,75,-1,21,22,17,-1,17,22,25,-1,17,25,12,-1,12,25,28,-1,12,28,13,-1,13,28,30,-1,13,30,105,-1,105,30,32,-1,105,32,109,-1,109,32,34,-1,109,34,107,-1,107,34,36,-1,107,36,104,-1,104,36,38,-1,104,38,102,-1,102,38,40,-1,102,40,98,-1,98,40,99,-1,99,40,42,-1,99,42,95,-1,95,42,44,-1,95,44,46,-1,58,60,75,-1,75,60,62,-1,75,62,73,-1,73,62,66,-1,73,66,70,-1,70,66,65,-1,70,65,69,-1,112,113,114,-1,114,113,115,-1,116,117,118,-1,118,117,112,-1,118,112,114,-1,119,117,120,-1,120,117,116,-1,119,120,121,-1,121,120,122,-1,121,122,123,-1,124,121,125,-1,125,121,123,-1,126,127,128,-1,128,127,124,-1,128,124,125,-1,129,127,130,-1,130,127,126,-1,131,132,133,-1,133,132,129,-1,133,129,130,-1,134,132,135,-1,135,132,131,-1,136,137,138,-1,138,137,134,-1,138,134,135,-1,139,137,140,-1,140,137,136,-1,115,113,141,-1,141,113,139,-1,141,139,140,-1,139,113,112,-1,112,117,139,-1,139,117,119,-1,139,119,137,-1,132,134,129,-1,129,134,137,-1,129,137,127,-1,127,137,119,-1,127,119,124,-1,124,119,121,-1,142,143,144,-1,144,143,145,-1,144,145,146,-1,146,145,147,-1,146,147,148,-1,148,147,149,-1,148,149,150,-1,150,149,151,-1,150,151,152,-1,152,151,153,-1,152,153,154,-1,153,155,154,-1,154,155,156,-1,154,156,157,-1,157,156,158,-1,157,158,159,-1,159,158,160,-1,159,160,161,-1,161,160,162,-1,161,162,163,-1,163,162,164,-1,163,164,165,-1,165,164,166,-1,165,166,167,-1,167,166,168,-1,167,168,169,-1,169,168,170,-1,169,170,171,-1,171,170,172,-1,171,172,173,-1,173,172,174,-1,173,174,175,-1,175,174,176,-1,175,176,142,-1,142,176,177,-1,142,177,143,-1,148,150,178,-1,178,150,179,-1,148,178,180,-1,148,180,146,-1,146,180,181,-1,146,181,144,-1,144,181,182,-1,144,182,142,-1,142,182,183,-1,142,183,175,-1,175,183,184,-1,175,184,173,-1,173,184,185,-1,173,185,171,-1,171,185,186,-1,171,186,169,-1,169,186,187,-1,169,187,167,-1,167,187,188,-1,167,188,165,-1,165,188,189,-1,165,189,163,-1,163,189,190,-1,163,190,161,-1,161,190,191,-1,161,191,159,-1,159,191,192,-1,159,192,157,-1,157,192,193,-1,157,193,154,-1,152,154,194,-1,194,154,193,-1,150,152,179,-1,179,152,194,-1,155,153,195,-1,195,153,196,-1,153,151,196,-1,196,151,197,-1,151,149,197,-1,197,149,198,-1,177,199,200,-1,177,200,143,-1,143,200,201,-1,143,201,145,-1,145,201,202,-1,145,202,147,-1,147,202,198,-1,147,198,149,-1,170,203,204,-1,170,204,172,-1,172,204,205,-1,172,205,174,-1,174,205,206,-1,174,206,176,-1,176,206,199,-1,176,199,177,-1,162,207,208,-1,162,208,164,-1,164,208,209,-1,164,209,166,-1,166,209,210,-1,166,210,168,-1,168,210,203,-1,168,203,170,-1,155,195,211,-1,155,211,156,-1,156,211,212,-1,156,212,158,-1,158,212,213,-1,158,213,160,-1,160,213,207,-1,160,207,162,-1,
        ]
    }
}
Shape{
    appearance Appearance {
        material  Material 	{
            diffuseColor 0.25098039215686274 0.25098039215686274 0.25098039215686274
            specularColor 0.12549019607843137 0.12549019607843137 0.12549019607843137
            ambientIntensity 0.251
            transparency 0.0
            shininess 0.5
        }
    }
    geometry IndexedFaceSet {
        ccw TRUE
        solid FALSE
        coord DEF co Coordinate {
            point [
                1.9086 -1.1516 0.428, 1.9154 -1.1516 0.4327, 1.8869 -1.1516 0.5039, 1.8702 -1.1516 0.504, 1.8702 -1.1516 0.4229, 1.8861 -1.1516 0.504, 1.8854 -1.1516 0.4229, 1.8999 -1.1516 0.4247, 1.9167 -1.1516 0.4339, 1.9217 -1.1516 0.4401, 1.9254 -1.1516 0.4479, 1.9279 -1.1516 0.4645, 1.9164 -1.1516 0.4941, 1.9094 -1.1516 0.4988, 1.9264 -1.1516 0.4776, 1.9234 -1.1516 0.4853, 1.9193 -1.1516 0.4911, 1.9275 -1.1516 0.4574, 1.9004 -1.1516 0.5022
            ]
        }
        coordIndex [
            0,1,2,-1,3,4,5,-1,5,4,6,-1,5,6,2,-1,2,6,7,-1,2,7,0,-1,1,8,2,-1,2,8,9,-1,2,9,10,-1,11,12,13,-1,14,15,11,-1,11,15,16,-1,11,16,12,-1,10,17,2,-1,2,17,11,-1,2,11,18,-1,18,11,13,-1,
        ]
    }
}
Shape{
    appearance Appearance {
        material  Material 	{
            diffuseColor 1.0 1.0 1.0
            specularColor 0.5019607843137255 0.5019607843137255 0.5019607843137255
            ambientIntensity 1.0
            transparency 0.0
            shininess 0.5
        }
    }
    geometry IndexedFaceSet {
        ccw TRUE
        solid FALSE
        coord DEF co Coordinate {
            point [
                1.9774 -1.1555 0.4516, 1.9731 -1.1555 0.4397, 2.0126 -1.1555 0.4516, 2.0168 -1.1555 0.4397, 1.9931 -1.1555 0.4952, 1.988 -1.1555 0.516, 1.948 -1.1555 0.411, 1.963 -1.1555 0.411, 1.994 -1.1555 0.4984, 1.9948 -1.1555 0.5026, 2.0025 -1.1555 0.516, 1.9951 -1.1555 0.5026, 1.996 -1.1555 0.4982, 1.9968 -1.1555 0.4952, 2.0425 -1.1555 0.411, 2.0276 -1.1555 0.411, 2.0025 -1.1516 0.516, 2.0425 -1.1516 0.411, 1.988 -1.1516 0.516, 1.948 -1.1516 0.411, 1.9783 -1.1516 0.4905, 1.963 -1.1516 0.411, 1.9731 -1.1516 0.4397, 2.0168 -1.1516 0.4397, 1.9783 -1.1516 0.4397, 2.0276 -1.1516 0.411, 1.9774 -1.1516 0.4516, 2.0126 -1.1516 0.4516, 1.9968 -1.1516 0.4952, 1.9951 -1.1516 0.5026, 1.996 -1.1516 0.4982, 1.9948 -1.1516 0.5026, 1.9931 -1.1516 0.4952, 1.994 -1.1516 0.4984
            ]
        }
        coordIndex [
            0,1,2,-1,2,1,3,-1,4,5,0,-1,0,5,6,-1,0,6,1,-1,1,6,7,-1,4,8,5,-1,5,8,9,-1,5,9,10,-1,10,9,11,-1,10,11,12,-1,12,13,10,-1,10,13,2,-1,10,2,14,-1,14,2,3,-1,14,3,15,-1,10,14,16,-1,16,14,17,-1,5,10,18,-1,18,10,16,-1,19,6,20,-1,20,6,5,-1,20,5,18,-1,7,6,21,-1,21,6,19,-1,1,7,22,-1,22,7,21,-1,23,3,24,-1,24,3,1,-1,24,1,22,-1,15,3,25,-1,25,3,23,-1,14,15,17,-1,17,15,25,-1,0,2,26,-1,26,2,27,-1,2,13,27,-1,27,13,28,-1,11,29,30,-1,11,30,12,-1,12,30,28,-1,12,28,13,-1,11,9,29,-1,29,9,31,-1,4,32,33,-1,4,33,8,-1,8,33,31,-1,8,31,9,-1,4,0,32,-1,32,0,26,-1,
        ]
    }
}
Shape{
    appearance Appearance {
        material  Material 	{
            diffuseColor 0.25098039215686274 0.25098039215686274 0.25098039215686274
            specularColor 0.12549019607843137 0.12549019607843137 0.12549019607843137
            ambientIntensity 0.251
            transparency 0.0
            shininess 0.5
        }
    }
    geometry IndexedFaceSet {
        ccw TRUE
        solid FALSE
        coord DEF co Coordinate {
            point [
                1.9951 -1.1516 0.5026, 1.9948 -1.1516 0.5026, 1.996 -1.1516 0.4982, 1.994 -1.1516 0.4984, 1.9968 -1.1516 0.4952, 1.9931 -1.1516 0.4952, 2.0126 -1.1516 0.4516, 1.9774 -1.1516 0.4516
            ]
        }
        coordIndex [
            0,1,2,-1,2,1,3,-1,2,3,4,-1,4,3,5,-1,4,5,6,-1,6,5,7,-1,
        ]
    }
}
Shape{
    appearance Appearance {
        material  Material 	{
            diffuseColor 1.0 1.0 1.0
            specularColor 0.5019607843137255 0.5019607843137255 0.5019607843137255
            ambientIntensity 1.0
            transparency 0.0
            shininess 0.5
        }
    }
    geometry IndexedFaceSet {
        ccw TRUE
        solid FALSE
        coord DEF co Coordinate {
            point [
                1.6773 -1.1555 0.2562, 1.6773 -1.1555 0.2443, 1.6773 -1.1516 0.2562, 1.6773 -1.1516 0.2443, 1.6344 -1.1555 0.2562, 1.6344 -1.1516 0.2562, 1.6344 -1.1555 0.2916, 1.6344 -1.1516 0.2916, 1.672 -1.1555 0.2916, 1.672 -1.1516 0.2916, 1.672 -1.1555 0.3036, 1.672 -1.1516 0.3036, 1.6344 -1.1555 0.3036, 1.6344 -1.1516 0.3036, 1.6344 -1.1555 0.3373, 1.6344 -1.1516 0.3373, 1.675 -1.1555 0.3373, 1.675 -1.1516 0.3373, 1.675 -1.1555 0.3493, 1.675 -1.1516 0.3493, 1.6208 -1.1555 0.3493, 1.6208 -1.1516 0.3493, 1.6208 -1.1555 0.2443, 1.6208 -1.1516 0.2443, 1.7367 -1.1555 0.2559, 1.7371 -1.1555 0.2559, 1.7362 -1.1555 0.268, 1.7371 -1.1555 0.2738, 1.7502 -1.1555 0.2926, 1.7371 -1.1555 0.2747, 1.7371 -1.1555 0.2819, 1.7371 -1.1555 0.2443, 1.7502 -1.1555 0.2443, 1.7034 -1.1555 0.2675, 1.7041 -1.1555 0.2705, 1.6927 -1.1555 0.2764, 1.7343 -1.1555 0.2633, 1.7314 -1.1555 0.2594, 1.7346 -1.1555 0.2526, 1.7298 -1.1555 0.2578, 1.7304 -1.1555 0.2482, 1.7261 -1.1555 0.2553, 1.7259 -1.1555 0.2452, 1.7221 -1.1555 0.2538, 1.7206 -1.1555 0.2433, 1.7172 -1.1555 0.2533, 1.7137 -1.1555 0.2425, 1.7127 -1.1555 0.2538, 1.7059 -1.1555 0.2434, 1.7097 -1.1555 0.2549, 1.7008 -1.1555 0.2453, 1.7071 -1.1555 0.2567, 1.6964 -1.1555 0.2484, 1.706 -1.1555 0.2578, 1.6954 -1.1555 0.2802, 1.7052 -1.1555 0.273, 1.6995 -1.1555 0.2837, 1.7068 -1.1555 0.2749, 1.7052 -1.1555 0.2865, 1.7084 -1.1555 0.2762, 1.7114 -1.1555 0.2777, 1.7148 -1.1555 0.2889, 1.7195 -1.1555 0.2796, 1.7371 -1.1555 0.292, 1.6909 -1.1555 0.2718, 1.69 -1.1555 0.2662, 1.7033 -1.1555 0.2654, 1.6899 -1.1555 0.2644, 1.7036 -1.1555 0.2624, 1.6906 -1.1555 0.2584, 1.7045 -1.1555 0.26, 1.6922 -1.1555 0.2539, 1.6949 -1.1555 0.2499, 1.6973 -1.1555 0.314, 1.6973 -1.1555 0.3013, 1.7 -1.1555 0.3156, 1.7051 -1.1555 0.3064, 1.7098 -1.1555 0.3194, 1.7134 -1.1555 0.3094, 1.7231 -1.1555 0.321, 1.7219 -1.1555 0.3103, 1.7312 -1.1555 0.3203, 1.7263 -1.1555 0.3099, 1.7367 -1.1555 0.3186, 1.7294 -1.1555 0.3088, 1.741 -1.1555 0.3161, 1.7317 -1.1555 0.3073, 1.7445 -1.1555 0.3127, 1.7337 -1.1555 0.3052, 1.7472 -1.1555 0.3084, 1.7353 -1.1555 0.3025, 1.7493 -1.1555 0.3024, 1.7366 -1.1555 0.2978, 1.7231 -1.1516 0.321, 1.7098 -1.1516 0.3194, 1.7 -1.1516 0.3156, 1.6973 -1.1516 0.314, 1.6973 -1.1516 0.3013, 1.7051 -1.1516 0.3064, 1.7134 -1.1516 0.3094, 1.7219 -1.1516 0.3103, 1.7263 -1.1516 0.3099, 1.7294 -1.1516 0.3088, 1.7317 -1.1516 0.3073, 1.7337 -1.1516 0.3052, 1.7353 -1.1516 0.3025, 1.7366 -1.1516 0.2978, 1.7371 -1.1516 0.292, 1.7148 -1.1516 0.2889, 1.7052 -1.1516 0.2865, 1.6995 -1.1516 0.2837, 1.6954 -1.1516 0.2802, 1.6927 -1.1516 0.2764, 1.6909 -1.1516 0.2718, 1.69 -1.1516 0.2662, 1.6899 -1.1516 0.2644, 1.6906 -1.1516 0.2584, 1.6922 -1.1516 0.2539, 1.6949 -1.1516 0.2499, 1.6964 -1.1516 0.2484, 1.7137 -1.1516 0.2425, 1.7061 -1.1516 0.2434, 1.7059 -1.1516 0.2434, 1.7008 -1.1516 0.2453, 1.7206 -1.1516 0.2433, 1.7209 -1.1516 0.2434, 1.7259 -1.1516 0.2452, 1.7304 -1.1516 0.2482, 1.7346 -1.1516 0.2526, 1.7367 -1.1516 0.2559, 1.7371 -1.1516 0.2559, 1.7371 -1.1516 0.2443, 1.7502 -1.1516 0.2443, 1.7502 -1.1516 0.2926, 1.7493 -1.1516 0.3024, 1.7472 -1.1516 0.3084, 1.7445 -1.1516 0.3127, 1.741 -1.1516 0.3161, 1.7367 -1.1516 0.3186, 1.7312 -1.1516 0.3203, 1.7068 -1.1516 0.2749, 1.7084 -1.1516 0.2762, 1.7114 -1.1516 0.2777, 1.7195 -1.1516 0.2796, 1.7033 -1.1516 0.2654, 1.7034 -1.1516 0.2675, 1.7041 -1.1516 0.2705, 1.7052 -1.1516 0.273, 1.7071 -1.1516 0.2567, 1.706 -1.1516 0.2578, 1.7045 -1.1516 0.26, 1.7036 -1.1516 0.2624, 1.7172 -1.1516 0.2533, 1.7127 -1.1516 0.2538, 1.7097 -1.1516 0.2549, 1.7314 -1.1516 0.2594, 1.7298 -1.1516 0.2578, 1.7261 -1.1516 0.2553, 1.7221 -1.1516 0.2538, 1.7371 -1.1516 0.2747, 1.7371 -1.1516 0.2738, 1.7362 -1.1516 0.268, 1.7343 -1.1516 0.2633, 1.7371 -1.1516 0.2819
            ]
        }
        coordIndex [
            0,1,2,-1,2,1,3,-1,4,0,5,-1,5,0,2,-1,6,4,7,-1,7,4,5,-1,8,6,9,-1,9,6,7,-1,10,8,11,-1,11,8,9,-1,12,10,13,-1,13,10,11,-1,14,12,15,-1,15,12,13,-1,16,14,17,-1,17,14,15,-1,18,16,19,-1,19,16,17,-1,20,18,21,-1,21,18,19,-1,22,20,23,-1,23,20,21,-1,1,22,3,-1,3,22,23,-1,22,1,0,-1,0,4,22,-1,22,4,6,-1,22,6,20,-1,16,18,14,-1,14,18,20,-1,14,20,12,-1,12,20,6,-1,12,6,10,-1,10,6,8,-1,24,25,26,-1,27,28,29,-1,29,28,30,-1,31,32,25,-1,25,32,28,-1,25,28,26,-1,26,28,27,-1,33,34,35,-1,26,36,24,-1,24,36,37,-1,24,37,38,-1,38,37,39,-1,38,39,40,-1,40,39,41,-1,40,41,42,-1,42,41,43,-1,42,43,44,-1,44,43,45,-1,44,45,46,-1,46,45,47,-1,46,47,48,-1,48,47,49,-1,48,49,50,-1,50,49,51,-1,50,51,52,-1,52,51,53,-1,35,34,54,-1,54,34,55,-1,54,55,56,-1,56,55,57,-1,56,57,58,-1,57,59,58,-1,58,59,60,-1,58,60,61,-1,61,60,62,-1,61,62,63,-1,35,64,33,-1,33,64,65,-1,33,65,66,-1,66,65,67,-1,66,67,68,-1,68,67,69,-1,68,69,70,-1,70,69,71,-1,70,71,53,-1,53,71,72,-1,53,72,52,-1,73,74,75,-1,75,74,76,-1,75,76,77,-1,77,76,78,-1,77,78,79,-1,79,78,80,-1,79,80,81,-1,81,80,82,-1,81,82,83,-1,83,82,84,-1,83,84,85,-1,85,84,86,-1,85,86,87,-1,87,86,88,-1,87,88,89,-1,89,88,90,-1,89,90,91,-1,91,90,92,-1,91,92,28,-1,28,92,63,-1,28,63,30,-1,30,63,62,-1,79,93,94,-1,79,94,77,-1,77,94,95,-1,77,95,75,-1,75,95,96,-1,75,96,73,-1,74,73,97,-1,97,73,96,-1,74,97,98,-1,74,98,76,-1,76,98,99,-1,76,99,78,-1,78,99,100,-1,78,100,80,-1,80,100,101,-1,80,101,82,-1,82,101,102,-1,82,102,84,-1,84,102,103,-1,84,103,86,-1,86,103,104,-1,86,104,88,-1,88,104,105,-1,88,105,90,-1,90,105,106,-1,90,106,92,-1,92,106,107,-1,92,107,63,-1,61,63,108,-1,108,63,107,-1,61,108,109,-1,61,109,58,-1,58,109,110,-1,58,110,56,-1,56,110,111,-1,56,111,54,-1,54,111,112,-1,54,112,35,-1,35,112,113,-1,35,113,64,-1,64,113,114,-1,64,114,65,-1,65,114,115,-1,65,115,67,-1,67,115,116,-1,67,116,69,-1,69,116,117,-1,69,117,71,-1,71,117,118,-1,71,118,72,-1,72,118,119,-1,72,119,52,-1,120,46,121,-1,121,46,48,-1,121,48,122,-1,122,48,50,-1,122,50,123,-1,123,50,52,-1,123,52,119,-1,46,120,124,-1,46,124,44,-1,44,124,125,-1,44,125,42,-1,125,126,42,-1,42,126,127,-1,42,127,40,-1,40,127,128,-1,40,128,38,-1,38,128,129,-1,38,129,24,-1,25,24,130,-1,130,24,129,-1,31,25,131,-1,131,25,130,-1,32,31,132,-1,132,31,131,-1,28,32,133,-1,133,32,132,-1,28,133,134,-1,28,134,91,-1,91,134,135,-1,91,135,89,-1,89,135,136,-1,89,136,87,-1,87,136,137,-1,87,137,85,-1,85,137,138,-1,85,138,83,-1,83,138,139,-1,83,139,81,-1,81,139,93,-1,81,93,79,-1,57,140,141,-1,57,141,59,-1,59,141,142,-1,59,142,60,-1,60,142,143,-1,60,143,62,-1,66,144,145,-1,66,145,33,-1,33,145,146,-1,33,146,34,-1,34,146,147,-1,34,147,55,-1,55,147,140,-1,55,140,57,-1,51,148,149,-1,51,149,53,-1,53,149,150,-1,53,150,70,-1,70,150,151,-1,70,151,68,-1,68,151,144,-1,68,144,66,-1,45,152,153,-1,45,153,47,-1,47,153,154,-1,47,154,49,-1,49,154,148,-1,49,148,51,-1,37,155,156,-1,37,156,39,-1,39,156,157,-1,39,157,41,-1,41,157,158,-1,41,158,43,-1,43,158,152,-1,43,152,45,-1,29,159,160,-1,29,160,27,-1,27,160,161,-1,27,161,26,-1,26,161,162,-1,26,162,36,-1,36,162,155,-1,36,155,37,-1,29,30,159,-1,159,30,163,-1,30,62,163,-1,163,62,143,-1,
        ]
    }
}
Shape{
    appearance Appearance {
        material  Material 	{
            diffuseColor 0.25098039215686274 0.25098039215686274 0.25098039215686274
            specularColor 0.12549019607843137 0.12549019607843137 0.12549019607843137
            ambientIntensity 0.251
            transparency 0.0
            shininess 0.5
        }
    }
    geometry IndexedFaceSet {
        ccw TRUE
        solid FALSE
        coord DEF co Coordinate {
            point [
                1.7371 -1.1516 0.2738, 1.7371 -1.1516 0.2747, 1.7068 -1.1516 0.2749, 1.7371 -1.1516 0.2819, 1.7195 -1.1516 0.2796, 1.7114 -1.1516 0.2777, 1.7084 -1.1516 0.2762, 1.7362 -1.1516 0.268, 1.7052 -1.1516 0.273, 1.7343 -1.1516 0.2633, 1.706 -1.1516 0.2578, 1.7071 -1.1516 0.2567, 1.7298 -1.1516 0.2578, 1.7045 -1.1516 0.26, 1.7261 -1.1516 0.2553, 1.7221 -1.1516 0.2538, 1.7172 -1.1516 0.2533, 1.7041 -1.1516 0.2705, 1.7034 -1.1516 0.2675, 1.7314 -1.1516 0.2594, 1.7033 -1.1516 0.2654, 1.7036 -1.1516 0.2624, 1.7097 -1.1516 0.2549, 1.7127 -1.1516 0.2538
            ]
        }
        coordIndex [
            0,1,2,-1,1,3,4,-1,4,5,1,-1,1,5,6,-1,1,6,2,-1,0,2,7,-1,7,2,8,-1,7,8,9,-1,10,11,12,-1,10,12,13,-1,14,12,15,-1,15,12,16,-1,8,17,9,-1,9,17,18,-1,9,18,19,-1,19,18,20,-1,19,20,12,-1,12,20,21,-1,12,21,13,-1,11,22,12,-1,12,22,23,-1,12,23,16,-1,
        ]
    }
}
Shape{
    appearance Appearance {
        material  Material 	{
            diffuseColor 1.0 1.0 1.0
            specularColor 0.5019607843137255 0.5019607843137255 0.5019607843137255
            ambientIntensity 1.0
            transparency 0.0
            shininess 0.5
        }
    }
    geometry IndexedFaceSet {
        ccw TRUE
        solid FALSE
        coord DEF co Coordinate {
            point [
                1.7681 -1.1516 0.2605, 1.7681 -1.1555 0.2605, 1.7732 -1.1555 0.2573, 1.7897 -1.1555 0.2532, 1.7897 -1.1516 0.2532, 1.7815 -1.1516 0.2542, 1.7815 -1.1555 0.2542, 1.7742 -1.1516 0.2569, 1.7732 -1.1516 0.2573, 1.7681 -1.1555 0.2469, 1.7681 -1.1516 0.2469, 1.7742 -1.1516 0.2447, 1.7762 -1.1555 0.2439, 1.7884 -1.1516 0.2425, 1.7884 -1.1555 0.2425, 1.7808 -1.1516 0.2434, 1.7762 -1.1516 0.2439, 1.7975 -1.1516 0.2434, 1.7985 -1.1555 0.2435, 1.7985 -1.1516 0.2435, 1.8059 -1.1516 0.2459, 1.8059 -1.1555 0.2459, 1.8103 -1.1516 0.2485, 1.8103 -1.1555 0.2485, 1.8141 -1.1516 0.2517, 1.8141 -1.1555 0.2517, 1.8165 -1.1516 0.2552, 1.8165 -1.1555 0.2552, 1.8181 -1.1516 0.2594, 1.8181 -1.1555 0.2594, 1.8188 -1.1516 0.2647, 1.8188 -1.1555 0.2647, 1.8182 -1.1516 0.2696, 1.8182 -1.1555 0.2696, 1.8168 -1.1516 0.2735, 1.8168 -1.1555 0.2735, 1.8144 -1.1516 0.2771, 1.8144 -1.1555 0.2771, 1.8112 -1.1516 0.2799, 1.8112 -1.1555 0.2799, 1.8025 -1.1516 0.2847, 1.8025 -1.1555 0.2847, 1.7974 -1.1516 0.2868, 1.7974 -1.1555 0.2868, 1.7892 -1.1516 0.2904, 1.7892 -1.1555 0.2904, 1.7846 -1.1516 0.2933, 1.7846 -1.1555 0.2933, 1.7833 -1.1516 0.2947, 1.7833 -1.1555 0.2947, 1.7824 -1.1516 0.2964, 1.7824 -1.1555 0.2964, 1.7818 -1.1516 0.2985, 1.7818 -1.1555 0.2985, 1.7817 -1.1516 0.3002, 1.7817 -1.1555 0.3002, 1.782 -1.1516 0.3023, 1.782 -1.1555 0.3023, 1.7826 -1.1516 0.3041, 1.7826 -1.1555 0.3041, 1.7837 -1.1516 0.3058, 1.7837 -1.1555 0.3058, 1.7857 -1.1516 0.3075, 1.7857 -1.1555 0.3075, 1.7887 -1.1516 0.3091, 1.7887 -1.1555 0.3091, 1.7922 -1.1516 0.31, 1.7922 -1.1555 0.31, 1.7961 -1.1516 0.3103, 1.7961 -1.1555 0.3103, 1.8047 -1.1516 0.3094, 1.8047 -1.1555 0.3094, 1.8121 -1.1516 0.3067, 1.8121 -1.1555 0.3067, 1.8152 -1.1516 0.3049, 1.8152 -1.1555 0.3049, 1.8152 -1.1555 0.3177, 1.8152 -1.1516 0.3177, 1.8065 -1.1516 0.3202, 1.8065 -1.1555 0.3202, 1.7974 -1.1516 0.321, 1.7974 -1.1555 0.321, 1.788 -1.1516 0.3201, 1.788 -1.1555 0.3201, 1.7808 -1.1516 0.3175, 1.7808 -1.1555 0.3175, 1.7766 -1.1516 0.3151, 1.7766 -1.1555 0.3151, 1.7742 -1.1516 0.3129, 1.7727 -1.1555 0.3116, 1.7727 -1.1516 0.3116, 1.7702 -1.1516 0.308, 1.7702 -1.1555 0.308, 1.7687 -1.1516 0.3038, 1.7687 -1.1555 0.3038, 1.7682 -1.1516 0.2991, 1.7682 -1.1555 0.2991, 1.7687 -1.1516 0.2939, 1.7687 -1.1555 0.2939, 1.7702 -1.1516 0.2899, 1.7702 -1.1555 0.2899, 1.7719 -1.1516 0.2872, 1.7719 -1.1555 0.2872, 1.7881 -1.1516 0.2772, 1.7881 -1.1555 0.2772, 1.7802 -1.1555 0.2808, 1.774 -1.1516 0.2849, 1.774 -1.1555 0.2849, 1.7742 -1.1516 0.2849, 1.7802 -1.1516 0.2808, 1.7967 -1.1516 0.2736, 1.7967 -1.1555 0.2736, 1.8019 -1.1516 0.2705, 1.8019 -1.1555 0.2705, 1.8035 -1.1516 0.2688, 1.8035 -1.1555 0.2688, 1.8045 -1.1516 0.2671, 1.8045 -1.1555 0.2671, 1.8051 -1.1516 0.265, 1.8051 -1.1555 0.265, 1.8053 -1.1516 0.2634, 1.8053 -1.1555 0.2634, 1.805 -1.1516 0.2609, 1.805 -1.1555 0.2609, 1.8043 -1.1516 0.259, 1.8043 -1.1555 0.259, 1.8032 -1.1516 0.2573, 1.8032 -1.1555 0.2573, 1.8017 -1.1516 0.256, 1.8017 -1.1555 0.256, 1.8005 -1.1516 0.2552, 1.8005 -1.1555 0.2552, 1.7971 -1.1516 0.254, 1.7971 -1.1555 0.254, 1.7903 -1.1516 0.2532, 1.7903 -1.1555 0.2532, 1.884 -1.1555 0.3193, 1.8977 -1.1555 0.3193, 1.884 -1.1516 0.3193, 1.8977 -1.1516 0.3193, 1.8635 -1.1555 0.2628, 1.8635 -1.1516 0.2628, 1.8625 -1.1516 0.2593, 1.8625 -1.1555 0.2593, 1.8619 -1.1516 0.2567, 1.8619 -1.1555 0.2567, 1.8616 -1.1555 0.2567, 1.8616 -1.1516 0.2567, 1.8599 -1.1555 0.2629, 1.8599 -1.1516 0.2629, 1.8403 -1.1516 0.3193, 1.8403 -1.1555 0.3193, 1.8467 -1.1516 0.301, 1.8256 -1.1555 0.3193, 1.8256 -1.1516 0.3193, 1.8551 -1.1516 0.2444, 1.8551 -1.1555 0.2444, 1.8467 -1.1516 0.2657, 1.8493 -1.1516 0.2308, 1.8493 -1.1555 0.2308, 1.8546 -1.1516 0.2434, 1.8467 -1.1516 0.226, 1.8467 -1.1555 0.226, 1.8467 -1.1516 0.226, 1.8442 -1.1516 0.2233, 1.8442 -1.1555 0.2233, 1.8419 -1.1516 0.2217, 1.8419 -1.1555 0.2217, 1.8391 -1.1516 0.2206, 1.8391 -1.1555 0.2206, 1.8358 -1.1516 0.2202, 1.8358 -1.1555 0.2202, 1.831 -1.1516 0.2208, 1.831 -1.1555 0.2208, 1.8283 -1.1516 0.2217, 1.8283 -1.1555 0.2217, 1.8283 -1.1555 0.21, 1.8283 -1.1516 0.21, 1.8339 -1.1516 0.209, 1.8339 -1.1555 0.209, 1.8368 -1.1516 0.2089, 1.8368 -1.1555 0.2089, 1.8421 -1.1516 0.2095, 1.8421 -1.1555 0.2095, 1.8467 -1.1516 0.2113, 1.8473 -1.1555 0.2115, 1.8473 -1.1516 0.2115, 1.8519 -1.1516 0.2147, 1.8519 -1.1555 0.2147, 1.8528 -1.1516 0.2155, 1.8528 -1.1555 0.2155, 1.8576 -1.1516 0.2213, 1.8576 -1.1555 0.2213, 1.8636 -1.1516 0.2329, 1.8636 -1.1555 0.2329, 1.8677 -1.1516 0.2434, 1.9684 -1.1555 0.2562, 1.9684 -1.1555 0.2443, 1.9684 -1.1516 0.2562, 1.9684 -1.1516 0.2443, 1.9254 -1.1516 0.2562, 1.9254 -1.1555 0.2562, 1.9451 -1.1516 0.2562, 1.9254 -1.1555 0.2916, 1.9254 -1.1516 0.2916, 1.963 -1.1516 0.2916, 1.963 -1.1555 0.2916, 1.9451 -1.1516 0.2916, 1.963 -1.1555 0.3036, 1.963 -1.1516 0.3036, 1.9254 -1.1516 0.3036, 1.9254 -1.1555 0.3036, 1.9451 -1.1516 0.3036, 1.9254 -1.1555 0.3373, 1.9254 -1.1516 0.3373, 1.966 -1.1516 0.3373, 1.966 -1.1555 0.3373, 1.9451 -1.1516 0.3373, 1.966 -1.1555 0.3493, 1.966 -1.1516 0.3493, 1.9118 -1.1516 0.3493, 1.9118 -1.1555 0.3493, 1.9451 -1.1516 0.3493, 1.9118 -1.1555 0.2443, 1.9118 -1.1516 0.2443, 1.9451 -1.1516 0.2443, 2.0579 -1.1555 0.259, 2.047 -1.1555 0.266, 2.0469 -1.1555 0.2511, 2.0402 -1.1555 0.2613, 2.0349 -1.1555 0.2464, 2.0315 -1.1555 0.258, 2.0171 -1.1555 0.2443, 2.017 -1.1555 0.2562, 1.9882 -1.1555 0.2443, 2.0018 -1.1555 0.2562, 1.9882 -1.1555 0.3493, 2.0018 -1.1555 0.3373, 2.0182 -1.1555 0.3493, 2.0176 -1.1555 0.3373, 2.0185 -1.1555 0.3372, 2.0342 -1.1555 0.3476, 2.032 -1.1555 0.3356, 2.0469 -1.1555 0.3429, 2.041 -1.1555 0.3321, 2.0579 -1.1555 0.3354, 2.048 -1.1555 0.3274, 2.0616 -1.1555 0.3318, 2.0509 -1.1555 0.3245, 2.0681 -1.1555 0.3226, 2.055 -1.1555 0.3186, 2.072 -1.1555 0.3126, 2.0579 -1.1555 0.3109, 2.0738 -1.1555 0.2981, 2.0595 -1.1555 0.2978, 2.0734 -1.1555 0.2914, 2.0591 -1.1555 0.2907, 2.0709 -1.1555 0.2791, 2.057 -1.1555 0.2812, 2.0657 -1.1555 0.2683, 2.0533 -1.1555 0.2734, 2.0483 -1.1555 0.2672, 2.0171 -1.1516 0.2443, 1.9882 -1.1516 0.2443, 2.0349 -1.1516 0.2464, 2.0469 -1.1516 0.2511, 2.0579 -1.1516 0.259, 2.0657 -1.1516 0.2683, 2.0709 -1.1516 0.2791, 2.0734 -1.1516 0.2914, 2.0738 -1.1516 0.2981, 2.072 -1.1516 0.3126, 2.0681 -1.1516 0.3226, 2.0616 -1.1516 0.3318, 2.0579 -1.1516 0.3354, 2.0469 -1.1516 0.3429, 2.0342 -1.1516 0.3476, 2.0182 -1.1516 0.3493, 1.9882 -1.1516 0.3493, 2.0176 -1.1516 0.3373, 2.0018 -1.1516 0.3373, 2.0018 -1.1516 0.2562, 2.017 -1.1516 0.2562, 2.0483 -1.1516 0.2672, 2.047 -1.1516 0.266, 2.0402 -1.1516 0.2613, 2.0315 -1.1516 0.258, 2.0595 -1.1516 0.2978, 2.0591 -1.1516 0.2907, 2.057 -1.1516 0.2812, 2.0533 -1.1516 0.2734, 2.048 -1.1516 0.3274, 2.0509 -1.1516 0.3245, 2.055 -1.1516 0.3186, 2.0579 -1.1516 0.3109, 2.0185 -1.1516 0.3372, 2.032 -1.1516 0.3356, 2.041 -1.1516 0.3321
            ]
        }
        coordIndex [
            0,1,2,-1,3,4,5,-1,3,5,6,-1,6,5,7,-1,6,7,2,-1,2,7,8,-1,2,8,0,-1,9,1,10,-1,10,1,0,-1,10,11,9,-1,9,11,12,-1,13,14,15,-1,15,14,12,-1,15,12,16,-1,16,12,11,-1,13,17,14,-1,14,17,18,-1,17,19,18,-1,18,19,20,-1,18,20,21,-1,21,20,22,-1,21,22,23,-1,23,22,24,-1,23,24,25,-1,25,24,26,-1,25,26,27,-1,27,26,28,-1,27,28,29,-1,29,28,30,-1,29,30,31,-1,31,30,32,-1,31,32,33,-1,33,32,34,-1,33,34,35,-1,35,34,36,-1,35,36,37,-1,37,36,38,-1,37,38,39,-1,39,38,40,-1,39,40,41,-1,41,40,42,-1,41,42,43,-1,43,42,44,-1,43,44,45,-1,45,44,46,-1,45,46,47,-1,47,46,48,-1,47,48,49,-1,49,48,50,-1,49,50,51,-1,51,50,52,-1,51,52,53,-1,53,52,54,-1,53,54,55,-1,55,54,56,-1,55,56,57,-1,57,56,58,-1,57,58,59,-1,59,58,60,-1,59,60,61,-1,61,60,62,-1,61,62,63,-1,63,62,64,-1,63,64,65,-1,65,64,66,-1,65,66,67,-1,67,66,68,-1,67,68,69,-1,69,68,70,-1,69,70,71,-1,71,70,72,-1,71,72,73,-1,73,72,74,-1,73,74,75,-1,76,75,77,-1,77,75,74,-1,76,77,78,-1,76,78,79,-1,79,78,80,-1,79,80,81,-1,81,80,82,-1,81,82,83,-1,83,82,84,-1,83,84,85,-1,85,84,86,-1,85,86,87,-1,86,88,87,-1,87,88,89,-1,88,90,89,-1,89,90,91,-1,89,91,92,-1,92,91,93,-1,92,93,94,-1,94,93,95,-1,94,95,96,-1,96,95,97,-1,96,97,98,-1,98,97,99,-1,98,99,100,-1,100,99,101,-1,100,101,102,-1,103,104,105,-1,102,101,106,-1,102,106,107,-1,107,106,108,-1,107,108,105,-1,105,108,109,-1,105,109,103,-1,104,103,110,-1,104,110,111,-1,111,110,112,-1,111,112,113,-1,113,112,114,-1,113,114,115,-1,115,114,116,-1,115,116,117,-1,117,116,118,-1,117,118,119,-1,119,118,120,-1,119,120,121,-1,121,120,122,-1,121,122,123,-1,123,122,124,-1,123,124,125,-1,125,124,126,-1,125,126,127,-1,127,126,128,-1,127,128,129,-1,129,128,130,-1,129,130,131,-1,131,130,132,-1,131,132,133,-1,133,132,134,-1,133,134,135,-1,135,134,4,-1,135,4,3,-1,61,63,85,-1,85,63,83,-1,45,104,43,-1,43,104,111,-1,43,111,41,-1,14,3,12,-1,12,3,6,-1,12,6,9,-1,9,6,2,-1,9,2,1,-1,63,65,83,-1,83,65,67,-1,83,67,81,-1,81,67,69,-1,81,69,79,-1,79,69,71,-1,79,71,76,-1,76,71,73,-1,76,73,75,-1,41,111,39,-1,39,111,113,-1,39,113,37,-1,37,113,115,-1,37,115,35,-1,35,115,117,-1,35,117,33,-1,33,117,119,-1,33,119,31,-1,31,119,121,-1,31,121,29,-1,29,121,123,-1,29,123,27,-1,27,123,125,-1,27,125,25,-1,25,125,127,-1,25,127,23,-1,23,127,129,-1,23,129,21,-1,21,129,131,-1,21,131,18,-1,18,131,133,-1,18,133,14,-1,14,133,135,-1,14,135,3,-1,85,87,61,-1,61,87,89,-1,61,89,59,-1,59,89,92,-1,59,92,57,-1,57,92,94,-1,57,94,55,-1,55,94,96,-1,55,96,53,-1,53,96,98,-1,53,98,51,-1,51,98,100,-1,51,100,49,-1,49,100,102,-1,49,102,47,-1,47,102,107,-1,47,107,45,-1,45,107,105,-1,45,105,104,-1,136,137,138,-1,138,137,139,-1,140,136,141,-1,141,136,138,-1,140,141,142,-1,140,142,143,-1,143,142,144,-1,143,144,145,-1,146,145,147,-1,147,145,144,-1,148,146,149,-1,149,146,147,-1,150,151,152,-1,152,151,148,-1,152,148,149,-1,153,151,154,-1,154,151,150,-1,155,156,157,-1,157,156,153,-1,157,153,154,-1,158,159,160,-1,160,159,156,-1,160,156,155,-1,158,161,159,-1,159,161,162,-1,161,163,162,-1,162,163,164,-1,162,164,165,-1,165,164,166,-1,165,166,167,-1,167,166,168,-1,167,168,169,-1,169,168,170,-1,169,170,171,-1,171,170,172,-1,171,172,173,-1,173,172,174,-1,173,174,175,-1,176,175,177,-1,177,175,174,-1,176,177,178,-1,176,178,179,-1,179,178,180,-1,179,180,181,-1,181,180,182,-1,181,182,183,-1,183,182,184,-1,183,184,185,-1,184,186,185,-1,185,186,187,-1,185,187,188,-1,188,187,189,-1,188,189,190,-1,190,189,191,-1,190,191,192,-1,192,191,193,-1,192,193,194,-1,139,137,195,-1,195,137,194,-1,195,194,193,-1,143,145,194,-1,137,136,194,-1,194,136,140,-1,194,140,143,-1,151,153,148,-1,148,153,156,-1,148,156,146,-1,175,176,173,-1,173,176,179,-1,173,179,171,-1,171,179,181,-1,171,181,169,-1,169,181,183,-1,169,183,167,-1,167,183,185,-1,167,185,165,-1,145,146,194,-1,194,146,156,-1,194,156,192,-1,156,159,192,-1,192,159,162,-1,192,162,190,-1,190,162,165,-1,190,165,188,-1,188,165,185,-1,196,197,198,-1,198,197,199,-1,200,201,202,-1,202,201,196,-1,202,196,198,-1,203,201,204,-1,204,201,200,-1,205,206,207,-1,207,206,203,-1,207,203,204,-1,208,206,209,-1,209,206,205,-1,210,211,212,-1,212,211,208,-1,212,208,209,-1,213,211,214,-1,214,211,210,-1,215,216,217,-1,217,216,213,-1,217,213,214,-1,218,216,219,-1,219,216,215,-1,220,221,222,-1,222,221,218,-1,222,218,219,-1,223,221,224,-1,224,221,220,-1,199,197,225,-1,225,197,223,-1,225,223,224,-1,223,197,196,-1,196,201,223,-1,223,201,203,-1,223,203,221,-1,216,218,213,-1,213,218,221,-1,213,221,211,-1,211,221,203,-1,211,203,208,-1,208,203,206,-1,226,227,228,-1,228,227,229,-1,228,229,230,-1,230,229,231,-1,230,231,232,-1,232,231,233,-1,232,233,234,-1,234,233,235,-1,234,235,236,-1,236,235,237,-1,236,237,238,-1,237,239,238,-1,238,239,240,-1,238,240,241,-1,241,240,242,-1,241,242,243,-1,243,242,244,-1,243,244,245,-1,245,244,246,-1,245,246,247,-1,247,246,248,-1,247,248,249,-1,249,248,250,-1,249,250,251,-1,251,250,252,-1,251,252,253,-1,253,252,254,-1,253,254,255,-1,255,254,256,-1,255,256,257,-1,257,256,258,-1,257,258,259,-1,259,258,260,-1,259,260,226,-1,226,260,261,-1,226,261,227,-1,232,234,262,-1,262,234,263,-1,232,262,264,-1,232,264,230,-1,230,264,265,-1,230,265,228,-1,228,265,266,-1,228,266,226,-1,226,266,267,-1,226,267,259,-1,259,267,268,-1,259,268,257,-1,257,268,269,-1,257,269,255,-1,255,269,270,-1,255,270,253,-1,253,270,271,-1,253,271,251,-1,251,271,272,-1,251,272,249,-1,249,272,273,-1,249,273,247,-1,247,273,274,-1,247,274,245,-1,245,274,275,-1,245,275,243,-1,243,275,276,-1,243,276,241,-1,241,276,277,-1,241,277,238,-1,236,238,278,-1,278,238,277,-1,234,236,263,-1,263,236,278,-1,239,237,279,-1,279,237,280,-1,237,235,280,-1,280,235,281,-1,235,233,281,-1,281,233,282,-1,261,283,284,-1,261,284,227,-1,227,284,285,-1,227,285,229,-1,229,285,286,-1,229,286,231,-1,231,286,282,-1,231,282,233,-1,254,287,288,-1,254,288,256,-1,256,288,289,-1,256,289,258,-1,258,289,290,-1,258,290,260,-1,260,290,283,-1,260,283,261,-1,246,291,292,-1,246,292,248,-1,248,292,293,-1,248,293,250,-1,250,293,294,-1,250,294,252,-1,252,294,287,-1,252,287,254,-1,239,279,295,-1,239,295,240,-1,240,295,296,-1,240,296,242,-1,242,296,297,-1,242,297,244,-1,244,297,291,-1,244,291,246,-1,
        ]
    }
}
Shape{
    appearance Appearance {
        material  Material 	{
            diffuseColor 0.25098039215686274 0.25098039215686274 0.25098039215686274
            specularColor 0.12549019607843137 0.12549019607843137 0.12549019607843137
            ambientIntensity 0.251
            transparency 0.0
            shininess 0.5
        }
    }
    geometry IndexedFaceSet {
        ccw TRUE
        solid FALSE
        coord DEF co Coordinate {
            point [
                2.0402 -1.1516 0.2613, 2.047 -1.1516 0.266, 2.0185 -1.1516 0.3372, 2.0018 -1.1516 0.3373, 2.0018 -1.1516 0.2562, 2.0176 -1.1516 0.3373, 2.017 -1.1516 0.2562, 2.0315 -1.1516 0.258, 2.0483 -1.1516 0.2672, 2.0533 -1.1516 0.2734, 2.057 -1.1516 0.2812, 2.0595 -1.1516 0.2978, 2.048 -1.1516 0.3274, 2.041 -1.1516 0.3321, 2.0579 -1.1516 0.3109, 2.055 -1.1516 0.3186, 2.0509 -1.1516 0.3245, 2.0591 -1.1516 0.2907, 2.032 -1.1516 0.3356
            ]
        }
        coordIndex [
            0,1,2,-1,3,4,5,-1,5,4,6,-1,5,6,2,-1,2,6,7,-1,2,7,0,-1,1,8,2,-1,2,8,9,-1,2,9,10,-1,11,12,13,-1,14,15,11,-1,11,15,16,-1,11,16,12,-1,10,17,2,-1,2,17,11,-1,2,11,18,-1,18,11,13,-1,
        ]
    }
}
Shape{
    appearance Appearance {
        material  Material 	{
            diffuseColor 1.0 1.0 1.0
            specularColor 0.5019607843137255 0.5019607843137255 0.5019607843137255
            ambientIntensity 1.0
            transparency 0.0
            shininess 0.5
        }
    }
    geometry IndexedFaceSet {
        ccw TRUE
        solid FALSE
        coord DEF co Coordinate {
            point [
                2.109 -1.1555 0.2849, 2.1047 -1.1555 0.273, 2.1442 -1.1555 0.2849, 2.1484 -1.1555 0.273, 2.1247 -1.1555 0.3286, 2.1196 -1.1555 0.3493, 2.0796 -1.1555 0.2443, 2.0946 -1.1555 0.2443, 2.1256 -1.1555 0.3317, 2.1264 -1.1555 0.3359, 2.1341 -1.1555 0.3493, 2.1267 -1.1555 0.3359, 2.1276 -1.1555 0.3315, 2.1284 -1.1555 0.3286, 2.1741 -1.1555 0.2443, 2.1591 -1.1555 0.2443, 2.1341 -1.1516 0.3493, 2.1741 -1.1516 0.2443, 2.1196 -1.1516 0.3493, 2.0796 -1.1516 0.2443, 2.0946 -1.1516 0.2443, 2.1047 -1.1516 0.273, 2.1484 -1.1516 0.273, 2.1591 -1.1516 0.2443, 2.109 -1.1516 0.2849, 2.1442 -1.1516 0.2849, 2.1284 -1.1516 0.3286, 2.1267 -1.1516 0.3359, 2.1276 -1.1516 0.3315, 2.1264 -1.1516 0.3359, 2.1247 -1.1516 0.3286, 2.1256 -1.1516 0.3317
            ]
        }
        coordIndex [
            0,1,2,-1,2,1,3,-1,4,5,0,-1,0,5,6,-1,0,6,1,-1,1,6,7,-1,4,8,5,-1,5,8,9,-1,5,9,10,-1,10,9,11,-1,10,11,12,-1,12,13,10,-1,10,13,2,-1,10,2,14,-1,14,2,3,-1,14,3,15,-1,10,14,16,-1,16,14,17,-1,5,10,18,-1,18,10,16,-1,6,5,19,-1,19,5,18,-1,7,6,20,-1,20,6,19,-1,1,7,21,-1,21,7,20,-1,3,1,22,-1,22,1,21,-1,15,3,23,-1,23,3,22,-1,14,15,17,-1,17,15,23,-1,0,2,24,-1,24,2,25,-1,2,13,25,-1,25,13,26,-1,11,27,28,-1,11,28,12,-1,12,28,26,-1,12,26,13,-1,11,9,27,-1,27,9,29,-1,4,30,31,-1,4,31,8,-1,8,31,29,-1,8,29,9,-1,4,0,30,-1,30,0,24,-1,
        ]
    }
}
Shape{
    appearance Appearance {
        material  Material 	{
            diffuseColor 0.25098039215686274 0.25098039215686274 0.25098039215686274
            specularColor 0.12549019607843137 0.12549019607843137 0.12549019607843137
            ambientIntensity 0.251
            transparency 0.0
            shininess 0.5
        }
    }
    geometry IndexedFaceSet {
        ccw TRUE
        solid FALSE
        coord DEF co Coordinate {
            point [
                2.1267 -1.1516 0.3359, 2.1264 -1.1516 0.3359, 2.1276 -1.1516 0.3315, 2.1256 -1.1516 0.3317, 2.1284 -1.1516 0.3286, 2.1247 -1.1516 0.3286, 2.1442 -1.1516 0.2849, 2.109 -1.1516 0.2849
            ]
        }
        coordIndex [
            0,1,2,-1,2,1,3,-1,2,3,4,-1,4,3,5,-1,4,5,6,-1,6,5,7,-1,
        ]
    }
}