#VRML V2.0 utf8
# 3D model generated by easyeda2kicad.py (https://github.com/uPesy/easyeda2kicad.py)

Shape{
    appearance Appearance {
        material  Material 	{
            diffuseColor 0.8313725490196079 0.6705882352941176 0.12941176470588237
            specularColor 0.6666666666666666 0.5372549019607843 0.10196078431372549
            ambientIntensity 0.657
            transparency 0.0
            shininess 0.5
        }
    }
    geometry IndexedFaceSet {
        ccw TRUE
        solid FALSE
        coord DEF co Coordinate {
            point [
                0.57 0.8422 1.3358, 0.8711 0.8422 1.2972, 0.57 0.2516 1.3358, 0.8711 0.2516 1.2972, 0.58 0.8422 1.4139, 0.58 0.2516 1.4139, 0.8811 0.8422 1.3753, 0.8811 0.2516 1.3753, 0.9019 0.2516 1.3707, 0.9019 0.8422 1.3707, 0.9215 0.2516 1.3625, 0.9215 0.8422 1.3625, 0.9394 0.2516 1.3508, 0.9394 0.8422 1.3508, 0.9548 0.2516 1.3362, 0.9548 0.8422 1.3362, 0.9674 0.2516 1.319, 0.9674 0.8422 1.319, 0.9766 0.2516 1.2999, 0.9766 0.8422 1.2999, 0.9823 0.2516 1.2794, 0.9823 0.8422 1.2794, 0.9843 0.2516 1.2582, 0.9843 0.8422 1.2582, 0.9843 0.8422 0.8071, 0.9843 0.2516 0.8071, 0.9055 0.8422 0.8071, 0.9055 0.2516 0.8071, 0.9055 0.8422 1.2582, 0.9055 0.2516 1.2582, 0.9044 0.8422 1.2675, 0.9044 0.2516 1.2675, 0.901 0.8422 1.2764, 0.901 0.2516 1.2764, 0.8957 0.8422 1.2842, 0.8957 0.2516 1.2842, 0.8886 0.8422 1.2905, 0.8886 0.2516 1.2905, 0.8803 0.8422 1.2949, 0.8803 0.2516 1.2949, 0.57 -0.3389 1.3358, 0.8711 -0.3389 1.2972, 0.57 -0.9295 1.3358, 0.8711 -0.9295 1.2972, 0.58 -0.3389 1.4139, 0.58 -0.9295 1.4139, 0.8811 -0.3389 1.3753, 0.8811 -0.9295 1.3753, 0.9019 -0.9295 1.3707, 0.9019 -0.3389 1.3707, 0.9215 -0.9295 1.3625, 0.9215 -0.3389 1.3625, 0.9394 -0.9295 1.3508, 0.9394 -0.3389 1.3508, 0.9548 -0.9295 1.3362, 0.9548 -0.3389 1.3362, 0.9674 -0.9295 1.319, 0.9674 -0.3389 1.319, 0.9766 -0.9295 1.2999, 0.9766 -0.3389 1.2999, 0.9823 -0.9295 1.2794, 0.9823 -0.3389 1.2794, 0.9843 -0.9295 1.2582, 0.9843 -0.3389 1.2582, 0.9843 -0.3389 0.8071, 0.9843 -0.9295 0.8071, 0.9055 -0.3389 0.8071, 0.9055 -0.9295 0.8071, 0.9055 -0.3389 1.2582, 0.9055 -0.9295 1.2582, 0.9044 -0.3389 1.2675, 0.9044 -0.9295 1.2675, 0.901 -0.3389 1.2764, 0.901 -0.9295 1.2764, 0.8957 -0.3389 1.2842, 0.8957 -0.9295 1.2842, 0.8886 -0.3389 1.2905, 0.8886 -0.9295 1.2905, 0.8803 -0.3389 1.2949, 0.8803 -0.9295 1.2949, 1.009 0.2516 1.6145, 1.009 0.8422 1.6145, 0.1399 0.2516 1.8005, 0.1399 0.8422 1.8005, -0.339 0.1174 1.903, -0.339 0.708 1.903, -0.6862 0.0247 1.8968, -0.6862 0.6153 1.8968, 0.1234 0.2516 1.7235, 0.1234 0.8422 1.7235, 0.9925 0.2516 1.5375, 0.9925 0.8422 1.5375, 1.0343 0.2516 1.606, 1.0343 0.8422 1.606, 1.0571 0.2516 1.592, 1.0571 0.8422 1.592, 1.0761 0.2516 1.5732, 1.0761 0.8422 1.5732, 1.0904 0.2516 1.5507, 1.0904 0.8422 1.5507, 1.0993 0.2516 1.5255, 1.0993 0.8422 1.5255, 1.1024 0.2516 1.499, 1.1024 0.8422 1.499, 1.1024 0.8422 1.3976, 1.1024 0.2516 1.3976, 1.0236 0.8422 1.3976, 1.0236 0.2516 1.3976, 1.0236 0.8422 1.499, 1.0236 0.2516 1.499, 1.0226 0.8422 1.5078, 1.0226 0.2516 1.5078, 1.0196 0.8422 1.5162, 1.0196 0.2516 1.5162, 1.0149 0.8422 1.5237, 1.0149 0.2516 1.5237, 1.0085 0.8422 1.53, 1.0085 0.2516 1.53, 1.0009 0.8422 1.5346, 1.0009 0.2516 1.5346, -0.3481 0.1142 1.9164, -0.3731 0.1058 1.9455, -0.4027 0.0965 1.9705, -0.4365 0.0863 1.9905, -0.4737 0.0755 2.0048, -0.5129 0.0645 2.0125, -0.5536 0.0536 2.0133, -0.5944 0.043 2.0069, -0.6341 0.0332 1.9933, -0.6697 0.0247 1.9738, -0.6697 0.6153 1.9738, -0.4027 0.687 1.9705, -0.3731 0.6964 1.9455, -0.3481 0.7048 1.9164, -0.5129 0.6551 2.0125, -0.4737 0.666 2.0048, -0.4365 0.6768 1.9905, -0.6341 0.6237 1.9933, -0.5944 0.6336 2.0069, -0.5536 0.6441 2.0133, 0.57 2.0233 1.3358, 0.8711 2.0233 1.2972, 0.57 1.4327 1.3358, 0.8711 1.4327 1.2972, 0.58 2.0233 1.4139, 0.58 1.4327 1.4139, 0.8811 2.0233 1.3753, 0.8811 1.4327 1.3753, 0.9019 1.4327 1.3707, 0.9019 2.0233 1.3707, 0.9215 1.4327 1.3625, 0.9215 2.0233 1.3625, 0.9394 1.4327 1.3508, 0.9394 2.0233 1.3508, 0.9548 1.4327 1.3362, 0.9548 2.0233 1.3362, 0.9674 1.4327 1.319, 0.9674 2.0233 1.319, 0.9766 1.4327 1.2999, 0.9766 2.0233 1.2999, 0.9823 1.4327 1.2794, 0.9823 2.0233 1.2794, 0.9843 1.4327 1.2582, 0.9843 2.0233 1.2582, 0.9843 2.0233 0.8071, 0.9843 1.4327 0.8071, 0.9055 2.0233 0.8071, 0.9055 1.4327 0.8071, 0.9055 2.0233 1.2582, 0.9055 1.4327 1.2582, 0.9044 2.0233 1.2675, 0.9044 1.4327 1.2675, 0.901 2.0233 1.2764, 0.901 1.4327 1.2764, 0.8957 2.0233 1.2842, 0.8957 1.4327 1.2842, 0.8886 2.0233 1.2905, 0.8886 1.4327 1.2905, 0.8803 2.0233 1.2949, 0.8803 1.4327 1.2949, 1.009 -0.9295 1.6145, 1.009 -0.3389 1.6145, 0.1399 -0.9295 1.8005, 0.1399 -0.3389 1.8005, -0.339 -1.0637 1.903, -0.339 -0.4731 1.903, -0.6862 -1.1564 1.8968, -0.6862 -0.5658 1.8968, 0.1234 -0.9295 1.7235, 0.1234 -0.3389 1.7235, 0.9925 -0.9295 1.5375, 0.9925 -0.3389 1.5375, 1.0343 -0.9295 1.606, 1.0343 -0.3389 1.606, 1.0571 -0.9295 1.592, 1.0571 -0.3389 1.592, 1.0761 -0.9295 1.5732, 1.0761 -0.3389 1.5732, 1.0904 -0.9295 1.5507, 1.0904 -0.3389 1.5507, 1.0993 -0.9295 1.5255, 1.0993 -0.3389 1.5255, 1.1024 -0.9295 1.499, 1.1024 -0.3389 1.499, 1.1024 -0.3389 1.3976, 1.1024 -0.9295 1.3976, 1.0236 -0.3389 1.3976, 1.0236 -0.9295 1.3976, 1.0236 -0.3389 1.499, 1.0236 -0.9295 1.499, 1.0226 -0.3389 1.5078, 1.0226 -0.9295 1.5078, 1.0196 -0.3389 1.5162, 1.0196 -0.9295 1.5162, 1.0149 -0.3389 1.5237, 1.0149 -0.9295 1.5237, 1.0085 -0.3389 1.53, 1.0085 -0.9295 1.53, 1.0009 -0.3389 1.5346, 1.0009 -0.9295 1.5346, -0.3481 -1.0669 1.9164, -0.3731 -1.0753 1.9455, -0.4027 -1.0846 1.9705, -0.4365 -1.0948 1.9905, -0.4737 -1.1056 2.0048, -0.5129 -1.1166 2.0125, -0.5536 -1.1275 2.0133, -0.5944 -1.1381 2.0069, -0.6341 -1.1479 1.9933, -0.6697 -1.1564 1.9738, -0.6697 -0.5658 1.9738, -0.4027 -0.4941 1.9705, -0.3731 -0.4847 1.9455, -0.3481 -0.4764 1.9164, -0.5129 -0.526 2.0125, -0.4737 -0.5151 2.0048, -0.4365 -0.5043 1.9905, -0.6341 -0.5574 1.9933, -0.5944 -0.5475 2.0069, -0.5536 -0.537 2.0133, -1.009 -1.572 1.6145, -1.009 -2.1625 1.6145, -0.1399 -1.572 1.8005, -0.1399 -2.1625 1.8005, 0.339 -1.4378 1.903, 0.339 -2.0283 1.903, 0.6862 -1.3451 1.8968, 0.6862 -1.9356 1.8968, -0.1234 -1.572 1.7235, -0.1234 -2.1625 1.7235, -0.9925 -1.572 1.5375, -0.9925 -2.1625 1.5375, -1.0343 -1.572 1.606, -1.0343 -2.1625 1.606, -1.0571 -1.572 1.592, -1.0571 -2.1625 1.592, -1.0761 -1.572 1.5732, -1.0761 -2.1625 1.5732, -1.0904 -1.572 1.5507, -1.0904 -2.1625 1.5507, -1.0993 -1.572 1.5255, -1.0993 -2.1625 1.5255, -1.1024 -1.572 1.499, -1.1024 -2.1625 1.499, -1.1024 -2.1625 1.3976, -1.1024 -1.572 1.3976, -1.0236 -2.1625 1.3976, -1.0236 -1.572 1.3976, -1.0236 -2.1625 1.499, -1.0236 -1.572 1.499, -1.0226 -2.1625 1.5078, -1.0226 -1.572 1.5078, -1.0196 -2.1625 1.5162, -1.0196 -1.572 1.5162, -1.0149 -2.1625 1.5237, -1.0149 -1.572 1.5237, -1.0085 -2.1625 1.53, -1.0085 -1.572 1.53, -1.0009 -2.1625 1.5346, -1.0009 -1.572 1.5346, 0.3481 -1.4345 1.9164, 0.3731 -1.4262 1.9455, 0.4027 -1.4168 1.9705, 0.4365 -1.4066 1.9905, 0.4737 -1.3958 2.0048, 0.5129 -1.3849 2.0125, 0.5536 -1.3739 2.0133, 0.5944 -1.3634 2.0069, 0.6341 -1.3535 1.9933, 0.6697 -1.3451 1.9738, 0.6697 -1.9356 1.9738, 0.4027 -2.0074 1.9705, 0.3731 -2.0167 1.9455, 0.3481 -2.0251 1.9164, 0.5129 -1.9754 2.0125, 0.4737 -1.9864 2.0048, 0.4365 -1.9972 1.9905, 0.6341 -1.9441 1.9933, 0.5944 -1.9539 2.0069, 0.5536 -1.9645 2.0133, 1.009 1.4327 1.6145, 1.009 2.0233 1.6145, 0.1399 1.4327 1.8005, 0.1399 2.0233 1.8005, -0.339 1.2985 1.903, -0.339 1.8891 1.903, -0.6862 1.2058 1.8968, -0.6862 1.7964 1.8968, 0.1234 1.4327 1.7235, 0.1234 2.0233 1.7235, 0.9925 1.4327 1.5375, 0.9925 2.0233 1.5375, 1.0343 1.4327 1.606, 1.0343 2.0233 1.606, 1.0571 1.4327 1.592, 1.0571 2.0233 1.592, 1.0761 1.4327 1.5732, 1.0761 2.0233 1.5732, 1.0904 1.4327 1.5507, 1.0904 2.0233 1.5507, 1.0993 1.4327 1.5255, 1.0993 2.0233 1.5255, 1.1024 1.4327 1.499, 1.1024 2.0233 1.499, 1.1024 2.0233 1.3976, 1.1024 1.4327 1.3976, 1.0236 2.0233 1.3976, 1.0236 1.4327 1.3976, 1.0236 2.0233 1.499, 1.0236 1.4327 1.499, 1.0226 2.0233 1.5078, 1.0226 1.4327 1.5078, 1.0196 2.0233 1.5162, 1.0196 1.4327 1.5162, 1.0149 2.0233 1.5237, 1.0149 1.4327 1.5237, 1.0085 2.0233 1.53, 1.0085 1.4327 1.53, 1.0009 2.0233 1.5346, 1.0009 1.4327 1.5346, -0.3481 1.2953 1.9164, -0.3731 1.2869 1.9455, -0.4027 1.2776 1.9705, -0.4365 1.2674 1.9905, -0.4737 1.2566 2.0048, -0.5129 1.2456 2.0125, -0.5536 1.2347 2.0133, -0.5944 1.2241 2.0069, -0.6341 1.2143 1.9933, -0.6697 1.2058 1.9738, -0.6697 1.7964 1.9738, -0.4027 1.8681 1.9705, -0.3731 1.8775 1.9455, -0.3481 1.8859 1.9164, -0.5129 1.8362 2.0125, -0.4737 1.8471 2.0048, -0.4365 1.8579 1.9905, -0.6341 1.8048 1.9933, -0.5944 1.8147 2.0069, -0.5536 1.8252 2.0133, -0.57 -2.1625 1.3358, -0.8711 -2.1625 1.2972, -0.57 -1.572 1.3358, -0.8711 -1.572 1.2972, -0.58 -2.1625 1.4139, -0.58 -1.572 1.4139, -0.8811 -2.1625 1.3753, -0.8811 -1.572 1.3753, -0.9019 -1.572 1.3707, -0.9019 -2.1625 1.3707, -0.9215 -1.572 1.3625, -0.9215 -2.1625 1.3625, -0.9394 -1.572 1.3508, -0.9394 -2.1625 1.3508, -0.9548 -1.572 1.3362, -0.9548 -2.1625 1.3362, -0.9674 -1.572 1.319, -0.9674 -2.1625 1.319, -0.9766 -1.572 1.2999, -0.9766 -2.1625 1.2999, -0.9823 -1.572 1.2794, -0.9823 -2.1625 1.2794, -0.9843 -1.572 1.2582, -0.9843 -2.1625 1.2582, -0.9843 -2.1625 0.8071, -0.9843 -1.572 0.8071, -0.9055 -2.1625 0.8071, -0.9055 -1.572 0.8071, -0.9055 -2.1625 1.2582, -0.9055 -1.572 1.2582, -0.9044 -2.1625 1.2675, -0.9044 -1.572 1.2675, -0.901 -2.1625 1.2764, -0.901 -1.572 1.2764, -0.8957 -2.1625 1.2842, -0.8957 -1.572 1.2842, -0.8886 -2.1625 1.2905, -0.8886 -1.572 1.2905, -0.8803 -2.1625 1.2949, -0.8803 -1.572 1.2949, 1.6535 1.8524 0.0118, 1.6535 1.9114 0.0118, 1.6535 1.8524 0.0905, 1.6535 1.9114 0.0905, 1.0236 1.9508 0.0118, 1.0236 1.5571 0.0118, 1.0236 1.9508 0.0905, 1.0236 1.5571 0.0905, 1.6142 1.9508 0.0118, 1.6142 1.9508 0.0905, 1.6244 1.9494 0.0905, 1.6244 1.9494 0.0118, 1.6339 1.9455 0.0905, 1.6339 1.9455 0.0118, 1.642 1.9393 0.0905, 1.642 1.9393 0.0118, 1.6483 1.9311 0.0905, 1.6483 1.9311 0.0118, 1.6522 1.9216 0.0905, 1.6522 1.9216 0.0118, 1.6535 1.6555 0.0905, 1.6535 1.5965 0.0905, 1.6535 1.6555 0.0118, 1.6535 1.5965 0.0118, 1.6522 1.5863 0.0905, 1.6522 1.5863 0.0118, 1.6483 1.5768 0.0905, 1.6483 1.5768 0.0118, 1.642 1.5686 0.0905, 1.642 1.5686 0.0118, 1.6339 1.5624 0.0905, 1.6339 1.5624 0.0118, 1.6244 1.5584 0.0905, 1.6244 1.5584 0.0118, 1.6142 1.5571 0.0905, 1.6142 1.5571 0.0118, 1.5589 1.727 0.0118, 1.5654 1.7101 0.0118, 1.618 1.6622 0.0118, 1.6355 1.6572 0.0118, 1.6355 1.8507 0.0118, 1.575 1.6946 0.0118, 1.5872 1.6812 0.0118, 1.6017 1.6703 0.0118, 1.575 1.8133 0.0118, 1.5654 1.7978 0.0118, 1.5589 1.7809 0.0118, 1.5555 1.763 0.0118, 1.5555 1.7449 0.0118, 1.618 1.8457 0.0118, 1.6017 1.8376 0.0118, 1.5872 1.8267 0.0118, 1.6355 1.6572 0.0905, 1.618 1.8457 0.0905, 1.6355 1.8507 0.0905, 1.575 1.6946 0.0905, 1.5654 1.7101 0.0905, 1.618 1.6622 0.0905, 1.6017 1.6703 0.0905, 1.5872 1.6812 0.0905, 1.5589 1.7809 0.0905, 1.5654 1.7978 0.0905, 1.5589 1.727 0.0905, 1.5555 1.7449 0.0905, 1.5555 1.763 0.0905, 1.575 1.8133 0.0905, 1.5872 1.8267 0.0905, 1.6017 1.8376 0.0905, 1.6535 1.1043 0.0118, 1.6535 1.1634 0.0118, 1.6535 1.1043 0.0905, 1.6535 1.1634 0.0905, 1.0236 1.2028 0.0118, 1.0236 0.8091 0.0118, 1.0236 1.2028 0.0905, 1.0236 0.8091 0.0905, 1.6142 1.2028 0.0118, 1.6142 1.2028 0.0905, 1.6244 1.2014 0.0905, 1.6244 1.2014 0.0118, 1.6339 1.1975 0.0905, 1.6339 1.1975 0.0118, 1.642 1.1912 0.0905, 1.642 1.1912 0.0118, 1.6483 1.1831 0.0905, 1.6483 1.1831 0.0118, 1.6522 1.1736 0.0905, 1.6522 1.1736 0.0118, 1.6535 0.9075 0.0905, 1.6535 0.8484 0.0905, 1.6535 0.9075 0.0118, 1.6535 0.8484 0.0118, 1.6522 0.8382 0.0905, 1.6522 0.8382 0.0118, 1.6483 0.8287 0.0905, 1.6483 0.8287 0.0118, 1.642 0.8206 0.0905, 1.642 0.8206 0.0118, 1.6339 0.8143 0.0905, 1.6339 0.8143 0.0118, 1.6244 0.8104 0.0905, 1.6244 0.8104 0.0118, 1.6142 0.8091 0.0905, 1.6142 0.8091 0.0118, 1.5589 0.979 0.0118, 1.5654 0.962 0.0118, 1.6017 0.9222 0.0118, 1.5872 0.9332 0.0118, 1.575 0.9466 0.0118, 1.618 0.9141 0.0118, 1.6355 0.9092 0.0118, 1.575 1.0652 0.0118, 1.5654 1.0498 0.0118, 1.5589 1.0328 0.0118, 1.5555 1.015 0.0118, 1.5555 0.9968 0.0118, 1.6355 1.1027 0.0118, 1.618 1.0977 0.0118, 1.6017 1.0896 0.0118, 1.5872 1.0786 0.0118, 1.618 0.9141 0.0905, 1.6017 0.9222 0.0905, 1.575 0.9466 0.0905, 1.5654 0.962 0.0905, 1.5872 0.9332 0.0905, 1.6355 0.9092 0.0905, 1.5589 1.0328 0.0905, 1.5654 1.0498 0.0905, 1.5589 0.979 0.0905, 1.5555 0.9968 0.0905, 1.5555 1.015 0.0905, 1.618 1.0977 0.0905, 1.6355 1.1027 0.0905, 1.575 1.0652 0.0905, 1.5872 1.0786 0.0905, 1.6017 1.0896 0.0905, 1.6535 -0.0374 0.0118, 1.6535 0.0217 0.0118, 1.6535 -0.0374 0.0905, 1.6535 0.0217 0.0905, 1.0236 0.061 0.0118, 1.0236 -0.3327 0.0118, 1.0236 0.061 0.0905, 1.0236 -0.3327 0.0905, 1.6142 0.061 0.0118, 1.6142 0.061 0.0905, 1.6244 0.0597 0.0905, 1.6244 0.0597 0.0118, 1.6339 0.0558 0.0905, 1.6339 0.0558 0.0118, 1.642 0.0495 0.0905, 1.642 0.0495 0.0118, 1.6483 0.0413 0.0905, 1.6483 0.0413 0.0118, 1.6522 0.0318 0.0905, 1.6522 0.0318 0.0118, 1.6535 -0.2342 0.0905, 1.6535 -0.2933 0.0905, 1.6535 -0.2342 0.0118, 1.6535 -0.2933 0.0118, 1.6522 -0.3035 0.0905, 1.6522 -0.3035 0.0118, 1.6483 -0.313 0.0905, 1.6483 -0.313 0.0118, 1.642 -0.3211 0.0905, 1.642 -0.3211 0.0118, 1.6339 -0.3274 0.0905, 1.6339 -0.3274 0.0118, 1.6244 -0.3313 0.0905, 1.6244 -0.3313 0.0118, 1.6142 -0.3327 0.0905, 1.6142 -0.3327 0.0118, 1.5589 -0.1628 0.0118, 1.5654 -0.1797 0.0118, 1.5872 -0.0631 0.0118, 1.575 -0.0765 0.0118, 1.5654 -0.092 0.0118, 1.6017 -0.0521 0.0118, 1.618 -0.044 0.0118, 1.5589 -0.1089 0.0118, 1.5555 -0.1267 0.0118, 1.5555 -0.1449 0.0118, 1.6355 -0.0391 0.0118, 1.575 -0.1951 0.0118, 1.5872 -0.2086 0.0118, 1.6017 -0.2195 0.0118, 1.618 -0.2276 0.0118, 1.6355 -0.2326 0.0118, 1.575 -0.1951 0.0905, 1.5654 -0.1797 0.0905, 1.5589 -0.1089 0.0905, 1.5654 -0.092 0.0905, 1.618 -0.044 0.0905, 1.6355 -0.0391 0.0905, 1.575 -0.0765 0.0905, 1.5872 -0.0631 0.0905, 1.6017 -0.0521 0.0905, 1.6355 -0.2326 0.0905, 1.618 -0.2276 0.0905, 1.6017 -0.2195 0.0905, 1.5872 -0.2086 0.0905, 1.5589 -0.1628 0.0905, 1.5555 -0.1449 0.0905, 1.5555 -0.1267 0.0905, 1.6535 -0.8917 0.0118, 1.6535 -0.8327 0.0118, 1.6535 -0.8917 0.0905, 1.6535 -0.8327 0.0905, 1.0236 -0.7933 0.0118, 1.0236 -1.187 0.0118, 1.0236 -0.7933 0.0905, 1.0236 -1.187 0.0905, 1.6142 -0.7933 0.0118, 1.6142 -0.7933 0.0905, 1.6244 -0.7946 0.0905, 1.6244 -0.7946 0.0118, 1.6339 -0.7986 0.0905, 1.6339 -0.7986 0.0118, 1.642 -0.8048 0.0905, 1.642 -0.8048 0.0118, 1.6483 -0.813 0.0905, 1.6483 -0.813 0.0118, 1.6522 -0.8225 0.0905, 1.6522 -0.8225 0.0118, 1.6535 -1.0886 0.0905, 1.6535 -1.1476 0.0905, 1.6535 -1.0886 0.0118, 1.6535 -1.1476 0.0118, 1.6522 -1.1578 0.0905, 1.6522 -1.1578 0.0118, 1.6483 -1.1673 0.0905, 1.6483 -1.1673 0.0118, 1.642 -1.1755 0.0905, 1.642 -1.1755 0.0118, 1.6339 -1.1817 0.0905, 1.6339 -1.1817 0.0118, 1.6244 -1.1857 0.0905, 1.6244 -1.1857 0.0118, 1.6142 -1.187 0.0905, 1.6142 -1.187 0.0118, 1.5589 -1.0171 0.0118, 1.5654 -1.034 0.0118, 1.618 -1.0819 0.0118, 1.6355 -1.0869 0.0118, 1.575 -0.9308 0.0118, 1.5654 -0.9463 0.0118, 1.6355 -0.8934 0.0118, 1.5589 -0.9632 0.0118, 1.5555 -0.9811 0.0118, 1.5555 -0.9992 0.0118, 1.618 -0.8984 0.0118, 1.6017 -0.9065 0.0118, 1.5872 -0.9174 0.0118, 1.575 -1.0495 0.0118, 1.5872 -1.0629 0.0118, 1.6017 -1.0738 0.0118, 1.575 -1.0495 0.0905, 1.5654 -1.034 0.0905, 1.5589 -0.9632 0.0905, 1.5654 -0.9463 0.0905, 1.6355 -1.0869 0.0905, 1.5589 -1.0171 0.0905, 1.5555 -0.9992 0.0905, 1.5555 -0.9811 0.0905, 1.618 -0.8984 0.0905, 1.6355 -0.8934 0.0905, 1.618 -1.0819 0.0905, 1.6017 -1.0738 0.0905, 1.5872 -1.0629 0.0905, 1.575 -0.9308 0.0905, 1.5872 -0.9174 0.0905, 1.6017 -0.9065 0.0905, -1.6535 1.3012 0.0118, -1.6535 1.2421 0.0118, -1.6535 1.3012 0.0905, -1.6535 1.2421 0.0905, -1.0236 1.2028 0.0118, -1.0236 1.5965 0.0118, -1.0236 1.2028 0.0905, -1.0236 1.5965 0.0905, -1.6142 1.2028 0.0118, -1.6142 1.2028 0.0905, -1.6244 1.2041 0.0905, -1.6244 1.2041 0.0118, -1.6339 1.208 0.0905, -1.6339 1.208 0.0118, -1.642 1.2143 0.0905, -1.642 1.2143 0.0118, -1.6483 1.2224 0.0905, -1.6483 1.2224 0.0118, -1.6522 1.2319 0.0905, -1.6522 1.2319 0.0118, -1.6535 1.498 0.0905, -1.6535 1.5571 0.0905, -1.6535 1.498 0.0118, -1.6535 1.5571 0.0118, -1.6522 1.5673 0.0905, -1.6522 1.5673 0.0118, -1.6483 1.5768 0.0905, -1.6483 1.5768 0.0118, -1.642 1.5849 0.0905, -1.642 1.5849 0.0118, -1.6339 1.5912 0.0905, -1.6339 1.5912 0.0118, -1.6244 1.5951 0.0905, -1.6244 1.5951 0.0118, -1.6142 1.5965 0.0905, -1.6142 1.5965 0.0118, -1.6355 1.3029 0.0118, -1.575 1.3403 0.0118, -1.5654 1.3557 0.0118, -1.618 1.4914 0.0118, -1.6355 1.4964 0.0118, -1.618 1.3078 0.0118, -1.6017 1.3159 0.0118, -1.5872 1.3269 0.0118, -1.5589 1.3727 0.0118, -1.5555 1.3905 0.0118, -1.5555 1.4087 0.0118, -1.5589 1.4265 0.0118, -1.5654 1.4435 0.0118, -1.575 1.4589 0.0118, -1.5872 1.4723 0.0118, -1.6017 1.4833 0.0118, -1.6355 1.4964 0.0905, -1.5589 1.3727 0.0905, -1.5654 1.3557 0.0905, -1.618 1.3078 0.0905, -1.6355 1.3029 0.0905, -1.5872 1.4723 0.0905, -1.575 1.4589 0.0905, -1.5555 1.4087 0.0905, -1.5555 1.3905 0.0905, -1.575 1.3403 0.0905, -1.5872 1.3269 0.0905, -1.6017 1.3159 0.0905, -1.6017 1.4833 0.0905, -1.618 1.4914 0.0905, -1.5654 1.4435 0.0905, -1.5589 1.4265 0.0905, -1.6535 0.1122 0.0118, -1.6535 0.0532 0.0118, -1.6535 0.1122 0.0905, -1.6535 0.0532 0.0905, -1.0496 0.0138 0.0118, -1.0496 0.4075 0.0118, -1.0496 0.0138 0.0905, -1.0496 0.4075 0.0905, -1.6142 0.0138 0.0118, -1.6142 0.0138 0.0905, -1.6244 0.0151 0.0905, -1.6244 0.0151 0.0118, -1.6339 0.0191 0.0905, -1.6339 0.0191 0.0118, -1.642 0.0253 0.0905, -1.642 0.0253 0.0118, -1.6483 0.0335 0.0905, -1.6483 0.0335 0.0118, -1.6522 0.043 0.0905, -1.6522 0.043 0.0118, -1.6535 0.3091 0.0905, -1.6535 0.3681 0.0905, -1.6535 0.3091 0.0118, -1.6535 0.3681 0.0118, -1.6522 0.3783 0.0905, -1.6522 0.3783 0.0118, -1.6483 0.3878 0.0905, -1.6483 0.3878 0.0118, -1.642 0.396 0.0905, -1.642 0.396 0.0118, -1.6339 0.4022 0.0905, -1.6339 0.4022 0.0118, -1.6244 0.4061 0.0905, -1.6244 0.4061 0.0118, -1.6142 0.4075 0.0905, -1.6142 0.4075 0.0118, -1.5589 0.2376 0.0118, -1.5654 0.2545 0.0118, -1.575 0.1513 0.0118, -1.5654 0.1668 0.0118, -1.5589 0.1837 0.0118, -1.5555 0.2016 0.0118, -1.5555 0.2197 0.0118, -1.6017 0.2943 0.0118, -1.5872 0.2834 0.0118, -1.575 0.2699 0.0118, -1.618 0.3024 0.0118, -1.6355 0.3074 0.0118, -1.6355 0.1139 0.0118, -1.618 0.1189 0.0118, -1.6017 0.127 0.0118, -1.5872 0.1379 0.0118, -1.618 0.3024 0.0905, -1.6017 0.2943 0.0905, -1.575 0.2699 0.0905, -1.5654 0.2545 0.0905, -1.5589 0.1837 0.0905, -1.5654 0.1668 0.0905, -1.618 0.1189 0.0905, -1.6355 0.1139 0.0905, -1.5872 0.2834 0.0905, -1.5589 0.2376 0.0905, -1.5555 0.2197 0.0905, -1.5555 0.2016 0.0905, -1.6355 0.3074 0.0905, -1.575 0.1513 0.0905, -1.5872 0.1379 0.0905, -1.6017 0.127 0.0905, -1.6535 -1.0295 0.0118, -1.6535 -1.0886 0.0118, -1.6535 -1.0295 0.0905, -1.6535 -1.0886 0.0905, -1.0236 -1.1279 0.0118, -1.0236 -0.7342 0.0118, -1.0236 -1.1279 0.0905, -1.0236 -0.7342 0.0905, -1.6142 -1.1279 0.0118, -1.6142 -1.1279 0.0905, -1.6244 -1.1266 0.0905, -1.6244 -1.1266 0.0118, -1.6339 -1.1227 0.0905, -1.6339 -1.1227 0.0118, -1.642 -1.1164 0.0905, -1.642 -1.1164 0.0118, -1.6483 -1.1083 0.0905, -1.6483 -1.1083 0.0118, -1.6522 -1.0988 0.0905, -1.6522 -1.0988 0.0118, -1.6535 -0.8327 0.0905, -1.6535 -0.7736 0.0905, -1.6535 -0.8327 0.0118, -1.6535 -0.7736 0.0118, -1.6522 -0.7634 0.0905, -1.6522 -0.7634 0.0118, -1.6483 -0.7539 0.0905, -1.6483 -0.7539 0.0118, -1.642 -0.7458 0.0905, -1.642 -0.7458 0.0118, -1.6339 -0.7395 0.0905, -1.6339 -0.7395 0.0118, -1.6244 -0.7356 0.0905, -1.6244 -0.7356 0.0118, -1.6142 -0.7342 0.0905, -1.6142 -0.7342 0.0118, -1.6355 -1.0278 0.0118, -1.575 -0.9904 0.0118, -1.5654 -0.975 0.0118, -1.5589 -0.9042 0.0118, -1.5654 -0.8872 0.0118, -1.618 -1.0229 0.0118, -1.6017 -1.0148 0.0118, -1.5872 -1.0038 0.0118, -1.5589 -0.958 0.0118, -1.5555 -0.9402 0.0118, -1.5555 -0.922 0.0118, -1.618 -0.8393 0.0118, -1.6355 -0.8343 0.0118, -1.575 -0.8718 0.0118, -1.5872 -0.8584 0.0118, -1.6017 -0.8474 0.0118, -1.5872 -0.8584 0.0905, -1.575 -0.8718 0.0905, -1.5654 -0.8872 0.0905, -1.5589 -0.958 0.0905, -1.5654 -0.975 0.0905, -1.618 -1.0229 0.0905, -1.6355 -1.0278 0.0905, -1.5589 -0.9042 0.0905, -1.5555 -0.922 0.0905, -1.5555 -0.9402 0.0905, -1.575 -0.9904 0.0905, -1.5872 -1.0038 0.0905, -1.6017 -1.0148 0.0905, -1.6355 -0.8343 0.0905, -1.6017 -0.8474 0.0905, -1.618 -0.8393 0.0905, -1.6535 -1.8484 0.0118, -1.6535 -1.9075 0.0118, -1.6535 -1.8484 0.0905, -1.6535 -1.9075 0.0905, -1.0236 -1.9468 0.0118, -1.0236 -1.5531 0.0118, -1.0236 -1.9468 0.0905, -1.0236 -1.5531 0.0905, -1.6142 -1.9468 0.0118, -1.6142 -1.9468 0.0905, -1.6229 -1.9459 0.0905, -1.6229 -1.9459 0.0118, -1.6313 -1.9429 0.0905, -1.6313 -1.9429 0.0118, -1.6387 -1.9383 0.0905, -1.6387 -1.9383 0.0118, -1.645 -1.932 0.0905, -1.645 -1.932 0.0118, -1.6496 -1.9246 0.0905, -1.6496 -1.9246 0.0118, -1.6526 -1.9162 0.0905, -1.6526 -1.9162 0.0118, -1.6535 -1.6516 0.0905, -1.6535 -1.5925 0.0905, -1.6535 -1.6516 0.0118, -1.6535 -1.5925 0.0118, -1.6522 -1.5823 0.0905, -1.6522 -1.5823 0.0118, -1.6483 -1.5728 0.0905, -1.6483 -1.5728 0.0118, -1.642 -1.5647 0.0905, -1.642 -1.5647 0.0118, -1.6339 -1.5584 0.0905, -1.6339 -1.5584 0.0118, -1.6244 -1.5545 0.0905, -1.6244 -1.5545 0.0118, -1.6142 -1.5531 0.0905, -1.6142 -1.5531 0.0118, -1.5872 -1.6773 0.0118, -1.6017 -1.6663 0.0118, -1.618 -1.6582 0.0118, -1.6355 -1.6532 0.0118, -1.575 -1.8093 0.0118, -1.5654 -1.7939 0.0118, -1.5589 -1.7769 0.0118, -1.5555 -1.7591 0.0118, -1.5555 -1.7409 0.0118, -1.5589 -1.7231 0.0118, -1.5654 -1.7061 0.0118, -1.575 -1.6907 0.0118, -1.6355 -1.8467 0.0118, -1.618 -1.8418 0.0118, -1.6017 -1.8337 0.0118, -1.5872 -1.8227 0.0118, -1.6355 -1.6532 0.0905, -1.618 -1.6582 0.0905, -1.6017 -1.6663 0.0905, -1.5872 -1.6773 0.0905, -1.575 -1.6907 0.0905, -1.5555 -1.7409 0.0905, -1.5654 -1.7061 0.0905, -1.5589 -1.7231 0.0905, -1.5555 -1.7591 0.0905, -1.5589 -1.7769 0.0905, -1.5654 -1.7939 0.0905, -1.618 -1.8418 0.0905, -1.6355 -1.8467 0.0905, -1.575 -1.8093 0.0905, -1.5872 -1.8227 0.0905, -1.6017 -1.8337 0.0905
            ]
        }
        coordIndex [
            0,1,2,-1,2,1,3,-1,4,0,5,-1,5,0,2,-1,6,4,7,-1,7,4,5,-1,6,7,8,-1,6,8,9,-1,9,8,10,-1,9,10,11,-1,11,10,12,-1,11,12,13,-1,13,12,14,-1,13,14,15,-1,15,14,16,-1,15,16,17,-1,17,16,18,-1,17,18,19,-1,19,18,20,-1,19,20,21,-1,21,20,22,-1,21,22,23,-1,24,23,25,-1,25,23,22,-1,26,24,27,-1,27,24,25,-1,28,26,29,-1,29,26,27,-1,28,29,30,-1,30,29,31,-1,30,31,32,-1,32,31,33,-1,32,33,34,-1,34,33,35,-1,34,35,36,-1,36,35,37,-1,36,37,38,-1,38,37,39,-1,38,39,1,-1,1,39,3,-1,38,11,36,-1,36,11,13,-1,36,13,34,-1,34,13,15,-1,34,15,32,-1,24,26,23,-1,23,26,28,-1,23,28,21,-1,21,28,30,-1,21,30,19,-1,19,30,32,-1,19,32,17,-1,17,32,15,-1,0,4,1,-1,1,4,6,-1,1,6,38,-1,38,6,9,-1,38,9,11,-1,31,18,33,-1,33,18,16,-1,33,16,35,-1,35,16,14,-1,35,14,37,-1,5,2,7,-1,7,2,3,-1,7,3,8,-1,8,3,39,-1,8,39,10,-1,10,39,37,-1,10,37,12,-1,12,37,14,-1,27,25,29,-1,29,25,22,-1,29,22,31,-1,31,22,20,-1,31,20,18,-1,40,41,42,-1,42,41,43,-1,44,40,45,-1,45,40,42,-1,46,44,47,-1,47,44,45,-1,46,47,48,-1,46,48,49,-1,49,48,50,-1,49,50,51,-1,51,50,52,-1,51,52,53,-1,53,52,54,-1,53,54,55,-1,55,54,56,-1,55,56,57,-1,57,56,58,-1,57,58,59,-1,59,58,60,-1,59,60,61,-1,61,60,62,-1,61,62,63,-1,64,63,65,-1,65,63,62,-1,66,64,67,-1,67,64,65,-1,68,66,69,-1,69,66,67,-1,68,69,70,-1,70,69,71,-1,70,71,72,-1,72,71,73,-1,72,73,74,-1,74,73,75,-1,74,75,76,-1,76,75,77,-1,76,77,78,-1,78,77,79,-1,78,79,41,-1,41,79,43,-1,78,51,76,-1,76,51,53,-1,76,53,74,-1,74,53,55,-1,74,55,72,-1,64,66,63,-1,63,66,68,-1,63,68,61,-1,61,68,70,-1,61,70,59,-1,59,70,72,-1,59,72,57,-1,57,72,55,-1,40,44,41,-1,41,44,46,-1,41,46,78,-1,78,46,49,-1,78,49,51,-1,71,58,73,-1,73,58,56,-1,73,56,75,-1,75,56,54,-1,75,54,77,-1,45,42,47,-1,47,42,43,-1,47,43,48,-1,48,43,79,-1,48,79,50,-1,50,79,77,-1,50,77,52,-1,52,77,54,-1,67,65,69,-1,69,65,62,-1,69,62,71,-1,71,62,60,-1,71,60,58,-1,80,81,82,-1,82,81,83,-1,82,83,84,-1,84,83,85,-1,86,87,88,-1,88,87,89,-1,88,89,90,-1,90,89,91,-1,81,80,92,-1,81,92,93,-1,93,92,94,-1,93,94,95,-1,95,94,96,-1,95,96,97,-1,97,96,98,-1,97,98,99,-1,99,98,100,-1,99,100,101,-1,101,100,102,-1,101,102,103,-1,104,103,105,-1,105,103,102,-1,106,104,107,-1,107,104,105,-1,108,106,109,-1,109,106,107,-1,108,109,110,-1,110,109,111,-1,110,111,112,-1,112,111,113,-1,112,113,114,-1,114,113,115,-1,114,115,116,-1,116,115,117,-1,116,117,118,-1,118,117,119,-1,118,119,91,-1,91,119,90,-1,89,83,91,-1,91,83,81,-1,91,81,118,-1,118,81,93,-1,118,93,116,-1,116,93,95,-1,116,95,114,-1,114,95,97,-1,114,97,112,-1,112,97,99,-1,112,99,110,-1,110,99,101,-1,110,101,108,-1,108,101,103,-1,108,103,106,-1,106,103,104,-1,107,105,109,-1,109,105,102,-1,109,102,111,-1,111,102,100,-1,111,100,113,-1,113,100,98,-1,113,98,115,-1,115,98,96,-1,115,96,117,-1,117,96,94,-1,117,94,119,-1,119,94,92,-1,119,92,90,-1,90,92,80,-1,90,80,88,-1,88,80,82,-1,120,86,84,-1,84,86,88,-1,84,88,82,-1,120,121,86,-1,86,121,122,-1,86,122,123,-1,123,124,86,-1,86,124,125,-1,86,125,126,-1,126,127,86,-1,86,127,128,-1,86,128,129,-1,87,86,130,-1,130,86,129,-1,83,89,85,-1,85,89,87,-1,131,132,87,-1,87,132,133,-1,87,133,85,-1,134,135,87,-1,87,135,136,-1,87,136,131,-1,87,130,137,-1,137,138,87,-1,87,138,139,-1,87,139,134,-1,130,129,128,-1,130,128,137,-1,137,128,127,-1,137,127,138,-1,138,127,126,-1,138,126,139,-1,139,126,125,-1,139,125,134,-1,134,125,124,-1,134,124,135,-1,135,124,123,-1,135,123,136,-1,136,123,122,-1,136,122,131,-1,131,122,121,-1,131,121,132,-1,132,121,120,-1,132,120,133,-1,133,120,84,-1,133,84,85,-1,140,141,142,-1,142,141,143,-1,144,140,145,-1,145,140,142,-1,146,144,147,-1,147,144,145,-1,146,147,148,-1,146,148,149,-1,149,148,150,-1,149,150,151,-1,151,150,152,-1,151,152,153,-1,153,152,154,-1,153,154,155,-1,155,154,156,-1,155,156,157,-1,157,156,158,-1,157,158,159,-1,159,158,160,-1,159,160,161,-1,161,160,162,-1,161,162,163,-1,164,163,165,-1,165,163,162,-1,166,164,167,-1,167,164,165,-1,168,166,169,-1,169,166,167,-1,168,169,170,-1,170,169,171,-1,170,171,172,-1,172,171,173,-1,172,173,174,-1,174,173,175,-1,174,175,176,-1,176,175,177,-1,176,177,178,-1,178,177,179,-1,178,179,141,-1,141,179,143,-1,178,151,176,-1,176,151,153,-1,176,153,174,-1,174,153,155,-1,174,155,172,-1,164,166,163,-1,163,166,168,-1,163,168,161,-1,161,168,170,-1,161,170,159,-1,159,170,172,-1,159,172,157,-1,157,172,155,-1,140,144,141,-1,141,144,146,-1,141,146,178,-1,178,146,149,-1,178,149,151,-1,171,158,173,-1,173,158,156,-1,173,156,175,-1,175,156,154,-1,175,154,177,-1,145,142,147,-1,147,142,143,-1,147,143,148,-1,148,143,179,-1,148,179,150,-1,150,179,177,-1,150,177,152,-1,152,177,154,-1,167,165,169,-1,169,165,162,-1,169,162,171,-1,171,162,160,-1,171,160,158,-1,180,181,182,-1,182,181,183,-1,182,183,184,-1,184,183,185,-1,186,187,188,-1,188,187,189,-1,188,189,190,-1,190,189,191,-1,181,180,192,-1,181,192,193,-1,193,192,194,-1,193,194,195,-1,195,194,196,-1,195,196,197,-1,197,196,198,-1,197,198,199,-1,199,198,200,-1,199,200,201,-1,201,200,202,-1,201,202,203,-1,204,203,205,-1,205,203,202,-1,206,204,207,-1,207,204,205,-1,208,206,209,-1,209,206,207,-1,208,209,210,-1,210,209,211,-1,210,211,212,-1,212,211,213,-1,212,213,214,-1,214,213,215,-1,214,215,216,-1,216,215,217,-1,216,217,218,-1,218,217,219,-1,218,219,191,-1,191,219,190,-1,189,183,191,-1,191,183,181,-1,191,181,218,-1,218,181,193,-1,218,193,216,-1,216,193,195,-1,216,195,214,-1,214,195,197,-1,214,197,212,-1,212,197,199,-1,212,199,210,-1,210,199,201,-1,210,201,208,-1,208,201,203,-1,208,203,206,-1,206,203,204,-1,207,205,209,-1,209,205,202,-1,209,202,211,-1,211,202,200,-1,211,200,213,-1,213,200,198,-1,213,198,215,-1,215,198,196,-1,215,196,217,-1,217,196,194,-1,217,194,219,-1,219,194,192,-1,219,192,190,-1,190,192,180,-1,190,180,188,-1,188,180,182,-1,220,186,184,-1,184,186,188,-1,184,188,182,-1,220,221,186,-1,186,221,222,-1,186,222,223,-1,223,224,186,-1,186,224,225,-1,186,225,226,-1,226,227,186,-1,186,227,228,-1,186,228,229,-1,187,186,230,-1,230,186,229,-1,183,189,185,-1,185,189,187,-1,231,232,187,-1,187,232,233,-1,187,233,185,-1,234,235,187,-1,187,235,236,-1,187,236,231,-1,187,230,237,-1,237,238,187,-1,187,238,239,-1,187,239,234,-1,230,229,228,-1,230,228,237,-1,237,228,227,-1,237,227,238,-1,238,227,226,-1,238,226,239,-1,239,226,225,-1,239,225,234,-1,234,225,224,-1,234,224,235,-1,235,224,223,-1,235,223,236,-1,236,223,222,-1,236,222,231,-1,231,222,221,-1,231,221,232,-1,232,221,220,-1,232,220,233,-1,233,220,184,-1,233,184,185,-1,240,241,242,-1,242,241,243,-1,242,243,244,-1,244,243,245,-1,246,247,248,-1,248,247,249,-1,248,249,250,-1,250,249,251,-1,241,240,252,-1,241,252,253,-1,253,252,254,-1,253,254,255,-1,255,254,256,-1,255,256,257,-1,257,256,258,-1,257,258,259,-1,259,258,260,-1,259,260,261,-1,261,260,262,-1,261,262,263,-1,264,263,265,-1,265,263,262,-1,266,264,267,-1,267,264,265,-1,268,266,269,-1,269,266,267,-1,268,269,270,-1,270,269,271,-1,270,271,272,-1,272,271,273,-1,272,273,274,-1,274,273,275,-1,274,275,276,-1,276,275,277,-1,276,277,278,-1,278,277,279,-1,278,279,251,-1,251,279,250,-1,249,243,251,-1,251,243,241,-1,251,241,278,-1,278,241,253,-1,278,253,276,-1,276,253,255,-1,276,255,274,-1,274,255,257,-1,274,257,272,-1,272,257,259,-1,272,259,270,-1,270,259,261,-1,270,261,268,-1,268,261,263,-1,268,263,266,-1,266,263,264,-1,267,265,269,-1,269,265,262,-1,269,262,271,-1,271,262,260,-1,271,260,273,-1,273,260,258,-1,273,258,275,-1,275,258,256,-1,275,256,277,-1,277,256,254,-1,277,254,279,-1,279,254,252,-1,279,252,250,-1,250,252,240,-1,250,240,248,-1,248,240,242,-1,280,246,244,-1,244,246,248,-1,244,248,242,-1,280,281,246,-1,246,281,282,-1,246,282,283,-1,283,284,246,-1,246,284,285,-1,246,285,286,-1,286,287,246,-1,246,287,288,-1,246,288,289,-1,247,246,290,-1,290,246,289,-1,243,249,245,-1,245,249,247,-1,291,292,247,-1,247,292,293,-1,247,293,245,-1,294,295,247,-1,247,295,296,-1,247,296,291,-1,247,290,297,-1,297,298,247,-1,247,298,299,-1,247,299,294,-1,290,289,288,-1,290,288,297,-1,297,288,287,-1,297,287,298,-1,298,287,286,-1,298,286,299,-1,299,286,285,-1,299,285,294,-1,294,285,284,-1,294,284,295,-1,295,284,283,-1,295,283,296,-1,296,283,282,-1,296,282,291,-1,291,282,281,-1,291,281,292,-1,292,281,280,-1,292,280,293,-1,293,280,244,-1,293,244,245,-1,300,301,302,-1,302,301,303,-1,302,303,304,-1,304,303,305,-1,306,307,308,-1,308,307,309,-1,308,309,310,-1,310,309,311,-1,301,300,312,-1,301,312,313,-1,313,312,314,-1,313,314,315,-1,315,314,316,-1,315,316,317,-1,317,316,318,-1,317,318,319,-1,319,318,320,-1,319,320,321,-1,321,320,322,-1,321,322,323,-1,324,323,325,-1,325,323,322,-1,326,324,327,-1,327,324,325,-1,328,326,329,-1,329,326,327,-1,328,329,330,-1,330,329,331,-1,330,331,332,-1,332,331,333,-1,332,333,334,-1,334,333,335,-1,334,335,336,-1,336,335,337,-1,336,337,338,-1,338,337,339,-1,338,339,311,-1,311,339,310,-1,309,303,311,-1,311,303,301,-1,311,301,338,-1,338,301,313,-1,338,313,336,-1,336,313,315,-1,336,315,334,-1,334,315,317,-1,334,317,332,-1,332,317,319,-1,332,319,330,-1,330,319,321,-1,330,321,328,-1,328,321,323,-1,328,323,326,-1,326,323,324,-1,327,325,329,-1,329,325,322,-1,329,322,331,-1,331,322,320,-1,331,320,333,-1,333,320,318,-1,333,318,335,-1,335,318,316,-1,335,316,337,-1,337,316,314,-1,337,314,339,-1,339,314,312,-1,339,312,310,-1,310,312,300,-1,310,300,308,-1,308,300,302,-1,340,306,304,-1,304,306,308,-1,304,308,302,-1,340,341,306,-1,306,341,342,-1,306,342,343,-1,343,344,306,-1,306,344,345,-1,306,345,346,-1,346,347,306,-1,306,347,348,-1,306,348,349,-1,307,306,350,-1,350,306,349,-1,303,309,305,-1,305,309,307,-1,351,352,307,-1,307,352,353,-1,307,353,305,-1,354,355,307,-1,307,355,356,-1,307,356,351,-1,307,350,357,-1,357,358,307,-1,307,358,359,-1,307,359,354,-1,350,349,348,-1,350,348,357,-1,357,348,347,-1,357,347,358,-1,358,347,346,-1,358,346,359,-1,359,346,345,-1,359,345,354,-1,354,345,344,-1,354,344,355,-1,355,344,343,-1,355,343,356,-1,356,343,342,-1,356,342,351,-1,351,342,341,-1,351,341,352,-1,352,341,340,-1,352,340,353,-1,353,340,304,-1,353,304,305,-1,360,361,362,-1,362,361,363,-1,364,360,365,-1,365,360,362,-1,366,364,367,-1,367,364,365,-1,366,367,368,-1,366,368,369,-1,369,368,370,-1,369,370,371,-1,371,370,372,-1,371,372,373,-1,373,372,374,-1,373,374,375,-1,375,374,376,-1,375,376,377,-1,377,376,378,-1,377,378,379,-1,379,378,380,-1,379,380,381,-1,381,380,382,-1,381,382,383,-1,384,383,385,-1,385,383,382,-1,386,384,387,-1,387,384,385,-1,388,386,389,-1,389,386,387,-1,388,389,390,-1,390,389,391,-1,390,391,392,-1,392,391,393,-1,392,393,394,-1,394,393,395,-1,394,395,396,-1,396,395,397,-1,396,397,398,-1,398,397,399,-1,398,399,361,-1,361,399,363,-1,398,371,396,-1,396,371,373,-1,396,373,394,-1,394,373,375,-1,394,375,392,-1,384,386,383,-1,383,386,388,-1,383,388,381,-1,381,388,390,-1,381,390,379,-1,379,390,392,-1,379,392,377,-1,377,392,375,-1,360,364,361,-1,361,364,366,-1,361,366,398,-1,398,366,369,-1,398,369,371,-1,391,378,393,-1,393,378,376,-1,393,376,395,-1,395,376,374,-1,395,374,397,-1,365,362,367,-1,367,362,363,-1,367,363,368,-1,368,363,399,-1,368,399,370,-1,370,399,397,-1,370,397,372,-1,372,397,374,-1,387,385,389,-1,389,385,382,-1,389,382,391,-1,391,382,380,-1,391,380,378,-1,400,401,402,-1,402,401,403,-1,404,405,406,-1,406,405,407,-1,408,404,409,-1,409,404,406,-1,408,409,410,-1,408,410,411,-1,411,410,412,-1,411,412,413,-1,413,412,414,-1,413,414,415,-1,415,414,416,-1,415,416,417,-1,417,416,418,-1,417,418,419,-1,419,418,403,-1,419,403,401,-1,420,421,422,-1,422,421,423,-1,423,421,424,-1,423,424,425,-1,425,424,426,-1,425,426,427,-1,427,426,428,-1,427,428,429,-1,429,428,430,-1,429,430,431,-1,431,430,432,-1,431,432,433,-1,433,432,434,-1,433,434,435,-1,405,435,407,-1,407,435,434,-1,405,436,437,-1,438,439,435,-1,435,439,422,-1,400,440,401,-1,401,440,408,-1,401,408,411,-1,437,441,405,-1,405,441,442,-1,405,442,435,-1,435,442,443,-1,435,443,438,-1,404,444,445,-1,411,413,415,-1,445,446,404,-1,404,446,447,-1,404,447,405,-1,405,447,448,-1,405,448,436,-1,422,423,435,-1,435,423,425,-1,435,425,427,-1,427,429,435,-1,435,429,431,-1,435,431,433,-1,415,417,411,-1,411,417,419,-1,411,419,401,-1,440,449,408,-1,408,449,450,-1,408,450,404,-1,404,450,451,-1,404,451,444,-1,421,420,452,-1,409,453,454,-1,455,456,407,-1,452,457,434,-1,434,457,458,-1,434,458,407,-1,407,458,459,-1,407,459,455,-1,414,412,410,-1,428,426,424,-1,406,460,461,-1,456,462,407,-1,407,462,463,-1,407,463,406,-1,406,463,464,-1,406,464,460,-1,414,410,416,-1,452,434,421,-1,421,434,432,-1,421,432,424,-1,424,432,430,-1,424,430,428,-1,461,465,406,-1,406,465,466,-1,406,466,409,-1,409,466,467,-1,409,467,453,-1,454,402,409,-1,409,402,403,-1,409,403,410,-1,410,403,418,-1,410,418,416,-1,420,422,452,-1,452,422,439,-1,452,439,457,-1,457,439,438,-1,457,438,458,-1,458,438,443,-1,458,443,459,-1,459,443,442,-1,459,442,455,-1,455,442,441,-1,455,441,456,-1,456,441,437,-1,456,437,462,-1,462,437,436,-1,462,436,463,-1,463,436,448,-1,463,448,464,-1,464,448,447,-1,464,447,460,-1,460,447,446,-1,460,446,461,-1,461,446,445,-1,461,445,465,-1,465,445,444,-1,465,444,466,-1,466,444,451,-1,466,451,467,-1,467,451,450,-1,467,450,453,-1,453,450,449,-1,453,449,454,-1,454,449,440,-1,454,440,402,-1,402,440,400,-1,468,469,470,-1,470,469,471,-1,472,473,474,-1,474,473,475,-1,476,472,477,-1,477,472,474,-1,476,477,478,-1,476,478,479,-1,479,478,480,-1,479,480,481,-1,481,480,482,-1,481,482,483,-1,483,482,484,-1,483,484,485,-1,485,484,486,-1,485,486,487,-1,487,486,471,-1,487,471,469,-1,488,489,490,-1,490,489,491,-1,491,489,492,-1,491,492,493,-1,493,492,494,-1,493,494,495,-1,495,494,496,-1,495,496,497,-1,497,496,498,-1,497,498,499,-1,499,498,500,-1,499,500,501,-1,501,500,502,-1,501,502,503,-1,473,503,475,-1,475,503,502,-1,473,504,505,-1,506,503,507,-1,507,503,473,-1,507,473,508,-1,508,473,505,-1,506,509,503,-1,503,509,510,-1,503,510,490,-1,472,511,512,-1,512,513,472,-1,472,513,514,-1,472,514,473,-1,473,514,515,-1,473,515,504,-1,490,491,503,-1,503,491,493,-1,503,493,495,-1,495,497,503,-1,503,497,499,-1,503,499,501,-1,468,516,469,-1,469,516,476,-1,469,476,487,-1,516,517,476,-1,476,517,518,-1,476,518,472,-1,472,518,519,-1,472,519,511,-1,479,481,483,-1,479,483,476,-1,476,483,485,-1,476,485,487,-1,520,521,502,-1,475,522,523,-1,492,489,502,-1,502,521,475,-1,475,521,524,-1,475,524,522,-1,520,502,525,-1,525,502,489,-1,525,489,488,-1,474,526,527,-1,502,500,498,-1,523,528,475,-1,475,528,529,-1,475,529,474,-1,474,529,530,-1,474,530,526,-1,477,531,532,-1,498,496,502,-1,502,496,494,-1,502,494,492,-1,527,533,474,-1,474,533,534,-1,474,534,477,-1,477,534,535,-1,477,535,531,-1,532,470,477,-1,477,470,471,-1,477,471,486,-1,486,484,477,-1,477,484,482,-1,477,482,478,-1,478,482,480,-1,488,490,525,-1,525,490,510,-1,525,510,520,-1,520,510,509,-1,520,509,521,-1,521,509,506,-1,521,506,524,-1,524,506,507,-1,524,507,522,-1,522,507,508,-1,522,508,523,-1,523,508,505,-1,523,505,528,-1,528,505,504,-1,528,504,529,-1,529,504,515,-1,529,515,530,-1,530,515,514,-1,530,514,526,-1,526,514,513,-1,526,513,527,-1,527,513,512,-1,527,512,533,-1,533,512,511,-1,533,511,534,-1,534,511,519,-1,534,519,535,-1,535,519,518,-1,535,518,531,-1,531,518,517,-1,531,517,532,-1,532,517,516,-1,532,516,470,-1,470,516,468,-1,536,537,538,-1,538,537,539,-1,540,541,542,-1,542,541,543,-1,544,540,545,-1,545,540,542,-1,544,545,546,-1,544,546,547,-1,547,546,548,-1,547,548,549,-1,549,548,550,-1,549,550,551,-1,551,550,552,-1,551,552,553,-1,553,552,554,-1,553,554,555,-1,555,554,539,-1,555,539,537,-1,556,557,558,-1,558,557,559,-1,559,557,560,-1,559,560,561,-1,561,560,562,-1,561,562,563,-1,563,562,564,-1,563,564,565,-1,565,564,566,-1,565,566,567,-1,567,566,568,-1,567,568,569,-1,569,568,570,-1,569,570,571,-1,541,571,543,-1,543,571,570,-1,541,572,573,-1,574,575,540,-1,540,575,576,-1,555,537,544,-1,574,540,577,-1,577,540,544,-1,577,544,578,-1,576,579,540,-1,540,579,580,-1,540,580,541,-1,541,580,581,-1,541,581,572,-1,578,544,582,-1,582,544,537,-1,582,537,536,-1,573,583,541,-1,541,583,584,-1,541,584,571,-1,571,584,585,-1,585,586,571,-1,571,586,587,-1,571,587,558,-1,544,547,555,-1,555,547,549,-1,555,549,553,-1,553,549,551,-1,567,561,565,-1,565,561,563,-1,558,559,571,-1,571,559,561,-1,571,561,569,-1,569,561,567,-1,588,589,543,-1,542,590,591,-1,545,592,593,-1,591,594,542,-1,542,594,595,-1,542,595,545,-1,545,595,596,-1,545,596,592,-1,597,598,570,-1,570,598,599,-1,570,599,543,-1,543,599,600,-1,543,600,588,-1,589,601,543,-1,543,601,602,-1,543,602,542,-1,542,602,603,-1,542,603,590,-1,593,538,545,-1,545,538,539,-1,545,539,546,-1,539,554,552,-1,552,550,539,-1,539,550,548,-1,539,548,546,-1,556,597,557,-1,557,597,570,-1,557,570,560,-1,560,570,568,-1,568,566,560,-1,560,566,564,-1,560,564,562,-1,556,558,597,-1,597,558,587,-1,597,587,598,-1,598,587,586,-1,598,586,599,-1,599,586,585,-1,599,585,600,-1,600,585,584,-1,600,584,588,-1,588,584,583,-1,588,583,589,-1,589,583,573,-1,589,573,601,-1,601,573,572,-1,601,572,602,-1,602,572,581,-1,602,581,603,-1,603,581,580,-1,603,580,590,-1,590,580,579,-1,590,579,591,-1,591,579,576,-1,591,576,594,-1,594,576,575,-1,594,575,595,-1,595,575,574,-1,595,574,596,-1,596,574,577,-1,596,577,592,-1,592,577,578,-1,592,578,593,-1,593,578,582,-1,593,582,538,-1,538,582,536,-1,604,605,606,-1,606,605,607,-1,608,609,610,-1,610,609,611,-1,612,608,613,-1,613,608,610,-1,612,613,614,-1,612,614,615,-1,615,614,616,-1,615,616,617,-1,617,616,618,-1,617,618,619,-1,619,618,620,-1,619,620,621,-1,621,620,622,-1,621,622,623,-1,623,622,607,-1,623,607,605,-1,624,625,626,-1,626,625,627,-1,627,625,628,-1,627,628,629,-1,629,628,630,-1,629,630,631,-1,631,630,632,-1,631,632,633,-1,633,632,634,-1,633,634,635,-1,635,634,636,-1,635,636,637,-1,637,636,638,-1,637,638,639,-1,609,639,611,-1,611,639,638,-1,609,640,641,-1,642,643,639,-1,608,644,645,-1,605,604,646,-1,645,647,608,-1,608,647,648,-1,608,648,609,-1,609,648,649,-1,609,649,640,-1,643,626,639,-1,639,626,627,-1,639,627,637,-1,646,650,612,-1,612,650,651,-1,612,651,608,-1,608,651,652,-1,608,652,644,-1,641,653,609,-1,609,653,654,-1,609,654,639,-1,639,654,655,-1,639,655,642,-1,627,629,637,-1,637,629,631,-1,637,631,635,-1,635,631,633,-1,646,612,605,-1,605,612,615,-1,605,615,617,-1,617,619,605,-1,605,619,621,-1,605,621,623,-1,611,656,657,-1,610,658,659,-1,634,632,630,-1,624,660,625,-1,625,660,638,-1,625,638,628,-1,657,661,611,-1,611,661,662,-1,611,662,610,-1,610,662,663,-1,610,663,658,-1,613,664,665,-1,628,638,630,-1,630,638,636,-1,630,636,634,-1,660,666,638,-1,638,666,667,-1,638,667,611,-1,611,667,668,-1,611,668,656,-1,659,669,610,-1,610,669,670,-1,610,670,613,-1,613,670,671,-1,613,671,664,-1,665,606,613,-1,613,606,607,-1,613,607,614,-1,607,622,620,-1,620,618,607,-1,607,618,616,-1,607,616,614,-1,624,626,660,-1,660,626,643,-1,660,643,666,-1,666,643,642,-1,666,642,667,-1,667,642,655,-1,667,655,668,-1,668,655,654,-1,668,654,656,-1,656,654,653,-1,656,653,657,-1,657,653,641,-1,657,641,661,-1,661,641,640,-1,661,640,662,-1,662,640,649,-1,662,649,663,-1,663,649,648,-1,663,648,658,-1,658,648,647,-1,658,647,659,-1,659,647,645,-1,659,645,669,-1,669,645,644,-1,669,644,670,-1,670,644,652,-1,670,652,671,-1,671,652,651,-1,671,651,664,-1,664,651,650,-1,664,650,665,-1,665,650,646,-1,665,646,606,-1,606,646,604,-1,672,673,674,-1,674,673,675,-1,676,677,678,-1,678,677,679,-1,680,676,681,-1,681,676,678,-1,680,681,682,-1,680,682,683,-1,683,682,684,-1,683,684,685,-1,685,684,686,-1,685,686,687,-1,687,686,688,-1,687,688,689,-1,689,688,690,-1,689,690,691,-1,691,690,675,-1,691,675,673,-1,692,693,694,-1,694,693,695,-1,695,693,696,-1,695,696,697,-1,697,696,698,-1,697,698,699,-1,699,698,700,-1,699,700,701,-1,701,700,702,-1,701,702,703,-1,703,702,704,-1,703,704,705,-1,705,704,706,-1,705,706,707,-1,677,707,679,-1,679,707,706,-1,673,672,708,-1,676,709,710,-1,707,711,712,-1,708,713,680,-1,680,713,714,-1,680,714,676,-1,676,714,715,-1,676,715,709,-1,710,716,676,-1,676,716,717,-1,676,717,677,-1,717,718,677,-1,677,718,719,-1,677,719,720,-1,720,721,677,-1,677,721,722,-1,677,722,707,-1,707,722,723,-1,707,723,711,-1,708,680,673,-1,673,680,683,-1,673,683,685,-1,687,689,685,-1,685,689,691,-1,685,691,673,-1,712,694,707,-1,707,694,695,-1,707,695,705,-1,705,695,697,-1,697,699,705,-1,705,699,701,-1,705,701,703,-1,693,692,724,-1,678,725,726,-1,681,727,728,-1,679,729,730,-1,679,731,678,-1,678,731,732,-1,678,732,725,-1,726,733,678,-1,678,733,734,-1,678,734,681,-1,681,734,735,-1,681,735,727,-1,729,679,736,-1,736,679,706,-1,736,706,737,-1,730,738,679,-1,679,738,739,-1,679,739,731,-1,728,674,681,-1,681,674,675,-1,681,675,682,-1,688,686,684,-1,698,704,700,-1,700,704,702,-1,698,696,704,-1,704,696,693,-1,704,693,706,-1,706,693,724,-1,706,724,737,-1,682,675,684,-1,684,675,690,-1,684,690,688,-1,692,694,724,-1,724,694,712,-1,724,712,737,-1,737,712,711,-1,737,711,736,-1,736,711,723,-1,736,723,729,-1,729,723,722,-1,729,722,730,-1,730,722,721,-1,730,721,738,-1,738,721,720,-1,738,720,739,-1,739,720,719,-1,739,719,731,-1,731,719,718,-1,731,718,732,-1,732,718,717,-1,732,717,725,-1,725,717,716,-1,725,716,726,-1,726,716,710,-1,726,710,733,-1,733,710,709,-1,733,709,734,-1,734,709,715,-1,734,715,735,-1,735,715,714,-1,735,714,727,-1,727,714,713,-1,727,713,728,-1,728,713,708,-1,728,708,674,-1,674,708,672,-1,740,741,742,-1,742,741,743,-1,744,745,746,-1,746,745,747,-1,748,744,749,-1,749,744,746,-1,748,749,750,-1,748,750,751,-1,751,750,752,-1,751,752,753,-1,753,752,754,-1,753,754,755,-1,755,754,756,-1,755,756,757,-1,757,756,758,-1,757,758,759,-1,759,758,743,-1,759,743,741,-1,760,761,762,-1,762,761,763,-1,763,761,764,-1,763,764,765,-1,765,764,766,-1,765,766,767,-1,767,766,768,-1,767,768,769,-1,769,768,770,-1,769,770,771,-1,771,770,772,-1,771,772,773,-1,773,772,774,-1,773,774,775,-1,745,775,747,-1,747,775,774,-1,745,776,777,-1,744,778,779,-1,779,780,744,-1,744,780,781,-1,744,781,745,-1,745,781,782,-1,745,782,776,-1,783,775,784,-1,784,775,745,-1,784,745,785,-1,785,745,777,-1,783,786,775,-1,775,786,787,-1,775,787,762,-1,740,788,741,-1,741,788,748,-1,741,748,759,-1,751,753,755,-1,788,789,748,-1,748,789,790,-1,748,790,744,-1,744,790,791,-1,744,791,778,-1,762,763,775,-1,775,763,765,-1,775,765,767,-1,751,755,748,-1,748,755,757,-1,748,757,759,-1,767,769,775,-1,775,769,771,-1,775,771,773,-1,792,793,774,-1,747,794,795,-1,746,796,797,-1,798,799,749,-1,764,761,774,-1,774,793,747,-1,747,793,800,-1,747,800,794,-1,795,801,747,-1,747,801,802,-1,747,802,746,-1,746,802,803,-1,746,803,796,-1,792,774,804,-1,804,774,761,-1,804,761,760,-1,799,742,749,-1,749,742,743,-1,749,743,758,-1,774,772,770,-1,797,805,746,-1,746,805,806,-1,746,806,749,-1,749,806,807,-1,749,807,798,-1,770,768,774,-1,774,768,766,-1,774,766,764,-1,758,756,749,-1,749,756,754,-1,749,754,750,-1,750,754,752,-1,760,762,804,-1,804,762,787,-1,804,787,792,-1,792,787,786,-1,792,786,793,-1,793,786,783,-1,793,783,800,-1,800,783,784,-1,800,784,794,-1,794,784,785,-1,794,785,795,-1,795,785,777,-1,795,777,801,-1,801,777,776,-1,801,776,802,-1,802,776,782,-1,802,782,803,-1,803,782,781,-1,803,781,796,-1,796,781,780,-1,796,780,797,-1,797,780,779,-1,797,779,805,-1,805,779,778,-1,805,778,806,-1,806,778,791,-1,806,791,807,-1,807,791,790,-1,807,790,798,-1,798,790,789,-1,798,789,799,-1,799,789,788,-1,799,788,742,-1,742,788,740,-1,808,809,810,-1,810,809,811,-1,812,813,814,-1,814,813,815,-1,816,812,817,-1,817,812,814,-1,816,817,818,-1,816,818,819,-1,819,818,820,-1,819,820,821,-1,821,820,822,-1,821,822,823,-1,823,822,824,-1,823,824,825,-1,825,824,826,-1,825,826,827,-1,827,826,811,-1,827,811,809,-1,828,829,830,-1,830,829,831,-1,831,829,832,-1,831,832,833,-1,833,832,834,-1,833,834,835,-1,835,834,836,-1,835,836,837,-1,837,836,838,-1,837,838,839,-1,839,838,840,-1,839,840,841,-1,841,840,842,-1,841,842,843,-1,813,843,815,-1,815,843,842,-1,809,808,844,-1,812,845,846,-1,813,847,848,-1,844,849,816,-1,816,849,850,-1,816,850,812,-1,812,850,851,-1,812,851,845,-1,846,852,812,-1,812,852,853,-1,812,853,813,-1,813,853,854,-1,813,854,847,-1,843,855,856,-1,844,816,809,-1,809,816,819,-1,809,819,821,-1,848,857,813,-1,813,857,858,-1,813,858,843,-1,843,858,859,-1,843,859,855,-1,821,823,809,-1,809,823,825,-1,809,825,827,-1,856,830,843,-1,843,830,831,-1,843,831,841,-1,833,835,837,-1,833,837,831,-1,831,837,839,-1,831,839,841,-1,860,861,815,-1,815,861,862,-1,814,863,864,-1,817,865,866,-1,862,867,815,-1,815,867,868,-1,815,868,814,-1,814,868,869,-1,814,869,863,-1,864,870,814,-1,814,870,871,-1,814,871,817,-1,817,871,872,-1,817,872,865,-1,829,828,873,-1,866,810,817,-1,817,810,811,-1,817,811,818,-1,860,815,874,-1,874,815,842,-1,874,842,875,-1,811,826,824,-1,840,829,842,-1,842,829,873,-1,842,873,875,-1,824,822,811,-1,811,822,820,-1,811,820,818,-1,834,832,836,-1,836,832,829,-1,836,829,838,-1,838,829,840,-1,828,830,873,-1,873,830,856,-1,873,856,875,-1,875,856,855,-1,875,855,874,-1,874,855,859,-1,874,859,860,-1,860,859,858,-1,860,858,861,-1,861,858,857,-1,861,857,862,-1,862,857,848,-1,862,848,867,-1,867,848,847,-1,867,847,868,-1,868,847,854,-1,868,854,869,-1,869,854,853,-1,869,853,863,-1,863,853,852,-1,863,852,864,-1,864,852,846,-1,864,846,870,-1,870,846,845,-1,870,845,871,-1,871,845,851,-1,871,851,872,-1,872,851,850,-1,872,850,865,-1,865,850,849,-1,865,849,866,-1,866,849,844,-1,866,844,810,-1,810,844,808,-1,876,877,878,-1,878,877,879,-1,880,881,882,-1,882,881,883,-1,884,880,885,-1,885,880,882,-1,884,885,886,-1,884,886,887,-1,887,886,888,-1,887,888,889,-1,889,888,890,-1,889,890,891,-1,891,890,892,-1,891,892,893,-1,893,892,894,-1,893,894,895,-1,895,894,896,-1,895,896,897,-1,897,896,879,-1,897,879,877,-1,898,899,900,-1,900,899,901,-1,901,899,902,-1,901,902,903,-1,903,902,904,-1,903,904,905,-1,905,904,906,-1,905,906,907,-1,907,906,908,-1,907,908,909,-1,909,908,910,-1,909,910,911,-1,911,910,912,-1,911,912,913,-1,881,913,883,-1,883,913,912,-1,913,881,914,-1,914,915,913,-1,913,915,916,-1,913,916,917,-1,880,918,919,-1,919,920,880,-1,880,920,921,-1,880,921,881,-1,881,921,922,-1,881,922,923,-1,923,924,881,-1,881,924,925,-1,881,925,914,-1,926,927,884,-1,884,927,928,-1,884,928,880,-1,880,928,929,-1,880,929,918,-1,903,905,907,-1,917,900,913,-1,913,900,901,-1,913,901,911,-1,911,901,903,-1,911,903,909,-1,909,903,907,-1,891,893,889,-1,889,893,887,-1,876,926,877,-1,877,926,884,-1,877,884,897,-1,897,884,887,-1,897,887,895,-1,895,887,893,-1,930,931,912,-1,912,931,932,-1,912,932,883,-1,883,932,933,-1,883,933,934,-1,882,883,935,-1,906,904,902,-1,934,936,883,-1,883,936,937,-1,883,937,935,-1,935,938,882,-1,882,938,939,-1,882,939,940,-1,941,942,885,-1,885,942,878,-1,885,878,879,-1,906,902,908,-1,940,943,882,-1,882,943,944,-1,882,944,885,-1,885,944,945,-1,885,945,941,-1,898,930,899,-1,899,930,912,-1,899,912,902,-1,902,912,910,-1,902,910,908,-1,879,896,885,-1,885,896,894,-1,885,894,892,-1,892,890,885,-1,885,890,888,-1,885,888,886,-1,898,900,930,-1,930,900,917,-1,930,917,931,-1,931,917,916,-1,931,916,932,-1,932,916,915,-1,932,915,933,-1,933,915,914,-1,933,914,934,-1,934,914,925,-1,934,925,936,-1,936,925,924,-1,936,924,937,-1,937,924,923,-1,937,923,935,-1,935,923,922,-1,935,922,938,-1,938,922,921,-1,938,921,939,-1,939,921,920,-1,939,920,940,-1,940,920,919,-1,940,919,943,-1,943,919,918,-1,943,918,944,-1,944,918,929,-1,944,929,945,-1,945,929,928,-1,945,928,941,-1,941,928,927,-1,941,927,942,-1,942,927,926,-1,942,926,878,-1,878,926,876,-1,
        ]
    }
}
Shape{
    appearance Appearance {
        material  Material 	{
            diffuseColor 0.25098039215686274 0.25098039215686274 0.25098039215686274
            specularColor 0.12549019607843137 0.12549019607843137 0.12549019607843137
            ambientIntensity 0.251
            transparency 0.0
            shininess 0.5
        }
    }
    geometry IndexedFaceSet {
        ccw TRUE
        solid FALSE
        coord DEF co Coordinate {
            point [
                1.1811 -1.6485 0.53, 1.1811 -1.6485 0.4118, 1.1811 -1.5953 0.4118, 1.1811 -1.0145 0.8071, 1.1811 -1.0145 1.9882, 1.1811 -1.0868 1.9882, 1.1811 -1.4377 0.1844, 1.1811 -1.4434 0.1838, 1.1811 -1.41 0.1838, 1.1811 -1.2961 0.3183, 1.1811 -1.2539 0.3183, 1.1811 -1.2539 0.3563, 1.1811 -2.38 0.3451, 1.1811 -2.3779 0.3563, 1.1811 -2.7539 0.3563, 1.1811 -1.836 0.4259, 1.1811 -1.8102 0.4042, 1.1811 -1.7203 0.5312, 1.1811 -1.7203 0.3955, 1.1811 -1.9625 0.545, 1.1811 -1.942 0.5312, 1.1811 -1.9202 0.5165, 1.1811 -1.8892 0.4809, 1.1811 -1.8689 0.4416, 1.1811 -1.8642 0.44, 1.1811 -2.1401 0.5431, 1.1811 -2.0963 0.56, 1.1811 -2.7539 1.9882, 1.1811 -1.7203 1.9882, 1.1811 -2.0492 0.5659, 1.1811 -2.0101 0.5617, 1.1811 -2.3357 0.4435, 1.1811 -2.3283 0.4505, 1.1811 -2.7539 0.5312, 1.1811 -2.1593 0.5312, 1.1811 -2.1631 0.5289, 1.1811 -2.2966 0.4721, 1.1811 -2.2612 0.4851, 1.1811 -2.2266 0.489, 1.1811 -2.1854 0.5098, 1.1811 -2.2157 0.4884, 1.1811 -2.2048 0.4871, 1.1811 -2.7539 0.3955, 1.1811 -2.3729 0.3826, 1.1811 -2.3669 0.3955, 1.1811 -2.3572 0.4164, 1.1811 -2.2646 0.1863, 1.1811 -2.2798 0.191, 1.1811 -2.7539 0.1838, 1.1811 -2.3136 0.2085, 1.1811 -2.3405 0.2319, 1.1811 -2.3432 0.235, 1.1811 -2.3635 0.2654, 1.1811 -2.3764 0.3009, 1.1811 -2.3803 0.3353, 1.1811 -2.2224 0.1346, 1.1811 -2.241 0.1486, 1.1811 -2.7539 0.1309, 1.1811 -2.2551 0.166, 1.1811 -2.2634 0.1838, 1.1811 -1.7203 0.1309, 1.1811 -2.1352 0.1309, 1.1811 -1.7203 0.0197, 1.1811 -2.1515 0.1246, 1.1811 -2.1744 0.1218, 1.1811 -2.1781 0.1219, 1.1811 -2.7539 0.0197, 1.1811 -2.2005 0.1254, 1.1811 -2.2137 0.1309, 1.1811 -1.7203 0.1838, 1.1811 -2.0855 0.1838, 1.1811 -2.0856 0.1835, 1.1811 -2.0968 0.1623, 1.1811 -2.1114 0.1459, 1.1811 -2.1303 0.1328, 1.1811 -1.7793 0.3482, 1.1811 -1.775 0.3173, 1.1811 -1.7203 0.3563, 1.1811 -1.9643 0.2398, 1.1811 -1.9577 0.2423, 1.1811 -1.9467 0.2964, 1.1811 -1.8101 0.2271, 1.1811 -1.836 0.2052, 1.1811 -2.1033 0.2803, 1.1811 -1.9761 0.3467, 1.1811 -2.1198 0.2953, 1.1811 -2.14 0.3061, 1.1811 -1.9701 0.2357, 1.1811 -1.7914 0.2532, 1.1811 -1.8343 0.3245, 1.1811 -1.8387 0.3428, 1.1811 -1.846 0.3563, 1.1811 -2.3182 0.3563, 1.1811 -1.7794 0.2832, 1.1811 -1.9505 0.2433, 1.1811 -1.9496 0.2432, 1.1811 -1.9468 0.2426, 1.1811 -2.3127 0.2995, 1.1811 -2.3013 0.2801, 1.1811 -2.2531 0.2703, 1.1811 -2.2843 0.2626, 1.1811 -2.2636 0.2499, 1.1811 -2.218 0.3017, 1.1811 -2.2374 0.2883, 1.1811 -2.3206 0.3372, 1.1811 -2.3194 0.3227, 1.1811 -2.1971 0.3097, 1.1811 -2.1744 0.3125, 1.1811 -2.1629 0.3118, 1.1811 -1.9799 0.2138, 1.1811 -1.9797 0.2172, 1.1811 -2.0796 0.2262, 1.1811 -1.978 0.2244, 1.1811 -1.9744 0.2309, 1.1811 -1.8531 0.2662, 1.1811 -1.8426 0.281, 1.1811 -1.8361 0.2979, 1.1811 -1.8338 0.3163, 1.1811 -1.9578 0.1853, 1.1811 -1.964 0.1878, 1.1811 -1.9702 0.1921, 1.1811 -1.9724 0.1944, 1.1811 -1.9765 0.2003, 1.1811 -1.979 0.2068, 1.1811 -2.0801 0.2069, 1.1811 -2.0796 0.2167, 1.1811 -1.865 0.1911, 1.1811 -1.8964 0.1844, 1.1811 -1.9524 0.1844, 1.1811 -1.9448 0.2423, 1.1811 -1.9021 0.2423, 1.1811 -1.8852 0.2455, 1.1811 -1.8684 0.2533, 1.1811 -1.8544 0.2647, 1.1811 -1.9154 0.3903, 1.1811 -2.3096 0.3813, 1.1811 -2.3177 0.3601, 1.1811 -1.9078 0.3903, 1.1811 -1.8475 0.3591, 1.1811 -1.8585 0.3715, 1.1811 -1.8732 0.3817, 1.1811 -1.8898 0.3881, 1.1811 -1.9563 0.472, 1.1811 -1.96 0.4754, 1.1811 -2.1754 0.4178, 1.1811 -1.9352 0.4462, 1.1811 -2.2998 0.3955, 1.1811 -2.1823 0.4216, 1.1811 -1.9165 0.3955, 1.1811 -1.9208 0.4155, 1.1811 -2.2036 0.4294, 1.1811 -2.2257 0.4321, 1.1811 -2.2354 0.4316, 1.1811 -1.9867 0.4938, 1.1811 -2.0165 0.5051, 1.1811 -2.1613 0.4473, 1.1811 -2.0482 0.5089, 1.1811 -2.2589 0.426, 1.1811 -2.28 0.4148, 1.1811 -2.2965 0.4002, 1.1811 -2.0826 0.5046, 1.1811 -2.1137 0.4922, 1.1811 -2.1401 0.4728, 1.1811 -1.804 0.3955, 1.1811 -1.7909 0.3772, 1.1811 -1.7826 0.3563, 1.1811 -1.2243 0.2001, 1.1811 -1.2243 0.1849, 1.1811 -1.2117 0.1838, 1.1811 -1.2117 0.3563, 1.1811 -1.2274 0.3183, 1.1811 -1.2274 0.303, 1.1811 -1.2789 0.245, 1.1811 -1.2789 0.2001, 1.1811 -1.2539 0.245, 1.1811 -1.2539 0.2001, 1.1811 -1.2312 0.245, 1.1811 -1.2312 0.2603, 1.1811 -1.2789 0.303, 1.1811 -1.2789 0.2603, 1.1811 -1.2539 0.303, 1.1811 -1.2539 0.2603, 1.1811 -1.2539 0.1838, 1.1811 -1.2539 0.1849, 1.1811 -1.2961 0.1849, 1.1811 -1.362 0.2086, 1.1811 -1.36 0.2007, 1.1811 -1.3595 0.2007, 1.1811 -1.3141 0.2802, 1.1811 -1.3789 0.3563, 1.1811 -1.3315 0.2802, 1.1811 -1.3789 0.257, 1.1811 -1.3575 0.2084, 1.1811 -1.3588 0.204, 1.1811 -1.4786 0.2545, 1.1811 -1.4779 0.2604, 1.1811 -1.4956 0.3563, 1.1811 -1.476 0.2429, 1.1811 -1.4779 0.248, 1.1811 -1.4787 0.2055, 1.1811 -1.4711 0.2009, 1.1811 -1.471 0.2009, 1.1811 -1.471 0.2365, 1.1811 -1.4738 0.2394, 1.1811 -1.4711 0.2365, 1.1811 -1.4637 0.1838, 1.1811 -1.467 0.1841, 1.1811 -1.471 0.1838, 1.1811 -1.471 0.1855, 1.1811 -1.4956 0.1838, 1.1811 -1.4787 0.1882, 1.1811 -1.4189 0.2782, 1.1811 -1.4189 0.2619, 1.1811 -1.4679 0.2748, 1.1811 -1.4638 0.2773, 1.1811 -1.471 0.3563, 1.1811 -1.476 0.2658, 1.1811 -1.4729 0.2703, 1.1811 -1.471 0.272, 1.1811 -1.4151 0.2041, 1.1811 -1.4172 0.1988, 1.1811 -1.4203 0.1944, 1.1811 -1.4548 0.2808, 1.1811 -1.4415 0.2824, 1.1811 -1.41 0.3563, 1.1811 -1.4297 0.2813, 1.1811 -1.4199 0.2266, 1.1811 -1.4168 0.222, 1.1811 -1.415 0.2171, 1.1811 -1.4143 0.2108, 1.1811 -1.4251 0.1902, 1.1811 -1.4289 0.1878, 1.1811 -1.4431 0.2688, 1.1811 -1.4481 0.2684, 1.1811 -1.4614 0.256, 1.1811 -1.4525 0.2673, 1.1811 -1.4563 0.2653, 1.1811 -1.4612 0.2538, 1.1811 -1.4605 0.2512, 1.1811 -1.4593 0.2489, 1.1811 -1.4577 0.2471, 1.1811 -1.4518 0.2434, 1.1811 -1.4314 0.2674, 1.1811 -1.4415 0.2389, 1.1811 -1.422 0.2637, 1.1811 -1.435 0.2363, 1.1811 -1.4239 0.2301, 1.1811 -1.4588 0.263, 1.1811 -1.4602 0.2609, 1.1811 -1.4611 0.2587, 1.1811 -1.4606 0.1973, 1.1811 -1.4533 0.2268, 1.1811 -1.4632 0.2314, 1.1811 -1.4512 0.1963, 1.1811 -1.4505 0.1963, 1.1811 -1.4423 0.2222, 1.1811 -1.4419 0.1973, 1.1811 -1.4315 0.2092, 1.1811 -1.4316 0.2113, 1.1811 -1.4376 0.1988, 1.1811 -1.4361 0.1998, 1.1811 -1.4341 0.2015, 1.1811 -1.4327 0.2036, 1.1811 -1.4318 0.206, 1.1811 -1.4324 0.2139, 1.1811 -1.4337 0.2161, 1.1811 -1.4358 0.2183, 1.1811 -1.0868 0.3955, 1.1811 -1.1301 0.3966, 1.1811 -1.1492 0.3966, 1.1811 -1.1628 0.4331, 1.1811 -1.2117 0.4331, 1.1811 -1.2117 0.3955, 1.1811 -1.181 0.53, 1.1811 -1.0868 0.5312, 1.1811 -1.2117 0.5312, 1.1811 -1.2183 0.4331, 1.1811 -1.2312 0.3966, 1.1811 -1.2539 0.3955, 1.1811 -1.2502 0.3966, 1.1811 -1.2539 0.5312, 1.1811 -1.2117 0.4976, 1.1811 -1.1994 0.53, 1.1811 -1.3945 0.53, 1.1811 -1.3789 0.5312, 1.1811 -1.41 0.5312, 1.1811 -1.446 0.4567, 1.1811 -1.446 0.4118, 1.1811 -1.41 0.4567, 1.1811 -1.41 0.4118, 1.1811 -1.3983 0.4567, 1.1811 -1.3915 0.4118, 1.1811 -1.3983 0.472, 1.1811 -1.3945 0.5147, 1.1811 -1.41 0.472, 1.1811 -1.41 0.5147, 1.1811 -1.446 0.472, 1.1811 -1.446 0.5147, 1.1811 -1.4632 0.3966, 1.1811 -1.471 0.3955, 1.1811 -1.41 0.3955, 1.1811 -1.3789 0.3955, 1.1811 -1.3915 0.3966, 1.1811 -1.41 0.3966, 1.1811 -1.471 0.5312, 1.1811 -1.4632 0.53, 1.1811 -1.41 0.53, 1.1811 0.7894 0.0197, 1.1811 0.7894 0.0905, 1.1811 0.7695 0.1309, 1.1811 1.2224 0.0905, 1.1811 1.2224 0.0197, 1.1811 1.5374 0.0197, 1.1811 1.9705 0.0197, 1.1811 2.502 0.0197, 1.1811 1.9705 0.0905, 1.1811 2.502 0.1309, 1.1811 1.5374 0.0905, 1.1811 -1.2117 0.0905, 1.1811 -1.0868 0.0905, 1.1811 -1.0868 0.1309, 1.1811 -0.7854 0.0905, 1.1811 -0.7854 0.0197, 1.1811 -0.3917 0.0197, 1.1811 -0.3917 0.0905, 1.1811 0.0413 0.0905, 1.1811 0.7695 0.0197, 1.1811 0.0413 0.0197, 1.1811 -1.2117 0.1309, 1.1811 -1.2185 0.0905, 1.1811 -1.2539 0.1309, 1.1811 -1.2185 0.0197, 1.1811 0.1666 0.8071, 1.1811 0.1666 1.9882, 1.1811 -0.2539 1.9882, 1.1811 2.502 1.9882, 1.1811 2.1083 1.9882, 1.1811 2.502 0.5312, 1.1811 2.1083 0.8071, 1.1811 1.3477 1.9882, 1.1811 0.9272 1.9882, 1.1811 1.3477 0.8071, 1.1811 0.9272 0.8071, 1.1811 0.7695 0.5312, 1.1811 0.7695 0.8071, 1.1811 -1.5181 0.4099, 1.1811 -1.5031 0.4127, 1.1811 -1.4956 0.5112, 1.1811 -1.4956 0.4161, 1.1811 -1.4914 0.5096, 1.1811 -1.4899 0.4186, 1.1811 -1.4899 0.5088, 1.1811 -1.505 0.5148, 1.1811 -1.5214 0.5167, 1.1811 -1.5718 0.4618, 1.1811 -1.5561 0.4211, 1.1811 -1.5473 0.415, 1.1811 -1.5578 0.5019, 1.1811 -1.5651 0.4918, 1.1811 -1.5487 0.5094, 1.1811 -1.5382 0.5143, 1.1811 -1.5266 0.5165, 1.1811 -1.5696 0.4803, 1.1811 -1.5716 0.4569, 1.1811 -1.5695 0.4436, 1.1811 -1.5378 0.4113, 1.1811 -1.5244 0.4097, 1.1811 -1.5652 0.4328, 1.1811 -1.5587 0.4238, 1.1811 -1.5073 0.5312, 1.1811 -1.504 0.5309, 1.1811 -1.4956 0.5312, 1.1811 -1.4956 0.5285, 1.1811 -1.4899 0.5268, 1.1811 -1.5214 0.5323, 1.1811 -1.4956 1.9882, 1.1811 -1.5216 0.5323, 1.1811 -1.5839 1.9882, 1.1811 -1.5308 0.5312, 1.1811 -1.5839 0.5312, 1.1811 -1.5803 0.5, 1.1811 -1.5706 0.5127, 1.1811 -1.5674 0.5157, 1.1811 -1.5549 0.5245, 1.1811 -1.541 0.5299, 1.1811 -1.5919 0.5312, 1.1811 -1.5866 0.4852, 1.1811 -1.5839 0.4915, 1.1811 -1.5839 0.4305, 1.1811 -1.5872 0.4389, 1.1811 -1.5919 0.3955, 1.1811 -1.5899 0.4608, 1.1811 -1.5896 0.4678, 1.1811 -1.5494 0.3977, 1.1811 -1.562 0.4036, 1.1811 -1.5839 0.3955, 1.1811 -1.5727 0.4126, 1.1811 -1.5817 0.425, 1.1811 -1.5386 0.3955, 1.1811 -1.5839 0.3563, 1.1811 -1.535 0.3947, 1.1811 -1.5269 0.3943, 1.1811 -1.5151 0.3955, 1.1811 -1.4899 0.4021, 1.1811 -1.4922 0.401, 1.1811 -1.4956 0.3955, 1.1811 -1.4956 0.3999, 1.1811 -1.5066 0.3963, 1.1811 -1.5717 0.2297, 1.1811 -1.5686 0.2573, 1.1811 -1.5752 0.2243, 1.1811 -1.5772 0.2181, 1.1811 -1.5013 0.1849, 1.1811 -1.5181 0.1849, 1.1811 -1.5317 0.2682, 1.1811 -1.5374 0.2688, 1.1811 -1.5463 0.2415, 1.1811 -1.503 0.2603, 1.1811 -1.5013 0.2462, 1.1811 -1.5669 0.2342, 1.1811 -1.5602 0.2379, 1.1811 -1.5571 0.2645, 1.1811 -1.5466 0.2679, 1.1811 -1.5641 0.1862, 1.1811 -1.5697 0.1901, 1.1811 -1.5839 0.1838, 1.1811 -1.5713 0.1917, 1.1811 -1.5748 0.1967, 1.1811 -1.5181 0.1996, 1.1811 -1.5185 0.1996, 1.1811 -1.5212 0.1955, 1.1811 -1.5265 0.1899, 1.1811 -1.577 0.2023, 1.1811 -1.5779 0.2104, 1.1811 -1.5686 0.2735, 1.1811 -1.5181 0.2455, 1.1811 -1.5186 0.2528, 1.1811 -1.5204 0.2588, 1.1811 -1.5223 0.2622, 1.1811 -1.5652 0.2755, 1.1811 -1.5528 0.2803, 1.1811 -1.5358 0.2824, 1.1811 -1.5241 0.2811, 1.1811 -1.5175 0.2788, 1.1811 -1.5122 0.2754, 1.1811 -1.5093 0.2726, 1.1811 -1.5057 0.2675, 1.1811 -1.5248 0.2649, 1.1811 -1.5278 0.2668, 1.1811 -1.5386 0.1838, 1.1811 -1.539 0.1836, 1.1811 -1.4956 0.1309, 1.1811 -1.5839 0.1309, 1.1811 -1.5477 0.1826, 1.1811 -1.5574 0.1838, 1.1811 -1.5577 0.1838, 1.1811 -1.3789 0.1838, 1.1811 -1.3789 0.2121, 1.1811 -1.4056 0.2802, 1.1811 -1.3869 0.2802, 1.1811 -1.3682 0.1851, 1.1811 -1.3688 0.1838, 1.1811 -1.3756 0.1678, 1.1811 -1.41 0.1309, 1.1811 -1.4022 0.1414, 1.1811 -1.4022 0.1562, 1.1811 -1.3821 0.1582, 1.1811 -1.379 0.1616, 1.1811 -1.3789 0.1618, 1.1811 -1.4528 0.1826, 1.1811 -1.471 0.1309, 1.1811 -1.3988 0.1551, 1.1811 -1.3927 0.1543, 1.1811 -1.3789 0.143, 1.1811 -1.3839 0.141, 1.1811 -1.3789 0.1309, 1.1811 -1.3914 0.14, 1.1811 -1.3951 0.1401, 1.1811 -1.3882 0.1549, 1.1811 -1.3846 0.1564, 1.1811 -1.3522 0.1838, 1.1811 -1.3574 0.1705, 1.1811 -1.365 0.1556, 1.1811 -1.3719 0.1476, 1.1811 -1.3774 0.1436, 1.1811 -1.5839 0.0197, 1.1811 -1.4956 0.0197, 1.1811 -1.471 0.0197, 1.1811 -1.41 0.0197, 1.1811 -1.3789 0.0197, 1.1811 -1.2539 0.0197, 1.1811 -1.5322 0.1861, 1.1811 0.7695 0.1838, 1.1811 -1.0868 0.1838, 1.1811 -1.6657 0.3183, 1.1811 -1.6657 0.1849, 1.1811 -1.5919 0.1838, 1.1811 -1.5919 0.1309, 1.1811 -1.5919 0.0197, 1.1811 -1.597 0.3183, 1.1811 -1.5919 0.3563, 1.1811 -1.597 0.303, 1.1811 -1.5939 0.2001, 1.1811 -1.5939 0.1849, 1.1811 -1.6485 0.245, 1.1811 -1.6485 0.2001, 1.1811 -1.6007 0.245, 1.1811 -1.6007 0.2603, 1.1811 -1.6485 0.2603, 1.1811 -1.6485 0.303, 1.1811 -1.1991 0.1849, 1.1811 -1.0941 0.2292, 1.1811 -1.1007 0.2154, 1.1811 -1.1106 0.2036, 1.1811 -1.0977 0.2845, 1.1811 -1.0927 0.2718, 1.1811 -1.0868 0.3563, 1.1811 -1.0905 0.2533, 1.1811 -1.0909 0.2448, 1.1811 -1.1245 0.1936, 1.1811 -1.1397 0.1877, 1.1811 -1.1624 0.1849, 1.1811 -1.1991 0.3183, 1.1811 -1.1611 0.3183, 1.1811 -1.1407 0.3161, 1.1811 -1.1246 0.3102, 1.1811 -1.1106 0.3007, 1.1811 -1.106 0.2961, 1.1811 -1.0641 0.1849, 1.1811 -1.0831 0.1849, 1.1811 -0.982 0.1849, 1.1811 -0.9957 0.2214, 1.1811 -1.0512 0.2214, 1.1811 -1.0323 0.3183, 1.1811 -1.0138 0.3183, 1.1811 -1.6657 0.3966, 1.1811 -1.6657 0.53, 1.1811 -1.5953 0.3966, 1.1811 -1.3282 0.53, 1.1811 -1.3078 0.5278, 1.1811 -1.2917 0.5219, 1.1811 -1.2648 0.4962, 1.1811 -1.2599 0.4835, 1.1811 -1.2576 0.465, 1.1811 -1.258 0.4565, 1.1811 -1.2612 0.4409, 1.1811 -1.2678 0.4271, 1.1811 -1.2777 0.4153, 1.1811 -1.2916 0.4053, 1.1811 -1.3068 0.3994, 1.1811 -1.3296 0.3966, 1.1811 -1.3663 0.3966, 1.1811 -1.3663 0.53, 1.1811 -1.2777 0.5124, 1.1811 -1.2731 0.5078, 1.1811 -0.2539 0.8071, 1.1811 0.7695 0.3955, 1.1811 0.7695 0.3563, 1.1811 -0.963 0.1849, 1.1811 2.502 0.1838, 1.1811 2.502 0.3563, 1.1811 2.502 0.3955, 1.1811 -1.5919 1.9882, 1.1811 -1.2117 1.9882, 1.1811 -1.2539 1.9882, 1.1811 -1.3789 1.9882, 1.1811 -1.41 1.9882, 1.1811 -1.471 1.9882, -0.7048 1.8667 1.078, -0.7048 1.8667 0.9299, -0.7048 2.9744 0.9299, 0.674 -2.7539 0.7849, 0.6808 -2.0124 0.8071, 0.6808 -1.1972 0.8071, 0.7048 -2.0059 0.9299, 0.7048 -2.7539 0.9299, 0.7048 -2.0059 1.078, -0.1969 -2.2475 1.6847, -0.1473 -2.2343 1.6971, -0.1473 -2.7539 1.6971, 0.0 -2.1948 1.7126, 0.0 -2.7539 1.7126, 0.1473 -2.1553 1.6971, 0.1473 -2.7539 1.6971, 0.2882 -2.1175 1.6513, 0.2882 -2.7539 1.6513, 0.4165 -2.0832 1.5773, 0.4165 -2.7539 1.5773, 0.5266 -2.0537 1.4781, 0.5266 -2.7539 1.4781, 0.6137 -2.0303 1.3583, 0.6137 -2.7539 1.3583, 0.674 -2.0142 1.2229, 0.674 -2.7539 1.2229, 0.7048 -2.7539 1.078, -0.674 2.9744 0.7849, -0.6808 1.8731 0.8071, -0.6808 1.0579 0.8071, -0.6808 -0.1232 0.8071, -0.6808 0.692 0.8071, -0.7048 0.6856 0.9299, -0.7048 1.0515 0.9299, -0.7048 0.6856 1.078, -0.6808 -0.4891 0.8071, -0.6808 -1.3043 0.8071, -0.674 -2.7539 0.7849, -0.2882 -2.2475 1.6513, -0.2882 -2.7539 1.6513, -0.4165 -2.2475 1.5773, -0.4165 -2.7539 1.5773, -0.5266 -2.2475 1.4781, -0.5266 -2.7539 1.4781, -0.6137 -2.2475 1.3583, -0.6137 -2.7539 1.3583, -0.674 -2.2475 1.2229, -0.674 -2.7539 1.2229, -0.7048 -2.2475 1.078, -0.7048 -2.7539 1.078, -0.7048 -2.2475 0.9299, -0.7048 -2.7539 0.9299, -0.6808 -2.2475 0.8071, -0.6808 -1.4869 0.8071, -0.7048 -1.4869 0.9299, -0.7048 -1.3107 0.9299, -0.7048 -1.4869 1.078, -0.7048 -1.3107 1.078, -0.674 -1.3024 1.2229, -0.674 -1.4869 1.2229, -0.6137 -1.2863 1.3583, -0.6137 -1.4869 1.3583, -0.5266 -1.263 1.4781, -0.5266 -1.4869 1.4781, -0.4165 -1.2335 1.5773, -0.4165 -1.4869 1.5773, -0.4006 -1.4869 1.5885, -0.2882 -1.1991 1.6513, -0.2882 -1.4568 1.6513, -0.1473 -1.1613 1.6971, -0.1473 -1.4191 1.6971, 0.0 -1.1219 1.7126, 0.0 -1.3796 1.7126, 0.1473 -1.0824 1.6971, 0.1473 -1.3401 1.6971, 0.2882 -1.0446 1.6513, 0.2882 -1.3024 1.6513, 0.4006 -1.0145 1.5885, 0.4165 -1.268 1.5773, 0.4165 -1.0145 1.5773, 0.5266 -1.0145 1.4781, 0.5266 -1.2385 1.4781, 0.6137 -1.0145 1.3583, 0.6137 -1.2151 1.3583, 0.674 -1.0145 1.2229, 0.674 -1.199 1.2229, 0.7048 -1.0145 1.078, 0.7048 -1.1907 1.078, 0.7048 -1.1907 0.9299, 0.7048 -1.0145 0.9299, 0.6808 -1.0145 0.8071, 0.1473 0.0987 1.6971, 0.0 -0.3067 1.7126, 0.0 0.0592 1.7126, -0.1473 -0.3462 1.6971, -0.1473 0.0198 1.6971, -0.2882 -0.3839 1.6513, -0.2882 -0.018 1.6513, -0.4165 -0.4183 1.5773, -0.4165 -0.0524 1.5773, -0.5266 -0.4478 1.4781, -0.5266 -0.0819 1.4781, -0.6137 -0.4711 1.3583, -0.6137 -0.1052 1.3583, -0.674 -0.4873 1.2229, -0.674 -0.1213 1.2229, -0.7048 -0.4955 1.078, 0.2882 -0.2539 1.6513, 0.1969 -0.2539 1.6847, 0.1473 -0.2672 1.6971, 0.2882 0.1365 1.6513, 0.4006 0.1666 1.5885, 0.4165 -0.2539 1.5773, 0.4165 0.1666 1.5773, 0.5266 -0.2539 1.4781, 0.5266 0.1666 1.4781, 0.6137 -0.2539 1.3583, 0.6137 0.1666 1.3583, 0.674 -0.2539 1.2229, 0.674 0.1666 1.2229, 0.7048 -0.2539 1.078, 0.7048 0.1666 1.078, 0.7048 -0.2539 0.9299, 0.7048 0.1666 0.9299, 0.6808 -0.2539 0.8071, 0.6808 0.1666 0.8071, 0.674 2.9744 0.7849, 0.6808 0.9272 0.8071, 0.1473 1.2798 1.6971, 0.0 0.8744 1.7126, 0.0 1.2403 1.7126, -0.1473 0.8349 1.6971, -0.1473 1.2009 1.6971, -0.2882 0.7972 1.6513, -0.2882 1.1631 1.6513, -0.4165 0.7628 1.5773, -0.4165 1.1287 1.5773, -0.5266 0.7333 1.4781, -0.5266 1.0992 1.4781, -0.6137 0.71 1.3583, -0.6137 1.0759 1.3583, -0.674 0.6938 1.2229, -0.674 1.0598 1.2229, -0.7048 1.0515 1.078, 0.2882 0.9272 1.6513, 0.1969 0.9272 1.6847, 0.1473 0.9139 1.6971, -0.7048 2.9744 1.078, -0.674 2.9744 1.2229, -0.674 1.8749 1.2229, -0.6137 2.9744 1.3583, -0.6137 1.8911 1.3583, -0.5266 2.9744 1.4781, -0.5266 1.9144 1.4781, -0.4165 2.9744 1.5773, -0.4165 1.9439 1.5773, -0.2882 2.9744 1.6513, -0.2882 1.9783 1.6513, -0.1473 2.9744 1.6971, -0.1473 2.016 1.6971, 0.0 2.9744 1.7126, 0.0 2.0555 1.7126, 0.1473 2.9744 1.6971, 0.1473 2.095 1.6971, 0.2882 1.3176 1.6513, 0.4006 1.3477 1.5885, 0.4165 0.9272 1.5773, 0.4165 1.3477 1.5773, 0.5266 0.9272 1.4781, 0.5266 1.3477 1.4781, 0.6137 0.9272 1.3583, 0.6137 1.3477 1.3583, 0.674 0.9272 1.2229, 0.674 1.3477 1.2229, 0.7048 0.9272 1.078, 0.7048 1.3477 1.078, 0.7048 0.9272 0.9299, 0.7048 1.3477 0.9299, 0.6808 1.3477 0.8071, 0.6808 2.1083 0.8071, 0.7048 2.9744 0.9299, 0.7048 2.1083 0.9299, 0.7048 2.9744 1.078, 0.7048 2.1083 1.078, 0.674 2.9744 1.2229, 0.674 2.1083 1.2229, 0.6137 2.9744 1.3583, 0.6137 2.1083 1.3583, 0.5266 2.9744 1.4781, 0.5266 2.1083 1.4781, 0.4165 2.9744 1.5773, 0.4165 2.1083 1.5773, 0.2882 2.9744 1.6513, 0.2882 2.1083 1.6513, 0.1969 2.1083 1.6847, 0.6137 -2.7539 0.6496, 0.6137 2.9744 0.6496, 0.5266 -2.7539 0.5297, 0.5266 2.9744 0.5297, 0.4165 -2.7539 0.4306, 0.4165 2.9744 0.4306, 0.2882 -2.7539 0.3565, 0.2882 2.9744 0.3565, 0.1473 -2.7539 0.3108, 0.1473 2.9744 0.3108, 0.0 -2.7539 0.2953, 0.0 2.9744 0.2953, -0.1473 -2.7539 0.3108, -0.1473 2.9744 0.3108, -0.2882 -2.7539 0.3565, -0.2882 2.9744 0.3565, -0.4165 -2.7539 0.4306, -0.4165 2.9744 0.4306, -0.5266 -2.7539 0.5297, -0.5266 2.9744 0.5297, -0.6137 -2.7539 0.6496, -0.6137 2.9744 0.6496, -0.7048 -0.4955 0.9299, -0.7048 -0.1296 0.9299, -0.7048 -0.1296 1.078, -0.6802 2.502 1.8463, -1.1811 2.502 1.9882, -0.528 2.502 1.9491, -0.451 2.502 1.9882, -0.8127 2.502 1.7192, -0.9219 2.502 1.5716, -1.0046 2.502 1.4076, -0.8705 2.502 0.3601, -1.1811 2.502 0.0197, -0.9668 2.502 0.5165, -1.0352 2.502 0.6869, -1.0584 2.502 1.232, -1.0817 2.502 1.0499, -1.0739 2.502 0.8664, -0.7491 2.502 0.2223, -0.6063 2.502 0.1069, -0.451 2.502 0.0197, -1.1811 -1.9665 0.0905, -1.1811 -1.9665 0.0197, -1.1811 -2.7539 0.0197, -1.1811 -1.1004 0.0905, -1.1811 -1.1004 0.0197, -1.1811 -1.5335 0.0197, -1.1811 1.1831 0.0905, -1.1811 1.1831 0.0197, -1.1811 1.0846 0.0197, -1.1811 -1.5335 0.0905, -1.1811 -0.5689 1.0197, -1.1811 -0.6673 0.0905, -1.1811 -0.5689 0.0197, -1.1811 -0.6673 0.0197, -1.1811 -2.7539 1.9882, -1.1811 -2.2475 1.9882, -1.1811 -2.2475 0.8071, -1.1811 2.3051 0.0197, -1.1811 2.3051 1.0197, -1.1811 1.0846 1.0197, -1.1811 1.8721 1.0197, -1.1811 1.6161 0.0905, -1.1811 1.8721 0.0197, -1.1811 1.6161 0.0197, -1.1811 -1.4869 1.9882, -1.1811 0.6516 1.0197, -1.1811 0.6516 0.0197, -1.1811 0.4744 0.0905, -1.1811 0.4744 0.0197, -1.1811 0.0413 0.0197, -1.1811 -0.1358 0.0197, -1.1811 0.0413 0.0905, -1.1811 -0.1358 1.0197, -1.1811 -1.4869 0.8071, 0.7491 2.502 0.2223, 0.6063 2.502 0.1069, 0.451 2.502 0.0197, 0.8705 2.502 0.3601, 0.9668 2.502 0.5165, 1.0352 2.502 0.6869, 1.0046 2.502 1.4076, 0.9219 2.502 1.5716, 0.8127 2.502 1.7192, 0.6802 2.502 1.8463, 0.528 2.502 1.9491, 0.451 2.502 1.9882, 1.0739 2.502 0.8664, 1.0817 2.502 1.0499, 1.0584 2.502 1.232, -0.1969 -2.2475 1.9882, 0.7874 -1.9838 1.9882, 0.7874 -1.1686 1.9882, 0.4006 -1.0145 1.9882, -0.4006 -1.4869 1.9882, -0.7874 -1.3328 1.9882, -0.7874 -0.5177 1.9882, 0.1969 -0.2539 1.9882, 0.4006 0.1666 1.9882, -0.7874 -0.1517 1.9882, 0.1969 0.9272 1.9882, 0.4006 1.3477 1.9882, -0.7874 0.6634 1.9882, -0.7874 1.0294 1.9882, 0.1969 2.1083 1.9882, -0.7874 1.8445 1.9882, -1.0236 -1.4498 0.0197, -1.0236 -1.5335 0.0197, 1.0236 -0.7854 0.0197, 1.0236 -0.7312 0.0197, 1.0236 0.1568 0.0197, 1.0236 0.0413 0.0197, 1.0236 1.2224 0.0197, 1.0236 1.3022 0.0197, -1.0236 -1.1004 0.0197, -1.0236 -1.1825 0.0197, -1.0236 0.4744 0.0197, -1.0236 0.5233 0.0197, -0.886 0.5233 0.0197, 0.1392 1.7357 0.0197, 0.0984 1.7669 0.0197, -1.0236 1.1831 0.0197, -1.0236 1.1151 0.0197, 0.0 -0.9626 0.0197, -0.0509 -0.9693 0.0197, 0.88 1.3022 0.0197, -1.0236 -0.5879 0.0197, -1.0236 -0.6673 0.0197, -1.0496 -0.5689 0.0197, -0.1705 1.6949 0.0197, -0.1901 1.6474 0.0197, -1.0496 1.8721 0.0197, -0.1969 1.5965 0.0197, -1.0236 0.0413 0.0197, -1.0236 -0.0113 0.0197, -1.0496 -0.1358 0.0197, -0.886 -0.0113 0.0197, 0.88 1.4438 0.0197, -0.886 -0.5879 0.0197, -0.1901 1.5455 0.0197, 0.0509 1.7866 0.0197, 0.0 1.7933 0.0197, -1.0496 1.0846 0.0197, -0.886 1.1151 0.0197, -1.0496 0.6516 0.0197, -1.0236 1.6161 0.0197, -1.0236 1.6761 0.0197, -0.886 1.6761 0.0197, 0.1901 -1.2104 0.0197, 0.1969 -1.1594 0.0197, 0.88 0.6888 0.0197, 0.1901 -1.1085 0.0197, 0.1705 -1.061 0.0197, 1.0236 1.5374 0.0197, 1.0236 1.4438 0.0197, -0.0984 -0.989 0.0197, 0.88 0.1568 0.0197, 0.88 -0.4524 0.0197, 0.1705 -1.2579 0.0197, 0.1392 -1.2986 0.0197, 1.0236 0.7894 0.0197, 1.0236 0.6888 0.0197, -0.0509 1.7866 0.0197, -0.0984 1.7669 0.0197, -0.1392 1.7357 0.0197, 0.1392 1.4573 0.0197, 0.1705 1.498 0.0197, -1.0496 2.3051 0.0197, 0.1392 -1.0203 0.0197, 0.0984 -0.989 0.0197, 0.0509 -0.9693 0.0197, -0.1901 -1.1085 0.0197, -0.886 -1.1825 0.0197, -0.1705 -1.061 0.0197, -0.1392 -1.0203 0.0197, 1.0236 -1.2185 0.0197, 1.0236 -1.3404 0.0197, 0.88 -1.3404 0.0197, -0.1705 1.498 0.0197, -0.1392 1.4573 0.0197, -0.0984 1.426 0.0197, -0.0509 1.4063 0.0197, 0.0 1.3996 0.0197, 0.0509 1.4063 0.0197, 0.0984 1.426 0.0197, 0.1705 1.6949 0.0197, 0.88 2.0616 0.0197, 1.0236 2.0616 0.0197, 1.0236 1.9705 0.0197, -0.886 -1.4498 0.0197, -0.1969 -1.1594 0.0197, -0.1901 -1.2104 0.0197, -0.1705 -1.2579 0.0197, -0.886 -2.0505 0.0197, -0.1392 -1.2986 0.0197, -0.0984 -1.3299 0.0197, 0.1901 1.5455 0.0197, 0.1969 1.5965 0.0197, 0.1901 1.6474 0.0197, -0.0509 -1.3496 0.0197, 0.0 -1.3563 0.0197, 0.0509 -1.3496 0.0197, -1.0236 -2.0505 0.0197, -1.0236 -1.9665 0.0197, 0.0984 -1.3299 0.0197, 0.88 -0.7312 0.0197, 1.0236 -0.4524 0.0197, 1.0236 -0.3917 0.0197, 0.0918 2.502 -0.0748, -0.446 2.502 0.0174, -0.0918 2.502 -0.0748, -0.2728 2.502 -0.0438, 0.446 2.502 0.0174, 0.2728 2.502 -0.0438, 0.528 2.8957 1.9491, 0.6802 2.8957 1.8463, 0.8127 2.8957 1.7192, 0.9219 2.8957 1.5716, 1.0046 2.8957 1.4076, 1.0584 2.8957 1.232, 1.0817 2.8957 1.0499, 1.0739 2.8957 0.8664, 1.0352 2.8957 0.6869, 0.9668 2.8957 0.5165, 0.8705 2.8957 0.3601, 0.7491 2.8957 0.2223, 0.6063 2.8957 0.1069, 0.446 2.8957 0.0174, 0.2728 2.8957 -0.0438, 0.0918 2.8957 -0.0748, 0.0 2.8957 -0.0787, -0.0918 2.8957 -0.0748, -0.2728 2.8957 -0.0438, -0.446 2.8957 0.0174, -0.6063 2.8957 0.1069, -0.7491 2.8957 0.2223, -0.8705 2.8957 0.3601, -0.9668 2.8957 0.5165, -1.0352 2.8957 0.6869, -1.0739 2.8957 0.8664, -1.0817 2.8957 1.0499, -1.0584 2.8957 1.232, -1.0046 2.8957 1.4076, -0.9219 2.8957 1.5716, -0.8127 2.8957 1.7192, -0.6802 2.8957 1.8463, -0.528 2.8957 1.9491, -0.3607 2.8957 2.0248, -0.3607 2.502 2.0248, -0.183 2.502 2.071, -0.183 2.8957 2.071, 0.0 2.502 2.0866, 0.0 2.8957 2.0866, 0.183 2.502 2.071, 0.183 2.8957 2.071, 0.3607 2.502 2.0248, 0.3607 2.8957 2.0248, -0.4896 2.9744 1.8804, -0.3345 2.9744 1.9505, -0.1697 2.9744 1.9934, 0.0 2.9744 2.0079, 0.1697 2.9744 1.9934, -0.9814 2.9744 1.2154, -0.9315 2.9744 1.3783, -0.8549 2.9744 1.5303, -0.7536 2.9744 1.6672, -0.6307 2.9744 1.785, -0.8072 2.9744 0.407, -0.8964 2.9744 0.552, -0.9599 2.9744 0.71, -0.9958 2.9744 0.8764, -1.003 2.9744 1.0465, 0.9814 2.9744 1.2154, 1.003 2.9744 1.0465, 0.9958 2.9744 0.8764, 0.9599 2.9744 0.71, 0.3345 2.9744 1.9505, 0.4896 2.9744 1.8804, 0.6307 2.9744 1.785, 0.7536 2.9744 1.6672, 0.8549 2.9744 1.5303, 0.9315 2.9744 1.3783, -0.0851 2.9744 0.0036, -0.253 2.9744 0.0324, -0.4135 2.9744 0.0891, -0.5622 2.9744 0.1722, -0.6947 2.9744 0.2791, 0.0851 2.9744 0.0036, 0.0 2.9744 -0.0, 0.8964 2.9744 0.552, 0.8072 2.9744 0.407, 0.6947 2.9744 0.2791, 0.5622 2.9744 0.1722, 0.4135 2.9744 0.0891, 0.253 2.9744 0.0324, -0.7874 -0.1517 0.8071, -0.7874 0.6634 0.8071, -0.7874 -1.3328 0.8071, -0.7874 -0.5177 0.8071, 0.7874 -1.1686 0.8071, 0.7874 -1.9838 0.8071, -0.7874 1.0294 0.8071, -0.7874 1.8445 0.8071, 1.0236 1.9705 0.0905, 1.0236 1.5374 0.0905, -1.0236 -1.9665 0.0905, -1.0236 -1.5335 0.0905, -1.0236 0.4744 0.0905, -1.0236 0.0413 0.0905, -1.0236 -1.1004 0.0905, -1.0236 -0.6673 0.0905, 1.0236 -0.7854 0.0905, 1.0236 -1.2185 0.0905, 1.0236 0.0413 0.0905, 1.0236 -0.3917 0.0905, -1.0236 1.1831 0.0905, -1.0236 1.6161 0.0905, 1.0236 0.7894 0.0905, 1.0236 1.2224 0.0905, -1.0496 -0.5689 1.0197, -1.0496 -0.1358 1.0197, -1.0496 0.6516 1.0197, -1.0496 1.0846 1.0197, -1.0496 1.8721 1.0197, -1.0496 2.3051 1.0197, -0.1901 -1.2104 -0.1378, -0.1705 -1.2579 -0.1378, -0.1392 -1.2986 -0.1378, -0.0984 -1.3299 -0.1378, -0.0509 -1.3496 -0.1378, 0.0 -1.3563 -0.1378, 0.0509 -1.3496 -0.1378, 0.0984 -1.3299 -0.1378, 0.1392 -1.2986 -0.1378, 0.1705 -1.2579 -0.1378, 0.1901 -1.2104 -0.1378, 0.1969 -1.1594 -0.1378, 0.1901 -1.1085 -0.1378, 0.1705 -1.061 -0.1378, 0.1392 -1.0203 -0.1378, 0.0984 -0.989 -0.1378, 0.0509 -0.9693 -0.1378, 0.0 -0.9626 -0.1378, -0.0509 -0.9693 -0.1378, -0.0984 -0.989 -0.1378, -0.1392 -1.0203 -0.1378, -0.1705 -1.061 -0.1378, -0.1901 -1.1085 -0.1378, -0.1969 -1.1594 -0.1378, 0.1364 -1.0807 -0.1772, 0.1521 -1.1187 -0.1772, 0.0 -1.1594 -0.1772, 0.1575 -1.1594 -0.1772, 0.1521 -1.2002 -0.1772, 0.0408 -1.0073 -0.1772, 0.0787 -1.0231 -0.1772, 0.1114 -1.0481 -0.1772, -0.0787 -1.0231 -0.1772, -0.0408 -1.0073 -0.1772, 0.0 -1.002 -0.1772, -0.1521 -1.1187 -0.1772, -0.1364 -1.0807 -0.1772, -0.1114 -1.0481 -0.1772, -0.1364 -1.2382 -0.1772, -0.1521 -1.2002 -0.1772, -0.1575 -1.1594 -0.1772, -0.0408 -1.3116 -0.1772, -0.0787 -1.2958 -0.1772, -0.1114 -1.2708 -0.1772, 0.0787 -1.2958 -0.1772, 0.0408 -1.3116 -0.1772, 0.0 -1.3169 -0.1772, 0.1364 -1.2382 -0.1772, 0.1114 -1.2708 -0.1772, -0.1901 1.5455 -0.1378, -0.1705 1.498 -0.1378, -0.1392 1.4573 -0.1378, -0.0984 1.426 -0.1378, -0.0509 1.4063 -0.1378, 0.0 1.3996 -0.1378, 0.0509 1.4063 -0.1378, 0.0984 1.426 -0.1378, 0.1392 1.4573 -0.1378, 0.1705 1.498 -0.1378, 0.1901 1.5455 -0.1378, 0.1969 1.5965 -0.1378, 0.1901 1.6474 -0.1378, 0.1705 1.6949 -0.1378, 0.1392 1.7357 -0.1378, 0.0984 1.7669 -0.1378, 0.0509 1.7866 -0.1378, 0.0 1.7933 -0.1378, -0.0509 1.7866 -0.1378, -0.0984 1.7669 -0.1378, -0.1392 1.7357 -0.1378, -0.1705 1.6949 -0.1378, -0.1901 1.6474 -0.1378, -0.1969 1.5965 -0.1378, 0.1364 1.6752 -0.1772, 0.1521 1.6372 -0.1772, 0.0 1.5965 -0.1772, 0.1575 1.5965 -0.1772, 0.1521 1.5557 -0.1772, 0.0408 1.7486 -0.1772, 0.0787 1.7328 -0.1772, 0.1114 1.7078 -0.1772, -0.0787 1.7328 -0.1772, -0.0408 1.7486 -0.1772, 0.0 1.7539 -0.1772, -0.1521 1.6372 -0.1772, -0.1364 1.6752 -0.1772, -0.1114 1.7078 -0.1772, -0.1364 1.5177 -0.1772, -0.1521 1.5557 -0.1772, -0.1575 1.5965 -0.1772, -0.0408 1.4443 -0.1772, -0.0787 1.4601 -0.1772, -0.1114 1.4851 -0.1772, 0.0787 1.4601 -0.1772, 0.0408 1.4443 -0.1772, 0.0 1.439 -0.1772, 0.1364 1.5177 -0.1772, 0.1114 1.4851 -0.1772, 0.162 1.5531 -0.1758, 0.1452 1.5126 -0.1758, 0.1186 1.4779 -0.1758, 0.0838 1.4513 -0.1758, 0.0434 1.4345 -0.1758, 0.0 1.4288 -0.1758, -0.0434 1.4345 -0.1758, -0.0838 1.4513 -0.1758, -0.1186 1.4779 -0.1758, -0.1452 1.5126 -0.1758, -0.162 1.5531 -0.1758, -0.1677 1.5965 -0.1758, -0.162 1.6399 -0.1758, -0.1452 1.6803 -0.1758, -0.1186 1.715 -0.1758, -0.0838 1.7417 -0.1758, -0.0434 1.7584 -0.1758, 0.0 1.7641 -0.1758, 0.0434 1.7584 -0.1758, 0.0838 1.7417 -0.1758, 0.1186 1.715 -0.1758, 0.1452 1.6803 -0.1758, 0.162 1.6399 -0.1758, 0.1677 1.5965 -0.1758, 0.1711 1.5506 -0.1719, 0.1534 1.5079 -0.1719, 0.1253 1.4712 -0.1719, 0.0886 1.443 -0.1719, 0.0459 1.4253 -0.1719, 0.0 1.4193 -0.1719, -0.0459 1.4253 -0.1719, -0.0886 1.443 -0.1719, -0.1253 1.4712 -0.1719, -0.1534 1.5079 -0.1719, -0.1711 1.5506 -0.1719, -0.1772 1.5965 -0.1719, -0.1711 1.6423 -0.1719, -0.1534 1.685 -0.1719, -0.1253 1.7217 -0.1719, -0.0886 1.7499 -0.1719, -0.0459 1.7676 -0.1719, 0.0 1.7736 -0.1719, 0.0459 1.7676 -0.1719, 0.0886 1.7499 -0.1719, 0.1253 1.7217 -0.1719, 0.1534 1.685 -0.1719, 0.1711 1.6423 -0.1719, 0.1772 1.5965 -0.1719, 0.179 1.5485 -0.1656, 0.1605 1.5038 -0.1656, 0.131 1.4654 -0.1656, 0.0927 1.436 -0.1656, 0.048 1.4175 -0.1656, 0.0 1.4111 -0.1656, -0.048 1.4175 -0.1656, -0.0927 1.436 -0.1656, -0.131 1.4654 -0.1656, -0.1605 1.5038 -0.1656, -0.179 1.5485 -0.1656, -0.1853 1.5965 -0.1656, -0.179 1.6444 -0.1656, -0.1605 1.6891 -0.1656, -0.131 1.7275 -0.1656, -0.0927 1.757 -0.1656, -0.048 1.7755 -0.1656, 0.0 1.7818 -0.1656, 0.048 1.7755 -0.1656, 0.0927 1.757 -0.1656, 0.131 1.7275 -0.1656, 0.1605 1.6891 -0.1656, 0.179 1.6444 -0.1656, 0.1853 1.5965 -0.1656, 0.185 1.5469 -0.1575, 0.1659 1.5007 -0.1575, 0.1355 1.461 -0.1575, 0.0958 1.4306 -0.1575, 0.0496 1.4114 -0.1575, 0.0 1.4049 -0.1575, -0.0496 1.4114 -0.1575, -0.0958 1.4306 -0.1575, -0.1355 1.461 -0.1575, -0.1659 1.5007 -0.1575, -0.185 1.5469 -0.1575, -0.1916 1.5965 -0.1575, -0.185 1.646 -0.1575, -0.1659 1.6922 -0.1575, -0.1355 1.7319 -0.1575, -0.0958 1.7624 -0.1575, -0.0496 1.7815 -0.1575, 0.0 1.788 -0.1575, 0.0496 1.7815 -0.1575, 0.0958 1.7624 -0.1575, 0.1355 1.7319 -0.1575, 0.1659 1.6922 -0.1575, 0.185 1.646 -0.1575, 0.1916 1.5965 -0.1575, 0.1888 1.5459 -0.148, 0.1693 1.4987 -0.148, 0.1382 1.4582 -0.148, 0.0978 1.4271 -0.148, 0.0506 1.4076 -0.148, 0.0 1.401 -0.148, -0.0506 1.4076 -0.148, -0.0978 1.4271 -0.148, -0.1382 1.4582 -0.148, -0.1693 1.4987 -0.148, -0.1888 1.5459 -0.148, -0.1955 1.5965 -0.148, -0.1888 1.6471 -0.148, -0.1693 1.6942 -0.148, -0.1382 1.7347 -0.148, -0.0978 1.7658 -0.148, -0.0506 1.7853 -0.148, 0.0 1.792 -0.148, 0.0506 1.7853 -0.148, 0.0978 1.7658 -0.148, 0.1382 1.7347 -0.148, 0.1693 1.6942 -0.148, 0.1888 1.6471 -0.148, 0.1955 1.5965 -0.148, 0.162 -1.2028 -0.1758, 0.1452 -1.2433 -0.1758, 0.1186 -1.278 -0.1758, 0.0838 -1.3047 -0.1758, 0.0434 -1.3214 -0.1758, 0.0 -1.3271 -0.1758, -0.0434 -1.3214 -0.1758, -0.0838 -1.3047 -0.1758, -0.1186 -1.278 -0.1758, -0.1452 -1.2433 -0.1758, -0.162 -1.2028 -0.1758, -0.1677 -1.1594 -0.1758, -0.162 -1.116 -0.1758, -0.1452 -1.0756 -0.1758, -0.1186 -1.0409 -0.1758, -0.0838 -1.0142 -0.1758, -0.0434 -0.9975 -0.1758, 0.0 -0.9918 -0.1758, 0.0434 -0.9975 -0.1758, 0.0838 -1.0142 -0.1758, 0.1186 -1.0409 -0.1758, 0.1452 -1.0756 -0.1758, 0.162 -1.116 -0.1758, 0.1677 -1.1594 -0.1758, 0.1711 -1.2053 -0.1719, 0.1534 -1.248 -0.1719, 0.1253 -1.2847 -0.1719, 0.0886 -1.3129 -0.1719, 0.0459 -1.3306 -0.1719, 0.0 -1.3366 -0.1719, -0.0459 -1.3306 -0.1719, -0.0886 -1.3129 -0.1719, -0.1253 -1.2847 -0.1719, -0.1534 -1.248 -0.1719, -0.1711 -1.2053 -0.1719, -0.1772 -1.1594 -0.1719, -0.1711 -1.1136 -0.1719, -0.1534 -1.0709 -0.1719, -0.1253 -1.0342 -0.1719, -0.0886 -1.006 -0.1719, -0.0459 -0.9883 -0.1719, 0.0 -0.9823 -0.1719, 0.0459 -0.9883 -0.1719, 0.0886 -1.006 -0.1719, 0.1253 -1.0342 -0.1719, 0.1534 -1.0709 -0.1719, 0.1711 -1.1136 -0.1719, 0.1772 -1.1594 -0.1719, 0.179 -1.2074 -0.1656, 0.1605 -1.2521 -0.1656, 0.131 -1.2905 -0.1656, 0.0927 -1.3199 -0.1656, 0.048 -1.3384 -0.1656, 0.0 -1.3448 -0.1656, -0.048 -1.3384 -0.1656, -0.0927 -1.3199 -0.1656, -0.131 -1.2905 -0.1656, -0.1605 -1.2521 -0.1656, -0.179 -1.2074 -0.1656, -0.1853 -1.1594 -0.1656, -0.179 -1.1115 -0.1656, -0.1605 -1.0668 -0.1656, -0.131 -1.0284 -0.1656, -0.0927 -0.999 -0.1656, -0.048 -0.9804 -0.1656, 0.0 -0.9741 -0.1656, 0.048 -0.9804 -0.1656, 0.0927 -0.999 -0.1656, 0.131 -1.0284 -0.1656, 0.1605 -1.0668 -0.1656, 0.179 -1.1115 -0.1656, 0.1853 -1.1594 -0.1656, 0.185 -1.209 -0.1575, 0.1659 -1.2552 -0.1575, 0.1355 -1.2949 -0.1575, 0.0958 -1.3254 -0.1575, 0.0496 -1.3445 -0.1575, 0.0 -1.351 -0.1575, -0.0496 -1.3445 -0.1575, -0.0958 -1.3254 -0.1575, -0.1355 -1.2949 -0.1575, -0.1659 -1.2552 -0.1575, -0.185 -1.209 -0.1575, -0.1916 -1.1594 -0.1575, -0.185 -1.1099 -0.1575, -0.1659 -1.0637 -0.1575, -0.1355 -1.024 -0.1575, -0.0958 -0.9935 -0.1575, -0.0496 -0.9744 -0.1575, 0.0 -0.9679 -0.1575, 0.0496 -0.9744 -0.1575, 0.0958 -0.9935 -0.1575, 0.1355 -1.024 -0.1575, 0.1659 -1.0637 -0.1575, 0.185 -1.1099 -0.1575, 0.1916 -1.1594 -0.1575, 0.1888 -1.21 -0.148, 0.1693 -1.2572 -0.148, 0.1382 -1.2977 -0.148, 0.0978 -1.3288 -0.148, 0.0506 -1.3483 -0.148, 0.0 -1.355 -0.148, -0.0506 -1.3483 -0.148, -0.0978 -1.3288 -0.148, -0.1382 -1.2977 -0.148, -0.1693 -1.2572 -0.148, -0.1888 -1.21 -0.148, -0.1955 -1.1594 -0.148, -0.1888 -1.1088 -0.148, -0.1693 -1.0617 -0.148, -0.1382 -1.0212 -0.148, -0.0978 -0.9901 -0.148, -0.0506 -0.9706 -0.148, 0.0 -0.9639 -0.148, 0.0506 -0.9706 -0.148, 0.0978 -0.9901 -0.148, 0.1382 -1.0212 -0.148, 0.1693 -1.0617 -0.148, 0.1888 -1.1088 -0.148, 0.1955 -1.1594 -0.148, 1.0236 0.6888 0.4134, 1.0236 1.3022 0.4134, 0.88 1.3022 0.4134, 0.88 0.6888 0.4134, -1.0236 1.6761 0.4134, -1.0236 1.1151 0.4134, -0.886 1.1151 0.4134, -0.886 1.6761 0.4134, 1.0236 -0.4524 0.4134, 1.0236 0.1568 0.4134, 0.88 0.1568 0.4134, 0.88 -0.4524 0.4134, 1.0236 -1.3404 0.4134, 1.0236 -0.7312 0.4134, 0.88 -0.7312 0.4134, 0.88 -1.3404 0.4134, -1.0236 -0.5879 0.4134, -1.0236 -1.1825 0.4134, -0.886 -1.1825 0.4134, -0.886 -0.5879 0.4134, -1.0236 0.5233 0.4134, -1.0236 -0.0113 0.4134, -0.886 -0.0113 0.4134, -0.886 0.5233 0.4134, -1.0236 -1.4498 0.4134, -1.0236 -2.0505 0.4134, -0.886 -2.0505 0.4134, -0.886 -1.4498 0.4134, 1.0236 1.4438 0.4134, 1.0236 2.0616 0.4134, 0.88 2.0616 0.4134, 0.88 1.4438 0.4134
            ]
        }
        coordIndex [
            0,1,2,-1,3,4,5,-1,6,7,8,-1,9,10,11,-1,12,13,14,-1,15,16,17,-1,17,16,18,-1,19,20,17,-1,17,20,21,-1,17,21,22,-1,22,23,17,-1,17,23,24,-1,17,24,15,-1,25,26,27,-1,27,26,28,-1,28,26,29,-1,28,29,30,-1,31,32,33,-1,25,27,34,-1,34,27,33,-1,34,33,35,-1,32,36,33,-1,33,36,37,-1,33,37,35,-1,35,37,38,-1,35,38,39,-1,39,38,40,-1,39,40,41,-1,14,13,42,-1,13,43,42,-1,42,43,44,-1,42,44,33,-1,33,44,45,-1,33,45,31,-1,46,47,48,-1,47,49,48,-1,48,49,50,-1,48,50,51,-1,51,52,48,-1,48,52,53,-1,48,53,14,-1,14,53,54,-1,14,54,12,-1,55,56,57,-1,57,56,58,-1,57,58,48,-1,48,58,59,-1,48,59,46,-1,60,61,62,-1,62,61,63,-1,63,64,62,-1,62,64,65,-1,62,65,66,-1,66,65,67,-1,66,67,57,-1,57,67,68,-1,57,68,55,-1,69,70,60,-1,60,70,71,-1,60,71,72,-1,72,73,60,-1,60,73,74,-1,60,74,61,-1,75,76,77,-1,78,79,80,-1,81,82,69,-1,83,84,85,-1,85,84,86,-1,78,80,87,-1,81,69,88,-1,89,90,84,-1,84,90,91,-1,84,91,92,-1,77,76,69,-1,69,76,93,-1,69,93,88,-1,79,94,80,-1,80,94,95,-1,80,95,96,-1,97,98,99,-1,99,98,100,-1,99,100,101,-1,102,92,103,-1,103,92,104,-1,103,104,99,-1,99,104,105,-1,99,105,97,-1,102,106,92,-1,92,106,107,-1,92,107,84,-1,84,107,108,-1,84,108,86,-1,109,110,111,-1,111,110,112,-1,111,112,80,-1,80,112,113,-1,80,113,87,-1,114,115,80,-1,80,115,116,-1,80,116,84,-1,84,116,117,-1,84,117,89,-1,118,119,70,-1,70,119,120,-1,70,120,121,-1,121,122,70,-1,70,122,123,-1,70,123,124,-1,124,123,109,-1,124,109,125,-1,125,109,111,-1,82,126,69,-1,69,126,127,-1,69,127,70,-1,70,127,128,-1,70,128,118,-1,96,129,80,-1,80,129,130,-1,80,130,131,-1,131,132,80,-1,80,132,133,-1,80,133,114,-1,134,135,136,-1,136,92,134,-1,134,92,91,-1,134,91,137,-1,137,91,138,-1,138,139,137,-1,137,139,140,-1,137,140,141,-1,142,143,144,-1,142,144,145,-1,146,144,147,-1,135,134,146,-1,146,134,148,-1,146,148,144,-1,144,148,149,-1,144,149,145,-1,147,150,146,-1,146,150,151,-1,146,151,152,-1,143,153,144,-1,144,153,154,-1,144,154,155,-1,155,154,156,-1,157,158,152,-1,152,158,159,-1,152,159,146,-1,160,161,156,-1,156,161,162,-1,156,162,155,-1,16,163,18,-1,18,163,164,-1,18,164,77,-1,77,164,165,-1,77,165,75,-1,166,167,168,-1,11,10,169,-1,169,10,170,-1,169,170,171,-1,172,173,174,-1,174,173,175,-1,174,175,176,-1,176,175,166,-1,176,166,177,-1,178,179,180,-1,180,179,181,-1,180,181,171,-1,168,167,182,-1,182,167,183,-1,182,183,184,-1,185,186,187,-1,188,189,190,-1,190,189,191,-1,190,191,192,-1,192,191,185,-1,192,185,193,-1,193,185,187,-1,194,195,196,-1,197,198,199,-1,200,201,202,-1,197,199,203,-1,200,202,199,-1,199,202,204,-1,199,204,203,-1,205,206,207,-1,207,206,208,-1,207,208,209,-1,209,208,210,-1,209,210,199,-1,211,212,8,-1,213,214,215,-1,195,216,196,-1,196,216,217,-1,196,217,215,-1,215,217,218,-1,215,218,213,-1,219,220,8,-1,8,220,221,-1,214,222,215,-1,215,222,223,-1,215,223,224,-1,224,223,225,-1,224,225,211,-1,226,227,212,-1,212,227,228,-1,212,228,8,-1,8,228,229,-1,8,229,219,-1,221,230,8,-1,8,230,231,-1,8,231,6,-1,232,233,234,-1,234,233,235,-1,234,235,236,-1,234,237,232,-1,232,237,238,-1,232,238,239,-1,239,240,232,-1,232,240,241,-1,232,241,242,-1,242,241,243,-1,242,243,244,-1,244,243,245,-1,244,245,212,-1,212,245,246,-1,212,246,226,-1,247,248,236,-1,236,248,249,-1,236,249,234,-1,250,251,201,-1,201,251,252,-1,201,252,202,-1,250,253,251,-1,251,253,254,-1,251,254,255,-1,255,254,256,-1,255,257,258,-1,256,259,255,-1,255,259,260,-1,255,260,261,-1,261,262,255,-1,255,262,263,-1,255,263,257,-1,258,264,255,-1,255,264,265,-1,255,265,266,-1,267,268,269,-1,270,271,269,-1,269,271,272,-1,269,272,267,-1,268,267,273,-1,273,267,274,-1,273,274,275,-1,271,276,272,-1,272,276,277,-1,272,277,278,-1,278,277,279,-1,278,279,280,-1,280,279,281,-1,280,281,275,-1,275,281,282,-1,275,282,273,-1,283,284,285,-1,286,287,288,-1,288,287,289,-1,288,289,290,-1,290,289,291,-1,290,291,292,-1,292,291,293,-1,292,293,294,-1,294,293,295,-1,294,295,296,-1,296,295,297,-1,298,299,300,-1,283,293,284,-1,284,293,291,-1,284,291,301,-1,301,291,302,-1,301,302,300,-1,300,302,303,-1,300,303,298,-1,304,305,285,-1,285,305,306,-1,285,306,283,-1,307,308,309,-1,309,308,310,-1,310,311,312,-1,313,314,315,-1,315,314,316,-1,315,316,317,-1,318,319,320,-1,320,319,321,-1,321,322,323,-1,324,325,309,-1,307,309,326,-1,326,309,325,-1,326,325,327,-1,318,328,329,-1,329,328,330,-1,329,330,331,-1,332,333,334,-1,335,336,337,-1,337,336,338,-1,339,340,341,-1,341,340,342,-1,341,342,343,-1,343,342,344,-1,343,344,332,-1,345,346,347,-1,347,346,348,-1,347,348,349,-1,349,348,350,-1,349,350,351,-1,351,350,299,-1,351,299,304,-1,304,299,298,-1,304,298,305,-1,352,353,354,-1,347,355,356,-1,357,358,359,-1,359,358,360,-1,353,361,354,-1,354,361,360,-1,354,360,362,-1,362,360,358,-1,352,354,347,-1,347,354,363,-1,347,363,364,-1,356,365,347,-1,347,365,366,-1,347,366,345,-1,364,367,347,-1,347,367,368,-1,347,368,355,-1,369,370,371,-1,371,370,372,-1,371,372,304,-1,304,372,373,-1,304,373,351,-1,374,375,376,-1,376,375,377,-1,376,377,378,-1,379,380,381,-1,381,382,379,-1,379,382,383,-1,379,383,384,-1,385,386,379,-1,379,386,387,-1,379,387,380,-1,388,389,390,-1,390,389,391,-1,390,391,385,-1,385,391,392,-1,385,392,386,-1,393,394,395,-1,394,396,395,-1,395,396,397,-1,395,397,388,-1,393,395,398,-1,398,395,399,-1,398,399,400,-1,400,399,401,-1,401,399,196,-1,401,196,402,-1,350,403,299,-1,299,403,404,-1,299,404,405,-1,405,404,406,-1,405,406,407,-1,408,409,410,-1,410,409,411,-1,209,412,413,-1,414,415,416,-1,196,417,418,-1,408,419,409,-1,409,419,420,-1,409,420,421,-1,421,420,416,-1,421,416,422,-1,422,416,415,-1,198,194,199,-1,199,194,196,-1,199,196,209,-1,209,196,418,-1,209,418,412,-1,423,424,425,-1,425,424,426,-1,425,426,427,-1,428,429,413,-1,413,429,430,-1,413,430,431,-1,427,432,425,-1,425,432,433,-1,425,433,399,-1,399,433,411,-1,399,411,434,-1,434,411,409,-1,435,436,416,-1,416,436,437,-1,416,437,438,-1,434,439,399,-1,399,439,440,-1,399,440,196,-1,196,440,441,-1,441,442,196,-1,196,442,443,-1,196,443,444,-1,444,445,196,-1,196,445,446,-1,196,446,417,-1,438,447,416,-1,416,447,448,-1,416,448,414,-1,449,450,451,-1,451,450,452,-1,450,453,452,-1,452,453,454,-1,452,454,425,-1,425,454,455,-1,425,455,423,-1,456,457,8,-1,8,457,458,-1,211,8,224,-1,224,8,458,-1,224,458,189,-1,189,458,459,-1,189,459,191,-1,460,457,461,-1,461,457,456,-1,461,456,462,-1,463,464,465,-1,466,467,456,-1,456,467,468,-1,456,468,462,-1,469,470,7,-1,7,470,463,-1,7,463,8,-1,8,463,465,-1,8,465,456,-1,456,465,471,-1,456,471,472,-1,473,474,475,-1,475,474,476,-1,475,476,463,-1,463,476,477,-1,463,477,464,-1,472,478,456,-1,456,478,479,-1,456,479,466,-1,480,481,330,-1,481,482,330,-1,330,482,483,-1,330,483,475,-1,475,483,484,-1,475,484,473,-1,452,485,451,-1,451,485,486,-1,451,486,470,-1,470,486,487,-1,470,487,463,-1,463,487,488,-1,463,488,475,-1,475,488,489,-1,475,489,330,-1,330,489,490,-1,330,490,331,-1,469,205,470,-1,470,205,207,-1,470,207,451,-1,451,207,209,-1,451,209,449,-1,449,209,413,-1,449,413,491,-1,491,413,431,-1,328,168,330,-1,330,168,182,-1,330,182,480,-1,480,182,184,-1,480,184,188,-1,188,184,9,-1,188,9,189,-1,189,9,11,-1,323,324,321,-1,321,324,309,-1,321,309,320,-1,320,309,492,-1,320,492,493,-1,494,77,495,-1,495,77,69,-1,495,69,496,-1,496,69,60,-1,496,60,497,-1,497,60,62,-1,497,62,498,-1,494,499,500,-1,499,501,500,-1,500,501,502,-1,500,502,496,-1,496,502,503,-1,496,503,495,-1,504,505,506,-1,506,505,502,-1,506,502,507,-1,507,502,501,-1,507,501,508,-1,508,501,509,-1,181,177,171,-1,171,177,166,-1,171,166,169,-1,169,166,168,-1,169,168,510,-1,511,512,493,-1,493,512,513,-1,514,515,516,-1,516,515,517,-1,516,517,493,-1,493,517,518,-1,493,518,511,-1,513,519,493,-1,493,519,520,-1,493,520,521,-1,318,320,328,-1,328,320,493,-1,328,493,168,-1,168,493,521,-1,168,521,510,-1,510,522,169,-1,169,522,523,-1,169,523,516,-1,516,523,524,-1,516,524,525,-1,525,526,516,-1,516,526,527,-1,516,527,514,-1,528,529,493,-1,530,531,532,-1,493,529,516,-1,516,529,533,-1,516,533,534,-1,388,390,395,-1,395,390,500,-1,395,500,399,-1,399,500,496,-1,399,496,425,-1,425,496,497,-1,425,497,452,-1,452,497,498,-1,452,498,485,-1,516,267,169,-1,169,267,272,-1,169,272,11,-1,11,272,278,-1,11,278,189,-1,189,278,301,-1,189,301,224,-1,224,301,300,-1,224,300,215,-1,215,300,299,-1,215,299,196,-1,196,299,405,-1,196,405,402,-1,402,405,407,-1,494,500,77,-1,77,500,390,-1,77,390,18,-1,18,390,535,-1,18,535,17,-1,535,536,17,-1,17,536,0,-1,17,0,385,-1,385,0,2,-1,385,2,390,-1,390,2,537,-1,390,537,535,-1,284,538,280,-1,280,538,539,-1,280,539,540,-1,541,542,280,-1,280,542,543,-1,280,543,278,-1,278,543,544,-1,278,544,545,-1,545,546,278,-1,278,546,547,-1,278,547,548,-1,548,549,278,-1,278,549,550,-1,278,550,301,-1,301,550,551,-1,301,551,284,-1,284,551,552,-1,284,552,538,-1,540,553,280,-1,280,553,554,-1,280,554,541,-1,334,555,332,-1,332,555,274,-1,332,274,343,-1,343,274,267,-1,343,267,556,-1,556,267,516,-1,556,516,557,-1,557,516,534,-1,557,534,492,-1,492,534,558,-1,492,558,493,-1,493,558,530,-1,493,530,528,-1,528,530,532,-1,312,317,310,-1,310,317,316,-1,310,316,309,-1,309,316,559,-1,309,559,492,-1,492,559,560,-1,492,560,557,-1,557,560,561,-1,557,561,556,-1,556,561,337,-1,556,337,343,-1,343,337,338,-1,343,338,341,-1,384,378,379,-1,379,378,377,-1,379,377,385,-1,385,377,562,-1,385,562,17,-1,17,562,28,-1,17,28,19,-1,19,28,30,-1,555,3,274,-1,274,3,5,-1,274,5,275,-1,275,5,563,-1,275,563,280,-1,280,563,564,-1,280,564,284,-1,284,564,565,-1,284,565,285,-1,285,565,566,-1,285,566,304,-1,304,566,567,-1,304,567,371,-1,371,567,375,-1,371,375,369,-1,369,375,374,-1,568,569,570,-1,571,572,573,-1,572,571,574,-1,574,571,575,-1,574,575,576,-1,577,578,579,-1,579,578,580,-1,579,580,581,-1,581,580,582,-1,581,582,583,-1,583,582,584,-1,583,584,585,-1,585,584,586,-1,585,586,587,-1,587,586,588,-1,587,588,589,-1,589,588,590,-1,589,590,591,-1,591,590,592,-1,591,592,593,-1,593,592,576,-1,593,576,594,-1,594,576,575,-1,570,569,595,-1,595,569,596,-1,595,596,597,-1,598,595,599,-1,599,595,597,-1,599,597,600,-1,600,597,601,-1,600,601,602,-1,603,604,605,-1,577,579,606,-1,606,579,607,-1,606,607,608,-1,608,607,609,-1,608,609,610,-1,610,609,611,-1,610,611,612,-1,612,611,613,-1,612,613,614,-1,614,613,615,-1,614,615,616,-1,616,615,617,-1,616,617,618,-1,618,617,619,-1,618,619,620,-1,620,619,605,-1,620,605,621,-1,621,605,604,-1,621,604,622,-1,622,604,623,-1,622,623,624,-1,623,625,624,-1,624,625,626,-1,624,626,627,-1,627,626,628,-1,627,628,629,-1,629,628,630,-1,629,630,631,-1,631,630,632,-1,631,632,633,-1,633,632,634,-1,634,632,635,-1,634,635,636,-1,636,635,637,-1,636,637,638,-1,638,637,639,-1,638,639,640,-1,640,639,641,-1,640,641,642,-1,642,641,643,-1,642,643,644,-1,644,643,645,-1,644,645,646,-1,645,647,646,-1,646,647,648,-1,646,648,649,-1,649,648,650,-1,649,650,651,-1,651,650,652,-1,651,652,653,-1,653,652,654,-1,653,654,655,-1,655,654,656,-1,656,654,657,-1,656,657,573,-1,573,657,658,-1,573,658,571,-1,659,660,661,-1,661,660,662,-1,661,662,663,-1,663,662,664,-1,663,664,665,-1,665,664,666,-1,665,666,667,-1,667,666,668,-1,667,668,669,-1,669,668,670,-1,669,670,671,-1,671,670,672,-1,671,672,673,-1,673,672,674,-1,675,676,659,-1,659,676,677,-1,659,677,660,-1,659,678,675,-1,675,678,679,-1,675,679,680,-1,680,679,681,-1,680,681,682,-1,682,681,683,-1,682,683,684,-1,684,683,685,-1,684,685,686,-1,686,685,687,-1,686,687,688,-1,688,687,689,-1,688,689,690,-1,690,689,691,-1,690,691,692,-1,692,691,693,-1,692,693,694,-1,694,693,695,-1,696,697,698,-1,698,697,699,-1,698,699,700,-1,700,699,701,-1,700,701,702,-1,702,701,703,-1,702,703,704,-1,704,703,705,-1,704,705,706,-1,706,705,707,-1,706,707,708,-1,708,707,709,-1,708,709,710,-1,710,709,602,-1,710,602,711,-1,711,602,601,-1,712,713,696,-1,696,713,714,-1,696,714,697,-1,570,715,568,-1,568,715,716,-1,568,716,717,-1,717,716,718,-1,717,718,719,-1,719,718,720,-1,719,720,721,-1,721,720,722,-1,721,722,723,-1,723,722,724,-1,723,724,725,-1,725,724,726,-1,725,726,727,-1,727,726,728,-1,727,728,729,-1,729,728,730,-1,729,730,731,-1,696,732,712,-1,712,732,733,-1,712,733,734,-1,734,733,735,-1,734,735,736,-1,736,735,737,-1,736,737,738,-1,738,737,739,-1,738,739,740,-1,740,739,741,-1,740,741,742,-1,742,741,743,-1,742,743,744,-1,744,743,745,-1,744,745,695,-1,695,745,746,-1,695,746,694,-1,694,746,747,-1,694,747,748,-1,748,747,749,-1,748,749,750,-1,750,749,751,-1,750,751,752,-1,752,751,753,-1,752,753,754,-1,754,753,755,-1,754,755,756,-1,756,755,757,-1,756,757,758,-1,758,757,759,-1,758,759,760,-1,760,759,761,-1,760,761,730,-1,730,761,762,-1,730,762,731,-1,658,692,571,-1,571,692,694,-1,571,694,763,-1,763,694,764,-1,763,764,765,-1,765,764,766,-1,765,766,767,-1,767,766,768,-1,767,768,769,-1,769,768,770,-1,769,770,771,-1,771,770,772,-1,771,772,773,-1,773,772,774,-1,773,774,775,-1,775,774,776,-1,775,776,777,-1,777,776,778,-1,777,778,779,-1,779,778,780,-1,779,780,781,-1,781,780,782,-1,781,782,783,-1,783,782,784,-1,783,784,605,-1,605,784,595,-1,605,595,603,-1,603,595,598,-1,603,598,785,-1,785,598,786,-1,785,786,674,-1,674,786,787,-1,674,787,673,-1,788,789,790,-1,790,789,791,-1,788,792,789,-1,789,792,793,-1,789,793,794,-1,795,796,797,-1,797,796,798,-1,794,799,789,-1,789,799,800,-1,789,800,796,-1,796,800,801,-1,796,801,798,-1,795,802,796,-1,796,802,803,-1,796,803,804,-1,805,806,807,-1,808,809,810,-1,811,812,813,-1,810,814,808,-1,808,814,815,-1,808,815,816,-1,816,815,817,-1,816,817,818,-1,819,820,821,-1,796,822,823,-1,813,824,811,-1,811,824,825,-1,811,825,826,-1,826,825,827,-1,826,827,828,-1,796,823,789,-1,789,823,825,-1,789,825,829,-1,829,825,824,-1,829,824,830,-1,830,831,832,-1,832,831,833,-1,834,835,836,-1,836,835,837,-1,807,819,805,-1,805,819,821,-1,805,821,814,-1,814,821,838,-1,814,838,815,-1,815,838,829,-1,815,829,837,-1,837,829,830,-1,837,830,836,-1,836,830,832,-1,587,589,27,-1,66,27,594,-1,609,607,819,-1,587,27,585,-1,594,575,66,-1,66,575,571,-1,66,571,763,-1,763,765,66,-1,66,765,767,-1,66,767,769,-1,769,771,66,-1,66,771,773,-1,66,773,807,-1,807,773,775,-1,807,775,777,-1,589,591,27,-1,27,591,593,-1,27,593,594,-1,607,579,819,-1,819,579,581,-1,819,581,27,-1,27,581,583,-1,27,583,585,-1,777,779,807,-1,807,779,781,-1,807,781,783,-1,615,613,819,-1,819,613,611,-1,819,611,609,-1,783,605,807,-1,807,605,619,-1,807,619,819,-1,819,619,617,-1,819,617,615,-1,839,314,840,-1,840,314,841,-1,839,842,314,-1,314,842,843,-1,314,843,844,-1,845,846,335,-1,335,846,847,-1,847,848,335,-1,335,848,849,-1,335,849,850,-1,844,851,314,-1,314,851,852,-1,314,852,335,-1,335,852,853,-1,335,853,845,-1,820,819,854,-1,854,819,27,-1,854,27,855,-1,855,27,856,-1,27,4,856,-1,856,4,857,-1,856,857,858,-1,858,857,859,-1,858,859,829,-1,829,859,860,-1,334,333,861,-1,861,333,862,-1,861,862,860,-1,860,862,863,-1,860,863,829,-1,340,339,864,-1,864,339,865,-1,864,865,866,-1,866,865,867,-1,336,335,868,-1,868,335,850,-1,868,850,869,-1,863,866,829,-1,829,866,867,-1,829,867,789,-1,789,867,869,-1,789,869,791,-1,791,869,850,-1,870,871,810,-1,322,872,323,-1,323,872,873,-1,307,327,874,-1,874,327,875,-1,311,876,312,-1,312,876,877,-1,809,878,879,-1,880,833,881,-1,881,833,831,-1,881,831,882,-1,883,884,841,-1,812,885,886,-1,887,888,889,-1,890,891,892,-1,892,891,818,-1,892,818,817,-1,893,894,895,-1,895,894,896,-1,895,896,827,-1,812,886,813,-1,834,897,835,-1,835,897,898,-1,835,898,899,-1,899,898,900,-1,899,900,892,-1,892,900,901,-1,892,901,890,-1,890,901,902,-1,882,896,903,-1,884,904,841,-1,841,904,905,-1,841,905,804,-1,813,886,906,-1,906,886,907,-1,906,907,908,-1,909,828,910,-1,910,828,827,-1,910,827,911,-1,911,827,896,-1,911,896,907,-1,907,896,882,-1,907,882,908,-1,908,882,831,-1,912,913,914,-1,914,913,915,-1,914,915,916,-1,917,312,918,-1,918,312,877,-1,918,877,901,-1,901,877,889,-1,901,889,902,-1,902,889,888,-1,902,888,919,-1,920,921,922,-1,922,921,923,-1,924,307,925,-1,925,307,874,-1,925,874,914,-1,914,874,920,-1,914,920,912,-1,912,920,922,-1,926,927,895,-1,895,927,928,-1,895,928,893,-1,929,930,901,-1,822,796,931,-1,931,796,804,-1,931,804,895,-1,895,804,905,-1,895,905,926,-1,916,932,914,-1,914,932,933,-1,914,933,889,-1,889,933,934,-1,889,934,887,-1,935,936,937,-1,937,936,902,-1,937,902,938,-1,938,902,919,-1,939,331,940,-1,940,331,66,-1,940,66,941,-1,941,66,807,-1,903,942,882,-1,882,942,943,-1,882,943,900,-1,900,943,944,-1,900,944,945,-1,945,946,900,-1,900,946,947,-1,900,947,901,-1,901,947,948,-1,901,948,929,-1,949,883,950,-1,950,883,841,-1,950,841,951,-1,951,841,314,-1,951,314,952,-1,952,314,313,-1,810,809,870,-1,870,809,879,-1,870,879,953,-1,953,879,936,-1,935,954,936,-1,936,954,955,-1,936,955,953,-1,953,955,956,-1,953,956,957,-1,957,956,958,-1,957,958,959,-1,930,960,901,-1,901,960,961,-1,901,961,950,-1,950,961,962,-1,950,962,949,-1,959,963,957,-1,957,963,964,-1,957,964,965,-1,965,941,957,-1,957,941,807,-1,957,807,966,-1,966,807,806,-1,966,806,967,-1,965,968,941,-1,941,968,923,-1,941,923,969,-1,969,923,921,-1,969,921,873,-1,873,921,970,-1,873,970,323,-1,323,970,971,-1,972,973,974,-1,974,973,975,-1,841,804,976,-1,976,804,973,-1,976,973,977,-1,977,973,972,-1,978,848,979,-1,979,848,847,-1,979,847,980,-1,980,847,846,-1,980,846,981,-1,981,846,845,-1,981,845,982,-1,982,845,853,-1,982,853,983,-1,983,853,852,-1,983,852,984,-1,984,852,851,-1,984,851,985,-1,985,851,844,-1,985,844,986,-1,986,844,843,-1,986,843,987,-1,987,843,842,-1,987,842,988,-1,988,842,839,-1,988,839,989,-1,989,839,840,-1,989,840,990,-1,990,840,841,-1,990,841,991,-1,841,976,991,-1,991,976,977,-1,991,977,992,-1,992,977,972,-1,992,972,993,-1,993,972,994,-1,994,972,974,-1,994,974,995,-1,995,974,975,-1,995,975,996,-1,996,975,973,-1,996,973,997,-1,997,973,804,-1,997,804,998,-1,804,803,998,-1,998,803,802,-1,998,802,999,-1,999,802,795,-1,999,795,1000,-1,1000,795,797,-1,1000,797,1001,-1,1001,797,798,-1,1001,798,1002,-1,1002,798,801,-1,1002,801,1003,-1,1003,801,800,-1,1003,800,1004,-1,1004,800,799,-1,1004,799,1005,-1,1005,799,794,-1,1005,794,1006,-1,1006,794,793,-1,1006,793,1007,-1,1007,793,792,-1,1007,792,1008,-1,1008,792,788,-1,1008,788,1009,-1,1009,788,790,-1,1009,790,1010,-1,1010,790,791,-1,1010,791,1011,-1,791,1012,1011,-1,1011,1012,1013,-1,1011,1013,1014,-1,1014,1013,1015,-1,1014,1015,1016,-1,1016,1015,1017,-1,1016,1017,1018,-1,1018,1017,1019,-1,1018,1019,1020,-1,1020,1019,850,-1,1020,850,978,-1,978,850,849,-1,978,849,848,-1,722,1021,724,-1,724,1021,1022,-1,724,1022,726,-1,726,1022,1023,-1,726,1023,728,-1,728,1023,1024,-1,728,1024,730,-1,730,1024,1025,-1,730,1025,760,-1,715,1026,716,-1,716,1026,1027,-1,716,1027,718,-1,718,1027,1028,-1,718,1028,720,-1,720,1028,1029,-1,720,1029,722,-1,722,1029,1030,-1,722,1030,1021,-1,782,1031,784,-1,784,1031,1032,-1,784,1032,595,-1,595,1032,1033,-1,595,1033,570,-1,570,1033,1034,-1,570,1034,715,-1,715,1034,1035,-1,715,1035,1026,-1,752,1036,750,-1,750,1036,1037,-1,750,1037,748,-1,748,1037,1038,-1,748,1038,694,-1,694,1038,1039,-1,694,1039,764,-1,1025,1040,760,-1,760,1040,1041,-1,760,1041,758,-1,758,1041,1042,-1,758,1042,756,-1,756,1042,1043,-1,756,1043,754,-1,754,1043,1044,-1,754,1044,752,-1,752,1044,1045,-1,752,1045,1036,-1,774,1046,776,-1,776,1046,1047,-1,776,1047,778,-1,778,1047,1048,-1,778,1048,780,-1,780,1048,1049,-1,780,1049,782,-1,782,1049,1050,-1,782,1050,1031,-1,772,1051,774,-1,774,1051,1052,-1,774,1052,1046,-1,1039,1053,764,-1,764,1053,1054,-1,764,1054,766,-1,766,1054,1055,-1,766,1055,768,-1,768,1055,1056,-1,768,1056,770,-1,770,1056,1057,-1,770,1057,772,-1,772,1057,1058,-1,772,1058,1051,-1,1019,1017,1015,-1,791,850,1012,-1,1012,850,1019,-1,1012,1019,1013,-1,1013,1019,1015,-1,1046,1052,994,-1,994,1052,993,-1,1052,1051,993,-1,993,1051,1058,-1,993,1058,992,-1,992,1058,1057,-1,992,1057,991,-1,991,1057,1056,-1,991,1056,990,-1,990,1056,1055,-1,990,1055,989,-1,989,1055,1054,-1,989,1054,988,-1,988,1054,1053,-1,988,1053,987,-1,987,1053,1039,-1,987,1039,986,-1,986,1039,1038,-1,986,1038,985,-1,985,1038,1037,-1,985,1037,984,-1,984,1037,1036,-1,984,1036,983,-1,983,1036,1045,-1,983,1045,982,-1,982,1045,1044,-1,982,1044,981,-1,981,1044,1043,-1,981,1043,980,-1,980,1043,1042,-1,980,1042,979,-1,979,1042,1041,-1,979,1041,978,-1,978,1041,1040,-1,978,1040,1020,-1,1020,1040,1025,-1,1020,1025,1018,-1,1018,1025,1024,-1,1018,1024,1016,-1,1016,1024,1023,-1,1016,1023,1014,-1,1014,1023,1022,-1,1014,1022,1011,-1,1011,1022,1021,-1,1011,1021,1010,-1,1010,1021,1030,-1,1010,1030,1009,-1,1009,1030,1029,-1,1009,1029,1008,-1,1008,1029,1028,-1,1008,1028,1007,-1,1007,1028,1027,-1,1007,1027,1006,-1,1006,1027,1026,-1,1006,1026,1005,-1,1005,1026,1035,-1,1005,1035,1004,-1,1004,1035,1034,-1,1004,1034,1003,-1,1003,1034,1033,-1,1003,1033,1002,-1,1002,1033,1032,-1,1002,1032,1001,-1,1001,1032,1031,-1,1001,1031,1000,-1,1000,1031,1050,-1,1000,1050,999,-1,999,1050,1049,-1,999,1049,998,-1,998,1049,1048,-1,998,1048,997,-1,997,1048,1047,-1,997,1047,996,-1,996,1047,1046,-1,996,1046,995,-1,995,1046,994,-1,679,862,681,-1,681,862,333,-1,681,333,683,-1,683,333,685,-1,693,691,332,-1,332,691,689,-1,332,689,333,-1,333,689,687,-1,333,687,685,-1,671,673,863,-1,863,673,787,-1,863,787,1059,-1,1059,787,786,-1,1059,786,598,-1,665,667,863,-1,863,667,669,-1,863,669,671,-1,862,679,678,-1,678,659,862,-1,862,659,661,-1,862,661,863,-1,863,661,663,-1,863,663,665,-1,714,713,864,-1,599,600,1060,-1,1060,600,602,-1,1060,602,866,-1,866,602,709,-1,709,707,866,-1,866,707,705,-1,866,705,703,-1,703,701,866,-1,866,701,699,-1,866,699,864,-1,864,699,697,-1,864,697,714,-1,744,695,342,-1,734,736,340,-1,734,340,712,-1,712,340,864,-1,712,864,713,-1,736,738,340,-1,340,738,740,-1,340,740,342,-1,342,740,742,-1,342,742,744,-1,332,342,693,-1,693,342,695,-1,1060,1059,599,-1,599,1059,598,-1,1059,1060,863,-1,863,1060,866,-1,645,857,647,-1,647,857,4,-1,647,4,648,-1,648,4,650,-1,658,657,3,-1,3,657,654,-1,3,654,4,-1,4,654,652,-1,4,652,650,-1,628,626,859,-1,859,626,625,-1,859,625,1061,-1,1061,625,623,-1,1061,623,604,-1,635,632,859,-1,859,632,630,-1,859,630,628,-1,857,645,643,-1,643,641,857,-1,857,641,639,-1,857,639,859,-1,859,639,637,-1,859,637,635,-1,677,676,861,-1,603,785,1062,-1,1062,785,674,-1,1062,674,860,-1,860,674,672,-1,672,670,860,-1,860,670,668,-1,860,668,666,-1,666,664,860,-1,860,664,662,-1,860,662,861,-1,861,662,660,-1,861,660,677,-1,690,692,555,-1,680,682,334,-1,680,334,675,-1,675,334,861,-1,675,861,676,-1,682,684,334,-1,334,684,686,-1,334,686,555,-1,555,686,688,-1,555,688,690,-1,3,555,658,-1,658,555,692,-1,1062,1061,603,-1,603,1061,604,-1,1061,1062,859,-1,859,1062,860,-1,618,620,821,-1,608,610,820,-1,608,820,606,-1,606,820,854,-1,606,854,577,-1,610,612,820,-1,820,612,614,-1,820,614,821,-1,821,614,616,-1,821,616,618,-1,621,622,838,-1,838,622,624,-1,838,624,829,-1,829,624,627,-1,829,627,629,-1,634,858,633,-1,633,858,829,-1,633,829,631,-1,631,829,629,-1,651,653,856,-1,856,653,655,-1,856,655,1063,-1,1063,655,656,-1,1063,656,573,-1,644,646,856,-1,856,646,649,-1,856,649,651,-1,858,634,636,-1,636,638,858,-1,858,638,640,-1,858,640,856,-1,856,640,642,-1,856,642,644,-1,578,577,854,-1,572,574,1064,-1,1064,574,576,-1,1064,576,855,-1,855,576,592,-1,592,590,855,-1,855,590,588,-1,855,588,586,-1,586,584,855,-1,855,584,582,-1,855,582,854,-1,854,582,580,-1,854,580,578,-1,1064,1063,572,-1,572,1063,573,-1,838,821,621,-1,621,821,620,-1,1063,1064,856,-1,856,1064,855,-1,733,865,735,-1,735,865,339,-1,735,339,737,-1,737,339,739,-1,746,745,341,-1,341,745,743,-1,341,743,339,-1,339,743,741,-1,339,741,739,-1,708,710,867,-1,867,710,711,-1,867,711,1065,-1,1065,711,601,-1,1065,601,597,-1,702,704,867,-1,867,704,706,-1,867,706,708,-1,865,733,732,-1,732,696,865,-1,865,696,698,-1,865,698,867,-1,867,698,700,-1,867,700,702,-1,731,762,868,-1,596,569,1066,-1,1066,569,568,-1,1066,568,869,-1,869,568,717,-1,717,719,869,-1,869,719,721,-1,869,721,723,-1,723,725,869,-1,869,725,727,-1,869,727,868,-1,868,727,729,-1,868,729,731,-1,749,747,338,-1,759,757,336,-1,759,336,761,-1,761,336,868,-1,761,868,762,-1,757,755,336,-1,336,755,753,-1,336,753,338,-1,338,753,751,-1,338,751,749,-1,341,338,746,-1,746,338,747,-1,1066,1065,596,-1,596,1065,597,-1,1065,1066,867,-1,867,1066,869,-1,1067,315,1068,-1,1068,315,317,-1,1068,317,917,-1,917,317,312,-1,952,313,1067,-1,1067,313,315,-1,1069,805,1070,-1,1070,805,814,-1,967,806,1069,-1,1069,806,805,-1,1070,814,871,-1,871,814,810,-1,1071,1072,832,-1,832,1072,836,-1,1071,832,880,-1,880,832,833,-1,897,834,1072,-1,1072,834,836,-1,1073,808,1074,-1,1074,808,816,-1,878,809,1073,-1,1073,809,808,-1,1074,816,891,-1,891,816,818,-1,1075,321,1076,-1,1076,321,329,-1,1076,329,939,-1,939,329,331,-1,872,322,1075,-1,1075,322,321,-1,1077,325,1078,-1,1078,325,324,-1,1078,324,971,-1,971,324,323,-1,875,327,1077,-1,1077,327,325,-1,1079,811,1080,-1,1080,811,826,-1,885,812,1079,-1,1079,812,811,-1,1080,826,909,-1,909,826,828,-1,1081,1082,308,-1,308,1082,310,-1,876,311,1082,-1,1082,311,310,-1,1081,308,924,-1,924,308,307,-1,815,1083,817,-1,817,1083,892,-1,1083,1084,892,-1,892,1084,899,-1,1084,837,899,-1,899,837,835,-1,837,1084,815,-1,815,1084,1083,-1,830,1085,831,-1,831,1085,908,-1,1085,1086,908,-1,908,1086,906,-1,1086,824,906,-1,906,824,813,-1,824,1086,830,-1,830,1086,1085,-1,825,1087,827,-1,827,1087,895,-1,1087,1088,895,-1,895,1088,931,-1,1088,823,931,-1,931,823,822,-1,1088,1087,823,-1,823,1087,825,-1,954,1089,955,-1,955,1089,1090,-1,955,1090,956,-1,956,1090,1091,-1,956,1091,958,-1,958,1091,1092,-1,958,1092,959,-1,959,1092,1093,-1,959,1093,963,-1,963,1093,1094,-1,963,1094,964,-1,964,1094,1095,-1,964,1095,965,-1,965,1095,1096,-1,965,1096,968,-1,968,1096,1097,-1,968,1097,923,-1,923,1097,1098,-1,923,1098,922,-1,922,1098,1099,-1,922,1099,912,-1,912,1099,1100,-1,912,1100,913,-1,913,1100,1101,-1,913,1101,915,-1,915,1101,1102,-1,915,1102,916,-1,916,1102,1103,-1,916,1103,932,-1,932,1103,1104,-1,932,1104,933,-1,933,1104,1105,-1,933,1105,934,-1,934,1105,1106,-1,934,1106,887,-1,887,1106,1107,-1,887,1107,888,-1,888,1107,1108,-1,888,1108,919,-1,919,1108,1109,-1,919,1109,938,-1,938,1109,1110,-1,938,1110,937,-1,937,1110,1111,-1,937,1111,935,-1,935,1111,1112,-1,935,1112,954,-1,954,1112,1089,-1,1113,1114,1115,-1,1115,1114,1116,-1,1115,1116,1117,-1,1118,1119,1115,-1,1115,1119,1120,-1,1115,1120,1113,-1,1121,1122,1115,-1,1115,1122,1123,-1,1115,1123,1118,-1,1124,1125,1115,-1,1115,1125,1126,-1,1115,1126,1121,-1,1127,1128,1115,-1,1115,1128,1129,-1,1115,1129,1124,-1,1130,1131,1115,-1,1115,1131,1132,-1,1115,1132,1127,-1,1133,1134,1115,-1,1115,1134,1135,-1,1115,1135,1130,-1,1117,1136,1115,-1,1115,1136,1137,-1,1115,1137,1133,-1,896,1138,903,-1,903,1138,1139,-1,903,1139,942,-1,942,1139,1140,-1,942,1140,943,-1,943,1140,1141,-1,943,1141,944,-1,944,1141,1142,-1,944,1142,945,-1,945,1142,1143,-1,945,1143,946,-1,946,1143,1144,-1,946,1144,947,-1,947,1144,1145,-1,947,1145,948,-1,948,1145,1146,-1,948,1146,929,-1,929,1146,1147,-1,929,1147,930,-1,930,1147,1148,-1,930,1148,960,-1,960,1148,1149,-1,960,1149,961,-1,961,1149,1150,-1,961,1150,962,-1,962,1150,1151,-1,962,1151,949,-1,949,1151,1152,-1,949,1152,883,-1,883,1152,1153,-1,883,1153,884,-1,884,1153,1154,-1,884,1154,904,-1,904,1154,1155,-1,904,1155,905,-1,905,1155,1156,-1,905,1156,926,-1,926,1156,1157,-1,926,1157,927,-1,927,1157,1158,-1,927,1158,928,-1,928,1158,1159,-1,928,1159,893,-1,893,1159,1160,-1,893,1160,894,-1,894,1160,1161,-1,894,1161,896,-1,896,1161,1138,-1,1162,1163,1164,-1,1164,1163,1165,-1,1164,1165,1166,-1,1167,1168,1164,-1,1164,1168,1169,-1,1164,1169,1162,-1,1170,1171,1164,-1,1164,1171,1172,-1,1164,1172,1167,-1,1173,1174,1164,-1,1164,1174,1175,-1,1164,1175,1170,-1,1176,1177,1164,-1,1164,1177,1178,-1,1164,1178,1173,-1,1179,1180,1164,-1,1164,1180,1181,-1,1164,1181,1176,-1,1182,1183,1164,-1,1164,1183,1184,-1,1164,1184,1179,-1,1166,1185,1164,-1,1164,1185,1186,-1,1164,1186,1182,-1,1165,1187,1166,-1,1166,1187,1188,-1,1166,1188,1185,-1,1185,1188,1189,-1,1185,1189,1186,-1,1186,1189,1190,-1,1186,1190,1182,-1,1182,1190,1191,-1,1182,1191,1183,-1,1183,1191,1192,-1,1183,1192,1184,-1,1184,1192,1193,-1,1184,1193,1179,-1,1179,1193,1194,-1,1179,1194,1180,-1,1180,1194,1195,-1,1180,1195,1181,-1,1181,1195,1196,-1,1181,1196,1176,-1,1176,1196,1197,-1,1176,1197,1177,-1,1177,1197,1198,-1,1177,1198,1178,-1,1178,1198,1199,-1,1178,1199,1173,-1,1173,1199,1200,-1,1173,1200,1174,-1,1174,1200,1201,-1,1174,1201,1175,-1,1175,1201,1202,-1,1175,1202,1170,-1,1170,1202,1203,-1,1170,1203,1171,-1,1171,1203,1204,-1,1171,1204,1172,-1,1172,1204,1205,-1,1172,1205,1167,-1,1167,1205,1206,-1,1167,1206,1168,-1,1168,1206,1207,-1,1168,1207,1169,-1,1169,1207,1208,-1,1169,1208,1162,-1,1162,1208,1209,-1,1162,1209,1163,-1,1163,1209,1210,-1,1163,1210,1165,-1,1165,1210,1187,-1,1210,1211,1187,-1,1187,1211,1212,-1,1187,1212,1188,-1,1188,1212,1213,-1,1188,1213,1189,-1,1189,1213,1214,-1,1189,1214,1190,-1,1190,1214,1215,-1,1190,1215,1191,-1,1191,1215,1216,-1,1191,1216,1192,-1,1192,1216,1217,-1,1192,1217,1193,-1,1193,1217,1218,-1,1193,1218,1194,-1,1194,1218,1219,-1,1194,1219,1195,-1,1195,1219,1220,-1,1195,1220,1196,-1,1196,1220,1221,-1,1196,1221,1197,-1,1197,1221,1222,-1,1197,1222,1198,-1,1198,1222,1223,-1,1198,1223,1199,-1,1199,1223,1224,-1,1199,1224,1200,-1,1200,1224,1225,-1,1200,1225,1201,-1,1201,1225,1226,-1,1201,1226,1202,-1,1202,1226,1227,-1,1202,1227,1203,-1,1203,1227,1228,-1,1203,1228,1204,-1,1204,1228,1229,-1,1204,1229,1205,-1,1205,1229,1230,-1,1205,1230,1206,-1,1206,1230,1231,-1,1206,1231,1207,-1,1207,1231,1232,-1,1207,1232,1208,-1,1208,1232,1233,-1,1208,1233,1209,-1,1209,1233,1234,-1,1209,1234,1210,-1,1210,1234,1211,-1,1234,1235,1211,-1,1211,1235,1236,-1,1211,1236,1212,-1,1212,1236,1237,-1,1212,1237,1213,-1,1213,1237,1238,-1,1213,1238,1214,-1,1214,1238,1239,-1,1214,1239,1215,-1,1215,1239,1240,-1,1215,1240,1216,-1,1216,1240,1241,-1,1216,1241,1217,-1,1217,1241,1242,-1,1217,1242,1218,-1,1218,1242,1243,-1,1218,1243,1219,-1,1219,1243,1244,-1,1219,1244,1220,-1,1220,1244,1245,-1,1220,1245,1221,-1,1221,1245,1246,-1,1221,1246,1222,-1,1222,1246,1247,-1,1222,1247,1223,-1,1223,1247,1248,-1,1223,1248,1224,-1,1224,1248,1249,-1,1224,1249,1225,-1,1225,1249,1250,-1,1225,1250,1226,-1,1226,1250,1251,-1,1226,1251,1227,-1,1227,1251,1252,-1,1227,1252,1228,-1,1228,1252,1253,-1,1228,1253,1229,-1,1229,1253,1254,-1,1229,1254,1230,-1,1230,1254,1255,-1,1230,1255,1231,-1,1231,1255,1256,-1,1231,1256,1232,-1,1232,1256,1257,-1,1232,1257,1233,-1,1233,1257,1258,-1,1233,1258,1234,-1,1234,1258,1235,-1,1258,1259,1235,-1,1235,1259,1260,-1,1235,1260,1236,-1,1236,1260,1261,-1,1236,1261,1237,-1,1237,1261,1262,-1,1237,1262,1238,-1,1238,1262,1263,-1,1238,1263,1239,-1,1239,1263,1264,-1,1239,1264,1240,-1,1240,1264,1265,-1,1240,1265,1241,-1,1241,1265,1266,-1,1241,1266,1242,-1,1242,1266,1267,-1,1242,1267,1243,-1,1243,1267,1268,-1,1243,1268,1244,-1,1244,1268,1269,-1,1244,1269,1245,-1,1245,1269,1270,-1,1245,1270,1246,-1,1246,1270,1271,-1,1246,1271,1247,-1,1247,1271,1272,-1,1247,1272,1248,-1,1248,1272,1273,-1,1248,1273,1249,-1,1249,1273,1274,-1,1249,1274,1250,-1,1250,1274,1275,-1,1250,1275,1251,-1,1251,1275,1276,-1,1251,1276,1252,-1,1252,1276,1277,-1,1252,1277,1253,-1,1253,1277,1278,-1,1253,1278,1254,-1,1254,1278,1279,-1,1254,1279,1255,-1,1255,1279,1280,-1,1255,1280,1256,-1,1256,1280,1281,-1,1256,1281,1257,-1,1257,1281,1282,-1,1257,1282,1258,-1,1258,1282,1259,-1,1282,1283,1259,-1,1259,1283,1284,-1,1259,1284,1260,-1,1260,1284,1285,-1,1260,1285,1261,-1,1261,1285,1286,-1,1261,1286,1262,-1,1262,1286,1287,-1,1262,1287,1263,-1,1263,1287,1288,-1,1263,1288,1264,-1,1264,1288,1289,-1,1264,1289,1265,-1,1265,1289,1290,-1,1265,1290,1266,-1,1266,1290,1291,-1,1266,1291,1267,-1,1267,1291,1292,-1,1267,1292,1268,-1,1268,1292,1293,-1,1268,1293,1269,-1,1269,1293,1294,-1,1269,1294,1270,-1,1270,1294,1295,-1,1270,1295,1271,-1,1271,1295,1296,-1,1271,1296,1272,-1,1272,1296,1297,-1,1272,1297,1273,-1,1273,1297,1298,-1,1273,1298,1274,-1,1274,1298,1299,-1,1274,1299,1275,-1,1275,1299,1300,-1,1275,1300,1276,-1,1276,1300,1301,-1,1276,1301,1277,-1,1277,1301,1302,-1,1277,1302,1278,-1,1278,1302,1303,-1,1278,1303,1279,-1,1279,1303,1304,-1,1279,1304,1280,-1,1280,1304,1305,-1,1280,1305,1281,-1,1281,1305,1306,-1,1281,1306,1282,-1,1282,1306,1283,-1,1306,1148,1283,-1,1283,1148,1147,-1,1283,1147,1284,-1,1284,1147,1146,-1,1284,1146,1285,-1,1285,1146,1145,-1,1285,1145,1286,-1,1286,1145,1144,-1,1286,1144,1287,-1,1287,1144,1143,-1,1287,1143,1288,-1,1288,1143,1142,-1,1288,1142,1289,-1,1289,1142,1141,-1,1289,1141,1290,-1,1290,1141,1140,-1,1290,1140,1291,-1,1291,1140,1139,-1,1291,1139,1292,-1,1292,1139,1138,-1,1292,1138,1293,-1,1293,1138,1161,-1,1293,1161,1294,-1,1294,1161,1160,-1,1294,1160,1295,-1,1295,1160,1159,-1,1295,1159,1296,-1,1296,1159,1158,-1,1296,1158,1297,-1,1297,1158,1157,-1,1297,1157,1298,-1,1298,1157,1156,-1,1298,1156,1299,-1,1299,1156,1155,-1,1299,1155,1300,-1,1300,1155,1154,-1,1300,1154,1301,-1,1301,1154,1153,-1,1301,1153,1302,-1,1302,1153,1152,-1,1302,1152,1303,-1,1303,1152,1151,-1,1303,1151,1304,-1,1304,1151,1150,-1,1304,1150,1305,-1,1305,1150,1149,-1,1305,1149,1306,-1,1306,1149,1148,-1,1116,1307,1117,-1,1117,1307,1308,-1,1117,1308,1136,-1,1136,1308,1309,-1,1136,1309,1137,-1,1137,1309,1310,-1,1137,1310,1133,-1,1133,1310,1311,-1,1133,1311,1134,-1,1134,1311,1312,-1,1134,1312,1135,-1,1135,1312,1313,-1,1135,1313,1130,-1,1130,1313,1314,-1,1130,1314,1131,-1,1131,1314,1315,-1,1131,1315,1132,-1,1132,1315,1316,-1,1132,1316,1127,-1,1127,1316,1317,-1,1127,1317,1128,-1,1128,1317,1318,-1,1128,1318,1129,-1,1129,1318,1319,-1,1129,1319,1124,-1,1124,1319,1320,-1,1124,1320,1125,-1,1125,1320,1321,-1,1125,1321,1126,-1,1126,1321,1322,-1,1126,1322,1121,-1,1121,1322,1323,-1,1121,1323,1122,-1,1122,1323,1324,-1,1122,1324,1123,-1,1123,1324,1325,-1,1123,1325,1118,-1,1118,1325,1326,-1,1118,1326,1119,-1,1119,1326,1327,-1,1119,1327,1120,-1,1120,1327,1328,-1,1120,1328,1113,-1,1113,1328,1329,-1,1113,1329,1114,-1,1114,1329,1330,-1,1114,1330,1116,-1,1116,1330,1307,-1,1330,1331,1307,-1,1307,1331,1332,-1,1307,1332,1308,-1,1308,1332,1333,-1,1308,1333,1309,-1,1309,1333,1334,-1,1309,1334,1310,-1,1310,1334,1335,-1,1310,1335,1311,-1,1311,1335,1336,-1,1311,1336,1312,-1,1312,1336,1337,-1,1312,1337,1313,-1,1313,1337,1338,-1,1313,1338,1314,-1,1314,1338,1339,-1,1314,1339,1315,-1,1315,1339,1340,-1,1315,1340,1316,-1,1316,1340,1341,-1,1316,1341,1317,-1,1317,1341,1342,-1,1317,1342,1318,-1,1318,1342,1343,-1,1318,1343,1319,-1,1319,1343,1344,-1,1319,1344,1320,-1,1320,1344,1345,-1,1320,1345,1321,-1,1321,1345,1346,-1,1321,1346,1322,-1,1322,1346,1347,-1,1322,1347,1323,-1,1323,1347,1348,-1,1323,1348,1324,-1,1324,1348,1349,-1,1324,1349,1325,-1,1325,1349,1350,-1,1325,1350,1326,-1,1326,1350,1351,-1,1326,1351,1327,-1,1327,1351,1352,-1,1327,1352,1328,-1,1328,1352,1353,-1,1328,1353,1329,-1,1329,1353,1354,-1,1329,1354,1330,-1,1330,1354,1331,-1,1354,1355,1331,-1,1331,1355,1356,-1,1331,1356,1332,-1,1332,1356,1357,-1,1332,1357,1333,-1,1333,1357,1358,-1,1333,1358,1334,-1,1334,1358,1359,-1,1334,1359,1335,-1,1335,1359,1360,-1,1335,1360,1336,-1,1336,1360,1361,-1,1336,1361,1337,-1,1337,1361,1362,-1,1337,1362,1338,-1,1338,1362,1363,-1,1338,1363,1339,-1,1339,1363,1364,-1,1339,1364,1340,-1,1340,1364,1365,-1,1340,1365,1341,-1,1341,1365,1366,-1,1341,1366,1342,-1,1342,1366,1367,-1,1342,1367,1343,-1,1343,1367,1368,-1,1343,1368,1344,-1,1344,1368,1369,-1,1344,1369,1345,-1,1345,1369,1370,-1,1345,1370,1346,-1,1346,1370,1371,-1,1346,1371,1347,-1,1347,1371,1372,-1,1347,1372,1348,-1,1348,1372,1373,-1,1348,1373,1349,-1,1349,1373,1374,-1,1349,1374,1350,-1,1350,1374,1375,-1,1350,1375,1351,-1,1351,1375,1376,-1,1351,1376,1352,-1,1352,1376,1377,-1,1352,1377,1353,-1,1353,1377,1378,-1,1353,1378,1354,-1,1354,1378,1355,-1,1378,1379,1355,-1,1355,1379,1380,-1,1355,1380,1356,-1,1356,1380,1381,-1,1356,1381,1357,-1,1357,1381,1382,-1,1357,1382,1358,-1,1358,1382,1383,-1,1358,1383,1359,-1,1359,1383,1384,-1,1359,1384,1360,-1,1360,1384,1385,-1,1360,1385,1361,-1,1361,1385,1386,-1,1361,1386,1362,-1,1362,1386,1387,-1,1362,1387,1363,-1,1363,1387,1388,-1,1363,1388,1364,-1,1364,1388,1389,-1,1364,1389,1365,-1,1365,1389,1390,-1,1365,1390,1366,-1,1366,1390,1391,-1,1366,1391,1367,-1,1367,1391,1392,-1,1367,1392,1368,-1,1368,1392,1393,-1,1368,1393,1369,-1,1369,1393,1394,-1,1369,1394,1370,-1,1370,1394,1395,-1,1370,1395,1371,-1,1371,1395,1396,-1,1371,1396,1372,-1,1372,1396,1397,-1,1372,1397,1373,-1,1373,1397,1398,-1,1373,1398,1374,-1,1374,1398,1399,-1,1374,1399,1375,-1,1375,1399,1400,-1,1375,1400,1376,-1,1376,1400,1401,-1,1376,1401,1377,-1,1377,1401,1402,-1,1377,1402,1378,-1,1378,1402,1379,-1,1402,1403,1379,-1,1379,1403,1404,-1,1379,1404,1380,-1,1380,1404,1405,-1,1380,1405,1381,-1,1381,1405,1406,-1,1381,1406,1382,-1,1382,1406,1407,-1,1382,1407,1383,-1,1383,1407,1408,-1,1383,1408,1384,-1,1384,1408,1409,-1,1384,1409,1385,-1,1385,1409,1410,-1,1385,1410,1386,-1,1386,1410,1411,-1,1386,1411,1387,-1,1387,1411,1412,-1,1387,1412,1388,-1,1388,1412,1413,-1,1388,1413,1389,-1,1389,1413,1414,-1,1389,1414,1390,-1,1390,1414,1415,-1,1390,1415,1391,-1,1391,1415,1416,-1,1391,1416,1392,-1,1392,1416,1417,-1,1392,1417,1393,-1,1393,1417,1418,-1,1393,1418,1394,-1,1394,1418,1419,-1,1394,1419,1395,-1,1395,1419,1420,-1,1395,1420,1396,-1,1396,1420,1421,-1,1396,1421,1397,-1,1397,1421,1422,-1,1397,1422,1398,-1,1398,1422,1423,-1,1398,1423,1399,-1,1399,1423,1424,-1,1399,1424,1400,-1,1400,1424,1425,-1,1400,1425,1401,-1,1401,1425,1426,-1,1401,1426,1402,-1,1402,1426,1403,-1,1426,1099,1403,-1,1403,1099,1098,-1,1403,1098,1404,-1,1404,1098,1097,-1,1404,1097,1405,-1,1405,1097,1096,-1,1405,1096,1406,-1,1406,1096,1095,-1,1406,1095,1407,-1,1407,1095,1094,-1,1407,1094,1408,-1,1408,1094,1093,-1,1408,1093,1409,-1,1409,1093,1092,-1,1409,1092,1410,-1,1410,1092,1091,-1,1410,1091,1411,-1,1411,1091,1090,-1,1411,1090,1412,-1,1412,1090,1089,-1,1412,1089,1413,-1,1413,1089,1112,-1,1413,1112,1414,-1,1414,1112,1111,-1,1414,1111,1415,-1,1415,1111,1110,-1,1415,1110,1416,-1,1416,1110,1109,-1,1416,1109,1417,-1,1417,1109,1108,-1,1417,1108,1418,-1,1418,1108,1107,-1,1418,1107,1419,-1,1419,1107,1106,-1,1419,1106,1420,-1,1420,1106,1105,-1,1420,1105,1421,-1,1421,1105,1104,-1,1421,1104,1422,-1,1422,1104,1103,-1,1422,1103,1423,-1,1423,1103,1102,-1,1423,1102,1424,-1,1424,1102,1101,-1,1424,1101,1425,-1,1425,1101,1100,-1,1425,1100,1426,-1,1426,1100,1099,-1,877,876,1082,-1,924,925,1081,-1,1081,925,1427,-1,1081,1427,1082,-1,1082,1427,1428,-1,1082,1428,877,-1,1428,1429,877,-1,877,1429,889,-1,1429,1430,889,-1,889,1430,914,-1,1430,1427,914,-1,914,1427,925,-1,1430,1429,1427,-1,1427,1429,1428,-1,886,885,1079,-1,909,910,1080,-1,1080,910,1431,-1,1080,1431,1079,-1,1079,1431,1432,-1,1079,1432,886,-1,1432,1433,886,-1,886,1433,907,-1,1433,1434,907,-1,907,1434,911,-1,1434,1431,911,-1,911,1431,910,-1,1434,1433,1431,-1,1431,1433,1432,-1,971,970,1078,-1,1078,970,1435,-1,1078,1435,1077,-1,1077,1435,1436,-1,1077,1436,875,-1,875,1436,874,-1,1436,1437,874,-1,874,1437,920,-1,1437,1438,920,-1,920,1438,921,-1,1438,1435,921,-1,921,1435,970,-1,1438,1437,1435,-1,1435,1437,1436,-1,873,872,1075,-1,939,940,1076,-1,1076,940,1439,-1,1076,1439,1075,-1,1075,1439,1440,-1,1075,1440,873,-1,1440,1441,873,-1,873,1441,969,-1,1441,1442,969,-1,969,1442,941,-1,1442,1439,941,-1,941,1439,940,-1,1442,1441,1439,-1,1439,1441,1440,-1,879,878,1073,-1,891,890,1074,-1,1074,890,1443,-1,1074,1443,1073,-1,1073,1443,1444,-1,1073,1444,879,-1,1444,1445,879,-1,879,1445,936,-1,1445,1446,936,-1,936,1446,902,-1,1446,1443,902,-1,902,1443,890,-1,1446,1445,1443,-1,1443,1445,1444,-1,898,897,1072,-1,880,881,1071,-1,1071,881,1447,-1,1071,1447,1072,-1,1072,1447,1448,-1,1072,1448,898,-1,1448,1449,898,-1,898,1449,900,-1,1449,1450,900,-1,900,1450,882,-1,1450,1447,882,-1,882,1447,881,-1,1450,1449,1447,-1,1447,1449,1448,-1,966,967,1069,-1,871,870,1070,-1,1070,870,1451,-1,1070,1451,1069,-1,1069,1451,1452,-1,1069,1452,966,-1,1452,1453,966,-1,966,1453,957,-1,1453,1454,957,-1,957,1454,953,-1,1454,1451,953,-1,953,1451,870,-1,1454,1453,1451,-1,1451,1453,1452,-1,951,952,1067,-1,917,918,1068,-1,1068,918,1455,-1,1068,1455,1067,-1,1067,1455,1456,-1,1067,1456,951,-1,1456,1457,951,-1,951,1457,950,-1,1457,1458,950,-1,950,1458,901,-1,1458,1455,901,-1,901,1455,918,-1,1458,1457,1455,-1,1455,1457,1456,-1,
        ]
    }
}
Shape{
    appearance Appearance {
        material  Material 	{
            diffuseColor 1.0 1.0 1.0
            specularColor 0.5019607843137255 0.5019607843137255 0.5019607843137255
            ambientIntensity 1.0
            transparency 0.0
            shininess 0.5
        }
    }
    geometry IndexedFaceSet {
        ccw TRUE
        solid FALSE
        coord DEF co Coordinate {
            point [
                1.1815 -1.5953 0.4118, 1.1815 -1.5953 0.3966, 1.1811 -1.5953 0.4118, 1.1811 -1.5953 0.3966, 1.1815 -1.6485 0.4118, 1.1811 -1.6485 0.4118, 1.1815 -1.6485 0.53, 1.1811 -1.6485 0.53, 1.1815 -1.6657 0.53, 1.1811 -1.6657 0.53, 1.1815 -1.6657 0.3966, 1.1811 -1.6657 0.3966, 1.1811 -1.4899 0.4021, 1.1815 -1.4899 0.4021, 1.1815 -1.4922 0.401, 1.1815 -1.5066 0.3963, 1.1815 -1.5269 0.3943, 1.1811 -1.5151 0.3955, 1.1811 -1.5269 0.3943, 1.1811 -1.5066 0.3963, 1.1811 -1.4956 0.3999, 1.1811 -1.4922 0.401, 1.1815 -1.4899 0.4186, 1.1811 -1.4899 0.4186, 1.1811 -1.4956 0.4161, 1.1815 -1.5031 0.4127, 1.1811 -1.5031 0.4127, 1.1811 -1.5181 0.4099, 1.1815 -1.5181 0.4099, 1.1811 -1.5244 0.4097, 1.1815 -1.5244 0.4097, 1.1811 -1.5378 0.4113, 1.1815 -1.5378 0.4113, 1.1811 -1.5473 0.415, 1.1815 -1.5473 0.415, 1.1811 -1.5561 0.4211, 1.1815 -1.5561 0.4211, 1.1811 -1.5587 0.4238, 1.1815 -1.5587 0.4238, 1.1811 -1.5652 0.4328, 1.1815 -1.5652 0.4328, 1.1811 -1.5695 0.4436, 1.1815 -1.5695 0.4436, 1.1811 -1.5716 0.4569, 1.1815 -1.5716 0.4569, 1.1811 -1.5718 0.4618, 1.1815 -1.5718 0.4618, 1.1811 -1.5696 0.4803, 1.1815 -1.5696 0.4803, 1.1811 -1.5651 0.4918, 1.1815 -1.5651 0.4918, 1.1811 -1.5578 0.5019, 1.1815 -1.5578 0.5019, 1.1811 -1.5487 0.5094, 1.1815 -1.5487 0.5094, 1.1811 -1.5382 0.5143, 1.1815 -1.5382 0.5143, 1.1811 -1.5266 0.5165, 1.1815 -1.5266 0.5165, 1.1811 -1.5214 0.5167, 1.1815 -1.5214 0.5167, 1.1811 -1.4899 0.5088, 1.1815 -1.4899 0.5088, 1.1815 -1.4914 0.5096, 1.1811 -1.505 0.5148, 1.1815 -1.505 0.5148, 1.1811 -1.4956 0.5112, 1.1811 -1.4914 0.5096, 1.1815 -1.4899 0.5268, 1.1811 -1.4899 0.5268, 1.1811 -1.5216 0.5323, 1.1815 -1.5216 0.5323, 1.1815 -1.5214 0.5323, 1.1811 -1.4956 0.5285, 1.1815 -1.504 0.5309, 1.1811 -1.504 0.5309, 1.1811 -1.5073 0.5312, 1.1811 -1.5214 0.5323, 1.1811 -1.5308 0.5312, 1.1815 -1.541 0.5299, 1.1811 -1.541 0.5299, 1.1811 -1.5549 0.5245, 1.1815 -1.5549 0.5245, 1.1811 -1.5674 0.5157, 1.1815 -1.5674 0.5157, 1.1811 -1.5706 0.5127, 1.1815 -1.5706 0.5127, 1.1811 -1.5803 0.5, 1.1815 -1.5803 0.5, 1.1811 -1.5839 0.4915, 1.1815 -1.5866 0.4852, 1.1811 -1.5866 0.4852, 1.1811 -1.5896 0.4678, 1.1815 -1.5896 0.4678, 1.1811 -1.5899 0.4608, 1.1815 -1.5899 0.4608, 1.1811 -1.5727 0.4126, 1.1815 -1.5727 0.4126, 1.1815 -1.5817 0.425, 1.1811 -1.5872 0.4389, 1.1815 -1.5872 0.4389, 1.1811 -1.5839 0.4305, 1.1811 -1.5817 0.425, 1.1815 -1.535 0.3947, 1.1811 -1.562 0.4036, 1.1815 -1.562 0.4036, 1.1811 -1.5494 0.3977, 1.1815 -1.5494 0.3977, 1.1811 -1.5386 0.3955, 1.1811 -1.535 0.3947, 1.1815 -1.3915 0.4118, 1.1815 -1.3915 0.3966, 1.1811 -1.3915 0.4118, 1.1811 -1.3915 0.3966, 1.1811 -1.446 0.4118, 1.1815 -1.446 0.4118, 1.1811 -1.41 0.4118, 1.1815 -1.446 0.4567, 1.1811 -1.446 0.4567, 1.1811 -1.3983 0.4567, 1.1815 -1.3983 0.4567, 1.1811 -1.41 0.4567, 1.1815 -1.3983 0.472, 1.1811 -1.3983 0.472, 1.1811 -1.446 0.472, 1.1815 -1.446 0.472, 1.1811 -1.41 0.472, 1.1815 -1.446 0.5147, 1.1811 -1.446 0.5147, 1.1811 -1.3945 0.5147, 1.1815 -1.3945 0.5147, 1.1811 -1.41 0.5147, 1.1815 -1.3945 0.53, 1.1811 -1.3945 0.53, 1.1811 -1.4632 0.53, 1.1815 -1.4632 0.53, 1.1811 -1.41 0.53, 1.1815 -1.4632 0.3966, 1.1811 -1.4632 0.3966, 1.1811 -1.41 0.3966, 1.1815 -1.2841 0.4327, 1.1815 -1.29 0.4257, 1.1815 -1.2777 0.4153, 1.1815 -1.2914 0.4244, 1.1815 -1.2916 0.4053, 1.1815 -1.3 0.4184, 1.1815 -1.3068 0.3994, 1.1815 -1.311 0.4141, 1.1815 -1.3296 0.3966, 1.1815 -1.3297 0.4118, 1.1815 -1.3663 0.3966, 1.1815 -1.349 0.4118, 1.1815 -1.3663 0.53, 1.1815 -1.349 0.5147, 1.1815 -1.3282 0.53, 1.1815 -1.3289 0.5147, 1.1815 -1.3078 0.5278, 1.1815 -1.3117 0.5128, 1.1815 -1.2917 0.5219, 1.1815 -1.3001 0.5086, 1.1815 -1.2777 0.5124, 1.1815 -1.2904 0.5021, 1.1815 -1.2731 0.5078, 1.1815 -1.2867 0.4986, 1.1815 -1.2648 0.4962, 1.1815 -1.2815 0.4911, 1.1815 -1.2599 0.4835, 1.1815 -1.2777 0.4814, 1.1815 -1.2576 0.465, 1.1815 -1.2757 0.4646, 1.1815 -1.258 0.4565, 1.1815 -1.2764 0.4542, 1.1815 -1.2612 0.4409, 1.1815 -1.2793 0.4424, 1.1815 -1.2678 0.4271, 1.1811 -1.3296 0.3966, 1.1811 -1.3663 0.3966, 1.1811 -1.3068 0.3994, 1.1811 -1.2916 0.4053, 1.1811 -1.2777 0.4153, 1.1811 -1.2678 0.4271, 1.1811 -1.2612 0.4409, 1.1811 -1.258 0.4565, 1.1811 -1.2576 0.465, 1.1811 -1.2599 0.4835, 1.1811 -1.2648 0.4962, 1.1811 -1.2731 0.5078, 1.1811 -1.2777 0.5124, 1.1811 -1.2917 0.5219, 1.1811 -1.3078 0.5278, 1.1811 -1.3282 0.53, 1.1811 -1.3663 0.53, 1.1811 -1.3289 0.5147, 1.1811 -1.349 0.5147, 1.1811 -1.349 0.4118, 1.1811 -1.3297 0.4118, 1.1811 -1.29 0.4257, 1.1811 -1.2914 0.4244, 1.1811 -1.3 0.4184, 1.1811 -1.311 0.4141, 1.1811 -1.2757 0.4646, 1.1811 -1.2764 0.4542, 1.1811 -1.2793 0.4424, 1.1811 -1.2841 0.4327, 1.1811 -1.2904 0.5021, 1.1811 -1.2867 0.4986, 1.1811 -1.2815 0.4911, 1.1811 -1.2777 0.4814, 1.1811 -1.3117 0.5128, 1.1811 -1.3001 0.5086
            ]
        }
        coordIndex [
            0,1,2,-1,2,1,3,-1,4,0,5,-1,5,0,2,-1,6,4,7,-1,7,4,5,-1,8,6,9,-1,9,6,7,-1,10,8,11,-1,11,8,9,-1,1,10,3,-1,3,10,11,-1,6,8,4,-1,4,8,10,-1,4,10,0,-1,0,10,1,-1,12,13,14,-1,15,16,17,-1,17,16,18,-1,17,19,15,-1,15,19,20,-1,15,20,14,-1,14,20,21,-1,14,21,12,-1,22,13,23,-1,23,13,12,-1,22,23,24,-1,22,24,25,-1,24,26,25,-1,25,26,27,-1,25,27,28,-1,28,27,29,-1,28,29,30,-1,30,29,31,-1,30,31,32,-1,32,31,33,-1,32,33,34,-1,34,33,35,-1,34,35,36,-1,36,35,37,-1,36,37,38,-1,38,37,39,-1,38,39,40,-1,40,39,41,-1,40,41,42,-1,42,41,43,-1,42,43,44,-1,44,43,45,-1,44,45,46,-1,46,45,47,-1,46,47,48,-1,48,47,49,-1,48,49,50,-1,50,49,51,-1,50,51,52,-1,52,51,53,-1,52,53,54,-1,54,53,55,-1,54,55,56,-1,56,55,57,-1,56,57,58,-1,58,57,59,-1,58,59,60,-1,61,62,63,-1,60,59,64,-1,60,64,65,-1,65,64,66,-1,65,66,63,-1,63,66,67,-1,63,67,61,-1,68,62,69,-1,69,62,61,-1,70,71,72,-1,68,69,73,-1,68,73,74,-1,73,75,74,-1,74,75,76,-1,74,76,72,-1,72,76,77,-1,72,77,70,-1,71,70,78,-1,71,78,79,-1,78,80,79,-1,79,80,81,-1,79,81,82,-1,82,81,83,-1,82,83,84,-1,84,83,85,-1,84,85,86,-1,86,85,87,-1,86,87,88,-1,88,87,89,-1,88,89,90,-1,89,91,90,-1,90,91,92,-1,90,92,93,-1,93,92,94,-1,93,94,95,-1,96,97,98,-1,95,94,99,-1,95,99,100,-1,100,99,101,-1,100,101,98,-1,98,101,102,-1,98,102,96,-1,18,16,103,-1,97,96,104,-1,97,104,105,-1,105,104,106,-1,105,106,107,-1,107,106,108,-1,107,108,103,-1,103,108,109,-1,103,109,18,-1,63,62,68,-1,54,84,52,-1,52,84,86,-1,52,86,50,-1,50,86,88,-1,50,88,48,-1,63,68,65,-1,65,68,74,-1,65,74,60,-1,60,74,72,-1,60,72,58,-1,58,72,71,-1,58,71,56,-1,56,71,79,-1,56,79,54,-1,54,79,82,-1,54,82,84,-1,95,46,93,-1,93,46,48,-1,93,48,90,-1,90,48,88,-1,13,22,14,-1,14,22,25,-1,14,25,15,-1,15,25,28,-1,15,28,16,-1,16,28,30,-1,16,30,103,-1,103,30,32,-1,103,32,107,-1,107,32,34,-1,107,34,105,-1,105,34,36,-1,105,36,97,-1,97,36,38,-1,97,38,98,-1,98,38,40,-1,98,40,100,-1,100,40,42,-1,100,42,95,-1,95,42,44,-1,95,44,46,-1,110,111,112,-1,112,111,113,-1,114,115,116,-1,116,115,110,-1,116,110,112,-1,117,115,118,-1,118,115,114,-1,119,120,121,-1,121,120,117,-1,121,117,118,-1,122,120,123,-1,123,120,119,-1,124,125,126,-1,126,125,122,-1,126,122,123,-1,127,125,128,-1,128,125,124,-1,129,130,131,-1,131,130,127,-1,131,127,128,-1,132,130,133,-1,133,130,129,-1,134,135,136,-1,136,135,132,-1,136,132,133,-1,137,135,138,-1,138,135,134,-1,113,111,139,-1,139,111,137,-1,139,137,138,-1,137,111,110,-1,110,115,137,-1,137,115,117,-1,137,117,135,-1,130,132,127,-1,127,132,135,-1,127,135,125,-1,125,135,117,-1,125,117,122,-1,122,117,120,-1,140,141,142,-1,142,141,143,-1,142,143,144,-1,144,143,145,-1,144,145,146,-1,146,145,147,-1,146,147,148,-1,148,147,149,-1,148,149,150,-1,150,149,151,-1,150,151,152,-1,152,151,153,-1,152,153,154,-1,154,153,155,-1,154,155,156,-1,156,155,157,-1,156,157,158,-1,158,157,159,-1,158,159,160,-1,160,159,161,-1,160,161,162,-1,162,161,163,-1,162,163,164,-1,164,163,165,-1,164,165,166,-1,166,165,167,-1,166,167,168,-1,168,167,169,-1,168,169,170,-1,170,169,171,-1,170,171,172,-1,172,171,173,-1,172,173,174,-1,174,173,140,-1,174,140,142,-1,148,150,175,-1,175,150,176,-1,148,175,177,-1,148,177,146,-1,146,177,178,-1,146,178,144,-1,144,178,179,-1,144,179,142,-1,142,179,180,-1,142,180,174,-1,174,180,181,-1,174,181,172,-1,172,181,182,-1,172,182,170,-1,170,182,183,-1,170,183,168,-1,168,183,184,-1,168,184,166,-1,166,184,185,-1,166,185,164,-1,164,185,186,-1,164,186,162,-1,162,186,187,-1,162,187,160,-1,160,187,188,-1,160,188,158,-1,158,188,189,-1,158,189,156,-1,156,189,190,-1,156,190,154,-1,152,154,191,-1,191,154,190,-1,150,152,176,-1,176,152,191,-1,155,153,192,-1,192,153,193,-1,153,151,193,-1,193,151,194,-1,151,149,194,-1,194,149,195,-1,141,196,197,-1,141,197,143,-1,143,197,198,-1,143,198,145,-1,145,198,199,-1,145,199,147,-1,147,199,195,-1,147,195,149,-1,169,200,201,-1,169,201,171,-1,171,201,202,-1,171,202,173,-1,173,202,203,-1,173,203,140,-1,140,203,196,-1,140,196,141,-1,161,204,205,-1,161,205,163,-1,163,205,206,-1,163,206,165,-1,165,206,207,-1,165,207,167,-1,167,207,200,-1,167,200,169,-1,155,192,208,-1,155,208,157,-1,157,208,209,-1,157,209,159,-1,159,209,204,-1,159,204,161,-1,
        ]
    }
}
Shape{
    appearance Appearance {
        material  Material 	{
            diffuseColor 0.25098039215686274 0.25098039215686274 0.25098039215686274
            specularColor 0.12549019607843137 0.12549019607843137 0.12549019607843137
            ambientIntensity 0.251
            transparency 0.0
            shininess 0.5
        }
    }
    geometry IndexedFaceSet {
        ccw TRUE
        solid FALSE
        coord DEF co Coordinate {
            point [
                1.1811 -1.2914 0.4244, 1.1811 -1.29 0.4257, 1.1811 -1.3289 0.5147, 1.1811 -1.349 0.5147, 1.1811 -1.349 0.4118, 1.1811 -1.3297 0.4118, 1.1811 -1.311 0.4141, 1.1811 -1.3 0.4184, 1.1811 -1.2841 0.4327, 1.1811 -1.2793 0.4424, 1.1811 -1.2764 0.4542, 1.1811 -1.2757 0.4646, 1.1811 -1.2777 0.4814, 1.1811 -1.2815 0.4911, 1.1811 -1.2867 0.4986, 1.1811 -1.2904 0.5021, 1.1811 -1.3117 0.5128, 1.1811 -1.3001 0.5086
            ]
        }
        coordIndex [
            0,1,2,-1,3,4,2,-1,2,4,5,-1,5,6,2,-1,2,6,7,-1,2,7,0,-1,1,8,2,-1,2,8,9,-1,2,9,10,-1,10,11,2,-1,2,11,12,-1,2,12,13,-1,13,14,2,-1,2,14,15,-1,2,15,16,-1,16,15,17,-1,
        ]
    }
}
Shape{
    appearance Appearance {
        material  Material 	{
            diffuseColor 1.0 1.0 1.0
            specularColor 0.5019607843137255 0.5019607843137255 0.5019607843137255
            ambientIntensity 1.0
            transparency 0.0
            shininess 0.5
        }
    }
    geometry IndexedFaceSet {
        ccw TRUE
        solid FALSE
        coord DEF co Coordinate {
            point [
                1.1815 -1.2129 0.4482, 1.1815 -1.2183 0.4331, 1.1815 -1.1681 0.4482, 1.1815 -1.1628 0.4331, 1.1815 -1.1929 0.5036, 1.1815 -1.1994 0.53, 1.1815 -1.2502 0.3966, 1.1815 -1.2312 0.3966, 1.1815 -1.1918 0.5076, 1.1815 -1.1907 0.513, 1.1815 -1.181 0.53, 1.1815 -1.1903 0.513, 1.1815 -1.1893 0.5073, 1.1815 -1.1883 0.5036, 1.1815 -1.1301 0.3966, 1.1815 -1.1492 0.3966, 1.1811 -1.181 0.53, 1.1811 -1.1301 0.3966, 1.1811 -1.1994 0.53, 1.1811 -1.2502 0.3966, 1.1811 -1.2117 0.4976, 1.1811 -1.2312 0.3966, 1.1811 -1.2183 0.4331, 1.1811 -1.1628 0.4331, 1.1811 -1.2117 0.4331, 1.1811 -1.1492 0.3966, 1.1811 -1.2129 0.4482, 1.1811 -1.1681 0.4482, 1.1811 -1.1883 0.5036, 1.1811 -1.1903 0.513, 1.1811 -1.1893 0.5073, 1.1811 -1.1907 0.513, 1.1811 -1.1929 0.5036, 1.1811 -1.1918 0.5076
            ]
        }
        coordIndex [
            0,1,2,-1,2,1,3,-1,4,5,0,-1,0,5,6,-1,0,6,1,-1,1,6,7,-1,4,8,5,-1,5,8,9,-1,5,9,10,-1,10,9,11,-1,10,11,12,-1,12,13,10,-1,10,13,2,-1,10,2,14,-1,14,2,3,-1,14,3,15,-1,10,14,16,-1,16,14,17,-1,5,10,18,-1,18,10,16,-1,19,6,20,-1,20,6,5,-1,20,5,18,-1,7,6,21,-1,21,6,19,-1,1,7,22,-1,22,7,21,-1,23,3,24,-1,24,3,1,-1,24,1,22,-1,15,3,25,-1,25,3,23,-1,14,15,17,-1,17,15,25,-1,0,2,26,-1,26,2,27,-1,2,13,27,-1,27,13,28,-1,11,29,30,-1,11,30,12,-1,12,30,28,-1,12,28,13,-1,11,9,29,-1,29,9,31,-1,4,32,33,-1,4,33,8,-1,8,33,31,-1,8,31,9,-1,4,0,32,-1,32,0,26,-1,
        ]
    }
}
Shape{
    appearance Appearance {
        material  Material 	{
            diffuseColor 0.25098039215686274 0.25098039215686274 0.25098039215686274
            specularColor 0.12549019607843137 0.12549019607843137 0.12549019607843137
            ambientIntensity 0.251
            transparency 0.0
            shininess 0.5
        }
    }
    geometry IndexedFaceSet {
        ccw TRUE
        solid FALSE
        coord DEF co Coordinate {
            point [
                1.1811 -1.1903 0.513, 1.1811 -1.1907 0.513, 1.1811 -1.1893 0.5073, 1.1811 -1.1918 0.5076, 1.1811 -1.1883 0.5036, 1.1811 -1.1929 0.5036, 1.1811 -1.1681 0.4482, 1.1811 -1.2129 0.4482
            ]
        }
        coordIndex [
            0,1,2,-1,2,1,3,-1,2,3,4,-1,4,3,5,-1,4,5,6,-1,6,5,7,-1,
        ]
    }
}
Shape{
    appearance Appearance {
        material  Material 	{
            diffuseColor 1.0 1.0 1.0
            specularColor 0.5019607843137255 0.5019607843137255 0.5019607843137255
            ambientIntensity 1.0
            transparency 0.0
            shininess 0.5
        }
    }
    geometry IndexedFaceSet {
        ccw TRUE
        solid FALSE
        coord DEF co Coordinate {
            point [
                1.1815 -1.5939 0.2001, 1.1815 -1.5939 0.1849, 1.1811 -1.5939 0.2001, 1.1811 -1.5939 0.1849, 1.1815 -1.6485 0.2001, 1.1811 -1.6485 0.2001, 1.1815 -1.6485 0.245, 1.1811 -1.6485 0.245, 1.1815 -1.6007 0.245, 1.1811 -1.6007 0.245, 1.1815 -1.6007 0.2603, 1.1811 -1.6007 0.2603, 1.1815 -1.6485 0.2603, 1.1811 -1.6485 0.2603, 1.1815 -1.6485 0.303, 1.1811 -1.6485 0.303, 1.1815 -1.597 0.303, 1.1811 -1.597 0.303, 1.1815 -1.597 0.3183, 1.1811 -1.597 0.3183, 1.1815 -1.6657 0.3183, 1.1811 -1.6657 0.3183, 1.1815 -1.6657 0.1849, 1.1811 -1.6657 0.1849, 1.1815 -1.5185 0.1996, 1.1815 -1.5181 0.1996, 1.1815 -1.5192 0.215, 1.1815 -1.5546 0.2253, 1.1815 -1.5509 0.2272, 1.1815 -1.5602 0.2379, 1.1815 -1.5181 0.2225, 1.1815 -1.5013 0.2462, 1.1815 -1.5181 0.2236, 1.1815 -1.5181 0.2327, 1.1815 -1.5181 0.1849, 1.1815 -1.5013 0.1849, 1.1815 -1.5241 0.2811, 1.1815 -1.5278 0.2668, 1.1815 -1.5175 0.2788, 1.1815 -1.5248 0.2649, 1.1815 -1.5216 0.209, 1.1815 -1.5252 0.2041, 1.1815 -1.5212 0.1955, 1.1815 -1.5273 0.2021, 1.1815 -1.5265 0.1899, 1.1815 -1.532 0.1989, 1.1815 -1.5322 0.1861, 1.1815 -1.5371 0.1971, 1.1815 -1.539 0.1836, 1.1815 -1.5434 0.1964, 1.1815 -1.5477 0.1826, 1.1815 -1.549 0.197, 1.1815 -1.5577 0.1838, 1.1815 -1.5528 0.1984, 1.1815 -1.5641 0.1862, 1.1815 -1.5561 0.2007, 1.1815 -1.5697 0.1901, 1.1815 -1.5576 0.2021, 1.1815 -1.5463 0.2415, 1.1815 -1.5404 0.2297, 1.1815 -1.5181 0.2455, 1.1815 -1.5686 0.2735, 1.1815 -1.5686 0.2573, 1.1815 -1.5652 0.2755, 1.1815 -1.5571 0.2645, 1.1815 -1.5528 0.2803, 1.1815 -1.5466 0.2679, 1.1815 -1.5358 0.2824, 1.1815 -1.5374 0.2688, 1.1815 -1.5317 0.2682, 1.1815 -1.5186 0.2528, 1.1815 -1.503 0.2603, 1.1815 -1.5204 0.2588, 1.1815 -1.5057 0.2675, 1.1815 -1.5223 0.2622, 1.1815 -1.5093 0.2726, 1.1815 -1.5122 0.2754, 1.1815 -1.5565 0.2239, 1.1815 -1.5669 0.2342, 1.1815 -1.5585 0.2214, 1.1815 -1.5717 0.2297, 1.1815 -1.56 0.2183, 1.1815 -1.5752 0.2243, 1.1815 -1.5608 0.2144, 1.1815 -1.5772 0.2181, 1.1815 -1.561 0.2118, 1.1815 -1.5779 0.2104, 1.1815 -1.5605 0.2079, 1.1815 -1.577 0.2023, 1.1815 -1.5594 0.2049, 1.1815 -1.5748 0.1967, 1.1815 -1.5713 0.1917, 1.1811 -1.5358 0.2824, 1.1811 -1.5528 0.2803, 1.1811 -1.5652 0.2755, 1.1811 -1.5686 0.2735, 1.1811 -1.5686 0.2573, 1.1811 -1.5571 0.2645, 1.1811 -1.5466 0.2679, 1.1811 -1.5374 0.2688, 1.1811 -1.5317 0.2682, 1.1811 -1.5278 0.2668, 1.1811 -1.5248 0.2649, 1.1811 -1.5223 0.2622, 1.1811 -1.5204 0.2588, 1.1811 -1.5186 0.2528, 1.1811 -1.5181 0.2455, 1.1811 -1.5463 0.2415, 1.1811 -1.5602 0.2379, 1.1811 -1.5669 0.2342, 1.1811 -1.5717 0.2297, 1.1811 -1.5752 0.2243, 1.1811 -1.5772 0.2181, 1.1811 -1.5779 0.2104, 1.1811 -1.577 0.2023, 1.1811 -1.5748 0.1967, 1.1811 -1.5713 0.1917, 1.1811 -1.5697 0.1901, 1.1811 -1.5477 0.1826, 1.1811 -1.5574 0.1838, 1.1811 -1.5577 0.1838, 1.1811 -1.5641 0.1862, 1.1811 -1.539 0.1836, 1.1811 -1.5386 0.1838, 1.1811 -1.5322 0.1861, 1.1811 -1.5265 0.1899, 1.1811 -1.5212 0.1955, 1.1811 -1.5185 0.1996, 1.1811 -1.5181 0.1996, 1.1811 -1.5181 0.1849, 1.1811 -1.5013 0.1849, 1.1811 -1.5013 0.2462, 1.1811 -1.503 0.2603, 1.1811 -1.5057 0.2675, 1.1811 -1.5093 0.2726, 1.1811 -1.5122 0.2754, 1.1811 -1.5175 0.2788, 1.1811 -1.5241 0.2811, 1.1811 -1.5565 0.2239, 1.1811 -1.5546 0.2253, 1.1811 -1.5509 0.2272, 1.1811 -1.5404 0.2297, 1.1811 -1.561 0.2118, 1.1811 -1.5608 0.2144, 1.1811 -1.56 0.2183, 1.1811 -1.5585 0.2214, 1.1811 -1.5561 0.2007, 1.1811 -1.5576 0.2021, 1.1811 -1.5594 0.2049, 1.1811 -1.5605 0.2079, 1.1811 -1.5434 0.1964, 1.1811 -1.549 0.197, 1.1811 -1.5528 0.1984, 1.1811 -1.5252 0.2041, 1.1811 -1.5273 0.2021, 1.1811 -1.532 0.1989, 1.1811 -1.5371 0.1971, 1.1811 -1.5181 0.2236, 1.1811 -1.5181 0.2225, 1.1811 -1.5192 0.215, 1.1811 -1.5216 0.209, 1.1811 -1.5181 0.2327
            ]
        }
        coordIndex [
            0,1,2,-1,2,1,3,-1,4,0,5,-1,5,0,2,-1,6,4,7,-1,7,4,5,-1,8,6,9,-1,9,6,7,-1,10,8,11,-1,11,8,9,-1,12,10,13,-1,13,10,11,-1,14,12,15,-1,15,12,13,-1,16,14,17,-1,17,14,15,-1,18,16,19,-1,19,16,17,-1,20,18,21,-1,21,18,19,-1,22,20,23,-1,23,20,21,-1,1,22,3,-1,3,22,23,-1,22,1,0,-1,0,4,22,-1,22,4,6,-1,22,6,20,-1,16,18,14,-1,14,18,20,-1,14,20,12,-1,12,20,6,-1,12,6,10,-1,10,6,8,-1,24,25,26,-1,27,28,29,-1,30,31,32,-1,32,31,33,-1,34,35,25,-1,25,35,31,-1,25,31,26,-1,26,31,30,-1,36,37,38,-1,38,37,39,-1,26,40,24,-1,24,40,41,-1,24,41,42,-1,42,41,43,-1,42,43,44,-1,44,43,45,-1,44,45,46,-1,46,45,47,-1,46,47,48,-1,48,47,49,-1,48,49,50,-1,50,49,51,-1,50,51,52,-1,52,51,53,-1,52,53,54,-1,54,53,55,-1,54,55,56,-1,56,55,57,-1,29,28,58,-1,58,28,59,-1,58,59,60,-1,61,62,63,-1,63,62,64,-1,63,64,65,-1,65,64,66,-1,65,66,67,-1,67,66,68,-1,67,68,36,-1,36,68,69,-1,36,69,37,-1,59,33,60,-1,60,33,31,-1,60,31,70,-1,70,31,71,-1,70,71,72,-1,72,71,73,-1,72,73,74,-1,74,73,75,-1,74,75,39,-1,39,75,76,-1,39,76,38,-1,27,29,77,-1,77,29,78,-1,77,78,79,-1,79,78,80,-1,79,80,81,-1,81,80,82,-1,81,82,83,-1,83,82,84,-1,83,84,85,-1,85,84,86,-1,85,86,87,-1,87,86,88,-1,87,88,89,-1,89,88,90,-1,89,90,57,-1,57,90,91,-1,57,91,56,-1,67,92,93,-1,67,93,65,-1,65,93,94,-1,65,94,63,-1,63,94,95,-1,63,95,61,-1,62,61,96,-1,96,61,95,-1,62,96,97,-1,62,97,64,-1,64,97,98,-1,64,98,66,-1,66,98,99,-1,66,99,68,-1,68,99,100,-1,68,100,69,-1,69,100,101,-1,69,101,37,-1,37,101,102,-1,37,102,39,-1,39,102,103,-1,39,103,74,-1,74,103,104,-1,74,104,72,-1,72,104,105,-1,72,105,70,-1,70,105,106,-1,70,106,60,-1,58,60,107,-1,107,60,106,-1,58,107,108,-1,58,108,29,-1,29,108,109,-1,29,109,78,-1,78,109,110,-1,78,110,80,-1,80,110,111,-1,80,111,82,-1,82,111,112,-1,82,112,84,-1,84,112,113,-1,84,113,86,-1,86,113,114,-1,86,114,88,-1,88,114,115,-1,88,115,90,-1,90,115,116,-1,90,116,91,-1,91,116,117,-1,91,117,56,-1,118,50,119,-1,119,50,52,-1,119,52,120,-1,120,52,54,-1,120,54,121,-1,121,54,56,-1,121,56,117,-1,50,118,122,-1,50,122,48,-1,48,122,123,-1,48,123,46,-1,123,124,46,-1,46,124,125,-1,46,125,44,-1,44,125,126,-1,44,126,42,-1,42,126,127,-1,42,127,24,-1,25,24,128,-1,128,24,127,-1,34,25,129,-1,129,25,128,-1,35,34,130,-1,130,34,129,-1,31,35,131,-1,131,35,130,-1,31,131,132,-1,31,132,71,-1,71,132,133,-1,71,133,73,-1,73,133,134,-1,73,134,75,-1,75,134,135,-1,75,135,76,-1,76,135,136,-1,76,136,38,-1,38,136,137,-1,38,137,36,-1,36,137,92,-1,36,92,67,-1,77,138,139,-1,77,139,27,-1,27,139,140,-1,27,140,28,-1,28,140,141,-1,28,141,59,-1,85,142,143,-1,85,143,83,-1,83,143,144,-1,83,144,81,-1,81,144,145,-1,81,145,79,-1,79,145,138,-1,79,138,77,-1,55,146,147,-1,55,147,57,-1,57,147,148,-1,57,148,89,-1,89,148,149,-1,89,149,87,-1,87,149,142,-1,87,142,85,-1,49,150,151,-1,49,151,51,-1,51,151,152,-1,51,152,53,-1,53,152,146,-1,53,146,55,-1,41,153,154,-1,41,154,43,-1,43,154,155,-1,43,155,45,-1,45,155,156,-1,45,156,47,-1,47,156,150,-1,47,150,49,-1,32,157,158,-1,32,158,30,-1,30,158,159,-1,30,159,26,-1,26,159,160,-1,26,160,40,-1,40,160,153,-1,40,153,41,-1,32,33,157,-1,157,33,161,-1,33,59,161,-1,161,59,141,-1,
        ]
    }
}
Shape{
    appearance Appearance {
        material  Material 	{
            diffuseColor 0.25098039215686274 0.25098039215686274 0.25098039215686274
            specularColor 0.12549019607843137 0.12549019607843137 0.12549019607843137
            ambientIntensity 0.251
            transparency 0.0
            shininess 0.5
        }
    }
    geometry IndexedFaceSet {
        ccw TRUE
        solid FALSE
        coord DEF co Coordinate {
            point [
                1.1811 -1.5181 0.2225, 1.1811 -1.5181 0.2236, 1.1811 -1.5565 0.2239, 1.1811 -1.5181 0.2327, 1.1811 -1.5404 0.2297, 1.1811 -1.5509 0.2272, 1.1811 -1.5546 0.2253, 1.1811 -1.5192 0.215, 1.1811 -1.5585 0.2214, 1.1811 -1.5216 0.209, 1.1811 -1.5576 0.2021, 1.1811 -1.5561 0.2007, 1.1811 -1.5273 0.2021, 1.1811 -1.5594 0.2049, 1.1811 -1.532 0.1989, 1.1811 -1.5371 0.1971, 1.1811 -1.5434 0.1964, 1.1811 -1.56 0.2183, 1.1811 -1.5608 0.2144, 1.1811 -1.5252 0.2041, 1.1811 -1.561 0.2118, 1.1811 -1.5605 0.2079, 1.1811 -1.5528 0.1984, 1.1811 -1.549 0.197
            ]
        }
        coordIndex [
            0,1,2,-1,1,3,4,-1,4,5,1,-1,1,5,6,-1,1,6,2,-1,0,2,7,-1,7,2,8,-1,7,8,9,-1,10,11,12,-1,10,12,13,-1,14,12,15,-1,15,12,16,-1,8,17,9,-1,9,17,18,-1,9,18,19,-1,19,18,20,-1,19,20,12,-1,12,20,21,-1,12,21,13,-1,11,22,12,-1,12,22,23,-1,12,23,16,-1,
        ]
    }
}
Shape{
    appearance Appearance {
        material  Material 	{
            diffuseColor 1.0 1.0 1.0
            specularColor 0.5019607843137255 0.5019607843137255 0.5019607843137255
            ambientIntensity 1.0
            transparency 0.0
            shininess 0.5
        }
    }
    geometry IndexedFaceSet {
        ccw TRUE
        solid FALSE
        coord DEF co Coordinate {
            point [
                1.1811 -1.4787 0.2055, 1.1815 -1.4787 0.2055, 1.1815 -1.4711 0.2009, 1.1815 -1.4512 0.1963, 1.1811 -1.4512 0.1963, 1.1811 -1.4606 0.1973, 1.1815 -1.4606 0.1973, 1.1811 -1.471 0.2009, 1.1811 -1.4711 0.2009, 1.1815 -1.4787 0.1882, 1.1811 -1.4787 0.1882, 1.1815 -1.467 0.1841, 1.1811 -1.471 0.1855, 1.1811 -1.4528 0.1826, 1.1815 -1.4528 0.1826, 1.1811 -1.4637 0.1838, 1.1811 -1.467 0.1841, 1.1815 -1.4377 0.1844, 1.1811 -1.4434 0.1838, 1.1811 -1.4377 0.1844, 1.1811 -1.4289 0.1878, 1.1815 -1.4289 0.1878, 1.1811 -1.4251 0.1902, 1.1815 -1.4251 0.1902, 1.1811 -1.4203 0.1944, 1.1815 -1.4203 0.1944, 1.1811 -1.4172 0.1988, 1.1815 -1.4172 0.1988, 1.1811 -1.4151 0.2041, 1.1815 -1.4151 0.2041, 1.1811 -1.4143 0.2108, 1.1815 -1.4143 0.2108, 1.1811 -1.415 0.2171, 1.1815 -1.415 0.2171, 1.1811 -1.4168 0.222, 1.1815 -1.4168 0.222, 1.1811 -1.4199 0.2266, 1.1815 -1.4199 0.2266, 1.1811 -1.4239 0.2301, 1.1815 -1.4239 0.2301, 1.1811 -1.435 0.2363, 1.1815 -1.435 0.2363, 1.1811 -1.4415 0.2389, 1.1815 -1.4415 0.2389, 1.1811 -1.4518 0.2434, 1.1815 -1.4518 0.2434, 1.1811 -1.4577 0.2471, 1.1815 -1.4577 0.2471, 1.1811 -1.4593 0.2489, 1.1815 -1.4593 0.2489, 1.1811 -1.4605 0.2512, 1.1815 -1.4605 0.2512, 1.1811 -1.4612 0.2538, 1.1815 -1.4612 0.2538, 1.1811 -1.4614 0.256, 1.1815 -1.4614 0.256, 1.1811 -1.4611 0.2587, 1.1815 -1.4611 0.2587, 1.1811 -1.4602 0.2609, 1.1815 -1.4602 0.2609, 1.1811 -1.4588 0.263, 1.1815 -1.4588 0.263, 1.1811 -1.4563 0.2653, 1.1815 -1.4563 0.2653, 1.1811 -1.4525 0.2673, 1.1815 -1.4525 0.2673, 1.1811 -1.4481 0.2684, 1.1815 -1.4481 0.2684, 1.1811 -1.4431 0.2688, 1.1815 -1.4431 0.2688, 1.1811 -1.4314 0.2674, 1.1815 -1.4314 0.2674, 1.1811 -1.422 0.2637, 1.1815 -1.422 0.2637, 1.1811 -1.4189 0.2619, 1.1815 -1.4189 0.2619, 1.1815 -1.4189 0.2782, 1.1811 -1.4189 0.2782, 1.1811 -1.4297 0.2813, 1.1815 -1.4297 0.2813, 1.1811 -1.4415 0.2824, 1.1815 -1.4415 0.2824, 1.1811 -1.4548 0.2808, 1.1815 -1.4548 0.2808, 1.1811 -1.4638 0.2773, 1.1815 -1.4638 0.2773, 1.1811 -1.4679 0.2748, 1.1815 -1.4679 0.2748, 1.1815 -1.4729 0.2703, 1.1811 -1.471 0.272, 1.1811 -1.4729 0.2703, 1.1811 -1.476 0.2658, 1.1815 -1.476 0.2658, 1.1811 -1.4779 0.2604, 1.1815 -1.4779 0.2604, 1.1811 -1.4786 0.2545, 1.1815 -1.4786 0.2545, 1.1811 -1.4779 0.248, 1.1815 -1.4779 0.248, 1.1811 -1.476 0.2429, 1.1815 -1.476 0.2429, 1.1811 -1.4738 0.2394, 1.1815 -1.4738 0.2394, 1.1811 -1.4533 0.2268, 1.1815 -1.4533 0.2268, 1.1815 -1.4632 0.2314, 1.1811 -1.4711 0.2365, 1.1815 -1.4711 0.2365, 1.1811 -1.471 0.2365, 1.1811 -1.4632 0.2314, 1.1811 -1.4423 0.2222, 1.1815 -1.4423 0.2222, 1.1811 -1.4358 0.2183, 1.1815 -1.4358 0.2183, 1.1811 -1.4337 0.2161, 1.1815 -1.4337 0.2161, 1.1811 -1.4324 0.2139, 1.1815 -1.4324 0.2139, 1.1811 -1.4316 0.2113, 1.1815 -1.4316 0.2113, 1.1811 -1.4315 0.2092, 1.1815 -1.4315 0.2092, 1.1811 -1.4318 0.206, 1.1815 -1.4318 0.206, 1.1811 -1.4327 0.2036, 1.1815 -1.4327 0.2036, 1.1811 -1.4341 0.2015, 1.1815 -1.4341 0.2015, 1.1811 -1.4361 0.1998, 1.1815 -1.4361 0.1998, 1.1811 -1.4376 0.1988, 1.1815 -1.4376 0.1988, 1.1811 -1.4419 0.1973, 1.1815 -1.4419 0.1973, 1.1811 -1.4505 0.1963, 1.1815 -1.4505 0.1963, 1.1815 -1.3315 0.2802, 1.1815 -1.3141 0.2802, 1.1811 -1.3315 0.2802, 1.1811 -1.3141 0.2802, 1.1815 -1.3575 0.2084, 1.1811 -1.3575 0.2084, 1.1811 -1.3588 0.204, 1.1815 -1.3588 0.204, 1.1811 -1.3595 0.2007, 1.1815 -1.3595 0.2007, 1.1815 -1.36 0.2007, 1.1811 -1.36 0.2007, 1.1815 -1.362 0.2086, 1.1811 -1.362 0.2086, 1.1811 -1.3869 0.2802, 1.1815 -1.3869 0.2802, 1.1811 -1.3789 0.257, 1.1815 -1.4056 0.2802, 1.1811 -1.4056 0.2802, 1.1811 -1.3682 0.1851, 1.1815 -1.3682 0.1851, 1.1811 -1.3789 0.2121, 1.1811 -1.3756 0.1678, 1.1815 -1.3756 0.1678, 1.1811 -1.3688 0.1838, 1.1811 -1.3789 0.1618, 1.1815 -1.379 0.1616, 1.1811 -1.379 0.1616, 1.1811 -1.3821 0.1582, 1.1815 -1.3821 0.1582, 1.1811 -1.3846 0.1564, 1.1815 -1.3846 0.1564, 1.1811 -1.3882 0.1549, 1.1815 -1.3882 0.1549, 1.1811 -1.3927 0.1543, 1.1815 -1.3927 0.1543, 1.1811 -1.3988 0.1551, 1.1815 -1.3988 0.1551, 1.1811 -1.4022 0.1562, 1.1815 -1.4022 0.1562, 1.1815 -1.4022 0.1414, 1.1811 -1.4022 0.1414, 1.1811 -1.3951 0.1401, 1.1815 -1.3951 0.1401, 1.1811 -1.3914 0.14, 1.1815 -1.3914 0.14, 1.1811 -1.3839 0.141, 1.1815 -1.3839 0.141, 1.1811 -1.3789 0.143, 1.1815 -1.3774 0.1436, 1.1811 -1.3774 0.1436, 1.1811 -1.3719 0.1476, 1.1815 -1.3719 0.1476, 1.1811 -1.365 0.1556, 1.1815 -1.365 0.1556, 1.1811 -1.3574 0.1705, 1.1815 -1.3574 0.1705, 1.1811 -1.3522 0.1838, 1.1815 -1.2243 0.2001, 1.1815 -1.2243 0.1849, 1.1811 -1.2243 0.2001, 1.1811 -1.2243 0.1849, 1.1811 -1.2789 0.2001, 1.1815 -1.2789 0.2001, 1.1811 -1.2539 0.2001, 1.1815 -1.2789 0.245, 1.1811 -1.2789 0.245, 1.1811 -1.2312 0.245, 1.1815 -1.2312 0.245, 1.1811 -1.2539 0.245, 1.1815 -1.2312 0.2603, 1.1811 -1.2312 0.2603, 1.1811 -1.2789 0.2603, 1.1815 -1.2789 0.2603, 1.1811 -1.2539 0.2603, 1.1815 -1.2789 0.303, 1.1811 -1.2789 0.303, 1.1811 -1.2274 0.303, 1.1815 -1.2274 0.303, 1.1811 -1.2539 0.303, 1.1815 -1.2274 0.3183, 1.1811 -1.2274 0.3183, 1.1811 -1.2961 0.3183, 1.1815 -1.2961 0.3183, 1.1811 -1.2539 0.3183, 1.1815 -1.2961 0.1849, 1.1811 -1.2961 0.1849, 1.1811 -1.2539 0.1849, 1.1815 -1.117 0.221, 1.1815 -1.1229 0.214, 1.1815 -1.1106 0.2036, 1.1815 -1.1243 0.2127, 1.1815 -1.1245 0.1936, 1.1815 -1.1329 0.2067, 1.1815 -1.1397 0.1877, 1.1815 -1.1439 0.2024, 1.1815 -1.1624 0.1849, 1.1815 -1.1625 0.2001, 1.1815 -1.1991 0.1849, 1.1815 -1.1819 0.2001, 1.1815 -1.1991 0.3183, 1.1815 -1.1819 0.303, 1.1815 -1.1611 0.3183, 1.1815 -1.1618 0.303, 1.1815 -1.1407 0.3161, 1.1815 -1.1446 0.3011, 1.1815 -1.1246 0.3102, 1.1815 -1.133 0.2969, 1.1815 -1.1106 0.3007, 1.1815 -1.1232 0.2904, 1.1815 -1.106 0.2961, 1.1815 -1.1196 0.2869, 1.1815 -1.0977 0.2845, 1.1815 -1.1144 0.2794, 1.1815 -1.0927 0.2718, 1.1815 -1.1106 0.2697, 1.1815 -1.0905 0.2533, 1.1815 -1.1086 0.2528, 1.1815 -1.0909 0.2448, 1.1815 -1.1093 0.2425, 1.1815 -1.0941 0.2292, 1.1815 -1.1121 0.2307, 1.1815 -1.1007 0.2154, 1.1811 -1.1624 0.1849, 1.1811 -1.1991 0.1849, 1.1811 -1.1397 0.1877, 1.1811 -1.1245 0.1936, 1.1811 -1.1106 0.2036, 1.1811 -1.1007 0.2154, 1.1811 -1.0941 0.2292, 1.1811 -1.0909 0.2448, 1.1811 -1.0905 0.2533, 1.1811 -1.0927 0.2718, 1.1811 -1.0977 0.2845, 1.1811 -1.106 0.2961, 1.1811 -1.1106 0.3007, 1.1811 -1.1246 0.3102, 1.1811 -1.1407 0.3161, 1.1811 -1.1611 0.3183, 1.1811 -1.1991 0.3183, 1.1811 -1.1618 0.303, 1.1811 -1.1819 0.303, 1.1811 -1.1819 0.2001, 1.1811 -1.1625 0.2001, 1.1811 -1.1229 0.214, 1.1811 -1.1243 0.2127, 1.1811 -1.1329 0.2067, 1.1811 -1.1439 0.2024, 1.1811 -1.1086 0.2528, 1.1811 -1.1093 0.2425, 1.1811 -1.1121 0.2307, 1.1811 -1.117 0.221, 1.1811 -1.1232 0.2904, 1.1811 -1.1196 0.2869, 1.1811 -1.1144 0.2794, 1.1811 -1.1106 0.2697, 1.1811 -1.1446 0.3011, 1.1811 -1.133 0.2969
            ]
        }
        coordIndex [
            0,1,2,-1,3,4,5,-1,3,5,6,-1,6,5,7,-1,6,7,2,-1,2,7,8,-1,2,8,0,-1,9,1,10,-1,10,1,0,-1,11,9,12,-1,12,9,10,-1,13,14,15,-1,15,14,11,-1,15,11,16,-1,16,11,12,-1,17,14,18,-1,18,14,13,-1,18,19,17,-1,17,19,20,-1,17,20,21,-1,21,20,22,-1,21,22,23,-1,23,22,24,-1,23,24,25,-1,25,24,26,-1,25,26,27,-1,27,26,28,-1,27,28,29,-1,29,28,30,-1,29,30,31,-1,31,30,32,-1,31,32,33,-1,33,32,34,-1,33,34,35,-1,35,34,36,-1,35,36,37,-1,37,36,38,-1,37,38,39,-1,39,38,40,-1,39,40,41,-1,41,40,42,-1,41,42,43,-1,43,42,44,-1,43,44,45,-1,45,44,46,-1,45,46,47,-1,47,46,48,-1,47,48,49,-1,49,48,50,-1,49,50,51,-1,51,50,52,-1,51,52,53,-1,53,52,54,-1,53,54,55,-1,55,54,56,-1,55,56,57,-1,57,56,58,-1,57,58,59,-1,59,58,60,-1,59,60,61,-1,61,60,62,-1,61,62,63,-1,63,62,64,-1,63,64,65,-1,65,64,66,-1,65,66,67,-1,67,66,68,-1,67,68,69,-1,69,68,70,-1,69,70,71,-1,71,70,72,-1,71,72,73,-1,73,72,74,-1,73,74,75,-1,76,75,77,-1,77,75,74,-1,76,77,78,-1,76,78,79,-1,79,78,80,-1,79,80,81,-1,81,80,82,-1,81,82,83,-1,83,82,84,-1,83,84,85,-1,85,84,86,-1,85,86,87,-1,88,87,89,-1,89,87,86,-1,89,90,88,-1,88,90,91,-1,88,91,92,-1,92,91,93,-1,92,93,94,-1,94,93,95,-1,94,95,96,-1,96,95,97,-1,96,97,98,-1,98,97,99,-1,98,99,100,-1,100,99,101,-1,100,101,102,-1,103,104,105,-1,102,101,106,-1,102,106,107,-1,107,106,108,-1,107,108,105,-1,105,108,109,-1,105,109,103,-1,104,103,110,-1,104,110,111,-1,111,110,112,-1,111,112,113,-1,113,112,114,-1,113,114,115,-1,115,114,116,-1,115,116,117,-1,117,116,118,-1,117,118,119,-1,119,118,120,-1,119,120,121,-1,121,120,122,-1,121,122,123,-1,123,122,124,-1,123,124,125,-1,125,124,126,-1,125,126,127,-1,127,126,128,-1,127,128,129,-1,129,128,130,-1,129,130,131,-1,131,130,132,-1,131,132,133,-1,133,132,134,-1,133,134,135,-1,135,134,4,-1,135,4,3,-1,59,61,87,-1,87,61,85,-1,85,61,63,-1,85,63,83,-1,111,43,104,-1,104,43,45,-1,21,23,127,-1,127,23,25,-1,127,25,125,-1,125,25,27,-1,125,27,123,-1,123,27,29,-1,123,29,121,-1,121,29,31,-1,121,31,119,-1,119,31,33,-1,119,33,117,-1,117,33,35,-1,117,35,115,-1,115,35,37,-1,115,37,113,-1,113,37,39,-1,113,39,111,-1,111,39,41,-1,111,41,43,-1,14,3,11,-1,11,3,6,-1,11,6,9,-1,9,6,2,-1,9,2,1,-1,63,65,83,-1,83,65,67,-1,83,67,81,-1,81,67,69,-1,81,69,79,-1,79,69,71,-1,79,71,76,-1,76,71,73,-1,76,73,75,-1,127,129,21,-1,21,129,131,-1,21,131,17,-1,17,131,133,-1,17,133,14,-1,14,133,135,-1,14,135,3,-1,87,88,59,-1,59,88,92,-1,59,92,57,-1,57,92,94,-1,57,94,55,-1,55,94,96,-1,55,96,53,-1,53,96,98,-1,53,98,51,-1,51,98,100,-1,51,100,49,-1,49,100,102,-1,49,102,47,-1,47,102,107,-1,47,107,45,-1,45,107,105,-1,45,105,104,-1,136,137,138,-1,138,137,139,-1,140,136,141,-1,141,136,138,-1,140,141,142,-1,140,142,143,-1,143,142,144,-1,143,144,145,-1,146,145,147,-1,147,145,144,-1,148,146,149,-1,149,146,147,-1,150,151,152,-1,152,151,148,-1,152,148,149,-1,153,151,154,-1,154,151,150,-1,155,156,157,-1,157,156,153,-1,157,153,154,-1,158,159,160,-1,160,159,156,-1,160,156,155,-1,158,161,159,-1,159,161,162,-1,161,163,162,-1,162,163,164,-1,162,164,165,-1,165,164,166,-1,165,166,167,-1,167,166,168,-1,167,168,169,-1,169,168,170,-1,169,170,171,-1,171,170,172,-1,171,172,173,-1,173,172,174,-1,173,174,175,-1,176,175,177,-1,177,175,174,-1,176,177,178,-1,176,178,179,-1,179,178,180,-1,179,180,181,-1,181,180,182,-1,181,182,183,-1,183,182,184,-1,183,184,185,-1,184,186,185,-1,185,186,187,-1,185,187,188,-1,188,187,189,-1,188,189,190,-1,190,189,191,-1,190,191,192,-1,139,137,193,-1,193,137,192,-1,193,192,191,-1,143,145,192,-1,137,136,192,-1,192,136,140,-1,192,140,143,-1,151,153,148,-1,148,153,156,-1,148,156,146,-1,145,146,192,-1,192,146,156,-1,192,156,190,-1,175,176,173,-1,173,176,179,-1,173,179,171,-1,171,179,181,-1,171,181,169,-1,169,181,183,-1,169,183,167,-1,167,183,185,-1,167,185,165,-1,165,185,188,-1,165,188,162,-1,162,188,190,-1,162,190,159,-1,159,190,156,-1,194,195,196,-1,196,195,197,-1,198,199,200,-1,200,199,194,-1,200,194,196,-1,201,199,202,-1,202,199,198,-1,203,204,205,-1,205,204,201,-1,205,201,202,-1,206,204,207,-1,207,204,203,-1,208,209,210,-1,210,209,206,-1,210,206,207,-1,211,209,212,-1,212,209,208,-1,213,214,215,-1,215,214,211,-1,215,211,212,-1,216,214,217,-1,217,214,213,-1,218,219,220,-1,220,219,216,-1,220,216,217,-1,221,219,222,-1,222,219,218,-1,197,195,223,-1,223,195,221,-1,223,221,222,-1,214,216,211,-1,211,216,219,-1,211,219,209,-1,195,194,221,-1,221,194,199,-1,221,199,201,-1,204,206,201,-1,201,206,209,-1,201,209,221,-1,221,209,219,-1,224,225,226,-1,226,225,227,-1,226,227,228,-1,228,227,229,-1,228,229,230,-1,230,229,231,-1,230,231,232,-1,232,231,233,-1,232,233,234,-1,234,233,235,-1,234,235,236,-1,236,235,237,-1,236,237,238,-1,238,237,239,-1,238,239,240,-1,240,239,241,-1,240,241,242,-1,242,241,243,-1,242,243,244,-1,244,243,245,-1,244,245,246,-1,246,245,247,-1,246,247,248,-1,248,247,249,-1,248,249,250,-1,250,249,251,-1,250,251,252,-1,252,251,253,-1,252,253,254,-1,254,253,255,-1,254,255,256,-1,256,255,257,-1,256,257,258,-1,258,257,224,-1,258,224,226,-1,232,234,259,-1,259,234,260,-1,232,259,261,-1,232,261,230,-1,230,261,262,-1,230,262,228,-1,228,262,263,-1,228,263,226,-1,226,263,264,-1,226,264,258,-1,258,264,265,-1,258,265,256,-1,256,265,266,-1,256,266,254,-1,254,266,267,-1,254,267,252,-1,252,267,268,-1,252,268,250,-1,250,268,269,-1,250,269,248,-1,248,269,270,-1,248,270,246,-1,246,270,271,-1,246,271,244,-1,244,271,272,-1,244,272,242,-1,242,272,273,-1,242,273,240,-1,240,273,274,-1,240,274,238,-1,236,238,275,-1,275,238,274,-1,234,236,260,-1,260,236,275,-1,239,237,276,-1,276,237,277,-1,237,235,277,-1,277,235,278,-1,235,233,278,-1,278,233,279,-1,225,280,281,-1,225,281,227,-1,227,281,282,-1,227,282,229,-1,229,282,283,-1,229,283,231,-1,231,283,279,-1,231,279,233,-1,253,284,285,-1,253,285,255,-1,255,285,286,-1,255,286,257,-1,257,286,287,-1,257,287,224,-1,224,287,280,-1,224,280,225,-1,245,288,289,-1,245,289,247,-1,247,289,290,-1,247,290,249,-1,249,290,291,-1,249,291,251,-1,251,291,284,-1,251,284,253,-1,239,276,292,-1,239,292,241,-1,241,292,293,-1,241,293,243,-1,243,293,288,-1,243,288,245,-1,
        ]
    }
}
Shape{
    appearance Appearance {
        material  Material 	{
            diffuseColor 0.25098039215686274 0.25098039215686274 0.25098039215686274
            specularColor 0.12549019607843137 0.12549019607843137 0.12549019607843137
            ambientIntensity 0.251
            transparency 0.0
            shininess 0.5
        }
    }
    geometry IndexedFaceSet {
        ccw TRUE
        solid FALSE
        coord DEF co Coordinate {
            point [
                1.1811 -1.1243 0.2127, 1.1811 -1.1229 0.214, 1.1811 -1.1618 0.303, 1.1811 -1.1819 0.303, 1.1811 -1.1819 0.2001, 1.1811 -1.1625 0.2001, 1.1811 -1.1439 0.2024, 1.1811 -1.1329 0.2067, 1.1811 -1.117 0.221, 1.1811 -1.1121 0.2307, 1.1811 -1.1093 0.2425, 1.1811 -1.1086 0.2528, 1.1811 -1.1106 0.2697, 1.1811 -1.1144 0.2794, 1.1811 -1.1196 0.2869, 1.1811 -1.1232 0.2904, 1.1811 -1.1446 0.3011, 1.1811 -1.133 0.2969
            ]
        }
        coordIndex [
            0,1,2,-1,3,4,2,-1,2,4,5,-1,5,6,2,-1,2,6,7,-1,2,7,0,-1,1,8,2,-1,2,8,9,-1,2,9,10,-1,10,11,2,-1,2,11,12,-1,2,12,13,-1,13,14,2,-1,2,14,15,-1,2,15,16,-1,16,15,17,-1,
        ]
    }
}
Shape{
    appearance Appearance {
        material  Material 	{
            diffuseColor 1.0 1.0 1.0
            specularColor 0.5019607843137255 0.5019607843137255 0.5019607843137255
            ambientIntensity 1.0
            transparency 0.0
            shininess 0.5
        }
    }
    geometry IndexedFaceSet {
        ccw TRUE
        solid FALSE
        coord DEF co Coordinate {
            point [
                1.1815 -1.0458 0.2365, 1.1815 -1.0512 0.2214, 1.1815 -1.001 0.2365, 1.1815 -0.9957 0.2214, 1.1815 -1.0258 0.2919, 1.1815 -1.0323 0.3183, 1.1815 -1.0831 0.1849, 1.1815 -1.0641 0.1849, 1.1815 -1.0247 0.2959, 1.1815 -1.0236 0.3013, 1.1815 -1.0138 0.3183, 1.1815 -1.0232 0.3013, 1.1815 -1.0221 0.2956, 1.1815 -1.0211 0.2919, 1.1815 -0.963 0.1849, 1.1815 -0.982 0.1849, 1.1811 -1.0138 0.3183, 1.1811 -0.963 0.1849, 1.1811 -1.0323 0.3183, 1.1811 -1.0831 0.1849, 1.1811 -1.0641 0.1849, 1.1811 -1.0512 0.2214, 1.1811 -0.9957 0.2214, 1.1811 -0.982 0.1849, 1.1811 -1.0458 0.2365, 1.1811 -1.001 0.2365, 1.1811 -1.0211 0.2919, 1.1811 -1.0232 0.3013, 1.1811 -1.0221 0.2956, 1.1811 -1.0236 0.3013, 1.1811 -1.0258 0.2919, 1.1811 -1.0247 0.2959
            ]
        }
        coordIndex [
            0,1,2,-1,2,1,3,-1,4,5,0,-1,0,5,6,-1,0,6,1,-1,1,6,7,-1,4,8,5,-1,5,8,9,-1,5,9,10,-1,10,9,11,-1,10,11,12,-1,12,13,10,-1,10,13,2,-1,10,2,14,-1,14,2,3,-1,14,3,15,-1,10,14,16,-1,16,14,17,-1,5,10,18,-1,18,10,16,-1,6,5,19,-1,19,5,18,-1,7,6,20,-1,20,6,19,-1,1,7,21,-1,21,7,20,-1,3,1,22,-1,22,1,21,-1,15,3,23,-1,23,3,22,-1,14,15,17,-1,17,15,23,-1,0,2,24,-1,24,2,25,-1,2,13,25,-1,25,13,26,-1,11,27,28,-1,11,28,12,-1,12,28,26,-1,12,26,13,-1,11,9,27,-1,27,9,29,-1,4,30,31,-1,4,31,8,-1,8,31,29,-1,8,29,9,-1,4,0,30,-1,30,0,24,-1,
        ]
    }
}
Shape{
    appearance Appearance {
        material  Material 	{
            diffuseColor 0.25098039215686274 0.25098039215686274 0.25098039215686274
            specularColor 0.12549019607843137 0.12549019607843137 0.12549019607843137
            ambientIntensity 0.251
            transparency 0.0
            shininess 0.5
        }
    }
    geometry IndexedFaceSet {
        ccw TRUE
        solid FALSE
        coord DEF co Coordinate {
            point [
                1.1811 -1.0232 0.3013, 1.1811 -1.0236 0.3013, 1.1811 -1.0221 0.2956, 1.1811 -1.0247 0.2959, 1.1811 -1.0211 0.2919, 1.1811 -1.0258 0.2919, 1.1811 -1.001 0.2365, 1.1811 -1.0458 0.2365
            ]
        }
        coordIndex [
            0,1,2,-1,2,1,3,-1,2,3,4,-1,4,3,5,-1,4,5,6,-1,6,5,7,-1,
        ]
    }
}
Shape{
    appearance Appearance {
        material  Material 	{
            diffuseColor 1.0 1.0 1.0
            specularColor 0.5019607843137255 0.5019607843137255 0.5019607843137255
            ambientIntensity 1.0
            transparency 0.0
            shininess 0.5
        }
    }
    geometry IndexedFaceSet {
        ccw TRUE
        solid FALSE
        coord DEF co Coordinate {
            point [
                1.1815 -2.2551 0.166, 1.1815 -2.241 0.1486, 1.1815 -2.2636 0.2499, 1.1815 -2.28 0.4148, 1.1815 -2.2589 0.426, 1.1815 -2.2612 0.4851, 1.1815 -2.0968 0.1623, 1.1815 -2.0856 0.1835, 1.1815 -2.0801 0.2069, 1.1815 -2.2266 0.489, 1.1815 -1.9467 0.2964, 1.1815 -1.9761 0.3467, 1.1815 -2.0796 0.2262, 1.1815 -2.1033 0.2803, 1.1815 -2.0796 0.2167, 1.1815 -2.1303 0.1328, 1.1815 -2.1114 0.1459, 1.1815 -2.199 0.1873, 1.1815 -2.1912 0.1823, 1.1815 -2.2224 0.1346, 1.1815 -2.1823 0.1794, 1.1815 -2.1137 0.4922, 1.1815 -2.1401 0.5431, 1.1815 -2.1631 0.5289, 1.1815 -2.2843 0.2626, 1.1815 -2.2798 0.191, 1.1815 -2.2646 0.1863, 1.1815 -1.9154 0.3903, 1.1815 -1.9078 0.3903, 1.1815 -1.8689 0.4416, 1.1815 -1.8898 0.3881, 1.1815 -1.8642 0.44, 1.1815 -1.8732 0.3817, 1.1815 -1.836 0.4259, 1.1815 -1.8102 0.4042, 1.1815 -2.1401 0.4728, 1.1815 -2.1854 0.5098, 1.1815 -2.1613 0.4473, 1.1815 -2.2048 0.4871, 1.1815 -2.1754 0.4178, 1.1815 -2.2354 0.4316, 1.1815 -2.2257 0.4321, 1.1815 -2.2157 0.4884, 1.1815 -2.2036 0.4294, 1.1815 -2.1823 0.4216, 1.1815 -2.212 0.2103, 1.1815 -2.2096 0.2016, 1.1815 -2.2053 0.194, 1.1815 -2.2005 0.1254, 1.1815 -2.1781 0.1219, 1.1815 -2.1754 0.1787, 1.1815 -2.1744 0.1218, 1.1815 -2.1671 0.1797, 1.1815 -2.1515 0.1246, 1.1815 -2.1588 0.1827, 1.1815 -2.1514 0.1876, 1.1815 -2.1452 0.1944, 1.1815 -1.8101 0.2271, 1.1815 -1.8544 0.2647, 1.1815 -1.836 0.2052, 1.1815 -1.8684 0.2533, 1.1815 -1.865 0.1911, 1.1815 -1.8852 0.2455, 1.1815 -1.8964 0.1844, 1.1815 -1.9021 0.2423, 1.1815 -1.9524 0.1844, 1.1815 -1.9448 0.2423, 1.1815 -1.9578 0.1853, 1.1815 -2.3013 0.2801, 1.1815 -2.3405 0.2319, 1.1815 -2.3136 0.2085, 1.1815 -2.3177 0.3601, 1.1815 -2.38 0.3451, 1.1815 -2.3206 0.3372, 1.1815 -2.3803 0.3353, 1.1815 -2.3194 0.3227, 1.1815 -2.3764 0.3009, 1.1815 -2.3127 0.2995, 1.1815 -2.3635 0.2654, 1.1815 -2.3432 0.235, 1.1815 -2.1407 0.2288, 1.1815 -2.1386 0.22, 1.1815 -2.1386 0.2117, 1.1815 -2.1408 0.2026, 1.1815 -1.8585 0.3715, 1.1815 -1.8475 0.3591, 1.1815 -1.7909 0.3772, 1.1815 -1.8387 0.3428, 1.1815 -1.7793 0.3482, 1.1815 -1.8343 0.3245, 1.1815 -1.775 0.3173, 1.1815 -1.8338 0.3163, 1.1815 -1.7794 0.2832, 1.1815 -1.8361 0.2979, 1.1815 -1.7914 0.2532, 1.1815 -1.8426 0.281, 1.1815 -1.8531 0.2662, 1.1815 -1.9202 0.5165, 1.1815 -1.9563 0.472, 1.1815 -1.8892 0.4809, 1.1815 -1.9352 0.4462, 1.1815 -1.9208 0.4155, 1.1815 -2.2966 0.4721, 1.1815 -2.3283 0.4505, 1.1815 -2.2965 0.4002, 1.1815 -2.3357 0.4435, 1.1815 -2.3096 0.3813, 1.1815 -2.3572 0.4164, 1.1815 -2.3729 0.3826, 1.1815 -2.0963 0.56, 1.1815 -2.0826 0.5046, 1.1815 -2.0492 0.5659, 1.1815 -2.0482 0.5089, 1.1815 -2.0101 0.5617, 1.1815 -2.0165 0.5051, 1.1815 -1.9625 0.545, 1.1815 -1.9867 0.4938, 1.1815 -1.96 0.4754, 1.1815 -2.2122 0.2196, 1.1815 -2.2101 0.2287, 1.1815 -2.2531 0.2703, 1.1815 -2.2057 0.237, 1.1815 -2.2374 0.2883, 1.1815 -2.1995 0.2438, 1.1815 -2.218 0.3017, 1.1815 -2.192 0.2488, 1.1815 -2.1971 0.3097, 1.1815 -2.1836 0.2518, 1.1815 -2.1744 0.3125, 1.1815 -2.1754 0.2527, 1.1815 -2.1629 0.3118, 1.1815 -2.1673 0.2518, 1.1815 -2.14 0.3061, 1.1815 -2.1585 0.2486, 1.1815 -2.1198 0.2953, 1.1815 -2.1509 0.2434, 1.1815 -2.1448 0.2366, 1.1815 -1.9496 0.2432, 1.1815 -1.9724 0.1944, 1.1815 -1.9702 0.1921, 1.1815 -1.9468 0.2426, 1.1815 -1.964 0.1878, 1.1815 -1.9799 0.2138, 1.1815 -1.979 0.2068, 1.1815 -1.9765 0.2003, 1.1815 -1.9577 0.2423, 1.1815 -1.9643 0.2398, 1.1815 -1.9797 0.2172, 1.1815 -1.9701 0.2357, 1.1815 -1.9744 0.2309, 1.1815 -1.978 0.2244, 1.1815 -1.9505 0.2433, 1.1811 -1.775 0.3173, 1.1811 -1.7793 0.3482, 1.1811 -1.804 0.3955, 1.1811 -1.7826 0.3563, 1.1811 -1.7909 0.3772, 1.1811 -1.8102 0.4042, 1.1811 -1.836 0.4259, 1.1811 -1.8642 0.44, 1.1811 -1.8689 0.4416, 1.1811 -1.8892 0.4809, 1.1811 -1.9202 0.5165, 1.1811 -1.942 0.5312, 1.1811 -1.9625 0.545, 1.1811 -2.0101 0.5617, 1.1811 -2.0492 0.5659, 1.1811 -2.1631 0.5289, 1.1811 -2.1593 0.5312, 1.1811 -2.1401 0.5431, 1.1811 -2.0963 0.56, 1.1811 -2.1854 0.5098, 1.1811 -2.2048 0.4871, 1.1811 -2.2157 0.4884, 1.1811 -2.2266 0.489, 1.1811 -2.2612 0.4851, 1.1811 -2.2966 0.4721, 1.1811 -2.3283 0.4505, 1.1811 -2.3357 0.4435, 1.1811 -2.3803 0.3353, 1.1811 -2.3572 0.4164, 1.1811 -2.3669 0.3955, 1.1811 -2.3729 0.3826, 1.1811 -2.3779 0.3563, 1.1811 -2.38 0.3451, 1.1811 -2.3764 0.3009, 1.1811 -2.3635 0.2654, 1.1811 -2.3432 0.235, 1.1811 -2.3405 0.2319, 1.1811 -2.3136 0.2085, 1.1811 -2.2798 0.191, 1.1811 -2.2646 0.1863, 1.1811 -2.2634 0.1838, 1.1811 -2.2551 0.166, 1.1811 -2.241 0.1486, 1.1811 -2.2224 0.1346, 1.1811 -2.2137 0.1309, 1.1811 -2.2005 0.1254, 1.1811 -2.1781 0.1219, 1.1811 -2.1744 0.1218, 1.1811 -2.0796 0.2167, 1.1811 -2.1515 0.1246, 1.1811 -2.1352 0.1309, 1.1811 -2.1303 0.1328, 1.1811 -2.1114 0.1459, 1.1811 -2.0968 0.1623, 1.1811 -2.0856 0.1835, 1.1811 -2.0855 0.1838, 1.1811 -2.0801 0.2069, 1.1811 -2.0796 0.2262, 1.1811 -1.9467 0.2964, 1.1811 -1.9761 0.3467, 1.1811 -2.1033 0.2803, 1.1811 -2.1198 0.2953, 1.1811 -2.14 0.3061, 1.1811 -2.1629 0.3118, 1.1811 -2.1744 0.3125, 1.1811 -2.1971 0.3097, 1.1811 -2.218 0.3017, 1.1811 -2.2374 0.2883, 1.1811 -2.2531 0.2703, 1.1811 -2.2636 0.2499, 1.1811 -2.2843 0.2626, 1.1811 -2.3013 0.2801, 1.1811 -2.3127 0.2995, 1.1811 -2.3194 0.3227, 1.1811 -2.3206 0.3372, 1.1811 -2.3182 0.3563, 1.1811 -2.3177 0.3601, 1.1811 -2.3096 0.3813, 1.1811 -2.2998 0.3955, 1.1811 -2.2965 0.4002, 1.1811 -2.28 0.4148, 1.1811 -2.2589 0.426, 1.1811 -2.2354 0.4316, 1.1811 -2.2257 0.4321, 1.1811 -2.2036 0.4294, 1.1811 -2.1823 0.4216, 1.1811 -2.1754 0.4178, 1.1811 -2.1613 0.4473, 1.1811 -2.1401 0.4728, 1.1811 -2.1137 0.4922, 1.1811 -2.0826 0.5046, 1.1811 -2.0482 0.5089, 1.1811 -1.9154 0.3903, 1.1811 -1.9165 0.3955, 1.1811 -1.9208 0.4155, 1.1811 -1.9352 0.4462, 1.1811 -1.9563 0.472, 1.1811 -1.96 0.4754, 1.1811 -1.9867 0.4938, 1.1811 -2.0165 0.5051, 1.1811 -1.9078 0.3903, 1.1811 -1.8898 0.3881, 1.1811 -1.8732 0.3817, 1.1811 -1.8585 0.3715, 1.1811 -1.8475 0.3591, 1.1811 -1.846 0.3563, 1.1811 -1.8387 0.3428, 1.1811 -1.8343 0.3245, 1.1811 -1.8338 0.3163, 1.1811 -1.8361 0.2979, 1.1811 -1.8426 0.281, 1.1811 -1.8531 0.2662, 1.1811 -1.8544 0.2647, 1.1811 -1.8684 0.2533, 1.1811 -1.8852 0.2455, 1.1811 -1.9021 0.2423, 1.1811 -1.9448 0.2423, 1.1811 -1.9468 0.2426, 1.1811 -1.9496 0.2432, 1.1811 -1.9505 0.2433, 1.1811 -1.9577 0.2423, 1.1811 -1.9643 0.2398, 1.1811 -1.9701 0.2357, 1.1811 -1.9744 0.2309, 1.1811 -1.978 0.2244, 1.1811 -1.9797 0.2172, 1.1811 -1.9799 0.2138, 1.1811 -1.979 0.2068, 1.1811 -1.9765 0.2003, 1.1811 -1.9724 0.1944, 1.1811 -1.9702 0.1921, 1.1811 -1.964 0.1878, 1.1811 -1.9578 0.1853, 1.1811 -1.9524 0.1844, 1.1811 -1.8964 0.1844, 1.1811 -1.865 0.1911, 1.1811 -1.836 0.2052, 1.1811 -1.8101 0.2271, 1.1811 -1.7914 0.2532, 1.1811 -1.7794 0.2832, 1.1811 -2.1754 0.2527, 1.1811 -2.1673 0.2518, 1.1811 -2.1585 0.2486, 1.1811 -2.1509 0.2434, 1.1811 -2.1448 0.2366, 1.1811 -2.1407 0.2288, 1.1811 -2.1386 0.22, 1.1811 -2.1386 0.2117, 1.1811 -2.1408 0.2026, 1.1811 -2.1452 0.1944, 1.1811 -2.1514 0.1876, 1.1811 -2.1588 0.1827, 1.1811 -2.1671 0.1797, 1.1811 -2.1754 0.1787, 1.1811 -2.1823 0.1794, 1.1811 -2.1912 0.1823, 1.1811 -2.199 0.1873, 1.1811 -2.2053 0.194, 1.1811 -2.2096 0.2016, 1.1811 -2.212 0.2103, 1.1811 -2.2122 0.2196, 1.1811 -2.2101 0.2287, 1.1811 -2.2057 0.237, 1.1811 -2.1995 0.2438, 1.1811 -2.192 0.2488, 1.1811 -2.1836 0.2518
            ]
        }
        coordIndex [
            0,1,2,-1,3,4,5,-1,6,7,8,-1,5,4,9,-1,10,11,12,-1,12,11,13,-1,12,13,14,-1,14,13,15,-1,14,15,8,-1,8,15,16,-1,8,16,6,-1,17,1,18,-1,18,1,19,-1,18,19,20,-1,21,22,23,-1,24,25,2,-1,2,25,26,-1,2,26,0,-1,27,28,29,-1,29,28,30,-1,29,30,31,-1,31,30,32,-1,31,32,33,-1,33,32,34,-1,21,23,35,-1,35,23,36,-1,35,36,37,-1,37,36,38,-1,37,38,39,-1,4,40,9,-1,9,40,41,-1,9,41,42,-1,42,41,43,-1,42,43,38,-1,38,43,44,-1,38,44,39,-1,45,2,46,-1,46,2,1,-1,46,1,47,-1,47,1,17,-1,19,48,20,-1,20,48,49,-1,20,49,50,-1,50,49,51,-1,50,51,52,-1,52,51,53,-1,52,53,54,-1,54,53,15,-1,54,15,55,-1,55,15,56,-1,57,58,59,-1,59,58,60,-1,59,60,61,-1,61,60,62,-1,61,62,63,-1,63,62,64,-1,63,64,65,-1,65,64,66,-1,65,66,67,-1,68,69,24,-1,24,69,70,-1,24,70,25,-1,71,72,73,-1,73,72,74,-1,73,74,75,-1,75,74,76,-1,75,76,77,-1,77,76,78,-1,77,78,68,-1,68,78,79,-1,68,79,69,-1,80,81,13,-1,13,81,82,-1,13,82,15,-1,15,82,83,-1,15,83,56,-1,32,84,34,-1,34,84,85,-1,34,85,86,-1,86,85,87,-1,86,87,88,-1,88,87,89,-1,88,89,90,-1,90,89,91,-1,90,91,92,-1,92,91,93,-1,92,93,94,-1,94,93,95,-1,94,95,57,-1,57,95,96,-1,57,96,58,-1,97,98,99,-1,99,98,100,-1,99,100,29,-1,29,100,101,-1,29,101,27,-1,5,102,3,-1,3,102,103,-1,3,103,104,-1,104,103,105,-1,104,105,106,-1,106,105,107,-1,106,107,71,-1,71,107,108,-1,71,108,72,-1,22,21,109,-1,109,21,110,-1,109,110,111,-1,111,110,112,-1,111,112,113,-1,113,112,114,-1,113,114,115,-1,115,114,116,-1,115,116,97,-1,97,116,117,-1,97,117,98,-1,45,118,2,-1,2,118,119,-1,2,119,120,-1,120,119,121,-1,120,121,122,-1,122,121,123,-1,122,123,124,-1,124,123,125,-1,124,125,126,-1,126,125,127,-1,126,127,128,-1,128,127,129,-1,128,129,130,-1,130,129,131,-1,130,131,132,-1,132,131,133,-1,132,133,134,-1,134,133,135,-1,134,135,13,-1,13,135,136,-1,13,136,80,-1,137,138,139,-1,66,140,67,-1,67,140,137,-1,67,137,141,-1,141,137,139,-1,142,143,137,-1,137,143,144,-1,137,144,138,-1,145,146,147,-1,146,148,147,-1,147,148,149,-1,147,149,150,-1,142,137,147,-1,147,137,151,-1,147,151,145,-1,90,152,153,-1,154,34,86,-1,90,153,88,-1,88,153,155,-1,88,155,86,-1,86,155,156,-1,86,156,154,-1,154,157,34,-1,34,157,158,-1,34,158,33,-1,33,158,159,-1,33,159,31,-1,31,159,160,-1,31,160,29,-1,29,160,161,-1,29,161,99,-1,99,161,162,-1,99,162,97,-1,115,97,163,-1,163,97,162,-1,163,164,115,-1,115,164,165,-1,115,165,113,-1,113,165,166,-1,113,166,111,-1,167,23,168,-1,168,23,22,-1,168,22,169,-1,169,22,109,-1,169,109,170,-1,170,109,111,-1,170,111,166,-1,23,167,171,-1,23,171,36,-1,36,171,172,-1,36,172,38,-1,38,172,173,-1,38,173,42,-1,42,173,174,-1,42,174,9,-1,9,174,175,-1,9,175,5,-1,5,175,176,-1,5,176,102,-1,102,176,177,-1,102,177,103,-1,103,177,178,-1,103,178,105,-1,179,74,72,-1,105,178,180,-1,105,180,107,-1,107,180,181,-1,107,181,108,-1,181,182,108,-1,108,182,183,-1,108,183,72,-1,72,183,184,-1,72,184,179,-1,74,179,185,-1,74,185,76,-1,76,185,186,-1,76,186,78,-1,78,186,187,-1,78,187,79,-1,79,187,188,-1,79,188,69,-1,69,188,189,-1,69,189,70,-1,70,189,190,-1,70,190,25,-1,25,190,191,-1,25,191,26,-1,26,191,192,-1,26,192,0,-1,192,193,0,-1,0,193,194,-1,0,194,1,-1,1,194,195,-1,1,195,19,-1,19,195,196,-1,19,196,48,-1,196,197,48,-1,48,197,198,-1,48,198,49,-1,49,198,199,-1,49,199,51,-1,200,14,8,-1,51,199,201,-1,51,201,53,-1,53,201,202,-1,53,202,15,-1,202,203,15,-1,15,203,204,-1,15,204,16,-1,16,204,205,-1,16,205,6,-1,6,205,206,-1,6,206,7,-1,7,206,207,-1,7,207,8,-1,8,207,208,-1,8,208,200,-1,12,14,209,-1,209,14,200,-1,10,12,210,-1,210,12,209,-1,11,10,211,-1,211,10,210,-1,13,11,212,-1,212,11,211,-1,13,212,213,-1,13,213,134,-1,134,213,214,-1,134,214,132,-1,132,214,215,-1,132,215,130,-1,130,215,216,-1,130,216,128,-1,128,216,217,-1,128,217,126,-1,126,217,218,-1,126,218,124,-1,124,218,219,-1,124,219,122,-1,122,219,220,-1,122,220,120,-1,120,220,221,-1,120,221,2,-1,2,221,222,-1,2,222,24,-1,24,222,223,-1,24,223,68,-1,68,223,224,-1,68,224,77,-1,77,224,225,-1,77,225,75,-1,75,225,226,-1,75,226,73,-1,71,73,227,-1,227,73,226,-1,227,228,71,-1,71,228,229,-1,71,229,106,-1,106,229,230,-1,106,230,104,-1,230,231,104,-1,104,231,232,-1,104,232,3,-1,3,232,233,-1,3,233,4,-1,4,233,234,-1,4,234,40,-1,40,234,235,-1,40,235,41,-1,41,235,236,-1,41,236,43,-1,43,236,237,-1,43,237,44,-1,44,237,238,-1,44,238,39,-1,39,238,239,-1,39,239,37,-1,37,239,240,-1,37,240,35,-1,35,240,241,-1,35,241,21,-1,21,241,242,-1,21,242,110,-1,110,242,243,-1,110,243,112,-1,244,27,245,-1,245,27,101,-1,245,101,246,-1,246,101,100,-1,246,100,247,-1,247,100,98,-1,247,98,248,-1,248,98,117,-1,248,117,249,-1,249,117,116,-1,249,116,250,-1,250,116,114,-1,250,114,251,-1,251,114,112,-1,251,112,243,-1,28,27,252,-1,252,27,244,-1,28,252,253,-1,28,253,30,-1,30,253,254,-1,30,254,32,-1,32,254,255,-1,32,255,84,-1,84,255,256,-1,84,256,85,-1,85,256,257,-1,85,257,87,-1,257,258,87,-1,87,258,259,-1,87,259,89,-1,89,259,260,-1,89,260,91,-1,91,260,261,-1,91,261,93,-1,93,261,262,-1,93,262,95,-1,95,262,263,-1,95,263,96,-1,96,263,264,-1,96,264,58,-1,58,264,265,-1,58,265,60,-1,60,265,266,-1,60,266,62,-1,62,266,267,-1,62,267,64,-1,66,64,268,-1,268,64,267,-1,66,268,269,-1,66,269,140,-1,140,269,270,-1,140,270,137,-1,137,270,271,-1,137,271,151,-1,151,271,272,-1,151,272,145,-1,145,272,273,-1,145,273,146,-1,146,273,274,-1,146,274,148,-1,148,274,275,-1,148,275,149,-1,149,275,276,-1,149,276,150,-1,150,276,277,-1,150,277,147,-1,147,277,278,-1,147,278,142,-1,142,278,279,-1,142,279,143,-1,143,279,280,-1,143,280,144,-1,144,280,281,-1,144,281,138,-1,138,281,282,-1,138,282,139,-1,139,282,283,-1,139,283,141,-1,141,283,284,-1,141,284,67,-1,67,284,285,-1,67,285,65,-1,63,65,286,-1,286,65,285,-1,63,286,287,-1,63,287,61,-1,61,287,288,-1,61,288,59,-1,59,288,289,-1,59,289,57,-1,57,289,290,-1,57,290,94,-1,94,290,291,-1,94,291,92,-1,92,291,152,-1,92,152,90,-1,129,292,293,-1,129,293,131,-1,131,293,294,-1,131,294,133,-1,133,294,295,-1,133,295,135,-1,135,295,296,-1,135,296,136,-1,136,296,297,-1,136,297,80,-1,80,297,298,-1,80,298,81,-1,81,298,299,-1,81,299,82,-1,82,299,300,-1,82,300,83,-1,83,300,301,-1,83,301,56,-1,56,301,302,-1,56,302,55,-1,55,302,303,-1,55,303,54,-1,54,303,304,-1,54,304,52,-1,52,304,305,-1,52,305,50,-1,50,305,306,-1,50,306,20,-1,20,306,307,-1,20,307,18,-1,18,307,308,-1,18,308,17,-1,17,308,309,-1,17,309,47,-1,47,309,310,-1,47,310,46,-1,46,310,311,-1,46,311,45,-1,45,311,312,-1,45,312,118,-1,118,312,313,-1,118,313,119,-1,119,313,314,-1,119,314,121,-1,121,314,315,-1,121,315,123,-1,123,315,316,-1,123,316,125,-1,125,316,317,-1,125,317,127,-1,127,317,292,-1,127,292,129,-1,
        ]
    }
}
Shape{
    appearance Appearance {
        material  Material 	{
            diffuseColor 0.25098039215686274 0.25098039215686274 0.25098039215686274
            specularColor 0.12549019607843137 0.12549019607843137 0.12549019607843137
            ambientIntensity 0.251
            transparency 0.0
            shininess 0.5
        }
    }
    geometry IndexedFaceSet {
        ccw TRUE
        solid FALSE
        coord DEF co Coordinate {
            point [
                1.1811 -2.1823 0.1794, 1.1811 -2.1754 0.1787, 1.1811 -2.1754 0.2527, 1.1811 -2.1588 0.1827, 1.1811 -2.1386 0.2117, 1.1811 -2.1671 0.1797, 1.1811 -2.1386 0.22, 1.1811 -2.1407 0.2288, 1.1811 -2.1448 0.2366, 1.1811 -2.1509 0.2434, 1.1811 -2.192 0.2488, 1.1811 -2.2053 0.194, 1.1811 -2.199 0.1873, 1.1811 -2.1585 0.2486, 1.1811 -2.1673 0.2518, 1.1811 -2.2096 0.2016, 1.1811 -2.1995 0.2438, 1.1811 -2.212 0.2103, 1.1811 -2.1836 0.2518, 1.1811 -2.1912 0.1823, 1.1811 -2.1514 0.1876, 1.1811 -2.1452 0.1944, 1.1811 -2.1408 0.2026, 1.1811 -2.2122 0.2196, 1.1811 -2.2057 0.237, 1.1811 -2.2101 0.2287
            ]
        }
        coordIndex [
            0,1,2,-1,3,4,5,-1,5,4,6,-1,5,6,1,-1,6,7,1,-1,1,7,8,-1,1,8,9,-1,10,11,12,-1,9,13,1,-1,1,13,14,-1,1,14,2,-1,11,10,15,-1,15,10,16,-1,15,16,17,-1,2,18,0,-1,0,18,10,-1,0,10,19,-1,19,10,12,-1,3,20,4,-1,4,20,21,-1,4,21,22,-1,17,16,23,-1,23,16,24,-1,23,24,25,-1,
        ]
    }
}