#VRML V2.0 utf8
# 3D model generated by easyeda2kicad.py (https://github.com/uPesy/easyeda2kicad.py)

Shape{
    appearance Appearance {
        material  Material 	{
            diffuseColor 1.0 1.0 1.0
            specularColor 0.5019607843137255 0.5019607843137255 0.5019607843137255
            ambientIntensity 1.0
            transparency 0.0
            shininess 0.5
        }
    }
    geometry IndexedFaceSet {
        ccw TRUE
        solid FALSE
        coord DEF co Coordinate {
            point [
                1.311 -1.0941 -1.4609, 1.1592 -1.0941 -1.419, 1.5051 -1.0941 -0.7577, 1.3533 -1.0941 -0.7158, 1.5121 -1.0941 -0.7107, 1.3547 -1.0941 -0.7064, 1.5077 -1.0941 -0.6634, 1.3538 -1.0941 -0.6969, 1.492 -1.0941 -0.6186, 1.3507 -1.0941 -0.688, 1.4661 -1.0941 -0.5788, 1.3455 -1.0941 -0.68, 1.3256 -1.0941 -0.4113, 1.2049 -1.0941 -0.5125, 1.3005 -1.0941 -0.3731, 1.1597 -1.0941 -0.4438, 1.2848 -1.0941 -0.3301, 1.1316 -1.0941 -0.3665, 1.2795 -1.0941 -0.2847, 1.122 -1.0941 -0.2847, 1.2795 -1.0941 0.1575, 1.122 -1.0941 0.1575, 1.2795 -1.6059 0.1575, 1.122 -1.6059 0.1575, 1.2795 -1.6059 -0.2847, 1.122 -1.6059 -0.2847, 1.2848 -1.6059 -0.3301, 1.1316 -1.6059 -0.3665, 1.3005 -1.6059 -0.3731, 1.1597 -1.6059 -0.4438, 1.3256 -1.6059 -0.4113, 1.2049 -1.6059 -0.5125, 1.4661 -1.6059 -0.5788, 1.3455 -1.6059 -0.68, 1.492 -1.6059 -0.6186, 1.3507 -1.6059 -0.688, 1.5077 -1.6059 -0.6634, 1.3538 -1.6059 -0.6969, 1.5121 -1.6059 -0.7107, 1.3547 -1.6059 -0.7064, 1.5051 -1.6059 -0.7577, 1.3533 -1.6059 -0.7158, 1.311 -1.6059 -1.4609, 1.1592 -1.6059 -1.419, 1.2795 2.1343 -1.4567, 1.2795 2.1343 0.1575, 1.122 2.1343 -1.4567, 1.122 2.1343 0.1575, -1.0531 -3.1827 4.0595, -1.0531 -3.1807 4.0748, -1.0531 -3.2398 2.8346, -1.0531 -3.2398 2.1654, -1.0531 -4.5952 2.1654, -1.0531 -4.5952 2.7165, -1.0531 -2.6295 2.4803, -1.0531 0.9903 5.1203, -1.0531 -2.6295 1.7115, -1.0531 2.7642 3.3465, -1.0531 2.7642 1.7115, -1.0531 -3.1827 4.7594, -1.0531 -3.1807 4.7441, -1.0531 -3.1827 4.7288, -1.0531 -3.1827 2.1216, -1.0531 -3.1886 2.1358, -1.0531 -3.0232 2.4803, -1.0531 -3.2245 2.7186, -1.0531 -3.2102 2.7245, -1.0531 -3.198 2.7338, -1.0531 -3.1886 2.7461, -1.0531 -3.1827 2.7603, -1.0531 -3.1807 2.1063, -1.0531 -3.198 2.1481, -1.0531 -3.2102 2.1574, -1.0531 -3.2245 2.1633, -1.0531 -3.1886 4.7736, -1.0531 -3.198 4.7859, -1.0531 -3.2102 4.7952, -1.0531 -5.4248 4.8032, -1.0531 -6.1728 5.1203, -1.0531 -3.2398 4.8032, -1.0531 -3.2245 4.8011, -1.0531 -5.5429 2.1654, -1.0531 -5.5389 2.1348, -1.0531 -6.1728 1.7301, -1.0531 -5.5271 2.1063, -1.0531 -5.5083 2.0818, -1.0531 -5.4839 2.0631, -1.0531 -3.2398 2.7165, -1.0531 -3.2245 4.6871, -1.0531 -3.2102 4.693, -1.0531 -3.198 4.7023, -1.0531 -3.1886 4.7146, -1.0531 -3.2245 4.0178, -1.0531 -3.2102 4.0237, -1.0531 -3.1827 2.091, -1.0531 -3.0232 1.7301, -1.0531 -3.1886 2.0768, -1.0531 -3.198 4.1166, -1.0531 -3.2102 4.1259, -1.0531 -5.4554 4.7991, -1.0531 -5.4839 4.7873, -1.0531 -5.5083 4.7686, -1.0531 -5.4839 2.8188, -1.0531 -5.5083 2.8001, -1.0531 -3.198 4.033, -1.0531 -3.1886 4.0453, -1.0531 -3.2245 2.0493, -1.0531 -3.2102 2.0552, -1.0531 -3.198 2.0645, -1.0531 -3.1886 2.8051, -1.0531 -3.198 2.8174, -1.0531 -5.5271 4.7441, -1.0531 -5.5389 4.7156, -1.0531 -5.5429 4.685, -1.0531 -5.5271 2.7756, -1.0531 -5.5389 2.7471, -1.0531 -5.5429 2.7165, -1.0531 -5.4554 2.0513, -1.0531 -5.4248 2.0472, -1.0531 -3.2398 2.0472, -1.0531 -3.2102 2.8267, -1.0531 -3.2245 2.8326, -1.0531 -5.5429 4.1339, -1.0531 -5.5389 4.1033, -1.0531 -5.5271 4.0748, -1.0531 -5.5083 4.0503, -1.0531 -3.2398 4.1339, -1.0531 -4.5952 4.1339, -1.0531 -4.5952 4.685, -1.0531 -5.4839 4.0316, -1.0531 -5.4554 4.0198, -1.0531 -5.4554 2.8306, -1.0531 -5.4248 4.0158, -1.0531 -5.4248 2.8346, -1.0531 -3.2245 4.1318, -1.0531 -3.2398 4.685, -1.0531 -3.1807 2.7756, -1.0531 -3.1827 2.7909, -1.0531 -3.1827 4.0901, -1.0531 -3.1886 4.1043, -1.0531 -3.2398 4.0158, 1.0531 -3.1827 4.0595, 1.0531 -3.1886 4.0453, 1.0531 -3.0232 2.4803, 1.0531 -3.2245 4.0178, 1.0531 -3.2398 4.0158, 1.0531 -3.0232 0.8661, 1.0531 2.7642 2.1052, 1.0531 2.7642 3.3465, 1.0531 2.6461 2.1052, 1.0531 0.1264 5.9843, 1.0531 -3.1807 4.7441, 1.0531 -3.2102 4.1259, 1.0531 -3.198 4.1166, 1.0531 -3.198 4.033, 1.0531 -3.2102 4.0237, 1.0531 -2.3933 2.1052, 1.0531 -2.3424 2.0985, 1.0531 -3.2245 4.1318, 1.0531 -3.1827 4.7288, 1.0531 -3.2398 4.1339, 1.0531 -3.1886 4.7146, 1.0531 -3.198 4.7023, 1.0531 -3.2102 4.693, 1.0531 -3.1886 2.7461, 1.0531 -3.198 2.7338, 1.0531 -3.2398 2.1654, 1.0531 -3.2102 2.7245, 1.0531 -5.4554 2.0513, 1.0531 -5.4839 2.0631, 1.0531 -6.1728 0.8661, 1.0531 -2.4327 2.1052, 1.0531 -3.1886 4.1043, 1.0531 -3.1827 4.0901, 1.0531 -3.1807 4.0748, 1.0531 -3.1827 2.091, 1.0531 -3.1886 2.0768, 1.0531 -3.198 2.0645, 1.0531 -3.2102 2.0552, 1.0531 -2.1965 1.7115, 1.0531 2.6461 1.7115, 1.0531 -2.1965 1.9083, 1.0531 -2.2032 1.9593, 1.0531 -5.5083 2.0818, 1.0531 -5.5271 2.1063, 1.0531 -5.5389 2.1348, 1.0531 -2.2949 2.0788, 1.0531 -2.2541 2.0475, 1.0531 -2.2228 2.0068, 1.0531 -4.5952 4.685, 1.0531 -4.5952 4.1339, 1.0531 -3.2398 4.685, 1.0531 -3.2245 4.6871, 1.0531 -4.5952 2.7165, 1.0531 -4.5952 2.1654, 1.0531 -3.2398 2.7165, 1.0531 -3.2245 2.7186, 1.0531 -3.2245 2.0493, 1.0531 -3.2398 2.0472, 1.0531 -5.4248 2.0472, 1.0531 -3.2245 2.8326, 1.0531 -3.2102 2.8267, 1.0531 -3.198 2.8174, 1.0531 -3.1886 2.8051, 1.0531 -3.1827 2.7603, 1.0531 -3.2245 2.1633, 1.0531 -3.1807 2.7756, 1.0531 -3.2102 2.1574, 1.0531 -3.198 2.1481, 1.0531 -2.6228 2.2511, 1.0531 -2.6032 2.2036, 1.0531 -2.5719 2.1628, 1.0531 -5.5389 2.7471, 1.0531 -6.1728 5.9843, 1.0531 -5.5429 2.7165, 1.0531 -5.5429 2.1654, 1.0531 -5.4839 4.0316, 1.0531 -5.5083 4.0503, 1.0531 -5.4839 2.8188, 1.0531 -5.5429 4.685, 1.0531 -5.5389 4.7156, 1.0531 -3.2245 4.8011, 1.0531 -3.2102 4.7952, 1.0531 -3.198 4.7859, 1.0531 -3.1886 4.7736, 1.0531 -3.1827 4.7594, 1.0531 -2.6295 2.4803, 1.0531 -5.5389 4.1033, 1.0531 -5.5271 2.7756, 1.0531 -5.5083 2.8001, 1.0531 -5.5271 4.0748, 1.0531 -5.5271 4.7441, 1.0531 -5.5083 4.7686, 1.0531 -5.4839 4.7873, 1.0531 -2.6295 2.302, 1.0531 -2.4836 2.1119, 1.0531 -2.5311 2.1316, 1.0531 -5.5429 4.1339, 1.0531 -5.4554 4.7991, 1.0531 -5.4248 4.8032, 1.0531 -3.2398 4.8032, 1.0531 -3.1886 2.1358, 1.0531 -3.1827 2.1216, 1.0531 -3.1807 2.1063, 1.0531 -3.1827 2.7909, 1.0531 -5.4554 4.0198, 1.0531 -5.4554 2.8306, 1.0531 -5.4248 4.0158, 1.0531 -5.4248 2.8346, 1.0531 -3.2398 2.8346, -0.8957 -3.1886 4.7146, -0.8957 -3.198 4.7023, -0.8957 -3.0232 2.4803, -0.8957 0.9903 5.1203, -0.8957 -2.6295 2.4803, -0.8957 2.7642 3.3465, -0.8957 -2.6295 1.6893, -0.8957 2.7642 1.6893, -0.8957 -3.1886 2.1358, -0.8957 -3.198 2.1481, -0.8957 -3.2102 2.1574, -0.8957 -5.5429 4.685, -0.8957 -5.5389 4.7156, -0.8957 -6.1728 5.1203, -0.8957 -5.5271 4.7441, -0.8957 -3.2102 2.0552, -0.8957 -3.0232 1.7301, -0.8957 -3.198 2.0645, -0.8957 -3.1886 2.0768, -0.8957 -3.1886 4.1043, -0.8957 -3.198 4.1166, -0.8957 -3.2102 4.1259, -0.8957 -6.1728 1.7301, -0.8957 -5.4839 4.0316, -0.8957 -5.5083 4.0503, -0.8957 -3.2102 4.7952, -0.8957 -3.198 4.7859, -0.8957 -3.1886 4.7736, -0.8957 -3.1827 4.7594, -0.8957 -3.1807 4.7441, -0.8957 -3.1827 4.7288, -0.8957 -3.2245 2.7186, -0.8957 -3.2102 2.7245, -0.8957 -3.198 2.7338, -0.8957 -3.1886 2.7461, -0.8957 -3.1827 2.1216, -0.8957 -3.1807 2.1063, -0.8957 -3.1827 2.091, -0.8957 -3.2245 2.0493, -0.8957 -3.2398 2.0472, -0.8957 -5.4248 2.0472, -0.8957 -5.4554 2.0513, -0.8957 -5.4839 2.0631, -0.8957 -5.5083 2.0818, -0.8957 -5.5271 2.1063, -0.8957 -5.5389 2.1348, -0.8957 -5.5429 2.1654, -0.8957 -5.4839 2.8188, -0.8957 -5.4554 2.8306, -0.8957 -5.5083 4.7686, -0.8957 -5.4839 4.7873, -0.8957 -5.4554 4.7991, -0.8957 -3.2398 4.685, -0.8957 -4.5952 4.685, -0.8957 -4.5952 4.1339, -0.8957 -3.1886 4.0453, -0.8957 -3.198 4.033, -0.8957 -5.5083 2.8001, -0.8957 -3.2102 4.693, -0.8957 -3.2245 4.6871, -0.8957 -3.2245 4.1318, -0.8957 -3.2398 4.1339, -0.8957 -3.2102 4.0237, -0.8957 -3.2245 4.0178, -0.8957 -3.2398 4.0158, -0.8957 -4.5952 2.7165, -0.8957 -4.5952 2.1654, -0.8957 -3.2398 2.7165, -0.8957 -3.2398 2.1654, -0.8957 -3.2245 2.1633, -0.8957 -5.5429 2.7165, -0.8957 -5.5389 2.7471, -0.8957 -5.5271 2.7756, -0.8957 -5.5271 4.0748, -0.8957 -5.5389 4.1033, -0.8957 -5.5429 4.1339, -0.8957 -5.4248 4.8032, -0.8957 -3.2398 4.8032, -0.8957 -3.2245 4.8011, -0.8957 -3.1827 4.0901, -0.8957 -3.1807 4.0748, -0.8957 -3.1827 4.0595, -0.8957 -3.1886 2.8051, -0.8957 -3.1827 2.7909, -0.8957 -3.1807 2.7756, -0.8957 -3.1827 2.7603, -0.8957 -3.2398 2.8346, -0.8957 -3.2245 2.8326, -0.8957 -3.2102 2.8267, -0.8957 -3.198 2.8174, -0.8957 -5.4248 2.8346, -0.8957 -5.4248 4.0158, -0.8957 -5.4554 4.0198, 0.8957 -3.2398 2.1654, 0.8957 -4.5952 2.1654, 0.8957 -4.5952 2.7165, 0.8957 2.7642 3.3465, 0.8957 2.7642 2.1052, 0.8957 0.1264 5.9843, 0.8957 2.6461 2.1052, 0.8957 -3.2245 4.8011, 0.8957 -3.2398 4.8032, 0.8957 -3.0232 2.4803, 0.8957 -3.0232 0.8661, 0.8957 -3.1827 2.091, 0.8957 -3.1886 2.0768, 0.8957 -5.4839 4.7873, 0.8957 -5.5083 4.7686, 0.8957 -6.1728 5.9843, 0.8957 -3.2245 2.7186, 0.8957 -3.2102 2.7245, 0.8957 -2.6295 2.4803, 0.8957 -3.1807 2.1063, 0.8957 -3.1827 2.1216, 0.8957 -3.1886 2.1358, 0.8957 -5.4554 4.7991, 0.8957 -5.5083 2.8001, 0.8957 -5.5271 2.7756, 0.8957 -5.4839 4.0316, 0.8957 2.6461 1.6893, 0.8957 -2.1965 1.6893, 0.8957 -2.1965 1.9083, 0.8957 -2.2949 2.0788, 0.8957 -2.3424 2.0985, 0.8957 -2.3933 2.1052, 0.8957 -2.4327 2.1052, 0.8957 -3.2102 4.1259, 0.8957 -3.198 4.7023, 0.8957 -3.1886 4.7146, 0.8957 -3.198 2.1481, 0.8957 -3.2102 2.1574, 0.8957 -3.2245 2.1633, 0.8957 -2.2032 1.9593, 0.8957 -2.2228 2.0068, 0.8957 -2.2541 2.0475, 0.8957 -3.2398 2.7165, 0.8957 -3.198 2.7338, 0.8957 -3.1886 2.7461, 0.8957 -3.1827 2.7603, 0.8957 -5.5083 4.0503, 0.8957 -5.4248 4.8032, 0.8957 -5.5389 2.1348, 0.8957 -5.5271 2.1063, 0.8957 -6.1728 0.8661, 0.8957 -5.5083 2.0818, 0.8957 -5.4839 2.0631, 0.8957 -3.1807 4.0748, 0.8957 -3.1827 4.0901, 0.8957 -3.1886 4.7736, 0.8957 -3.198 4.7859, 0.8957 -3.2102 4.7952, 0.8957 -5.5271 4.7441, 0.8957 -5.5389 4.7156, 0.8957 -5.5429 4.685, 0.8957 -5.5429 4.1339, 0.8957 -5.5389 4.1033, 0.8957 -5.5271 4.0748, 0.8957 -3.2245 2.0493, 0.8957 -3.2102 2.0552, 0.8957 -3.198 2.0645, 0.8957 -2.6032 2.2036, 0.8957 -2.6228 2.2511, 0.8957 -2.5719 2.1628, 0.8957 -2.6295 2.302, 0.8957 -2.5311 2.1316, 0.8957 -2.4836 2.1119, 0.8957 -5.5389 2.7471, 0.8957 -5.5429 2.7165, 0.8957 -5.5429 2.1654, 0.8957 -5.4554 2.0513, 0.8957 -5.4248 2.0472, 0.8957 -3.2398 2.0472, 0.8957 -3.1807 2.7756, 0.8957 -4.5952 4.1339, 0.8957 -4.5952 4.685, 0.8957 -3.2398 4.1339, 0.8957 -3.2398 4.685, 0.8957 -3.2245 4.1318, 0.8957 -3.2245 4.6871, 0.8957 -3.2102 4.693, 0.8957 -3.2398 4.0158, 0.8957 -3.2245 4.0178, 0.8957 -3.2398 2.8346, 0.8957 -3.2102 4.0237, 0.8957 -3.198 4.033, 0.8957 -3.1886 4.0453, 0.8957 -3.1827 2.7909, 0.8957 -3.1886 2.8051, 0.8957 -3.198 2.8174, 0.8957 -3.1886 4.1043, 0.8957 -3.198 4.1166, 0.8957 -3.1827 4.0595, 0.8957 -3.2245 2.8326, 0.8957 -3.2102 2.8267, 0.8957 -3.1827 4.7288, 0.8957 -3.1807 4.7441, 0.8957 -3.1827 4.7594, 0.8957 -5.4248 4.0158, 0.8957 -5.4248 2.8346, 0.8957 -5.4554 4.0198, 0.8957 -5.4554 2.8306, 0.8957 -5.4839 2.8188
            ]
        }
        coordIndex [
            0,1,2,-1,2,1,3,-1,2,3,4,-1,4,3,5,-1,4,5,6,-1,6,5,7,-1,6,7,8,-1,8,7,9,-1,8,9,10,-1,10,9,11,-1,10,11,12,-1,12,11,13,-1,12,13,14,-1,14,13,15,-1,14,15,16,-1,16,15,17,-1,16,17,18,-1,18,17,19,-1,18,19,20,-1,20,19,21,-1,22,23,24,-1,24,23,25,-1,24,25,26,-1,26,25,27,-1,26,27,28,-1,28,27,29,-1,28,29,30,-1,30,29,31,-1,30,31,32,-1,32,31,33,-1,32,33,34,-1,34,33,35,-1,34,35,36,-1,36,35,37,-1,36,37,38,-1,38,37,39,-1,38,39,40,-1,40,39,41,-1,40,41,42,-1,42,41,43,-1,44,45,46,-1,46,45,47,-1,48,49,50,-1,51,52,53,-1,54,55,56,-1,56,55,57,-1,56,57,58,-1,59,55,60,-1,60,55,61,-1,62,63,64,-1,65,66,54,-1,66,67,54,-1,54,67,68,-1,54,68,69,-1,62,64,70,-1,63,71,64,-1,64,71,72,-1,64,72,73,-1,59,74,55,-1,55,74,75,-1,55,75,76,-1,77,78,79,-1,79,78,55,-1,79,55,80,-1,80,55,76,-1,81,82,83,-1,82,84,83,-1,83,84,85,-1,83,85,86,-1,73,51,64,-1,64,51,53,-1,64,53,54,-1,54,53,87,-1,54,87,65,-1,88,89,54,-1,54,89,90,-1,54,90,55,-1,55,90,91,-1,55,91,61,-1,50,92,93,-1,70,64,94,-1,94,64,95,-1,94,95,96,-1,88,97,98,-1,77,99,78,-1,78,99,100,-1,78,100,101,-1,78,102,103,-1,93,104,50,-1,50,104,105,-1,50,105,48,-1,106,107,95,-1,95,107,108,-1,95,108,96,-1,109,110,49,-1,101,111,78,-1,78,111,112,-1,78,112,113,-1,103,114,78,-1,78,114,115,-1,78,115,83,-1,83,115,116,-1,83,116,81,-1,86,117,83,-1,83,117,118,-1,83,118,95,-1,95,118,119,-1,95,119,106,-1,110,120,49,-1,49,120,121,-1,49,121,50,-1,113,122,78,-1,78,122,123,-1,78,123,102,-1,102,123,124,-1,102,124,125,-1,126,127,128,-1,125,129,102,-1,102,129,130,-1,102,130,131,-1,131,130,132,-1,131,132,133,-1,98,134,88,-1,88,134,126,-1,88,126,135,-1,135,126,128,-1,69,136,54,-1,54,136,137,-1,54,137,109,-1,109,49,54,-1,54,49,138,-1,54,138,88,-1,88,138,139,-1,88,139,97,-1,133,132,50,-1,50,132,140,-1,50,140,92,-1,141,142,143,-1,144,145,143,-1,143,145,146,-1,147,148,149,-1,149,148,150,-1,151,152,153,-1,142,154,143,-1,143,154,155,-1,143,155,144,-1,156,157,150,-1,152,151,158,-1,158,151,159,-1,158,159,160,-1,159,161,160,-1,160,161,162,-1,160,162,163,-1,164,165,166,-1,166,165,167,-1,168,169,170,-1,156,150,171,-1,153,172,151,-1,151,172,173,-1,151,173,174,-1,175,176,146,-1,146,176,177,-1,146,177,178,-1,179,180,181,-1,181,180,149,-1,181,149,182,-1,169,183,170,-1,170,183,184,-1,170,184,185,-1,157,186,150,-1,150,186,187,-1,150,187,149,-1,149,187,188,-1,149,188,182,-1,189,190,191,-1,191,190,160,-1,191,160,192,-1,192,160,163,-1,193,194,195,-1,195,194,166,-1,195,166,196,-1,196,166,167,-1,178,197,146,-1,146,197,198,-1,146,198,170,-1,170,198,199,-1,170,199,168,-1,200,201,145,-1,145,201,202,-1,145,202,203,-1,164,166,204,-1,204,166,205,-1,204,205,206,-1,206,205,207,-1,206,207,208,-1,209,210,211,-1,212,213,214,-1,214,213,170,-1,214,170,215,-1,215,170,185,-1,216,217,218,-1,219,220,213,-1,150,221,222,-1,222,223,150,-1,150,223,224,-1,150,224,225,-1,226,151,143,-1,143,151,174,-1,143,174,141,-1,227,212,228,-1,228,229,227,-1,227,229,218,-1,227,218,230,-1,230,218,217,-1,220,231,213,-1,213,231,232,-1,213,232,233,-1,225,151,150,-1,150,151,226,-1,150,226,171,-1,171,226,234,-1,171,234,235,-1,209,211,234,-1,234,211,236,-1,234,236,235,-1,212,227,213,-1,213,227,237,-1,213,237,219,-1,233,238,213,-1,213,238,239,-1,213,239,150,-1,150,239,240,-1,150,240,221,-1,208,241,206,-1,206,241,242,-1,206,242,243,-1,203,244,145,-1,145,244,206,-1,145,206,146,-1,146,206,243,-1,146,243,175,-1,216,218,245,-1,245,218,246,-1,245,246,247,-1,247,246,248,-1,247,248,145,-1,145,248,249,-1,145,249,200,-1,250,251,252,-1,253,254,255,-1,255,254,256,-1,255,256,257,-1,258,252,259,-1,259,252,260,-1,261,262,263,-1,263,262,264,-1,265,266,267,-1,267,266,268,-1,269,251,270,-1,270,251,271,-1,272,273,274,-1,275,276,253,-1,276,277,253,-1,253,277,278,-1,253,278,254,-1,254,278,279,-1,254,279,252,-1,252,279,280,-1,252,280,250,-1,281,260,282,-1,282,260,252,-1,282,252,283,-1,283,252,284,-1,258,285,252,-1,252,285,286,-1,252,286,266,-1,266,286,287,-1,266,287,268,-1,265,288,266,-1,266,288,289,-1,266,289,272,-1,272,289,290,-1,290,291,272,-1,272,291,292,-1,272,292,293,-1,293,294,272,-1,272,294,295,-1,272,295,296,-1,297,298,273,-1,264,299,263,-1,263,299,300,-1,263,300,301,-1,302,303,304,-1,252,305,306,-1,297,273,307,-1,251,308,271,-1,271,308,309,-1,271,309,310,-1,310,309,302,-1,310,302,311,-1,311,302,304,-1,306,312,252,-1,252,312,313,-1,252,313,314,-1,315,316,317,-1,317,316,318,-1,317,318,281,-1,281,318,319,-1,281,319,260,-1,296,320,272,-1,272,320,321,-1,272,321,273,-1,273,321,322,-1,273,322,307,-1,274,323,272,-1,272,323,324,-1,272,324,263,-1,263,324,325,-1,263,325,261,-1,301,326,263,-1,263,326,327,-1,263,327,253,-1,253,327,328,-1,253,328,275,-1,269,329,251,-1,251,329,330,-1,251,330,252,-1,252,330,331,-1,252,331,305,-1,332,333,314,-1,314,333,334,-1,314,334,252,-1,252,334,335,-1,252,335,284,-1,336,337,314,-1,337,338,314,-1,314,338,339,-1,314,339,332,-1,336,314,340,-1,340,314,341,-1,340,341,298,-1,298,341,342,-1,298,342,273,-1,343,344,345,-1,346,347,348,-1,348,347,349,-1,350,351,348,-1,352,353,354,-1,354,353,355,-1,356,357,358,-1,359,360,361,-1,354,362,352,-1,352,362,363,-1,352,363,364,-1,356,358,365,-1,366,367,368,-1,369,370,349,-1,349,370,371,-1,372,373,348,-1,348,373,374,-1,348,374,375,-1,376,377,378,-1,364,379,352,-1,352,379,380,-1,352,380,381,-1,371,382,349,-1,349,382,383,-1,349,383,348,-1,348,383,384,-1,348,384,372,-1,381,343,352,-1,352,343,345,-1,352,345,361,-1,361,345,385,-1,361,385,359,-1,360,386,361,-1,361,386,387,-1,361,387,388,-1,368,367,389,-1,348,351,358,-1,358,351,390,-1,358,390,365,-1,391,392,393,-1,393,392,394,-1,393,394,395,-1,396,397,348,-1,398,399,348,-1,348,399,400,-1,348,400,350,-1,357,401,358,-1,358,401,402,-1,358,402,403,-1,403,404,358,-1,358,404,405,-1,358,405,367,-1,367,405,406,-1,367,406,389,-1,407,408,353,-1,353,408,409,-1,353,409,355,-1,410,411,412,-1,412,411,413,-1,412,413,414,-1,414,413,415,-1,367,416,358,-1,358,416,417,-1,358,417,393,-1,393,417,418,-1,393,418,391,-1,395,419,393,-1,393,419,420,-1,393,420,353,-1,353,420,421,-1,353,421,407,-1,388,422,361,-1,361,422,348,-1,361,348,413,-1,413,348,375,-1,413,375,415,-1,423,424,425,-1,425,424,426,-1,425,426,427,-1,427,426,428,-1,427,428,376,-1,376,428,429,-1,376,429,377,-1,430,431,432,-1,431,433,432,-1,432,433,434,-1,432,434,435,-1,422,436,348,-1,348,436,437,-1,348,437,438,-1,397,439,348,-1,348,439,440,-1,348,440,376,-1,435,441,432,-1,432,441,396,-1,432,396,442,-1,442,396,348,-1,442,348,443,-1,443,348,438,-1,378,444,376,-1,376,444,445,-1,376,445,348,-1,348,445,446,-1,348,446,398,-1,430,432,447,-1,447,432,448,-1,447,448,449,-1,449,448,450,-1,449,450,368,-1,368,450,451,-1,368,451,366,-1,
        ]
    }
}
Shape{
    appearance Appearance {
        material  Material 	{
            diffuseColor 0.792156862745098 0.8196078431372549 0.9333333333333333
            specularColor 0.396078431372549 0.4117647058823529 0.4666666666666667
            ambientIntensity 0.8244
            transparency 0.0
            shininess 0.5
        }
    }
    geometry IndexedFaceSet {
        ccw TRUE
        solid FALSE
        coord DEF co Coordinate {
            point [
                1.0531 2.6461 2.1052, 0.8957 2.6461 2.1052, 1.0531 2.7642 2.1052, 0.8957 2.7642 2.1052
            ]
        }
        coordIndex [
            0,1,2,-1,2,1,3,-1,
        ]
    }
}
Shape{
    appearance Appearance {
        material  Material 	{
            diffuseColor 1.0 1.0 1.0
            specularColor 0.5019607843137255 0.5019607843137255 0.5019607843137255
            ambientIntensity 1.0
            transparency 0.0
            shininess 0.5
        }
    }
    geometry IndexedFaceSet {
        ccw TRUE
        solid FALSE
        coord DEF co Coordinate {
            point [
                -0.4456 -0.014 6.1246, -0.4045 -0.0852 6.1958, -0.2468 -0.0244 6.1351, -0.5097 0.2592 5.8515, -0.5052 0.2532 5.8574, -0.3548 0.3026 5.8081, -0.3449 0.2668 5.8439, 1.0531 2.7642 3.3465, 0.8957 2.7642 3.3465, 1.0531 0.1264 5.9843, 0.8957 0.1264 5.9843, 1.0443 0.0475 6.0631, 0.8907 0.0826 6.0281, 1.0181 -0.0274 6.138, -0.2086 -0.0495 6.1602, -0.348 -0.1451 6.2557, -0.1876 -0.0586 6.1692, -0.2793 -0.1903 6.3009, -0.1657 -0.0652 6.1758, 0.8762 0.041 6.0697, 0.8527 0.0036 6.107, 0.9758 -0.0945 6.2052, 0.8216 -0.0275 6.1382, 0.9197 -0.1506 6.2613, 0.7842 -0.051 6.1616, 0.8526 -0.1929 6.3035, 0.7638 -0.0594 6.1701, 0.8158 -0.2081 6.3187, 0.7426 -0.0655 6.1762, 0.7777 -0.2191 6.3297, 0.7209 -0.0692 6.1799, -0.2414 -0.2066 6.3172, -0.202 -0.2184 6.329, -0.1431 -0.0691 6.1798, -0.1614 -0.2256 6.3362, -0.1203 -0.0705 6.1811, -0.1203 -0.228 6.3386, 0.6988 -0.0705 6.1811, 0.6988 -0.228 6.3386, 0.7385 -0.2257 6.3364, -0.2782 0.0088 6.1018, -0.301 0.0484 6.0622, -0.4692 0.0648 6.0458, -0.3141 0.0922 6.0184, -0.5 0.2394 5.8712, -0.502 0.2466 5.8641, -0.3712 0.3359 5.7748, -0.3936 0.3655 5.7451, -0.9601 0.751 5.3596, -0.844 0.8574 5.2533, -1.0107 0.8222 5.2884, -0.8721 0.8969 5.2137, -1.0424 0.9036 5.207, -0.8897 0.9421 5.1685, -1.0531 0.9903 5.1203, -0.8957 0.9903 5.1203, -1.0531 2.7642 3.3465, -0.8957 2.7642 3.3465
            ]
        }
        coordIndex [
            0,1,2,-1,3,4,5,-1,5,4,6,-1,7,8,9,-1,9,8,10,-1,9,10,11,-1,11,10,12,-1,11,12,13,-1,2,1,14,-1,14,1,15,-1,14,15,16,-1,16,15,17,-1,16,17,18,-1,12,19,13,-1,13,19,20,-1,13,20,21,-1,21,20,22,-1,21,22,23,-1,23,22,24,-1,23,24,25,-1,25,24,26,-1,25,26,27,-1,27,26,28,-1,27,28,29,-1,29,28,30,-1,17,31,18,-1,18,31,32,-1,18,32,33,-1,33,32,34,-1,33,34,35,-1,35,34,36,-1,35,36,37,-1,37,36,38,-1,37,38,30,-1,30,38,39,-1,30,39,29,-1,2,40,0,-1,0,40,41,-1,0,41,42,-1,42,41,43,-1,42,43,44,-1,44,43,6,-1,44,6,45,-1,45,6,4,-1,5,46,3,-1,3,46,47,-1,3,47,48,-1,48,47,49,-1,48,49,50,-1,50,49,51,-1,50,51,52,-1,52,51,53,-1,52,53,54,-1,54,53,55,-1,54,55,56,-1,56,55,57,-1,
        ]
    }
}
Shape{
    appearance Appearance {
        material  Material 	{
            diffuseColor 0.792156862745098 0.8196078431372549 0.9333333333333333
            specularColor 0.396078431372549 0.4117647058823529 0.4666666666666667
            ambientIntensity 0.8244
            transparency 0.0
            shininess 0.5
        }
    }
    geometry IndexedFaceSet {
        ccw TRUE
        solid FALSE
        coord DEF co Coordinate {
            point [
                1.0531 -2.3933 2.1052, 1.0531 -2.4327 2.1052, 0.8957 -2.3933 2.1052, 0.8957 -2.4327 2.1052
            ]
        }
        coordIndex [
            0,1,2,-1,2,1,3,-1,
        ]
    }
}
Shape{
    appearance Appearance {
        material  Material 	{
            diffuseColor 1.0 1.0 1.0
            specularColor 0.5019607843137255 0.5019607843137255 0.5019607843137255
            ambientIntensity 1.0
            transparency 0.0
            shininess 0.5
        }
    }
    geometry IndexedFaceSet {
        ccw TRUE
        solid FALSE
        coord DEF co Coordinate {
            point [
                -0.8957 -2.6295 2.4803, -1.0531 -2.6295 2.4803, -0.8957 -2.6295 1.6893, -1.0531 -2.6295 1.7115, -1.1205 -2.6295 0.9072, -1.2719 -2.6295 0.9507, -1.1217 -2.6295 0.9018, -1.2776 -2.6295 0.9238, -1.122 -2.6295 0.8964, -1.2795 -2.6295 0.8964, -1.122 -2.6295 -0.2847, -1.2795 -2.6295 -0.2847, -1.1316 -2.6295 -0.3665, -1.2848 -2.6295 -0.3301, -1.1597 -2.6295 -0.4438, -1.3005 -2.6295 -0.3731, -1.2049 -2.6295 -0.5125, -1.3256 -2.6295 -0.4113, -1.3455 -2.6295 -0.68, -1.4661 -2.6295 -0.5788, -1.3507 -2.6295 -0.688, -1.492 -2.6295 -0.6186, -1.3538 -2.6295 -0.6969, -1.5077 -2.6295 -0.6634, -1.3547 -2.6295 -0.7064, -1.5121 -2.6295 -0.7107, -1.3533 -2.6295 -0.7158, -1.5051 -2.6295 -0.7577, -1.1592 -2.6295 -1.419, -1.311 -2.6295 -1.4609, -0.9601 -3.0232 1.4908, -0.9601 -6.1728 1.4908, -1.0107 -6.1728 1.562, -1.0107 -3.0232 1.562, -1.0424 -6.1728 1.6434, -1.0424 -3.0232 1.6434, -1.0531 -6.1728 1.7301, -1.0531 -3.0232 1.7301, -1.0531 0.9903 5.1203, -1.0531 -6.1728 5.1203, -1.0424 -6.1728 5.207, -1.0424 0.9036 5.207, -1.0107 -6.1728 5.2884, -1.0107 0.8222 5.2884, -0.9601 -6.1728 5.3596, -0.9601 0.751 5.3596, -0.5097 -6.1728 5.8515, -0.5097 0.2592 5.8515, -0.5052 -6.1728 5.8574, -0.5052 0.2532 5.8574, -0.502 -6.1728 5.8641, -0.502 0.2466 5.8641, -0.5 -6.1728 5.8712, -0.5 0.2394 5.8712, -0.4692 -6.1728 6.0458, -0.4692 0.0648 6.0458, -0.4456 -6.1728 6.1246, -0.4456 -0.014 6.1246, -0.4045 -6.1728 6.1958, -0.4045 -0.0852 6.1958, -0.348 -6.1728 6.2557, -0.348 -0.1451 6.2557, -0.2793 -6.1728 6.3009, -0.2793 -0.1903 6.3009, -0.202 -6.1728 6.329, -0.1203 -6.1728 6.3386, -0.1203 -0.228 6.3386, -0.1614 -0.2256 6.3362, -0.202 -0.2184 6.329, -0.2414 -0.2066 6.3172, 0.6988 -6.1728 6.3386, 0.6988 -0.228 6.3386, 0.7385 -0.2257 6.3364, 0.7777 -6.1728 6.3297, 0.7777 -0.2191 6.3297, 0.8158 -0.2081 6.3187, 0.8526 -6.1728 6.3035, 0.8526 -0.1929 6.3035, 0.9197 -6.1728 6.2613, 0.9197 -0.1506 6.2613, 0.9758 -6.1728 6.2052, 0.9758 -0.0945 6.2052, 1.0181 -6.1728 6.138, 1.0181 -0.0274 6.138, 1.0443 -6.1728 6.0631, 1.0443 0.0475 6.0631, 1.0531 -6.1728 5.9843, 1.0531 0.1264 5.9843, 1.0531 -3.0232 0.8661, 1.0531 -6.1728 0.8661, 1.0443 -6.1728 0.7873, 1.0443 -3.0232 0.7873, 1.0181 -6.1728 0.7124, 1.0181 -3.0232 0.7124, 0.9758 -6.1728 0.6452, 0.9758 -3.0232 0.6452, 0.9197 -6.1728 0.5891, 0.9197 -3.0232 0.5891, 0.8526 -6.1728 0.5469, 0.8526 -3.0232 0.5469, 0.7777 -6.1728 0.5207, 0.7777 -3.0232 0.5207, 0.6988 -6.1728 0.5118, 0.6988 -3.0232 0.5118, -0.1203 -6.1728 0.5118, -0.1203 -3.0232 0.5118, -0.202 -6.1728 0.5214, -0.202 -3.0232 0.5214, -0.2793 -6.1728 0.5495, -0.2793 -3.0232 0.5495, -0.348 -6.1728 0.5947, -0.348 -3.0232 0.5947, -0.4045 -6.1728 0.6546, -0.4045 -3.0232 0.6546, -0.4456 -6.1728 0.7258, -0.4456 -3.0232 0.7258, -0.4692 -6.1728 0.8046, -0.4692 -3.0232 0.8046, -0.5 -6.1728 0.9792, -0.5 -3.0232 0.9792, -0.502 -3.0232 0.9863, -0.502 -6.1728 0.9863, -0.5052 -3.0232 0.993, -0.5052 -6.1728 0.993, -0.5097 -3.0232 0.9989, -0.5097 -6.1728 0.9989, 0.8957 -6.1728 5.9843, 0.8907 -6.1728 6.0281, 0.8762 -6.1728 6.0697, 0.8527 -6.1728 6.107, 0.8216 -6.1728 6.1382, 0.7842 -6.1728 6.1616, 0.7426 -6.1728 6.1762, 0.6988 -6.1728 6.1811, -0.1203 -6.1728 6.1811, -0.1657 -6.1728 6.1758, -0.2086 -6.1728 6.1602, -0.2468 -6.1728 6.1351, -0.2782 -6.1728 6.1018, -0.301 -6.1728 6.0622, -0.3141 -6.1728 6.0184, -0.3449 -6.1728 5.8439, -0.3548 -6.1728 5.8081, -0.3712 -6.1728 5.7748, -0.3936 -6.1728 5.7451, -0.844 -6.1728 5.2533, -0.8721 -6.1728 5.2137, -0.8897 -6.1728 5.1685, -0.8957 -6.1728 5.1203, -0.8957 -6.1728 1.7301, -0.8897 -6.1728 1.6819, -0.8721 -6.1728 1.6367, -0.844 -6.1728 1.5971, -0.3936 -6.1728 1.1053, -0.3712 -6.1728 1.0756, -0.3548 -6.1728 1.0423, -0.3449 -6.1728 1.0065, -0.3141 -6.1728 0.832, -0.301 -6.1728 0.7882, -0.2782 -6.1728 0.7486, -0.2468 -6.1728 0.7153, -0.2086 -6.1728 0.6902, -0.1657 -6.1728 0.6746, -0.1203 -6.1728 0.6693, 0.6988 -6.1728 0.6693, 0.7426 -6.1728 0.6742, 0.7842 -6.1728 0.6888, 0.8216 -6.1728 0.7122, 0.8527 -6.1728 0.7434, 0.8762 -6.1728 0.7807, 0.8907 -6.1728 0.8223, 0.8957 -6.1728 0.8661, -0.8957 -3.0232 1.7301, -0.8897 -3.0232 1.6819, -0.8721 -3.0232 1.6367, -0.844 -3.0232 1.5971, -0.844 0.8574 5.2533, -0.8721 0.8969 5.2137, -0.8897 0.9421 5.1685, -0.8957 0.9903 5.1203, -0.3936 0.3655 5.7451, -0.3449 0.2668 5.8439, -0.3548 0.3026 5.8081, -0.3712 0.3359 5.7748, -0.3141 0.0922 6.0184, -0.2086 -0.0495 6.1602, -0.1876 -0.0586 6.1692, -0.1657 -0.0652 6.1758, -0.1431 -0.0691 6.1798, -0.1203 -0.0705 6.1811, -0.2468 -0.0244 6.1351, -0.2782 0.0088 6.1018, -0.301 0.0484 6.0622, 0.6988 -0.0705 6.1811, 0.8957 0.1264 5.9843, 0.8907 0.0826 6.0281, 0.8762 0.041 6.0697, 0.8527 0.0036 6.107, 0.8216 -0.0275 6.1382, 0.7842 -0.051 6.1616, 0.7209 -0.0692 6.1799, 0.7426 -0.0655 6.1762, 0.7638 -0.0594 6.1701, 0.6988 -3.0232 0.6693, 0.7426 -3.0232 0.6742, 0.7842 -3.0232 0.6888, 0.8216 -3.0232 0.7122, 0.8527 -3.0232 0.7434, 0.8762 -3.0232 0.7807, 0.8907 -3.0232 0.8223, 0.8957 -3.0232 0.8661, -0.1203 -3.0232 0.6693, -0.3141 -3.0232 0.832, -0.301 -3.0232 0.7882, -0.2782 -3.0232 0.7486, -0.2468 -3.0232 0.7153, -0.2086 -3.0232 0.6902, -0.1657 -3.0232 0.6746, -0.3449 -3.0232 1.0065, -0.3936 -3.0232 1.1053, -0.3712 -3.0232 1.0756, -0.3548 -3.0232 1.0423, -1.0531 -3.0232 2.4803, -0.8957 -3.0232 2.4803, 1.0531 -3.0232 2.4803, 0.8957 -3.0232 2.4803, 1.0531 -2.6295 2.4803, 0.8957 -2.6295 2.4803, 1.0531 -2.6295 2.302, 0.8957 -2.6295 2.302, -1.2806 -2.2053 -1.5709, -1.2795 -2.2358 -1.5748, -1.311 -2.1177 -1.4609, -1.2795 -2.5114 -1.5748, -1.5051 -2.1177 -0.7577, -1.2806 -2.542 -1.5709, -1.3028 -2.1217 -1.4904, -1.2952 -2.1335 -1.5179, -1.2887 -2.1523 -1.5415, -1.2952 -2.6137 -1.5179, -1.3028 -2.6255 -1.4904, -1.2887 -2.5949 -1.5415, -1.2837 -2.5705 -1.5595, -1.2837 -2.1768 -1.5595, -1.5121 -2.1177 -0.7107, -1.5077 -2.1177 -0.6634, -1.492 -2.1177 -0.6186, -1.4661 -2.1177 -0.5788, -1.3256 -2.1177 -0.4113, -1.3005 -2.1177 -0.3731, -1.2848 -2.1177 -0.3301, -1.2795 -2.1177 -0.2847, -1.2795 2.7642 0.8964, -1.2795 1.4256 0.1575, -1.2795 2.7642 0.1575, -1.2795 -2.1177 0.1575, -1.2795 0.9138 0.1575, -1.2795 0.9138 -1.4567, -1.2795 1.0013 -1.5708, -1.2795 0.9728 -1.559, -1.2795 1.3665 -1.559, -1.2795 1.4216 -1.4873, -1.2795 1.391 -1.5402, -1.2795 1.4098 -1.5157, -1.2795 1.4256 -1.4567, -1.2795 1.3075 -1.5748, -1.2795 1.3381 -1.5708, -1.2795 1.0319 -1.5748, -1.2795 0.9484 -1.5402, -1.2795 0.9296 -1.5157, -1.2795 0.9178 -1.4873, -1.2776 2.7642 0.9238, -1.2719 2.7642 0.9507, -1.0531 2.7642 1.7115, -1.1205 2.7642 0.9072, -0.8957 2.7642 1.6893, -1.1217 2.7642 0.9018, -1.122 2.7642 0.8964, -1.122 -2.1177 -0.2847, -1.122 2.7642 0.1575, -1.122 1.4256 0.1575, -1.122 1.0013 -1.5708, -1.122 1.0319 -1.5748, -1.122 0.9138 -1.4567, -1.122 0.9138 0.1575, -1.122 -2.1177 0.1575, -1.122 1.3075 -1.5748, -1.122 0.9178 -1.4873, -1.122 0.9296 -1.5157, -1.122 1.3381 -1.5708, -1.122 1.4216 -1.4873, -1.122 1.4256 -1.4567, -1.122 1.3665 -1.559, -1.122 1.391 -1.5402, -1.122 1.4098 -1.5157, -1.122 0.9484 -1.5402, -1.122 0.9728 -1.559, -1.1316 -2.1177 -0.3665, -1.1597 -2.1177 -0.4438, -1.2049 -2.1177 -0.5125, -1.3455 -2.1177 -0.68, -1.3507 -2.1177 -0.688, -1.3538 -2.1177 -0.6969, -1.3547 -2.1177 -0.7064, -1.3533 -2.1177 -0.7158, -1.1277 -2.5114 -1.5329, -1.1277 -2.2358 -1.5329, -1.1592 -2.1177 -1.419, -1.1288 -2.2053 -1.529, -1.1319 -2.1768 -1.5176, -1.1369 -2.5949 -1.4996, -1.1434 -2.6137 -1.476, -1.151 -2.6255 -1.4485, -1.1369 -2.1523 -1.4996, -1.1434 -2.1335 -1.476, -1.151 -2.1217 -1.4485, -1.1319 -2.5705 -1.5176, -1.1288 -2.542 -1.529, 1.122 2.6461 0.8964, 1.122 -2.1965 0.8964, 1.1217 2.6461 0.9018, 1.1217 -2.1965 0.9018, 1.1205 2.6461 0.9072, 1.1205 -2.1965 0.9072, 0.8957 -2.1965 1.6893, 0.8957 2.6461 1.6893, 1.2719 -2.1965 0.9507, 1.2719 2.6461 0.9507, 1.0531 -2.1965 1.7115, 1.0531 2.6461 1.7115, 1.2776 -2.1965 0.9238, 1.2776 2.6461 0.9238, 1.2795 -2.1965 0.8964, 1.2795 2.6461 0.8964, 1.2795 -1.6059 0.1575, 1.2795 -1.9996 0.1575, 1.2795 -2.1965 0.3543, 1.2795 -2.1897 0.3034, 1.2795 -2.098 0.1839, 1.2795 -2.0506 0.1642, 1.2795 -2.1388 0.2151, 1.2795 -2.1701 0.2559, 1.2795 2.1383 -1.4873, 1.2795 2.2524 -1.5748, 1.2795 2.1343 -1.4567, 1.2795 2.6461 -1.4567, 1.2795 2.1343 0.1575, 1.2795 -1.0941 0.1575, 1.2795 -1.0941 -0.2847, 1.2795 -1.6059 -0.2847, 1.2795 2.1501 -1.5157, 1.2795 2.1688 -1.5402, 1.2795 2.2218 -1.5708, 1.2795 2.1933 -1.559, 1.2795 2.6115 -1.5402, 1.2795 2.6302 -1.5157, 1.2795 2.642 -1.4873, 1.2795 2.528 -1.5748, 1.2795 2.5585 -1.5708, 1.2795 2.587 -1.559, 1.2848 -1.0941 -0.3301, 1.2848 -1.6059 -0.3301, 1.3005 -1.0941 -0.3731, 1.3005 -1.6059 -0.3731, 1.3256 -1.0941 -0.4113, 1.3256 -1.6059 -0.4113, 1.4661 -1.0941 -0.5788, 1.4661 -1.6059 -0.5788, 1.492 -1.6059 -0.6186, 1.492 -1.0941 -0.6186, 1.5077 -1.6059 -0.6634, 1.5077 -1.0941 -0.6634, 1.5121 -1.6059 -0.7107, 1.5121 -1.0941 -0.7107, 1.5051 -1.6059 -0.7577, 1.5051 -1.0941 -0.7577, 1.3028 -1.0981 -1.4904, 1.311 -1.0941 -1.4609, 1.2795 -1.2122 -1.5748, 1.2795 -1.4878 -1.5748, 1.2837 -1.5468 -1.5595, 1.2806 -1.5184 -1.5709, 1.311 -1.6059 -1.4609, 1.2806 -1.1816 -1.5709, 1.2837 -1.1531 -1.5595, 1.2887 -1.1287 -1.5415, 1.2887 -1.5713 -1.5415, 1.3028 -1.6019 -1.4904, 1.2952 -1.5901 -1.5179, 1.2952 -1.1099 -1.5179, 1.1277 -1.4878 -1.5329, 1.1277 -1.2122 -1.5329, 1.1592 -1.6059 -1.419, 1.3533 -1.6059 -0.7158, 1.1369 -1.5713 -1.4996, 1.151 -1.6019 -1.4485, 1.1434 -1.5901 -1.476, 1.1319 -1.1531 -1.5176, 1.1288 -1.1816 -1.529, 1.1369 -1.1287 -1.4996, 1.1434 -1.1099 -1.476, 1.1288 -1.5184 -1.529, 1.1319 -1.5468 -1.5176, 1.3533 -1.0941 -0.7158, 1.1592 -1.0941 -1.419, 1.151 -1.0981 -1.4485, 1.3547 -1.0941 -0.7064, 1.3547 -1.6059 -0.7064, 1.3538 -1.0941 -0.6969, 1.3538 -1.6059 -0.6969, 1.3507 -1.0941 -0.688, 1.3507 -1.6059 -0.688, 1.3455 -1.0941 -0.68, 1.3455 -1.6059 -0.68, 1.2049 -1.0941 -0.5125, 1.2049 -1.6059 -0.5125, 1.1597 -1.6059 -0.4438, 1.1597 -1.0941 -0.4438, 1.1316 -1.6059 -0.3665, 1.1316 -1.0941 -0.3665, 1.122 -1.6059 -0.2847, 1.122 -1.0941 -0.2847, 1.122 2.2524 -1.5748, 1.122 2.6461 -1.4567, 1.122 -1.0941 0.1575, 1.122 2.1343 0.1575, 1.122 2.1343 -1.4567, 1.122 2.1383 -1.4873, 1.122 2.2218 -1.5708, 1.122 2.1933 -1.559, 1.122 2.1688 -1.5402, 1.122 2.642 -1.4873, 1.122 2.5585 -1.5708, 1.122 2.528 -1.5748, 1.122 2.1501 -1.5157, 1.122 2.6302 -1.5157, 1.122 2.6115 -1.5402, 1.122 2.587 -1.559, 1.122 -2.1701 0.2559, 1.122 -2.1897 0.3034, 1.122 -2.1388 0.2151, 1.122 -2.1965 0.3543, 1.122 -2.098 0.1839, 1.122 -1.6059 0.1575, 1.122 -1.9996 0.1575, 1.122 -2.0506 0.1642, 0.8957 2.6461 2.1052, 1.0531 2.6461 2.1052
            ]
        }
        coordIndex [
            0,1,2,-1,2,1,3,-1,2,3,4,-1,4,3,5,-1,4,5,6,-1,6,5,7,-1,6,7,8,-1,8,7,9,-1,8,9,10,-1,10,9,11,-1,10,11,12,-1,12,11,13,-1,12,13,14,-1,14,13,15,-1,14,15,16,-1,16,15,17,-1,16,17,18,-1,18,17,19,-1,18,19,20,-1,20,19,21,-1,20,21,22,-1,22,21,23,-1,22,23,24,-1,24,23,25,-1,24,25,26,-1,26,25,27,-1,26,27,28,-1,28,27,29,-1,30,31,32,-1,30,32,33,-1,33,32,34,-1,33,34,35,-1,35,34,36,-1,35,36,37,-1,38,39,40,-1,38,40,41,-1,41,40,42,-1,41,42,43,-1,43,42,44,-1,43,44,45,-1,44,46,45,-1,45,46,47,-1,47,46,48,-1,47,48,49,-1,49,48,50,-1,49,50,51,-1,51,50,52,-1,51,52,53,-1,52,54,53,-1,53,54,55,-1,55,54,56,-1,55,56,57,-1,57,56,58,-1,57,58,59,-1,59,58,60,-1,59,60,61,-1,61,60,62,-1,61,62,63,-1,64,65,66,-1,66,67,64,-1,64,67,68,-1,64,68,62,-1,62,68,69,-1,62,69,63,-1,65,70,66,-1,66,70,71,-1,71,70,72,-1,72,70,73,-1,72,73,74,-1,74,73,75,-1,75,73,76,-1,75,76,77,-1,77,76,78,-1,77,78,79,-1,79,78,80,-1,79,80,81,-1,81,80,82,-1,81,82,83,-1,83,82,84,-1,83,84,85,-1,85,84,86,-1,85,86,87,-1,88,89,90,-1,88,90,91,-1,91,90,92,-1,91,92,93,-1,93,92,94,-1,93,94,95,-1,95,94,96,-1,95,96,97,-1,97,96,98,-1,97,98,99,-1,99,98,100,-1,99,100,101,-1,101,100,102,-1,101,102,103,-1,102,104,103,-1,103,104,105,-1,105,104,106,-1,105,106,107,-1,107,106,108,-1,107,108,109,-1,109,108,110,-1,109,110,111,-1,111,110,112,-1,111,112,113,-1,113,112,114,-1,113,114,115,-1,115,114,116,-1,115,116,117,-1,116,118,117,-1,117,118,119,-1,119,118,120,-1,120,118,121,-1,120,121,122,-1,122,121,123,-1,122,123,124,-1,124,123,125,-1,125,31,124,-1,124,31,30,-1,126,86,127,-1,127,86,84,-1,127,84,128,-1,128,84,82,-1,128,82,129,-1,129,82,80,-1,129,80,130,-1,130,80,78,-1,130,78,131,-1,131,78,76,-1,131,76,132,-1,132,76,73,-1,132,73,133,-1,133,73,70,-1,133,70,134,-1,134,70,65,-1,134,65,135,-1,135,65,64,-1,135,64,136,-1,136,64,62,-1,136,62,137,-1,137,62,60,-1,137,60,138,-1,138,60,58,-1,138,58,139,-1,139,58,56,-1,139,56,140,-1,140,56,54,-1,140,54,141,-1,141,54,52,-1,141,52,142,-1,142,52,50,-1,142,50,143,-1,143,50,48,-1,143,48,144,-1,144,48,46,-1,144,46,145,-1,145,46,44,-1,145,44,146,-1,146,44,42,-1,146,42,147,-1,147,42,40,-1,147,40,148,-1,148,40,39,-1,148,39,149,-1,149,39,36,-1,149,36,150,-1,150,36,34,-1,150,34,151,-1,151,34,32,-1,151,32,152,-1,152,32,31,-1,152,31,153,-1,153,31,125,-1,153,125,154,-1,154,125,123,-1,154,123,155,-1,155,123,121,-1,155,121,156,-1,156,121,118,-1,156,118,157,-1,157,118,116,-1,157,116,158,-1,158,116,114,-1,158,114,159,-1,159,114,112,-1,159,112,160,-1,160,112,110,-1,160,110,161,-1,161,110,108,-1,161,108,162,-1,162,108,106,-1,162,106,163,-1,163,106,104,-1,163,104,164,-1,164,104,102,-1,164,102,165,-1,165,102,100,-1,165,100,166,-1,166,100,98,-1,166,98,167,-1,167,98,96,-1,167,96,168,-1,168,96,94,-1,168,94,169,-1,169,94,92,-1,169,92,170,-1,170,92,90,-1,170,90,171,-1,171,90,89,-1,171,89,126,-1,126,89,86,-1,172,149,173,-1,173,149,150,-1,173,150,174,-1,174,150,151,-1,174,151,175,-1,175,151,152,-1,176,145,146,-1,176,146,177,-1,177,146,147,-1,177,147,178,-1,178,147,148,-1,178,148,179,-1,180,144,176,-1,176,144,145,-1,181,141,142,-1,181,142,182,-1,182,142,143,-1,182,143,183,-1,183,143,144,-1,183,144,180,-1,184,140,181,-1,181,140,141,-1,185,186,135,-1,135,186,187,-1,135,187,134,-1,134,187,188,-1,134,188,189,-1,135,136,185,-1,185,136,137,-1,185,137,190,-1,190,137,138,-1,190,138,191,-1,191,138,139,-1,191,139,192,-1,192,139,140,-1,192,140,184,-1,193,133,189,-1,189,133,134,-1,194,126,127,-1,194,127,195,-1,195,127,128,-1,195,128,196,-1,196,128,129,-1,196,129,197,-1,197,129,130,-1,197,130,198,-1,198,130,131,-1,198,131,199,-1,132,133,193,-1,193,200,132,-1,132,200,201,-1,132,201,131,-1,131,201,202,-1,131,202,199,-1,203,164,204,-1,204,164,165,-1,204,165,205,-1,205,165,166,-1,205,166,206,-1,206,166,167,-1,206,167,207,-1,207,167,168,-1,207,168,208,-1,208,168,169,-1,208,169,209,-1,209,169,170,-1,209,170,210,-1,210,170,171,-1,211,163,203,-1,203,163,164,-1,212,157,213,-1,213,157,158,-1,213,158,214,-1,214,158,159,-1,214,159,215,-1,215,159,160,-1,215,160,216,-1,216,160,161,-1,216,161,217,-1,217,161,162,-1,217,162,211,-1,211,162,163,-1,218,156,212,-1,212,156,157,-1,219,153,154,-1,219,154,220,-1,220,154,155,-1,220,155,221,-1,221,155,156,-1,221,156,218,-1,175,152,219,-1,219,152,153,-1,1,0,222,-1,222,0,223,-1,224,225,226,-1,226,225,227,-1,228,226,229,-1,229,226,227,-1,225,224,210,-1,210,224,88,-1,210,88,209,-1,209,88,91,-1,209,91,208,-1,208,91,93,-1,208,93,207,-1,207,93,95,-1,207,95,206,-1,206,95,97,-1,206,97,205,-1,205,97,99,-1,205,99,204,-1,204,99,101,-1,204,101,203,-1,203,101,103,-1,203,103,211,-1,211,103,105,-1,211,105,217,-1,217,105,107,-1,217,107,216,-1,216,107,109,-1,216,109,215,-1,215,109,111,-1,215,111,214,-1,214,111,113,-1,214,113,213,-1,213,113,115,-1,213,115,212,-1,212,115,117,-1,212,117,218,-1,218,117,119,-1,218,119,221,-1,221,119,120,-1,221,120,220,-1,220,120,122,-1,220,122,219,-1,219,122,124,-1,219,124,175,-1,175,124,30,-1,175,30,174,-1,174,30,33,-1,174,33,173,-1,173,33,35,-1,173,35,172,-1,172,35,37,-1,172,37,223,-1,223,37,222,-1,230,231,232,-1,232,231,233,-1,232,233,234,-1,235,29,233,-1,233,29,27,-1,233,27,234,-1,236,237,238,-1,239,240,241,-1,241,240,29,-1,241,29,242,-1,242,29,235,-1,236,238,232,-1,232,238,243,-1,232,243,230,-1,234,27,25,-1,234,25,244,-1,244,25,23,-1,244,23,245,-1,245,23,21,-1,245,21,246,-1,246,21,19,-1,246,19,247,-1,248,247,17,-1,17,247,19,-1,248,17,249,-1,249,17,15,-1,249,15,250,-1,250,15,13,-1,250,13,251,-1,251,13,11,-1,9,252,253,-1,253,252,254,-1,251,11,255,-1,255,11,9,-1,255,9,256,-1,256,9,253,-1,256,253,257,-1,258,259,257,-1,260,261,262,-1,262,261,263,-1,253,264,265,-1,265,264,261,-1,265,261,266,-1,266,261,260,-1,253,265,257,-1,257,265,267,-1,257,267,258,-1,259,268,257,-1,257,268,269,-1,257,269,270,-1,252,9,7,-1,252,7,271,-1,271,7,5,-1,271,5,272,-1,273,272,3,-1,3,272,5,-1,274,275,4,-1,4,275,2,-1,274,4,276,-1,276,4,6,-1,276,6,277,-1,277,6,8,-1,8,10,278,-1,279,277,280,-1,280,277,8,-1,281,282,283,-1,283,282,284,-1,278,285,8,-1,8,285,284,-1,8,284,280,-1,280,284,282,-1,280,282,286,-1,283,287,288,-1,289,290,286,-1,286,290,291,-1,286,291,280,-1,289,292,290,-1,290,292,293,-1,290,293,294,-1,288,295,283,-1,283,295,296,-1,283,296,281,-1,278,10,12,-1,278,12,297,-1,297,12,14,-1,297,14,298,-1,298,14,16,-1,298,16,299,-1,300,299,18,-1,18,299,16,-1,300,18,301,-1,301,18,20,-1,301,20,302,-1,302,20,22,-1,302,22,303,-1,303,22,24,-1,303,24,304,-1,304,24,26,-1,305,26,28,-1,26,305,304,-1,304,305,306,-1,304,306,307,-1,307,306,308,-1,307,308,309,-1,310,28,311,-1,311,28,312,-1,309,313,307,-1,307,313,314,-1,307,314,315,-1,310,316,28,-1,28,316,317,-1,28,317,305,-1,306,305,231,-1,231,305,233,-1,255,285,251,-1,251,285,278,-1,251,278,250,-1,250,278,297,-1,250,297,249,-1,249,297,298,-1,249,298,248,-1,248,298,299,-1,248,299,247,-1,247,299,300,-1,247,300,246,-1,246,300,301,-1,246,301,245,-1,245,301,302,-1,245,302,244,-1,244,302,303,-1,244,303,234,-1,234,303,304,-1,234,304,232,-1,232,304,307,-1,318,319,320,-1,320,319,321,-1,320,321,322,-1,322,321,323,-1,324,325,323,-1,323,325,322,-1,326,327,328,-1,328,327,329,-1,327,326,330,-1,327,330,331,-1,331,330,332,-1,331,332,333,-1,334,333,332,-1,334,332,335,-1,335,332,336,-1,335,336,337,-1,338,339,340,-1,340,339,335,-1,340,335,341,-1,341,335,337,-1,342,343,344,-1,344,343,345,-1,344,345,346,-1,346,345,333,-1,346,333,347,-1,347,333,334,-1,347,334,348,-1,348,334,349,-1,342,350,343,-1,343,350,351,-1,343,351,352,-1,352,351,353,-1,354,355,356,-1,343,357,345,-1,345,357,358,-1,345,358,356,-1,356,358,359,-1,356,359,354,-1,348,349,360,-1,360,349,361,-1,360,361,362,-1,362,361,363,-1,362,363,364,-1,364,363,365,-1,366,364,367,-1,367,364,365,-1,366,367,368,-1,366,368,369,-1,369,368,370,-1,369,370,371,-1,371,370,372,-1,371,372,373,-1,373,372,374,-1,373,374,375,-1,376,377,378,-1,378,377,379,-1,380,381,382,-1,382,381,379,-1,382,379,374,-1,374,379,377,-1,374,377,375,-1,383,384,385,-1,380,382,386,-1,386,382,387,-1,386,387,388,-1,383,385,378,-1,378,385,389,-1,378,389,376,-1,390,391,379,-1,379,391,378,-1,392,393,390,-1,392,394,395,-1,395,394,396,-1,397,398,399,-1,399,398,391,-1,399,391,400,-1,390,401,392,-1,392,401,402,-1,392,402,394,-1,393,403,390,-1,390,403,404,-1,390,404,391,-1,391,404,405,-1,391,405,400,-1,403,393,406,-1,406,393,407,-1,406,407,408,-1,408,407,409,-1,408,409,410,-1,410,409,411,-1,410,411,412,-1,412,411,413,-1,414,412,415,-1,415,412,413,-1,414,415,416,-1,414,416,417,-1,417,416,418,-1,417,418,419,-1,419,418,420,-1,419,420,421,-1,422,318,423,-1,424,319,425,-1,425,319,318,-1,425,318,426,-1,426,318,422,-1,426,422,427,-1,428,429,430,-1,431,432,423,-1,423,432,433,-1,423,433,422,-1,428,430,422,-1,422,430,434,-1,422,434,427,-1,435,436,431,-1,431,436,437,-1,431,437,432,-1,438,439,440,-1,440,439,441,-1,440,441,442,-1,421,420,424,-1,424,420,443,-1,424,443,319,-1,319,443,444,-1,319,444,441,-1,441,444,445,-1,441,445,442,-1,264,253,291,-1,291,253,280,-1,283,284,257,-1,257,284,256,-1,267,265,282,-1,282,265,286,-1,422,433,343,-1,343,433,357,-1,446,447,325,-1,325,447,329,-1,325,329,322,-1,322,329,327,-1,322,327,320,-1,320,327,331,-1,320,331,318,-1,318,331,333,-1,318,333,423,-1,423,333,345,-1,
        ]
    }
}
Shape{
    appearance Appearance {
        material  Material 	{
            diffuseColor 0.5019607843137255 0.5019607843137255 0.5019607843137255
            specularColor 0.25098039215686274 0.25098039215686274 0.25098039215686274
            ambientIntensity 0.502
            transparency 0.0
            shininess 0.5
        }
    }
    geometry IndexedFaceSet {
        ccw TRUE
        solid FALSE
        coord DEF co Coordinate {
            point [
                0.8957 2.7642 3.3465, 1.0531 2.7642 3.3465, 0.8957 2.7642 2.1052, 1.0531 2.7642 2.1052, -1.122 2.7642 0.1575, -1.2795 2.7642 0.1575, -1.122 2.7642 0.8964, -1.2795 2.7642 0.8964, -1.1217 2.7642 0.9018, -1.2776 2.7642 0.9238, -1.1205 2.7642 0.9072, -1.2719 2.7642 0.9507, -0.8957 2.7642 1.6893, -1.0531 2.7642 1.7115, -0.8957 2.7642 3.3465, -1.0531 2.7642 3.3465
            ]
        }
        coordIndex [
            0,1,2,-1,2,1,3,-1,4,5,6,-1,6,5,7,-1,6,7,8,-1,8,7,9,-1,8,9,10,-1,10,9,11,-1,10,11,12,-1,12,11,13,-1,12,13,14,-1,14,13,15,-1,
        ]
    }
}
Shape{
    appearance Appearance {
        material  Material 	{
            diffuseColor 1.0 1.0 1.0
            specularColor 0.5019607843137255 0.5019607843137255 0.5019607843137255
            ambientIntensity 1.0
            transparency 0.0
            shininess 0.5
        }
    }
    geometry IndexedFaceSet {
        ccw TRUE
        solid FALSE
        coord DEF co Coordinate {
            point [
                -1.2795 2.7642 0.1575, -1.122 2.7642 0.1575, -1.2795 1.4256 0.1575, -1.122 1.4256 0.1575, -1.122 0.9138 0.1575, -1.122 -2.1177 0.1575, -1.2795 0.9138 0.1575, -1.2795 -2.1177 0.1575, 1.122 2.1343 0.1575, 1.2795 2.1343 0.1575, 1.122 -1.0941 0.1575, 1.2795 -1.0941 0.1575, 1.122 -1.9996 0.1575, 1.122 -1.6059 0.1575, 1.2795 -1.9996 0.1575, 1.2795 -1.6059 0.1575, 1.122 -2.1965 0.3543, 1.2795 -2.1965 0.3543, 1.122 -2.1965 0.8964, 1.2795 -2.1965 0.8964, 1.1217 -2.1965 0.9018, 1.2776 -2.1965 0.9238, 1.1205 -2.1965 0.9072, 1.2719 -2.1965 0.9507, 0.8957 -2.1965 1.6893, 1.0531 -2.1965 1.7115, 0.8957 -2.1965 1.9083, 1.0531 -2.1965 1.9083, 1.0531 -2.3933 2.1052, 0.8957 -2.3933 2.1052, 1.0531 -2.3424 2.0985, 0.8957 -2.3424 2.0985, 1.0531 -2.2949 2.0788, 0.8957 -2.2949 2.0788, 1.0531 -2.2541 2.0475, 0.8957 -2.2541 2.0475, 1.0531 -2.2228 2.0068, 0.8957 -2.2228 2.0068, 1.0531 -2.2032 1.9593, 0.8957 -2.2032 1.9593, 1.0531 -2.6295 2.302, 0.8957 -2.6295 2.302, 0.8957 -2.6228 2.2511, 1.0531 -2.6228 2.2511, 0.8957 -2.6032 2.2036, 1.0531 -2.6032 2.2036, 0.8957 -2.5719 2.1628, 1.0531 -2.5719 2.1628, 0.8957 -2.5311 2.1316, 1.0531 -2.5311 2.1316, 0.8957 -2.4836 2.1119, 1.0531 -2.4836 2.1119, 0.8957 -2.4327 2.1052, 1.0531 -2.4327 2.1052, 1.122 -2.1897 0.3034, 1.2795 -2.1897 0.3034, 1.122 -2.1701 0.2559, 1.2795 -2.1701 0.2559, 1.122 -2.1388 0.2151, 1.2795 -2.1388 0.2151, 1.122 -2.098 0.1839, 1.2795 -2.098 0.1839, 1.122 -2.0506 0.1642, 1.2795 -2.0506 0.1642, 1.0531 -5.4248 2.0472, 1.0531 -3.2398 2.0472, 0.8957 -5.4248 2.0472, 0.8957 -3.2398 2.0472, 0.8957 -5.5429 2.1654, 0.8957 -5.5429 2.7165, 1.0531 -5.5429 2.1654, 1.0531 -5.5429 2.7165, 0.8957 -5.4248 2.8346, 0.8957 -3.2398 2.8346, 1.0531 -5.4248 2.8346, 1.0531 -3.2398 2.8346, 0.817 -5.3789 2.7165, 0.946 -5.2886 2.7165, 0.7039 -5.2174 2.7165, 0.8329 -5.127 2.7165, 0.6649 -5.1449 2.7165, 0.8112 -5.0868 2.7165, 0.6436 -5.0655 2.7165, 0.7994 -5.0427 2.7165, 0.6412 -4.9832 2.7165, 0.7981 -4.997 2.7165, 0.6578 -4.9027 2.7165, 0.8073 -4.9522 2.7165, 0.6926 -4.8281 2.7165, 0.8266 -4.9108 2.7165, 0.7436 -4.7636 2.7165, 0.855 -4.8749 2.7165, 0.8841 -4.6231 2.7165, 0.9955 -4.7344 2.7165, 0.889 -4.6171 2.7165, 1.02 -4.7046 2.7165, 0.8927 -4.6103 2.7165, 1.0382 -4.6706 2.7165, 0.8949 -4.6029 2.7165, 1.0494 -4.6336 2.7165, 0.8957 -4.5952 2.7165, 1.0531 -4.5952 2.7165, 0.8957 -3.2398 2.7165, 1.0531 -3.2398 2.7165, 0.8957 -3.2398 2.1654, 1.0531 -3.2398 2.1654, 0.8957 -4.5952 2.1654, 1.0531 -4.5952 2.1654, 0.8949 -4.6029 2.1654, 1.0494 -4.6336 2.1654, 0.8927 -4.6103 2.1654, 1.0382 -4.6706 2.1654, 0.889 -4.6171 2.1654, 1.02 -4.7046 2.1654, 0.8841 -4.6231 2.1654, 0.9955 -4.7344 2.1654, 0.7436 -4.7636 2.1654, 0.855 -4.8749 2.1654, 0.6926 -4.8281 2.1654, 0.8266 -4.9108 2.1654, 0.6578 -4.9027 2.1654, 0.8073 -4.9522 2.1654, 0.6412 -4.9832 2.1654, 0.7981 -4.997 2.1654, 0.6436 -5.0655 2.1654, 0.7994 -5.0427 2.1654, 0.6649 -5.1449 2.1654, 0.8112 -5.0868 2.1654, 0.7039 -5.2174 2.1654, 0.8329 -5.127 2.1654, 0.817 -5.3789 2.1654, 0.946 -5.2886 2.1654, 0.8957 -5.4248 4.8032, 0.8957 -3.2398 4.8032, 1.0531 -5.4248 4.8032, 1.0531 -3.2398 4.8032, 0.817 -5.3789 4.685, 0.946 -5.2886 4.685, 0.7039 -5.2174 4.685, 0.8329 -5.127 4.685, 0.6649 -5.1449 4.685, 0.8112 -5.0868 4.685, 0.6436 -5.0655 4.685, 0.7994 -5.0427 4.685, 0.6412 -4.9832 4.685, 0.7981 -4.997 4.685, 0.6578 -4.9027 4.685, 0.8073 -4.9522 4.685, 0.6926 -4.8281 4.685, 0.8266 -4.9108 4.685, 0.7436 -4.7636 4.685, 0.855 -4.8749 4.685, 0.8841 -4.6231 4.685, 0.9955 -4.7344 4.685, 0.889 -4.6171 4.685, 1.02 -4.7046 4.685, 0.8927 -4.6103 4.685, 1.0382 -4.6706 4.685, 0.8949 -4.6029 4.685, 1.0494 -4.6336 4.685, 0.8957 -4.5952 4.685, 1.0531 -4.5952 4.685, 0.8957 -3.2398 4.685, 1.0531 -3.2398 4.685, 0.8957 -3.2398 4.1339, 1.0531 -3.2398 4.1339, 0.8957 -4.5952 4.1339, 1.0531 -4.5952 4.1339, 0.8949 -4.6029 4.1339, 1.0494 -4.6336 4.1339, 0.8927 -4.6103 4.1339, 1.0382 -4.6706 4.1339, 0.889 -4.6171 4.1339, 1.02 -4.7046 4.1339, 0.8841 -4.6231 4.1339, 0.9955 -4.7344 4.1339, 0.7436 -4.7636 4.1339, 0.855 -4.8749 4.1339, 0.6926 -4.8281 4.1339, 0.8266 -4.9108 4.1339, 0.6578 -4.9027 4.1339, 0.8073 -4.9522 4.1339, 0.6412 -4.9832 4.1339, 0.7981 -4.997 4.1339, 0.6436 -5.0655 4.1339, 0.7994 -5.0427 4.1339, 0.6649 -5.1449 4.1339, 0.8112 -5.0868 4.1339, 0.7039 -5.2174 4.1339, 0.8329 -5.127 4.1339, 0.817 -5.3789 4.1339, 0.946 -5.2886 4.1339, 1.0531 -5.4248 4.0158, 1.0531 -3.2398 4.0158, 0.8957 -5.4248 4.0158, 0.8957 -3.2398 4.0158, 0.8957 -5.5429 4.1339, 0.8957 -5.5429 4.685, 1.0531 -5.5429 4.1339, 1.0531 -5.5429 4.685, -0.817 -5.3789 2.1654, -0.946 -5.2886 2.1654, -0.7039 -5.2174 2.1654, -0.8329 -5.127 2.1654, -0.6649 -5.1449 2.1654, -0.8112 -5.0868 2.1654, -0.6436 -5.0655 2.1654, -0.7994 -5.0427 2.1654, -0.6412 -4.9832 2.1654, -0.7981 -4.997 2.1654, -0.6578 -4.9027 2.1654, -0.8073 -4.9522 2.1654, -0.6926 -4.8281 2.1654, -0.8266 -4.9108 2.1654, -0.7436 -4.7636 2.1654, -0.855 -4.8749 2.1654, -0.8841 -4.6231 2.1654, -0.9955 -4.7344 2.1654, -0.889 -4.6171 2.1654, -1.02 -4.7046 2.1654, -0.8927 -4.6103 2.1654, -1.0382 -4.6706 2.1654, -0.8949 -4.6029 2.1654, -1.0494 -4.6336 2.1654, -0.8957 -4.5952 2.1654, -1.0531 -4.5952 2.1654, -0.8957 -3.2398 2.1654, -1.0531 -3.2398 2.1654, -0.946 -5.2886 2.7165, -0.817 -5.3789 2.7165, -0.8329 -5.127 2.7165, -0.7039 -5.2174 2.7165, -0.8112 -5.0868 2.7165, -0.6649 -5.1449 2.7165, -0.7994 -5.0427 2.7165, -0.6436 -5.0655 2.7165, -0.7981 -4.997 2.7165, -0.6412 -4.9832 2.7165, -0.8073 -4.9522 2.7165, -0.6578 -4.9027 2.7165, -0.8266 -4.9108 2.7165, -0.6926 -4.8281 2.7165, -0.855 -4.8749 2.7165, -0.7436 -4.7636 2.7165, -0.9955 -4.7344 2.7165, -0.8841 -4.6231 2.7165, -1.02 -4.7046 2.7165, -0.889 -4.6171 2.7165, -1.0382 -4.6706 2.7165, -0.8927 -4.6103 2.7165, -1.0494 -4.6336 2.7165, -0.8949 -4.6029 2.7165, -1.0531 -4.5952 2.7165, -0.8957 -4.5952 2.7165, -1.0531 -3.2398 2.7165, -0.8957 -3.2398 2.7165, -1.0531 -5.4248 2.8346, -1.0531 -3.2398 2.8346, -0.8957 -5.4248 2.8346, -0.8957 -3.2398 2.8346, -0.8957 -5.5429 2.7165, -0.8957 -5.5429 2.1654, -1.0531 -5.5429 2.7165, -1.0531 -5.5429 2.1654, -0.8957 -5.4248 2.0472, -0.8957 -3.2398 2.0472, -1.0531 -5.4248 2.0472, -1.0531 -3.2398 2.0472, -1.0531 -5.5429 4.1339, -1.0531 -5.5429 4.685, -0.8957 -5.5429 4.1339, -0.8957 -5.5429 4.685, -0.8957 -5.4248 4.0158, -0.8957 -3.2398 4.0158, -1.0531 -5.4248 4.0158, -1.0531 -3.2398 4.0158, -0.817 -5.3789 4.1339, -0.946 -5.2886 4.1339, -0.7039 -5.2174 4.1339, -0.8329 -5.127 4.1339, -0.6649 -5.1449 4.1339, -0.8112 -5.0868 4.1339, -0.6436 -5.0655 4.1339, -0.7994 -5.0427 4.1339, -0.6412 -4.9832 4.1339, -0.7981 -4.997 4.1339, -0.6578 -4.9027 4.1339, -0.8073 -4.9522 4.1339, -0.6926 -4.8281 4.1339, -0.8266 -4.9108 4.1339, -0.7436 -4.7636 4.1339, -0.855 -4.8749 4.1339, -0.8841 -4.6231 4.1339, -0.9955 -4.7344 4.1339, -0.889 -4.6171 4.1339, -1.02 -4.7046 4.1339, -0.8927 -4.6103 4.1339, -1.0382 -4.6706 4.1339, -0.8949 -4.6029 4.1339, -1.0494 -4.6336 4.1339, -0.8957 -4.5952 4.1339, -1.0531 -4.5952 4.1339, -0.8957 -3.2398 4.1339, -1.0531 -3.2398 4.1339, -0.8957 -3.2398 4.685, -1.0531 -3.2398 4.685, -0.8957 -4.5952 4.685, -1.0531 -4.5952 4.685, -0.8949 -4.6029 4.685, -1.0494 -4.6336 4.685, -0.8927 -4.6103 4.685, -1.0382 -4.6706 4.685, -0.889 -4.6171 4.685, -1.02 -4.7046 4.685, -0.8841 -4.6231 4.685, -0.9955 -4.7344 4.685, -0.7436 -4.7636 4.685, -0.855 -4.8749 4.685, -0.6926 -4.8281 4.685, -0.8266 -4.9108 4.685, -0.6578 -4.9027 4.685, -0.8073 -4.9522 4.685, -0.6412 -4.9832 4.685, -0.7981 -4.997 4.685, -0.6436 -5.0655 4.685, -0.7994 -5.0427 4.685, -0.6649 -5.1449 4.685, -0.8112 -5.0868 4.685, -0.7039 -5.2174 4.685, -0.8329 -5.127 4.685, -0.817 -5.3789 4.685, -0.946 -5.2886 4.685, -1.0531 -5.4248 4.8032, -1.0531 -3.2398 4.8032, -0.8957 -5.4248 4.8032, -0.8957 -3.2398 4.8032, 0.8957 -3.2245 4.6871, 1.0531 -3.2245 4.6871, 0.8957 -3.2102 4.693, 1.0531 -3.2102 4.693, 0.8957 -3.198 4.7023, 1.0531 -3.198 4.7023, 0.8957 -3.1886 4.7146, 1.0531 -3.1886 4.7146, 0.8957 -3.1827 4.7288, 1.0531 -3.1827 4.7288, 0.8957 -3.1807 4.7441, 1.0531 -3.1807 4.7441, 0.8957 -3.1827 4.7594, 1.0531 -3.1827 4.7594, 0.8957 -3.1886 4.7736, 1.0531 -3.1886 4.7736, 0.8957 -3.198 4.7859, 1.0531 -3.198 4.7859, 0.8957 -3.2102 4.7952, 1.0531 -3.2102 4.7952, 0.8957 -3.2245 4.8011, 1.0531 -3.2245 4.8011, 0.8957 -3.2245 4.0178, 1.0531 -3.2245 4.0178, 0.8957 -3.2102 4.0237, 1.0531 -3.2102 4.0237, 0.8957 -3.198 4.033, 1.0531 -3.198 4.033, 0.8957 -3.1886 4.0453, 1.0531 -3.1886 4.0453, 0.8957 -3.1827 4.0595, 1.0531 -3.1827 4.0595, 0.8957 -3.1807 4.0748, 1.0531 -3.1807 4.0748, 0.8957 -3.1827 4.0901, 1.0531 -3.1827 4.0901, 0.8957 -3.1886 4.1043, 1.0531 -3.1886 4.1043, 0.8957 -3.198 4.1166, 1.0531 -3.198 4.1166, 0.8957 -3.2102 4.1259, 1.0531 -3.2102 4.1259, 0.8957 -3.2245 4.1318, 1.0531 -3.2245 4.1318, 0.8957 -3.2245 2.7186, 1.0531 -3.2245 2.7186, 0.8957 -3.2102 2.7245, 1.0531 -3.2102 2.7245, 0.8957 -3.198 2.7338, 1.0531 -3.198 2.7338, 0.8957 -3.1886 2.7461, 1.0531 -3.1886 2.7461, 0.8957 -3.1827 2.7603, 1.0531 -3.1827 2.7603, 0.8957 -3.1807 2.7756, 1.0531 -3.1807 2.7756, 0.8957 -3.1827 2.7909, 1.0531 -3.1827 2.7909, 0.8957 -3.1886 2.8051, 1.0531 -3.1886 2.8051, 0.8957 -3.198 2.8174, 1.0531 -3.198 2.8174, 0.8957 -3.2102 2.8267, 1.0531 -3.2102 2.8267, 0.8957 -3.2245 2.8326, 1.0531 -3.2245 2.8326, 0.8957 -3.2245 2.0493, 1.0531 -3.2245 2.0493, 0.8957 -3.2102 2.0552, 1.0531 -3.2102 2.0552, 0.8957 -3.198 2.0645, 1.0531 -3.198 2.0645, 0.8957 -3.1886 2.0768, 1.0531 -3.1886 2.0768, 0.8957 -3.1827 2.091, 1.0531 -3.1827 2.091, 0.8957 -3.1807 2.1063, 1.0531 -3.1807 2.1063, 0.8957 -3.1827 2.1216, 1.0531 -3.1827 2.1216, 0.8957 -3.1886 2.1358, 1.0531 -3.1886 2.1358, 0.8957 -3.198 2.1481, 1.0531 -3.198 2.1481, 0.8957 -3.2102 2.1574, 1.0531 -3.2102 2.1574, 0.8957 -3.2245 2.1633, 1.0531 -3.2245 2.1633, -1.0531 -3.1807 2.1063, -0.8957 -3.1807 2.1063, -1.0531 -3.1827 2.1216, -0.8957 -3.1827 2.1216, -1.0531 -3.1886 2.1358, -0.8957 -3.1886 2.1358, -1.0531 -3.198 2.1481, -0.8957 -3.198 2.1481, -1.0531 -3.2102 2.1574, -0.8957 -3.2102 2.1574, -1.0531 -3.2245 2.1633, -0.8957 -3.2245 2.1633, -1.0531 -3.2245 2.0493, -0.8957 -3.2245 2.0493, -1.0531 -3.2102 2.0552, -0.8957 -3.2102 2.0552, -1.0531 -3.198 2.0645, -0.8957 -3.198 2.0645, -1.0531 -3.1886 2.0768, -0.8957 -3.1886 2.0768, -1.0531 -3.1827 2.091, -0.8957 -3.1827 2.091, -1.0531 -3.1807 2.7756, -0.8957 -3.1807 2.7756, -1.0531 -3.1827 2.7909, -0.8957 -3.1827 2.7909, -1.0531 -3.1886 2.8051, -0.8957 -3.1886 2.8051, -1.0531 -3.198 2.8174, -0.8957 -3.198 2.8174, -1.0531 -3.2102 2.8267, -0.8957 -3.2102 2.8267, -1.0531 -3.2245 2.8326, -0.8957 -3.2245 2.8326, -1.0531 -3.2245 2.7186, -0.8957 -3.2245 2.7186, -1.0531 -3.2102 2.7245, -0.8957 -3.2102 2.7245, -1.0531 -3.198 2.7338, -0.8957 -3.198 2.7338, -1.0531 -3.1886 2.7461, -0.8957 -3.1886 2.7461, -1.0531 -3.1827 2.7603, -0.8957 -3.1827 2.7603, -1.0531 -3.1807 4.7441, -0.8957 -3.1807 4.7441, -1.0531 -3.1827 4.7594, -0.8957 -3.1827 4.7594, -1.0531 -3.1886 4.7736, -0.8957 -3.1886 4.7736, -1.0531 -3.198 4.7859, -0.8957 -3.198 4.7859, -1.0531 -3.2102 4.7952, -0.8957 -3.2102 4.7952, -1.0531 -3.2245 4.8011, -0.8957 -3.2245 4.8011, -1.0531 -3.2245 4.6871, -0.8957 -3.2245 4.6871, -1.0531 -3.2102 4.693, -0.8957 -3.2102 4.693, -1.0531 -3.198 4.7023, -0.8957 -3.198 4.7023, -1.0531 -3.1886 4.7146, -0.8957 -3.1886 4.7146, -1.0531 -3.1827 4.7288, -0.8957 -3.1827 4.7288, -1.0531 -3.2245 4.0178, -0.8957 -3.2245 4.0178, -1.0531 -3.2102 4.0237, -0.8957 -3.2102 4.0237, -1.0531 -3.198 4.033, -0.8957 -3.198 4.033, -1.0531 -3.1886 4.0453, -0.8957 -3.1886 4.0453, -1.0531 -3.1827 4.0595, -0.8957 -3.1827 4.0595, -1.0531 -3.1807 4.0748, -0.8957 -3.1807 4.0748, -1.0531 -3.1827 4.0901, -0.8957 -3.1827 4.0901, -1.0531 -3.1886 4.1043, -0.8957 -3.1886 4.1043, -1.0531 -3.198 4.1166, -0.8957 -3.198 4.1166, -1.0531 -3.2102 4.1259, -0.8957 -3.2102 4.1259, -1.0531 -3.2245 4.1318, -0.8957 -3.2245 4.1318, 0.8957 -5.5389 2.1348, 1.0531 -5.5389 2.1348, 0.8957 -5.5271 2.1063, 1.0531 -5.5271 2.1063, 0.8957 -5.5083 2.0818, 1.0531 -5.5083 2.0818, 0.8957 -5.4839 2.0631, 1.0531 -5.4839 2.0631, 0.8957 -5.4554 2.0513, 1.0531 -5.4554 2.0513, 0.8957 -5.4554 2.8306, 1.0531 -5.4554 2.8306, 0.8957 -5.4839 2.8188, 1.0531 -5.4839 2.8188, 0.8957 -5.5083 2.8001, 1.0531 -5.5083 2.8001, 0.8957 -5.5271 2.7756, 1.0531 -5.5271 2.7756, 0.8957 -5.5389 2.7471, 1.0531 -5.5389 2.7471, 0.8957 -5.5389 4.1033, 1.0531 -5.5389 4.1033, 0.8957 -5.5271 4.0748, 1.0531 -5.5271 4.0748, 0.8957 -5.5083 4.0503, 1.0531 -5.5083 4.0503, 0.8957 -5.4839 4.0316, 1.0531 -5.4839 4.0316, 0.8957 -5.4554 4.0198, 1.0531 -5.4554 4.0198, 0.8957 -5.4554 4.7991, 1.0531 -5.4554 4.7991, 0.8957 -5.4839 4.7873, 1.0531 -5.4839 4.7873, 0.8957 -5.5083 4.7686, 1.0531 -5.5083 4.7686, 0.8957 -5.5271 4.7441, 1.0531 -5.5271 4.7441, 0.8957 -5.5389 4.7156, 1.0531 -5.5389 4.7156, -1.0531 -5.4554 2.8306, -0.8957 -5.4554 2.8306, -1.0531 -5.4839 2.8188, -0.8957 -5.4839 2.8188, -1.0531 -5.5083 2.8001, -0.8957 -5.5083 2.8001, -1.0531 -5.5271 2.7756, -0.8957 -5.5271 2.7756, -1.0531 -5.5389 2.7471, -0.8957 -5.5389 2.7471, -1.0531 -5.5389 2.1348, -0.8957 -5.5389 2.1348, -1.0531 -5.5271 2.1063, -0.8957 -5.5271 2.1063, -1.0531 -5.5083 2.0818, -0.8957 -5.5083 2.0818, -1.0531 -5.4839 2.0631, -0.8957 -5.4839 2.0631, -1.0531 -5.4554 2.0513, -0.8957 -5.4554 2.0513, -1.0531 -5.5389 4.1033, -0.8957 -5.5389 4.1033, -1.0531 -5.5271 4.0748, -0.8957 -5.5271 4.0748, -1.0531 -5.5083 4.0503, -0.8957 -5.5083 4.0503, -1.0531 -5.4839 4.0316, -0.8957 -5.4839 4.0316, -1.0531 -5.4554 4.0198, -0.8957 -5.4554 4.0198, -1.0531 -5.4554 4.7991, -0.8957 -5.4554 4.7991, -1.0531 -5.4839 4.7873, -0.8957 -5.4839 4.7873, -1.0531 -5.5083 4.7686, -0.8957 -5.5083 4.7686, -1.0531 -5.5271 4.7441, -0.8957 -5.5271 4.7441, -1.0531 -5.5389 4.7156, -0.8957 -5.5389 4.7156, 1.0138 -5.3853 4.5669, 1.0138 -5.3853 4.252, 0.9754 -5.3305 4.1456, 0.9611 -5.3101 4.1368, 1.0121 -5.3829 4.2257, 1.0071 -5.3757 4.2007, 0.9636 -5.3136 4.681, 0.9799 -5.3369 4.6692, 1.0115 -5.382 4.5975, 0.9939 -5.357 4.6504, 1.0047 -5.3724 4.626, 0.999 -5.3642 4.1783, 0.9883 -5.3489 4.1596, 0.8781 -5.4661 4.2007, 0.8831 -5.4732 4.2257, 0.8848 -5.4756 4.252, 0.8848 -5.4756 4.5669, 0.8321 -5.4004 4.1368, 0.8464 -5.4209 4.1456, 0.8593 -5.4392 4.1596, 0.87 -5.4545 4.1783, 0.8757 -5.4627 4.626, 0.8649 -5.4473 4.6504, 0.8825 -5.4723 4.5975, 0.8509 -5.4273 4.6692, 0.8346 -5.4039 4.681, 1.0138 -5.3853 2.5984, 1.0138 -5.3853 2.2835, 1.0115 -5.382 2.629, 0.9636 -5.3136 2.7125, 0.9799 -5.3369 2.7007, 0.9939 -5.357 2.6819, 1.0047 -5.3724 2.6575, 1.0115 -5.382 2.2529, 0.9636 -5.3136 2.1694, 1.0047 -5.3724 2.2244, 0.9939 -5.357 2.2, 0.9799 -5.3369 2.1812, 0.8848 -5.4756 2.2835, 0.8848 -5.4756 2.5984, 0.8825 -5.4723 2.2529, 0.8509 -5.4273 2.1812, 0.8649 -5.4473 2.2, 0.8757 -5.4627 2.2244, 0.8825 -5.4723 2.629, 0.8346 -5.4039 2.1694, 0.8757 -5.4627 2.6575, 0.8649 -5.4473 2.6819, 0.8346 -5.4039 2.7125, 0.8509 -5.4273 2.7007, -1.0115 -5.382 2.629, -1.0047 -5.3724 2.6575, -0.9939 -5.357 2.6819, -1.0047 -5.3724 2.2244, -0.9939 -5.357 2.2, -0.9636 -5.3136 2.1694, -0.9799 -5.3369 2.1812, -1.0138 -5.3853 2.5984, -0.9799 -5.3369 2.7007, -0.9636 -5.3136 2.7125, -1.0138 -5.3853 2.2835, -1.0115 -5.382 2.2529, -0.8848 -5.4756 2.2835, -0.8848 -5.4756 2.5984, -0.8346 -5.4039 2.7125, -0.8649 -5.4473 2.2, -0.8509 -5.4273 2.1812, -0.8346 -5.4039 2.1694, -0.8757 -5.4627 2.6575, -0.8825 -5.4723 2.629, -0.8649 -5.4473 2.6819, -0.8509 -5.4273 2.7007, -0.8757 -5.4627 2.2244, -0.8825 -5.4723 2.2529, -1.0138 -5.3853 4.252, -1.0138 -5.3853 4.5669, -0.9636 -5.3136 4.1379, -0.9799 -5.3369 4.1497, -0.9939 -5.357 4.1685, -1.0047 -5.3724 4.1929, -1.0115 -5.382 4.2214, -1.0047 -5.3724 4.626, -0.9939 -5.357 4.6504, -1.0115 -5.382 4.5975, -0.9799 -5.3369 4.6692, -0.9636 -5.3136 4.681, -0.8848 -5.4756 4.252, -0.8848 -5.4756 4.5669, -0.8649 -5.4473 4.6504, -0.8825 -5.4723 4.5975, -0.8757 -5.4627 4.626, -0.8346 -5.4039 4.681, -0.8509 -5.4273 4.6692, -0.8509 -5.4273 4.1497, -0.8346 -5.4039 4.1379, -0.8825 -5.4723 4.2214, -0.8757 -5.4627 4.1929, -0.8649 -5.4473 4.1685, 1.2795 2.1343 -1.4567, 1.122 2.1343 -1.4567, 1.122 2.1383 -1.4873, 1.2795 2.1383 -1.4873, 1.122 2.1501 -1.5157, 1.2795 2.1501 -1.5157, 1.122 2.1688 -1.5402, 1.2795 2.1688 -1.5402, 1.122 2.1933 -1.559, 1.2795 2.1933 -1.559, 1.122 2.2218 -1.5708, 1.2795 2.2218 -1.5708, 1.122 2.2524 -1.5748, 1.2795 2.2524 -1.5748, 1.122 2.6461 -1.4567, 1.2795 2.6461 -1.4567, 1.2795 2.642 -1.4873, 1.122 2.642 -1.4873, 1.2795 2.6302 -1.5157, 1.122 2.6302 -1.5157, 1.2795 2.6115 -1.5402, 1.122 2.6115 -1.5402, 1.2795 2.587 -1.559, 1.122 2.587 -1.559, 1.2795 2.5585 -1.5708, 1.122 2.5585 -1.5708, 1.2795 2.528 -1.5748, 1.122 2.528 -1.5748, 1.311 -1.6059 -1.4609, 1.1592 -1.6059 -1.419, 1.151 -1.6019 -1.4485, 1.3028 -1.6019 -1.4904, 1.1434 -1.5901 -1.476, 1.2952 -1.5901 -1.5179, 1.1369 -1.5713 -1.4996, 1.2887 -1.5713 -1.5415, 1.1319 -1.5468 -1.5176, 1.2837 -1.5468 -1.5595, 1.1288 -1.5184 -1.529, 1.2806 -1.5184 -1.5709, 1.1277 -1.4878 -1.5329, 1.2795 -1.4878 -1.5748, 1.1592 -1.0941 -1.419, 1.311 -1.0941 -1.4609, 1.3028 -1.0981 -1.4904, 1.151 -1.0981 -1.4485, 1.2952 -1.1099 -1.5179, 1.1434 -1.1099 -1.476, 1.2887 -1.1287 -1.5415, 1.1369 -1.1287 -1.4996, 1.2837 -1.1531 -1.5595, 1.1319 -1.1531 -1.5176, 1.2806 -1.1816 -1.5709, 1.1288 -1.1816 -1.529, 1.2795 -1.2122 -1.5748, 1.1277 -1.2122 -1.5329, -1.1277 -2.2358 -1.5329, -1.2795 -2.2358 -1.5748, -1.2806 -2.2053 -1.5709, -1.1288 -2.2053 -1.529, -1.2837 -2.1768 -1.5595, -1.1319 -2.1768 -1.5176, -1.2887 -2.1523 -1.5415, -1.1369 -2.1523 -1.4996, -1.2952 -2.1335 -1.5179, -1.1434 -2.1335 -1.476, -1.3028 -2.1217 -1.4904, -1.151 -2.1217 -1.4485, -1.311 -2.1177 -1.4609, -1.1592 -2.1177 -1.419, -1.1592 -2.6295 -1.419, -1.311 -2.6295 -1.4609, -1.3028 -2.6255 -1.4904, -1.151 -2.6255 -1.4485, -1.2952 -2.6137 -1.5179, -1.1434 -2.6137 -1.476, -1.2887 -2.5949 -1.5415, -1.1369 -2.5949 -1.4996, -1.2837 -2.5705 -1.5595, -1.1319 -2.5705 -1.5176, -1.2806 -2.542 -1.5709, -1.1288 -2.542 -1.529, -1.2795 -2.5114 -1.5748, -1.1277 -2.5114 -1.5329, -1.2795 1.0319 -1.5748, -1.122 1.0319 -1.5748, -1.122 1.0013 -1.5708, -1.2795 1.0013 -1.5708, -1.122 0.9728 -1.559, -1.2795 0.9728 -1.559, -1.122 0.9484 -1.5402, -1.2795 0.9484 -1.5402, -1.122 0.9296 -1.5157, -1.2795 0.9296 -1.5157, -1.122 0.9178 -1.4873, -1.2795 0.9178 -1.4873, -1.122 0.9138 -1.4567, -1.2795 0.9138 -1.4567, -1.122 1.3075 -1.5748, -1.2795 1.3075 -1.5748, -1.2795 1.3381 -1.5708, -1.122 1.3381 -1.5708, -1.2795 1.3665 -1.559, -1.122 1.3665 -1.559, -1.2795 1.391 -1.5402, -1.122 1.391 -1.5402, -1.2795 1.4098 -1.5157, -1.122 1.4098 -1.5157, -1.2795 1.4216 -1.4873, -1.122 1.4216 -1.4873, -1.2795 1.4256 -1.4567, -1.122 1.4256 -1.4567, 1.3583 2.6364 0.3722, 1.3583 2.5797 0.3722, 1.5157 2.6364 0.3722, 1.4557 2.5972 0.3722, 1.5157 2.2642 0.3722, 1.3583 2.5797 0.7659, 1.3583 2.6364 0.7659, 1.4557 2.5972 0.7659, 1.5157 2.6364 0.7659, 1.5157 2.2642 0.7659, 1.3583 2.9217 0.2345, 1.3583 2.7642 0.2345, -1.3583 2.9217 0.2345, -1.3583 2.7642 0.2345, 1.3583 2.9217 1.2188, 1.0531 2.9217 1.2188, -1.0531 2.9217 1.2188, -1.3583 2.9217 1.2188, -0.5299 2.9217 1.4493, -0.5252 2.9217 1.4133, 0.4104 2.9217 3.3082, 0.4181 2.9217 3.3267, 0.3908 2.9217 1.5883, 0.4207 2.9217 3.3465, 0.4268 2.9217 1.5836, 1.0531 2.9217 3.3465, -0.4207 2.9217 3.3465, -0.4181 2.9217 3.3267, -1.0531 2.9217 3.3465, -0.4104 2.9217 3.3082, -0.4604 2.9217 1.5697, -0.4892 2.9217 1.5476, -0.5113 2.9217 1.5188, -0.5252 2.9217 1.4853, -0.5113 2.9217 1.3797, -0.4892 2.9217 1.3509, -0.4604 2.9217 1.3288, 0.4268 2.9217 1.315, 0.4604 2.9217 1.3288, 0.4892 2.9217 1.3509, 0.5113 2.9217 1.3797, 0.5252 2.9217 1.4853, 0.5113 2.9217 1.5188, 0.4892 2.9217 1.5476, 0.4604 2.9217 1.5697, 0.5252 2.9217 1.4133, 0.5299 2.9217 1.4493, 0.3442 2.9217 3.27, 0.364 2.9217 3.2726, 0.3824 2.9217 3.2802, 0.3983 2.9217 3.2924, -0.4268 2.9217 1.315, -0.3908 2.9217 1.3102, 0.3908 2.9217 1.3102, -0.3983 2.9217 3.2924, -0.3824 2.9217 3.2802, -0.4268 2.9217 1.5836, -0.364 2.9217 3.2726, -0.3442 2.9217 3.27, -0.3908 2.9217 1.5883, -0.4181 2.7642 3.3267, -0.4207 2.7642 3.3465, -1.0531 2.7642 3.3465, 1.3583 2.7642 1.2188, 1.0531 2.7642 1.2188, -0.4892 2.7642 1.5476, -0.4604 2.7642 1.5697, -0.4268 2.7642 1.315, -0.4604 2.7642 1.3288, -1.0531 2.7642 1.2188, -0.3824 2.7642 3.2802, -0.3983 2.7642 3.2924, 0.4604 2.7642 1.5697, 0.4892 2.7642 1.5476, 0.5113 2.7642 1.5188, 0.5252 2.7642 1.4853, 0.5299 2.7642 1.4493, 0.4604 2.7642 1.3288, 0.4268 2.7642 1.315, 0.3908 2.7642 1.3102, -0.3908 2.7642 1.3102, -0.4104 2.7642 3.3082, 0.5252 2.7642 1.4133, 0.5113 2.7642 1.3797, 0.4892 2.7642 1.3509, -1.3583 2.7642 1.2188, -0.4892 2.7642 1.3509, -0.5113 2.7642 1.3797, -0.5252 2.7642 1.4133, -0.5299 2.7642 1.4493, -0.5252 2.7642 1.4853, -0.5113 2.7642 1.5188, 0.4207 2.7642 3.3465, 0.4181 2.7642 3.3267, 1.0531 2.7642 3.3465, 0.4104 2.7642 3.3082, 0.3983 2.7642 3.2924, 0.3824 2.7642 3.2802, 0.364 2.7642 3.2726, 0.4268 2.7642 1.5836, -0.364 2.7642 3.2726, -0.4268 2.7642 1.5836, -0.3908 2.7642 1.5883, 0.3908 2.7642 1.5883, 0.3442 2.7642 3.27, -0.3442 2.7642 3.27, 0.6988 0.0409 6.2925, 0.6988 -0.0705 6.1811, 0.6988 0.0916 6.2417, 0.6988 -0.0197 6.1303, -0.1203 -0.0705 6.1811, -0.1203 0.0409 6.2925, -0.1203 -0.0197 6.1303, -0.1203 0.0916 6.2417, -0.1203 -0.228 6.1811, -0.1203 -0.0705 6.3386, -0.1203 -0.228 6.3386, 0.6988 -0.228 6.1811, 0.6988 -0.228 6.3386, 0.6988 -0.0705 6.3386, 0.6988 0.0083 6.3175, 0.6988 -0.0297 6.3332, -0.1203 0.0083 6.3175, -0.1203 -0.0297 6.3332, 1.0531 2.8755 3.4578, -1.0531 2.8755 3.4578, 1.0531 0.37 5.9633, -1.0531 1.1017 5.2317, -0.4181 2.7444 3.3663, -1.0531 0.9903 5.1203, 0.4181 2.7444 3.3663, 0.4104 2.7259 3.3847, -0.3735 2.6935 3.4171, -0.364 2.6903 3.4203, 1.0531 0.2587 5.852, -0.3442 2.6877 3.4229, 0.3442 2.6877 3.4229, -0.3824 2.6979 3.4127, -0.3542 2.6883 3.4223, 0.3542 2.6883 3.4223, 0.364 2.6903 3.4203, 0.3735 2.6935 3.4171, 0.3824 2.6979 3.4127, 0.3908 2.7035 3.4071, 0.3983 2.7101 3.4005, -0.4104 2.7259 3.3847, -0.3983 2.7101 3.4005, -0.3908 2.7035 3.4071, 1.0531 2.9163 3.3872, 1.0531 2.9006 3.4252, -0.4103 2.9169 3.3846, -0.4148 2.9189 3.3758, -1.0531 2.9163 3.3872, -0.42 2.9213 3.3565, -0.4181 2.9204 3.3663, 0.4085 2.9162 3.3872, 0.3983 2.9121 3.4005, 0.3824 2.907 3.4127, -0.3442 2.9018 3.4229, 0.3442 2.9018 3.4229, 0.3542 2.9022 3.4223, 0.3735 2.9049 3.4171, 0.364 2.9032 3.4203, -0.3542 2.9022 3.4223, -1.0531 2.9006 3.4252, -0.364 2.9032 3.4203, -0.3735 2.9049 3.4171, -0.3824 2.907 3.4127, -0.3983 2.9121 3.4005, -0.4089 2.9163 3.3872, 0.42 2.9213 3.3565, 0.4181 2.9204 3.3663, 0.4148 2.9189 3.3758, 0.4104 2.9169 3.3847, 1.3933 2.9177 1.2188, 1.4266 2.9061 1.2188, 1.5002 2.8325 1.2188, 1.5118 2.7992 1.2188, 1.5157 2.7642 1.2188, 1.4814 2.8624 1.2188, 1.4565 2.8873 1.2188, 1.5157 2.7642 0.2345, 1.5118 2.7992 0.2345, 1.5002 2.8325 0.2345, 1.4814 2.8624 0.2345, 1.4565 2.8873 0.2345, 1.4266 2.9061 0.2345, 1.3933 2.9177 0.2345, 1.5157 1.9374 1.2188, 1.3583 1.9374 1.2188, 1.5157 1.9374 0.2345, 1.3583 1.9374 0.2345, 1.3583 2.2501 0.7659, 1.3583 2.2501 0.3722, -1.3933 2.9177 0.2345, -1.4266 2.9061 0.2345, -1.5157 2.7642 0.2345, -1.5118 2.7992 0.2345, -1.5002 2.8325 0.2345, -1.4814 2.8624 0.2345, -1.4565 2.8873 0.2345, -1.5157 2.7642 1.2188, -1.5118 2.7992 1.2188, -1.5002 2.8325 1.2188, -1.4814 2.8624 1.2188, -1.4565 2.8873 1.2188, -1.4266 2.9061 1.2188, -1.3933 2.9177 1.2188, -1.5157 1.9374 0.2345, -1.3583 1.9374 0.2345, -1.5157 1.9374 1.2188, -1.3583 1.9374 1.2188, -1.5157 2.6364 0.7659, -1.5157 2.2642 0.7659, -1.5157 2.2642 0.3722, -1.5157 2.6364 0.3722, -1.3583 2.6364 0.7659, -1.3583 2.6364 0.3722, -1.3583 2.5797 0.3722, -1.3583 2.2501 0.3722, -1.3583 2.2501 0.7659, -1.3583 2.5797 0.7659, -1.4557 2.5972 0.7659, -1.4557 2.5972 0.3722, -1.3007 2.5693 0.7659, -1.3007 2.5693 0.3722, 1.3007 2.5693 0.7659, 1.3007 2.5693 0.3722
            ]
        }
        coordIndex [
            0,1,2,-1,2,1,3,-1,4,5,6,-1,6,5,7,-1,8,9,10,-1,10,9,11,-1,12,13,14,-1,14,13,15,-1,16,17,18,-1,18,17,19,-1,18,19,20,-1,20,19,21,-1,20,21,22,-1,22,21,23,-1,22,23,24,-1,24,23,25,-1,24,25,26,-1,26,25,27,-1,28,29,30,-1,30,29,31,-1,30,31,32,-1,32,31,33,-1,32,33,34,-1,34,33,35,-1,34,35,36,-1,36,35,37,-1,36,37,38,-1,38,37,39,-1,38,39,27,-1,27,39,26,-1,40,41,42,-1,40,42,43,-1,43,42,44,-1,43,44,45,-1,45,44,46,-1,45,46,47,-1,47,46,48,-1,47,48,49,-1,49,48,50,-1,49,50,51,-1,51,50,52,-1,51,52,53,-1,17,16,54,-1,17,54,55,-1,55,54,56,-1,55,56,57,-1,57,56,58,-1,57,58,59,-1,59,58,60,-1,59,60,61,-1,61,60,62,-1,61,62,63,-1,63,62,12,-1,63,12,14,-1,64,65,66,-1,66,65,67,-1,68,69,70,-1,70,69,71,-1,72,73,74,-1,74,73,75,-1,76,77,78,-1,78,77,79,-1,78,79,80,-1,80,79,81,-1,80,81,82,-1,82,81,83,-1,82,83,84,-1,84,83,85,-1,84,85,86,-1,86,85,87,-1,86,87,88,-1,88,87,89,-1,88,89,90,-1,90,89,91,-1,90,91,92,-1,92,91,93,-1,92,93,94,-1,94,93,95,-1,94,95,96,-1,96,95,97,-1,96,97,98,-1,98,97,99,-1,98,99,100,-1,100,99,101,-1,100,101,102,-1,102,101,103,-1,104,105,106,-1,106,105,107,-1,106,107,108,-1,108,107,109,-1,108,109,110,-1,110,109,111,-1,110,111,112,-1,112,111,113,-1,112,113,114,-1,114,113,115,-1,114,115,116,-1,116,115,117,-1,116,117,118,-1,118,117,119,-1,118,119,120,-1,120,119,121,-1,120,121,122,-1,122,121,123,-1,122,123,124,-1,124,123,125,-1,124,125,126,-1,126,125,127,-1,126,127,128,-1,128,127,129,-1,128,129,130,-1,130,129,131,-1,132,133,134,-1,134,133,135,-1,136,137,138,-1,138,137,139,-1,138,139,140,-1,140,139,141,-1,140,141,142,-1,142,141,143,-1,142,143,144,-1,144,143,145,-1,144,145,146,-1,146,145,147,-1,146,147,148,-1,148,147,149,-1,148,149,150,-1,150,149,151,-1,150,151,152,-1,152,151,153,-1,152,153,154,-1,154,153,155,-1,154,155,156,-1,156,155,157,-1,156,157,158,-1,158,157,159,-1,158,159,160,-1,160,159,161,-1,160,161,162,-1,162,161,163,-1,164,165,166,-1,166,165,167,-1,166,167,168,-1,168,167,169,-1,168,169,170,-1,170,169,171,-1,170,171,172,-1,172,171,173,-1,172,173,174,-1,174,173,175,-1,174,175,176,-1,176,175,177,-1,176,177,178,-1,178,177,179,-1,178,179,180,-1,180,179,181,-1,180,181,182,-1,182,181,183,-1,182,183,184,-1,184,183,185,-1,184,185,186,-1,186,185,187,-1,186,187,188,-1,188,187,189,-1,188,189,190,-1,190,189,191,-1,192,193,194,-1,194,193,195,-1,196,197,198,-1,198,197,199,-1,200,201,202,-1,202,201,203,-1,202,203,204,-1,204,203,205,-1,204,205,206,-1,206,205,207,-1,206,207,208,-1,208,207,209,-1,208,209,210,-1,210,209,211,-1,210,211,212,-1,212,211,213,-1,212,213,214,-1,214,213,215,-1,214,215,216,-1,216,215,217,-1,216,217,218,-1,218,217,219,-1,218,219,220,-1,220,219,221,-1,220,221,222,-1,222,221,223,-1,222,223,224,-1,224,223,225,-1,224,225,226,-1,226,225,227,-1,228,229,230,-1,230,229,231,-1,230,231,232,-1,232,231,233,-1,232,233,234,-1,234,233,235,-1,234,235,236,-1,236,235,237,-1,236,237,238,-1,238,237,239,-1,238,239,240,-1,240,239,241,-1,240,241,242,-1,242,241,243,-1,242,243,244,-1,244,243,245,-1,244,245,246,-1,246,245,247,-1,246,247,248,-1,248,247,249,-1,248,249,250,-1,250,249,251,-1,250,251,252,-1,252,251,253,-1,252,253,254,-1,254,253,255,-1,256,257,258,-1,258,257,259,-1,260,261,262,-1,262,261,263,-1,264,265,266,-1,266,265,267,-1,268,269,270,-1,270,269,271,-1,272,273,274,-1,274,273,275,-1,276,277,278,-1,278,277,279,-1,278,279,280,-1,280,279,281,-1,280,281,282,-1,282,281,283,-1,282,283,284,-1,284,283,285,-1,284,285,286,-1,286,285,287,-1,286,287,288,-1,288,287,289,-1,288,289,290,-1,290,289,291,-1,290,291,292,-1,292,291,293,-1,292,293,294,-1,294,293,295,-1,294,295,296,-1,296,295,297,-1,296,297,298,-1,298,297,299,-1,298,299,300,-1,300,299,301,-1,300,301,302,-1,302,301,303,-1,304,305,306,-1,306,305,307,-1,306,307,308,-1,308,307,309,-1,308,309,310,-1,310,309,311,-1,310,311,312,-1,312,311,313,-1,312,313,314,-1,314,313,315,-1,314,315,316,-1,316,315,317,-1,316,317,318,-1,318,317,319,-1,318,319,320,-1,320,319,321,-1,320,321,322,-1,322,321,323,-1,322,323,324,-1,324,323,325,-1,324,325,326,-1,326,325,327,-1,326,327,328,-1,328,327,329,-1,328,329,330,-1,330,329,331,-1,332,333,334,-1,334,333,335,-1,162,163,336,-1,336,163,337,-1,336,337,338,-1,338,337,339,-1,338,339,340,-1,340,339,341,-1,340,341,342,-1,342,341,343,-1,342,343,344,-1,344,343,345,-1,344,345,346,-1,346,345,347,-1,346,347,348,-1,348,347,349,-1,348,349,350,-1,350,349,351,-1,350,351,352,-1,352,351,353,-1,352,353,354,-1,354,353,355,-1,354,355,356,-1,356,355,357,-1,356,357,133,-1,133,357,135,-1,195,193,358,-1,358,193,359,-1,358,359,360,-1,360,359,361,-1,360,361,362,-1,362,361,363,-1,362,363,364,-1,364,363,365,-1,364,365,366,-1,366,365,367,-1,366,367,368,-1,368,367,369,-1,368,369,370,-1,370,369,371,-1,370,371,372,-1,372,371,373,-1,372,373,374,-1,374,373,375,-1,374,375,376,-1,376,375,377,-1,376,377,378,-1,378,377,379,-1,378,379,164,-1,164,379,165,-1,102,103,380,-1,380,103,381,-1,380,381,382,-1,382,381,383,-1,382,383,384,-1,384,383,385,-1,384,385,386,-1,386,385,387,-1,386,387,388,-1,388,387,389,-1,388,389,390,-1,390,389,391,-1,390,391,392,-1,392,391,393,-1,392,393,394,-1,394,393,395,-1,394,395,396,-1,396,395,397,-1,396,397,398,-1,398,397,399,-1,398,399,400,-1,400,399,401,-1,400,401,73,-1,73,401,75,-1,67,65,402,-1,402,65,403,-1,402,403,404,-1,404,403,405,-1,404,405,406,-1,406,405,407,-1,406,407,408,-1,408,407,409,-1,408,409,410,-1,410,409,411,-1,410,411,412,-1,412,411,413,-1,412,413,414,-1,414,413,415,-1,414,415,416,-1,416,415,417,-1,416,417,418,-1,418,417,419,-1,418,419,420,-1,420,419,421,-1,420,421,422,-1,422,421,423,-1,422,423,104,-1,104,423,105,-1,424,425,426,-1,426,425,427,-1,426,427,428,-1,428,427,429,-1,428,429,430,-1,430,429,431,-1,430,431,432,-1,432,431,433,-1,432,433,434,-1,434,433,435,-1,434,435,227,-1,227,435,226,-1,267,265,436,-1,436,265,437,-1,436,437,438,-1,438,437,439,-1,438,439,440,-1,440,439,441,-1,440,441,442,-1,442,441,443,-1,442,443,444,-1,444,443,445,-1,444,445,424,-1,424,445,425,-1,446,447,448,-1,448,447,449,-1,448,449,450,-1,450,449,451,-1,450,451,452,-1,452,451,453,-1,452,453,454,-1,454,453,455,-1,454,455,456,-1,456,455,457,-1,456,457,257,-1,257,457,259,-1,254,255,458,-1,458,255,459,-1,458,459,460,-1,460,459,461,-1,460,461,462,-1,462,461,463,-1,462,463,464,-1,464,463,465,-1,464,465,466,-1,466,465,467,-1,466,467,446,-1,446,467,447,-1,468,469,470,-1,470,469,471,-1,470,471,472,-1,472,471,473,-1,472,473,474,-1,474,473,475,-1,474,475,476,-1,476,475,477,-1,476,477,478,-1,478,477,479,-1,478,479,333,-1,333,479,335,-1,305,304,480,-1,480,304,481,-1,480,481,482,-1,482,481,483,-1,482,483,484,-1,484,483,485,-1,484,485,486,-1,486,485,487,-1,486,487,488,-1,488,487,489,-1,488,489,468,-1,468,489,469,-1,275,273,490,-1,490,273,491,-1,490,491,492,-1,492,491,493,-1,492,493,494,-1,494,493,495,-1,494,495,496,-1,496,495,497,-1,496,497,498,-1,498,497,499,-1,498,499,500,-1,500,499,501,-1,500,501,502,-1,502,501,503,-1,502,503,504,-1,504,503,505,-1,504,505,506,-1,506,505,507,-1,506,507,508,-1,508,507,509,-1,508,509,510,-1,510,509,511,-1,510,511,303,-1,303,511,302,-1,68,70,512,-1,512,70,513,-1,512,513,514,-1,514,513,515,-1,514,515,516,-1,516,515,517,-1,516,517,518,-1,518,517,519,-1,518,519,520,-1,520,519,521,-1,520,521,66,-1,66,521,64,-1,72,74,522,-1,522,74,523,-1,522,523,524,-1,524,523,525,-1,524,525,526,-1,526,525,527,-1,526,527,528,-1,528,527,529,-1,528,529,530,-1,530,529,531,-1,530,531,69,-1,69,531,71,-1,196,198,532,-1,532,198,533,-1,532,533,534,-1,534,533,535,-1,534,535,536,-1,536,535,537,-1,536,537,538,-1,538,537,539,-1,538,539,540,-1,540,539,541,-1,540,541,194,-1,194,541,192,-1,132,134,542,-1,542,134,543,-1,542,543,544,-1,544,543,545,-1,544,545,546,-1,546,545,547,-1,546,547,548,-1,548,547,549,-1,548,549,550,-1,550,549,551,-1,550,551,197,-1,197,551,199,-1,256,258,552,-1,552,258,553,-1,552,553,554,-1,554,553,555,-1,554,555,556,-1,556,555,557,-1,556,557,558,-1,558,557,559,-1,558,559,560,-1,560,559,561,-1,560,561,262,-1,262,561,260,-1,263,261,562,-1,562,261,563,-1,562,563,564,-1,564,563,565,-1,564,565,566,-1,566,565,567,-1,566,567,568,-1,568,567,569,-1,568,569,570,-1,570,569,571,-1,570,571,266,-1,266,571,264,-1,268,270,572,-1,572,270,573,-1,572,573,574,-1,574,573,575,-1,574,575,576,-1,576,575,577,-1,576,577,578,-1,578,577,579,-1,578,579,580,-1,580,579,581,-1,580,581,274,-1,274,581,272,-1,332,334,582,-1,582,334,583,-1,582,583,584,-1,584,583,585,-1,584,585,586,-1,586,585,587,-1,586,587,588,-1,588,587,589,-1,588,589,590,-1,590,589,591,-1,590,591,269,-1,269,591,271,-1,139,137,189,-1,189,137,592,-1,189,592,593,-1,594,595,593,-1,593,595,191,-1,593,191,189,-1,593,596,597,-1,137,598,592,-1,592,598,599,-1,592,599,600,-1,600,599,601,-1,600,601,602,-1,597,603,593,-1,593,603,604,-1,593,604,594,-1,139,189,141,-1,141,189,187,-1,141,187,143,-1,143,187,185,-1,143,185,145,-1,145,185,183,-1,145,183,147,-1,147,183,181,-1,147,181,149,-1,149,181,179,-1,149,179,151,-1,151,179,177,-1,153,151,175,-1,175,151,177,-1,153,175,173,-1,153,173,155,-1,155,173,171,-1,155,171,157,-1,157,171,169,-1,157,169,159,-1,159,169,167,-1,159,167,161,-1,160,166,158,-1,158,166,168,-1,158,168,156,-1,156,168,170,-1,156,170,154,-1,154,170,172,-1,154,172,152,-1,152,172,174,-1,150,152,176,-1,176,152,174,-1,150,176,178,-1,150,178,148,-1,148,178,180,-1,148,180,146,-1,146,180,182,-1,146,182,144,-1,144,182,184,-1,144,184,142,-1,142,184,186,-1,142,186,140,-1,140,186,188,-1,140,188,138,-1,138,188,136,-1,136,188,190,-1,605,606,190,-1,190,606,607,-1,190,607,136,-1,136,607,608,-1,190,609,610,-1,610,611,190,-1,190,611,612,-1,190,612,605,-1,613,614,615,-1,615,614,616,-1,615,616,608,-1,608,616,617,-1,608,617,136,-1,593,592,607,-1,607,592,608,-1,618,619,129,-1,129,79,618,-1,618,79,77,-1,618,77,620,-1,620,77,621,-1,621,622,620,-1,620,622,623,-1,620,623,624,-1,625,626,619,-1,619,626,131,-1,619,131,129,-1,625,627,626,-1,626,627,628,-1,626,628,629,-1,619,618,630,-1,630,618,631,-1,632,630,130,-1,78,128,76,-1,76,128,130,-1,633,634,635,-1,130,630,76,-1,76,630,631,-1,76,631,636,-1,632,130,635,-1,635,130,637,-1,635,637,633,-1,636,638,76,-1,76,638,639,-1,76,639,640,-1,640,639,641,-1,128,78,80,-1,128,80,126,-1,126,80,82,-1,126,82,124,-1,124,82,84,-1,124,84,122,-1,122,84,86,-1,122,86,120,-1,120,86,88,-1,120,88,118,-1,118,88,90,-1,118,90,116,-1,114,116,92,-1,92,116,90,-1,114,92,112,-1,112,92,94,-1,112,94,110,-1,110,94,96,-1,110,96,108,-1,108,96,98,-1,108,98,106,-1,106,98,100,-1,107,101,99,-1,107,99,109,-1,109,99,97,-1,109,97,111,-1,111,97,95,-1,111,95,113,-1,113,95,93,-1,113,93,115,-1,117,115,91,-1,91,115,93,-1,117,91,119,-1,119,91,89,-1,119,89,121,-1,121,89,87,-1,121,87,123,-1,123,87,85,-1,123,85,125,-1,125,85,83,-1,125,83,127,-1,127,83,81,-1,127,81,129,-1,129,81,79,-1,230,203,201,-1,642,643,644,-1,645,201,646,-1,646,201,647,-1,646,647,648,-1,642,644,649,-1,649,644,650,-1,649,650,651,-1,651,228,649,-1,649,228,230,-1,649,230,652,-1,652,230,201,-1,652,201,653,-1,653,201,645,-1,203,230,205,-1,205,230,232,-1,205,232,207,-1,207,232,234,-1,207,234,209,-1,209,234,236,-1,209,236,211,-1,211,236,238,-1,211,238,213,-1,213,238,240,-1,213,240,215,-1,215,240,242,-1,217,215,244,-1,244,215,242,-1,217,244,246,-1,217,246,219,-1,219,246,248,-1,219,248,221,-1,221,248,250,-1,221,250,223,-1,223,250,252,-1,223,252,225,-1,224,253,222,-1,222,253,251,-1,222,251,220,-1,220,251,249,-1,220,249,218,-1,218,249,247,-1,218,247,216,-1,216,247,245,-1,214,216,243,-1,243,216,245,-1,214,243,241,-1,214,241,212,-1,212,241,239,-1,212,239,210,-1,210,239,237,-1,210,237,208,-1,208,237,235,-1,208,235,206,-1,206,235,233,-1,206,233,204,-1,204,233,231,-1,204,231,202,-1,200,202,654,-1,654,202,655,-1,202,231,655,-1,655,231,229,-1,655,229,656,-1,657,658,659,-1,660,661,662,-1,662,661,655,-1,662,655,663,-1,663,655,656,-1,657,659,664,-1,200,654,659,-1,659,654,665,-1,659,665,664,-1,649,652,655,-1,655,652,654,-1,279,666,329,-1,329,666,667,-1,329,667,331,-1,279,277,666,-1,666,277,668,-1,666,668,669,-1,669,670,666,-1,666,670,671,-1,666,671,672,-1,673,674,675,-1,675,674,676,-1,675,676,667,-1,667,676,677,-1,667,677,331,-1,678,679,666,-1,666,679,667,-1,678,278,679,-1,679,278,328,-1,679,328,330,-1,679,680,681,-1,681,680,682,-1,330,683,679,-1,679,683,684,-1,679,684,680,-1,685,686,678,-1,678,686,276,-1,678,276,278,-1,687,688,678,-1,678,688,689,-1,678,689,685,-1,328,278,280,-1,328,280,326,-1,326,280,282,-1,326,282,324,-1,324,282,284,-1,324,284,322,-1,322,284,286,-1,322,286,320,-1,320,286,288,-1,320,288,318,-1,318,288,290,-1,318,290,316,-1,314,316,292,-1,292,316,290,-1,314,292,312,-1,312,292,294,-1,312,294,310,-1,310,294,296,-1,310,296,308,-1,308,296,298,-1,308,298,306,-1,306,298,300,-1,307,301,299,-1,307,299,309,-1,309,299,297,-1,309,297,311,-1,311,297,295,-1,311,295,313,-1,313,295,293,-1,313,293,315,-1,317,315,291,-1,291,315,293,-1,317,291,319,-1,319,291,289,-1,319,289,321,-1,321,289,287,-1,321,287,323,-1,323,287,285,-1,323,285,325,-1,325,285,283,-1,325,283,327,-1,327,283,281,-1,327,281,329,-1,329,281,279,-1,190,191,595,-1,190,595,609,-1,609,595,594,-1,609,594,610,-1,610,594,604,-1,610,604,611,-1,611,604,603,-1,611,603,612,-1,612,603,597,-1,612,597,605,-1,605,597,596,-1,605,596,606,-1,606,596,593,-1,606,593,607,-1,608,592,600,-1,608,600,615,-1,615,600,602,-1,615,602,613,-1,613,602,601,-1,613,601,614,-1,614,601,599,-1,614,599,616,-1,616,599,598,-1,616,598,617,-1,617,598,137,-1,617,137,136,-1,619,630,632,-1,619,632,625,-1,625,632,635,-1,625,635,627,-1,627,635,634,-1,627,634,628,-1,628,634,633,-1,628,633,629,-1,629,633,637,-1,629,637,626,-1,626,637,130,-1,626,130,131,-1,77,76,640,-1,77,640,621,-1,621,640,641,-1,621,641,622,-1,622,641,639,-1,622,639,623,-1,623,639,638,-1,623,638,624,-1,624,638,636,-1,624,636,620,-1,620,636,631,-1,620,631,618,-1,229,228,651,-1,229,651,656,-1,656,651,650,-1,656,650,663,-1,663,650,644,-1,663,644,662,-1,662,644,643,-1,662,643,660,-1,660,643,642,-1,660,642,661,-1,661,642,649,-1,661,649,655,-1,654,652,653,-1,654,653,665,-1,665,653,645,-1,665,645,664,-1,664,645,646,-1,664,646,657,-1,657,646,648,-1,657,648,658,-1,658,648,647,-1,658,647,659,-1,659,647,201,-1,659,201,200,-1,277,276,686,-1,277,686,668,-1,668,686,685,-1,668,685,669,-1,669,685,689,-1,669,689,670,-1,670,689,688,-1,670,688,671,-1,671,688,687,-1,671,687,672,-1,672,687,678,-1,672,678,666,-1,667,679,681,-1,667,681,675,-1,675,681,682,-1,675,682,673,-1,673,682,680,-1,673,680,674,-1,674,680,684,-1,674,684,676,-1,676,684,683,-1,676,683,677,-1,677,683,330,-1,677,330,331,-1,690,691,692,-1,690,692,693,-1,693,692,694,-1,693,694,695,-1,695,694,696,-1,695,696,697,-1,697,696,698,-1,697,698,699,-1,699,698,700,-1,699,700,701,-1,701,700,702,-1,701,702,703,-1,704,705,706,-1,704,706,707,-1,707,706,708,-1,707,708,709,-1,709,708,710,-1,709,710,711,-1,711,710,712,-1,711,712,713,-1,713,712,714,-1,713,714,715,-1,715,714,716,-1,715,716,717,-1,718,719,720,-1,718,720,721,-1,721,720,722,-1,721,722,723,-1,723,722,724,-1,723,724,725,-1,725,724,726,-1,725,726,727,-1,727,726,728,-1,727,728,729,-1,729,728,730,-1,729,730,731,-1,732,733,734,-1,732,734,735,-1,735,734,736,-1,735,736,737,-1,737,736,738,-1,737,738,739,-1,739,738,740,-1,739,740,741,-1,741,740,742,-1,741,742,743,-1,743,742,744,-1,743,744,745,-1,746,747,748,-1,746,748,749,-1,749,748,750,-1,749,750,751,-1,751,750,752,-1,751,752,753,-1,753,752,754,-1,753,754,755,-1,755,754,756,-1,755,756,757,-1,757,756,758,-1,757,758,759,-1,760,761,762,-1,760,762,763,-1,763,762,764,-1,763,764,765,-1,765,764,766,-1,765,766,767,-1,767,766,768,-1,767,768,769,-1,769,768,770,-1,769,770,771,-1,771,770,772,-1,771,772,773,-1,774,775,776,-1,774,776,777,-1,777,776,778,-1,777,778,779,-1,779,778,780,-1,779,780,781,-1,781,780,782,-1,781,782,783,-1,783,782,784,-1,783,784,785,-1,785,784,786,-1,785,786,787,-1,788,789,790,-1,788,790,791,-1,791,790,792,-1,791,792,793,-1,793,792,794,-1,793,794,795,-1,795,794,796,-1,795,796,797,-1,797,796,798,-1,797,798,799,-1,799,798,800,-1,799,800,801,-1,802,803,804,-1,804,803,805,-1,804,805,806,-1,807,808,809,-1,809,808,810,-1,809,810,811,-1,812,813,814,-1,814,813,815,-1,816,812,817,-1,817,812,814,-1,817,814,818,-1,818,814,819,-1,820,821,818,-1,822,823,824,-1,824,823,825,-1,824,825,826,-1,826,825,827,-1,828,829,830,-1,830,829,831,-1,830,831,832,-1,832,833,830,-1,830,833,834,-1,830,834,818,-1,818,834,835,-1,818,835,820,-1,821,836,818,-1,818,836,837,-1,818,837,838,-1,839,840,817,-1,817,840,841,-1,817,841,842,-1,817,843,827,-1,827,843,844,-1,844,845,827,-1,827,845,846,-1,827,846,826,-1,842,847,817,-1,817,847,848,-1,817,848,843,-1,849,850,824,-1,850,851,824,-1,824,851,852,-1,824,852,822,-1,838,853,818,-1,818,853,854,-1,818,854,817,-1,817,854,855,-1,817,855,839,-1,831,856,832,-1,832,856,857,-1,832,857,858,-1,858,857,859,-1,858,859,860,-1,849,824,860,-1,860,824,861,-1,860,861,858,-1,862,863,864,-1,813,865,866,-1,867,868,864,-1,869,870,871,-1,872,873,868,-1,866,874,875,-1,875,876,866,-1,866,876,877,-1,866,877,878,-1,879,880,813,-1,813,880,881,-1,813,881,882,-1,868,873,864,-1,864,873,883,-1,864,883,862,-1,878,884,866,-1,866,884,885,-1,866,885,813,-1,813,885,886,-1,813,886,879,-1,887,815,871,-1,871,815,813,-1,871,813,869,-1,869,813,882,-1,870,888,871,-1,871,888,889,-1,871,889,890,-1,890,891,871,-1,871,891,892,-1,871,892,864,-1,864,892,893,-1,864,893,867,-1,894,895,896,-1,896,895,897,-1,896,897,866,-1,866,897,898,-1,898,899,866,-1,866,899,900,-1,866,900,874,-1,874,900,901,-1,872,868,902,-1,902,868,903,-1,902,903,904,-1,901,900,905,-1,905,900,906,-1,905,906,904,-1,904,906,907,-1,904,907,902,-1,816,817,865,-1,865,817,866,-1,908,909,910,-1,910,909,911,-1,912,913,914,-1,914,913,915,-1,912,916,917,-1,917,916,918,-1,919,909,920,-1,920,909,921,-1,916,919,918,-1,918,919,920,-1,909,919,912,-1,912,919,916,-1,920,921,918,-1,918,921,917,-1,908,922,909,-1,909,922,923,-1,909,923,921,-1,908,913,924,-1,908,924,922,-1,922,924,925,-1,922,925,923,-1,923,925,917,-1,923,917,921,-1,917,925,912,-1,912,925,924,-1,912,924,913,-1,926,927,928,-1,928,927,929,-1,928,929,910,-1,910,929,915,-1,910,915,908,-1,908,915,913,-1,864,863,930,-1,909,912,911,-1,911,912,914,-1,911,914,931,-1,894,896,932,-1,932,896,933,-1,934,935,931,-1,936,937,938,-1,934,931,939,-1,936,911,937,-1,937,911,931,-1,937,931,940,-1,940,931,935,-1,938,941,936,-1,936,941,942,-1,936,942,896,-1,896,942,943,-1,896,943,944,-1,944,945,896,-1,896,945,946,-1,896,946,933,-1,930,947,864,-1,864,947,948,-1,864,948,931,-1,931,948,949,-1,931,949,939,-1,929,927,931,-1,931,927,864,-1,915,929,914,-1,914,929,931,-1,928,910,936,-1,936,910,911,-1,926,928,896,-1,896,928,936,-1,827,950,896,-1,896,950,951,-1,896,951,926,-1,952,953,954,-1,828,830,955,-1,955,830,954,-1,955,954,956,-1,956,954,953,-1,950,957,951,-1,951,957,958,-1,951,958,959,-1,960,951,961,-1,961,951,962,-1,959,963,951,-1,951,963,964,-1,951,964,962,-1,960,965,966,-1,966,965,967,-1,966,967,968,-1,968,969,966,-1,966,969,970,-1,966,970,954,-1,954,970,971,-1,954,971,952,-1,827,825,950,-1,950,825,972,-1,950,972,973,-1,973,974,950,-1,950,974,975,-1,950,975,957,-1,960,966,951,-1,951,966,927,-1,951,927,926,-1,927,966,864,-1,864,966,954,-1,864,954,830,-1,817,827,866,-1,866,827,896,-1,871,864,818,-1,818,864,830,-1,871,818,887,-1,887,818,819,-1,816,865,976,-1,976,865,977,-1,978,865,979,-1,979,865,980,-1,978,981,865,-1,865,981,982,-1,865,982,977,-1,980,983,984,-1,980,984,979,-1,979,984,985,-1,979,985,978,-1,978,985,986,-1,978,986,981,-1,981,986,987,-1,981,987,982,-1,982,987,988,-1,982,988,977,-1,977,988,989,-1,977,989,976,-1,976,989,812,-1,976,812,816,-1,984,983,813,-1,812,989,813,-1,813,989,988,-1,813,988,987,-1,987,986,813,-1,813,986,985,-1,813,985,984,-1,990,980,991,-1,991,980,865,-1,992,990,993,-1,993,990,991,-1,983,992,813,-1,813,992,993,-1,811,990,806,-1,806,990,992,-1,806,992,804,-1,804,992,983,-1,804,983,810,-1,810,983,980,-1,810,980,811,-1,811,980,990,-1,803,802,813,-1,813,802,808,-1,813,808,865,-1,865,808,807,-1,865,807,991,-1,991,807,994,-1,991,994,993,-1,993,994,995,-1,993,995,813,-1,813,995,803,-1,996,814,815,-1,996,815,997,-1,998,999,815,-1,815,999,1000,-1,1000,1001,815,-1,815,1001,1002,-1,815,1002,997,-1,998,1003,1004,-1,998,1004,999,-1,999,1004,1005,-1,999,1005,1000,-1,1000,1005,1006,-1,1000,1006,1001,-1,1001,1006,1007,-1,1001,1007,1002,-1,1002,1007,1008,-1,1002,1008,997,-1,997,1008,1009,-1,997,1009,996,-1,996,1009,819,-1,996,819,814,-1,887,819,1009,-1,1009,1008,887,-1,887,1008,1007,-1,887,1007,1006,-1,1006,1005,887,-1,887,1005,1004,-1,887,1004,1003,-1,1010,998,1011,-1,1011,998,815,-1,1012,1010,1013,-1,1013,1010,1011,-1,1003,1012,887,-1,887,1012,1013,-1,1014,1003,998,-1,1003,1014,1012,-1,1012,1014,1015,-1,1012,1015,1010,-1,1010,1015,1016,-1,1010,1016,998,-1,998,1016,1017,-1,998,1017,1014,-1,815,887,1018,-1,1018,1019,815,-1,815,1019,1020,-1,815,1020,1011,-1,1011,1020,1021,-1,1011,1021,1013,-1,1013,1021,1022,-1,1013,1022,887,-1,887,1022,1023,-1,887,1023,1018,-1,957,975,933,-1,894,932,973,-1,933,975,932,-1,932,975,974,-1,932,974,973,-1,957,933,958,-1,958,933,946,-1,958,946,959,-1,938,961,941,-1,941,961,962,-1,941,962,942,-1,942,962,964,-1,942,964,943,-1,943,964,963,-1,943,963,944,-1,944,963,959,-1,944,959,945,-1,945,959,946,-1,973,972,894,-1,894,972,825,-1,894,825,895,-1,895,825,823,-1,895,823,897,-1,897,823,822,-1,897,822,898,-1,898,822,852,-1,898,852,899,-1,899,852,851,-1,899,851,900,-1,900,851,850,-1,900,850,906,-1,906,850,849,-1,960,961,937,-1,937,961,938,-1,930,863,955,-1,955,956,930,-1,930,956,953,-1,930,953,947,-1,953,952,947,-1,947,952,971,-1,947,971,948,-1,948,971,970,-1,948,970,949,-1,949,970,969,-1,949,969,939,-1,939,969,968,-1,939,968,934,-1,934,968,967,-1,934,967,935,-1,935,967,965,-1,935,965,940,-1,940,965,960,-1,940,960,937,-1,907,860,902,-1,902,860,859,-1,902,859,872,-1,872,859,857,-1,872,857,873,-1,873,857,856,-1,873,856,883,-1,883,856,831,-1,883,831,862,-1,862,831,829,-1,862,829,863,-1,863,829,828,-1,863,828,955,-1,849,860,906,-1,906,860,907,-1,905,824,901,-1,901,824,826,-1,901,826,874,-1,874,826,846,-1,874,846,875,-1,875,846,845,-1,875,845,876,-1,876,845,844,-1,876,844,877,-1,877,844,843,-1,877,843,878,-1,878,843,848,-1,878,848,884,-1,884,848,847,-1,884,847,885,-1,885,847,842,-1,885,842,886,-1,886,842,841,-1,886,841,879,-1,879,841,840,-1,879,840,880,-1,880,840,839,-1,880,839,881,-1,881,839,855,-1,861,824,904,-1,904,824,905,-1,882,854,869,-1,869,854,853,-1,869,853,870,-1,870,853,838,-1,870,838,888,-1,888,838,837,-1,888,837,889,-1,889,837,836,-1,889,836,890,-1,890,836,821,-1,890,821,891,-1,891,821,820,-1,891,820,892,-1,892,820,835,-1,892,835,893,-1,893,835,834,-1,893,834,867,-1,867,834,833,-1,867,833,868,-1,868,833,832,-1,868,832,903,-1,903,832,858,-1,903,858,904,-1,904,858,861,-1,855,854,881,-1,881,854,882,-1,1018,1023,1014,-1,1014,1023,1024,-1,1014,1024,1015,-1,1014,1017,1018,-1,1018,1017,1019,-1,1020,1019,1025,-1,1025,1019,1017,-1,1025,1017,1016,-1,802,804,808,-1,808,804,810,-1,1026,1022,1027,-1,1027,1022,1021,-1,1026,1027,1023,-1,1023,1027,1020,-1,1023,1020,1024,-1,1024,1020,1025,-1,1015,1024,1016,-1,1016,1024,1025,-1,1022,1026,1023,-1,1021,1020,1027,-1,994,1028,995,-1,995,1028,1029,-1,809,811,805,-1,805,811,806,-1,809,805,807,-1,807,805,803,-1,807,803,1028,-1,1028,803,1029,-1,807,1028,994,-1,803,995,1029,-1,
        ]
    }
}
Shape{
    appearance Appearance {
        material  Material 	{
            diffuseColor 0.5019607843137255 0.5019607843137255 0.5019607843137255
            specularColor 0.25098039215686274 0.25098039215686274 0.25098039215686274
            ambientIntensity 0.502
            transparency 0.0
            shininess 0.5
        }
    }
    geometry IndexedFaceSet {
        ccw TRUE
        solid FALSE
        coord DEF co Coordinate {
            point [
                0.2657 -0.6004 0.0394, 1.122 -0.6004 0.0394, 1.122 -0.8278 0.0394, 0.2657 0.7638 0.0394, 1.122 0.7638 0.0394, 1.122 0.3091 0.0394, -0.6398 2.6459 0.0394, -0.6678 2.6575 0.0394, -0.6678 2.7642 0.0394, -0.212 -2.6456 0.0394, -0.212 -2.6672 0.0394, -0.2241 -2.6787 0.0394, -0.1911 -2.6759 0.0394, -0.1893 -2.4798 0.0394, -0.212 -2.486 0.0394, -0.2241 -2.3078 0.0394, -0.212 -2.5124 0.0394, -0.1899 -2.5029 0.0394, -0.2085 -2.6476 0.0394, -0.1659 -2.4998 0.0394, -0.1466 -2.502 0.0394, -0.0987 -2.6607 0.0394, -0.0839 -2.6451 0.0394, -0.0572 -2.6787 0.0394, -0.0734 -2.6264 0.0394, -0.076 -2.5324 0.0394, -0.0875 -2.514 0.0394, -0.0572 -2.3078 0.0394, -0.1053 -2.497 0.0394, -0.1463 -2.6787 0.0394, -0.1336 -2.6773 0.0394, -0.1145 -2.6708 0.0394, -0.1318 -2.5073 0.0394, -0.1182 -2.5164 0.0394, -0.1063 -2.5295 0.0394, -0.092 -2.5811 0.0394, -0.094 -2.6024 0.0394, -0.0994 -2.6194 0.0394, -0.1432 -2.6562 0.0394, -0.1615 -2.6582 0.0394, -0.1288 -2.6509 0.0394, -0.1167 -2.6428 0.0394, -0.1075 -2.633 0.0394, -0.1876 -2.6553 0.0394, -0.0982 -2.5447 0.0394, -0.0929 -2.5658 0.0394, -0.0675 -2.6055 0.0394, -0.0656 -2.5827 0.0394, -0.0684 -2.5548 0.0394, -0.124 -2.4862 0.0394, -0.1459 -2.4798 0.0394, -0.1657 -2.4782 0.0394, -0.1579 -2.6799 0.0394, -0.0572 -3.1807 0.0394, -0.1633 -2.6798 0.0394, -0.2241 -3.1807 0.0394, -0.1712 -2.6787 0.0394, -0.2433 1.6732 0.0394, -0.2433 1.9006 0.0394, -0.2362 1.728 0.0394, -0.2362 1.8461 0.0394, -0.2241 1.6732 0.0394, -0.2241 1.728 0.0394, -0.0572 1.6732 0.0394, -0.2241 1.8461 0.0394, -0.2241 1.9006 0.0394, -0.1575 1.8461 0.0394, -0.0572 1.9006 0.0394, -0.1575 1.728 0.0394, -0.2433 1.2185 0.0394, -0.2433 1.4459 0.0394, -0.2362 1.2732 0.0394, -0.2362 1.3913 0.0394, -0.2241 1.2185 0.0394, -0.2241 1.2732 0.0394, -0.0572 1.2185 0.0394, -0.2241 1.3913 0.0394, -0.2241 1.4459 0.0394, -0.1575 1.3913 0.0394, -0.0572 1.4459 0.0394, -0.1575 1.2732 0.0394, -0.2433 0.7638 0.0394, -0.2433 0.9911 0.0394, -0.2362 0.8185 0.0394, -0.2362 0.9366 0.0394, -0.2241 0.7638 0.0394, -0.2241 0.8185 0.0394, -0.0572 0.7638 0.0394, -0.2241 0.9366 0.0394, -0.2241 0.9911 0.0394, -0.1575 0.9366 0.0394, -0.0572 0.9911 0.0394, -0.1575 0.8185 0.0394, -0.0572 0.3091 0.0394, -0.2241 0.3091 0.0394, -0.2241 0.3638 0.0394, -0.2362 0.3638 0.0394, -0.2433 0.3091 0.0394, -0.2362 0.4819 0.0394, -0.2241 0.4819 0.0394, -0.1575 0.4819 0.0394, -0.1575 0.3638 0.0394, -0.2433 -0.1457 0.0394, -0.2433 0.0817 0.0394, -0.2362 -0.0909 0.0394, -0.2362 0.0272 0.0394, -0.2241 -0.1457 0.0394, -0.2241 -0.0909 0.0394, -0.0572 -0.1457 0.0394, -0.2241 0.0272 0.0394, -0.2241 0.0817 0.0394, -0.1575 0.0272 0.0394, -0.0572 0.0817 0.0394, -0.1575 -0.0909 0.0394, -0.2433 -0.6004 0.0394, -0.2433 -0.373 0.0394, -0.2362 -0.5457 0.0394, -0.2362 -0.4276 0.0394, -0.2241 -0.6004 0.0394, -0.2241 -0.5457 0.0394, -0.0572 -0.6004 0.0394, -0.2241 -0.4276 0.0394, -0.2241 -0.373 0.0394, -0.1575 -0.4276 0.0394, -0.0572 -0.373 0.0394, -0.1575 -0.5457 0.0394, -0.2433 -1.2825 0.0394, -0.2433 -0.8278 0.0394, -0.2362 -1.0004 0.0394, -0.2362 -0.8823 0.0394, -0.2241 -1.2825 0.0394, -0.2241 -1.0004 0.0394, -0.0572 -1.2825 0.0394, -0.2241 -0.8823 0.0394, -0.2241 -0.8278 0.0394, -0.1575 -0.8823 0.0394, -0.0572 -0.8278 0.0394, -0.1575 -1.0004 0.0394, -0.2433 -1.5098 0.0394, -0.2362 -1.4551 0.0394, -0.2362 -1.337 0.0394, -0.2241 -1.5098 0.0394, -0.2241 -1.4551 0.0394, -0.0572 -1.5098 0.0394, -0.2241 -1.337 0.0394, -0.1575 -1.337 0.0394, -0.1575 -1.4551 0.0394, -0.2433 -1.9646 0.0394, -0.2433 -1.7372 0.0394, -0.2362 -1.9098 0.0394, -0.2362 -1.7917 0.0394, -0.2241 -1.9646 0.0394, -0.2241 -1.9098 0.0394, -0.0572 -1.9646 0.0394, -0.2241 -1.7917 0.0394, -0.2241 -1.7372 0.0394, -0.1575 -1.7917 0.0394, -0.0572 -1.7372 0.0394, -0.1575 -1.9098 0.0394, 0.1048 2.3508 0.0394, 0.2657 2.3508 0.0394, 0.2362 2.0732 0.0394, 0.2362 1.9551 0.0394, 0.2657 1.9006 0.0394, 0.1575 1.9551 0.0394, 0.1048 1.9006 0.0394, 0.1575 2.0732 0.0394, -0.5906 2.6102 0.0394, -0.5906 2.6657 0.0394, -0.2433 2.6657 0.0394, -0.2433 2.7642 0.0394, -0.2241 2.6657 0.0394, -0.2241 2.7642 0.0394, -0.0572 2.6657 0.0394, -0.0572 2.7642 0.0394, 0.1048 2.6657 0.0394, 0.1048 2.7642 0.0394, 0.2657 2.6657 0.0394, 0.2657 2.7642 0.0394, 0.5906 2.6657 0.0394, 1.122 2.7642 0.0394, 0.5906 2.3508 0.0394, 1.122 1.9006 0.0394, -0.0572 2.3508 0.0394, -0.2241 2.3508 0.0394, -0.2433 2.3508 0.0394, -0.6398 2.1344 0.0394, -0.5786 2.1814 0.0394, -0.5317 2.2425 0.0394, -0.5022 2.3137 0.0394, -0.4948 2.3508 0.0394, -0.6678 2.1228 0.0394, -0.6678 1.9006 0.0394, -0.711 2.1049 0.0394, -0.7874 2.0949 0.0394, -1.0431 2.2425 0.0394, -0.9962 2.1814 0.0394, -1.122 1.9006 0.0394, -0.935 2.1344 0.0394, -0.8638 2.1049 0.0394, -1.0431 2.5378 0.0394, -1.122 2.7642 0.0394, -0.9962 2.5989 0.0394, -0.935 2.6459 0.0394, -0.711 2.6754 0.0394, -0.7874 2.6854 0.0394, -0.8638 2.6754 0.0394, -1.0726 2.4666 0.0394, -1.0827 2.3902 0.0394, -1.0726 2.3137 0.0394, -0.6678 -3.1807 0.0394, -0.5906 -3.2398 0.0394, -0.5906 -3.5547 0.0394, -0.2433 -3.2398 0.0394, -0.2433 -3.1807 0.0394, -0.2241 -3.2398 0.0394, -0.0572 -3.2398 0.0394, 0.1048 -3.2398 0.0394, 0.1048 -3.1807 0.0394, 0.2657 -3.2398 0.0394, 0.2657 -3.1807 0.0394, 0.5906 -3.2398 0.0394, 1.122 -3.1807 0.0394, 0.5906 -3.5547 0.0394, 1.122 -4.0764 0.0394, 0.2657 -3.5547 0.0394, 0.2657 -4.0764 0.0394, 0.1048 -3.5547 0.0394, 0.1048 -4.0764 0.0394, -0.0572 -3.5547 0.0394, -0.0572 -4.0764 0.0394, -0.2241 -3.5547 0.0394, -0.2241 -4.0764 0.0394, -0.2433 -3.5547 0.0394, -0.2433 -4.0764 0.0394, -0.6678 -4.0764 0.0394, 0.7382 -2.5707 0.0394, 0.667 -2.5412 0.0394, 1.122 -2.3078 0.0394, 0.5906 -2.5311 0.0394, 0.2657 -2.3078 0.0394, 0.5141 -2.5412 0.0394, 0.4429 -2.5707 0.0394, 0.8758 -2.75 0.0394, 0.8463 -2.6787 0.0394, 1.122 -2.6787 0.0394, 0.8462 -2.6787 0.0394, 0.7993 -2.6176 0.0394, 0.7382 -3.0821 0.0394, 0.7993 -3.0352 0.0394, 0.3818 -2.6176 0.0394, 0.3349 -2.6787 0.0394, 0.2657 -2.6787 0.0394, 0.3348 -2.6787 0.0394, 0.3053 -2.75 0.0394, 0.2953 -2.8264 0.0394, 0.3053 -2.9028 0.0394, 0.3348 -2.974 0.0394, 0.3818 -3.0352 0.0394, 0.4429 -3.0821 0.0394, 0.8463 -2.974 0.0394, 0.8758 -2.9028 0.0394, 0.8858 -2.8264 0.0394, 0.5141 -3.1116 0.0394, 0.5906 -3.1217 0.0394, 0.667 -3.1116 0.0394, -0.6149 -2.6222 0.0394, -0.5961 -2.6775 0.0394, -0.6678 -2.6787 0.0394, -0.6678 -2.4806 0.0394, -0.6678 -2.3078 0.0394, -0.6418 -2.4806 0.0394, -0.5673 -2.6775 0.0394, -0.2433 -2.3078 0.0394, -0.2505 -2.4806 0.0394, -0.3513 -2.4806 0.0394, -0.3945 -2.4806 0.0394, -0.3513 -2.5022 0.0394, -0.3945 -2.6775 0.0394, -0.45 -2.4806 0.0394, -0.4785 -2.4836 0.0394, -0.5015 -2.4917 0.0394, -0.5229 -2.5061 0.0394, -0.5231 -2.5063 0.0394, -0.5371 -2.5217 0.0394, -0.5462 -2.5386 0.0394, -0.5515 -2.558 0.0394, -0.5529 -2.5766 0.0394, -0.5502 -2.6029 0.0394, -0.5431 -2.6235 0.0394, -0.5318 -2.6411 0.0394, -0.5156 -2.6566 0.0394, -0.3465 -2.5886 0.0394, -0.2769 -2.5886 0.0394, -0.2769 -2.6558 0.0394, -0.3561 -2.6558 0.0394, -0.3465 -2.567 0.0394, -0.2769 -2.567 0.0394, -0.2769 -2.5022 0.0394, -0.3561 -2.6775 0.0394, -0.2505 -2.6775 0.0394, -0.2433 -2.6787 0.0394, -0.4951 -2.6686 0.0394, -0.4724 -2.6753 0.0394, -0.448 -2.6775 0.0394, -0.745 -2.6775 0.0394, -0.7162 -2.6775 0.0394, -0.6678 -2.6222 0.0394, -0.6963 -2.6222 0.0394, -1.122 -2.6787 0.0394, -0.6682 -2.4806 0.0394, -1.122 -2.3078 0.0394, 1.122 1.6732 0.0394, 1.122 1.4459 0.0394, 0.2657 1.6732 0.0394, 0.2657 1.4459 0.0394, 1.122 1.2185 0.0394, 1.122 0.9911 0.0394, 0.2657 1.2185 0.0394, 0.2657 0.9911 0.0394, 0.2657 0.3091 0.0394, 1.122 0.0817 0.0394, 0.2657 0.0817 0.0394, 1.122 -0.1457 0.0394, 1.122 -0.373 0.0394, 0.2657 -0.1457 0.0394, 0.2657 -0.373 0.0394, 0.2657 -0.8278 0.0394, 1.122 -1.2825 0.0394, 0.2657 -1.2825 0.0394, 1.122 -1.5098 0.0394, 1.122 -1.7372 0.0394, 0.2657 -1.5098 0.0394, 0.2657 -1.7372 0.0394, 0.2657 -1.9646 0.0394, 1.122 -1.9646 0.0394, 0.1575 1.6185 0.0394, 0.1575 1.5004 0.0394, 0.1048 1.4459 0.0394, 0.2362 1.5004 0.0394, 0.2362 1.6185 0.0394, 0.1048 1.6732 0.0394, 0.1575 1.1638 0.0394, 0.1575 1.0457 0.0394, 0.1048 0.9911 0.0394, 0.2362 1.0457 0.0394, 0.2362 1.1638 0.0394, 0.1048 1.2185 0.0394, 0.1575 0.7091 0.0394, 0.1048 0.7638 0.0394, 0.2362 0.7091 0.0394, 0.2362 0.5909 0.0394, 0.1575 0.5909 0.0394, 0.1048 0.3091 0.0394, 0.1575 0.2543 0.0394, 0.1575 0.1362 0.0394, 0.1048 0.0817 0.0394, 0.2362 0.1362 0.0394, 0.2362 0.2543 0.0394, 0.1575 -0.2004 0.0394, 0.1575 -0.3185 0.0394, 0.1048 -0.373 0.0394, 0.2362 -0.3185 0.0394, 0.2362 -0.2004 0.0394, 0.1048 -0.1457 0.0394, 0.1575 -0.7732 0.0394, 0.2362 -0.7732 0.0394, 0.2362 -0.6551 0.0394, 0.1048 -0.6004 0.0394, 0.1575 -1.1098 0.0394, 0.1575 -1.228 0.0394, 0.1048 -1.2825 0.0394, 0.2362 -1.228 0.0394, 0.2362 -1.1098 0.0394, 0.1048 -0.8278 0.0394, 0.1575 -0.6551 0.0394, 0.1575 -1.5646 0.0394, 0.1575 -1.6827 0.0394, 0.1048 -1.7372 0.0394, 0.2362 -1.6827 0.0394, 0.2362 -1.5646 0.0394, 0.1048 -1.5098 0.0394, 0.1575 -2.0193 0.0394, 0.1048 -1.9646 0.0394, 0.2362 -2.0193 0.0394, 0.2362 -2.1374 0.0394, 0.1575 -2.1374 0.0394, 0.1048 -2.3078 0.0394, 0.0256 -2.4806 0.0394, 0.0256 -2.6558 0.0394, -0.0488 -2.6558 0.0394, 0.052 -2.4806 0.0394, 0.052 -2.6775 0.0394, 0.1048 -2.6787 0.0394, -0.0488 -2.6775 0.0394, -0.6678 -1.9646 0.0394, -0.6678 -1.7372 0.0394, -0.6678 -1.5098 0.0394, -0.6678 -1.2825 0.0394, -0.6678 -0.8278 0.0394, -0.6678 -0.6004 0.0394, -0.6678 -0.373 0.0394, -0.6678 -0.1457 0.0394, -0.6678 0.0817 0.0394, -0.6678 0.3091 0.0394, -0.6678 0.7638 0.0394, -0.6678 0.9911 0.0394, -0.6678 1.2185 0.0394, -0.6678 1.4459 0.0394, -0.6678 1.6732 0.0394, -1.122 -1.9646 0.0394, -1.122 -1.7372 0.0394, -1.122 -1.5098 0.0394, -1.122 -1.2825 0.0394, -1.122 -0.8278 0.0394, -1.122 -0.6004 0.0394, -1.122 -0.373 0.0394, -1.122 -0.1457 0.0394, -1.122 0.0817 0.0394, -1.122 0.3091 0.0394, -1.122 0.7638 0.0394, -1.122 0.9911 0.0394, -1.122 1.2185 0.0394, -1.122 1.4459 0.0394, -1.122 1.6732 0.0394, -1.122 -3.1807 0.0394, -1.122 -4.0764 0.0394, 1.122 -4.598 0.0394, 0.2657 -4.598 0.0394, 0.1048 -4.598 0.0394, -0.0572 -4.598 0.0394, -0.2241 -4.598 0.0394, -0.2433 -4.598 0.0394, -0.6678 -4.598 0.0394, -1.122 -4.598 0.0394, -0.2559 -3.0232 3.1102, -0.2362 -3.0232 3.1102, -0.2362 -3.0232 3.3465, -0.2362 -3.0232 3.5039, -0.2362 -3.0232 3.7402, -0.2559 -3.0232 3.5039, -0.2559 -3.0232 3.7402, -0.2362 -3.0232 4.685, -0.2362 -3.0232 4.9213, -0.2559 -3.0232 4.685, -0.2559 -3.0232 4.9213, 0.1772 -3.0232 2.5591, 0.1575 -3.0232 2.5591, 0.1575 -3.0232 2.3228, -0.2362 -3.0232 2.7165, -0.2362 -3.0232 2.9528, -0.2559 -3.0232 2.7165, -0.2559 -3.0232 2.9528, -0.2559 -3.0232 2.3228, -0.2362 -3.0232 2.3228, -0.2362 -3.0232 2.5591, -0.2559 -3.0232 4.2913, -0.2362 -3.0232 4.2913, -0.2362 -3.0232 4.5276, -0.8957 -3.0232 5.1203, -0.2559 -3.0232 3.8976, -0.2362 -3.0232 3.8976, -0.2559 -3.0232 5.0787, -0.2362 -3.0232 5.0787, -0.2362 -3.0232 5.315, -0.8957 -3.0232 0.7087, -0.1575 -3.0232 1.4567, -0.2362 -3.0232 1.5354, 0.1575 -3.0232 5.3937, 0.1575 -3.0232 5.0787, 0.1772 -3.0232 5.0787, 0.8907 -3.0232 6.0281, 0.8762 -3.0232 6.0697, 0.1575 -3.0232 1.4567, 0.8957 -3.0232 0.7087, 1.0925 -3.0232 0.5118, -1.0925 -3.0232 0.5118, -0.2559 -3.0232 4.5276, -0.2559 -3.0232 4.1339, -0.2362 -3.0232 4.1339, -0.8897 -3.0232 5.1685, -0.3141 -3.0232 6.0184, -0.3449 -3.0232 5.8439, -0.1575 -3.0232 5.3937, -0.3548 -3.0232 5.8081, 0.8957 -3.0232 5.9843, 0.1772 -3.0232 4.9213, 0.1575 -3.0232 4.9213, 0.1575 -3.0232 4.685, 0.1772 -3.0232 4.685, 0.1772 -3.0232 4.5276, -0.3712 -3.0232 5.7748, -0.3936 -3.0232 5.7451, -0.844 -3.0232 5.2533, -0.8721 -3.0232 5.2137, 0.8527 -3.0232 6.107, 0.8216 -3.0232 6.1382, 0.7842 -3.0232 6.1616, 0.1575 -3.0232 4.5276, 0.1575 -3.0232 4.2913, 0.1772 -3.0232 4.2913, 0.1772 -3.0232 4.1339, 0.7426 -3.0232 6.1762, 0.6988 -3.0232 6.1811, -0.1203 -3.0232 6.1811, 0.1575 -3.0232 4.1339, 0.1575 -3.0232 3.8976, 0.1772 -3.0232 3.8976, 0.1772 -3.0232 3.7402, -0.2559 -3.0232 1.9291, -0.2559 -3.0232 1.7717, -0.2362 -3.0232 1.7717, -0.2559 -3.0232 3.3465, -0.2086 -3.0232 6.1602, -0.2468 -3.0232 6.1351, -0.2782 -3.0232 6.1018, 0.1575 -3.0232 3.7402, 0.1575 -3.0232 3.5039, 0.1772 -3.0232 3.5039, 0.1772 -3.0232 3.3465, -0.2362 -3.0232 1.9291, -0.2362 -3.0232 2.1654, -0.2559 -3.0232 2.1654, -0.2559 -3.0232 2.5591, -0.1657 -3.0232 6.1758, -0.301 -3.0232 6.0622, 0.1575 -3.0232 3.3465, 0.1575 -3.0232 3.1102, 0.1772 -3.0232 3.1102, 0.1772 -3.0232 2.9528, 0.1575 -3.0232 2.1654, 0.1575 -3.0232 1.9291, 0.1772 -3.0232 2.1654, 0.1772 -3.0232 1.9291, 0.1772 -3.0232 2.3228, 0.1772 -3.0232 2.7165, 0.1575 -3.0232 2.7165, 0.1575 -3.0232 2.9528, 0.1575 -3.0232 1.7717, 0.1772 -3.0232 1.7717, 0.1575 -4.598 4.685, 0.1575 -4.598 2.3228, 0.1575 -4.598 5.0787, 0.1575 -5.3067 5.3937, 0.1575 -4.598 4.9213, 0.1575 -5.3067 1.4567, 0.1575 -4.598 2.5591, 0.1575 -4.598 2.7165, 0.1575 -4.598 1.7717, 0.1575 -4.598 1.9291, 0.1575 -4.598 2.9528, 0.1575 -4.598 3.1102, 0.1575 -4.598 3.3465, 0.1575 -4.598 3.5039, 0.1575 -4.598 2.1654, 0.1575 -4.598 3.7402, 0.1575 -4.598 3.8976, 0.1575 -4.598 4.1339, 0.1575 -4.598 4.2913, 0.1575 -4.598 4.5276, -0.4948 2.3508 -0.1181, 0.5906 2.3508 -0.1181, -0.5906 2.6657 -0.1181, -0.5906 2.6102 -0.1181, 1.122 2.7642 0.5118, 1.0925 2.7642 0.5118, -1.0925 2.7642 0.5118, -1.122 2.7642 0.5118, -1.122 -4.598 0.5118, 1.122 -4.598 0.5118, 0.8957 2.7642 0.7087, 0.8957 2.7642 3.216, 0.8957 0.1264 5.9843, 0.8957 2.6719 3.4387, 0.8957 2.7534 3.2975, 0.8957 2.722 3.3735, -0.8957 2.7642 3.216, -0.8957 2.7642 0.7087, -0.8957 0.9903 5.1203, -0.8957 2.6719 3.4387, -0.8957 2.722 3.3735, -0.8957 2.7534 3.2975
            ]
        }
        coordIndex [
            0,1,2,-1,3,4,5,-1,6,7,8,-1,9,10,11,-1,11,10,12,-1,13,14,15,-1,15,14,16,-1,9,17,18,-1,18,17,19,-1,18,19,20,-1,21,22,23,-1,23,22,24,-1,25,26,27,-1,27,26,28,-1,29,30,23,-1,23,30,31,-1,23,31,21,-1,20,32,18,-1,18,32,33,-1,18,33,34,-1,35,36,18,-1,18,36,37,-1,38,39,40,-1,40,39,41,-1,37,42,18,-1,18,42,41,-1,18,41,43,-1,43,41,39,-1,34,44,18,-1,18,44,45,-1,18,45,35,-1,24,46,23,-1,23,46,47,-1,23,47,27,-1,27,47,48,-1,27,48,25,-1,28,49,27,-1,27,49,50,-1,27,50,15,-1,15,50,51,-1,15,51,13,-1,52,53,54,-1,54,53,55,-1,54,55,56,-1,57,58,59,-1,59,58,60,-1,57,59,61,-1,61,59,62,-1,61,62,63,-1,60,58,64,-1,64,58,65,-1,64,65,66,-1,66,65,67,-1,66,67,68,-1,69,70,71,-1,71,70,72,-1,69,71,73,-1,73,71,74,-1,73,74,75,-1,72,70,76,-1,76,70,77,-1,76,77,78,-1,78,77,79,-1,78,79,80,-1,81,82,83,-1,83,82,84,-1,81,83,85,-1,85,83,86,-1,85,86,87,-1,84,82,88,-1,88,82,89,-1,88,89,90,-1,90,89,91,-1,90,91,92,-1,93,94,95,-1,95,94,96,-1,96,94,97,-1,96,97,98,-1,98,97,81,-1,98,81,99,-1,99,81,85,-1,99,85,100,-1,100,85,87,-1,100,87,101,-1,102,103,104,-1,104,103,105,-1,102,104,106,-1,106,104,107,-1,106,107,108,-1,105,103,109,-1,109,103,110,-1,109,110,111,-1,111,110,112,-1,111,112,113,-1,114,115,116,-1,116,115,117,-1,114,116,118,-1,118,116,119,-1,118,119,120,-1,117,115,121,-1,121,115,122,-1,121,122,123,-1,123,122,124,-1,123,124,125,-1,126,127,128,-1,128,127,129,-1,126,128,130,-1,130,128,131,-1,130,131,132,-1,129,127,133,-1,133,127,134,-1,133,134,135,-1,135,134,136,-1,135,136,137,-1,138,126,139,-1,139,126,140,-1,138,139,141,-1,141,139,142,-1,141,142,143,-1,140,126,144,-1,144,126,130,-1,144,130,145,-1,145,130,132,-1,145,132,146,-1,147,148,149,-1,149,148,150,-1,147,149,151,-1,151,149,152,-1,151,152,153,-1,150,148,154,-1,154,148,155,-1,154,155,156,-1,156,155,157,-1,156,157,158,-1,159,160,161,-1,162,163,164,-1,164,163,165,-1,164,165,166,-1,167,6,168,-1,168,6,8,-1,168,8,169,-1,169,8,170,-1,169,170,171,-1,171,170,172,-1,171,172,173,-1,173,172,174,-1,173,174,175,-1,175,174,176,-1,175,176,177,-1,177,176,178,-1,177,178,179,-1,179,178,180,-1,179,180,181,-1,181,180,182,-1,181,182,160,-1,160,182,163,-1,160,163,161,-1,161,163,162,-1,161,166,159,-1,159,166,165,-1,159,165,183,-1,183,165,67,-1,183,67,184,-1,184,67,65,-1,184,65,185,-1,185,65,58,-1,186,187,58,-1,58,187,188,-1,58,188,185,-1,185,188,189,-1,185,189,190,-1,191,192,193,-1,193,192,194,-1,195,196,197,-1,197,196,198,-1,197,198,199,-1,200,201,202,-1,202,201,203,-1,7,204,8,-1,8,204,205,-1,8,205,201,-1,201,205,206,-1,201,206,203,-1,200,207,201,-1,201,207,208,-1,201,208,197,-1,197,208,209,-1,197,209,195,-1,210,211,212,-1,211,210,213,-1,213,210,214,-1,213,214,215,-1,215,214,55,-1,215,55,216,-1,216,55,53,-1,216,53,217,-1,217,53,218,-1,217,218,219,-1,219,218,220,-1,219,220,221,-1,221,220,222,-1,221,222,223,-1,223,222,224,-1,223,224,225,-1,225,224,226,-1,225,226,227,-1,227,226,228,-1,227,228,229,-1,229,228,230,-1,229,230,231,-1,231,230,232,-1,231,232,233,-1,233,232,234,-1,233,234,212,-1,212,234,235,-1,212,235,210,-1,236,237,238,-1,237,239,240,-1,240,239,241,-1,240,241,242,-1,243,244,245,-1,245,244,246,-1,245,246,238,-1,238,246,247,-1,238,247,236,-1,248,249,222,-1,250,251,252,-1,252,251,253,-1,252,253,254,-1,255,256,220,-1,256,257,220,-1,220,257,258,-1,220,258,259,-1,249,260,222,-1,222,260,261,-1,222,261,245,-1,245,261,262,-1,245,262,243,-1,259,263,220,-1,220,263,264,-1,220,264,222,-1,222,264,265,-1,222,265,248,-1,266,267,268,-1,269,270,271,-1,271,270,272,-1,273,274,275,-1,273,275,276,-1,276,275,277,-1,276,277,278,-1,276,279,270,-1,270,279,280,-1,270,280,281,-1,281,282,270,-1,270,282,283,-1,270,283,284,-1,284,285,270,-1,270,285,286,-1,270,286,272,-1,272,286,287,-1,272,287,288,-1,288,289,272,-1,272,289,290,-1,272,290,291,-1,292,293,294,-1,294,295,292,-1,292,295,278,-1,292,278,296,-1,296,278,277,-1,296,277,297,-1,297,277,298,-1,299,300,301,-1,291,302,272,-1,272,302,303,-1,272,303,304,-1,295,299,278,-1,278,299,301,-1,278,301,304,-1,304,301,268,-1,304,268,272,-1,272,268,267,-1,305,306,268,-1,266,268,307,-1,307,268,306,-1,307,306,308,-1,305,309,310,-1,310,309,311,-1,310,311,269,-1,312,313,314,-1,314,313,315,-1,316,317,318,-1,318,317,319,-1,3,5,320,-1,320,5,321,-1,320,321,322,-1,323,324,325,-1,325,324,326,-1,0,2,327,-1,327,2,328,-1,327,328,329,-1,330,331,332,-1,332,331,333,-1,237,240,238,-1,238,240,334,-1,238,334,335,-1,336,337,338,-1,338,337,315,-1,315,337,339,-1,315,339,314,-1,314,339,340,-1,314,340,341,-1,342,343,344,-1,344,343,319,-1,319,343,345,-1,319,345,318,-1,318,345,346,-1,318,346,347,-1,348,349,350,-1,350,349,3,-1,350,3,351,-1,351,3,320,-1,351,320,352,-1,352,320,353,-1,354,355,356,-1,356,355,322,-1,322,355,357,-1,322,357,320,-1,320,357,358,-1,320,358,353,-1,359,360,361,-1,361,360,326,-1,326,360,362,-1,326,362,325,-1,325,362,363,-1,325,363,364,-1,365,366,327,-1,327,366,0,-1,0,366,367,-1,0,367,368,-1,369,370,371,-1,371,370,329,-1,370,372,329,-1,329,372,373,-1,329,373,327,-1,327,373,374,-1,327,374,365,-1,365,374,375,-1,376,377,378,-1,378,377,333,-1,333,377,379,-1,333,379,332,-1,332,379,380,-1,332,380,381,-1,382,383,384,-1,384,383,334,-1,384,334,385,-1,385,334,240,-1,385,240,386,-1,386,240,387,-1,182,312,163,-1,163,312,314,-1,163,314,165,-1,165,314,341,-1,165,341,67,-1,67,341,63,-1,67,63,68,-1,68,63,62,-1,313,316,315,-1,315,316,318,-1,315,318,338,-1,338,318,347,-1,338,347,79,-1,79,347,75,-1,79,75,80,-1,80,75,74,-1,317,4,319,-1,319,4,3,-1,319,3,344,-1,344,3,349,-1,344,349,91,-1,91,349,87,-1,91,87,92,-1,92,87,86,-1,348,352,349,-1,349,352,353,-1,349,353,87,-1,87,353,93,-1,87,93,101,-1,101,93,95,-1,321,323,322,-1,322,323,325,-1,322,325,356,-1,356,325,364,-1,356,364,112,-1,112,364,108,-1,112,108,113,-1,113,108,107,-1,324,1,326,-1,326,1,0,-1,326,0,361,-1,361,0,368,-1,361,368,124,-1,124,368,120,-1,124,120,125,-1,125,120,119,-1,373,369,374,-1,374,369,371,-1,374,371,136,-1,136,371,132,-1,136,132,137,-1,137,132,131,-1,328,330,329,-1,329,330,332,-1,329,332,371,-1,371,332,381,-1,371,381,132,-1,132,381,143,-1,132,143,146,-1,146,143,142,-1,331,335,333,-1,333,335,334,-1,333,334,378,-1,378,334,383,-1,378,383,157,-1,157,383,153,-1,157,153,158,-1,158,153,152,-1,388,389,390,-1,27,387,391,-1,392,393,23,-1,391,388,27,-1,27,388,390,-1,27,390,23,-1,23,390,394,-1,23,394,392,-1,242,250,240,-1,240,250,252,-1,240,252,387,-1,387,252,393,-1,387,393,391,-1,391,393,392,-1,254,255,252,-1,252,255,220,-1,252,220,393,-1,393,220,218,-1,393,218,23,-1,23,218,53,-1,23,53,29,-1,29,53,52,-1,340,336,341,-1,341,336,338,-1,341,338,63,-1,63,338,79,-1,63,79,61,-1,61,79,77,-1,61,77,57,-1,57,77,70,-1,346,342,347,-1,347,342,344,-1,347,344,75,-1,75,344,91,-1,75,91,73,-1,73,91,89,-1,73,89,69,-1,69,89,82,-1,358,354,353,-1,353,354,356,-1,353,356,93,-1,93,356,112,-1,93,112,94,-1,94,112,110,-1,94,110,97,-1,97,110,103,-1,363,359,364,-1,364,359,361,-1,364,361,108,-1,108,361,124,-1,108,124,106,-1,106,124,122,-1,106,122,102,-1,102,122,115,-1,367,375,368,-1,368,375,374,-1,368,374,120,-1,120,374,136,-1,120,136,118,-1,118,136,134,-1,118,134,114,-1,114,134,127,-1,380,376,381,-1,381,376,378,-1,381,378,143,-1,143,378,157,-1,143,157,141,-1,141,157,155,-1,141,155,138,-1,138,155,148,-1,382,386,383,-1,383,386,387,-1,383,387,153,-1,153,387,27,-1,153,27,151,-1,151,27,15,-1,151,15,147,-1,147,15,273,-1,300,274,301,-1,301,274,273,-1,301,273,11,-1,11,273,15,-1,11,15,9,-1,9,15,16,-1,9,16,17,-1,276,270,273,-1,273,270,395,-1,273,395,147,-1,147,395,396,-1,147,396,148,-1,148,396,397,-1,148,397,138,-1,138,397,398,-1,138,398,126,-1,126,398,399,-1,126,399,127,-1,127,399,400,-1,127,400,114,-1,114,400,401,-1,114,401,115,-1,115,401,402,-1,115,402,102,-1,102,402,403,-1,102,403,103,-1,103,403,404,-1,103,404,97,-1,97,404,405,-1,97,405,81,-1,81,405,406,-1,81,406,82,-1,82,406,407,-1,82,407,69,-1,69,407,408,-1,69,408,70,-1,70,408,409,-1,70,409,57,-1,57,409,192,-1,57,192,58,-1,58,192,191,-1,58,191,186,-1,12,56,11,-1,11,56,55,-1,11,55,301,-1,301,55,214,-1,301,214,268,-1,268,214,210,-1,269,311,270,-1,270,311,410,-1,270,410,395,-1,395,410,411,-1,395,411,396,-1,396,411,412,-1,396,412,397,-1,397,412,413,-1,397,413,398,-1,398,413,414,-1,398,414,399,-1,399,414,415,-1,399,415,400,-1,400,415,416,-1,400,416,401,-1,401,416,417,-1,401,417,402,-1,402,417,418,-1,402,418,403,-1,403,418,419,-1,403,419,404,-1,404,419,420,-1,404,420,405,-1,405,420,421,-1,405,421,406,-1,406,421,422,-1,406,422,407,-1,407,422,423,-1,407,423,408,-1,408,423,424,-1,408,424,409,-1,409,424,197,-1,409,197,192,-1,192,197,199,-1,192,199,194,-1,305,268,309,-1,309,268,210,-1,309,210,425,-1,425,210,235,-1,425,235,426,-1,224,427,226,-1,226,427,428,-1,226,428,228,-1,228,428,429,-1,228,429,230,-1,230,429,430,-1,230,430,232,-1,232,430,431,-1,232,431,234,-1,234,431,432,-1,234,432,235,-1,235,432,433,-1,235,433,426,-1,426,433,434,-1,435,436,437,-1,438,439,440,-1,440,439,441,-1,442,443,444,-1,444,443,445,-1,446,447,448,-1,449,450,451,-1,451,450,452,-1,453,454,455,-1,456,457,458,-1,459,460,461,-1,462,463,464,-1,465,466,467,-1,468,469,470,-1,468,471,472,-1,473,466,474,-1,474,466,465,-1,474,465,475,-1,475,465,476,-1,458,477,456,-1,456,477,459,-1,456,459,478,-1,478,459,461,-1,478,461,479,-1,477,444,459,-1,459,444,445,-1,459,445,480,-1,480,445,462,-1,481,482,483,-1,483,482,484,-1,471,468,485,-1,485,468,470,-1,485,470,486,-1,487,488,486,-1,486,488,489,-1,486,489,485,-1,485,489,490,-1,484,491,483,-1,483,491,492,-1,483,492,464,-1,464,492,493,-1,464,493,462,-1,462,493,494,-1,462,494,480,-1,472,495,468,-1,468,495,496,-1,468,496,497,-1,498,499,490,-1,490,499,500,-1,490,500,485,-1,485,500,501,-1,497,502,468,-1,468,502,503,-1,468,503,483,-1,483,503,504,-1,483,504,481,-1,505,506,501,-1,501,506,507,-1,501,507,485,-1,485,507,508,-1,509,465,510,-1,510,465,467,-1,510,467,511,-1,512,440,459,-1,459,440,441,-1,459,441,460,-1,513,514,515,-1,516,517,508,-1,508,517,518,-1,508,518,485,-1,485,518,519,-1,520,521,509,-1,509,521,522,-1,509,522,465,-1,465,522,453,-1,465,453,523,-1,523,453,455,-1,504,524,481,-1,481,524,513,-1,481,513,525,-1,525,513,515,-1,526,527,519,-1,519,527,528,-1,519,528,485,-1,485,528,529,-1,530,531,532,-1,532,531,533,-1,523,451,465,-1,465,451,452,-1,465,452,459,-1,459,452,435,-1,459,435,512,-1,512,435,437,-1,448,534,446,-1,446,534,485,-1,446,485,535,-1,535,485,529,-1,535,529,536,-1,536,529,537,-1,538,473,539,-1,539,473,474,-1,539,474,533,-1,533,474,485,-1,533,485,532,-1,532,485,534,-1,540,488,487,-1,541,448,447,-1,469,468,542,-1,542,468,543,-1,542,543,544,-1,544,543,545,-1,545,546,547,-1,473,538,545,-1,545,538,548,-1,545,548,549,-1,536,537,547,-1,547,537,550,-1,547,550,545,-1,545,550,551,-1,527,526,551,-1,551,526,552,-1,551,552,545,-1,545,552,553,-1,531,530,549,-1,549,530,554,-1,549,554,545,-1,545,554,541,-1,545,541,546,-1,546,541,447,-1,517,516,553,-1,553,516,555,-1,553,555,545,-1,545,555,556,-1,506,505,556,-1,556,505,557,-1,556,557,545,-1,545,557,558,-1,499,498,558,-1,558,498,559,-1,558,559,545,-1,545,559,540,-1,545,540,544,-1,544,540,487,-1,183,560,159,-1,159,560,561,-1,159,561,160,-1,160,561,181,-1,183,184,560,-1,560,184,185,-1,560,185,190,-1,168,562,167,-1,167,562,563,-1,564,565,475,-1,566,567,476,-1,476,567,568,-1,476,568,475,-1,475,568,569,-1,475,569,564,-1,569,427,224,-1,238,335,569,-1,569,335,331,-1,569,331,330,-1,324,323,564,-1,564,323,321,-1,313,564,316,-1,316,564,317,-1,313,312,564,-1,564,312,182,-1,564,182,180,-1,224,222,569,-1,569,222,245,-1,569,245,238,-1,321,5,564,-1,564,5,4,-1,564,4,317,-1,330,328,569,-1,569,328,2,-1,569,2,564,-1,564,2,1,-1,564,1,324,-1,412,411,568,-1,201,197,567,-1,567,197,424,-1,567,424,423,-1,423,422,567,-1,567,422,421,-1,567,421,420,-1,567,417,416,-1,411,410,568,-1,568,410,311,-1,568,311,309,-1,420,419,567,-1,567,419,418,-1,567,418,417,-1,416,415,567,-1,567,415,414,-1,567,414,568,-1,568,414,413,-1,568,413,412,-1,309,425,568,-1,568,425,426,-1,568,426,434,-1,474,570,571,-1,572,485,573,-1,573,485,474,-1,571,574,474,-1,474,574,575,-1,474,575,573,-1,576,577,465,-1,459,578,465,-1,465,578,579,-1,579,580,465,-1,465,580,581,-1,465,581,576,-1,476,465,566,-1,566,465,577,-1,474,475,570,-1,570,475,565,-1,
        ]
    }
}
Shape{
    appearance Appearance {
        material  Material 	{
            diffuseColor 1.0 1.0 1.0
            specularColor 0.5019607843137255 0.5019607843137255 0.5019607843137255
            ambientIntensity 1.0
            transparency 0.0
            shininess 0.5
        }
    }
    geometry IndexedFaceSet {
        ccw TRUE
        solid FALSE
        coord DEF co Coordinate {
            point [
                -0.3712 0.3359 5.7748, 0.8957 0.1264 5.9843, -0.3936 0.3655 5.7451, 0.8957 2.6719 3.4387, -0.1203 -0.0705 6.1811, 0.6988 -0.0705 6.1811, -0.8957 2.6719 3.4387, -0.8957 0.9903 5.1203, -0.8897 0.9421 5.1685, -0.8721 0.8969 5.2137, -0.844 0.8574 5.2533, 0.7209 -0.0692 6.1799, 0.7426 -0.0655 6.1762, 0.7638 -0.0594 6.1701, -0.3141 0.0922 6.0184, -0.1876 -0.0586 6.1692, -0.1657 -0.0652 6.1758, -0.3548 0.3026 5.8081, -0.3449 0.2668 5.8439, -0.1431 -0.0691 6.1798, 0.8216 -0.0275 6.1382, 0.8527 0.0036 6.107, 0.7842 -0.051 6.1616, 0.8762 0.041 6.0697, 0.8907 0.0826 6.0281, -0.301 0.0484 6.0622, -0.2782 0.0088 6.1018, -0.2086 -0.0495 6.1602, -0.2468 -0.0244 6.1351
            ]
        }
        coordIndex [
            0,1,2,-1,2,1,3,-1,4,5,1,-1,6,7,3,-1,3,7,8,-1,8,9,3,-1,3,9,10,-1,3,10,2,-1,5,11,1,-1,1,11,12,-1,1,12,13,-1,14,15,16,-1,0,17,1,-1,1,17,18,-1,1,18,4,-1,4,18,14,-1,4,14,19,-1,19,14,16,-1,20,21,22,-1,22,21,23,-1,22,23,13,-1,13,23,24,-1,13,24,1,-1,14,25,15,-1,15,25,26,-1,15,26,27,-1,27,26,28,-1,
        ]
    }
}
Shape{
    appearance Appearance {
        material  Material 	{
            diffuseColor 0.5019607843137255 0.5019607843137255 0.5019607843137255
            specularColor 0.25098039215686274 0.25098039215686274 0.25098039215686274
            ambientIntensity 0.502
            transparency 0.0
            shininess 0.5
        }
    }
    geometry IndexedFaceSet {
        ccw TRUE
        solid FALSE
        coord DEF co Coordinate {
            point [
                0.2657 -4.598 0.0394, 1.122 -4.598 0.0394, 1.122 -4.598 0.5118, -1.122 -4.598 0.0394, -0.6678 -4.598 0.0394, -1.122 -4.598 0.5118, -0.2433 -4.598 0.0394, -0.2241 -4.598 0.0394, -0.0572 -4.598 0.0394, 0.1048 -4.598 0.0394, -0.844 -3.0232 5.2533, -0.3936 -3.0232 5.7451, -0.844 0.8574 5.2533, -0.3936 0.3655 5.7451, -0.3712 -3.0232 5.7748, -0.3712 0.3359 5.7748, -0.3548 -3.0232 5.8081, -0.3548 0.3026 5.8081, -0.3449 -3.0232 5.8439, -0.3449 0.2668 5.8439, -0.3141 -3.0232 6.0184, -0.3141 0.0922 6.0184, -0.301 -3.0232 6.0622, -0.301 0.0484 6.0622, -0.2782 -3.0232 6.1018, -0.2782 0.0088 6.1018, -0.2468 -3.0232 6.1351, -0.2468 -0.0244 6.1351, -0.2086 -3.0232 6.1602, -0.2086 -0.0495 6.1602, -0.1657 -3.0232 6.1758, -0.1203 -3.0232 6.1811, -0.1203 -0.0705 6.1811, -0.1431 -0.0691 6.1798, -0.1657 -0.0652 6.1758, -0.1876 -0.0586 6.1692, 0.6988 -3.0232 6.1811, 0.6988 -0.0705 6.1811, 0.7209 -0.0692 6.1799, 0.7426 -3.0232 6.1762, 0.7426 -0.0655 6.1762, 0.7638 -0.0594 6.1701, 0.7842 -3.0232 6.1616, 0.7842 -0.051 6.1616, 0.8216 -3.0232 6.1382, 0.8216 -0.0275 6.1382, 0.8527 -3.0232 6.107, 0.8527 0.0036 6.107, 0.8762 -3.0232 6.0697, 0.8762 0.041 6.0697, 0.8907 -3.0232 6.0281, 0.8907 0.0826 6.0281, 0.8957 -3.0232 5.9843, 0.8957 0.1264 5.9843, -0.8957 0.9903 5.1203, -0.8957 -3.0232 5.1203, -0.8897 -3.0232 5.1685, -0.8897 0.9421 5.1685, -0.8721 -3.0232 5.2137, -0.8721 0.8969 5.2137, -0.8957 2.7642 3.216, 0.8957 2.7642 3.216, -0.8957 2.7642 0.7087, 0.8957 2.7642 0.7087, 1.122 2.7642 0.0394, 1.0925 2.7642 0.5118, 1.122 2.7642 0.5118, 0.2657 2.7642 0.0394, 0.1048 2.7642 0.0394, -0.0572 2.7642 0.0394, -1.122 2.7642 0.0394, -1.122 2.7642 0.5118, -0.6678 2.7642 0.0394, -1.0925 2.7642 0.5118, -0.2433 2.7642 0.0394, -0.2241 2.7642 0.0394, -0.8957 2.7534 3.2975, 0.8957 2.7534 3.2975, -0.8957 2.722 3.3735, 0.8957 2.722 3.3735, -0.8957 2.6719 3.4387, 0.8957 2.6719 3.4387, 0.5906 -3.5547 -0.1181, 0.5906 -3.2398 -0.1181, 0.5906 -3.5547 0.0394, 0.5906 -3.2398 0.0394, -0.2433 -3.5547 0.0394, -0.5906 -3.5547 0.0394, -0.5906 -3.5547 -0.1181, 0.2657 -3.5547 0.0394, 0.1048 -3.5547 0.0394, -0.0572 -3.5547 0.0394, -0.2241 -3.5547 0.0394, -0.5906 -3.2398 -0.1181, -0.5906 -3.2398 0.0394, 0.2657 -3.2398 0.0394, -0.2433 -3.2398 0.0394, -0.2241 -3.2398 0.0394, -0.0572 -3.2398 0.0394, 0.1048 -3.2398 0.0394, 0.5906 2.3508 -0.1181, 0.5906 2.6657 -0.1181, 0.5906 2.3508 0.0394, 0.5906 2.6657 0.0394, 0.2657 2.6657 0.0394, -0.5906 2.6657 -0.1181, -0.5906 2.6657 0.0394, -0.2433 2.6657 0.0394, -0.2241 2.6657 0.0394, -0.0572 2.6657 0.0394, 0.1048 2.6657 0.0394, -0.5906 2.6102 -0.1181, -0.5786 2.5989 -0.1181, -0.5317 2.5378 -0.1181, -0.5022 2.4666 -0.1181, -0.4921 2.3902 -0.1181, -0.4948 2.3508 -0.1181, 0.3348 -2.6787 0.0394, 0.3349 -2.6787 0.0394, 0.3818 -2.6176 -1.0236, 0.3818 -2.6176 0.0394, 0.4429 -2.5707 0.0394, 0.4429 -2.5707 -1.0236, 0.5141 -2.5412 0.0394, 0.5141 -2.5412 -1.0236, 0.5906 -2.5311 0.0394, 0.5906 -2.5311 -1.0236, 0.667 -2.5412 0.0394, 0.667 -2.5412 -1.0236, 0.7382 -2.5707 0.0394, 0.7382 -2.5707 -1.0236, 0.7993 -2.6176 0.0394, 0.7993 -2.6176 -1.0236, 0.8462 -2.6787 0.0394, 0.8463 -2.6787 -1.0236, 0.3348 -2.6787 -1.0236, 0.3053 -2.75 -1.0236, 0.3053 -2.75 0.0394, 0.2953 -2.8264 -1.0236, 0.2953 -2.8264 0.0394, 0.3053 -2.9028 -1.0236, 0.3053 -2.9028 0.0394, 0.3348 -2.974 -1.0236, 0.3348 -2.974 0.0394, 0.3818 -3.0352 -1.0236, 0.3818 -3.0352 0.0394, 0.4429 -3.0821 -1.0236, 0.4429 -3.0821 0.0394, 0.5141 -3.1116 -1.0236, 0.5141 -3.1116 0.0394, 0.5906 -3.1217 -1.0236, 0.5906 -3.1217 0.0394, 0.667 -3.1116 -1.0236, 0.667 -3.1116 0.0394, 0.7382 -3.0821 -1.0236, 0.7382 -3.0821 0.0394, 0.7993 -3.0352 -1.0236, 0.7993 -3.0352 0.0394, 0.8463 -2.974 -1.0236, 0.8463 -2.974 0.0394, 0.8758 -2.9028 -1.0236, 0.8758 -2.9028 0.0394, 0.8858 -2.8264 -1.0236, 0.8858 -2.8264 0.0394, 0.8758 -2.75 -1.0236, 0.8758 -2.75 0.0394, 0.8463 -2.6787 0.0394, 0.502 -2.6729 -1.1417, 0.5447 -2.6552 -1.1417, 0.5906 -2.8264 -1.1417, 0.5906 -2.6492 -1.1417, 0.6364 -2.6552 -1.1417, 0.4194 -2.7805 -1.1417, 0.4371 -2.7378 -1.1417, 0.4653 -2.7011 -1.1417, 0.4371 -2.915 -1.1417, 0.4194 -2.8722 -1.1417, 0.4134 -2.8264 -1.1417, 0.5447 -2.9975 -1.1417, 0.502 -2.9798 -1.1417, 0.4653 -2.9517 -1.1417, 0.6791 -2.9798 -1.1417, 0.6364 -2.9975 -1.1417, 0.5906 -3.0035 -1.1417, 0.7617 -2.8722 -1.1417, 0.744 -2.915 -1.1417, 0.7158 -2.9517 -1.1417, 0.744 -2.7378 -1.1417, 0.7617 -2.7805 -1.1417, 0.7677 -2.8264 -1.1417, 0.6791 -2.6729 -1.1417, 0.7158 -2.7011 -1.1417, -0.4948 2.3508 0.0394, -0.5022 2.3137 0.0394, -0.5786 2.5989 -1.0236, -0.6398 2.6459 -1.0236, -0.5022 2.3137 -1.0236, -0.4921 2.3902 -1.0236, -0.5022 2.4666 -1.0236, -0.5317 2.5378 -1.0236, -0.5317 2.2425 0.0394, -0.5317 2.2425 -1.0236, -0.5786 2.1814 0.0394, -0.5786 2.1814 -1.0236, -0.6398 2.1344 0.0394, -0.6398 2.1344 -1.0236, -0.6678 2.1228 0.0394, -0.711 2.1049 -1.0236, -0.5906 2.6102 0.0394, -0.6398 2.6459 0.0394, -0.6678 2.6575 0.0394, -0.711 2.6754 -1.0236, -0.711 2.6754 0.0394, -0.7874 2.6854 -1.0236, -0.7874 2.6854 0.0394, -0.8638 2.6754 -1.0236, -0.8638 2.6754 0.0394, -0.935 2.6459 -1.0236, -0.935 2.6459 0.0394, -0.9962 2.5989 -1.0236, -0.9962 2.5989 0.0394, -1.0431 2.5378 -1.0236, -1.0431 2.5378 0.0394, -1.0726 2.4666 -1.0236, -1.0726 2.4666 0.0394, -1.0827 2.3902 -1.0236, -1.0827 2.3902 0.0394, -1.0726 2.3137 -1.0236, -1.0726 2.3137 0.0394, -1.0431 2.2425 -1.0236, -1.0431 2.2425 0.0394, -0.9962 2.1814 -1.0236, -0.9962 2.1814 0.0394, -0.935 2.1344 -1.0236, -0.935 2.1344 0.0394, -0.8638 2.1049 -1.0236, -0.8638 2.1049 0.0394, -0.7874 2.0949 -1.0236, -0.7874 2.0949 0.0394, -0.711 2.1049 0.0394, -0.876 2.5436 -1.1417, -0.8333 2.5613 -1.1417, -0.7874 2.3902 -1.1417, -0.7874 2.5673 -1.1417, -0.7415 2.5613 -1.1417, -0.9585 2.436 -1.1417, -0.9408 2.4787 -1.1417, -0.9127 2.5154 -1.1417, -0.9408 2.3016 -1.1417, -0.9585 2.3443 -1.1417, -0.9646 2.3902 -1.1417, -0.8333 2.219 -1.1417, -0.876 2.2367 -1.1417, -0.9127 2.2649 -1.1417, -0.6988 2.2367 -1.1417, -0.7415 2.219 -1.1417, -0.7874 2.213 -1.1417, -0.6163 2.3443 -1.1417, -0.634 2.3016 -1.1417, -0.6621 2.2649 -1.1417, -0.634 2.4787 -1.1417, -0.6163 2.436 -1.1417, -0.6102 2.3902 -1.1417, -0.6988 2.5436 -1.1417, -0.6621 2.5154 -1.1417
            ]
        }
        coordIndex [
            0,1,2,-1,3,4,5,-1,5,4,6,-1,6,7,5,-1,5,7,8,-1,5,8,2,-1,2,8,9,-1,2,9,0,-1,10,11,12,-1,12,11,13,-1,13,11,14,-1,13,14,15,-1,15,14,16,-1,15,16,17,-1,17,16,18,-1,17,18,19,-1,18,20,19,-1,19,20,21,-1,21,20,22,-1,21,22,23,-1,23,22,24,-1,23,24,25,-1,25,24,26,-1,25,26,27,-1,27,26,28,-1,27,28,29,-1,30,31,32,-1,32,33,30,-1,30,33,34,-1,30,34,28,-1,28,34,35,-1,28,35,29,-1,31,36,32,-1,32,36,37,-1,37,36,38,-1,38,36,39,-1,38,39,40,-1,40,39,41,-1,41,39,42,-1,41,42,43,-1,43,42,44,-1,43,44,45,-1,45,44,46,-1,45,46,47,-1,47,46,48,-1,47,48,49,-1,49,48,50,-1,49,50,51,-1,51,50,52,-1,51,52,53,-1,54,55,56,-1,54,56,57,-1,57,56,58,-1,57,58,59,-1,59,58,10,-1,59,10,12,-1,60,61,62,-1,62,61,63,-1,62,63,64,-1,64,63,65,-1,64,65,66,-1,64,67,62,-1,62,67,68,-1,62,68,69,-1,70,71,72,-1,72,71,73,-1,72,73,74,-1,74,73,62,-1,74,62,75,-1,75,62,69,-1,61,60,76,-1,61,76,77,-1,77,76,78,-1,77,78,79,-1,79,78,80,-1,79,80,81,-1,82,83,84,-1,84,83,85,-1,86,87,88,-1,82,84,89,-1,89,90,82,-1,82,90,91,-1,82,91,88,-1,88,91,92,-1,88,92,86,-1,93,88,94,-1,94,88,87,-1,95,85,83,-1,93,94,96,-1,96,97,93,-1,93,97,98,-1,93,98,83,-1,83,98,99,-1,83,99,95,-1,88,93,82,-1,82,93,83,-1,100,101,102,-1,102,101,103,-1,104,103,101,-1,105,106,107,-1,107,108,105,-1,105,108,109,-1,105,109,101,-1,101,109,110,-1,101,110,104,-1,111,105,112,-1,112,105,101,-1,112,101,113,-1,113,101,114,-1,114,101,115,-1,115,101,100,-1,115,100,116,-1,117,118,119,-1,118,120,119,-1,119,120,121,-1,119,121,122,-1,122,121,123,-1,122,123,124,-1,124,123,125,-1,124,125,126,-1,126,125,127,-1,126,127,128,-1,128,127,129,-1,128,129,130,-1,130,129,131,-1,130,131,132,-1,132,131,133,-1,132,133,134,-1,119,135,117,-1,117,135,136,-1,117,136,137,-1,137,136,138,-1,137,138,139,-1,139,138,140,-1,139,140,141,-1,141,140,142,-1,141,142,143,-1,143,142,144,-1,143,144,145,-1,145,144,146,-1,145,146,147,-1,147,146,148,-1,147,148,149,-1,149,148,150,-1,149,150,151,-1,151,150,152,-1,151,152,153,-1,153,152,154,-1,153,154,155,-1,155,154,156,-1,155,156,157,-1,157,156,158,-1,157,158,159,-1,159,158,160,-1,159,160,161,-1,161,160,162,-1,161,162,163,-1,163,162,164,-1,163,164,165,-1,165,164,134,-1,165,134,166,-1,166,134,133,-1,167,168,169,-1,169,168,170,-1,169,170,171,-1,172,173,169,-1,169,173,174,-1,169,174,167,-1,175,176,169,-1,169,176,177,-1,169,177,172,-1,178,179,169,-1,169,179,180,-1,169,180,175,-1,181,182,169,-1,169,182,183,-1,169,183,178,-1,184,185,169,-1,169,185,186,-1,169,186,181,-1,187,188,169,-1,169,188,189,-1,169,189,184,-1,171,190,169,-1,169,190,191,-1,169,191,187,-1,116,192,193,-1,194,195,111,-1,115,116,196,-1,196,197,115,-1,115,197,198,-1,115,198,114,-1,114,198,199,-1,114,199,113,-1,113,199,194,-1,113,194,112,-1,112,194,111,-1,116,193,196,-1,196,193,200,-1,196,200,201,-1,201,200,202,-1,201,202,203,-1,203,202,204,-1,203,204,205,-1,205,204,206,-1,205,206,207,-1,208,111,209,-1,209,111,195,-1,209,195,210,-1,210,195,211,-1,210,211,212,-1,212,211,213,-1,212,213,214,-1,214,213,215,-1,214,215,216,-1,216,215,217,-1,216,217,218,-1,218,217,219,-1,218,219,220,-1,220,219,221,-1,220,221,222,-1,222,221,223,-1,222,223,224,-1,224,223,225,-1,224,225,226,-1,226,225,227,-1,226,227,228,-1,228,227,229,-1,228,229,230,-1,230,229,231,-1,230,231,232,-1,232,231,233,-1,232,233,234,-1,234,233,235,-1,234,235,236,-1,236,235,237,-1,236,237,238,-1,238,237,207,-1,238,207,239,-1,239,207,206,-1,240,241,242,-1,242,241,243,-1,242,243,244,-1,245,246,242,-1,242,246,247,-1,242,247,240,-1,248,249,242,-1,242,249,250,-1,242,250,245,-1,251,252,242,-1,242,252,253,-1,242,253,248,-1,254,255,242,-1,242,255,256,-1,242,256,251,-1,257,258,242,-1,242,258,259,-1,242,259,254,-1,260,261,242,-1,242,261,262,-1,242,262,257,-1,244,263,242,-1,242,263,264,-1,242,264,260,-1,150,182,152,-1,152,182,181,-1,152,181,154,-1,154,181,186,-1,154,186,156,-1,156,186,185,-1,156,185,158,-1,158,185,184,-1,158,184,160,-1,160,184,189,-1,160,189,162,-1,162,189,188,-1,162,188,164,-1,164,188,187,-1,164,187,134,-1,134,187,191,-1,134,191,132,-1,132,191,190,-1,132,190,130,-1,130,190,171,-1,130,171,128,-1,128,171,170,-1,128,170,126,-1,126,170,168,-1,126,168,124,-1,124,168,167,-1,124,167,122,-1,122,167,174,-1,122,174,119,-1,119,174,173,-1,119,173,135,-1,135,173,172,-1,135,172,136,-1,136,172,177,-1,136,177,138,-1,138,177,176,-1,138,176,140,-1,140,176,175,-1,140,175,142,-1,142,175,180,-1,142,180,144,-1,144,180,179,-1,144,179,146,-1,146,179,178,-1,146,178,148,-1,148,178,183,-1,148,183,150,-1,150,183,182,-1,237,255,207,-1,207,255,254,-1,207,254,205,-1,205,254,259,-1,205,259,203,-1,203,259,258,-1,203,258,201,-1,201,258,257,-1,201,257,196,-1,196,257,262,-1,196,262,197,-1,197,262,261,-1,197,261,198,-1,198,261,260,-1,198,260,199,-1,199,260,264,-1,199,264,194,-1,194,264,263,-1,194,263,195,-1,195,263,244,-1,195,244,211,-1,211,244,243,-1,211,243,213,-1,213,243,241,-1,213,241,215,-1,215,241,240,-1,215,240,217,-1,217,240,247,-1,217,247,219,-1,219,247,246,-1,219,246,221,-1,221,246,245,-1,221,245,223,-1,223,245,250,-1,223,250,225,-1,225,250,249,-1,225,249,227,-1,227,249,248,-1,227,248,229,-1,229,248,253,-1,229,253,231,-1,231,253,252,-1,231,252,233,-1,233,252,251,-1,233,251,235,-1,235,251,256,-1,235,256,237,-1,237,256,255,-1,
        ]
    }
}
Shape{
    appearance Appearance {
        material  Material 	{
            diffuseColor 1.0 1.0 1.0
            specularColor 0.5019607843137255 0.5019607843137255 0.5019607843137255
            ambientIntensity 1.0
            transparency 0.0
            shininess 0.5
        }
    }
    geometry IndexedFaceSet {
        ccw TRUE
        solid FALSE
        coord DEF co Coordinate {
            point [
                0.2362 -2.1374 -1.0236, 0.2362 -2.0193 -1.0236, 0.2362 -2.1374 0.0394, 0.2362 -2.0193 0.0394, 0.1575 -2.1374 -1.0236, 0.1575 -2.1374 0.0394, 0.1575 -2.0193 -1.0236, 0.1575 -2.0193 0.0394, -0.1575 -1.9098 -1.0236, -0.1575 -1.7917 -1.0236, -0.1575 -1.9098 0.0394, -0.1575 -1.7917 0.0394, -0.2362 -1.9098 0.0394, -0.2362 -1.9098 -1.0236, -0.2241 -1.9098 0.0394, -0.2362 -1.7917 -1.0236, -0.2362 -1.7917 0.0394, -0.2241 -1.7917 0.0394, 0.1575 -1.6827 -1.0236, 0.2362 -1.6827 -1.0236, 0.1575 -1.6827 0.0394, 0.2362 -1.6827 0.0394, 0.1575 -1.5646 -1.0236, 0.1575 -1.5646 0.0394, 0.2362 -1.5646 -1.0236, 0.2362 -1.5646 0.0394, -0.2362 -1.4551 0.0394, -0.2362 -1.4551 -1.0236, -0.2241 -1.4551 0.0394, -0.1575 -1.4551 -1.0236, -0.1575 -1.4551 0.0394, -0.2362 -1.337 -1.0236, -0.2362 -1.337 0.0394, -0.1575 -1.337 0.0394, -0.1575 -1.337 -1.0236, -0.2241 -1.337 0.0394, 0.1575 -1.228 -1.0236, 0.2362 -1.228 -1.0236, 0.1575 -1.228 0.0394, 0.2362 -1.228 0.0394, 0.1575 -1.1098 -1.0236, 0.1575 -1.1098 0.0394, 0.2362 -1.1098 -1.0236, 0.2362 -1.1098 0.0394, -0.2362 -1.0004 0.0394, -0.2362 -1.0004 -1.0236, -0.2241 -1.0004 0.0394, -0.1575 -1.0004 -1.0236, -0.1575 -1.0004 0.0394, -0.2362 -0.8823 -1.0236, -0.2362 -0.8823 0.0394, -0.1575 -0.8823 0.0394, -0.1575 -0.8823 -1.0236, -0.2241 -0.8823 0.0394, 0.1575 -0.7732 -1.0236, 0.2362 -0.7732 -1.0236, 0.1575 -0.7732 0.0394, 0.2362 -0.7732 0.0394, 0.1575 -0.6551 -1.0236, 0.1575 -0.6551 0.0394, 0.2362 -0.6551 -1.0236, 0.2362 -0.6551 0.0394, -0.2362 -0.5457 0.0394, -0.2362 -0.5457 -1.0236, -0.2241 -0.5457 0.0394, -0.1575 -0.5457 -1.0236, -0.1575 -0.5457 0.0394, -0.2362 -0.4276 -1.0236, -0.2362 -0.4276 0.0394, -0.1575 -0.4276 0.0394, -0.1575 -0.4276 -1.0236, -0.2241 -0.4276 0.0394, 0.1575 -0.3185 -1.0236, 0.2362 -0.3185 -1.0236, 0.1575 -0.3185 0.0394, 0.2362 -0.3185 0.0394, 0.1575 -0.2004 -1.0236, 0.1575 -0.2004 0.0394, 0.2362 -0.2004 -1.0236, 0.2362 -0.2004 0.0394, -0.2362 -0.0909 0.0394, -0.2362 -0.0909 -1.0236, -0.2241 -0.0909 0.0394, -0.1575 -0.0909 -1.0236, -0.1575 -0.0909 0.0394, -0.2362 0.0272 -1.0236, -0.2362 0.0272 0.0394, -0.1575 0.0272 0.0394, -0.1575 0.0272 -1.0236, -0.2241 0.0272 0.0394, 0.1575 0.1362 -1.0236, 0.2362 0.1362 -1.0236, 0.1575 0.1362 0.0394, 0.2362 0.1362 0.0394, 0.1575 0.2543 -1.0236, 0.1575 0.2543 0.0394, 0.2362 0.2543 -1.0236, 0.2362 0.2543 0.0394, -0.2362 0.3638 0.0394, -0.2362 0.3638 -1.0236, -0.2241 0.3638 0.0394, -0.1575 0.3638 -1.0236, -0.1575 0.3638 0.0394, -0.2362 0.4819 -1.0236, -0.2362 0.4819 0.0394, -0.1575 0.4819 0.0394, -0.1575 0.4819 -1.0236, -0.2241 0.4819 0.0394, 0.1575 0.5909 -1.0236, 0.2362 0.5909 -1.0236, 0.1575 0.5909 0.0394, 0.2362 0.5909 0.0394, 0.1575 0.7091 -1.0236, 0.1575 0.7091 0.0394, 0.2362 0.7091 -1.0236, 0.2362 0.7091 0.0394, -0.2362 0.8185 0.0394, -0.2362 0.8185 -1.0236, -0.2241 0.8185 0.0394, -0.1575 0.8185 -1.0236, -0.1575 0.8185 0.0394, -0.2362 0.9366 -1.0236, -0.2362 0.9366 0.0394, -0.1575 0.9366 0.0394, -0.1575 0.9366 -1.0236, -0.2241 0.9366 0.0394, 0.1575 1.0457 -1.0236, 0.2362 1.0457 -1.0236, 0.1575 1.0457 0.0394, 0.2362 1.0457 0.0394, 0.1575 1.1638 -1.0236, 0.1575 1.1638 0.0394, 0.2362 1.1638 -1.0236, 0.2362 1.1638 0.0394, -0.2362 1.2732 0.0394, -0.2362 1.2732 -1.0236, -0.2241 1.2732 0.0394, -0.1575 1.2732 -1.0236, -0.1575 1.2732 0.0394, -0.2362 1.3913 -1.0236, -0.2362 1.3913 0.0394, -0.1575 1.3913 0.0394, -0.1575 1.3913 -1.0236, -0.2241 1.3913 0.0394, 0.1575 1.5004 -1.0236, 0.2362 1.5004 -1.0236, 0.1575 1.5004 0.0394, 0.2362 1.5004 0.0394, 0.1575 1.6185 -1.0236, 0.1575 1.6185 0.0394, 0.2362 1.6185 -1.0236, 0.2362 1.6185 0.0394, -0.2362 1.728 0.0394, -0.2362 1.728 -1.0236, -0.2241 1.728 0.0394, -0.1575 1.728 -1.0236, -0.1575 1.728 0.0394, -0.2362 1.8461 -1.0236, -0.2362 1.8461 0.0394, -0.1575 1.8461 0.0394, -0.1575 1.8461 -1.0236, -0.2241 1.8461 0.0394, 0.2362 1.9551 -1.0236, 0.2362 2.0732 -1.0236, 0.2362 1.9551 0.0394, 0.2362 2.0732 0.0394, 0.1575 1.9551 -1.0236, 0.1575 1.9551 0.0394, 0.1575 2.0732 -1.0236, 0.1575 2.0732 0.0394
            ]
        }
        coordIndex [
            0,1,2,-1,2,1,3,-1,4,0,5,-1,5,0,2,-1,6,4,7,-1,7,4,5,-1,1,6,3,-1,3,6,7,-1,4,6,0,-1,0,6,1,-1,8,9,10,-1,10,9,11,-1,12,13,14,-1,14,13,8,-1,14,8,10,-1,15,13,16,-1,16,13,12,-1,11,9,17,-1,17,9,15,-1,17,15,16,-1,13,15,8,-1,8,15,9,-1,18,19,20,-1,20,19,21,-1,22,18,23,-1,23,18,20,-1,24,22,25,-1,25,22,23,-1,19,24,21,-1,21,24,25,-1,22,24,18,-1,18,24,19,-1,26,27,28,-1,28,27,29,-1,28,29,30,-1,31,27,32,-1,32,27,26,-1,33,34,35,-1,35,34,31,-1,35,31,32,-1,29,34,30,-1,30,34,33,-1,31,34,27,-1,27,34,29,-1,36,37,38,-1,38,37,39,-1,40,36,41,-1,41,36,38,-1,42,40,43,-1,43,40,41,-1,37,42,39,-1,39,42,43,-1,40,42,36,-1,36,42,37,-1,44,45,46,-1,46,45,47,-1,46,47,48,-1,49,45,50,-1,50,45,44,-1,51,52,53,-1,53,52,49,-1,53,49,50,-1,47,52,48,-1,48,52,51,-1,49,52,45,-1,45,52,47,-1,54,55,56,-1,56,55,57,-1,58,54,59,-1,59,54,56,-1,60,58,61,-1,61,58,59,-1,55,60,57,-1,57,60,61,-1,58,60,54,-1,54,60,55,-1,62,63,64,-1,64,63,65,-1,64,65,66,-1,67,63,68,-1,68,63,62,-1,69,70,71,-1,71,70,67,-1,71,67,68,-1,65,70,66,-1,66,70,69,-1,67,70,63,-1,63,70,65,-1,72,73,74,-1,74,73,75,-1,76,72,77,-1,77,72,74,-1,78,76,79,-1,79,76,77,-1,73,78,75,-1,75,78,79,-1,76,78,72,-1,72,78,73,-1,80,81,82,-1,82,81,83,-1,82,83,84,-1,85,81,86,-1,86,81,80,-1,87,88,89,-1,89,88,85,-1,89,85,86,-1,83,88,84,-1,84,88,87,-1,85,88,81,-1,81,88,83,-1,90,91,92,-1,92,91,93,-1,94,90,95,-1,95,90,92,-1,96,94,97,-1,97,94,95,-1,91,96,93,-1,93,96,97,-1,94,96,90,-1,90,96,91,-1,98,99,100,-1,100,99,101,-1,100,101,102,-1,103,99,104,-1,104,99,98,-1,105,106,107,-1,107,106,103,-1,107,103,104,-1,101,106,102,-1,102,106,105,-1,103,106,99,-1,99,106,101,-1,108,109,110,-1,110,109,111,-1,112,108,113,-1,113,108,110,-1,114,112,115,-1,115,112,113,-1,109,114,111,-1,111,114,115,-1,112,114,108,-1,108,114,109,-1,116,117,118,-1,118,117,119,-1,118,119,120,-1,121,117,122,-1,122,117,116,-1,123,124,125,-1,125,124,121,-1,125,121,122,-1,119,124,120,-1,120,124,123,-1,121,124,117,-1,117,124,119,-1,126,127,128,-1,128,127,129,-1,130,126,131,-1,131,126,128,-1,132,130,133,-1,133,130,131,-1,127,132,129,-1,129,132,133,-1,130,132,126,-1,126,132,127,-1,134,135,136,-1,136,135,137,-1,136,137,138,-1,139,135,140,-1,140,135,134,-1,141,142,143,-1,143,142,139,-1,143,139,140,-1,137,142,138,-1,138,142,141,-1,139,142,135,-1,135,142,137,-1,144,145,146,-1,146,145,147,-1,148,144,149,-1,149,144,146,-1,150,148,151,-1,151,148,149,-1,145,150,147,-1,147,150,151,-1,148,150,144,-1,144,150,145,-1,152,153,154,-1,154,153,155,-1,154,155,156,-1,157,153,158,-1,158,153,152,-1,159,160,161,-1,161,160,157,-1,161,157,158,-1,155,160,156,-1,156,160,159,-1,157,160,153,-1,153,160,155,-1,162,163,164,-1,164,163,165,-1,166,162,167,-1,167,162,164,-1,168,166,169,-1,169,166,167,-1,163,168,165,-1,165,168,169,-1,166,168,162,-1,162,168,163,-1,
        ]
    }
}
Shape{
    appearance Appearance {
        material  Material 	{
            diffuseColor 0.5019607843137255 0.5019607843137255 0.5019607843137255
            specularColor 0.25098039215686274 0.25098039215686274 0.25098039215686274
            ambientIntensity 0.502
            transparency 0.0
            shininess 0.5
        }
    }
    geometry IndexedFaceSet {
        ccw TRUE
        solid FALSE
        coord DEF co Coordinate {
            point [
                0.1575 -5.3067 5.3937, 0.1575 -3.0232 5.3937, -0.1575 -5.3067 5.3937, -0.1575 -3.0232 5.3937, -0.2362 -5.3067 5.315, -0.2362 -3.0232 5.315, -0.2362 -3.0232 5.0787, -0.2362 -4.598 5.0787, -0.2362 -4.598 4.9213, -0.2362 -3.0232 4.9213, -0.2362 -3.0232 4.685, -0.2362 -4.598 4.685, -0.2362 -4.598 4.5276, -0.2362 -3.0232 4.5276, -0.2362 -3.0232 4.2913, -0.2362 -4.598 4.2913, -0.2362 -4.598 4.1339, -0.2362 -3.0232 4.1339, -0.2362 -3.0232 3.8976, -0.2362 -4.598 3.8976, -0.2362 -4.598 3.7402, -0.2362 -3.0232 3.7402, -0.2362 -3.0232 3.5039, -0.2362 -4.598 3.5039, -0.2362 -4.598 3.3465, -0.2362 -4.598 2.5591, -0.2362 -3.0232 2.5591, -0.2362 -3.0232 2.3228, -0.2362 -3.0232 3.3465, -0.2362 -3.0232 3.1102, -0.2362 -4.598 3.1102, -0.2362 -4.598 2.9528, -0.2362 -3.0232 2.9528, -0.2362 -3.0232 2.7165, -0.2362 -4.598 2.7165, -0.2362 -4.598 2.3228, -0.2362 -3.0232 2.1654, -0.2362 -3.0232 1.9291, -0.2362 -4.598 2.1654, -0.2362 -4.598 1.9291, -0.2362 -3.0232 1.7717, -0.2362 -3.0232 1.5354, -0.2362 -4.598 1.7717, -0.2362 -5.3067 1.5354, -0.1575 -5.3067 1.4567, -0.1575 -3.0232 1.4567, 0.1575 -5.3067 1.4567, 0.1575 -3.0232 1.4567, 0.0787 -5.3854 1.5354, 0.0787 -5.3854 5.315, -0.1249 -5.3854 5.315, -0.1575 -5.3854 5.2823, -0.1575 -5.3854 1.5681, -0.1249 -5.3854 1.5354, -0.1321 -5.3835 5.3325, -0.175 -5.3831 5.2896, -0.1779 -5.3827 5.2908, -0.139 -5.3776 5.3491, -0.1914 -5.3771 5.2964, -0.1969 -5.3749 5.2987, -0.1452 -5.3683 5.3641, -0.2062 -5.3677 5.3025, -0.2132 -5.3624 5.3054, -0.1504 -5.3558 5.3765, -0.219 -5.3558 5.3078, -0.2253 -5.3458 5.3104, -0.1543 -5.3409 5.3859, -0.2284 -5.3409 5.3117, -0.2333 -5.327 5.3137, -0.1567 -5.3242 5.3917, -0.2342 -5.3242 5.3141, -0.1779 -5.3827 1.5596, -0.1969 -5.3749 1.5517, -0.2132 -5.3624 1.545, -0.2199 -5.3546 1.5422, -0.2257 -5.3461 1.5398, -0.2302 -5.3368 1.5379, -0.2335 -5.3271 1.5365, -0.2355 -5.317 1.5357, 0.157 -5.3155 5.3932, 0.1553 -5.3242 5.3916, 0.1548 -5.3271 5.391, 0.1497 -5.3409 5.3859, 0.1466 -5.3458 5.3828, 0.1403 -5.3558 5.3765, 0.1278 -5.3683 5.3641, 0.1341 -5.362 5.3703, 0.0963 -5.3835 5.3325, 0.099 -5.3825 5.3353, 0.1129 -5.3776 5.3491, 0.1179 -5.3745 5.3541, -0.1333 -5.3827 1.5151, -0.1412 -5.3749 1.4961, -0.1479 -5.3624 1.4798, -0.1507 -5.3546 1.473, -0.1531 -5.3461 1.4672, -0.155 -5.3368 1.4627, -0.1564 -5.3271 1.4594, -0.1572 -5.317 1.4574, 0.1568 -5.317 1.4574, 0.1548 -5.3271 1.4594, 0.1515 -5.3368 1.4627, 0.1469 -5.3461 1.4672, 0.1412 -5.3546 1.473, 0.1344 -5.3624 1.4798, 0.1181 -5.3749 1.4961, 0.0991 -5.3827 1.5151
            ]
        }
        coordIndex [
            0,1,2,-1,2,1,3,-1,2,3,4,-1,4,3,5,-1,5,6,4,-1,4,6,7,-1,4,7,8,-1,9,10,8,-1,8,10,11,-1,8,11,4,-1,4,11,12,-1,13,14,12,-1,12,14,15,-1,12,15,4,-1,4,15,16,-1,17,18,16,-1,16,18,19,-1,16,19,4,-1,4,19,20,-1,21,22,20,-1,20,22,23,-1,20,23,4,-1,4,23,24,-1,25,26,27,-1,28,29,24,-1,24,29,30,-1,24,30,4,-1,4,30,31,-1,32,33,31,-1,31,33,34,-1,31,34,4,-1,4,34,25,-1,4,25,35,-1,35,25,27,-1,36,37,38,-1,38,37,39,-1,40,41,42,-1,42,41,43,-1,42,43,39,-1,39,43,4,-1,39,4,38,-1,38,4,35,-1,43,41,44,-1,44,41,45,-1,44,45,46,-1,46,45,47,-1,48,49,50,-1,51,52,50,-1,50,52,53,-1,50,53,48,-1,50,54,51,-1,51,54,55,-1,55,54,56,-1,56,54,57,-1,56,57,58,-1,58,57,59,-1,59,57,60,-1,59,60,61,-1,61,60,62,-1,62,60,63,-1,62,63,64,-1,64,63,65,-1,65,63,66,-1,65,66,67,-1,67,66,68,-1,68,66,69,-1,68,69,70,-1,70,69,2,-1,70,2,4,-1,51,55,52,-1,52,55,71,-1,55,56,71,-1,71,56,58,-1,71,58,72,-1,58,59,72,-1,72,59,61,-1,72,61,73,-1,61,62,73,-1,73,62,64,-1,73,64,74,-1,74,64,65,-1,74,65,75,-1,75,65,67,-1,75,67,76,-1,76,67,68,-1,76,68,77,-1,77,68,70,-1,77,70,78,-1,78,70,4,-1,78,4,43,-1,0,2,79,-1,79,2,69,-1,79,69,80,-1,80,69,81,-1,81,69,66,-1,81,66,82,-1,82,66,83,-1,83,66,63,-1,83,63,84,-1,60,85,63,-1,63,85,86,-1,63,86,84,-1,87,88,57,-1,57,88,89,-1,57,89,60,-1,60,89,90,-1,60,90,85,-1,57,54,87,-1,87,54,50,-1,87,50,49,-1,53,52,71,-1,53,71,91,-1,91,71,72,-1,91,72,92,-1,92,72,73,-1,92,73,93,-1,93,73,94,-1,94,73,74,-1,94,74,95,-1,74,75,95,-1,95,75,76,-1,95,76,96,-1,96,76,77,-1,96,77,97,-1,97,77,78,-1,97,78,98,-1,98,78,43,-1,98,43,44,-1,46,0,99,-1,99,0,79,-1,99,79,100,-1,79,80,100,-1,100,80,81,-1,100,81,101,-1,101,81,82,-1,101,82,102,-1,102,82,83,-1,102,83,103,-1,103,83,84,-1,103,84,104,-1,84,86,104,-1,104,86,85,-1,104,85,105,-1,85,90,105,-1,105,90,89,-1,105,89,106,-1,49,48,87,-1,87,48,106,-1,87,106,88,-1,88,106,89,-1,93,105,92,-1,92,105,106,-1,92,106,91,-1,91,106,48,-1,91,48,53,-1,44,46,98,-1,98,46,99,-1,98,99,97,-1,97,99,100,-1,97,100,96,-1,96,100,101,-1,96,101,95,-1,95,101,102,-1,95,102,94,-1,94,102,103,-1,94,103,93,-1,93,103,104,-1,93,104,105,-1,
        ]
    }
}
Shape{
    appearance Appearance {
        material  Material 	{
            diffuseColor 1.0 1.0 0.0
            specularColor 0.5019607843137255 0.5019607843137255 0.0
            ambientIntensity 0.886
            transparency 0.0
            shininess 0.5
        }
    }
    geometry IndexedFaceSet {
        ccw TRUE
        solid FALSE
        coord DEF co Coordinate {
            point [
                0.1772 -4.598 3.3465, 0.1575 -4.598 3.3465, 0.1772 -3.0232 3.3465, 0.1575 -3.0232 3.3465, 0.1772 -4.598 3.5039, 0.1772 -3.0232 3.5039, 0.1575 -4.598 3.5039, 0.1575 -3.0232 3.5039, 0.1772 -4.598 2.9528, 0.1575 -4.598 2.9528, 0.1772 -3.0232 2.9528, 0.1575 -3.0232 2.9528, 0.1772 -4.598 3.1102, 0.1772 -3.0232 3.1102, 0.1575 -4.598 3.1102, 0.1575 -3.0232 3.1102, 0.1772 -4.598 2.5591, 0.1575 -4.598 2.5591, 0.1772 -3.0232 2.5591, 0.1575 -3.0232 2.5591, 0.1772 -4.598 2.7165, 0.1772 -3.0232 2.7165, 0.1575 -4.598 2.7165, 0.1575 -3.0232 2.7165, 0.1772 -4.598 2.1654, 0.1575 -4.598 2.1654, 0.1772 -3.0232 2.1654, 0.1575 -3.0232 2.1654, 0.1772 -4.598 2.3228, 0.1772 -3.0232 2.3228, 0.1575 -4.598 2.3228, 0.1575 -3.0232 2.3228, 0.1772 -4.598 1.7717, 0.1575 -4.598 1.7717, 0.1772 -3.0232 1.7717, 0.1575 -3.0232 1.7717, 0.1772 -4.598 1.9291, 0.1772 -3.0232 1.9291, 0.1575 -4.598 1.9291, 0.1575 -3.0232 1.9291, 0.1772 -4.598 3.7402, 0.1575 -4.598 3.7402, 0.1772 -3.0232 3.7402, 0.1575 -3.0232 3.7402, 0.1772 -4.598 3.8976, 0.1772 -3.0232 3.8976, 0.1575 -4.598 3.8976, 0.1575 -3.0232 3.8976, 0.1772 -4.598 4.1339, 0.1575 -4.598 4.1339, 0.1772 -3.0232 4.1339, 0.1575 -3.0232 4.1339, 0.1772 -4.598 4.2913, 0.1772 -3.0232 4.2913, 0.1575 -4.598 4.2913, 0.1575 -3.0232 4.2913, 0.1772 -4.598 4.5276, 0.1575 -4.598 4.5276, 0.1772 -3.0232 4.5276, 0.1575 -3.0232 4.5276, 0.1772 -4.598 4.685, 0.1772 -3.0232 4.685, 0.1575 -4.598 4.685, 0.1575 -3.0232 4.685, 0.1772 -4.598 4.9213, 0.1575 -4.598 4.9213, 0.1772 -3.0232 4.9213, 0.1575 -3.0232 4.9213, 0.1772 -4.598 5.0787, 0.1772 -3.0232 5.0787, 0.1575 -4.598 5.0787, 0.1575 -3.0232 5.0787, -0.2559 -4.598 3.5039, -0.2362 -4.598 3.5039, -0.2559 -3.0232 3.5039, -0.2362 -3.0232 3.5039, -0.2559 -4.598 3.3465, -0.2559 -3.0232 3.3465, -0.2362 -4.598 3.3465, -0.2362 -3.0232 3.3465, -0.2559 -4.598 3.8976, -0.2362 -4.598 3.8976, -0.2559 -3.0232 3.8976, -0.2362 -3.0232 3.8976, -0.2559 -4.598 3.7402, -0.2559 -3.0232 3.7402, -0.2362 -4.598 3.7402, -0.2362 -3.0232 3.7402, -0.2559 -4.598 4.2913, -0.2362 -4.598 4.2913, -0.2559 -3.0232 4.2913, -0.2362 -3.0232 4.2913, -0.2559 -4.598 4.1339, -0.2559 -3.0232 4.1339, -0.2362 -4.598 4.1339, -0.2362 -3.0232 4.1339, -0.2559 -4.598 4.685, -0.2362 -4.598 4.685, -0.2559 -3.0232 4.685, -0.2362 -3.0232 4.685, -0.2559 -4.598 4.5276, -0.2559 -3.0232 4.5276, -0.2362 -4.598 4.5276, -0.2362 -3.0232 4.5276, -0.2559 -4.598 5.0787, -0.2362 -4.598 5.0787, -0.2559 -3.0232 5.0787, -0.2362 -3.0232 5.0787, -0.2559 -4.598 4.9213, -0.2559 -3.0232 4.9213, -0.2362 -4.598 4.9213, -0.2362 -3.0232 4.9213, -0.2559 -4.598 3.1102, -0.2362 -4.598 3.1102, -0.2559 -3.0232 3.1102, -0.2362 -3.0232 3.1102, -0.2559 -4.598 2.9528, -0.2559 -3.0232 2.9528, -0.2362 -4.598 2.9528, -0.2362 -3.0232 2.9528, -0.2559 -4.598 2.7165, -0.2362 -4.598 2.7165, -0.2559 -3.0232 2.7165, -0.2362 -3.0232 2.7165, -0.2559 -4.598 2.5591, -0.2559 -3.0232 2.5591, -0.2362 -4.598 2.5591, -0.2362 -3.0232 2.5591, -0.2559 -4.598 2.3228, -0.2362 -4.598 2.3228, -0.2559 -3.0232 2.3228, -0.2362 -3.0232 2.3228, -0.2559 -4.598 2.1654, -0.2559 -3.0232 2.1654, -0.2362 -4.598 2.1654, -0.2362 -3.0232 2.1654, -0.2559 -4.598 1.9291, -0.2362 -4.598 1.9291, -0.2559 -3.0232 1.9291, -0.2362 -3.0232 1.9291, -0.2559 -4.598 1.7717, -0.2559 -3.0232 1.7717, -0.2362 -4.598 1.7717, -0.2362 -3.0232 1.7717
            ]
        }
        coordIndex [
            0,1,2,-1,2,1,3,-1,4,0,5,-1,5,0,2,-1,6,4,7,-1,7,4,5,-1,0,4,1,-1,1,4,6,-1,8,9,10,-1,10,9,11,-1,12,8,13,-1,13,8,10,-1,14,12,15,-1,15,12,13,-1,8,12,9,-1,9,12,14,-1,16,17,18,-1,18,17,19,-1,20,16,21,-1,21,16,18,-1,22,20,23,-1,23,20,21,-1,16,20,17,-1,17,20,22,-1,24,25,26,-1,26,25,27,-1,28,24,29,-1,29,24,26,-1,30,28,31,-1,31,28,29,-1,24,28,25,-1,25,28,30,-1,32,33,34,-1,34,33,35,-1,36,32,37,-1,37,32,34,-1,38,36,39,-1,39,36,37,-1,32,36,33,-1,33,36,38,-1,40,41,42,-1,42,41,43,-1,44,40,45,-1,45,40,42,-1,46,44,47,-1,47,44,45,-1,40,44,41,-1,41,44,46,-1,48,49,50,-1,50,49,51,-1,52,48,53,-1,53,48,50,-1,54,52,55,-1,55,52,53,-1,48,52,49,-1,49,52,54,-1,56,57,58,-1,58,57,59,-1,60,56,61,-1,61,56,58,-1,62,60,63,-1,63,60,61,-1,56,60,57,-1,57,60,62,-1,64,65,66,-1,66,65,67,-1,68,64,69,-1,69,64,66,-1,70,68,71,-1,71,68,69,-1,64,68,65,-1,65,68,70,-1,72,73,74,-1,74,73,75,-1,76,72,77,-1,77,72,74,-1,78,76,79,-1,79,76,77,-1,72,76,73,-1,73,76,78,-1,80,81,82,-1,82,81,83,-1,84,80,85,-1,85,80,82,-1,86,84,87,-1,87,84,85,-1,80,84,81,-1,81,84,86,-1,88,89,90,-1,90,89,91,-1,92,88,93,-1,93,88,90,-1,94,92,95,-1,95,92,93,-1,88,92,89,-1,89,92,94,-1,96,97,98,-1,98,97,99,-1,100,96,101,-1,101,96,98,-1,102,100,103,-1,103,100,101,-1,96,100,97,-1,97,100,102,-1,104,105,106,-1,106,105,107,-1,108,104,109,-1,109,104,106,-1,110,108,111,-1,111,108,109,-1,104,108,105,-1,105,108,110,-1,112,113,114,-1,114,113,115,-1,116,112,117,-1,117,112,114,-1,118,116,119,-1,119,116,117,-1,112,116,113,-1,113,116,118,-1,120,121,122,-1,122,121,123,-1,124,120,125,-1,125,120,122,-1,126,124,127,-1,127,124,125,-1,120,124,121,-1,121,124,126,-1,128,129,130,-1,130,129,131,-1,132,128,133,-1,133,128,130,-1,134,132,135,-1,135,132,133,-1,128,132,129,-1,129,132,134,-1,136,137,138,-1,138,137,139,-1,140,136,141,-1,141,136,138,-1,142,140,143,-1,143,140,141,-1,136,140,137,-1,137,140,142,-1,
        ]
    }
}
Shape{
    appearance Appearance {
        material  Material 	{
            diffuseColor 0.0 0.0 0.0
            specularColor 0.0 0.0 0.0
            ambientIntensity 0.0
            transparency 0.0
            shininess 0.5
        }
    }
    geometry IndexedFaceSet {
        ccw TRUE
        solid FALSE
        coord DEF co Coordinate {
            point [
                -0.6682 -2.4806 0.0398, -0.745 -2.6775 0.0398, -0.6682 -2.4806 0.0394, -0.745 -2.6775 0.0394, -0.7162 -2.6775 0.0398, -0.7162 -2.6775 0.0394, -0.6963 -2.6222 0.0398, -0.6963 -2.6222 0.0394, -0.6678 -2.6222 0.0394, -0.6149 -2.6222 0.0398, -0.6149 -2.6222 0.0394, -0.5961 -2.6775 0.0398, -0.5961 -2.6775 0.0394, -0.5673 -2.6775 0.0398, -0.5673 -2.6775 0.0394, -0.6418 -2.4806 0.0398, -0.6418 -2.4806 0.0394, -0.6678 -2.4806 0.0394, -0.6216 -2.6006 0.0398, -0.6509 -2.5184 0.0398, -0.6528 -2.5116 0.0398, -0.6541 -2.5046 0.0398, -0.6547 -2.5046 0.0398, -0.656 -2.5116 0.0398, -0.6578 -2.5184 0.0398, -0.6874 -2.6006 0.0398, -0.6216 -2.6006 0.0394, -0.6874 -2.6006 0.0394, -0.6509 -2.5184 0.0394, -0.6528 -2.5116 0.0394, -0.6541 -2.5046 0.0394, -0.6547 -2.5046 0.0394, -0.656 -2.5116 0.0394, -0.6578 -2.5184 0.0394, -0.448 -2.6775 0.0398, -0.3945 -2.6775 0.0398, -0.448 -2.6775 0.0394, -0.3945 -2.6775 0.0394, -0.3945 -2.4806 0.0398, -0.3945 -2.4806 0.0394, -0.45 -2.4806 0.0398, -0.45 -2.4806 0.0394, -0.5529 -2.5766 0.0398, -0.5529 -2.5766 0.0394, -0.5515 -2.558 0.0394, -0.5515 -2.558 0.0398, -0.5462 -2.5386 0.0394, -0.5462 -2.5386 0.0398, -0.5371 -2.5217 0.0394, -0.5371 -2.5217 0.0398, -0.5231 -2.5063 0.0394, -0.5231 -2.5063 0.0398, -0.5229 -2.5061 0.0394, -0.5229 -2.5061 0.0398, -0.5015 -2.4917 0.0394, -0.5015 -2.4917 0.0398, -0.4785 -2.4836 0.0394, -0.4785 -2.4836 0.0398, -0.4724 -2.6753 0.0394, -0.4724 -2.6753 0.0398, -0.4951 -2.6686 0.0394, -0.4951 -2.6686 0.0398, -0.5156 -2.6566 0.0394, -0.5156 -2.6566 0.0398, -0.5318 -2.6411 0.0394, -0.5318 -2.6411 0.0398, -0.5431 -2.6235 0.0394, -0.5431 -2.6235 0.0398, -0.5502 -2.6029 0.0394, -0.5502 -2.6029 0.0398, -0.5134 -2.5298 0.0398, -0.5039 -2.5197 0.0398, -0.4895 -2.5104 0.0398, -0.4732 -2.5047 0.0398, -0.4499 -2.5022 0.0398, -0.4209 -2.5022 0.0398, -0.4209 -2.6558 0.0398, -0.4488 -2.6558 0.0398, -0.4696 -2.6539 0.0398, -0.4862 -2.6487 0.0398, -0.4996 -2.6408 0.0398, -0.5106 -2.6299 0.0398, -0.5189 -2.6163 0.0398, -0.5247 -2.5978 0.0398, -0.5265 -2.5771 0.0398, -0.5248 -2.5575 0.0398, -0.5203 -2.542 0.0398, -0.4499 -2.5022 0.0394, -0.4209 -2.5022 0.0394, -0.4732 -2.5047 0.0394, -0.4895 -2.5104 0.0394, -0.5039 -2.5197 0.0394, -0.5134 -2.5298 0.0394, -0.5203 -2.542 0.0394, -0.5248 -2.5575 0.0394, -0.5265 -2.5771 0.0394, -0.5247 -2.5978 0.0394, -0.5189 -2.6163 0.0394, -0.5106 -2.6299 0.0394, -0.4996 -2.6408 0.0394, -0.4862 -2.6487 0.0394, -0.4696 -2.6539 0.0394, -0.4488 -2.6558 0.0394, -0.4209 -2.6558 0.0394, -0.3561 -2.6558 0.0398, -0.3561 -2.6775 0.0398, -0.3561 -2.6558 0.0394, -0.3561 -2.6775 0.0394, -0.2505 -2.6775 0.0398, -0.2505 -2.6775 0.0394, -0.2505 -2.4806 0.0398, -0.2505 -2.4806 0.0394, -0.3513 -2.4806 0.0398, -0.3513 -2.4806 0.0394, -0.3513 -2.5022 0.0398, -0.3513 -2.5022 0.0394, -0.2769 -2.5022 0.0398, -0.2769 -2.5022 0.0394, -0.2769 -2.567 0.0398, -0.2769 -2.567 0.0394, -0.3465 -2.567 0.0398, -0.3465 -2.567 0.0394, -0.3465 -2.5886 0.0398, -0.3465 -2.5886 0.0394, -0.2769 -2.5886 0.0398, -0.2769 -2.5886 0.0394, -0.2769 -2.6558 0.0398, -0.2769 -2.6558 0.0394, -0.212 -2.6456 0.0398, -0.212 -2.6672 0.0398, -0.212 -2.6456 0.0394, -0.212 -2.6672 0.0394, -0.1911 -2.6759 0.0398, -0.1579 -2.6799 0.0398, -0.1579 -2.6799 0.0394, -0.1633 -2.6798 0.0394, -0.1633 -2.6798 0.0398, -0.1712 -2.6787 0.0394, -0.1911 -2.6759 0.0394, -0.1463 -2.6787 0.0394, -0.1336 -2.6773 0.0398, -0.1336 -2.6773 0.0394, -0.1145 -2.6708 0.0398, -0.1145 -2.6708 0.0394, -0.0987 -2.6607 0.0398, -0.0987 -2.6607 0.0394, -0.0839 -2.6451 0.0398, -0.0839 -2.6451 0.0394, -0.0734 -2.6264 0.0398, -0.0734 -2.6264 0.0394, -0.0675 -2.6055 0.0398, -0.0675 -2.6055 0.0394, -0.0656 -2.5827 0.0398, -0.0656 -2.5827 0.0394, -0.1657 -2.4782 0.0398, -0.1657 -2.4782 0.0394, -0.1459 -2.4798 0.0394, -0.1459 -2.4798 0.0398, -0.124 -2.4862 0.0394, -0.124 -2.4862 0.0398, -0.1053 -2.497 0.0394, -0.1053 -2.497 0.0398, -0.0875 -2.514 0.0394, -0.0875 -2.514 0.0398, -0.076 -2.5324 0.0394, -0.076 -2.5324 0.0398, -0.0684 -2.5548 0.0394, -0.0684 -2.5548 0.0398, -0.212 -2.486 0.0398, -0.212 -2.486 0.0394, -0.1893 -2.4798 0.0394, -0.1893 -2.4798 0.0398, -0.212 -2.5124 0.0398, -0.212 -2.5124 0.0394, -0.1659 -2.4998 0.0398, -0.1659 -2.4998 0.0394, -0.1899 -2.5029 0.0394, -0.1899 -2.5029 0.0398, -0.092 -2.5811 0.0398, -0.092 -2.5811 0.0394, -0.0929 -2.5658 0.0394, -0.0929 -2.5658 0.0398, -0.0982 -2.5447 0.0394, -0.0982 -2.5447 0.0398, -0.1063 -2.5295 0.0394, -0.1063 -2.5295 0.0398, -0.1182 -2.5164 0.0394, -0.1182 -2.5164 0.0398, -0.1318 -2.5073 0.0394, -0.1318 -2.5073 0.0398, -0.1466 -2.502 0.0394, -0.1466 -2.502 0.0398, -0.1615 -2.6582 0.0398, -0.1615 -2.6582 0.0394, -0.1432 -2.6562 0.0394, -0.1432 -2.6562 0.0398, -0.1288 -2.6509 0.0394, -0.1288 -2.6509 0.0398, -0.1167 -2.6428 0.0394, -0.1167 -2.6428 0.0398, -0.1075 -2.633 0.0394, -0.1075 -2.633 0.0398, -0.0994 -2.6194 0.0394, -0.0994 -2.6194 0.0398, -0.094 -2.6024 0.0394, -0.094 -2.6024 0.0398, -0.2085 -2.6476 0.0394, -0.2085 -2.6476 0.0398, -0.1876 -2.6553 0.0394, -0.1876 -2.6553 0.0398, -0.0488 -2.6558 0.0398, -0.0488 -2.6775 0.0398, -0.0488 -2.6558 0.0394, -0.0488 -2.6775 0.0394, 0.052 -2.6775 0.0398, 0.052 -2.6775 0.0394, 0.052 -2.4806 0.0398, 0.052 -2.4806 0.0394, 0.0256 -2.4806 0.0398, 0.0256 -2.4806 0.0394, 0.0256 -2.6558 0.0398, 0.0256 -2.6558 0.0394
            ]
        }
        coordIndex [
            0,1,2,-1,2,1,3,-1,1,4,3,-1,3,4,5,-1,4,6,5,-1,5,6,7,-1,7,6,8,-1,8,6,9,-1,8,9,10,-1,9,11,10,-1,10,11,12,-1,11,13,12,-1,12,13,14,-1,13,15,14,-1,14,15,16,-1,16,15,17,-1,17,15,0,-1,17,0,2,-1,18,19,15,-1,13,11,9,-1,19,20,15,-1,15,20,21,-1,15,21,0,-1,0,21,22,-1,0,22,23,-1,23,24,0,-1,0,24,25,-1,0,25,1,-1,4,1,6,-1,6,1,25,-1,6,25,9,-1,9,25,18,-1,9,18,13,-1,13,18,15,-1,18,25,26,-1,26,25,27,-1,19,18,28,-1,28,18,26,-1,19,28,29,-1,19,29,20,-1,20,29,30,-1,20,30,21,-1,22,21,31,-1,31,21,30,-1,22,31,32,-1,22,32,23,-1,23,32,33,-1,23,33,24,-1,25,24,27,-1,27,24,33,-1,34,35,36,-1,36,35,37,-1,35,38,37,-1,37,38,39,-1,38,40,39,-1,39,40,41,-1,42,43,44,-1,42,44,45,-1,45,44,46,-1,45,46,47,-1,47,46,48,-1,47,48,49,-1,49,48,50,-1,49,50,51,-1,51,50,52,-1,51,52,53,-1,53,52,54,-1,53,54,55,-1,55,54,56,-1,55,56,57,-1,57,56,41,-1,57,41,40,-1,34,36,58,-1,34,58,59,-1,59,58,60,-1,59,60,61,-1,61,60,62,-1,61,62,63,-1,63,62,64,-1,63,64,65,-1,65,64,66,-1,65,66,67,-1,67,66,68,-1,67,68,69,-1,69,68,43,-1,69,43,42,-1,47,49,70,-1,70,49,51,-1,70,51,71,-1,71,51,53,-1,71,53,72,-1,72,53,55,-1,72,55,73,-1,73,55,57,-1,73,57,74,-1,74,57,40,-1,74,40,75,-1,75,40,38,-1,75,38,76,-1,76,38,35,-1,76,35,77,-1,77,35,34,-1,77,34,78,-1,78,34,59,-1,78,59,79,-1,79,59,61,-1,79,61,80,-1,80,61,63,-1,80,63,81,-1,81,63,65,-1,81,65,82,-1,82,65,67,-1,82,67,83,-1,83,67,69,-1,83,69,84,-1,84,69,42,-1,84,42,85,-1,85,42,45,-1,85,45,86,-1,86,45,47,-1,86,47,70,-1,74,75,87,-1,87,75,88,-1,74,87,89,-1,74,89,73,-1,73,89,90,-1,73,90,72,-1,72,90,91,-1,72,91,71,-1,71,91,92,-1,71,92,70,-1,70,92,93,-1,70,93,86,-1,86,93,94,-1,86,94,85,-1,85,94,95,-1,85,95,84,-1,84,95,96,-1,84,96,83,-1,83,96,97,-1,83,97,82,-1,82,97,98,-1,82,98,81,-1,81,98,99,-1,81,99,80,-1,80,99,100,-1,80,100,79,-1,79,100,101,-1,79,101,78,-1,78,101,102,-1,78,102,77,-1,76,77,103,-1,103,77,102,-1,75,76,88,-1,88,76,103,-1,104,105,106,-1,106,105,107,-1,105,108,107,-1,107,108,109,-1,108,110,109,-1,109,110,111,-1,110,112,111,-1,111,112,113,-1,112,114,113,-1,113,114,115,-1,114,116,115,-1,115,116,117,-1,116,118,117,-1,117,118,119,-1,118,120,119,-1,119,120,121,-1,120,122,121,-1,121,122,123,-1,122,124,123,-1,123,124,125,-1,124,126,125,-1,125,126,127,-1,126,104,127,-1,127,104,106,-1,108,105,104,-1,104,126,108,-1,108,126,124,-1,108,124,110,-1,114,112,116,-1,116,112,110,-1,116,110,118,-1,118,110,124,-1,118,124,120,-1,120,124,122,-1,128,129,130,-1,130,129,131,-1,131,129,132,-1,133,134,135,-1,133,135,136,-1,136,135,137,-1,136,137,132,-1,132,137,138,-1,132,138,131,-1,134,133,139,-1,139,133,140,-1,139,140,141,-1,141,140,142,-1,141,142,143,-1,143,142,144,-1,143,144,145,-1,145,144,146,-1,145,146,147,-1,147,146,148,-1,147,148,149,-1,149,148,150,-1,149,150,151,-1,151,150,152,-1,151,152,153,-1,154,155,156,-1,154,156,157,-1,157,156,158,-1,157,158,159,-1,159,158,160,-1,159,160,161,-1,161,160,162,-1,161,162,163,-1,163,162,164,-1,163,164,165,-1,165,164,166,-1,165,166,167,-1,167,166,153,-1,167,153,152,-1,168,169,170,-1,168,170,171,-1,171,170,155,-1,171,155,154,-1,168,172,169,-1,169,172,173,-1,174,175,176,-1,174,176,177,-1,177,176,173,-1,177,173,172,-1,178,179,180,-1,178,180,181,-1,181,180,182,-1,181,182,183,-1,183,182,184,-1,183,184,185,-1,185,184,186,-1,185,186,187,-1,187,186,188,-1,187,188,189,-1,189,188,190,-1,189,190,191,-1,191,190,175,-1,191,175,174,-1,192,193,194,-1,192,194,195,-1,195,194,196,-1,195,196,197,-1,197,196,198,-1,197,198,199,-1,199,198,200,-1,199,200,201,-1,201,200,202,-1,201,202,203,-1,203,202,204,-1,203,204,205,-1,205,204,179,-1,205,179,178,-1,128,130,206,-1,128,206,207,-1,207,206,208,-1,207,208,209,-1,209,208,193,-1,209,193,192,-1,195,133,192,-1,192,133,136,-1,192,136,209,-1,209,136,132,-1,209,132,207,-1,207,132,129,-1,207,129,128,-1,172,168,177,-1,177,168,171,-1,177,171,174,-1,174,171,154,-1,174,154,191,-1,191,154,157,-1,191,157,189,-1,189,157,159,-1,189,159,187,-1,187,159,161,-1,187,161,185,-1,185,161,163,-1,185,163,183,-1,183,163,165,-1,183,165,181,-1,181,165,167,-1,181,167,178,-1,178,167,152,-1,178,152,205,-1,205,152,150,-1,205,150,203,-1,203,150,148,-1,203,148,201,-1,201,148,146,-1,201,146,199,-1,199,146,144,-1,199,144,197,-1,197,144,142,-1,197,142,195,-1,195,142,140,-1,195,140,133,-1,210,211,212,-1,212,211,213,-1,211,214,213,-1,213,214,215,-1,214,216,215,-1,215,216,217,-1,216,218,217,-1,217,218,219,-1,218,220,219,-1,219,220,221,-1,220,210,221,-1,221,210,212,-1,218,216,220,-1,220,216,214,-1,220,214,210,-1,210,214,211,-1,
        ]
    }
}
Shape{
    appearance Appearance {
        material  Material 	{
            diffuseColor 0.5019607843137255 0.5019607843137255 0.5019607843137255
            specularColor 0.25098039215686274 0.25098039215686274 0.25098039215686274
            ambientIntensity 0.502
            transparency 0.0
            shininess 0.5
        }
    }
    geometry IndexedFaceSet {
        ccw TRUE
        solid FALSE
        coord DEF co Coordinate {
            point [
                -0.6216 -2.6006 0.0394, -0.6874 -2.6006 0.0394, -0.6509 -2.5184 0.0394, -0.6578 -2.5184 0.0394, -0.6528 -2.5116 0.0394, -0.656 -2.5116 0.0394, -0.6541 -2.5046 0.0394, -0.6547 -2.5046 0.0394, -0.4209 -2.5022 0.0394, -0.4209 -2.6558 0.0394, -0.4499 -2.5022 0.0394, -0.4488 -2.6558 0.0394, -0.4696 -2.6539 0.0394, -0.5265 -2.5771 0.0394, -0.5248 -2.5575 0.0394, -0.5203 -2.542 0.0394, -0.4732 -2.5047 0.0394, -0.4862 -2.6487 0.0394, -0.4996 -2.6408 0.0394, -0.5106 -2.6299 0.0394, -0.5189 -2.6163 0.0394, -0.5247 -2.5978 0.0394, -0.5134 -2.5298 0.0394, -0.5039 -2.5197 0.0394, -0.4895 -2.5104 0.0394
            ]
        }
        coordIndex [
            0,1,2,-1,2,1,3,-1,2,3,4,-1,4,3,5,-1,4,5,6,-1,6,5,7,-1,8,9,10,-1,10,9,11,-1,10,11,12,-1,13,14,10,-1,10,14,15,-1,10,15,16,-1,12,17,10,-1,10,17,18,-1,10,18,19,-1,19,20,10,-1,10,20,21,-1,10,21,13,-1,22,23,15,-1,15,23,24,-1,15,24,16,-1,
        ]
    }
}