ISO-10303-21;
HEADER;
FILE_DESCRIPTION (( 'STEP AP214' ),
    '1' );
FILE_NAME ('IND-SMD_L1.4-W1.2_AOTA-B141206SR47MT.STEP',
    '2024-05-07T01:37:58',
    ( 'PC' ),
    ( 'Microsoft' ),
    'SwSTEP 2.0',
    'SolidWorks 2020',
    '' );
FILE_SCHEMA (( 'AUTOMOTIVE_DESIGN' ));
ENDSEC;

DATA;
#1 = CARTESIAN_POINT ( 'NONE',  ( -0.5934531581024645730, -0.6099999999999999867, 0.3839340662063335796 ) ) ;
#2 = CARTESIAN_POINT ( 'NONE',  ( -0.4162230315972971773, -0.5999999999999999778, 0.3904476574573795822 ) ) ;
#3 = SURFACE_STYLE_FILL_AREA ( #3523 ) ;
#4 = VERTEX_POINT ( 'NONE', #3970 ) ;
#5 = FILL_AREA_STYLE ('',( #4545 ) ) ;
#6 = CARTESIAN_POINT ( 'NONE',  ( -0.3706712372833775859, -0.6099999999999999867, 0.3975803967632247082 ) ) ;
#7 = FACE_OUTER_BOUND ( 'NONE', #7767, .T. ) ;
#8 = ORIENTED_EDGE ( 'NONE', *, *, #11254, .T. ) ;
#9 = CARTESIAN_POINT ( 'NONE',  ( -0.3441574104172900328, -0.6099999999999999867, 0.3929846667730740317 ) ) ;
#10 = ORIENTED_EDGE ( 'NONE', *, *, #10014, .F. ) ;
#11 = UNCERTAINTY_MEASURE_WITH_UNIT (LENGTH_MEASURE( 1.000000000000000082E-05 ), #2614, 'distance_accuracy_value', 'NONE');
#12 = FACE_OUTER_BOUND ( 'NONE', #5827, .T. ) ;
#13 = CARTESIAN_POINT ( 'NONE',  ( -0.4048272848344182107, -0.5999999999999999778, 0.3976843725547389852 ) ) ;
#14 =( NAMED_UNIT ( * ) PLANE_ANGLE_UNIT ( ) SI_UNIT ( $, .RADIAN. ) );
#15 =( NAMED_UNIT ( * ) PLANE_ANGLE_UNIT ( ) SI_UNIT ( $, .RADIAN. ) );
#16 = ORIENTED_EDGE ( 'NONE', *, *, #8732, .F. ) ;
#17 = DIRECTION ( 'NONE',  ( 1.000000000000000000, 0.0000000000000000000, 0.0000000000000000000 ) ) ;
#18 = LINE ( 'NONE', #2689, #3201 ) ;
#19 = ORIENTED_EDGE ( 'NONE', *, *, #7733, .T. ) ;
#20 = DIRECTION ( 'NONE',  ( 1.000000000000000000, 0.0000000000000000000, -0.0000000000000000000 ) ) ;
#21 = CARTESIAN_POINT ( 'NONE',  ( -0.3880040017484512882, -0.6099999999999999867, 0.4118666705334974587 ) ) ;
#22 =( NAMED_UNIT ( * ) SI_UNIT ( $, .STERADIAN. ) SOLID_ANGLE_UNIT ( ) );
#23 = MECHANICAL_DESIGN_GEOMETRIC_PRESENTATION_REPRESENTATION (  '', ( #8790 ), #5964 ) ;
#24 = ORIENTED_EDGE ( 'NONE', *, *, #4948, .T. ) ;
#25 = EDGE_CURVE ( 'NONE', #6981, #403, #7839, .T. ) ;
#26 = MECHANICAL_DESIGN_GEOMETRIC_PRESENTATION_REPRESENTATION (  '', ( #9710 ), #9531 ) ;
#27 = CARTESIAN_POINT ( 'NONE',  ( -0.3198478703337772067, -0.5999999999999999778, 0.4856270971169719952 ) ) ;
#28 = UNCERTAINTY_MEASURE_WITH_UNIT (LENGTH_MEASURE( 1.000000000000000082E-05 ), #4284, 'distance_accuracy_value', 'NONE');
#29 = CARTESIAN_POINT ( 'NONE',  ( -0.5165266395247373188, -0.5999999999999999778, 0.4686689232274827144 ) ) ;
#30 = SURFACE_STYLE_FILL_AREA ( #11004 ) ;
#31 = CARTESIAN_POINT ( 'NONE',  ( -0.2682966728430296599, -0.6099999999999999867, 0.4065223148436186151 ) ) ;
#32 = ORIENTED_EDGE ( 'NONE', *, *, #2324, .F. ) ;
#33 = CARTESIAN_POINT ( 'NONE',  ( -0.3989838453447220878, -0.6099999999999999867, 0.4113883818919822910 ) ) ;
#34 = SURFACE_STYLE_USAGE ( .BOTH. , #1734 ) ;
#35 = ORIENTED_EDGE ( 'NONE', *, *, #10257, .F. ) ;
#36 =( NAMED_UNIT ( * ) PLANE_ANGLE_UNIT ( ) SI_UNIT ( $, .RADIAN. ) );
#37 = PRESENTATION_LAYER_ASSIGNMENT (  '', '', ( #214 ) ) ;
#38 =( NAMED_UNIT ( * ) PLANE_ANGLE_UNIT ( ) SI_UNIT ( $, .RADIAN. ) );
#39 = AXIS2_PLACEMENT_3D ( 'NONE', #6812, #11379, #3090 ) ;
#40 = LINE ( 'NONE', #801, #7806 ) ;
#41 = CARTESIAN_POINT ( 'NONE',  ( -0.3811000091840733295, -0.5999999999999999778, 0.3868292999085612971 ) ) ;
#42 = EDGE_CURVE ( 'NONE', #7247, #1430, #7620, .T. ) ;
#43 = VECTOR ( 'NONE', #8999, 1000.000000000000000 ) ;
#44 = SURFACE_STYLE_USAGE ( .BOTH. , #8031 ) ;
#45 = SURFACE_STYLE_FILL_AREA ( #9737 ) ;
#46 = CARTESIAN_POINT ( 'NONE',  ( -0.5946099467357415236, -0.6099999999999999867, 0.4871775579076498830 ) ) ;
#47 = LINE ( 'NONE', #9206, #3731 ) ;
#48 = ORIENTED_EDGE ( 'NONE', *, *, #2353, .F. ) ;
#49 = LINE ( 'NONE', #4706, #8329 ) ;
#50 = DIRECTION ( 'NONE',  ( -1.000000000000000000, 0.0000000000000000000, -0.0000000000000000000 ) ) ;
#51 = CARTESIAN_POINT ( 'NONE',  ( -0.3870682196237242301, -0.6099999999999999867, 0.4911378140735485620 ) ) ;
#52 = MECHANICAL_DESIGN_GEOMETRIC_PRESENTATION_REPRESENTATION (  '', ( #2698 ), #10855 ) ;
#53 = CARTESIAN_POINT ( 'NONE',  ( -0.5338784855714885369, -0.6099999999999999867, 0.3946343845070930390 ) ) ;
#54 = VECTOR ( 'NONE', #7821, 1000.000000000000000 ) ;
#55 = FACE_OUTER_BOUND ( 'NONE', #6278, .T. ) ;
#56 = CARTESIAN_POINT ( 'NONE',  ( -0.6215053031439619069, -0.6099999999999999867, 0.4785016348842049405 ) ) ;
#57 = VERTEX_POINT ( 'NONE', #204 ) ;
#58 = LINE ( 'NONE', #3692, #906 ) ;
#59 = CARTESIAN_POINT ( 'NONE',  ( -0.3930988155384208538, -0.6099999999999999867, 0.3903020913489827493 ) ) ;
#60 = EDGE_CURVE ( 'NONE', #9674, #1702, #9927, .T. ) ;
#61 = EDGE_CURVE ( 'NONE', #2401, #645, #1982, .T. ) ;
#62 = FILL_AREA_STYLE_COLOUR ( '', #5462 ) ;
#63 = CARTESIAN_POINT ( 'NONE',  ( -0.4751714086526810932, -0.6099999999999999867, 0.4062022818715933514 ) ) ;
#64 = VERTEX_POINT ( 'NONE', #6744 ) ;
#65 = AXIS2_PLACEMENT_3D ( 'NONE', #11100, #294, #4078 ) ;
#66 = FACE_OUTER_BOUND ( 'NONE', #9739, .T. ) ;
#67 = CARTESIAN_POINT ( 'NONE',  ( -0.5101643047997155289, -0.6099999999999999867, 0.4033103075305376484 ) ) ;
#68 = PRESENTATION_STYLE_ASSIGNMENT (( #8239 ) ) ;
#69 = VERTEX_POINT ( 'NONE', #9383 ) ;
#70 = CARTESIAN_POINT ( 'NONE',  ( -0.3932339840675264098, -0.6099999999999999867, 0.3903020913489828048 ) ) ;
#71 = DIRECTION ( 'NONE',  ( -0.2524218971878539053, -0.0000000000000000000, 0.9676172723861871106 ) ) ;
#72 = ORIENTED_EDGE ( 'NONE', *, *, #8786, .F. ) ;
#73 = UNCERTAINTY_MEASURE_WITH_UNIT (LENGTH_MEASURE( 1.000000000000000082E-05 ), #4557, 'distance_accuracy_value', 'NONE');
#74 = ORIENTED_EDGE ( 'NONE', *, *, #920, .F. ) ;
#75 = CARTESIAN_POINT ( 'NONE',  ( -0.3880040017484512882, -0.6099999999999999867, 0.4045051844857675549 ) ) ;
#76 = CARTESIAN_POINT ( 'NONE',  ( -0.6999999999999999556, -0.5999999999999999778, -0.05000000000000000278 ) ) ;
#77 = SURFACE_SIDE_STYLE ('',( #2749 ) ) ;
#78 = ORIENTED_EDGE ( 'NONE', *, *, #2605, .F. ) ;
#79 =( LENGTH_UNIT ( ) NAMED_UNIT ( * ) SI_UNIT ( .MILLI., .METRE. ) );
#80 =( NAMED_UNIT ( * ) PLANE_ANGLE_UNIT ( ) SI_UNIT ( $, .RADIAN. ) );
#81 = PRESENTATION_STYLE_ASSIGNMENT (( #10893 ) ) ;
#82 = VERTEX_POINT ( 'NONE', #5851 ) ;
#83 = SURFACE_STYLE_FILL_AREA ( #6612 ) ;
#84 = SURFACE_STYLE_USAGE ( .BOTH. , #5554 ) ;
#85 = VERTEX_POINT ( 'NONE', #7678 ) ;
#86 = FILL_AREA_STYLE_COLOUR ( '', #4681 ) ;
#87 = EDGE_CURVE ( 'NONE', #11070, #2360, #1256, .T. ) ;
#88 = CARTESIAN_POINT ( 'NONE',  ( -0.3805905278051035512, -0.6099999999999999867, 0.4036941733111322206 ) ) ;
#89 = SURFACE_SIDE_STYLE ('',( #2886 ) ) ;
#90 = CARTESIAN_POINT ( 'NONE',  ( -0.2627755583070236489, -0.5999999999999999778, 0.4066678809517380033 ) ) ;
#91 = VECTOR ( 'NONE', #8071, 1000.000000000000000 ) ;
#92 = VECTOR ( 'NONE', #10441, 1000.000000000000000 ) ;
#93 = DIRECTION ( 'NONE',  ( -0.0000000000000000000, 1.000000000000000000, -0.0000000000000000000 ) ) ;
#94 = CARTESIAN_POINT ( 'NONE',  ( -0.3727195603785443123, -0.5999999999999999778, 0.3892831285910451911 ) ) ;
#95 = STYLED_ITEM ( 'NONE', ( #8792 ), #7263 ) ;
#96 = LINE ( 'NONE', #7400, #3207 ) ;
#97 = ORIENTED_EDGE ( 'NONE', *, *, #6842, .F. ) ;
#98 = SURFACE_SIDE_STYLE ('',( #8276 ) ) ;
#99 = FILL_AREA_STYLE_COLOUR ( '', #9355 ) ;
#100 = CARTESIAN_POINT ( 'NONE',  ( -0.5642442161535456968, -0.6099999999999999867, 0.3983939599761820438 ) ) ;
#101 = ADVANCED_FACE ( 'NONE', ( #5015 ), #1580, .F. ) ;
#102 = EDGE_CURVE ( 'NONE', #4478, #9925, #9382, .T. ) ;
#103 = DIRECTION ( 'NONE',  ( -0.9676172723861871106, 0.0000000000000000000, -0.2524218971878539053 ) ) ;
#104 = PRESENTATION_LAYER_ASSIGNMENT (  '', '', ( #4128 ) ) ;
#105 = LINE ( 'NONE', #1087, #10800 ) ;
#106 = LINE ( 'NONE', #8353, #4135 ) ;
#107 = CARTESIAN_POINT ( 'NONE',  ( -0.6559198049743579784, -0.6099999999999999867, 0.4440871413276759605 ) ) ;
#108 = VERTEX_POINT ( 'NONE', #2014 ) ;
#109 = DIRECTION ( 'NONE',  ( -0.0000000000000000000, 1.000000000000000000, -0.0000000000000000000 ) ) ;
#110 = SURFACE_STYLE_USAGE ( .BOTH. , #9171 ) ;
#111 = MECHANICAL_DESIGN_GEOMETRIC_PRESENTATION_REPRESENTATION (  '', ( #10547 ), #11661 ) ;
#112 = ADVANCED_FACE ( 'NONE', ( #1350 ), #1218, .F. ) ;
#113 = PRESENTATION_LAYER_ASSIGNMENT (  '', '', ( #1620 ) ) ;
#114 = LINE ( 'NONE', #5875, #279 ) ;
#115 = ORIENTED_EDGE ( 'NONE', *, *, #591, .T. ) ;
#116 = PRESENTATION_LAYER_ASSIGNMENT (  '', '', ( #5291 ) ) ;
#117 = SURFACE_STYLE_FILL_AREA ( #7425 ) ;
#118 = VERTEX_POINT ( 'NONE', #283 ) ;
#119 =( GEOMETRIC_REPRESENTATION_CONTEXT ( 3 ) GLOBAL_UNCERTAINTY_ASSIGNED_CONTEXT ( ( #10356 ) ) GLOBAL_UNIT_ASSIGNED_CONTEXT ( ( #5234, #1428, #8852 ) ) REPRESENTATION_CONTEXT ( 'NONE', 'WORKASPACE' ) );
#120 =( GEOMETRIC_REPRESENTATION_CONTEXT ( 3 ) GLOBAL_UNCERTAINTY_ASSIGNED_CONTEXT ( ( #10616 ) ) GLOBAL_UNIT_ASSIGNED_CONTEXT ( ( #2658, #6227, #3395 ) ) REPRESENTATION_CONTEXT ( 'NONE', 'WORKASPACE' ) );
#121 = DIRECTION ( 'NONE',  ( 0.0000000000000000000, -0.0000000000000000000, 1.000000000000000000 ) ) ;
#122 = ORIENTED_EDGE ( 'NONE', *, *, #1492, .F. ) ;
#123 =( GEOMETRIC_REPRESENTATION_CONTEXT ( 3 ) GLOBAL_UNCERTAINTY_ASSIGNED_CONTEXT ( ( #2626 ) ) GLOBAL_UNIT_ASSIGNED_CONTEXT ( ( #4643, #7403, #2957 ) ) REPRESENTATION_CONTEXT ( 'NONE', 'WORKASPACE' ) );
#124 = UNCERTAINTY_MEASURE_WITH_UNIT (LENGTH_MEASURE( 1.000000000000000082E-05 ), #2345, 'distance_accuracy_value', 'NONE');
#125 = CARTESIAN_POINT ( 'NONE',  ( -0.6377003577995730144, -0.6099999999999999867, 0.4322300619739357641 ) ) ;
#126 = PRESENTATION_LAYER_ASSIGNMENT (  '', '', ( #4151 ) ) ;
#127 = SURFACE_SIDE_STYLE ('',( #4673 ) ) ;
#128 = ORIENTED_EDGE ( 'NONE', *, *, #5122, .T. ) ;
#129 = AXIS2_PLACEMENT_3D ( 'NONE', #6074, #2205, #9642 ) ;
#130 = PLANE ( 'NONE',  #4260 ) ;
#131 =( LENGTH_UNIT ( ) NAMED_UNIT ( * ) SI_UNIT ( .MILLI., .METRE. ) );
#132 = MECHANICAL_DESIGN_GEOMETRIC_PRESENTATION_REPRESENTATION (  '', ( #6829 ), #1457 ) ;
#133 = CARTESIAN_POINT ( 'NONE',  ( -0.3756204849650889854, -0.5999999999999999778, 0.4147571975408910760 ) ) ;
#134 = ORIENTED_EDGE ( 'NONE', *, *, #25, .T. ) ;
#135 = EDGE_CURVE ( 'NONE', #11003, #6445, #7475, .T. ) ;
#136 = VECTOR ( 'NONE', #7573, 1000.000000000000000 ) ;
#137 =( NAMED_UNIT ( * ) PLANE_ANGLE_UNIT ( ) SI_UNIT ( $, .RADIAN. ) );
#138 = UNCERTAINTY_MEASURE_WITH_UNIT (LENGTH_MEASURE( 1.000000000000000082E-05 ), #2136, 'distance_accuracy_value', 'NONE');
#139 = CARTESIAN_POINT ( 'NONE',  ( -0.4052015976842822109, -0.6099999999999999867, 0.4824454378930636000 ) ) ;
#140 = CARTESIAN_POINT ( 'NONE',  ( -0.3202013880251991518, -0.6099999999999999867, 0.4087889871011015086 ) ) ;
#141 = ORIENTED_EDGE ( 'NONE', *, *, #11687, .T. ) ;
#142 = AXIS2_PLACEMENT_3D ( 'NONE', #10636, #6291, #11655 ) ;
#143 = CARTESIAN_POINT ( 'NONE',  ( -0.3998988323111475340, -0.6099999999999999867, 0.3994727561709824903 ) ) ;
#144 = CARTESIAN_POINT ( 'NONE',  ( -0.3763899058231187089, -0.6099999999999999867, 0.4910130431234555615 ) ) ;
#145 = EDGE_LOOP ( 'NONE', ( #10899, #4633, #10089, #2581 ) ) ;
#146 =( NAMED_UNIT ( * ) PLANE_ANGLE_UNIT ( ) SI_UNIT ( $, .RADIAN. ) );
#147 = VECTOR ( 'NONE', #7371, 1000.000000000000000 ) ;
#148 = ADVANCED_FACE ( 'NONE', ( #4913 ), #9763, .T. ) ;
#149 =( GEOMETRIC_REPRESENTATION_CONTEXT ( 3 ) GLOBAL_UNCERTAINTY_ASSIGNED_CONTEXT ( ( #9671 ) ) GLOBAL_UNIT_ASSIGNED_CONTEXT ( ( #9955, #9325, #7454 ) ) REPRESENTATION_CONTEXT ( 'NONE', 'WORKASPACE' ) );
#150 = VECTOR ( 'NONE', #4711, 999.9999999999998863 ) ;
#151 = FACE_OUTER_BOUND ( 'NONE', #3343, .T. ) ;
#152 = LINE ( 'NONE', #4832, #7066 ) ;
#153 = CARTESIAN_POINT ( 'NONE',  ( -0.3354338414996271833, -0.5999999999999999778, 0.4863341325000935522 ) ) ;
#154 = VERTEX_POINT ( 'NONE', #10826 ) ;
#155 = EDGE_LOOP ( 'NONE', ( #10366, #6689, #4544, #10047 ) ) ;
#156 = SURFACE_STYLE_FILL_AREA ( #10090 ) ;
#157 = CARTESIAN_POINT ( 'NONE',  ( -0.2430617482139403318, -0.5999999999999999778, 0.4184379405646173056 ) ) ;
#158 = DIRECTION ( 'NONE',  ( -0.0000000000000000000, 1.000000000000000000, -0.0000000000000000000 ) ) ;
#159 =( LENGTH_UNIT ( ) NAMED_UNIT ( * ) SI_UNIT ( .MILLI., .METRE. ) );
#160 = VECTOR ( 'NONE', #3135, 1000.000000000000000 ) ;
#161 = PRESENTATION_LAYER_ASSIGNMENT (  '', '', ( #10044 ) ) ;
#162 = ADVANCED_FACE ( 'NONE', ( #10117 ), #130, .F. ) ;
#163 = VECTOR ( 'NONE', #7482, 1000.000000000000000 ) ;
#164 = EDGE_CURVE ( 'NONE', #7379, #3588, #5161, .T. ) ;
#165 = DIRECTION ( 'NONE',  ( 0.0000000000000000000, -0.0000000000000000000, 1.000000000000000000 ) ) ;
#166 = CARTESIAN_POINT ( 'NONE',  ( -0.3137132986275662505, -0.5999999999999999778, 0.4711952572385812443 ) ) ;
#167 = CARTESIAN_POINT ( 'NONE',  ( -0.6246864732644057394, -0.5999999999999999778, 0.4611498053853264611 ) ) ;
#168 = CARTESIAN_POINT ( 'NONE',  ( -0.3910089021266485720, -0.6099999999999999867, 0.4543303838357317104 ) ) ;
#169 = CARTESIAN_POINT ( 'NONE',  ( -0.6999999999999999556, 0.5999999999999999778, 0.0000000000000000000 ) ) ;
#170 = VERTEX_POINT ( 'NONE', #6379 ) ;
#171 = CARTESIAN_POINT ( 'NONE',  ( -0.2932092725178738757, -0.6099999999999999867, 0.4858142535419729957 ) ) ;
#172 = VECTOR ( 'NONE', #7222, 1000.000000000000000 ) ;
#173 = PRESENTATION_LAYER_ASSIGNMENT (  '', '', ( #11542 ) ) ;
#174 = LINE ( 'NONE', #5582, #11132 ) ;
#175 = CARTESIAN_POINT ( 'NONE',  ( -0.3045010434889612871, -0.6099999999999999867, 0.4218067562135269788 ) ) ;
#176 = ORIENTED_EDGE ( 'NONE', *, *, #1424, .T. ) ;
#177 = CARTESIAN_POINT ( 'NONE',  ( -0.6559198049743579784, -0.6099999999999999867, 0.4200837565026481757 ) ) ;
#178 = CARTESIAN_POINT ( 'NONE',  ( -0.4085080278582839397, -0.5999999999999999778, 0.4128232478165279051 ) ) ;
#179 = ORIENTED_EDGE ( 'NONE', *, *, #2818, .T. ) ;
#180 = VECTOR ( 'NONE', #11566, 1000.000000000000000 ) ;
#181 = ADVANCED_FACE ( 'NONE', ( #8066 ), #7373, .F. ) ;
#182 = B_SPLINE_SURFACE_WITH_KNOTS ( 'NONE', 3, 1, ( 
 ( #1360, #11399 ),
 ( #5173, #10524 ),
 ( #7881, #3412 ),
 ( #3234, #6903 ) ),
 .UNSPECIFIED., .F., .F., .F.,
 ( 4, 4 ),
 ( 2, 2 ),
 ( 20.00000000000000000, 21.00000000000000000 ),
 ( 0.0000000000000000000, 1.000000000000000000 ),
 .UNSPECIFIED. ) ;
#183 =( LENGTH_UNIT ( ) NAMED_UNIT ( * ) SI_UNIT ( .MILLI., .METRE. ) );
#184 =( NAMED_UNIT ( * ) SI_UNIT ( $, .STERADIAN. ) SOLID_ANGLE_UNIT ( ) );
#185 = ORIENTED_EDGE ( 'NONE', *, *, #8109, .F. ) ;
#186 = CARTESIAN_POINT ( 'NONE',  ( -0.3674999756386199690, -0.6099999999999999867, 0.4113883818919822910 ) ) ;
#187 = ORIENTED_EDGE ( 'NONE', *, *, #7053, .F. ) ;
#188 = FILL_AREA_STYLE_COLOUR ( '', #10869 ) ;
#189 = FILL_AREA_STYLE ('',( #3888 ) ) ;
#190 = ORIENTED_EDGE ( 'NONE', *, *, #6351, .T. ) ;
#191 = CARTESIAN_POINT ( 'NONE',  ( -0.2932092725178738757, -0.6099999999999999867, 0.4858142535419729957 ) ) ;
#192 = B_SPLINE_CURVE_WITH_KNOTS ( 'NONE', 3,
 ( #10575, #8773, #454, #2381 ),
 .UNSPECIFIED., .F., .F.,
 ( 4, 4 ),
 ( 0.0000000000000000000, 1.000000000000000000 ),
 .UNSPECIFIED. ) ;
#193 = SURFACE_STYLE_USAGE ( .BOTH. , #3609 ) ;
#194 = ORIENTED_EDGE ( 'NONE', *, *, #10949, .F. ) ;
#195 =( NAMED_UNIT ( * ) PLANE_ANGLE_UNIT ( ) SI_UNIT ( $, .RADIAN. ) );
#196 = CARTESIAN_POINT ( 'NONE',  ( -0.4088511479705551066, -0.6099999999999999867, 0.3874115643415892429 ) ) ;
#197 = ORIENTED_EDGE ( 'NONE', *, *, #11133, .F. ) ;
#198 = SURFACE_STYLE_FILL_AREA ( #10839 ) ;
#199 = EDGE_CURVE ( 'NONE', #9508, #11531, #8250, .T. ) ;
#200 = LINE ( 'NONE', #11061, #7439 ) ;
#201 = EDGE_CURVE ( 'NONE', #11234, #7603, #5778, .T. ) ;
#202 =( NAMED_UNIT ( * ) SI_UNIT ( $, .STERADIAN. ) SOLID_ANGLE_UNIT ( ) );
#203 = B_SPLINE_CURVE_WITH_KNOTS ( 'NONE', 3,
 ( #196, #10854, #6613, #7163 ),
 .UNSPECIFIED., .F., .F.,
 ( 4, 4 ),
 ( 7.000000000000000000, 8.000000000000000000 ),
 .UNSPECIFIED. ) ;
#204 = CARTESIAN_POINT ( 'NONE',  ( -0.6087806143881820953, -0.5999999999999999778, 0.4611498053853264611 ) ) ;
#205 = PRESENTATION_STYLE_ASSIGNMENT (( #7557 ) ) ;
#206 = CARTESIAN_POINT ( 'NONE',  ( -0.4380995381566284985, -0.6099999999999999867, 0.4503377134371886470 ) ) ;
#207 = STYLED_ITEM ( 'NONE', ( #2539 ), #951 ) ;
#208 = ORIENTED_EDGE ( 'NONE', *, *, #5178, .F. ) ;
#209 = VERTEX_POINT ( 'NONE', #10231 ) ;
#210 = FACE_OUTER_BOUND ( 'NONE', #8764, .T. ) ;
#211 = CARTESIAN_POINT ( 'NONE',  ( -0.2847352454998430260, -0.6099999999999999867, 0.3904476574573795822 ) ) ;
#212 = LINE ( 'NONE', #9567, #2079 ) ;
#213 = LINE ( 'NONE', #9330, #4699 ) ;
#214 = STYLED_ITEM ( 'NONE', ( #8961 ), #1228 ) ;
#215 = DIRECTION ( 'NONE',  ( 0.0000000000000000000, -1.000000000000000000, 0.0000000000000000000 ) ) ;
#216 = LINE ( 'NONE', #3032, #3384 ) ;
#217 = ORIENTED_EDGE ( 'NONE', *, *, #6794, .F. ) ;
#218 = LINE ( 'NONE', #5754, #1064 ) ;
#219 =( NAMED_UNIT ( * ) SI_UNIT ( $, .STERADIAN. ) SOLID_ANGLE_UNIT ( ) );
#220 = FACE_OUTER_BOUND ( 'NONE', #7086, .T. ) ;
#221 = ORIENTED_EDGE ( 'NONE', *, *, #916, .T. ) ;
#222 = ADVANCED_FACE ( 'NONE', ( #8378 ), #415, .F. ) ;
#223 = CARTESIAN_POINT ( 'NONE',  ( -0.3056551747761435678, -0.6099999999999999867, 0.4041308716360421660 ) ) ;
#224 = EDGE_CURVE ( 'NONE', #7534, #2922, #8554, .T. ) ;
#225 = CARTESIAN_POINT ( 'NONE',  ( -0.3235806012532589926, -0.6099999999999999867, 0.4592172460423974978 ) ) ;
#226 = ORIENTED_EDGE ( 'NONE', *, *, #9727, .T. ) ;
#227 = SURFACE_STYLE_USAGE ( .BOTH. , #1956 ) ;
#228 = VERTEX_POINT ( 'NONE', #11046 ) ;
#229 = UNCERTAINTY_MEASURE_WITH_UNIT (LENGTH_MEASURE( 1.000000000000000082E-05 ), #5253, 'distance_accuracy_value', 'NONE');
#230 = CARTESIAN_POINT ( 'NONE',  ( -0.4130309747942380039, -0.5999999999999999778, 0.4817176073516394874 ) ) ;
#231 =( LENGTH_UNIT ( ) NAMED_UNIT ( * ) SI_UNIT ( .MILLI., .METRE. ) );
#232 = B_SPLINE_CURVE_WITH_KNOTS ( 'NONE', 3,
 ( #7178, #10811, #9979, #5516 ),
 .UNSPECIFIED., .F., .F.,
 ( 4, 4 ),
 ( 12.00000000000000000, 13.00000000000000000 ),
 .UNSPECIFIED. ) ;
#233 = PRESENTATION_STYLE_ASSIGNMENT (( #9465 ) ) ;
#234 = STYLED_ITEM ( 'NONE', ( #7596 ), #237 ) ;
#235 = VERTEX_POINT ( 'NONE', #2929 ) ;
#236 = CARTESIAN_POINT ( 'NONE',  ( -0.3650461469561363526, -0.6099999999999999867, 0.4106813465088609005 ) ) ;
#237 = ADVANCED_FACE ( 'NONE', ( #10411 ), #828, .F. ) ;
#238 = SURFACE_STYLE_FILL_AREA ( #417 ) ;
#239 = EDGE_LOOP ( 'NONE', ( #785, #9962, #1003, #5484 ) ) ;
#240 = DIRECTION ( 'NONE',  ( -0.0000000000000000000, 0.0000000000000000000, 1.000000000000000000 ) ) ;
#241 = UNCERTAINTY_MEASURE_WITH_UNIT (LENGTH_MEASURE( 1.000000000000000082E-05 ), #7720, 'distance_accuracy_value', 'NONE');
#242 =( NAMED_UNIT ( * ) SI_UNIT ( $, .STERADIAN. ) SOLID_ANGLE_UNIT ( ) );
#243 = COLOUR_RGB ( '',1.000000000000000000, 1.000000000000000000, 1.000000000000000000 ) ;
#244 = PRESENTATION_STYLE_ASSIGNMENT (( #8443 ) ) ;
#245 = ORIENTED_EDGE ( 'NONE', *, *, #7072, .T. ) ;
#246 = CARTESIAN_POINT ( 'NONE',  ( -0.4021343118311778153, -0.5999999999999999778, 0.3851240969258026281 ) ) ;
#247 = CARTESIAN_POINT ( 'NONE',  ( -0.6374111702943295876, -0.6099999999999999867, 0.3931883973362879092 ) ) ;
#248 = VERTEX_POINT ( 'NONE', #11221 ) ;
#249 = EDGE_CURVE ( 'NONE', #10279, #1113, #1231, .T. ) ;
#250 = CARTESIAN_POINT ( 'NONE',  ( -0.3309420873009890074, -0.6099999999999999867, 0.4148611733324051309 ) ) ;
#251 = FILL_AREA_STYLE ('',( #9490 ) ) ;
#252 = SURFACE_SIDE_STYLE ('',( #4828 ) ) ;
#253 = ORIENTED_EDGE ( 'NONE', *, *, #1326, .F. ) ;
#254 = VECTOR ( 'NONE', #2907, 1000.000000000000000 ) ;
#255 = EDGE_CURVE ( 'NONE', #11070, #3145, #6905, .T. ) ;
#256 = EDGE_CURVE ( 'NONE', #9007, #8364, #7127, .T. ) ;
#257 = FILL_AREA_STYLE_COLOUR ( '', #5204 ) ;
#258 = CARTESIAN_POINT ( 'NONE',  ( -0.2627755583070236489, -0.6099999999999999867, 0.4066678809517380033 ) ) ;
#259 = ORIENTED_EDGE ( 'NONE', *, *, #9428, .T. ) ;
#260 = DIRECTION ( 'NONE',  ( -0.0000000000000000000, -0.0000000000000000000, 1.000000000000000000 ) ) ;
#261 = VERTEX_POINT ( 'NONE', #7938 ) ;
#262 = VECTOR ( 'NONE', #11461, 1000.000000000000000 ) ;
#263 = CARTESIAN_POINT ( 'NONE',  ( -0.2430617482139403041, -0.6099999999999999867, 0.4184379405646173611 ) ) ;
#264 = CARTESIAN_POINT ( 'NONE',  ( -0.6047318569297144286, -0.6099999999999999867, 0.3888504247926967139 ) ) ;
#265 = DIRECTION ( 'NONE',  ( 0.3493954794973195832, -0.0000000000000000000, -0.9369753459439783549 ) ) ;
#266 = B_SPLINE_SURFACE_WITH_KNOTS ( 'NONE', 3, 1, ( 
 ( #8723, #2670 ),
 ( #6355, #7170 ),
 ( #3460, #8893 ),
 ( #9918, #876 ) ),
 .UNSPECIFIED., .F., .F., .F.,
 ( 4, 4 ),
 ( 2, 2 ),
 ( 6.000000000000000000, 7.000000000000000000 ),
 ( 0.0000000000000000000, 1.000000000000000000 ),
 .UNSPECIFIED. ) ;
#267 = VECTOR ( 'NONE', #8643, 1000.000000000000000 ) ;
#268 = VECTOR ( 'NONE', #5232, 1000.000000000000000 ) ;
#269 = EDGE_CURVE ( 'NONE', #7595, #5476, #2709, .T. ) ;
#270 = FACE_OUTER_BOUND ( 'NONE', #1319, .T. ) ;
#271 = CARTESIAN_POINT ( 'NONE',  ( -0.6377003577995730144, -0.5999999999999999778, 0.4322300619739357641 ) ) ;
#272 = ORIENTED_EDGE ( 'NONE', *, *, #7600, .F. ) ;
#273 = CARTESIAN_POINT ( 'NONE',  ( -0.3758180389692417633, -0.5999999999999999778, 0.4074788921266491726 ) ) ;
#274 = PLANE ( 'NONE',  #10514 ) ;
#275 = SURFACE_SIDE_STYLE ('',( #451 ) ) ;
#276 = VERTEX_POINT ( 'NONE', #7077 ) ;
#277 = CARTESIAN_POINT ( 'NONE',  ( -0.6024182741471565405, -0.6099999999999999867, 0.4779232405677047990 ) ) ;
#278 = CARTESIAN_POINT ( 'NONE',  ( -0.5677145820533771037, -0.5999999999999999778, 0.5019266281507344107 ) ) ;
#279 = VECTOR ( 'NONE', #10278, 1000.000000000000000 ) ;
#280 = CARTESIAN_POINT ( 'NONE',  ( -0.3697562503170909731, -0.6099999999999999867, 0.4155266183989210771 ) ) ;
#281 = ORIENTED_EDGE ( 'NONE', *, *, #8488, .T. ) ;
#282 =( NAMED_UNIT ( * ) PLANE_ANGLE_UNIT ( ) SI_UNIT ( $, .RADIAN. ) );
#283 = CARTESIAN_POINT ( 'NONE',  ( -0.3035756589433836750, -0.6099999999999999867, 0.3904476574573795822 ) ) ;
#284 = VERTEX_POINT ( 'NONE', #7015 ) ;
#285 = VECTOR ( 'NONE', #8282, 1000.000000000000000 ) ;
#286 = LINE ( 'NONE', #1159, #7157 ) ;
#287 = ORIENTED_EDGE ( 'NONE', *, *, #3821, .T. ) ;
#288 = STYLED_ITEM ( 'NONE', ( #10865 ), #2571 ) ;
#289 = FILL_AREA_STYLE ('',( #6493 ) ) ;
#290 = CARTESIAN_POINT ( 'NONE',  ( -0.2420427854560011083, -0.5999999999999999778, 0.4199351919640710307 ) ) ;
#291 = CARTESIAN_POINT ( 'NONE',  ( -0.6374111702943295876, -0.6099999999999999867, 0.3931883973362879092 ) ) ;
#292 = CARTESIAN_POINT ( 'NONE',  ( -0.5977911140980445293, -0.5999999999999999778, 0.4594146196775475977 ) ) ;
#293 = ORIENTED_EDGE ( 'NONE', *, *, #7003, .F. ) ;
#294 = DIRECTION ( 'NONE',  ( -0.0000000000000000000, 0.0000000000000000000, 1.000000000000000000 ) ) ;
#295 = DIRECTION ( 'NONE',  ( -0.0000000000000000000, 1.000000000000000000, -0.0000000000000000000 ) ) ;
#296 =( NAMED_UNIT ( * ) PLANE_ANGLE_UNIT ( ) SI_UNIT ( $, .RADIAN. ) );
#297 = B_SPLINE_CURVE_WITH_KNOTS ( 'NONE', 3,
 ( #5029, #5995, #11490, #8589 ),
 .UNSPECIFIED., .F., .F.,
 ( 4, 4 ),
 ( 2.000000000000000000, 3.000000000000000000 ),
 .UNSPECIFIED. ) ;
#298 =( GEOMETRIC_REPRESENTATION_CONTEXT ( 3 ) GLOBAL_UNCERTAINTY_ASSIGNED_CONTEXT ( ( #241 ) ) GLOBAL_UNIT_ASSIGNED_CONTEXT ( ( #7720, #479, #6026 ) ) REPRESENTATION_CONTEXT ( 'NONE', 'WORKASPACE' ) );
#299 = ORIENTED_EDGE ( 'NONE', *, *, #1834, .F. ) ;
#300 = COLOUR_RGB ( '',1.000000000000000000, 1.000000000000000000, 1.000000000000000000 ) ;
#301 = CARTESIAN_POINT ( 'NONE',  ( -0.4835581386548792326, -0.5999999999999999778, 0.4588362115707608213 ) ) ;
#302 = EDGE_CURVE ( 'NONE', #4813, #11060, #647, .T. ) ;
#303 = ADVANCED_FACE ( 'NONE', ( #5050 ), #5175, .F. ) ;
#304 = SURFACE_STYLE_USAGE ( .BOTH. , #4685 ) ;
#305 = CARTESIAN_POINT ( 'NONE',  ( -0.2842881495957819693, -0.6099999999999999867, 0.4264856668368887105 ) ) ;
#306 = CARTESIAN_POINT ( 'NONE',  ( -0.2423963031474246355, -0.5999999999999999778, 0.4212868772551288665 ) ) ;
#307 = ORIENTED_EDGE ( 'NONE', *, *, #4650, .F. ) ;
#308 = LINE ( 'NONE', #11114, #1058 ) ;
#309 =( NAMED_UNIT ( * ) PLANE_ANGLE_UNIT ( ) SI_UNIT ( $, .RADIAN. ) );
#310 = COLOUR_RGB ( '',1.000000000000000000, 1.000000000000000000, 1.000000000000000000 ) ;
#311 =( NAMED_UNIT ( * ) PLANE_ANGLE_UNIT ( ) SI_UNIT ( $, .RADIAN. ) );
#312 = ORIENTED_EDGE ( 'NONE', *, *, #2324, .T. ) ;
#313 = CARTESIAN_POINT ( 'NONE',  ( -0.6999999999999999556, 0.5999999999999999778, 0.5999999999999999778 ) ) ;
#314 = DIRECTION ( 'NONE',  ( 1.000000000000000000, -0.0000000000000000000, -0.0000000000000000000 ) ) ;
#315 =( NAMED_UNIT ( * ) SI_UNIT ( $, .STERADIAN. ) SOLID_ANGLE_UNIT ( ) );
#316 = CARTESIAN_POINT ( 'NONE',  ( -0.4008138192774340913, -0.6099999999999999867, 0.3893039237493470806 ) ) ;
#317 = VECTOR ( 'NONE', #2692, 999.9999999999998863 ) ;
#318 = ORIENTED_EDGE ( 'NONE', *, *, #3526, .F. ) ;
#319 =( GEOMETRIC_REPRESENTATION_CONTEXT ( 3 ) GLOBAL_UNCERTAINTY_ASSIGNED_CONTEXT ( ( #5423 ) ) GLOBAL_UNIT_ASSIGNED_CONTEXT ( ( #7697, #5262, #4185 ) ) REPRESENTATION_CONTEXT ( 'NONE', 'WORKASPACE' ) );
#320 = ADVANCED_FACE ( 'NONE', ( #2513 ), #472, .F. ) ;
#321 = CARTESIAN_POINT ( 'NONE',  ( -0.3643287139938626851, -0.5999999999999999778, 0.3998054787041026015 ) ) ;
#322 = CARTESIAN_POINT ( 'NONE',  ( -0.4047025138844651537, -0.5999999999999999778, 0.3906140187237994166 ) ) ;
#323 = ORIENTED_EDGE ( 'NONE', *, *, #7799, .T. ) ;
#324 = FACE_OUTER_BOUND ( 'NONE', #9374, .T. ) ;
#325 = VERTEX_POINT ( 'NONE', #9595 ) ;
#326 =( LENGTH_UNIT ( ) NAMED_UNIT ( * ) SI_UNIT ( .MILLI., .METRE. ) );
#327 = DIRECTION ( 'NONE',  ( 1.000000000000000000, -0.0000000000000000000, -0.0000000000000000000 ) ) ;
#328 = FILL_AREA_STYLE ('',( #10382 ) ) ;
#329 = DIRECTION ( 'NONE',  ( 0.0000000000000000000, 0.0000000000000000000, -1.000000000000000000 ) ) ;
#330 =( GEOMETRIC_REPRESENTATION_CONTEXT ( 3 ) GLOBAL_UNCERTAINTY_ASSIGNED_CONTEXT ( ( #8959 ) ) GLOBAL_UNIT_ASSIGNED_CONTEXT ( ( #2663, #11601, #9744 ) ) REPRESENTATION_CONTEXT ( 'NONE', 'WORKASPACE' ) );
#331 = CARTESIAN_POINT ( 'NONE',  ( -0.3114570239489569681, -0.6099999999999999867, 0.4503377134371886470 ) ) ;
#332 = CARTESIAN_POINT ( 'NONE',  ( -0.3198478703337772067, -0.6099999999999999867, 0.4856270971169719952 ) ) ;
#333 = FILL_AREA_STYLE ('',( #1393 ) ) ;
#334 = CARTESIAN_POINT ( 'NONE',  ( -0.6515818434627739242, -0.5999999999999999778, 0.4088050521593952213 ) ) ;
#335 = CARTESIAN_POINT ( 'NONE',  ( -0.3702553341169080303, -0.5999999999999999778, 0.4113883818919822910 ) ) ;
#336 = ORIENTED_EDGE ( 'NONE', *, *, #10438, .T. ) ;
#337 = MECHANICAL_DESIGN_GEOMETRIC_PRESENTATION_REPRESENTATION (  '', ( #8159 ), #8563 ) ;
#338 = CARTESIAN_POINT ( 'NONE',  ( -0.3950327652627852459, -0.6099999999999999867, 0.4543303838357317104 ) ) ;
#339 = CARTESIAN_POINT ( 'NONE',  ( -0.3785006143933314915, -0.5999999999999999778, 0.3902189107157722492 ) ) ;
#340 = FILL_AREA_STYLE_COLOUR ( '', #8855 ) ;
#341 = SURFACE_STYLE_USAGE ( .BOTH. , #1401 ) ;
#342 = CARTESIAN_POINT ( 'NONE',  ( -0.2547174344558781889, -0.6099999999999999867, 0.3858103371506220181 ) ) ;
#343 = CARTESIAN_POINT ( 'NONE',  ( -0.5549898960555990080, -0.5999999999999999778, 0.5019266281507344107 ) ) ;
#344 = CARTESIAN_POINT ( 'NONE',  ( -0.3758180389692417633, -0.6099999999999999867, 0.4074788921266491726 ) ) ;
#345 = ORIENTED_EDGE ( 'NONE', *, *, #2797, .F. ) ;
#346 = STYLED_ITEM ( 'NONE', ( #9989 ), #6545 ) ;
#348 = EDGE_CURVE ( 'NONE', #10427, #5673, #5307, .T. ) ;
#347 = DIRECTION ( 'NONE',  ( -0.3416038306902428601, 0.0000000000000000000, 0.9398440417738209707 ) ) ;
#349 = ADVANCED_FACE ( 'NONE', ( #5103 ), #6483, .F. ) ;
#350 = MECHANICAL_DESIGN_GEOMETRIC_PRESENTATION_REPRESENTATION (  '', ( #729 ), #3415 ) ;
#351 = ORIENTED_EDGE ( 'NONE', *, *, #11472, .T. ) ;
#352 = VECTOR ( 'NONE', #9504, 1000.000000000000000 ) ;
#353 = VECTOR ( 'NONE', #158, 1000.000000000000000 ) ;
#354 = PRESENTATION_STYLE_ASSIGNMENT (( #9637 ) ) ;
#355 = ORIENTED_EDGE ( 'NONE', *, *, #9162, .F. ) ;
#356 = UNCERTAINTY_MEASURE_WITH_UNIT (LENGTH_MEASURE( 1.000000000000000082E-05 ), #10129, 'distance_accuracy_value', 'NONE');
#357 = CARTESIAN_POINT ( 'NONE',  ( -0.3035756589433836750, -0.5999999999999999778, 0.3904476574573795822 ) ) ;
#358 = ORIENTED_EDGE ( 'NONE', *, *, #555, .F. ) ;
#359 = CARTESIAN_POINT ( 'NONE',  ( -0.3577782391210452273, -0.6099999999999999867, 0.3725430261382887687 ) ) ;
#360 = APPLICATION_PROTOCOL_DEFINITION ( 'draft international standard', 'automotive_design', 1998, #7729 ) ;
#361 = CARTESIAN_POINT ( 'NONE',  ( -0.4021343118311778153, -0.6099999999999999867, 0.3851240969258026281 ) ) ;
#362 = EDGE_CURVE ( 'NONE', #2350, #2922, #11610, .T. ) ;
#363 = VECTOR ( 'NONE', #620, 1000.000000000000114 ) ;
#364 = VERTEX_POINT ( 'NONE', #10049 ) ;
#365 = DIRECTION ( 'NONE',  ( -1.000000000000000000, 0.0000000000000000000, -0.0000000000000000000 ) ) ;
#366 = CARTESIAN_POINT ( 'NONE',  ( -0.5000423835737352052, -0.5999999999999999778, 0.4640417631786479813 ) ) ;
#367 = UNCERTAINTY_MEASURE_WITH_UNIT (LENGTH_MEASURE( 1.000000000000000082E-05 ), #8663, 'distance_accuracy_value', 'NONE');
#368 = CARTESIAN_POINT ( 'NONE',  ( -0.5896935881493786669, -0.6099999999999999867, 0.4906479279443450303 ) ) ;
#369 = DIRECTION ( 'NONE',  ( -0.0000000000000000000, 1.000000000000000000, -0.0000000000000000000 ) ) ;
#370 = CARTESIAN_POINT ( 'NONE',  ( -0.3688932512465606939, -0.6099999999999999867, 0.3967070001134047619 ) ) ;
#371 = CARTESIAN_POINT ( 'NONE',  ( -0.5934531581024645730, -0.5999999999999999778, 0.3839340662063335796 ) ) ;
#372 = ORIENTED_EDGE ( 'NONE', *, *, #10448, .F. ) ;
#373 = CARTESIAN_POINT ( 'NONE',  ( -0.6168781513689943763, -0.6099999999999999867, 0.3746797681721246165 ) ) ;
#374 = DIRECTION ( 'NONE',  ( -1.000000000000000000, -0.0000000000000000000, -0.0000000000000000000 ) ) ;
#375 = CARTESIAN_POINT ( 'NONE',  ( -0.3137132986275662505, -0.5999999999999999778, 0.4711952572385812443 ) ) ;
#376 = B_SPLINE_SURFACE_WITH_KNOTS ( 'NONE', 3, 1, ( 
 ( #2617, #9876 ),
 ( #6, #4601 ),
 ( #3645, #8297 ),
 ( #1831, #2915 ) ),
 .UNSPECIFIED., .F., .F., .F.,
 ( 4, 4 ),
 ( 2, 2 ),
 ( 3.000000000000000000, 4.000000000000000000 ),
 ( 0.0000000000000000000, 1.000000000000000000 ),
 .UNSPECIFIED. ) ;
#377 = VERTEX_POINT ( 'NONE', #8110 ) ;
#378 =( LENGTH_UNIT ( ) NAMED_UNIT ( * ) SI_UNIT ( .MILLI., .METRE. ) );
#379 = LINE ( 'NONE', #4167, #10934 ) ;
#380 = ADVANCED_FACE ( 'NONE', ( #7362 ), #3514, .T. ) ;
#381 = ADVANCED_FACE ( 'NONE', ( #66 ), #3527, .T. ) ;
#382 = VERTEX_POINT ( 'NONE', #10152 ) ;
#383 = CARTESIAN_POINT ( 'NONE',  ( -0.5118994849916290724, -0.6099999999999999867, 0.4484251028395369598 ) ) ;
#384 = LINE ( 'NONE', #3130, #1640 ) ;
#385 =( NAMED_UNIT ( * ) SI_UNIT ( $, .STERADIAN. ) SOLID_ANGLE_UNIT ( ) );
#386 = ORIENTED_EDGE ( 'NONE', *, *, #11341, .T. ) ;
#387 = CARTESIAN_POINT ( 'NONE',  ( -0.2932092725178738757, -0.6099999999999999867, 0.4858142535419729957 ) ) ;
#388 = ORIENTED_EDGE ( 'NONE', *, *, #3644, .T. ) ;
#389 = DIRECTION ( 'NONE',  ( -0.0000000000000000000, 1.000000000000000000, -0.0000000000000000000 ) ) ;
#390 = DIRECTION ( 'NONE',  ( -0.0000000000000000000, 1.000000000000000000, -0.0000000000000000000 ) ) ;
#391 = CARTESIAN_POINT ( 'NONE',  ( -0.5934531581024645730, -0.6099999999999999867, 0.3839340662063335796 ) ) ;
#392 = FACE_OUTER_BOUND ( 'NONE', #3562, .T. ) ;
#393 = ADVANCED_FACE ( 'NONE', ( #11149 ), #2852, .F. ) ;
#394 =( GEOMETRIC_REPRESENTATION_CONTEXT ( 3 ) GLOBAL_UNCERTAINTY_ASSIGNED_CONTEXT ( ( #7878 ) ) GLOBAL_UNIT_ASSIGNED_CONTEXT ( ( #11423, #9497, #10490 ) ) REPRESENTATION_CONTEXT ( 'NONE', 'WORKASPACE' ) );
#395 = CARTESIAN_POINT ( 'NONE',  ( -0.4061789701256164342, -0.6099999999999999867, 0.3940036295310119785 ) ) ;
#396 = CARTESIAN_POINT ( 'NONE',  ( -0.3674999756386199690, -0.5999999999999999778, 0.4113883818919822910 ) ) ;
#397 = ORIENTED_EDGE ( 'NONE', *, *, #10990, .F. ) ;
#398 = CARTESIAN_POINT ( 'NONE',  ( -0.2939994885342057662, -0.5999999999999999778, 0.4829653168511845451 ) ) ;
#399 = CARTESIAN_POINT ( 'NONE',  ( -0.3697562503170909731, -0.6099999999999999867, 0.3851240969258026281 ) ) ;
#400 = CARTESIAN_POINT ( 'NONE',  ( -0.3500320426445777122, -0.6099999999999999867, 0.3721271229716806572 ) ) ;
#401 = CARTESIAN_POINT ( 'NONE',  ( -0.3356417930826539053, -0.5999999999999999778, 0.4503377134371886470 ) ) ;
#402 =( NAMED_UNIT ( * ) SI_UNIT ( $, .STERADIAN. ) SOLID_ANGLE_UNIT ( ) );
#403 = VERTEX_POINT ( 'NONE', #1155 ) ;
#404 = PRESENTATION_LAYER_ASSIGNMENT (  '', '', ( #9357 ) ) ;
#405 = CARTESIAN_POINT ( 'NONE',  ( -0.4056278984300413226, -0.6099999999999999867, 0.4146324265907977424 ) ) ;
#406 = CARTESIAN_POINT ( 'NONE',  ( -0.3035756589433836750, -0.5999999999999999778, 0.3904476574573795822 ) ) ;
#407 = DIRECTION ( 'NONE',  ( 0.0000000000000000000, 0.0000000000000000000, -1.000000000000000000 ) ) ;
#408 = EDGE_CURVE ( 'NONE', #4889, #4527, #9381, .T. ) ;
#409 = ORIENTED_EDGE ( 'NONE', *, *, #4303, .T. ) ;
#410 = ADVANCED_FACE ( 'NONE', ( #2975 ), #9229, .F. ) ;
#411 = PLANE ( 'NONE',  #6938 ) ;
#412 =( NAMED_UNIT ( * ) SI_UNIT ( $, .STERADIAN. ) SOLID_ANGLE_UNIT ( ) );
#413 =( NAMED_UNIT ( * ) SI_UNIT ( $, .STERADIAN. ) SOLID_ANGLE_UNIT ( ) );
#414 = ORIENTED_EDGE ( 'NONE', *, *, #11183, .T. ) ;
#415 = PLANE ( 'NONE',  #65 ) ;
#416 = PLANE ( 'NONE',  #8733 ) ;
#417 = FILL_AREA_STYLE ('',( #6664 ) ) ;
#418 = ORIENTED_EDGE ( 'NONE', *, *, #9694, .F. ) ;
#419 =( NAMED_UNIT ( * ) SI_UNIT ( $, .STERADIAN. ) SOLID_ANGLE_UNIT ( ) );
#420 = FILL_AREA_STYLE ('',( #6089 ) ) ;
#421 = LINE ( 'NONE', #8795, #6166 ) ;
#422 = DIRECTION ( 'NONE',  ( 0.0000000000000000000, -1.000000000000000000, 0.0000000000000000000 ) ) ;
#423 = LINE ( 'NONE', #5112, #4184 ) ;
#424 = VERTEX_POINT ( 'NONE', #1524 ) ;
#425 = DIRECTION ( 'NONE',  ( -0.0000000000000000000, 1.000000000000000000, -0.0000000000000000000 ) ) ;
#426 = PRESENTATION_STYLE_ASSIGNMENT (( #10479 ) ) ;
#427 = CARTESIAN_POINT ( 'NONE',  ( -0.5249133695267967914, -0.6099999999999999867, 0.4035995005517841183 ) ) ;
#428 = VERTEX_POINT ( 'NONE', #5155 ) ;
#429 =( GEOMETRIC_REPRESENTATION_CONTEXT ( 3 ) GLOBAL_UNCERTAINTY_ASSIGNED_CONTEXT ( ( #10691 ) ) GLOBAL_UNIT_ASSIGNED_CONTEXT ( ( #4745, #4013, #9301 ) ) REPRESENTATION_CONTEXT ( 'NONE', 'WORKASPACE' ) );
#430 = CARTESIAN_POINT ( 'NONE',  ( -0.4081441125875709397, -0.6099999999999999867, 0.4614839183001578915 ) ) ;
#431 = FILL_AREA_STYLE_COLOUR ( '', #1141 ) ;
#432 = CARTESIAN_POINT ( 'NONE',  ( -0.6559198049743579784, -0.5999999999999999778, 0.4316516538674262105 ) ) ;
#433 = FILL_AREA_STYLE ('',( #499 ) ) ;
#434 = EDGE_CURVE ( 'NONE', #9610, #503, #2435, .T. ) ;
#435 = ORIENTED_EDGE ( 'NONE', *, *, #8732, .T. ) ;
#436 = ADVANCED_FACE ( 'NONE', ( #3339 ), #10805, .F. ) ;
#437 =( NAMED_UNIT ( * ) PLANE_ANGLE_UNIT ( ) SI_UNIT ( $, .RADIAN. ) );
#438 = ORIENTED_EDGE ( 'NONE', *, *, #434, .F. ) ;
#439 = CARTESIAN_POINT ( 'NONE',  ( -0.2842881495957819693, -0.5999999999999999778, 0.4264856668368887105 ) ) ;
#440 = LINE ( 'NONE', #7043, #11709 ) ;
#441 = PLANE ( 'NONE',  #4969 ) ;
#442 = CARTESIAN_POINT ( 'NONE',  ( -0.3235806012532589926, -0.6099999999999999867, 0.4592172460423974978 ) ) ;
#443 =( NAMED_UNIT ( * ) PLANE_ANGLE_UNIT ( ) SI_UNIT ( $, .RADIAN. ) );
#444 = FACE_OUTER_BOUND ( 'NONE', #11045, .T. ) ;
#445 = DIRECTION ( 'NONE',  ( 1.000000000000000000, 0.0000000000000000000, -0.0000000000000000000 ) ) ;
#446 = EDGE_CURVE ( 'NONE', #8778, #7038, #9521, .T. ) ;
#447 = ORIENTED_EDGE ( 'NONE', *, *, #10589, .F. ) ;
#448 = CARTESIAN_POINT ( 'NONE',  ( -0.3810688164466189964, -0.6099999999999999867, 0.4070213986434373377 ) ) ;
#449 = CARTESIAN_POINT ( 'NONE',  ( -0.3985783397574051978, -0.5999999999999999778, 0.3893039237493470806 ) ) ;
#450 = CARTESIAN_POINT ( 'NONE',  ( -0.2627755583070236489, -0.5999999999999999778, 0.4066678809517380033 ) ) ;
#451 = SURFACE_STYLE_FILL_AREA ( #10982 ) ;
#452 =( LENGTH_UNIT ( ) NAMED_UNIT ( * ) SI_UNIT ( .MILLI., .METRE. ) );
#453 = LINE ( 'NONE', #10572, #6111 ) ;
#454 = CARTESIAN_POINT ( 'NONE',  ( -0.4056278984300413226, -0.6099999999999999867, 0.4146324265907977424 ) ) ;
#455 =( LENGTH_UNIT ( ) NAMED_UNIT ( * ) SI_UNIT ( .MILLI., .METRE. ) );
#456 = B_SPLINE_CURVE_WITH_KNOTS ( 'NONE', 3,
 ( #2194, #3816, #2083, #5762 ),
 .UNSPECIFIED., .F., .F.,
 ( 4, 4 ),
 ( 0.0000000000000000000, 1.000000000000000000 ),
 .UNSPECIFIED. ) ;
#457 = VERTEX_POINT ( 'NONE', #11391 ) ;
#458 = B_SPLINE_SURFACE_WITH_KNOTS ( 'NONE', 3, 1, ( 
 ( #6405, #4528 ),
 ( #11497, #10635 ),
 ( #6176, #8157 ),
 ( #2597, #631 ) ),
 .UNSPECIFIED., .F., .F., .F.,
 ( 4, 4 ),
 ( 2, 2 ),
 ( 5.000000000000000000, 6.000000000000000000 ),
 ( 0.0000000000000000000, 1.000000000000000000 ),
 .UNSPECIFIED. ) ;
#459 = FILL_AREA_STYLE_COLOUR ( '', #5093 ) ;
#460 = CARTESIAN_POINT ( 'NONE',  ( -0.3137132986275662505, -0.5999999999999999778, 0.4711952572385812443 ) ) ;
#461 = ORIENTED_EDGE ( 'NONE', *, *, #10523, .F. ) ;
#462 = UNCERTAINTY_MEASURE_WITH_UNIT (LENGTH_MEASURE( 1.000000000000000082E-05 ), #2747, 'distance_accuracy_value', 'NONE');
#463 = EDGE_CURVE ( 'NONE', #6928, #276, #6456, .T. ) ;
#464 = VECTOR ( 'NONE', #4955, 1000.000000000000000 ) ;
#465 = FACE_OUTER_BOUND ( 'NONE', #2630, .T. ) ;
#466 = FILL_AREA_STYLE_COLOUR ( '', #5977 ) ;
#467 =( NAMED_UNIT ( * ) SI_UNIT ( $, .STERADIAN. ) SOLID_ANGLE_UNIT ( ) );
#468 = VECTOR ( 'NONE', #6256, 1000.000000000000000 ) ;
#469 = DIRECTION ( 'NONE',  ( 1.000000000000000000, -0.0000000000000000000, -0.0000000000000000000 ) ) ;
#470 = LINE ( 'NONE', #9702, #1593 ) ;
#471 = ORIENTED_EDGE ( 'NONE', *, *, #3264, .T. ) ;
#472 = PLANE ( 'NONE',  #993 ) ;
#473 = DIRECTION ( 'NONE',  ( -0.3416038306815473158, 0.0000000000000000000, 0.9398440417769815536 ) ) ;
#474 = PRESENTATION_LAYER_ASSIGNMENT (  '', '', ( #10918 ) ) ;
#475 = VERTEX_POINT ( 'NONE', #8775 ) ;
#476 = SURFACE_SIDE_STYLE ('',( #2220 ) ) ;
#477 = CARTESIAN_POINT ( 'NONE',  ( -0.3000820723446587235, -0.6099999999999999867, 0.4660588531320066785 ) ) ;
#478 = UNCERTAINTY_MEASURE_WITH_UNIT (LENGTH_MEASURE( 1.000000000000000082E-05 ), #10555, 'distance_accuracy_value', 'NONE');
#479 =( NAMED_UNIT ( * ) PLANE_ANGLE_UNIT ( ) SI_UNIT ( $, .RADIAN. ) );
#480 = DIRECTION ( 'NONE',  ( -0.0000000000000000000, -0.0000000000000000000, 1.000000000000000000 ) ) ;
#481 = DIRECTION ( 'NONE',  ( -0.0000000000000000000, 1.000000000000000000, -0.0000000000000000000 ) ) ;
#482 = SURFACE_SIDE_STYLE ('',( #8681 ) ) ;
#483 = ORIENTED_EDGE ( 'NONE', *, *, #5340, .F. ) ;
#484 = VECTOR ( 'NONE', #6881, 1000.000000000000000 ) ;
#485 = CARTESIAN_POINT ( 'NONE',  ( -0.3845312103078911137, -0.6099999999999999867, 0.4570545495767047717 ) ) ;
#486 = LINE ( 'NONE', #10763, #9008 ) ;
#487 = ORIENTED_EDGE ( 'NONE', *, *, #10677, .T. ) ;
#488 = MECHANICAL_DESIGN_GEOMETRIC_PRESENTATION_REPRESENTATION (  '', ( #9427 ), #2003 ) ;
#489 = CARTESIAN_POINT ( 'NONE',  ( -0.4380995381566284985, -0.5999999999999999778, 0.4910130431234555615 ) ) ;
#490 = MECHANICAL_DESIGN_GEOMETRIC_PRESENTATION_REPRESENTATION (  '', ( #3357 ), #2008 ) ;
#491 = LINE ( 'NONE', #11240, #7926 ) ;
#492 = EDGE_CURVE ( 'NONE', #8932, #284, #2382, .T. ) ;
#493 = EDGE_CURVE ( 'NONE', #3704, #9208, #1349, .T. ) ;
#494 = ORIENTED_EDGE ( 'NONE', *, *, #7875, .F. ) ;
#495 = COLOUR_RGB ( '',1.000000000000000000, 1.000000000000000000, 1.000000000000000000 ) ;
#496 = LINE ( 'NONE', #3315, #7414 ) ;
#497 = AXIS2_PLACEMENT_3D ( 'NONE', #2519, #4212, #8622 ) ;
#498 = PRESENTATION_LAYER_ASSIGNMENT (  '', '', ( #1236 ) ) ;
#499 = FILL_AREA_STYLE_COLOUR ( '', #9980 ) ;
#500 = FILL_AREA_STYLE_COLOUR ( '', #11134 ) ;
#501 = VERTEX_POINT ( 'NONE', #7874 ) ;
#502 =( GEOMETRIC_REPRESENTATION_CONTEXT ( 3 ) GLOBAL_UNCERTAINTY_ASSIGNED_CONTEXT ( ( #7309 ) ) GLOBAL_UNIT_ASSIGNED_CONTEXT ( ( #2657, #4463, #6343 ) ) REPRESENTATION_CONTEXT ( 'NONE', 'WORKASPACE' ) );
#503 = VERTEX_POINT ( 'NONE', #9517 ) ;
#504 = CARTESIAN_POINT ( 'NONE',  ( -0.5844880310256262979, -0.5999999999999999778, 0.4247109275837678832 ) ) ;
#505 = LINE ( 'NONE', #6049, #363 ) ;
#506 = CARTESIAN_POINT ( 'NONE',  ( -0.3202013880251991518, -0.5999999999999999778, 0.4087889871011015641 ) ) ;
#507 = AXIS2_PLACEMENT_3D ( 'NONE', #10809, #6300, #817 ) ;
#508 = ADVANCED_FACE ( 'NONE', ( #5038 ), #8660, .F. ) ;
#509 = PRESENTATION_LAYER_ASSIGNMENT (  '', '', ( #1458 ) ) ;
#510 = FILL_AREA_STYLE_COLOUR ( '', #10367 ) ;
#511 = ORIENTED_EDGE ( 'NONE', *, *, #10845, .T. ) ;
#512 =( NAMED_UNIT ( * ) SI_UNIT ( $, .STERADIAN. ) SOLID_ANGLE_UNIT ( ) );
#513 = SURFACE_SIDE_STYLE ('',( #5084 ) ) ;
#514 =( NAMED_UNIT ( * ) SI_UNIT ( $, .STERADIAN. ) SOLID_ANGLE_UNIT ( ) );
#515 = CARTESIAN_POINT ( 'NONE',  ( -0.2423963031474246632, -0.6099999999999999867, 0.4212868772551289220 ) ) ;
#516 = MECHANICAL_DESIGN_GEOMETRIC_PRESENTATION_REPRESENTATION (  '', ( #11692 ), #9089 ) ;
#517 = CARTESIAN_POINT ( 'NONE',  ( -0.3845312103078911137, -0.5999999999999999778, 0.4845457488841256599 ) ) ;
#518 = DIRECTION ( 'NONE',  ( -1.000000000000000000, 0.0000000000000000000, -0.0000000000000000000 ) ) ;
#519 = PRESENTATION_STYLE_ASSIGNMENT (( #8718 ) ) ;
#520 = VECTOR ( 'NONE', #295, 1000.000000000000000 ) ;
#521 = B_SPLINE_CURVE_WITH_KNOTS ( 'NONE', 3,
 ( #9731, #615, #8919, #3380 ),
 .UNSPECIFIED., .F., .F.,
 ( 4, 4 ),
 ( 24.00000000000000000, 25.00000000000000000 ),
 .UNSPECIFIED. ) ;
#522 = ADVANCED_FACE ( 'NONE', ( #10135 ), #2736, .F. ) ;
#523 = EDGE_CURVE ( 'NONE', #2905, #1839, #9105, .T. ) ;
#524 = VECTOR ( 'NONE', #2700, 1000.000000000000000 ) ;
#525 = CARTESIAN_POINT ( 'NONE',  ( -0.3354338414996272388, -0.6099999999999999867, 0.4863341325000934967 ) ) ;
#526 = CARTESIAN_POINT ( 'NONE',  ( -0.2682966728430296599, -0.5999999999999999778, 0.4065223148436186151 ) ) ;
#527 = FILL_AREA_STYLE_COLOUR ( '', #2236 ) ;
#528 = ORIENTED_EDGE ( 'NONE', *, *, #5010, .T. ) ;
#529 = VECTOR ( 'NONE', #6460, 1000.000000000000000 ) ;
#530 = PRESENTATION_LAYER_ASSIGNMENT (  '', '', ( #8148 ) ) ;
#531 =( NAMED_UNIT ( * ) SI_UNIT ( $, .STERADIAN. ) SOLID_ANGLE_UNIT ( ) );
#532 = COLOUR_RGB ( '',1.000000000000000000, 1.000000000000000000, 1.000000000000000000 ) ;
#533 = SURFACE_STYLE_USAGE ( .BOTH. , #8843 ) ;
#534 = VERTEX_POINT ( 'NONE', #6235 ) ;
#535 = FILL_AREA_STYLE_COLOUR ( '', #8057 ) ;
#536 = PRESENTATION_LAYER_ASSIGNMENT (  '', '', ( #6120 ) ) ;
#537 = LINE ( 'NONE', #11282, #9643 ) ;
#538 = EDGE_CURVE ( 'NONE', #11567, #9633, #1641, .T. ) ;
#539 = MECHANICAL_DESIGN_GEOMETRIC_PRESENTATION_REPRESENTATION (  '', ( #8170 ), #6675 ) ;
#540 = VERTEX_POINT ( 'NONE', #5561 ) ;
#541 = VECTOR ( 'NONE', #9502, 1000.000000000000000 ) ;
#542 = B_SPLINE_SURFACE_WITH_KNOTS ( 'NONE', 3, 1, ( 
 ( #9033, #5323 ),
 ( #1635, #10683 ),
 ( #2545, #8154 ),
 ( #6171, #9742 ) ),
 .UNSPECIFIED., .F., .F., .F.,
 ( 4, 4 ),
 ( 2, 2 ),
 ( 5.000000000000000000, 6.000000000000000000 ),
 ( 0.0000000000000000000, 1.000000000000000000 ),
 .UNSPECIFIED. ) ;
#543 = CARTESIAN_POINT ( 'NONE',  ( -0.4380995381566284985, -0.5999999999999999778, 0.4910130431234555615 ) ) ;
#544 = CARTESIAN_POINT ( 'NONE',  ( -0.3930988155384208538, -0.6099999999999999867, 0.3976011919215282076 ) ) ;
#545 = B_SPLINE_CURVE_WITH_KNOTS ( 'NONE', 3,
 ( #3865, #6412, #11081, #1819 ),
 .UNSPECIFIED., .F., .F.,
 ( 4, 4 ),
 ( 1.000000000000000000, 2.000000000000000000 ),
 .UNSPECIFIED. ) ;
#546 = CARTESIAN_POINT ( 'NONE',  ( -0.4166493323429174556, -0.5999999999999999778, 0.4549750337439453785 ) ) ;
#547 =( NAMED_UNIT ( * ) SI_UNIT ( $, .STERADIAN. ) SOLID_ANGLE_UNIT ( ) );
#548 = STYLED_ITEM ( 'NONE', ( #9685 ), #3401 ) ;
#549 = DIRECTION ( 'NONE',  ( -0.0000000000000000000, 0.0000000000000000000, 1.000000000000000000 ) ) ;
#550 = VERTEX_POINT ( 'NONE', #3673 ) ;
#551 = COLOUR_RGB ( '',1.000000000000000000, 1.000000000000000000, 1.000000000000000000 ) ;
#552 = CARTESIAN_POINT ( 'NONE',  ( -0.2903499382479332036, -0.6099999999999999867, 0.4910130431234555615 ) ) ;
#553 = CARTESIAN_POINT ( 'NONE',  ( -0.3880040017484512882, -0.5999999999999999778, 0.4045051844857675549 ) ) ;
#554 = FILL_AREA_STYLE ('',( #6100 ) ) ;
#555 = EDGE_CURVE ( 'NONE', #8244, #325, #759, .T. ) ;
#556 = ORIENTED_EDGE ( 'NONE', *, *, #538, .F. ) ;
#557 = CARTESIAN_POINT ( 'NONE',  ( -0.4054823323217832676, -0.6099999999999999867, 0.4586141864510666077 ) ) ;
#558 = CARTESIAN_POINT ( 'NONE',  ( -0.3697562503170909731, -0.6099999999999999867, 0.4155266183989210771 ) ) ;
#559 = CARTESIAN_POINT ( 'NONE',  ( -0.5766796980982075160, -0.6099999999999999867, 0.4209513631466858530 ) ) ;
#560 = EDGE_CURVE ( 'NONE', #7484, #719, #8039, .T. ) ;
#561 = ORIENTED_EDGE ( 'NONE', *, *, #5521, .F. ) ;
#562 = EDGE_CURVE ( 'NONE', #3619, #5576, #1981, .T. ) ;
#563 = DIRECTION ( 'NONE',  ( -1.000000000000000000, -0.0000000000000000000, -0.0000000000000000000 ) ) ;
#564 = ORIENTED_EDGE ( 'NONE', *, *, #6016, .T. ) ;
#565 = FACE_OUTER_BOUND ( 'NONE', #1976, .T. ) ;
#566 = CARTESIAN_POINT ( 'NONE',  ( -0.3157616217225944211, -0.5999999999999999778, 0.4598411007923084437 ) ) ;
#567 = SURFACE_STYLE_FILL_AREA ( #7688 ) ;
#568 =( NAMED_UNIT ( * ) SI_UNIT ( $, .STERADIAN. ) SOLID_ANGLE_UNIT ( ) );
#569 = ORIENTED_EDGE ( 'NONE', *, *, #3284, .F. ) ;
#570 = LINE ( 'NONE', #448, #9277 ) ;
#571 = LINE ( 'NONE', #6891, #6406 ) ;
#572 = DIRECTION ( 'NONE',  ( -1.000000000000000000, 0.0000000000000000000, -0.0000000000000000000 ) ) ;
#573 = FILL_AREA_STYLE_COLOUR ( '', #10285 ) ;
#574 = SURFACE_SIDE_STYLE ('',( #2495 ) ) ;
#575 = CARTESIAN_POINT ( 'NONE',  ( -0.5231781893348829149, -0.6099999999999999867, 0.4033103075305376484 ) ) ;
#576 = SURFACE_SIDE_STYLE ('',( #11325 ) ) ;
#577 = DIRECTION ( 'NONE',  ( -0.9345104387438670779, 0.0000000000000000000, -0.3559357243643086477 ) ) ;
#578 = FACE_OUTER_BOUND ( 'NONE', #2584, .T. ) ;
#579 = ORIENTED_EDGE ( 'NONE', *, *, #4976, .T. ) ;
#580 = VERTEX_POINT ( 'NONE', #9147 ) ;
#581 = CARTESIAN_POINT ( 'NONE',  ( -0.5237565753775156319, -0.5999999999999999778, 0.4197945689974049710 ) ) ;
#582 = SURFACE_STYLE_USAGE ( .BOTH. , #7824 ) ;
#583 = PRESENTATION_LAYER_ASSIGNMENT (  '', '', ( #4408 ) ) ;
#584 = SURFACE_SIDE_STYLE ('',( #2454 ) ) ;
#585 = ORIENTED_EDGE ( 'NONE', *, *, #5012, .T. ) ;
#586 = UNCERTAINTY_MEASURE_WITH_UNIT (LENGTH_MEASURE( 1.000000000000000082E-05 ), #3792, 'distance_accuracy_value', 'NONE');
#587 = DIRECTION ( 'NONE',  ( -0.0000000000000000000, 1.000000000000000000, -0.0000000000000000000 ) ) ;
#588 = CARTESIAN_POINT ( 'NONE',  ( -0.3557715063426226121, -0.6099999999999999867, 0.3721271229716806572 ) ) ;
#589 = EDGE_CURVE ( 'NONE', #2410, #5803, #7282, .T. ) ;
#590 = VECTOR ( 'NONE', #369, 1000.000000000000000 ) ;
#591 = EDGE_CURVE ( 'NONE', #841, #11118, #4297, .T. ) ;
#592 = FILL_AREA_STYLE ('',( #5101 ) ) ;
#593 = EDGE_LOOP ( 'NONE', ( #4567, #74, #7129, #564 ) ) ;
#594 = SURFACE_STYLE_FILL_AREA ( #3351 ) ;
#595 = VERTEX_POINT ( 'NONE', #6515 ) ;
#596 = VECTOR ( 'NONE', #1749, 1000.000000000000000 ) ;
#597 = DIRECTION ( 'NONE',  ( -0.0000000000000000000, 1.000000000000000000, -0.0000000000000000000 ) ) ;
#598 = UNCERTAINTY_MEASURE_WITH_UNIT (LENGTH_MEASURE( 1.000000000000000082E-05 ), #1729, 'distance_accuracy_value', 'NONE');
#599 = FILL_AREA_STYLE ('',( #10302 ) ) ;
#600 = PRESENTATION_STYLE_ASSIGNMENT (( #1498 ) ) ;
#601 =( NAMED_UNIT ( * ) PLANE_ANGLE_UNIT ( ) SI_UNIT ( $, .RADIAN. ) );
#602 = ORIENTED_EDGE ( 'NONE', *, *, #665, .T. ) ;
#603 = CARTESIAN_POINT ( 'NONE',  ( -0.5870908178615775741, -0.5999999999999999778, 0.3839340662063335796 ) ) ;
#604 = DIRECTION ( 'NONE',  ( -0.0000000000000000000, 1.000000000000000000, -0.0000000000000000000 ) ) ;
#605 = VERTEX_POINT ( 'NONE', #1185 ) ;
#606 = PRESENTATION_LAYER_ASSIGNMENT (  '', '', ( #1151 ) ) ;
#607 = FILL_AREA_STYLE_COLOUR ( '', #5685 ) ;
#608 = CARTESIAN_POINT ( 'NONE',  ( -0.5405300243499036039, -0.6099999999999999867, 0.5019266281507344107 ) ) ;
#609 = EDGE_LOOP ( 'NONE', ( #10073, #10492, #11007, #8277, #3933, #9188, #11424, #11400, #8963, #10910, #3489, #2966 ) ) ;
#610 = CARTESIAN_POINT ( 'NONE',  ( -0.4081441125875709397, -0.5999999999999999778, 0.4614839183001578915 ) ) ;
#611 = UNCERTAINTY_MEASURE_WITH_UNIT (LENGTH_MEASURE( 1.000000000000000082E-05 ), #3332, 'distance_accuracy_value', 'NONE');
#612 = CARTESIAN_POINT ( 'NONE',  ( -0.6510034484565657698, -0.5999999999999999778, 0.4559442372297048407 ) ) ;
#613 = DIRECTION ( 'NONE',  ( 0.0000000000000000000, 0.0000000000000000000, 1.000000000000000000 ) ) ;
#614 = ORIENTED_EDGE ( 'NONE', *, *, #7953, .T. ) ;
#615 = CARTESIAN_POINT ( 'NONE',  ( -0.4893420873371294166, -0.5999999999999999778, 0.4140106092830085349 ) ) ;
#616 =( NAMED_UNIT ( * ) SI_UNIT ( $, .STERADIAN. ) SOLID_ANGLE_UNIT ( ) );
#617 = EDGE_LOOP ( 'NONE', ( #3070, #2567, #11575, #9241 ) ) ;
#618 = CARTESIAN_POINT ( 'NONE',  ( -0.5338784855714885369, -0.5999999999999999778, 0.3946343845070930390 ) ) ;
#619 = B_SPLINE_CURVE_WITH_KNOTS ( 'NONE', 3,
 ( #6625, #2897, #10191, #5493 ),
 .UNSPECIFIED., .F., .F.,
 ( 4, 4 ),
 ( 3.000000000000000000, 4.000000000000000000 ),
 .UNSPECIFIED. ) ;
#620 = DIRECTION ( 'NONE',  ( -0.2524218971878539053, -0.0000000000000000000, 0.9676172723861871106 ) ) ;
#621 = CARTESIAN_POINT ( 'NONE',  ( -0.5642442161535456968, -0.6099999999999999867, 0.3795961267584874732 ) ) ;
#622 = CARTESIAN_POINT ( 'NONE',  ( -0.5934531525864606971, -0.5999999999999999778, 0.4568118438734654063 ) ) ;
#623 = CARTESIAN_POINT ( 'NONE',  ( -0.3548877121137902768, -0.6099999999999999867, 0.3764941062202255551 ) ) ;
#624 = EDGE_LOOP ( 'NONE', ( #2419, #5032, #10111, #10392, #1718, #3584, #3758, #5895, #11636, #1476, #6212, #2341, #6974, #9525 ) ) ;
#625 = FILL_AREA_STYLE ('',( #1517 ) ) ;
#626 = DIRECTION ( 'NONE',  ( -0.0000000000000000000, 0.0000000000000000000, 1.000000000000000000 ) ) ;
#627 = CARTESIAN_POINT ( 'NONE',  ( -0.3875049179486341200, -0.5999999999999999778, 0.4552453708021569345 ) ) ;
#628 = PRESENTATION_STYLE_ASSIGNMENT (( #1571 ) ) ;
#629 = AXIS2_PLACEMENT_3D ( 'NONE', #11433, #9394, #9507 ) ;
#630 = CARTESIAN_POINT ( 'NONE',  ( -0.5642442161535456968, -0.5999999999999999778, 0.3955019856348489515 ) ) ;
#631 = CARTESIAN_POINT ( 'NONE',  ( -0.3198478703337772067, -0.5999999999999999778, 0.4560355868184891026 ) ) ;
#632 = CARTESIAN_POINT ( 'NONE',  ( -0.3930988155384208538, -0.6099999999999999867, 0.3976011919215282076 ) ) ;
#633 = CARTESIAN_POINT ( 'NONE',  ( -0.3198478703337772067, -0.6099999999999999867, 0.4856270971169719952 ) ) ;
#634 = CARTESIAN_POINT ( 'NONE',  ( -0.4380995381566284985, -0.6099999999999999867, 0.4910130431234555615 ) ) ;
#635 = EDGE_CURVE ( 'NONE', #6207, #8724, #11241, .T. ) ;
#636 =( GEOMETRIC_REPRESENTATION_CONTEXT ( 3 ) GLOBAL_UNCERTAINTY_ASSIGNED_CONTEXT ( ( #7530 ) ) GLOBAL_UNIT_ASSIGNED_CONTEXT ( ( #3394, #8824, #8034 ) ) REPRESENTATION_CONTEXT ( 'NONE', 'WORKASPACE' ) );
#637 = LINE ( 'NONE', #8166, #3155 ) ;
#638 = DIRECTION ( 'NONE',  ( -0.3559357243643069268, 0.0000000000000000000, -0.9345104387438676330 ) ) ;
#639 = ORIENTED_EDGE ( 'NONE', *, *, #5306, .F. ) ;
#640 = DIRECTION ( 'NONE',  ( -0.0000000000000000000, 0.0000000000000000000, -1.000000000000000000 ) ) ;
#641 = DIRECTION ( 'NONE',  ( -0.0000000000000000000, 1.000000000000000000, -0.0000000000000000000 ) ) ;
#642 =( NAMED_UNIT ( * ) SI_UNIT ( $, .STERADIAN. ) SOLID_ANGLE_UNIT ( ) );
#643 = CARTESIAN_POINT ( 'NONE',  ( -0.3577782391210452273, -0.6099999999999999867, 0.3725430261382887687 ) ) ;
#644 = CARTESIAN_POINT ( 'NONE',  ( -0.2416372798685456624, -0.6099999999999999867, 0.4184379405646173056 ) ) ;
#645 = VERTEX_POINT ( 'NONE', #7088 ) ;
#646 = MECHANICAL_DESIGN_GEOMETRIC_PRESENTATION_REPRESENTATION (  '', ( #4291 ), #2177 ) ;
#647 = LINE ( 'NONE', #10526, #1378 ) ;
#648 = ORIENTED_EDGE ( 'NONE', *, *, #1994, .F. ) ;
#649 = ADVANCED_FACE ( 'NONE', ( #7139 ), #10056, .F. ) ;
#650 = PRESENTATION_LAYER_ASSIGNMENT (  '', '', ( #1786 ) ) ;
#651 = B_SPLINE_CURVE_WITH_KNOTS ( 'NONE', 3,
 ( #1917, #5609, #9197, #1015 ),
 .UNSPECIFIED., .F., .F.,
 ( 4, 4 ),
 ( 35.00000000000000000, 36.00000000000000000 ),
 .UNSPECIFIED. ) ;
#652 =( NAMED_UNIT ( * ) SI_UNIT ( $, .STERADIAN. ) SOLID_ANGLE_UNIT ( ) );
#653 = CARTESIAN_POINT ( 'NONE',  ( -0.4328487606792498221, -0.6099999999999999867, 0.4549750337439453785 ) ) ;
#654 = PRESENTATION_LAYER_ASSIGNMENT (  '', '', ( #2949 ) ) ;
#655 = ORIENTED_EDGE ( 'NONE', *, *, #10052, .F. ) ;
#656 = FACE_OUTER_BOUND ( 'NONE', #3879, .T. ) ;
#657 = CARTESIAN_POINT ( 'NONE',  ( -0.4016248304522080925, -0.6099999999999999867, 0.4496514732123697011 ) ) ;
#658 = ORIENTED_EDGE ( 'NONE', *, *, #8632, .T. ) ;
#659 = VERTEX_POINT ( 'NONE', #7199 ) ;
#660 = CARTESIAN_POINT ( 'NONE',  ( -0.5101643047997155289, -0.6099999999999999867, 0.4033103075305376484 ) ) ;
#661 = CARTESIAN_POINT ( 'NONE',  ( -0.6999999999999999556, 0.5999999999999999778, 0.5999999999999999778 ) ) ;
#662 = MECHANICAL_DESIGN_GEOMETRIC_PRESENTATION_REPRESENTATION (  '', ( #10727 ), #8698 ) ;
#663 = ORIENTED_EDGE ( 'NONE', *, *, #5798, .F. ) ;
#664 = EDGE_CURVE ( 'NONE', #2010, #6710, #9833, .T. ) ;
#665 = EDGE_CURVE ( 'NONE', #797, #3240, #6205, .T. ) ;
#666 = CARTESIAN_POINT ( 'NONE',  ( -0.2727572343039361691, -0.5999999999999999778, 0.4179804470814046935 ) ) ;
#667 = DIRECTION ( 'NONE',  ( -0.0000000000000000000, 1.000000000000000000, -0.0000000000000000000 ) ) ;
#668 = PRESENTATION_LAYER_ASSIGNMENT (  '', '', ( #9624 ) ) ;
#669 = VECTOR ( 'NONE', #5380, 1000.000000000000000 ) ;
#670 = ORIENTED_EDGE ( 'NONE', *, *, #10554, .T. ) ;
#671 = CARTESIAN_POINT ( 'NONE',  ( -0.2491443320241173709, -0.5999999999999999778, 0.4015314768451630489 ) ) ;
#672 = VECTOR ( 'NONE', #9324, 1000.000000000000000 ) ;
#673 = EDGE_LOOP ( 'NONE', ( #3519, #11492, #4580, #4872, #9928, #4017, #2051, #7323, #2994, #5838, #5527, #4884, #6185, #3923, #5539 ) ) ;
#674 = DIRECTION ( 'NONE',  ( -0.3409177962187266431, -0.0000000000000000000, -0.9400931103999042859 ) ) ;
#675 =( NAMED_UNIT ( * ) SI_UNIT ( $, .STERADIAN. ) SOLID_ANGLE_UNIT ( ) );
#676 = PLANE ( 'NONE',  #8889 ) ;
#677 = PRESENTATION_LAYER_ASSIGNMENT (  '', '', ( #4902 ) ) ;
#678 = STYLED_ITEM ( 'NONE', ( #10533 ), #8079 ) ;
#679 = ADVANCED_FACE ( 'NONE', ( #2417 ), #1772, .F. ) ;
#680 = PRESENTATION_LAYER_ASSIGNMENT (  '', '', ( #1624 ) ) ;
#681 = SURFACE_STYLE_USAGE ( .BOTH. , #10680 ) ;
#682 = CARTESIAN_POINT ( 'NONE',  ( -0.6162997487782113648, -0.6099999999999999867, 0.4166134016351022984 ) ) ;
#683 = PRESENTATION_STYLE_ASSIGNMENT (( #7158 ) ) ;
#684 = ORIENTED_EDGE ( 'NONE', *, *, #11298, .F. ) ;
#685 =( LENGTH_UNIT ( ) NAMED_UNIT ( * ) SI_UNIT ( .MILLI., .METRE. ) );
#686 = MECHANICAL_DESIGN_GEOMETRIC_PRESENTATION_REPRESENTATION (  '', ( #2433 ), #1454 ) ;
#687 = SURFACE_STYLE_USAGE ( .BOTH. , #8877 ) ;
#688 = SURFACE_SIDE_STYLE ('',( #7871 ) ) ;
#689 = SURFACE_STYLE_USAGE ( .BOTH. , #1808 ) ;
#690 = PRESENTATION_STYLE_ASSIGNMENT (( #8880 ) ) ;
#691 = STYLED_ITEM ( 'NONE', ( #2611 ), #8358 ) ;
#692 = CARTESIAN_POINT ( 'NONE',  ( -0.5977911140980445293, -0.6099999999999999867, 0.4594146196775475977 ) ) ;
#693 = CARTESIAN_POINT ( 'NONE',  ( -0.5547007030342133715, -0.6099999999999999867, 0.4845747821038446923 ) ) ;
#694 =( LENGTH_UNIT ( ) NAMED_UNIT ( * ) SI_UNIT ( .MILLI., .METRE. ) );
#695 = AXIS2_PLACEMENT_3D ( 'NONE', #7722, #422, #11410 ) ;
#696 = FILL_AREA_STYLE ('',( #6234 ) ) ;
#697 = CARTESIAN_POINT ( 'NONE',  ( -0.3545133992639263321, -0.5999999999999999778, 0.4549750337439453785 ) ) ;
#698 = VECTOR ( 'NONE', #6334, 1000.000000000000000 ) ;
#699 = MECHANICAL_DESIGN_GEOMETRIC_PRESENTATION_REPRESENTATION (  '', ( #2991 ), #7946 ) ;
#700 = CARTESIAN_POINT ( 'NONE',  ( -0.3952823071626931917, -0.6099999999999999867, 0.3916745717986214181 ) ) ;
#701 = SURFACE_SIDE_STYLE ('',( #9043 ) ) ;
#702 = ORIENTED_EDGE ( 'NONE', *, *, #9190, .T. ) ;
#703 = UNCERTAINTY_MEASURE_WITH_UNIT (LENGTH_MEASURE( 1.000000000000000082E-05 ), #231, 'distance_accuracy_value', 'NONE');
#704 = LINE ( 'NONE', #4360, #3515 ) ;
#705 = LINE ( 'NONE', #1763, #5864 ) ;
#706 = ADVANCED_FACE ( 'NONE', ( #4441, #5419 ), #4680, .T. ) ;
#707 = ADVANCED_FACE ( 'NONE', ( #839 ), #7064, .F. ) ;
#708 = VECTOR ( 'NONE', #11295, 1000.000000000000000 ) ;
#709 = ORIENTED_EDGE ( 'NONE', *, *, #10409, .T. ) ;
#710 =( LENGTH_UNIT ( ) NAMED_UNIT ( * ) SI_UNIT ( .MILLI., .METRE. ) );
#711 = MECHANICAL_DESIGN_GEOMETRIC_PRESENTATION_REPRESENTATION (  '', ( #5125 ), #330 ) ;
#712 = ORIENTED_EDGE ( 'NONE', *, *, #7408, .T. ) ;
#713 = STYLED_ITEM ( 'NONE', ( #354 ), #4712 ) ;
#714 = VECTOR ( 'NONE', #2958, 1000.000000000000114 ) ;
#715 = LINE ( 'NONE', #8242, #7423 ) ;
#716 = CARTESIAN_POINT ( 'NONE',  ( -0.2682966728430296599, -0.6099999999999999867, 0.4065223148436186151 ) ) ;
#717 = ORIENTED_EDGE ( 'NONE', *, *, #5198, .T. ) ;
#718 = UNCERTAINTY_MEASURE_WITH_UNIT (LENGTH_MEASURE( 1.000000000000000082E-05 ), #5448, 'distance_accuracy_value', 'NONE');
#719 = VERTEX_POINT ( 'NONE', #9072 ) ;
#720 = PRESENTATION_LAYER_ASSIGNMENT (  '', '', ( #2809 ) ) ;
#721 = LINE ( 'NONE', #11620, #5432 ) ;
#722 = ORIENTED_EDGE ( 'NONE', *, *, #11484, .T. ) ;
#723 = B_SPLINE_CURVE_WITH_KNOTS ( 'NONE', 3,
 ( #6691, #7625, #11184, #4045 ),
 .UNSPECIFIED., .F., .F.,
 ( 4, 4 ),
 ( 3.000000000000000000, 4.000000000000000000 ),
 .UNSPECIFIED. ) ;
#724 = CARTESIAN_POINT ( 'NONE',  ( -0.3628730529110148484, -0.6099999999999999867, 0.4142373185824930193 ) ) ;
#725 = VECTOR ( 'NONE', #7330, 1000.000000000000000 ) ;
#726 = CARTESIAN_POINT ( 'NONE',  ( -0.3747054979988023726, -0.6099999999999999867, 0.4047755215442560006 ) ) ;
#727 = VECTOR ( 'NONE', #7583, 1000.000000000000000 ) ;
#728 = ORIENTED_EDGE ( 'NONE', *, *, #8927, .F. ) ;
#729 = STYLED_ITEM ( 'NONE', ( #6494 ), #9903 ) ;
#730 = CARTESIAN_POINT ( 'NONE',  ( -0.4105147606367068325, -0.6099999999999999867, 0.3889296108993458012 ) ) ;
#731 = UNCERTAINTY_MEASURE_WITH_UNIT (LENGTH_MEASURE( 1.000000000000000082E-05 ), #9034, 'distance_accuracy_value', 'NONE');
#732 = CARTESIAN_POINT ( 'NONE',  ( -0.4091110874497538852, -0.6099999999999999867, 0.4857102777501829394 ) ) ;
#733 = FILL_AREA_STYLE_COLOUR ( '', #5774 ) ;
#734 = SURFACE_STYLE_USAGE ( .BOTH. , #5246 ) ;
#735 = PLANE ( 'NONE',  #5288 ) ;
#736 = COLOUR_RGB ( '',1.000000000000000000, 1.000000000000000000, 1.000000000000000000 ) ;
#737 = EDGE_LOOP ( 'NONE', ( #9713, #5954, #3169, #3422 ) ) ;
#738 = FILL_AREA_STYLE_COLOUR ( '', #5108 ) ;
#739 = B_SPLINE_SURFACE_WITH_KNOTS ( 'NONE', 3, 1, ( 
 ( #7714, #10897 ),
 ( #9373, #5793 ),
 ( #8388, #1119 ),
 ( #5729, #3901 ) ),
 .UNSPECIFIED., .F., .F., .F.,
 ( 4, 4 ),
 ( 2, 2 ),
 ( 12.00000000000000000, 13.00000000000000000 ),
 ( 0.0000000000000000000, 1.000000000000000000 ),
 .UNSPECIFIED. ) ;
#740 = ORIENTED_EDGE ( 'NONE', *, *, #7543, .F. ) ;
#741 = CARTESIAN_POINT ( 'NONE',  ( -0.2605192836289691449, -0.6099999999999999867, 0.3858103371506220181 ) ) ;
#742 = EDGE_CURVE ( 'NONE', #8327, #10605, #1409, .T. ) ;
#743 = AXIS2_PLACEMENT_3D ( 'NONE', #5396, #9812, #9870 ) ;
#744 = FILL_AREA_STYLE ('',( #8923 ) ) ;
#745 = EDGE_CURVE ( 'NONE', #943, #6189, #3659, .T. ) ;
#746 = ADVANCED_BREP_SHAPE_REPRESENTATION ( 'IND-SMD_L1.4-W1.2_AOTA-B141206SR47MT', ( #10974, #11064, #3160, #10580 ), #2992 ) ;
#747 = CARTESIAN_POINT ( 'NONE',  ( -0.6559198049743579784, -0.5999999999999999778, 0.4200837565026481757 ) ) ;
#748 =( GEOMETRIC_REPRESENTATION_CONTEXT ( 3 ) GLOBAL_UNCERTAINTY_ASSIGNED_CONTEXT ( ( #1543 ) ) GLOBAL_UNIT_ASSIGNED_CONTEXT ( ( #5025, #11250, #2128 ) ) REPRESENTATION_CONTEXT ( 'NONE', 'WORKASPACE' ) );
#749 =( LENGTH_UNIT ( ) NAMED_UNIT ( * ) SI_UNIT ( .MILLI., .METRE. ) );
#750 = VERTEX_POINT ( 'NONE', #10888 ) ;
#751 =( NAMED_UNIT ( * ) PLANE_ANGLE_UNIT ( ) SI_UNIT ( $, .RADIAN. ) );
#752 = SURFACE_STYLE_USAGE ( .BOTH. , #3397 ) ;
#753 = ORIENTED_EDGE ( 'NONE', *, *, #6047, .T. ) ;
#754 = LINE ( 'NONE', #7980, #6654 ) ;
#755 = SURFACE_SIDE_STYLE ('',( #8160 ) ) ;
#756 = EDGE_CURVE ( 'NONE', #7669, #108, #5544, .T. ) ;
#757 = CARTESIAN_POINT ( 'NONE',  ( -0.5934531581024645730, -0.5999999999999999778, 0.4064914748928398214 ) ) ;
#758 = CARTESIAN_POINT ( 'NONE',  ( -0.5642442161535456968, -0.5999999999999999778, 0.3963695757308762779 ) ) ;
#759 = LINE ( 'NONE', #4409, #4603 ) ;
#760 = B_SPLINE_CURVE_WITH_KNOTS ( 'NONE', 3,
 ( #6947, #8656, #2378, #1471 ),
 .UNSPECIFIED., .F., .F.,
 ( 4, 4 ),
 ( 5.000000000000000000, 6.000000000000000000 ),
 .UNSPECIFIED. ) ;
#761 = ORIENTED_EDGE ( 'NONE', *, *, #9447, .F. ) ;
#762 = CARTESIAN_POINT ( 'NONE',  ( -0.4113465669697827787, -0.6099999999999999867, 0.3935877263646810342 ) ) ;
#763 = CARTESIAN_POINT ( 'NONE',  ( -0.3950639580002381912, -0.6099999999999999867, 0.4113883818919822910 ) ) ;
#764 = MECHANICAL_DESIGN_GEOMETRIC_PRESENTATION_REPRESENTATION (  '', ( #4396 ), #8617 ) ;
#765 = EDGE_CURVE ( 'NONE', #7361, #4966, #3713, .T. ) ;
#766 = CARTESIAN_POINT ( 'NONE',  ( -0.4893420873371294166, -0.6099999999999999867, 0.4258677051850371376 ) ) ;
#767 = CARTESIAN_POINT ( 'NONE',  ( -0.3788541320848922700, -0.6099999999999999867, 0.3857063613588322393 ) ) ;
#768 = ORIENTED_EDGE ( 'NONE', *, *, #493, .T. ) ;
#769 =( GEOMETRIC_REPRESENTATION_CONTEXT ( 3 ) GLOBAL_UNCERTAINTY_ASSIGNED_CONTEXT ( ( #4415 ) ) GLOBAL_UNIT_ASSIGNED_CONTEXT ( ( #710, #4368, #3586 ) ) REPRESENTATION_CONTEXT ( 'NONE', 'WORKASPACE' ) );
#770 = CARTESIAN_POINT ( 'NONE',  ( -0.2903499382479332036, -0.6099999999999999867, 0.4910130431234555615 ) ) ;
#771 = DIRECTION ( 'NONE',  ( 1.000000000000000000, -1.355252715606880543E-16, 0.0000000000000000000 ) ) ;
#772 = VERTEX_POINT ( 'NONE', #11105 ) ;
#773 = VECTOR ( 'NONE', #7319, 1000.000000000000000 ) ;
#774 = EDGE_CURVE ( 'NONE', #1307, #4642, #7716, .T. ) ;
#775 = ADVANCED_FACE ( 'NONE', ( #11283 ), #10233, .T. ) ;
#776 = LINE ( 'NONE', #11568, #8163 ) ;
#777 = FILL_AREA_STYLE ('',( #1661 ) ) ;
#778 = MECHANICAL_DESIGN_GEOMETRIC_PRESENTATION_REPRESENTATION (  '', ( #5976 ), #7655 ) ;
#779 = ORIENTED_EDGE ( 'NONE', *, *, #2251, .F. ) ;
#780 = STYLED_ITEM ( 'NONE', ( #233 ), #1835 ) ;
#781 = CARTESIAN_POINT ( 'NONE',  ( -0.3993373630362828663, -0.6099999999999999867, 0.4543303838357317104 ) ) ;
#782 = CARTESIAN_POINT ( 'NONE',  ( -0.2844961011790859695, -0.5999999999999999778, 0.4218067562135269788 ) ) ;
#783 = CARTESIAN_POINT ( 'NONE',  ( -0.4085080278582838842, -0.6099999999999999867, 0.4078740001346763400 ) ) ;
#784 = DIRECTION ( 'NONE',  ( -0.0000000000000000000, 1.000000000000000000, -0.0000000000000000000 ) ) ;
#785 = ORIENTED_EDGE ( 'NONE', *, *, #10573, .T. ) ;
#786 = B_SPLINE_CURVE_WITH_KNOTS ( 'NONE', 3,
 ( #273, #8288, #5515, #4725 ),
 .UNSPECIFIED., .F., .F.,
 ( 4, 4 ),
 ( 12.00000000000000000, 13.00000000000000000 ),
 .UNSPECIFIED. ) ;
#787 = CARTESIAN_POINT ( 'NONE',  ( -0.6203485117526829073, -0.6099999999999999867, 0.4056238958291003005 ) ) ;
#788 = VECTOR ( 'NONE', #480, 1000.000000000000000 ) ;
#789 =( GEOMETRIC_REPRESENTATION_CONTEXT ( 3 ) GLOBAL_UNCERTAINTY_ASSIGNED_CONTEXT ( ( #4337 ) ) GLOBAL_UNIT_ASSIGNED_CONTEXT ( ( #7786, #6917, #1247 ) ) REPRESENTATION_CONTEXT ( 'NONE', 'WORKASPACE' ) );
#790 = ORIENTED_EDGE ( 'NONE', *, *, #9804, .T. ) ;
#791 = EDGE_CURVE ( 'NONE', #2950, #3271, #8674, .T. ) ;
#792 = SURFACE_STYLE_USAGE ( .BOTH. , #8966 ) ;
#793 = FILL_AREA_STYLE ('',( #3545 ) ) ;
#794 = PRESENTATION_LAYER_ASSIGNMENT (  '', '', ( #8988 ) ) ;
#795 = ORIENTED_EDGE ( 'NONE', *, *, #5507, .T. ) ;
#796 =( NAMED_UNIT ( * ) PLANE_ANGLE_UNIT ( ) SI_UNIT ( $, .RADIAN. ) );
#797 = VERTEX_POINT ( 'NONE', #2031 ) ;
#798 = CARTESIAN_POINT ( 'NONE',  ( -0.5934531525864606971, -0.6099999999999999867, 0.4568118438734654063 ) ) ;
#799 = SURFACE_STYLE_FILL_AREA ( #6217 ) ;
#800 = FACE_OUTER_BOUND ( 'NONE', #5276, .T. ) ;
#801 = CARTESIAN_POINT ( 'NONE',  ( -0.2354923105829064001, -0.6099999999999999867, 0.4015314768451630489 ) ) ;
#802 = ADVANCED_FACE ( 'NONE', ( #4081 ), #10414, .F. ) ;
#803 =( NAMED_UNIT ( * ) PLANE_ANGLE_UNIT ( ) SI_UNIT ( $, .RADIAN. ) );
#804 = VERTEX_POINT ( 'NONE', #10169 ) ;
#805 = DIRECTION ( 'NONE',  ( 0.0000000000000000000, 0.0000000000000000000, 1.000000000000000000 ) ) ;
#806 = FILL_AREA_STYLE_COLOUR ( '', #8429 ) ;
#807 = ORIENTED_EDGE ( 'NONE', *, *, #2165, .F. ) ;
#808 = FACE_OUTER_BOUND ( 'NONE', #1558, .T. ) ;
#809 = FACE_BOUND ( 'NONE', #8801, .T. ) ;
#810 = DIRECTION ( 'NONE',  ( 1.000000000000000000, 0.0000000000000000000, -0.0000000000000000000 ) ) ;
#811 = PRESENTATION_LAYER_ASSIGNMENT (  '', '', ( #3497 ) ) ;
#812 = B_SPLINE_CURVE_WITH_KNOTS ( 'NONE', 3,
 ( #5832, #7654, #9411, #9236 ),
 .UNSPECIFIED., .F., .F.,
 ( 4, 4 ),
 ( 5.000000000000000000, 6.000000000000000000 ),
 .UNSPECIFIED. ) ;
#813 = EDGE_CURVE ( 'NONE', #1063, #2413, #4811, .T. ) ;
#814 = EDGE_CURVE ( 'NONE', #2796, #1546, #4929, .T. ) ;
#815 = ORIENTED_EDGE ( 'NONE', *, *, #7682, .F. ) ;
#816 = UNCERTAINTY_MEASURE_WITH_UNIT (LENGTH_MEASURE( 1.000000000000000082E-05 ), #11328, 'distance_accuracy_value', 'NONE');
#817 = DIRECTION ( 'NONE',  ( -0.0000000000000000000, 0.0000000000000000000, -1.000000000000000000 ) ) ;
#818 = CARTESIAN_POINT ( 'NONE',  ( -0.4162230315972971773, -0.6099999999999999867, 0.3858103371506220181 ) ) ;
#819 = CARTESIAN_POINT ( 'NONE',  ( -0.3137132986275662505, -0.6099999999999999867, 0.4648943242656725094 ) ) ;
#820 = DIRECTION ( 'NONE',  ( 0.0000000000000000000, -0.0000000000000000000, 1.000000000000000000 ) ) ;
#821 = CARTESIAN_POINT ( 'NONE',  ( -0.2689101300135118278, -0.5999999999999999778, 0.4210997208304051442 ) ) ;
#822 = SURFACE_STYLE_USAGE ( .BOTH. , #6307 ) ;
#823 = LINE ( 'NONE', #10430, #8745 ) ;
#824 = SURFACE_STYLE_USAGE ( .BOTH. , #3528 ) ;
#825 = STYLED_ITEM ( 'NONE', ( #8228 ), #8422 ) ;
#826 = VERTEX_POINT ( 'NONE', #2217 ) ;
#827 = ADVANCED_FACE ( 'NONE', ( #2339 ), #3352, .F. ) ;
#828 = B_SPLINE_SURFACE_WITH_KNOTS ( 'NONE', 3, 1, ( 
 ( #10296, #4809 ),
 ( #2155, #8435 ),
 ( #236, #3887 ),
 ( #5836, #9415 ) ),
 .UNSPECIFIED., .F., .F., .F.,
 ( 4, 4 ),
 ( 2, 2 ),
 ( 10.00000000000000000, 11.00000000000000000 ),
 ( 0.0000000000000000000, 1.000000000000000000 ),
 .UNSPECIFIED. ) ;
#829 = PRESENTATION_STYLE_ASSIGNMENT (( #9001 ) ) ;
#830 = VERTEX_POINT ( 'NONE', #5285 ) ;
#831 = UNCERTAINTY_MEASURE_WITH_UNIT (LENGTH_MEASURE( 1.000000000000000082E-05 ), #6530, 'distance_accuracy_value', 'NONE');
#832 =( NAMED_UNIT ( * ) SI_UNIT ( $, .STERADIAN. ) SOLID_ANGLE_UNIT ( ) );
#833 = CARTESIAN_POINT ( 'NONE',  ( -0.3950327652627852459, -0.5999999999999999778, 0.4543303838357317104 ) ) ;
#834 = VECTOR ( 'NONE', #3986, 1000.000000000000114 ) ;
#835 = EDGE_LOOP ( 'NONE', ( #11473, #1861, #6501, #3811 ) ) ;
#836 = SURFACE_SIDE_STYLE ('',( #8189 ) ) ;
#837 = SURFACE_STYLE_FILL_AREA ( #11360 ) ;
#838 = CARTESIAN_POINT ( 'NONE',  ( -0.3198478703337772067, -0.6099999999999999867, 0.4560355868184891026 ) ) ;
#839 = FACE_OUTER_BOUND ( 'NONE', #7122, .T. ) ;
#840 = VECTOR ( 'NONE', #4454, 1000.000000000000000 ) ;
#841 = VERTEX_POINT ( 'NONE', #2466 ) ;
#842 = STYLED_ITEM ( 'NONE', ( #9990 ), #7331 ) ;
#843 = CARTESIAN_POINT ( 'NONE',  ( -0.3254521655027147187, -0.6099999999999999867, 0.4264856668368887105 ) ) ;
#844 = UNCERTAINTY_MEASURE_WITH_UNIT (LENGTH_MEASURE( 1.000000000000000082E-05 ), #4953, 'distance_accuracy_value', 'NONE');
#845 = LINE ( 'NONE', #6608, #2425 ) ;
#846 = FILL_AREA_STYLE ('',( #7144 ) ) ;
#847 = FILL_AREA_STYLE ('',( #2756 ) ) ;
#848 = VERTEX_POINT ( 'NONE', #1657 ) ;
#849 = MECHANICAL_DESIGN_GEOMETRIC_PRESENTATION_REPRESENTATION (  '', ( #6980 ), #6043 ) ;
#850 = CARTESIAN_POINT ( 'NONE',  ( -0.6162997487782113648, -0.6099999999999999867, 0.4166134016351022984 ) ) ;
#851 =( NAMED_UNIT ( * ) PLANE_ANGLE_UNIT ( ) SI_UNIT ( $, .RADIAN. ) );
#852 =( LENGTH_UNIT ( ) NAMED_UNIT ( * ) SI_UNIT ( .MILLI., .METRE. ) );
#853 = B_SPLINE_CURVE_WITH_KNOTS ( 'NONE', 3,
 ( #3629, #3740, #5442, #6348 ),
 .UNSPECIFIED., .F., .F.,
 ( 4, 4 ),
 ( 13.00000000000000000, 14.00000000000000000 ),
 .UNSPECIFIED. ) ;
#854 = STYLED_ITEM ( 'NONE', ( #4918 ), #7514 ) ;
#855 = ADVANCED_FACE ( 'NONE', ( #10594 ), #1420, .F. ) ;
#856 = PRESENTATION_STYLE_ASSIGNMENT (( #9901 ) ) ;
#857 = FILL_AREA_STYLE ('',( #5557 ) ) ;
#858 = EDGE_CURVE ( 'NONE', #7623, #7681, #10814, .T. ) ;
#859 = CARTESIAN_POINT ( 'NONE',  ( -0.4714118442155996735, -0.5999999999999999778, 0.4261569092382920254 ) ) ;
#860 = FACE_OUTER_BOUND ( 'NONE', #8954, .T. ) ;
#861 = PRESENTATION_LAYER_ASSIGNMENT (  '', '', ( #10157 ) ) ;
#862 = COLOUR_RGB ( '',1.000000000000000000, 1.000000000000000000, 1.000000000000000000 ) ;
#863 = SURFACE_STYLE_FILL_AREA ( #6459 ) ;
#864 = DIRECTION ( 'NONE',  ( -0.0000000000000000000, 0.0000000000000000000, -1.000000000000000000 ) ) ;
#865 = ORIENTED_EDGE ( 'NONE', *, *, #5485, .F. ) ;
#866 = CARTESIAN_POINT ( 'NONE',  ( -0.6999999999999999556, -0.5999999999999999778, 0.0000000000000000000 ) ) ;
#867 = SURFACE_STYLE_FILL_AREA ( #6232 ) ;
#868 = FILL_AREA_STYLE ('',( #9038 ) ) ;
#869 = STYLED_ITEM ( 'NONE', ( #8096 ), #11056 ) ;
#870 = CARTESIAN_POINT ( 'NONE',  ( -0.4183025474299184587, -0.6099999999999999867, 0.4041308716360421660 ) ) ;
#871 = SURFACE_SIDE_STYLE ('',( #9746 ) ) ;
#872 = COLOUR_RGB ( '',1.000000000000000000, 1.000000000000000000, 1.000000000000000000 ) ;
#873 = COLOUR_RGB ( '',1.000000000000000000, 1.000000000000000000, 1.000000000000000000 ) ;
#874 = FACE_OUTER_BOUND ( 'NONE', #5022, .T. ) ;
#875 = MECHANICAL_DESIGN_GEOMETRIC_PRESENTATION_REPRESENTATION (  '', ( #7385 ), #298 ) ;
#876 = CARTESIAN_POINT ( 'NONE',  ( -0.3810688164466189964, -0.5999999999999999778, 0.4070213986434373377 ) ) ;
#877 = VERTEX_POINT ( 'NONE', #7302 ) ;
#878 = VECTOR ( 'NONE', #481, 1000.000000000000000 ) ;
#879 = CARTESIAN_POINT ( 'NONE',  ( -0.3747054979988023726, -0.6099999999999999867, 0.4047755215442560006 ) ) ;
#880 = FILL_AREA_STYLE ('',( #5517 ) ) ;
#881 = ORIENTED_EDGE ( 'NONE', *, *, #9289, .F. ) ;
#882 = EDGE_CURVE ( 'NONE', #7534, #3656, #9118, .T. ) ;
#883 = DIRECTION ( 'NONE',  ( -1.000000000000000000, 0.0000000000000000000, 0.0000000000000000000 ) ) ;
#884 = SURFACE_STYLE_USAGE ( .BOTH. , #7244 ) ;
#885 = VECTOR ( 'NONE', #8225, 1000.000000000000000 ) ;
#886 = FILL_AREA_STYLE_COLOUR ( '', #9148 ) ;
#887 = ORIENTED_EDGE ( 'NONE', *, *, #2667, .T. ) ;
#888 = AXIS2_PLACEMENT_3D ( 'NONE', #11413, #1764, #9813 ) ;
#889 = CARTESIAN_POINT ( 'NONE',  ( -0.4061789701256164342, -0.6099999999999999867, 0.3940036295310119785 ) ) ;
#890 = CARTESIAN_POINT ( 'NONE',  ( -0.3628730529110148484, -0.5999999999999999778, 0.4142373185824930193 ) ) ;
#891 = B_SPLINE_CURVE_WITH_KNOTS ( 'NONE', 3,
 ( #5983, #1447, #11244, #5070 ),
 .UNSPECIFIED., .F., .F.,
 ( 4, 4 ),
 ( 4.000000000000000000, 5.000000000000000000 ),
 .UNSPECIFIED. ) ;
#892 = VERTEX_POINT ( 'NONE', #8299 ) ;
#893 = PRESENTATION_LAYER_ASSIGNMENT (  '', '', ( #11694 ) ) ;
#894 =( LENGTH_UNIT ( ) NAMED_UNIT ( * ) SI_UNIT ( .MILLI., .METRE. ) );
#895 = SURFACE_SIDE_STYLE ('',( #6377 ) ) ;
#896 = CARTESIAN_POINT ( 'NONE',  ( -0.3785006143933314915, -0.5999999999999999778, 0.3902189107157722492 ) ) ;
#897 = ORIENTED_EDGE ( 'NONE', *, *, #7887, .F. ) ;
#898 = CARTESIAN_POINT ( 'NONE',  ( -0.3192344131630175941, -0.5999999999999999778, 0.4659756724985189003 ) ) ;
#899 = PRESENTATION_LAYER_ASSIGNMENT (  '', '', ( #6104 ) ) ;
#900 = ADVANCED_FACE ( 'NONE', ( #10871 ), #4736, .F. ) ;
#901 = CARTESIAN_POINT ( 'NONE',  ( -0.5934531581024645730, -0.5999999999999999778, 0.4064914748928398214 ) ) ;
#902 = CARTESIAN_POINT ( 'NONE',  ( -0.3757140631775905959, -0.6099999999999999867, 0.3892831285910451911 ) ) ;
#903 = VECTOR ( 'NONE', #9964, 999.9999999999998863 ) ;
#904 = ORIENTED_EDGE ( 'NONE', *, *, #7024, .T. ) ;
#905 = FILL_AREA_STYLE_COLOUR ( '', #5079 ) ;
#906 = VECTOR ( 'NONE', #7466, 1000.000000000000000 ) ;
#907 = B_SPLINE_CURVE_WITH_KNOTS ( 'NONE', 3,
 ( #10933, #5698, #2795, #4734 ),
 .UNSPECIFIED., .F., .F.,
 ( 4, 4 ),
 ( 9.000000000000000000, 10.00000000000000000 ),
 .UNSPECIFIED. ) ;
#908 = PLANE ( 'NONE',  #9618 ) ;
#909 = CARTESIAN_POINT ( 'NONE',  ( -0.4162230315972971773, -0.6099999999999999867, 0.3904476574573795822 ) ) ;
#910 = ORIENTED_EDGE ( 'NONE', *, *, #7817, .F. ) ;
#911 = COLOUR_RGB ( '',1.000000000000000000, 1.000000000000000000, 1.000000000000000000 ) ;
#912 = SURFACE_STYLE_FILL_AREA ( #2643 ) ;
#913 = VERTEX_POINT ( 'NONE', #5459 ) ;
#914 =( LENGTH_UNIT ( ) NAMED_UNIT ( * ) SI_UNIT ( .MILLI., .METRE. ) );
#915 = DIRECTION ( 'NONE',  ( -0.0000000000000000000, 1.000000000000000000, -0.0000000000000000000 ) ) ;
#916 = EDGE_CURVE ( 'NONE', #6445, #8946, #9877, .T. ) ;
#917 = LINE ( 'NONE', #4574, #4370 ) ;
#918 =( GEOMETRIC_REPRESENTATION_CONTEXT ( 3 ) GLOBAL_UNCERTAINTY_ASSIGNED_CONTEXT ( ( #844 ) ) GLOBAL_UNIT_ASSIGNED_CONTEXT ( ( #4953, #9863, #3516 ) ) REPRESENTATION_CONTEXT ( 'NONE', 'WORKASPACE' ) );
#919 = MECHANICAL_DESIGN_GEOMETRIC_PRESENTATION_REPRESENTATION (  '', ( #6678 ), #10417 ) ;
#920 = EDGE_CURVE ( 'NONE', #11107, #4478, #4486, .T. ) ;
#921 = ADVANCED_FACE ( 'NONE', ( #7 ), #8085, .F. ) ;
#922 = EDGE_LOOP ( 'NONE', ( #6306, #3524, #7621, #7581 ) ) ;
#923 = STYLED_ITEM ( 'NONE', ( #7577 ), #10218 ) ;
#924 = CARTESIAN_POINT ( 'NONE',  ( -0.3941177782963601328, -0.5999999999999999778, 0.4869579872497272754 ) ) ;
#925 = FILL_AREA_STYLE_COLOUR ( '', #7197 ) ;
#926 = LINE ( 'NONE', #8218, #6109 ) ;
#927 = ORIENTED_EDGE ( 'NONE', *, *, #9820, .F. ) ;
#928 = CARTESIAN_POINT ( 'NONE',  ( -0.3545133992639263321, -0.6099999999999999867, 0.4549750337439453785 ) ) ;
#929 = PRESENTATION_STYLE_ASSIGNMENT (( #982 ) ) ;
#930 = VECTOR ( 'NONE', #10020, 1000.000000000000000 ) ;
#931 = VECTOR ( 'NONE', #11541, 1000.000000000000000 ) ;
#932 = B_SPLINE_SURFACE_WITH_KNOTS ( 'NONE', 3, 1, ( 
 ( #6364, #757 ),
 ( #2600, #9800 ),
 ( #9745, #1578 ),
 ( #5270, #10685 ),
 ( #7873, #2499 ),
 ( #4356, #3455 ) ),
 .UNSPECIFIED., .F., .F., .F.,
 ( 4, 2, 4 ),
 ( 2, 2 ),
 ( 2.000000000000000000, 3.000000000000000000, 4.000000000000000000 ),
 ( 0.0000000000000000000, 1.000000000000000000 ),
 .UNSPECIFIED. ) ;
#933 = SURFACE_STYLE_FILL_AREA ( #2785 ) ;
#934 = CARTESIAN_POINT ( 'NONE',  ( -0.3577782391210452273, -0.6099999999999999867, 0.3725430261382887687 ) ) ;
#935 = FACE_OUTER_BOUND ( 'NONE', #3439, .T. ) ;
#936 = ORIENTED_EDGE ( 'NONE', *, *, #4588, .T. ) ;
#937 = CARTESIAN_POINT ( 'NONE',  ( -0.4893420873371294166, -0.6099999999999999867, 0.4258677051850371376 ) ) ;
#938 =( NAMED_UNIT ( * ) PLANE_ANGLE_UNIT ( ) SI_UNIT ( $, .RADIAN. ) );
#939 = DIRECTION ( 'NONE',  ( -0.3385350343141493856, 0.0000000000000000000, -0.9409537876760566411 ) ) ;
#940 = FACE_OUTER_BOUND ( 'NONE', #5533, .T. ) ;
#941 = SURFACE_STYLE_FILL_AREA ( #880 ) ;
#942 = CARTESIAN_POINT ( 'NONE',  ( -0.5084291135757945668, -0.6099999999999999867, 0.3856692684621244038 ) ) ;
#943 = VERTEX_POINT ( 'NONE', #8207 ) ;
#944 = SURFACE_STYLE_FILL_AREA ( #3643 ) ;
#945 = ORIENTED_EDGE ( 'NONE', *, *, #9554, .T. ) ;
#946 = LINE ( 'NONE', #8371, #6596 ) ;
#947 = DIRECTION ( 'NONE',  ( 1.000000000000000000, 0.0000000000000000000, -0.0000000000000000000 ) ) ;
#948 = ADVANCED_FACE ( 'NONE', ( #3445 ), #7348, .F. ) ;
#949 = ORIENTED_EDGE ( 'NONE', *, *, #6271, .F. ) ;
#950 = UNCERTAINTY_MEASURE_WITH_UNIT (LENGTH_MEASURE( 1.000000000000000082E-05 ), #7431, 'distance_accuracy_value', 'NONE');
#951 = ADVANCED_FACE ( 'NONE', ( #8929 ), #10699, .F. ) ;
#952 = PRESENTATION_STYLE_ASSIGNMENT (( #8184 ) ) ;
#953 = ORIENTED_EDGE ( 'NONE', *, *, #11484, .F. ) ;
#954 = ORIENTED_EDGE ( 'NONE', *, *, #1312, .F. ) ;
#955 = CARTESIAN_POINT ( 'NONE',  ( -0.3192344131630175941, -0.6099999999999999867, 0.4710496911301855216 ) ) ;
#956 = DIRECTION ( 'NONE',  ( -0.0000000000000000000, 1.000000000000000000, -0.0000000000000000000 ) ) ;
#957 = CARTESIAN_POINT ( 'NONE',  ( -0.3993373630362828663, -0.5999999999999999778, 0.4543303838357317104 ) ) ;
#958 = CARTESIAN_POINT ( 'NONE',  ( -0.3727195603785443123, -0.6099999999999999867, 0.3892831285910451911 ) ) ;
#959 = ORIENTED_EDGE ( 'NONE', *, *, #11582, .F. ) ;
#960 = STYLED_ITEM ( 'NONE', ( #3895 ), #1112 ) ;
#961 = AXIS2_PLACEMENT_3D ( 'NONE', #11438, #5265, #7814 ) ;
#962 = ADVANCED_FACE ( 'NONE', ( #3072 ), #11725, .T. ) ;
#963 = UNCERTAINTY_MEASURE_WITH_UNIT (LENGTH_MEASURE( 1.000000000000000082E-05 ), #3669, 'distance_accuracy_value', 'NONE');
#964 = CARTESIAN_POINT ( 'NONE',  ( -0.5338784855714885369, -0.5999999999999999778, 0.4845747821038446923 ) ) ;
#965 = PRESENTATION_LAYER_ASSIGNMENT (  '', '', ( #6350 ) ) ;
#966 = DIRECTION ( 'NONE',  ( -0.0000000000000000000, 0.0000000000000000000, -1.000000000000000000 ) ) ;
#967 = ORIENTED_EDGE ( 'NONE', *, *, #10409, .F. ) ;
#968 =( NAMED_UNIT ( * ) PLANE_ANGLE_UNIT ( ) SI_UNIT ( $, .RADIAN. ) );
#969 = CARTESIAN_POINT ( 'NONE',  ( -0.5231781893348829149, -0.5999999999999999778, 0.4033103075305376484 ) ) ;
#970 = VERTEX_POINT ( 'NONE', #1925 ) ;
#971 = LINE ( 'NONE', #2396, #2750 ) ;
#972 = COLOUR_RGB ( '',1.000000000000000000, 1.000000000000000000, 1.000000000000000000 ) ;
#973 = VECTOR ( 'NONE', #2044, 1000.000000000000000 ) ;
#974 = FACE_OUTER_BOUND ( 'NONE', #7545, .T. ) ;
#975 = CARTESIAN_POINT ( 'NONE',  ( -0.2842881495957819693, -0.5999999999999999778, 0.4264856668368887105 ) ) ;
#976 = EDGE_CURVE ( 'NONE', #6899, #9004, #8715, .T. ) ;
#977 = LINE ( 'NONE', #11014, #11189 ) ;
#978 = ORIENTED_EDGE ( 'NONE', *, *, #446, .F. ) ;
#979 = SURFACE_STYLE_FILL_AREA ( #3681 ) ;
#980 = ORIENTED_EDGE ( 'NONE', *, *, #5604, .T. ) ;
#981 = CARTESIAN_POINT ( 'NONE',  ( -0.3620516441572285138, -0.5999999999999999778, 0.3972268790718028186 ) ) ;
#982 = SURFACE_STYLE_USAGE ( .BOTH. , #6571 ) ;
#983 = CARTESIAN_POINT ( 'NONE',  ( -0.3565929150965476135, -0.6099999999999999867, 0.4733163633876686927 ) ) ;
#984 = MECHANICAL_DESIGN_GEOMETRIC_PRESENTATION_REPRESENTATION (  '', ( #8052 ), #7868 ) ;
#985 = CARTESIAN_POINT ( 'NONE',  ( -0.6423275178485461367, -0.5999999999999999778, 0.4646201574951478452 ) ) ;
#986 = CARTESIAN_POINT ( 'NONE',  ( -0.3554387838093639451, -0.5999999999999999778, 0.4910130431234555615 ) ) ;
#987 = CARTESIAN_POINT ( 'NONE',  ( -0.4113465669697827787, -0.6099999999999999867, 0.3909883315738021947 ) ) ;
#988 = VERTEX_POINT ( 'NONE', #1186 ) ;
#989 = FACE_OUTER_BOUND ( 'NONE', #4608, .T. ) ;
#990 = SURFACE_SIDE_STYLE ('',( #1885 ) ) ;
#991 = LINE ( 'NONE', #3814, #4429 ) ;
#992 = FILL_AREA_STYLE_COLOUR ( '', #2042 ) ;
#993 = AXIS2_PLACEMENT_3D ( 'NONE', #3470, #3236, #6020 ) ;
#995 = EDGE_CURVE ( 'NONE', #3433, #11389, #977, .T. ) ;
#994 = CARTESIAN_POINT ( 'NONE',  ( -0.3810688164466189964, -0.5999999999999999778, 0.4052330150271922782 ) ) ;
#996 = CARTESIAN_POINT ( 'NONE',  ( -0.3845312103078911137, -0.6099999999999999867, 0.4900356706821224484 ) ) ;
#997 = ORIENTED_EDGE ( 'NONE', *, *, #3411, .F. ) ;
#998 = DIRECTION ( 'NONE',  ( -0.0000000000000000000, -0.0000000000000000000, -1.000000000000000000 ) ) ;
#999 = DIRECTION ( 'NONE',  ( -1.000000000000000000, -0.0000000000000000000, -0.0000000000000000000 ) ) ;
#1000 = EDGE_LOOP ( 'NONE', ( #2125, #10440, #1774, #19 ) ) ;
#1001 = SURFACE_SIDE_STYLE ('',( #11217 ) ) ;
#1002 = DIRECTION ( 'NONE',  ( -0.0000000000000000000, 1.000000000000000000, -0.0000000000000000000 ) ) ;
#1003 = ORIENTED_EDGE ( 'NONE', *, *, #8396, .F. ) ;
#1004 = CARTESIAN_POINT ( 'NONE',  ( -0.3565929150965476135, -0.6099999999999999867, 0.4686582479226092945 ) ) ;
#1005 = LINE ( 'NONE', #5362, #11525 ) ;
#1006 = SURFACE_STYLE_FILL_AREA ( #9304 ) ;
#1007 = PRESENTATION_STYLE_ASSIGNMENT (( #2806 ) ) ;
#1008 = ADVANCED_FACE ( 'NONE', ( #151 ), #7888, .T. ) ;
#1009 = ORIENTED_EDGE ( 'NONE', *, *, #5641, .T. ) ;
#1010 =( LENGTH_UNIT ( ) NAMED_UNIT ( * ) SI_UNIT ( .MILLI., .METRE. ) );
#1011 = VECTOR ( 'NONE', #7812, 1000.000000000000000 ) ;
#1012 = CARTESIAN_POINT ( 'NONE',  ( -0.3697562503170909731, -0.5999999999999999778, 0.4022801025448896062 ) ) ;
#1013 = DIRECTION ( 'NONE',  ( -0.0000000000000000000, 1.000000000000000000, -0.0000000000000000000 ) ) ;
#1014 = ORIENTED_EDGE ( 'NONE', *, *, #199, .F. ) ;
#1015 = CARTESIAN_POINT ( 'NONE',  ( -0.5000423835737352052, -0.6099999999999999867, 0.4640417631786479813 ) ) ;
#1016 = LINE ( 'NONE', #144, #11147 ) ;
#1017 = B_SPLINE_SURFACE_WITH_KNOTS ( 'NONE', 3, 1, ( 
 ( #1551, #5117 ),
 ( #8860, #5300 ),
 ( #8009, #10665 ),
 ( #660, #5066 ) ),
 .UNSPECIFIED., .F., .F., .F.,
 ( 4, 4 ),
 ( 2, 2 ),
 ( 24.00000000000000000, 25.00000000000000000 ),
 ( 0.0000000000000000000, 1.000000000000000000 ),
 .UNSPECIFIED. ) ;
#1018 =( NAMED_UNIT ( * ) SI_UNIT ( $, .STERADIAN. ) SOLID_ANGLE_UNIT ( ) );
#1019 = ORIENTED_EDGE ( 'NONE', *, *, #756, .F. ) ;
#1020 = VECTOR ( 'NONE', #3286, 1000.000000000000000 ) ;
#1021 = PRESENTATION_LAYER_ASSIGNMENT (  '', '', ( #6236 ) ) ;
#1022 = DIRECTION ( 'NONE',  ( -0.0000000000000000000, -0.0000000000000000000, -1.000000000000000000 ) ) ;
#1023 = EDGE_LOOP ( 'NONE', ( #5546, #5625, #3362, #2397 ) ) ;
#1024 = DIRECTION ( 'NONE',  ( 1.000000000000000000, 0.0000000000000000000, -0.0000000000000000000 ) ) ;
#1025 = CARTESIAN_POINT ( 'NONE',  ( -0.4380995381566284985, -0.6099999999999999867, 0.4910130431234555615 ) ) ;
#1026 = CARTESIAN_POINT ( 'NONE',  ( -0.3796235529429223265, -0.5999999999999999778, 0.4024256686532850513 ) ) ;
#1027 =( NAMED_UNIT ( * ) SI_UNIT ( $, .STERADIAN. ) SOLID_ANGLE_UNIT ( ) );
#1028 = EDGE_CURVE ( 'NONE', #5345, #7559, #3297, .T. ) ;
#1029 = STYLED_ITEM ( 'NONE', ( #7757 ), #11002 ) ;
#1030 = LINE ( 'NONE', #7461, #2562 ) ;
#1031 = CARTESIAN_POINT ( 'NONE',  ( -0.3796235529429223265, -0.6099999999999999867, 0.4024256686532850513 ) ) ;
#1032 = LINE ( 'NONE', #1882, #11096 ) ;
#1033 = EDGE_LOOP ( 'NONE', ( #5304, #7610, #9775, #7718 ) ) ;
#1034 = VECTOR ( 'NONE', #3402, 1000.000000000000000 ) ;
#1035 = CARTESIAN_POINT ( 'NONE',  ( -0.4149857196769028977, -0.6099999999999999867, 0.4699059574221539637 ) ) ;
#1036 = FACE_OUTER_BOUND ( 'NONE', #11237, .T. ) ;
#1037 =( NAMED_UNIT ( * ) SI_UNIT ( $, .STERADIAN. ) SOLID_ANGLE_UNIT ( ) );
#1038 = ORIENTED_EDGE ( 'NONE', *, *, #11017, .F. ) ;
#1039 =( LENGTH_UNIT ( ) NAMED_UNIT ( * ) SI_UNIT ( .MILLI., .METRE. ) );
#1040 = CARTESIAN_POINT ( 'NONE',  ( -0.3192344131630175941, -0.5999999999999999778, 0.4761237097618521985 ) ) ;
#1041 = ORIENTED_EDGE ( 'NONE', *, *, #2134, .T. ) ;
#1042 = VECTOR ( 'NONE', #6374, 1000.000000000000000 ) ;
#1043 = VECTOR ( 'NONE', #1519, 1000.000000000000000 ) ;
#1044 = SURFACE_STYLE_USAGE ( .BOTH. , #11038 ) ;
#1045 = EDGE_CURVE ( 'NONE', #5799, #4693, #5449, .T. ) ;
#1046 = ORIENTED_EDGE ( 'NONE', *, *, #6222, .F. ) ;
#1047 = UNCERTAINTY_MEASURE_WITH_UNIT (LENGTH_MEASURE( 1.000000000000000082E-05 ), #452, 'distance_accuracy_value', 'NONE');
#1048 = ADVANCED_FACE ( 'NONE', ( #1257 ), #5444, .F. ) ;
#1049 =( NAMED_UNIT ( * ) SI_UNIT ( $, .STERADIAN. ) SOLID_ANGLE_UNIT ( ) );
#1050 = SURFACE_STYLE_USAGE ( .BOTH. , #9296 ) ;
#1051 = CARTESIAN_POINT ( 'NONE',  ( -0.5931639595650750607, -0.5999999999999999778, 0.3665822422234592537 ) ) ;
#1052 = ORIENTED_EDGE ( 'NONE', *, *, #10654, .T. ) ;
#1053 = COLOUR_RGB ( '',1.000000000000000000, 1.000000000000000000, 1.000000000000000000 ) ;
#1054 = CARTESIAN_POINT ( 'NONE',  ( -0.5642442161535456968, -0.6099999999999999867, 0.3955019856348488960 ) ) ;
#1055 = MECHANICAL_DESIGN_GEOMETRIC_PRESENTATION_REPRESENTATION (  '', ( #8134 ), #11679 ) ;
#1056 =( NAMED_UNIT ( * ) SI_UNIT ( $, .STERADIAN. ) SOLID_ANGLE_UNIT ( ) );
#1057 = CARTESIAN_POINT ( 'NONE',  ( -0.3697562503170909731, -0.6099999999999999867, 0.4155266183989210771 ) ) ;
#1058 = VECTOR ( 'NONE', #10478, 1000.000000000000000 ) ;
#1059 = ORIENTED_EDGE ( 'NONE', *, *, #7057, .T. ) ;
#1060 = PRESENTATION_LAYER_ASSIGNMENT (  '', '', ( #2991 ) ) ;
#1061 = UNCERTAINTY_MEASURE_WITH_UNIT (LENGTH_MEASURE( 1.000000000000000082E-05 ), #10284, 'distance_accuracy_value', 'NONE');
#1062 = FACE_OUTER_BOUND ( 'NONE', #7317, .T. ) ;
#1063 = VERTEX_POINT ( 'NONE', #8968 ) ;
#1064 = VECTOR ( 'NONE', #1092, 1000.000000000000114 ) ;
#1065 = SURFACE_STYLE_USAGE ( .BOTH. , #4759 ) ;
#1066 = ORIENTED_EDGE ( 'NONE', *, *, #3632, .T. ) ;
#1067 = CARTESIAN_POINT ( 'NONE',  ( -0.3697562503170909731, -0.6099999999999999867, 0.4022801025448896062 ) ) ;
#1068 = SURFACE_SIDE_STYLE ('',( #8570 ) ) ;
#1069 = LINE ( 'NONE', #3069, #5165 ) ;
#1070 = FILL_AREA_STYLE_COLOUR ( '', #495 ) ;
#1071 = ORIENTED_EDGE ( 'NONE', *, *, #7450, .F. ) ;
#1072 = STYLED_ITEM ( 'NONE', ( #6058 ), #9519 ) ;
#1073 = COLOUR_RGB ( '',1.000000000000000000, 1.000000000000000000, 1.000000000000000000 ) ;
#1074 = CARTESIAN_POINT ( 'NONE',  ( -0.3631849802859700160, -0.5999999999999999778, 0.3985161788879533762 ) ) ;
#1075 = CARTESIAN_POINT ( 'NONE',  ( -0.3625715231153492923, -0.5999999999999999778, 0.3889504060579250799 ) ) ;
#1076 = CARTESIAN_POINT ( 'NONE',  ( -0.3056551747761435678, -0.6099999999999999867, 0.4041308716360421660 ) ) ;
#1077 = CARTESIAN_POINT ( 'NONE',  ( -0.3056551747761435678, -0.6099999999999999867, 0.4041308716360421660 ) ) ;
#1078 = CARTESIAN_POINT ( 'NONE',  ( -0.3577782391210452273, -0.6099999999999999867, 0.3770763706535322779 ) ) ;
#1079 = ADVANCED_FACE ( 'NONE', ( #10833 ), #11697, .F. ) ;
#1080 =( GEOMETRIC_REPRESENTATION_CONTEXT ( 3 ) GLOBAL_UNCERTAINTY_ASSIGNED_CONTEXT ( ( #9541 ) ) GLOBAL_UNIT_ASSIGNED_CONTEXT ( ( #11677, #3471, #1656 ) ) REPRESENTATION_CONTEXT ( 'NONE', 'WORKASPACE' ) );
#1081 = CARTESIAN_POINT ( 'NONE',  ( -0.2847352454998429705, -0.6099999999999999867, 0.3904476574573795822 ) ) ;
#1082 = VERTEX_POINT ( 'NONE', #6607 ) ;
#1083 = DIRECTION ( 'NONE',  ( 0.9345104387417459968, 0.0000000000000000000, -0.3559357243698774709 ) ) ;
#1084 = CARTESIAN_POINT ( 'NONE',  ( -0.3758180389692417633, -0.6099999999999999867, 0.4086434209927063410 ) ) ;
#1085 = STYLED_ITEM ( 'NONE', ( #9565 ), #4029 ) ;
#1086 = VECTOR ( 'NONE', #9145, 1000.000000000000000 ) ;
#1087 = CARTESIAN_POINT ( 'NONE',  ( -0.3647550147396215747, -0.6099999999999999867, 0.3874323594998910769 ) ) ;
#1088 = CARTESIAN_POINT ( 'NONE',  ( -0.3202013880251991518, -0.5999999999999999778, 0.4218067562135269788 ) ) ;
#1089 = B_SPLINE_CURVE_WITH_KNOTS ( 'NONE', 3,
 ( #732, #11586, #8017, #3491 ),
 .UNSPECIFIED., .F., .F.,
 ( 4, 4 ),
 ( 3.000000000000000000, 4.000000000000000000 ),
 .UNSPECIFIED. ) ;
#1090 = LINE ( 'NONE', #5575, #4343 ) ;
#1091 = ORIENTED_EDGE ( 'NONE', *, *, #8042, .F. ) ;
#1092 = DIRECTION ( 'NONE',  ( -0.3559357243698775819, -0.0000000000000000000, -0.9345104387417458858 ) ) ;
#1093 = LINE ( 'NONE', #6644, #8072 ) ;
#1094 = STYLED_ITEM ( 'NONE', ( #11435 ), #3128 ) ;
#1095 = STYLED_ITEM ( 'NONE', ( #6985 ), #6076 ) ;
#1096 = DIRECTION ( 'NONE',  ( -0.0000000000000000000, 1.000000000000000000, -0.0000000000000000000 ) ) ;
#1097 = ORIENTED_EDGE ( 'NONE', *, *, #3050, .F. ) ;
#1098 = DIRECTION ( 'NONE',  ( -1.000000000000000000, -0.0000000000000000000, -0.0000000000000000000 ) ) ;
#1099 = VERTEX_POINT ( 'NONE', #7442 ) ;
#1100 =( GEOMETRIC_REPRESENTATION_CONTEXT ( 3 ) GLOBAL_UNCERTAINTY_ASSIGNED_CONTEXT ( ( #1173 ) ) GLOBAL_UNIT_ASSIGNED_CONTEXT ( ( #378, #11301, #5733 ) ) REPRESENTATION_CONTEXT ( 'NONE', 'WORKASPACE' ) );
#1101 = B_SPLINE_SURFACE_WITH_KNOTS ( 'NONE', 3, 1, ( 
 ( #2319, #11498 ),
 ( #1285, #11265 ),
 ( #6006, #9691 ),
 ( #632, #6997 ) ),
 .UNSPECIFIED., .F., .F., .F.,
 ( 4, 4 ),
 ( 2, 2 ),
 ( 5.000000000000000000, 6.000000000000000000 ),
 ( 0.0000000000000000000, 1.000000000000000000 ),
 .UNSPECIFIED. ) ;
#1102 = SURFACE_SIDE_STYLE ('',( #10109 ) ) ;
#1103 = PLANE ( 'NONE',  #10919 ) ;
#1104 = ORIENTED_EDGE ( 'NONE', *, *, #7933, .T. ) ;
#1105 = EDGE_CURVE ( 'NONE', #2788, #10214, #8847, .T. ) ;
#1106 = DIRECTION ( 'NONE',  ( -0.0000000000000000000, 0.0000000000000000000, 1.000000000000000000 ) ) ;
#1107 = CARTESIAN_POINT ( 'NONE',  ( -0.3702553341169080303, -0.6099999999999999867, 0.4113883818919822910 ) ) ;
#1108 = UNCERTAINTY_MEASURE_WITH_UNIT (LENGTH_MEASURE( 1.000000000000000082E-05 ), #7045, 'distance_accuracy_value', 'NONE');
#1109 = ORIENTED_EDGE ( 'NONE', *, *, #10374, .T. ) ;
#1110 = DIRECTION ( 'NONE',  ( 0.0000000000000000000, 0.0000000000000000000, -1.000000000000000000 ) ) ;
#1111 = EDGE_CURVE ( 'NONE', #403, #6710, #1848, .T. ) ;
#1112 = ADVANCED_FACE ( 'NONE', ( #5605 ), #6409, .F. ) ;
#1113 = VERTEX_POINT ( 'NONE', #1969 ) ;
#1114 = CARTESIAN_POINT ( 'NONE',  ( -0.4717010372369847548, -0.5999999999999999778, 0.4435087442531740476 ) ) ;
#1115 = SURFACE_SIDE_STYLE ('',( #3061 ) ) ;
#1116 = CARTESIAN_POINT ( 'NONE',  ( -0.5870908178615775741, -0.6099999999999999867, 0.3839340662063335796 ) ) ;
#1117 = EDGE_LOOP ( 'NONE', ( #3842, #5202, #3372, #9983, #11604, #6429, #5589 ) ) ;
#1118 = CARTESIAN_POINT ( 'NONE',  ( -0.6058886510789955882, -0.6099999999999999867, 0.3665822422234592537 ) ) ;
#1119 = CARTESIAN_POINT ( 'NONE',  ( -0.3752981600109826510, -0.5999999999999999778, 0.4095999982757371205 ) ) ;
#1120 = ORIENTED_EDGE ( 'NONE', *, *, #2854, .F. ) ;
#1121 = AXIS2_PLACEMENT_3D ( 'NONE', #7642, #10106, #6651 ) ;
#1122 = DIRECTION ( 'NONE',  ( -0.0000000000000000000, 1.000000000000000000, -0.0000000000000000000 ) ) ;
#1123 = CARTESIAN_POINT ( 'NONE',  ( -0.5879584079574651234, -0.6099999999999999867, 0.4730068847393438247 ) ) ;
#1124 = PRESENTATION_STYLE_ASSIGNMENT (( #7452 ) ) ;
#1125 = CARTESIAN_POINT ( 'NONE',  ( -0.3989838453447220878, -0.5999999999999999778, 0.4113883818919822910 ) ) ;
#1126 = ADVANCED_FACE ( 'NONE', ( #1062 ), #9862, .T. ) ;
#1127 = ORIENTED_EDGE ( 'NONE', *, *, #1709, .T. ) ;
#1128 = PRESENTATION_LAYER_ASSIGNMENT (  '', '', ( #6529 ) ) ;
#1129 = SURFACE_STYLE_FILL_AREA ( #6686 ) ;
#1130 = SURFACE_STYLE_FILL_AREA ( #2953 ) ;
#1131 = ORIENTED_EDGE ( 'NONE', *, *, #7797, .T. ) ;
#1132 = PRESENTATION_LAYER_ASSIGNMENT (  '', '', ( #5013 ) ) ;
#1133 = CARTESIAN_POINT ( 'NONE',  ( -0.5896935881493786669, -0.5999999999999999778, 0.4906479279443450303 ) ) ;
#1134 =( NAMED_UNIT ( * ) PLANE_ANGLE_UNIT ( ) SI_UNIT ( $, .RADIAN. ) );
#1135 = CARTESIAN_POINT ( 'NONE',  ( -0.6047318514137105527, -0.6099999999999999867, 0.4782124391049557555 ) ) ;
#1136 = CARTESIAN_POINT ( 'NONE',  ( -0.3468295882622289827, -0.5999999999999999778, 0.4503377134371886470 ) ) ;
#1137 = B_SPLINE_CURVE_WITH_KNOTS ( 'NONE', 3,
 ( #1726, #4447, #3544, #5424 ),
 .UNSPECIFIED., .F., .F.,
 ( 4, 4 ),
 ( 3.000000000000000000, 4.000000000000000000 ),
 .UNSPECIFIED. ) ;
#1138 = PRESENTATION_LAYER_ASSIGNMENT (  '', '', ( #3849 ) ) ;
#1139 = CARTESIAN_POINT ( 'NONE',  ( -0.4149857196769028977, -0.5999999999999999778, 0.4699059574221539637 ) ) ;
#1140 = LINE ( 'NONE', #4839, #2768 ) ;
#1141 = COLOUR_RGB ( '',1.000000000000000000, 1.000000000000000000, 1.000000000000000000 ) ;
#1142 = B_SPLINE_CURVE_WITH_KNOTS ( 'NONE', 3,
 ( #5096, #1299, #11450, #5953 ),
 .UNSPECIFIED., .F., .F.,
 ( 4, 4 ),
 ( 0.0000000000000000000, 1.000000000000000000 ),
 .UNSPECIFIED. ) ;
#1143 = ORIENTED_EDGE ( 'NONE', *, *, #9569, .T. ) ;
#1144 = CARTESIAN_POINT ( 'NONE',  ( -0.4085080278582839397, -0.5999999999999999778, 0.4078740001346763400 ) ) ;
#1145 = LINE ( 'NONE', #3924, #3939 ) ;
#1146 =( LENGTH_UNIT ( ) NAMED_UNIT ( * ) SI_UNIT ( .MILLI., .METRE. ) );
#1147 = FILL_AREA_STYLE_COLOUR ( '', #1438 ) ;
#1148 = CARTESIAN_POINT ( 'NONE',  ( -0.4149857196769028977, -0.5999999999999999778, 0.4638129760325488959 ) ) ;
#1149 = ORIENTED_EDGE ( 'NONE', *, *, #9770, .T. ) ;
#1150 = DIRECTION ( 'NONE',  ( -0.0000000000000000000, 1.000000000000000000, -0.0000000000000000000 ) ) ;
#1151 = STYLED_ITEM ( 'NONE', ( #5708 ), #1566 ) ;
#1152 = SURFACE_SIDE_STYLE ('',( #6583 ) ) ;
#1153 = DIRECTION ( 'NONE',  ( 1.000000000000000000, -0.0000000000000000000, -0.0000000000000000000 ) ) ;
#1154 = VERTEX_POINT ( 'NONE', #544 ) ;
#1155 = CARTESIAN_POINT ( 'NONE',  ( -0.3697562503170909731, -0.5999999999999999778, 0.4022801025448896062 ) ) ;
#1156 =( NAMED_UNIT ( * ) PLANE_ANGLE_UNIT ( ) SI_UNIT ( $, .RADIAN. ) );
#1157 = EDGE_CURVE ( 'NONE', #6019, #9266, #6027, .T. ) ;
#1158 = ORIENTED_EDGE ( 'NONE', *, *, #1564, .F. ) ;
#1159 = CARTESIAN_POINT ( 'NONE',  ( -0.3468295882622289827, -0.6099999999999999867, 0.4503377134371886470 ) ) ;
#1160 = CARTESIAN_POINT ( 'NONE',  ( -0.3811000091840733295, -0.6099999999999999867, 0.3868292999085612971 ) ) ;
#1161 = ORIENTED_EDGE ( 'NONE', *, *, #4347, .F. ) ;
#1162 = UNCERTAINTY_MEASURE_WITH_UNIT (LENGTH_MEASURE( 1.000000000000000082E-05 ), #2019, 'distance_accuracy_value', 'NONE');
#1163 = CARTESIAN_POINT ( 'NONE',  ( -0.6206377185640783445, -0.5999999999999999778, 0.3862476655369023737 ) ) ;
#1164 = B_SPLINE_CURVE_WITH_KNOTS ( 'NONE', 3,
 ( #10293, #1359, #292, #4074 ),
 .UNSPECIFIED., .F., .F.,
 ( 4, 4 ),
 ( 19.00000000000000000, 20.00000000000000000 ),
 .UNSPECIFIED. ) ;
#1165 = ORIENTED_EDGE ( 'NONE', *, *, #6162, .T. ) ;
#1166 = SURFACE_STYLE_FILL_AREA ( #10166 ) ;
#1167 = CARTESIAN_POINT ( 'NONE',  ( -0.3874425324735866205, -0.6099999999999999867, 0.4861677712333952184 ) ) ;
#1168 = LINE ( 'NONE', #1308, #520 ) ;
#1169 = SURFACE_STYLE_USAGE ( .BOTH. , #6663 ) ;
#1170 = ADVANCED_FACE ( 'NONE', ( #4937 ), #6852, .F. ) ;
#1171 = ORIENTED_EDGE ( 'NONE', *, *, #8488, .F. ) ;
#1172 = FILL_AREA_STYLE ('',( #10236 ) ) ;
#1173 = UNCERTAINTY_MEASURE_WITH_UNIT (LENGTH_MEASURE( 1.000000000000000082E-05 ), #378, 'distance_accuracy_value', 'NONE');
#1174 =( NAMED_UNIT ( * ) SI_UNIT ( $, .STERADIAN. ) SOLID_ANGLE_UNIT ( ) );
#1176 = CARTESIAN_POINT ( 'NONE',  ( -0.3930988155384208538, -0.5999999999999999778, 0.4090177338427076204 ) ) ;
#1175 = MECHANICAL_DESIGN_GEOMETRIC_PRESENTATION_REPRESENTATION (  '', ( #6208 ), #10883 ) ;
#1177 = FACE_OUTER_BOUND ( 'NONE', #11419, .T. ) ;
#1178 = ORIENTED_EDGE ( 'NONE', *, *, #8721, .T. ) ;
#1179 = CARTESIAN_POINT ( 'NONE',  ( -0.3697562503170909731, -0.6099999999999999867, 0.3851240969258026281 ) ) ;
#1180 =( NAMED_UNIT ( * ) PLANE_ANGLE_UNIT ( ) SI_UNIT ( $, .RADIAN. ) );
#1181 = EDGE_LOOP ( 'NONE', ( #1158, #5835, #3076, #5978, #11699, #7587, #9426, #7091, #5266, #6855, #6719, #5717, #9475, #217, #8822, #4931, #2900, #293, #10255, #10791, #1396 ) ) ;
#1182 =( NAMED_UNIT ( * ) PLANE_ANGLE_UNIT ( ) SI_UNIT ( $, .RADIAN. ) );
#1183 = CARTESIAN_POINT ( 'NONE',  ( -0.5729201391771293617, -0.6099999999999999867, 0.4845747821038446923 ) ) ;
#1184 = SURFACE_STYLE_FILL_AREA ( #5850 ) ;
#1185 = CARTESIAN_POINT ( 'NONE',  ( -0.3628730529110148484, -0.6099999999999999867, 0.4092880709009205087 ) ) ;
#1186 = CARTESIAN_POINT ( 'NONE',  ( -0.2806593944678126840, -0.5999999999999999778, 0.4503377134371886470 ) ) ;
#1187 = FILL_AREA_STYLE_COLOUR ( '', #7619 ) ;
#1188 = CARTESIAN_POINT ( 'NONE',  ( -0.2782679512602364569, -0.6099999999999999867, 0.3858103371506220181 ) ) ;
#1189 = EDGE_CURVE ( 'NONE', #2429, #4462, #421, .T. ) ;
#1190 = ORIENTED_EDGE ( 'NONE', *, *, #5641, .F. ) ;
#1191 = EDGE_CURVE ( 'NONE', #9749, #8755, #5059, .T. ) ;
#1192 = EDGE_LOOP ( 'NONE', ( #414, #6737, #2477, #7929 ) ) ;
#1193 = PRESENTATION_STYLE_ASSIGNMENT (( #8582 ) ) ;
#1194 =( GEOMETRIC_REPRESENTATION_CONTEXT ( 3 ) GLOBAL_UNCERTAINTY_ASSIGNED_CONTEXT ( ( #7542 ) ) GLOBAL_UNIT_ASSIGNED_CONTEXT ( ( #6849, #7662, #6965 ) ) REPRESENTATION_CONTEXT ( 'NONE', 'WORKASPACE' ) );
#1195 = CARTESIAN_POINT ( 'NONE',  ( -0.3545133992639263321, -0.6099999999999999867, 0.4503377134371886470 ) ) ;
#1196 = DIRECTION ( 'NONE',  ( -0.0000000000000000000, 0.0000000000000000000, -1.000000000000000000 ) ) ;
#1197 = B_SPLINE_SURFACE_WITH_KNOTS ( 'NONE', 3, 1, ( 
 ( #11069, #3618 ),
 ( #3734, #9092 ),
 ( #8273, #3855 ),
 ( #7277, #5566 ) ),
 .UNSPECIFIED., .F., .F., .F.,
 ( 4, 4 ),
 ( 2, 2 ),
 ( 18.00000000000000000, 19.00000000000000000 ),
 ( 0.0000000000000000000, 1.000000000000000000 ),
 .UNSPECIFIED. ) ;
#1198 = MECHANICAL_DESIGN_GEOMETRIC_PRESENTATION_REPRESENTATION (  '', ( #3140 ), #1413 ) ;
#1199 = B_SPLINE_CURVE_WITH_KNOTS ( 'NONE', 3,
 ( #6158, #2428, #10779, #5201 ),
 .UNSPECIFIED., .F., .F.,
 ( 4, 4 ),
 ( 2.000000000000000000, 3.000000000000000000 ),
 .UNSPECIFIED. ) ;
#1200 = STYLED_ITEM ( 'NONE', ( #11405 ), #7232 ) ;
#1201 = CARTESIAN_POINT ( 'NONE',  ( -0.3614797773032129569, -0.5999999999999999778, 0.3937124973144972007 ) ) ;
#1202 = CARTESIAN_POINT ( 'NONE',  ( -0.2748575452947220610, -0.6099999999999999867, 0.4503377134371886470 ) ) ;
#1203 = CARTESIAN_POINT ( 'NONE',  ( -0.6559198049743579784, -0.5999999999999999778, 0.4200837565026481757 ) ) ;
#1204 = DIRECTION ( 'NONE',  ( 1.000000000000000000, -0.0000000000000000000, -0.0000000000000000000 ) ) ;
#1205 = ORIENTED_EDGE ( 'NONE', *, *, #9269, .T. ) ;
#1206 = CARTESIAN_POINT ( 'NONE',  ( -0.3441262176798358108, -0.6099999999999999867, 0.3814225587437737319 ) ) ;
#1207 = FACE_OUTER_BOUND ( 'NONE', #6491, .T. ) ;
#1208 =( NAMED_UNIT ( * ) PLANE_ANGLE_UNIT ( ) SI_UNIT ( $, .RADIAN. ) );
#1209 = CARTESIAN_POINT ( 'NONE',  ( -0.3711391283457417534, -0.6099999999999999867, 0.4863341325000934967 ) ) ;
#1210 = CARTESIAN_POINT ( 'NONE',  ( -0.3880040017484512882, -0.5999999999999999778, 0.3858103371506220736 ) ) ;
#1211 = ORIENTED_EDGE ( 'NONE', *, *, #3258, .T. ) ;
#1212 = EDGE_CURVE ( 'NONE', #3548, #9912, #4020, .T. ) ;
#1213 = CARTESIAN_POINT ( 'NONE',  ( -0.4039226954472839859, -0.5999999999999999778, 0.3985577692045572662 ) ) ;
#1214 = COLOUR_RGB ( '',1.000000000000000000, 1.000000000000000000, 1.000000000000000000 ) ;
#1215 = ORIENTED_EDGE ( 'NONE', *, *, #5159, .T. ) ;
#1216 = STYLED_ITEM ( 'NONE', ( #8114 ), #7409 ) ;
#1217 =( NAMED_UNIT ( * ) SI_UNIT ( $, .STERADIAN. ) SOLID_ANGLE_UNIT ( ) );
#1218 = PLANE ( 'NONE',  #11027 ) ;
#1219 = B_SPLINE_CURVE_WITH_KNOTS ( 'NONE', 3,
 ( #11378, #3268, #7630, #4964 ),
 .UNSPECIFIED., .F., .F.,
 ( 4, 4 ),
 ( 2.000000000000000000, 3.000000000000000000 ),
 .UNSPECIFIED. ) ;
#1220 = EDGE_LOOP ( 'NONE', ( #10400, #7095, #7388, #10863 ) ) ;
#1221 =( NAMED_UNIT ( * ) PLANE_ANGLE_UNIT ( ) SI_UNIT ( $, .RADIAN. ) );
#1222 = VECTOR ( 'NONE', #2786, 1000.000000000000000 ) ;
#1223 = ORIENTED_EDGE ( 'NONE', *, *, #8527, .T. ) ;
#1224 = DIRECTION ( 'NONE',  ( 0.0000000000000000000, -1.000000000000000000, 0.0000000000000000000 ) ) ;
#1225 =( NAMED_UNIT ( * ) SI_UNIT ( $, .STERADIAN. ) SOLID_ANGLE_UNIT ( ) );
#1226 = DIRECTION ( 'NONE',  ( -0.0000000000000000000, -0.0000000000000000000, 1.000000000000000000 ) ) ;
#1227 = EDGE_CURVE ( 'NONE', #10705, #428, #6786, .T. ) ;
#1228 = ADVANCED_FACE ( 'NONE', ( #3424 ), #5356, .F. ) ;
#1229 = CARTESIAN_POINT ( 'NONE',  ( -0.4328487606792498221, -0.6099999999999999867, 0.3904476574573795822 ) ) ;
#1230 = VERTEX_POINT ( 'NONE', #11618 ) ;
#1231 = LINE ( 'NONE', #6780, #4266 ) ;
#1232 = SURFACE_STYLE_FILL_AREA ( #189 ) ;
#1233 = MECHANICAL_DESIGN_GEOMETRIC_PRESENTATION_REPRESENTATION (  '', ( #6816 ), #10564 ) ;
#1234 = DIRECTION ( 'NONE',  ( 1.000000000000000000, 0.0000000000000000000, 0.0000000000000000000 ) ) ;
#1235 = MECHANICAL_DESIGN_GEOMETRIC_PRESENTATION_REPRESENTATION (  '', ( #678 ), #119 ) ;
#1236 = STYLED_ITEM ( 'NONE', ( #4464 ), #2676 ) ;
#1237 = VERTEX_POINT ( 'NONE', #4378 ) ;
#1238 = PRESENTATION_LAYER_ASSIGNMENT (  '', '', ( #2978 ) ) ;
#1239 = CARTESIAN_POINT ( 'NONE',  ( -0.3989838453447220878, -0.6099999999999999867, 0.4113883818919822910 ) ) ;
#1240 = CARTESIAN_POINT ( 'NONE',  ( -0.4002107596859655336, -0.5999999999999999778, 0.4916992833482745073 ) ) ;
#1241 = B_SPLINE_CURVE_WITH_KNOTS ( 'NONE', 3,
 ( #1239, #4755, #3954, #7605 ),
 .UNSPECIFIED., .F., .F.,
 ( 4, 4 ),
 ( 11.00000000000000000, 12.00000000000000000 ),
 .UNSPECIFIED. ) ;
#1242 =( NAMED_UNIT ( * ) SI_UNIT ( $, .STERADIAN. ) SOLID_ANGLE_UNIT ( ) );
#1243 = MECHANICAL_DESIGN_GEOMETRIC_PRESENTATION_REPRESENTATION (  '', ( #2598 ), #5688 ) ;
#1244 = ORIENTED_EDGE ( 'NONE', *, *, #2147, .T. ) ;
#1245 = EDGE_CURVE ( 'NONE', #8364, #9132, #2835, .T. ) ;
#1246 = LINE ( 'NONE', #4090, #5695 ) ;
#1247 =( NAMED_UNIT ( * ) SI_UNIT ( $, .STERADIAN. ) SOLID_ANGLE_UNIT ( ) );
#1248 = VERTEX_POINT ( 'NONE', #7190 ) ;
#1249 = VECTOR ( 'NONE', #260, 1000.000000000000000 ) ;
#1250 =( NAMED_UNIT ( * ) SI_UNIT ( $, .STERADIAN. ) SOLID_ANGLE_UNIT ( ) );
#1251 = CARTESIAN_POINT ( 'NONE',  ( -0.5821744592752146064, -0.6099999999999999867, 0.3891396288459504360 ) ) ;
#1252 = CARTESIAN_POINT ( 'NONE',  ( -0.2781223851521167911, -0.6099999999999999867, 0.4264856668368887105 ) ) ;
#1253 = CARTESIAN_POINT ( 'NONE',  ( -0.5677145820533771037, -0.6099999999999999867, 0.5019266281507344107 ) ) ;
#1254 = MECHANICAL_DESIGN_GEOMETRIC_PRESENTATION_REPRESENTATION (  '', ( #5496 ), #10951 ) ;
#1255 = B_SPLINE_CURVE_WITH_KNOTS ( 'NONE', 3,
 ( #3064, #10913, #2775, #5568 ),
 .UNSPECIFIED., .F., .F.,
 ( 4, 4 ),
 ( 4.000000000000000000, 5.000000000000000000 ),
 .UNSPECIFIED. ) ;
#1256 = LINE ( 'NONE', #11242, #7118 ) ;
#1257 = FACE_OUTER_BOUND ( 'NONE', #239, .T. ) ;
#1258 =( NAMED_UNIT ( * ) PLANE_ANGLE_UNIT ( ) SI_UNIT ( $, .RADIAN. ) );
#1259 = PLANE ( 'NONE',  #7229 ) ;
#1260 = VERTEX_POINT ( 'NONE', #11573 ) ;
#1261 = ADVANCED_FACE ( 'NONE', ( #9063 ), #10621, .F. ) ;
#1262 = COLOUR_RGB ( '',1.000000000000000000, 1.000000000000000000, 1.000000000000000000 ) ;
#1263 = FILL_AREA_STYLE_COLOUR ( '', #5884 ) ;
#1264 = PRESENTATION_STYLE_ASSIGNMENT (( #7855 ) ) ;
#1265 = ORIENTED_EDGE ( 'NONE', *, *, #7555, .F. ) ;
#1266 = CARTESIAN_POINT ( 'NONE',  ( -0.3985055567032068091, -0.5999999999999999778, 0.4155266183989210771 ) ) ;
#1267 = LINE ( 'NONE', #2901, #7964 ) ;
#1268 = CARTESIAN_POINT ( 'NONE',  ( -0.3441574104172900328, -0.6099999999999999867, 0.3929846667730740872 ) ) ;
#1269 = LINE ( 'NONE', #4892, #10428 ) ;
#1270 = MECHANICAL_DESIGN_GEOMETRIC_PRESENTATION_REPRESENTATION (  '', ( #7036 ), #6474 ) ;
#1271 = EDGE_CURVE ( 'NONE', #2718, #7379, #4002, .T. ) ;
#1272 = ADVANCED_FACE ( 'NONE', ( #10114 ), #8309, .T. ) ;
#1273 = MECHANICAL_DESIGN_GEOMETRIC_PRESENTATION_REPRESENTATION (  '', ( #3590 ), #2621 ) ;
#1274 = AXIS2_PLACEMENT_3D ( 'NONE', #1195, #3861, #10140 ) ;
#1275 = DIRECTION ( 'NONE',  ( -1.000000000000000000, 0.0000000000000000000, -0.0000000000000000000 ) ) ;
#1276 = CARTESIAN_POINT ( 'NONE',  ( -0.3017456850108105049, -0.6099999999999999867, 0.4614631231418551693 ) ) ;
#1277 = SURFACE_STYLE_USAGE ( .BOTH. , #9572 ) ;
#1278 = CARTESIAN_POINT ( 'NONE',  ( -0.3352258899160474037, -0.5999999999999999778, 0.4910130431234555615 ) ) ;
#1279 = EDGE_LOOP ( 'NONE', ( #3975, #11177, #2146, #10039 ) ) ;
#1280 = VECTOR ( 'NONE', #1824, 1000.000000000000000 ) ;
#1281 = DIRECTION ( 'NONE',  ( -0.0000000000000000000, 1.000000000000000000, -0.0000000000000000000 ) ) ;
#1282 = DIRECTION ( 'NONE',  ( 0.0000000000000000000, 0.0000000000000000000, -1.000000000000000000 ) ) ;
#1283 = LINE ( 'NONE', #11384, #4331 ) ;
#1284 =( NAMED_UNIT ( * ) SI_UNIT ( $, .STERADIAN. ) SOLID_ANGLE_UNIT ( ) );
#1285 = CARTESIAN_POINT ( 'NONE',  ( -0.3938266460798453550, -0.6099999999999999867, 0.3932342086729819219 ) ) ;
#1286 = PRESENTATION_LAYER_ASSIGNMENT (  '', '', ( #713 ) ) ;
#1287 = PRESENTATION_LAYER_ASSIGNMENT (  '', '', ( #9290 ) ) ;
#1288 = CARTESIAN_POINT ( 'NONE',  ( -0.4328487606792498221, -0.6099999999999999867, 0.4910130431234555615 ) ) ;
#1289 = EDGE_LOOP ( 'NONE', ( #1342, #8650, #9878, #7684 ) ) ;
#1290 = MECHANICAL_DESIGN_GEOMETRIC_PRESENTATION_REPRESENTATION (  '', ( #8922 ), #9476 ) ;
#1291 = FILL_AREA_STYLE_COLOUR ( '', #7274 ) ;
#1292 =( NAMED_UNIT ( * ) PLANE_ANGLE_UNIT ( ) SI_UNIT ( $, .RADIAN. ) );
#1293 = VECTOR ( 'NONE', #9656, 1000.000000000000000 ) ;
#1294 = VERTEX_POINT ( 'NONE', #4858 ) ;
#1295 = VECTOR ( 'NONE', #7169, 1000.000000000000000 ) ;
#1296 = CARTESIAN_POINT ( 'NONE',  ( -0.3754437261193778186, -0.5999999999999999778, 0.4054201714521927791 ) ) ;
#1297 = CARTESIAN_POINT ( 'NONE',  ( -0.2726428609329952235, -0.5999999999999999778, 0.3946898697558311464 ) ) ;
#1298 = STYLED_ITEM ( 'NONE', ( #5430 ), #5669 ) ;
#1299 = CARTESIAN_POINT ( 'NONE',  ( -0.4022798779394343716, -0.6099999999999999867, 0.3991400336375865443 ) ) ;
#1300 = VERTEX_POINT ( 'NONE', #5955 ) ;
#1301 = UNCERTAINTY_MEASURE_WITH_UNIT (LENGTH_MEASURE( 1.000000000000000082E-05 ), #5649, 'distance_accuracy_value', 'NONE');
#1302 = DIRECTION ( 'NONE',  ( -0.0000000000000000000, -0.0000000000000000000, 1.000000000000000000 ) ) ;
#1303 =( LENGTH_UNIT ( ) NAMED_UNIT ( * ) SI_UNIT ( .MILLI., .METRE. ) );
#1304 = CARTESIAN_POINT ( 'NONE',  ( -0.2418348338724213009, -0.6099999999999999867, 0.4189994098393431399 ) ) ;
#1305 = VECTOR ( 'NONE', #11510, 1000.000000000000000 ) ;
#1306 = CARTESIAN_POINT ( 'NONE',  ( -0.4132493239566929488, -0.6099999999999999867, 0.4589053186675808860 ) ) ;
#1307 = VERTEX_POINT ( 'NONE', #6957 ) ;
#1308 = CARTESIAN_POINT ( 'NONE',  ( -0.3763899058231187089, -0.6099999999999999867, 0.4910130431234555615 ) ) ;
#1309 = FILL_AREA_STYLE ('',( #3173 ) ) ;
#1310 = VERTEX_POINT ( 'NONE', #10290 ) ;
#1311 = EDGE_CURVE ( 'NONE', #2811, #3989, #3108, .T. ) ;
#1312 = EDGE_CURVE ( 'NONE', #645, #5174, #6180, .T. ) ;
#1313 = FILL_AREA_STYLE_COLOUR ( '', #5458 ) ;
#1314 = UNCERTAINTY_MEASURE_WITH_UNIT (LENGTH_MEASURE( 1.000000000000000082E-05 ), #9023, 'distance_accuracy_value', 'NONE');
#1315 = FILL_AREA_STYLE ('',( #5110 ) ) ;
#1316 = SURFACE_SIDE_STYLE ('',( #6090 ) ) ;
#1317 = CARTESIAN_POINT ( 'NONE',  ( -0.3468295882622289827, -0.6099999999999999867, 0.4503377134371886470 ) ) ;
#1318 = FILL_AREA_STYLE ('',( #5905 ) ) ;
#1319 = EDGE_LOOP ( 'NONE', ( #6072, #122, #4280, #4704 ) ) ;
#1320 = CARTESIAN_POINT ( 'NONE',  ( -0.6206377185640783445, -0.5999999999999999778, 0.3862476655369023737 ) ) ;
#1321 = CARTESIAN_POINT ( 'NONE',  ( -0.3647550147396215747, -0.5999999999999999778, 0.3874323594998910769 ) ) ;
#1322 = B_SPLINE_SURFACE_WITH_KNOTS ( 'NONE', 3, 1, ( 
 ( #1081, #5498 ),
 ( #9617, #4041 ),
 ( #9561, #5020 ),
 ( #4887, #9440 ) ),
 .UNSPECIFIED., .F., .F., .F.,
 ( 4, 4 ),
 ( 2, 2 ),
 ( 2.000000000000000000, 3.000000000000000000 ),
 ( 0.0000000000000000000, 1.000000000000000000 ),
 .UNSPECIFIED. ) ;
#1323 = CARTESIAN_POINT ( 'NONE',  ( -0.4983072033819599400, -0.5999999999999999778, 0.3865368585581501759 ) ) ;
#1324 = SURFACE_STYLE_FILL_AREA ( #251 ) ;
#1325 = DIRECTION ( 'NONE',  ( -0.0000000000000000000, 1.000000000000000000, -0.0000000000000000000 ) ) ;
#1326 = EDGE_CURVE ( 'NONE', #10340, #4487, #10344, .T. ) ;
#1327 = EDGE_CURVE ( 'NONE', #8345, #6521, #8270, .T. ) ;
#1328 = CARTESIAN_POINT ( 'NONE',  ( -0.3985783397574051978, -0.6099999999999999867, 0.3893039237493470806 ) ) ;
#1329 = VECTOR ( 'NONE', #883, 1000.000000000000000 ) ;
#1330 = ORIENTED_EDGE ( 'NONE', *, *, #8835, .T. ) ;
#1331 = LINE ( 'NONE', #2361, #8904 ) ;
#1332 = ORIENTED_EDGE ( 'NONE', *, *, #9496, .F. ) ;
#1333 = CARTESIAN_POINT ( 'NONE',  ( -0.2450268906757579468, -0.5999999999999999778, 0.4264856668368887105 ) ) ;
#1334 =( NAMED_UNIT ( * ) PLANE_ANGLE_UNIT ( ) SI_UNIT ( $, .RADIAN. ) );
#1335 = CARTESIAN_POINT ( 'NONE',  ( -0.2864300509034490294, -0.5999999999999999778, 0.4660588531320066785 ) ) ;
#1336 =( NAMED_UNIT ( * ) PLANE_ANGLE_UNIT ( ) SI_UNIT ( $, .RADIAN. ) );
#1337 = EDGE_CURVE ( 'NONE', #9386, #6011, #5046, .T. ) ;
#1338 =( GEOMETRIC_REPRESENTATION_CONTEXT ( 3 ) GLOBAL_UNCERTAINTY_ASSIGNED_CONTEXT ( ( #6012 ) ) GLOBAL_UNIT_ASSIGNED_CONTEXT ( ( #9151, #2710, #9850 ) ) REPRESENTATION_CONTEXT ( 'NONE', 'WORKASPACE' ) );
#1339 = CARTESIAN_POINT ( 'NONE',  ( -0.4132493239566929488, -0.5999999999999999778, 0.4589053186675808860 ) ) ;
#1340 = CARTESIAN_POINT ( 'NONE',  ( -0.3733538127074671475, -0.6099999999999999867, 0.3985785643628607655 ) ) ;
#1341 = CARTESIAN_POINT ( 'NONE',  ( -0.3202013880251991518, -0.6099999999999999867, 0.4218067562135269788 ) ) ;
#1342 = ORIENTED_EDGE ( 'NONE', *, *, #5044, .T. ) ;
#1343 = CARTESIAN_POINT ( 'NONE',  ( -0.3727195603785443123, -0.6099999999999999867, 0.3892831285910451911 ) ) ;
#1344 =( NAMED_UNIT ( * ) SI_UNIT ( $, .STERADIAN. ) SOLID_ANGLE_UNIT ( ) );
#1345 = CARTESIAN_POINT ( 'NONE',  ( -0.4085080278582838842, -0.6099999999999999867, 0.4128232478165279606 ) ) ;
#1346 = CARTESIAN_POINT ( 'NONE',  ( -0.4094750027203268861, -0.6099999999999999867, 0.4702178847972480757 ) ) ;
#1347 = CARTESIAN_POINT ( 'NONE',  ( -0.3874425324735866205, -0.5999999999999999778, 0.4861677712333952184 ) ) ;
#1348 = CARTESIAN_POINT ( 'NONE',  ( -0.2781223851521167911, -0.6099999999999999867, 0.4264856668368887105 ) ) ;
#1349 = LINE ( 'NONE', #4193, #3068 ) ;
#1350 = FACE_OUTER_BOUND ( 'NONE', #1192, .T. ) ;
#1351 = CARTESIAN_POINT ( 'NONE',  ( -0.3747054979988023726, -0.5999999999999999778, 0.4047755215442560006 ) ) ;
#1352 = CARTESIAN_POINT ( 'NONE',  ( -0.2682966728430296599, -0.5999999999999999778, 0.4014482962119525489 ) ) ;
#1353 = PRESENTATION_LAYER_ASSIGNMENT (  '', '', ( #10847 ) ) ;
#1354 = ORIENTED_EDGE ( 'NONE', *, *, #6840, .T. ) ;
#1355 = STYLED_ITEM ( 'NONE', ( #7275 ), #948 ) ;
#1356 = CARTESIAN_POINT ( 'NONE',  ( -0.6203485117526829073, -0.6099999999999999867, 0.4056238958291003005 ) ) ;
#1357 =( NAMED_UNIT ( * ) PLANE_ANGLE_UNIT ( ) SI_UNIT ( $, .RADIAN. ) );
#1358 = EDGE_CURVE ( 'NONE', #4675, #540, #7293, .T. ) ;
#1359 = CARTESIAN_POINT ( 'NONE',  ( -0.6032858642430440899, -0.5999999999999999778, 0.4611498053853264611 ) ) ;
#1360 = CARTESIAN_POINT ( 'NONE',  ( -0.5934531525864606971, -0.6099999999999999867, 0.4568118438734654063 ) ) ;
#1361 = ORIENTED_EDGE ( 'NONE', *, *, #9093, .F. ) ;
#1362 = CLOSED_SHELL ( 'NONE', ( #2951, #6726, #6863, #802, #1387, #5421 ) ) ;
#1363 = DIRECTION ( 'NONE',  ( 1.000000000000000000, -0.0000000000000000000, -0.0000000000000000000 ) ) ;
#1364 = CARTESIAN_POINT ( 'NONE',  ( -0.4183025474299184587, -0.6099999999999999867, 0.4041308716360421660 ) ) ;
#1365 = DIRECTION ( 'NONE',  ( -0.0000000000000000000, 1.000000000000000000, -0.0000000000000000000 ) ) ;
#1366 =( LENGTH_UNIT ( ) NAMED_UNIT ( * ) SI_UNIT ( .MILLI., .METRE. ) );
#1367 = ORIENTED_EDGE ( 'NONE', *, *, #3348, .T. ) ;
#1368 =( LENGTH_UNIT ( ) NAMED_UNIT ( * ) SI_UNIT ( .MILLI., .METRE. ) );
#1369 = FACE_OUTER_BOUND ( 'NONE', #11227, .T. ) ;
#1370 = SURFACE_STYLE_USAGE ( .BOTH. , #6730 ) ;
#1371 = ORIENTED_EDGE ( 'NONE', *, *, #7090, .T. ) ;
#1372 =( NAMED_UNIT ( * ) PLANE_ANGLE_UNIT ( ) SI_UNIT ( $, .RADIAN. ) );
#1373 = CARTESIAN_POINT ( 'NONE',  ( -0.5338784855714885369, -0.6099999999999999867, 0.3946343845070930390 ) ) ;
#1374 = ORIENTED_EDGE ( 'NONE', *, *, #4279, .F. ) ;
#1375 = EDGE_CURVE ( 'NONE', #4369, #6748, #11335, .T. ) ;
#1376 =( NAMED_UNIT ( * ) PLANE_ANGLE_UNIT ( ) SI_UNIT ( $, .RADIAN. ) );
#1377 = CARTESIAN_POINT ( 'NONE',  ( -0.2729963786244171131, -0.6099999999999999867, 0.4246972832206435400 ) ) ;
#1378 = VECTOR ( 'NONE', #1363, 1000.000000000000000 ) ;
#1379 = ORIENTED_EDGE ( 'NONE', *, *, #4443, .T. ) ;
#1380 = CARTESIAN_POINT ( 'NONE',  ( -0.4054823323217832676, -0.5999999999999999778, 0.4586141864510666077 ) ) ;
#1381 = SURFACE_SIDE_STYLE ('',( #9436 ) ) ;
#1382 = DIRECTION ( 'NONE',  ( 1.000000000000000000, -0.0000000000000000000, -0.0000000000000000000 ) ) ;
#1383 = ORIENTED_EDGE ( 'NONE', *, *, #9770, .F. ) ;
#1384 = FILL_AREA_STYLE ('',( #4174 ) ) ;
#1385 = ORIENTED_EDGE ( 'NONE', *, *, #4935, .F. ) ;
#1386 = FILL_AREA_STYLE_COLOUR ( '', #1984 ) ;
#1387 = ADVANCED_FACE ( 'NONE', ( #8609 ), #411, .T. ) ;
#1388 = CARTESIAN_POINT ( 'NONE',  ( -0.3711391283457417534, -0.5999999999999999778, 0.4863341325000934967 ) ) ;
#1389 = DIRECTION ( 'NONE',  ( -0.0000000000000000000, 1.000000000000000000, -0.0000000000000000000 ) ) ;
#1390 = FILL_AREA_STYLE_COLOUR ( '', #10992 ) ;
#1391 = LINE ( 'NONE', #5861, #484 ) ;
#1392 = CARTESIAN_POINT ( 'NONE',  ( -0.3446772893756867018, -0.6099999999999999867, 0.3911754879988026956 ) ) ;
#1393 = FILL_AREA_STYLE_COLOUR ( '', #862 ) ;
#1394 = LINE ( 'NONE', #5030, #5397 ) ;
#1395 = AXIS2_PLACEMENT_3D ( 'NONE', #9971, #5571, #165 ) ;
#1396 = ORIENTED_EDGE ( 'NONE', *, *, #560, .F. ) ;
#1397 = FACE_OUTER_BOUND ( 'NONE', #6702, .T. ) ;
#1398 = SURFACE_SIDE_STYLE ('',( #9576 ) ) ;
#1399 = FILL_AREA_STYLE ('',( #9577 ) ) ;
#1400 = CARTESIAN_POINT ( 'NONE',  ( -0.3157616217225944211, -0.6099999999999999867, 0.4820295347264562658 ) ) ;
#1401 = SURFACE_SIDE_STYLE ('',( #8654 ) ) ;
#1402 = DIRECTION ( 'NONE',  ( -0.0000000000000000000, -0.0000000000000000000, 1.000000000000000000 ) ) ;
#1403 = ORIENTED_EDGE ( 'NONE', *, *, #2295, .F. ) ;
#1404 = DIRECTION ( 'NONE',  ( -0.0000000000000000000, -0.0000000000000000000, -1.000000000000000000 ) ) ;
#1405 = EDGE_CURVE ( 'NONE', #2240, #9912, #991, .T. ) ;
#1406 = VERTEX_POINT ( 'NONE', #4536 ) ;
#1407 = CARTESIAN_POINT ( 'NONE',  ( -0.3697562503170909731, -0.6099999999999999867, 0.4022801025448896062 ) ) ;
#1408 =( GEOMETRIC_REPRESENTATION_CONTEXT ( 3 ) GLOBAL_UNCERTAINTY_ASSIGNED_CONTEXT ( ( #8496 ) ) GLOBAL_UNIT_ASSIGNED_CONTEXT ( ( #10034, #1881, #7690 ) ) REPRESENTATION_CONTEXT ( 'NONE', 'WORKASPACE' ) );
#1409 = B_SPLINE_CURVE_WITH_KNOTS ( 'NONE', 3,
 ( #958, #902, #1907, #8192 ),
 .UNSPECIFIED., .F., .F.,
 ( 4, 4 ),
 ( 0.0000000000000000000, 1.000000000000000000 ),
 .UNSPECIFIED. ) ;
#1410 = FACE_OUTER_BOUND ( 'NONE', #8996, .T. ) ;
#1411 = VERTEX_POINT ( 'NONE', #3637 ) ;
#1412 = UNCERTAINTY_MEASURE_WITH_UNIT (LENGTH_MEASURE( 1.000000000000000082E-05 ), #1952, 'distance_accuracy_value', 'NONE');
#1413 =( GEOMETRIC_REPRESENTATION_CONTEXT ( 3 ) GLOBAL_UNCERTAINTY_ASSIGNED_CONTEXT ( ( #8374 ) ) GLOBAL_UNIT_ASSIGNED_CONTEXT ( ( #326, #6804, #11427 ) ) REPRESENTATION_CONTEXT ( 'NONE', 'WORKASPACE' ) );
#1414 = CARTESIAN_POINT ( 'NONE',  ( -0.3485568861007516395, -0.6099999999999999867, 0.3744509819147039953 ) ) ;
#1415 = FILL_AREA_STYLE ('',( #11278 ) ) ;
#1416 = COLOUR_RGB ( '',1.000000000000000000, 1.000000000000000000, 1.000000000000000000 ) ;
#1417 = SURFACE_STYLE_USAGE ( .BOTH. , #9592 ) ;
#1418 = VERTEX_POINT ( 'NONE', #7292 ) ;
#1419 =( NAMED_UNIT ( * ) PLANE_ANGLE_UNIT ( ) SI_UNIT ( $, .RADIAN. ) );
#1420 = PLANE ( 'NONE',  #2303 ) ;
#1421 = ORIENTED_EDGE ( 'NONE', *, *, #1189, .F. ) ;
#1422 =( GEOMETRIC_REPRESENTATION_CONTEXT ( 3 ) GLOBAL_UNCERTAINTY_ASSIGNED_CONTEXT ( ( #10473 ) ) GLOBAL_UNIT_ASSIGNED_CONTEXT ( ( #9002, #4606, #184 ) ) REPRESENTATION_CONTEXT ( 'NONE', 'WORKASPACE' ) );
#1423 = ADVANCED_FACE ( 'NONE', ( #6417 ), #7249, .F. ) ;
#1424 = EDGE_CURVE ( 'NONE', #10701, #750, #2077, .T. ) ;
#1425 = VECTOR ( 'NONE', #4686, 1000.000000000000000 ) ;
#1426 = CARTESIAN_POINT ( 'NONE',  ( -0.3614797773032129569, -0.5999999999999999778, 0.3956256518805584266 ) ) ;
#1427 = UNCERTAINTY_MEASURE_WITH_UNIT (LENGTH_MEASURE( 1.000000000000000082E-05 ), #3211, 'distance_accuracy_value', 'NONE');
#1428 =( NAMED_UNIT ( * ) PLANE_ANGLE_UNIT ( ) SI_UNIT ( $, .RADIAN. ) );
#1429 =( NAMED_UNIT ( * ) PLANE_ANGLE_UNIT ( ) SI_UNIT ( $, .RADIAN. ) );
#1430 = VERTEX_POINT ( 'NONE', #7635 ) ;
#1431 = COLOUR_RGB ( '',0.2509803921568627416, 0.2509803921568627416, 0.2509803921568627416 ) ;
#1432 =( NAMED_UNIT ( * ) PLANE_ANGLE_UNIT ( ) SI_UNIT ( $, .RADIAN. ) );
#1433 = FILL_AREA_STYLE ('',( #8628 ) ) ;
#1434 = STYLED_ITEM ( 'NONE', ( #9449 ), #7853 ) ;
#1435 = CARTESIAN_POINT ( 'NONE',  ( -0.3356729858201081829, -0.5999999999999999778, 0.4549750337439453785 ) ) ;
#1436 =( LENGTH_UNIT ( ) NAMED_UNIT ( * ) SI_UNIT ( .MILLI., .METRE. ) );
#1437 = LINE ( 'NONE', #489, #2250 ) ;
#1438 = COLOUR_RGB ( '',1.000000000000000000, 1.000000000000000000, 1.000000000000000000 ) ;
#1439 = CARTESIAN_POINT ( 'NONE',  ( -0.3732394393368034802, -0.6099999999999999867, 0.4110348642002829012 ) ) ;
#1440 =( GEOMETRIC_REPRESENTATION_CONTEXT ( 3 ) GLOBAL_UNCERTAINTY_ASSIGNED_CONTEXT ( ( #1047 ) ) GLOBAL_UNIT_ASSIGNED_CONTEXT ( ( #452, #3219, #1284 ) ) REPRESENTATION_CONTEXT ( 'NONE', 'WORKASPACE' ) );
#1441 = ORIENTED_EDGE ( 'NONE', *, *, #2007, .T. ) ;
#1442 = VECTOR ( 'NONE', #3127, 1000.000000000000000 ) ;
#1443 = PLANE ( 'NONE',  #11326 ) ;
#1444 = PRESENTATION_LAYER_ASSIGNMENT (  '', '', ( #7754 ) ) ;
#1445 = UNCERTAINTY_MEASURE_WITH_UNIT (LENGTH_MEASURE( 1.000000000000000082E-05 ), #4707, 'distance_accuracy_value', 'NONE');
#1446 =( GEOMETRIC_REPRESENTATION_CONTEXT ( 3 ) GLOBAL_UNCERTAINTY_ASSIGNED_CONTEXT ( ( #6270 ) ) GLOBAL_UNIT_ASSIGNED_CONTEXT ( ( #10853, #7161, #2716 ) ) REPRESENTATION_CONTEXT ( 'NONE', 'WORKASPACE' ) );
#1447 = CARTESIAN_POINT ( 'NONE',  ( -0.3558234942383788901, -0.6099999999999999867, 0.3764941062202255551 ) ) ;
#1448 = PRESENTATION_LAYER_ASSIGNMENT (  '', '', ( #10003 ) ) ;
#1449 = FACE_OUTER_BOUND ( 'NONE', #11089, .T. ) ;
#1450 = ORIENTED_EDGE ( 'NONE', *, *, #11253, .F. ) ;
#1451 = SURFACE_STYLE_FILL_AREA ( #9620 ) ;
#1452 = PLANE ( 'NONE',  #10970 ) ;
#1453 = B_SPLINE_CURVE_WITH_KNOTS ( 'NONE', 3,
 ( #4027, #6736, #5187, #11357 ),
 .UNSPECIFIED., .F., .F.,
 ( 4, 4 ),
 ( 4.000000000000000000, 5.000000000000000000 ),
 .UNSPECIFIED. ) ;
#1454 =( GEOMETRIC_REPRESENTATION_CONTEXT ( 3 ) GLOBAL_UNCERTAINTY_ASSIGNED_CONTEXT ( ( #2209 ) ) GLOBAL_UNIT_ASSIGNED_CONTEXT ( ( #1783, #5472, #4679 ) ) REPRESENTATION_CONTEXT ( 'NONE', 'WORKASPACE' ) );
#1455 = FILL_AREA_STYLE ('',( #7154 ) ) ;
#1456 = CARTESIAN_POINT ( 'NONE',  ( -0.5338784855714885369, -0.5999999999999999778, 0.3995507320614484215 ) ) ;
#1457 =( GEOMETRIC_REPRESENTATION_CONTEXT ( 3 ) GLOBAL_UNCERTAINTY_ASSIGNED_CONTEXT ( ( #2530 ) ) GLOBAL_UNIT_ASSIGNED_CONTEXT ( ( #2284, #8120, #9826 ) ) REPRESENTATION_CONTEXT ( 'NONE', 'WORKASPACE' ) );
#1458 = STYLED_ITEM ( 'NONE', ( #4940 ), #8925 ) ;
#1459 = ADVANCED_FACE ( 'NONE', ( #11197, #8595 ), #3096, .F. ) ;
#1460 = ADVANCED_FACE ( 'NONE', ( #6287 ), #9946, .T. ) ;
#1461 = CARTESIAN_POINT ( 'NONE',  ( -0.4149857196769028977, -0.5999999999999999778, 0.4638129760325488959 ) ) ;
#1462 = CARTESIAN_POINT ( 'NONE',  ( -0.3845312103078911137, -0.5999999999999999778, 0.4570545495767047717 ) ) ;
#1463 = CARTESIAN_POINT ( 'NONE',  ( -0.4094750027203268861, -0.6099999999999999867, 0.4702178847972480757 ) ) ;
#1464 = CARTESIAN_POINT ( 'NONE',  ( -0.3650461469561363526, -0.5999999999999999778, 0.4106813465088609005 ) ) ;
#1465 = ORIENTED_EDGE ( 'NONE', *, *, #3016, .T. ) ;
#1466 = SURFACE_SIDE_STYLE ('',( #2374 ) ) ;
#1467 = CARTESIAN_POINT ( 'NONE',  ( -0.3354338414996271833, -0.6099999999999999867, 0.4863341325000935522 ) ) ;
#1468 = SURFACE_STYLE_USAGE ( .BOTH. , #688 ) ;
#1469 = DIRECTION ( 'NONE',  ( -0.0000000000000000000, 0.0000000000000000000, 1.000000000000000000 ) ) ;
#1470 = DIRECTION ( 'NONE',  ( 0.0000000000000000000, 1.000000000000000000, 0.0000000000000000000 ) ) ;
#1471 = CARTESIAN_POINT ( 'NONE',  ( -0.3796235529429223265, -0.6099999999999999867, 0.4024256686532850513 ) ) ;
#1472 = PRESENTATION_LAYER_ASSIGNMENT (  '', '', ( #7036 ) ) ;
#1473 = CARTESIAN_POINT ( 'NONE',  ( -0.2394121979273902967, -0.6099999999999999867, 0.4264856668368887105 ) ) ;
#1474 = CARTESIAN_POINT ( 'NONE',  ( -0.2842881495957819693, -0.6099999999999999867, 0.4264856668368887105 ) ) ;
#1475 = ORIENTED_EDGE ( 'NONE', *, *, #11612, .F. ) ;
#1476 = ORIENTED_EDGE ( 'NONE', *, *, #3918, .F. ) ;
#1477 = COLOUR_RGB ( '',1.000000000000000000, 1.000000000000000000, 1.000000000000000000 ) ;
#1478 = EDGE_CURVE ( 'NONE', #1154, #1487, #5500, .T. ) ;
#1479 = PRESENTATION_STYLE_ASSIGNMENT (( #582 ) ) ;
#1480 =( NAMED_UNIT ( * ) SI_UNIT ( $, .STERADIAN. ) SOLID_ANGLE_UNIT ( ) );
#1481 = ORIENTED_EDGE ( 'NONE', *, *, #10335, .F. ) ;
#1482 = DIRECTION ( 'NONE',  ( -0.0000000000000000000, 0.0000000000000000000, -1.000000000000000000 ) ) ;
#1483 = AXIS2_PLACEMENT_3D ( 'NONE', #4971, #4795, #8539 ) ;
#1484 = SURFACE_STYLE_USAGE ( .BOTH. , #5280 ) ;
#1485 = CARTESIAN_POINT ( 'NONE',  ( -0.2418348338724213009, -0.5999999999999999778, 0.4189994098393431399 ) ) ;
#1486 = LINE ( 'NONE', #11456, #7546 ) ;
#1487 = VERTEX_POINT ( 'NONE', #8217 ) ;
#1488 = PRESENTATION_LAYER_ASSIGNMENT (  '', '', ( #5929 ) ) ;
#1489 = DIRECTION ( 'NONE',  ( -0.0000000000000000000, -0.0000000000000000000, -1.000000000000000000 ) ) ;
#1490 =( GEOMETRIC_REPRESENTATION_CONTEXT ( 3 ) GLOBAL_UNCERTAINTY_ASSIGNED_CONTEXT ( ( #8257 ) ) GLOBAL_UNIT_ASSIGNED_CONTEXT ( ( #11343, #7016, #7884 ) ) REPRESENTATION_CONTEXT ( 'NONE', 'WORKASPACE' ) );
#1491 = VERTEX_POINT ( 'NONE', #1875 ) ;
#1492 = EDGE_CURVE ( 'NONE', #4889, #4693, #3682, .T. ) ;
#1493 = B_SPLINE_SURFACE_WITH_KNOTS ( 'NONE', 3, 1, ( 
 ( #11316, #1688 ),
 ( #3560, #9790 ),
 ( #4577, #4521 ),
 ( #8209, #8514 ) ),
 .UNSPECIFIED., .F., .F., .F.,
 ( 4, 4 ),
 ( 2, 2 ),
 ( 0.0000000000000000000, 1.000000000000000000 ),
 ( 0.0000000000000000000, 1.000000000000000000 ),
 .UNSPECIFIED. ) ;
#1494 = SURFACE_STYLE_FILL_AREA ( #5056 ) ;
#1495 = AXIS2_PLACEMENT_3D ( 'NONE', #5956, #3346, #6958 ) ;
#1496 = DIRECTION ( 'NONE',  ( -1.000000000000000000, 0.0000000000000000000, 0.0000000000000000000 ) ) ;
#1497 = SURFACE_STYLE_USAGE ( .BOTH. , #1600 ) ;
#1498 = SURFACE_STYLE_USAGE ( .BOTH. , #10420 ) ;
#1499 = COLOUR_RGB ( '',1.000000000000000000, 1.000000000000000000, 1.000000000000000000 ) ;
#1500 = DIRECTION ( 'NONE',  ( -1.000000000000000000, -0.0000000000000000000, -0.0000000000000000000 ) ) ;
#1501 = CARTESIAN_POINT ( 'NONE',  ( -0.4166493323429174556, -0.6099999999999999867, 0.4503377134371886470 ) ) ;
#1502 = VERTEX_POINT ( 'NONE', #8091 ) ;
#1503 = VECTOR ( 'NONE', #3136, 1000.000000000000000 ) ;
#1504 = EDGE_CURVE ( 'NONE', #5476, #2219, #1255, .T. ) ;
#1505 = CARTESIAN_POINT ( 'NONE',  ( -0.3697562503170909731, -0.5999999999999999778, 0.4022801025448896062 ) ) ;
#1506 = EDGE_LOOP ( 'NONE', ( #3660, #10980, #3799, #2143 ) ) ;
#1507 = LINE ( 'NONE', #8808, #9070 ) ;
#1508 = ORIENTED_EDGE ( 'NONE', *, *, #9589, .T. ) ;
#1509 = CARTESIAN_POINT ( 'NONE',  ( -0.3496681273738661555, -0.6099999999999999867, 0.3805907524105590634 ) ) ;
#1510 = ADVANCED_FACE ( 'NONE', ( #8501 ), #4569, .F. ) ;
#1511 = SURFACE_STYLE_FILL_AREA ( #8871 ) ;
#1512 = SURFACE_STYLE_FILL_AREA ( #1455 ) ;
#1513 = SURFACE_STYLE_USAGE ( .BOTH. , #6115 ) ;
#1514 = CARTESIAN_POINT ( 'NONE',  ( -0.3870682196237242301, -0.6099999999999999867, 0.4911378140735485620 ) ) ;
#1515 = DIRECTION ( 'NONE',  ( 1.000000000000000000, -0.0000000000000000000, -0.0000000000000000000 ) ) ;
#1516 = EDGE_LOOP ( 'NONE', ( #8397, #11559, #8876, #10744 ) ) ;
#1517 = FILL_AREA_STYLE_COLOUR ( '', #8526 ) ;
#1518 = DIRECTION ( 'NONE',  ( -1.000000000000000000, 0.0000000000000000000, -0.0000000000000000000 ) ) ;
#1519 = DIRECTION ( 'NONE',  ( -0.0000000000000000000, 1.000000000000000000, -0.0000000000000000000 ) ) ;
#1520 = SURFACE_STYLE_USAGE ( .BOTH. , #1574 ) ;
#1521 = PRESENTATION_STYLE_ASSIGNMENT (( #6124 ) ) ;
#1522 = SURFACE_STYLE_USAGE ( .BOTH. , #5874 ) ;
#1523 = COLOUR_RGB ( '',1.000000000000000000, 1.000000000000000000, 1.000000000000000000 ) ;
#1524 = CARTESIAN_POINT ( 'NONE',  ( -0.3056551747761435678, -0.6099999999999999867, 0.4503377134371886470 ) ) ;
#1525 = PRESENTATION_LAYER_ASSIGNMENT (  '', '', ( #9349 ) ) ;
#1526 = CARTESIAN_POINT ( 'NONE',  ( -0.3114570239489569681, -0.6099999999999999867, 0.4503377134371886470 ) ) ;
#1527 = ORIENTED_EDGE ( 'NONE', *, *, #3856, .T. ) ;
#1528 = UNCERTAINTY_MEASURE_WITH_UNIT (LENGTH_MEASURE( 1.000000000000000082E-05 ), #4087, 'distance_accuracy_value', 'NONE');
#1529 = CARTESIAN_POINT ( 'NONE',  ( -0.3950327652627852459, -0.6099999999999999867, 0.4543303838357317104 ) ) ;
#1530 = PLANE ( 'NONE',  #743 ) ;
#1531 = PRESENTATION_LAYER_ASSIGNMENT (  '', '', ( #2884 ) ) ;
#1532 = VECTOR ( 'NONE', #6320, 1000.000000000000000 ) ;
#1533 = FILL_AREA_STYLE ('',( #4313 ) ) ;
#1534 = PRESENTATION_STYLE_ASSIGNMENT (( #5959 ) ) ;
#1535 = ORIENTED_EDGE ( 'NONE', *, *, #745, .F. ) ;
#1536 = ADVANCED_FACE ( 'NONE', ( #4999 ), #4089, .F. ) ;
#1537 = EDGE_CURVE ( 'NONE', #4104, #580, #4024, .T. ) ;
#1538 = VERTEX_POINT ( 'NONE', #10063 ) ;
#1539 = STYLED_ITEM ( 'NONE', ( #5062 ), #1536 ) ;
#1540 = COLOUR_RGB ( '',1.000000000000000000, 1.000000000000000000, 1.000000000000000000 ) ;
#1541 = CARTESIAN_POINT ( 'NONE',  ( -0.3202013880251991518, -0.6099999999999999867, 0.4218067562135269788 ) ) ;
#1542 = ORIENTED_EDGE ( 'NONE', *, *, #10859, .T. ) ;
#1543 = UNCERTAINTY_MEASURE_WITH_UNIT (LENGTH_MEASURE( 1.000000000000000082E-05 ), #5025, 'distance_accuracy_value', 'NONE');
#1544 = PRESENTATION_STYLE_ASSIGNMENT (( #8794 ) ) ;
#1545 =( NAMED_UNIT ( * ) PLANE_ANGLE_UNIT ( ) SI_UNIT ( $, .RADIAN. ) );
#1546 = VERTEX_POINT ( 'NONE', #3709 ) ;
#1547 = FILL_AREA_STYLE_COLOUR ( '', #7956 ) ;
#1548 = ORIENTED_EDGE ( 'NONE', *, *, #11630, .F. ) ;
#1549 = VECTOR ( 'NONE', #7983, 1000.000000000000000 ) ;
#1550 = EDGE_CURVE ( 'NONE', #382, #2072, #6546, .T. ) ;
#1551 = CARTESIAN_POINT ( 'NONE',  ( -0.4893420873371294166, -0.6099999999999999867, 0.4258677051850371376 ) ) ;
#1552 =( NAMED_UNIT ( * ) PLANE_ANGLE_UNIT ( ) SI_UNIT ( $, .RADIAN. ) );
#1553 = ORIENTED_EDGE ( 'NONE', *, *, #2325, .F. ) ;
#1554 = CARTESIAN_POINT ( 'NONE',  ( -0.4008138192774340913, -0.6099999999999999867, 0.3893039237493470806 ) ) ;
#1555 = UNCERTAINTY_MEASURE_WITH_UNIT (LENGTH_MEASURE( 1.000000000000000082E-05 ), #1678, 'distance_accuracy_value', 'NONE');
#1556 = CARTESIAN_POINT ( 'NONE',  ( -0.3468295882622289827, -0.6099999999999999867, 0.4910130431234555615 ) ) ;
#1557 = PLANE ( 'NONE',  #3569 ) ;
#1558 = EDGE_LOOP ( 'NONE', ( #179, #2230, #10509, #7034 ) ) ;
#1559 =( GEOMETRIC_REPRESENTATION_CONTEXT ( 3 ) GLOBAL_UNCERTAINTY_ASSIGNED_CONTEXT ( ( #5395 ) ) GLOBAL_UNIT_ASSIGNED_CONTEXT ( ( #1781, #3538, #10765 ) ) REPRESENTATION_CONTEXT ( 'NONE', 'WORKASPACE' ) );
#1560 = ORIENTED_EDGE ( 'NONE', *, *, #3258, .F. ) ;
#1561 = DIRECTION ( 'NONE',  ( -0.0000000000000000000, 1.000000000000000000, -0.0000000000000000000 ) ) ;
#1562 = CARTESIAN_POINT ( 'NONE',  ( -0.3732186441783614250, -0.5999999999999999778, 0.3851240969258026281 ) ) ;
#1563 = LINE ( 'NONE', #6218, #931 ) ;
#1564 = EDGE_CURVE ( 'NONE', #4316, #7484, #3426, .T. ) ;
#1565 = B_SPLINE_SURFACE_WITH_KNOTS ( 'NONE', 3, 1, ( 
 ( #11267, #6822 ),
 ( #6065, #9632 ),
 ( #1348, #2320 ),
 ( #1474, #5036 ) ),
 .UNSPECIFIED., .F., .F., .F.,
 ( 4, 4 ),
 ( 2, 2 ),
 ( 2.000000000000000000, 3.000000000000000000 ),
 ( 0.0000000000000000000, 1.000000000000000000 ),
 .UNSPECIFIED. ) ;
#1566 = ADVANCED_FACE ( 'NONE', ( #2993 ), #9240, .T. ) ;
#1567 = CARTESIAN_POINT ( 'NONE',  ( -0.3202013880251991518, -0.6099999999999999867, 0.4041308716360421660 ) ) ;
#1568 = CARTESIAN_POINT ( 'NONE',  ( -0.2682966728430296599, -0.5999999999999999778, 0.4065223148436186151 ) ) ;
#1569 = ORIENTED_EDGE ( 'NONE', *, *, #7146, .T. ) ;
#1570 = PLANE ( 'NONE',  #6073 ) ;
#1571 = SURFACE_STYLE_USAGE ( .BOTH. , #8826 ) ;
#1572 =( GEOMETRIC_REPRESENTATION_CONTEXT ( 3 ) GLOBAL_UNCERTAINTY_ASSIGNED_CONTEXT ( ( #138 ) ) GLOBAL_UNIT_ASSIGNED_CONTEXT ( ( #2136, #5998, #568 ) ) REPRESENTATION_CONTEXT ( 'NONE', 'WORKASPACE' ) );
#1573 = PRESENTATION_STYLE_ASSIGNMENT (( #689 ) ) ;
#1574 = SURFACE_SIDE_STYLE ('',( #5324 ) ) ;
#1575 = FILL_AREA_STYLE_COLOUR ( '', #300 ) ;
#1576 = CARTESIAN_POINT ( 'NONE',  ( -0.3680198545968793589, -0.6099999999999999867, 0.3959791695719803162 ) ) ;
#1577 = CARTESIAN_POINT ( 'NONE',  ( -0.3352258899160474037, -0.6099999999999999867, 0.4910130431234555615 ) ) ;
#1578 = CARTESIAN_POINT ( 'NONE',  ( -0.6047318569297144286, -0.5999999999999999778, 0.4015751163064785190 ) ) ;
#1579 = CARTESIAN_POINT ( 'NONE',  ( -0.3628730529110148484, -0.5999999999999999778, 0.4142373185824930748 ) ) ;
#1580 = B_SPLINE_SURFACE_WITH_KNOTS ( 'NONE', 3, 1, ( 
 ( #8367, #7525 ),
 ( #11206, #6767 ),
 ( #405, #8601 ),
 ( #2980, #178 ) ),
 .UNSPECIFIED., .F., .F., .F.,
 ( 4, 4 ),
 ( 2, 2 ),
 ( 0.0000000000000000000, 1.000000000000000000 ),
 ( 0.0000000000000000000, 1.000000000000000000 ),
 .UNSPECIFIED. ) ;
#1581 = COLOUR_RGB ( '',1.000000000000000000, 1.000000000000000000, 1.000000000000000000 ) ;
#1582 = LINE ( 'NONE', #3574, #8304 ) ;
#1583 = VERTEX_POINT ( 'NONE', #7314 ) ;
#1584 = LINE ( 'NONE', #4256, #5207 ) ;
#1585 = CARTESIAN_POINT ( 'NONE',  ( -0.6999999999999999556, -0.5999999999999999778, 0.5999999999999999778 ) ) ;
#1586 = SURFACE_STYLE_FILL_AREA ( #592 ) ;
#1587 = EDGE_LOOP ( 'NONE', ( #6519, #6268, #881, #2148 ) ) ;
#1588 = MECHANICAL_DESIGN_GEOMETRIC_PRESENTATION_REPRESENTATION (  '', ( #11626 ), #1980 ) ;
#1589 =( NAMED_UNIT ( * ) SI_UNIT ( $, .STERADIAN. ) SOLID_ANGLE_UNIT ( ) );
#1590 = B_SPLINE_CURVE_WITH_KNOTS ( 'NONE', 3,
 ( #4110, #6050, #2368, #5931 ),
 .UNSPECIFIED., .F., .F.,
 ( 4, 4 ),
 ( 3.000000000000000000, 4.000000000000000000 ),
 .UNSPECIFIED. ) ;
#1591 = SURFACE_STYLE_FILL_AREA ( #3472 ) ;
#1592 = ORIENTED_EDGE ( 'NONE', *, *, #1687, .T. ) ;
#1593 = VECTOR ( 'NONE', #6959, 1000.000000000000000 ) ;
#1594 =( NAMED_UNIT ( * ) PLANE_ANGLE_UNIT ( ) SI_UNIT ( $, .RADIAN. ) );
#1595 = CARTESIAN_POINT ( 'NONE',  ( -0.4085080278582838842, -0.5999999999999999778, 0.4128232478165279051 ) ) ;
#1596 = AXIS2_PLACEMENT_3D ( 'NONE', #477, #4150, #9598 ) ;
#1597 = EDGE_CURVE ( 'NONE', #4157, #8254, #7693, .T. ) ;
#1598 = VERTEX_POINT ( 'NONE', #10882 ) ;
#1599 = EDGE_CURVE ( 'NONE', #4848, #1491, #4926, .T. ) ;
#1600 = SURFACE_SIDE_STYLE ('',( #8060 ) ) ;
#1601 = LINE ( 'NONE', #2409, #2266 ) ;
#1602 = ORIENTED_EDGE ( 'NONE', *, *, #269, .T. ) ;
#1603 =( LENGTH_UNIT ( ) NAMED_UNIT ( * ) SI_UNIT ( .MILLI., .METRE. ) );
#1604 = SURFACE_STYLE_USAGE ( .BOTH. , #10661 ) ;
#1605 = SURFACE_STYLE_FILL_AREA ( #8686 ) ;
#1606 = EDGE_LOOP ( 'NONE', ( #4353, #5644, #2122, #10519, #1165, #3748, #2161, #7782, #670, #10120, #9180, #7494 ) ) ;
#1607 = PRESENTATION_STYLE_ASSIGNMENT (( #11362 ) ) ;
#1608 = DIRECTION ( 'NONE',  ( -0.0000000000000000000, 1.000000000000000000, -0.0000000000000000000 ) ) ;
#1609 = CARTESIAN_POINT ( 'NONE',  ( -0.5156590494287112136, -0.5999999999999999778, 0.4868883607492610066 ) ) ;
#1610 = VECTOR ( 'NONE', #6009, 1000.000000000000000 ) ;
#1611 = ORIENTED_EDGE ( 'NONE', *, *, #2533, .F. ) ;
#1612 = CARTESIAN_POINT ( 'NONE',  ( -0.3198478703337772067, -0.6099999999999999867, 0.4856270971169719952 ) ) ;
#1613 = LINE ( 'NONE', #10321, #4867 ) ;
#1614 = CARTESIAN_POINT ( 'NONE',  ( -0.5156590494287112136, -0.6099999999999999867, 0.4868883607492610066 ) ) ;
#1615 = DIRECTION ( 'NONE',  ( -1.000000000000000000, 0.0000000000000000000, 0.0000000000000000000 ) ) ;
#1616 = SURFACE_STYLE_FILL_AREA ( #846 ) ;
#1617 = PRESENTATION_LAYER_ASSIGNMENT (  '', '', ( #3356 ) ) ;
#1618 = ORIENTED_EDGE ( 'NONE', *, *, #2134, .F. ) ;
#1619 = DIRECTION ( 'NONE',  ( -1.000000000000000000, -0.0000000000000000000, -0.0000000000000000000 ) ) ;
#1620 = STYLED_ITEM ( 'NONE', ( #6900 ), #2528 ) ;
#1621 = ORIENTED_EDGE ( 'NONE', *, *, #1191, .T. ) ;
#1622 = PRESENTATION_STYLE_ASSIGNMENT (( #8756 ) ) ;
#1623 = DIRECTION ( 'NONE',  ( -0.3897582650654596859, -0.0000000000000000000, -0.9209172030172760870 ) ) ;
#1624 = STYLED_ITEM ( 'NONE', ( #1521 ), #10320 ) ;
#1625 = LINE ( 'NONE', #8025, #7239 ) ;
#1626 = CARTESIAN_POINT ( 'NONE',  ( -0.4105147606367068325, -0.5999999999999999778, 0.3889296108993458012 ) ) ;
#1627 = STYLED_ITEM ( 'NONE', ( #4888 ), #2706 ) ;
#1628 =( GEOMETRIC_REPRESENTATION_CONTEXT ( 3 ) GLOBAL_UNCERTAINTY_ASSIGNED_CONTEXT ( ( #7188 ) ) GLOBAL_UNIT_ASSIGNED_CONTEXT ( ( #10022, #3737, #9095 ) ) REPRESENTATION_CONTEXT ( 'NONE', 'WORKASPACE' ) );
#1629 = EDGE_CURVE ( 'NONE', #57, #7792, #1164, .T. ) ;
#1630 = CARTESIAN_POINT ( 'NONE',  ( -0.3647550147396215747, -0.6099999999999999867, 0.3874323594998910769 ) ) ;
#1631 = DIRECTION ( 'NONE',  ( -0.0000000000000000000, 0.0000000000000000000, 1.000000000000000000 ) ) ;
#1632 = LINE ( 'NONE', #2440, #10508 ) ;
#1633 = VERTEX_POINT ( 'NONE', #3292 ) ;
#1634 = SURFACE_SIDE_STYLE ('',( #5086 ) ) ;
#1635 = CARTESIAN_POINT ( 'NONE',  ( -0.6215053031439619069, -0.6099999999999999867, 0.4785016348842049405 ) ) ;
#1636 =( LENGTH_UNIT ( ) NAMED_UNIT ( * ) SI_UNIT ( .MILLI., .METRE. ) );
#1637 = PLANE ( 'NONE',  #961 ) ;
#1638 = MECHANICAL_DESIGN_GEOMETRIC_PRESENTATION_REPRESENTATION (  '', ( #10188 ), #8720 ) ;
#1639 = CARTESIAN_POINT ( 'NONE',  ( -0.6999999999999999556, 0.5999999999999999778, 0.0000000000000000000 ) ) ;
#1640 = VECTOR ( 'NONE', #8638, 1000.000000000000000 ) ;
#1642 = EDGE_CURVE ( 'NONE', #6445, #9601, #7711, .T. ) ;
#1641 = LINE ( 'NONE', #5328, #11578 ) ;
#1643 = MECHANICAL_DESIGN_GEOMETRIC_PRESENTATION_REPRESENTATION (  '', ( #4730 ), #6098 ) ;
#1644 = EDGE_CURVE ( 'NONE', #8342, #2642, #11279, .T. ) ;
#1645 = MECHANICAL_DESIGN_GEOMETRIC_PRESENTATION_REPRESENTATION (  '', ( #2456 ), #6836 ) ;
#1646 = CARTESIAN_POINT ( 'NONE',  ( -0.3982144244866936966, -0.5999999999999999778, 0.3851240969258026281 ) ) ;
#1647 = EDGE_LOOP ( 'NONE', ( #3961, #3529, #6197, #5482 ) ) ;
#1648 = STYLED_ITEM ( 'NONE', ( #8636 ), #9367 ) ;
#1649 = UNCERTAINTY_MEASURE_WITH_UNIT (LENGTH_MEASURE( 1.000000000000000082E-05 ), #6587, 'distance_accuracy_value', 'NONE');
#1650 = CARTESIAN_POINT ( 'NONE',  ( -0.5084291135757945668, -0.5999999999999999778, 0.3856692684621244038 ) ) ;
#1651 = SURFACE_STYLE_FILL_AREA ( #2675 ) ;
#1652 = SURFACE_STYLE_USAGE ( .BOTH. , #5341 ) ;
#1653 = VECTOR ( 'NONE', #5776, 1000.000000000000000 ) ;
#1654 = ORIENTED_EDGE ( 'NONE', *, *, #4511, .F. ) ;
#1655 = FILL_AREA_STYLE_COLOUR ( '', #9385 ) ;
#1656 =( NAMED_UNIT ( * ) SI_UNIT ( $, .STERADIAN. ) SOLID_ANGLE_UNIT ( ) );
#1657 = CARTESIAN_POINT ( 'NONE',  ( -0.4085080278582838842, -0.5999999999999999778, 0.4128232478165279051 ) ) ;
#1658 = COLOUR_RGB ( '',1.000000000000000000, 1.000000000000000000, 1.000000000000000000 ) ;
#1659 = ORIENTED_EDGE ( 'NONE', *, *, #4753, .F. ) ;
#1660 = VECTOR ( 'NONE', #11483, 1000.000000000000000 ) ;
#1661 = FILL_AREA_STYLE_COLOUR ( '', #9614 ) ;
#1662 = ORIENTED_EDGE ( 'NONE', *, *, #6660, .T. ) ;
#1663 = UNCERTAINTY_MEASURE_WITH_UNIT (LENGTH_MEASURE( 1.000000000000000082E-05 ), #7324, 'distance_accuracy_value', 'NONE');
#1664 = CARTESIAN_POINT ( 'NONE',  ( -0.5118994849916290724, -0.5999999999999999778, 0.4484251028395369598 ) ) ;
#1665 = SURFACE_STYLE_USAGE ( .BOTH. , #6430 ) ;
#1666 =( GEOMETRIC_REPRESENTATION_CONTEXT ( 3 ) GLOBAL_UNCERTAINTY_ASSIGNED_CONTEXT ( ( #7652 ) ) GLOBAL_UNIT_ASSIGNED_CONTEXT ( ( #4629, #4687, #3663 ) ) REPRESENTATION_CONTEXT ( 'NONE', 'WORKASPACE' ) );
#1667 =( NAMED_UNIT ( * ) PLANE_ANGLE_UNIT ( ) SI_UNIT ( $, .RADIAN. ) );
#1668 = VERTEX_POINT ( 'NONE', #6837 ) ;
#1669 = VECTOR ( 'NONE', #915, 1000.000000000000000 ) ;
#1670 = CARTESIAN_POINT ( 'NONE',  ( -0.5084291135757945668, -0.5999999999999999778, 0.3856692684621244038 ) ) ;
#1671 =( LENGTH_UNIT ( ) NAMED_UNIT ( * ) SI_UNIT ( .MILLI., .METRE. ) );
#1672 =( GEOMETRIC_REPRESENTATION_CONTEXT ( 3 ) GLOBAL_UNCERTAINTY_ASSIGNED_CONTEXT ( ( #3242 ) ) GLOBAL_UNIT_ASSIGNED_CONTEXT ( ( #6679, #1182, #10141 ) ) REPRESENTATION_CONTEXT ( 'NONE', 'WORKASPACE' ) );
#1673 = VERTEX_POINT ( 'NONE', #3110 ) ;
#1674 = VECTOR ( 'NONE', #1226, 1000.000000000000000 ) ;
#1675 = SURFACE_STYLE_USAGE ( .BOTH. , #10831 ) ;
#1676 = UNCERTAINTY_MEASURE_WITH_UNIT (LENGTH_MEASURE( 1.000000000000000082E-05 ), #10195, 'distance_accuracy_value', 'NONE');
#1677 = STYLED_ITEM ( 'NONE', ( #2830 ), #3160 ) ;
#1678 =( LENGTH_UNIT ( ) NAMED_UNIT ( * ) SI_UNIT ( .MILLI., .METRE. ) );
#1679 = CARTESIAN_POINT ( 'NONE',  ( -0.5118994849916290724, -0.6099999999999999867, 0.4484251028395369598 ) ) ;
#1680 = PRESENTATION_LAYER_ASSIGNMENT (  '', '', ( #5361 ) ) ;
#1681 = VERTEX_POINT ( 'NONE', #7772 ) ;
#1682 = CARTESIAN_POINT ( 'NONE',  ( -0.6296028373667721389, -0.5999999999999999778, 0.3885612428034561638 ) ) ;
#1683 = CARTESIAN_POINT ( 'NONE',  ( -0.2906410704644477039, -0.6099999999999999867, 0.3904476574573795822 ) ) ;
#1684 = ORIENTED_EDGE ( 'NONE', *, *, #10122, .T. ) ;
#1685 = CARTESIAN_POINT ( 'NONE',  ( -0.2903499382479332036, -0.6099999999999999867, 0.4910130431234555615 ) ) ;
#1686 = DIRECTION ( 'NONE',  ( 0.0000000000000000000, 1.000000000000000000, 0.0000000000000000000 ) ) ;
#1687 = EDGE_CURVE ( 'NONE', #2870, #892, #2902, .T. ) ;
#1688 = CARTESIAN_POINT ( 'NONE',  ( -0.3957917885416629700, -0.5999999999999999778, 0.4496514732123697011 ) ) ;
#1689 = FILL_AREA_STYLE_COLOUR ( '', #2402 ) ;
#1690 =( NAMED_UNIT ( * ) SI_UNIT ( $, .STERADIAN. ) SOLID_ANGLE_UNIT ( ) );
#1691 = ORIENTED_EDGE ( 'NONE', *, *, #8575, .T. ) ;
#1692 =( LENGTH_UNIT ( ) NAMED_UNIT ( * ) SI_UNIT ( .MILLI., .METRE. ) );
#1693 = ORIENTED_EDGE ( 'NONE', *, *, #6327, .F. ) ;
#1694 = DIRECTION ( 'NONE',  ( -0.5048830486499209513, 0.0000000000000000000, 0.8631877589412175755 ) ) ;
#1695 = CARTESIAN_POINT ( 'NONE',  ( -0.4171484161428734017, -0.6099999999999999867, 0.4264856668368887105 ) ) ;
#1696 = CARTESIAN_POINT ( 'NONE',  ( -0.2958918479416860481, -0.6099999999999999867, 0.4264856668368887105 ) ) ;
#1697 = SURFACE_STYLE_USAGE ( .BOTH. , #8169 ) ;
#1698 = PRESENTATION_LAYER_ASSIGNMENT (  '', '', ( #8790 ) ) ;
#1699 = LINE ( 'NONE', #5338, #10051 ) ;
#1700 =( NAMED_UNIT ( * ) SI_UNIT ( $, .STERADIAN. ) SOLID_ANGLE_UNIT ( ) );
#1701 = SURFACE_STYLE_USAGE ( .BOTH. , #6247 ) ;
#1702 = VERTEX_POINT ( 'NONE', #766 ) ;
#1703 =( GEOMETRIC_REPRESENTATION_CONTEXT ( 3 ) GLOBAL_UNCERTAINTY_ASSIGNED_CONTEXT ( ( #10808 ) ) GLOBAL_UNIT_ASSIGNED_CONTEXT ( ( #3021, #11067, #4638 ) ) REPRESENTATION_CONTEXT ( 'NONE', 'WORKASPACE' ) );
#1704 = CARTESIAN_POINT ( 'NONE',  ( -0.4061789701256164342, -0.6099999999999999867, 0.3955840615639528712 ) ) ;
#1705 = ORIENTED_EDGE ( 'NONE', *, *, #2635, .T. ) ;
#1706 = MECHANICAL_DESIGN_GEOMETRIC_PRESENTATION_REPRESENTATION (  '', ( #9160 ), #7467 ) ;
#1707 = CARTESIAN_POINT ( 'NONE',  ( -0.4061789701256164342, -0.6099999999999999867, 0.3955840615639528712 ) ) ;
#1708 = SURFACE_STYLE_USAGE ( .BOTH. , #9880 ) ;
#1709 = EDGE_CURVE ( 'NONE', #9228, #9395, #6304, .T. ) ;
#1710 = ORIENTED_EDGE ( 'NONE', *, *, #10597, .T. ) ;
#1711 = PRESENTATION_LAYER_ASSIGNMENT (  '', '', ( #10086 ) ) ;
#1712 = EDGE_CURVE ( 'NONE', #10830, #6239, #9443, .T. ) ;
#1713 = CARTESIAN_POINT ( 'NONE',  ( -0.5133454721622960903, -0.5999999999999999778, 0.4484251028395369598 ) ) ;
#1714 = SURFACE_SIDE_STYLE ('',( #11685 ) ) ;
#1715 = CARTESIAN_POINT ( 'NONE',  ( -0.2689101300135118278, -0.6099999999999999867, 0.4210997208304051442 ) ) ;
#1716 = ORIENTED_EDGE ( 'NONE', *, *, #3872, .T. ) ;
#1717 = CARTESIAN_POINT ( 'NONE',  ( -0.5934531581024645730, -0.5999999999999999778, 0.3839340662063335796 ) ) ;
#1718 = ORIENTED_EDGE ( 'NONE', *, *, #5137, .F. ) ;
#1719 = FILL_AREA_STYLE ('',( #1845 ) ) ;
#1720 = SURFACE_STYLE_USAGE ( .BOTH. , #8068 ) ;
#1721 =( GEOMETRIC_REPRESENTATION_CONTEXT ( 3 ) GLOBAL_UNCERTAINTY_ASSIGNED_CONTEXT ( ( #5277 ) ) GLOBAL_UNIT_ASSIGNED_CONTEXT ( ( #3480, #1545, #8119 ) ) REPRESENTATION_CONTEXT ( 'NONE', 'WORKASPACE' ) );
#1722 = MECHANICAL_DESIGN_GEOMETRIC_PRESENTATION_REPRESENTATION (  '', ( #8812 ), #10667 ) ;
#1723 = VERTEX_POINT ( 'NONE', #11455 ) ;
#1724 = PRESENTATION_STYLE_ASSIGNMENT (( #1675 ) ) ;
#1725 = CARTESIAN_POINT ( 'NONE',  ( -0.5032235509361765446, -0.6099999999999999867, 0.4727176862018156456 ) ) ;
#1726 = CARTESIAN_POINT ( 'NONE',  ( -0.3235806012532589926, -0.5999999999999999778, 0.4592172460423974978 ) ) ;
#1727 = CARTESIAN_POINT ( 'NONE',  ( -0.6999999999999999556, 0.5999999999999999778, 0.0000000000000000000 ) ) ;
#1728 = CARTESIAN_POINT ( 'NONE',  ( -0.3207212669835971530, -0.6099999999999999867, 0.4799500188939741507 ) ) ;
#1729 =( LENGTH_UNIT ( ) NAMED_UNIT ( * ) SI_UNIT ( .MILLI., .METRE. ) );
#1730 = ADVANCED_FACE ( 'NONE', ( #8361 ), #932, .T. ) ;
#1731 = COLOUR_RGB ( '',1.000000000000000000, 1.000000000000000000, 1.000000000000000000 ) ;
#1732 = ORIENTED_EDGE ( 'NONE', *, *, #1227, .F. ) ;
#1733 = CARTESIAN_POINT ( 'NONE',  ( -0.6437735132930798576, -0.5999999999999999778, 0.4001291401679580306 ) ) ;
#1734 = SURFACE_SIDE_STYLE ('',( #8199 ) ) ;
#1735 = VERTEX_POINT ( 'NONE', #8772 ) ;
#1736 = SURFACE_STYLE_FILL_AREA ( #11637 ) ;
#1737 = CARTESIAN_POINT ( 'NONE',  ( -0.2727572343039361691, -0.6099999999999999867, 0.4179804470814046935 ) ) ;
#1738 = SURFACE_STYLE_FILL_AREA ( #857 ) ;
#1739 = CARTESIAN_POINT ( 'NONE',  ( -0.3950327652627852459, -0.5999999999999999778, 0.4543303838357317104 ) ) ;
#1740 =( NAMED_UNIT ( * ) PLANE_ANGLE_UNIT ( ) SI_UNIT ( $, .RADIAN. ) );
#1741 =( NAMED_UNIT ( * ) SI_UNIT ( $, .STERADIAN. ) SOLID_ANGLE_UNIT ( ) );
#1742 = CARTESIAN_POINT ( 'NONE',  ( -0.3762339421357098201, -0.5999999999999999778, 0.3851240969258026281 ) ) ;
#1743 =( GEOMETRIC_REPRESENTATION_CONTEXT ( 3 ) GLOBAL_UNCERTAINTY_ASSIGNED_CONTEXT ( ( #9640 ) ) GLOBAL_UNIT_ASSIGNED_CONTEXT ( ( #4206, #3414, #1589 ) ) REPRESENTATION_CONTEXT ( 'NONE', 'WORKASPACE' ) );
#1744 = CARTESIAN_POINT ( 'NONE',  ( -0.2697835266633317741, -0.6099999999999999867, 0.4154226426071312428 ) ) ;
#1745 = EDGE_CURVE ( 'NONE', #1944, #10675, #11602, .T. ) ;
#1746 = ORIENTED_EDGE ( 'NONE', *, *, #7380, .F. ) ;
#1747 = EDGE_CURVE ( 'NONE', #2015, #4868, #5218, .T. ) ;
#1748 = CARTESIAN_POINT ( 'NONE',  ( 0.6999999999999999556, 0.5999999999999999778, -0.05000000000000000278 ) ) ;
#1749 = DIRECTION ( 'NONE',  ( -0.0000000000000000000, -0.0000000000000000000, -1.000000000000000000 ) ) ;
#1750 = CARTESIAN_POINT ( 'NONE',  ( -0.3880040017484512882, -0.5999999999999999778, 0.4045051844857675549 ) ) ;
#1751 = DIRECTION ( 'NONE',  ( 1.000000000000000000, 0.0000000000000000000, 0.0000000000000000000 ) ) ;
#1752 = CARTESIAN_POINT ( 'NONE',  ( -0.5338784855714885369, -0.6099999999999999867, 0.3995507320614484215 ) ) ;
#1753 = CARTESIAN_POINT ( 'NONE',  ( -0.3758180389692417633, -0.6099999999999999867, 0.4074788921266491726 ) ) ;
#1754 =( LENGTH_UNIT ( ) NAMED_UNIT ( * ) SI_UNIT ( .MILLI., .METRE. ) );
#1755 = COLOUR_RGB ( '',1.000000000000000000, 1.000000000000000000, 1.000000000000000000 ) ;
#1756 = PRESENTATION_STYLE_ASSIGNMENT (( #2668 ) ) ;
#1757 = SURFACE_SIDE_STYLE ('',( #11558 ) ) ;
#1758 =( NAMED_UNIT ( * ) SI_UNIT ( $, .STERADIAN. ) SOLID_ANGLE_UNIT ( ) );
#1759 = EDGE_LOOP ( 'NONE', ( #8173, #6555, #712, #336 ) ) ;
#1760 = ADVANCED_FACE ( 'NONE', ( #2551 ), #9630, .F. ) ;
#1761 = B_SPLINE_CURVE_WITH_KNOTS ( 'NONE', 3,
 ( #10776, #2640, #6332, #9895 ),
 .UNSPECIFIED., .F., .F.,
 ( 4, 4 ),
 ( 35.00000000000000000, 36.00000000000000000 ),
 .UNSPECIFIED. ) ;
#1762 = SURFACE_STYLE_USAGE ( .BOTH. , #9920 ) ;
#1763 = CARTESIAN_POINT ( 'NONE',  ( -0.4380995381566284985, -0.6099999999999999867, 0.3858103371506220181 ) ) ;
#1764 = DIRECTION ( 'NONE',  ( 0.9306703226357521119, 0.0000000000000000000, 0.3658589216693576840 ) ) ;
#1765 = CARTESIAN_POINT ( 'NONE',  ( -0.2937499466342964882, -0.6099999999999999867, 0.4836307619177003803 ) ) ;
#1766 = ORIENTED_EDGE ( 'NONE', *, *, #201, .F. ) ;
#1767 = CARTESIAN_POINT ( 'NONE',  ( -0.4057214766425416563, -0.5999999999999999778, 0.3968109759051963170 ) ) ;
#1768 = FACE_OUTER_BOUND ( 'NONE', #8789, .T. ) ;
#1769 = DIRECTION ( 'NONE',  ( 0.0000000000000000000, -1.000000000000000000, 0.0000000000000000000 ) ) ;
#1770 =( GEOMETRIC_REPRESENTATION_CONTEXT ( 3 ) GLOBAL_UNCERTAINTY_ASSIGNED_CONTEXT ( ( #5772 ) ) GLOBAL_UNIT_ASSIGNED_CONTEXT ( ( #5756, #11142, #10981 ) ) REPRESENTATION_CONTEXT ( 'NONE', 'WORKASPACE' ) );
#1771 = ORIENTED_EDGE ( 'NONE', *, *, #8375, .T. ) ;
#1772 = B_SPLINE_SURFACE_WITH_KNOTS ( 'NONE', 3, 1, ( 
 ( #10542, #1609 ),
 ( #5190, #11528 ),
 ( #608, #4275 ),
 ( #11580, #5364 ) ),
 .UNSPECIFIED., .F., .F., .F.,
 ( 4, 4 ),
 ( 2, 2 ),
 ( 1.000000000000000000, 2.000000000000000000 ),
 ( 0.0000000000000000000, 1.000000000000000000 ),
 .UNSPECIFIED. ) ;
#1773 = CARTESIAN_POINT ( 'NONE',  ( -0.3305053889760790065, -0.6099999999999999867, 0.4549750337439453785 ) ) ;
#1774 = ORIENTED_EDGE ( 'NONE', *, *, #10080, .F. ) ;
#1775 = UNCERTAINTY_MEASURE_WITH_UNIT (LENGTH_MEASURE( 1.000000000000000082E-05 ), #852, 'distance_accuracy_value', 'NONE');
#1776 = EDGE_CURVE ( 'NONE', #4188, #1944, #4248, .T. ) ;
#1777 = SURFACE_STYLE_USAGE ( .BOTH. , #2627 ) ;
#1778 = DIRECTION ( 'NONE',  ( -0.0000000000000000000, -0.0000000000000000000, -1.000000000000000000 ) ) ;
#1779 = CARTESIAN_POINT ( 'NONE',  ( -0.3930988155384208538, -0.5999999999999999778, 0.3903020913489827493 ) ) ;
#1780 = ORIENTED_EDGE ( 'NONE', *, *, #5994, .T. ) ;
#1781 =( LENGTH_UNIT ( ) NAMED_UNIT ( * ) SI_UNIT ( .MILLI., .METRE. ) );
#1782 =( NAMED_UNIT ( * ) PLANE_ANGLE_UNIT ( ) SI_UNIT ( $, .RADIAN. ) );
#1783 =( LENGTH_UNIT ( ) NAMED_UNIT ( * ) SI_UNIT ( .MILLI., .METRE. ) );
#1784 = EDGE_CURVE ( 'NONE', #3771, #7304, #3337, .T. ) ;
#1785 = ADVANCED_FACE ( 'NONE', ( #10637, #7226, #8095, #11657, #4471, #10798, #2665, #6347, #3568, #9914, #5389, #8987, #809, #6775 ), #3946, .F. ) ;
#1786 = STYLED_ITEM ( 'NONE', ( #5893 ), #10728 ) ;
#1787 = ORIENTED_EDGE ( 'NONE', *, *, #7380, .T. ) ;
#1788 = VECTOR ( 'NONE', #8734, 1000.000000000000000 ) ;
#1789 = UNCERTAINTY_MEASURE_WITH_UNIT (LENGTH_MEASURE( 1.000000000000000082E-05 ), #2438, 'distance_accuracy_value', 'NONE');
#1790 = CARTESIAN_POINT ( 'NONE',  ( -0.3056551747761435678, -0.5999999999999999778, 0.4041308716360421660 ) ) ;
#1791 = CARTESIAN_POINT ( 'NONE',  ( -0.2508079446905467358, -0.5999999999999999778, 0.3969357468550108181 ) ) ;
#1792 = ORIENTED_EDGE ( 'NONE', *, *, #11422, .T. ) ;
#1793 =( GEOMETRIC_REPRESENTATION_CONTEXT ( 3 ) GLOBAL_UNCERTAINTY_ASSIGNED_CONTEXT ( ( #11 ) ) GLOBAL_UNIT_ASSIGNED_CONTEXT ( ( #2614, #3582, #9050 ) ) REPRESENTATION_CONTEXT ( 'NONE', 'WORKASPACE' ) );
#1794 = VERTEX_POINT ( 'NONE', #4071 ) ;
#1795 = AXIS2_PLACEMENT_3D ( 'NONE', #7647, #11209, #3103 ) ;
#1796 = CARTESIAN_POINT ( 'NONE',  ( -0.3588283946165762295, -0.6099999999999999867, 0.4148611733324051309 ) ) ;
#1797 = CARTESIAN_POINT ( 'NONE',  ( -0.3202013880251991518, -0.6099999999999999867, 0.4041308716360421660 ) ) ;
#1798 =( NAMED_UNIT ( * ) PLANE_ANGLE_UNIT ( ) SI_UNIT ( $, .RADIAN. ) );
#1799 = VECTOR ( 'NONE', #2838, 1000.000000000000000 ) ;
#1800 = COLOUR_RGB ( '',1.000000000000000000, 1.000000000000000000, 1.000000000000000000 ) ;
#1801 = VECTOR ( 'NONE', #641, 1000.000000000000000 ) ;
#1802 =( NAMED_UNIT ( * ) PLANE_ANGLE_UNIT ( ) SI_UNIT ( $, .RADIAN. ) );
#1803 = PRESENTATION_STYLE_ASSIGNMENT (( #6729 ) ) ;
#1804 = DIRECTION ( 'NONE',  ( -0.0000000000000000000, -0.0000000000000000000, -1.000000000000000000 ) ) ;
#1805 = ORIENTED_EDGE ( 'NONE', *, *, #10226, .T. ) ;
#1806 = CARTESIAN_POINT ( 'NONE',  ( -0.6024182741471565405, -0.5999999999999999778, 0.4779232405677047990 ) ) ;
#1807 = FILL_AREA_STYLE ('',( #10732 ) ) ;
#1808 = SURFACE_SIDE_STYLE ('',( #6173 ) ) ;
#1809 = ORIENTED_EDGE ( 'NONE', *, *, #11183, .F. ) ;
#1810 = CARTESIAN_POINT ( 'NONE',  ( -0.3354338414996271833, -0.6099999999999999867, 0.4863341325000935522 ) ) ;
#1811 = STYLED_ITEM ( 'NONE', ( #10625 ), #11375 ) ;
#1812 = CARTESIAN_POINT ( 'NONE',  ( -0.3786669756598916026, -0.5999999999999999778, 0.4011571639954377710 ) ) ;
#1813 = FILL_AREA_STYLE_COLOUR ( '', #8315 ) ;
#1814 = VECTOR ( 'NONE', #6541, 1000.000000000000000 ) ;
#1815 = MECHANICAL_DESIGN_GEOMETRIC_PRESENTATION_REPRESENTATION (  '', ( #1236 ), #1446 ) ;
#1816 = EDGE_CURVE ( 'NONE', #7426, #1950, #2332, .T. ) ;
#1817 = COLOUR_RGB ( '',1.000000000000000000, 1.000000000000000000, 1.000000000000000000 ) ;
#1818 = FILL_AREA_STYLE_COLOUR ( '', #4475 ) ;
#1819 = CARTESIAN_POINT ( 'NONE',  ( -0.3957917885416629700, -0.6099999999999999867, 0.4496514732123697011 ) ) ;
#1820 = B_SPLINE_CURVE_WITH_KNOTS ( 'NONE', 3,
 ( #6525, #10096, #4721, #1941 ),
 .UNSPECIFIED., .F., .F.,
 ( 4, 4 ),
 ( 1.000000000000000000, 2.000000000000000000 ),
 .UNSPECIFIED. ) ;
#1821 = COLOUR_RGB ( '',1.000000000000000000, 1.000000000000000000, 1.000000000000000000 ) ;
#1822 = CARTESIAN_POINT ( 'NONE',  ( -0.4149857196769028977, -0.6099999999999999867, 0.4699059574221539637 ) ) ;
#1823 = ORIENTED_EDGE ( 'NONE', *, *, #8145, .F. ) ;
#1824 = DIRECTION ( 'NONE',  ( -0.0000000000000000000, 1.000000000000000000, -0.0000000000000000000 ) ) ;
#1825 = CARTESIAN_POINT ( 'NONE',  ( -0.4113465669697827787, -0.5999999999999999778, 0.3935877263646810342 ) ) ;
#1826 = FILL_AREA_STYLE ('',( #9046 ) ) ;
#1827 =( NAMED_UNIT ( * ) PLANE_ANGLE_UNIT ( ) SI_UNIT ( $, .RADIAN. ) );
#1828 = FILL_AREA_STYLE_COLOUR ( '', #4531 ) ;
#1829 = ORIENTED_EDGE ( 'NONE', *, *, #5012, .F. ) ;
#1830 = DIRECTION ( 'NONE',  ( -0.3559357243698748618, 0.0000000000000000000, 0.9345104387417469960 ) ) ;
#1831 = CARTESIAN_POINT ( 'NONE',  ( -0.3680198545968793589, -0.6099999999999999867, 0.3959791695719803162 ) ) ;
#1832 = VECTOR ( 'NONE', #6898, 1000.000000000000000 ) ;
#1833 = SURFACE_STYLE_FILL_AREA ( #4546 ) ;
#1834 = EDGE_CURVE ( 'NONE', #9266, #659, #4773, .T. ) ;
#1835 = ADVANCED_FACE ( 'NONE', ( #8666 ), #6901, .F. ) ;
#1836 = ORIENTED_EDGE ( 'NONE', *, *, #3475, .T. ) ;
#1837 = COLOUR_RGB ( '',1.000000000000000000, 1.000000000000000000, 1.000000000000000000 ) ;
#1838 = CARTESIAN_POINT ( 'NONE',  ( -0.3810688164466189964, -0.6099999999999999867, 0.4070213986434373377 ) ) ;
#1839 = VERTEX_POINT ( 'NONE', #4311 ) ;
#1840 = FILL_AREA_STYLE_COLOUR ( '', #8125 ) ;
#1841 = CARTESIAN_POINT ( 'NONE',  ( -0.4028205520559953179, -0.6099999999999999867, 0.4557652497602775465 ) ) ;
#1842 = CARTESIAN_POINT ( 'NONE',  ( -0.3449164336961677013, -0.6099999999999999867, 0.3906348138821028604 ) ) ;
#1843 = DIRECTION ( 'NONE',  ( 0.0000000000000000000, 0.0000000000000000000, -1.000000000000000000 ) ) ;
#1844 = ORIENTED_EDGE ( 'NONE', *, *, #199, .T. ) ;
#1845 = FILL_AREA_STYLE_COLOUR ( '', #7313 ) ;
#1846 =( GEOMETRIC_REPRESENTATION_CONTEXT ( 3 ) GLOBAL_UNCERTAINTY_ASSIGNED_CONTEXT ( ( #5885 ) ) GLOBAL_UNIT_ASSIGNED_CONTEXT ( ( #2005, #2849, #5636 ) ) REPRESENTATION_CONTEXT ( 'NONE', 'WORKASPACE' ) );
#1847 = CARTESIAN_POINT ( 'NONE',  ( -0.3985783397574051978, -0.5999999999999999778, 0.3893039237493470806 ) ) ;
#1848 = B_SPLINE_CURVE_WITH_KNOTS ( 'NONE', 3,
 ( #1012, #7383, #2939, #6506 ),
 .UNSPECIFIED., .F., .F.,
 ( 4, 4 ),
 ( 14.00000000000000000, 15.00000000000000000 ),
 .UNSPECIFIED. ) ;
#1849 = CARTESIAN_POINT ( 'NONE',  ( -0.3697562503170909731, -0.5999999999999999778, 0.4155266183989210771 ) ) ;
#1850 = EDGE_CURVE ( 'NONE', #209, #540, #1584, .T. ) ;
#1851 = COLOUR_RGB ( '',1.000000000000000000, 1.000000000000000000, 1.000000000000000000 ) ;
#1852 = ORIENTED_EDGE ( 'NONE', *, *, #7887, .T. ) ;
#1853 =( NAMED_UNIT ( * ) PLANE_ANGLE_UNIT ( ) SI_UNIT ( $, .RADIAN. ) );
#1854 = MECHANICAL_DESIGN_GEOMETRIC_PRESENTATION_REPRESENTATION (  '', ( #2618 ), #2451 ) ;
#1855 =( NAMED_UNIT ( * ) SI_UNIT ( $, .STERADIAN. ) SOLID_ANGLE_UNIT ( ) );
#1856 = SURFACE_STYLE_FILL_AREA ( #10253 ) ;
#1857 = EDGE_LOOP ( 'NONE', ( #5883, #2686, #1787, #9866 ) ) ;
#1858 = MECHANICAL_DESIGN_GEOMETRIC_PRESENTATION_REPRESENTATION (  '', ( #713 ), #9101 ) ;
#1859 = FILL_AREA_STYLE_COLOUR ( '', #1837 ) ;
#1860 = DIRECTION ( 'NONE',  ( -0.0000000000000000000, 1.000000000000000000, -0.0000000000000000000 ) ) ;
#1861 = ORIENTED_EDGE ( 'NONE', *, *, #3882, .F. ) ;
#1862 = FACE_OUTER_BOUND ( 'NONE', #5814, .T. ) ;
#1863 = PRESENTATION_LAYER_ASSIGNMENT (  '', '', ( #6490 ) ) ;
#1864 = PRESENTATION_STYLE_ASSIGNMENT (( #9022 ) ) ;
#1865 = CARTESIAN_POINT ( 'NONE',  ( -0.2239198049744566543, -0.5999999999999999778, 0.3858103371506220181 ) ) ;
#1866 = DIRECTION ( 'NONE',  ( 1.000000000000000000, 0.0000000000000000000, 0.0000000000000000000 ) ) ;
#1867 = MECHANICAL_DESIGN_GEOMETRIC_PRESENTATION_REPRESENTATION (  '', ( #5538 ), #7974 ) ;
#1868 = MECHANICAL_DESIGN_GEOMETRIC_PRESENTATION_REPRESENTATION (  '', ( #5349 ), #9485 ) ;
#1869 = SURFACE_SIDE_STYLE ('',( #1129 ) ) ;
#1870 = SURFACE_SIDE_STYLE ('',( #2054 ) ) ;
#1871 = EDGE_CURVE ( 'NONE', #11613, #10830, #10688, .T. ) ;
#1872 = ORIENTED_EDGE ( 'NONE', *, *, #11071, .F. ) ;
#1873 = PRESENTATION_LAYER_ASSIGNMENT (  '', '', ( #6503 ) ) ;
#1874 = FILL_AREA_STYLE_COLOUR ( '', #4909 ) ;
#1875 = CARTESIAN_POINT ( 'NONE',  ( -0.4097661349369801642, -0.6099999999999999867, 0.4552037804855516567 ) ) ;
#1876 = EDGE_LOOP ( 'NONE', ( #3012, #728, #11220, #2017 ) ) ;
#1877 =( NAMED_UNIT ( * ) SI_UNIT ( $, .STERADIAN. ) SOLID_ANGLE_UNIT ( ) );
#1878 = VECTOR ( 'NONE', #5672, 1000.000000000000114 ) ;
#1879 = CARTESIAN_POINT ( 'NONE',  ( -0.3697562503170909731, -0.5999999999999999778, 0.4155266183989210771 ) ) ;
#1880 = VECTOR ( 'NONE', #9321, 1000.000000000000227 ) ;
#1881 =( NAMED_UNIT ( * ) PLANE_ANGLE_UNIT ( ) SI_UNIT ( $, .RADIAN. ) );
#1882 = CARTESIAN_POINT ( 'NONE',  ( -0.3017456850108105049, -0.6099999999999999867, 0.4614631231418551693 ) ) ;
#1883 = PLANE ( 'NONE',  #6461 ) ;
#1884 = ORIENTED_EDGE ( 'NONE', *, *, #61, .F. ) ;
#1885 = SURFACE_STYLE_FILL_AREA ( #6476 ) ;
#1886 = FACE_OUTER_BOUND ( 'NONE', #4023, .T. ) ;
#1887 = DIRECTION ( 'NONE',  ( 1.000000000000000000, 0.0000000000000000000, -0.0000000000000000000 ) ) ;
#1888 = ADVANCED_FACE ( 'NONE', ( #7073 ), #8943, .F. ) ;
#1889 = CARTESIAN_POINT ( 'NONE',  ( -0.4039226954472839859, -0.6099999999999999867, 0.3985577692045572662 ) ) ;
#1890 = CARTESIAN_POINT ( 'NONE',  ( -0.2933340434676897091, -0.6099999999999999867, 0.4858142535419729957 ) ) ;
#1891 = VERTEX_POINT ( 'NONE', #8291 ) ;
#1892 =( NAMED_UNIT ( * ) PLANE_ANGLE_UNIT ( ) SI_UNIT ( $, .RADIAN. ) );
#1893 = ORIENTED_EDGE ( 'NONE', *, *, #1902, .T. ) ;
#1894 = LINE ( 'NONE', #5646, #3209 ) ;
#1895 = CARTESIAN_POINT ( 'NONE',  ( -0.2450268906757579468, -0.6099999999999999867, 0.4264856668368887105 ) ) ;
#1896 = ORIENTED_EDGE ( 'NONE', *, *, #1850, .T. ) ;
#1897 = UNCERTAINTY_MEASURE_WITH_UNIT (LENGTH_MEASURE( 1.000000000000000082E-05 ), #3107, 'distance_accuracy_value', 'NONE');
#1898 = PRESENTATION_STYLE_ASSIGNMENT (( #2802 ) ) ;
#1899 = DIRECTION ( 'NONE',  ( -1.000000000000000000, 0.0000000000000000000, 0.0000000000000000000 ) ) ;
#1900 = ADVANCED_FACE ( 'NONE', ( #2726 ), #5251, .F. ) ;
#1901 =( GEOMETRIC_REPRESENTATION_CONTEXT ( 3 ) GLOBAL_UNCERTAINTY_ASSIGNED_CONTEXT ( ( #8947 ) ) GLOBAL_UNIT_ASSIGNED_CONTEXT ( ( #6782, #296, #6600 ) ) REPRESENTATION_CONTEXT ( 'NONE', 'WORKASPACE' ) );
#1902 = EDGE_CURVE ( 'NONE', #3271, #7623, #2182, .T. ) ;
#1903 = FACE_OUTER_BOUND ( 'NONE', #6757, .T. ) ;
#1904 = ORIENTED_EDGE ( 'NONE', *, *, #6603, .T. ) ;
#1905 =( NAMED_UNIT ( * ) SI_UNIT ( $, .STERADIAN. ) SOLID_ANGLE_UNIT ( ) );
#1906 = CARTESIAN_POINT ( 'NONE',  ( -0.3915079859264672391, -0.6099999999999999867, 0.4155266183989210771 ) ) ;
#1907 = CARTESIAN_POINT ( 'NONE',  ( -0.3785006143933314915, -0.6099999999999999867, 0.3902189107157722492 ) ) ;
#1908 = PRESENTATION_LAYER_ASSIGNMENT (  '', '', ( #5580 ) ) ;
#1909 = VERTEX_POINT ( 'NONE', #1210 ) ;
#1910 = MECHANICAL_DESIGN_GEOMETRIC_PRESENTATION_REPRESENTATION (  '', ( #207 ), #11016 ) ;
#1911 = SURFACE_STYLE_FILL_AREA ( #5718 ) ;
#1912 = UNCERTAINTY_MEASURE_WITH_UNIT (LENGTH_MEASURE( 1.000000000000000082E-05 ), #3246, 'distance_accuracy_value', 'NONE');
#1913 = DIRECTION ( 'NONE',  ( 1.000000000000000000, 0.0000000000000000000, -0.0000000000000000000 ) ) ;
#1914 = LINE ( 'NONE', #6388, #11329 ) ;
#1915 = ORIENTED_EDGE ( 'NONE', *, *, #5227, .T. ) ;
#1916 = EDGE_CURVE ( 'NONE', #8752, #2240, #10634, .T. ) ;
#1917 = CARTESIAN_POINT ( 'NONE',  ( -0.4714118442155996735, -0.6099999999999999867, 0.4261569092382920254 ) ) ;
#1918 = FILL_AREA_STYLE ('',( #5610 ) ) ;
#1919 = ORIENTED_EDGE ( 'NONE', *, *, #745, .T. ) ;
#1920 = SURFACE_SIDE_STYLE ('',( #198 ) ) ;
#1921 = COLOUR_RGB ( '',1.000000000000000000, 1.000000000000000000, 1.000000000000000000 ) ;
#1922 =( GEOMETRIC_REPRESENTATION_CONTEXT ( 3 ) GLOBAL_UNCERTAINTY_ASSIGNED_CONTEXT ( ( #6154 ) ) GLOBAL_UNIT_ASSIGNED_CONTEXT ( ( #9548, #309, #547 ) ) REPRESENTATION_CONTEXT ( 'NONE', 'WORKASPACE' ) );
#1923 = CARTESIAN_POINT ( 'NONE',  ( -0.2627755583070236489, -0.5999999999999999778, 0.4126984768664346825 ) ) ;
#1924 = VECTOR ( 'NONE', #2926, 1000.000000000000000 ) ;
#1925 = CARTESIAN_POINT ( 'NONE',  ( -0.3056551747761435678, -0.6099999999999999867, 0.4041308716360421660 ) ) ;
#1926 = LINE ( 'NONE', #6624, #10041 ) ;
#1927 = CARTESIAN_POINT ( 'NONE',  ( -0.3667097596222881339, -0.6099999999999999867, 0.3905932235654975826 ) ) ;
#1928 = CARTESIAN_POINT ( 'NONE',  ( -0.4380995381566284985, -0.6099999999999999867, 0.4503377134371886470 ) ) ;
#1929 = ORIENTED_EDGE ( 'NONE', *, *, #2369, .F. ) ;
#1930 = DIRECTION ( 'NONE',  ( -0.0000000000000000000, 1.000000000000000000, -0.0000000000000000000 ) ) ;
#1931 = FILL_AREA_STYLE_COLOUR ( '', #6825 ) ;
#1932 = SURFACE_STYLE_USAGE ( .BOTH. , #98 ) ;
#1933 = CARTESIAN_POINT ( 'NONE',  ( -0.3441574104172900328, -0.6099999999999999867, 0.3929846667730740317 ) ) ;
#1934 = CARTESIAN_POINT ( 'NONE',  ( -0.3765666646689684871, -0.6099999999999999867, 0.3998678641790113231 ) ) ;
#1935 = CARTESIAN_POINT ( 'NONE',  ( -0.3356417930826539053, -0.5999999999999999778, 0.4503377134371886470 ) ) ;
#1936 = CARTESIAN_POINT ( 'NONE',  ( -0.4328487606792498221, -0.5999999999999999778, 0.3904476574573795822 ) ) ;
#1937 = EDGE_CURVE ( 'NONE', #1681, #10955, #6223, .T. ) ;
#1938 = ADVANCED_FACE ( 'NONE', ( #5148 ), #1637, .F. ) ;
#1939 = FILL_AREA_STYLE_COLOUR ( '', #5076 ) ;
#1940 = CARTESIAN_POINT ( 'NONE',  ( -0.6559198049743579784, -0.6099999999999999867, 0.4316516538674262105 ) ) ;
#1941 = CARTESIAN_POINT ( 'NONE',  ( -0.2932092725178738757, -0.5999999999999999778, 0.4858142535419729957 ) ) ;
#1942 = CARTESIAN_POINT ( 'NONE',  ( -0.3875049179486341200, -0.6099999999999999867, 0.4552453708021569345 ) ) ;
#1943 = CARTESIAN_POINT ( 'NONE',  ( -0.6423275178485461367, -0.6099999999999999867, 0.4646201574951478452 ) ) ;
#1944 = VERTEX_POINT ( 'NONE', #4352 ) ;
#1945 = CARTESIAN_POINT ( 'NONE',  ( -0.2239198049744566543, -0.5999999999999999778, 0.3858103371506220181 ) ) ;
#1946 = CARTESIAN_POINT ( 'NONE',  ( -0.3035756589433836750, -0.6099999999999999867, 0.3858103371506220181 ) ) ;
#1947 =( NAMED_UNIT ( * ) PLANE_ANGLE_UNIT ( ) SI_UNIT ( $, .RADIAN. ) );
#1948 = DIRECTION ( 'NONE',  ( 1.000000000000000000, -0.0000000000000000000, -0.0000000000000000000 ) ) ;
#1949 = PRESENTATION_STYLE_ASSIGNMENT (( #10276 ) ) ;
#1950 = VERTEX_POINT ( 'NONE', #630 ) ;
#1951 = DIRECTION ( 'NONE',  ( -0.0000000000000000000, 1.000000000000000000, -0.0000000000000000000 ) ) ;
#1952 =( LENGTH_UNIT ( ) NAMED_UNIT ( * ) SI_UNIT ( .MILLI., .METRE. ) );
#1953 = B_SPLINE_CURVE_WITH_KNOTS ( 'NONE', 3,
 ( #368, #46, #2103, #4578 ),
 .UNSPECIFIED., .F., .F.,
 ( 4, 4 ),
 ( 3.000000000000000000, 4.000000000000000000 ),
 .UNSPECIFIED. ) ;
#1954 = ORIENTED_EDGE ( 'NONE', *, *, #3074, .T. ) ;
#1955 = ADVANCED_FACE ( 'NONE', ( #8935 ), #6995, .F. ) ;
#1956 = SURFACE_SIDE_STYLE ('',( #2799 ) ) ;
#1957 = ORIENTED_EDGE ( 'NONE', *, *, #8268, .F. ) ;
#1958 = DIRECTION ( 'NONE',  ( 0.0000000000000000000, -0.0000000000000000000, 1.000000000000000000 ) ) ;
#1959 = CARTESIAN_POINT ( 'NONE',  ( -0.6374111702943295876, -0.5999999999999999778, 0.3931883973362879092 ) ) ;
#1960 =( NAMED_UNIT ( * ) PLANE_ANGLE_UNIT ( ) SI_UNIT ( $, .RADIAN. ) );
#1961 = ORIENTED_EDGE ( 'NONE', *, *, #10641, .F. ) ;
#1962 = DIRECTION ( 'NONE',  ( -0.0000000000000000000, 0.0000000000000000000, 1.000000000000000000 ) ) ;
#1963 = SURFACE_SIDE_STYLE ('',( #2867 ) ) ;
#1964 = CARTESIAN_POINT ( 'NONE',  ( -0.3202013880251991518, -0.6099999999999999867, 0.3904476574573795822 ) ) ;
#1965 = CARTESIAN_POINT ( 'NONE',  ( -0.2758193213673619248, -0.6099999999999999867, 0.4251417797299862911 ) ) ;
#1966 = ORIENTED_EDGE ( 'NONE', *, *, #2167, .F. ) ;
#1967 = EDGE_CURVE ( 'NONE', #1430, #3257, #6123, .T. ) ;
#1968 = EDGE_CURVE ( 'NONE', #1633, #4082, #9153, .T. ) ;
#1969 = CARTESIAN_POINT ( 'NONE',  ( -0.2605192836289691449, -0.5999999999999999778, 0.3858103371506220181 ) ) ;
#1970 = FILL_AREA_STYLE ('',( #6507 ) ) ;
#1971 = ORIENTED_EDGE ( 'NONE', *, *, #2816, .T. ) ;
#1972 = CARTESIAN_POINT ( 'NONE',  ( -0.3796235529429223265, -0.5999999999999999778, 0.4024256686532850513 ) ) ;
#1973 = CARTESIAN_POINT ( 'NONE',  ( -0.3667097596222881339, -0.6099999999999999867, 0.3932134135146798104 ) ) ;
#1974 = CARTESIAN_POINT ( 'NONE',  ( -0.5237565864095233836, -0.6099999999999999867, 0.4033103075305376484 ) ) ;
#1975 = B_SPLINE_SURFACE_WITH_KNOTS ( 'NONE', 3, 1, ( 
 ( #7418, #7521 ),
 ( #4907, #2972 ),
 ( #6646, #10209 ),
 ( #10985, #2080 ) ),
 .UNSPECIFIED., .F., .F., .F.,
 ( 4, 4 ),
 ( 2, 2 ),
 ( 17.00000000000000000, 18.00000000000000000 ),
 ( 0.0000000000000000000, 1.000000000000000000 ),
 .UNSPECIFIED. ) ;
#1976 = EDGE_LOOP ( 'NONE', ( #388, #2619, #8449, #8391 ) ) ;
#1977 = CARTESIAN_POINT ( 'NONE',  ( -0.3643287139938626851, -0.6099999999999999867, 0.3998054787041026015 ) ) ;
#1978 = SURFACE_SIDE_STYLE ('',( #9258 ) ) ;
#1979 = CARTESIAN_POINT ( 'NONE',  ( -0.4056382960091921008, -0.5999999999999999778, 0.4102030578673457328 ) ) ;
#1980 =( GEOMETRIC_REPRESENTATION_CONTEXT ( 3 ) GLOBAL_UNCERTAINTY_ASSIGNED_CONTEXT ( ( #2158 ) ) GLOBAL_UNIT_ASSIGNED_CONTEXT ( ( #9215, #2068, #4719 ) ) REPRESENTATION_CONTEXT ( 'NONE', 'WORKASPACE' ) );
#1981 = B_SPLINE_CURVE_WITH_KNOTS ( 'NONE', 3,
 ( #7393, #1923, #10960, #2821 ),
 .UNSPECIFIED., .F., .F.,
 ( 4, 4 ),
 ( 3.000000000000000000, 4.000000000000000000 ),
 .UNSPECIFIED. ) ;
#1982 = B_SPLINE_CURVE_WITH_KNOTS ( 'NONE', 3,
 ( #7504, #3071, #2952, #10250 ),
 .UNSPECIFIED., .F., .F.,
 ( 4, 4 ),
 ( 5.000000000000000000, 6.000000000000000000 ),
 .UNSPECIFIED. ) ;
#1983 = EDGE_CURVE ( 'NONE', #5061, #9386, #11496, .T. ) ;
#1984 = COLOUR_RGB ( '',1.000000000000000000, 1.000000000000000000, 1.000000000000000000 ) ;
#1985 = CARTESIAN_POINT ( 'NONE',  ( -0.3614797773032129569, -0.5999999999999999778, 0.3937124973144972007 ) ) ;
#1986 = PRESENTATION_STYLE_ASSIGNMENT (( #3795 ) ) ;
#1987 = ORIENTED_EDGE ( 'NONE', *, *, #11630, .T. ) ;
#1988 = CARTESIAN_POINT ( 'NONE',  ( -0.5946099467357415236, -0.5999999999999999778, 0.4871775579076498830 ) ) ;
#1989 = ORIENTED_EDGE ( 'NONE', *, *, #7776, .F. ) ;
#1990 = CARTESIAN_POINT ( 'NONE',  ( -0.3444693377921066446, -0.6099999999999999867, 0.3919657040151345861 ) ) ;
#1991 = FILL_AREA_STYLE_COLOUR ( '', #2633 ) ;
#1992 = CARTESIAN_POINT ( 'NONE',  ( -0.3845312103078911137, -0.5999999999999999778, 0.4570545495767047717 ) ) ;
#1993 =( GEOMETRIC_REPRESENTATION_CONTEXT ( 3 ) GLOBAL_UNCERTAINTY_ASSIGNED_CONTEXT ( ( #9766 ) ) GLOBAL_UNIT_ASSIGNED_CONTEXT ( ( #3047, #5769, #3824 ) ) REPRESENTATION_CONTEXT ( 'NONE', 'WORKASPACE' ) );
#1994 = EDGE_CURVE ( 'NONE', #9018, #4966, #3009, .T. ) ;
#1995 = CARTESIAN_POINT ( 'NONE',  ( -0.5934531581024645730, -0.5999999999999999778, 0.3839340662063335796 ) ) ;
#1996 = LINE ( 'NONE', #6640, #5314 ) ;
#1997 = ORIENTED_EDGE ( 'NONE', *, *, #11518, .F. ) ;
#1998 = FILL_AREA_STYLE_COLOUR ( '', #1658 ) ;
#1999 = MECHANICAL_DESIGN_GEOMETRIC_PRESENTATION_REPRESENTATION (  '', ( #7922 ), #11658 ) ;
#2000 = CARTESIAN_POINT ( 'NONE',  ( -0.3354338414996271833, -0.6099999999999999867, 0.4863341325000935522 ) ) ;
#2001 =( LENGTH_UNIT ( ) NAMED_UNIT ( * ) SI_UNIT ( .MILLI., .METRE. ) );
#2002 = CARTESIAN_POINT ( 'NONE',  ( -0.4714118442155996735, -0.5999999999999999778, 0.4160349990443193424 ) ) ;
#2003 =( GEOMETRIC_REPRESENTATION_CONTEXT ( 3 ) GLOBAL_UNCERTAINTY_ASSIGNED_CONTEXT ( ( #8384 ) ) GLOBAL_UNIT_ASSIGNED_CONTEXT ( ( #11137, #8590, #6054 ) ) REPRESENTATION_CONTEXT ( 'NONE', 'WORKASPACE' ) );
#2004 = EDGE_CURVE ( 'NONE', #7428, #9228, #3565, .T. ) ;
#2005 =( LENGTH_UNIT ( ) NAMED_UNIT ( * ) SI_UNIT ( .MILLI., .METRE. ) );
#2006 = PRESENTATION_STYLE_ASSIGNMENT (( #8598 ) ) ;
#2007 = EDGE_CURVE ( 'NONE', #4527, #475, #6502, .T. ) ;
#2008 =( GEOMETRIC_REPRESENTATION_CONTEXT ( 3 ) GLOBAL_UNCERTAINTY_ASSIGNED_CONTEXT ( ( #5309 ) ) GLOBAL_UNIT_ASSIGNED_CONTEXT ( ( #2172, #1258, #385 ) ) REPRESENTATION_CONTEXT ( 'NONE', 'WORKASPACE' ) );
#2009 =( NAMED_UNIT ( * ) PLANE_ANGLE_UNIT ( ) SI_UNIT ( $, .RADIAN. ) );
#2010 = VERTEX_POINT ( 'NONE', #10795 ) ;
#2011 = FILL_AREA_STYLE_COLOUR ( '', #1523 ) ;
#2012 = FILL_AREA_STYLE ('',( #8477 ) ) ;
#2013 = STYLED_ITEM ( 'NONE', ( #10735 ), #10407 ) ;
#2014 = CARTESIAN_POINT ( 'NONE',  ( -0.3763899058231187089, -0.6099999999999999867, 0.4503377134371886470 ) ) ;
#2015 = VERTEX_POINT ( 'NONE', #10130 ) ;
#2016 = PRESENTATION_LAYER_ASSIGNMENT (  '', '', ( #678 ) ) ;
#2017 = ORIENTED_EDGE ( 'NONE', *, *, #10187, .T. ) ;
#2018 = UNCERTAINTY_MEASURE_WITH_UNIT (LENGTH_MEASURE( 1.000000000000000082E-05 ), #9757, 'distance_accuracy_value', 'NONE');
#2019 =( LENGTH_UNIT ( ) NAMED_UNIT ( * ) SI_UNIT ( .MILLI., .METRE. ) );
#2020 = FILL_AREA_STYLE ('',( #7311 ) ) ;
#2021 = FILL_AREA_STYLE ('',( #8552 ) ) ;
#2022 = EDGE_CURVE ( 'NONE', #475, #9450, #7761, .T. ) ;
#2023 = B_SPLINE_CURVE_WITH_KNOTS ( 'NONE', 3,
 ( #4959, #6986, #1456, #3206 ),
 .UNSPECIFIED., .F., .F.,
 ( 4, 4 ),
 ( 27.00000000000000000, 28.00000000000000000 ),
 .UNSPECIFIED. ) ;
#2024 = AXIS2_PLACEMENT_3D ( 'NONE', #11693, #6151, #11622 ) ;
#2025 = ORIENTED_EDGE ( 'NONE', *, *, #2216, .F. ) ;
#2026 = PRESENTATION_LAYER_ASSIGNMENT (  '', '', ( #10188 ) ) ;
#2027 = FILL_AREA_STYLE ('',( #188 ) ) ;
#2028 = LINE ( 'NONE', #11001, #8914 ) ;
#2029 = COLOUR_RGB ( '',1.000000000000000000, 1.000000000000000000, 1.000000000000000000 ) ;
#2030 = CARTESIAN_POINT ( 'NONE',  ( -0.2796508292890245162, -0.6099999999999999867, 0.4218067562135270343 ) ) ;
#2031 = CARTESIAN_POINT ( 'NONE',  ( -0.3114570239489569681, -0.5999999999999999778, 0.4503377134371886470 ) ) ;
#2032 = STYLED_ITEM ( 'NONE', ( #2043 ), #8874 ) ;
#2033 = ORIENTED_EDGE ( 'NONE', *, *, #201, .T. ) ;
#2034 = AXIS2_PLACEMENT_3D ( 'NONE', #6548, #9243, #9416 ) ;
#2035 = FILL_AREA_STYLE_COLOUR ( '', #11462 ) ;
#2036 = UNCERTAINTY_MEASURE_WITH_UNIT (LENGTH_MEASURE( 1.000000000000000082E-05 ), #2741, 'distance_accuracy_value', 'NONE');
#2037 = CARTESIAN_POINT ( 'NONE',  ( -0.3989838453447220878, -0.5999999999999999778, 0.4113883818919822910 ) ) ;
#2038 = CARTESIAN_POINT ( 'NONE',  ( -0.5547007030342133715, -0.5999999999999999778, 0.4845747821038446923 ) ) ;
#2039 = FILL_AREA_STYLE ('',( #9368 ) ) ;
#2040 = B_SPLINE_CURVE_WITH_KNOTS ( 'NONE', 3,
 ( #10841, #2705, #7153, #1737 ),
 .UNSPECIFIED., .F., .F.,
 ( 4, 4 ),
 ( 4.000000000000000000, 5.000000000000000000 ),
 .UNSPECIFIED. ) ;
#2041 = ORIENTED_EDGE ( 'NONE', *, *, #2605, .T. ) ;
#2042 = COLOUR_RGB ( '',1.000000000000000000, 1.000000000000000000, 1.000000000000000000 ) ;
#2043 = PRESENTATION_STYLE_ASSIGNMENT (( #9314 ) ) ;
#2044 = DIRECTION ( 'NONE',  ( -1.000000000000000000, -0.0000000000000000000, -0.0000000000000000000 ) ) ;
#2045 = CARTESIAN_POINT ( 'NONE',  ( -0.4094750027203268861, -0.6099999999999999867, 0.4702178847972480757 ) ) ;
#2046 = VERTEX_POINT ( 'NONE', #10179 ) ;
#2047 = CARTESIAN_POINT ( 'NONE',  ( -0.5873800108828248767, -0.6099999999999999867, 0.4064914748928398214 ) ) ;
#2048 = VECTOR ( 'NONE', #8077, 1000.000000000000000 ) ;
#2049 = CARTESIAN_POINT ( 'NONE',  ( -0.2627755583070236489, -0.5999999999999999778, 0.4003669479788286578 ) ) ;
#2050 = CARTESIAN_POINT ( 'NONE',  ( -0.4056382960091921008, -0.6099999999999999867, 0.4102030578673457328 ) ) ;
#2051 = ORIENTED_EDGE ( 'NONE', *, *, #4511, .T. ) ;
#2052 = DIRECTION ( 'NONE',  ( -0.0000000000000000000, 1.000000000000000000, -0.0000000000000000000 ) ) ;
#2053 = LINE ( 'NONE', #9091, #672 ) ;
#2054 = SURFACE_STYLE_FILL_AREA ( #8339 ) ;
#2055 = AXIS2_PLACEMENT_3D ( 'NONE', #9879, #7944, #8905 ) ;
#2056 = ORIENTED_EDGE ( 'NONE', *, *, #4814, .T. ) ;
#2057 = CARTESIAN_POINT ( 'NONE',  ( -0.3356729858201081829, -0.6099999999999999867, 0.4549750337439453785 ) ) ;
#2058 = PLANE ( 'NONE',  #8512 ) ;
#2059 = ORIENTED_EDGE ( 'NONE', *, *, #6725, .T. ) ;
#2060 = CARTESIAN_POINT ( 'NONE',  ( -0.2422715321973313018, -0.6099999999999999867, 0.4212868772551289220 ) ) ;
#2061 = EDGE_CURVE ( 'NONE', #9135, #5857, #5727, .T. ) ;
#2062 = AXIS2_PLACEMENT_3D ( 'NONE', #10879, #11574, #4612 ) ;
#2063 = DIRECTION ( 'NONE',  ( -0.0000000000000000000, 1.000000000000000000, -0.0000000000000000000 ) ) ;
#2064 = ADVANCED_FACE ( 'NONE', ( #11058 ), #8180, .F. ) ;
#2065 = LINE ( 'NONE', #1992, #8882 ) ;
#2066 = MECHANICAL_DESIGN_GEOMETRIC_PRESENTATION_REPRESENTATION (  '', ( #10044 ), #4764 ) ;
#2067 = VECTOR ( 'NONE', #1150, 1000.000000000000000 ) ;
#2068 =( NAMED_UNIT ( * ) PLANE_ANGLE_UNIT ( ) SI_UNIT ( $, .RADIAN. ) );
#2069 = CARTESIAN_POINT ( 'NONE',  ( -0.3763899058231187089, -0.6099999999999999867, 0.4910130431234555615 ) ) ;
#2070 = CARTESIAN_POINT ( 'NONE',  ( -0.3880040017484512882, -0.5999999999999999778, 0.4118666705334974587 ) ) ;
#2071 = DIRECTION ( 'NONE',  ( 1.000000000000000000, -0.0000000000000000000, -0.0000000000000000000 ) ) ;
#2072 = VERTEX_POINT ( 'NONE', #3623 ) ;
#2073 = CARTESIAN_POINT ( 'NONE',  ( -0.4893420873371294166, -0.6099999999999999867, 0.4383031926455641103 ) ) ;
#2074 = CARTESIAN_POINT ( 'NONE',  ( -0.5254917555694292863, -0.6099999999999999867, 0.3856692684621244038 ) ) ;
#2075 =( NAMED_UNIT ( * ) SI_UNIT ( $, .STERADIAN. ) SOLID_ANGLE_UNIT ( ) );
#2076 = COLOUR_RGB ( '',1.000000000000000000, 1.000000000000000000, 1.000000000000000000 ) ;
#2077 = LINE ( 'NONE', #8536, #2891 ) ;
#2078 = SURFACE_STYLE_FILL_AREA ( #9222 ) ;
#2079 = VECTOR ( 'NONE', #11313, 1000.000000000000000 ) ;
#2080 = CARTESIAN_POINT ( 'NONE',  ( -0.6377003577995730144, -0.5999999999999999778, 0.4322300619739357641 ) ) ;
#2081 = EDGE_CURVE ( 'NONE', #9886, #2796, #203, .T. ) ;
#2082 = B_SPLINE_CURVE_WITH_KNOTS ( 'NONE', 3,
 ( #3749, #2373, #10505, #5815 ),
 .UNSPECIFIED., .F., .F.,
 ( 4, 4 ),
 ( 8.000000000000000000, 9.000000000000000000 ),
 .UNSPECIFIED. ) ;
#2083 = CARTESIAN_POINT ( 'NONE',  ( -0.3875257131069359540, -0.5999999999999999778, 0.4504416892287018692 ) ) ;
#2084 = EDGE_LOOP ( 'NONE', ( #9619, #5365, #8197, #6378 ) ) ;
#2085 = PRESENTATION_STYLE_ASSIGNMENT (( #11035 ) ) ;
#2086 = EDGE_LOOP ( 'NONE', ( #927, #10421, #5354, #1836 ) ) ;
#2087 = B_SPLINE_SURFACE_WITH_KNOTS ( 'NONE', 3, 1, ( 
 ( #4124, #7753 ),
 ( #400, #4058 ),
 ( #6819, #2260 ),
 ( #6892, #2318 ) ),
 .UNSPECIFIED., .F., .F., .F.,
 ( 4, 4 ),
 ( 2, 2 ),
 ( 1.000000000000000000, 2.000000000000000000 ),
 ( 0.0000000000000000000, 1.000000000000000000 ),
 .UNSPECIFIED. ) ;
#2088 = CARTESIAN_POINT ( 'NONE',  ( -0.6999999999999999556, -0.5999999999999999778, 0.5999999999999999778 ) ) ;
#2089 = CARTESIAN_POINT ( 'NONE',  ( -0.5934531525864606971, -0.6099999999999999867, 0.4568118438734654063 ) ) ;
#2090 = ORIENTED_EDGE ( 'NONE', *, *, #6531, .F. ) ;
#2091 = SURFACE_STYLE_USAGE ( .BOTH. , #10227 ) ;
#2092 = CARTESIAN_POINT ( 'NONE',  ( -0.6999999999999999556, -0.5999999999999999778, 0.5999999999999999778 ) ) ;
#2093 = CARTESIAN_POINT ( 'NONE',  ( -0.2416372798685456347, -0.6099999999999999867, 0.4184379405646173611 ) ) ;
#2094 = CARTESIAN_POINT ( 'NONE',  ( -0.4149857196769028977, -0.6099999999999999867, 0.4638129760325488959 ) ) ;
#2095 = ORIENTED_EDGE ( 'NONE', *, *, #3856, .F. ) ;
#2096 = CARTESIAN_POINT ( 'NONE',  ( -0.3941177782963601328, -0.6099999999999999867, 0.4869579872497272754 ) ) ;
#2097 = CARTESIAN_POINT ( 'NONE',  ( -0.4893420873371294166, -0.5999999999999999778, 0.4383031926455641103 ) ) ;
#2098 = DIRECTION ( 'NONE',  ( 1.000000000000000000, 0.0000000000000000000, 0.0000000000000000000 ) ) ;
#2099 = EDGE_LOOP ( 'NONE', ( #10872, #3695, #2244, #11443 ) ) ;
#2100 = EDGE_CURVE ( 'NONE', #5763, #2485, #4821, .T. ) ;
#2101 = EDGE_CURVE ( 'NONE', #3433, #5061, #2596, .T. ) ;
#2102 = SURFACE_SIDE_STYLE ('',( #10952 ) ) ;
#2103 = CARTESIAN_POINT ( 'NONE',  ( -0.5986587097100745103, -0.6099999999999999867, 0.4828395963960657733 ) ) ;
#2104 = CARTESIAN_POINT ( 'NONE',  ( -0.5821744592752146064, -0.5999999999999999778, 0.4015751163064785190 ) ) ;
#2105 = EDGE_LOOP ( 'NONE', ( #10246, #8455, #1097, #511 ) ) ;
#2106 = SURFACE_STYLE_USAGE ( .BOTH. , #2162 ) ;
#2107 = CARTESIAN_POINT ( 'NONE',  ( -0.6203485117526829073, -0.5999999999999999778, 0.4056238958291003005 ) ) ;
#2108 = ORIENTED_EDGE ( 'NONE', *, *, #5725, .T. ) ;
#2109 = DIRECTION ( 'NONE',  ( -0.9910683662997865628, 0.0000000000000000000, -0.1333547648937673802 ) ) ;
#2110 = SURFACE_STYLE_USAGE ( .BOTH. , #4876 ) ;
#2111 = CARTESIAN_POINT ( 'NONE',  ( -0.4071875353045418255, -0.6099999999999999867, 0.3858935177838326291 ) ) ;
#2112 = CARTESIAN_POINT ( 'NONE',  ( -0.4037251414431312080, -0.6099999999999999867, 0.3897406220742569705 ) ) ;
#2113 = COLOUR_RGB ( '',1.000000000000000000, 1.000000000000000000, 1.000000000000000000 ) ;
#2114 = VECTOR ( 'NONE', #7063, 1000.000000000000000 ) ;
#2115 = EDGE_LOOP ( 'NONE', ( #2493, #11281, #7978, #1211 ) ) ;
#2116 = VECTOR ( 'NONE', #10901, 1000.000000000000000 ) ;
#2117 = EDGE_CURVE ( 'NONE', #3965, #7651, #5353, .T. ) ;
#2118 = CARTESIAN_POINT ( 'NONE',  ( -0.3665122056181349675, -0.5999999999999999778, 0.4010739833619496597 ) ) ;
#2119 = SURFACE_SIDE_STYLE ('',( #8398 ) ) ;
#2120 = CARTESIAN_POINT ( 'NONE',  ( -0.2689101300135118278, -0.6099999999999999867, 0.3915082105319228067 ) ) ;
#2121 = VECTOR ( 'NONE', #11215, 1000.000000000000000 ) ;
#2122 = ORIENTED_EDGE ( 'NONE', *, *, #10014, .T. ) ;
#2123 = CARTESIAN_POINT ( 'NONE',  ( -0.2782679512602364569, -0.5999999999999999778, 0.3858103371506220181 ) ) ;
#2124 = CARTESIAN_POINT ( 'NONE',  ( -0.3811000091840733295, -0.6099999999999999867, 0.3868292999085612971 ) ) ;
#2125 = ORIENTED_EDGE ( 'NONE', *, *, #6574, .T. ) ;
#2126 = DIRECTION ( 'NONE',  ( -1.000000000000000000, 0.0000000000000000000, -0.0000000000000000000 ) ) ;
#2127 = CARTESIAN_POINT ( 'NONE',  ( -0.3952407168459506348, -0.6099999999999999867, 0.3868500950668634086 ) ) ;
#2128 =( NAMED_UNIT ( * ) SI_UNIT ( $, .STERADIAN. ) SOLID_ANGLE_UNIT ( ) );
#2129 = CARTESIAN_POINT ( 'NONE',  ( -0.4008138192774340913, -0.6099999999999999867, 0.3893039237493470806 ) ) ;
#2130 = STYLED_ITEM ( 'NONE', ( #5715 ), #775 ) ;
#2131 = PRESENTATION_LAYER_ASSIGNMENT (  '', '', ( #1539 ) ) ;
#2132 = COLOUR_RGB ( '',1.000000000000000000, 1.000000000000000000, 1.000000000000000000 ) ;
#2133 = ADVANCED_FACE ( 'NONE', ( #5384 ), #3419, .F. ) ;
#2134 = EDGE_CURVE ( 'NONE', #7773, #10021, #8174, .T. ) ;
#2135 = DIRECTION ( 'NONE',  ( 0.0000000000000000000, 0.0000000000000000000, -1.000000000000000000 ) ) ;
#2136 =( LENGTH_UNIT ( ) NAMED_UNIT ( * ) SI_UNIT ( .MILLI., .METRE. ) );
#2137 = EDGE_LOOP ( 'NONE', ( #11270, #8249, #4054, #5927 ) ) ;
#2138 = CARTESIAN_POINT ( 'NONE',  ( -0.5087183065971798701, -0.6099999999999999867, 0.4805260163715099897 ) ) ;
#2139 = VERTEX_POINT ( 'NONE', #5001 ) ;
#2140 =( GEOMETRIC_REPRESENTATION_CONTEXT ( 3 ) GLOBAL_UNCERTAINTY_ASSIGNED_CONTEXT ( ( #7321 ) ) GLOBAL_UNIT_ASSIGNED_CONTEXT ( ( #4613, #1960, #3884 ) ) REPRESENTATION_CONTEXT ( 'NONE', 'WORKASPACE' ) );
#2141 = SURFACE_SIDE_STYLE ('',( #4908 ) ) ;
#2142 = DIRECTION ( 'NONE',  ( -0.0000000000000000000, 1.000000000000000000, -0.0000000000000000000 ) ) ;
#2143 = ORIENTED_EDGE ( 'NONE', *, *, #1747, .F. ) ;
#2144 = CARTESIAN_POINT ( 'NONE',  ( -0.2354923105829064001, -0.6099999999999999867, 0.4015314768451630489 ) ) ;
#2145 = SURFACE_SIDE_STYLE ('',( #11151 ) ) ;
#2146 = ORIENTED_EDGE ( 'NONE', *, *, #4236, .F. ) ;
#2147 = EDGE_CURVE ( 'NONE', #8033, #841, #3759, .T. ) ;
#2148 = ORIENTED_EDGE ( 'NONE', *, *, #4802, .T. ) ;
#2149 = UNCERTAINTY_MEASURE_WITH_UNIT (LENGTH_MEASURE( 1.000000000000000082E-05 ), #9499, 'distance_accuracy_value', 'NONE');
#2150 = SURFACE_STYLE_USAGE ( .BOTH. , #8196 ) ;
#2151 = CARTESIAN_POINT ( 'NONE',  ( -0.4091110874497538852, -0.5999999999999999778, 0.4857102777501829394 ) ) ;
#2152 = CARTESIAN_POINT ( 'NONE',  ( -0.2422715321973312741, -0.5999999999999999778, 0.4212868772551288665 ) ) ;
#2153 = DIRECTION ( 'NONE',  ( -0.0000000000000000000, -0.0000000000000000000, -1.000000000000000000 ) ) ;
#2154 = ORIENTED_EDGE ( 'NONE', *, *, #7009, .T. ) ;
#2155 = CARTESIAN_POINT ( 'NONE',  ( -0.3674999756386199690, -0.6099999999999999867, 0.4113883818919822910 ) ) ;
#2156 = ORIENTED_EDGE ( 'NONE', *, *, #4826, .T. ) ;
#2157 = ADVANCED_FACE ( 'NONE', ( #7671, #11236 ), #5845, .F. ) ;
#2158 = UNCERTAINTY_MEASURE_WITH_UNIT (LENGTH_MEASURE( 1.000000000000000082E-05 ), #9215, 'distance_accuracy_value', 'NONE');
#2160 = CARTESIAN_POINT ( 'NONE',  ( -0.2491443320241174819, -0.6099999999999999867, 0.4015314768451630489 ) ) ;
#2159 = VECTOR ( 'NONE', #5846, 1000.000000000000000 ) ;
#2161 = ORIENTED_EDGE ( 'NONE', *, *, #4347, .T. ) ;
#2162 = SURFACE_SIDE_STYLE ('',( #10242 ) ) ;
#2163 = LINE ( 'NONE', #782, #11024 ) ;
#2164 = ORIENTED_EDGE ( 'NONE', *, *, #8867, .F. ) ;
#2165 = EDGE_CURVE ( 'NONE', #3192, #8908, #2163, .T. ) ;
#2166 =( NAMED_UNIT ( * ) PLANE_ANGLE_UNIT ( ) SI_UNIT ( $, .RADIAN. ) );
#2167 = EDGE_CURVE ( 'NONE', #3116, #11684, #5494, .T. ) ;
#2168 = CARTESIAN_POINT ( 'NONE',  ( -0.3742687996738924272, -0.6099999999999999867, 0.4103070336588581224 ) ) ;
#2169 = B_SPLINE_CURVE_WITH_KNOTS ( 'NONE', 3,
 ( #9186, #9937, #6325, #838 ),
 .UNSPECIFIED., .F., .F.,
 ( 4, 4 ),
 ( 5.000000000000000000, 6.000000000000000000 ),
 .UNSPECIFIED. ) ;
#2170 = STYLED_ITEM ( 'NONE', ( #9741 ), #8587 ) ;
#2171 = CARTESIAN_POINT ( 'NONE',  ( -0.6162997487782113648, -0.5999999999999999778, 0.4166134016351022984 ) ) ;
#2172 =( LENGTH_UNIT ( ) NAMED_UNIT ( * ) SI_UNIT ( .MILLI., .METRE. ) );
#2173 = ORIENTED_EDGE ( 'NONE', *, *, #5798, .T. ) ;
#2174 = PLANE ( 'NONE',  #7760 ) ;
#2175 = ORIENTED_EDGE ( 'NONE', *, *, #10829, .T. ) ;
#2176 = DIRECTION ( 'NONE',  ( -0.8863488427958617910, 0.0000000000000000000, -0.4630180653866937668 ) ) ;
#2177 =( GEOMETRIC_REPRESENTATION_CONTEXT ( 3 ) GLOBAL_UNCERTAINTY_ASSIGNED_CONTEXT ( ( #10702 ) ) GLOBAL_UNIT_ASSIGNED_CONTEXT ( ( #5368, #4448, #9902 ) ) REPRESENTATION_CONTEXT ( 'NONE', 'WORKASPACE' ) );
#2178 = LINE ( 'NONE', #5859, #2249 ) ;
#2179 = CARTESIAN_POINT ( 'NONE',  ( -0.2844961011790859695, -0.6099999999999999867, 0.4218067562135270343 ) ) ;
#2180 = CARTESIAN_POINT ( 'NONE',  ( -0.4149857196769028977, -0.5999999999999999778, 0.4699059574221539637 ) ) ;
#2181 = B_SPLINE_SURFACE_WITH_KNOTS ( 'NONE', 3, 1, ( 
 ( #8499, #306 ),
 ( #6787, #3955 ),
 ( #11233, #3783 ),
 ( #6731, #11054 ) ),
 .UNSPECIFIED., .F., .F., .F.,
 ( 4, 4 ),
 ( 2, 2 ),
 ( 3.000000000000000000, 4.000000000000000000 ),
 ( 0.0000000000000000000, 1.000000000000000000 ),
 .UNSPECIFIED. ) ;
#2182 = B_SPLINE_CURVE_WITH_KNOTS ( 'NONE', 3,
 ( #4904, #7637, #6760, #7977 ),
 .UNSPECIFIED., .F., .F.,
 ( 4, 4 ),
 ( 1.000000000000000000, 2.000000000000000000 ),
 .UNSPECIFIED. ) ;
#2183 = MECHANICAL_DESIGN_GEOMETRIC_PRESENTATION_REPRESENTATION (  '', ( #11638 ), #5273 ) ;
#2184 = LINE ( 'NONE', #11256, #8761 ) ;
#2185 = CARTESIAN_POINT ( 'NONE',  ( -0.6437735132930798576, -0.6099999999999999867, 0.4001291401679580306 ) ) ;
#2186 = SURFACE_STYLE_USAGE ( .BOTH. , #5141 ) ;
#2187 = VERTEX_POINT ( 'NONE', #9771 ) ;
#2188 = PLANE ( 'NONE',  #10412 ) ;
#2189 = CARTESIAN_POINT ( 'NONE',  ( -0.3045010434889612871, -0.6099999999999999867, 0.4264856668368887105 ) ) ;
#2190 = PRESENTATION_STYLE_ASSIGNMENT (( #341 ) ) ;
#2191 = CARTESIAN_POINT ( 'NONE',  ( -0.4091110874497538852, -0.6099999999999999867, 0.4857102777501829394 ) ) ;
#2192 = DIRECTION ( 'NONE',  ( -0.0000000000000000000, 0.0000000000000000000, 1.000000000000000000 ) ) ;
#2193 = FILL_AREA_STYLE ('',( #3278 ) ) ;
#2194 = CARTESIAN_POINT ( 'NONE',  ( -0.3957917885416629700, -0.5999999999999999778, 0.4496514732123697011 ) ) ;
#2195 = ORIENTED_EDGE ( 'NONE', *, *, #10729, .T. ) ;
#2196 = EDGE_CURVE ( 'NONE', #2941, #11704, #9828, .T. ) ;
#2197 = SURFACE_STYLE_USAGE ( .BOTH. , #6422 ) ;
#2198 = EDGE_CURVE ( 'NONE', #11583, #11070, #4271, .T. ) ;
#2199 =( NAMED_UNIT ( * ) SI_UNIT ( $, .STERADIAN. ) SOLID_ANGLE_UNIT ( ) );
#2200 = MECHANICAL_DESIGN_GEOMETRIC_PRESENTATION_REPRESENTATION (  '', ( #10167 ), #9045 ) ;
#2201 = CARTESIAN_POINT ( 'NONE',  ( -0.4085080278582839397, -0.5999999999999999778, 0.4078740001346763400 ) ) ;
#2202 = SURFACE_STYLE_FILL_AREA ( #9523 ) ;
#2203 = ORIENTED_EDGE ( 'NONE', *, *, #2818, .F. ) ;
#2204 = MECHANICAL_DESIGN_GEOMETRIC_PRESENTATION_REPRESENTATION (  '', ( #11302 ), #8888 ) ;
#2205 = DIRECTION ( 'NONE',  ( -1.000000000000000000, 0.0000000000000000000, -0.0000000000000000000 ) ) ;
#2206 = CARTESIAN_POINT ( 'NONE',  ( -0.3620516441572285138, -0.6099999999999999867, 0.3972268790718028186 ) ) ;
#2207 = DIRECTION ( 'NONE',  ( 0.0000000000000000000, 1.000000000000000000, 0.0000000000000000000 ) ) ;
#2208 = PRESENTATION_STYLE_ASSIGNMENT (( #7074 ) ) ;
#2209 = UNCERTAINTY_MEASURE_WITH_UNIT (LENGTH_MEASURE( 1.000000000000000082E-05 ), #1783, 'distance_accuracy_value', 'NONE');
#2210 = COLOUR_RGB ( '',1.000000000000000000, 1.000000000000000000, 1.000000000000000000 ) ;
#2211 = CARTESIAN_POINT ( 'NONE',  ( -0.3305053889760790065, -0.5999999999999999778, 0.4549750337439453785 ) ) ;
#2212 = CARTESIAN_POINT ( 'NONE',  ( -0.5714741464904588009, -0.5999999999999999778, 0.4148782159270467673 ) ) ;
#2213 = ORIENTED_EDGE ( 'NONE', *, *, #6725, .F. ) ;
#2214 = ADVANCED_FACE ( 'NONE', ( #10823 ), #3212, .F. ) ;
#2215 =( LENGTH_UNIT ( ) NAMED_UNIT ( * ) SI_UNIT ( .MILLI., .METRE. ) );
#2216 = EDGE_CURVE ( 'NONE', #7659, #9487, #1394, .T. ) ;
#2217 = CARTESIAN_POINT ( 'NONE',  ( -0.5118994849916290724, -0.5999999999999999778, 0.4484251028395369598 ) ) ;
#2218 = STYLED_ITEM ( 'NONE', ( #3927 ), #2582 ) ;
#2219 = VERTEX_POINT ( 'NONE', #4899 ) ;
#2220 = SURFACE_STYLE_FILL_AREA ( #6910 ) ;
#2221 =( LENGTH_UNIT ( ) NAMED_UNIT ( * ) SI_UNIT ( .MILLI., .METRE. ) );
#2222 = DIRECTION ( 'NONE',  ( -0.3416038306902429156, 0.0000000000000000000, 0.9398440417738209707 ) ) ;
#2223 = SURFACE_STYLE_FILL_AREA ( #1318 ) ;
#2224 =( GEOMETRIC_REPRESENTATION_CONTEXT ( 3 ) GLOBAL_UNCERTAINTY_ASSIGNED_CONTEXT ( ( #1162 ) ) GLOBAL_UNIT_ASSIGNED_CONTEXT ( ( #2019, #11157, #3944 ) ) REPRESENTATION_CONTEXT ( 'NONE', 'WORKASPACE' ) );
#2225 = ORIENTED_EDGE ( 'NONE', *, *, #8042, .T. ) ;
#2226 = FILL_AREA_STYLE ('',( #11355 ) ) ;
#2227 = VECTOR ( 'NONE', #3034, 1000.000000000000000 ) ;
#2228 = FILL_AREA_STYLE ('',( #11415 ) ) ;
#2229 = CARTESIAN_POINT ( 'NONE',  ( -0.5084291135757945668, -0.5999999999999999778, 0.3856692684621244038 ) ) ;
#2230 = ORIENTED_EDGE ( 'NONE', *, *, #10845, .F. ) ;
#2231 =( GEOMETRIC_REPRESENTATION_CONTEXT ( 3 ) GLOBAL_UNCERTAINTY_ASSIGNED_CONTEXT ( ( #9993 ) ) GLOBAL_UNIT_ASSIGNED_CONTEXT ( ( #3080, #437, #11369 ) ) REPRESENTATION_CONTEXT ( 'NONE', 'WORKASPACE' ) );
#2232 = ADVANCED_FACE ( 'NONE', ( #444 ), #9121, .F. ) ;
#2233 = DIRECTION ( 'NONE',  ( 0.1333547648937674079, 0.0000000000000000000, -0.9910683662997866739 ) ) ;
#2234 =( NAMED_UNIT ( * ) PLANE_ANGLE_UNIT ( ) SI_UNIT ( $, .RADIAN. ) );
#2235 = CARTESIAN_POINT ( 'NONE',  ( -0.5549898960555990080, -0.6099999999999999867, 0.5019266281507344107 ) ) ;
#2236 = COLOUR_RGB ( '',1.000000000000000000, 1.000000000000000000, 1.000000000000000000 ) ;
#2237 = FILL_AREA_STYLE ('',( #7903 ) ) ;
#2238 = VECTOR ( 'NONE', #5553, 1000.000000000000000 ) ;
#2239 = CARTESIAN_POINT ( 'NONE',  ( -0.4047025138844651537, -0.6099999999999999867, 0.3906140187237994166 ) ) ;
#2240 = VERTEX_POINT ( 'NONE', #1278 ) ;
#2241 =( GEOMETRIC_REPRESENTATION_CONTEXT ( 3 ) GLOBAL_UNCERTAINTY_ASSIGNED_CONTEXT ( ( #5787 ) ) GLOBAL_UNIT_ASSIGNED_CONTEXT ( ( #7150, #851, #1018 ) ) REPRESENTATION_CONTEXT ( 'NONE', 'WORKASPACE' ) );
#2242 = DIRECTION ( 'NONE',  ( 1.000000000000000000, 0.0000000000000000000, 0.0000000000000000000 ) ) ;
#2243 = B_SPLINE_CURVE_WITH_KNOTS ( 'NONE', 3,
 ( #6340, #2653, #682, #5320 ),
 .UNSPECIFIED., .F., .F.,
 ( 4, 4 ),
 ( 16.00000000000000000, 17.00000000000000000 ),
 .UNSPECIFIED. ) ;
#2244 = ORIENTED_EDGE ( 'NONE', *, *, #7194, .F. ) ;
#2245 = CARTESIAN_POINT ( 'NONE',  ( -0.5032235509361765446, -0.5999999999999999778, 0.4727176862018156456 ) ) ;
#2246 = LINE ( 'NONE', #5205, #1660 ) ;
#2247 = LINE ( 'NONE', #1335, #9113 ) ;
#2248 = CARTESIAN_POINT ( 'NONE',  ( -0.3356417930826539053, -0.5999999999999999778, 0.4503377134371886470 ) ) ;
#2249 = VECTOR ( 'NONE', #390, 1000.000000000000000 ) ;
#2250 = VECTOR ( 'NONE', #8176, 1000.000000000000000 ) ;
#2251 = EDGE_CURVE ( 'NONE', #7833, #6888, #7472, .T. ) ;
#2252 = CARTESIAN_POINT ( 'NONE',  ( -0.3930988155384208538, -0.5999999999999999778, 0.3976011919215282076 ) ) ;
#2253 = FACE_OUTER_BOUND ( 'NONE', #4758, .T. ) ;
#2254 = SURFACE_STYLE_FILL_AREA ( #6056 ) ;
#2255 = ORIENTED_EDGE ( 'NONE', *, *, #814, .F. ) ;
#2256 = SURFACE_STYLE_FILL_AREA ( #9451 ) ;
#2257 = CARTESIAN_POINT ( 'NONE',  ( -0.4328487606792498221, -0.6099999999999999867, 0.4087889871011015086 ) ) ;
#2258 = LINE ( 'NONE', #11383, #6577 ) ;
#2259 = EDGE_LOOP ( 'NONE', ( #3602, #8322, #1071, #4615 ) ) ;
#2260 = CARTESIAN_POINT ( 'NONE',  ( -0.3465800463623194272, -0.5999999999999999778, 0.3752256015623783858 ) ) ;
#2261 = SURFACE_STYLE_USAGE ( .BOTH. , #576 ) ;
#2262 = MECHANICAL_DESIGN_GEOMETRIC_PRESENTATION_REPRESENTATION (  '', ( #5336 ), #9663 ) ;
#2263 = ORIENTED_EDGE ( 'NONE', *, *, #5044, .F. ) ;
#2264 = FILL_AREA_STYLE ('',( #4301 ) ) ;
#2265 = PRESENTATION_STYLE_ASSIGNMENT (( #9520 ) ) ;
#2266 = VECTOR ( 'NONE', #3181, 1000.000000000000000 ) ;
#2267 = DIRECTION ( 'NONE',  ( -0.0000000000000000000, 1.000000000000000000, -0.0000000000000000000 ) ) ;
#2268 =( GEOMETRIC_REPRESENTATION_CONTEXT ( 3 ) GLOBAL_UNCERTAINTY_ASSIGNED_CONTEXT ( ( #1314 ) ) GLOBAL_UNIT_ASSIGNED_CONTEXT ( ( #9023, #6512, #10134 ) ) REPRESENTATION_CONTEXT ( 'NONE', 'WORKASPACE' ) );
#2269 = CARTESIAN_POINT ( 'NONE',  ( -0.3544926041054858312, -0.6099999999999999867, 0.3721271229716806572 ) ) ;
#2270 = ORIENTED_EDGE ( 'NONE', *, *, #8375, .F. ) ;
#2271 =( NAMED_UNIT ( * ) PLANE_ANGLE_UNIT ( ) SI_UNIT ( $, .RADIAN. ) );
#2272 = PLANE ( 'NONE',  #1495 ) ;
#2273 =( NAMED_UNIT ( * ) SI_UNIT ( $, .STERADIAN. ) SOLID_ANGLE_UNIT ( ) );
#2274 = SURFACE_SIDE_STYLE ('',( #6838 ) ) ;
#2275 = VERTEX_POINT ( 'NONE', #4051 ) ;
#2276 = FILL_AREA_STYLE_COLOUR ( '', #9747 ) ;
#2277 = DIRECTION ( 'NONE',  ( -0.0000000000000000000, -0.0000000000000000000, 1.000000000000000000 ) ) ;
#2278 = ORIENTED_EDGE ( 'NONE', *, *, #765, .T. ) ;
#2279 =( LENGTH_UNIT ( ) NAMED_UNIT ( * ) SI_UNIT ( .MILLI., .METRE. ) );
#2280 = ADVANCED_FACE ( 'NONE', ( #2253 ), #10898, .F. ) ;
#2281 = UNCERTAINTY_MEASURE_WITH_UNIT (LENGTH_MEASURE( 1.000000000000000082E-05 ), #6338, 'distance_accuracy_value', 'NONE');
#2282 = EDGE_CURVE ( 'NONE', #6207, #970, #10964, .T. ) ;
#2283 = CARTESIAN_POINT ( 'NONE',  ( -0.2297216541472700546, -0.6099999999999999867, 0.3858103371506220181 ) ) ;
#2284 =( LENGTH_UNIT ( ) NAMED_UNIT ( * ) SI_UNIT ( .MILLI., .METRE. ) );
#2285 = CARTESIAN_POINT ( 'NONE',  ( -0.3950327652627852459, -0.6099999999999999867, 0.4543303838357317104 ) ) ;
#2286 = ORIENTED_EDGE ( 'NONE', *, *, #6952, .T. ) ;
#2287 = CARTESIAN_POINT ( 'NONE',  ( -0.5931639595650750607, -0.6099999999999999867, 0.3665822422234592537 ) ) ;
#2288 = PRESENTATION_STYLE_ASSIGNMENT (( #3185 ) ) ;
#2289 = CARTESIAN_POINT ( 'NONE',  ( -0.5298297281131594261, -0.5999999999999999778, 0.4035995005517841183 ) ) ;
#2290 = B_SPLINE_SURFACE_WITH_KNOTS ( 'NONE', 3, 1, ( 
 ( #557, #1380 ),
 ( #430, #610 ),
 ( #9723, #11474 ),
 ( #7092, #5981 ) ),
 .UNSPECIFIED., .F., .F., .F.,
 ( 4, 4 ),
 ( 2, 2 ),
 ( 10.00000000000000000, 11.00000000000000000 ),
 ( 0.0000000000000000000, 1.000000000000000000 ),
 .UNSPECIFIED. ) ;
#2291 = FACE_OUTER_BOUND ( 'NONE', #3320, .T. ) ;
#2292 = ORIENTED_EDGE ( 'NONE', *, *, #8867, .T. ) ;
#2293 = PRESENTATION_STYLE_ASSIGNMENT (( #884 ) ) ;
#2294 = ORIENTED_EDGE ( 'NONE', *, *, #5826, .F. ) ;
#2295 = EDGE_CURVE ( 'NONE', #2804, #8509, #47, .T. ) ;
#2296 = CARTESIAN_POINT ( 'NONE',  ( -0.2727572343039361691, -0.5999999999999999778, 0.4179804470814046935 ) ) ;
#2297 = DIRECTION ( 'NONE',  ( -0.9910683662997865628, 0.0000000000000000000, -0.1333547648937673802 ) ) ;
#2298 = ORIENTED_EDGE ( 'NONE', *, *, #11254, .F. ) ;
#2299 =( NAMED_UNIT ( * ) SI_UNIT ( $, .STERADIAN. ) SOLID_ANGLE_UNIT ( ) );
#2300 = SURFACE_SIDE_STYLE ('',( #2362 ) ) ;
#2301 = ORIENTED_EDGE ( 'NONE', *, *, #7344, .T. ) ;
#2302 = LINE ( 'NONE', #10316, #2384 ) ;
#2303 = AXIS2_PLACEMENT_3D ( 'NONE', #996, #2855, #9176 ) ;
#2304 = LINE ( 'NONE', #11249, #3208 ) ;
#2305 = LINE ( 'NONE', #5639, #10984 ) ;
#2306 = FACE_OUTER_BOUND ( 'NONE', #3235, .T. ) ;
#2307 =( NAMED_UNIT ( * ) SI_UNIT ( $, .STERADIAN. ) SOLID_ANGLE_UNIT ( ) );
#2308 = VECTOR ( 'NONE', #8252, 1000.000000000000000 ) ;
#2309 = CARTESIAN_POINT ( 'NONE',  ( -0.3444693377921066446, -0.6099999999999999867, 0.3919657040151345861 ) ) ;
#2310 = CARTESIAN_POINT ( 'NONE',  ( -0.3952823071626931917, -0.5999999999999999778, 0.3916745717986214181 ) ) ;
#2311 = CARTESIAN_POINT ( 'NONE',  ( -0.4171484161428734017, -0.6099999999999999867, 0.4218067562135269788 ) ) ;
#2312 = ORIENTED_EDGE ( 'NONE', *, *, #10829, .F. ) ;
#2313 = DIRECTION ( 'NONE',  ( 0.0000000000000000000, 0.0000000000000000000, -1.000000000000000000 ) ) ;
#2314 = CARTESIAN_POINT ( 'NONE',  ( -0.2450268906757579468, -0.6099999999999999867, 0.4264856668368887105 ) ) ;
#2315 = DIRECTION ( 'NONE',  ( 0.0000000000000000000, 0.0000000000000000000, -1.000000000000000000 ) ) ;
#2316 =( NAMED_UNIT ( * ) PLANE_ANGLE_UNIT ( ) SI_UNIT ( $, .RADIAN. ) );
#2317 = ORIENTED_EDGE ( 'NONE', *, *, #2784, .T. ) ;
#2318 = CARTESIAN_POINT ( 'NONE',  ( -0.3441262176798358108, -0.5999999999999999778, 0.3814225587437737319 ) ) ;
#2319 = CARTESIAN_POINT ( 'NONE',  ( -0.3952823071626931917, -0.6099999999999999867, 0.3916745717986214181 ) ) ;
#2320 = CARTESIAN_POINT ( 'NONE',  ( -0.2781223851521167911, -0.5999999999999999778, 0.4264856668368887105 ) ) ;
#2321 = B_SPLINE_CURVE_WITH_KNOTS ( 'NONE', 3,
 ( #5550, #9463, #4007, #6387 ),
 .UNSPECIFIED., .F., .F.,
 ( 4, 4 ),
 ( 12.00000000000000000, 13.00000000000000000 ),
 .UNSPECIFIED. ) ;
#2322 = PRESENTATION_LAYER_ASSIGNMENT (  '', '', ( #9161 ) ) ;
#2324 = EDGE_CURVE ( 'NONE', #3771, #9389, #3733, .T. ) ;
#2323 = CARTESIAN_POINT ( 'NONE',  ( -0.3950327652627852459, -0.6099999999999999867, 0.4543303838357317104 ) ) ;
#2325 = EDGE_CURVE ( 'NONE', #4359, #8547, #619, .T. ) ;
#2326 =( NAMED_UNIT ( * ) SI_UNIT ( $, .STERADIAN. ) SOLID_ANGLE_UNIT ( ) );
#2327 = COLOUR_RGB ( '',1.000000000000000000, 1.000000000000000000, 1.000000000000000000 ) ;
#2328 = B_SPLINE_CURVE_WITH_KNOTS ( 'NONE', 3,
 ( #5713, #6662, #2097, #11102 ),
 .UNSPECIFIED., .F., .F.,
 ( 4, 4 ),
 ( 23.00000000000000000, 24.00000000000000000 ),
 .UNSPECIFIED. ) ;
#2329 = AXIS2_PLACEMENT_3D ( 'NONE', #3183, #6857, #7784 ) ;
#2330 = CARTESIAN_POINT ( 'NONE',  ( -0.2422715321973313018, -0.6099999999999999867, 0.4212868772551289220 ) ) ;
#2331 = ORIENTED_EDGE ( 'NONE', *, *, #5398, .F. ) ;
#2332 = LINE ( 'NONE', #6658, #7656 ) ;
#2333 = DIRECTION ( 'NONE',  ( -1.000000000000000000, 0.0000000000000000000, 0.0000000000000000000 ) ) ;
#2334 = UNCERTAINTY_MEASURE_WITH_UNIT (LENGTH_MEASURE( 1.000000000000000082E-05 ), #4697, 'distance_accuracy_value', 'NONE');
#2335 = FACE_BOUND ( 'NONE', #2679, .T. ) ;
#2336 = ORIENTED_EDGE ( 'NONE', *, *, #7273, .T. ) ;
#2337 = B_SPLINE_CURVE_WITH_KNOTS ( 'NONE', 3,
 ( #1879, #3863, #8461, #7458 ),
 .UNSPECIFIED., .F., .F.,
 ( 4, 4 ),
 ( 7.000000000000000000, 8.000000000000000000 ),
 .UNSPECIFIED. ) ;
#2338 = CARTESIAN_POINT ( 'NONE',  ( -0.4171484161428734017, -0.6099999999999999867, 0.4264856668368887105 ) ) ;
#2339 = FACE_OUTER_BOUND ( 'NONE', #5460, .T. ) ;
#2340 = EDGE_CURVE ( 'NONE', #248, #5799, #2053, .T. ) ;
#2341 = ORIENTED_EDGE ( 'NONE', *, *, #1105, .F. ) ;
#2342 = CARTESIAN_POINT ( 'NONE',  ( -0.3631849802859700160, -0.5999999999999999778, 0.3985161788879533762 ) ) ;
#2343 = SURFACE_SIDE_STYLE ('',( #6851 ) ) ;
#2344 = CARTESIAN_POINT ( 'NONE',  ( -0.3207212669835971530, -0.5999999999999999778, 0.4799500188939741507 ) ) ;
#2345 =( LENGTH_UNIT ( ) NAMED_UNIT ( * ) SI_UNIT ( .MILLI., .METRE. ) );
#2346 = ORIENTED_EDGE ( 'NONE', *, *, #2383, .F. ) ;
#2347 = FILL_AREA_STYLE ('',( #8627 ) ) ;
#2348 = CARTESIAN_POINT ( 'NONE',  ( -0.3732186441783614250, -0.5999999999999999778, 0.3851240969258026281 ) ) ;
#2349 = CARTESIAN_POINT ( 'NONE',  ( -0.3202013880251991518, -0.6099999999999999867, 0.4218067562135269788 ) ) ;
#2350 = VERTEX_POINT ( 'NONE', #153 ) ;
#2351 = FILL_AREA_STYLE_COLOUR ( '', #9843 ) ;
#2352 = CARTESIAN_POINT ( 'NONE',  ( -0.4049520557843729329, -0.5999999999999999778, 0.3851240969258026281 ) ) ;
#2353 = EDGE_CURVE ( 'NONE', #1300, #9253, #4579, .T. ) ;
#2354 = EDGE_CURVE ( 'NONE', #2642, #1300, #10957, .T. ) ;
#2355 = ORIENTED_EDGE ( 'NONE', *, *, #5853, .T. ) ;
#2356 = VECTOR ( 'NONE', #604, 1000.000000000000000 ) ;
#2357 = SURFACE_STYLE_FILL_AREA ( #5919 ) ;
#2358 = FILL_AREA_STYLE_COLOUR ( '', #2113 ) ;
#2359 = DIRECTION ( 'NONE',  ( 1.000000000000000000, 0.0000000000000000000, 0.0000000000000000000 ) ) ;
#2360 = VERTEX_POINT ( 'NONE', #3073 ) ;
#2361 = CARTESIAN_POINT ( 'NONE',  ( -0.6999999999999999556, -0.5999999999999999778, 0.0000000000000000000 ) ) ;
#2362 = SURFACE_STYLE_FILL_AREA ( #11247 ) ;
#2363 = B_SPLINE_SURFACE_WITH_KNOTS ( 'NONE', 3, 1, ( 
 ( #3232, #5279 ),
 ( #763, #2556 ),
 ( #7237, #10927 ),
 ( #8229, #9111 ) ),
 .UNSPECIFIED., .F., .F., .F.,
 ( 4, 4 ),
 ( 2, 2 ),
 ( 11.00000000000000000, 12.00000000000000000 ),
 ( 0.0000000000000000000, 1.000000000000000000 ),
 .UNSPECIFIED. ) ;
#2364 = VERTEX_POINT ( 'NONE', #5802 ) ;
#2365 = DIRECTION ( 'NONE',  ( -1.000000000000000000, -0.0000000000000000000, -0.0000000000000000000 ) ) ;
#2366 = DIRECTION ( 'NONE',  ( 1.000000000000000000, -0.0000000000000000000, -0.0000000000000000000 ) ) ;
#2367 = FACE_OUTER_BOUND ( 'NONE', #11577, .T. ) ;
#2368 = CARTESIAN_POINT ( 'NONE',  ( -0.2428122063137535813, -0.5999999999999999778, 0.4191033856308563621 ) ) ;
#2369 = EDGE_CURVE ( 'NONE', #2899, #6971, #3041, .T. ) ;
#2370 = LINE ( 'NONE', #3143, #352 ) ;
#2371 = CARTESIAN_POINT ( 'NONE',  ( -0.6437735132930798576, -0.5999999999999999778, 0.4001291401679580306 ) ) ;
#2372 = ORIENTED_EDGE ( 'NONE', *, *, #4568, .F. ) ;
#2373 = CARTESIAN_POINT ( 'NONE',  ( -0.4023422634144800947, -0.5999999999999999778, 0.4854607358502736059 ) ) ;
#2374 = SURFACE_STYLE_FILL_AREA ( #4243 ) ;
#2375 = LINE ( 'NONE', #6059, #7892 ) ;
#2376 = FILL_AREA_STYLE ('',( #9510 ) ) ;
#2377 = ORIENTED_EDGE ( 'NONE', *, *, #10336, .T. ) ;
#2378 = CARTESIAN_POINT ( 'NONE',  ( -0.3805905278051035512, -0.6099999999999999867, 0.4036941733111322206 ) ) ;
#2379 = LINE ( 'NONE', #8828, #2610 ) ;
#2380 = CARTESIAN_POINT ( 'NONE',  ( -0.6304704219466557014, -0.6099999999999999867, 0.4102510558779342009 ) ) ;
#2381 = CARTESIAN_POINT ( 'NONE',  ( -0.4085080278582838842, -0.6099999999999999867, 0.4128232478165279606 ) ) ;
#2382 = LINE ( 'NONE', #697, #2859 ) ;
#2383 = EDGE_CURVE ( 'NONE', #10946, #804, #7680, .T. ) ;
#2384 = VECTOR ( 'NONE', #2176, 999.9999999999998863 ) ;
#2385 = EDGE_LOOP ( 'NONE', ( #6496, #2725, #7201, #7131 ) ) ;
#2386 = CARTESIAN_POINT ( 'NONE',  ( -0.6559198049743579784, -0.5999999999999999778, 0.4316516538674262105 ) ) ;
#2387 = EDGE_CURVE ( 'NONE', #9360, #9356, #8515, .T. ) ;
#2388 = ORIENTED_EDGE ( 'NONE', *, *, #11727, .F. ) ;
#2389 = UNCERTAINTY_MEASURE_WITH_UNIT (LENGTH_MEASURE( 1.000000000000000082E-05 ), #7703, 'distance_accuracy_value', 'NONE');
#2390 = EDGE_CURVE ( 'NONE', #7038, #1230, #891, .T. ) ;
#2391 =( GEOMETRIC_REPRESENTATION_CONTEXT ( 3 ) GLOBAL_UNCERTAINTY_ASSIGNED_CONTEXT ( ( #4551 ) ) GLOBAL_UNIT_ASSIGNED_CONTEXT ( ( #6077, #8668, #2273 ) ) REPRESENTATION_CONTEXT ( 'NONE', 'WORKASPACE' ) );
#2392 = PLANE ( 'NONE',  #6457 ) ;
#2393 = LINE ( 'NONE', #1529, #1801 ) ;
#2394 = CARTESIAN_POINT ( 'NONE',  ( -0.3614797773032129569, -0.6099999999999999867, 0.3937124973144972007 ) ) ;
#2395 = SURFACE_SIDE_STYLE ('',( #10521 ) ) ;
#2396 = CARTESIAN_POINT ( 'NONE',  ( -0.2491443320241174819, -0.5999999999999999778, 0.4015314768451630489 ) ) ;
#2397 = ORIENTED_EDGE ( 'NONE', *, *, #1212, .T. ) ;
#2398 = CARTESIAN_POINT ( 'NONE',  ( -0.3525586543811211060, -0.5999999999999999778, 0.3764941062202255551 ) ) ;
#2399 = SURFACE_SIDE_STYLE ('',( #5051 ) ) ;
#2400 = LINE ( 'NONE', #6906, #9650 ) ;
#2401 = VERTEX_POINT ( 'NONE', #7736 ) ;
#2402 = COLOUR_RGB ( '',1.000000000000000000, 1.000000000000000000, 1.000000000000000000 ) ;
#2403 = SURFACE_STYLE_USAGE ( .BOTH. , #476 ) ;
#2404 = ADVANCED_FACE ( 'NONE', ( #8697 ), #11538, .T. ) ;
#2405 = UNCERTAINTY_MEASURE_WITH_UNIT (LENGTH_MEASURE( 1.000000000000000082E-05 ), #1010, 'distance_accuracy_value', 'NONE');
#2406 = FILL_AREA_STYLE_COLOUR ( '', #872 ) ;
#2407 = CARTESIAN_POINT ( 'NONE',  ( -0.3236949746242013259, -0.5999999999999999778, 0.4825078233679716000 ) ) ;
#2408 = CARTESIAN_POINT ( 'NONE',  ( -0.4080505343750704950, -0.5999999999999999778, 0.4794093447772738159 ) ) ;
#2409 = CARTESIAN_POINT ( 'NONE',  ( -0.4893420873371294166, -0.6099999999999999867, 0.4258677051850371376 ) ) ;
#2410 = VERTEX_POINT ( 'NONE', #3436 ) ;
#2411 = PRESENTATION_LAYER_ASSIGNMENT (  '', '', ( #869 ) ) ;
#2412 = CARTESIAN_POINT ( 'NONE',  ( -0.6090698129254329407, -0.5999999999999999778, 0.4785016348842049405 ) ) ;
#2413 = VERTEX_POINT ( 'NONE', #1727 ) ;
#2414 = PRESENTATION_LAYER_ASSIGNMENT (  '', '', ( #2781 ) ) ;
#2415 = PRESENTATION_LAYER_ASSIGNMENT (  '', '', ( #7930 ) ) ;
#2416 = DIRECTION ( 'NONE',  ( -0.5048830486499209513, 0.0000000000000000000, 0.8631877589412175755 ) ) ;
#2417 = FACE_OUTER_BOUND ( 'NONE', #10059, .T. ) ;
#2418 = AXIS2_PLACEMENT_3D ( 'NONE', #2060, #5744, #2834 ) ;
#2419 = ORIENTED_EDGE ( 'NONE', *, *, #7396, .F. ) ;
#2420 =( GEOMETRIC_REPRESENTATION_CONTEXT ( 3 ) GLOBAL_UNCERTAINTY_ASSIGNED_CONTEXT ( ( #4985 ) ) GLOBAL_UNIT_ASSIGNED_CONTEXT ( ( #7217, #1798, #9787 ) ) REPRESENTATION_CONTEXT ( 'NONE', 'WORKASPACE' ) );
#2421 = SURFACE_SIDE_STYLE ('',( #2357 ) ) ;
#2422 = VECTOR ( 'NONE', #7531, 1000.000000000000000 ) ;
#2423 = UNCERTAINTY_MEASURE_WITH_UNIT (LENGTH_MEASURE( 1.000000000000000082E-05 ), #8399, 'distance_accuracy_value', 'NONE');
#2424 = CARTESIAN_POINT ( 'NONE',  ( -0.3625715231153492923, -0.5999999999999999778, 0.3889504060579250799 ) ) ;
#2425 = VECTOR ( 'NONE', #5606, 1000.000000000000000 ) ;
#2426 = SURFACE_STYLE_FILL_AREA ( #3316 ) ;
#2427 = EDGE_LOOP ( 'NONE', ( #5436, #35, #3280, #3891 ) ) ;
#2428 = CARTESIAN_POINT ( 'NONE',  ( -0.2795676486558151819, -0.5999999999999999778, 0.3904476574573795822 ) ) ;
#2429 = VERTEX_POINT ( 'NONE', #9016 ) ;
#2430 = LINE ( 'NONE', #10623, #2564 ) ;
#2431 = COLOUR_RGB ( '',1.000000000000000000, 1.000000000000000000, 1.000000000000000000 ) ;
#2432 = FILL_AREA_STYLE_COLOUR ( '', #10415 ) ;
#2433 = STYLED_ITEM ( 'NONE', ( #8380 ), #11632 ) ;
#2434 = CARTESIAN_POINT ( 'NONE',  ( -0.4149857196769028977, -0.6099999999999999867, 0.4764564322949717545 ) ) ;
#2435 = B_SPLINE_CURVE_WITH_KNOTS ( 'NONE', 3,
 ( #2323, #4250, #2448, #5220 ),
 .UNSPECIFIED., .F., .F.,
 ( 4, 4 ),
 ( 11.00000000000000000, 12.00000000000000000 ),
 .UNSPECIFIED. ) ;
#2436 =( GEOMETRIC_REPRESENTATION_CONTEXT ( 3 ) GLOBAL_UNCERTAINTY_ASSIGNED_CONTEXT ( ( #9893 ) ) GLOBAL_UNIT_ASSIGNED_CONTEXT ( ( #685, #7056, #8711 ) ) REPRESENTATION_CONTEXT ( 'NONE', 'WORKASPACE' ) );
#2437 = PRESENTATION_LAYER_ASSIGNMENT (  '', '', ( #11511 ) ) ;
#2438 =( LENGTH_UNIT ( ) NAMED_UNIT ( * ) SI_UNIT ( .MILLI., .METRE. ) );
#2439 = CARTESIAN_POINT ( 'NONE',  ( -0.4088511479705551066, -0.6099999999999999867, 0.3874115643415892429 ) ) ;
#2440 = CARTESIAN_POINT ( 'NONE',  ( -0.4166493323429174556, -0.6099999999999999867, 0.4549750337439453785 ) ) ;
#2441 = VERTEX_POINT ( 'NONE', #9673 ) ;
#2442 =( LENGTH_UNIT ( ) NAMED_UNIT ( * ) SI_UNIT ( .MILLI., .METRE. ) );
#2443 = ADVANCED_FACE ( 'NONE', ( #4506 ), #735, .F. ) ;
#2444 = CARTESIAN_POINT ( 'NONE',  ( -0.3254521655027147187, -0.5999999999999999778, 0.3858103371506220181 ) ) ;
#2445 =( LENGTH_UNIT ( ) NAMED_UNIT ( * ) SI_UNIT ( .MILLI., .METRE. ) );
#2446 = DIRECTION ( 'NONE',  ( -0.0000000000000000000, 1.000000000000000000, -0.0000000000000000000 ) ) ;
#2447 =( LENGTH_UNIT ( ) NAMED_UNIT ( * ) SI_UNIT ( .MILLI., .METRE. ) );
#2448 = CARTESIAN_POINT ( 'NONE',  ( -0.4028205520559953179, -0.6099999999999999867, 0.4557652497602775465 ) ) ;
#2449 = MECHANICAL_DESIGN_GEOMETRIC_PRESENTATION_REPRESENTATION (  '', ( #8548 ), #10962 ) ;
#2450 = MECHANICAL_DESIGN_GEOMETRIC_PRESENTATION_REPRESENTATION (  '', ( #10406 ), #5329 ) ;
#2451 =( GEOMETRIC_REPRESENTATION_CONTEXT ( 3 ) GLOBAL_UNCERTAINTY_ASSIGNED_CONTEXT ( ( #3943 ) ) GLOBAL_UNIT_ASSIGNED_CONTEXT ( ( #11141, #8357, #4791 ) ) REPRESENTATION_CONTEXT ( 'NONE', 'WORKASPACE' ) );
#2452 = CARTESIAN_POINT ( 'NONE',  ( -0.6047318514137105527, -0.5999999999999999778, 0.4782124391049557555 ) ) ;
#2453 = B_SPLINE_CURVE_WITH_KNOTS ( 'NONE', 3,
 ( #8404, #8347, #2127, #11021 ),
 .UNSPECIFIED., .F., .F.,
 ( 4, 4 ),
 ( 6.000000000000000000, 7.000000000000000000 ),
 .UNSPECIFIED. ) ;
#2454 = SURFACE_STYLE_FILL_AREA ( #6071 ) ;
#2455 = ORIENTED_EDGE ( 'NONE', *, *, #3858, .T. ) ;
#2456 = STYLED_ITEM ( 'NONE', ( #10643 ), #4784 ) ;
#2457 = PLANE ( 'NONE',  #129 ) ;
#2458 = VECTOR ( 'NONE', #1623, 1000.000000000000000 ) ;
#2459 = SURFACE_SIDE_STYLE ('',( #8780 ) ) ;
#2460 =( GEOMETRIC_REPRESENTATION_CONTEXT ( 3 ) GLOBAL_UNCERTAINTY_ASSIGNED_CONTEXT ( ( #8851 ) ) GLOBAL_UNIT_ASSIGNED_CONTEXT ( ( #6423, #3876, #9286 ) ) REPRESENTATION_CONTEXT ( 'NONE', 'WORKASPACE' ) );
#2461 = CARTESIAN_POINT ( 'NONE',  ( -0.3267570616877308320, -0.6099999999999999867, 0.4896691560166571699 ) ) ;
#2462 =( NAMED_UNIT ( * ) SI_UNIT ( $, .STERADIAN. ) SOLID_ANGLE_UNIT ( ) );
#2463 = ORIENTED_EDGE ( 'NONE', *, *, #2839, .F. ) ;
#2464 = SURFACE_STYLE_FILL_AREA ( #5229 ) ;
#2465 = COLOUR_RGB ( '',0.2509803921568627416, 0.2509803921568627416, 0.2509803921568627416 ) ;
#2466 = CARTESIAN_POINT ( 'NONE',  ( -0.4047025138844651537, -0.6099999999999999867, 0.3906140187237994166 ) ) ;
#2467 = PRESENTATION_LAYER_ASSIGNMENT (  '', '', ( #5349 ) ) ;
#2468 = ORIENTED_EDGE ( 'NONE', *, *, #10686, .F. ) ;
#2469 = VECTOR ( 'NONE', #3025, 1000.000000000000000 ) ;
#2470 = DIRECTION ( 'NONE',  ( -0.0000000000000000000, -0.0000000000000000000, 1.000000000000000000 ) ) ;
#2471 = MECHANICAL_DESIGN_GEOMETRIC_PRESENTATION_REPRESENTATION (  '', ( #923 ), #6453 ) ;
#2472 = LINE ( 'NONE', #9542, #3174 ) ;
#2473 = ORIENTED_EDGE ( 'NONE', *, *, #3092, .F. ) ;
#2474 = CARTESIAN_POINT ( 'NONE',  ( -0.5873800108828248767, -0.5999999999999999778, 0.4064914748928398214 ) ) ;
#2475 = STYLED_ITEM ( 'NONE', ( #8338 ), #3539 ) ;
#2476 = LINE ( 'NONE', #9660, #708 ) ;
#2477 = ORIENTED_EDGE ( 'NONE', *, *, #135, .F. ) ;
#2478 = COLOUR_RGB ( '',1.000000000000000000, 1.000000000000000000, 1.000000000000000000 ) ;
#2479 = SURFACE_STYLE_USAGE ( .BOTH. , #2527 ) ;
#2480 = EDGE_CURVE ( 'NONE', #9728, #1723, #2321, .T. ) ;
#2481 = EDGE_CURVE ( 'NONE', #8724, #2525, #9194, .T. ) ;
#2482 = VERTEX_POINT ( 'NONE', #3782 ) ;
#2483 = CARTESIAN_POINT ( 'NONE',  ( -0.3952823071626931917, -0.6099999999999999867, 0.3916745717986214181 ) ) ;
#2484 = CARTESIAN_POINT ( 'NONE',  ( -0.2844961011790859695, -0.5999999999999999778, 0.4218067562135270343 ) ) ;
#2485 = VERTEX_POINT ( 'NONE', #10126 ) ;
#2486 = ORIENTED_EDGE ( 'NONE', *, *, #10941, .F. ) ;
#2487 = FACE_OUTER_BOUND ( 'NONE', #9986, .T. ) ;
#2488 = CARTESIAN_POINT ( 'NONE',  ( -0.3455402884460780921, -0.6099999999999999867, 0.3930262570896793650 ) ) ;
#2489 = SURFACE_STYLE_USAGE ( .BOTH. , #10679 ) ;
#2490 = ADVANCED_FACE ( 'NONE', ( #6553 ), #908, .F. ) ;
#2491 = FACE_OUTER_BOUND ( 'NONE', #1023, .T. ) ;
#2492 = CARTESIAN_POINT ( 'NONE',  ( -0.2727572343039361691, -0.5999999999999999778, 0.4179804470814046935 ) ) ;
#2493 = ORIENTED_EDGE ( 'NONE', *, *, #7003, .T. ) ;
#2494 = SURFACE_SIDE_STYLE ('',( #3451 ) ) ;
#2495 = SURFACE_STYLE_FILL_AREA ( #8767 ) ;
#2496 = FILL_AREA_STYLE_COLOUR ( '', #7934 ) ;
#2497 = DIRECTION ( 'NONE',  ( -0.3409177962187266431, -0.0000000000000000000, -0.9400931103999042859 ) ) ;
#2498 = CARTESIAN_POINT ( 'NONE',  ( -0.2627755583070236489, -0.5999999999999999778, 0.4066678809517380033 ) ) ;
#2499 = CARTESIAN_POINT ( 'NONE',  ( -0.5995263053219659355, -0.5999999999999999778, 0.3839340662063335796 ) ) ;
#2500 = CARTESIAN_POINT ( 'NONE',  ( -0.3525586543811211060, -0.6099999999999999867, 0.3764941062202255551 ) ) ;
#2501 = EDGE_CURVE ( 'NONE', #9283, #11234, #9138, .T. ) ;
#2502 = PRESENTATION_LAYER_ASSIGNMENT (  '', '', ( #960 ) ) ;
#2503 = COLOUR_RGB ( '',1.000000000000000000, 1.000000000000000000, 1.000000000000000000 ) ;
#2504 = ORIENTED_EDGE ( 'NONE', *, *, #8913, .T. ) ;
#2505 = UNCERTAINTY_MEASURE_WITH_UNIT (LENGTH_MEASURE( 1.000000000000000082E-05 ), #10602, 'distance_accuracy_value', 'NONE');
#2506 = B_SPLINE_CURVE_WITH_KNOTS ( 'NONE', 3,
 ( #8136, #9839, #9943, #1679 ),
 .UNSPECIFIED., .F., .F.,
 ( 4, 4 ),
 ( 22.00000000000000000, 23.00000000000000000 ),
 .UNSPECIFIED. ) ;
#2507 = CARTESIAN_POINT ( 'NONE',  ( -0.3742687996738924272, -0.5999999999999999778, 0.4103070336588581224 ) ) ;
#2508 = FACE_OUTER_BOUND ( 'NONE', #8458, .T. ) ;
#2509 = STYLED_ITEM ( 'NONE', ( #10810 ), #1387 ) ;
#2510 = PRESENTATION_LAYER_ASSIGNMENT (  '', '', ( #7103 ) ) ;
#2511 = CARTESIAN_POINT ( 'NONE',  ( -0.5249133695267967914, -0.5999999999999999778, 0.4035995005517841183 ) ) ;
#2512 = ORIENTED_EDGE ( 'NONE', *, *, #10729, .F. ) ;
#2513 = FACE_OUTER_BOUND ( 'NONE', #6946, .T. ) ;
#2514 = EDGE_CURVE ( 'NONE', #9610, #3641, #2393, .T. ) ;
#2515 = ORIENTED_EDGE ( 'NONE', *, *, #3952, .F. ) ;
#2516 = SURFACE_STYLE_FILL_AREA ( #4430 ) ;
#2517 = CARTESIAN_POINT ( 'NONE',  ( -0.3235806012532589926, -0.6099999999999999867, 0.4592172460423974978 ) ) ;
#2518 = UNCERTAINTY_MEASURE_WITH_UNIT (LENGTH_MEASURE( 1.000000000000000082E-05 ), #1368, 'distance_accuracy_value', 'NONE');
#2519 = CARTESIAN_POINT ( 'NONE',  ( 0.0000000000000000000, -0.6099999999999999867, 0.0000000000000000000 ) ) ;
#2520 =( NAMED_UNIT ( * ) SI_UNIT ( $, .STERADIAN. ) SOLID_ANGLE_UNIT ( ) );
#2521 = CARTESIAN_POINT ( 'NONE',  ( -0.5772581006888517496, -0.6099999999999999867, 0.3665822422234592537 ) ) ;
#2522 = ORIENTED_EDGE ( 'NONE', *, *, #9308, .T. ) ;
#2523 = CARTESIAN_POINT ( 'NONE',  ( -0.5821744592752146064, -0.5999999999999999778, 0.4015751163064785190 ) ) ;
#2524 = LINE ( 'NONE', #4273, #6101 ) ;
#2525 = VERTEX_POINT ( 'NONE', #11509 ) ;
#2526 = CARTESIAN_POINT ( 'NONE',  ( -0.3845312103078911137, -0.6099999999999999867, 0.4900356706821224484 ) ) ;
#2527 = SURFACE_SIDE_STYLE ('',( #8069 ) ) ;
#2528 = ADVANCED_FACE ( 'NONE', ( #4203 ), #2363, .F. ) ;
#2529 = EDGE_LOOP ( 'NONE', ( #5457, #2655, #7489, #4856, #1109, #10614 ) ) ;
#2530 = UNCERTAINTY_MEASURE_WITH_UNIT (LENGTH_MEASURE( 1.000000000000000082E-05 ), #2284, 'distance_accuracy_value', 'NONE');
#2531 = EDGE_CURVE ( 'NONE', #108, #11207, #3464, .T. ) ;
#2532 = VERTEX_POINT ( 'NONE', #818 ) ;
#2533 = EDGE_CURVE ( 'NONE', #11118, #11113, #8047, .T. ) ;
#2534 = LINE ( 'NONE', #9782, #4148 ) ;
#2535 = VERTEX_POINT ( 'NONE', #9921 ) ;
#2536 = LINE ( 'NONE', #8973, #840 ) ;
#2537 = CARTESIAN_POINT ( 'NONE',  ( -0.3496681273738661555, -0.5999999999999999778, 0.3805907524105590634 ) ) ;
#2538 = CARTESIAN_POINT ( 'NONE',  ( -0.3525586543811211060, -0.5999999999999999778, 0.3764941062202255551 ) ) ;
#2539 = PRESENTATION_STYLE_ASSIGNMENT (( #10019 ) ) ;
#2540 = PRESENTATION_STYLE_ASSIGNMENT (( #681 ) ) ;
#2541 = LINE ( 'NONE', #4290, #11106 ) ;
#2542 = FACE_OUTER_BOUND ( 'NONE', #10807, .T. ) ;
#2543 = ORIENTED_EDGE ( 'NONE', *, *, #3200, .F. ) ;
#2544 = CARTESIAN_POINT ( 'NONE',  ( -0.3290601254723822811, -0.5999999999999999778, 0.4910130431234556725 ) ) ;
#2545 = CARTESIAN_POINT ( 'NONE',  ( -0.6333623962878505154, -0.6099999999999999867, 0.4735852790561209114 ) ) ;
#2546 = STYLED_ITEM ( 'NONE', ( #10268 ), #4358 ) ;
#2547 = ORIENTED_EDGE ( 'NONE', *, *, #2022, .T. ) ;
#2548 = LINE ( 'NONE', #1750, #3552 ) ;
#2549 = CARTESIAN_POINT ( 'NONE',  ( -0.6087806143881820953, -0.6099999999999999867, 0.4611498053853264611 ) ) ;
#2550 = FACE_OUTER_BOUND ( 'NONE', #9563, .T. ) ;
#2551 = FACE_OUTER_BOUND ( 'NONE', #3867, .T. ) ;
#2552 = CARTESIAN_POINT ( 'NONE',  ( -0.4085080278582839397, -0.6099999999999999867, 0.4078740001346763400 ) ) ;
#2553 = B_SPLINE_SURFACE_WITH_KNOTS ( 'NONE', 3, 1, ( 
 ( #3634, #166 ),
 ( #11025, #4838 ),
 ( #10266, #9164 ),
 ( #332, #9273 ) ),
 .UNSPECIFIED., .F., .F., .F.,
 ( 4, 4 ),
 ( 2, 2 ),
 ( 3.000000000000000000, 4.000000000000000000 ),
 ( 0.0000000000000000000, 1.000000000000000000 ),
 .UNSPECIFIED. ) ;
#2554 = SURFACE_STYLE_FILL_AREA ( #6298 ) ;
#2555 = PRESENTATION_STYLE_ASSIGNMENT (( #7120 ) ) ;
#2556 = CARTESIAN_POINT ( 'NONE',  ( -0.3950639580002381912, -0.5999999999999999778, 0.4113883818919822910 ) ) ;
#2557 = DIRECTION ( 'NONE',  ( -1.000000000000000000, 0.0000000000000000000, -0.0000000000000000000 ) ) ;
#2558 = FACE_OUTER_BOUND ( 'NONE', #6534, .T. ) ;
#2559 = EDGE_CURVE ( 'NONE', #3427, #1538, #705, .T. ) ;
#2560 = FILL_AREA_STYLE ('',( #4423 ) ) ;
#2561 = ORIENTED_EDGE ( 'NONE', *, *, #4302, .T. ) ;
#2562 = VECTOR ( 'NONE', #3864, 1000.000000000000000 ) ;
#2563 = ORIENTED_EDGE ( 'NONE', *, *, #9969, .F. ) ;
#2564 = VECTOR ( 'NONE', #1561, 1000.000000000000000 ) ;
#2565 = FILL_AREA_STYLE_COLOUR ( '', #7604 ) ;
#2566 = VECTOR ( 'NONE', #3661, 1000.000000000000000 ) ;
#2567 = ORIENTED_EDGE ( 'NONE', *, *, #3475, .F. ) ;
#2568 = SURFACE_SIDE_STYLE ('',( #9883 ) ) ;
#2569 = CARTESIAN_POINT ( 'NONE',  ( -0.3732394393368034802, -0.5999999999999999778, 0.4110348642002829012 ) ) ;
#2570 = FACE_OUTER_BOUND ( 'NONE', #8479, .T. ) ;
#2571 = ADVANCED_FACE ( 'NONE', ( #3636 ), #2791, .F. ) ;
#2572 = EDGE_CURVE ( 'NONE', #1546, #5651, #9968, .T. ) ;
#2573 = LINE ( 'NONE', #1779, #5900 ) ;
#2574 = ORIENTED_EDGE ( 'NONE', *, *, #9589, .F. ) ;
#2575 = CARTESIAN_POINT ( 'NONE',  ( -0.2689101300135118278, -0.5999999999999999778, 0.4210997208304051442 ) ) ;
#2576 = ORIENTED_EDGE ( 'NONE', *, *, #2559, .F. ) ;
#2577 =( NAMED_UNIT ( * ) SI_UNIT ( $, .STERADIAN. ) SOLID_ANGLE_UNIT ( ) );
#2578 = AXIS2_PLACEMENT_3D ( 'NONE', #10092, #329, #5629 ) ;
#2579 = B_SPLINE_CURVE_WITH_KNOTS ( 'NONE', 3,
 ( #5254, #7803, #10380, #9680 ),
 .UNSPECIFIED., .F., .F.,
 ( 4, 4 ),
 ( 9.000000000000000000, 10.00000000000000000 ),
 .UNSPECIFIED. ) ;
#2580 = DIRECTION ( 'NONE',  ( 0.3315284183576436283, -0.0000000000000000000, 0.9434452330799490971 ) ) ;
#2581 = ORIENTED_EDGE ( 'NONE', *, *, #3952, .T. ) ;
#2582 = ADVANCED_FACE ( 'NONE', ( #1886 ), #2847, .F. ) ;
#2583 =( NAMED_UNIT ( * ) SI_UNIT ( $, .STERADIAN. ) SOLID_ANGLE_UNIT ( ) );
#2584 = EDGE_LOOP ( 'NONE', ( #7413, #8846, #6399, #4584 ) ) ;
#2585 = LINE ( 'NONE', #4395, #4382 ) ;
#2586 = CARTESIAN_POINT ( 'NONE',  ( -0.3628730529110148484, -0.5999999999999999778, 0.4142373185824930748 ) ) ;
#2587 = STYLED_ITEM ( 'NONE', ( #5242 ), #11560 ) ;
#2588 =( GEOMETRIC_REPRESENTATION_CONTEXT ( 3 ) GLOBAL_UNCERTAINTY_ASSIGNED_CONTEXT ( ( #5182 ) ) GLOBAL_UNIT_ASSIGNED_CONTEXT ( ( #2938, #6669, #1174 ) ) REPRESENTATION_CONTEXT ( 'NONE', 'WORKASPACE' ) );
#2589 = VECTOR ( 'NONE', #8021, 1000.000000000000000 ) ;
#2590 = CARTESIAN_POINT ( 'NONE',  ( -0.3758180389692417633, -0.6099999999999999867, 0.4063143632603143929 ) ) ;
#2591 =( NAMED_UNIT ( * ) SI_UNIT ( $, .STERADIAN. ) SOLID_ANGLE_UNIT ( ) );
#2592 = CARTESIAN_POINT ( 'NONE',  ( -0.4105147606367068325, -0.6099999999999999867, 0.3889296108993458012 ) ) ;
#2593 = VERTEX_POINT ( 'NONE', #9689 ) ;
#2594 = DIRECTION ( 'NONE',  ( -1.000000000000000000, 0.0000000000000000000, -0.0000000000000000000 ) ) ;
#2595 = PRESENTATION_STYLE_ASSIGNMENT (( #8216 ) ) ;
#2596 = LINE ( 'NONE', #6289, #6363 ) ;
#2597 = CARTESIAN_POINT ( 'NONE',  ( -0.3198478703337772067, -0.6099999999999999867, 0.4560355868184891026 ) ) ;
#2598 = STYLED_ITEM ( 'NONE', ( #3579 ), #8343 ) ;
#2599 = LINE ( 'NONE', #8158, #9648 ) ;
#2600 = CARTESIAN_POINT ( 'NONE',  ( -0.5995263053219659355, -0.6099999999999999867, 0.4064914748928398214 ) ) ;
#2601 = PRESENTATION_LAYER_ASSIGNMENT (  '', '', ( #8134 ) ) ;
#2602 = SURFACE_STYLE_USAGE ( .BOTH. , #871 ) ;
#2603 = EDGE_CURVE ( 'NONE', #7877, #3641, #6206, .T. ) ;
#2604 =( GEOMETRIC_REPRESENTATION_CONTEXT ( 3 ) GLOBAL_UNCERTAINTY_ASSIGNED_CONTEXT ( ( #11407 ) ) GLOBAL_UNIT_ASSIGNED_CONTEXT ( ( #131, #10709, #1905 ) ) REPRESENTATION_CONTEXT ( 'NONE', 'WORKASPACE' ) );
#2605 = EDGE_CURVE ( 'NONE', #2956, #209, #5054, .T. ) ;
#2606 = DIRECTION ( 'NONE',  ( 1.000000000000000000, -0.0000000000000000000, -0.0000000000000000000 ) ) ;
#2607 = CARTESIAN_POINT ( 'NONE',  ( -0.6047318514137105527, -0.6099999999999999867, 0.4782124391049557555 ) ) ;
#2608 = DIRECTION ( 'NONE',  ( -0.0000000000000000000, 1.000000000000000000, -0.0000000000000000000 ) ) ;
#2609 = ORIENTED_EDGE ( 'NONE', *, *, #8942, .F. ) ;
#2610 = VECTOR ( 'NONE', #4298, 1000.000000000000000 ) ;
#2611 = PRESENTATION_STYLE_ASSIGNMENT (( #10864 ) ) ;
#2612 = CARTESIAN_POINT ( 'NONE',  ( -0.3739568722989369265, -0.6099999999999999867, 0.4041100764777403320 ) ) ;
#2613 = VECTOR ( 'NONE', #9947, 1000.000000000000000 ) ;
#2614 =( LENGTH_UNIT ( ) NAMED_UNIT ( * ) SI_UNIT ( .MILLI., .METRE. ) );
#2615 = EDGE_LOOP ( 'NONE', ( #345, #9688, #1535, #418, #5322, #7480, #4724, #3817, #8858, #5043, #9827, #1809 ) ) ;
#2616 =( LENGTH_UNIT ( ) NAMED_UNIT ( * ) SI_UNIT ( .MILLI., .METRE. ) );
#2617 = CARTESIAN_POINT ( 'NONE',  ( -0.3733538127074671475, -0.6099999999999999867, 0.3985785643628607655 ) ) ;
#2618 = STYLED_ITEM ( 'NONE', ( #5691 ), #9478 ) ;
#2619 = ORIENTED_EDGE ( 'NONE', *, *, #6840, .F. ) ;
#2620 = EDGE_CURVE ( 'NONE', #8547, #9765, #1283, .T. ) ;
#2621 =( GEOMETRIC_REPRESENTATION_CONTEXT ( 3 ) GLOBAL_UNCERTAINTY_ASSIGNED_CONTEXT ( ( #598 ) ) GLOBAL_UNIT_ASSIGNED_CONTEXT ( ( #1729, #601, #7837 ) ) REPRESENTATION_CONTEXT ( 'NONE', 'WORKASPACE' ) );
#2622 = CARTESIAN_POINT ( 'NONE',  ( -0.3544926041054858312, -0.5999999999999999778, 0.3721271229716806572 ) ) ;
#2623 = SURFACE_SIDE_STYLE ('',( #8956 ) ) ;
#2624 = PRESENTATION_LAYER_ASSIGNMENT (  '', '', ( #346 ) ) ;
#2625 = EDGE_LOOP ( 'NONE', ( #579, #2301, #6413, #10085, #3667, #1987, #8383, #4982 ) ) ;
#2626 = UNCERTAINTY_MEASURE_WITH_UNIT (LENGTH_MEASURE( 1.000000000000000082E-05 ), #4643, 'distance_accuracy_value', 'NONE');
#2627 = SURFACE_SIDE_STYLE ('',( #8004 ) ) ;
#2628 =( GEOMETRIC_REPRESENTATION_CONTEXT ( 3 ) GLOBAL_UNCERTAINTY_ASSIGNED_CONTEXT ( ( #4804 ) ) GLOBAL_UNIT_ASSIGNED_CONTEXT ( ( #4214, #11352, #8854 ) ) REPRESENTATION_CONTEXT ( 'NONE', 'WORKASPACE' ) );
#2629 = DIRECTION ( 'NONE',  ( -1.000000000000000000, 0.0000000000000000000, 0.0000000000000000000 ) ) ;
#2630 = EDGE_LOOP ( 'NONE', ( #5771, #10298, #3885, #10269 ) ) ;
#2631 = VECTOR ( 'NONE', #5375, 1000.000000000000000 ) ;
#2632 =( LENGTH_UNIT ( ) NAMED_UNIT ( * ) SI_UNIT ( .MILLI., .METRE. ) );
#2633 = COLOUR_RGB ( '',1.000000000000000000, 1.000000000000000000, 1.000000000000000000 ) ;
#2634 = ORIENTED_EDGE ( 'NONE', *, *, #7473, .T. ) ;
#2635 = EDGE_CURVE ( 'NONE', #424, #3240, #3275, .T. ) ;
#2636 = PRESENTATION_LAYER_ASSIGNMENT (  '', '', ( #4375 ) ) ;
#2637 = CARTESIAN_POINT ( 'NONE',  ( -0.3290601254723822811, -0.5999999999999999778, 0.4910130431234556725 ) ) ;
#2638 = UNCERTAINTY_MEASURE_WITH_UNIT (LENGTH_MEASURE( 1.000000000000000082E-05 ), #2001, 'distance_accuracy_value', 'NONE');
#2639 = AXIS2_PLACEMENT_3D ( 'NONE', #10452, #6815, #2313 ) ;
#2640 = CARTESIAN_POINT ( 'NONE',  ( -0.4717010372369847548, -0.5999999999999999778, 0.4435087442531740476 ) ) ;
#2641 = MECHANICAL_DESIGN_GEOMETRIC_PRESENTATION_REPRESENTATION (  '', ( #5361 ), #5738 ) ;
#2642 = VERTEX_POINT ( 'NONE', #9578 ) ;
#2643 = FILL_AREA_STYLE ('',( #8813 ) ) ;
#2644 = DIRECTION ( 'NONE',  ( 1.000000000000000000, 0.0000000000000000000, 0.0000000000000000000 ) ) ;
#2645 = ORIENTED_EDGE ( 'NONE', *, *, #6784, .T. ) ;
#2646 = CARTESIAN_POINT ( 'NONE',  ( 0.6999999999999999556, 0.5999999999999999778, -0.05000000000000000278 ) ) ;
#2647 = CARTESIAN_POINT ( 'NONE',  ( -0.3805905278051035512, -0.5999999999999999778, 0.4036941733111322206 ) ) ;
#2648 = ORIENTED_EDGE ( 'NONE', *, *, #6556, .F. ) ;
#2649 = FILL_AREA_STYLE ('',( #8027 ) ) ;
#2650 = AXIS2_PLACEMENT_3D ( 'NONE', #6034, #771, #11363 ) ;
#2651 = ADVANCED_FACE ( 'NONE', ( #5943 ), #10326, .T. ) ;
#2652 = DIRECTION ( 'NONE',  ( -1.000000000000000000, 0.0000000000000000000, 0.0000000000000000000 ) ) ;
#2653 = CARTESIAN_POINT ( 'NONE',  ( -0.6055994470256020890, -0.6099999999999999867, 0.4247109275837678832 ) ) ;
#2654 = CARTESIAN_POINT ( 'NONE',  ( -0.3986511228114650307, -0.6099999999999999867, 0.4869579872497272754 ) ) ;
#2655 = ORIENTED_EDGE ( 'NONE', *, *, #10773, .T. ) ;
#2656 = LINE ( 'NONE', #6342, #9110 ) ;
#2657 =( LENGTH_UNIT ( ) NAMED_UNIT ( * ) SI_UNIT ( .MILLI., .METRE. ) );
#2658 =( LENGTH_UNIT ( ) NAMED_UNIT ( * ) SI_UNIT ( .MILLI., .METRE. ) );
#2659 = PRESENTATION_STYLE_ASSIGNMENT (( #752 ) ) ;
#2660 = SURFACE_STYLE_USAGE ( .BOTH. , #2943 ) ;
#2661 = ORIENTED_EDGE ( 'NONE', *, *, #2251, .T. ) ;
#2662 = CARTESIAN_POINT ( 'NONE',  ( -0.2425938571515761644, -0.6099999999999999867, 0.4200599629138868085 ) ) ;
#2663 =( LENGTH_UNIT ( ) NAMED_UNIT ( * ) SI_UNIT ( .MILLI., .METRE. ) );
#2664 = CARTESIAN_POINT ( 'NONE',  ( -0.2806593944678126840, -0.6099999999999999867, 0.4503377134371886470 ) ) ;
#2665 = FACE_BOUND ( 'NONE', #609, .T. ) ;
#2666 = FILL_AREA_STYLE ('',( #1813 ) ) ;
#2667 = EDGE_CURVE ( 'NONE', #69, #10701, #11717, .T. ) ;
#2668 = SURFACE_STYLE_USAGE ( .BOTH. , #3573 ) ;
#2669 = CARTESIAN_POINT ( 'NONE',  ( -0.4021343118311778153, -0.6099999999999999867, 0.3851240969258026281 ) ) ;
#2670 = CARTESIAN_POINT ( 'NONE',  ( -0.3778039765893612678, -0.5999999999999999778, 0.4132183558245551280 ) ) ;
#2671 = ORIENTED_EDGE ( 'NONE', *, *, #1968, .F. ) ;
#2672 = CARTESIAN_POINT ( 'NONE',  ( -0.4008138192774340913, -0.6099999999999999867, 0.3893039237493470806 ) ) ;
#2673 = CARTESIAN_POINT ( 'NONE',  ( -0.3811000091840733850, -0.5999999999999999778, 0.3868292999085612416 ) ) ;
#2674 =( GEOMETRIC_REPRESENTATION_CONTEXT ( 3 ) GLOBAL_UNCERTAINTY_ASSIGNED_CONTEXT ( ( #8838 ) ) GLOBAL_UNIT_ASSIGNED_CONTEXT ( ( #5877, #10332, #7523 ) ) REPRESENTATION_CONTEXT ( 'NONE', 'WORKASPACE' ) );
#2675 = FILL_AREA_STYLE ('',( #3693 ) ) ;
#2676 = ADVANCED_FACE ( 'NONE', ( #7107 ), #542, .F. ) ;
#2677 = PRESENTATION_STYLE_ASSIGNMENT (( #8993 ) ) ;
#2678 = ADVANCED_FACE ( 'NONE', ( #4401 ), #9854, .F. ) ;
#2679 = EDGE_LOOP ( 'NONE', ( #11274, #5805, #5676, #4737, #10539, #1746, #4438 ) ) ;
#2680 =( NAMED_UNIT ( * ) PLANE_ANGLE_UNIT ( ) SI_UNIT ( $, .RADIAN. ) );
#2681 = FILL_AREA_STYLE ('',( #5067 ) ) ;
#2682 = PRESENTATION_STYLE_ASSIGNMENT (( #824 ) ) ;
#2683 = ORIENTED_EDGE ( 'NONE', *, *, #2635, .F. ) ;
#2684 =( LENGTH_UNIT ( ) NAMED_UNIT ( * ) SI_UNIT ( .MILLI., .METRE. ) );
#2685 =( GEOMETRIC_REPRESENTATION_CONTEXT ( 3 ) GLOBAL_UNCERTAINTY_ASSIGNED_CONTEXT ( ( #2505 ) ) GLOBAL_UNIT_ASSIGNED_CONTEXT ( ( #10602, #3534, #2520 ) ) REPRESENTATION_CONTEXT ( 'NONE', 'WORKASPACE' ) );
#2686 = ORIENTED_EDGE ( 'NONE', *, *, #6351, .F. ) ;
#2687 = STYLED_ITEM ( 'NONE', ( #6014 ), #1785 ) ;
#2688 = CARTESIAN_POINT ( 'NONE',  ( -0.4380995381566284985, -0.6099999999999999867, 0.4910130431234555615 ) ) ;
#2689 = CARTESIAN_POINT ( 'NONE',  ( -0.2394121979273902967, -0.5999999999999999778, 0.4264856668368887105 ) ) ;
#2690 = ORIENTED_EDGE ( 'NONE', *, *, #4976, .F. ) ;
#2691 = PRESENTATION_STYLE_ASSIGNMENT (( #5540 ) ) ;
#2692 = DIRECTION ( 'NONE',  ( -0.3559357243698748618, -0.0000000000000000000, 0.9345104387417471070 ) ) ;
#2693 = SURFACE_STYLE_USAGE ( .BOTH. , #5653 ) ;
#2694 =( GEOMETRIC_REPRESENTATION_CONTEXT ( 3 ) GLOBAL_UNCERTAINTY_ASSIGNED_CONTEXT ( ( #10489 ) ) GLOBAL_UNIT_ASSIGNED_CONTEXT ( ( #7813, #1208, #3037 ) ) REPRESENTATION_CONTEXT ( 'NONE', 'WORKASPACE' ) );
#2695 = COLOUR_RGB ( '',1.000000000000000000, 1.000000000000000000, 1.000000000000000000 ) ;
#2696 = ORIENTED_EDGE ( 'NONE', *, *, #2147, .F. ) ;
#2697 = CARTESIAN_POINT ( 'NONE',  ( 0.6999999999999999556, 0.5999999999999999778, -0.05000000000000000278 ) ) ;
#2698 = STYLED_ITEM ( 'NONE', ( #5824 ), #112 ) ;
#2699 = SURFACE_STYLE_FILL_AREA ( #8917 ) ;
#2700 = DIRECTION ( 'NONE',  ( -0.0000000000000000000, 1.000000000000000000, -0.0000000000000000000 ) ) ;
#2701 = STYLED_ITEM ( 'NONE', ( #6999 ), #1760 ) ;
#2702 = ORIENTED_EDGE ( 'NONE', *, *, #6084, .T. ) ;
#2703 = SURFACE_SIDE_STYLE ('',( #83 ) ) ;
#2704 = VERTEX_POINT ( 'NONE', #8090 ) ;
#2705 = CARTESIAN_POINT ( 'NONE',  ( -0.2682966728430296599, -0.6099999999999999867, 0.4115963334752861247 ) ) ;
#2706 = ADVANCED_FACE ( 'NONE', ( #11652 ), #1570, .F. ) ;
#2707 = DIRECTION ( 'NONE',  ( 1.000000000000000000, 0.0000000000000000000, 0.0000000000000000000 ) ) ;
#2708 = CARTESIAN_POINT ( 'NONE',  ( -0.3910089021266485720, -0.5999999999999999778, 0.4543303838357317104 ) ) ;
#2709 = B_SPLINE_CURVE_WITH_KNOTS ( 'NONE', 3,
 ( #10593, #11513, #2398, #8728 ),
 .UNSPECIFIED., .F., .F.,
 ( 4, 4 ),
 ( 5.000000000000000000, 6.000000000000000000 ),
 .UNSPECIFIED. ) ;
#2710 =( NAMED_UNIT ( * ) PLANE_ANGLE_UNIT ( ) SI_UNIT ( $, .RADIAN. ) );
#2711 = SURFACE_STYLE_USAGE ( .BOTH. , #10849 ) ;
#2712 = CARTESIAN_POINT ( 'NONE',  ( -0.3811000091840733295, -0.6099999999999999867, 0.3868292999085612971 ) ) ;
#2713 = ORIENTED_EDGE ( 'NONE', *, *, #6692, .T. ) ;
#2714 =( NAMED_UNIT ( * ) SI_UNIT ( $, .STERADIAN. ) SOLID_ANGLE_UNIT ( ) );
#2715 = SURFACE_STYLE_USAGE ( .BOTH. , #3620 ) ;
#2716 =( NAMED_UNIT ( * ) SI_UNIT ( $, .STERADIAN. ) SOLID_ANGLE_UNIT ( ) );
#2717 = DIRECTION ( 'NONE',  ( -1.000000000000000000, -0.0000000000000000000, -0.0000000000000000000 ) ) ;
#2718 = VERTEX_POINT ( 'NONE', #9388 ) ;
#2719 = DIRECTION ( 'NONE',  ( -1.000000000000000000, 0.0000000000000000000, 0.0000000000000000000 ) ) ;
#2720 = CARTESIAN_POINT ( 'NONE',  ( -0.3742687996738924272, -0.6099999999999999867, 0.4103070336588581224 ) ) ;
#2721 = SURFACE_STYLE_USAGE ( .BOTH. , #9802 ) ;
#2722 = VECTOR ( 'NONE', #1204, 1000.000000000000000 ) ;
#2723 = CARTESIAN_POINT ( 'NONE',  ( -0.6423275178485461367, -0.6099999999999999867, 0.4646201574951478452 ) ) ;
#2724 = FILL_AREA_STYLE_COLOUR ( '', #10385 ) ;
#2725 = ORIENTED_EDGE ( 'NONE', *, *, #4771, .F. ) ;
#2726 = FACE_OUTER_BOUND ( 'NONE', #7843, .T. ) ;
#2727 = DIRECTION ( 'NONE',  ( 0.0000000000000000000, 1.000000000000000000, 0.0000000000000000000 ) ) ;
#2728 = ADVANCED_FACE ( 'NONE', ( #5624 ), #2058, .F. ) ;
#2729 = CARTESIAN_POINT ( 'NONE',  ( -0.5237565753775157429, -0.6099999999999999867, 0.4197945689974049710 ) ) ;
#2730 = ORIENTED_EDGE ( 'NONE', *, *, #5374, .F. ) ;
#2731 = LINE ( 'NONE', #8238, #5532 ) ;
#2732 =( NAMED_UNIT ( * ) PLANE_ANGLE_UNIT ( ) SI_UNIT ( $, .RADIAN. ) );
#2733 = COLOUR_RGB ( '',1.000000000000000000, 1.000000000000000000, 1.000000000000000000 ) ;
#2734 = ORIENTED_EDGE ( 'NONE', *, *, #2797, .T. ) ;
#2735 = ADVANCED_FACE ( 'NONE', ( #10023 ), #8403, .T. ) ;
#2736 = B_SPLINE_SURFACE_WITH_KNOTS ( 'NONE', 3, 1, ( 
 ( #2552, #6621 ),
 ( #2050, #1979 ),
 ( #5735, #9203 ),
 ( #4698, #1125 ) ),
 .UNSPECIFIED., .F., .F., .F.,
 ( 4, 4 ),
 ( 2, 2 ),
 ( 12.00000000000000000, 13.00000000000000000 ),
 ( 0.0000000000000000000, 1.000000000000000000 ),
 .UNSPECIFIED. ) ;
#2737 = FILL_AREA_STYLE ('',( #4489 ) ) ;
#2738 = SURFACE_STYLE_USAGE ( .BOTH. , #2623 ) ;
#2739 = ORIENTED_EDGE ( 'NONE', *, *, #10288, .F. ) ;
#2740 = UNCERTAINTY_MEASURE_WITH_UNIT (LENGTH_MEASURE( 1.000000000000000082E-05 ), #8713, 'distance_accuracy_value', 'NONE');
#2741 =( LENGTH_UNIT ( ) NAMED_UNIT ( * ) SI_UNIT ( .MILLI., .METRE. ) );
#2742 =( NAMED_UNIT ( * ) PLANE_ANGLE_UNIT ( ) SI_UNIT ( $, .RADIAN. ) );
#2743 = PRESENTATION_STYLE_ASSIGNMENT (( #9127 ) ) ;
#2744 = VECTOR ( 'NONE', #11475, 1000.000000000000000 ) ;
#2745 = CARTESIAN_POINT ( 'NONE',  ( -0.3356729858201081829, -0.5999999999999999778, 0.4549750337439453785 ) ) ;
#2746 = EDGE_LOOP ( 'NONE', ( #10378, #7140, #7261, #190 ) ) ;
#2747 =( LENGTH_UNIT ( ) NAMED_UNIT ( * ) SI_UNIT ( .MILLI., .METRE. ) );
#2748 = SURFACE_STYLE_USAGE ( .BOTH. , #10067 ) ;
#2749 = SURFACE_STYLE_FILL_AREA ( #6499 ) ;
#2750 = VECTOR ( 'NONE', #7075, 1000.000000000000000 ) ;
#2751 = ORIENTED_EDGE ( 'NONE', *, *, #9804, .F. ) ;
#2752 = EDGE_CURVE ( 'NONE', #6748, #377, #7683, .T. ) ;
#2753 = UNCERTAINTY_MEASURE_WITH_UNIT (LENGTH_MEASURE( 1.000000000000000082E-05 ), #8486, 'distance_accuracy_value', 'NONE');
#2754 = CARTESIAN_POINT ( 'NONE',  ( -0.3880040017484512882, -0.6099999999999999867, 0.3858103371506220181 ) ) ;
#2755 = DIRECTION ( 'NONE',  ( 0.0000000000000000000, 0.0000000000000000000, 1.000000000000000000 ) ) ;
#2756 = FILL_AREA_STYLE_COLOUR ( '', #6870 ) ;
#2757 = ORIENTED_EDGE ( 'NONE', *, *, #4509, .F. ) ;
#2758 = MECHANICAL_DESIGN_GEOMETRIC_PRESENTATION_REPRESENTATION (  '', ( #1029 ), #2968 ) ;
#2759 = CARTESIAN_POINT ( 'NONE',  ( -0.4038460133009212916, -0.6099999999999999867, 0.4148533751480756315 ) ) ;
#2760 = LINE ( 'NONE', #2045, #3221 ) ;
#2761 = ORIENTED_EDGE ( 'NONE', *, *, #8887, .F. ) ;
#2762 = CARTESIAN_POINT ( 'NONE',  ( -0.5844880310256262979, -0.5999999999999999778, 0.4247109275837678832 ) ) ;
#2763 =( GEOMETRIC_REPRESENTATION_CONTEXT ( 3 ) GLOBAL_UNCERTAINTY_ASSIGNED_CONTEXT ( ( #5292 ) ) GLOBAL_UNIT_ASSIGNED_CONTEXT ( ( #6897, #10338, #7706 ) ) REPRESENTATION_CONTEXT ( 'NONE', 'WORKASPACE' ) );
#2764 = LINE ( 'NONE', #8202, #2631 ) ;
#2765 = LINE ( 'NONE', #1865, #1086 ) ;
#2766 = B_SPLINE_CURVE_WITH_KNOTS ( 'NONE', 3,
 ( #1890, #2793, #1765, #5583 ),
 .UNSPECIFIED., .F., .F.,
 ( 4, 4 ),
 ( 3.000000000000000000, 4.000000000000000000 ),
 .UNSPECIFIED. ) ;
#2767 = PRESENTATION_LAYER_ASSIGNMENT (  '', '', ( #7922 ) ) ;
#2768 = VECTOR ( 'NONE', #4654, 1000.000000000000000 ) ;
#2769 = VECTOR ( 'NONE', #3196, 1000.000000000000000 ) ;
#2770 = CARTESIAN_POINT ( 'NONE',  ( -0.3758180389692417633, -0.5999999999999999778, 0.4074788921266491726 ) ) ;
#2771 = CARTESIAN_POINT ( 'NONE',  ( -0.4380995381566284985, -0.6099999999999999867, 0.4264856668368887105 ) ) ;
#2772 = CARTESIAN_POINT ( 'NONE',  ( -0.3588283946165762295, -0.6099999999999999867, 0.4148611733324051309 ) ) ;
#2773 = ORIENTED_EDGE ( 'NONE', *, *, #7967, .F. ) ;
#2774 = CARTESIAN_POINT ( 'NONE',  ( -0.5896935881493786669, -0.6099999999999999867, 0.4906479279443450303 ) ) ;
#2775 = CARTESIAN_POINT ( 'NONE',  ( -0.3567800715214093921, -0.5999999999999999778, 0.3766812626452276103 ) ) ;
#2776 = EDGE_LOOP ( 'NONE', ( #3285, #3067, #10504, #176 ) ) ;
#2777 = FACE_OUTER_BOUND ( 'NONE', #9418, .T. ) ;
#2778 = PRESENTATION_LAYER_ASSIGNMENT (  '', '', ( #8712 ) ) ;
#2779 = CARTESIAN_POINT ( 'NONE',  ( -0.2864300509034490294, -0.6099999999999999867, 0.4660588531320066785 ) ) ;
#2780 = FILL_AREA_STYLE ('',( #5570 ) ) ;
#2781 = STYLED_ITEM ( 'NONE', ( #8118 ), #8126 ) ;
#2782 = PRESENTATION_LAYER_ASSIGNMENT (  '', '', ( #11488 ) ) ;
#2783 = ADVANCED_FACE ( 'NONE', ( #324 ), #5555, .F. ) ;
#2784 = EDGE_CURVE ( 'NONE', #4147, #9610, #5210, .T. ) ;
#2785 = FILL_AREA_STYLE ('',( #1818 ) ) ;
#2786 = DIRECTION ( 'NONE',  ( -1.000000000000000000, -0.0000000000000000000, -0.0000000000000000000 ) ) ;
#2787 = LINE ( 'NONE', #3866, #3407 ) ;
#2788 = VERTEX_POINT ( 'NONE', #10978 ) ;
#2789 = CARTESIAN_POINT ( 'NONE',  ( -0.2416372798685456624, -0.6099999999999999867, 0.4184379405646173056 ) ) ;
#2790 =( NAMED_UNIT ( * ) PLANE_ANGLE_UNIT ( ) SI_UNIT ( $, .RADIAN. ) );
#2791 = PLANE ( 'NONE',  #6808 ) ;
#2792 = PLANE ( 'NONE',  #888 ) ;
#2793 = CARTESIAN_POINT ( 'NONE',  ( -0.2935315974718414878, -0.6099999999999999867, 0.4845873392007309377 ) ) ;
#2794 = ORIENTED_EDGE ( 'NONE', *, *, #995, .F. ) ;
#2795 = CARTESIAN_POINT ( 'NONE',  ( -0.4113465669697827787, -0.6099999999999999867, 0.3990152626877707664 ) ) ;
#2796 = VERTEX_POINT ( 'NONE', #3809 ) ;
#2797 = EDGE_CURVE ( 'NONE', #6141, #9044, #4037, .T. ) ;
#2798 = CARTESIAN_POINT ( 'NONE',  ( -0.4017080110855572594, -0.5999999999999999778, 0.4030703185614989414 ) ) ;
#2799 = SURFACE_STYLE_FILL_AREA ( #3941 ) ;
#2800 = EDGE_LOOP ( 'NONE', ( #134, #10315, #6112, #10312 ) ) ;
#2801 = STYLED_ITEM ( 'NONE', ( #11523 ), #5421 ) ;
#2802 = SURFACE_STYLE_USAGE ( .BOTH. , #10060 ) ;
#2803 =( NAMED_UNIT ( * ) SI_UNIT ( $, .STERADIAN. ) SOLID_ANGLE_UNIT ( ) );
#2804 = VERTEX_POINT ( 'NONE', #8749 ) ;
#2805 = CARTESIAN_POINT ( 'NONE',  ( -0.3845312103078911137, -0.6099999999999999867, 0.4520221212616433726 ) ) ;
#2806 = SURFACE_STYLE_USAGE ( .BOTH. , #77 ) ;
#2807 = COLOUR_RGB ( '',1.000000000000000000, 1.000000000000000000, 1.000000000000000000 ) ;
#2808 = ORIENTED_EDGE ( 'NONE', *, *, #9162, .T. ) ;
#2809 = STYLED_ITEM ( 'NONE', ( #81 ), #9667 ) ;
#2810 =( NAMED_UNIT ( * ) PLANE_ANGLE_UNIT ( ) SI_UNIT ( $, .RADIAN. ) );
#2811 = VERTEX_POINT ( 'NONE', #7850 ) ;
#2812 = PLANE ( 'NONE',  #6467 ) ;
#2813 = CARTESIAN_POINT ( 'NONE',  ( -0.5231781893348829149, -0.6099999999999999867, 0.4033103075305376484 ) ) ;
#2814 = ORIENTED_EDGE ( 'NONE', *, *, #6912, .F. ) ;
#2815 = SURFACE_STYLE_FILL_AREA ( #11008 ) ;
#2816 = EDGE_CURVE ( 'NONE', #10214, #6627, #384, .T. ) ;
#2817 = DIRECTION ( 'NONE',  ( 0.0000000000000000000, 0.0000000000000000000, -1.000000000000000000 ) ) ;
#2818 = EDGE_CURVE ( 'NONE', #9925, #11613, #10313, .T. ) ;
#2819 = CARTESIAN_POINT ( 'NONE',  ( -0.3941177782963601328, -0.6099999999999999867, 0.4869579872497272754 ) ) ;
#2820 = CARTESIAN_POINT ( 'NONE',  ( -0.2729963786244171131, -0.5999999999999999778, 0.4246972832206435400 ) ) ;
#2821 = CARTESIAN_POINT ( 'NONE',  ( -0.2689101300135118278, -0.5999999999999999778, 0.4210997208304051442 ) ) ;
#2822 = PRESENTATION_LAYER_ASSIGNMENT (  '', '', ( #9670 ) ) ;
#2823 = B_SPLINE_CURVE_WITH_KNOTS ( 'NONE', 3,
 ( #271, #7412, #167, #5511 ),
 .UNSPECIFIED., .F., .F.,
 ( 4, 4 ),
 ( 18.00000000000000000, 19.00000000000000000 ),
 .UNSPECIFIED. ) ;
#2824 =( GEOMETRIC_REPRESENTATION_CONTEXT ( 3 ) GLOBAL_UNCERTAINTY_ASSIGNED_CONTEXT ( ( #10832 ) ) GLOBAL_UNIT_ASSIGNED_CONTEXT ( ( #3807, #11136, #5686 ) ) REPRESENTATION_CONTEXT ( 'NONE', 'WORKASPACE' ) );
#2825 = VECTOR ( 'NONE', #1122, 1000.000000000000000 ) ;
#2826 = FILL_AREA_STYLE ('',( #257 ) ) ;
#2827 = CARTESIAN_POINT ( 'NONE',  ( -0.6437735132930798576, -0.6099999999999999867, 0.4001291401679580306 ) ) ;
#2828 = ORIENTED_EDGE ( 'NONE', *, *, #7543, .T. ) ;
#2829 = STYLED_ITEM ( 'NONE', ( #4598 ), #10124 ) ;
#2830 = PRESENTATION_STYLE_ASSIGNMENT (( #3077 ) ) ;
#2831 = FACE_OUTER_BOUND ( 'NONE', #6650, .T. ) ;
#2832 = SURFACE_SIDE_STYLE ('',( #979 ) ) ;
#2833 = EDGE_LOOP ( 'NONE', ( #10324, #8493, #10770, #7196, #1330, #9500, #5465 ) ) ;
#2834 = DIRECTION ( 'NONE',  ( -1.000000000000000000, 0.0000000000000000000, 0.0000000000000000000 ) ) ;
#2835 = B_SPLINE_CURVE_WITH_KNOTS ( 'NONE', 3,
 ( #9884, #2569, #6146, #8059 ),
 .UNSPECIFIED., .F., .F.,
 ( 4, 4 ),
 ( 11.00000000000000000, 12.00000000000000000 ),
 .UNSPECIFIED. ) ;
#2836 = CARTESIAN_POINT ( 'NONE',  ( -0.3796235529429223265, -0.6099999999999999867, 0.4024256686532850513 ) ) ;
#2837 = CARTESIAN_POINT ( 'NONE',  ( 0.6999999999999999556, 0.5999999999999999778, 0.5999999999999999778 ) ) ;
#2838 = DIRECTION ( 'NONE',  ( -1.000000000000000000, -0.0000000000000000000, -0.0000000000000000000 ) ) ;
#2839 = EDGE_CURVE ( 'NONE', #3704, #4147, #7679, .T. ) ;
#2840 = B_SPLINE_SURFACE_WITH_KNOTS ( 'NONE', 3, 1, ( 
 ( #9248, #5602 ),
 ( #8320, #1114 ),
 ( #4866, #301 ),
 ( #6504, #366 ) ),
 .UNSPECIFIED., .F., .F., .F.,
 ( 4, 4 ),
 ( 2, 2 ),
 ( 35.00000000000000000, 36.00000000000000000 ),
 ( 0.0000000000000000000, 1.000000000000000000 ),
 .UNSPECIFIED. ) ;
#2841 = CARTESIAN_POINT ( 'NONE',  ( -0.3845312103078911137, -0.6099999999999999867, 0.4845457488841256044 ) ) ;
#2842 = CARTESIAN_POINT ( 'NONE',  ( -0.6206377185640783445, -0.5999999999999999778, 0.3862476655369023737 ) ) ;
#2843 = LINE ( 'NONE', #9275, #885 ) ;
#2844 = ORIENTED_EDGE ( 'NONE', *, *, #6190, .T. ) ;
#2845 = FILL_AREA_STYLE ('',( #1998 ) ) ;
#2846 = CARTESIAN_POINT ( 'NONE',  ( -0.3354338414996271833, -0.5999999999999999778, 0.4863341325000935522 ) ) ;
#2847 = PLANE ( 'NONE',  #3369 ) ;
#2848 = CARTESIAN_POINT ( 'NONE',  ( -0.3045010434889612871, -0.5999999999999999778, 0.4218067562135269788 ) ) ;
#2849 =( NAMED_UNIT ( * ) PLANE_ANGLE_UNIT ( ) SI_UNIT ( $, .RADIAN. ) );
#2850 = ORIENTED_EDGE ( 'NONE', *, *, #3200, .T. ) ;
#2851 = EDGE_CURVE ( 'NONE', #9991, #2986, #1507, .T. ) ;
#2852 = PLANE ( 'NONE',  #1121 ) ;
#2853 = FACE_OUTER_BOUND ( 'NONE', #9626, .T. ) ;
#2854 = EDGE_CURVE ( 'NONE', #8240, #2718, #9498, .T. ) ;
#2855 = DIRECTION ( 'NONE',  ( -1.000000000000000000, 0.0000000000000000000, -0.0000000000000000000 ) ) ;
#2856 = ORIENTED_EDGE ( 'NONE', *, *, #2892, .T. ) ;
#2857 = SURFACE_STYLE_FILL_AREA ( #10994 ) ;
#2858 = CARTESIAN_POINT ( 'NONE',  ( -0.5977911140980445293, -0.6099999999999999867, 0.4594146196775475977 ) ) ;
#2859 = VECTOR ( 'NONE', #3156, 1000.000000000000000 ) ;
#2860 = ORIENTED_EDGE ( 'NONE', *, *, #10949, .T. ) ;
#2861 = UNCERTAINTY_MEASURE_WITH_UNIT (LENGTH_MEASURE( 1.000000000000000082E-05 ), #7236, 'distance_accuracy_value', 'NONE');
#2862 = PRESENTATION_STYLE_ASSIGNMENT (( #2091 ) ) ;
#2863 = DIRECTION ( 'NONE',  ( -0.0000000000000000000, 1.000000000000000000, -0.0000000000000000000 ) ) ;
#2864 = PRESENTATION_LAYER_ASSIGNMENT (  '', '', ( #7115 ) ) ;
#2865 = EDGE_LOOP ( 'NONE', ( #5167, #1421, #5286, #5092 ) ) ;
#2866 =( NAMED_UNIT ( * ) PLANE_ANGLE_UNIT ( ) SI_UNIT ( $, .RADIAN. ) );
#2867 = SURFACE_STYLE_FILL_AREA ( #7435 ) ;
#2868 = CARTESIAN_POINT ( 'NONE',  ( -0.3912792391848615159, -0.6099999999999999867, 0.4496514732123697011 ) ) ;
#2869 = CARTESIAN_POINT ( 'NONE',  ( -0.3778039765893612678, -0.6099999999999999867, 0.4132183558245551280 ) ) ;
#2870 = VERTEX_POINT ( 'NONE', #3972 ) ;
#2871 = MECHANICAL_DESIGN_GEOMETRIC_PRESENTATION_REPRESENTATION (  '', ( #1355 ), #1338 ) ;
#2872 =( GEOMETRIC_REPRESENTATION_CONTEXT ( 3 ) GLOBAL_UNCERTAINTY_ASSIGNED_CONTEXT ( ( #5549 ) ) GLOBAL_UNIT_ASSIGNED_CONTEXT ( ( #694, #5151, #6126 ) ) REPRESENTATION_CONTEXT ( 'NONE', 'WORKASPACE' ) );
#2873 = UNCERTAINTY_MEASURE_WITH_UNIT (LENGTH_MEASURE( 1.000000000000000082E-05 ), #6773, 'distance_accuracy_value', 'NONE');
#2874 = FILL_AREA_STYLE_COLOUR ( '', #6161 ) ;
#2875 =( NAMED_UNIT ( * ) SI_UNIT ( $, .STERADIAN. ) SOLID_ANGLE_UNIT ( ) );
#2876 = CARTESIAN_POINT ( 'NONE',  ( -0.3045010434889612871, -0.6099999999999999867, 0.4218067562135269788 ) ) ;
#2877 = CARTESIAN_POINT ( 'NONE',  ( -0.5821744592752146064, -0.6099999999999999867, 0.3891396288459504360 ) ) ;
#2878 = EDGE_LOOP ( 'NONE', ( #3023, #5102, #221, #24, #9276, #9537, #11212, #10630, #5160, #5128, #3367, #3318 ) ) ;
#2879 = LINE ( 'NONE', #8261, #6275 ) ;
#2880 = FACE_OUTER_BOUND ( 'NONE', #6610, .T. ) ;
#2881 = CARTESIAN_POINT ( 'NONE',  ( -0.4821121514843513256, -0.6099999999999999867, 0.3986831529974300681 ) ) ;
#2882 = ORIENTED_EDGE ( 'NONE', *, *, #10813, .F. ) ;
#2883 = CARTESIAN_POINT ( 'NONE',  ( -0.5931639540490711848, -0.5999999999999999778, 0.4247109275837678832 ) ) ;
#2884 = STYLED_ITEM ( 'NONE', ( #3302 ), #1126 ) ;
#2885 = EDGE_CURVE ( 'NONE', #11531, #10581, #4038, .T. ) ;
#2886 = SURFACE_STYLE_FILL_AREA ( #10958 ) ;
#2887 = FACE_OUTER_BOUND ( 'NONE', #3449, .T. ) ;
#2888 = SURFACE_SIDE_STYLE ('',( #8267 ) ) ;
#2889 = ORIENTED_EDGE ( 'NONE', *, *, #7966, .F. ) ;
#2890 = B_SPLINE_CURVE_WITH_KNOTS ( 'NONE', 3,
 ( #6449, #3723, #4692, #4514 ),
 .UNSPECIFIED., .F., .F.,
 ( 4, 4 ),
 ( 6.000000000000000000, 7.000000000000000000 ),
 .UNSPECIFIED. ) ;
#2891 = VECTOR ( 'NONE', #3992, 1000.000000000000000 ) ;
#2892 = EDGE_CURVE ( 'NONE', #10204, #10513, #8696, .T. ) ;
#2893 = COLOUR_RGB ( '',0.2509803921568627416, 0.2509803921568627416, 0.2509803921568627416 ) ;
#2894 = ADVANCED_FACE ( 'NONE', ( #6211 ), #1557, .T. ) ;
#2895 = CARTESIAN_POINT ( 'NONE',  ( -0.2727572343039361691, -0.6099999999999999867, 0.4179804470814046935 ) ) ;
#2896 =( NAMED_UNIT ( * ) SI_UNIT ( $, .STERADIAN. ) SOLID_ANGLE_UNIT ( ) );
#2897 = CARTESIAN_POINT ( 'NONE',  ( -0.2935315974718414878, -0.5999999999999999778, 0.4845873392007309377 ) ) ;
#2898 = CARTESIAN_POINT ( 'NONE',  ( -0.3845312103078911137, -0.6099999999999999867, 0.4900356706821224484 ) ) ;
#2899 = VERTEX_POINT ( 'NONE', #11698 ) ;
#2900 = ORIENTED_EDGE ( 'NONE', *, *, #3676, .F. ) ;
#2901 = CARTESIAN_POINT ( 'NONE',  ( -0.2547174344558781889, -0.6099999999999999867, 0.3858103371506220181 ) ) ;
#2902 = B_SPLINE_CURVE_WITH_KNOTS ( 'NONE', 3,
 ( #5172, #8994, #5343, #2511 ),
 .UNSPECIFIED., .F., .F.,
 ( 4, 4 ),
 ( 26.00000000000000000, 27.00000000000000000 ),
 .UNSPECIFIED. ) ;
#2903 = CARTESIAN_POINT ( 'NONE',  ( -0.2939994885342057662, -0.6099999999999999867, 0.4829653168511845451 ) ) ;
#2904 = FILL_AREA_STYLE ('',( #5752 ) ) ;
#2905 = VERTEX_POINT ( 'NONE', #10618 ) ;
#2906 = CARTESIAN_POINT ( 'NONE',  ( -0.3989838453447220878, -0.5999999999999999778, 0.4113883818919822910 ) ) ;
#2907 = DIRECTION ( 'NONE',  ( -1.000000000000000000, 0.0000000000000000000, 0.0000000000000000000 ) ) ;
#2908 = SURFACE_STYLE_FILL_AREA ( #2969 ) ;
#2909 =( LENGTH_UNIT ( ) NAMED_UNIT ( * ) SI_UNIT ( .MILLI., .METRE. ) );
#2910 = LINE ( 'NONE', #3098, #10767 ) ;
#2911 = CARTESIAN_POINT ( 'NONE',  ( -0.3957917885416629700, -0.5999999999999999778, 0.4496514732123697011 ) ) ;
#2912 = ORIENTED_EDGE ( 'NONE', *, *, #4695, .T. ) ;
#2913 = MECHANICAL_DESIGN_GEOMETRIC_PRESENTATION_REPRESENTATION (  '', ( #234 ), #429 ) ;
#2914 =( LENGTH_UNIT ( ) NAMED_UNIT ( * ) SI_UNIT ( .MILLI., .METRE. ) );
#2915 = CARTESIAN_POINT ( 'NONE',  ( -0.3680198545968793589, -0.5999999999999999778, 0.3959791695719803162 ) ) ;
#2916 = CARTESIAN_POINT ( 'NONE',  ( -0.5338784855714885369, -0.5999999999999999778, 0.3900072299739854587 ) ) ;
#2917 = EDGE_LOOP ( 'NONE', ( #6004, #4927, #5427, #9819 ) ) ;
#2918 = VECTOR ( 'NONE', #1500, 1000.000000000000000 ) ;
#2919 = CARTESIAN_POINT ( 'NONE',  ( 0.2999999999999999889, 0.5999999999999999778, 0.0000000000000000000 ) ) ;
#2920 = PRESENTATION_STYLE_ASSIGNMENT (( #1044 ) ) ;
#2921 = EDGE_CURVE ( 'NONE', #8254, #580, #1137, .T. ) ;
#2922 = VERTEX_POINT ( 'NONE', #6272 ) ;
#2923 = LINE ( 'NONE', #9358, #2422 ) ;
#2924 = CARTESIAN_POINT ( 'NONE',  ( -0.4022798779394343716, -0.5999999999999999778, 0.3991400336375865443 ) ) ;
#2925 = DIRECTION ( 'NONE',  ( -0.0000000000000000000, 1.000000000000000000, -0.0000000000000000000 ) ) ;
#2926 = DIRECTION ( 'NONE',  ( -1.000000000000000000, -0.0000000000000000000, -0.0000000000000000000 ) ) ;
#2927 = EDGE_LOOP ( 'NONE', ( #1149, #10314, #10, #4682 ) ) ;
#2928 = PRESENTATION_LAYER_ASSIGNMENT (  '', '', ( #9393 ) ) ;
#2929 = CARTESIAN_POINT ( 'NONE',  ( -0.4328487606792498221, -0.5999999999999999778, 0.4910130431234555615 ) ) ;
#2930 = PRESENTATION_STYLE_ASSIGNMENT (( #4747 ) ) ;
#2931 = DIRECTION ( 'NONE',  ( 0.0000000000000000000, 0.0000000000000000000, -1.000000000000000000 ) ) ;
#2932 = CARTESIAN_POINT ( 'NONE',  ( -0.3729379095409993128, -0.6099999999999999867, 0.4155266183989210771 ) ) ;
#2933 = ORIENTED_EDGE ( 'NONE', *, *, #493, .F. ) ;
#2934 = DIRECTION ( 'NONE',  ( -1.000000000000000000, 0.0000000000000000000, -0.0000000000000000000 ) ) ;
#2935 = AXIS2_PLACEMENT_3D ( 'NONE', #10670, #1275, #3030 ) ;
#2936 = EDGE_CURVE ( 'NONE', #9935, #1839, #845, .T. ) ;
#2937 = EDGE_CURVE ( 'NONE', #7151, #1418, #3317, .T. ) ;
#2938 =( LENGTH_UNIT ( ) NAMED_UNIT ( * ) SI_UNIT ( .MILLI., .METRE. ) );
#2939 = CARTESIAN_POINT ( 'NONE',  ( -0.3739568722989369265, -0.5999999999999999778, 0.4041100764777403320 ) ) ;
#2940 = PRESENTATION_STYLE_ASSIGNMENT (( #193 ) ) ;
#2941 = VERTEX_POINT ( 'NONE', #5722 ) ;
#2942 = CARTESIAN_POINT ( 'NONE',  ( -0.3733538127074671475, -0.6099999999999999867, 0.3985785643628607655 ) ) ;
#2943 = SURFACE_SIDE_STYLE ('',( #5661 ) ) ;
#2944 = CARTESIAN_POINT ( 'NONE',  ( -0.2932092725178738757, -0.5999999999999999778, 0.4858142535419729957 ) ) ;
#2945 = ORIENTED_EDGE ( 'NONE', *, *, #4650, .T. ) ;
#2946 = CARTESIAN_POINT ( 'NONE',  ( -0.3711391283457417534, -0.6099999999999999867, 0.4863341325000934967 ) ) ;
#2947 = CARTESIAN_POINT ( 'NONE',  ( -0.3356417930826539053, -0.6099999999999999867, 0.4503377134371886470 ) ) ;
#2948 = CARTESIAN_POINT ( 'NONE',  ( -0.2627755583070236489, -0.6099999999999999867, 0.4003669479788286578 ) ) ;
#2949 = STYLED_ITEM ( 'NONE', ( #11627 ), #7147 ) ;
#2950 = VERTEX_POINT ( 'NONE', #10175 ) ;
#2951 = ADVANCED_FACE ( 'NONE', ( #10239 ), #4817, .F. ) ;
#2952 = CARTESIAN_POINT ( 'NONE',  ( -0.3902810715852254031, -0.5999999999999999778, 0.4916992833482745073 ) ) ;
#2953 = FILL_AREA_STYLE ('',( #3908 ) ) ;
#2954 = PRESENTATION_LAYER_ASSIGNMENT (  '', '', ( #8098 ) ) ;
#2955 = PRESENTATION_STYLE_ASSIGNMENT (( #4774 ) ) ;
#2956 = VERTEX_POINT ( 'NONE', #9422 ) ;
#2957 =( NAMED_UNIT ( * ) SI_UNIT ( $, .STERADIAN. ) SOLID_ANGLE_UNIT ( ) );
#2958 = DIRECTION ( 'NONE',  ( 0.3658589216693576840, -0.0000000000000000000, -0.9306703226357520009 ) ) ;
#2959 = CARTESIAN_POINT ( 'NONE',  ( -0.2842881495957819693, -0.6099999999999999867, 0.4264856668368887105 ) ) ;
#2960 = MECHANICAL_DESIGN_GEOMETRIC_PRESENTATION_REPRESENTATION (  '', ( #4491 ), #1993 ) ;
#2961 = MECHANICAL_DESIGN_GEOMETRIC_PRESENTATION_REPRESENTATION (  '', ( #3549 ), #8317 ) ;
#2962 = PRESENTATION_STYLE_ASSIGNMENT (( #9335 ) ) ;
#2963 = CARTESIAN_POINT ( 'NONE',  ( -0.2239198049744566543, -0.6099999999999999867, 0.3858103371506220181 ) ) ;
#2964 = CARTESIAN_POINT ( 'NONE',  ( -0.2932092725178738757, -0.6099999999999999867, 0.4858142535419729957 ) ) ;
#2965 = CARTESIAN_POINT ( 'NONE',  ( -0.6559198049743579784, -0.6099999999999999867, 0.4316516538674262105 ) ) ;
#2966 = ORIENTED_EDGE ( 'NONE', *, *, #5159, .F. ) ;
#2967 = CARTESIAN_POINT ( 'NONE',  ( -0.4056382960091921008, -0.5999999999999999778, 0.4102030578673457328 ) ) ;
#2968 =( GEOMETRIC_REPRESENTATION_CONTEXT ( 3 ) GLOBAL_UNCERTAINTY_ASSIGNED_CONTEXT ( ( #8667 ) ) GLOBAL_UNIT_ASSIGNED_CONTEXT ( ( #4300, #11388, #10511 ) ) REPRESENTATION_CONTEXT ( 'NONE', 'WORKASPACE' ) );
#2969 = FILL_AREA_STYLE ('',( #1147 ) ) ;
#2970 = FILL_AREA_STYLE_COLOUR ( '', #4561 ) ;
#2971 = AXIS2_PLACEMENT_3D ( 'NONE', #1567, #6168, #1631 ) ;
#2972 = CARTESIAN_POINT ( 'NONE',  ( -0.6304704219466557014, -0.5999999999999999778, 0.4102510558779342009 ) ) ;
#2973 = MECHANICAL_DESIGN_GEOMETRIC_PRESENTATION_REPRESENTATION (  '', ( #1627 ), #4513 ) ;
#2974 = ORIENTED_EDGE ( 'NONE', *, *, #7864, .T. ) ;
#2976 = EDGE_CURVE ( 'NONE', #9991, #5971, #5111, .T. ) ;
#2975 = FACE_OUTER_BOUND ( 'NONE', #9857, .T. ) ;
#2977 = DIRECTION ( 'NONE',  ( 0.0000000000000000000, 0.0000000000000000000, 1.000000000000000000 ) ) ;
#2978 = STYLED_ITEM ( 'NONE', ( #690 ), #10447 ) ;
#2979 = EDGE_CURVE ( 'NONE', #1598, #2187, #9003, .T. ) ;
#2980 = CARTESIAN_POINT ( 'NONE',  ( -0.4085080278582839397, -0.6099999999999999867, 0.4128232478165279051 ) ) ;
#2981 = PRESENTATION_LAYER_ASSIGNMENT (  '', '', ( #2587 ) ) ;
#2982 = EDGE_LOOP ( 'NONE', ( #6803, #8074, #8013, #4829 ) ) ;
#2983 = VECTOR ( 'NONE', #6318, 1000.000000000000000 ) ;
#2984 = COLOUR_RGB ( '',1.000000000000000000, 1.000000000000000000, 1.000000000000000000 ) ;
#2985 = CARTESIAN_POINT ( 'NONE',  ( -0.6032858642430440899, -0.6099999999999999867, 0.4611498053853264611 ) ) ;
#2986 = VERTEX_POINT ( 'NONE', #11351 ) ;
#2987 = PRESENTATION_LAYER_ASSIGNMENT (  '', '', ( #8129 ) ) ;
#2988 = UNCERTAINTY_MEASURE_WITH_UNIT (LENGTH_MEASURE( 1.000000000000000082E-05 ), #11033, 'distance_accuracy_value', 'NONE');
#2989 = PLANE ( 'NONE',  #3746 ) ;
#2990 = LINE ( 'NONE', #9359, #8933 ) ;
#2991 = STYLED_ITEM ( 'NONE', ( #8167 ), #4785 ) ;
#2992 =( GEOMETRIC_REPRESENTATION_CONTEXT ( 3 ) GLOBAL_UNCERTAINTY_ASSIGNED_CONTEXT ( ( #73 ) ) GLOBAL_UNIT_ASSIGNED_CONTEXT ( ( #4557, #4619, #1056 ) ) REPRESENTATION_CONTEXT ( 'NONE', 'WORKASPACE' ) );
#2993 = FACE_OUTER_BOUND ( 'NONE', #2086, .T. ) ;
#2994 = ORIENTED_EDGE ( 'NONE', *, *, #5178, .T. ) ;
#2995 =( NAMED_UNIT ( * ) SI_UNIT ( $, .STERADIAN. ) SOLID_ANGLE_UNIT ( ) );
#2996 = CARTESIAN_POINT ( 'NONE',  ( -0.3544926041054858312, -0.5999999999999999778, 0.3721271229716806572 ) ) ;
#2997 = VECTOR ( 'NONE', #8578, 1000.000000000000000 ) ;
#2998 = SURFACE_STYLE_FILL_AREA ( #1309 ) ;
#2999 = EDGE_CURVE ( 'NONE', #10660, #377, #10475, .T. ) ;
#3000 =( GEOMETRIC_REPRESENTATION_CONTEXT ( 3 ) GLOBAL_UNCERTAINTY_ASSIGNED_CONTEXT ( ( #1663 ) ) GLOBAL_UNIT_ASSIGNED_CONTEXT ( ( #7324, #968, #9945 ) ) REPRESENTATION_CONTEXT ( 'NONE', 'WORKASPACE' ) );
#3001 = ORIENTED_EDGE ( 'NONE', *, *, #9281, .T. ) ;
#3002 = CARTESIAN_POINT ( 'NONE',  ( -0.3614797773032129569, -0.6099999999999999867, 0.3937124973144972007 ) ) ;
#3003 = UNCERTAINTY_MEASURE_WITH_UNIT (LENGTH_MEASURE( 1.000000000000000082E-05 ), #6961, 'distance_accuracy_value', 'NONE');
#3004 = CARTESIAN_POINT ( 'NONE',  ( -0.4052015976842822109, -0.5999999999999999778, 0.4824454378930636000 ) ) ;
#3005 = CARTESIAN_POINT ( 'NONE',  ( -0.5142130622581835286, -0.5999999999999999778, 0.4484251028395369598 ) ) ;
#3006 = CARTESIAN_POINT ( 'NONE',  ( -0.5821744592752146064, -0.6099999999999999867, 0.3952127705495860344 ) ) ;
#3007 = ORIENTED_EDGE ( 'NONE', *, *, #10697, .T. ) ;
#3008 = CARTESIAN_POINT ( 'NONE',  ( -0.6215053031439619069, -0.5999999999999999778, 0.4785016348842049405 ) ) ;
#3009 = LINE ( 'NONE', #6403, #973 ) ;
#3010 = FACE_OUTER_BOUND ( 'NONE', #8618, .T. ) ;
#3011 = DIRECTION ( 'NONE',  ( -1.000000000000000000, 0.0000000000000000000, 0.0000000000000000000 ) ) ;
#3012 = ORIENTED_EDGE ( 'NONE', *, *, #1311, .T. ) ;
#3013 =( LENGTH_UNIT ( ) NAMED_UNIT ( * ) SI_UNIT ( .MILLI., .METRE. ) );
#3014 = VECTOR ( 'NONE', #3247, 999.9999999999998863 ) ;
#3015 = LINE ( 'NONE', #6455, #10372 ) ;
#3016 = EDGE_CURVE ( 'NONE', #5960, #10610, #4995, .T. ) ;
#3017 = ORIENTED_EDGE ( 'NONE', *, *, #8912, .T. ) ;
#3018 = PRESENTATION_LAYER_ASSIGNMENT (  '', '', ( #8159 ) ) ;
#3019 = B_SPLINE_CURVE_WITH_KNOTS ( 'NONE', 3,
 ( #211, #4957, #9329, #3801 ),
 .UNSPECIFIED., .F., .F.,
 ( 4, 4 ),
 ( 2.000000000000000000, 3.000000000000000000 ),
 .UNSPECIFIED. ) ;
#3020 = AXIS2_PLACEMENT_3D ( 'NONE', #3622, #5439, #4295 ) ;
#3021 =( LENGTH_UNIT ( ) NAMED_UNIT ( * ) SI_UNIT ( .MILLI., .METRE. ) );
#3022 = ORIENTED_EDGE ( 'NONE', *, *, #6692, .F. ) ;
#3023 = ORIENTED_EDGE ( 'NONE', *, *, #6221, .T. ) ;
#3024 = MECHANICAL_DESIGN_GEOMETRIC_PRESENTATION_REPRESENTATION (  '', ( #6120 ), #2628 ) ;
#3025 = DIRECTION ( 'NONE',  ( -0.0000000000000000000, -0.0000000000000000000, -1.000000000000000000 ) ) ;
#3026 = FACE_OUTER_BOUND ( 'NONE', #1647, .T. ) ;
#3027 = EDGE_CURVE ( 'NONE', #9074, #4646, #7608, .T. ) ;
#3028 = COLOUR_RGB ( '',1.000000000000000000, 1.000000000000000000, 1.000000000000000000 ) ;
#3029 = COLOUR_RGB ( '',0.2509803921568627416, 0.2509803921568627416, 0.2509803921568627416 ) ;
#3030 = DIRECTION ( 'NONE',  ( -0.0000000000000000000, 0.0000000000000000000, 1.000000000000000000 ) ) ;
#3031 = FACE_OUTER_BOUND ( 'NONE', #11166, .T. ) ;
#3032 = CARTESIAN_POINT ( 'NONE',  ( -0.2547174344558781889, -0.6099999999999999867, 0.3858103371506220181 ) ) ;
#3033 = ORIENTED_EDGE ( 'NONE', *, *, #1537, .T. ) ;
#3034 = DIRECTION ( 'NONE',  ( -0.0000000000000000000, 1.000000000000000000, -0.0000000000000000000 ) ) ;
#3035 = CARTESIAN_POINT ( 'NONE',  ( -0.3266686822650832212, -0.6099999999999999867, 0.4850656278422461609 ) ) ;
#3036 = COLOUR_RGB ( '',1.000000000000000000, 1.000000000000000000, 1.000000000000000000 ) ;
#3037 =( NAMED_UNIT ( * ) SI_UNIT ( $, .STERADIAN. ) SOLID_ANGLE_UNIT ( ) );
#3038 = STYLED_ITEM ( 'NONE', ( #5807 ), #5980 ) ;
#3039 = CARTESIAN_POINT ( 'NONE',  ( -0.4022798779394343716, -0.5999999999999999778, 0.3991400336375865443 ) ) ;
#3040 = SURFACE_SIDE_STYLE ('',( #10330 ) ) ;
#3041 = B_SPLINE_CURVE_WITH_KNOTS ( 'NONE', 3,
 ( #5018, #559, #4883, #9437 ),
 .UNSPECIFIED., .F., .F.,
 ( 4, 4 ),
 ( 15.00000000000000000, 16.00000000000000000 ),
 .UNSPECIFIED. ) ;
#3042 = LINE ( 'NONE', #6708, #727 ) ;
#3043 = ADVANCED_FACE ( 'NONE', ( #10535 ), #4472, .F. ) ;
#3044 = SURFACE_SIDE_STYLE ('',( #4063 ) ) ;
#3045 = ORIENTED_EDGE ( 'NONE', *, *, #8818, .F. ) ;
#3046 = B_SPLINE_CURVE_WITH_KNOTS ( 'NONE', 3,
 ( #4617, #7830, #6021, #11222 ),
 .UNSPECIFIED., .F., .F.,
 ( 4, 4 ),
 ( 5.000000000000000000, 6.000000000000000000 ),
 .UNSPECIFIED. ) ;
#3047 =( LENGTH_UNIT ( ) NAMED_UNIT ( * ) SI_UNIT ( .MILLI., .METRE. ) );
#3048 = ADVANCED_FACE ( 'NONE', ( #2570 ), #8754, .F. ) ;
#3049 = ORIENTED_EDGE ( 'NONE', *, *, #2979, .T. ) ;
#3050 = EDGE_CURVE ( 'NONE', #6336, #4012, #5783, .T. ) ;
#3051 = CARTESIAN_POINT ( 'NONE',  ( -0.3930988155384208538, -0.5999999999999999778, 0.4003877431374077145 ) ) ;
#3052 = CARTESIAN_POINT ( 'NONE',  ( -0.3202013880251991518, -0.6099999999999999867, 0.4041308716360421660 ) ) ;
#3053 = CARTESIAN_POINT ( 'NONE',  ( -0.3264711282606542198, -0.5999999999999999778, 0.4563891045101884925 ) ) ;
#3054 = ORIENTED_EDGE ( 'NONE', *, *, #6190, .F. ) ;
#3055 =( NAMED_UNIT ( * ) PLANE_ANGLE_UNIT ( ) SI_UNIT ( $, .RADIAN. ) );
#3056 = B_SPLINE_CURVE_WITH_KNOTS ( 'NONE', 3,
 ( #3102, #6769, #8604, #9522 ),
 .UNSPECIFIED., .F., .F.,
 ( 4, 4 ),
 ( 3.000000000000000000, 4.000000000000000000 ),
 .UNSPECIFIED. ) ;
#3057 = CARTESIAN_POINT ( 'NONE',  ( -0.2903499382479332036, -0.5999999999999999778, 0.4910130431234555615 ) ) ;
#3058 = FILL_AREA_STYLE_COLOUR ( '', #7668 ) ;
#3059 = ORIENTED_EDGE ( 'NONE', *, *, #9625, .F. ) ;
#3060 = SURFACE_STYLE_USAGE ( .BOTH. , #11051 ) ;
#3061 = SURFACE_STYLE_FILL_AREA ( #10301 ) ;
#3062 = CARTESIAN_POINT ( 'NONE',  ( -0.4094750027203268861, -0.6099999999999999867, 0.4702178847972480757 ) ) ;
#3063 = VERTEX_POINT ( 'NONE', #2074 ) ;
#3064 = CARTESIAN_POINT ( 'NONE',  ( -0.3548877121137902768, -0.5999999999999999778, 0.3764941062202255551 ) ) ;
#3065 = PRESENTATION_STYLE_ASSIGNMENT (( #11174 ) ) ;
#3066 = CARTESIAN_POINT ( 'NONE',  ( -0.3198478703337772067, -0.5999999999999999778, 0.4560355868184891026 ) ) ;
#3067 = ORIENTED_EDGE ( 'NONE', *, *, #8632, .F. ) ;
#3068 = VECTOR ( 'NONE', #9634, 1000.000000000000000 ) ;
#3069 = CARTESIAN_POINT ( 'NONE',  ( -0.5254917555694292863, -0.6099999999999999867, 0.3856692684621244038 ) ) ;
#3070 = ORIENTED_EDGE ( 'NONE', *, *, #774, .F. ) ;
#3071 = CARTESIAN_POINT ( 'NONE',  ( -0.3870682196237242301, -0.5999999999999999778, 0.4911378140735485620 ) ) ;
#3072 = FACE_OUTER_BOUND ( 'NONE', #10274, .T. ) ;
#3073 = CARTESIAN_POINT ( 'NONE',  ( 0.6999999999999999556, -0.5999999999999999778, 0.5999999999999999778 ) ) ;
#3074 = EDGE_CURVE ( 'NONE', #8345, #2704, #1145, .T. ) ;
#3075 = MECHANICAL_DESIGN_GEOMETRIC_PRESENTATION_REPRESENTATION (  '', ( #960 ), #4607 ) ;
#3076 = ORIENTED_EDGE ( 'NONE', *, *, #523, .F. ) ;
#3077 = SURFACE_STYLE_USAGE ( .BOTH. , #3976 ) ;
#3078 = EDGE_CURVE ( 'NONE', #8768, #8186, #10820, .T. ) ;
#3079 = VECTOR ( 'NONE', #5217, 999.9999999999998863 ) ;
#3080 =( LENGTH_UNIT ( ) NAMED_UNIT ( * ) SI_UNIT ( .MILLI., .METRE. ) );
#3081 = CARTESIAN_POINT ( 'NONE',  ( -0.3880040017484512882, -0.6099999999999999867, 0.4045051844857675549 ) ) ;
#3082 = VERTEX_POINT ( 'NONE', #2189 ) ;
#3083 = CARTESIAN_POINT ( 'NONE',  ( -0.5156590494287112136, -0.5999999999999999778, 0.4868883607492610066 ) ) ;
#3084 = CARTESIAN_POINT ( 'NONE',  ( -0.3045010434889612871, -0.5999999999999999778, 0.4218067562135269788 ) ) ;
#3085 = LINE ( 'NONE', #11131, #1503 ) ;
#3086 = CARTESIAN_POINT ( 'NONE',  ( -0.4149857196769028977, -0.5999999999999999778, 0.4764564322949717545 ) ) ;
#3087 =( GEOMETRIC_REPRESENTATION_CONTEXT ( 3 ) GLOBAL_UNCERTAINTY_ASSIGNED_CONTEXT ( ( #1412 ) ) GLOBAL_UNIT_ASSIGNED_CONTEXT ( ( #1952, #2732, #5642 ) ) REPRESENTATION_CONTEXT ( 'NONE', 'WORKASPACE' ) );
#3088 = CARTESIAN_POINT ( 'NONE',  ( -0.3647550147396215747, -0.5999999999999999778, 0.3874323594998910769 ) ) ;
#3089 = DIRECTION ( 'NONE',  ( -0.0000000000000000000, 1.000000000000000000, -0.0000000000000000000 ) ) ;
#3090 = DIRECTION ( 'NONE',  ( 0.0000000000000000000, -0.0000000000000000000, 1.000000000000000000 ) ) ;
#3091 = MECHANICAL_DESIGN_GEOMETRIC_PRESENTATION_REPRESENTATION (  '', ( #3481 ), #4052 ) ;
#3092 = EDGE_CURVE ( 'NONE', #1538, #2532, #6699, .T. ) ;
#3093 = ORIENTED_EDGE ( 'NONE', *, *, #5446, .T. ) ;
#3094 =( LENGTH_UNIT ( ) NAMED_UNIT ( * ) SI_UNIT ( .MILLI., .METRE. ) );
#3095 = ADVANCED_FACE ( 'NONE', ( #9452 ), #7986, .T. ) ;
#3096 = PLANE ( 'NONE',  #11589 ) ;
#3097 = DIRECTION ( 'NONE',  ( -1.000000000000000000, 0.0000000000000000000, -0.0000000000000000000 ) ) ;
#3098 = CARTESIAN_POINT ( 'NONE',  ( -0.3309420873009890074, -0.6099999999999999867, 0.4148611733324051309 ) ) ;
#3099 =( NAMED_UNIT ( * ) SI_UNIT ( $, .STERADIAN. ) SOLID_ANGLE_UNIT ( ) );
#3100 = ORIENTED_EDGE ( 'NONE', *, *, #6204, .T. ) ;
#3101 = CARTESIAN_POINT ( 'NONE',  ( -0.5254917555694292863, -0.5999999999999999778, 0.3856692684621244038 ) ) ;
#3102 = CARTESIAN_POINT ( 'NONE',  ( -0.5896935881493786669, -0.5999999999999999778, 0.4906479279443450303 ) ) ;
#3103 = DIRECTION ( 'NONE',  ( -0.0000000000000000000, 0.0000000000000000000, 1.000000000000000000 ) ) ;
#3104 = ORIENTED_EDGE ( 'NONE', *, *, #10288, .T. ) ;
#3105 = UNCERTAINTY_MEASURE_WITH_UNIT (LENGTH_MEASURE( 1.000000000000000082E-05 ), #1146, 'distance_accuracy_value', 'NONE');
#3106 = ADVANCED_FACE ( 'NONE', ( #6890 ), #5145, .F. ) ;
#3107 =( LENGTH_UNIT ( ) NAMED_UNIT ( * ) SI_UNIT ( .MILLI., .METRE. ) );
#3108 = LINE ( 'NONE', #6774, #2121 ) ;
#3109 =( NAMED_UNIT ( * ) SI_UNIT ( $, .STERADIAN. ) SOLID_ANGLE_UNIT ( ) );
#3110 = CARTESIAN_POINT ( 'NONE',  ( -0.5547007030342133715, -0.6099999999999999867, 0.4845747821038446923 ) ) ;
#3111 = LINE ( 'NONE', #9299, #6130 ) ;
#3112 = ORIENTED_EDGE ( 'NONE', *, *, #4896, .T. ) ;
#3113 = B_SPLINE_CURVE_WITH_KNOTS ( 'NONE', 3,
 ( #8308, #230, #4805, #3767 ),
 .UNSPECIFIED., .F., .F.,
 ( 4, 4 ),
 ( 3.000000000000000000, 4.000000000000000000 ),
 .UNSPECIFIED. ) ;
#3114 = CARTESIAN_POINT ( 'NONE',  ( -0.3557715063426226121, -0.5999999999999999778, 0.3721271229716806572 ) ) ;
#3115 = SURFACE_STYLE_FILL_AREA ( #8556 ) ;
#3116 = VERTEX_POINT ( 'NONE', #10391 ) ;
#3117 = UNCERTAINTY_MEASURE_WITH_UNIT (LENGTH_MEASURE( 1.000000000000000082E-05 ), #894, 'distance_accuracy_value', 'NONE');
#3118 = SURFACE_STYLE_FILL_AREA ( #4019 ) ;
#3119 = PRESENTATION_LAYER_ASSIGNMENT (  '', '', ( #7704 ) ) ;
#3120 = DIRECTION ( 'NONE',  ( -0.0000000000000000000, 1.000000000000000000, -0.0000000000000000000 ) ) ;
#3121 = CARTESIAN_POINT ( 'NONE',  ( -0.5821744592752146064, -0.6099999999999999867, 0.4015751163064785190 ) ) ;
#3122 = VERTEX_POINT ( 'NONE', #2257 ) ;
#3123 = DIRECTION ( 'NONE',  ( -0.0000000000000000000, -0.0000000000000000000, -1.000000000000000000 ) ) ;
#3124 = VERTEX_POINT ( 'NONE', #6001 ) ;
#3125 = PLANE ( 'NONE',  #9474 ) ;
#3126 = CARTESIAN_POINT ( 'NONE',  ( -0.2864300509034490294, -0.5999999999999999778, 0.4660588531320066785 ) ) ;
#3127 = DIRECTION ( 'NONE',  ( -0.0000000000000000000, 1.000000000000000000, -0.0000000000000000000 ) ) ;
#3128 = ADVANCED_FACE ( 'NONE', ( #3273 ), #6943, .F. ) ;
#3129 = VERTEX_POINT ( 'NONE', #924 ) ;
#3130 = CARTESIAN_POINT ( 'NONE',  ( -0.4017080110855572594, -0.5999999999999999778, 0.4030703185614989970 ) ) ;
#3131 = ORIENTED_EDGE ( 'NONE', *, *, #3444, .F. ) ;
#3132 = ORIENTED_EDGE ( 'NONE', *, *, #9536, .F. ) ;
#3133 = CARTESIAN_POINT ( 'NONE',  ( -0.4171484161428734017, -0.5999999999999999778, 0.4218067562135269788 ) ) ;
#3134 = COLOUR_RGB ( '',0.7529411764705882248, 0.7529411764705882248, 0.7529411764705882248 ) ;
#3135 = DIRECTION ( 'NONE',  ( -0.0000000000000000000, 1.000000000000000000, -0.0000000000000000000 ) ) ;
#3136 = DIRECTION ( 'NONE',  ( -0.0000000000000000000, 1.000000000000000000, -0.0000000000000000000 ) ) ;
#3137 = FILL_AREA_STYLE ('',( #11251 ) ) ;
#3138 = B_SPLINE_SURFACE_WITH_KNOTS ( 'NONE', 3, 1, ( 
 ( #8641, #6747 ),
 ( #5073, #2123 ),
 ( #7854, #10258 ),
 ( #5804, #4228 ) ),
 .UNSPECIFIED., .F., .F., .F.,
 ( 4, 4 ),
 ( 2, 2 ),
 ( 5.000000000000000000, 6.000000000000000000 ),
 ( 0.0000000000000000000, 1.000000000000000000 ),
 .UNSPECIFIED. ) ;
#3139 = EDGE_CURVE ( 'NONE', #1487, #8240, #4399, .T. ) ;
#3140 = STYLED_ITEM ( 'NONE', ( #1193 ), #10552 ) ;
#3141 = PRESENTATION_LAYER_ASSIGNMENT (  '', '', ( #842 ) ) ;
#3142 = CARTESIAN_POINT ( 'NONE',  ( -0.3362240575156832390, -0.5999999999999999778, 0.4148611733324050754 ) ) ;
#3143 = CARTESIAN_POINT ( 'NONE',  ( -0.3732186441783614250, -0.6099999999999999867, 0.3851240969258026281 ) ) ;
#3144 = FILL_AREA_STYLE ('',( #510 ) ) ;
#3145 = VERTEX_POINT ( 'NONE', #866 ) ;
#3146 = LINE ( 'NONE', #5144, #6116 ) ;
#3147 = CARTESIAN_POINT ( 'NONE',  ( -0.3967275706663915269, -0.6099999999999999867, 0.3900941397656788601 ) ) ;
#3148 = DIRECTION ( 'NONE',  ( -0.3385350343141493856, 0.0000000000000000000, -0.9409537876760566411 ) ) ;
#3149 = FACE_OUTER_BOUND ( 'NONE', #9139, .T. ) ;
#3150 = SURFACE_STYLE_USAGE ( .BOTH. , #275 ) ;
#3151 =( NAMED_UNIT ( * ) SI_UNIT ( $, .STERADIAN. ) SOLID_ANGLE_UNIT ( ) );
#3152 = CARTESIAN_POINT ( 'NONE',  ( -0.5266485497187101128, -0.6099999999999999867, 0.4964318769715881929 ) ) ;
#3153 = CARTESIAN_POINT ( 'NONE',  ( -0.4162230315972971773, -0.6099999999999999867, 0.3904476574573795822 ) ) ;
#3154 = EDGE_LOOP ( 'NONE', ( #4270, #4600, #4947, #10880 ) ) ;
#3155 = VECTOR ( 'NONE', #5275, 1000.000000000000000 ) ;
#3156 = DIRECTION ( 'NONE',  ( -0.0000000000000000000, -0.0000000000000000000, 1.000000000000000000 ) ) ;
#3157 = DIRECTION ( 'NONE',  ( 0.0000000000000000000, 0.0000000000000000000, -1.000000000000000000 ) ) ;
#3158 = EDGE_CURVE ( 'NONE', #6527, #4068, #2656, .T. ) ;
#3159 = EDGE_CURVE ( 'NONE', #4496, #9343, #10851, .T. ) ;
#3160 = MANIFOLD_SOLID_BREP ( 'ÕπÃ®-¿≠…Ï3', #6742 ) ;
#3161 = PRESENTATION_LAYER_ASSIGNMENT (  '', '', ( #7554 ) ) ;
#3162 =( NAMED_UNIT ( * ) SI_UNIT ( $, .STERADIAN. ) SOLID_ANGLE_UNIT ( ) );
#3163 = ORIENTED_EDGE ( 'NONE', *, *, #5755, .T. ) ;
#3164 = MECHANICAL_DESIGN_GEOMETRIC_PRESENTATION_REPRESENTATION (  '', ( #288 ), #7378 ) ;
#3165 =( LENGTH_UNIT ( ) NAMED_UNIT ( * ) SI_UNIT ( .MILLI., .METRE. ) );
#3166 = FILL_AREA_STYLE_COLOUR ( '', #10842 ) ;
#3167 = UNCERTAINTY_MEASURE_WITH_UNIT (LENGTH_MEASURE( 1.000000000000000082E-05 ), #159, 'distance_accuracy_value', 'NONE');
#3168 = PLANE ( 'NONE',  #11284 ) ;
#3169 = ORIENTED_EDGE ( 'NONE', *, *, #8146, .F. ) ;
#3170 = CARTESIAN_POINT ( 'NONE',  ( -0.3415788107847114174, -0.6099999999999999867, 0.4863341325000934967 ) ) ;
#3171 =( NAMED_UNIT ( * ) SI_UNIT ( $, .STERADIAN. ) SOLID_ANGLE_UNIT ( ) );
#3172 = STYLED_ITEM ( 'NONE', ( #11364 ), #11547 ) ;
#3173 = FILL_AREA_STYLE_COLOUR ( '', #7025 ) ;
#3174 = VECTOR ( 'NONE', #8736, 1000.000000000000000 ) ;
#3175 = EDGE_CURVE ( 'NONE', #261, #8682, #4776, .T. ) ;
#3176 = VECTOR ( 'NONE', #5499, 1000.000000000000000 ) ;
#3177 = ORIENTED_EDGE ( 'NONE', *, *, #5935, .T. ) ;
#3178 = STYLED_ITEM ( 'NONE', ( #11128 ), #8676 ) ;
#3179 = CARTESIAN_POINT ( 'NONE',  ( -0.3614797773032129569, -0.6099999999999999867, 0.3956256518805584266 ) ) ;
#3180 = CARTESIAN_POINT ( 'NONE',  ( -0.3192344131630175941, -0.5999999999999999778, 0.4710496911301855216 ) ) ;
#3181 = DIRECTION ( 'NONE',  ( -0.0000000000000000000, 1.000000000000000000, -0.0000000000000000000 ) ) ;
#3182 = ORIENTED_EDGE ( 'NONE', *, *, #7233, .F. ) ;
#3183 = CARTESIAN_POINT ( 'NONE',  ( -0.2338702882336374245, -0.6099999999999999867, 0.3969357468550108181 ) ) ;
#3184 = LINE ( 'NONE', #10305, #8138 ) ;
#3185 = SURFACE_STYLE_USAGE ( .BOTH. , #7726 ) ;
#3186 = VECTOR ( 'NONE', #3120, 1000.000000000000000 ) ;
#3187 = SURFACE_SIDE_STYLE ('',( #7672 ) ) ;
#3188 = CARTESIAN_POINT ( 'NONE',  ( -0.4047025138844651537, -0.6099999999999999867, 0.3906140187237994166 ) ) ;
#3189 = VECTOR ( 'NONE', #374, 1000.000000000000000 ) ;
#3190 = CARTESIAN_POINT ( 'NONE',  ( -0.3702553341169080303, -0.5999999999999999778, 0.4113883818919822910 ) ) ;
#3191 = STYLED_ITEM ( 'NONE', ( #5689 ), #4933 ) ;
#3192 = VERTEX_POINT ( 'NONE', #10741 ) ;
#3193 = MECHANICAL_DESIGN_GEOMETRIC_PRESENTATION_REPRESENTATION (  '', ( #1648 ), #4738 ) ;
#3194 = SURFACE_SIDE_STYLE ('',( #2426 ) ) ;
#3195 = CARTESIAN_POINT ( 'NONE',  ( -0.3915079859264672391, -0.5999999999999999778, 0.4155266183989210771 ) ) ;
#3196 = DIRECTION ( 'NONE',  ( -0.0000000000000000000, 1.000000000000000000, -0.0000000000000000000 ) ) ;
#3197 = FACE_OUTER_BOUND ( 'NONE', #1876, .T. ) ;
#3198 = EDGE_CURVE ( 'NONE', #4398, #10986, #4533, .T. ) ;
#3199 = EDGE_LOOP ( 'NONE', ( #1178, #11018, #8811, #4064 ) ) ;
#3200 = EDGE_CURVE ( 'NONE', #7076, #1154, #11368, .T. ) ;
#3201 = VECTOR ( 'NONE', #3655, 1000.000000000000227 ) ;
#3202 = CARTESIAN_POINT ( 'NONE',  ( -0.6377003577995730144, -0.6099999999999999867, 0.4322300619739357641 ) ) ;
#3203 = ORIENTED_EDGE ( 'NONE', *, *, #1550, .F. ) ;
#3204 = LINE ( 'NONE', #6877, #92 ) ;
#3205 = SURFACE_STYLE_USAGE ( .BOTH. , #6805 ) ;
#3206 = CARTESIAN_POINT ( 'NONE',  ( -0.5338784855714885369, -0.5999999999999999778, 0.3946343845070930390 ) ) ;
#3207 = VECTOR ( 'NONE', #10965, 1000.000000000000000 ) ;
#3208 = VECTOR ( 'NONE', #2366, 1000.000000000000000 ) ;
#3209 = VECTOR ( 'NONE', #10158, 1000.000000000000000 ) ;
#3210 = FILL_AREA_STYLE_COLOUR ( '', #2076 ) ;
#3211 =( LENGTH_UNIT ( ) NAMED_UNIT ( * ) SI_UNIT ( .MILLI., .METRE. ) );
#3212 = PLANE ( 'NONE',  #39 ) ;
#3213 = SURFACE_STYLE_USAGE ( .BOTH. , #7694 ) ;
#3214 = ORIENTED_EDGE ( 'NONE', *, *, #6084, .F. ) ;
#3215 = STYLED_ITEM ( 'NONE', ( #5706 ), #10030 ) ;
#3216 = LINE ( 'NONE', #8766, #1011 ) ;
#3217 = DIRECTION ( 'NONE',  ( -1.000000000000000000, 0.0000000000000000000, -0.0000000000000000000 ) ) ;
#3218 = ORIENTED_EDGE ( 'NONE', *, *, #2167, .T. ) ;
#3219 =( NAMED_UNIT ( * ) PLANE_ANGLE_UNIT ( ) SI_UNIT ( $, .RADIAN. ) );
#3220 = PRESENTATION_STYLE_ASSIGNMENT (( #2261 ) ) ;
#3221 = VECTOR ( 'NONE', #1860, 1000.000000000000000 ) ;
#3222 = PLANE ( 'NONE',  #10925 ) ;
#3223 = STYLED_ITEM ( 'NONE', ( #929 ), #5837 ) ;
#3224 = SURFACE_SIDE_STYLE ('',( #5094 ) ) ;
#3225 = VECTOR ( 'NONE', #8061, 1000.000000000000000 ) ;
#3226 = MECHANICAL_DESIGN_GEOMETRIC_PRESENTATION_REPRESENTATION (  '', ( #548 ), #5543 ) ;
#3227 = LINE ( 'NONE', #5952, #3893 ) ;
#3228 = FILL_AREA_STYLE_COLOUR ( '', #3909 ) ;
#3229 = CARTESIAN_POINT ( 'NONE',  ( -0.3441262176798358108, -0.6099999999999999867, 0.3814225587437737319 ) ) ;
#3230 = EDGE_LOOP ( 'NONE', ( #6547, #7562, #6078, #4492, #8248, #3611, #4042 ) ) ;
#3231 = UNCERTAINTY_MEASURE_WITH_UNIT (LENGTH_MEASURE( 1.000000000000000082E-05 ), #11012, 'distance_accuracy_value', 'NONE');
#3232 = CARTESIAN_POINT ( 'NONE',  ( -0.3989838453447220878, -0.6099999999999999867, 0.4113883818919822910 ) ) ;
#3233 = EDGE_CURVE ( 'NONE', #1082, #10682, #10920, .T. ) ;
#3234 = CARTESIAN_POINT ( 'NONE',  ( -0.5547007030342133715, -0.6099999999999999867, 0.4845747821038446923 ) ) ;
#3235 = EDGE_LOOP ( 'NONE', ( #2336, #6140, #9816, #980 ) ) ;
#3236 = DIRECTION ( 'NONE',  ( 0.0000000000000000000, 1.000000000000000000, 0.0000000000000000000 ) ) ;
#3237 = LINE ( 'NONE', #2338, #5129 ) ;
#3238 = PRESENTATION_STYLE_ASSIGNMENT (( #1169 ) ) ;
#3239 = MECHANICAL_DESIGN_GEOMETRIC_PRESENTATION_REPRESENTATION (  '', ( #6324 ), #1100 ) ;
#3240 = VERTEX_POINT ( 'NONE', #11557 ) ;
#3241 = FILL_AREA_STYLE_COLOUR ( '', #6411 ) ;
#3242 = UNCERTAINTY_MEASURE_WITH_UNIT (LENGTH_MEASURE( 1.000000000000000082E-05 ), #6679, 'distance_accuracy_value', 'NONE');
#3243 = ORIENTED_EDGE ( 'NONE', *, *, #1916, .F. ) ;
#3244 = ADVANCED_FACE ( 'NONE', ( #11664 ), #2553, .F. ) ;
#3245 = FILL_AREA_STYLE ('',( #5908 ) ) ;
#3246 =( LENGTH_UNIT ( ) NAMED_UNIT ( * ) SI_UNIT ( .MILLI., .METRE. ) );
#3247 = DIRECTION ( 'NONE',  ( -0.3559357243698748618, -0.0000000000000000000, 0.9345104387417471070 ) ) ;
#3248 = ORIENTED_EDGE ( 'NONE', *, *, #4802, .F. ) ;
#3249 = PLANE ( 'NONE',  #6667 ) ;
#3250 = SURFACE_SIDE_STYLE ('',( #1184 ) ) ;
#3251 = ORIENTED_EDGE ( 'NONE', *, *, #2854, .T. ) ;
#3252 = DIRECTION ( 'NONE',  ( 0.8840949502478813171, 0.0000000000000000000, 0.4673073067545553960 ) ) ;
#3253 = UNCERTAINTY_MEASURE_WITH_UNIT (LENGTH_MEASURE( 1.000000000000000082E-05 ), #8211, 'distance_accuracy_value', 'NONE');
#3254 = CARTESIAN_POINT ( 'NONE',  ( -0.2796508292890245162, -0.6099999999999999867, 0.4218067562135270343 ) ) ;
#3255 = SURFACE_STYLE_USAGE ( .BOTH. , #7796 ) ;
#3256 = PRESENTATION_LAYER_ASSIGNMENT (  '', '', ( #7648 ) ) ;
#3257 = VERTEX_POINT ( 'NONE', #8464 ) ;
#3258 = EDGE_CURVE ( 'NONE', #4082, #7651, #105, .T. ) ;
#3259 = DIRECTION ( 'NONE',  ( -0.0000000000000000000, 0.0000000000000000000, -1.000000000000000000 ) ) ;
#3260 = VERTEX_POINT ( 'NONE', #7411 ) ;
#3261 = CARTESIAN_POINT ( 'NONE',  ( -0.3697562503170909731, -0.6099999999999999867, 0.4155266183989210771 ) ) ;
#3262 = SURFACE_STYLE_FILL_AREA ( #3137 ) ;
#3263 = VECTOR ( 'NONE', #4989, 1000.000000000000000 ) ;
#3264 = EDGE_CURVE ( 'NONE', #11729, #9468, #10144, .T. ) ;
#3265 = ADVANCED_FACE ( 'NONE', ( #270 ), #6964, .F. ) ;
#3266 = AXIS2_PLACEMENT_3D ( 'NONE', #1473, #577, #8830 ) ;
#3267 = CARTESIAN_POINT ( 'NONE',  ( -0.5729201391771293617, -0.5999999999999999778, 0.4845747821038446923 ) ) ;
#3268 = CARTESIAN_POINT ( 'NONE',  ( -0.5677145820533771037, -0.5999999999999999778, 0.5019266281507344107 ) ) ;
#3269 = CARTESIAN_POINT ( 'NONE',  ( -0.6559198049743579784, -0.6099999999999999867, 0.4200837565026481757 ) ) ;
#3270 =( NAMED_UNIT ( * ) PLANE_ANGLE_UNIT ( ) SI_UNIT ( $, .RADIAN. ) );
#3271 = VERTEX_POINT ( 'NONE', #9216 ) ;
#3272 = DIRECTION ( 'NONE',  ( -0.0000000000000000000, 0.0000000000000000000, 1.000000000000000000 ) ) ;
#3273 = FACE_OUTER_BOUND ( 'NONE', #5238, .T. ) ;
#3274 = DIRECTION ( 'NONE',  ( -0.0000000000000000000, 1.000000000000000000, -0.0000000000000000000 ) ) ;
#3275 = LINE ( 'NONE', #6003, #1043 ) ;
#3276 = CARTESIAN_POINT ( 'NONE',  ( 0.6999999999999999556, -0.5999999999999999778, -0.05000000000000000278 ) ) ;
#3277 = CARTESIAN_POINT ( 'NONE',  ( -0.2605192836289691449, -0.6099999999999999867, 0.3858103371506220181 ) ) ;
#3278 = FILL_AREA_STYLE_COLOUR ( '', #8544 ) ;
#3279 = FACE_OUTER_BOUND ( 'NONE', #3635, .T. ) ;
#3280 = ORIENTED_EDGE ( 'NONE', *, *, #9684, .F. ) ;
#3281 = PRESENTATION_LAYER_ASSIGNMENT (  '', '', ( #8427 ) ) ;
#3282 = SURFACE_STYLE_USAGE ( .BOTH. , #8832 ) ;
#3283 = VECTOR ( 'NONE', #7224, 1000.000000000000000 ) ;
#3284 = EDGE_CURVE ( 'NONE', #7341, #1681, #4016, .T. ) ;
#3285 = ORIENTED_EDGE ( 'NONE', *, *, #7600, .T. ) ;
#3286 = DIRECTION ( 'NONE',  ( -1.000000000000000000, 0.0000000000000000000, 0.0000000000000000000 ) ) ;
#3287 =( GEOMETRIC_REPRESENTATION_CONTEXT ( 3 ) GLOBAL_UNCERTAINTY_ASSIGNED_CONTEXT ( ( #731 ) ) GLOBAL_UNIT_ASSIGNED_CONTEXT ( ( #9034, #6344, #4525 ) ) REPRESENTATION_CONTEXT ( 'NONE', 'WORKASPACE' ) );
#3288 = DIRECTION ( 'NONE',  ( -1.000000000000000000, 0.0000000000000000000, 0.0000000000000000000 ) ) ;
#3289 = ORIENTED_EDGE ( 'NONE', *, *, #5039, .F. ) ;
#3290 = SURFACE_STYLE_FILL_AREA ( #8725 ) ;
#3291 = CARTESIAN_POINT ( 'NONE',  ( -0.4890528832837367501, -0.5999999999999999778, 0.3911640241232652304 ) ) ;
#3292 = CARTESIAN_POINT ( 'NONE',  ( -0.3732186441783614250, -0.6099999999999999867, 0.3851240969258026281 ) ) ;
#3293 = DIRECTION ( 'NONE',  ( 0.0000000000000000000, -1.000000000000000000, 0.0000000000000000000 ) ) ;
#3294 = ORIENTED_EDGE ( 'NONE', *, *, #6142, .F. ) ;
#3295 = CARTESIAN_POINT ( 'NONE',  ( -0.2508079446905467358, -0.6099999999999999867, 0.3969357468550108181 ) ) ;
#3296 = DIRECTION ( 'NONE',  ( -0.0000000000000000000, 0.0000000000000000000, -1.000000000000000000 ) ) ;
#3297 = B_SPLINE_CURVE_WITH_KNOTS ( 'NONE', 3,
 ( #8807, #7849, #5016, #558 ),
 .UNSPECIFIED., .F., .F.,
 ( 4, 4 ),
 ( 8.000000000000000000, 9.000000000000000000 ),
 .UNSPECIFIED. ) ;
#3298 = VERTEX_POINT ( 'NONE', #1031 ) ;
#3299 = PLANE ( 'NONE',  #5445 ) ;
#3300 = LINE ( 'NONE', #5966, #10724 ) ;
#3301 = COLOUR_RGB ( '',1.000000000000000000, 1.000000000000000000, 1.000000000000000000 ) ;
#3302 = PRESENTATION_STYLE_ASSIGNMENT (( #1370 ) ) ;
#3303 = CARTESIAN_POINT ( 'NONE',  ( -0.3202013880251991518, -0.6099999999999999867, 0.3904476574573795822 ) ) ;
#3304 = FACE_OUTER_BOUND ( 'NONE', #11055, .T. ) ;
#3305 = EDGE_LOOP ( 'NONE', ( #9129, #2739, #4327, #4428 ) ) ;
#3306 = DIRECTION ( 'NONE',  ( -0.4673073067545554515, 0.0000000000000000000, 0.8840949502478814281 ) ) ;
#3307 = CARTESIAN_POINT ( 'NONE',  ( -0.3157616217225944211, -0.5999999999999999778, 0.4598411007923084437 ) ) ;
#3308 = ORIENTED_EDGE ( 'NONE', *, *, #5274, .F. ) ;
#3309 = CARTESIAN_POINT ( 'NONE',  ( -0.5165266395247373188, -0.6099999999999999867, 0.4686689232274827144 ) ) ;
#3310 = CARTESIAN_POINT ( 'NONE',  ( -0.5237565753775157429, -0.5999999999999999778, 0.4197945689974049710 ) ) ;
#3311 = DIRECTION ( 'NONE',  ( 1.000000000000000000, -0.0000000000000000000, -0.0000000000000000000 ) ) ;
#3312 = VERTEX_POINT ( 'NONE', #1276 ) ;
#3313 = EDGE_CURVE ( 'NONE', #7792, #7151, #11066, .T. ) ;
#3314 = PRESENTATION_LAYER_ASSIGNMENT (  '', '', ( #7885 ) ) ;
#3315 = CARTESIAN_POINT ( 'NONE',  ( -0.5642442161535458078, -0.5999999999999999778, 0.3983939599761819883 ) ) ;
#3316 = FILL_AREA_STYLE ('',( #4772 ) ) ;
#3317 = B_SPLINE_CURVE_WITH_KNOTS ( 'NONE', 3,
 ( #2038, #964, #29, #3005 ),
 .UNSPECIFIED., .F., .F.,
 ( 4, 4 ),
 ( 21.00000000000000000, 22.00000000000000000 ),
 .UNSPECIFIED. ) ;
#3318 = ORIENTED_EDGE ( 'NONE', *, *, #3092, .T. ) ;
#3319 = SURFACE_SIDE_STYLE ('',( #8970 ) ) ;
#3320 = EDGE_LOOP ( 'NONE', ( #8642, #3550, #10644, #11121 ) ) ;
#3321 = LINE ( 'NONE', #4230, #7359 ) ;
#3322 = SURFACE_STYLE_USAGE ( .BOTH. , #5077 ) ;
#3323 =( NAMED_UNIT ( * ) PLANE_ANGLE_UNIT ( ) SI_UNIT ( $, .RADIAN. ) );
#3324 = CARTESIAN_POINT ( 'NONE',  ( -0.5642442161535456968, -0.6099999999999999867, 0.3955019856348488960 ) ) ;
#3325 =( GEOMETRIC_REPRESENTATION_CONTEXT ( 3 ) GLOBAL_UNCERTAINTY_ASSIGNED_CONTEXT ( ( #3105 ) ) GLOBAL_UNIT_ASSIGNED_CONTEXT ( ( #1146, #7752, #1344 ) ) REPRESENTATION_CONTEXT ( 'NONE', 'WORKASPACE' ) );
#3326 = EDGE_CURVE ( 'NONE', #8768, #3938, #6053, .T. ) ;
#3327 = CARTESIAN_POINT ( 'NONE',  ( -0.3845312103078911137, -0.6099999999999999867, 0.4900356706821224484 ) ) ;
#3328 = FACE_OUTER_BOUND ( 'NONE', #2927, .T. ) ;
#3329 = PRESENTATION_LAYER_ASSIGNMENT (  '', '', ( #3525 ) ) ;
#3330 = ORIENTED_EDGE ( 'NONE', *, *, #7650, .T. ) ;
#3331 = CARTESIAN_POINT ( 'NONE',  ( -0.3614797773032129569, -0.6099999999999999867, 0.3937124973144972007 ) ) ;
#3332 =( LENGTH_UNIT ( ) NAMED_UNIT ( * ) SI_UNIT ( .MILLI., .METRE. ) );
#3333 = CARTESIAN_POINT ( 'NONE',  ( -0.3711391283457417534, -0.6099999999999999867, 0.4863341325000934967 ) ) ;
#3334 = ORIENTED_EDGE ( 'NONE', *, *, #9496, .T. ) ;
#3335 = CARTESIAN_POINT ( 'NONE',  ( -0.4162230315972971773, -0.6099999999999999867, 0.3904476574573795822 ) ) ;
#3336 = CARTESIAN_POINT ( 'NONE',  ( -0.5165266395247373188, -0.6099999999999999867, 0.4686689232274827144 ) ) ;
#3337 = LINE ( 'NONE', #634, #2114 ) ;
#3338 = CARTESIAN_POINT ( 'NONE',  ( -0.5000423835737352052, -0.6099999999999999867, 0.4640417631786479813 ) ) ;
#3339 = FACE_OUTER_BOUND ( 'NONE', #2800, .T. ) ;
#3340 = CARTESIAN_POINT ( 'NONE',  ( -0.3957917885416629700, -0.6099999999999999867, 0.4496514732123697011 ) ) ;
#3341 = LINE ( 'NONE', #4134, #1610 ) ;
#3342 = DIRECTION ( 'NONE',  ( -0.0000000000000000000, 1.000000000000000000, -0.0000000000000000000 ) ) ;
#3343 = EDGE_LOOP ( 'NONE', ( #6565, #8263, #5049, #3951 ) ) ;
#3344 = UNCERTAINTY_MEASURE_WITH_UNIT (LENGTH_MEASURE( 1.000000000000000082E-05 ), #10006, 'distance_accuracy_value', 'NONE');
#3345 = PRESENTATION_STYLE_ASSIGNMENT (( #9699 ) ) ;
#3346 = DIRECTION ( 'NONE',  ( -0.0000000000000000000, 0.0000000000000000000, 1.000000000000000000 ) ) ;
#3347 = PRESENTATION_LAYER_ASSIGNMENT (  '', '', ( #8494 ) ) ;
#3348 = EDGE_CURVE ( 'NONE', #2485, #6956, #8648, .T. ) ;
#3349 = EDGE_CURVE ( 'NONE', #4487, #11457, #7717, .T. ) ;
#3350 = ORIENTED_EDGE ( 'NONE', *, *, #3458, .F. ) ;
#3351 = FILL_AREA_STYLE ('',( #6191 ) ) ;
#3352 = PLANE ( 'NONE',  #3448 ) ;
#3353 = B_SPLINE_CURVE_WITH_KNOTS ( 'NONE', 3,
 ( #1554, #1328, #11366, #2483 ),
 .UNSPECIFIED., .F., .F.,
 ( 4, 4 ),
 ( 4.000000000000000000, 5.000000000000000000 ),
 .UNSPECIFIED. ) ;
#3354 =( GEOMETRIC_REPRESENTATION_CONTEXT ( 3 ) GLOBAL_UNCERTAINTY_ASSIGNED_CONTEXT ( ( #8311 ) ) GLOBAL_UNIT_ASSIGNED_CONTEXT ( ( #10396, #10457, #402 ) ) REPRESENTATION_CONTEXT ( 'NONE', 'WORKASPACE' ) );
#3355 = ORIENTED_EDGE ( 'NONE', *, *, #5594, .T. ) ;
#3356 = STYLED_ITEM ( 'NONE', ( #7219 ), #7999 ) ;
#3357 = STYLED_ITEM ( 'NONE', ( #10491 ), #2404 ) ;
#3358 = LINE ( 'NONE', #7023, #7732 ) ;
#3359 = UNCERTAINTY_MEASURE_WITH_UNIT (LENGTH_MEASURE( 1.000000000000000082E-05 ), #1436, 'distance_accuracy_value', 'NONE');
#3360 = FILL_AREA_STYLE_COLOUR ( '', #972 ) ;
#3361 = FILL_AREA_STYLE_COLOUR ( '', #10219 ) ;
#3362 = ORIENTED_EDGE ( 'NONE', *, *, #6705, .F. ) ;
#3363 = PRESENTATION_LAYER_ASSIGNMENT (  '', '', ( #6816 ) ) ;
#3364 = CARTESIAN_POINT ( 'NONE',  ( -0.4113465669697827787, -0.5999999999999999778, 0.3909883315738021947 ) ) ;
#3365 = DIRECTION ( 'NONE',  ( -0.0000000000000000000, -0.0000000000000000000, 1.000000000000000000 ) ) ;
#3366 = CARTESIAN_POINT ( 'NONE',  ( -0.5156590494287112136, -0.5999999999999999778, 0.4868883607492610066 ) ) ;
#3367 = ORIENTED_EDGE ( 'NONE', *, *, #2559, .T. ) ;
#3368 = COLOUR_RGB ( '',1.000000000000000000, 1.000000000000000000, 1.000000000000000000 ) ;
#3369 = AXIS2_PLACEMENT_3D ( 'NONE', #8825, #2315, #572 ) ;
#3370 = CARTESIAN_POINT ( 'NONE',  ( -0.3739568722989369265, -0.6099999999999999867, 0.4041100764777403320 ) ) ;
#3371 = SURFACE_STYLE_USAGE ( .BOTH. , #11470 ) ;
#3372 = ORIENTED_EDGE ( 'NONE', *, *, #10627, .F. ) ;
#3373 = LINE ( 'NONE', #9495, #10961 ) ;
#3374 = PRESENTATION_LAYER_ASSIGNMENT (  '', '', ( #9262 ) ) ;
#3375 = UNCERTAINTY_MEASURE_WITH_UNIT (LENGTH_MEASURE( 1.000000000000000082E-05 ), #7709, 'distance_accuracy_value', 'NONE');
#3376 = CARTESIAN_POINT ( 'NONE',  ( -0.3254521655027147187, -0.5999999999999999778, 0.4264856668368886550 ) ) ;
#3377 = STYLED_ITEM ( 'NONE', ( #6121 ), #3095 ) ;
#3378 = EDGE_LOOP ( 'NONE', ( #10224, #4307, #2317, #11539, #6594, #2661, #1379, #10389, #8065, #5142, #9366, #1059, #7702, #3330 ) ) ;
#3379 = COLOUR_RGB ( '',1.000000000000000000, 1.000000000000000000, 1.000000000000000000 ) ;
#3380 = CARTESIAN_POINT ( 'NONE',  ( -0.5101643047997155289, -0.5999999999999999778, 0.4033103075305376484 ) ) ;
#3381 = ORIENTED_EDGE ( 'NONE', *, *, #7650, .F. ) ;
#3382 = DIRECTION ( 'NONE',  ( -0.0000000000000000000, 1.000000000000000000, -0.0000000000000000000 ) ) ;
#3383 = EDGE_CURVE ( 'NONE', #3588, #8664, #297, .T. ) ;
#3384 = VECTOR ( 'NONE', #9106, 1000.000000000000000 ) ;
#3385 = CARTESIAN_POINT ( 'NONE',  ( -0.6206377185640783445, -0.6099999999999999867, 0.3862476655369023737 ) ) ;
#3386 = CARTESIAN_POINT ( 'NONE',  ( -0.3508222586609095472, -0.5999999999999999778, 0.3778457915115606691 ) ) ;
#3387 = AXIS2_PLACEMENT_3D ( 'NONE', #3581, #3306, #6362 ) ;
#3388 =( GEOMETRIC_REPRESENTATION_CONTEXT ( 3 ) GLOBAL_UNCERTAINTY_ASSIGNED_CONTEXT ( ( #11520 ) ) GLOBAL_UNIT_ASSIGNED_CONTEXT ( ( #8630, #10884, #6495 ) ) REPRESENTATION_CONTEXT ( 'NONE', 'WORKASPACE' ) );
#3389 = CARTESIAN_POINT ( 'NONE',  ( -0.3447812651672007567, -0.6099999999999999867, 0.3906348138821028049 ) ) ;
#3390 = FILL_AREA_STYLE ('',( #1689 ) ) ;
#3391 = FILL_AREA_STYLE_COLOUR ( '', #1073 ) ;
#3392 = ORIENTED_EDGE ( 'NONE', *, *, #7146, .F. ) ;
#3393 = PRESENTATION_STYLE_ASSIGNMENT (( #4120 ) ) ;
#3394 =( LENGTH_UNIT ( ) NAMED_UNIT ( * ) SI_UNIT ( .MILLI., .METRE. ) );
#3395 =( NAMED_UNIT ( * ) SI_UNIT ( $, .STERADIAN. ) SOLID_ANGLE_UNIT ( ) );
#3396 =( LENGTH_UNIT ( ) NAMED_UNIT ( * ) SI_UNIT ( .MILLI., .METRE. ) );
#3397 = SURFACE_SIDE_STYLE ('',( #7162 ) ) ;
#3398 = CARTESIAN_POINT ( 'NONE',  ( -0.3732186441783614250, -0.6099999999999999867, 0.3851240969258026281 ) ) ;
#3399 = CARTESIAN_POINT ( 'NONE',  ( -0.2450268906757579468, -0.6099999999999999867, 0.4264856668368887105 ) ) ;
#3400 = VECTOR ( 'NONE', #8881, 1000.000000000000000 ) ;
#3401 = ADVANCED_FACE ( 'NONE', ( #10560 ), #5156, .F. ) ;
#3402 = DIRECTION ( 'NONE',  ( -0.0000000000000000000, 1.000000000000000000, -0.0000000000000000000 ) ) ;
#3403 =( NAMED_UNIT ( * ) PLANE_ANGLE_UNIT ( ) SI_UNIT ( $, .RADIAN. ) );
#3404 = AXIS2_PLACEMENT_3D ( 'NONE', #11260, #7749, #3272 ) ;
#3405 = CARTESIAN_POINT ( 'NONE',  ( -0.6090698129254329407, -0.6099999999999999867, 0.4785016348842049405 ) ) ;
#3406 = ORIENTED_EDGE ( 'NONE', *, *, #5388, .T. ) ;
#3407 = VECTOR ( 'NONE', #9218, 1000.000000000000000 ) ;
#3408 = CARTESIAN_POINT ( 'NONE',  ( -0.4081337150082813836, -0.5999999999999999778, 0.4021761267533772721 ) ) ;
#3409 = CARTESIAN_POINT ( 'NONE',  ( -0.3985055567032068091, -0.6099999999999999867, 0.4155266183989210771 ) ) ;
#3410 = B_SPLINE_SURFACE_WITH_KNOTS ( 'NONE', 3, 1, ( 
 ( #2669, #5222 ),
 ( #4357, #1646 ),
 ( #6238, #4477 ),
 ( #11665, #8044 ) ),
 .UNSPECIFIED., .F., .F., .F.,
 ( 4, 4 ),
 ( 2, 2 ),
 ( 6.000000000000000000, 7.000000000000000000 ),
 ( 0.0000000000000000000, 1.000000000000000000 ),
 .UNSPECIFIED. ) ;
#3411 = EDGE_CURVE ( 'NONE', #424, #3312, #2184, .T. ) ;
#3412 = CARTESIAN_POINT ( 'NONE',  ( -0.5729201391771293617, -0.5999999999999999778, 0.4845747821038446923 ) ) ;
#3413 = ORIENTED_EDGE ( 'NONE', *, *, #5406, .T. ) ;
#3414 =( NAMED_UNIT ( * ) PLANE_ANGLE_UNIT ( ) SI_UNIT ( $, .RADIAN. ) );
#3415 =( GEOMETRIC_REPRESENTATION_CONTEXT ( 3 ) GLOBAL_UNCERTAINTY_ASSIGNED_CONTEXT ( ( #4433 ) ) GLOBAL_UNIT_ASSIGNED_CONTEXT ( ( #9885, #15, #5357 ) ) REPRESENTATION_CONTEXT ( 'NONE', 'WORKASPACE' ) );
#3416 = ORIENTED_EDGE ( 'NONE', *, *, #9190, .F. ) ;
#3417 = EDGE_CURVE ( 'NONE', #1633, #3965, #2370, .T. ) ;
#3418 = ADVANCED_FACE ( 'NONE', ( #7745 ), #1493, .F. ) ;
#3419 = B_SPLINE_SURFACE_WITH_KNOTS ( 'NONE', 3, 1, ( 
 ( #4091, #3066 ),
 ( #8684, #3307 ),
 ( #4941, #10364 ),
 ( #6859, #375 ) ),
 .UNSPECIFIED., .F., .F., .F.,
 ( 4, 4 ),
 ( 2, 2 ),
 ( 4.000000000000000000, 5.000000000000000000 ),
 ( 0.0000000000000000000, 1.000000000000000000 ),
 .UNSPECIFIED. ) ;
#3420 = PLANE ( 'NONE',  #8560 ) ;
#3421 = CARTESIAN_POINT ( 'NONE',  ( -0.2450268906757579468, -0.6099999999999999867, 0.4264856668368887105 ) ) ;
#3422 = ORIENTED_EDGE ( 'NONE', *, *, #9332, .T. ) ;
#3423 = DIRECTION ( 'NONE',  ( -0.3409177962187266431, 0.0000000000000000000, -0.9400931103999042859 ) ) ;
#3424 = FACE_OUTER_BOUND ( 'NONE', #9939, .T. ) ;
#3425 = CARTESIAN_POINT ( 'NONE',  ( -0.4052015976842822109, -0.6099999999999999867, 0.4824454378930636000 ) ) ;
#3426 = B_SPLINE_CURVE_WITH_KNOTS ( 'NONE', 3,
 ( #11043, #3831, #896, #4555 ),
 .UNSPECIFIED., .F., .F.,
 ( 4, 4 ),
 ( 0.0000000000000000000, 1.000000000000000000 ),
 .UNSPECIFIED. ) ;
#3427 = VERTEX_POINT ( 'NONE', #2771 ) ;
#3428 = FILL_AREA_STYLE ('',( #8798 ) ) ;
#3429 = CARTESIAN_POINT ( 'NONE',  ( -0.5254917555694292863, -0.6099999999999999867, 0.3856692684621244038 ) ) ;
#3430 = VERTEX_POINT ( 'NONE', #3854 ) ;
#3431 =( GEOMETRIC_REPRESENTATION_CONTEXT ( 3 ) GLOBAL_UNCERTAINTY_ASSIGNED_CONTEXT ( ( #478 ) ) GLOBAL_UNIT_ASSIGNED_CONTEXT ( ( #10555, #3442, #675 ) ) REPRESENTATION_CONTEXT ( 'NONE', 'WORKASPACE' ) );
#3432 =( NAMED_UNIT ( * ) SI_UNIT ( $, .STERADIAN. ) SOLID_ANGLE_UNIT ( ) );
#3433 = VERTEX_POINT ( 'NONE', #7453 ) ;
#3434 = FILL_AREA_STYLE_COLOUR ( '', #6856 ) ;
#3435 = CARTESIAN_POINT ( 'NONE',  ( -0.3565929150965476135, -0.6099999999999999867, 0.4733163633876686927 ) ) ;
#3436 = CARTESIAN_POINT ( 'NONE',  ( -0.5549898960555990080, -0.6099999999999999867, 0.5019266281507344107 ) ) ;
#3437 = ORIENTED_EDGE ( 'NONE', *, *, #1687, .F. ) ;
#3438 = CARTESIAN_POINT ( 'NONE',  ( -0.6087806143881820953, -0.6099999999999999867, 0.4611498053853264611 ) ) ;
#3439 = EDGE_LOOP ( 'NONE', ( #9997, #7826, #1654, #8520 ) ) ;
#3440 = CARTESIAN_POINT ( 'NONE',  ( -0.3588283946165762295, -0.6099999999999999867, 0.4148611733324051309 ) ) ;
#3441 = CARTESIAN_POINT ( 'NONE',  ( -0.3647550147396215747, -0.6099999999999999867, 0.3874323594998910769 ) ) ;
#3442 =( NAMED_UNIT ( * ) PLANE_ANGLE_UNIT ( ) SI_UNIT ( $, .RADIAN. ) );
#3443 =( NAMED_UNIT ( * ) SI_UNIT ( $, .STERADIAN. ) SOLID_ANGLE_UNIT ( ) );
#3444 = EDGE_CURVE ( 'NONE', #6521, #6981, #1926, .T. ) ;
#3445 = FACE_OUTER_BOUND ( 'NONE', #11676, .T. ) ;
#3446 = SURFACE_SIDE_STYLE ('',( #3561 ) ) ;
#3447 = CARTESIAN_POINT ( 'NONE',  ( -0.2682966728430296599, -0.6099999999999999867, 0.4115963334752861247 ) ) ;
#3448 = AXIS2_PLACEMENT_3D ( 'NONE', #7018, #7832, #3296 ) ;
#3449 = EDGE_LOOP ( 'NONE', ( #3017, #2255, #8193, #6200 ) ) ;
#3450 = SURFACE_SIDE_STYLE ('',( #8981 ) ) ;
#3451 = SURFACE_STYLE_FILL_AREA ( #1807 ) ;
#3452 = FILL_AREA_STYLE_COLOUR ( '', #6352 ) ;
#3453 = ORIENTED_EDGE ( 'NONE', *, *, #4604, .F. ) ;
#3454 =( NAMED_UNIT ( * ) SI_UNIT ( $, .STERADIAN. ) SOLID_ANGLE_UNIT ( ) );
#3455 = CARTESIAN_POINT ( 'NONE',  ( -0.5934531581024645730, -0.5999999999999999778, 0.3839340662063335796 ) ) ;
#3456 = COLOUR_RGB ( '',1.000000000000000000, 1.000000000000000000, 1.000000000000000000 ) ;
#3457 = CARTESIAN_POINT ( 'NONE',  ( -0.3309420873009890074, -0.6099999999999999867, 0.4148611733324051309 ) ) ;
#3458 = EDGE_CURVE ( 'NONE', #8490, #2950, #9152, .T. ) ;
#3459 = DIRECTION ( 'NONE',  ( 1.000000000000000000, -0.0000000000000000000, -0.0000000000000000000 ) ) ;
#3460 = CARTESIAN_POINT ( 'NONE',  ( -0.3810688164466189964, -0.6099999999999999867, 0.4095999982757371205 ) ) ;
#3461 = ORIENTED_EDGE ( 'NONE', *, *, #5342, .T. ) ;
#3462 = UNCERTAINTY_MEASURE_WITH_UNIT (LENGTH_MEASURE( 1.000000000000000082E-05 ), #2632, 'distance_accuracy_value', 'NONE');
#3463 = FILL_AREA_STYLE_COLOUR ( '', #1581 ) ;
#3464 = LINE ( 'NONE', #9868, #3920 ) ;
#3465 = CARTESIAN_POINT ( 'NONE',  ( 0.0000000000000000000, 0.0000000000000000000, -0.05000000000000000278 ) ) ;
#3466 = DIRECTION ( 'NONE',  ( 0.0000000000000000000, 1.000000000000000000, 0.0000000000000000000 ) ) ;
#3467 = CARTESIAN_POINT ( 'NONE',  ( -0.3198478703337772067, -0.6099999999999999867, 0.4560355868184891026 ) ) ;
#3468 = COLOUR_RGB ( '',1.000000000000000000, 1.000000000000000000, 1.000000000000000000 ) ;
#3469 = DIRECTION ( 'NONE',  ( 0.0000000000000000000, 1.000000000000000000, 0.0000000000000000000 ) ) ;
#3470 = CARTESIAN_POINT ( 'NONE',  ( -0.3770579502844229602, -0.6099999999999999867, 0.3899849651845559984 ) ) ;
#3471 =( NAMED_UNIT ( * ) PLANE_ANGLE_UNIT ( ) SI_UNIT ( $, .RADIAN. ) );
#3472 = FILL_AREA_STYLE ('',( #9761 ) ) ;
#3473 = ORIENTED_EDGE ( 'NONE', *, *, #4084, .F. ) ;
#3474 = VECTOR ( 'NONE', #3698, 1000.000000000000000 ) ;
#3475 = EDGE_CURVE ( 'NONE', #8244, #1307, #152, .T. ) ;
#3476 = CARTESIAN_POINT ( 'NONE',  ( -0.4183025474299184587, -0.6099999999999999867, 0.4087889871011015086 ) ) ;
#3477 = CARTESIAN_POINT ( 'NONE',  ( -0.6087806143881820953, -0.6099999999999999867, 0.4611498053853264611 ) ) ;
#3478 = UNCERTAINTY_MEASURE_WITH_UNIT (LENGTH_MEASURE( 1.000000000000000082E-05 ), #10816, 'distance_accuracy_value', 'NONE');
#3479 = CARTESIAN_POINT ( 'NONE',  ( -0.2239198049744566543, -0.6099999999999999867, 0.3858103371506220181 ) ) ;
#3480 =( LENGTH_UNIT ( ) NAMED_UNIT ( * ) SI_UNIT ( .MILLI., .METRE. ) );
#3481 = STYLED_ITEM ( 'NONE', ( #2265 ), #101 ) ;
#3482 = CARTESIAN_POINT ( 'NONE',  ( -0.3993373630362828663, -0.5999999999999999778, 0.4543303838357317104 ) ) ;
#3483 = ORIENTED_EDGE ( 'NONE', *, *, #7695, .F. ) ;
#3484 = B_SPLINE_CURVE_WITH_KNOTS ( 'NONE', 3,
 ( #3511, #6231, #7164, #1810 ),
 .UNSPECIFIED., .F., .F.,
 ( 4, 4 ),
 ( 5.000000000000000000, 6.000000000000000000 ),
 .UNSPECIFIED. ) ;
#3485 = ORIENTED_EDGE ( 'NONE', *, *, #5249, .T. ) ;
#3486 = EDGE_CURVE ( 'NONE', #1300, #5593, #5189, .T. ) ;
#3487 = CARTESIAN_POINT ( 'NONE',  ( -0.4080505343750704950, -0.5999999999999999778, 0.4794093447772738159 ) ) ;
#3488 = PRESENTATION_STYLE_ASSIGNMENT (( #2479 ) ) ;
#3489 = ORIENTED_EDGE ( 'NONE', *, *, #7582, .F. ) ;
#3490 = CARTESIAN_POINT ( 'NONE',  ( -0.4088511479705551066, -0.5999999999999999778, 0.3874115643415892429 ) ) ;
#3491 = CARTESIAN_POINT ( 'NONE',  ( -0.4149857196769028977, -0.6099999999999999867, 0.4699059574221539637 ) ) ;
#3492 = SURFACE_STYLE_FILL_AREA ( #6386 ) ;
#3493 = FILL_AREA_STYLE_COLOUR ( '', #7597 ) ;
#3494 = ORIENTED_EDGE ( 'NONE', *, *, #5702, .T. ) ;
#3495 = CARTESIAN_POINT ( 'NONE',  ( -0.6162997487782113648, -0.5999999999999999778, 0.4166134016351022984 ) ) ;
#3496 = DIRECTION ( 'NONE',  ( -0.0000000000000000000, -0.0000000000000000000, 1.000000000000000000 ) ) ;
#3497 = STYLED_ITEM ( 'NONE', ( #5896 ), #222 ) ;
#3498 = ORIENTED_EDGE ( 'NONE', *, *, #10554, .F. ) ;
#3499 =( NAMED_UNIT ( * ) SI_UNIT ( $, .STERADIAN. ) SOLID_ANGLE_UNIT ( ) );
#3500 = EDGE_CURVE ( 'NONE', #9356, #797, #5619, .T. ) ;
#3501 = CARTESIAN_POINT ( 'NONE',  ( -0.4166493323429174556, -0.6099999999999999867, 0.4549750337439453785 ) ) ;
#3502 = CARTESIAN_POINT ( 'NONE',  ( -0.3628730529110148484, -0.6099999999999999867, 0.4142373185824930748 ) ) ;
#3503 = CARTESIAN_POINT ( 'NONE',  ( -0.3758180389692417633, -0.6099999999999999867, 0.4074788921266491726 ) ) ;
#3504 = CARTESIAN_POINT ( 'NONE',  ( -0.3035756589433836750, -0.5999999999999999778, 0.3858103371506220181 ) ) ;
#3505 = CARTESIAN_POINT ( 'NONE',  ( -0.2697835266633317741, -0.5999999999999999778, 0.4154226426071312428 ) ) ;
#3506 = EDGE_LOOP ( 'NONE', ( #9199, #5601, #3874, #658 ) ) ;
#3507 = CARTESIAN_POINT ( 'NONE',  ( -0.3239341189449583824, -0.5999999999999999778, 0.4892246595074877247 ) ) ;
#3508 = FILL_AREA_STYLE ('',( #5945 ) ) ;
#3509 = CARTESIAN_POINT ( 'NONE',  ( -0.3667097596222881339, -0.5999999999999999778, 0.3932134135146798104 ) ) ;
#3510 = ORIENTED_EDGE ( 'NONE', *, *, #7617, .T. ) ;
#3511 = CARTESIAN_POINT ( 'NONE',  ( -0.3236949746242013259, -0.6099999999999999867, 0.4825078233679716000 ) ) ;
#3512 = LINE ( 'NONE', #9798, #4355 ) ;
#3513 = CARTESIAN_POINT ( 'NONE',  ( -0.5642442161535456968, -0.5999999999999999778, 0.3983939599761820993 ) ) ;
#3514 = B_SPLINE_SURFACE_WITH_KNOTS ( 'NONE', 3, 1, ( 
 ( #9875, #10987 ),
 ( #8951, #1767 ),
 ( #1704, #5402 ),
 ( #9053, #4425 ) ),
 .UNSPECIFIED., .F., .F., .F.,
 ( 4, 4 ),
 ( 2, 2 ),
 ( 1.000000000000000000, 2.000000000000000000 ),
 ( 0.0000000000000000000, 1.000000000000000000 ),
 .UNSPECIFIED. ) ;
#3515 = VECTOR ( 'NONE', #4479, 1000.000000000000227 ) ;
#3516 =( NAMED_UNIT ( * ) SI_UNIT ( $, .STERADIAN. ) SOLID_ANGLE_UNIT ( ) );
#3517 =( NAMED_UNIT ( * ) SI_UNIT ( $, .STERADIAN. ) SOLID_ANGLE_UNIT ( ) );
#3518 = CARTESIAN_POINT ( 'NONE',  ( -0.3035756589433836750, -0.6099999999999999867, 0.3858103371506220181 ) ) ;
#3519 = ORIENTED_EDGE ( 'NONE', *, *, #2100, .T. ) ;
#3520 = CARTESIAN_POINT ( 'NONE',  ( -0.4017080110855572594, -0.5999999999999999778, 0.4030703185614989414 ) ) ;
#3521 =( NAMED_UNIT ( * ) PLANE_ANGLE_UNIT ( ) SI_UNIT ( $, .RADIAN. ) );
#3522 = FACE_OUTER_BOUND ( 'NONE', #8579, .T. ) ;
#3523 = FILL_AREA_STYLE ('',( #5344 ) ) ;
#3524 = ORIENTED_EDGE ( 'NONE', *, *, #5855, .F. ) ;
#3525 = STYLED_ITEM ( 'NONE', ( #6592 ), #6726 ) ;
#3526 = EDGE_CURVE ( 'NONE', #970, #2525, #9205, .T. ) ;
#3527 = PLANE ( 'NONE',  #11390 ) ;
#3528 = SURFACE_SIDE_STYLE ('',( #117 ) ) ;
#3529 = ORIENTED_EDGE ( 'NONE', *, *, #2387, .F. ) ;
#3530 = PRESENTATION_LAYER_ASSIGNMENT (  '', '', ( #8484 ) ) ;
#3531 = DIRECTION ( 'NONE',  ( -0.9903286039881273872, -0.0000000000000000000, -0.1387416884823259033 ) ) ;
#3532 = DIRECTION ( 'NONE',  ( -1.000000000000000000, 0.0000000000000000000, -0.0000000000000000000 ) ) ;
#3533 = ORIENTED_EDGE ( 'NONE', *, *, #3198, .F. ) ;
#3534 =( NAMED_UNIT ( * ) PLANE_ANGLE_UNIT ( ) SI_UNIT ( $, .RADIAN. ) );
#3535 = CARTESIAN_POINT ( 'NONE',  ( -0.4054823323217832676, -0.6099999999999999867, 0.4586141864510666077 ) ) ;
#3536 = CARTESIAN_POINT ( 'NONE',  ( -0.5821744592752146064, -0.5999999999999999778, 0.3952127705495860344 ) ) ;
#3537 = EDGE_LOOP ( 'NONE', ( #6653, #7914, #6615, #409 ) ) ;
#3538 =( NAMED_UNIT ( * ) PLANE_ANGLE_UNIT ( ) SI_UNIT ( $, .RADIAN. ) );
#3539 = ADVANCED_FACE ( 'NONE', ( #7505 ), #9455, .F. ) ;
#3540 = SURFACE_STYLE_USAGE ( .BOTH. , #10666 ) ;
#3541 = CARTESIAN_POINT ( 'NONE',  ( -0.3056551747761435678, -0.5999999999999999778, 0.4503377134371886470 ) ) ;
#3542 = VECTOR ( 'NONE', #999, 1000.000000000000000 ) ;
#3543 = ORIENTED_EDGE ( 'NONE', *, *, #8957, .T. ) ;
#3544 = CARTESIAN_POINT ( 'NONE',  ( -0.3192344131630175941, -0.5999999999999999778, 0.4659756724985189003 ) ) ;
#3545 = FILL_AREA_STYLE_COLOUR ( '', #4700 ) ;
#3546 = CARTESIAN_POINT ( 'NONE',  ( -0.3727195603785443123, -0.5999999999999999778, 0.3892831285910451911 ) ) ;
#3547 = VECTOR ( 'NONE', #4117, 1000.000000000000000 ) ;
#3548 = VERTEX_POINT ( 'NONE', #10277 ) ;
#3549 = STYLED_ITEM ( 'NONE', ( #4564 ), #2490 ) ;
#3550 = ORIENTED_EDGE ( 'NONE', *, *, #8206, .F. ) ;
#3551 = CARTESIAN_POINT ( 'NONE',  ( -0.3845312103078911137, -0.6099999999999999867, 0.4570545495767047717 ) ) ;
#3552 = VECTOR ( 'NONE', #8036, 1000.000000000000000 ) ;
#3553 = DIRECTION ( 'NONE',  ( 0.0000000000000000000, -0.0000000000000000000, 1.000000000000000000 ) ) ;
#3554 = PRESENTATION_LAYER_ASSIGNMENT (  '', '', ( #3172 ) ) ;
#3555 = PRESENTATION_LAYER_ASSIGNMENT (  '', '', ( #6635 ) ) ;
#3556 =( GEOMETRIC_REPRESENTATION_CONTEXT ( 3 ) GLOBAL_UNCERTAINTY_ASSIGNED_CONTEXT ( ( #2638 ) ) GLOBAL_UNIT_ASSIGNED_CONTEXT ( ( #2001, #1947, #219 ) ) REPRESENTATION_CONTEXT ( 'NONE', 'WORKASPACE' ) );
#3557 = ADVANCED_FACE ( 'NONE', ( #7701 ), #11447, .F. ) ;
#3558 = AXIS2_PLACEMENT_3D ( 'NONE', #4581, #5674, #5623 ) ;
#3559 = EDGE_CURVE ( 'NONE', #11625, #10012, #6331, .T. ) ;
#3560 = CARTESIAN_POINT ( 'NONE',  ( -0.3912792391848615159, -0.6099999999999999867, 0.4496514732123697011 ) ) ;
#3561 = SURFACE_STYLE_FILL_AREA ( #3390 ) ;
#3562 = EDGE_LOOP ( 'NONE', ( #2912, #3163, #9067, #7506 ) ) ;
#3563 = VECTOR ( 'NONE', #3889, 1000.000000000000000 ) ;
#3564 = PRESENTATION_STYLE_ASSIGNMENT (( #11651 ) ) ;
#3565 = LINE ( 'NONE', #7548, #11404 ) ;
#3566 = FILL_AREA_STYLE_COLOUR ( '', #10199 ) ;
#3567 = CARTESIAN_POINT ( 'NONE',  ( -0.3614797773032129569, -0.5999999999999999778, 0.3937124973144972007 ) ) ;
#3568 = FACE_BOUND ( 'NONE', #10177, .T. ) ;
#3569 = AXIS2_PLACEMENT_3D ( 'NONE', #10716, #1615, #613 ) ;
#3570 = CARTESIAN_POINT ( 'NONE',  ( -0.3292056915807773931, -0.5999999999999999778, 0.4503377134371886470 ) ) ;
#3571 = CARTESIAN_POINT ( 'NONE',  ( -0.5642442161535456968, -0.5999999999999999778, 0.3955019856348489515 ) ) ;
#3572 = MECHANICAL_DESIGN_GEOMETRIC_PRESENTATION_REPRESENTATION (  '', ( #1458 ), #6833 ) ;
#3573 = SURFACE_SIDE_STYLE ('',( #2554 ) ) ;
#3574 = CARTESIAN_POINT ( 'NONE',  ( -0.6999999999999999556, -0.5999999999999999778, -0.05000000000000000278 ) ) ;
#3575 =( LENGTH_UNIT ( ) NAMED_UNIT ( * ) SI_UNIT ( .MILLI., .METRE. ) );
#3576 = VERTEX_POINT ( 'NONE', #8771 ) ;
#3577 =( GEOMETRIC_REPRESENTATION_CONTEXT ( 3 ) GLOBAL_UNCERTAINTY_ASSIGNED_CONTEXT ( ( #6259 ) ) GLOBAL_UNIT_ASSIGNED_CONTEXT ( ( #8657, #4125, #8716 ) ) REPRESENTATION_CONTEXT ( 'NONE', 'WORKASPACE' ) );
#3578 = UNCERTAINTY_MEASURE_WITH_UNIT (LENGTH_MEASURE( 1.000000000000000082E-05 ), #4459, 'distance_accuracy_value', 'NONE');
#3579 = PRESENTATION_STYLE_ASSIGNMENT (( #1697 ) ) ;
#3580 = SURFACE_STYLE_USAGE ( .BOTH. , #11672 ) ;
#3581 = CARTESIAN_POINT ( 'NONE',  ( -0.5642442161535458078, -0.6099999999999999867, 0.3983939599761819883 ) ) ;
#3582 =( NAMED_UNIT ( * ) PLANE_ANGLE_UNIT ( ) SI_UNIT ( $, .RADIAN. ) );
#3583 = CARTESIAN_POINT ( 'NONE',  ( -0.2935315974718414878, -0.5999999999999999778, 0.4845873392007309377 ) ) ;
#3584 = ORIENTED_EDGE ( 'NONE', *, *, #5486, .F. ) ;
#3585 = FACE_OUTER_BOUND ( 'NONE', #835, .T. ) ;
#3586 =( NAMED_UNIT ( * ) SI_UNIT ( $, .STERADIAN. ) SOLID_ANGLE_UNIT ( ) );
#3587 = PRESENTATION_LAYER_ASSIGNMENT (  '', '', ( #9099 ) ) ;
#3588 = VERTEX_POINT ( 'NONE', #11387 ) ;
#3589 = B_SPLINE_CURVE_WITH_KNOTS ( 'NONE', 3,
 ( #633, #6178, #9692, #1577 ),
 .UNSPECIFIED., .F., .F.,
 ( 4, 4 ),
 ( 2.000000000000000000, 3.000000000000000000 ),
 .UNSPECIFIED. ) ;
#3590 = STYLED_ITEM ( 'NONE', ( #2940 ), #4554 ) ;
#3591 = VECTOR ( 'NONE', #3531, 1000.000000000000000 ) ;
#3592 = ORIENTED_EDGE ( 'NONE', *, *, #4132, .F. ) ;
#3593 = UNCERTAINTY_MEASURE_WITH_UNIT (LENGTH_MEASURE( 1.000000000000000082E-05 ), #2909, 'distance_accuracy_value', 'NONE');
#3594 = EDGE_CURVE ( 'NONE', #10021, #1950, #11348, .T. ) ;
#3595 = FACE_OUTER_BOUND ( 'NONE', #10868, .T. ) ;
#3596 = ORIENTED_EDGE ( 'NONE', *, *, #8489, .F. ) ;
#3597 = ORIENTED_EDGE ( 'NONE', *, *, #1358, .T. ) ;
#3598 = CARTESIAN_POINT ( 'NONE',  ( -0.4061789701256164342, -0.5999999999999999778, 0.3955840615639528712 ) ) ;
#3599 = LINE ( 'NONE', #5542, #4523 ) ;
#3600 =( LENGTH_UNIT ( ) NAMED_UNIT ( * ) SI_UNIT ( .MILLI., .METRE. ) );
#3601 = VECTOR ( 'NONE', #9087, 1000.000000000000000 ) ;
#3602 = ORIENTED_EDGE ( 'NONE', *, *, #6085, .T. ) ;
#3603 =( GEOMETRIC_REPRESENTATION_CONTEXT ( 3 ) GLOBAL_UNCERTAINTY_ASSIGNED_CONTEXT ( ( #9294 ) ) GLOBAL_UNIT_ASSIGNED_CONTEXT ( ( #11337, #1827, #4538 ) ) REPRESENTATION_CONTEXT ( 'NONE', 'WORKASPACE' ) );
#3604 = CARTESIAN_POINT ( 'NONE',  ( -0.2927725741929639303, -0.6099999999999999867, 0.4835267861259099909 ) ) ;
#3605 = UNCERTAINTY_MEASURE_WITH_UNIT (LENGTH_MEASURE( 1.000000000000000082E-05 ), #10912, 'distance_accuracy_value', 'NONE');
#3606 = PRESENTATION_LAYER_ASSIGNMENT (  '', '', ( #4197 ) ) ;
#3607 = CARTESIAN_POINT ( 'NONE',  ( -0.5087183065971798701, -0.6099999999999999867, 0.4805260163715099897 ) ) ;
#3608 = PLANE ( 'NONE',  #4746 ) ;
#3609 = SURFACE_SIDE_STYLE ('',( #1856 ) ) ;
#3610 = ORIENTED_EDGE ( 'NONE', *, *, #5461, .T. ) ;
#3611 = ORIENTED_EDGE ( 'NONE', *, *, #2921, .T. ) ;
#3612 = CARTESIAN_POINT ( 'NONE',  ( -0.2689101300135118278, -0.6099999999999999867, 0.4210997208304051442 ) ) ;
#3613 = LINE ( 'NONE', #6279, #5529 ) ;
#3614 =( NAMED_UNIT ( * ) PLANE_ANGLE_UNIT ( ) SI_UNIT ( $, .RADIAN. ) );
#3615 = EDGE_CURVE ( 'NONE', #364, #1583, #453, .T. ) ;
#3616 = SURFACE_STYLE_FILL_AREA ( #10905 ) ;
#3617 = CARTESIAN_POINT ( 'NONE',  ( -0.4002107596859655336, -0.6099999999999999867, 0.4916992833482745073 ) ) ;
#3618 = CARTESIAN_POINT ( 'NONE',  ( -0.6377003577995730144, -0.5999999999999999778, 0.4322300619739357641 ) ) ;
#3619 = VERTEX_POINT ( 'NONE', #2498 ) ;
#3620 = SURFACE_SIDE_STYLE ('',( #10731 ) ) ;
#3621 = CARTESIAN_POINT ( 'NONE',  ( -0.3930988155384208538, -0.6099999999999999867, 0.3976011919215282076 ) ) ;
#3622 = CARTESIAN_POINT ( 'NONE',  ( -0.3202013880251991518, -0.6099999999999999867, 0.3904476574573795822 ) ) ;
#3623 = CARTESIAN_POINT ( 'NONE',  ( -0.3449164336961677013, -0.6099999999999999867, 0.3906348138821028604 ) ) ;
#3624 = VERTEX_POINT ( 'NONE', #7062 ) ;
#3625 = DIRECTION ( 'NONE',  ( -0.0000000000000000000, 1.000000000000000000, -0.0000000000000000000 ) ) ;
#3626 = CARTESIAN_POINT ( 'NONE',  ( -0.5934531525864606971, -0.6099999999999999867, 0.4568118438734654063 ) ) ;
#3627 =( LENGTH_UNIT ( ) NAMED_UNIT ( * ) SI_UNIT ( .MILLI., .METRE. ) );
#3628 = B_SPLINE_CURVE_WITH_KNOTS ( 'NONE', 3,
 ( #10856, #10796, #9858, #9963 ),
 .UNSPECIFIED., .F., .F.,
 ( 4, 4 ),
 ( 17.00000000000000000, 18.00000000000000000 ),
 .UNSPECIFIED. ) ;
#3629 = CARTESIAN_POINT ( 'NONE',  ( -0.3747054979988023726, -0.6099999999999999867, 0.4047755215442560006 ) ) ;
#3630 = PLANE ( 'NONE',  #3729 ) ;
#3631 = EDGE_CURVE ( 'NONE', #209, #8752, #3589, .T. ) ;
#3632 = EDGE_CURVE ( 'NONE', #1673, #7677, #7305, .T. ) ;
#3633 = SURFACE_SIDE_STYLE ('',( #10095 ) ) ;
#3634 = CARTESIAN_POINT ( 'NONE',  ( -0.3137132986275662505, -0.6099999999999999867, 0.4711952572385812443 ) ) ;
#3635 = EDGE_LOOP ( 'NONE', ( #7882, #6390, #1997, #1691 ) ) ;
#3636 = FACE_OUTER_BOUND ( 'NONE', #3230, .T. ) ;
#3637 = CARTESIAN_POINT ( 'NONE',  ( -0.2422715321973312741, -0.6099999999999999867, 0.4212868772551288665 ) ) ;
#3638 = COLOUR_RGB ( '',1.000000000000000000, 1.000000000000000000, 1.000000000000000000 ) ;
#3639 = SURFACE_SIDE_STYLE ('',( #1651 ) ) ;
#3640 = CARTESIAN_POINT ( 'NONE',  ( -0.6999999999999999556, -0.5999999999999999778, 0.5999999999999999778 ) ) ;
#3641 = VERTEX_POINT ( 'NONE', #4247 ) ;
#3642 = PRESENTATION_LAYER_ASSIGNMENT (  '', '', ( #11570 ) ) ;
#3644 = EDGE_CURVE ( 'NONE', #3129, #6356, #8859, .T. ) ;
#3643 = FILL_AREA_STYLE ('',( #1655 ) ) ;
#3645 = CARTESIAN_POINT ( 'NONE',  ( -0.3688932512465606939, -0.6099999999999999867, 0.3967070001134047619 ) ) ;
#3646 = ORIENTED_EDGE ( 'NONE', *, *, #2196, .T. ) ;
#3647 = MECHANICAL_DESIGN_GEOMETRIC_PRESENTATION_REPRESENTATION (  '', ( #6350 ), #7658 ) ;
#3648 = B_SPLINE_CURVE_WITH_KNOTS ( 'NONE', 3,
 ( #7145, #7205, #5426, #3546 ),
 .UNSPECIFIED., .F., .F.,
 ( 4, 4 ),
 ( 1.000000000000000000, 2.000000000000000000 ),
 .UNSPECIFIED. ) ;
#3649 = CARTESIAN_POINT ( 'NONE',  ( -0.4017080110855572594, -0.6099999999999999867, 0.4030703185614989970 ) ) ;
#3650 = VECTOR ( 'NONE', #4139, 1000.000000000000000 ) ;
#3651 = PRESENTATION_LAYER_ASSIGNMENT (  '', '', ( #8812 ) ) ;
#3652 = CARTESIAN_POINT ( 'NONE',  ( -0.5142130622581835286, -0.5999999999999999778, 0.4484251028395369598 ) ) ;
#3653 = FILL_AREA_STYLE ('',( #10762 ) ) ;
#3654 = DIRECTION ( 'NONE',  ( 0.0000000000000000000, 0.0000000000000000000, -1.000000000000000000 ) ) ;
#3655 = DIRECTION ( 'NONE',  ( -0.3559357243643086477, -0.0000000000000000000, 0.9345104387438669669 ) ) ;
#3656 = VERTEX_POINT ( 'NONE', #9582 ) ;
#3657 = PLANE ( 'NONE',  #2034 ) ;
#3658 = CARTESIAN_POINT ( 'NONE',  ( -0.3985055567032068091, -0.6099999999999999867, 0.4155266183989210771 ) ) ;
#3659 = LINE ( 'NONE', #10119, #773 ) ;
#3660 = ORIENTED_EDGE ( 'NONE', *, *, #4879, .F. ) ;
#3661 = DIRECTION ( 'NONE',  ( 0.0000000000000000000, -1.000000000000000000, 0.0000000000000000000 ) ) ;
#3662 = STYLED_ITEM ( 'NONE', ( #8661 ), #148 ) ;
#3663 =( NAMED_UNIT ( * ) SI_UNIT ( $, .STERADIAN. ) SOLID_ANGLE_UNIT ( ) );
#3664 = EDGE_LOOP ( 'NONE', ( #1919, #4571, #2576, #2860 ) ) ;
#3665 = CARTESIAN_POINT ( 'NONE',  ( -0.3035756589433836750, -0.6099999999999999867, 0.3904476574573795822 ) ) ;
#3666 = PRESENTATION_STYLE_ASSIGNMENT (( #34 ) ) ;
#3667 = ORIENTED_EDGE ( 'NONE', *, *, #3411, .T. ) ;
#3668 = CARTESIAN_POINT ( 'NONE',  ( -0.5844880310256262979, -0.6099999999999999867, 0.4247109275837678832 ) ) ;
#3669 =( LENGTH_UNIT ( ) NAMED_UNIT ( * ) SI_UNIT ( .MILLI., .METRE. ) );
#3670 = LINE ( 'NONE', #1796, #3601 ) ;
#3671 = FILL_AREA_STYLE ('',( #4575 ) ) ;
#3672 = SURFACE_SIDE_STYLE ('',( #5734 ) ) ;
#3673 = CARTESIAN_POINT ( 'NONE',  ( -0.5934531581024645730, -0.6099999999999999867, 0.4064914748928398214 ) ) ;
#3674 = STYLED_ITEM ( 'NONE', ( #2691 ), #181 ) ;
#3675 = EDGE_CURVE ( 'NONE', #8607, #11107, #6590, .T. ) ;
#3676 = EDGE_CURVE ( 'NONE', #2704, #6981, #4317, .T. ) ;
#3677 = VECTOR ( 'NONE', #7536, 1000.000000000000000 ) ;
#3678 = ORIENTED_EDGE ( 'NONE', *, *, #6085, .F. ) ;
#3679 = CARTESIAN_POINT ( 'NONE',  ( -0.3930988155384208538, -0.5999999999999999778, 0.3976011919215282076 ) ) ;
#3680 = FACE_OUTER_BOUND ( 'NONE', #6341, .T. ) ;
#3681 = FILL_AREA_STYLE ('',( #4835 ) ) ;
#3682 = LINE ( 'NONE', #6733, #5993 ) ;
#3683 = CARTESIAN_POINT ( 'NONE',  ( -0.3902810715852254031, -0.5999999999999999778, 0.4916992833482745073 ) ) ;
#3684 = ORIENTED_EDGE ( 'NONE', *, *, #3776, .T. ) ;
#3685 = CARTESIAN_POINT ( 'NONE',  ( -0.3614797773032129569, -0.5999999999999999778, 0.3956256518805584266 ) ) ;
#3686 = FACE_OUTER_BOUND ( 'NONE', #10295, .T. ) ;
#3687 = EDGE_CURVE ( 'NONE', #261, #284, #5269, .T. ) ;
#3688 =( GEOMETRIC_REPRESENTATION_CONTEXT ( 3 ) GLOBAL_UNCERTAINTY_ASSIGNED_CONTEXT ( ( #6505 ) ) GLOBAL_UNIT_ASSIGNED_CONTEXT ( ( #4691, #7492, #10180 ) ) REPRESENTATION_CONTEXT ( 'NONE', 'WORKASPACE' ) );
#3689 = CARTESIAN_POINT ( 'NONE',  ( -0.4328487606792498221, -0.6099999999999999867, 0.4087889871011015086 ) ) ;
#3690 =( NAMED_UNIT ( * ) SI_UNIT ( $, .STERADIAN. ) SOLID_ANGLE_UNIT ( ) );
#3691 = ORIENTED_EDGE ( 'NONE', *, *, #8489, .T. ) ;
#3692 = CARTESIAN_POINT ( 'NONE',  ( -0.6999999999999999556, 0.5999999999999999778, 0.0000000000000000000 ) ) ;
#3693 = FILL_AREA_STYLE_COLOUR ( '', #3029 ) ;
#3694 = SURFACE_STYLE_FILL_AREA ( #4217 ) ;
#3695 = ORIENTED_EDGE ( 'NONE', *, *, #10226, .F. ) ;
#3696 = PRESENTATION_STYLE_ASSIGNMENT (( #7301 ) ) ;
#3697 = CARTESIAN_POINT ( 'NONE',  ( -0.3811000091840733295, -0.6099999999999999867, 0.3920904749649506971 ) ) ;
#3698 = DIRECTION ( 'NONE',  ( -0.0000000000000000000, 1.000000000000000000, -0.0000000000000000000 ) ) ;
#3699 = STYLED_ITEM ( 'NONE', ( #11196 ), #8529 ) ;
#3700 = EDGE_LOOP ( 'NONE', ( #5428, #10416, #9705, #10662 ) ) ;
#3701 = CARTESIAN_POINT ( 'NONE',  ( -0.3628730529110148484, -0.6099999999999999867, 0.4092880709009205087 ) ) ;
#3702 = DIRECTION ( 'NONE',  ( 0.0000000000000000000, 0.0000000000000000000, 1.000000000000000000 ) ) ;
#3703 = EDGE_CURVE ( 'NONE', #11396, #1406, #8280, .T. ) ;
#3704 = VERTEX_POINT ( 'NONE', #7165 ) ;
#3705 = UNCERTAINTY_MEASURE_WITH_UNIT (LENGTH_MEASURE( 1.000000000000000082E-05 ), #6700, 'distance_accuracy_value', 'NONE');
#3706 = ADVANCED_FACE ( 'NONE', ( #2550 ), #5387, .F. ) ;
#3707 = CARTESIAN_POINT ( 'NONE',  ( -0.4380995381566284985, -0.5999999999999999778, 0.4503377134371886470 ) ) ;
#3708 = VECTOR ( 'NONE', #667, 1000.000000000000000 ) ;
#3709 = CARTESIAN_POINT ( 'NONE',  ( -0.4021343118311778153, -0.5999999999999999778, 0.3851240969258026281 ) ) ;
#3710 = LINE ( 'NONE', #5414, #4741 ) ;
#3711 = ORIENTED_EDGE ( 'NONE', *, *, #3765, .F. ) ;
#3712 = CARTESIAN_POINT ( 'NONE',  ( -0.4054823323217832676, -0.5999999999999999778, 0.4586141864510666077 ) ) ;
#3713 = LINE ( 'NONE', #7376, #3263 ) ;
#3714 = PRESENTATION_LAYER_ASSIGNMENT (  '', '', ( #11460 ) ) ;
#3715 = VERTEX_POINT ( 'NONE', #9268 ) ;
#3716 =( GEOMETRIC_REPRESENTATION_CONTEXT ( 3 ) GLOBAL_UNCERTAINTY_ASSIGNED_CONTEXT ( ( #4322 ) ) GLOBAL_UNIT_ASSIGNED_CONTEXT ( ( #2279, #9652, #6785 ) ) REPRESENTATION_CONTEXT ( 'NONE', 'WORKASPACE' ) );
#3717 = CARTESIAN_POINT ( 'NONE',  ( -0.3290601254723822811, -0.6099999999999999867, 0.4910130431234556725 ) ) ;
#3718 = UNCERTAINTY_MEASURE_WITH_UNIT (LENGTH_MEASURE( 1.000000000000000082E-05 ), #2442, 'distance_accuracy_value', 'NONE');
#3719 =( NAMED_UNIT ( * ) SI_UNIT ( $, .STERADIAN. ) SOLID_ANGLE_UNIT ( ) );
#3720 = ORIENTED_EDGE ( 'NONE', *, *, #10523, .T. ) ;
#3721 = VECTOR ( 'NONE', #3932, 1000.000000000000000 ) ;
#3722 = PRESENTATION_STYLE_ASSIGNMENT (( #84 ) ) ;
#3723 = CARTESIAN_POINT ( 'NONE',  ( -0.3799770706344828275, -0.6099999999999999867, 0.4116587189501932920 ) ) ;
#3724 = ORIENTED_EDGE ( 'NONE', *, *, #10486, .T. ) ;
#3725 = CARTESIAN_POINT ( 'NONE',  ( -0.3631849802859700160, -0.6099999999999999867, 0.3985161788879533762 ) ) ;
#3726 =( GEOMETRIC_REPRESENTATION_CONTEXT ( 3 ) GLOBAL_UNCERTAINTY_ASSIGNED_CONTEXT ( ( #11052 ) ) GLOBAL_UNIT_ASSIGNED_CONTEXT ( ( #7234, #10806, #8100 ) ) REPRESENTATION_CONTEXT ( 'NONE', 'WORKASPACE' ) );
#3727 = LINE ( 'NONE', #9949, #6313 ) ;
#3728 = DIRECTION ( 'NONE',  ( 1.000000000000000000, 0.0000000000000000000, 0.0000000000000000000 ) ) ;
#3729 = AXIS2_PLACEMENT_3D ( 'NONE', #7626, #6524, #9159 ) ;
#3730 = STYLED_ITEM ( 'NONE', ( #2555 ), #7584 ) ;
#3731 = VECTOR ( 'NONE', #9953, 1000.000000000000000 ) ;
#3732 = CARTESIAN_POINT ( 'NONE',  ( -0.4061789701256164342, -0.5999999999999999778, 0.3926103539233487538 ) ) ;
#3733 = LINE ( 'NONE', #206, #6254 ) ;
#3734 = CARTESIAN_POINT ( 'NONE',  ( -0.6377003577995730144, -0.6099999999999999867, 0.4481359208502976865 ) ) ;
#3735 = EDGE_CURVE ( 'NONE', #457, #8755, #10261, .T. ) ;
#3736 = VECTOR ( 'NONE', #8278, 1000.000000000000000 ) ;
#3737 =( NAMED_UNIT ( * ) PLANE_ANGLE_UNIT ( ) SI_UNIT ( $, .RADIAN. ) );
#3738 = PRESENTATION_STYLE_ASSIGNMENT (( #1932 ) ) ;
#3739 = MECHANICAL_DESIGN_GEOMETRIC_PRESENTATION_REPRESENTATION (  '', ( #6082 ), #6441 ) ;
#3740 = CARTESIAN_POINT ( 'NONE',  ( -0.3754437261193778186, -0.6099999999999999867, 0.4054201714521927791 ) ) ;
#3741 = PLANE ( 'NONE',  #2578 ) ;
#3742 = AXIS2_PLACEMENT_3D ( 'NONE', #9910, #1518, #626 ) ;
#3743 = VECTOR ( 'NONE', #4332, 1000.000000000000000 ) ;
#3744 = CARTESIAN_POINT ( 'NONE',  ( -0.6423275178485461367, -0.6099999999999999867, 0.4646201574951478452 ) ) ;
#3745 = CARTESIAN_POINT ( 'NONE',  ( -0.6047318569297144286, -0.5999999999999999778, 0.4015751163064785190 ) ) ;
#3746 = AXIS2_PLACEMENT_3D ( 'NONE', #10464, #1482, #7011 ) ;
#3747 = DIRECTION ( 'NONE',  ( -0.0000000000000000000, 1.000000000000000000, -0.0000000000000000000 ) ) ;
#3748 = ORIENTED_EDGE ( 'NONE', *, *, #538, .T. ) ;
#3749 = CARTESIAN_POINT ( 'NONE',  ( -0.4052015976842822109, -0.5999999999999999778, 0.4824454378930636000 ) ) ;
#3750 = EDGE_CURVE ( 'NONE', #2796, #6008, #2453, .T. ) ;
#3751 = VECTOR ( 'NONE', #563, 1000.000000000000000 ) ;
#3752 = SURFACE_STYLE_FILL_AREA ( #5578 ) ;
#3753 = DIRECTION ( 'NONE',  ( 0.0000000000000000000, -0.0000000000000000000, 1.000000000000000000 ) ) ;
#3754 = CARTESIAN_POINT ( 'NONE',  ( -0.3762339421357098201, -0.5999999999999999778, 0.3851240969258026281 ) ) ;
#3755 =( NAMED_UNIT ( * ) PLANE_ANGLE_UNIT ( ) SI_UNIT ( $, .RADIAN. ) );
#3756 = MECHANICAL_DESIGN_GEOMETRIC_PRESENTATION_REPRESENTATION (  '', ( #3178 ), #1628 ) ;
#3757 = LINE ( 'NONE', #344, #3721 ) ;
#3758 = ORIENTED_EDGE ( 'NONE', *, *, #2572, .F. ) ;
#3759 = B_SPLINE_CURVE_WITH_KNOTS ( 'NONE', 3,
 ( #11293, #6735, #9604, #7841 ),
 .UNSPECIFIED., .F., .F.,
 ( 4, 4 ),
 ( 2.000000000000000000, 3.000000000000000000 ),
 .UNSPECIFIED. ) ;
#3760 = AXIS2_PLACEMENT_3D ( 'NONE', #7876, #6134, #407 ) ;
#3761 = EDGE_LOOP ( 'NONE', ( #10147, #11451, #3948, #6666 ) ) ;
#3762 = MECHANICAL_DESIGN_GEOMETRIC_PRESENTATION_REPRESENTATION (  '', ( #5508 ), #10395 ) ;
#3763 = FILL_AREA_STYLE_COLOUR ( '', #3134 ) ;
#3764 = ORIENTED_EDGE ( 'NONE', *, *, #5461, .F. ) ;
#3765 = EDGE_CURVE ( 'NONE', #10450, #382, #10517, .T. ) ;
#3766 = MECHANICAL_DESIGN_GEOMETRIC_PRESENTATION_REPRESENTATION (  '', ( #11511 ), #2241 ) ;
#3767 = CARTESIAN_POINT ( 'NONE',  ( -0.4149857196769028977, -0.5999999999999999778, 0.4699059574221539637 ) ) ;
#3768 = LINE ( 'NONE', #4806, #3793 ) ;
#3769 = UNCERTAINTY_MEASURE_WITH_UNIT (LENGTH_MEASURE( 1.000000000000000082E-05 ), #8939, 'distance_accuracy_value', 'NONE');
#3770 = FILL_AREA_STYLE_COLOUR ( '', #1731 ) ;
#3771 = VERTEX_POINT ( 'NONE', #1025 ) ;
#3772 = SURFACE_STYLE_FILL_AREA ( #1719 ) ;
#3773 = MECHANICAL_DESIGN_GEOMETRIC_PRESENTATION_REPRESENTATION (  '', ( #6104 ), #5907 ) ;
#3774 = B_SPLINE_CURVE_WITH_KNOTS ( 'NONE', 3,
 ( #575, #5089, #5947, #6996 ),
 .UNSPECIFIED., .F., .F.,
 ( 4, 4 ),
 ( 26.00000000000000000, 27.00000000000000000 ),
 .UNSPECIFIED. ) ;
#3775 = EDGE_CURVE ( 'NONE', #10657, #3715, #6631, .T. ) ;
#3776 = EDGE_CURVE ( 'NONE', #9450, #10021, #10197, .T. ) ;
#3777 = AXIS2_PLACEMENT_3D ( 'NONE', #9687, #8821, #10790 ) ;
#3778 = VECTOR ( 'NONE', #4647, 1000.000000000000000 ) ;
#3779 = ORIENTED_EDGE ( 'NONE', *, *, #5237, .T. ) ;
#3780 = AXIS2_PLACEMENT_3D ( 'NONE', #223, #2977, #6652 ) ;
#3781 = VECTOR ( 'NONE', #9575, 1000.000000000000000 ) ;
#3782 = CARTESIAN_POINT ( 'NONE',  ( -0.3441262176798358108, -0.6099999999999999867, 0.3814225587437737319 ) ) ;
#3783 = CARTESIAN_POINT ( 'NONE',  ( -0.2428122063137535813, -0.5999999999999999778, 0.4191033856308563621 ) ) ;
#3784 = VERTEX_POINT ( 'NONE', #5806 ) ;
#3785 = LINE ( 'NONE', #3899, #3189 ) ;
#3786 = COLOUR_RGB ( '',1.000000000000000000, 1.000000000000000000, 1.000000000000000000 ) ;
#3787 =( NAMED_UNIT ( * ) SI_UNIT ( $, .STERADIAN. ) SOLID_ANGLE_UNIT ( ) );
#3788 = ORIENTED_EDGE ( 'NONE', *, *, #2022, .F. ) ;
#3789 = CARTESIAN_POINT ( 'NONE',  ( -0.3468295882622289827, -0.6099999999999999867, 0.4910130431234555615 ) ) ;
#3790 = VECTOR ( 'NONE', #9758, 1000.000000000000000 ) ;
#3791 = CARTESIAN_POINT ( 'NONE',  ( -0.3565929150965476135, -0.6099999999999999867, 0.4686582479226092945 ) ) ;
#3792 =( LENGTH_UNIT ( ) NAMED_UNIT ( * ) SI_UNIT ( .MILLI., .METRE. ) );
#3793 = VECTOR ( 'NONE', #2863, 1000.000000000000000 ) ;
#3794 = VECTOR ( 'NONE', #10294, 1000.000000000000000 ) ;
#3795 = SURFACE_STYLE_USAGE ( .BOTH. , #6516 ) ;
#3796 = CARTESIAN_POINT ( 'NONE',  ( -0.3567800715214093921, -0.6099999999999999867, 0.3766812626452276103 ) ) ;
#3797 = ORIENTED_EDGE ( 'NONE', *, *, #3313, .F. ) ;
#3798 = CARTESIAN_POINT ( 'NONE',  ( -0.4047025138844651537, -0.5999999999999999778, 0.3906140187237994166 ) ) ;
#3799 = ORIENTED_EDGE ( 'NONE', *, *, #9479, .F. ) ;
#3800 = SURFACE_STYLE_USAGE ( .BOTH. , #4709 ) ;
#3801 = CARTESIAN_POINT ( 'NONE',  ( -0.2726428609329952235, -0.6099999999999999867, 0.3946898697558311464 ) ) ;
#3802 = CARTESIAN_POINT ( 'NONE',  ( -0.3763899058231187089, -0.5999999999999999778, 0.4503377134371886470 ) ) ;
#3803 = LINE ( 'NONE', #2248, #4133 ) ;
#3804 = VECTOR ( 'NONE', #4827, 1000.000000000000000 ) ;
#3805 = B_SPLINE_SURFACE_WITH_KNOTS ( 'NONE', 3, 1, ( 
 ( #4526, #10914 ),
 ( #51, #9096 ),
 ( #10025, #3683 ),
 ( #6463, #5501 ) ),
 .UNSPECIFIED., .F., .F., .F.,
 ( 4, 4 ),
 ( 2, 2 ),
 ( 5.000000000000000000, 6.000000000000000000 ),
 ( 0.0000000000000000000, 1.000000000000000000 ),
 .UNSPECIFIED. ) ;
#3806 = EDGE_CURVE ( 'NONE', #325, #2941, #3019, .T. ) ;
#3807 =( LENGTH_UNIT ( ) NAMED_UNIT ( * ) SI_UNIT ( .MILLI., .METRE. ) );
#3808 = DIRECTION ( 'NONE',  ( 1.000000000000000000, 0.0000000000000000000, 0.0000000000000000000 ) ) ;
#3809 = CARTESIAN_POINT ( 'NONE',  ( -0.4021343118311778153, -0.6099999999999999867, 0.3851240969258026281 ) ) ;
#3810 = CARTESIAN_POINT ( 'NONE',  ( 0.6999999999999999556, 0.5999999999999999778, 0.0000000000000000000 ) ) ;
#3811 = ORIENTED_EDGE ( 'NONE', *, *, #7901, .T. ) ;
#3812 = CARTESIAN_POINT ( 'NONE',  ( -0.5118994849916290724, -0.5999999999999999778, 0.4484251028395369598 ) ) ;
#3813 = SURFACE_STYLE_USAGE ( .BOTH. , #3869 ) ;
#3814 = CARTESIAN_POINT ( 'NONE',  ( -0.3468295882622289827, -0.5999999999999999778, 0.4910130431234555615 ) ) ;
#3815 = CARTESIAN_POINT ( 'NONE',  ( -0.4751714086526810932, -0.6099999999999999867, 0.4062022818715933514 ) ) ;
#3816 = CARTESIAN_POINT ( 'NONE',  ( -0.3912792391848615159, -0.5999999999999999778, 0.4496514732123697011 ) ) ;
#3817 = ORIENTED_EDGE ( 'NONE', *, *, #5704, .F. ) ;
#3818 = SURFACE_SIDE_STYLE ('',( #6707 ) ) ;
#3819 =( NAMED_UNIT ( * ) SI_UNIT ( $, .STERADIAN. ) SOLID_ANGLE_UNIT ( ) );
#3820 = EDGE_CURVE ( 'NONE', #9074, #154, #11487, .T. ) ;
#3821 = EDGE_CURVE ( 'NONE', #3576, #457, #4837, .T. ) ;
#3822 = VERTEX_POINT ( 'NONE', #7563 ) ;
#3823 =( NAMED_UNIT ( * ) SI_UNIT ( $, .STERADIAN. ) SOLID_ANGLE_UNIT ( ) );
#3824 =( NAMED_UNIT ( * ) SI_UNIT ( $, .STERADIAN. ) SOLID_ANGLE_UNIT ( ) );
#3825 = STYLED_ITEM ( 'NONE', ( #2085 ), #410 ) ;
#3826 = VERTEX_POINT ( 'NONE', #11130 ) ;
#3827 = UNCERTAINTY_MEASURE_WITH_UNIT (LENGTH_MEASURE( 1.000000000000000082E-05 ), #914, 'distance_accuracy_value', 'NONE');
#3828 = CARTESIAN_POINT ( 'NONE',  ( -0.2906410704644477039, -0.6099999999999999867, 0.3904476574573795822 ) ) ;
#3829 = PRESENTATION_STYLE_ASSIGNMENT (( #4010 ) ) ;
#3830 = VECTOR ( 'NONE', #10350, 1000.000000000000000 ) ;
#3831 = CARTESIAN_POINT ( 'NONE',  ( -0.3757140631775905959, -0.5999999999999999778, 0.3892831285910451911 ) ) ;
#3832 = ORIENTED_EDGE ( 'NONE', *, *, #10200, .T. ) ;
#3833 = SURFACE_STYLE_USAGE ( .BOTH. , #9302 ) ;
#3834 = DIRECTION ( 'NONE',  ( -1.000000000000000000, 0.0000000000000000000, -0.0000000000000000000 ) ) ;
#3835 =( GEOMETRIC_REPRESENTATION_CONTEXT ( 3 ) GLOBAL_UNCERTAINTY_ASSIGNED_CONTEXT ( ( #6834 ) ) GLOBAL_UNIT_ASSIGNED_CONTEXT ( ( #1671, #7845, #5119 ) ) REPRESENTATION_CONTEXT ( 'NONE', 'WORKASPACE' ) );
#3836 = ORIENTED_EDGE ( 'NONE', *, *, #6826, .T. ) ;
#3837 = AXIS2_PLACEMENT_3D ( 'NONE', #9753, #3466, #6244 ) ;
#3838 = SURFACE_STYLE_USAGE ( .BOTH. , #2102 ) ;
#3839 = UNCERTAINTY_MEASURE_WITH_UNIT (LENGTH_MEASURE( 1.000000000000000082E-05 ), #2221, 'distance_accuracy_value', 'NONE');
#3840 = MECHANICAL_DESIGN_GEOMETRIC_PRESENTATION_REPRESENTATION (  '', ( #2130 ), #9724 ) ;
#3841 =( LENGTH_UNIT ( ) NAMED_UNIT ( * ) SI_UNIT ( .MILLI., .METRE. ) );
#3842 = ORIENTED_EDGE ( 'NONE', *, *, #4661, .F. ) ;
#3843 = CARTESIAN_POINT ( 'NONE',  ( -0.3455402884460780921, -0.6099999999999999867, 0.3930262570896793650 ) ) ;
#3844 = CARTESIAN_POINT ( 'NONE',  ( -0.5249133695267967914, -0.6099999999999999867, 0.4035995005517841183 ) ) ;
#3845 = DIRECTION ( 'NONE',  ( -0.0000000000000000000, 1.000000000000000000, -0.0000000000000000000 ) ) ;
#3846 = VERTEX_POINT ( 'NONE', #8522 ) ;
#3847 = DIRECTION ( 'NONE',  ( 0.9209172030172760870, 0.0000000000000000000, -0.3897582650654596859 ) ) ;
#3848 = AXIS2_PLACEMENT_3D ( 'NONE', #8623, #9543, #11409 ) ;
#3849 = STYLED_ITEM ( 'NONE', ( #426 ), #2133 ) ;
#3850 = PRESENTATION_STYLE_ASSIGNMENT (( #4874 ) ) ;
#3851 = CARTESIAN_POINT ( 'NONE',  ( -0.5084291135757945668, -0.6099999999999999867, 0.3856692684621244038 ) ) ;
#3852 =( NAMED_UNIT ( * ) PLANE_ANGLE_UNIT ( ) SI_UNIT ( $, .RADIAN. ) );
#3853 = CARTESIAN_POINT ( 'NONE',  ( -0.4893420873371294166, -0.6099999999999999867, 0.4258677051850371376 ) ) ;
#3854 = CARTESIAN_POINT ( 'NONE',  ( -0.3985055567032068091, -0.6099999999999999867, 0.4155266183989210771 ) ) ;
#3855 = CARTESIAN_POINT ( 'NONE',  ( -0.6246864732644057394, -0.5999999999999999778, 0.4611498053853264611 ) ) ;
#3856 = EDGE_CURVE ( 'NONE', #8664, #11113, #723, .T. ) ;
#3857 = VERTEX_POINT ( 'NONE', #3084 ) ;
#3858 = EDGE_CURVE ( 'NONE', #10279, #534, #1267, .T. ) ;
#3859 = ORIENTED_EDGE ( 'NONE', *, *, #9587, .F. ) ;
#3860 = PRESENTATION_STYLE_ASSIGNMENT (( #11073 ) ) ;
#3861 = DIRECTION ( 'NONE',  ( 0.0000000000000000000, 0.0000000000000000000, 1.000000000000000000 ) ) ;
#3862 = SURFACE_SIDE_STYLE ('',( #7565 ) ) ;
#3863 = CARTESIAN_POINT ( 'NONE',  ( -0.3729379095409993128, -0.5999999999999999778, 0.4155266183989210771 ) ) ;
#3864 = DIRECTION ( 'NONE',  ( -0.0000000000000000000, 1.000000000000000000, -0.0000000000000000000 ) ) ;
#3865 = CARTESIAN_POINT ( 'NONE',  ( -0.4097661349369801642, -0.6099999999999999867, 0.4552037804855516567 ) ) ;
#3866 = CARTESIAN_POINT ( 'NONE',  ( -0.2958918479416860481, -0.5999999999999999778, 0.3858103371506220181 ) ) ;
#3867 = EDGE_LOOP ( 'NONE', ( #3093, #1829, #2270, #471 ) ) ;
#3868 = SURFACE_STYLE_FILL_AREA ( #2845 ) ;
#3869 = SURFACE_SIDE_STYLE ('',( #3752 ) ) ;
#3870 =( NAMED_UNIT ( * ) PLANE_ANGLE_UNIT ( ) SI_UNIT ( $, .RADIAN. ) );
#3871 =( NAMED_UNIT ( * ) SI_UNIT ( $, .STERADIAN. ) SOLID_ANGLE_UNIT ( ) );
#3872 = EDGE_CURVE ( 'NONE', #6765, #10955, #6750, .T. ) ;
#3873 = CARTESIAN_POINT ( 'NONE',  ( -0.3756204849650889854, -0.6099999999999999867, 0.4147571975408910760 ) ) ;
#3874 = ORIENTED_EDGE ( 'NONE', *, *, #8030, .F. ) ;
#3875 = STYLED_ITEM ( 'NONE', ( #10932 ), #349 ) ;
#3876 =( NAMED_UNIT ( * ) PLANE_ANGLE_UNIT ( ) SI_UNIT ( $, .RADIAN. ) );
#3877 = ORIENTED_EDGE ( 'NONE', *, *, #4236, .T. ) ;
#3878 =( GEOMETRIC_REPRESENTATION_CONTEXT ( 3 ) GLOBAL_UNCERTAINTY_ASSIGNED_CONTEXT ( ( #11421 ) ) GLOBAL_UNIT_ASSIGNED_CONTEXT ( ( #8087, #10681, #4292 ) ) REPRESENTATION_CONTEXT ( 'NONE', 'WORKASPACE' ) );
#3879 = EDGE_LOOP ( 'NONE', ( #2059, #2025, #4510, #2173 ) ) ;
#3880 = FACE_OUTER_BOUND ( 'NONE', #2137, .T. ) ;
#3881 = LINE ( 'NONE', #10292, #7432 ) ;
#3882 = EDGE_CURVE ( 'NONE', #2187, #2905, #2178, .T. ) ;
#3883 = EDGE_CURVE ( 'NONE', #3298, #1598, #10671, .T. ) ;
#3884 =( NAMED_UNIT ( * ) SI_UNIT ( $, .STERADIAN. ) SOLID_ANGLE_UNIT ( ) );
#3885 = ORIENTED_EDGE ( 'NONE', *, *, #916, .F. ) ;
#3886 = PRESENTATION_LAYER_ASSIGNMENT (  '', '', ( #2170 ) ) ;
#3887 = CARTESIAN_POINT ( 'NONE',  ( -0.3650461469561363526, -0.5999999999999999778, 0.4106813465088609005 ) ) ;
#3888 = FILL_AREA_STYLE_COLOUR ( '', #7212 ) ;
#3889 = DIRECTION ( 'NONE',  ( 1.000000000000000000, -0.0000000000000000000, -0.0000000000000000000 ) ) ;
#3890 = CARTESIAN_POINT ( 'NONE',  ( -0.2864300509034490294, -0.6099999999999999867, 0.4660588531320066785 ) ) ;
#3891 = ORIENTED_EDGE ( 'NONE', *, *, #4771, .T. ) ;
#3892 = FILL_AREA_STYLE_COLOUR ( '', #4484 ) ;
#3893 = VECTOR ( 'NONE', #5510, 1000.000000000000000 ) ;
#3894 = B_SPLINE_CURVE_WITH_KNOTS ( 'NONE', 3,
 ( #8451, #2820, #6514, #975 ),
 .UNSPECIFIED., .F., .F.,
 ( 4, 4 ),
 ( 2.000000000000000000, 3.000000000000000000 ),
 .UNSPECIFIED. ) ;
#3895 = PRESENTATION_STYLE_ASSIGNMENT (( #304 ) ) ;
#3896 = SURFACE_STYLE_USAGE ( .BOTH. , #5657 ) ;
#3897 = ORIENTED_EDGE ( 'NONE', *, *, #1916, .T. ) ;
#3898 = EDGE_CURVE ( 'NONE', #1794, #988, #10968, .T. ) ;
#3899 = CARTESIAN_POINT ( 'NONE',  ( -0.3254521655027147187, -0.5999999999999999778, 0.4264856668368887105 ) ) ;
#3900 = CARTESIAN_POINT ( 'NONE',  ( -0.3669281087847431344, -0.6099999999999999867, 0.3858935177838326291 ) ) ;
#3901 = CARTESIAN_POINT ( 'NONE',  ( -0.3742687996738924272, -0.5999999999999999778, 0.4103070336588581224 ) ) ;
#3902 = B_SPLINE_SURFACE_WITH_KNOTS ( 'NONE', 3, 1, ( 
 ( #2774, #1133 ),
 ( #7339, #1988 ),
 ( #10967, #5742 ),
 ( #8457, #1806 ) ),
 .UNSPECIFIED., .F., .F., .F.,
 ( 4, 4 ),
 ( 2, 2 ),
 ( 3.000000000000000000, 4.000000000000000000 ),
 ( 0.0000000000000000000, 1.000000000000000000 ),
 .UNSPECIFIED. ) ;
#3903 = ORIENTED_EDGE ( 'NONE', *, *, #1189, .T. ) ;
#3904 = SURFACE_STYLE_FILL_AREA ( #11238 ) ;
#3905 = SURFACE_STYLE_USAGE ( .BOTH. , #252 ) ;
#3906 = PRESENTATION_LAYER_ASSIGNMENT (  '', '', ( #8487 ) ) ;
#3907 = ORIENTED_EDGE ( 'NONE', *, *, #224, .F. ) ;
#3908 = FILL_AREA_STYLE_COLOUR ( '', #7661 ) ;
#3909 = COLOUR_RGB ( '',1.000000000000000000, 1.000000000000000000, 1.000000000000000000 ) ;
#3910 = ORIENTED_EDGE ( 'NONE', *, *, #3284, .T. ) ;
#3911 = EDGE_CURVE ( 'NONE', #2899, #3257, #6983, .T. ) ;
#3912 =( NAMED_UNIT ( * ) SI_UNIT ( $, .STERADIAN. ) SOLID_ANGLE_UNIT ( ) );
#3913 = ORIENTED_EDGE ( 'NONE', *, *, #10989, .F. ) ;
#3914 = DIRECTION ( 'NONE',  ( -0.0000000000000000000, 1.000000000000000000, -0.0000000000000000000 ) ) ;
#3915 = SURFACE_STYLE_USAGE ( .BOTH. , #4649 ) ;
#3916 = MECHANICAL_DESIGN_GEOMETRIC_PRESENTATION_REPRESENTATION (  '', ( #7554 ), #7000 ) ;
#3917 =( GEOMETRIC_REPRESENTATION_CONTEXT ( 3 ) GLOBAL_UNCERTAINTY_ASSIGNED_CONTEXT ( ( #1427 ) ) GLOBAL_UNIT_ASSIGNED_CONTEXT ( ( #3211, #5812, #5866 ) ) REPRESENTATION_CONTEXT ( 'NONE', 'WORKASPACE' ) );
#3918 = EDGE_CURVE ( 'NONE', #6627, #501, #2579, .T. ) ;
#3919 = EDGE_CURVE ( 'NONE', #9560, #9508, #2246, .T. ) ;
#3920 = VECTOR ( 'NONE', #8992, 1000.000000000000000 ) ;
#3921 = DIRECTION ( 'NONE',  ( 1.000000000000000000, -0.0000000000000000000, -0.0000000000000000000 ) ) ;
#3922 = LINE ( 'NONE', #3810, #7969 ) ;
#3923 = ORIENTED_EDGE ( 'NONE', *, *, #4754, .T. ) ;
#3924 = CARTESIAN_POINT ( 'NONE',  ( -0.3614797773032129569, -0.6099999999999999867, 0.3937124973144972007 ) ) ;
#3925 = COLOUR_RGB ( '',1.000000000000000000, 0.5019607843137254832, 0.0000000000000000000 ) ;
#3926 = CARTESIAN_POINT ( 'NONE',  ( -0.5000423835737352052, -0.6099999999999999867, 0.4640417631786479813 ) ) ;
#3927 = PRESENTATION_STYLE_ASSIGNMENT (( #5579 ) ) ;
#3928 = CARTESIAN_POINT ( 'NONE',  ( -0.3669281087847431344, -0.6099999999999999867, 0.3858935177838326291 ) ) ;
#3929 = FILL_AREA_STYLE ('',( #4794 ) ) ;
#3930 =( LENGTH_UNIT ( ) NAMED_UNIT ( * ) SI_UNIT ( .MILLI., .METRE. ) );
#3931 = MECHANICAL_DESIGN_GEOMETRIC_PRESENTATION_REPRESENTATION (  '', ( #7930 ), #7010 ) ;
#3932 = DIRECTION ( 'NONE',  ( -0.0000000000000000000, 1.000000000000000000, -0.0000000000000000000 ) ) ;
#3933 = ORIENTED_EDGE ( 'NONE', *, *, #7799, .F. ) ;
#3934 = SURFACE_STYLE_USAGE ( .BOTH. , #9285 ) ;
#3935 = CARTESIAN_POINT ( 'NONE',  ( -0.4166493323429174556, -0.6099999999999999867, 0.4503377134371886470 ) ) ;
#3936 = MECHANICAL_DESIGN_GEOMETRIC_PRESENTATION_REPRESENTATION (  '', ( #1624 ), #1440 ) ;
#3937 = FILL_AREA_STYLE_COLOUR ( '', #2327 ) ;
#3938 = VERTEX_POINT ( 'NONE', #11372 ) ;
#3939 = VECTOR ( 'NONE', #7575, 1000.000000000000000 ) ;
#3940 = CARTESIAN_POINT ( 'NONE',  ( -0.2297216541472700546, -0.5999999999999999778, 0.3858103371506220181 ) ) ;
#3941 = FILL_AREA_STYLE ('',( #8426 ) ) ;
#3942 = ORIENTED_EDGE ( 'NONE', *, *, #2101, .T. ) ;
#3943 = UNCERTAINTY_MEASURE_WITH_UNIT (LENGTH_MEASURE( 1.000000000000000082E-05 ), #11141, 'distance_accuracy_value', 'NONE');
#3944 =( NAMED_UNIT ( * ) SI_UNIT ( $, .STERADIAN. ) SOLID_ANGLE_UNIT ( ) );
#3945 = CARTESIAN_POINT ( 'NONE',  ( -0.3631849802859700160, -0.6099999999999999867, 0.3985161788879533762 ) ) ;
#3946 = PLANE ( 'NONE',  #5785 ) ;
#3947 = LINE ( 'NONE', #9412, #4756 ) ;
#3948 = ORIENTED_EDGE ( 'NONE', *, *, #4637, .T. ) ;
#3949 = DIRECTION ( 'NONE',  ( 1.000000000000000000, -0.0000000000000000000, -0.0000000000000000000 ) ) ;
#3950 = PRESENTATION_LAYER_ASSIGNMENT (  '', '', ( #5508 ) ) ;
#3951 = ORIENTED_EDGE ( 'NONE', *, *, #4660, .T. ) ;
#3952 = EDGE_CURVE ( 'NONE', #4813, #4183, #9621, .T. ) ;
#3953 = STYLED_ITEM ( 'NONE', ( #3666 ), #5305 ) ;
#3954 = CARTESIAN_POINT ( 'NONE',  ( -0.3930988155384208538, -0.6099999999999999867, 0.4090177338427076204 ) ) ;
#3955 = CARTESIAN_POINT ( 'NONE',  ( -0.2425938571515761644, -0.5999999999999999778, 0.4200599629138868085 ) ) ;
#3956 = VERTEX_POINT ( 'NONE', #6879 ) ;
#3957 = STYLED_ITEM ( 'NONE', ( #3220 ), #9191 ) ;
#3958 =( LENGTH_UNIT ( ) NAMED_UNIT ( * ) SI_UNIT ( .MILLI., .METRE. ) );
#3959 = FACE_OUTER_BOUND ( 'NONE', #1606, .T. ) ;
#3960 = SURFACE_SIDE_STYLE ('',( #11175 ) ) ;
#3961 = ORIENTED_EDGE ( 'NONE', *, *, #7298, .T. ) ;
#3962 = DIRECTION ( 'NONE',  ( -0.0000000000000000000, 1.000000000000000000, -0.0000000000000000000 ) ) ;
#3963 = FILL_AREA_STYLE ('',( #8634 ) ) ;
#3964 = VECTOR ( 'NONE', #3342, 1000.000000000000000 ) ;
#3965 = VERTEX_POINT ( 'NONE', #1562 ) ;
#3966 = EDGE_CURVE ( 'NONE', #5782, #10204, #2304, .T. ) ;
#3967 = EDGE_CURVE ( 'NONE', #8850, #85, #6113, .T. ) ;
#3968 = AXIS2_PLACEMENT_3D ( 'NONE', #1526, #5333, #638 ) ;
#3969 = MECHANICAL_DESIGN_GEOMETRIC_PRESENTATION_REPRESENTATION (  '', ( #9849 ), #3688 ) ;
#3970 = CARTESIAN_POINT ( 'NONE',  ( -0.4183025474299184587, -0.6099999999999999867, 0.4087889871011015086 ) ) ;
#3971 = CARTESIAN_POINT ( 'NONE',  ( -0.4061789701256164342, -0.6099999999999999867, 0.3940036295310119785 ) ) ;
#3972 = CARTESIAN_POINT ( 'NONE',  ( -0.5231781893348829149, -0.5999999999999999778, 0.4033103075305376484 ) ) ;
#3973 = CARTESIAN_POINT ( 'NONE',  ( -0.2959646309960233257, -0.6099999999999999867, 0.4910130431234555615 ) ) ;
#3974 = COLOUR_RGB ( '',1.000000000000000000, 1.000000000000000000, 1.000000000000000000 ) ;
#3975 = ORIENTED_EDGE ( 'NONE', *, *, #6373, .T. ) ;
#3976 = SURFACE_SIDE_STYLE ('',( #10256 ) ) ;
#3977 =( NAMED_UNIT ( * ) PLANE_ANGLE_UNIT ( ) SI_UNIT ( $, .RADIAN. ) );
#3978 = FILL_AREA_STYLE_COLOUR ( '', #7764 ) ;
#3979 = ORIENTED_EDGE ( 'NONE', *, *, #8819, .F. ) ;
#3980 = CARTESIAN_POINT ( 'NONE',  ( -0.3045010434889612871, -0.6099999999999999867, 0.4264856668368887105 ) ) ;
#3981 = CARTESIAN_POINT ( 'NONE',  ( -0.3932339840675264098, -0.6099999999999999867, 0.3903020913489828048 ) ) ;
#3982 = COLOUR_RGB ( '',1.000000000000000000, 0.5019607843137254832, 0.0000000000000000000 ) ;
#3983 = VECTOR ( 'NONE', #6880, 1000.000000000000000 ) ;
#3984 = EDGE_CURVE ( 'NONE', #7559, #276, #10624, .T. ) ;
#3985 =( GEOMETRIC_REPRESENTATION_CONTEXT ( 3 ) GLOBAL_UNCERTAINTY_ASSIGNED_CONTEXT ( ( #11617 ) ) GLOBAL_UNIT_ASSIGNED_CONTEXT ( ( #5773, #6015, #412 ) ) REPRESENTATION_CONTEXT ( 'NONE', 'WORKASPACE' ) );
#3986 = DIRECTION ( 'NONE',  ( -0.3559357243643069824, -0.0000000000000000000, -0.9345104387438676330 ) ) ;
#3987 = DIRECTION ( 'NONE',  ( -0.0000000000000000000, 1.000000000000000000, -0.0000000000000000000 ) ) ;
#3988 = LINE ( 'NONE', #4050, #5474 ) ;
#3989 = VERTEX_POINT ( 'NONE', #1388 ) ;
#3990 = SURFACE_SIDE_STYLE ('',( #9627 ) ) ;
#3991 = FILL_AREA_STYLE ('',( #340 ) ) ;
#3992 = DIRECTION ( 'NONE',  ( -0.0000000000000000000, -0.0000000000000000000, 1.000000000000000000 ) ) ;
#3993 = EDGE_LOOP ( 'NONE', ( #8260, #663, #4453, #8543 ) ) ;
#3994 = MECHANICAL_DESIGN_GEOMETRIC_PRESENTATION_REPRESENTATION (  '', ( #3038 ), #748 ) ;
#3995 = PRODUCT_RELATED_PRODUCT_CATEGORY ( 'part', '', ( #4871 ) ) ;
#3996 = CARTESIAN_POINT ( 'NONE',  ( -0.3998988323111474785, -0.5999999999999999778, 0.3994727561709824903 ) ) ;
#3997 = CARTESIAN_POINT ( 'NONE',  ( -0.5795716779552675391, -0.5999999999999999778, 0.4978778641421164330 ) ) ;
#3998 = ORIENTED_EDGE ( 'NONE', *, *, #8818, .T. ) ;
#3999 = ORIENTED_EDGE ( 'NONE', *, *, #3264, .F. ) ;
#4000 = B_SPLINE_SURFACE_WITH_KNOTS ( 'NONE', 3, 1, ( 
 ( #6335, #2229 ),
 ( #5909, #1323 ),
 ( #5662, #5003 ),
 ( #2881, #4762 ) ),
 .UNSPECIFIED., .F., .F., .F.,
 ( 4, 4 ),
 ( 2, 2 ),
 ( 33.00000000000000000, 34.00000000000000000 ),
 ( 0.0000000000000000000, 1.000000000000000000 ),
 .UNSPECIFIED. ) ;
#4001 = DIRECTION ( 'NONE',  ( -1.000000000000000000, -1.355252715606880543E-16, 0.0000000000000000000 ) ) ;
#4002 = B_SPLINE_CURVE_WITH_KNOTS ( 'NONE', 3,
 ( #10162, #2924, #6542, #13 ),
 .UNSPECIFIED., .F., .F.,
 ( 4, 4 ),
 ( 0.0000000000000000000, 1.000000000000000000 ),
 .UNSPECIFIED. ) ;
#4003 = CARTESIAN_POINT ( 'NONE',  ( -0.2682966728430296599, -0.6099999999999999867, 0.4065223148436186151 ) ) ;
#4004 = LINE ( 'NONE', #7707, #4735 ) ;
#4005 = VERTEX_POINT ( 'NONE', #11312 ) ;
#4006 = DIRECTION ( 'NONE',  ( -1.000000000000000000, 0.0000000000000000000, -0.0000000000000000000 ) ) ;
#4007 = CARTESIAN_POINT ( 'NONE',  ( -0.3446772893756867018, -0.5999999999999999778, 0.3911754879988026956 ) ) ;
#4008 = CARTESIAN_POINT ( 'NONE',  ( -0.3137132986275662505, -0.5999999999999999778, 0.4711952572385812443 ) ) ;
#4009 = CARTESIAN_POINT ( 'NONE',  ( -0.2418348338724213009, -0.5999999999999999778, 0.4189994098393431399 ) ) ;
#4010 = SURFACE_STYLE_USAGE ( .BOTH. , #1001 ) ;
#4011 = EDGE_CURVE ( 'NONE', #2535, #10105, #440, .T. ) ;
#4012 = VERTEX_POINT ( 'NONE', #5990 ) ;
#4013 =( NAMED_UNIT ( * ) PLANE_ANGLE_UNIT ( ) SI_UNIT ( $, .RADIAN. ) );
#4014 = CARTESIAN_POINT ( 'NONE',  ( -0.3577782391210452273, -0.5999999999999999778, 0.3725430261382887687 ) ) ;
#4015 = DIRECTION ( 'NONE',  ( 1.000000000000000000, 0.0000000000000000000, 0.0000000000000000000 ) ) ;
#4016 = B_SPLINE_CURVE_WITH_KNOTS ( 'NONE', 3,
 ( #1139, #1461, #1339, #7807 ),
 .UNSPECIFIED., .F., .F.,
 ( 4, 4 ),
 ( 2.000000000000000000, 3.000000000000000000 ),
 .UNSPECIFIED. ) ;
#4017 = ORIENTED_EDGE ( 'NONE', *, *, #9940, .T. ) ;
#4018 = PRESENTATION_LAYER_ASSIGNMENT (  '', '', ( #7459 ) ) ;
#4019 = FILL_AREA_STYLE ('',( #5492 ) ) ;
#4020 = LINE ( 'NONE', #7666, #6538 ) ;
#4021 = SURFACE_STYLE_FILL_AREA ( #8624 ) ;
#4022 = SURFACE_SIDE_STYLE ('',( #10359 ) ) ;
#4023 = EDGE_LOOP ( 'NONE', ( #1215, #9481, #7907, #8640 ) ) ;
#4024 = LINE ( 'NONE', #10944, #10482 ) ;
#4025 = CARTESIAN_POINT ( 'NONE',  ( -0.6090698129254329407, -0.5999999999999999778, 0.4785016348842049405 ) ) ;
#4026 = CARTESIAN_POINT ( 'NONE',  ( -0.6206377185640783445, -0.5999999999999999778, 0.3862476655369023737 ) ) ;
#4027 = CARTESIAN_POINT ( 'NONE',  ( -0.2682966728430296599, -0.5999999999999999778, 0.4065223148436186151 ) ) ;
#4028 = ORIENTED_EDGE ( 'NONE', *, *, #8195, .F. ) ;
#4029 = ADVANCED_FACE ( 'NONE', ( #565 ), #6214, .F. ) ;
#4030 = CARTESIAN_POINT ( 'NONE',  ( -0.5896935881493786669, -0.6099999999999999867, 0.4906479279443450303 ) ) ;
#4031 = CARTESIAN_POINT ( 'NONE',  ( -0.2848080285539025813, -0.5999999999999999778, 0.4614631231418551693 ) ) ;
#4032 = DIRECTION ( 'NONE',  ( 1.355252715606880543E-16, 1.000000000000000000, -0.0000000000000000000 ) ) ;
#4033 = COLOUR_RGB ( '',1.000000000000000000, 1.000000000000000000, 1.000000000000000000 ) ;
#4034 = COLOUR_RGB ( '',1.000000000000000000, 1.000000000000000000, 1.000000000000000000 ) ;
#4035 = VECTOR ( 'NONE', #4097, 1000.000000000000000 ) ;
#4036 =( NAMED_UNIT ( * ) PLANE_ANGLE_UNIT ( ) SI_UNIT ( $, .RADIAN. ) );
#4037 = LINE ( 'NONE', #5922, #2997 ) ;
#4038 = B_SPLINE_CURVE_WITH_KNOTS ( 'NONE', 3,
 ( #10435, #4101, #3195, #9558 ),
 .UNSPECIFIED., .F., .F.,
 ( 4, 4 ),
 ( 1.000000000000000000, 2.000000000000000000 ),
 .UNSPECIFIED. ) ;
#4039 = PRESENTATION_LAYER_ASSIGNMENT (  '', '', ( #2509 ) ) ;
#4040 = ORIENTED_EDGE ( 'NONE', *, *, #6260, .T. ) ;
#4041 = CARTESIAN_POINT ( 'NONE',  ( -0.2795676486558151819, -0.5999999999999999778, 0.3904476574573795822 ) ) ;
#4042 = ORIENTED_EDGE ( 'NONE', *, *, #6486, .T. ) ;
#4043 = DIRECTION ( 'NONE',  ( 1.000000000000000000, 0.0000000000000000000, -0.0000000000000000000 ) ) ;
#4044 = EDGE_CURVE ( 'NONE', #475, #7773, #10496, .T. ) ;
#4045 = CARTESIAN_POINT ( 'NONE',  ( -0.4008138192774340913, -0.5999999999999999778, 0.3893039237493470806 ) ) ;
#4046 = ADVANCED_FACE ( 'NONE', ( #6163 ), #1452, .T. ) ;
#4047 = CARTESIAN_POINT ( 'NONE',  ( -0.6999999999999999556, -0.5999999999999999778, 0.0000000000000000000 ) ) ;
#4048 = PLANE ( 'NONE',  #7195 ) ;
#4049 = AXIS2_PLACEMENT_3D ( 'NONE', #5564, #6284, #2652 ) ;
#4050 = CARTESIAN_POINT ( 'NONE',  ( -0.4149857196769028977, -0.6099999999999999867, 0.4699059574221539637 ) ) ;
#4051 = CARTESIAN_POINT ( 'NONE',  ( -0.3733538127074671475, -0.5999999999999999778, 0.3985785643628607655 ) ) ;
#4052 =( GEOMETRIC_REPRESENTATION_CONTEXT ( 3 ) GLOBAL_UNCERTAINTY_ASSIGNED_CONTEXT ( ( #2389 ) ) GLOBAL_UNIT_ASSIGNED_CONTEXT ( ( #7703, #1156, #3819 ) ) REPRESENTATION_CONTEXT ( 'NONE', 'WORKASPACE' ) );
#4053 = SURFACE_STYLE_FILL_AREA ( #11319 ) ;
#4054 = ORIENTED_EDGE ( 'NONE', *, *, #6753, .T. ) ;
#4055 = PLANE ( 'NONE',  #3404 ) ;
#4056 = FACE_OUTER_BOUND ( 'NONE', #6832, .T. ) ;
#4057 = CARTESIAN_POINT ( 'NONE',  ( -0.3137132986275662505, -0.6099999999999999867, 0.4711952572385812443 ) ) ;
#4058 = CARTESIAN_POINT ( 'NONE',  ( -0.3500320426445777122, -0.5999999999999999778, 0.3721271229716806572 ) ) ;
#4059 = FACE_OUTER_BOUND ( 'NONE', #8920, .T. ) ;
#4060 = EDGE_CURVE ( 'NONE', #1891, #7320, #3613, .T. ) ;
#4061 = DIRECTION ( 'NONE',  ( -0.0000000000000000000, 0.0000000000000000000, 1.000000000000000000 ) ) ;
#4062 = ORIENTED_EDGE ( 'NONE', *, *, #9923, .F. ) ;
#4063 = SURFACE_STYLE_FILL_AREA ( #6709 ) ;
#4064 = ORIENTED_EDGE ( 'NONE', *, *, #255, .T. ) ;
#4065 = CARTESIAN_POINT ( 'NONE',  ( -0.3758180389692417633, -0.5999999999999999778, 0.4063143632603143929 ) ) ;
#4066 =( NAMED_UNIT ( * ) PLANE_ANGLE_UNIT ( ) SI_UNIT ( $, .RADIAN. ) );
#4067 = CARTESIAN_POINT ( 'NONE',  ( -0.2844961011790859695, -0.6099999999999999867, 0.4218067562135270343 ) ) ;
#4068 = VERTEX_POINT ( 'NONE', #3501 ) ;
#4069 = UNCERTAINTY_MEASURE_WITH_UNIT (LENGTH_MEASURE( 1.000000000000000082E-05 ), #4540, 'distance_accuracy_value', 'NONE');
#4070 = FILL_AREA_STYLE_COLOUR ( '', #8221 ) ;
#4071 = CARTESIAN_POINT ( 'NONE',  ( -0.2848080285539026368, -0.5999999999999999778, 0.4614631231418551693 ) ) ;
#4072 =( GEOMETRIC_REPRESENTATION_CONTEXT ( 3 ) GLOBAL_UNCERTAINTY_ASSIGNED_CONTEXT ( ( #9750 ) ) GLOBAL_UNIT_ASSIGNED_CONTEXT ( ( #2215, #3055, #2995 ) ) REPRESENTATION_CONTEXT ( 'NONE', 'WORKASPACE' ) );
#4073 = PRESENTATION_STYLE_ASSIGNMENT (( #5100 ) ) ;
#4074 = CARTESIAN_POINT ( 'NONE',  ( -0.5934531525864606971, -0.5999999999999999778, 0.4568118438734654063 ) ) ;
#4075 = CARTESIAN_POINT ( 'NONE',  ( -0.5766796980982075160, -0.5999999999999999778, 0.4209513631466858530 ) ) ;
#4076 = FILL_AREA_STYLE_COLOUR ( '', #8928 ) ;
#4077 = ORIENTED_EDGE ( 'NONE', *, *, #4267, .F. ) ;
#4078 = DIRECTION ( 'NONE',  ( 1.000000000000000000, 0.0000000000000000000, 0.0000000000000000000 ) ) ;
#4079 = CARTESIAN_POINT ( 'NONE',  ( -0.4091110874497538852, -0.5999999999999999778, 0.4857102777501829394 ) ) ;
#4080 =( LENGTH_UNIT ( ) NAMED_UNIT ( * ) SI_UNIT ( .MILLI., .METRE. ) );
#4081 = FACE_OUTER_BOUND ( 'NONE', #5244, .T. ) ;
#4082 = VERTEX_POINT ( 'NONE', #3441 ) ;
#4083 = EDGE_CURVE ( 'NONE', #7097, #4496, #2040, .T. ) ;
#4084 = EDGE_CURVE ( 'NONE', #9395, #7595, #10678, .T. ) ;
#4085 = UNCERTAINTY_MEASURE_WITH_UNIT (LENGTH_MEASURE( 1.000000000000000082E-05 ), #3013, 'distance_accuracy_value', 'NONE');
#4086 = SURFACE_SIDE_STYLE ('',( #9480 ) ) ;
#4087 =( LENGTH_UNIT ( ) NAMED_UNIT ( * ) SI_UNIT ( .MILLI., .METRE. ) );
#4088 = ORIENTED_EDGE ( 'NONE', *, *, #4522, .T. ) ;
#4089 = PLANE ( 'NONE',  #2329 ) ;
#4090 = CARTESIAN_POINT ( 'NONE',  ( -0.3711391283457417534, -0.6099999999999999867, 0.4863341325000934967 ) ) ;
#4091 = CARTESIAN_POINT ( 'NONE',  ( -0.3198478703337772067, -0.6099999999999999867, 0.4560355868184891026 ) ) ;
#4092 = DIRECTION ( 'NONE',  ( -0.0000000000000000000, 1.000000000000000000, -0.0000000000000000000 ) ) ;
#4093 = VERTEX_POINT ( 'NONE', #9844 ) ;
#4094 = CARTESIAN_POINT ( 'NONE',  ( -0.5165266395247373188, -0.5999999999999999778, 0.4686689232274827144 ) ) ;
#4095 =( NAMED_UNIT ( * ) PLANE_ANGLE_UNIT ( ) SI_UNIT ( $, .RADIAN. ) );
#4096 = CARTESIAN_POINT ( 'NONE',  ( -0.3742687996738924272, -0.5999999999999999778, 0.4103070336588581224 ) ) ;
#4097 = DIRECTION ( 'NONE',  ( -0.0000000000000000000, 1.000000000000000000, -0.0000000000000000000 ) ) ;
#4098 = MECHANICAL_DESIGN_GEOMETRIC_PRESENTATION_REPRESENTATION (  '', ( #9393 ), #1770 ) ;
#4099 =( NAMED_UNIT ( * ) SI_UNIT ( $, .STERADIAN. ) SOLID_ANGLE_UNIT ( ) );
#4100 = CARTESIAN_POINT ( 'NONE',  ( -0.2844961011790859695, -0.6099999999999999867, 0.4218067562135270343 ) ) ;
#4101 = CARTESIAN_POINT ( 'NONE',  ( -0.3880040017484512882, -0.5999999999999999778, 0.4118666705334974587 ) ) ;
#4102 = CARTESIAN_POINT ( 'NONE',  ( -0.4037251414431312080, -0.5999999999999999778, 0.3897406220742569705 ) ) ;
#4103 = CARTESIAN_POINT ( 'NONE',  ( -0.2338702882336374245, -0.5999999999999999778, 0.3969357468550108181 ) ) ;
#4104 = VERTEX_POINT ( 'NONE', #6337 ) ;
#4105 = FILL_AREA_STYLE ('',( #1263 ) ) ;
#4106 = EDGE_LOOP ( 'NONE', ( #10825, #11521, #6908, #9219, #11268, #7476, #614, #4801, #7137, #6823, #5697, #9649, #7465, #8500 ) ) ;
#4107 = VECTOR ( 'NONE', #8545, 1000.000000000000000 ) ;
#4108 = DIRECTION ( 'NONE',  ( -0.0000000000000000000, 1.000000000000000000, -0.0000000000000000000 ) ) ;
#4109 = CARTESIAN_POINT ( 'NONE',  ( 0.0000000000000000000, 0.0000000000000000000, 0.0000000000000000000 ) ) ;
#4110 = CARTESIAN_POINT ( 'NONE',  ( -0.2423963031474246632, -0.5999999999999999778, 0.4212868772551289220 ) ) ;
#4111 = B_SPLINE_SURFACE_WITH_KNOTS ( 'NONE', 3, 1, ( 
 ( #10620, #1972 ),
 ( #7267, #10836 ),
 ( #11702, #4690 ),
 ( #2942, #9141 ) ),
 .UNSPECIFIED., .F., .F., .F.,
 ( 4, 4 ),
 ( 2, 2 ),
 ( 4.000000000000000000, 5.000000000000000000 ),
 ( 0.0000000000000000000, 1.000000000000000000 ),
 .UNSPECIFIED. ) ;
#4112 = PRESENTATION_LAYER_ASSIGNMENT (  '', '', ( #3140 ) ) ;
#4113 = MECHANICAL_DESIGN_GEOMETRIC_PRESENTATION_REPRESENTATION (  '', ( #1200 ), #3716 ) ;
#4114 = EDGE_CURVE ( 'NONE', #8903, #5069, #5315, .T. ) ;
#4115 = EDGE_CURVE ( 'NONE', #6215, #3129, #2764, .T. ) ;
#4116 = CARTESIAN_POINT ( 'NONE',  ( -0.3444693377921066446, -0.5999999999999999778, 0.3919657040151345861 ) ) ;
#4117 = DIRECTION ( 'NONE',  ( -0.0000000000000000000, 1.000000000000000000, -0.0000000000000000000 ) ) ;
#4118 = B_SPLINE_CURVE_WITH_KNOTS ( 'NONE', 3,
 ( #8977, #7051, #5213, #9029 ),
 .UNSPECIFIED., .F., .F.,
 ( 4, 4 ),
 ( 10.00000000000000000, 11.00000000000000000 ),
 .UNSPECIFIED. ) ;
#4119 = FACE_OUTER_BOUND ( 'NONE', #5451, .T. ) ;
#4120 = SURFACE_STYLE_USAGE ( .BOTH. , #513 ) ;
#4121 =( NAMED_UNIT ( * ) SI_UNIT ( $, .STERADIAN. ) SOLID_ANGLE_UNIT ( ) );
#4122 = CARTESIAN_POINT ( 'NONE',  ( -0.3647550147396215747, -0.6099999999999999867, 0.3874323594998910769 ) ) ;
#4123 = ORIENTED_EDGE ( 'NONE', *, *, #10200, .F. ) ;
#4124 = CARTESIAN_POINT ( 'NONE',  ( -0.3544926041054858312, -0.6099999999999999867, 0.3721271229716806572 ) ) ;
#4125 =( NAMED_UNIT ( * ) PLANE_ANGLE_UNIT ( ) SI_UNIT ( $, .RADIAN. ) );
#4126 = DIRECTION ( 'NONE',  ( -0.0000000000000000000, 1.000000000000000000, -0.0000000000000000000 ) ) ;
#4127 = SURFACE_STYLE_USAGE ( .BOTH. , #6821 ) ;
#4128 = STYLED_ITEM ( 'NONE', ( #5283 ), #10804 ) ;
#4129 = SURFACE_STYLE_USAGE ( .BOTH. , #5091 ) ;
#4130 = ORIENTED_EDGE ( 'NONE', *, *, #2340, .F. ) ;
#4131 = ORIENTED_EDGE ( 'NONE', *, *, #463, .T. ) ;
#4132 = EDGE_CURVE ( 'NONE', #10304, #9588, #7213, .T. ) ;
#4133 = VECTOR ( 'NONE', #10498, 1000.000000000000000 ) ;
#4134 = CARTESIAN_POINT ( 'NONE',  ( -0.3137132986275662505, -0.6099999999999999867, 0.4711952572385812443 ) ) ;
#4135 = VECTOR ( 'NONE', #3808, 1000.000000000000000 ) ;
#4136 = CARTESIAN_POINT ( 'NONE',  ( -0.5642442161535456968, -0.6099999999999999867, 0.3983939599761820438 ) ) ;
#4137 = ORIENTED_EDGE ( 'NONE', *, *, #4083, .T. ) ;
#4138 = CARTESIAN_POINT ( 'NONE',  ( -0.3727195603785443123, -0.6099999999999999867, 0.3892831285910451911 ) ) ;
#4139 = DIRECTION ( 'NONE',  ( -0.0000000000000000000, -0.0000000000000000000, 1.000000000000000000 ) ) ;
#4140 = SURFACE_SIDE_STYLE ('',( #4924 ) ) ;
#4141 = CARTESIAN_POINT ( 'NONE',  ( -0.3554387838093639451, -0.5999999999999999778, 0.4910130431234555615 ) ) ;
#4142 = VECTOR ( 'NONE', #2446, 1000.000000000000000 ) ;
#4143 = FACE_OUTER_BOUND ( 'NONE', #10403, .T. ) ;
#4144 = ORIENTED_EDGE ( 'NONE', *, *, #9332, .F. ) ;
#4145 = MECHANICAL_DESIGN_GEOMETRIC_PRESENTATION_REPRESENTATION (  '', ( #6635 ), #7928 ) ;
#4146 = PRESENTATION_LAYER_ASSIGNMENT (  '', '', ( #2218 ) ) ;
#4147 = VERTEX_POINT ( 'NONE', #3551 ) ;
#4148 = VECTOR ( 'NONE', #1619, 1000.000000000000000 ) ;
#4149 = ADVANCED_FACE ( 'NONE', ( #6452 ), #4371, .F. ) ;
#4150 = DIRECTION ( 'NONE',  ( -0.0000000000000000000, 0.0000000000000000000, 1.000000000000000000 ) ) ;
#4151 = STYLED_ITEM ( 'NONE', ( #3238 ), #746 ) ;
#4152 = DIRECTION ( 'NONE',  ( 0.9400931103999043970, 0.0000000000000000000, -0.3409177962187266986 ) ) ;
#4153 =( LENGTH_UNIT ( ) NAMED_UNIT ( * ) SI_UNIT ( .MILLI., .METRE. ) );
#4154 = CARTESIAN_POINT ( 'NONE',  ( -0.6024182741471565405, -0.6099999999999999867, 0.4779232405677047990 ) ) ;
#4155 = CARTESIAN_POINT ( 'NONE',  ( -0.5931639595650750607, -0.5999999999999999778, 0.3665822422234592537 ) ) ;
#4156 = PRESENTATION_LAYER_ASSIGNMENT (  '', '', ( #2598 ) ) ;
#4157 = VERTEX_POINT ( 'NONE', #1435 ) ;
#4158 = DIRECTION ( 'NONE',  ( -0.0000000000000000000, 0.0000000000000000000, 1.000000000000000000 ) ) ;
#4159 = CARTESIAN_POINT ( 'NONE',  ( -0.3669281087847431344, -0.5999999999999999778, 0.3858935177838326291 ) ) ;
#4160 = AXIS2_PLACEMENT_3D ( 'NONE', #387, #3259, #6931 ) ;
#4161 = ORIENTED_EDGE ( 'NONE', *, *, #7982, .T. ) ;
#4162 = ADVANCED_FACE ( 'NONE', ( #4943 ), #3125, .F. ) ;
#4163 = MECHANICAL_DESIGN_GEOMETRIC_PRESENTATION_REPRESENTATION (  '', ( #8335 ), #1846 ) ;
#4164 = SURFACE_SIDE_STYLE ('',( #10483 ) ) ;
#4165 = EDGE_CURVE ( 'NONE', #6215, #10340, #9957, .T. ) ;
#4166 = SURFACE_STYLE_FILL_AREA ( #6250 ) ;
#4167 = CARTESIAN_POINT ( 'NONE',  ( -0.3845312103078911137, -0.5999999999999999778, 0.4900356706821224484 ) ) ;
#4168 = B_SPLINE_CURVE_WITH_KNOTS ( 'NONE', 3,
 ( #8759, #566, #4232, #7860 ),
 .UNSPECIFIED., .F., .F.,
 ( 4, 4 ),
 ( 4.000000000000000000, 5.000000000000000000 ),
 .UNSPECIFIED. ) ;
#4169 =( GEOMETRIC_REPRESENTATION_CONTEXT ( 3 ) GLOBAL_UNCERTAINTY_ASSIGNED_CONTEXT ( ( #10237 ) ) GLOBAL_UNIT_ASSIGNED_CONTEXT ( ( #10349, #10118, #6599 ) ) REPRESENTATION_CONTEXT ( 'NONE', 'WORKASPACE' ) );
#4170 = VERTEX_POINT ( 'NONE', #6598 ) ;
#4171 = SURFACE_STYLE_FILL_AREA ( #433 ) ;
#4172 = EDGE_LOOP ( 'NONE', ( #11714, #7308, #5248, #790 ) ) ;
#4173 = COLOUR_RGB ( '',1.000000000000000000, 1.000000000000000000, 1.000000000000000000 ) ;
#4174 = FILL_AREA_STYLE_COLOUR ( '', #4922 ) ;
#4175 = ORIENTED_EDGE ( 'NONE', *, *, #5274, .T. ) ;
#4176 = CARTESIAN_POINT ( 'NONE',  ( -0.5931639540490711848, -0.5999999999999999778, 0.4247109275837678832 ) ) ;
#4177 = EDGE_CURVE ( 'NONE', #9343, #3192, #3046, .T. ) ;
#4178 = CARTESIAN_POINT ( 'NONE',  ( -0.4113465669697827787, -0.5999999999999999778, 0.3935877263646810342 ) ) ;
#4179 = PRESENTATION_LAYER_ASSIGNMENT (  '', '', ( #7419 ) ) ;
#4180 = MECHANICAL_DESIGN_GEOMETRIC_PRESENTATION_REPRESENTATION (  '', ( #2475 ), #11135 ) ;
#4181 = PRESENTATION_LAYER_ASSIGNMENT (  '', '', ( #4363 ) ) ;
#4182 = PLANE ( 'NONE',  #11053 ) ;
#4183 = VERTEX_POINT ( 'NONE', #6432 ) ;
#4184 = VECTOR ( 'NONE', #9600, 1000.000000000000000 ) ;
#4185 =( NAMED_UNIT ( * ) SI_UNIT ( $, .STERADIAN. ) SOLID_ANGLE_UNIT ( ) );
#4186 = CARTESIAN_POINT ( 'NONE',  ( -0.4162230315972971773, -0.6099999999999999867, 0.3858103371506220181 ) ) ;
#4187 = CARTESIAN_POINT ( 'NONE',  ( -0.3137132986275662505, -0.6099999999999999867, 0.4772258531530012005 ) ) ;
#4188 = VERTEX_POINT ( 'NONE', #1364 ) ;
#4189 = CARTESIAN_POINT ( 'NONE',  ( -0.4085080278582838842, -0.6099999999999999867, 0.4078740001346763400 ) ) ;
#4190 = SURFACE_SIDE_STYLE ('',( #6293 ) ) ;
#4191 = COLOUR_RGB ( '',1.000000000000000000, 1.000000000000000000, 1.000000000000000000 ) ;
#4192 = PRESENTATION_LAYER_ASSIGNMENT (  '', '', ( #3223 ) ) ;
#4193 = CARTESIAN_POINT ( 'NONE',  ( -0.3845312103078911137, -0.6099999999999999867, 0.4520221212616433726 ) ) ;
#4194 = PRESENTATION_LAYER_ASSIGNMENT (  '', '', ( #9679 ) ) ;
#4195 = B_SPLINE_CURVE_WITH_KNOTS ( 'NONE', 3,
 ( #3571, #758, #9966, #3513 ),
 .UNSPECIFIED., .F., .F.,
 ( 4, 4 ),
 ( 11.00000000000000000, 12.00000000000000000 ),
 .UNSPECIFIED. ) ;
#4196 = ORIENTED_EDGE ( 'NONE', *, *, #5010, .F. ) ;
#4197 = STYLED_ITEM ( 'NONE', ( #1756 ), #3244 ) ;
#4198 =( GEOMETRIC_REPRESENTATION_CONTEXT ( 3 ) GLOBAL_UNCERTAINTY_ASSIGNED_CONTEXT ( ( #2281 ) ) GLOBAL_UNIT_ASSIGNED_CONTEXT ( ( #6338, #10015, #5558 ) ) REPRESENTATION_CONTEXT ( 'NONE', 'WORKASPACE' ) );
#4199 = CARTESIAN_POINT ( 'NONE',  ( -0.3465800463623194272, -0.6099999999999999867, 0.3752256015623783858 ) ) ;
#4200 = ORIENTED_EDGE ( 'NONE', *, *, #9569, .F. ) ;
#4201 = UNCERTAINTY_MEASURE_WITH_UNIT (LENGTH_MEASURE( 1.000000000000000082E-05 ), #9312, 'distance_accuracy_value', 'NONE');
#4202 =( NAMED_UNIT ( * ) PLANE_ANGLE_UNIT ( ) SI_UNIT ( $, .RADIAN. ) );
#4203 = FACE_OUTER_BOUND ( 'NONE', #2099, .T. ) ;
#4204 =( LENGTH_UNIT ( ) NAMED_UNIT ( * ) SI_UNIT ( .MILLI., .METRE. ) );
#4205 = ORIENTED_EDGE ( 'NONE', *, *, #7733, .F. ) ;
#4206 =( LENGTH_UNIT ( ) NAMED_UNIT ( * ) SI_UNIT ( .MILLI., .METRE. ) );
#4207 = ADVANCED_FACE ( 'NONE', ( #8785 ), #739, .F. ) ;
#4208 = CARTESIAN_POINT ( 'NONE',  ( -0.3000820723446587235, -0.5999999999999999778, 0.4660588531320066785 ) ) ;
#4209 = ORIENTED_EDGE ( 'NONE', *, *, #1629, .F. ) ;
#4210 = CARTESIAN_POINT ( 'NONE',  ( -0.3544926041054858312, -0.5999999999999999778, 0.3721271229716806572 ) ) ;
#4211 = UNCERTAINTY_MEASURE_WITH_UNIT (LENGTH_MEASURE( 1.000000000000000082E-05 ), #9607, 'distance_accuracy_value', 'NONE');
#4212 = DIRECTION ( 'NONE',  ( 0.0000000000000000000, 1.000000000000000000, 0.0000000000000000000 ) ) ;
#4213 = CARTESIAN_POINT ( 'NONE',  ( -0.3733538127074671475, -0.6099999999999999867, 0.3985785643628607655 ) ) ;
#4214 =( LENGTH_UNIT ( ) NAMED_UNIT ( * ) SI_UNIT ( .MILLI., .METRE. ) );
#4215 = ORIENTED_EDGE ( 'NONE', *, *, #10311, .T. ) ;
#4216 = B_SPLINE_CURVE_WITH_KNOTS ( 'NONE', 3,
 ( #515, #2662, #4405, #5503 ),
 .UNSPECIFIED., .F., .F.,
 ( 4, 4 ),
 ( 3.000000000000000000, 4.000000000000000000 ),
 .UNSPECIFIED. ) ;
#4217 = FILL_AREA_STYLE ('',( #4599 ) ) ;
#4218 = FACE_OUTER_BOUND ( 'NONE', #593, .T. ) ;
#4219 = ORIENTED_EDGE ( 'NONE', *, *, #5934, .F. ) ;
#4220 = ADVANCED_FACE ( 'NONE', ( #2880 ), #7149, .F. ) ;
#4221 = DIRECTION ( 'NONE',  ( -0.0000000000000000000, -0.0000000000000000000, 1.000000000000000000 ) ) ;
#4222 = FILL_AREA_STYLE ('',( #10768 ) ) ;
#4223 = ORIENTED_EDGE ( 'NONE', *, *, #3687, .F. ) ;
#4224 = DIRECTION ( 'NONE',  ( 1.000000000000000000, 0.0000000000000000000, -0.0000000000000000000 ) ) ;
#4225 = UNCERTAINTY_MEASURE_WITH_UNIT (LENGTH_MEASURE( 1.000000000000000082E-05 ), #6813, 'distance_accuracy_value', 'NONE');
#4226 = DIRECTION ( 'NONE',  ( -0.0000000000000000000, 1.000000000000000000, -0.0000000000000000000 ) ) ;
#4227 = ORIENTED_EDGE ( 'NONE', *, *, #1816, .F. ) ;
#4228 = CARTESIAN_POINT ( 'NONE',  ( -0.2689101300135118278, -0.5999999999999999778, 0.3915082105319228067 ) ) ;
#4229 = ORIENTED_EDGE ( 'NONE', *, *, #9704, .T. ) ;
#4230 = CARTESIAN_POINT ( 'NONE',  ( -0.5101643047997155289, -0.6099999999999999867, 0.4033103075305376484 ) ) ;
#4231 = CARTESIAN_POINT ( 'NONE',  ( -0.3906345892767862371, -0.6099999999999999867, 0.4869579872497272754 ) ) ;
#4232 = CARTESIAN_POINT ( 'NONE',  ( -0.3137132986275662505, -0.5999999999999999778, 0.4648943242656725094 ) ) ;
#4233 = PRESENTATION_STYLE_ASSIGNMENT (( #1513 ) ) ;
#4234 = MECHANICAL_DESIGN_GEOMETRIC_PRESENTATION_REPRESENTATION (  '', ( #4408 ), #3835 ) ;
#4235 = VECTOR ( 'NONE', #2222, 1000.000000000000114 ) ;
#4236 = EDGE_CURVE ( 'NONE', #2535, #7669, #1016, .T. ) ;
#4237 = EDGE_CURVE ( 'NONE', #7833, #82, #2760, .T. ) ;
#4238 = SURFACE_SIDE_STYLE ('',( #10386 ) ) ;
#4239 = CARTESIAN_POINT ( 'NONE',  ( -0.6087806143881820953, -0.6099999999999999867, 0.4611498053853264611 ) ) ;
#4240 = CARTESIAN_POINT ( 'NONE',  ( -0.4052015976842822109, -0.6099999999999999867, 0.4824454378930636000 ) ) ;
#4241 = ORIENTED_EDGE ( 'NONE', *, *, #5306, .T. ) ;
#4242 = LINE ( 'NONE', #1206, #10205 ) ;
#4243 = FILL_AREA_STYLE ('',( #10506 ) ) ;
#4244 = CARTESIAN_POINT ( 'NONE',  ( -0.3000820723446587235, -0.6099999999999999867, 0.4660588531320066785 ) ) ;
#4245 =( NAMED_UNIT ( * ) SI_UNIT ( $, .STERADIAN. ) SOLID_ANGLE_UNIT ( ) );
#4246 = CARTESIAN_POINT ( 'NONE',  ( -0.4016248304522080925, -0.5999999999999999778, 0.4496514732123697011 ) ) ;
#4247 = CARTESIAN_POINT ( 'NONE',  ( -0.3950327652627852459, -0.5999999999999999778, 0.4543303838357317104 ) ) ;
#4248 = LINE ( 'NONE', #10574, #11019 ) ;
#4249 = FILL_AREA_STYLE ('',( #6949 ) ) ;
#4250 = CARTESIAN_POINT ( 'NONE',  ( -0.3993373630362828663, -0.6099999999999999867, 0.4543303838357317104 ) ) ;
#4251 = MECHANICAL_DESIGN_GEOMETRIC_PRESENTATION_REPRESENTATION (  '', ( #9357 ), #1922 ) ;
#4252 = ADVANCED_FACE ( 'NONE', ( #3010 ), #8325, .F. ) ;
#4253 =( LENGTH_UNIT ( ) NAMED_UNIT ( * ) SI_UNIT ( .MILLI., .METRE. ) );
#4254 = ORIENTED_EDGE ( 'NONE', *, *, #5191, .T. ) ;
#4255 = LINE ( 'NONE', #1356, #9998 ) ;
#4256 = CARTESIAN_POINT ( 'NONE',  ( -0.3198478703337772067, -0.6099999999999999867, 0.4856270971169719952 ) ) ;
#4257 = CARTESIAN_POINT ( 'NONE',  ( -0.2422715321973312741, -0.6099999999999999867, 0.4212868772551288665 ) ) ;
#4258 = LINE ( 'NONE', #6139, #6799 ) ;
#4259 = ORIENTED_EDGE ( 'NONE', *, *, #6500, .F. ) ;
#4260 = AXIS2_PLACEMENT_3D ( 'NONE', #1004, #5599, #10065 ) ;
#4261 = DIRECTION ( 'NONE',  ( -0.0000000000000000000, -0.0000000000000000000, -1.000000000000000000 ) ) ;
#4262 = CARTESIAN_POINT ( 'NONE',  ( -0.2864300509034490294, -0.6099999999999999867, 0.4660588531320066785 ) ) ;
#4263 = FILL_AREA_STYLE_COLOUR ( '', #1540 ) ;
#4264 = EDGE_LOOP ( 'NONE', ( #9889, #7255, #2372, #2175 ) ) ;
#4265 = CARTESIAN_POINT ( 'NONE',  ( -0.6437735132930798576, -0.6099999999999999867, 0.4001291401679580306 ) ) ;
#4266 = VECTOR ( 'NONE', #4928, 1000.000000000000000 ) ;
#4267 = EDGE_CURVE ( 'NONE', #1082, #3427, #11294, .T. ) ;
#4268 = EDGE_CURVE ( 'NONE', #1154, #11194, #9486, .T. ) ;
#4269 = DIRECTION ( 'NONE',  ( -0.0000000000000000000, 1.000000000000000000, -0.0000000000000000000 ) ) ;
#4270 = ORIENTED_EDGE ( 'NONE', *, *, #9641, .T. ) ;
#4271 = LINE ( 'NONE', #5186, #11205 ) ;
#4272 = CARTESIAN_POINT ( 'NONE',  ( 0.2999999999999999889, 0.5999999999999999778, -0.05000000000000000278 ) ) ;
#4273 = CARTESIAN_POINT ( 'NONE',  ( -0.3711391283457417534, -0.5999999999999999778, 0.4733163633876686927 ) ) ;
#4274 = ORIENTED_EDGE ( 'NONE', *, *, #6485, .F. ) ;
#4275 = CARTESIAN_POINT ( 'NONE',  ( -0.5405300243499036039, -0.5999999999999999778, 0.5019266281507344107 ) ) ;
#4276 = ORIENTED_EDGE ( 'NONE', *, *, #976, .F. ) ;
#4277 = CARTESIAN_POINT ( 'NONE',  ( -0.3667097596222881339, -0.6099999999999999867, 0.3932134135146798104 ) ) ;
#4278 = CARTESIAN_POINT ( 'NONE',  ( -0.3796235529429223265, -0.6099999999999999867, 0.4024256686532850513 ) ) ;
#4279 = EDGE_CURVE ( 'NONE', #228, #9343, #1453, .T. ) ;
#4280 = ORIENTED_EDGE ( 'NONE', *, *, #4826, .F. ) ;
#4281 = CARTESIAN_POINT ( 'NONE',  ( -0.6374111702943295876, -0.5999999999999999778, 0.3931883973362879092 ) ) ;
#4282 = ORIENTED_EDGE ( 'NONE', *, *, #10788, .T. ) ;
#4283 = LINE ( 'NONE', #798, #11633 ) ;
#4284 =( LENGTH_UNIT ( ) NAMED_UNIT ( * ) SI_UNIT ( .MILLI., .METRE. ) );
#4285 = CARTESIAN_POINT ( 'NONE',  ( -0.2906410704644477039, -0.6099999999999999867, 0.4218067562135269788 ) ) ;
#4286 = CARTESIAN_POINT ( 'NONE',  ( -0.4088511479705551066, -0.5999999999999999778, 0.3874115643415892429 ) ) ;
#4287 = CARTESIAN_POINT ( 'NONE',  ( -0.4091110874497538852, -0.6099999999999999867, 0.4857102777501829394 ) ) ;
#4288 = ADVANCED_FACE ( 'NONE', ( #4218 ), #11614, .F. ) ;
#4289 = CARTESIAN_POINT ( 'NONE',  ( -0.3362240575156832390, -0.6099999999999999867, 0.4148611733324051309 ) ) ;
#4290 = CARTESIAN_POINT ( 'NONE',  ( -0.4183025474299184587, -0.6099999999999999867, 0.4087889871011015086 ) ) ;
#4291 = STYLED_ITEM ( 'NONE', ( #10717 ), #7102 ) ;
#4292 =( NAMED_UNIT ( * ) SI_UNIT ( $, .STERADIAN. ) SOLID_ANGLE_UNIT ( ) );
#4293 = EDGE_LOOP ( 'NONE', ( #7159, #7539, #6869, #10815 ) ) ;
#4294 = FILL_AREA_STYLE_COLOUR ( '', #10582 ) ;
#4295 = DIRECTION ( 'NONE',  ( -1.000000000000000000, 0.0000000000000000000, -0.0000000000000000000 ) ) ;
#4296 = PRESENTATION_STYLE_ASSIGNMENT (( #7109 ) ) ;
#4297 = B_SPLINE_CURVE_WITH_KNOTS ( 'NONE', 3,
 ( #7553, #2112, #9379, #316 ),
 .UNSPECIFIED., .F., .F.,
 ( 4, 4 ),
 ( 3.000000000000000000, 4.000000000000000000 ),
 .UNSPECIFIED. ) ;
#4298 = DIRECTION ( 'NONE',  ( -0.0000000000000000000, 1.000000000000000000, -0.0000000000000000000 ) ) ;
#4299 = CARTESIAN_POINT ( 'NONE',  ( -0.4183025474299184587, -0.5999999999999999778, 0.4087889871011015086 ) ) ;
#4300 =( LENGTH_UNIT ( ) NAMED_UNIT ( * ) SI_UNIT ( .MILLI., .METRE. ) );
#4302 = EDGE_CURVE ( 'NONE', #11107, #3063, #11643, .T. ) ;
#4301 = FILL_AREA_STYLE_COLOUR ( '', #10079 ) ;
#4303 = EDGE_CURVE ( 'NONE', #2360, #9830, #486, .T. ) ;
#4304 = VECTOR ( 'NONE', #7098, 1000.000000000000000 ) ;
#4305 = FACE_OUTER_BOUND ( 'NONE', #5654, .T. ) ;
#4306 = LINE ( 'NONE', #10743, #7401 ) ;
#4307 = ORIENTED_EDGE ( 'NONE', *, *, #2839, .T. ) ;
#4308 = AXIS2_PLACEMENT_3D ( 'NONE', #3640, #3469, #820 ) ;
#4309 = CARTESIAN_POINT ( 'NONE',  ( -0.2958918479416860481, -0.6099999999999999867, 0.3858103371506220181 ) ) ;
#4310 = FILL_AREA_STYLE ('',( #10645 ) ) ;
#4311 = CARTESIAN_POINT ( 'NONE',  ( -0.3667097596222881339, -0.5999999999999999778, 0.3932134135146798104 ) ) ;
#4312 = LINE ( 'NONE', #8610, #5158 ) ;
#4313 = FILL_AREA_STYLE_COLOUR ( '', #8292 ) ;
#4314 = VERTEX_POINT ( 'NONE', #5359 ) ;
#4315 = SURFACE_STYLE_USAGE ( .BOTH. , #6079 ) ;
#4316 = VERTEX_POINT ( 'NONE', #5413 ) ;
#4317 = B_SPLINE_CURVE_WITH_KNOTS ( 'NONE', 3,
 ( #3567, #3685, #981, #7345 ),
 .UNSPECIFIED., .F., .F.,
 ( 4, 4 ),
 ( 16.00000000000000000, 17.00000000000000000 ),
 .UNSPECIFIED. ) ;
#4318 =( GEOMETRIC_REPRESENTATION_CONTEXT ( 3 ) GLOBAL_UNCERTAINTY_ASSIGNED_CONTEXT ( ( #8735 ) ) GLOBAL_UNIT_ASSIGNED_CONTEXT ( ( #749, #8442, #11111 ) ) REPRESENTATION_CONTEXT ( 'NONE', 'WORKASPACE' ) );
#4319 = CARTESIAN_POINT ( 'NONE',  ( -0.3568736497339096703, -0.5999999999999999778, 0.3722726890800774902 ) ) ;
#4320 = FILL_AREA_STYLE_COLOUR ( '', #8295 ) ;
#4321 = EDGE_LOOP ( 'NONE', ( #7278, #10991, #1019, #11083 ) ) ;
#4322 = UNCERTAINTY_MEASURE_WITH_UNIT (LENGTH_MEASURE( 1.000000000000000082E-05 ), #2279, 'distance_accuracy_value', 'NONE');
#4323 = CARTESIAN_POINT ( 'NONE',  ( -0.5101643047997156399, -0.5999999999999999778, 0.4033103075305376484 ) ) ;
#4324 = CARTESIAN_POINT ( 'NONE',  ( -0.4016248304522080925, -0.5999999999999999778, 0.4496514732123697011 ) ) ;
#4325 = CARTESIAN_POINT ( 'NONE',  ( -0.4094750027203268861, -0.5999999999999999778, 0.4702178847972480757 ) ) ;
#4326 = CARTESIAN_POINT ( 'NONE',  ( -0.3202013880251991518, -0.5999999999999999778, 0.4041308716360421660 ) ) ;
#4327 = ORIENTED_EDGE ( 'NONE', *, *, #11031, .F. ) ;
#4328 = VECTOR ( 'NONE', #2416, 1000.000000000000000 ) ;
#4329 = ORIENTED_EDGE ( 'NONE', *, *, #1776, .T. ) ;
#4330 =( GEOMETRIC_REPRESENTATION_CONTEXT ( 3 ) GLOBAL_UNCERTAINTY_ASSIGNED_CONTEXT ( ( #3839 ) ) GLOBAL_UNIT_ASSIGNED_CONTEXT ( ( #2221, #11231, #242 ) ) REPRESENTATION_CONTEXT ( 'NONE', 'WORKASPACE' ) );
#4331 = VECTOR ( 'NONE', #3148, 1000.000000000000114 ) ;
#4332 = DIRECTION ( 'NONE',  ( -0.0000000000000000000, 1.000000000000000000, -0.0000000000000000000 ) ) ;
#4333 = EDGE_CURVE ( 'NONE', #5497, #6793, #8064, .T. ) ;
#4334 = EDGE_CURVE ( 'NONE', #69, #6688, #8006, .T. ) ;
#4335 = ORIENTED_EDGE ( 'NONE', *, *, #5317, .T. ) ;
#4336 =( NAMED_UNIT ( * ) PLANE_ANGLE_UNIT ( ) SI_UNIT ( $, .RADIAN. ) );
#4337 = UNCERTAINTY_MEASURE_WITH_UNIT (LENGTH_MEASURE( 1.000000000000000082E-05 ), #7786, 'distance_accuracy_value', 'NONE');
#4338 = PRESENTATION_LAYER_ASSIGNMENT (  '', '', ( #6829 ) ) ;
#4339 = PRESENTATION_LAYER_ASSIGNMENT (  '', '', ( #10749 ) ) ;
#4340 = FILL_AREA_STYLE ('',( #738 ) ) ;
#4341 = ORIENTED_EDGE ( 'NONE', *, *, #6327, .T. ) ;
#4342 =( NAMED_UNIT ( * ) PLANE_ANGLE_UNIT ( ) SI_UNIT ( $, .RADIAN. ) );
#4343 = VECTOR ( 'NONE', #10979, 1000.000000000000000 ) ;
#4344 =( NAMED_UNIT ( * ) SI_UNIT ( $, .STERADIAN. ) SOLID_ANGLE_UNIT ( ) );
#4345 = CARTESIAN_POINT ( 'NONE',  ( -0.3548877121137902768, -0.6099999999999999867, 0.3764941062202255551 ) ) ;
#4346 = SURFACE_STYLE_FILL_AREA ( #2649 ) ;
#4347 = EDGE_CURVE ( 'NONE', #9633, #4398, #721, .T. ) ;
#4348 = PRESENTATION_LAYER_ASSIGNMENT (  '', '', ( #4730 ) ) ;
#4349 = VECTOR ( 'NONE', #784, 1000.000000000000000 ) ;
#4350 = SURFACE_STYLE_FILL_AREA ( #8032 ) ;
#4351 = ORIENTED_EDGE ( 'NONE', *, *, #4731, .F. ) ;
#4352 = CARTESIAN_POINT ( 'NONE',  ( -0.4183025474299184587, -0.5999999999999999778, 0.4041308716360421660 ) ) ;
#4353 = ORIENTED_EDGE ( 'NONE', *, *, #8886, .T. ) ;
#4354 = LINE ( 'NONE', #11600, #6809 ) ;
#4355 = VECTOR ( 'NONE', #2497, 1000.000000000000227 ) ;
#4356 = CARTESIAN_POINT ( 'NONE',  ( -0.5934531581024645730, -0.6099999999999999867, 0.3839340662063335796 ) ) ;
#4357 = CARTESIAN_POINT ( 'NONE',  ( -0.3982144244866936966, -0.6099999999999999867, 0.3851240969258026281 ) ) ;
#4358 = ADVANCED_FACE ( 'NONE', ( #4380 ), #4182, .F. ) ;
#4359 = VERTEX_POINT ( 'NONE', #11380 ) ;
#4360 = CARTESIAN_POINT ( 'NONE',  ( -0.2394121979273902967, -0.6099999999999999867, 0.4264856668368887105 ) ) ;
#4361 = COLOUR_RGB ( '',1.000000000000000000, 1.000000000000000000, 1.000000000000000000 ) ;
#4362 = CARTESIAN_POINT ( 'NONE',  ( -0.3157616217225944211, -0.6099999999999999867, 0.4598411007923084437 ) ) ;
#4363 = STYLED_ITEM ( 'NONE', ( #2293 ), #6398 ) ;
#4364 = B_SPLINE_SURFACE_WITH_KNOTS ( 'NONE', 3, 1, ( 
 ( #11331, #1297 ),
 ( #6954, #6770 ),
 ( #5830, #1352 ),
 ( #4003, #526 ) ),
 .UNSPECIFIED., .F., .F., .F.,
 ( 4, 4 ),
 ( 2, 2 ),
 ( 3.000000000000000000, 4.000000000000000000 ),
 ( 0.0000000000000000000, 1.000000000000000000 ),
 .UNSPECIFIED. ) ;
#4365 = ORIENTED_EDGE ( 'NONE', *, *, #2514, .T. ) ;
#4366 = DIRECTION ( 'NONE',  ( 1.000000000000000000, 0.0000000000000000000, -0.0000000000000000000 ) ) ;
#4367 =( NAMED_UNIT ( * ) SI_UNIT ( $, .STERADIAN. ) SOLID_ANGLE_UNIT ( ) );
#4368 =( NAMED_UNIT ( * ) PLANE_ANGLE_UNIT ( ) SI_UNIT ( $, .RADIAN. ) );
#4369 = VERTEX_POINT ( 'NONE', #7631 ) ;
#4370 = VECTOR ( 'NONE', #7332, 1000.000000000000000 ) ;
#4371 = B_SPLINE_SURFACE_WITH_KNOTS ( 'NONE', 3, 1, ( 
 ( #9785, #5006 ),
 ( #7896, #6097 ),
 ( #3309, #4094 ),
 ( #11468, #8688 ) ),
 .UNSPECIFIED., .F., .F., .F.,
 ( 4, 4 ),
 ( 2, 2 ),
 ( 21.00000000000000000, 22.00000000000000000 ),
 ( 0.0000000000000000000, 1.000000000000000000 ),
 .UNSPECIFIED. ) ;
#4372 = LINE ( 'NONE', #3649, #3591 ) ;
#4373 = FACE_OUTER_BOUND ( 'NONE', #155, .T. ) ;
#4374 = ADVANCED_FACE ( 'NONE', ( #4119 ), #5938, .F. ) ;
#4375 = STYLED_ITEM ( 'NONE', ( #2208 ), #10110 ) ;
#4376 = ORIENTED_EDGE ( 'NONE', *, *, #9940, .F. ) ;
#4377 =( NAMED_UNIT ( * ) PLANE_ANGLE_UNIT ( ) SI_UNIT ( $, .RADIAN. ) );
#4378 = CARTESIAN_POINT ( 'NONE',  ( 0.6999999999999999556, -0.5999999999999999778, 0.0000000000000000000 ) ) ;
#4379 = FILL_AREA_STYLE_COLOUR ( '', #2465 ) ;
#4380 = FACE_OUTER_BOUND ( 'NONE', #145, .T. ) ;
#4381 = ORIENTED_EDGE ( 'NONE', *, *, #4553, .F. ) ;
#4382 = VECTOR ( 'NONE', #9845, 1000.000000000000000 ) ;
#4383 = CARTESIAN_POINT ( 'NONE',  ( -0.3747054979988023726, -0.5999999999999999778, 0.4047755215442560006 ) ) ;
#4384 = CARTESIAN_POINT ( 'NONE',  ( -0.2648238814023293197, -0.5999999999999999778, 0.4175021584398895258 ) ) ;
#4385 = EDGE_LOOP ( 'NONE', ( #3251, #10171, #11680, #5946, #1527, #10160, #8870, #11181 ) ) ;
#4386 = B_SPLINE_CURVE_WITH_KNOTS ( 'NONE', 3,
 ( #11595, #9851, #1742, #9738 ),
 .UNSPECIFIED., .F., .F.,
 ( 4, 4 ),
 ( 19.00000000000000000, 20.00000000000000000 ),
 .UNSPECIFIED. ) ;
#4387 = CARTESIAN_POINT ( 'NONE',  ( -0.3742687996738924272, -0.6099999999999999867, 0.4103070336588581224 ) ) ;
#4388 = CARTESIAN_POINT ( 'NONE',  ( -0.2782679512602364569, -0.5999999999999999778, 0.3858103371506220181 ) ) ;
#4389 = EDGE_CURVE ( 'NONE', #988, #7758, #6756, .T. ) ;
#4390 = ORIENTED_EDGE ( 'NONE', *, *, #3594, .F. ) ;
#4391 = PRESENTATION_STYLE_ASSIGNMENT (( #7963 ) ) ;
#4392 = ORIENTED_EDGE ( 'NONE', *, *, #9225, .F. ) ;
#4393 = SURFACE_STYLE_USAGE ( .BOTH. , #6160 ) ;
#4394 = SURFACE_STYLE_FILL_AREA ( #744 ) ;
#4395 = CARTESIAN_POINT ( 'NONE',  ( -0.3056551747761435678, -0.6099999999999999867, 0.4087889871011015086 ) ) ;
#4396 = STYLED_ITEM ( 'NONE', ( #7114 ), #522 ) ;
#4397 = EDGE_CURVE ( 'NONE', #9132, #9759, #6354, .T. ) ;
#4398 = VERTEX_POINT ( 'NONE', #1341 ) ;
#4399 = LINE ( 'NONE', #3679, #172 ) ;
#4400 = PLANE ( 'NONE',  #3558 ) ;
#4401 = FACE_OUTER_BOUND ( 'NONE', #10698, .T. ) ;
#4402 = FILL_AREA_STYLE_COLOUR ( '', #8810 ) ;
#4403 = DIRECTION ( 'NONE',  ( -0.0000000000000000000, 1.000000000000000000, -0.0000000000000000000 ) ) ;
#4404 = B_SPLINE_CURVE_WITH_KNOTS ( 'NONE', 3,
 ( #5352, #6195, #5289, #716 ),
 .UNSPECIFIED., .F., .F.,
 ( 4, 4 ),
 ( 3.000000000000000000, 4.000000000000000000 ),
 .UNSPECIFIED. ) ;
#4405 = CARTESIAN_POINT ( 'NONE',  ( -0.2428122063137535813, -0.6099999999999999867, 0.4191033856308563621 ) ) ;
#4406 = FILL_AREA_STYLE ('',( #11554 ) ) ;
#4407 = CARTESIAN_POINT ( 'NONE',  ( -0.3799770706344828275, -0.5999999999999999778, 0.4116587189501932920 ) ) ;
#4408 = STYLED_ITEM ( 'NONE', ( #6152 ), #679 ) ;
#4409 = CARTESIAN_POINT ( 'NONE',  ( -0.2906410704644477039, -0.6099999999999999867, 0.3904476574573795822 ) ) ;
#4410 = PRESENTATION_LAYER_ASSIGNMENT (  '', '', ( #207 ) ) ;
#4411 = COLOUR_RGB ( '',1.000000000000000000, 1.000000000000000000, 1.000000000000000000 ) ;
#4412 = CARTESIAN_POINT ( 'NONE',  ( -0.3711391283457417534, -0.6099999999999999867, 0.4549750337439453785 ) ) ;
#4413 = FACE_OUTER_BOUND ( 'NONE', #6941, .T. ) ;
#4414 = ORIENTED_EDGE ( 'NONE', *, *, #2481, .F. ) ;
#4415 = UNCERTAINTY_MEASURE_WITH_UNIT (LENGTH_MEASURE( 1.000000000000000082E-05 ), #710, 'distance_accuracy_value', 'NONE');
#4416 = ADVANCED_FACE ( 'NONE', ( #5031 ), #8076, .T. ) ;
#4417 = CARTESIAN_POINT ( 'NONE',  ( -0.3236949746242013259, -0.6099999999999999867, 0.4825078233679716000 ) ) ;
#4418 = DIRECTION ( 'NONE',  ( 0.0000000000000000000, 0.0000000000000000000, -1.000000000000000000 ) ) ;
#4419 = SURFACE_SIDE_STYLE ('',( #8948 ) ) ;
#4420 = DIRECTION ( 'NONE',  ( -0.0000000000000000000, -0.0000000000000000000, 1.000000000000000000 ) ) ;
#4421 = MECHANICAL_DESIGN_GEOMETRIC_PRESENTATION_REPRESENTATION (  '', ( #2884 ), #7286 ) ;
#4422 =( NAMED_UNIT ( * ) PLANE_ANGLE_UNIT ( ) SI_UNIT ( $, .RADIAN. ) );
#4423 = FILL_AREA_STYLE_COLOUR ( '', #7912 ) ;
#4424 = VERTEX_POINT ( 'NONE', #11648 ) ;
#4425 = CARTESIAN_POINT ( 'NONE',  ( -0.4061789701256164342, -0.5999999999999999778, 0.3940036295310119785 ) ) ;
#4426 = DIRECTION ( 'NONE',  ( -1.000000000000000000, -0.0000000000000000000, -0.0000000000000000000 ) ) ;
#4427 = SURFACE_STYLE_FILL_AREA ( #6907 ) ;
#4428 = ORIENTED_EDGE ( 'NONE', *, *, #10081, .T. ) ;
#4429 = VECTOR ( 'NONE', #7520, 1000.000000000000000 ) ;
#4430 = FILL_AREA_STYLE ('',( #2565 ) ) ;
#4431 = CARTESIAN_POINT ( 'NONE',  ( -0.3356729858201081829, -0.6099999999999999867, 0.4549750337439453785 ) ) ;
#4432 = ORIENTED_EDGE ( 'NONE', *, *, #4114, .F. ) ;
#4433 = UNCERTAINTY_MEASURE_WITH_UNIT (LENGTH_MEASURE( 1.000000000000000082E-05 ), #9885, 'distance_accuracy_value', 'NONE');
#4434 = FILL_AREA_STYLE ('',( #10761 ) ) ;
#4435 = FILL_AREA_STYLE ('',( #6091 ) ) ;
#4436 =( LENGTH_UNIT ( ) NAMED_UNIT ( * ) SI_UNIT ( .MILLI., .METRE. ) );
#4437 = EDGE_LOOP ( 'NONE', ( #11350, #7973, #5241, #8918 ) ) ;
#4438 = ORIENTED_EDGE ( 'NONE', *, *, #7828, .F. ) ;
#4439 = DIRECTION ( 'NONE',  ( -0.0000000000000000000, 1.000000000000000000, -0.0000000000000000000 ) ) ;
#4440 = CARTESIAN_POINT ( 'NONE',  ( -0.4052015976842822109, -0.5999999999999999778, 0.4824454378930636000 ) ) ;
#4441 = FACE_OUTER_BOUND ( 'NONE', #9698, .T. ) ;
#4442 = EDGE_CURVE ( 'NONE', #4068, #9018, #1632, .T. ) ;
#4443 = EDGE_CURVE ( 'NONE', #6888, #6215, #8463, .T. ) ;
#4444 = ORIENTED_EDGE ( 'NONE', *, *, #4044, .F. ) ;
#4445 = CARTESIAN_POINT ( 'NONE',  ( -0.3702553341169080303, -0.6099999999999999867, 0.4113883818919822910 ) ) ;
#4446 = UNCERTAINTY_MEASURE_WITH_UNIT (LENGTH_MEASURE( 1.000000000000000082E-05 ), #7670, 'distance_accuracy_value', 'NONE');
#4447 = CARTESIAN_POINT ( 'NONE',  ( -0.3206796766667143750, -0.5999999999999999778, 0.4620245924165809481 ) ) ;
#4448 =( NAMED_UNIT ( * ) PLANE_ANGLE_UNIT ( ) SI_UNIT ( $, .RADIAN. ) );
#4449 = CARTESIAN_POINT ( 'NONE',  ( -0.3192344131630175941, -0.6099999999999999867, 0.4710496911301855216 ) ) ;
#4450 = ORIENTED_EDGE ( 'NONE', *, *, #3775, .F. ) ;
#4451 = DIRECTION ( 'NONE',  ( -0.0000000000000000000, 1.000000000000000000, -0.0000000000000000000 ) ) ;
#4452 = MECHANICAL_DESIGN_GEOMETRIC_PRESENTATION_REPRESENTATION (  '', ( #9570 ), #1743 ) ;
#4453 = ORIENTED_EDGE ( 'NONE', *, *, #3326, .F. ) ;
#4454 = DIRECTION ( 'NONE',  ( -0.0000000000000000000, 1.000000000000000000, -0.0000000000000000000 ) ) ;
#4455 = DIRECTION ( 'NONE',  ( -0.0000000000000000000, 1.000000000000000000, -0.0000000000000000000 ) ) ;
#4456 = CARTESIAN_POINT ( 'NONE',  ( -0.3950327652627852459, -0.6099999999999999867, 0.4543303838357317104 ) ) ;
#4457 = ORIENTED_EDGE ( 'NONE', *, *, #11545, .T. ) ;
#4458 =( NAMED_UNIT ( * ) SI_UNIT ( $, .STERADIAN. ) SOLID_ANGLE_UNIT ( ) );
#4459 =( LENGTH_UNIT ( ) NAMED_UNIT ( * ) SI_UNIT ( .MILLI., .METRE. ) );
#4460 = SURFACE_STYLE_USAGE ( .BOTH. , #9908 ) ;
#4461 = FILL_AREA_STYLE ('',( #10562 ) ) ;
#4462 = VERTEX_POINT ( 'NONE', #5321 ) ;
#4463 =( NAMED_UNIT ( * ) PLANE_ANGLE_UNIT ( ) SI_UNIT ( $, .RADIAN. ) );
#4464 = PRESENTATION_STYLE_ASSIGNMENT (( #9959 ) ) ;
#4465 = FILL_AREA_STYLE ('',( #10633 ) ) ;
#4466 =( NAMED_UNIT ( * ) SI_UNIT ( $, .STERADIAN. ) SOLID_ANGLE_UNIT ( ) );
#4467 = EDGE_LOOP ( 'NONE', ( #7269, #7899, #7078, #11203, #8424, #5876, #358 ) ) ;
#4468 = SURFACE_STYLE_FILL_AREA ( #9743 ) ;
#4469 = VECTOR ( 'NONE', #5146, 1000.000000000000000 ) ;
#4470 = SURFACE_SIDE_STYLE ('',( #867 ) ) ;
#4471 = FACE_OUTER_BOUND ( 'NONE', #3199, .T. ) ;
#4472 = B_SPLINE_SURFACE_WITH_KNOTS ( 'NONE', 3, 1, ( 
 ( #3062, #4325 ),
 ( #8005, #7026 ),
 ( #7253, #2408 ),
 ( #3425, #10603 ) ),
 .UNSPECIFIED., .F., .F., .F.,
 ( 4, 4 ),
 ( 2, 2 ),
 ( 9.000000000000000000, 10.00000000000000000 ),
 ( 0.0000000000000000000, 1.000000000000000000 ),
 .UNSPECIFIED. ) ;
#4473 = ADVANCED_FACE ( 'NONE', ( #2542 ), #11491, .F. ) ;
#4474 = ADVANCED_FACE ( 'NONE', ( #9852 ), #6314, .F. ) ;
#4475 = COLOUR_RGB ( '',1.000000000000000000, 1.000000000000000000, 1.000000000000000000 ) ;
#4476 = B_SPLINE_CURVE_WITH_KNOTS ( 'NONE', 3,
 ( #8191, #957, #7538, #3712 ),
 .UNSPECIFIED., .F., .F.,
 ( 4, 4 ),
 ( 11.00000000000000000, 12.00000000000000000 ),
 .UNSPECIFIED. ) ;
#4477 = CARTESIAN_POINT ( 'NONE',  ( -0.3952407168459506348, -0.5999999999999999778, 0.3868500950668634086 ) ) ;
#4478 = VERTEX_POINT ( 'NONE', #6626 ) ;
#4479 = DIRECTION ( 'NONE',  ( -0.3559357243643086477, -0.0000000000000000000, 0.9345104387438669669 ) ) ;
#4480 = PLANE ( 'NONE',  #7245 ) ;
#4481 =( NAMED_UNIT ( * ) SI_UNIT ( $, .STERADIAN. ) SOLID_ANGLE_UNIT ( ) );
#4482 = PRESENTATION_STYLE_ASSIGNMENT (( #1701 ) ) ;
#4483 = ORIENTED_EDGE ( 'NONE', *, *, #9447, .T. ) ;
#4484 = COLOUR_RGB ( '',1.000000000000000000, 1.000000000000000000, 1.000000000000000000 ) ;
#4485 =( NAMED_UNIT ( * ) SI_UNIT ( $, .STERADIAN. ) SOLID_ANGLE_UNIT ( ) );
#4486 = LINE ( 'NONE', #11678, #7644 ) ;
#4487 = VERTEX_POINT ( 'NONE', #2898 ) ;
#4488 = AXIS2_PLACEMENT_3D ( 'NONE', #10956, #3847, #9200 ) ;
#4489 = FILL_AREA_STYLE_COLOUR ( '', #532 ) ;
#4490 = LINE ( 'NONE', #9, #468 ) ;
#4491 = STYLED_ITEM ( 'NONE', ( #6656 ), #7449 ) ;
#4492 = ORIENTED_EDGE ( 'NONE', *, *, #8740, .T. ) ;
#4493 = SURFACE_STYLE_USAGE ( .BOTH. , #6261 ) ;
#4494 = CARTESIAN_POINT ( 'NONE',  ( 0.6999999999999999556, 0.5999999999999999778, 0.5999999999999999778 ) ) ;
#4495 = FILL_AREA_STYLE ('',( #10706 ) ) ;
#4496 = VERTEX_POINT ( 'NONE', #11015 ) ;
#4497 = CARTESIAN_POINT ( 'NONE',  ( -0.3206796766667143750, -0.6099999999999999867, 0.4620245924165809481 ) ) ;
#4498 = COLOUR_RGB ( '',1.000000000000000000, 1.000000000000000000, 1.000000000000000000 ) ;
#4499 = FILL_AREA_STYLE ('',( #607 ) ) ;
#4500 = VECTOR ( 'NONE', #71, 1000.000000000000114 ) ;
#4501 = ADVANCED_FACE ( 'NONE', ( #10192 ), #1197, .F. ) ;
#4502 = VECTOR ( 'NONE', #6186, 1000.000000000000000 ) ;
#4503 = ORIENTED_EDGE ( 'NONE', *, *, #1405, .T. ) ;
#4504 = CARTESIAN_POINT ( 'NONE',  ( -0.2925750201888107638, -0.6099999999999999867, 0.4829653168511845451 ) ) ;
#4505 = CARTESIAN_POINT ( 'NONE',  ( -0.5032235509361765446, -0.5999999999999999778, 0.4727176862018156456 ) ) ;
#4506 = FACE_OUTER_BOUND ( 'NONE', #5188, .T. ) ;
#4507 = DIRECTION ( 'NONE',  ( 1.000000000000000000, 0.0000000000000000000, -0.0000000000000000000 ) ) ;
#4508 = VECTOR ( 'NONE', #11432, 1000.000000000000000 ) ;
#4509 = EDGE_CURVE ( 'NONE', #10605, #7487, #5740, .T. ) ;
#4510 = ORIENTED_EDGE ( 'NONE', *, *, #11160, .F. ) ;
#4511 = EDGE_CURVE ( 'NONE', #5394, #10657, #7337, .T. ) ;
#4512 = FACE_OUTER_BOUND ( 'NONE', #2982, .T. ) ;
#4513 =( GEOMETRIC_REPRESENTATION_CONTEXT ( 3 ) GLOBAL_UNCERTAINTY_ASSIGNED_CONTEXT ( ( #1676 ) ) GLOBAL_UNIT_ASSIGNED_CONTEXT ( ( #10195, #9157, #3912 ) ) REPRESENTATION_CONTEXT ( 'NONE', 'WORKASPACE' ) );
#4514 = CARTESIAN_POINT ( 'NONE',  ( -0.3810688164466189964, -0.6099999999999999867, 0.4070213986434373377 ) ) ;
#4515 = ORIENTED_EDGE ( 'NONE', *, *, #9930, .F. ) ;
#4516 = LINE ( 'NONE', #9677, #4304 ) ;
#4517 = CARTESIAN_POINT ( 'NONE',  ( -0.3796235529429223265, -0.5999999999999999778, 0.4024256686532850513 ) ) ;
#4518 = DIRECTION ( 'NONE',  ( -0.0000000000000000000, -0.0000000000000000000, 1.000000000000000000 ) ) ;
#4519 = VECTOR ( 'NONE', #6853, 1000.000000000000000 ) ;
#4520 =( GEOMETRIC_REPRESENTATION_CONTEXT ( 3 ) GLOBAL_UNCERTAINTY_ASSIGNED_CONTEXT ( ( #8483 ) ) GLOBAL_UNIT_ASSIGNED_CONTEXT ( ( #9019, #796, #2583 ) ) REPRESENTATION_CONTEXT ( 'NONE', 'WORKASPACE' ) );
#4521 = CARTESIAN_POINT ( 'NONE',  ( -0.3875257131069359540, -0.5999999999999999778, 0.4504416892287018692 ) ) ;
#4522 = EDGE_CURVE ( 'NONE', #10116, #3116, #96, .T. ) ;
#4523 = VECTOR ( 'NONE', #7258, 1000.000000000000000 ) ;
#4524 = EDGE_LOOP ( 'NONE', ( #6532, #11006, #5123, #4229 ) ) ;
#4525 =( NAMED_UNIT ( * ) SI_UNIT ( $, .STERADIAN. ) SOLID_ANGLE_UNIT ( ) );
#4526 = CARTESIAN_POINT ( 'NONE',  ( -0.3845312103078911137, -0.6099999999999999867, 0.4900356706821223374 ) ) ;
#4527 = VERTEX_POINT ( 'NONE', #2827 ) ;
#4528 = CARTESIAN_POINT ( 'NONE',  ( -0.3356417930826539053, -0.5999999999999999778, 0.4503377134371886470 ) ) ;
#4529 = CARTESIAN_POINT ( 'NONE',  ( -0.2416372798685456624, -0.5999999999999999778, 0.4184379405646173056 ) ) ;
#4530 = FILL_AREA_STYLE ('',( #1991 ) ) ;
#4531 = COLOUR_RGB ( '',1.000000000000000000, 1.000000000000000000, 1.000000000000000000 ) ;
#4532 =( GEOMETRIC_REPRESENTATION_CONTEXT ( 3 ) GLOBAL_UNCERTAINTY_ASSIGNED_CONTEXT ( ( #8621 ) ) GLOBAL_UNIT_ASSIGNED_CONTEXT ( ( #4822, #1180, #3787 ) ) REPRESENTATION_CONTEXT ( 'NONE', 'WORKASPACE' ) );
#4533 = LINE ( 'NONE', #7350, #7246 ) ;
#4534 = VERTEX_POINT ( 'NONE', #10083 ) ;
#4535 = FILL_AREA_STYLE ('',( #6242 ) ) ;
#4536 = CARTESIAN_POINT ( 'NONE',  ( -0.2806593944678126840, -0.6099999999999999867, 0.4503377134371886470 ) ) ;
#4537 =( NAMED_UNIT ( * ) SI_UNIT ( $, .STERADIAN. ) SOLID_ANGLE_UNIT ( ) );
#4538 =( NAMED_UNIT ( * ) SI_UNIT ( $, .STERADIAN. ) SOLID_ANGLE_UNIT ( ) );
#4539 = EDGE_CURVE ( 'NONE', #9389, #830, #6517, .T. ) ;
#4540 =( LENGTH_UNIT ( ) NAMED_UNIT ( * ) SI_UNIT ( .MILLI., .METRE. ) );
#4541 = VECTOR ( 'NONE', #8787, 1000.000000000000000 ) ;
#4542 = LINE ( 'NONE', #8106, #9232 ) ;
#4543 = LINE ( 'NONE', #7125, #3790 ) ;
#4544 = ORIENTED_EDGE ( 'NONE', *, *, #9307, .F. ) ;
#4545 = FILL_AREA_STYLE_COLOUR ( '', #6714 ) ;
#4546 = FILL_AREA_STYLE ('',( #886 ) ) ;
#4547 = VECTOR ( 'NONE', #1013, 1000.000000000000000 ) ;
#4548 = ORIENTED_EDGE ( 'NONE', *, *, #6162, .F. ) ;
#4549 = VECTOR ( 'NONE', #6687, 1000.000000000000000 ) ;
#4550 = EDGE_LOOP ( 'NONE', ( #5647, #307, #4351, #10596, #2543, #6037, #4657, #2696 ) ) ;
#4551 = UNCERTAINTY_MEASURE_WITH_UNIT (LENGTH_MEASURE( 1.000000000000000082E-05 ), #6077, 'distance_accuracy_value', 'NONE');
#4552 = PLANE ( 'NONE',  #7006 ) ;
#4553 = EDGE_CURVE ( 'NONE', #8186, #5741, #10373, .T. ) ;
#4554 = ADVANCED_FACE ( 'NONE', ( #3197 ), #1259, .F. ) ;
#4555 = CARTESIAN_POINT ( 'NONE',  ( -0.3811000091840733295, -0.5999999999999999778, 0.3920904749649506971 ) ) ;
#4556 = PRESENTATION_LAYER_ASSIGNMENT (  '', '', ( #548 ) ) ;
#4557 =( LENGTH_UNIT ( ) NAMED_UNIT ( * ) SI_UNIT ( .MILLI., .METRE. ) );
#4558 = FILL_AREA_STYLE_COLOUR ( '', #2503 ) ;
#4559 =( GEOMETRIC_REPRESENTATION_CONTEXT ( 3 ) GLOBAL_UNCERTAINTY_ASSIGNED_CONTEXT ( ( #6967 ) ) GLOBAL_UNIT_ASSIGNED_CONTEXT ( ( #6465, #8281, #1877 ) ) REPRESENTATION_CONTEXT ( 'NONE', 'WORKASPACE' ) );
#4560 = ORIENTED_EDGE ( 'NONE', *, *, #4044, .T. ) ;
#4561 = COLOUR_RGB ( '',1.000000000000000000, 1.000000000000000000, 1.000000000000000000 ) ;
#4562 = CARTESIAN_POINT ( 'NONE',  ( -0.3352258899160474037, -0.5999999999999999778, 0.4910130431234556725 ) ) ;
#4563 = UNCERTAINTY_MEASURE_WITH_UNIT (LENGTH_MEASURE( 1.000000000000000082E-05 ), #3627, 'distance_accuracy_value', 'NONE');
#4564 = PRESENTATION_STYLE_ASSIGNMENT (( #2150 ) ) ;
#4565 = SURFACE_SIDE_STYLE ('',( #5551 ) ) ;
#4566 =( GEOMETRIC_REPRESENTATION_CONTEXT ( 3 ) GLOBAL_UNCERTAINTY_ASSIGNED_CONTEXT ( ( #11168 ) ) GLOBAL_UNIT_ASSIGNED_CONTEXT ( ( #5746, #3323, #11373 ) ) REPRESENTATION_CONTEXT ( 'NONE', 'WORKASPACE' ) );
#4567 = ORIENTED_EDGE ( 'NONE', *, *, #11253, .T. ) ;
#4568 = EDGE_CURVE ( 'NONE', #11457, #8400, #9557, .T. ) ;
#4569 = B_SPLINE_SURFACE_WITH_KNOTS ( 'NONE', 3, 1, ( 
 ( #7340, #1320 ),
 ( #373, #10477 ),
 ( #9602, #11353 ),
 ( #2287, #9546 ) ),
 .UNSPECIFIED., .F., .F., .F.,
 ( 4, 4 ),
 ( 2, 2 ),
 ( 9.000000000000000000, 10.00000000000000000 ),
 ( 0.0000000000000000000, 1.000000000000000000 ),
 .UNSPECIFIED. ) ;
#4570 = CARTESIAN_POINT ( 'NONE',  ( -0.4328487606792498221, -0.6099999999999999867, 0.4910130431234555615 ) ) ;
#4571 = ORIENTED_EDGE ( 'NONE', *, *, #4862, .F. ) ;
#4572 = DIRECTION ( 'NONE',  ( -1.000000000000000000, 0.0000000000000000000, -0.0000000000000000000 ) ) ;
#4573 = B_SPLINE_CURVE_WITH_KNOTS ( 'NONE', 3,
 ( #1753, #1084, #4780, #2720 ),
 .UNSPECIFIED., .F., .F.,
 ( 4, 4 ),
 ( 12.00000000000000000, 13.00000000000000000 ),
 .UNSPECIFIED. ) ;
#4574 = CARTESIAN_POINT ( 'NONE',  ( -0.4328487606792498221, -0.5999999999999999778, 0.4087889871011015086 ) ) ;
#4575 = FILL_AREA_STYLE_COLOUR ( '', #8762 ) ;
#4576 = CARTESIAN_POINT ( 'NONE',  ( -0.3754437261193778186, -0.6099999999999999867, 0.4054201714521927791 ) ) ;
#4577 = CARTESIAN_POINT ( 'NONE',  ( -0.3875257131069359540, -0.6099999999999999867, 0.4504416892287018692 ) ) ;
#4578 = CARTESIAN_POINT ( 'NONE',  ( -0.6024182741471565405, -0.6099999999999999867, 0.4779232405677047990 ) ) ;
#4579 = LINE ( 'NONE', #2120, #2769 ) ;
#4580 = ORIENTED_EDGE ( 'NONE', *, *, #3765, .T. ) ;
#4581 = CARTESIAN_POINT ( 'NONE',  ( -0.2844961011790859695, -0.6099999999999999867, 0.4218067562135269788 ) ) ;
#4582 = SURFACE_STYLE_FILL_AREA ( #7279 ) ;
#4583 = DIRECTION ( 'NONE',  ( 1.000000000000000000, -0.0000000000000000000, -0.0000000000000000000 ) ) ;
#4584 = ORIENTED_EDGE ( 'NONE', *, *, #8990, .T. ) ;
#4585 = CARTESIAN_POINT ( 'NONE',  ( -0.3667097596222881339, -0.6099999999999999867, 0.3932134135146798104 ) ) ;
#4586 = CARTESIAN_POINT ( 'NONE',  ( -0.3733538127074671475, -0.5999999999999999778, 0.3985785643628607655 ) ) ;
#4587 =( NAMED_UNIT ( * ) SI_UNIT ( $, .STERADIAN. ) SOLID_ANGLE_UNIT ( ) );
#4588 = EDGE_CURVE ( 'NONE', #9143, #5782, #9580, .T. ) ;
#4589 = ADVANCED_FACE ( 'NONE', ( #3149 ), #6818, .F. ) ;
#4590 = SURFACE_STYLE_USAGE ( .BOTH. , #6575 ) ;
#4591 = CARTESIAN_POINT ( 'NONE',  ( -0.2748575452947220610, -0.5999999999999999778, 0.4503377134371886470 ) ) ;
#4592 = LINE ( 'NONE', #11028, #10579 ) ;
#4593 = ORIENTED_EDGE ( 'NONE', *, *, #8819, .T. ) ;
#4594 = FILL_AREA_STYLE_COLOUR ( '', #7155 ) ;
#4595 =( NAMED_UNIT ( * ) SI_UNIT ( $, .STERADIAN. ) SOLID_ANGLE_UNIT ( ) );
#4596 = CARTESIAN_POINT ( 'NONE',  ( -0.3732186441783614250, -0.5999999999999999778, 0.3851240969258026281 ) ) ;
#4597 = MECHANICAL_DESIGN_GEOMETRIC_PRESENTATION_REPRESENTATION (  '', ( #8964 ), #7834 ) ;
#4598 = PRESENTATION_STYLE_ASSIGNMENT (( #10648 ) ) ;
#4599 = FILL_AREA_STYLE_COLOUR ( '', #9081 ) ;
#4600 = ORIENTED_EDGE ( 'NONE', *, *, #3078, .F. ) ;
#4601 = CARTESIAN_POINT ( 'NONE',  ( -0.3706712372833775859, -0.5999999999999999778, 0.3975803967632247082 ) ) ;
#4602 = ORIENTED_EDGE ( 'NONE', *, *, #3919, .F. ) ;
#4603 = VECTOR ( 'NONE', #3728, 1000.000000000000000 ) ;
#4604 = EDGE_CURVE ( 'NONE', #4, #10675, #9961, .T. ) ;
#4605 = LINE ( 'NONE', #3940, #7900 ) ;
#4606 =( NAMED_UNIT ( * ) PLANE_ANGLE_UNIT ( ) SI_UNIT ( $, .RADIAN. ) );
#4607 =( GEOMETRIC_REPRESENTATION_CONTEXT ( 3 ) GLOBAL_UNCERTAINTY_ASSIGNED_CONTEXT ( ( #4201 ) ) GLOBAL_UNIT_ASSIGNED_CONTEXT ( ( #9312, #2810, #9250 ) ) REPRESENTATION_CONTEXT ( 'NONE', 'WORKASPACE' ) );
#4608 = EDGE_LOOP ( 'NONE', ( #10353, #4223, #1361, #8370 ) ) ;
#4609 = MECHANICAL_DESIGN_GEOMETRIC_PRESENTATION_REPRESENTATION (  '', ( #3849 ), #789 ) ;
#4610 =( NAMED_UNIT ( * ) PLANE_ANGLE_UNIT ( ) SI_UNIT ( $, .RADIAN. ) );
#4611 = CARTESIAN_POINT ( 'NONE',  ( -0.4983072033819599400, -0.6099999999999999867, 0.3865368585581501759 ) ) ;
#4612 = DIRECTION ( 'NONE',  ( -0.0000000000000000000, 0.0000000000000000000, 1.000000000000000000 ) ) ;
#4613 =( LENGTH_UNIT ( ) NAMED_UNIT ( * ) SI_UNIT ( .MILLI., .METRE. ) );
#4614 = LINE ( 'NONE', #10945, #6848 ) ;
#4615 = ORIENTED_EDGE ( 'NONE', *, *, #11133, .T. ) ;
#4616 = AXIS2_PLACEMENT_3D ( 'NONE', #11164, #11225, #7599 ) ;
#4617 = CARTESIAN_POINT ( 'NONE',  ( -0.2727572343039361691, -0.5999999999999999778, 0.4179804470814046935 ) ) ;
#4618 = PRESENTATION_STYLE_ASSIGNMENT (( #5417 ) ) ;
#4619 =( NAMED_UNIT ( * ) PLANE_ANGLE_UNIT ( ) SI_UNIT ( $, .RADIAN. ) );
#4620 = CARTESIAN_POINT ( 'NONE',  ( -0.3763899058231187089, -0.6099999999999999867, 0.4503377134371886470 ) ) ;
#4621 = PRESENTATION_LAYER_ASSIGNMENT (  '', '', ( #9729 ) ) ;
#4622 = ORIENTED_EDGE ( 'NONE', *, *, #8990, .F. ) ;
#4623 = ADVANCED_FACE ( 'NONE', ( #7058 ), #3805, .F. ) ;
#4624 = EDGE_CURVE ( 'NONE', #6319, #424, #926, .T. ) ;
#4625 = CARTESIAN_POINT ( 'NONE',  ( -0.3718981516246193109, -0.6099999999999999867, 0.4113883818919822910 ) ) ;
#4626 = B_SPLINE_CURVE_WITH_KNOTS ( 'NONE', 3,
 ( #8000, #7306, #1707, #889 ),
 .UNSPECIFIED., .F., .F.,
 ( 4, 4 ),
 ( 1.000000000000000000, 2.000000000000000000 ),
 .UNSPECIFIED. ) ;
#4627 = B_SPLINE_CURVE_WITH_KNOTS ( 'NONE', 3,
 ( #4585, #9209, #4836, #9328 ),
 .UNSPECIFIED., .F., .F.,
 ( 4, 4 ),
 ( 1.000000000000000000, 2.000000000000000000 ),
 .UNSPECIFIED. ) ;
#4628 = CARTESIAN_POINT ( 'NONE',  ( -0.3986511228114650307, -0.5999999999999999778, 0.4869579872497272754 ) ) ;
#4629 =( LENGTH_UNIT ( ) NAMED_UNIT ( * ) SI_UNIT ( .MILLI., .METRE. ) );
#4630 = STYLED_ITEM ( 'NONE', ( #8474 ), #1730 ) ;
#4631 = VERTEX_POINT ( 'NONE', #4136 ) ;
#4632 = FILL_AREA_STYLE_COLOUR ( '', #10016 ) ;
#4633 = ORIENTED_EDGE ( 'NONE', *, *, #5604, .F. ) ;
#4634 = CARTESIAN_POINT ( 'NONE',  ( -0.3796235529429223265, -0.5999999999999999778, 0.4024256686532850513 ) ) ;
#4635 = FILL_AREA_STYLE_COLOUR ( '', #7564 ) ;
#4636 =( NAMED_UNIT ( * ) PLANE_ANGLE_UNIT ( ) SI_UNIT ( $, .RADIAN. ) );
#4637 = EDGE_CURVE ( 'NONE', #1411, #2046, #11395, .T. ) ;
#4638 =( NAMED_UNIT ( * ) SI_UNIT ( $, .STERADIAN. ) SOLID_ANGLE_UNIT ( ) );
#4639 = CARTESIAN_POINT ( 'NONE',  ( -0.3000820723446587235, -0.6099999999999999867, 0.4660588531320066785 ) ) ;
#4640 = CARTESIAN_POINT ( 'NONE',  ( -0.3667097596222881339, -0.5999999999999999778, 0.3905932235654975826 ) ) ;
#4641 = STYLED_ITEM ( 'NONE', ( #11401 ), #320 ) ;
#4642 = VERTEX_POINT ( 'NONE', #6955 ) ;
#4643 =( LENGTH_UNIT ( ) NAMED_UNIT ( * ) SI_UNIT ( .MILLI., .METRE. ) );
#4644 = FILL_AREA_STYLE ('',( #1874 ) ) ;
#4645 = CARTESIAN_POINT ( 'NONE',  ( -0.3264711282606542198, -0.6099999999999999867, 0.4563891045101884925 ) ) ;
#4646 = VERTEX_POINT ( 'NONE', #10461 ) ;
#4647 = DIRECTION ( 'NONE',  ( -0.0000000000000000000, 1.000000000000000000, -0.0000000000000000000 ) ) ;
#4648 = LINE ( 'NONE', #8348, #8372 ) ;
#4649 = SURFACE_SIDE_STYLE ('',( #5747 ) ) ;
#4650 = EDGE_CURVE ( 'NONE', #8911, #6839, #1142, .T. ) ;
#4651 = PRESENTATION_LAYER_ASSIGNMENT (  '', '', ( #2546 ) ) ;
#4652 = CARTESIAN_POINT ( 'NONE',  ( -0.2450268906757579468, -0.5999999999999999778, 0.4264856668368887105 ) ) ;
#4653 = CARTESIAN_POINT ( 'NONE',  ( -0.6510034484565657698, -0.6099999999999999867, 0.4559442372297048407 ) ) ;
#4654 = DIRECTION ( 'NONE',  ( -0.0000000000000000000, -0.0000000000000000000, 1.000000000000000000 ) ) ;
#4655 = CARTESIAN_POINT ( 'NONE',  ( -0.3985055567032068091, -0.5999999999999999778, 0.4155266183989210771 ) ) ;
#4656 = FILL_AREA_STYLE_COLOUR ( '', #911 ) ;
#4657 = ORIENTED_EDGE ( 'NONE', *, *, #591, .F. ) ;
#4658 = LINE ( 'NONE', #171, #254 ) ;
#4659 = CARTESIAN_POINT ( 'NONE',  ( -0.4751714086526810932, -0.5999999999999999778, 0.4062022818715933514 ) ) ;
#4660 = EDGE_CURVE ( 'NONE', #5963, #3192, #5882, .T. ) ;
#4661 = EDGE_CURVE ( 'NONE', #7281, #9423, #10339, .T. ) ;
#4662 = CARTESIAN_POINT ( 'NONE',  ( -0.4751714086526810932, -0.5999999999999999778, 0.4062022818715933514 ) ) ;
#4663 = CARTESIAN_POINT ( 'NONE',  ( -0.4380995381566284985, -0.6099999999999999867, 0.4264856668368887105 ) ) ;
#4664 = EDGE_LOOP ( 'NONE', ( #11689, #10668, #1684, #2056 ) ) ;
#4665 =( NAMED_UNIT ( * ) SI_UNIT ( $, .STERADIAN. ) SOLID_ANGLE_UNIT ( ) );
#4666 = DIRECTION ( 'NONE',  ( 0.0000000000000000000, 0.0000000000000000000, -1.000000000000000000 ) ) ;
#4667 = COLOUR_RGB ( '',1.000000000000000000, 1.000000000000000000, 1.000000000000000000 ) ;
#4668 = ORIENTED_EDGE ( 'NONE', *, *, #3486, .T. ) ;
#4669 = PRESENTATION_STYLE_ASSIGNMENT (( #6489 ) ) ;
#4670 = FILL_AREA_STYLE ('',( #4855 ) ) ;
#4671 = ORIENTED_EDGE ( 'NONE', *, *, #3703, .F. ) ;
#4672 = UNCERTAINTY_MEASURE_WITH_UNIT (LENGTH_MEASURE( 1.000000000000000082E-05 ), #7444, 'distance_accuracy_value', 'NONE');
#4673 = SURFACE_STYLE_FILL_AREA ( #10164 ) ;
#4674 = DIRECTION ( 'NONE',  ( -0.0000000000000000000, 1.000000000000000000, -0.0000000000000000000 ) ) ;
#4675 = VERTEX_POINT ( 'NONE', #460 ) ;
#4676 = CARTESIAN_POINT ( 'NONE',  ( -0.4048272848344182107, -0.5999999999999999778, 0.3976843725547389852 ) ) ;
#4677 = CARTESIAN_POINT ( 'NONE',  ( -0.3906345892767862371, -0.6099999999999999867, 0.4869579872497272754 ) ) ;
#4678 = FILL_AREA_STYLE ('',( #8314 ) ) ;
#4679 =( NAMED_UNIT ( * ) SI_UNIT ( $, .STERADIAN. ) SOLID_ANGLE_UNIT ( ) );
#4680 = PLANE ( 'NONE',  #6919 ) ;
#4681 = COLOUR_RGB ( '',1.000000000000000000, 1.000000000000000000, 1.000000000000000000 ) ;
#4682 = ORIENTED_EDGE ( 'NONE', *, *, #2999, .T. ) ;
#4683 = MECHANICAL_DESIGN_GEOMETRIC_PRESENTATION_REPRESENTATION (  '', ( #842 ), #11471 ) ;
#4684 = UNCERTAINTY_MEASURE_WITH_UNIT (LENGTH_MEASURE( 1.000000000000000082E-05 ), #8086, 'distance_accuracy_value', 'NONE');
#4685 = SURFACE_SIDE_STYLE ('',( #5721 ) ) ;
#4686 = DIRECTION ( 'NONE',  ( 1.000000000000000000, -0.0000000000000000000, -0.0000000000000000000 ) ) ;
#4687 =( NAMED_UNIT ( * ) PLANE_ANGLE_UNIT ( ) SI_UNIT ( $, .RADIAN. ) );
#4688 = ORIENTED_EDGE ( 'NONE', *, *, #1504, .F. ) ;
#4689 =( GEOMETRIC_REPRESENTATION_CONTEXT ( 3 ) GLOBAL_UNCERTAINTY_ASSIGNED_CONTEXT ( ( #2018 ) ) GLOBAL_UNIT_ASSIGNED_CONTEXT ( ( #9757, #11280, #8781 ) ) REPRESENTATION_CONTEXT ( 'NONE', 'WORKASPACE' ) );
#4690 = CARTESIAN_POINT ( 'NONE',  ( -0.3765666646689684871, -0.5999999999999999778, 0.3998678641790113231 ) ) ;
#4691 =( LENGTH_UNIT ( ) NAMED_UNIT ( * ) SI_UNIT ( .MILLI., .METRE. ) );
#4692 = CARTESIAN_POINT ( 'NONE',  ( -0.3810688164466189964, -0.6099999999999999867, 0.4095999982757371205 ) ) ;
#4693 = VERTEX_POINT ( 'NONE', #2386 ) ;
#4694 = COLOUR_RGB ( '',1.000000000000000000, 1.000000000000000000, 1.000000000000000000 ) ;
#4695 = EDGE_CURVE ( 'NONE', #2360, #11358, #10583, .T. ) ;
#4696 = CARTESIAN_POINT ( 'NONE',  ( -0.3875049179486341200, -0.5999999999999999778, 0.4552453708021569345 ) ) ;
#4697 =( LENGTH_UNIT ( ) NAMED_UNIT ( * ) SI_UNIT ( .MILLI., .METRE. ) );
#4698 = CARTESIAN_POINT ( 'NONE',  ( -0.3989838453447220878, -0.6099999999999999867, 0.4113883818919822910 ) ) ;
#4699 = VECTOR ( 'NONE', #9212, 1000.000000000000000 ) ;
#4700 = COLOUR_RGB ( '',1.000000000000000000, 1.000000000000000000, 1.000000000000000000 ) ;
#4701 = CARTESIAN_POINT ( 'NONE',  ( -0.5931639540490711848, -0.5999999999999999778, 0.4247109275837678832 ) ) ;
#4702 = CARTESIAN_POINT ( 'NONE',  ( -0.2648238814023293197, -0.6099999999999999867, 0.3953137245057418148 ) ) ;
#4703 = CARTESIAN_POINT ( 'NONE',  ( -0.3567800715214093921, -0.5999999999999999778, 0.3766812626452276103 ) ) ;
#4704 = ORIENTED_EDGE ( 'NONE', *, *, #2340, .T. ) ;
#4705 = MECHANICAL_DESIGN_GEOMETRIC_PRESENTATION_REPRESENTATION (  '', ( #5291 ), #5849 ) ;
#4706 = CARTESIAN_POINT ( 'NONE',  ( -0.4328487606792498221, -0.5999999999999999778, 0.4041308716360421660 ) ) ;
#4707 =( LENGTH_UNIT ( ) NAMED_UNIT ( * ) SI_UNIT ( .MILLI., .METRE. ) );
#4708 = ORIENTED_EDGE ( 'NONE', *, *, #3984, .F. ) ;
#4709 = SURFACE_SIDE_STYLE ('',( #156 ) ) ;
#4710 = EDGE_CURVE ( 'NONE', #2922, #11467, #11211, .T. ) ;
#4711 = DIRECTION ( 'NONE',  ( 0.3493954794691447319, -0.0000000000000000000, -0.9369753459544848395 ) ) ;
#4712 = ADVANCED_FACE ( 'NONE', ( #7007 ), #5166, .T. ) ;
#4713 =( GEOMETRIC_REPRESENTATION_CONTEXT ( 3 ) GLOBAL_UNCERTAINTY_ASSIGNED_CONTEXT ( ( #10998 ) ) GLOBAL_UNIT_ASSIGNED_CONTEXT ( ( #8975, #1740, #3443 ) ) REPRESENTATION_CONTEXT ( 'NONE', 'WORKASPACE' ) );
#4714 = CARTESIAN_POINT ( 'NONE',  ( -0.5156590494287112136, -0.5999999999999999778, 0.4868883607492610066 ) ) ;
#4715 = CARTESIAN_POINT ( 'NONE',  ( -0.3309420873009890074, -0.5999999999999999778, 0.4148611733324051309 ) ) ;
#4716 = AXIS2_PLACEMENT_3D ( 'NONE', #10703, #10878, #7369 ) ;
#4717 = AXIS2_PLACEMENT_3D ( 'NONE', #9795, #7976, #11549 ) ;
#4718 = PRESENTATION_LAYER_ASSIGNMENT (  '', '', ( #5491 ) ) ;
#4719 =( NAMED_UNIT ( * ) SI_UNIT ( $, .STERADIAN. ) SOLID_ANGLE_UNIT ( ) );
#4720 = DIRECTION ( 'NONE',  ( -0.0000000000000000000, 1.000000000000000000, -0.0000000000000000000 ) ) ;
#4721 = CARTESIAN_POINT ( 'NONE',  ( -0.2929805257762664872, -0.5999999999999999778, 0.4844625682506378261 ) ) ;
#4722 = MECHANICAL_DESIGN_GEOMETRIC_PRESENTATION_REPRESENTATION (  '', ( #9262 ), #8901 ) ;
#4723 = CARTESIAN_POINT ( 'NONE',  ( -0.6559198049743579784, -0.6099999999999999867, 0.4316516538674262105 ) ) ;
#4724 = ORIENTED_EDGE ( 'NONE', *, *, #9769, .F. ) ;
#4725 = CARTESIAN_POINT ( 'NONE',  ( -0.3742687996738924272, -0.5999999999999999778, 0.4103070336588581224 ) ) ;
#4726 = VECTOR ( 'NONE', #2297, 1000.000000000000114 ) ;
#4727 = CARTESIAN_POINT ( 'NONE',  ( -0.3266686822650832212, -0.5999999999999999778, 0.4850656278422461609 ) ) ;
#4728 = CARTESIAN_POINT ( 'NONE',  ( -0.3930988155384209093, -0.5999999999999999778, 0.4042764377444389434 ) ) ;
#4729 = CARTESIAN_POINT ( 'NONE',  ( -0.3998988323111474785, -0.6099999999999999867, 0.3994727561709824903 ) ) ;
#4730 = STYLED_ITEM ( 'NONE', ( #7297 ), #9012 ) ;
#4731 = EDGE_CURVE ( 'NONE', #11194, #8911, #5041, .T. ) ;
#4732 = ORIENTED_EDGE ( 'NONE', *, *, #5825, .F. ) ;
#4733 = DIRECTION ( 'NONE',  ( -0.9398440417738210817, 0.0000000000000000000, -0.3416038306902429156 ) ) ;
#4734 = CARTESIAN_POINT ( 'NONE',  ( -0.4113465669697827787, -0.6099999999999999867, 0.3935877263646810342 ) ) ;
#4735 = VECTOR ( 'NONE', #10402, 1000.000000000000000 ) ;
#4736 = PLANE ( 'NONE',  #5221 ) ;
#4737 = ORIENTED_EDGE ( 'NONE', *, *, #9668, .F. ) ;
#4738 =( GEOMETRIC_REPRESENTATION_CONTEXT ( 3 ) GLOBAL_UNCERTAINTY_ASSIGNED_CONTEXT ( ( #9882 ) ) GLOBAL_UNIT_ASSIGNED_CONTEXT ( ( #6038, #6103, #9611 ) ) REPRESENTATION_CONTEXT ( 'NONE', 'WORKASPACE' ) );
#4739 = SURFACE_STYLE_USAGE ( .BOTH. , #6536 ) ;
#4740 = ORIENTED_EDGE ( 'NONE', *, *, #6485, .T. ) ;
#4741 = VECTOR ( 'NONE', #6322, 1000.000000000000000 ) ;
#4742 = SURFACE_SIDE_STYLE ('',( #9183 ) ) ;
#4743 = SURFACE_STYLE_USAGE ( .BOTH. , #127 ) ;
#4744 = ORIENTED_EDGE ( 'NONE', *, *, #813, .T. ) ;
#4745 =( LENGTH_UNIT ( ) NAMED_UNIT ( * ) SI_UNIT ( .MILLI., .METRE. ) );
#4746 = AXIS2_PLACEMENT_3D ( 'NONE', #8073, #6273, #966 ) ;
#4747 = SURFACE_STYLE_USAGE ( .BOTH. , #1963 ) ;
#4748 = DIRECTION ( 'NONE',  ( -0.0000000000000000000, -0.0000000000000000000, 1.000000000000000000 ) ) ;
#4749 = VECTOR ( 'NONE', #7917, 1000.000000000000000 ) ;
#4750 = VECTOR ( 'NONE', #5024, 1000.000000000000000 ) ;
#4751 = ORIENTED_EDGE ( 'NONE', *, *, #5227, .F. ) ;
#4752 = MECHANICAL_DESIGN_GEOMETRIC_PRESENTATION_REPRESENTATION (  '', ( #346 ), #5330 ) ;
#4753 = EDGE_CURVE ( 'NONE', #6319, #797, #4004, .T. ) ;
#4754 = EDGE_CURVE ( 'NONE', #1891, #2482, #9695, .T. ) ;
#4755 = CARTESIAN_POINT ( 'NONE',  ( -0.3950639580002381912, -0.6099999999999999867, 0.4113883818919822910 ) ) ;
#4756 = VECTOR ( 'NONE', #5597, 1000.000000000000000 ) ;
#4757 = CARTESIAN_POINT ( 'NONE',  ( -0.3192344131630175941, -0.6099999999999999867, 0.4710496911301855216 ) ) ;
#4758 = EDGE_LOOP ( 'NONE', ( #8078, #3859, #372, #8915 ) ) ;
#4759 = SURFACE_SIDE_STYLE ('',( #912 ) ) ;
#4760 = DIRECTION ( 'NONE',  ( -1.000000000000000000, -0.0000000000000000000, -0.0000000000000000000 ) ) ;
#4761 = COLOUR_RGB ( '',1.000000000000000000, 1.000000000000000000, 1.000000000000000000 ) ;
#4762 = CARTESIAN_POINT ( 'NONE',  ( -0.4821121514843513256, -0.5999999999999999778, 0.3986831529974300681 ) ) ;
#4763 = ORIENTED_EDGE ( 'NONE', *, *, #1967, .F. ) ;
#4764 =( GEOMETRIC_REPRESENTATION_CONTEXT ( 3 ) GLOBAL_UNCERTAINTY_ASSIGNED_CONTEXT ( ( #8002 ) ) GLOBAL_UNIT_ASSIGNED_CONTEXT ( ( #5795, #2166, #1250 ) ) REPRESENTATION_CONTEXT ( 'NONE', 'WORKASPACE' ) );
#4765 = PLANE ( 'NONE',  #8940 ) ;
#4766 = DIRECTION ( 'NONE',  ( 1.000000000000000000, 0.0000000000000000000, 0.0000000000000000000 ) ) ;
#4767 = DIRECTION ( 'NONE',  ( 0.3667976789509234115, 0.0000000000000000000, 0.9303007377811840506 ) ) ;
#4768 = PRESENTATION_LAYER_ASSIGNMENT (  '', '', ( #2829 ) ) ;
#4769 = ORIENTED_EDGE ( 'NONE', *, *, #10438, .F. ) ;
#4770 =( GEOMETRIC_REPRESENTATION_CONTEXT ( 3 ) GLOBAL_UNCERTAINTY_ASSIGNED_CONTEXT ( ( #4684 ) ) GLOBAL_UNIT_ASSIGNED_CONTEXT ( ( #8086, #11646, #2591 ) ) REPRESENTATION_CONTEXT ( 'NONE', 'WORKASPACE' ) );
#4771 = EDGE_CURVE ( 'NONE', #7677, #1418, #7649, .T. ) ;
#4772 = FILL_AREA_STYLE_COLOUR ( '', #4033 ) ;
#4773 = B_SPLINE_CURVE_WITH_KNOTS ( 'NONE', 3,
 ( #11336, #4009, #290, #2152 ),
 .UNSPECIFIED., .F., .F.,
 ( 4, 4 ),
 ( 1.000000000000000000, 2.000000000000000000 ),
 .UNSPECIFIED. ) ;
#4774 = SURFACE_STYLE_USAGE ( .BOTH. , #1870 ) ;
#4775 = ORIENTED_EDGE ( 'NONE', *, *, #7901, .F. ) ;
#4776 = LINE ( 'NONE', #4412, #1295 ) ;
#4777 = FILL_AREA_STYLE ('',( #1931 ) ) ;
#4778 = PRESENTATION_STYLE_ASSIGNMENT (( #7508 ) ) ;
#4779 = DIRECTION ( 'NONE',  ( -0.3559357243698774709, 0.0000000000000000000, -0.9345104387417459968 ) ) ;
#4780 = CARTESIAN_POINT ( 'NONE',  ( -0.3752981600109826510, -0.6099999999999999867, 0.4095999982757371205 ) ) ;
#4781 = CARTESIAN_POINT ( 'NONE',  ( -0.3545133992639263321, -0.6099999999999999867, 0.4503377134371886470 ) ) ;
#4782 = PRESENTATION_LAYER_ASSIGNMENT (  '', '', ( #6324 ) ) ;
#4783 = B_SPLINE_SURFACE_WITH_KNOTS ( 'NONE', 3, 1, ( 
 ( #3502, #2586 ),
 ( #11642, #5431 ),
 ( #6393, #8144 ),
 ( #11707, #5559 ) ),
 .UNSPECIFIED., .F., .F., .F.,
 ( 4, 4 ),
 ( 2, 2 ),
 ( 8.000000000000000000, 9.000000000000000000 ),
 ( 0.0000000000000000000, 1.000000000000000000 ),
 .UNSPECIFIED. ) ;
#4784 = ADVANCED_FACE ( 'NONE', ( #1410 ), #266, .F. ) ;
#4785 = ADVANCED_FACE ( 'NONE', ( #4413 ), #8045, .F. ) ;
#4786 = SURFACE_SIDE_STYLE ('',( #8408 ) ) ;
#4787 = CARTESIAN_POINT ( 'NONE',  ( -0.3496681273738661555, -0.5999999999999999778, 0.3805907524105590634 ) ) ;
#4788 = CARTESIAN_POINT ( 'NONE',  ( -0.3845312103078911137, -0.6099999999999999867, 0.4570545495767047717 ) ) ;
#4789 = CARTESIAN_POINT ( 'NONE',  ( -0.4183025474299184587, -0.6099999999999999867, 0.4041308716360421660 ) ) ;
#4790 = VERTEX_POINT ( 'NONE', #3518 ) ;
#4791 =( NAMED_UNIT ( * ) SI_UNIT ( $, .STERADIAN. ) SOLID_ANGLE_UNIT ( ) );
#4792 = DIRECTION ( 'NONE',  ( -0.0000000000000000000, -0.0000000000000000000, 1.000000000000000000 ) ) ;
#4793 = SURFACE_SIDE_STYLE ('',( #2078 ) ) ;
#4794 = FILL_AREA_STYLE_COLOUR ( '', #7768 ) ;
#4795 = DIRECTION ( 'NONE',  ( -1.000000000000000000, 0.0000000000000000000, 0.0000000000000000000 ) ) ;
#4796 = FILL_AREA_STYLE_COLOUR ( '', #4880 ) ;
#4797 = ORIENTED_EDGE ( 'NONE', *, *, #5704, .T. ) ;
#4798 = PRESENTATION_STYLE_ASSIGNMENT (( #2197 ) ) ;
#4799 = CARTESIAN_POINT ( 'NONE',  ( -0.3236949746242013259, -0.5999999999999999778, 0.4825078233679716000 ) ) ;
#4800 = CARTESIAN_POINT ( 'NONE',  ( -0.4328487606792498221, -0.6099999999999999867, 0.3904476574573795822 ) ) ;
#4801 = ORIENTED_EDGE ( 'NONE', *, *, #2081, .T. ) ;
#4802 = EDGE_CURVE ( 'NONE', #7447, #6761, #4306, .T. ) ;
#4803 = VERTEX_POINT ( 'NONE', #1696 ) ;
#4804 = UNCERTAINTY_MEASURE_WITH_UNIT (LENGTH_MEASURE( 1.000000000000000082E-05 ), #4214, 'distance_accuracy_value', 'NONE');
#4805 = CARTESIAN_POINT ( 'NONE',  ( -0.4149857196769028977, -0.5999999999999999778, 0.4764564322949717545 ) ) ;
#4806 = CARTESIAN_POINT ( 'NONE',  ( -0.2806593944678126840, -0.6099999999999999867, 0.4503377134371886470 ) ) ;
#4807 = PRESENTATION_LAYER_ASSIGNMENT (  '', '', ( #9891 ) ) ;
#4808 = ORIENTED_EDGE ( 'NONE', *, *, #5826, .T. ) ;
#4809 = CARTESIAN_POINT ( 'NONE',  ( -0.3702553341169080303, -0.5999999999999999778, 0.4113883818919822910 ) ) ;
#4810 = CARTESIAN_POINT ( 'NONE',  ( -0.3952823071626931917, -0.5999999999999999778, 0.3916745717986214181 ) ) ;
#4811 = LINE ( 'NONE', #8437, #10078 ) ;
#4812 = B_SPLINE_CURVE_WITH_KNOTS ( 'NONE', 3,
 ( #4449, #6508, #1728, #7265 ),
 .UNSPECIFIED., .F., .F.,
 ( 4, 4 ),
 ( 4.000000000000000000, 5.000000000000000000 ),
 .UNSPECIFIED. ) ;
#4813 = VERTEX_POINT ( 'NONE', #5450 ) ;
#4814 = EDGE_CURVE ( 'NONE', #8490, #9765, #5393, .T. ) ;
#4815 = CARTESIAN_POINT ( 'NONE',  ( -0.2927725741929639303, -0.5999999999999999778, 0.4835267861259099909 ) ) ;
#4816 = UNCERTAINTY_MEASURE_WITH_UNIT (LENGTH_MEASURE( 1.000000000000000082E-05 ), #183, 'distance_accuracy_value', 'NONE');
#4817 = PLANE ( 'NONE',  #695 ) ;
#4818 = PRESENTATION_STYLE_ASSIGNMENT (( #10127 ) ) ;
#4819 = ORIENTED_EDGE ( 'NONE', *, *, #3776, .F. ) ;
#4820 = LINE ( 'NONE', #10243, #10189 ) ;
#4821 = LINE ( 'NONE', #10734, #8619 ) ;
#4822 =( LENGTH_UNIT ( ) NAMED_UNIT ( * ) SI_UNIT ( .MILLI., .METRE. ) );
#4823 = ORIENTED_EDGE ( 'NONE', *, *, #3158, .T. ) ;
#4824 = EDGE_CURVE ( 'NONE', #534, #11546, #216, .T. ) ;
#4825 = AXIS2_PLACEMENT_3D ( 'NONE', #3276, #1470, #10568 ) ;
#4826 = EDGE_CURVE ( 'NONE', #248, #4889, #5766, .T. ) ;
#4827 = DIRECTION ( 'NONE',  ( -1.000000000000000000, -0.0000000000000000000, -0.0000000000000000000 ) ) ;
#4828 = SURFACE_STYLE_FILL_AREA ( #8394 ) ;
#4829 = ORIENTED_EDGE ( 'NONE', *, *, #4873, .T. ) ;
#4830 = PRESENTATION_LAYER_ASSIGNMENT (  '', '', ( #8438 ) ) ;
#4831 = CARTESIAN_POINT ( 'NONE',  ( -0.4047025138844651537, -0.6099999999999999867, 0.3906140187237994166 ) ) ;
#4832 = CARTESIAN_POINT ( 'NONE',  ( -0.2906410704644477039, -0.6099999999999999867, 0.3904476574573795822 ) ) ;
#4833 = EDGE_LOOP ( 'NONE', ( #9657, #5296, #32, #7997 ) ) ;
#4834 = FILL_AREA_STYLE_COLOUR ( '', #3379 ) ;
#4835 = FILL_AREA_STYLE_COLOUR ( '', #7556 ) ;
#4836 = CARTESIAN_POINT ( 'NONE',  ( -0.3687164924007109712, -0.6099999999999999867, 0.3892831285910451911 ) ) ;
#4837 = LINE ( 'NONE', #263, #7420 ) ;
#4838 = CARTESIAN_POINT ( 'NONE',  ( -0.3137132986275662505, -0.5999999999999999778, 0.4772258531530012005 ) ) ;
#4839 = CARTESIAN_POINT ( 'NONE',  ( -0.2999999999999998224, -0.5999999999999999778, -0.05000000000000000278 ) ) ;
#4840 =( NAMED_UNIT ( * ) PLANE_ANGLE_UNIT ( ) SI_UNIT ( $, .RADIAN. ) );
#4841 = ORIENTED_EDGE ( 'NONE', *, *, #6486, .F. ) ;
#4842 = CARTESIAN_POINT ( 'NONE',  ( -0.5931639595650750607, -0.6099999999999999867, 0.3665822422234592537 ) ) ;
#4843 = CARTESIAN_POINT ( 'NONE',  ( -0.3785006143933314915, -0.6099999999999999867, 0.3902189107157722492 ) ) ;
#4844 = SURFACE_SIDE_STYLE ('',( #2908 ) ) ;
#4845 = ORIENTED_EDGE ( 'NONE', *, *, #664, .F. ) ;
#4846 = FACE_OUTER_BOUND ( 'NONE', #7206, .T. ) ;
#4847 = PRESENTATION_STYLE_ASSIGNMENT (( #10213 ) ) ;
#4848 = VERTEX_POINT ( 'NONE', #1822 ) ;
#4849 = CARTESIAN_POINT ( 'NONE',  ( -0.4893420873371294166, -0.6099999999999999867, 0.4258677051850371376 ) ) ;
#4850 = EDGE_CURVE ( 'NONE', #9588, #2870, #8354, .T. ) ;
#4851 = SURFACE_STYLE_USAGE ( .BOTH. , #11036 ) ;
#4852 = ORIENTED_EDGE ( 'NONE', *, *, #5198, .F. ) ;
#4853 = MECHANICAL_DESIGN_GEOMETRIC_PRESENTATION_REPRESENTATION (  '', ( #7704 ), #8845 ) ;
#4854 = PLANE ( 'NONE',  #10143 ) ;
#4855 = FILL_AREA_STYLE_COLOUR ( '', #11645 ) ;
#4856 = ORIENTED_EDGE ( 'NONE', *, *, #1834, .T. ) ;
#4857 = DIRECTION ( 'NONE',  ( 0.0000000000000000000, 1.000000000000000000, 0.0000000000000000000 ) ) ;
#4858 = CARTESIAN_POINT ( 'NONE',  ( -0.2394121979273902967, -0.5999999999999999778, 0.4264856668368887105 ) ) ;
#4859 =( NAMED_UNIT ( * ) PLANE_ANGLE_UNIT ( ) SI_UNIT ( $, .RADIAN. ) );
#4860 = CARTESIAN_POINT ( 'NONE',  ( -0.4097661349369801642, -0.6099999999999999867, 0.4552037804855516567 ) ) ;
#4861 = ORIENTED_EDGE ( 'NONE', *, *, #3821, .F. ) ;
#4862 = EDGE_CURVE ( 'NONE', #1538, #6189, #4592, .T. ) ;
#4863 = CARTESIAN_POINT ( 'NONE',  ( -0.3568736497339096703, -0.6099999999999999867, 0.3722726890800774902 ) ) ;
#4864 =( NAMED_UNIT ( * ) PLANE_ANGLE_UNIT ( ) SI_UNIT ( $, .RADIAN. ) );
#4865 = VERTEX_POINT ( 'NONE', #5512 ) ;
#4866 = CARTESIAN_POINT ( 'NONE',  ( -0.4835581386548792326, -0.6099999999999999867, 0.4588362115707608213 ) ) ;
#4867 = VECTOR ( 'NONE', #6695, 1000.000000000000000 ) ;
#4868 = VERTEX_POINT ( 'NONE', #169 ) ;
#4869 = DIRECTION ( 'NONE',  ( -0.0000000000000000000, 1.000000000000000000, -0.0000000000000000000 ) ) ;
#4870 = CARTESIAN_POINT ( 'NONE',  ( -0.5931639595650750607, -0.6099999999999999867, 0.3665822422234592537 ) ) ;
#4871 = PRODUCT ( 'IND-SMD_L1.4-W1.2_AOTA-B141206SR47MT', 'IND-SMD_L1.4-W1.2_AOTA-B141206SR47MT', '', ( #8673 ) ) ;
#4872 = ORIENTED_EDGE ( 'NONE', *, *, #1550, .T. ) ;
#4873 = EDGE_CURVE ( 'NONE', #6971, #6899, #2843, .T. ) ;
#4874 = SURFACE_STYLE_USAGE ( .BOTH. , #9320 ) ;
#4876 = SURFACE_SIDE_STYLE ('',( #1324 ) ) ;
#4875 = VECTOR ( 'NONE', #7448, 1000.000000000000000 ) ;
#4877 = LINE ( 'NONE', #6973, #5105 ) ;
#4878 =( GEOMETRIC_REPRESENTATION_CONTEXT ( 3 ) GLOBAL_UNCERTAINTY_ASSIGNED_CONTEXT ( ( #6728 ) ) GLOBAL_UNIT_ASSIGNED_CONTEXT ( ( #5786, #10299, #5839 ) ) REPRESENTATION_CONTEXT ( 'NONE', 'WORKASPACE' ) );
#4879 = EDGE_CURVE ( 'NONE', #9830, #2015, #3922, .T. ) ;
#4880 = COLOUR_RGB ( '',1.000000000000000000, 0.5019607843137254832, 0.0000000000000000000 ) ;
#4881 = CARTESIAN_POINT ( 'NONE',  ( -0.3697562503170909731, -0.5999999999999999778, 0.4022801025448896062 ) ) ;
#4882 = CARTESIAN_POINT ( 'NONE',  ( -0.3614797773032129569, -0.6099999999999999867, 0.3937124973144972007 ) ) ;
#4883 = CARTESIAN_POINT ( 'NONE',  ( -0.5844880310256262979, -0.6099999999999999867, 0.4247109275837678832 ) ) ;
#4884 = ORIENTED_EDGE ( 'NONE', *, *, #9970, .T. ) ;
#4885 = AXIS2_PLACEMENT_3D ( 'NONE', #9794, #7160, #2594 ) ;
#4886 = B_SPLINE_CURVE_WITH_KNOTS ( 'NONE', 3,
 ( #10001, #8436, #2030, #7318 ),
 .UNSPECIFIED., .F., .F.,
 ( 4, 4 ),
 ( 5.000000000000000000, 6.000000000000000000 ),
 .UNSPECIFIED. ) ;
#4887 = CARTESIAN_POINT ( 'NONE',  ( -0.2726428609329952235, -0.6099999999999999867, 0.3946898697558311464 ) ) ;
#4888 = PRESENTATION_STYLE_ASSIGNMENT (( #687 ) ) ;
#4889 = VERTEX_POINT ( 'NONE', #2965 ) ;
#4890 = DIRECTION ( 'NONE',  ( 0.0000000000000000000, 0.0000000000000000000, 1.000000000000000000 ) ) ;
#4891 =( NAMED_UNIT ( * ) SI_UNIT ( $, .STERADIAN. ) SOLID_ANGLE_UNIT ( ) );
#4892 = CARTESIAN_POINT ( 'NONE',  ( -0.4017080110855572594, -0.6099999999999999867, 0.4030703185614989970 ) ) ;
#4893 =( NAMED_UNIT ( * ) SI_UNIT ( $, .STERADIAN. ) SOLID_ANGLE_UNIT ( ) );
#4894 = COLOUR_RGB ( '',1.000000000000000000, 1.000000000000000000, 1.000000000000000000 ) ;
#4895 = PRESENTATION_LAYER_ASSIGNMENT (  '', '', ( #3357 ) ) ;
#4896 = EDGE_CURVE ( 'NONE', #913, #7281, #2787, .T. ) ;
#4897 = LINE ( 'NONE', #3435, #9594 ) ;
#4898 = DIRECTION ( 'NONE',  ( 1.000000000000000000, 0.0000000000000000000, -0.0000000000000000000 ) ) ;
#4899 = CARTESIAN_POINT ( 'NONE',  ( -0.3577782391210452273, -0.5999999999999999778, 0.3770763706535322224 ) ) ;
#4900 = CARTESIAN_POINT ( 'NONE',  ( -0.2682966728430296599, -0.6099999999999999867, 0.4065223148436186151 ) ) ;
#4901 = EDGE_LOOP ( 'NONE', ( #9014, #11392, #3711, #11320 ) ) ;
#4902 = STYLED_ITEM ( 'NONE', ( #10383 ), #11361 ) ;
#4903 = PLANE ( 'NONE',  #10704 ) ;
#4904 = CARTESIAN_POINT ( 'NONE',  ( -0.2925750201888107638, -0.6099999999999999867, 0.4829653168511844896 ) ) ;
#4905 = ORIENTED_EDGE ( 'NONE', *, *, #4948, .F. ) ;
#4906 =( NAMED_UNIT ( * ) PLANE_ANGLE_UNIT ( ) SI_UNIT ( $, .RADIAN. ) );
#4907 = CARTESIAN_POINT ( 'NONE',  ( -0.6304704219466557014, -0.6099999999999999867, 0.4102510558779342009 ) ) ;
#4908 = SURFACE_STYLE_FILL_AREA ( #8415 ) ;
#4909 = COLOUR_RGB ( '',1.000000000000000000, 1.000000000000000000, 1.000000000000000000 ) ;
#4910 = CARTESIAN_POINT ( 'NONE',  ( -0.3198478703337772067, -0.6099999999999999867, 0.4560355868184891026 ) ) ;
#4911 = EDGE_LOOP ( 'NONE', ( #6972, #4227, #6024, #3684 ) ) ;
#4912 = COLOUR_RGB ( '',1.000000000000000000, 1.000000000000000000, 1.000000000000000000 ) ;
#4913 = FACE_OUTER_BOUND ( 'NONE', #9493, .T. ) ;
#4914 = B_SPLINE_CURVE_WITH_KNOTS ( 'NONE', 3,
 ( #10217, #1040, #5587, #4799 ),
 .UNSPECIFIED., .F., .F.,
 ( 4, 4 ),
 ( 4.000000000000000000, 5.000000000000000000 ),
 .UNSPECIFIED. ) ;
#4915 = VECTOR ( 'NONE', #4748, 1000.000000000000000 ) ;
#4916 = ORIENTED_EDGE ( 'NONE', *, *, #1968, .T. ) ;
#4917 = MECHANICAL_DESIGN_GEOMETRIC_PRESENTATION_REPRESENTATION (  '', ( #3377 ), #2436 ) ;
#4918 = PRESENTATION_STYLE_ASSIGNMENT (( #5040 ) ) ;
#4919 = EDGE_CURVE ( 'NONE', #2046, #1668, #1996, .T. ) ;
#4920 = DIRECTION ( 'NONE',  ( -0.0000000000000000000, 1.000000000000000000, -0.0000000000000000000 ) ) ;
#4921 = ORIENTED_EDGE ( 'NONE', *, *, #11071, .T. ) ;
#4922 = COLOUR_RGB ( '',1.000000000000000000, 1.000000000000000000, 1.000000000000000000 ) ;
#4923 = UNCERTAINTY_MEASURE_WITH_UNIT (LENGTH_MEASURE( 1.000000000000000082E-05 ), #6630, 'distance_accuracy_value', 'NONE');
#4924 = SURFACE_STYLE_FILL_AREA ( #7771 ) ;
#4925 = FACE_OUTER_BOUND ( 'NONE', #5791, .T. ) ;
#4926 = B_SPLINE_CURVE_WITH_KNOTS ( 'NONE', 3,
 ( #5957, #2094, #1306, #4860 ),
 .UNSPECIFIED., .F., .F.,
 ( 4, 4 ),
 ( 2.000000000000000000, 3.000000000000000000 ),
 .UNSPECIFIED. ) ;
#4927 = ORIENTED_EDGE ( 'NONE', *, *, #2892, .F. ) ;
#4928 = DIRECTION ( 'NONE',  ( -0.0000000000000000000, 1.000000000000000000, -0.0000000000000000000 ) ) ;
#4929 = LINE ( 'NONE', #361, #3830 ) ;
#4930 = MECHANICAL_DESIGN_GEOMETRIC_PRESENTATION_REPRESENTATION (  '', ( #2032 ), #3000 ) ;
#4931 = ORIENTED_EDGE ( 'NONE', *, *, #25, .F. ) ;
#4932 = VECTOR ( 'NONE', #4092, 1000.000000000000000 ) ;
#4933 = ADVANCED_FACE ( 'NONE', ( #935 ), #1883, .F. ) ;
#4934 = UNCERTAINTY_MEASURE_WITH_UNIT (LENGTH_MEASURE( 1.000000000000000082E-05 ), #8875, 'distance_accuracy_value', 'NONE');
#4935 = EDGE_CURVE ( 'NONE', #877, #9560, #1090, .T. ) ;
#4936 = CARTESIAN_POINT ( 'NONE',  ( -0.4051912001051313772, -0.5999999999999999778, 0.4897029481490029479 ) ) ;
#4937 = FACE_OUTER_BOUND ( 'NONE', #8746, .T. ) ;
#4938 = CARTESIAN_POINT ( 'NONE',  ( -0.2491443320241174819, -0.6099999999999999867, 0.4015314768451630489 ) ) ;
#4939 = ORIENTED_EDGE ( 'NONE', *, *, #7358, .T. ) ;
#4940 = PRESENTATION_STYLE_ASSIGNMENT (( #7785 ) ) ;
#4941 = CARTESIAN_POINT ( 'NONE',  ( -0.3137132986275662505, -0.6099999999999999867, 0.4648943242656725094 ) ) ;
#4942 = ORIENTED_EDGE ( 'NONE', *, *, #9112, .F. ) ;
#4943 = FACE_OUTER_BOUND ( 'NONE', #7574, .T. ) ;
#4944 = CARTESIAN_POINT ( 'NONE',  ( -0.6423275178485461367, -0.5999999999999999778, 0.4646201574951478452 ) ) ;
#4945 = CARTESIAN_POINT ( 'NONE',  ( -0.3362240575156832390, -0.5999999999999999778, 0.4148611733324051309 ) ) ;
#4946 = MECHANICAL_DESIGN_GEOMETRIC_PRESENTATION_REPRESENTATION (  '', ( #6665 ), #9462 ) ;
#4947 = ORIENTED_EDGE ( 'NONE', *, *, #5122, .F. ) ;
#4948 = EDGE_CURVE ( 'NONE', #8946, #4188, #10097, .T. ) ;
#4949 = PRESENTATION_LAYER_ASSIGNMENT (  '', '', ( #10032 ) ) ;
#4950 = DIRECTION ( 'NONE',  ( -0.0000000000000000000, 1.000000000000000000, -0.0000000000000000000 ) ) ;
#4951 = COLOUR_RGB ( '',1.000000000000000000, 1.000000000000000000, 1.000000000000000000 ) ;
#4952 = ORIENTED_EDGE ( 'NONE', *, *, #2295, .T. ) ;
#4953 =( LENGTH_UNIT ( ) NAMED_UNIT ( * ) SI_UNIT ( .MILLI., .METRE. ) );
#4954 = ORIENTED_EDGE ( 'NONE', *, *, #10641, .T. ) ;
#4955 = DIRECTION ( 'NONE',  ( -0.0000000000000000000, -0.0000000000000000000, 1.000000000000000000 ) ) ;
#4956 = COLOUR_RGB ( '',1.000000000000000000, 1.000000000000000000, 1.000000000000000000 ) ;
#4957 = CARTESIAN_POINT ( 'NONE',  ( -0.2795676486558151819, -0.6099999999999999867, 0.3904476574573795822 ) ) ;
#4958 = CARTESIAN_POINT ( 'NONE',  ( -0.6047318569297144286, -0.6099999999999999867, 0.4015751163064785190 ) ) ;
#4959 = CARTESIAN_POINT ( 'NONE',  ( -0.5249133695267967914, -0.5999999999999999778, 0.4035995005517841183 ) ) ;
#4960 =( GEOMETRIC_REPRESENTATION_CONTEXT ( 3 ) GLOBAL_UNCERTAINTY_ASSIGNED_CONTEXT ( ( #3718 ) ) GLOBAL_UNIT_ASSIGNED_CONTEXT ( ( #2442, #751, #2714 ) ) REPRESENTATION_CONTEXT ( 'NONE', 'WORKASPACE' ) );
#4961 = COLOUR_RGB ( '',1.000000000000000000, 1.000000000000000000, 1.000000000000000000 ) ;
#4962 = LINE ( 'NONE', #1556, #2744 ) ;
#4963 = CARTESIAN_POINT ( 'NONE',  ( -0.3441574104172900328, -0.6099999999999999867, 0.3929846667730740317 ) ) ;
#4964 = CARTESIAN_POINT ( 'NONE',  ( -0.5896935881493786669, -0.5999999999999999778, 0.4906479279443450303 ) ) ;
#4965 =( NAMED_UNIT ( * ) PLANE_ANGLE_UNIT ( ) SI_UNIT ( $, .RADIAN. ) );
#4966 = VERTEX_POINT ( 'NONE', #9166 ) ;
#4967 =( NAMED_UNIT ( * ) PLANE_ANGLE_UNIT ( ) SI_UNIT ( $, .RADIAN. ) );
#4968 = CARTESIAN_POINT ( 'NONE',  ( -0.3811000091840733850, -0.5999999999999999778, 0.3920904749649506416 ) ) ;
#4969 = AXIS2_PLACEMENT_3D ( 'NONE', #4109, #1196, #7742 ) ;
#4970 = CARTESIAN_POINT ( 'NONE',  ( -0.2682966728430296599, -0.5999999999999999778, 0.4014482962119525489 ) ) ;
#4971 = CARTESIAN_POINT ( 'NONE',  ( -0.5642442161535456968, -0.6099999999999999867, 0.3955019856348488960 ) ) ;
#4972 = SURFACE_STYLE_USAGE ( .BOTH. , #8717 ) ;
#4973 = EDGE_LOOP ( 'NONE', ( #9597, #5598, #11296, #1052 ) ) ;
#4975 = ADVANCED_FACE ( 'NONE', ( #8287 ), #1017, .F. ) ;
#4974 = CARTESIAN_POINT ( 'NONE',  ( -0.6559198049743579784, -0.6099999999999999867, 0.4316516538674262105 ) ) ;
#4976 = EDGE_CURVE ( 'NONE', #11434, #8903, #6033, .T. ) ;
#4977 = CARTESIAN_POINT ( 'NONE',  ( -0.5338784855714885369, -0.5999999999999999778, 0.3946343845070930390 ) ) ;
#4978 = B_SPLINE_SURFACE_WITH_KNOTS ( 'NONE', 3, 1, ( 
 ( #359, #4014 ),
 ( #4863, #7485 ),
 ( #9362, #3114 ),
 ( #8491, #2996 ) ),
 .UNSPECIFIED., .F., .F., .F.,
 ( 4, 4 ),
 ( 2, 2 ),
 ( 2.000000000000000000, 3.000000000000000000 ),
 ( 0.0000000000000000000, 1.000000000000000000 ),
 .UNSPECIFIED. ) ;
#4979 = DIRECTION ( 'NONE',  ( 1.355252715606880543E-16, -1.000000000000000000, 0.0000000000000000000 ) ) ;
#4980 = FACE_OUTER_BOUND ( 'NONE', #8806, .T. ) ;
#4981 = DIRECTION ( 'NONE',  ( 0.0000000000000000000, 0.0000000000000000000, -1.000000000000000000 ) ) ;
#4982 = ORIENTED_EDGE ( 'NONE', *, *, #9599, .T. ) ;
#4983 = SURFACE_SIDE_STYLE ('',( #9752 ) ) ;
#4984 = CARTESIAN_POINT ( 'NONE',  ( -0.2420427854560011083, -0.5999999999999999778, 0.4199351919640710307 ) ) ;
#4985 = UNCERTAINTY_MEASURE_WITH_UNIT (LENGTH_MEASURE( 1.000000000000000082E-05 ), #7217, 'distance_accuracy_value', 'NONE');
#4986 = PLANE ( 'NONE',  #10529 ) ;
#4987 = ORIENTED_EDGE ( 'NONE', *, *, #1157, .F. ) ;
#4988 = CARTESIAN_POINT ( 'NONE',  ( -0.3202013880251991518, -0.5999999999999999778, 0.4218067562135269788 ) ) ;
#4989 = DIRECTION ( 'NONE',  ( -0.0000000000000000000, 1.000000000000000000, -0.0000000000000000000 ) ) ;
#4990 = ORIENTED_EDGE ( 'NONE', *, *, #5934, .T. ) ;
#4991 = MECHANICAL_DESIGN_GEOMETRIC_PRESENTATION_REPRESENTATION (  '', ( #10458 ), #9516 ) ;
#4992 =( NAMED_UNIT ( * ) PLANE_ANGLE_UNIT ( ) SI_UNIT ( $, .RADIAN. ) );
#4993 = COLOUR_RGB ( '',1.000000000000000000, 1.000000000000000000, 1.000000000000000000 ) ;
#4994 =( NAMED_UNIT ( * ) SI_UNIT ( $, .STERADIAN. ) SOLID_ANGLE_UNIT ( ) );
#4995 = LINE ( 'NONE', #305, #4519 ) ;
#4996 = B_SPLINE_CURVE_WITH_KNOTS ( 'NONE', 3,
 ( #8916, #4388, #10472, #9707 ),
 .UNSPECIFIED., .F., .F.,
 ( 4, 4 ),
 ( 5.000000000000000000, 6.000000000000000000 ),
 .UNSPECIFIED. ) ;
#4997 = CARTESIAN_POINT ( 'NONE',  ( -0.3000820723446587790, -0.5999999999999999778, 0.4660588531320066785 ) ) ;
#4998 = ORIENTED_EDGE ( 'NONE', *, *, #11228, .T. ) ;
#4999 = FACE_OUTER_BOUND ( 'NONE', #3993, .T. ) ;
#5000 = CARTESIAN_POINT ( 'NONE',  ( -0.6423275178485461367, -0.5999999999999999778, 0.4646201574951478452 ) ) ;
#5001 = CARTESIAN_POINT ( 'NONE',  ( -0.5000423835737352052, -0.5999999999999999778, 0.4640417631786479813 ) ) ;
#5002 =( NAMED_UNIT ( * ) SI_UNIT ( $, .STERADIAN. ) SOLID_ANGLE_UNIT ( ) );
#5003 = CARTESIAN_POINT ( 'NONE',  ( -0.4890528832837367501, -0.5999999999999999778, 0.3911640241232652304 ) ) ;
#5004 = ORIENTED_EDGE ( 'NONE', *, *, #4753, .T. ) ;
#5005 = PRESENTATION_LAYER_ASSIGNMENT (  '', '', ( #10458 ) ) ;
#5006 = CARTESIAN_POINT ( 'NONE',  ( -0.5547007030342133715, -0.5999999999999999778, 0.4845747821038446923 ) ) ;
#5007 = FILL_AREA_STYLE ('',( #7550 ) ) ;
#5008 = CARTESIAN_POINT ( 'NONE',  ( -0.3114570239489569681, -0.6099999999999999867, 0.4503377134371886470 ) ) ;
#5009 = LINE ( 'NONE', #9431, #11486 ) ;
#5010 = EDGE_CURVE ( 'NONE', #2986, #10946, #2169, .T. ) ;
#5011 = MECHANICAL_DESIGN_GEOMETRIC_PRESENTATION_REPRESENTATION (  '', ( #10084 ), #1703 ) ;
#5012 = EDGE_CURVE ( 'NONE', #1260, #1294, #1005, .T. ) ;
#5013 = STYLED_ITEM ( 'NONE', ( #11551 ), #1938 ) ;
#5014 = SURFACE_STYLE_USAGE ( .BOTH. , #2421 ) ;
#5015 = FACE_OUTER_BOUND ( 'NONE', #3305, .T. ) ;
#5016 = CARTESIAN_POINT ( 'NONE',  ( -0.3672816264763038574, -0.6099999999999999867, 0.4155266183989210771 ) ) ;
#5017 = CARTESIAN_POINT ( 'NONE',  ( -0.3554387838093639451, -0.6099999999999999867, 0.4863341325000934967 ) ) ;
#5018 = CARTESIAN_POINT ( 'NONE',  ( -0.5714741464904588009, -0.6099999999999999867, 0.4148782159270467673 ) ) ;
#5019 = ORIENTED_EDGE ( 'NONE', *, *, #1564, .T. ) ;
#5020 = CARTESIAN_POINT ( 'NONE',  ( -0.2755333879403887853, -0.5999999999999999778, 0.3918617282233446408 ) ) ;
#5021 =( LENGTH_UNIT ( ) NAMED_UNIT ( * ) SI_UNIT ( .MILLI., .METRE. ) );
#5022 = EDGE_LOOP ( 'NONE', ( #8898, #6741, #6371, #6559 ) ) ;
#5023 = DIRECTION ( 'NONE',  ( -1.000000000000000000, -0.0000000000000000000, -0.0000000000000000000 ) ) ;
#5024 = DIRECTION ( 'NONE',  ( -0.0000000000000000000, 1.000000000000000000, -0.0000000000000000000 ) ) ;
#5025 =( LENGTH_UNIT ( ) NAMED_UNIT ( * ) SI_UNIT ( .MILLI., .METRE. ) );
#5026 = CARTESIAN_POINT ( 'NONE',  ( -0.3192344131630175941, -0.6099999999999999867, 0.4710496911301855216 ) ) ;
#5027 = EDGE_CURVE ( 'NONE', #5803, #7952, #8190, .T. ) ;
#5028 = VECTOR ( 'NONE', #4666, 1000.000000000000000 ) ;
#5029 = CARTESIAN_POINT ( 'NONE',  ( -0.4061789701256164342, -0.5999999999999999778, 0.3940036295310119785 ) ) ;
#5030 = CARTESIAN_POINT ( 'NONE',  ( -0.2297216541472700546, -0.6099999999999999867, 0.3858103371506220181 ) ) ;
#5031 = FACE_OUTER_BOUND ( 'NONE', #8626, .T. ) ;
#5032 = ORIENTED_EDGE ( 'NONE', *, *, #2885, .F. ) ;
#5033 = SURFACE_SIDE_STYLE ('',( #2256 ) ) ;
#5034 = SURFACE_STYLE_FILL_AREA ( #3991 ) ;
#5035 = SURFACE_STYLE_FILL_AREA ( #11324 ) ;
#5036 = CARTESIAN_POINT ( 'NONE',  ( -0.2842881495957819693, -0.5999999999999999778, 0.4264856668368887105 ) ) ;
#5037 = ORIENTED_EDGE ( 'NONE', *, *, #5039, .T. ) ;
#5038 = FACE_OUTER_BOUND ( 'NONE', #7440, .T. ) ;
#5039 = EDGE_CURVE ( 'NONE', #6839, #7379, #3599, .T. ) ;
#5040 = SURFACE_STYLE_USAGE ( .BOTH. , #5164 ) ;
#5041 = LINE ( 'NONE', #9697, #7601 ) ;
#5042 = ADVANCED_FACE ( 'NONE', ( #10887 ), #3657, .F. ) ;
#5043 = ORIENTED_EDGE ( 'NONE', *, *, #9281, .F. ) ;
#5044 = EDGE_CURVE ( 'NONE', #826, #8782, #2328, .T. ) ;
#5045 = FACE_OUTER_BOUND ( 'NONE', #4321, .T. ) ;
#5046 = LINE ( 'NONE', #5099, #3650 ) ;
#5047 = VECTOR ( 'NONE', #6841, 1000.000000000000000 ) ;
#5048 = DIRECTION ( 'NONE',  ( -0.0000000000000000000, 1.000000000000000000, -0.0000000000000000000 ) ) ;
#5049 = ORIENTED_EDGE ( 'NONE', *, *, #11726, .T. ) ;
#5050 = FACE_OUTER_BOUND ( 'NONE', #4833, .T. ) ;
#5051 = SURFACE_STYLE_FILL_AREA ( #8555 ) ;
#5052 = LINE ( 'NONE', #10413, #10769 ) ;
#5053 = ORIENTED_EDGE ( 'NONE', *, *, #5890, .T. ) ;
#5054 = B_SPLINE_CURVE_WITH_KNOTS ( 'NONE', 3,
 ( #4057, #4187, #1400, #6758 ),
 .UNSPECIFIED., .F., .F.,
 ( 4, 4 ),
 ( 3.000000000000000000, 4.000000000000000000 ),
 .UNSPECIFIED. ) ;
#5055 = DIRECTION ( 'NONE',  ( -0.0000000000000000000, 0.0000000000000000000, 1.000000000000000000 ) ) ;
#5056 = FILL_AREA_STYLE ('',( #1313 ) ) ;
#5057 = UNCERTAINTY_MEASURE_WITH_UNIT (LENGTH_MEASURE( 1.000000000000000082E-05 ), #8194, 'distance_accuracy_value', 'NONE');
#5058 = CARTESIAN_POINT ( 'NONE',  ( -0.3017456850108105049, -0.5999999999999999778, 0.4614631231418551693 ) ) ;
#5059 = LINE ( 'NONE', #2160, #590 ) ;
#5060 = FILL_AREA_STYLE ('',( #8796 ) ) ;
#5061 = VERTEX_POINT ( 'NONE', #10232 ) ;
#5062 = PRESENTATION_STYLE_ASSIGNMENT (( #10422 ) ) ;
#5063 = CARTESIAN_POINT ( 'NONE',  ( -0.4049520557843729329, -0.5999999999999999778, 0.3851240969258026281 ) ) ;
#5064 = DIRECTION ( 'NONE',  ( -1.000000000000000000, -0.0000000000000000000, -0.0000000000000000000 ) ) ;
#5065 = ORIENTED_EDGE ( 'NONE', *, *, #1709, .F. ) ;
#5066 = CARTESIAN_POINT ( 'NONE',  ( -0.5101643047997155289, -0.5999999999999999778, 0.4033103075305376484 ) ) ;
#5067 = FILL_AREA_STYLE_COLOUR ( '', #3974 ) ;
#5068 = LINE ( 'NONE', #9608, #1442 ) ;
#5069 = VERTEX_POINT ( 'NONE', #3057 ) ;
#5070 = CARTESIAN_POINT ( 'NONE',  ( -0.3577782391210452273, -0.6099999999999999867, 0.3770763706535322779 ) ) ;
#5071 = ADVANCED_FACE ( 'NONE', ( #11223 ), #4978, .F. ) ;
#5072 = EDGE_LOOP ( 'NONE', ( #10649, #4432, #2690, #2702 ) ) ;
#5073 = CARTESIAN_POINT ( 'NONE',  ( -0.2782679512602364569, -0.6099999999999999867, 0.3858103371506220181 ) ) ;
#5074 = ORIENTED_EDGE ( 'NONE', *, *, #4334, .F. ) ;
#5075 = SURFACE_STYLE_FILL_AREA ( #5928 ) ;
#5076 = COLOUR_RGB ( '',0.7529411764705882248, 0.7529411764705882248, 0.7529411764705882248 ) ;
#5077 = SURFACE_SIDE_STYLE ('',( #1511 ) ) ;
#5078 = CARTESIAN_POINT ( 'NONE',  ( -0.3548877121137902768, -0.5999999999999999778, 0.3764941062202255551 ) ) ;
#5079 = COLOUR_RGB ( '',1.000000000000000000, 1.000000000000000000, 1.000000000000000000 ) ;
#5080 = CARTESIAN_POINT ( 'NONE',  ( -0.4080505343750704950, -0.6099999999999999867, 0.4794093447772738159 ) ) ;
#5081 = EDGE_CURVE ( 'NONE', #7669, #9135, #1168, .T. ) ;
#5082 = ORIENTED_EDGE ( 'NONE', *, *, #5979, .F. ) ;
#5083 = CARTESIAN_POINT ( 'NONE',  ( -0.3697562503170909731, -0.6099999999999999867, 0.4022801025448896062 ) ) ;
#5084 = SURFACE_STYLE_FILL_AREA ( #7915 ) ;
#5085 = EDGE_CURVE ( 'NONE', #5857, #8932, #2028, .T. ) ;
#5086 = SURFACE_STYLE_FILL_AREA ( #1399 ) ;
#5087 = CARTESIAN_POINT ( 'NONE',  ( -0.3910089021266485720, -0.5999999999999999778, 0.4543303838357317104 ) ) ;
#5088 = VERTEX_POINT ( 'NONE', #8615 ) ;
#5089 = CARTESIAN_POINT ( 'NONE',  ( -0.5237565864095233836, -0.6099999999999999867, 0.4033103075305376484 ) ) ;
#5090 = B_SPLINE_CURVE_WITH_KNOTS ( 'NONE', 3,
 ( #1107, #186, #9297, #10345 ),
 .UNSPECIFIED., .F., .F.,
 ( 4, 4 ),
 ( 10.00000000000000000, 11.00000000000000000 ),
 .UNSPECIFIED. ) ;
#5091 = SURFACE_SIDE_STYLE ('',( #9515 ) ) ;
#5092 = ORIENTED_EDGE ( 'NONE', *, *, #8502, .T. ) ;
#5093 = COLOUR_RGB ( '',1.000000000000000000, 1.000000000000000000, 1.000000000000000000 ) ;
#5094 = SURFACE_STYLE_FILL_AREA ( #11327 ) ;
#5095 =( NAMED_UNIT ( * ) SI_UNIT ( $, .STERADIAN. ) SOLID_ANGLE_UNIT ( ) );
#5096 = CARTESIAN_POINT ( 'NONE',  ( -0.3998988323111475340, -0.6099999999999999867, 0.3994727561709824903 ) ) ;
#5097 = ORIENTED_EDGE ( 'NONE', *, *, #1028, .F. ) ;
#5098 = EDGE_CURVE ( 'NONE', #7426, #4631, #5478, .T. ) ;
#5099 = CARTESIAN_POINT ( 'NONE',  ( -0.3565929150965476135, -0.5999999999999999778, 0.4733163633876686927 ) ) ;
#5100 = SURFACE_STYLE_USAGE ( .BOTH. , #2459 ) ;
#5101 = FILL_AREA_STYLE_COLOUR ( '', #4498 ) ;
#5102 = ORIENTED_EDGE ( 'NONE', *, *, #135, .T. ) ;
#5103 = FACE_OUTER_BOUND ( 'NONE', #5072, .T. ) ;
#5104 = DIRECTION ( 'NONE',  ( -0.3416038306815472603, 0.0000000000000000000, 0.9398440417769816646 ) ) ;
#5105 = VECTOR ( 'NONE', #4032, 1000.000000000000000 ) ;
#5106 = SURFACE_SIDE_STYLE ('',( #1591 ) ) ;
#5107 = ORIENTED_EDGE ( 'NONE', *, *, #3348, .F. ) ;
#5108 = COLOUR_RGB ( '',1.000000000000000000, 1.000000000000000000, 1.000000000000000000 ) ;
#5109 = PRODUCT_DEFINITION_FORMATION_WITH_SPECIFIED_SOURCE ( '»Œ∫Œ', '', #4871, .NOT_KNOWN. ) ;
#5110 = FILL_AREA_STYLE_COLOUR ( '', #8511 ) ;
#5111 = LINE ( 'NONE', #1317, #5490 ) ;
#5112 = CARTESIAN_POINT ( 'NONE',  ( -0.2906410704644477039, -0.5999999999999999778, 0.4218067562135269788 ) ) ;
#5113 = ORIENTED_EDGE ( 'NONE', *, *, #4850, .F. ) ;
#5114 =( NAMED_UNIT ( * ) PLANE_ANGLE_UNIT ( ) SI_UNIT ( $, .RADIAN. ) );
#5115 = LINE ( 'NONE', #7894, #4932 ) ;
#5116 = ORIENTED_EDGE ( 'NONE', *, *, #3559, .T. ) ;
#5117 = CARTESIAN_POINT ( 'NONE',  ( -0.4893420873371294166, -0.5999999999999999778, 0.4258677051850371376 ) ) ;
#5118 = LINE ( 'NONE', #10541, #10557 ) ;
#5119 =( NAMED_UNIT ( * ) SI_UNIT ( $, .STERADIAN. ) SOLID_ANGLE_UNIT ( ) );
#5120 = ADVANCED_FACE ( 'NONE', ( #11047 ), #416, .T. ) ;
#5121 = PRESENTATION_LAYER_ASSIGNMENT (  '', '', ( #10759 ) ) ;
#5122 = EDGE_CURVE ( 'NONE', #534, #8768, #8729, .T. ) ;
#5123 = ORIENTED_EDGE ( 'NONE', *, *, #8382, .T. ) ;
#5124 = B_SPLINE_CURVE_WITH_KNOTS ( 'NONE', 3,
 ( #8535, #11261, #7698, #450 ),
 .UNSPECIFIED., .F., .F.,
 ( 4, 4 ),
 ( 4.000000000000000000, 5.000000000000000000 ),
 .UNSPECIFIED. ) ;
#5125 = STYLED_ITEM ( 'NONE', ( #10797 ), #9223 ) ;
#5126 = CARTESIAN_POINT ( 'NONE',  ( -0.5000423835737352052, -0.6099999999999999867, 0.4640417631786479813 ) ) ;
#5127 = CARTESIAN_POINT ( 'NONE',  ( -0.2729963786244171131, -0.6099999999999999867, 0.3877026965581040208 ) ) ;
#5128 = ORIENTED_EDGE ( 'NONE', *, *, #4267, .T. ) ;
#5129 = VECTOR ( 'NONE', #6022, 1000.000000000000000 ) ;
#5130 = PRESENTATION_STYLE_ASSIGNMENT (( #8580 ) ) ;
#5131 = ORIENTED_EDGE ( 'NONE', *, *, #8575, .F. ) ;
#5132 = SURFACE_SIDE_STYLE ('',( #1451 ) ) ;
#5133 = DIRECTION ( 'NONE',  ( -0.0000000000000000000, 1.000000000000000000, -0.0000000000000000000 ) ) ;
#5134 = SURFACE_SIDE_STYLE ('',( #1512 ) ) ;
#5135 = CARTESIAN_POINT ( 'NONE',  ( -0.3500320426445777122, -0.5999999999999999778, 0.3721271229716806572 ) ) ;
#5136 = MECHANICAL_DESIGN_GEOMETRIC_PRESENTATION_REPRESENTATION (  '', ( #9099 ), #10772 ) ;
#5137 = EDGE_CURVE ( 'NONE', #3624, #10760, #2400, .T. ) ;
#5138 =( GEOMETRIC_REPRESENTATION_CONTEXT ( 3 ) GLOBAL_UNCERTAINTY_ASSIGNED_CONTEXT ( ( #2423 ) ) GLOBAL_UNIT_ASSIGNED_CONTEXT ( ( #8399, #5495, #8212 ) ) REPRESENTATION_CONTEXT ( 'NONE', 'WORKASPACE' ) );
#5139 = SURFACE_STYLE_FILL_AREA ( #333 ) ;
#5140 = SURFACE_STYLE_USAGE ( .BOTH. , #9506 ) ;
#5141 = SURFACE_SIDE_STYLE ('',( #2254 ) ) ;
#5142 = ORIENTED_EDGE ( 'NONE', *, *, #3349, .T. ) ;
#5143 = VECTOR ( 'NONE', #11464, 1000.000000000000000 ) ;
#5144 = CARTESIAN_POINT ( 'NONE',  ( -0.3496681273738661555, -0.6099999999999999867, 0.3805907524105590634 ) ) ;
#5145 = PLANE ( 'NONE',  #2639 ) ;
#5146 = DIRECTION ( 'NONE',  ( -0.0000000000000000000, 1.000000000000000000, -0.0000000000000000000 ) ) ;
#5147 = SURFACE_STYLE_USAGE ( .BOTH. , #10507 ) ;
#5148 = FACE_OUTER_BOUND ( 'NONE', #5640, .T. ) ;
#5149 = CARTESIAN_POINT ( 'NONE',  ( -0.3577782391210452273, -0.6099999999999999867, 0.3725430261382887687 ) ) ;
#5150 = CARTESIAN_POINT ( 'NONE',  ( -0.5549898960555990080, -0.6099999999999999867, 0.5019266281507344107 ) ) ;
#5151 =( NAMED_UNIT ( * ) PLANE_ANGLE_UNIT ( ) SI_UNIT ( $, .RADIAN. ) );
#5152 = MECHANICAL_DESIGN_GEOMETRIC_PRESENTATION_REPRESENTATION (  '', ( #11349 ), #1490 ) ;
#5153 = ORIENTED_EDGE ( 'NONE', *, *, #9583, .F. ) ;
#5154 = MECHANICAL_DESIGN_GEOMETRIC_PRESENTATION_REPRESENTATION (  '', ( #3223 ), #4559 ) ;
#5155 = CARTESIAN_POINT ( 'NONE',  ( -0.2999999999999999889, 0.5999999999999999778, 0.0000000000000000000 ) ) ;
#5156 = B_SPLINE_SURFACE_WITH_KNOTS ( 'NONE', 3, 1, ( 
 ( #4963, #10501 ),
 ( #2309, #4116 ),
 ( #1392, #5212 ),
 ( #3389, #7050 ) ),
 .UNSPECIFIED., .F., .F., .F.,
 ( 4, 4 ),
 ( 2, 2 ),
 ( 12.00000000000000000, 13.00000000000000000 ),
 ( 0.0000000000000000000, 1.000000000000000000 ),
 .UNSPECIFIED. ) ;
#5157 = EDGE_CURVE ( 'NONE', #154, #10712, #5052, .T. ) ;
#5158 = VECTOR ( 'NONE', #10465, 1000.000000000000000 ) ;
#5159 = EDGE_CURVE ( 'NONE', #284, #4865, #6081, .T. ) ;
#5160 = ORIENTED_EDGE ( 'NONE', *, *, #5200, .T. ) ;
#5161 = B_SPLINE_CURVE_WITH_KNOTS ( 'NONE', 3,
 ( #4676, #9069, #3598, #9242 ),
 .UNSPECIFIED., .F., .F.,
 ( 4, 4 ),
 ( 1.000000000000000000, 2.000000000000000000 ),
 .UNSPECIFIED. ) ;
#5162 = COLOUR_RGB ( '',1.000000000000000000, 1.000000000000000000, 1.000000000000000000 ) ;
#5163 =( NAMED_UNIT ( * ) PLANE_ANGLE_UNIT ( ) SI_UNIT ( $, .RADIAN. ) );
#5164 = SURFACE_SIDE_STYLE ('',( #8605 ) ) ;
#5165 = VECTOR ( 'NONE', #4766, 1000.000000000000000 ) ;
#5166 = PLANE ( 'NONE',  #3760 ) ;
#5167 = ORIENTED_EDGE ( 'NONE', *, *, #8253, .F. ) ;
#5168 = UNCERTAINTY_MEASURE_WITH_UNIT (LENGTH_MEASURE( 1.000000000000000082E-05 ), #8175, 'distance_accuracy_value', 'NONE');
#5169 = SURFACE_SIDE_STYLE ('',( #9590 ) ) ;
#5170 =( NAMED_UNIT ( * ) PLANE_ANGLE_UNIT ( ) SI_UNIT ( $, .RADIAN. ) );
#5171 = LINE ( 'NONE', #7880, #7065 ) ;
#5172 = CARTESIAN_POINT ( 'NONE',  ( -0.5231781893348829149, -0.5999999999999999778, 0.4033103075305376484 ) ) ;
#5173 = CARTESIAN_POINT ( 'NONE',  ( -0.5879584079574651234, -0.6099999999999999867, 0.4730068847393438247 ) ) ;
#5174 = VERTEX_POINT ( 'NONE', #4079 ) ;
#5175 = PLANE ( 'NONE',  #8452 ) ;
#5176 = DIRECTION ( 'NONE',  ( -0.9398440417769816646, 0.0000000000000000000, -0.3416038306815472603 ) ) ;
#5177 = SURFACE_STYLE_USAGE ( .BOTH. , #5348 ) ;
#5178 = EDGE_CURVE ( 'NONE', #3715, #8778, #11346, .T. ) ;
#5179 = ORIENTED_EDGE ( 'NONE', *, *, #3898, .F. ) ;
#5180 = FACE_OUTER_BOUND ( 'NONE', #2776, .T. ) ;
#5181 = SURFACE_SIDE_STYLE ('',( #1494 ) ) ;
#5182 = UNCERTAINTY_MEASURE_WITH_UNIT (LENGTH_MEASURE( 1.000000000000000082E-05 ), #2938, 'distance_accuracy_value', 'NONE');
#5183 = CARTESIAN_POINT ( 'NONE',  ( -0.3727195603785443123, -0.6099999999999999867, 0.3892831285910451911 ) ) ;
#5184 = PRESENTATION_STYLE_ASSIGNMENT (( #7781 ) ) ;
#5185 = ORIENTED_EDGE ( 'NONE', *, *, #10113, .F. ) ;
#5186 = CARTESIAN_POINT ( 'NONE',  ( -0.6999999999999999556, 0.5999999999999999778, 0.5999999999999999778 ) ) ;
#5187 = CARTESIAN_POINT ( 'NONE',  ( -0.2697835266633317741, -0.5999999999999999778, 0.4154226426071312428 ) ) ;
#5188 = EDGE_LOOP ( 'NONE', ( #3832, #8468, #3533, #10544 ) ) ;
#5189 = B_SPLINE_CURVE_WITH_KNOTS ( 'NONE', 3,
 ( #7335, #4702, #10906, #258 ),
 .UNSPECIFIED., .F., .F.,
 ( 4, 4 ),
 ( 4.000000000000000000, 5.000000000000000000 ),
 .UNSPECIFIED. ) ;
#5190 = CARTESIAN_POINT ( 'NONE',  ( -0.5266485497187101128, -0.6099999999999999867, 0.4964318769715881929 ) ) ;
#5191 = EDGE_CURVE ( 'NONE', #8682, #3433, #537, .T. ) ;
#5192 = ORIENTED_EDGE ( 'NONE', *, *, #6705, .T. ) ;
#5193 = B_SPLINE_CURVE_WITH_KNOTS ( 'NONE', 3,
 ( #7842, #9772, #10480, #2412 ),
 .UNSPECIFIED., .F., .F.,
 ( 4, 4 ),
 ( 4.000000000000000000, 5.000000000000000000 ),
 .UNSPECIFIED. ) ;
#5194 = UNCERTAINTY_MEASURE_WITH_UNIT (LENGTH_MEASURE( 1.000000000000000082E-05 ), #6229, 'distance_accuracy_value', 'NONE');
#5195 = CARTESIAN_POINT ( 'NONE',  ( -0.6423275178485461367, -0.5999999999999999778, 0.4646201574951478452 ) ) ;
#5196 = CARTESIAN_POINT ( 'NONE',  ( -0.3845312103078911137, -0.6099999999999999867, 0.4570545495767047717 ) ) ;
#5197 = MECHANICAL_DESIGN_GEOMETRIC_PRESENTATION_REPRESENTATION (  '', ( #3825 ), #9331 ) ;
#5198 = EDGE_CURVE ( 'NONE', #9765, #6323, #10469, .T. ) ;
#5199 = ORIENTED_EDGE ( 'NONE', *, *, #7864, .F. ) ;
#5200 = EDGE_CURVE ( 'NONE', #11060, #1082, #3237, .T. ) ;
#5201 = CARTESIAN_POINT ( 'NONE',  ( -0.2726428609329952235, -0.5999999999999999778, 0.3946898697558311464 ) ) ;
#5202 = ORIENTED_EDGE ( 'NONE', *, *, #4896, .F. ) ;
#5203 = PLANE ( 'NONE',  #4488 ) ;
#5204 = COLOUR_RGB ( '',1.000000000000000000, 1.000000000000000000, 1.000000000000000000 ) ;
#5205 = CARTESIAN_POINT ( 'NONE',  ( -0.3880040017484512882, -0.6099999999999999867, 0.4045051844857675549 ) ) ;
#5206 = B_SPLINE_CURVE_WITH_KNOTS ( 'NONE', 3,
 ( #11579, #5302, #3487, #4440 ),
 .UNSPECIFIED., .F., .F.,
 ( 4, 4 ),
 ( 9.000000000000000000, 10.00000000000000000 ),
 .UNSPECIFIED. ) ;
#5207 = VECTOR ( 'NONE', #9811, 1000.000000000000000 ) ;
#5208 = CARTESIAN_POINT ( 'NONE',  ( -0.6515818434627739242, -0.5999999999999999778, 0.4088050521593952213 ) ) ;
#5209 = CARTESIAN_POINT ( 'NONE',  ( -0.3544926041054858312, -0.5999999999999999778, 0.3721271229716806572 ) ) ;
#5210 = B_SPLINE_CURVE_WITH_KNOTS ( 'NONE', 3,
 ( #4788, #1942, #168, #5631 ),
 .UNSPECIFIED., .F., .F.,
 ( 4, 4 ),
 ( 12.00000000000000000, 13.00000000000000000 ),
 .UNSPECIFIED. ) ;
#5211 = MECHANICAL_DESIGN_GEOMETRIC_PRESENTATION_REPRESENTATION (  '', ( #8427 ), #9347 ) ;
#5212 = CARTESIAN_POINT ( 'NONE',  ( -0.3446772893756867018, -0.5999999999999999778, 0.3911754879988026956 ) ) ;
#5213 = CARTESIAN_POINT ( 'NONE',  ( -0.4094750027203268861, -0.5999999999999999778, 0.4653518177488850660 ) ) ;
#5214 = DIRECTION ( 'NONE',  ( -0.0000000000000000000, 1.000000000000000000, -0.0000000000000000000 ) ) ;
#5215 = ORIENTED_EDGE ( 'NONE', *, *, #5340, .T. ) ;
#5216 = CARTESIAN_POINT ( 'NONE',  ( -0.3985783397574051978, -0.6099999999999999867, 0.3893039237493470806 ) ) ;
#5217 = DIRECTION ( 'NONE',  ( -0.8863488427958617910, 0.0000000000000000000, -0.4630180653866937668 ) ) ;
#5218 = LINE ( 'NONE', #1639, #1549 ) ;
#5219 = DIRECTION ( 'NONE',  ( -0.0000000000000000000, 1.000000000000000000, -0.0000000000000000000 ) ) ;
#5220 = CARTESIAN_POINT ( 'NONE',  ( -0.4054823323217832676, -0.6099999999999999867, 0.4586141864510666077 ) ) ;
#5221 = AXIS2_PLACEMENT_3D ( 'NONE', #10753, #1769, #6311 ) ;
#5222 = CARTESIAN_POINT ( 'NONE',  ( -0.4021343118311778153, -0.5999999999999999778, 0.3851240969258026281 ) ) ;
#5223 = MECHANICAL_DESIGN_GEOMETRIC_PRESENTATION_REPRESENTATION (  '', ( #1151 ), #2140 ) ;
#5224 = ORIENTED_EDGE ( 'NONE', *, *, #7233, .T. ) ;
#5225 = CARTESIAN_POINT ( 'NONE',  ( -0.2416372798685456347, -0.5999999999999999778, 0.4184379405646173611 ) ) ;
#5226 = ADVANCED_FACE ( 'NONE', ( #9596 ), #7831, .T. ) ;
#5227 = EDGE_CURVE ( 'NONE', #364, #7327, #2890, .T. ) ;
#5228 = ORIENTED_EDGE ( 'NONE', *, *, #7090, .F. ) ;
#5229 = FILL_AREA_STYLE ('',( #535 ) ) ;
#5230 = ORIENTED_EDGE ( 'NONE', *, *, #5926, .T. ) ;
#5231 = PLANE ( 'NONE',  #2055 ) ;
#5232 = DIRECTION ( 'NONE',  ( -0.0000000000000000000, 1.000000000000000000, -0.0000000000000000000 ) ) ;
#5233 = ORIENTED_EDGE ( 'NONE', *, *, #8741, .T. ) ;
#5234 =( LENGTH_UNIT ( ) NAMED_UNIT ( * ) SI_UNIT ( .MILLI., .METRE. ) );
#5235 = DIRECTION ( 'NONE',  ( 0.4630180653866937668, 0.0000000000000000000, -0.8863488427958617910 ) ) ;
#5236 =( NAMED_UNIT ( * ) SI_UNIT ( $, .STERADIAN. ) SOLID_ANGLE_UNIT ( ) );
#5237 = EDGE_CURVE ( 'NONE', #7361, #2593, #5611, .T. ) ;
#5238 = EDGE_LOOP ( 'NONE', ( #6149, #194, #4077, #9732 ) ) ;
#5239 = EDGE_CURVE ( 'NONE', #9886, #8226, #5372, .T. ) ;
#5240 = SURFACE_SIDE_STYLE ('',( #1605 ) ) ;
#5241 = ORIENTED_EDGE ( 'NONE', *, *, #5890, .F. ) ;
#5242 = PRESENTATION_STYLE_ASSIGNMENT (( #1720 ) ) ;
#5243 = B_SPLINE_SURFACE_WITH_KNOTS ( 'NONE', 3, 1, ( 
 ( #1612, #27 ),
 ( #10771, #6384 ),
 ( #3717, #2637 ),
 ( #9941, #4562 ) ),
 .UNSPECIFIED., .F., .F., .F.,
 ( 4, 4 ),
 ( 2, 2 ),
 ( 2.000000000000000000, 3.000000000000000000 ),
 ( 0.0000000000000000000, 1.000000000000000000 ),
 .UNSPECIFIED. ) ;
#5244 = EDGE_LOOP ( 'NONE', ( #8386, #8122, #7947, #8062 ) ) ;
#5245 = CARTESIAN_POINT ( 'NONE',  ( -0.2959646309960232702, -0.5999999999999999778, 0.4910130431234555615 ) ) ;
#5246 = SURFACE_SIDE_STYLE ('',( #2699 ) ) ;
#5247 = SURFACE_SIDE_STYLE ('',( #10775 ) ) ;
#5248 = ORIENTED_EDGE ( 'NONE', *, *, #11485, .F. ) ;
#5249 = EDGE_CURVE ( 'NONE', #5593, #3619, #8326, .T. ) ;
#5250 = CARTESIAN_POINT ( 'NONE',  ( -0.3577782391210452273, -0.5999999999999999778, 0.3725430261382887687 ) ) ;
#5251 = B_SPLINE_SURFACE_WITH_KNOTS ( 'NONE', 3, 1, ( 
 ( #1035, #5758 ),
 ( #7576, #1148 ),
 ( #11143, #6701 ),
 ( #10273, #9397 ) ),
 .UNSPECIFIED., .F., .F., .F.,
 ( 4, 4 ),
 ( 2, 2 ),
 ( 2.000000000000000000, 3.000000000000000000 ),
 ( 0.0000000000000000000, 1.000000000000000000 ),
 .UNSPECIFIED. ) ;
#5252 = ORIENTED_EDGE ( 'NONE', *, *, #4389, .F. ) ;
#5253 =( LENGTH_UNIT ( ) NAMED_UNIT ( * ) SI_UNIT ( .MILLI., .METRE. ) );
#5254 = CARTESIAN_POINT ( 'NONE',  ( -0.4017080110855572594, -0.5999999999999999778, 0.4030703185614989414 ) ) ;
#5255 = CARTESIAN_POINT ( 'NONE',  ( -0.5156590494287112136, -0.6099999999999999867, 0.4868883607492610066 ) ) ;
#5256 = SURFACE_SIDE_STYLE ('',( #10844 ) ) ;
#5257 = MECHANICAL_DESIGN_GEOMETRIC_PRESENTATION_REPRESENTATION (  '', ( #2170 ), #502 ) ;
#5258 = CARTESIAN_POINT ( 'NONE',  ( -0.5642442161535456968, -0.5999999999999999778, 0.3983939599761820993 ) ) ;
#5259 = VECTOR ( 'NONE', #2267, 1000.000000000000000 ) ;
#5260 = PRESENTATION_STYLE_ASSIGNMENT (( #6169 ) ) ;
#5261 = ORIENTED_EDGE ( 'NONE', *, *, #6636, .T. ) ;
#5262 =( NAMED_UNIT ( * ) PLANE_ANGLE_UNIT ( ) SI_UNIT ( $, .RADIAN. ) );
#5263 = FILL_AREA_STYLE_COLOUR ( '', #9015 ) ;
#5264 = SURFACE_STYLE_FILL_AREA ( #5438 ) ;
#5265 = DIRECTION ( 'NONE',  ( 0.0000000000000000000, 0.0000000000000000000, -1.000000000000000000 ) ) ;
#5266 = ORIENTED_EDGE ( 'NONE', *, *, #463, .F. ) ;
#5267 = SURFACE_SIDE_STYLE ('',( #4468 ) ) ;
#5268 = DIRECTION ( 'NONE',  ( -0.0000000000000000000, 0.0000000000000000000, 1.000000000000000000 ) ) ;
#5269 = LINE ( 'NONE', #928, #3778 ) ;
#5270 = CARTESIAN_POINT ( 'NONE',  ( -0.6047318569297144286, -0.6099999999999999867, 0.3888504247926967139 ) ) ;
#5271 = CARTESIAN_POINT ( 'NONE',  ( -0.6999999999999999556, 0.5999999999999999778, 0.5999999999999999778 ) ) ;
#5272 = CARTESIAN_POINT ( 'NONE',  ( -0.3649941590603786312, -0.5999999999999999778, 0.4151107152323129657 ) ) ;
#5273 =( GEOMETRIC_REPRESENTATION_CONTEXT ( 3 ) GLOBAL_UNCERTAINTY_ASSIGNED_CONTEXT ( ( #5902 ) ) GLOBAL_UNIT_ASSIGNED_CONTEXT ( ( #5548, #1853, #2577 ) ) REPRESENTATION_CONTEXT ( 'NONE', 'WORKASPACE' ) );
#5274 = EDGE_CURVE ( 'NONE', #4966, #235, #10721, .T. ) ;
#5275 = DIRECTION ( 'NONE',  ( -0.0000000000000000000, -0.0000000000000000000, 1.000000000000000000 ) ) ;
#5276 = EDGE_LOOP ( 'NONE', ( #6539, #6042, #5843, #1508 ) ) ;
#5277 = UNCERTAINTY_MEASURE_WITH_UNIT (LENGTH_MEASURE( 1.000000000000000082E-05 ), #3480, 'distance_accuracy_value', 'NONE');
#5278 = CARTESIAN_POINT ( 'NONE',  ( -0.4113465669697827787, -0.5999999999999999778, 0.3990152626877707664 ) ) ;
#5279 = CARTESIAN_POINT ( 'NONE',  ( -0.3989838453447220878, -0.5999999999999999778, 0.4113883818919822910 ) ) ;
#5280 = SURFACE_SIDE_STYLE ('',( #6301 ) ) ;
#5281 = DIRECTION ( 'NONE',  ( 0.0000000000000000000, 1.000000000000000000, 0.0000000000000000000 ) ) ;
#5282 = MECHANICAL_DESIGN_GEOMETRIC_PRESENTATION_REPRESENTATION (  '', ( #1216 ), #1422 ) ;
#5283 = PRESENTATION_STYLE_ASSIGNMENT (( #533 ) ) ;
#5284 = ORIENTED_EDGE ( 'NONE', *, *, #5239, .F. ) ;
#5285 = CARTESIAN_POINT ( 'NONE',  ( -0.4380995381566284985, -0.5999999999999999778, 0.4503377134371886470 ) ) ;
#5286 = ORIENTED_EDGE ( 'NONE', *, *, #10377, .T. ) ;
#5287 = PRESENTATION_LAYER_ASSIGNMENT (  '', '', ( #1434 ) ) ;
#5288 = AXIS2_PLACEMENT_3D ( 'NONE', #2876, #2755, #5887 ) ;
#5289 = CARTESIAN_POINT ( 'NONE',  ( -0.2682966728430296599, -0.6099999999999999867, 0.4014482962119525489 ) ) ;
#5290 = ORIENTED_EDGE ( 'NONE', *, *, #9334, .T. ) ;
#5291 = STYLED_ITEM ( 'NONE', ( #9098 ), #10487 ) ;
#5292 = UNCERTAINTY_MEASURE_WITH_UNIT (LENGTH_MEASURE( 1.000000000000000082E-05 ), #6897, 'distance_accuracy_value', 'NONE');
#5293 = SURFACE_STYLE_USAGE ( .BOTH. , #1714 ) ;
#5294 = PRESENTATION_STYLE_ASSIGNMENT (( #1497 ) ) ;
#5295 = CARTESIAN_POINT ( 'NONE',  ( -0.5642442161535456968, -0.6099999999999999867, 0.3795961267584874732 ) ) ;
#5296 = ORIENTED_EDGE ( 'NONE', *, *, #4539, .F. ) ;
#5297 = COLOUR_RGB ( '',1.000000000000000000, 1.000000000000000000, 1.000000000000000000 ) ;
#5298 = DIRECTION ( 'NONE',  ( -1.000000000000000000, 0.0000000000000000000, -0.0000000000000000000 ) ) ;
#5299 = ORIENTED_EDGE ( 'NONE', *, *, #2354, .T. ) ;
#5300 = CARTESIAN_POINT ( 'NONE',  ( -0.4893420873371294166, -0.5999999999999999778, 0.4140106092830085349 ) ) ;
#5301 = STYLED_ITEM ( 'NONE', ( #2595 ), #2678 ) ;
#5302 = CARTESIAN_POINT ( 'NONE',  ( -0.4094750027203268861, -0.5999999999999999778, 0.4753334937455201414 ) ) ;
#5303 =( NAMED_UNIT ( * ) PLANE_ANGLE_UNIT ( ) SI_UNIT ( $, .RADIAN. ) );
#5304 = ORIENTED_EDGE ( 'NONE', *, *, #7582, .T. ) ;
#5305 = ADVANCED_FACE ( 'NONE', ( #11635 ), #4000, .F. ) ;
#5306 = EDGE_CURVE ( 'NONE', #4534, #6239, #10132, .T. ) ;
#5307 = B_SPLINE_CURVE_WITH_KNOTS ( 'NONE', 3,
 ( #10751, #994, #7243, #6249 ),
 .UNSPECIFIED., .F., .F.,
 ( 4, 4 ),
 ( 5.000000000000000000, 6.000000000000000000 ),
 .UNSPECIFIED. ) ;
#5308 = AXIS2_PLACEMENT_3D ( 'NONE', #8549, #4006, #1106 ) ;
#5309 = UNCERTAINTY_MEASURE_WITH_UNIT (LENGTH_MEASURE( 1.000000000000000082E-05 ), #2172, 'distance_accuracy_value', 'NONE');
#5310 = ORIENTED_EDGE ( 'NONE', *, *, #6573, .T. ) ;
#5311 = COLOUR_RGB ( '',1.000000000000000000, 1.000000000000000000, 1.000000000000000000 ) ;
#5312 = CARTESIAN_POINT ( 'NONE',  ( -0.4893420873371294166, -0.5999999999999999778, 0.4258677051850371376 ) ) ;
#5313 = ORIENTED_EDGE ( 'NONE', *, *, #2501, .T. ) ;
#5314 = VECTOR ( 'NONE', #3747, 1000.000000000000000 ) ;
#5315 = LINE ( 'NONE', #1685, #1669 ) ;
#5316 = CARTESIAN_POINT ( 'NONE',  ( -0.6559198049743579784, -0.5999999999999999778, 0.4316516538674262105 ) ) ;
#5317 = EDGE_CURVE ( 'NONE', #7681, #4359, #7493, .T. ) ;
#5318 = VECTOR ( 'NONE', #3011, 1000.000000000000000 ) ;
#5319 = CARTESIAN_POINT ( 'NONE',  ( -0.3758180389692417633, -0.5999999999999999778, 0.4063143632603143929 ) ) ;
#5320 = CARTESIAN_POINT ( 'NONE',  ( -0.6203485117526829073, -0.6099999999999999867, 0.4056238958291003005 ) ) ;
#5321 = CARTESIAN_POINT ( 'NONE',  ( -0.3236949746242013259, -0.5999999999999999778, 0.4825078233679716000 ) ) ;
#5322 = ORIENTED_EDGE ( 'NONE', *, *, #7273, .F. ) ;
#5323 = CARTESIAN_POINT ( 'NONE',  ( -0.6090698129254329407, -0.5999999999999999778, 0.4785016348842049405 ) ) ;
#5324 = SURFACE_STYLE_FILL_AREA ( #6174 ) ;
#5325 = CARTESIAN_POINT ( 'NONE',  ( -0.2682966728430296599, -0.6099999999999999867, 0.4065223148436186151 ) ) ;
#5326 = DIRECTION ( 'NONE',  ( 1.000000000000000000, -0.0000000000000000000, -0.0000000000000000000 ) ) ;
#5327 = DIRECTION ( 'NONE',  ( -0.0000000000000000000, 0.0000000000000000000, -1.000000000000000000 ) ) ;
#5328 = CARTESIAN_POINT ( 'NONE',  ( -0.3202013880251991518, -0.6099999999999999867, 0.4087889871011015086 ) ) ;
#5329 =( GEOMETRIC_REPRESENTATION_CONTEXT ( 3 ) GLOBAL_UNCERTAINTY_ASSIGNED_CONTEXT ( ( #4563 ) ) GLOBAL_UNIT_ASSIGNED_CONTEXT ( ( #3627, #8038, #4891 ) ) REPRESENTATION_CONTEXT ( 'NONE', 'WORKASPACE' ) );
#5330 =( GEOMETRIC_REPRESENTATION_CONTEXT ( 3 ) GLOBAL_UNCERTAINTY_ASSIGNED_CONTEXT ( ( #7664 ) ) GLOBAL_UNIT_ASSIGNED_CONTEXT ( ( #9059, #1594, #652 ) ) REPRESENTATION_CONTEXT ( 'NONE', 'WORKASPACE' ) );
#5331 = VECTOR ( 'NONE', #2580, 999.9999999999998863 ) ;
#5332 = FILL_AREA_STYLE ('',( #10642 ) ) ;
#5333 = DIRECTION ( 'NONE',  ( 0.9345104387438677440, 0.0000000000000000000, -0.3559357243643069824 ) ) ;
#5334 = EDGE_LOOP ( 'NONE', ( #4457, #5074, #9322, #3836 ) ) ;
#5335 =( NAMED_UNIT ( * ) SI_UNIT ( $, .STERADIAN. ) SOLID_ANGLE_UNIT ( ) );
#5336 = STYLED_ITEM ( 'NONE', ( #10131 ), #4220 ) ;
#5337 = CARTESIAN_POINT ( 'NONE',  ( -0.3811000091840733850, -0.6099999999999999867, 0.3868292999085612416 ) ) ;
#5338 = CARTESIAN_POINT ( 'NONE',  ( -0.2939994885342057662, -0.6099999999999999867, 0.4829653168511844896 ) ) ;
#5339 = VECTOR ( 'NONE', #674, 1000.000000000000227 ) ;
#5340 = EDGE_CURVE ( 'NONE', #4646, #10712, #5193, .T. ) ;
#5341 = SURFACE_SIDE_STYLE ('',( #9049 ) ) ;
#5342 = EDGE_CURVE ( 'NONE', #841, #8664, #6095, .T. ) ;
#5343 = CARTESIAN_POINT ( 'NONE',  ( -0.5243349834841637414, -0.5999999999999999778, 0.4035995005517841183 ) ) ;
#5344 = FILL_AREA_STYLE_COLOUR ( '', #8103 ) ;
#5345 = VERTEX_POINT ( 'NONE', #6861 ) ;
#5346 = SURFACE_SIDE_STYLE ('',( #8997 ) ) ;
#5347 = CARTESIAN_POINT ( 'NONE',  ( -0.3845312103078911137, -0.5999999999999999778, 0.4845457488841256599 ) ) ;
#5348 = SURFACE_SIDE_STYLE ('',( #4427 ) ) ;
#5349 = STYLED_ITEM ( 'NONE', ( #6755 ), #3265 ) ;
#5350 = ORIENTED_EDGE ( 'NONE', *, *, #1358, .F. ) ;
#5351 = COLOUR_RGB ( '',0.7529411764705882248, 0.7529411764705882248, 0.7529411764705882248 ) ;
#5352 = CARTESIAN_POINT ( 'NONE',  ( -0.2726428609329952235, -0.6099999999999999867, 0.3946898697558311464 ) ) ;
#5353 = B_SPLINE_CURVE_WITH_KNOTS ( 'NONE', 3,
 ( #2348, #9425, #4159, #1321 ),
 .UNSPECIFIED., .F., .F.,
 ( 4, 4 ),
 ( 18.00000000000000000, 19.00000000000000000 ),
 .UNSPECIFIED. ) ;
#5354 = ORIENTED_EDGE ( 'NONE', *, *, #5668, .T. ) ;
#5355 = FILL_AREA_STYLE ('',( #1840 ) ) ;
#5356 = PLANE ( 'NONE',  #8805 ) ;
#5357 =( NAMED_UNIT ( * ) SI_UNIT ( $, .STERADIAN. ) SOLID_ANGLE_UNIT ( ) );
#5358 =( NAMED_UNIT ( * ) SI_UNIT ( $, .STERADIAN. ) SOLID_ANGLE_UNIT ( ) );
#5359 = CARTESIAN_POINT ( 'NONE',  ( -0.3930988155384208538, -0.6099999999999999867, 0.3903020913489827493 ) ) ;
#5360 = ORIENTED_EDGE ( 'NONE', *, *, #665, .F. ) ;
#5361 = STYLED_ITEM ( 'NONE', ( #6618 ), #6282 ) ;
#5362 = CARTESIAN_POINT ( 'NONE',  ( -0.2394121979273902967, -0.6099999999999999867, 0.4264856668368887105 ) ) ;
#5363 = CARTESIAN_POINT ( 'NONE',  ( -0.4328487606792498221, -0.5999999999999999778, 0.4087889871011015641 ) ) ;
#5364 = CARTESIAN_POINT ( 'NONE',  ( -0.5549898960555990080, -0.5999999999999999778, 0.5019266281507344107 ) ) ;
#5365 = ORIENTED_EDGE ( 'NONE', *, *, #4115, .F. ) ;
#5366 = CARTESIAN_POINT ( 'NONE',  ( -0.3732394393368034802, -0.6099999999999999867, 0.4110348642002829012 ) ) ;
#5367 = B_SPLINE_CURVE_WITH_KNOTS ( 'NONE', 3,
 ( #9442, #2245, #7624, #3083 ),
 .UNSPECIFIED., .F., .F.,
 ( 4, 4 ),
 ( 0.0000000000000000000, 1.000000000000000000 ),
 .UNSPECIFIED. ) ;
#5368 =( LENGTH_UNIT ( ) NAMED_UNIT ( * ) SI_UNIT ( .MILLI., .METRE. ) );
#5369 = CARTESIAN_POINT ( 'NONE',  ( -0.3441574104172900328, -0.5999999999999999778, 0.3929846667730740317 ) ) ;
#5370 = ORIENTED_EDGE ( 'NONE', *, *, #2383, .T. ) ;
#5371 = LINE ( 'NONE', #5250, #7943 ) ;
#5372 = LINE ( 'NONE', #11703, #7778 ) ;
#5373 = ORIENTED_EDGE ( 'NONE', *, *, #11394, .T. ) ;
#5374 = EDGE_CURVE ( 'NONE', #7758, #5069, #7951, .T. ) ;
#5375 = DIRECTION ( 'NONE',  ( -0.0000000000000000000, 1.000000000000000000, -0.0000000000000000000 ) ) ;
#5376 =( NAMED_UNIT ( * ) SI_UNIT ( $, .STERADIAN. ) SOLID_ANGLE_UNIT ( ) );
#5377 = ORIENTED_EDGE ( 'NONE', *, *, #7911, .T. ) ;
#5378 = PRESENTATION_STYLE_ASSIGNMENT (( #2489 ) ) ;
#5379 = CARTESIAN_POINT ( 'NONE',  ( -0.3754437261193778186, -0.5999999999999999778, 0.4054201714521927791 ) ) ;
#5380 = DIRECTION ( 'NONE',  ( -0.0000000000000000000, 1.000000000000000000, -0.0000000000000000000 ) ) ;
#5381 = MECHANICAL_DESIGN_GEOMETRIC_PRESENTATION_REPRESENTATION (  '', ( #7459 ), #3087 ) ;
#5382 = ORIENTED_EDGE ( 'NONE', *, *, #9951, .F. ) ;
#5383 = CARTESIAN_POINT ( 'NONE',  ( -0.4796539694331158343, -0.6099999999999999867, 0.4496541924860931183 ) ) ;
#5384 = FACE_OUTER_BOUND ( 'NONE', #10817, .T. ) ;
#5385 = CARTESIAN_POINT ( 'NONE',  ( -0.3810688164466189964, -0.5999999999999999778, 0.4070213986434373377 ) ) ;
#5386 = CARTESIAN_POINT ( 'NONE',  ( -0.6087806143881820953, -0.6099999999999999867, 0.4611498053853264611 ) ) ;
#5387 = PLANE ( 'NONE',  #1274 ) ;
#5388 = EDGE_CURVE ( 'NONE', #7641, #8547, #5115, .T. ) ;
#5389 = FACE_BOUND ( 'NONE', #10563, .T. ) ;
#5390 = SURFACE_STYLE_FILL_AREA ( #696 ) ;
#5391 = B_SPLINE_CURVE_WITH_KNOTS ( 'NONE', 3,
 ( #1576, #7061, #6871, #4277 ),
 .UNSPECIFIED., .F., .F.,
 ( 4, 4 ),
 ( 2.000000000000000000, 3.000000000000000000 ),
 .UNSPECIFIED. ) ;
#5392 = CARTESIAN_POINT ( 'NONE',  ( -0.2547174344558781889, -0.5999999999999999778, 0.3858103371506220181 ) ) ;
#5393 = LINE ( 'NONE', #7464, #11504 ) ;
#5394 = VERTEX_POINT ( 'NONE', #6202 ) ;
#5395 = UNCERTAINTY_MEASURE_WITH_UNIT (LENGTH_MEASURE( 1.000000000000000082E-05 ), #1781, 'distance_accuracy_value', 'NONE');
#5396 = CARTESIAN_POINT ( 'NONE',  ( -0.3554387838093639451, -0.6099999999999999867, 0.4863341325000934967 ) ) ;
#5397 = VECTOR ( 'NONE', #10561, 1000.000000000000000 ) ;
#5398 = EDGE_CURVE ( 'NONE', #3122, #11616, #2476, .T. ) ;
#5399 = CARTESIAN_POINT ( 'NONE',  ( -0.3732186441783614250, -0.6099999999999999867, 0.3851240969258026281 ) ) ;
#5400 = ORIENTED_EDGE ( 'NONE', *, *, #9536, .T. ) ;
#5401 = B_SPLINE_CURVE_WITH_KNOTS ( 'NONE', 3,
 ( #1733, #4281, #1682, #10720 ),
 .UNSPECIFIED., .F., .F.,
 ( 4, 4 ),
 ( 8.000000000000000000, 9.000000000000000000 ),
 .UNSPECIFIED. ) ;
#5402 = CARTESIAN_POINT ( 'NONE',  ( -0.4061789701256164342, -0.5999999999999999778, 0.3955840615639528712 ) ) ;
#5403 = CARTESIAN_POINT ( 'NONE',  ( -0.4328487606792498221, -0.6099999999999999867, 0.4041308716360421660 ) ) ;
#5404 = EDGE_LOOP ( 'NONE', ( #2095, #9550, #115, #7300 ) ) ;
#5405 = MECHANICAL_DESIGN_GEOMETRIC_PRESENTATION_REPRESENTATION (  '', ( #10847 ), #2694 ) ;
#5406 = EDGE_CURVE ( 'NONE', #6527, #5088, #10426, .T. ) ;
#5407 = EDGE_CURVE ( 'NONE', #6011, #2811, #2524, .T. ) ;
#5408 = SURFACE_STYLE_FILL_AREA ( #2737 ) ;
#5409 = ORIENTED_EDGE ( 'NONE', *, *, #6204, .F. ) ;
#5410 = UNCERTAINTY_MEASURE_WITH_UNIT (LENGTH_MEASURE( 1.000000000000000082E-05 ), #4204, 'distance_accuracy_value', 'NONE');
#5411 = PRESENTATION_STYLE_ASSIGNMENT (( #1777 ) ) ;
#5412 = PLANE ( 'NONE',  #2062 ) ;
#5413 = CARTESIAN_POINT ( 'NONE',  ( -0.3727195603785443123, -0.5999999999999999778, 0.3892831285910451911 ) ) ;
#5414 = CARTESIAN_POINT ( 'NONE',  ( -0.2848080285539025813, -0.6099999999999999867, 0.4614631231418551693 ) ) ;
#5415 = ORIENTED_EDGE ( 'NONE', *, *, #4237, .F. ) ;
#5416 = CARTESIAN_POINT ( 'NONE',  ( -0.3930988155384208538, -0.6099999999999999867, 0.3903020913489827493 ) ) ;
#5417 = SURFACE_STYLE_USAGE ( .BOTH. , #6433 ) ;
#5418 = CARTESIAN_POINT ( 'NONE',  ( -0.3056551747761435678, -0.6099999999999999867, 0.4087889871011015086 ) ) ;
#5419 = FACE_BOUND ( 'NONE', #4467, .T. ) ;
#5420 = VERTEX_POINT ( 'NONE', #3366 ) ;
#5421 = ADVANCED_FACE ( 'NONE', ( #2291 ), #9715, .F. ) ;
#5422 = FACE_OUTER_BOUND ( 'NONE', #6382, .T. ) ;
#5423 = UNCERTAINTY_MEASURE_WITH_UNIT (LENGTH_MEASURE( 1.000000000000000082E-05 ), #7697, 'distance_accuracy_value', 'NONE');
#5424 = CARTESIAN_POINT ( 'NONE',  ( -0.3192344131630175941, -0.5999999999999999778, 0.4710496911301855216 ) ) ;
#5425 = FACE_OUTER_BOUND ( 'NONE', #5848, .T. ) ;
#5426 = CARTESIAN_POINT ( 'NONE',  ( -0.3687164924007109712, -0.5999999999999999778, 0.3892831285910451911 ) ) ;
#5427 = ORIENTED_EDGE ( 'NONE', *, *, #3966, .F. ) ;
#5428 = ORIENTED_EDGE ( 'NONE', *, *, #11229, .T. ) ;
#5429 = PRESENTATION_STYLE_ASSIGNMENT (( #4393 ) ) ;
#5430 = PRESENTATION_STYLE_ASSIGNMENT (( #8203 ) ) ;
#5431 = CARTESIAN_POINT ( 'NONE',  ( -0.3649941590603786312, -0.5999999999999999778, 0.4151107152323129657 ) ) ;
#5432 = VECTOR ( 'NONE', #3365, 1000.000000000000000 ) ;
#5433 = CARTESIAN_POINT ( 'NONE',  ( -0.3747054979988023726, -0.6099999999999999867, 0.4047755215442560006 ) ) ;
#5434 = PLANE ( 'NONE',  #2971 ) ;
#5435 = CARTESIAN_POINT ( 'NONE',  ( -0.3941177782963601328, -0.6099999999999999867, 0.4869579872497272754 ) ) ;
#5436 = ORIENTED_EDGE ( 'NONE', *, *, #8181, .T. ) ;
#5437 = FILL_AREA_STYLE_COLOUR ( '', #7200 ) ;
#5438 = FILL_AREA_STYLE ('',( #10794 ) ) ;
#5439 = DIRECTION ( 'NONE',  ( 0.0000000000000000000, 0.0000000000000000000, -1.000000000000000000 ) ) ;
#5440 = PRESENTATION_STYLE_ASSIGNMENT (( #2660 ) ) ;
#5441 = CARTESIAN_POINT ( 'NONE',  ( -0.3588283946165762295, -0.5999999999999999778, 0.4148611733324051309 ) ) ;
#5442 = CARTESIAN_POINT ( 'NONE',  ( -0.3758180389692417633, -0.6099999999999999867, 0.4063143632603143929 ) ) ;
#5443 = FILL_AREA_STYLE_COLOUR ( '', #6069 ) ;
#5444 = B_SPLINE_SURFACE_WITH_KNOTS ( 'NONE', 3, 1, ( 
 ( #5126, #9837 ),
 ( #1725, #4505 ),
 ( #3607, #9779 ),
 ( #1614, #6330 ) ),
 .UNSPECIFIED., .F., .F., .F.,
 ( 4, 4 ),
 ( 2, 2 ),
 ( 0.0000000000000000000, 1.000000000000000000 ),
 ( 0.0000000000000000000, 1.000000000000000000 ),
 .UNSPECIFIED. ) ;
#5445 = AXIS2_PLACEMENT_3D ( 'NONE', #9651, #365, #5055 ) ;
#5446 = EDGE_CURVE ( 'NONE', #9468, #1294, #18, .T. ) ;
#5447 = EDGE_CURVE ( 'NONE', #8682, #4865, #9131, .T. ) ;
#5448 =( LENGTH_UNIT ( ) NAMED_UNIT ( * ) SI_UNIT ( .MILLI., .METRE. ) );
#5449 = B_SPLINE_CURVE_WITH_KNOTS ( 'NONE', 3,
 ( #5195, #612, #11477, #432 ),
 .UNSPECIFIED., .F., .F.,
 ( 4, 4 ),
 ( 6.000000000000000000, 7.000000000000000000 ),
 .UNSPECIFIED. ) ;
#5450 = CARTESIAN_POINT ( 'NONE',  ( -0.4328487606792498221, -0.6099999999999999867, 0.4218067562135269788 ) ) ;
#5451 = EDGE_LOOP ( 'NONE', ( #9052, #8151, #3979, #10690 ) ) ;
#5452 = PRESENTATION_STYLE_ASSIGNMENT (( #1762 ) ) ;
#5453 = CARTESIAN_POINT ( 'NONE',  ( -0.3762339421357098201, -0.6099999999999999867, 0.3851240969258026281 ) ) ;
#5454 = CARTESIAN_POINT ( 'NONE',  ( -0.3449164336961676458, -0.5999999999999999778, 0.3906348138821028604 ) ) ;
#5455 = COLOUR_RGB ( '',1.000000000000000000, 1.000000000000000000, 1.000000000000000000 ) ;
#5456 = CARTESIAN_POINT ( 'NONE',  ( -0.2937499466342964882, -0.6099999999999999867, 0.4836307619177003803 ) ) ;
#5457 = ORIENTED_EDGE ( 'NONE', *, *, #3735, .T. ) ;
#5458 = COLOUR_RGB ( '',1.000000000000000000, 1.000000000000000000, 1.000000000000000000 ) ;
#5459 = CARTESIAN_POINT ( 'NONE',  ( -0.2958918479416860481, -0.5999999999999999778, 0.4264856668368886550 ) ) ;
#5460 = EDGE_LOOP ( 'NONE', ( #5233, #4205, #8411, #6932 ) ) ;
#5461 = EDGE_CURVE ( 'NONE', #11396, #1794, #3710, .T. ) ;
#5462 = COLOUR_RGB ( '',1.000000000000000000, 1.000000000000000000, 1.000000000000000000 ) ;
#5463 = CARTESIAN_POINT ( 'NONE',  ( -0.4056278984300413226, -0.5999999999999999778, 0.4146324265907977424 ) ) ;
#5464 = COLOUR_RGB ( '',1.000000000000000000, 1.000000000000000000, 1.000000000000000000 ) ;
#5465 = ORIENTED_EDGE ( 'NONE', *, *, #4279, .T. ) ;
#5466 = CARTESIAN_POINT ( 'NONE',  ( -0.4097661349369801642, -0.5999999999999999778, 0.4552037804855516567 ) ) ;
#5467 = CARTESIAN_POINT ( 'NONE',  ( -0.2508079446905467358, -0.6099999999999999867, 0.3969357468550108181 ) ) ;
#5468 = FILL_AREA_STYLE_COLOUR ( '', #10615 ) ;
#5469 = UNCERTAINTY_MEASURE_WITH_UNIT (LENGTH_MEASURE( 1.000000000000000082E-05 ), #6649, 'distance_accuracy_value', 'NONE');
#5470 = DIRECTION ( 'NONE',  ( 1.000000000000000000, -0.0000000000000000000, -0.0000000000000000000 ) ) ;
#5471 = ORIENTED_EDGE ( 'NONE', *, *, #1504, .T. ) ;
#5472 =( NAMED_UNIT ( * ) PLANE_ANGLE_UNIT ( ) SI_UNIT ( $, .RADIAN. ) );
#5473 = CARTESIAN_POINT ( 'NONE',  ( -0.3778039765893612678, -0.5999999999999999778, 0.4132183558245551280 ) ) ;
#5474 = VECTOR ( 'NONE', #3089, 1000.000000000000000 ) ;
#5475 = COLOUR_RGB ( '',0.2509803921568627416, 0.2509803921568627416, 0.2509803921568627416 ) ;
#5476 = VERTEX_POINT ( 'NONE', #8123 ) ;
#5477 = CARTESIAN_POINT ( 'NONE',  ( -0.4105147606367068325, -0.5999999999999999778, 0.3889296108993458012 ) ) ;
#5478 = B_SPLINE_CURVE_WITH_KNOTS ( 'NONE', 3,
 ( #1054, #7537, #8379, #7598 ),
 .UNSPECIFIED., .F., .F.,
 ( 4, 4 ),
 ( 11.00000000000000000, 12.00000000000000000 ),
 .UNSPECIFIED. ) ;
#5479 = SURFACE_SIDE_STYLE ('',( #3492 ) ) ;
#5480 = LINE ( 'NONE', #1791, #5331 ) ;
#5481 = PRESENTATION_LAYER_ASSIGNMENT (  '', '', ( #7385 ) ) ;
#5482 = ORIENTED_EDGE ( 'NONE', *, *, #4114, .T. ) ;
#5483 = FILL_AREA_STYLE ('',( #9897 ) ) ;
#5484 = ORIENTED_EDGE ( 'NONE', *, *, #11017, .T. ) ;
#5485 = EDGE_CURVE ( 'NONE', #9174, #8254, #8007, .T. ) ;
#5486 = EDGE_CURVE ( 'NONE', #5651, #3624, #2573, .T. ) ;
#5487 = CARTESIAN_POINT ( 'NONE',  ( -0.3035756589433836750, -0.6099999999999999867, 0.3858103371506220181 ) ) ;
#5488 = SURFACE_STYLE_USAGE ( .BOTH. , #5256 ) ;
#5489 = PRESENTATION_LAYER_ASSIGNMENT (  '', '', ( #1811 ) ) ;
#5490 = VECTOR ( 'NONE', #8498, 1000.000000000000000 ) ;
#5491 = STYLED_ITEM ( 'NONE', ( #6286 ), #8611 ) ;
#5492 = FILL_AREA_STYLE_COLOUR ( '', #3368 ) ;
#5493 = CARTESIAN_POINT ( 'NONE',  ( -0.2939994885342057662, -0.5999999999999999778, 0.4829653168511845451 ) ) ;
#5494 = B_SPLINE_CURVE_WITH_KNOTS ( 'NONE', 3,
 ( #1717, #603, #8910, #3536, #2523, #2474, #8063 ),
 .UNSPECIFIED., .F., .F.,
 ( 4, 3, 4 ),
 ( 0.0000000000000000000, 1.000000000000000000, 2.000000000000000000 ),
 .UNSPECIFIED. ) ;
#5495 =( NAMED_UNIT ( * ) PLANE_ANGLE_UNIT ( ) SI_UNIT ( $, .RADIAN. ) );
#5496 = STYLED_ITEM ( 'NONE', ( #1607 ), #4975 ) ;
#5497 = VERTEX_POINT ( 'NONE', #9066 ) ;
#5498 = CARTESIAN_POINT ( 'NONE',  ( -0.2847352454998429705, -0.5999999999999999778, 0.3904476574573795822 ) ) ;
#5499 = DIRECTION ( 'NONE',  ( 1.000000000000000000, -0.0000000000000000000, -0.0000000000000000000 ) ) ;
#5500 = LINE ( 'NONE', #3621, #6738 ) ;
#5501 = CARTESIAN_POINT ( 'NONE',  ( -0.3941697661922550222, -0.5999999999999999778, 0.4916992833482745073 ) ) ;
#5502 = ORIENTED_EDGE ( 'NONE', *, *, #11503, .F. ) ;
#5503 = CARTESIAN_POINT ( 'NONE',  ( -0.2430617482139403318, -0.6099999999999997646, 0.4184379405646173056 ) ) ;
#5504 = MECHANICAL_DESIGN_GEOMETRIC_PRESENTATION_REPRESENTATION (  '', ( #9076 ), #319 ) ;
#5505 = CARTESIAN_POINT ( 'NONE',  ( -0.5549898960555990080, -0.5999999999999999778, 0.5019266281507344107 ) ) ;
#5506 =( NAMED_UNIT ( * ) PLANE_ANGLE_UNIT ( ) SI_UNIT ( $, .RADIAN. ) );
#5507 = EDGE_CURVE ( 'NONE', #382, #1723, #4614, .T. ) ;
#5508 = STYLED_ITEM ( 'NONE', ( #2677 ), #9042 ) ;
#5509 = MECHANICAL_DESIGN_GEOMETRIC_PRESENTATION_REPRESENTATION (  '', ( #2801 ), #3388 ) ;
#5510 = DIRECTION ( 'NONE',  ( -0.0000000000000000000, -0.0000000000000000000, 1.000000000000000000 ) ) ;
#5511 = CARTESIAN_POINT ( 'NONE',  ( -0.6087806143881820953, -0.5999999999999999778, 0.4611498053853264611 ) ) ;
#5512 = CARTESIAN_POINT ( 'NONE',  ( -0.3711391283457417534, -0.5999999999999999778, 0.4549750337439453785 ) ) ;
#5513 = ORIENTED_EDGE ( 'NONE', *, *, #11394, .F. ) ;
#5514 = VECTOR ( 'NONE', #1694, 1000.000000000000000 ) ;
#5515 = CARTESIAN_POINT ( 'NONE',  ( -0.3752981600109826510, -0.5999999999999999778, 0.4095999982757371205 ) ) ;
#5516 = CARTESIAN_POINT ( 'NONE',  ( -0.3989838453447220878, -0.6099999999999999867, 0.4113883818919822910 ) ) ;
#5517 = FILL_AREA_STYLE_COLOUR ( '', #10858 ) ;
#5518 = VECTOR ( 'NONE', #8460, 1000.000000000000114 ) ;
#5519 = DIRECTION ( 'NONE',  ( -0.8631877589412175755, 0.0000000000000000000, -0.5048830486499209513 ) ) ;
#5520 = ORIENTED_EDGE ( 'NONE', *, *, #4060, .T. ) ;
#5521 = EDGE_CURVE ( 'NONE', #2441, #6019, #7136, .T. ) ;
#5522 = FILL_AREA_STYLE_COLOUR ( '', #6156 ) ;
#5523 = LINE ( 'NONE', #3697, #5924 ) ;
#5524 = EDGE_CURVE ( 'NONE', #1673, #7151, #7594, .T. ) ;
#5525 = SURFACE_SIDE_STYLE ('',( #1833 ) ) ;
#5526 = STYLED_ITEM ( 'NONE', ( #10176 ), #9730 ) ;
#5527 = ORIENTED_EDGE ( 'NONE', *, *, #2390, .T. ) ;
#5528 = VECTOR ( 'NONE', #2071, 1000.000000000000000 ) ;
#5529 = VECTOR ( 'NONE', #4455, 1000.000000000000000 ) ;
#5530 = CARTESIAN_POINT ( 'NONE',  ( -0.3531305212351366629, -0.5999999999999999778, 0.4148611733324051309 ) ) ;
#5531 = CARTESIAN_POINT ( 'NONE',  ( -0.4149857196769028977, -0.5999999999999999778, 0.4699059574221539637 ) ) ;
#5532 = VECTOR ( 'NONE', #7424, 1000.000000000000000 ) ;
#5533 = EDGE_LOOP ( 'NONE', ( #7134, #3248, #9887, #3724 ) ) ;
#5534 = UNCERTAINTY_MEASURE_WITH_UNIT (LENGTH_MEASURE( 1.000000000000000082E-05 ), #11235, 'distance_accuracy_value', 'NONE');
#5535 = SURFACE_STYLE_FILL_AREA ( #5355 ) ;
#5536 = CARTESIAN_POINT ( 'NONE',  ( -0.3757140631775905959, -0.5999999999999999778, 0.3892831285910451911 ) ) ;
#5537 = FACE_OUTER_BOUND ( 'NONE', #5974, .T. ) ;
#5538 = STYLED_ITEM ( 'NONE', ( #3829 ), #9929 ) ;
#5539 = ORIENTED_EDGE ( 'NONE', *, *, #9112, .T. ) ;
#5540 = SURFACE_STYLE_USAGE ( .BOTH. , #9936 ) ;
#5541 = EDGE_CURVE ( 'NONE', #6888, #772, #3111, .T. ) ;
#5542 = CARTESIAN_POINT ( 'NONE',  ( -0.4048272848344182107, -0.6099999999999999867, 0.3976843725547389852 ) ) ;
#5543 =( GEOMETRIC_REPRESENTATION_CONTEXT ( 3 ) GLOBAL_UNCERTAINTY_ASSIGNED_CONTEXT ( ( #1789 ) ) GLOBAL_UNIT_ASSIGNED_CONTEXT ( ( #2438, #443, #7691 ) ) REPRESENTATION_CONTEXT ( 'NONE', 'WORKASPACE' ) );
#5544 = LINE ( 'NONE', #4620, #2308 ) ;
#5545 = AXIS2_PLACEMENT_3D ( 'NONE', #870, #7227, #6523 ) ;
#5546 = ORIENTED_EDGE ( 'NONE', *, *, #8472, .T. ) ;
#5547 = COLOUR_RGB ( '',1.000000000000000000, 1.000000000000000000, 1.000000000000000000 ) ;
#5548 =( LENGTH_UNIT ( ) NAMED_UNIT ( * ) SI_UNIT ( .MILLI., .METRE. ) );
#5549 = UNCERTAINTY_MEASURE_WITH_UNIT (LENGTH_MEASURE( 1.000000000000000082E-05 ), #694, 'distance_accuracy_value', 'NONE');
#5550 = CARTESIAN_POINT ( 'NONE',  ( -0.3441574104172900328, -0.5999999999999999778, 0.3929846667730740317 ) ) ;
#5551 = SURFACE_STYLE_FILL_AREA ( #847 ) ;
#5552 = ORIENTED_EDGE ( 'NONE', *, *, #10589, .T. ) ;
#5553 = DIRECTION ( 'NONE',  ( -0.0000000000000000000, -0.0000000000000000000, 1.000000000000000000 ) ) ;
#5554 = SURFACE_SIDE_STYLE ('',( #10244 ) ) ;
#5555 = B_SPLINE_SURFACE_WITH_KNOTS ( 'NONE', 3, 1, ( 
 ( #3081, #6639 ),
 ( #5574, #2070 ),
 ( #8466, #7352 ),
 ( #10037, #4655 ) ),
 .UNSPECIFIED., .F., .F., .F.,
 ( 4, 4 ),
 ( 2, 2 ),
 ( 1.000000000000000000, 2.000000000000000000 ),
 ( 0.0000000000000000000, 1.000000000000000000 ),
 .UNSPECIFIED. ) ;
#5556 = ORIENTED_EDGE ( 'NONE', *, *, #9093, .T. ) ;
#5557 = FILL_AREA_STYLE_COLOUR ( '', #11710 ) ;
#5558 =( NAMED_UNIT ( * ) SI_UNIT ( $, .STERADIAN. ) SOLID_ANGLE_UNIT ( ) );
#5559 = CARTESIAN_POINT ( 'NONE',  ( -0.3697562503170909731, -0.5999999999999999778, 0.4155266183989210771 ) ) ;
#5560 = B_SPLINE_CURVE_WITH_KNOTS ( 'NONE', 3,
 ( #3926, #8359, #2138, #10926 ),
 .UNSPECIFIED., .F., .F.,
 ( 4, 4 ),
 ( 0.0000000000000000000, 1.000000000000000000 ),
 .UNSPECIFIED. ) ;
#5561 = CARTESIAN_POINT ( 'NONE',  ( -0.3198478703337772067, -0.5999999999999999778, 0.4856270971169719952 ) ) ;
#5562 = ADVANCED_FACE ( 'NONE', ( #1903 ), #7528, .T. ) ;
#5563 = EDGE_CURVE ( 'NONE', #3063, #9925, #4543, .T. ) ;
#5564 = CARTESIAN_POINT ( 'NONE',  ( -0.5101643047997156399, -0.6099999999999999867, 0.4033103075305376484 ) ) ;
#5565 = CARTESIAN_POINT ( 'NONE',  ( -0.3667097596222881339, -0.5999999999999999778, 0.3932134135146798104 ) ) ;
#5566 = CARTESIAN_POINT ( 'NONE',  ( -0.6087806143881820953, -0.5999999999999999778, 0.4611498053853264611 ) ) ;
#5567 = ORIENTED_EDGE ( 'NONE', *, *, #6181, .T. ) ;
#5568 = CARTESIAN_POINT ( 'NONE',  ( -0.3577782391210452273, -0.5999999999999999778, 0.3770763706535322224 ) ) ;
#5569 = CARTESIAN_POINT ( 'NONE',  ( -0.5266485497187101128, -0.5999999999999999778, 0.4964318769715881929 ) ) ;
#5570 = FILL_AREA_STYLE_COLOUR ( '', #4894 ) ;
#5571 = DIRECTION ( 'NONE',  ( -0.0000000000000000000, 1.000000000000000000, 0.0000000000000000000 ) ) ;
#5572 =( NAMED_UNIT ( * ) SI_UNIT ( $, .STERADIAN. ) SOLID_ANGLE_UNIT ( ) );
#5573 = DIRECTION ( 'NONE',  ( -0.0000000000000000000, 1.000000000000000000, -0.0000000000000000000 ) ) ;
#5574 = CARTESIAN_POINT ( 'NONE',  ( -0.3880040017484512882, -0.6099999999999999867, 0.4118666705334974587 ) ) ;
#5575 = CARTESIAN_POINT ( 'NONE',  ( -0.3880040017484512882, -0.6099999999999999867, 0.3858103371506220181 ) ) ;
#5576 = VERTEX_POINT ( 'NONE', #821 ) ;
#5577 = CARTESIAN_POINT ( 'NONE',  ( -0.2420427854560011083, -0.6099999999999999867, 0.4199351919640710307 ) ) ;
#5578 = FILL_AREA_STYLE ('',( #4594 ) ) ;
#5579 = SURFACE_STYLE_USAGE ( .BOTH. , #4844 ) ;
#5580 = STYLED_ITEM ( 'NONE', ( #11444 ), #436 ) ;
#5581 = SURFACE_STYLE_FILL_AREA ( #7356 ) ;
#5582 = CARTESIAN_POINT ( 'NONE',  ( -0.3545133992639263321, -0.6099999999999999867, 0.4549750337439453785 ) ) ;
#5583 = CARTESIAN_POINT ( 'NONE',  ( -0.2939994885342057662, -0.6099999999999999867, 0.4829653168511845451 ) ) ;
#5584 = LINE ( 'NONE', #1268, #5339 ) ;
#5585 = EDGE_LOOP ( 'NONE', ( #8599, #10996, #5700, #11426 ) ) ;
#5586 = MECHANICAL_DESIGN_GEOMETRIC_PRESENTATION_REPRESENTATION (  '', ( #11570 ), #394 ) ;
#5587 = CARTESIAN_POINT ( 'NONE',  ( -0.3207212669835971530, -0.5999999999999999778, 0.4799500188939741507 ) ) ;
#5588 = PRESENTATION_LAYER_ASSIGNMENT (  '', '', ( #2687 ) ) ;
#5589 = ORIENTED_EDGE ( 'NONE', *, *, #7072, .F. ) ;
#5590 = COLOUR_RGB ( '',1.000000000000000000, 1.000000000000000000, 1.000000000000000000 ) ;
#5591 = DIRECTION ( 'NONE',  ( -0.0000000000000000000, 1.000000000000000000, -0.0000000000000000000 ) ) ;
#5592 = MECHANICAL_DESIGN_GEOMETRIC_PRESENTATION_REPRESENTATION (  '', ( #2509 ), #11210 ) ;
#5593 = VERTEX_POINT ( 'NONE', #10867 ) ;
#5594 = EDGE_CURVE ( 'NONE', #4012, #4534, #9678, .T. ) ;
#5595 = MECHANICAL_DESIGN_GEOMETRIC_PRESENTATION_REPRESENTATION (  '', ( #8222 ), #6929 ) ;
#5596 = CARTESIAN_POINT ( 'NONE',  ( -0.3235806012532589926, -0.5999999999999999778, 0.4592172460423974978 ) ) ;
#5597 = DIRECTION ( 'NONE',  ( -0.3283461648125119425, -0.0000000000000000000, 0.9445574604294408871 ) ) ;
#5598 = ORIENTED_EDGE ( 'NONE', *, *, #5524, .F. ) ;
#5599 = DIRECTION ( 'NONE',  ( 0.0000000000000000000, 0.0000000000000000000, 1.000000000000000000 ) ) ;
#5600 =( GEOMETRIC_REPRESENTATION_CONTEXT ( 3 ) GLOBAL_UNCERTAINTY_ASSIGNED_CONTEXT ( ( #4446 ) ) GLOBAL_UNIT_ASSIGNED_CONTEXT ( ( #7670, #1372, #9482 ) ) REPRESENTATION_CONTEXT ( 'NONE', 'WORKASPACE' ) );
#5601 = ORIENTED_EDGE ( 'NONE', *, *, #6826, .F. ) ;
#5602 = CARTESIAN_POINT ( 'NONE',  ( -0.4714118442155996735, -0.5999999999999999778, 0.4261569092382920254 ) ) ;
#5603 = EDGE_CURVE ( 'NONE', #170, #69, #6419, .T. ) ;
#5604 = EDGE_CURVE ( 'NONE', #11060, #4093, #2305, .T. ) ;
#5605 = FACE_OUTER_BOUND ( 'NONE', #2084, .T. ) ;
#5606 = DIRECTION ( 'NONE',  ( -0.0000000000000000000, 1.000000000000000000, -0.0000000000000000000 ) ) ;
#5607 = DIRECTION ( 'NONE',  ( -1.000000000000000000, -0.0000000000000000000, -0.0000000000000000000 ) ) ;
#5608 = ORIENTED_EDGE ( 'NONE', *, *, #882, .T. ) ;
#5609 = CARTESIAN_POINT ( 'NONE',  ( -0.4717010372369847548, -0.6099999999999999867, 0.4435087442531740476 ) ) ;
#5610 = FILL_AREA_STYLE_COLOUR ( '', #3028 ) ;
#5611 = LINE ( 'NONE', #4570, #9272 ) ;
#5612 = ORIENTED_EDGE ( 'NONE', *, *, #3883, .T. ) ;
#5613 = PRESENTATION_STYLE_ASSIGNMENT (( #7495 ) ) ;
#5614 = SURFACE_STYLE_USAGE ( .BOTH. , #89 ) ;
#5615 = PRESENTATION_STYLE_ASSIGNMENT (( #3905 ) ) ;
#5616 = SURFACE_STYLE_USAGE ( .BOTH. , #2888 ) ;
#5617 = EDGE_CURVE ( 'NONE', #2485, #10450, #5584, .T. ) ;
#5618 = CARTESIAN_POINT ( 'NONE',  ( -0.3614797773032129569, -0.6099999999999999867, 0.3910507170487094175 ) ) ;
#5619 = LINE ( 'NONE', #9384, #1878 ) ;
#5620 = DIRECTION ( 'NONE',  ( 1.000000000000000000, -0.0000000000000000000, -0.0000000000000000000 ) ) ;
#5621 = DIRECTION ( 'NONE',  ( -0.0000000000000000000, 1.000000000000000000, -0.0000000000000000000 ) ) ;
#5622 = ORIENTED_EDGE ( 'NONE', *, *, #6468, .F. ) ;
#5623 = DIRECTION ( 'NONE',  ( -1.000000000000000000, 0.0000000000000000000, 0.0000000000000000000 ) ) ;
#5624 = FACE_OUTER_BOUND ( 'NONE', #11512, .T. ) ;
#5625 = ORIENTED_EDGE ( 'NONE', *, *, #2976, .F. ) ;
#5626 =( NAMED_UNIT ( * ) SI_UNIT ( $, .STERADIAN. ) SOLID_ANGLE_UNIT ( ) );
#5627 = CARTESIAN_POINT ( 'NONE',  ( -0.3733538127074671475, -0.6099999999999999867, 0.3985785643628607655 ) ) ;
#5628 = DIRECTION ( 'NONE',  ( -0.2524218971878538498, 0.0000000000000000000, 0.9676172723861869995 ) ) ;
#5629 = DIRECTION ( 'NONE',  ( -1.000000000000000000, 0.0000000000000000000, -0.0000000000000000000 ) ) ;
#5630 = LINE ( 'NONE', #9972, #6070 ) ;
#5631 = CARTESIAN_POINT ( 'NONE',  ( -0.3950327652627852459, -0.6099999999999999867, 0.4543303838357317104 ) ) ;
#5632 = SURFACE_SIDE_STYLE ('',( #10146 ) ) ;
#5633 = ORIENTED_EDGE ( 'NONE', *, *, #6743, .T. ) ;
#5634 = SURFACE_STYLE_USAGE ( .BOTH. , #9108 ) ;
#5635 = DIRECTION ( 'NONE',  ( 0.0000000000000000000, 0.0000000000000000000, 1.000000000000000000 ) ) ;
#5636 =( NAMED_UNIT ( * ) SI_UNIT ( $, .STERADIAN. ) SOLID_ANGLE_UNIT ( ) );
#5637 = CARTESIAN_POINT ( 'NONE',  ( -0.4714118442155996735, -0.5999999999999999778, 0.4160349990443193424 ) ) ;
#5638 = FILL_AREA_STYLE ('',( #62 ) ) ;
#5639 = CARTESIAN_POINT ( 'NONE',  ( -0.4171484161428734017, -0.6099999999999999867, 0.4218067562135269788 ) ) ;
#5640 = EDGE_LOOP ( 'NONE', ( #10481, #10196, #8428, #2154 ) ) ;
#5641 = EDGE_CURVE ( 'NONE', #1723, #9057, #1625, .T. ) ;
#5642 =( NAMED_UNIT ( * ) SI_UNIT ( $, .STERADIAN. ) SOLID_ANGLE_UNIT ( ) );
#5643 =( GEOMETRIC_REPRESENTATION_CONTEXT ( 3 ) GLOBAL_UNCERTAINTY_ASSIGNED_CONTEXT ( ( #3705 ) ) GLOBAL_UNIT_ASSIGNED_CONTEXT ( ( #6700, #2790, #2075 ) ) REPRESENTATION_CONTEXT ( 'NONE', 'WORKASPACE' ) );
#5644 = ORIENTED_EDGE ( 'NONE', *, *, #11700, .T. ) ;
#5645 = B_SPLINE_SURFACE_WITH_KNOTS ( 'NONE', 3, 1, ( 
 ( #6475, #3812 ),
 ( #6642, #10206 ),
 ( #2073, #6698 ),
 ( #937, #8227 ) ),
 .UNSPECIFIED., .F., .F., .F.,
 ( 4, 4 ),
 ( 2, 2 ),
 ( 23.00000000000000000, 24.00000000000000000 ),
 ( 0.0000000000000000000, 1.000000000000000000 ),
 .UNSPECIFIED. ) ;
#5646 = CARTESIAN_POINT ( 'NONE',  ( -0.2958918479416860481, -0.6099999999999999867, 0.4264856668368887105 ) ) ;
#5647 = ORIENTED_EDGE ( 'NONE', *, *, #6603, .F. ) ;
#5648 = UNCERTAINTY_MEASURE_WITH_UNIT (LENGTH_MEASURE( 1.000000000000000082E-05 ), #8231, 'distance_accuracy_value', 'NONE');
#5649 =( LENGTH_UNIT ( ) NAMED_UNIT ( * ) SI_UNIT ( .MILLI., .METRE. ) );
#5650 = LINE ( 'NONE', #10228, #6878 ) ;
#5651 = VERTEX_POINT ( 'NONE', #7859 ) ;
#5652 = CARTESIAN_POINT ( 'NONE',  ( -0.3967275706663915269, -0.5999999999999999778, 0.3900941397656788601 ) ) ;
#5653 = SURFACE_SIDE_STYLE ('',( #10828 ) ) ;
#5654 = EDGE_LOOP ( 'NONE', ( #5215, #7950, #8701, #8797 ) ) ;
#5655 = CARTESIAN_POINT ( 'NONE',  ( -0.4328487606792498221, -0.6099999999999999867, 0.4218067562135269788 ) ) ;
#5656 = UNCERTAINTY_MEASURE_WITH_UNIT (LENGTH_MEASURE( 1.000000000000000082E-05 ), #1603, 'distance_accuracy_value', 'NONE');
#5657 = SURFACE_SIDE_STYLE ('',( #2223 ) ) ;
#5658 = EDGE_LOOP ( 'NONE', ( #1602, #3596, #978, #1143 ) ) ;
#5659 =( GEOMETRIC_REPRESENTATION_CONTEXT ( 3 ) GLOBAL_UNCERTAINTY_ASSIGNED_CONTEXT ( ( #8245 ) ) GLOBAL_UNIT_ASSIGNED_CONTEXT ( ( #7241, #8995, #9924 ) ) REPRESENTATION_CONTEXT ( 'NONE', 'WORKASPACE' ) );
#5660 = PRESENTATION_STYLE_ASSIGNMENT (( #1065 ) ) ;
#5661 = SURFACE_STYLE_FILL_AREA ( #11115 ) ;
#5662 = CARTESIAN_POINT ( 'NONE',  ( -0.4890528832837367501, -0.6099999999999999867, 0.3911640241232652304 ) ) ;
#5663 = EDGE_LOOP ( 'NONE', ( #7455, #2312, #10371, #7433 ) ) ;
#5664 = CARTESIAN_POINT ( 'NONE',  ( -0.6090698129254329407, -0.5999999999999999778, 0.4785016348842049405 ) ) ;
#5665 = AXIS2_PLACEMENT_3D ( 'NONE', #9585, #7765, #11273 ) ;
#5666 = CARTESIAN_POINT ( 'NONE',  ( -0.2627755583070236489, -0.6099999999999999867, 0.4066678809517380033 ) ) ;
#5667 = CARTESIAN_POINT ( 'NONE',  ( -0.3680198545968793589, -0.5999999999999999778, 0.3959791695719803162 ) ) ;
#5668 = EDGE_CURVE ( 'NONE', #3260, #8244, #6984, .T. ) ;
#5669 = ADVANCED_FACE ( 'NONE', ( #800 ), #7628, .F. ) ;
#5670 = VECTOR ( 'NONE', #8465, 1000.000000000000000 ) ;
#5671 = VECTOR ( 'NONE', #8750, 1000.000000000000000 ) ;
#5672 = DIRECTION ( 'NONE',  ( -0.3559357243643069824, -0.0000000000000000000, -0.9345104387438676330 ) ) ;
#5673 = VERTEX_POINT ( 'NONE', #4634 ) ;
#5674 = DIRECTION ( 'NONE',  ( -0.0000000000000000000, 0.0000000000000000000, -1.000000000000000000 ) ) ;
#5675 =( NAMED_UNIT ( * ) SI_UNIT ( $, .STERADIAN. ) SOLID_ANGLE_UNIT ( ) );
#5676 = ORIENTED_EDGE ( 'NONE', *, *, #10377, .F. ) ;
#5677 = PLANE ( 'NONE',  #10719 ) ;
#5678 = CARTESIAN_POINT ( 'NONE',  ( -0.3474326478536989282, -0.6099999999999999867, 0.3858727226255307952 ) ) ;
#5679 =( GEOMETRIC_REPRESENTATION_CONTEXT ( 3 ) GLOBAL_UNCERTAINTY_ASSIGNED_CONTEXT ( ( #6777 ) ) GLOBAL_UNIT_ASSIGNED_CONTEXT ( ( #10369, #2234, #315 ) ) REPRESENTATION_CONTEXT ( 'NONE', 'WORKASPACE' ) );
#5680 = LINE ( 'NONE', #9271, #11292 ) ;
#5681 =( GEOMETRIC_REPRESENTATION_CONTEXT ( 3 ) GLOBAL_UNCERTAINTY_ASSIGNED_CONTEXT ( ( #9310 ) ) GLOBAL_UNIT_ASSIGNED_CONTEXT ( ( #7189, #7591, #1049 ) ) REPRESENTATION_CONTEXT ( 'NONE', 'WORKASPACE' ) );
#5682 = EDGE_CURVE ( 'NONE', #2413, #428, #8142, .T. ) ;
#5683 = MECHANICAL_DESIGN_GEOMETRIC_PRESENTATION_REPRESENTATION (  '', ( #2218 ), #3556 ) ;
#5684 = MECHANICAL_DESIGN_GEOMETRIC_PRESENTATION_REPRESENTATION (  '', ( #9814 ), #2231 ) ;
#5685 = COLOUR_RGB ( '',1.000000000000000000, 1.000000000000000000, 1.000000000000000000 ) ;
#5686 =( NAMED_UNIT ( * ) SI_UNIT ( $, .STERADIAN. ) SOLID_ANGLE_UNIT ( ) );
#5687 = CARTESIAN_POINT ( 'NONE',  ( -0.6333623962878505154, -0.6099999999999999867, 0.4735852790561209114 ) ) ;
#5688 =( GEOMETRIC_REPRESENTATION_CONTEXT ( 3 ) GLOBAL_UNCERTAINTY_ASSIGNED_CONTEXT ( ( #2861 ) ) GLOBAL_UNIT_ASSIGNED_CONTEXT ( ( #7236, #8991, #10692 ) ) REPRESENTATION_CONTEXT ( 'NONE', 'WORKASPACE' ) );
#5689 = PRESENTATION_STYLE_ASSIGNMENT (( #10038 ) ) ;
#5690 = ORIENTED_EDGE ( 'NONE', *, *, #2353, .T. ) ;
#5691 = PRESENTATION_STYLE_ASSIGNMENT (( #5634 ) ) ;
#5692 = MECHANICAL_DESIGN_GEOMETRIC_PRESENTATION_REPRESENTATION (  '', ( #10754 ), #7941 ) ;
#5693 = CARTESIAN_POINT ( 'NONE',  ( -0.3711391283457417534, -0.6099999999999999867, 0.4733163633876686927 ) ) ;
#5694 = CARTESIAN_POINT ( 'NONE',  ( -0.4048272848344182107, -0.6099999999999999867, 0.3976843725547389852 ) ) ;
#5695 = VECTOR ( 'NONE', #7547, 1000.000000000000000 ) ;
#5696 = CARTESIAN_POINT ( 'NONE',  ( -0.2416372798685456624, -0.6099999999999999867, 0.4184379405646173056 ) ) ;
#5697 = ORIENTED_EDGE ( 'NONE', *, *, #11485, .T. ) ;
#5698 = CARTESIAN_POINT ( 'NONE',  ( -0.4081337150082813836, -0.6099999999999999867, 0.4021761267533772721 ) ) ;
#5699 = B_SPLINE_CURVE_WITH_KNOTS ( 'NONE', 3,
 ( #7156, #9686, #2592, #2439 ),
 .UNSPECIFIED., .F., .F.,
 ( 4, 4 ),
 ( 8.000000000000000000, 9.000000000000000000 ),
 .UNSPECIFIED. ) ;
#5700 = ORIENTED_EDGE ( 'NONE', *, *, #9308, .F. ) ;
#5701 = LINE ( 'NONE', #10222, #4500 ) ;
#5702 = EDGE_CURVE ( 'NONE', #10657, #9228, #3670, .T. ) ;
#5703 = ORIENTED_EDGE ( 'NONE', *, *, #8887, .T. ) ;
#5704 = EDGE_CURVE ( 'NONE', #10675, #11616, #917, .T. ) ;
#5705 = MECHANICAL_DESIGN_GEOMETRIC_PRESENTATION_REPRESENTATION (  '', ( #3953 ), #4532 ) ;
#5706 = PRESENTATION_STYLE_ASSIGNMENT (( #8433 ) ) ;
#5707 = UNCERTAINTY_MEASURE_WITH_UNIT (LENGTH_MEASURE( 1.000000000000000082E-05 ), #1754, 'distance_accuracy_value', 'NONE');
#5708 = PRESENTATION_STYLE_ASSIGNMENT (( #4743 ) ) ;
#5709 = ORIENTED_EDGE ( 'NONE', *, *, #5682, .T. ) ;
#5710 = SURFACE_SIDE_STYLE ('',( #8614 ) ) ;
#5711 = DIRECTION ( 'NONE',  ( -1.000000000000000000, 0.0000000000000000000, -0.0000000000000000000 ) ) ;
#5712 = MECHANICAL_DESIGN_GEOMETRIC_PRESENTATION_REPRESENTATION (  '', ( #5526 ), #10606 ) ;
#5713 = CARTESIAN_POINT ( 'NONE',  ( -0.5118994849916290724, -0.5999999999999999778, 0.4484251028395369598 ) ) ;
#5714 = CARTESIAN_POINT ( 'NONE',  ( -0.2239198049744566543, -0.6099999999999999867, 0.3858103371506220181 ) ) ;
#5715 = PRESENTATION_STYLE_ASSIGNMENT (( #11347 ) ) ;
#5716 = MECHANICAL_DESIGN_GEOMETRIC_PRESENTATION_REPRESENTATION (  '', ( #7419 ), #149 ) ;
#5717 = ORIENTED_EDGE ( 'NONE', *, *, #1245, .F. ) ;
#5718 = FILL_AREA_STYLE ('',( #2035 ) ) ;
#5719 = MECHANICAL_DESIGN_GEOMETRIC_PRESENTATION_REPRESENTATION (  '', ( #9670 ), #11708 ) ;
#5720 = DIRECTION ( 'NONE',  ( 1.000000000000000000, 0.0000000000000000000, -0.0000000000000000000 ) ) ;
#5721 = SURFACE_STYLE_FILL_AREA ( #10174 ) ;
#5722 = CARTESIAN_POINT ( 'NONE',  ( -0.2726428609329952235, -0.6099999999999999867, 0.3946898697558311464 ) ) ;
#5723 = B_SPLINE_CURVE_WITH_KNOTS ( 'NONE', 3,
 ( #9823, #9764, #5463, #1595 ),
 .UNSPECIFIED., .F., .F.,
 ( 4, 4 ),
 ( 0.0000000000000000000, 1.000000000000000000 ),
 .UNSPECIFIED. ) ;
#5724 = CARTESIAN_POINT ( 'NONE',  ( -0.3628730529110148484, -0.5999999999999999778, 0.4092880709009205087 ) ) ;
#5725 = EDGE_CURVE ( 'NONE', #9487, #9468, #2765, .T. ) ;
#5726 = ORIENTED_EDGE ( 'NONE', *, *, #8181, .F. ) ;
#5727 = LINE ( 'NONE', #9035, #596 ) ;
#5728 = MECHANICAL_DESIGN_GEOMETRIC_PRESENTATION_REPRESENTATION (  '', ( #1085 ), #8748 ) ;
#5729 = CARTESIAN_POINT ( 'NONE',  ( -0.3742687996738924272, -0.6099999999999999867, 0.4103070336588581224 ) ) ;
#5730 = ORIENTED_EDGE ( 'NONE', *, *, #4334, .T. ) ;
#5731 = MECHANICAL_DESIGN_GEOMETRIC_PRESENTATION_REPRESENTATION (  '', ( #9488 ), #1672 ) ;
#5732 = FILL_AREA_STYLE_COLOUR ( '', #736 ) ;
#5733 =( NAMED_UNIT ( * ) SI_UNIT ( $, .STERADIAN. ) SOLID_ANGLE_UNIT ( ) );
#5734 = SURFACE_STYLE_FILL_AREA ( #6620 ) ;
#5735 = CARTESIAN_POINT ( 'NONE',  ( -0.4024670343644348725, -0.6099999999999999867, 0.4113883818919822910 ) ) ;
#5736 = ORIENTED_EDGE ( 'NONE', *, *, #1111, .T. ) ;
#5737 = COLOUR_RGB ( '',1.000000000000000000, 1.000000000000000000, 1.000000000000000000 ) ;
#5738 =( GEOMETRIC_REPRESENTATION_CONTEXT ( 3 ) GLOBAL_UNCERTAINTY_ASSIGNED_CONTEXT ( ( #4085 ) ) GLOBAL_UNIT_ASSIGNED_CONTEXT ( ( #3013, #4095, #9377 ) ) REPRESENTATION_CONTEXT ( 'NONE', 'WORKASPACE' ) );
#5739 = B_SPLINE_CURVE_WITH_KNOTS ( 'NONE', 3,
 ( #4714, #5569, #7284, #5505 ),
 .UNSPECIFIED., .F., .F.,
 ( 4, 4 ),
 ( 1.000000000000000000, 2.000000000000000000 ),
 .UNSPECIFIED. ) ;
#5740 = LINE ( 'NONE', #2712, #11516 ) ;
#5741 = VERTEX_POINT ( 'NONE', #11299 ) ;
#5742 = CARTESIAN_POINT ( 'NONE',  ( -0.5986587097100745103, -0.5999999999999999778, 0.4828395963960657733 ) ) ;
#5743 = DIRECTION ( 'NONE',  ( -0.0000000000000000000, 0.0000000000000000000, -1.000000000000000000 ) ) ;
#5744 = DIRECTION ( 'NONE',  ( -0.0000000000000000000, 0.0000000000000000000, -1.000000000000000000 ) ) ;
#5745 = CARTESIAN_POINT ( 'NONE',  ( -0.6067562356588789285, -0.6099999999999999867, 0.4785016348842049405 ) ) ;
#5746 =( LENGTH_UNIT ( ) NAMED_UNIT ( * ) SI_UNIT ( .MILLI., .METRE. ) );
#5747 = SURFACE_STYLE_FILL_AREA ( #2780 ) ;
#5748 = B_SPLINE_SURFACE_WITH_KNOTS ( 'NONE', 3, 1, ( 
 ( #6092, #4155 ),
 ( #2521, #5970 ),
 ( #5295, #7723 ),
 ( #11290, #7084 ) ),
 .UNSPECIFIED., .F., .F., .F.,
 ( 4, 4 ),
 ( 2, 2 ),
 ( 10.00000000000000000, 11.00000000000000000 ),
 ( 0.0000000000000000000, 1.000000000000000000 ),
 .UNSPECIFIED. ) ;
#5749 = FACE_OUTER_BOUND ( 'NONE', #1033, .T. ) ;
#5750 = CARTESIAN_POINT ( 'NONE',  ( -0.6559198049743579784, -0.5999999999999999778, 0.4440871413276759605 ) ) ;
#5751 = CARTESIAN_POINT ( 'NONE',  ( 0.6999999999999999556, 0.5999999999999999778, 0.0000000000000000000 ) ) ;
#5752 = FILL_AREA_STYLE_COLOUR ( '', #8557 ) ;
#5753 = ORIENTED_EDGE ( 'NONE', *, *, #3615, .F. ) ;
#5754 = CARTESIAN_POINT ( 'NONE',  ( -0.2605192836289691449, -0.5999999999999999778, 0.3858103371506220181 ) ) ;
#5755 = EDGE_CURVE ( 'NONE', #11358, #11583, #8633, .T. ) ;
#5756 =( LENGTH_UNIT ( ) NAMED_UNIT ( * ) SI_UNIT ( .MILLI., .METRE. ) );
#5757 = CARTESIAN_POINT ( 'NONE',  ( -0.3982144244866936966, -0.5999999999999999778, 0.3851240969258026281 ) ) ;
#5758 = CARTESIAN_POINT ( 'NONE',  ( -0.4149857196769028977, -0.5999999999999999778, 0.4699059574221539637 ) ) ;
#5759 =( LENGTH_UNIT ( ) NAMED_UNIT ( * ) SI_UNIT ( .MILLI., .METRE. ) );
#5760 = CARTESIAN_POINT ( 'NONE',  ( -0.3763899058231187089, -0.5999999999999999778, 0.4910130431234555615 ) ) ;
#5761 =( NAMED_UNIT ( * ) SI_UNIT ( $, .STERADIAN. ) SOLID_ANGLE_UNIT ( ) );
#5762 = CARTESIAN_POINT ( 'NONE',  ( -0.3845312103078911137, -0.5999999999999999778, 0.4520221212616433726 ) ) ;
#5763 = VERTEX_POINT ( 'NONE', #250 ) ;
#5764 = CARTESIAN_POINT ( 'NONE',  ( -0.3631849802859700160, -0.6099999999999999867, 0.3985161788879533762 ) ) ;
#5765 = DIRECTION ( 'NONE',  ( -1.000000000000000000, 0.0000000000000000000, -0.0000000000000000000 ) ) ;
#5766 = B_SPLINE_CURVE_WITH_KNOTS ( 'NONE', 3,
 ( #1943, #11138, #107, #4723 ),
 .UNSPECIFIED., .F., .F.,
 ( 4, 4 ),
 ( 6.000000000000000000, 7.000000000000000000 ),
 .UNSPECIFIED. ) ;
#5767 = ORIENTED_EDGE ( 'NONE', *, *, #7627, .T. ) ;
#5768 = PLANE ( 'NONE',  #6868 ) ;
#5769 =( NAMED_UNIT ( * ) PLANE_ANGLE_UNIT ( ) SI_UNIT ( $, .RADIAN. ) );
#5770 = AXIS2_PLACEMENT_3D ( 'NONE', #3457, #7499, #4767 ) ;
#5771 = ORIENTED_EDGE ( 'NONE', *, *, #8645, .T. ) ;
#5772 = UNCERTAINTY_MEASURE_WITH_UNIT (LENGTH_MEASURE( 1.000000000000000082E-05 ), #5756, 'distance_accuracy_value', 'NONE');
#5773 =( LENGTH_UNIT ( ) NAMED_UNIT ( * ) SI_UNIT ( .MILLI., .METRE. ) );
#5774 = COLOUR_RGB ( '',1.000000000000000000, 1.000000000000000000, 1.000000000000000000 ) ;
#5775 = CARTESIAN_POINT ( 'NONE',  ( -0.3235806012532589926, -0.5999999999999999778, 0.4592172460423974978 ) ) ;
#5776 = DIRECTION ( 'NONE',  ( -0.0000000000000000000, 1.000000000000000000, -0.0000000000000000000 ) ) ;
#5777 = ORIENTED_EDGE ( 'NONE', *, *, #3417, .F. ) ;
#5778 = LINE ( 'NONE', #4988, #5047 ) ;
#5779 = PRESENTATION_STYLE_ASSIGNMENT (( #3833 ) ) ;
#5780 = EDGE_CURVE ( 'NONE', #64, #501, #200, .T. ) ;
#5781 = ADVANCED_FACE ( 'NONE', ( #10184 ), #4765, .T. ) ;
#5782 = VERTEX_POINT ( 'NONE', #2946 ) ;
#5783 = B_SPLINE_CURVE_WITH_KNOTS ( 'NONE', 3,
 ( #9126, #4611, #6643, #8470 ),
 .UNSPECIFIED., .F., .F.,
 ( 4, 4 ),
 ( 33.00000000000000000, 34.00000000000000000 ),
 .UNSPECIFIED. ) ;
#5784 = PRESENTATION_LAYER_ASSIGNMENT (  '', '', ( #11204 ) ) ;
#5785 = AXIS2_PLACEMENT_3D ( 'NONE', #2092, #2207, #11216 ) ;
#5786 =( LENGTH_UNIT ( ) NAMED_UNIT ( * ) SI_UNIT ( .MILLI., .METRE. ) );
#5787 = UNCERTAINTY_MEASURE_WITH_UNIT (LENGTH_MEASURE( 1.000000000000000082E-05 ), #7150, 'distance_accuracy_value', 'NONE');
#5788 = CARTESIAN_POINT ( 'NONE',  ( -0.4023422634144800947, -0.6099999999999999867, 0.4854607358502736059 ) ) ;
#5789 = FILL_AREA_STYLE_COLOUR ( '', #310 ) ;
#5790 = FACE_OUTER_BOUND ( 'NONE', #8300, .T. ) ;
#5791 = EDGE_LOOP ( 'NONE', ( #299, #10432, #3334, #10812 ) ) ;
#5792 = CARTESIAN_POINT ( 'NONE',  ( -0.3305053889760790065, -0.6099999999999999867, 0.4549750337439453785 ) ) ;
#5793 = CARTESIAN_POINT ( 'NONE',  ( -0.3758180389692417633, -0.5999999999999999778, 0.4086434209927063410 ) ) ;
#5794 = EDGE_LOOP ( 'NONE', ( #3597, #9097, #78, #7216 ) ) ;
#5795 =( LENGTH_UNIT ( ) NAMED_UNIT ( * ) SI_UNIT ( .MILLI., .METRE. ) );
#5796 = CARTESIAN_POINT ( 'NONE',  ( -0.5934531525864606971, -0.6099999999999999867, 0.4568118438734654063 ) ) ;
#5797 = CARTESIAN_POINT ( 'NONE',  ( -0.4071875353045418255, -0.5999999999999999778, 0.3858935177838326291 ) ) ;
#5798 = EDGE_CURVE ( 'NONE', #3938, #5741, #5912, .T. ) ;
#5799 = VERTEX_POINT ( 'NONE', #4944 ) ;
#5800 = CARTESIAN_POINT ( 'NONE',  ( -0.4061789701256164342, -0.6099999999999999867, 0.3926103539233487538 ) ) ;
#5801 = DIRECTION ( 'NONE',  ( 1.000000000000000000, 0.0000000000000000000, 0.0000000000000000000 ) ) ;
#5802 = CARTESIAN_POINT ( 'NONE',  ( -0.3758180389692417633, -0.5999999999999999778, 0.4074788921266491726 ) ) ;
#5803 = VERTEX_POINT ( 'NONE', #4030 ) ;
#5804 = CARTESIAN_POINT ( 'NONE',  ( -0.2689101300135118278, -0.6099999999999999867, 0.3915082105319228067 ) ) ;
#5805 = ORIENTED_EDGE ( 'NONE', *, *, #6753, .F. ) ;
#5806 = CARTESIAN_POINT ( 'NONE',  ( -0.2933340434676897091, -0.6099999999999999867, 0.4858142535419729957 ) ) ;
#5807 = PRESENTATION_STYLE_ASSIGNMENT (( #3205 ) ) ;
#5808 = CARTESIAN_POINT ( 'NONE',  ( -0.3706712372833775859, -0.5999999999999999778, 0.3975803967632247082 ) ) ;
#5809 = ADVANCED_FACE ( 'NONE', ( #9489 ), #8220, .F. ) ;
#5810 = CARTESIAN_POINT ( 'NONE',  ( -0.3631849802859700160, -0.5999999999999999778, 0.3985161788879533762 ) ) ;
#5811 =( LENGTH_UNIT ( ) NAMED_UNIT ( * ) SI_UNIT ( .MILLI., .METRE. ) );
#5812 =( NAMED_UNIT ( * ) PLANE_ANGLE_UNIT ( ) SI_UNIT ( $, .RADIAN. ) );
#5813 = PRESENTATION_STYLE_ASSIGNMENT (( #2186 ) ) ;
#5814 = EDGE_LOOP ( 'NONE', ( #4503, #10718, #2814, #3897 ) ) ;
#5815 = CARTESIAN_POINT ( 'NONE',  ( -0.3941177782963601328, -0.5999999999999999778, 0.4869579872497272754 ) ) ;
#5816 = CARTESIAN_POINT ( 'NONE',  ( -0.4162230315972971773, -0.6099999999999999867, 0.3858103371506220181 ) ) ;
#5817 = CARTESIAN_POINT ( 'NONE',  ( -0.3305885696095670623, -0.6099999999999999867, 0.4863341325000935522 ) ) ;
#5818 = CARTESIAN_POINT ( 'NONE',  ( -0.3669281087847431344, -0.5999999999999999778, 0.3858935177838326291 ) ) ;
#5819 = EDGE_LOOP ( 'NONE', ( #9948, #5107, #8051, #2713 ) ) ;
#5820 =( NAMED_UNIT ( * ) SI_UNIT ( $, .STERADIAN. ) SOLID_ANGLE_UNIT ( ) );
#5821 =( NAMED_UNIT ( * ) PLANE_ANGLE_UNIT ( ) SI_UNIT ( $, .RADIAN. ) );
#5822 = LINE ( 'NONE', #5696, #6064 ) ;
#5823 = ORIENTED_EDGE ( 'NONE', *, *, #8783, .F. ) ;
#5824 = PRESENTATION_STYLE_ASSIGNMENT (( #4851 ) ) ;
#5825 = EDGE_CURVE ( 'NONE', #2010, #10835, #853, .T. ) ;
#5826 = EDGE_CURVE ( 'NONE', #1502, #11182, #4648, .T. ) ;
#5827 = EDGE_LOOP ( 'NONE', ( #2108, #3999, #2164, #8516 ) ) ;
#5828 = PRESENTATION_LAYER_ASSIGNMENT (  '', '', ( #6208 ) ) ;
#5829 = CARTESIAN_POINT ( 'NONE',  ( -0.4091110874497538852, -0.6099999999999999867, 0.4857102777501829394 ) ) ;
#5830 = CARTESIAN_POINT ( 'NONE',  ( -0.2682966728430296599, -0.6099999999999999867, 0.4014482962119525489 ) ) ;
#5831 = ORIENTED_EDGE ( 'NONE', *, *, #1902, .F. ) ;
#5832 = CARTESIAN_POINT ( 'NONE',  ( -0.3236949746242013259, -0.5999999999999999778, 0.4825078233679716000 ) ) ;
#5833 =( NAMED_UNIT ( * ) PLANE_ANGLE_UNIT ( ) SI_UNIT ( $, .RADIAN. ) );
#5834 = FILL_AREA_STYLE ('',( #5468 ) ) ;
#5835 = ORIENTED_EDGE ( 'NONE', *, *, #9721, .F. ) ;
#5836 = CARTESIAN_POINT ( 'NONE',  ( -0.3628730529110148484, -0.6099999999999999867, 0.4092880709009205087 ) ) ;
#5837 = ADVANCED_FACE ( 'NONE', ( #11722 ), #9270, .F. ) ;
#5838 = ORIENTED_EDGE ( 'NONE', *, *, #446, .T. ) ;
#5839 =( NAMED_UNIT ( * ) SI_UNIT ( $, .STERADIAN. ) SOLID_ANGLE_UNIT ( ) );
#5840 = PRESENTATION_LAYER_ASSIGNMENT (  '', '', ( #4291 ) ) ;
#5841 = FILL_AREA_STYLE ('',( #10419 ) ) ;
#5842 =( NAMED_UNIT ( * ) PLANE_ANGLE_UNIT ( ) SI_UNIT ( $, .RADIAN. ) );
#5843 = ORIENTED_EDGE ( 'NONE', *, *, #10271, .F. ) ;
#5844 = CARTESIAN_POINT ( 'NONE',  ( -0.4088511479705551066, -0.5999999999999999778, 0.3874115643415892429 ) ) ;
#5845 = PLANE ( 'NONE',  #10848 ) ;
#5846 = DIRECTION ( 'NONE',  ( 0.0000000000000000000, 0.0000000000000000000, 1.000000000000000000 ) ) ;
#5847 = B_SPLINE_SURFACE_WITH_KNOTS ( 'NONE', 3, 1, ( 
 ( #6114, #8816 ),
 ( #9681, #3386 ),
 ( #11594, #2538 ),
 ( #4345, #5078 ) ),
 .UNSPECIFIED., .F., .F., .F.,
 ( 4, 4 ),
 ( 2, 2 ),
 ( 5.000000000000000000, 6.000000000000000000 ),
 ( 0.0000000000000000000, 1.000000000000000000 ),
 .UNSPECIFIED. ) ;
#5848 = EDGE_LOOP ( 'NONE', ( #5567, #5284, #11571, #9084 ) ) ;
#5849 =( GEOMETRIC_REPRESENTATION_CONTEXT ( 3 ) GLOBAL_UNCERTAINTY_ASSIGNED_CONTEXT ( ( #6372 ) ) GLOBAL_UNIT_ASSIGNED_CONTEXT ( ( #6569, #10027, #7342 ) ) REPRESENTATION_CONTEXT ( 'NONE', 'WORKASPACE' ) );
#5850 = FILL_AREA_STYLE ('',( #6921 ) ) ;
#5851 = CARTESIAN_POINT ( 'NONE',  ( -0.4094750027203268861, -0.5999999999999999778, 0.4702178847972480757 ) ) ;
#5852 = CARTESIAN_POINT ( 'NONE',  ( -0.6203485117526829073, -0.5999999999999999778, 0.4056238958291003005 ) ) ;
#5853 = EDGE_CURVE ( 'NONE', #3260, #8908, #11659, .T. ) ;
#5854 = ORIENTED_EDGE ( 'NONE', *, *, #11178, .F. ) ;
#5855 = EDGE_CURVE ( 'NONE', #2950, #6323, #11022, .T. ) ;
#5856 = PRESENTATION_STYLE_ASSIGNMENT (( #7622 ) ) ;
#5857 = VERTEX_POINT ( 'NONE', #3802 ) ;
#5858 = LINE ( 'NONE', #1333, #7167 ) ;
#5859 = CARTESIAN_POINT ( 'NONE',  ( -0.3680198545968793589, -0.6099999999999999867, 0.3959791695719803162 ) ) ;
#5860 = CARTESIAN_POINT ( 'NONE',  ( -0.2354923105829064001, -0.5999999999999999778, 0.4015314768451630489 ) ) ;
#5861 = CARTESIAN_POINT ( 'NONE',  ( -0.6999999999999999556, 0.5999999999999999778, -0.05000000000000000278 ) ) ;
#5862 = MECHANICAL_DESIGN_GEOMETRIC_PRESENTATION_REPRESENTATION (  '', ( #869 ), #7374 ) ;
#5863 = AXIS2_PLACEMENT_3D ( 'NONE', #1202, #11192, #4898 ) ;
#5864 = VECTOR ( 'NONE', #11561, 1000.000000000000000 ) ;
#5865 = DIRECTION ( 'NONE',  ( -0.0000000000000000000, 1.000000000000000000, -0.0000000000000000000 ) ) ;
#5866 =( NAMED_UNIT ( * ) SI_UNIT ( $, .STERADIAN. ) SOLID_ANGLE_UNIT ( ) );
#5867 = DIRECTION ( 'NONE',  ( 0.0000000000000000000, 0.0000000000000000000, 1.000000000000000000 ) ) ;
#5868 = ORIENTED_EDGE ( 'NONE', *, *, #4850, .T. ) ;
#5869 = DIRECTION ( 'NONE',  ( 1.000000000000000000, -0.0000000000000000000, -0.0000000000000000000 ) ) ;
#5870 = COLOUR_RGB ( '',1.000000000000000000, 1.000000000000000000, 1.000000000000000000 ) ;
#5871 =( NAMED_UNIT ( * ) SI_UNIT ( $, .STERADIAN. ) SOLID_ANGLE_UNIT ( ) );
#5872 = CARTESIAN_POINT ( 'NONE',  ( -0.3647550147396215747, -0.5999999999999999778, 0.3874323594998910769 ) ) ;
#5873 = SURFACE_SIDE_STYLE ('',( #5035 ) ) ;
#5874 = SURFACE_SIDE_STYLE ('',( #6763 ) ) ;
#5875 = CARTESIAN_POINT ( 'NONE',  ( -0.2958918479416860481, -0.6099999999999999867, 0.3858103371506220181 ) ) ;
#5876 = ORIENTED_EDGE ( 'NONE', *, *, #3806, .F. ) ;
#5877 =( LENGTH_UNIT ( ) NAMED_UNIT ( * ) SI_UNIT ( .MILLI., .METRE. ) );
#5878 =( GEOMETRIC_REPRESENTATION_CONTEXT ( 3 ) GLOBAL_UNCERTAINTY_ASSIGNED_CONTEXT ( ( #4923 ) ) GLOBAL_UNIT_ASSIGNED_CONTEXT ( ( #6630, #11129, #8346 ) ) REPRESENTATION_CONTEXT ( 'NONE', 'WORKASPACE' ) );
#5879 = CARTESIAN_POINT ( 'NONE',  ( -0.4328487606792498221, -0.6099999999999999867, 0.3904476574573795822 ) ) ;
#5880 = STYLED_ITEM ( 'NONE', ( #244 ), #2951 ) ;
#5881 =( NAMED_UNIT ( * ) SI_UNIT ( $, .STERADIAN. ) SOLID_ANGLE_UNIT ( ) );
#5882 = LINE ( 'NONE', #4067, #10404 ) ;
#5883 = ORIENTED_EDGE ( 'NONE', *, *, #1597, .F. ) ;
#5884 = COLOUR_RGB ( '',1.000000000000000000, 1.000000000000000000, 1.000000000000000000 ) ;
#5885 = UNCERTAINTY_MEASURE_WITH_UNIT (LENGTH_MEASURE( 1.000000000000000082E-05 ), #2005, 'distance_accuracy_value', 'NONE');
#5886 = FILL_AREA_STYLE ('',( #6013 ) ) ;
#5887 = DIRECTION ( 'NONE',  ( 1.000000000000000000, 0.0000000000000000000, -0.0000000000000000000 ) ) ;
#5888 = CARTESIAN_POINT ( 'NONE',  ( -0.3137132986275662505, -0.5999999999999999778, 0.4772258531530012005 ) ) ;
#5889 = DIRECTION ( 'NONE',  ( -0.0000000000000000000, 1.000000000000000000, -0.0000000000000000000 ) ) ;
#5890 = EDGE_CURVE ( 'NONE', #10835, #9007, #4573, .T. ) ;
#5891 = MECHANICAL_DESIGN_GEOMETRIC_PRESENTATION_REPRESENTATION (  '', ( #7570 ), #2604 ) ;
#5892 = EDGE_CURVE ( 'NONE', #9184, #804, #10500, .T. ) ;
#5893 = PRESENTATION_STYLE_ASSIGNMENT (( #6560 ) ) ;
#5894 = FILL_AREA_STYLE ('',( #4076 ) ) ;
#5895 = ORIENTED_EDGE ( 'NONE', *, *, #8912, .F. ) ;
#5896 = PRESENTATION_STYLE_ASSIGNMENT (( #9469 ) ) ;
#5897 = PRESENTATION_STYLE_ASSIGNMENT (( #6721 ) ) ;
#5898 = PRESENTATION_LAYER_ASSIGNMENT (  '', '', ( #2032 ) ) ;
#5899 = ORIENTED_EDGE ( 'NONE', *, *, #742, .F. ) ;
#5900 = VECTOR ( 'NONE', #5470, 1000.000000000000000 ) ;
#5901 = CARTESIAN_POINT ( 'NONE',  ( -0.2958918479416860481, -0.6099999999999999867, 0.4264856668368887105 ) ) ;
#5902 = UNCERTAINTY_MEASURE_WITH_UNIT (LENGTH_MEASURE( 1.000000000000000082E-05 ), #5548, 'distance_accuracy_value', 'NONE');
#5903 = CARTESIAN_POINT ( 'NONE',  ( -0.4091110874497538852, -0.6099999999999999867, 0.4857102777501829394 ) ) ;
#5904 = PRESENTATION_STYLE_ASSIGNMENT (( #10358 ) ) ;
#5905 = FILL_AREA_STYLE_COLOUR ( '', #6292 ) ;
#5906 = ORIENTED_EDGE ( 'NONE', *, *, #10153, .F. ) ;
#5907 =( GEOMETRIC_REPRESENTATION_CONTEXT ( 3 ) GLOBAL_UNCERTAINTY_ASSIGNED_CONTEXT ( ( #11040 ) ) GLOBAL_UNIT_ASSIGNED_CONTEXT ( ( #8538, #3755, #10045 ) ) REPRESENTATION_CONTEXT ( 'NONE', 'WORKASPACE' ) );
#5908 = FILL_AREA_STYLE_COLOUR ( '', #9454 ) ;
#5909 = CARTESIAN_POINT ( 'NONE',  ( -0.4983072033819599400, -0.6099999999999999867, 0.3865368585581501759 ) ) ;
#5910 = ORIENTED_EDGE ( 'NONE', *, *, #8576, .F. ) ;
#5911 = FILL_AREA_STYLE_COLOUR ( '', #4191 ) ;
#5912 = LINE ( 'NONE', #10429, #2825 ) ;
#5913 = LINE ( 'NONE', #4031, #6893 ) ;
#5914 = COLOUR_RGB ( '',1.000000000000000000, 1.000000000000000000, 1.000000000000000000 ) ;
#5915 = VECTOR ( 'NONE', #10317, 1000.000000000000000 ) ;
#5916 = CARTESIAN_POINT ( 'NONE',  ( -0.3415788107847114174, -0.5999999999999999778, 0.4549750337439453785 ) ) ;
#5917 = CARTESIAN_POINT ( 'NONE',  ( -0.3202013880251991518, -0.6099999999999999867, 0.4041308716360421660 ) ) ;
#5918 = EDGE_LOOP ( 'NONE', ( #7810, #11459, #997, #1705 ) ) ;
#5919 = FILL_AREA_STYLE ('',( #3434 ) ) ;
#5920 =( GEOMETRIC_REPRESENTATION_CONTEXT ( 3 ) GLOBAL_UNCERTAINTY_ASSIGNED_CONTEXT ( ( #963 ) ) GLOBAL_UNIT_ASSIGNED_CONTEXT ( ( #3669, #38, #4344 ) ) REPRESENTATION_CONTEXT ( 'NONE', 'WORKASPACE' ) );
#5921 = DIRECTION ( 'NONE',  ( 1.000000000000000000, 0.0000000000000000000, 0.0000000000000000000 ) ) ;
#5922 = CARTESIAN_POINT ( 'NONE',  ( -0.4162230315972971773, -0.5999999999999999778, 0.3904476574573795822 ) ) ;
#5923 = CARTESIAN_POINT ( 'NONE',  ( -0.4047025138844651537, -0.5999999999999999778, 0.3906140187237994166 ) ) ;
#5924 = VECTOR ( 'NONE', #1951, 1000.000000000000000 ) ;
#5925 = ORIENTED_EDGE ( 'NONE', *, *, #2117, .T. ) ;
#5926 = EDGE_CURVE ( 'NONE', #5673, #2275, #8841, .T. ) ;
#5927 = ORIENTED_EDGE ( 'NONE', *, *, #224, .T. ) ;
#5928 = FILL_AREA_STYLE ('',( #11371 ) ) ;
#5929 = STYLED_ITEM ( 'NONE', ( #2743 ), #9900 ) ;
#5930 = CARTESIAN_POINT ( 'NONE',  ( -0.3941177782963601328, -0.6099999999999999867, 0.4869579872497272754 ) ) ;
#5931 = CARTESIAN_POINT ( 'NONE',  ( -0.2430617482139403041, -0.5999999999999999778, 0.4184379405646173611 ) ) ;
#5932 = VECTOR ( 'NONE', #6810, 1000.000000000000000 ) ;
#5933 = PRESENTATION_LAYER_ASSIGNMENT (  '', '', ( #6678 ) ) ;
#5934 = EDGE_CURVE ( 'NONE', #5420, #3846, #5739, .T. ) ;
#5935 = EDGE_CURVE ( 'NONE', #11358, #2015, #9100, .T. ) ;
#5936 = DIRECTION ( 'NONE',  ( 0.3315284183504002002, -0.0000000000000000000, 0.9434452330824943944 ) ) ;
#5937 = CARTESIAN_POINT ( 'NONE',  ( -0.2847040527621113593, -0.6099999999999999867, 0.3858103371506220181 ) ) ;
#5938 = PLANE ( 'NONE',  #629 ) ;
#5939 = ORIENTED_EDGE ( 'NONE', *, *, #3858, .F. ) ;
#5940 = FILL_AREA_STYLE_COLOUR ( '', #9836 ) ;
#5941 = SURFACE_STYLE_USAGE ( .BOTH. , #1398 ) ;
#5942 = DIRECTION ( 'NONE',  ( 1.355252715606880543E-16, -1.000000000000000000, 0.0000000000000000000 ) ) ;
#5943 = FACE_OUTER_BOUND ( 'NONE', #2746, .T. ) ;
#5944 = CARTESIAN_POINT ( 'NONE',  ( -0.3732186441783614250, -0.5999999999999999778, 0.3851240969258026281 ) ) ;
#5945 = FILL_AREA_STYLE_COLOUR ( '', #7962 ) ;
#5946 = ORIENTED_EDGE ( 'NONE', *, *, #3383, .T. ) ;
#5947 = CARTESIAN_POINT ( 'NONE',  ( -0.5243349834841637414, -0.6099999999999999867, 0.4035995005517841183 ) ) ;
#5948 = CARTESIAN_POINT ( 'NONE',  ( -0.3941177782963601328, -0.5999999999999999778, 0.4869579872497272754 ) ) ;
#5949 = ORIENTED_EDGE ( 'NONE', *, *, #10924, .T. ) ;
#5950 = CARTESIAN_POINT ( 'NONE',  ( -0.3643287139938626851, -0.6099999999999999867, 0.3998054787041026015 ) ) ;
#5951 = B_SPLINE_SURFACE_WITH_KNOTS ( 'NONE', 3, 1, ( 
 ( #9078, #7363 ),
 ( #987, #3364 ),
 ( #730, #5477 ),
 ( #7264, #3490 ) ),
 .UNSPECIFIED., .F., .F., .F.,
 ( 4, 4 ),
 ( 2, 2 ),
 ( 8.000000000000000000, 9.000000000000000000 ),
 ( 0.0000000000000000000, 1.000000000000000000 ),
 .UNSPECIFIED. ) ;
#5952 = CARTESIAN_POINT ( 'NONE',  ( 0.2999999999999998224, -0.5999999999999999778, -0.05000000000000000278 ) ) ;
#5953 = CARTESIAN_POINT ( 'NONE',  ( -0.4048272848344182107, -0.6099999999999999867, 0.3976843725547389852 ) ) ;
#5954 = ORIENTED_EDGE ( 'NONE', *, *, #1784, .F. ) ;
#5955 = CARTESIAN_POINT ( 'NONE',  ( -0.2689101300135118278, -0.6099999999999999867, 0.3915082105319228067 ) ) ;
#5956 = CARTESIAN_POINT ( 'NONE',  ( -0.2491443320241174819, -0.6099999999999999867, 0.4015314768451630489 ) ) ;
#5957 = CARTESIAN_POINT ( 'NONE',  ( -0.4149857196769028977, -0.6099999999999999867, 0.4699059574221539637 ) ) ;
#5958 = PRESENTATION_STYLE_ASSIGNMENT (( #1417 ) ) ;
#5959 = SURFACE_STYLE_USAGE ( .BOTH. , #2274 ) ;
#5960 = VERTEX_POINT ( 'NONE', #2959 ) ;
#5961 = SURFACE_STYLE_USAGE ( .BOTH. , #11162 ) ;
#5962 = DIRECTION ( 'NONE',  ( 1.000000000000000000, 0.0000000000000000000, 0.0000000000000000000 ) ) ;
#5963 = VERTEX_POINT ( 'NONE', #2179 ) ;
#5964 =( GEOMETRIC_REPRESENTATION_CONTEXT ( 3 ) GLOBAL_UNCERTAINTY_ASSIGNED_CONTEXT ( ( #7769 ) ) GLOBAL_UNIT_ASSIGNED_CONTEXT ( ( #1039, #6586, #9348 ) ) REPRESENTATION_CONTEXT ( 'NONE', 'WORKASPACE' ) );
#5965 = EDGE_CURVE ( 'NONE', #6323, #595, #2247, .T. ) ;
#5966 = CARTESIAN_POINT ( 'NONE',  ( -0.3930988155384208538, -0.6099999999999999867, 0.4003877431374077145 ) ) ;
#5967 = MECHANICAL_DESIGN_GEOMETRIC_PRESENTATION_REPRESENTATION (  '', ( #7115 ), #769 ) ;
#5968 = DIRECTION ( 'NONE',  ( 0.9369753459439784660, 0.0000000000000000000, 0.3493954794973196942 ) ) ;
#5969 = PRESENTATION_STYLE_ASSIGNMENT (( #9655 ) ) ;
#5970 = CARTESIAN_POINT ( 'NONE',  ( -0.5772581006888517496, -0.5999999999999999778, 0.3665822422234592537 ) ) ;
#5971 = VERTEX_POINT ( 'NONE', #1136 ) ;
#5972 = SURFACE_SIDE_STYLE ('',( #6734 ) ) ;
#5973 = CARTESIAN_POINT ( 'NONE',  ( -0.5338784855714885369, -0.6099999999999999867, 0.3995507320614484215 ) ) ;
#5974 = EDGE_LOOP ( 'NONE', ( #323, #8108, #5906, #2856 ) ) ;
#5975 = FILL_AREA_STYLE_COLOUR ( '', #7751 ) ;
#5976 = STYLED_ITEM ( 'NONE', ( #7735 ), #1048 ) ;
#5977 = COLOUR_RGB ( '',0.2509803921568627416, 0.2509803921568627416, 0.2509803921568627416 ) ;
#5978 = ORIENTED_EDGE ( 'NONE', *, *, #11185, .F. ) ;
#5979 = EDGE_CURVE ( 'NONE', #11567, #9283, #7687, .T. ) ;
#5980 = ADVANCED_FACE ( 'NONE', ( #6693 ), #441, .F. ) ;
#5981 = CARTESIAN_POINT ( 'NONE',  ( -0.4094750027203268861, -0.5999999999999999778, 0.4702178847972480757 ) ) ;
#5982 = PRESENTATION_LAYER_ASSIGNMENT (  '', '', ( #2130 ) ) ;
#5983 = CARTESIAN_POINT ( 'NONE',  ( -0.3548877121137902768, -0.6099999999999999867, 0.3764941062202255551 ) ) ;
#5984 = ORIENTED_EDGE ( 'NONE', *, *, #1405, .F. ) ;
#5985 = MECHANICAL_DESIGN_GEOMETRIC_PRESENTATION_REPRESENTATION (  '', ( #7103 ), #8976 ) ;
#5986 = SURFACE_SIDE_STYLE ('',( #11246 ) ) ;
#5987 =( NAMED_UNIT ( * ) PLANE_ANGLE_UNIT ( ) SI_UNIT ( $, .RADIAN. ) );
#5988 = ORIENTED_EDGE ( 'NONE', *, *, #4637, .F. ) ;
#5989 = FACE_OUTER_BOUND ( 'NONE', #4293, .T. ) ;
#5990 = CARTESIAN_POINT ( 'NONE',  ( -0.4821121514843513256, -0.6099999999999999867, 0.3986831529974300681 ) ) ;
#5991 = PLANE ( 'NONE',  #7989 ) ;
#5992 =( LENGTH_UNIT ( ) NAMED_UNIT ( * ) SI_UNIT ( .MILLI., .METRE. ) );
#5993 = VECTOR ( 'NONE', #7611, 1000.000000000000000 ) ;
#5994 = EDGE_CURVE ( 'NONE', #10999, #6627, #1269, .T. ) ;
#5995 = CARTESIAN_POINT ( 'NONE',  ( -0.4061789701256164342, -0.5999999999999999778, 0.3926103539233487538 ) ) ;
#5996 = DIRECTION ( 'NONE',  ( -0.0000000000000000000, 1.000000000000000000, -0.0000000000000000000 ) ) ;
#5997 = CARTESIAN_POINT ( 'NONE',  ( -0.6559198049743579784, -0.5999999999999999778, 0.4316516538674262105 ) ) ;
#5998 =( NAMED_UNIT ( * ) PLANE_ANGLE_UNIT ( ) SI_UNIT ( $, .RADIAN. ) );
#5999 = ORIENTED_EDGE ( 'NONE', *, *, #9307, .T. ) ;
#6000 =( NAMED_UNIT ( * ) PLANE_ANGLE_UNIT ( ) SI_UNIT ( $, .RADIAN. ) );
#6001 = CARTESIAN_POINT ( 'NONE',  ( -0.3697562503170909731, -0.6099999999999999867, 0.4022801025448896062 ) ) ;
#6002 = PLANE ( 'NONE',  #4885 ) ;
#6003 = CARTESIAN_POINT ( 'NONE',  ( -0.3056551747761435678, -0.6099999999999999867, 0.4503377134371886470 ) ) ;
#6004 = ORIENTED_EDGE ( 'NONE', *, *, #9988, .T. ) ;
#6005 = CARTESIAN_POINT ( 'NONE',  ( -0.4085080278582838842, -0.6099999999999999867, 0.4128232478165279606 ) ) ;
#6006 = CARTESIAN_POINT ( 'NONE',  ( -0.3930988155384208538, -0.6099999999999999867, 0.3952097487139515919 ) ) ;
#6007 = CARTESIAN_POINT ( 'NONE',  ( -0.5896935881493786669, -0.6099999999999999867, 0.4906479279443450303 ) ) ;
#6008 = VERTEX_POINT ( 'NONE', #3981 ) ;
#6009 = DIRECTION ( 'NONE',  ( -0.0000000000000000000, 1.000000000000000000, -0.0000000000000000000 ) ) ;
#6010 = CARTESIAN_POINT ( 'NONE',  ( -0.3415788107847114174, -0.5999999999999999778, 0.4863341325000934967 ) ) ;
#6011 = VERTEX_POINT ( 'NONE', #11187 ) ;
#6012 = UNCERTAINTY_MEASURE_WITH_UNIT (LENGTH_MEASURE( 1.000000000000000082E-05 ), #9151, 'distance_accuracy_value', 'NONE');
#6013 = FILL_AREA_STYLE_COLOUR ( '', #9068 ) ;
#6014 = PRESENTATION_STYLE_ASSIGNMENT (( #8432 ) ) ;
#6015 =( NAMED_UNIT ( * ) PLANE_ANGLE_UNIT ( ) SI_UNIT ( $, .RADIAN. ) );
#6016 = EDGE_CURVE ( 'NONE', #8607, #892, #3085, .T. ) ;
#6017 = EDGE_CURVE ( 'NONE', #503, #1248, #212, .T. ) ;
#6018 = DIRECTION ( 'NONE',  ( 0.0000000000000000000, -0.0000000000000000000, -1.000000000000000000 ) ) ;
#6019 = VERTEX_POINT ( 'NONE', #5860 ) ;
#6020 = DIRECTION ( 'NONE',  ( 0.0000000000000000000, -0.0000000000000000000, 1.000000000000000000 ) ) ;
#6021 = CARTESIAN_POINT ( 'NONE',  ( -0.2796508292890245162, -0.5999999999999999778, 0.4218067562135270343 ) ) ;
#6022 = DIRECTION ( 'NONE',  ( -0.0000000000000000000, -0.0000000000000000000, 1.000000000000000000 ) ) ;
#6023 = B_SPLINE_CURVE_WITH_KNOTS ( 'NONE', 3,
 ( #7755, #9453, #4970, #8597 ),
 .UNSPECIFIED., .F., .F.,
 ( 4, 4 ),
 ( 3.000000000000000000, 4.000000000000000000 ),
 .UNSPECIFIED. ) ;
#6024 = ORIENTED_EDGE ( 'NONE', *, *, #11228, .F. ) ;
#6025 = UNCERTAINTY_MEASURE_WITH_UNIT (LENGTH_MEASURE( 1.000000000000000082E-05 ), #6830, 'distance_accuracy_value', 'NONE');
#6026 =( NAMED_UNIT ( * ) SI_UNIT ( $, .STERADIAN. ) SOLID_ANGLE_UNIT ( ) );
#6027 = LINE ( 'NONE', #7721, #4235 ) ;
#6028 = LINE ( 'NONE', #7891, #1293 ) ;
#6029 = EDGE_LOOP ( 'NONE', ( #6225, #3243, #10397, #1896 ) ) ;
#6030 = SURFACE_SIDE_STYLE ('',( #10361 ) ) ;
#6031 = DIRECTION ( 'NONE',  ( -1.000000000000000000, 0.0000000000000000000, -0.0000000000000000000 ) ) ;
#6032 = ORIENTED_EDGE ( 'NONE', *, *, #6574, .F. ) ;
#6033 = LINE ( 'NONE', #552, #317 ) ;
#6034 = CARTESIAN_POINT ( 'NONE',  ( 0.2999999999999999889, 0.5999999999999999778, -0.05000000000000000278 ) ) ;
#6035 = CARTESIAN_POINT ( 'NONE',  ( -0.4021343118311778153, -0.5999999999999999778, 0.3851240969258026281 ) ) ;
#6036 = CARTESIAN_POINT ( 'NONE',  ( -0.5896935881493786669, -0.6099999999999999867, 0.4906479279443450303 ) ) ;
#6037 = ORIENTED_EDGE ( 'NONE', *, *, #9334, .F. ) ;
#6038 =( LENGTH_UNIT ( ) NAMED_UNIT ( * ) SI_UNIT ( .MILLI., .METRE. ) );
#6039 = UNCERTAINTY_MEASURE_WITH_UNIT (LENGTH_MEASURE( 1.000000000000000082E-05 ), #7291, 'distance_accuracy_value', 'NONE');
#6040 = SURFACE_STYLE_USAGE ( .BOTH. , #1381 ) ;
#6041 = CARTESIAN_POINT ( 'NONE',  ( -0.4024254440478295947, -0.5999999999999999778, 0.3893039237493470806 ) ) ;
#6042 = ORIENTED_EDGE ( 'NONE', *, *, #6925, .F. ) ;
#6043 =( GEOMETRIC_REPRESENTATION_CONTEXT ( 3 ) GLOBAL_UNCERTAINTY_ASSIGNED_CONTEXT ( ( #229 ) ) GLOBAL_UNIT_ASSIGNED_CONTEXT ( ( #5253, #4342, #9021 ) ) REPRESENTATION_CONTEXT ( 'NONE', 'WORKASPACE' ) );
#6044 = EDGE_LOOP ( 'NONE', ( #9461, #2346, #4196, #11480 ) ) ;
#6045 = CARTESIAN_POINT ( 'NONE',  ( -0.3811000091840733295, -0.6099999999999999867, 0.3920904749649506971 ) ) ;
#6046 =( GEOMETRIC_REPRESENTATION_CONTEXT ( 3 ) GLOBAL_UNCERTAINTY_ASSIGNED_CONTEXT ( ( #2518 ) ) GLOBAL_UNIT_ASSIGNED_CONTEXT ( ( #1368, #4992, #419 ) ) REPRESENTATION_CONTEXT ( 'NONE', 'WORKASPACE' ) );
#6047 = EDGE_CURVE ( 'NONE', #550, #10116, #7846, .T. ) ;
#6048 = DIRECTION ( 'NONE',  ( -0.0000000000000000000, 1.000000000000000000, -0.0000000000000000000 ) ) ;
#6049 = CARTESIAN_POINT ( 'NONE',  ( -0.3455402884460780921, -0.5999999999999999778, 0.3930262570896793650 ) ) ;
#6050 = CARTESIAN_POINT ( 'NONE',  ( -0.2425938571515761644, -0.5999999999999999778, 0.4200599629138868085 ) ) ;
#6051 = MECHANICAL_DESIGN_GEOMETRIC_PRESENTATION_REPRESENTATION (  '', ( #1786 ), #8869 ) ;
#6052 = PRESENTATION_LAYER_ASSIGNMENT (  '', '', ( #10727 ) ) ;
#6053 = LINE ( 'NONE', #11431, #8567 ) ;
#6054 =( NAMED_UNIT ( * ) SI_UNIT ( $, .STERADIAN. ) SOLID_ANGLE_UNIT ( ) );
#6055 = SURFACE_STYLE_FILL_AREA ( #11318 ) ;
#6056 = FILL_AREA_STYLE ('',( #10323 ) ) ;
#6057 = ORIENTED_EDGE ( 'NONE', *, *, #3820, .T. ) ;
#6058 = PRESENTATION_STYLE_ASSIGNMENT (( #8651 ) ) ;
#6059 = CARTESIAN_POINT ( 'NONE',  ( -0.4328487606792498221, -0.6099999999999999867, 0.4549750337439453785 ) ) ;
#6060 = VERTEX_POINT ( 'NONE', #4047 ) ;
#6061 = LINE ( 'NONE', #9512, #10740 ) ;
#6062 = CARTESIAN_POINT ( 'NONE',  ( -0.3235806012532589926, -0.6099999999999999867, 0.4592172460423974978 ) ) ;
#6063 = ADVANCED_FACE ( 'NONE', ( #2306 ), #5991, .F. ) ;
#6064 = VECTOR ( 'NONE', #1096, 1000.000000000000000 ) ;
#6065 = CARTESIAN_POINT ( 'NONE',  ( -0.2729963786244171131, -0.6099999999999999867, 0.4246972832206435400 ) ) ;
#6066 = ORIENTED_EDGE ( 'NONE', *, *, #10336, .F. ) ;
#6067 = CARTESIAN_POINT ( 'NONE',  ( -0.3631849802859700160, -0.5999999999999999778, 0.3985161788879533762 ) ) ;
#6068 = MECHANICAL_DESIGN_GEOMETRIC_PRESENTATION_REPRESENTATION (  '', ( #1620 ), #7552 ) ;
#6069 = COLOUR_RGB ( '',0.2509803921568627416, 0.2509803921568627416, 0.2509803921568627416 ) ;
#6070 = VECTOR ( 'NONE', #6576, 1000.000000000000000 ) ;
#6071 = FILL_AREA_STYLE ('',( #8606 ) ) ;
#6072 = ORIENTED_EDGE ( 'NONE', *, *, #1045, .T. ) ;
#6073 = AXIS2_PLACEMENT_3D ( 'NONE', #2124, #1024, #5743 ) ;
#6074 = CARTESIAN_POINT ( 'NONE',  ( -0.4328487606792498221, -0.6099999999999999867, 0.4041308716360421660 ) ) ;
#6075 = COLOUR_RGB ( '',1.000000000000000000, 1.000000000000000000, 1.000000000000000000 ) ;
#6076 = ADVANCED_FACE ( 'NONE', ( #9622 ), #5847, .F. ) ;
#6077 =( LENGTH_UNIT ( ) NAMED_UNIT ( * ) SI_UNIT ( .MILLI., .METRE. ) );
#6078 = ORIENTED_EDGE ( 'NONE', *, *, #4710, .T. ) ;
#6079 = SURFACE_SIDE_STYLE ('',( #2464 ) ) ;
#6080 = B_SPLINE_CURVE_WITH_KNOTS ( 'NONE', 3,
 ( #6680, #8571, #1251, #10247, #6739, #2047, #8507 ),
 .UNSPECIFIED., .F., .F.,
 ( 4, 3, 4 ),
 ( 0.0000000000000000000, 1.000000000000000000, 2.000000000000000000 ),
 .UNSPECIFIED. ) ;
#6081 = LINE ( 'NONE', #9647, #4541 ) ;
#6082 = STYLED_ITEM ( 'NONE', ( #1124 ), #11406 ) ;
#6083 = ORIENTED_EDGE ( 'NONE', *, *, #5603, .T. ) ;
#6084 = EDGE_CURVE ( 'NONE', #11434, #7758, #1563, .T. ) ;
#6085 = EDGE_CURVE ( 'NONE', #9057, #85, #505, .T. ) ;
#6086 = PRESENTATION_STYLE_ASSIGNMENT (( #2403 ) ) ;
#6087 = SURFACE_SIDE_STYLE ('',( #11110 ) ) ;
#6088 = PRESENTATION_LAYER_ASSIGNMENT (  '', '', ( #2433 ) ) ;
#6089 = FILL_AREA_STYLE_COLOUR ( '', #9252 ) ;
#6090 = SURFACE_STYLE_FILL_AREA ( #599 ) ;
#6091 = FILL_AREA_STYLE_COLOUR ( '', #2984 ) ;
#6092 = CARTESIAN_POINT ( 'NONE',  ( -0.5931639595650750607, -0.6099999999999999867, 0.3665822422234592537 ) ) ;
#6093 = EDGE_LOOP ( 'NONE', ( #3001, #10454, #4905, #9369 ) ) ;
#6094 = CARTESIAN_POINT ( 'NONE',  ( -0.6168781513689943763, -0.5999999999999999778, 0.3746797681721246165 ) ) ;
#6095 = LINE ( 'NONE', #3188, #8147 ) ;
#6096 = ORIENTED_EDGE ( 'NONE', *, *, #6531, .T. ) ;
#6097 = CARTESIAN_POINT ( 'NONE',  ( -0.5338784855714885369, -0.5999999999999999778, 0.4845747821038446923 ) ) ;
#6098 =( GEOMETRIC_REPRESENTATION_CONTEXT ( 3 ) GLOBAL_UNCERTAINTY_ASSIGNED_CONTEXT ( ( #8608 ) ) GLOBAL_UNIT_ASSIGNED_CONTEXT ( ( #9922, #1432, #1700 ) ) REPRESENTATION_CONTEXT ( 'NONE', 'WORKASPACE' ) );
#6099 = FACE_OUTER_BOUND ( 'NONE', #10230, .T. ) ;
#6100 = FILL_AREA_STYLE_COLOUR ( '', #10093 ) ;
#6101 = VECTOR ( 'NONE', #5064, 1000.000000000000000 ) ;
#6102 = EDGE_LOOP ( 'NONE', ( #5471, #8776, #8214, #3691 ) ) ;
#6103 =( NAMED_UNIT ( * ) PLANE_ANGLE_UNIT ( ) SI_UNIT ( $, .RADIAN. ) );
#6104 = STYLED_ITEM ( 'NONE', ( #1949 ), #9128 ) ;
#6105 = DIRECTION ( 'NONE',  ( -0.0000000000000000000, 1.000000000000000000, -0.0000000000000000000 ) ) ;
#6106 = B_SPLINE_CURVE_WITH_KNOTS ( 'NONE', 3,
 ( #5386, #6177, #692, #3626 ),
 .UNSPECIFIED., .F., .F.,
 ( 4, 4 ),
 ( 19.00000000000000000, 20.00000000000000000 ),
 .UNSPECIFIED. ) ;
#6107 = CARTESIAN_POINT ( 'NONE',  ( -0.2757309419445418963, -0.5999999999999999778, 0.4205382515554020872 ) ) ;
#6108 = VERTEX_POINT ( 'NONE', #5255 ) ;
#6109 = VECTOR ( 'NONE', #4583, 1000.000000000000000 ) ;
#6110 = CARTESIAN_POINT ( 'NONE',  ( -0.6203485117526829073, -0.5999999999999999778, 0.4056238958291003005 ) ) ;
#6111 = VECTOR ( 'NONE', #4126, 1000.000000000000000 ) ;
#6112 = ORIENTED_EDGE ( 'NONE', *, *, #10742, .F. ) ;
#6113 = LINE ( 'NONE', #2488, #4750 ) ;
#6114 = CARTESIAN_POINT ( 'NONE',  ( -0.3496681273738661555, -0.6099999999999999867, 0.3805907524105590634 ) ) ;
#6115 = SURFACE_SIDE_STYLE ('',( #567 ) ) ;
#6116 = VECTOR ( 'NONE', #8765, 1000.000000000000000 ) ;
#6117 = COLOUR_RGB ( '',1.000000000000000000, 1.000000000000000000, 1.000000000000000000 ) ;
#6118 = CARTESIAN_POINT ( 'NONE',  ( -0.6559198049743579784, -0.6099999999999999867, 0.4316516538674262105 ) ) ;
#6119 = ORIENTED_EDGE ( 'NONE', *, *, #6784, .F. ) ;
#6120 = STYLED_ITEM ( 'NONE', ( #600 ), #9835 ) ;
#6121 = PRESENTATION_STYLE_ASSIGNMENT (( #5941 ) ) ;
#6122 = DIRECTION ( 'NONE',  ( -1.000000000000000000, -0.0000000000000000000, -0.0000000000000000000 ) ) ;
#6123 = LINE ( 'NONE', #9690, #3079 ) ;
#6124 = SURFACE_STYLE_USAGE ( .BOTH. , #5873 ) ;
#6125 =( NAMED_UNIT ( * ) SI_UNIT ( $, .STERADIAN. ) SOLID_ANGLE_UNIT ( ) );
#6126 =( NAMED_UNIT ( * ) SI_UNIT ( $, .STERADIAN. ) SOLID_ANGLE_UNIT ( ) );
#6127 = AXIS2_PLACEMENT_3D ( 'NONE', #6400, #8152, #9793 ) ;
#6128 = SURFACE_STYLE_FILL_AREA ( #6895 ) ;
#6129 = VERTEX_POINT ( 'NONE', #7044 ) ;
#6130 = VECTOR ( 'NONE', #4674, 1000.000000000000000 ) ;
#6131 = CARTESIAN_POINT ( 'NONE',  ( -0.3548877121137902768, -0.6099999999999999867, 0.3764941062202255551 ) ) ;
#6132 = AXIS2_PLACEMENT_3D ( 'NONE', #1585, #5281, #8897 ) ;
#6133 = MECHANICAL_DESIGN_GEOMETRIC_PRESENTATION_REPRESENTATION (  '', ( #1095 ), #3431 ) ;
#6134 = DIRECTION ( 'NONE',  ( 1.000000000000000000, 0.0000000000000000000, 0.0000000000000000000 ) ) ;
#6135 = EDGE_LOOP ( 'NONE', ( #11259, #5415, #7798, #9196 ) ) ;
#6136 = UNCERTAINTY_MEASURE_WITH_UNIT (LENGTH_MEASURE( 1.000000000000000082E-05 ), #7940, 'distance_accuracy_value', 'NONE');
#6137 = FILL_AREA_STYLE ('',( #7879 ) ) ;
#6138 = FACE_OUTER_BOUND ( 'NONE', #2917, .T. ) ;
#6139 = CARTESIAN_POINT ( 'NONE',  ( -0.3531305212351366629, -0.6099999999999999867, 0.4148611733324051309 ) ) ;
#6140 = ORIENTED_EDGE ( 'NONE', *, *, #3233, .F. ) ;
#6141 = VERTEX_POINT ( 'NONE', #6936 ) ;
#6142 = EDGE_CURVE ( 'NONE', #4693, #10619, #6723, .T. ) ;
#6143 = LINE ( 'NONE', #1541, #268 ) ;
#6144 = UNCERTAINTY_MEASURE_WITH_UNIT (LENGTH_MEASURE( 1.000000000000000082E-05 ), #8836, 'distance_accuracy_value', 'NONE');
#6145 = LINE ( 'NONE', #4323, #9807 ) ;
#6146 = CARTESIAN_POINT ( 'NONE',  ( -0.3718981516246193109, -0.5999999999999999778, 0.4113883818919822910 ) ) ;
#6147 = ORIENTED_EDGE ( 'NONE', *, *, #269, .F. ) ;
#6148 = DIRECTION ( 'NONE',  ( 0.0000000000000000000, -1.000000000000000000, 0.0000000000000000000 ) ) ;
#6149 = ORIENTED_EDGE ( 'NONE', *, *, #9694, .T. ) ;
#6150 =( NAMED_UNIT ( * ) SI_UNIT ( $, .STERADIAN. ) SOLID_ANGLE_UNIT ( ) );
#6151 = DIRECTION ( 'NONE',  ( -0.9434452330824942834, 0.0000000000000000000, 0.3315284183504002002 ) ) ;
#6152 = PRESENTATION_STYLE_ASSIGNMENT (( #3371 ) ) ;
#6153 = ORIENTED_EDGE ( 'NONE', *, *, #8978, .T. ) ;
#6154 = UNCERTAINTY_MEASURE_WITH_UNIT (LENGTH_MEASURE( 1.000000000000000082E-05 ), #9548, 'distance_accuracy_value', 'NONE');
#6155 = LINE ( 'NONE', #395, #3708 ) ;
#6156 = COLOUR_RGB ( '',1.000000000000000000, 1.000000000000000000, 1.000000000000000000 ) ;
#6157 = ORIENTED_EDGE ( 'NONE', *, *, #3911, .T. ) ;
#6158 = CARTESIAN_POINT ( 'NONE',  ( -0.2847352454998430260, -0.5999999999999999778, 0.3904476574573795822 ) ) ;
#6159 = ORIENTED_EDGE ( 'NONE', *, *, #1937, .T. ) ;
#6160 = SURFACE_SIDE_STYLE ('',( #1736 ) ) ;
#6161 = COLOUR_RGB ( '',1.000000000000000000, 1.000000000000000000, 1.000000000000000000 ) ;
#6162 = EDGE_CURVE ( 'NONE', #970, #11567, #2585, .T. ) ;
#6163 = FACE_OUTER_BOUND ( 'NONE', #4664, .T. ) ;
#6164 = VECTOR ( 'NONE', #4403, 1000.000000000000000 ) ;
#6165 =( GEOMETRIC_REPRESENTATION_CONTEXT ( 3 ) GLOBAL_UNCERTAINTY_ASSIGNED_CONTEXT ( ( #3462 ) ) GLOBAL_UNIT_ASSIGNED_CONTEXT ( ( #2632, #5303, #10711 ) ) REPRESENTATION_CONTEXT ( 'NONE', 'WORKASPACE' ) );
#6166 = VECTOR ( 'NONE', #4269, 1000.000000000000000 ) ;
#6167 = PRESENTATION_LAYER_ASSIGNMENT (  '', '', ( #8222 ) ) ;
#6168 = DIRECTION ( 'NONE',  ( -1.000000000000000000, 0.0000000000000000000, -0.0000000000000000000 ) ) ;
#6169 = SURFACE_STYLE_USAGE ( .BOTH. , #11544 ) ;
#6170 = CARTESIAN_POINT ( 'NONE',  ( -0.4008138192774340913, -0.5999999999999999778, 0.3893039237493470806 ) ) ;
#6171 = CARTESIAN_POINT ( 'NONE',  ( -0.6423275178485461367, -0.6099999999999999867, 0.4646201574951478452 ) ) ;
#6172 = DIRECTION ( 'NONE',  ( 0.0000000000000000000, -0.0000000000000000000, 1.000000000000000000 ) ) ;
#6173 = SURFACE_STYLE_FILL_AREA ( #4465 ) ;
#6174 = FILL_AREA_STYLE ('',( #7872 ) ) ;
#6175 = VECTOR ( 'NONE', #473, 999.9999999999998863 ) ;
#6176 = CARTESIAN_POINT ( 'NONE',  ( -0.3239341189449583824, -0.6099999999999999867, 0.4522300728449469842 ) ) ;
#6177 = CARTESIAN_POINT ( 'NONE',  ( -0.6032858642430440899, -0.6099999999999999867, 0.4611498053853264611 ) ) ;
#6178 = CARTESIAN_POINT ( 'NONE',  ( -0.3239341189449583824, -0.6099999999999999867, 0.4892246595074877247 ) ) ;
#6179 = SURFACE_STYLE_USAGE ( .BOTH. , #10917 ) ;
#6180 = B_SPLINE_CURVE_WITH_KNOTS ( 'NONE', 3,
 ( #10520, #8726, #7710, #2151 ),
 .UNSPECIFIED., .F., .F.,
 ( 4, 4 ),
 ( 4.000000000000000000, 5.000000000000000000 ),
 .UNSPECIFIED. ) ;
#6181 = EDGE_CURVE ( 'NONE', #501, #8226, #8265, .T. ) ;
#6182 =( GEOMETRIC_REPRESENTATION_CONTEXT ( 3 ) GLOBAL_UNCERTAINTY_ASSIGNED_CONTEXT ( ( #7441 ) ) GLOBAL_UNIT_ASSIGNED_CONTEXT ( ( #3958, #7724, #6789 ) ) REPRESENTATION_CONTEXT ( 'NONE', 'WORKASPACE' ) );
#6183 = CARTESIAN_POINT ( 'NONE',  ( -0.3665122056181349675, -0.5999999999999999778, 0.4010739833619496597 ) ) ;
#6184 =( NAMED_UNIT ( * ) PLANE_ANGLE_UNIT ( ) SI_UNIT ( $, .RADIAN. ) );
#6185 = ORIENTED_EDGE ( 'NONE', *, *, #10080, .T. ) ;
#6186 = DIRECTION ( 'NONE',  ( -1.000000000000000000, -0.0000000000000000000, -0.0000000000000000000 ) ) ;
#6187 =( NAMED_UNIT ( * ) SI_UNIT ( $, .STERADIAN. ) SOLID_ANGLE_UNIT ( ) );
#6188 = FACE_OUTER_BOUND ( 'NONE', #4973, .T. ) ;
#6189 = VERTEX_POINT ( 'NONE', #8026 ) ;
#6190 = EDGE_CURVE ( 'NONE', #804, #4675, #4168, .T. ) ;
#6191 = FILL_AREA_STYLE_COLOUR ( '', #3301 ) ;
#6192 = ADVANCED_FACE ( 'NONE', ( #2367, #8330 ), #6561, .F. ) ;
#6193 = ORIENTED_EDGE ( 'NONE', *, *, #7998, .F. ) ;
#6194 = DIRECTION ( 'NONE',  ( -1.000000000000000000, 0.0000000000000000000, -0.0000000000000000000 ) ) ;
#6195 = CARTESIAN_POINT ( 'NONE',  ( -0.2697419363464489961, -0.6099999999999999867, 0.3974972161300142082 ) ) ;
#6196 =( GEOMETRIC_REPRESENTATION_CONTEXT ( 3 ) GLOBAL_UNCERTAINTY_ASSIGNED_CONTEXT ( ( #7992 ) ) GLOBAL_UNIT_ASSIGNED_CONTEXT ( ( #7774, #8784, #11458 ) ) REPRESENTATION_CONTEXT ( 'NONE', 'WORKASPACE' ) );
#6197 = ORIENTED_EDGE ( 'NONE', *, *, #7344, .F. ) ;
#6198 = LINE ( 'NONE', #2688, #1042 ) ;
#6199 = DIRECTION ( 'NONE',  ( -0.0000000000000000000, -0.0000000000000000000, 1.000000000000000000 ) ) ;
#6200 = ORIENTED_EDGE ( 'NONE', *, *, #5239, .T. ) ;
#6201 = SURFACE_STYLE_FILL_AREA ( #4495 ) ;
#6202 = CARTESIAN_POINT ( 'NONE',  ( -0.3531305212351366629, -0.6099999999999999867, 0.4148611733324051309 ) ) ;
#6203 = ORIENTED_EDGE ( 'NONE', *, *, #8454, .T. ) ;
#6204 = EDGE_CURVE ( 'NONE', #2441, #10781, #40, .T. ) ;
#6205 = LINE ( 'NONE', #3541, #9524 ) ;
#6206 = B_SPLINE_CURVE_WITH_KNOTS ( 'NONE', 3,
 ( #8653, #627, #5087, #11262 ),
 .UNSPECIFIED., .F., .F.,
 ( 4, 4 ),
 ( 12.00000000000000000, 13.00000000000000000 ),
 .UNSPECIFIED. ) ;
#6207 = VERTEX_POINT ( 'NONE', #1797 ) ;
#6208 = STYLED_ITEM ( 'NONE', ( #5813 ), #4374 ) ;
#6209 = LINE ( 'NONE', #843, #91 ) ;
#6210 = CARTESIAN_POINT ( 'NONE',  ( -0.5931639540490711848, -0.5999999999999999778, 0.4247109275837678832 ) ) ;
#6211 = FACE_OUTER_BOUND ( 'NONE', #8814, .T. ) ;
#6212 = ORIENTED_EDGE ( 'NONE', *, *, #2816, .F. ) ;
#6213 = CARTESIAN_POINT ( 'NONE',  ( -0.6246864732644057394, -0.6099999999999999867, 0.4611498053853264611 ) ) ;
#6214 = B_SPLINE_SURFACE_WITH_KNOTS ( 'NONE', 3, 1, ( 
 ( #5930, #7909 ),
 ( #4231, #6934 ),
 ( #7858, #11428 ),
 ( #10553, #7686 ) ),
 .UNSPECIFIED., .F., .F., .F.,
 ( 4, 4 ),
 ( 2, 2 ),
 ( 7.000000000000000000, 8.000000000000000000 ),
 ( 0.0000000000000000000, 1.000000000000000000 ),
 .UNSPECIFIED. ) ;
#6215 = VERTEX_POINT ( 'NONE', #2819 ) ;
#6216 = CARTESIAN_POINT ( 'NONE',  ( -0.5301189211345451735, -0.6099999999999999867, 0.3859584614833708738 ) ) ;
#6217 = FILL_AREA_STYLE ('',( #2432 ) ) ;
#6218 = CARTESIAN_POINT ( 'NONE',  ( -0.2748575452947220610, -0.6099999999999999867, 0.4503377134371886470 ) ) ;
#6219 = DIRECTION ( 'NONE',  ( 1.000000000000000000, 0.0000000000000000000, 0.0000000000000000000 ) ) ;
#6220 = STYLED_ITEM ( 'NONE', ( #8289 ), #8439 ) ;
#6221 = EDGE_CURVE ( 'NONE', #2532, #11003, #3727, .T. ) ;
#6222 = EDGE_CURVE ( 'NONE', #2804, #4790, #10785, .T. ) ;
#6223 = B_SPLINE_CURVE_WITH_KNOTS ( 'NONE', 3,
 ( #11385, #9796, #4246, #8878 ),
 .UNSPECIFIED., .F., .F.,
 ( 4, 4 ),
 ( 1.000000000000000000, 2.000000000000000000 ),
 .UNSPECIFIED. ) ;
#6224 =( LENGTH_UNIT ( ) NAMED_UNIT ( * ) SI_UNIT ( .MILLI., .METRE. ) );
#6225 = ORIENTED_EDGE ( 'NONE', *, *, #8576, .T. ) ;
#6226 = FACE_OUTER_BOUND ( 'NONE', #6661, .T. ) ;
#6227 =( NAMED_UNIT ( * ) PLANE_ANGLE_UNIT ( ) SI_UNIT ( $, .RADIAN. ) );
#6228 =( NAMED_UNIT ( * ) SI_UNIT ( $, .STERADIAN. ) SOLID_ANGLE_UNIT ( ) );
#6229 =( LENGTH_UNIT ( ) NAMED_UNIT ( * ) SI_UNIT ( .MILLI., .METRE. ) );
#6230 = EDGE_LOOP ( 'NONE', ( #10850, #10249, #779, #8178 ) ) ;
#6231 = CARTESIAN_POINT ( 'NONE',  ( -0.3266686822650832212, -0.6099999999999999867, 0.4850656278422461609 ) ) ;
#6232 = FILL_AREA_STYLE ('',( #3566 ) ) ;
#6233 = SURFACE_STYLE_USAGE ( .BOTH. , #755 ) ;
#6234 = FILL_AREA_STYLE_COLOUR ( '', #3925 ) ;
#6235 = CARTESIAN_POINT ( 'NONE',  ( -0.2547174344558781889, -0.6099999999999999867, 0.3858103371506220181 ) ) ;
#6236 = STYLED_ITEM ( 'NONE', ( #5958 ), #10803 ) ;
#6237 = PRESENTATION_LAYER_ASSIGNMENT (  '', '', ( #1200 ) ) ;
#6238 = CARTESIAN_POINT ( 'NONE',  ( -0.3952407168459506348, -0.6099999999999999867, 0.3868500950668634086 ) ) ;
#6239 = VERTEX_POINT ( 'NONE', #859 ) ;
#6240 = UNCERTAINTY_MEASURE_WITH_UNIT (LENGTH_MEASURE( 1.000000000000000082E-05 ), #10002, 'distance_accuracy_value', 'NONE');
#6241 = VECTOR ( 'NONE', #1153, 1000.000000000000000 ) ;
#6242 = FILL_AREA_STYLE_COLOUR ( '', #1053 ) ;
#6243 = SURFACE_STYLE_FILL_AREA ( #1826 ) ;
#6244 = DIRECTION ( 'NONE',  ( 0.0000000000000000000, -0.0000000000000000000, 1.000000000000000000 ) ) ;
#6245 = DIRECTION ( 'NONE',  ( 1.000000000000000000, -0.0000000000000000000, -0.0000000000000000000 ) ) ;
#6246 = VECTOR ( 'NONE', #7130, 1000.000000000000000 ) ;
#6247 = SURFACE_SIDE_STYLE ('',( #8050 ) ) ;
#6248 = ORIENTED_EDGE ( 'NONE', *, *, #7653, .F. ) ;
#6249 = CARTESIAN_POINT ( 'NONE',  ( -0.3796235529429223265, -0.5999999999999999778, 0.4024256686532850513 ) ) ;
#6250 = FILL_AREA_STYLE ('',( #2351 ) ) ;
#6251 =( GEOMETRIC_REPRESENTATION_CONTEXT ( 3 ) GLOBAL_UNCERTAINTY_ASSIGNED_CONTEXT ( ( #3167 ) ) GLOBAL_UNIT_ASSIGNED_CONTEXT ( ( #159, #8524, #4893 ) ) REPRESENTATION_CONTEXT ( 'NONE', 'WORKASPACE' ) );
#6252 = ORIENTED_EDGE ( 'NONE', *, *, #7902, .T. ) ;
#6253 = MECHANICAL_DESIGN_GEOMETRIC_PRESENTATION_REPRESENTATION (  '', ( #10928 ), #4330 ) ;
#6254 = VECTOR ( 'NONE', #1022, 1000.000000000000000 ) ;
#6255 =( NAMED_UNIT ( * ) SI_UNIT ( $, .STERADIAN. ) SOLID_ANGLE_UNIT ( ) );
#6256 = DIRECTION ( 'NONE',  ( -0.0000000000000000000, 1.000000000000000000, -0.0000000000000000000 ) ) ;
#6257 = ADVANCED_FACE ( 'NONE', ( #974 ), #9503, .F. ) ;
#6258 = ORIENTED_EDGE ( 'NONE', *, *, #1227, .T. ) ;
#6259 = UNCERTAINTY_MEASURE_WITH_UNIT (LENGTH_MEASURE( 1.000000000000000082E-05 ), #8657, 'distance_accuracy_value', 'NONE');
#6260 = EDGE_CURVE ( 'NONE', #4631, #7447, #8143, .T. ) ;
#6261 = SURFACE_SIDE_STYLE ('',( #7310 ) ) ;
#6262 = DIRECTION ( 'NONE',  ( -0.8863488427958617910, 0.0000000000000000000, -0.4630180653866937668 ) ) ;
#6263 = ORIENTED_EDGE ( 'NONE', *, *, #10948, .F. ) ;
#6264 = SURFACE_SIDE_STYLE ('',( #7029 ) ) ;
#6265 = ORIENTED_EDGE ( 'NONE', *, *, #2531, .F. ) ;
#6266 = STYLED_ITEM ( 'NONE', ( #11495 ), #2651 ) ;
#6267 = CARTESIAN_POINT ( 'NONE',  ( -0.2627755583070236489, -0.5999999999999999778, 0.4126984768664346825 ) ) ;
#6268 = ORIENTED_EDGE ( 'NONE', *, *, #42, .F. ) ;
#6269 = CARTESIAN_POINT ( 'NONE',  ( -0.2925750201888107638, -0.5999999999999999778, 0.4829653168511845451 ) ) ;
#6270 = UNCERTAINTY_MEASURE_WITH_UNIT (LENGTH_MEASURE( 1.000000000000000082E-05 ), #10853, 'distance_accuracy_value', 'NONE');
#6271 = EDGE_CURVE ( 'NONE', #11182, #6956, #7615, .T. ) ;
#6272 = CARTESIAN_POINT ( 'NONE',  ( -0.3415788107847114174, -0.5999999999999999778, 0.4863341325000934967 ) ) ;
#6273 = DIRECTION ( 'NONE',  ( 1.000000000000000000, 0.0000000000000000000, -0.0000000000000000000 ) ) ;
#6274 = ORIENTED_EDGE ( 'NONE', *, *, #2921, .F. ) ;
#6275 = VECTOR ( 'NONE', #10896, 1000.000000000000000 ) ;
#6276 = CARTESIAN_POINT ( 'NONE',  ( -0.2958918479416860481, -0.6099999999999999867, 0.3858103371506220181 ) ) ;
#6277 = CARTESIAN_POINT ( 'NONE',  ( -0.4328487606792498221, -0.5999999999999999778, 0.4910130431234555615 ) ) ;
#6278 = EDGE_LOOP ( 'NONE', ( #9605, #6482, #1265, #9351 ) ) ;
#6279 = CARTESIAN_POINT ( 'NONE',  ( -0.3544926041054858312, -0.6099999999999999867, 0.3721271229716806572 ) ) ;
#6280 = DIRECTION ( 'NONE',  ( -1.000000000000000000, 0.0000000000000000000, -0.0000000000000000000 ) ) ;
#6281 = AXIS2_PLACEMENT_3D ( 'NONE', #10736, #5268, #1751 ) ;
#6282 = ADVANCED_FACE ( 'NONE', ( #8450 ), #7551, .F. ) ;
#6283 = VECTOR ( 'NONE', #5962, 1000.000000000000000 ) ;
#6284 = DIRECTION ( 'NONE',  ( -0.0000000000000000000, 0.0000000000000000000, -1.000000000000000000 ) ) ;
#6285 = CARTESIAN_POINT ( 'NONE',  ( -0.5896935881493786669, -0.5999999999999999778, 0.4906479279443450303 ) ) ;
#6286 = PRESENTATION_STYLE_ASSIGNMENT (( #2715 ) ) ;
#6287 = FACE_OUTER_BOUND ( 'NONE', #1857, .T. ) ;
#6288 =( LENGTH_UNIT ( ) NAMED_UNIT ( * ) SI_UNIT ( .MILLI., .METRE. ) );
#6289 = CARTESIAN_POINT ( 'NONE',  ( -0.3711391283457417534, -0.6099999999999999867, 0.4686582479226092945 ) ) ;
#6290 = SURFACE_STYLE_FILL_AREA ( #9036 ) ;
#6291 = DIRECTION ( 'NONE',  ( 0.0000000000000000000, 0.0000000000000000000, -1.000000000000000000 ) ) ;
#6292 = COLOUR_RGB ( '',1.000000000000000000, 1.000000000000000000, 1.000000000000000000 ) ;
#6293 = SURFACE_STYLE_FILL_AREA ( #4406 ) ;
#6294 = EDGE_CURVE ( 'NONE', #3063, #6336, #1069, .T. ) ;
#6295 = EDGE_CURVE ( 'NONE', #6597, #1673, #10262, .T. ) ;
#6296 = VECTOR ( 'NONE', #3288, 1000.000000000000000 ) ;
#6297 = MECHANICAL_DESIGN_GEOMETRIC_PRESENTATION_REPRESENTATION (  '', ( #3215 ), #3985 ) ;
#6298 = FILL_AREA_STYLE ('',( #7119 ) ) ;
#6299 = ORIENTED_EDGE ( 'NONE', *, *, #8307, .T. ) ;
#6300 = DIRECTION ( 'NONE',  ( 1.000000000000000000, 0.0000000000000000000, -0.0000000000000000000 ) ) ;
#6301 = SURFACE_STYLE_FILL_AREA ( #10646 ) ;
#6302 = SURFACE_STYLE_FILL_AREA ( #11607 ) ;
#6303 = VECTOR ( 'NONE', #7675, 1000.000000000000000 ) ;
#6304 = LINE ( 'NONE', #9756, #6368 ) ;
#6305 = FACE_OUTER_BOUND ( 'NONE', #1587, .T. ) ;
#6306 = ORIENTED_EDGE ( 'NONE', *, *, #5965, .F. ) ;
#6308 = EDGE_CURVE ( 'NONE', #10116, #550, #6080, .T. ) ;
#6307 = SURFACE_SIDE_STYLE ('',( #944 ) ) ;
#6309 = SURFACE_STYLE_FILL_AREA ( #2681 ) ;
#6310 =( GEOMETRIC_REPRESENTATION_CONTEXT ( 3 ) GLOBAL_UNCERTAINTY_ASSIGNED_CONTEXT ( ( #5648 ) ) GLOBAL_UNIT_ASSIGNED_CONTEXT ( ( #8231, #3521, #6187 ) ) REPRESENTATION_CONTEXT ( 'NONE', 'WORKASPACE' ) );
#6311 = DIRECTION ( 'NONE',  ( 0.0000000000000000000, -0.0000000000000000000, -1.000000000000000000 ) ) ;
#6312 = ORIENTED_EDGE ( 'NONE', *, *, #11160, .T. ) ;
#6313 = VECTOR ( 'NONE', #4518, 1000.000000000000000 ) ;
#6314 = B_SPLINE_SURFACE_WITH_KNOTS ( 'NONE', 3, 1, ( 
 ( #623, #6397 ),
 ( #10908, #9207 ),
 ( #3796, #4703 ),
 ( #1078, #11713 ) ),
 .UNSPECIFIED., .F., .F., .F.,
 ( 4, 4 ),
 ( 2, 2 ),
 ( 4.000000000000000000, 5.000000000000000000 ),
 ( 0.0000000000000000000, 1.000000000000000000 ),
 .UNSPECIFIED. ) ;
#6315 = CARTESIAN_POINT ( 'NONE',  ( -0.3577782391210452273, -0.5999999999999999778, 0.3725430261382887687 ) ) ;
#6316 = DIRECTION ( 'NONE',  ( -0.0000000000000000000, -0.0000000000000000000, 1.000000000000000000 ) ) ;
#6317 = ORIENTED_EDGE ( 'NONE', *, *, #6221, .F. ) ;
#6318 = DIRECTION ( 'NONE',  ( -0.0000000000000000000, -0.0000000000000000000, -1.000000000000000000 ) ) ;
#6319 = VERTEX_POINT ( 'NONE', #5008 ) ;
#6320 = DIRECTION ( 'NONE',  ( -0.0000000000000000000, 1.000000000000000000, -0.0000000000000000000 ) ) ;
#6321 = CARTESIAN_POINT ( 'NONE',  ( -0.5301189211345451735, -0.6099999999999999867, 0.3859584614833708738 ) ) ;
#6322 = DIRECTION ( 'NONE',  ( -0.0000000000000000000, 1.000000000000000000, -0.0000000000000000000 ) ) ;
#6323 = VERTEX_POINT ( 'NONE', #3126 ) ;
#6324 = STYLED_ITEM ( 'NONE', ( #10309 ), #6339 ) ;
#6325 = CARTESIAN_POINT ( 'NONE',  ( -0.3239341189449583824, -0.6099999999999999867, 0.4522300728449469842 ) ) ;
#6326 =( LENGTH_UNIT ( ) NAMED_UNIT ( * ) SI_UNIT ( .MILLI., .METRE. ) );
#6327 = EDGE_CURVE ( 'NONE', #7081, #1794, #5913, .T. ) ;
#6328 = EDGE_LOOP ( 'NONE', ( #10308, #717, #6862, #11323, #4335, #7242 ) ) ;
#6329 = SURFACE_STYLE_FILL_AREA ( #10669 ) ;
#6330 = CARTESIAN_POINT ( 'NONE',  ( -0.5156590494287112136, -0.5999999999999999778, 0.4868883607492610066 ) ) ;
#6331 = B_SPLINE_CURVE_WITH_KNOTS ( 'NONE', 3,
 ( #7981, #2380, #6998, #11499 ),
 .UNSPECIFIED., .F., .F.,
 ( 4, 4 ),
 ( 17.00000000000000000, 18.00000000000000000 ),
 .UNSPECIFIED. ) ;
#6332 = CARTESIAN_POINT ( 'NONE',  ( -0.4835581386548792326, -0.5999999999999999778, 0.4588362115707608213 ) ) ;
#6333 = ORIENTED_EDGE ( 'NONE', *, *, #7262, .T. ) ;
#6334 = DIRECTION ( 'NONE',  ( 1.000000000000000000, -0.0000000000000000000, -0.0000000000000000000 ) ) ;
#6335 = CARTESIAN_POINT ( 'NONE',  ( -0.5084291135757945668, -0.6099999999999999867, 0.3856692684621244038 ) ) ;
#6336 = VERTEX_POINT ( 'NONE', #3851 ) ;
#6337 = CARTESIAN_POINT ( 'NONE',  ( -0.3192344131630175941, -0.6099999999999999867, 0.4710496911301855216 ) ) ;
#6338 =( LENGTH_UNIT ( ) NAMED_UNIT ( * ) SI_UNIT ( .MILLI., .METRE. ) );
#6339 = ADVANCED_FACE ( 'NONE', ( #11239 ), #6796, .F. ) ;
#6340 = CARTESIAN_POINT ( 'NONE',  ( -0.5931639540490711848, -0.6099999999999999867, 0.4247109275837678832 ) ) ;
#6341 = EDGE_LOOP ( 'NONE', ( #11668, #97, #8506, #3646 ) ) ;
#6342 = CARTESIAN_POINT ( 'NONE',  ( -0.4166493323429174556, -0.6099999999999999867, 0.4549750337439453785 ) ) ;
#6343 =( NAMED_UNIT ( * ) SI_UNIT ( $, .STERADIAN. ) SOLID_ANGLE_UNIT ( ) );
#6344 =( NAMED_UNIT ( * ) PLANE_ANGLE_UNIT ( ) SI_UNIT ( $, .RADIAN. ) );
#6345 = CARTESIAN_POINT ( 'NONE',  ( -0.3647550147396215747, -0.6099999999999999867, 0.3874323594998910769 ) ) ;
#6346 =( LENGTH_UNIT ( ) NAMED_UNIT ( * ) SI_UNIT ( .MILLI., .METRE. ) );
#6347 = FACE_BOUND ( 'NONE', #7965, .T. ) ;
#6348 = CARTESIAN_POINT ( 'NONE',  ( -0.3758180389692417633, -0.6099999999999999867, 0.4074788921266491726 ) ) ;
#6349 = PRESENTATION_STYLE_ASSIGNMENT (( #6179 ) ) ;
#6350 = STYLED_ITEM ( 'NONE', ( #1007 ), #706 ) ;
#6351 = EDGE_CURVE ( 'NONE', #8631, #4157, #10484, .T. ) ;
#6352 = COLOUR_RGB ( '',0.7529411764705882248, 0.7529411764705882248, 0.7529411764705882248 ) ;
#6353 = CARTESIAN_POINT ( 'NONE',  ( -0.3415788107847114174, -0.6099999999999999867, 0.4863341325000934967 ) ) ;
#6354 = B_SPLINE_CURVE_WITH_KNOTS ( 'NONE', 3,
 ( #335, #396, #1464, #7747 ),
 .UNSPECIFIED., .F., .F.,
 ( 4, 4 ),
 ( 10.00000000000000000, 11.00000000000000000 ),
 .UNSPECIFIED. ) ;
#6355 = CARTESIAN_POINT ( 'NONE',  ( -0.3799770706344828275, -0.6099999999999999867, 0.4116587189501932920 ) ) ;
#6356 = VERTEX_POINT ( 'NONE', #5347 ) ;
#6357 = UNCERTAINTY_MEASURE_WITH_UNIT (LENGTH_MEASURE( 1.000000000000000082E-05 ), #8695, 'distance_accuracy_value', 'NONE');
#6358 =( NAMED_UNIT ( * ) PLANE_ANGLE_UNIT ( ) SI_UNIT ( $, .RADIAN. ) );
#6359 = DIRECTION ( 'NONE',  ( -0.0000000000000000000, 1.000000000000000000, -0.0000000000000000000 ) ) ;
#6360 = LINE ( 'NONE', #7123, #7802 ) ;
#6361 = STYLED_ITEM ( 'NONE', ( #628 ), #1460 ) ;
#6362 = DIRECTION ( 'NONE',  ( 0.8840949502478813171, 0.0000000000000000000, 0.4673073067545553960 ) ) ;
#6363 = VECTOR ( 'NONE', #9856, 1000.000000000000000 ) ;
#6364 = CARTESIAN_POINT ( 'NONE',  ( -0.5934531581024645730, -0.6099999999999999867, 0.4064914748928398214 ) ) ;
#6365 = ORIENTED_EDGE ( 'NONE', *, *, #4624, .F. ) ;
#6366 = LINE ( 'NONE', #8952, #180 ) ;
#6367 = ORIENTED_EDGE ( 'NONE', *, *, #11341, .F. ) ;
#6368 = VECTOR ( 'NONE', #9873, 1000.000000000000114 ) ;
#6369 =( NAMED_UNIT ( * ) SI_UNIT ( $, .STERADIAN. ) SOLID_ANGLE_UNIT ( ) );
#6370 = EDGE_CURVE ( 'NONE', #6108, #5420, #6366, .T. ) ;
#6371 = ORIENTED_EDGE ( 'NONE', *, *, #3750, .F. ) ;
#6372 = UNCERTAINTY_MEASURE_WITH_UNIT (LENGTH_MEASURE( 1.000000000000000082E-05 ), #6569, 'distance_accuracy_value', 'NONE');
#6373 = EDGE_CURVE ( 'NONE', #10105, #9135, #823, .T. ) ;
#6374 = DIRECTION ( 'NONE',  ( -1.000000000000000000, -0.0000000000000000000, -0.0000000000000000000 ) ) ;
#6375 = CARTESIAN_POINT ( 'NONE',  ( -0.4097661349369801642, -0.6099999999999999867, 0.4552037804855516567 ) ) ;
#6376 = CARTESIAN_POINT ( 'NONE',  ( -0.3811000091840733850, -0.6099999999999999867, 0.3920904749649506416 ) ) ;
#6377 = SURFACE_STYLE_FILL_AREA ( #3653 ) ;
#6378 = ORIENTED_EDGE ( 'NONE', *, *, #5541, .T. ) ;
#6379 = CARTESIAN_POINT ( 'NONE',  ( 0.2999999999999998224, -0.5999999999999999778, -0.05000000000000000278 ) ) ;
#6380 = CARTESIAN_POINT ( 'NONE',  ( -0.2726428609329952235, -0.5999999999999999778, 0.3946898697558311464 ) ) ;
#6381 = FILL_AREA_STYLE_COLOUR ( '', #8802 ) ;
#6382 = EDGE_LOOP ( 'NONE', ( #910, #4392, #1893, #9326 ) ) ;
#6383 = VECTOR ( 'NONE', #7883, 1000.000000000000000 ) ;
#6384 = CARTESIAN_POINT ( 'NONE',  ( -0.3239341189449583824, -0.5999999999999999778, 0.4892246595074877247 ) ) ;
#6385 = UNCERTAINTY_MEASURE_WITH_UNIT (LENGTH_MEASURE( 1.000000000000000082E-05 ), #5811, 'distance_accuracy_value', 'NONE');
#6386 = FILL_AREA_STYLE ('',( #733 ) ) ;
#6387 = CARTESIAN_POINT ( 'NONE',  ( -0.3447812651672007567, -0.5999999999999999778, 0.3906348138821028604 ) ) ;
#6388 = CARTESIAN_POINT ( 'NONE',  ( -0.4380995381566284985, -0.5999999999999999778, 0.4264856668368887105 ) ) ;
#6389 = ORIENTED_EDGE ( 'NONE', *, *, #8980, .T. ) ;
#6390 = ORIENTED_EDGE ( 'NONE', *, *, #3016, .F. ) ;
#6391 =( LENGTH_UNIT ( ) NAMED_UNIT ( * ) SI_UNIT ( .MILLI., .METRE. ) );
#6392 = CARTESIAN_POINT ( 'NONE',  ( -0.5642442161535458078, -0.6099999999999999867, 0.3983939599761819883 ) ) ;
#6393 = CARTESIAN_POINT ( 'NONE',  ( -0.3672816264763038574, -0.6099999999999999867, 0.4155266183989210771 ) ) ;
#6394 = MECHANICAL_DESIGN_GEOMETRIC_PRESENTATION_REPRESENTATION (  '', ( #2546 ), #1572 ) ;
#6395 = LINE ( 'NONE', #8564, #9058 ) ;
#6396 = CARTESIAN_POINT ( 'NONE',  ( -0.3687164924007109712, -0.5999999999999999778, 0.3892831285910451911 ) ) ;
#6397 = CARTESIAN_POINT ( 'NONE',  ( -0.3548877121137902768, -0.5999999999999999778, 0.3764941062202255551 ) ) ;
#6398 = ADVANCED_FACE ( 'NONE', ( #1768 ), #3249, .F. ) ;
#6399 = ORIENTED_EDGE ( 'NONE', *, *, #2198, .F. ) ;
#6400 = CARTESIAN_POINT ( 'NONE',  ( -0.4380995381566284985, -0.6099999999999999867, 0.4264856668368887105 ) ) ;
#6401 = SURFACE_SIDE_STYLE ('',( #4582 ) ) ;
#6402 = CARTESIAN_POINT ( 'NONE',  ( -0.3356729858201081829, -0.5999999999999999778, 0.4549750337439453785 ) ) ;
#6403 = CARTESIAN_POINT ( 'NONE',  ( -0.4328487606792498221, -0.5999999999999999778, 0.4549750337439453785 ) ) ;
#6404 = ORIENTED_EDGE ( 'NONE', *, *, #4604, .T. ) ;
#6405 = CARTESIAN_POINT ( 'NONE',  ( -0.3356417930826539053, -0.6099999999999999867, 0.4503377134371886470 ) ) ;
#6406 = VECTOR ( 'NONE', #5942, 1000.000000000000000 ) ;
#6407 = CARTESIAN_POINT ( 'NONE',  ( -0.3239341189449583824, -0.5999999999999999778, 0.4522300728449469842 ) ) ;
#6408 =( NAMED_UNIT ( * ) SI_UNIT ( $, .STERADIAN. ) SOLID_ANGLE_UNIT ( ) );
#6409 = B_SPLINE_SURFACE_WITH_KNOTS ( 'NONE', 3, 1, ( 
 ( #139, #3004 ),
 ( #5788, #7607 ),
 ( #6552, #4628 ),
 ( #8258, #10125 ) ),
 .UNSPECIFIED., .F., .F., .F.,
 ( 4, 4 ),
 ( 2, 2 ),
 ( 8.000000000000000000, 9.000000000000000000 ),
 ( 0.0000000000000000000, 1.000000000000000000 ),
 .UNSPECIFIED. ) ;
#6410 = B_SPLINE_CURVE_WITH_KNOTS ( 'NONE', 3,
 ( #11440, #7920, #10571, #1346 ),
 .UNSPECIFIED., .F., .F.,
 ( 4, 4 ),
 ( 10.00000000000000000, 11.00000000000000000 ),
 .UNSPECIFIED. ) ;
#6411 = COLOUR_RGB ( '',0.7529411764705882248, 0.7529411764705882248, 0.7529411764705882248 ) ;
#6412 = CARTESIAN_POINT ( 'NONE',  ( -0.4062829459172673796, -0.6099999999999999867, 0.4515022423035227606 ) ) ;
#6413 = ORIENTED_EDGE ( 'NONE', *, *, #7053, .T. ) ;
#6414 = EDGE_CURVE ( 'NONE', #235, #7304, #1437, .T. ) ;
#6415 = CARTESIAN_POINT ( 'NONE',  ( -0.4017080110855572594, -0.6099999999999999867, 0.4030703185614989414 ) ) ;
#6416 = SURFACE_STYLE_USAGE ( .BOTH. , #9977 ) ;
#6417 = FACE_OUTER_BOUND ( 'NONE', #10485, .T. ) ;
#6418 = LINE ( 'NONE', #942, #7365 ) ;
#6419 = LINE ( 'NONE', #11186, #541 ) ;
#6420 = ORIENTED_EDGE ( 'NONE', *, *, #8382, .F. ) ;
#6421 =( GEOMETRIC_REPRESENTATION_CONTEXT ( 3 ) GLOBAL_UNCERTAINTY_ASSIGNED_CONTEXT ( ( #2405 ) ) GLOBAL_UNIT_ASSIGNED_CONTEXT ( ( #1010, #137, #8441 ) ) REPRESENTATION_CONTEXT ( 'NONE', 'WORKASPACE' ) );
#6422 = SURFACE_SIDE_STYLE ('',( #10870 ) ) ;
#6423 =( LENGTH_UNIT ( ) NAMED_UNIT ( * ) SI_UNIT ( .MILLI., .METRE. ) );
#6424 = B_SPLINE_CURVE_WITH_KNOTS ( 'NONE', 3,
 ( #3652, #1713, #7132, #1664 ),
 .UNSPECIFIED., .F., .F.,
 ( 4, 4 ),
 ( 22.00000000000000000, 23.00000000000000000 ),
 .UNSPECIFIED. ) ;
#6425 = EDGE_LOOP ( 'NONE', ( #9533, #3453, #2773, #4329 ) ) ;
#6426 =( GEOMETRIC_REPRESENTATION_CONTEXT ( 3 ) GLOBAL_UNCERTAINTY_ASSIGNED_CONTEXT ( ( #5469 ) ) GLOBAL_UNIT_ASSIGNED_CONTEXT ( ( #6649, #10104, #1037 ) ) REPRESENTATION_CONTEXT ( 'NONE', 'WORKASPACE' ) );
#6427 = LINE ( 'NONE', #8001, #6246 ) ;
#6428 = VECTOR ( 'NONE', #11517, 1000.000000000000000 ) ;
#6429 = ORIENTED_EDGE ( 'NONE', *, *, #8456, .F. ) ;
#6430 = SURFACE_SIDE_STYLE ('',( #10943 ) ) ;
#6431 = CARTESIAN_POINT ( 'NONE',  ( -0.3192344131630175941, -0.5999999999999999778, 0.4710496911301855216 ) ) ;
#6432 = CARTESIAN_POINT ( 'NONE',  ( -0.4328487606792498221, -0.5999999999999999778, 0.4218067562135269788 ) ) ;
#6433 = SURFACE_SIDE_STYLE ('',( #8067 ) ) ;
#6434 = MECHANICAL_DESIGN_GEOMETRIC_PRESENTATION_REPRESENTATION (  '', ( #9624 ), #3354 ) ;
#6435 = PLANE ( 'NONE',  #9996 ) ;
#6436 =( LENGTH_UNIT ( ) NAMED_UNIT ( * ) SI_UNIT ( .MILLI., .METRE. ) );
#6437 = COLOUR_RGB ( '',1.000000000000000000, 1.000000000000000000, 1.000000000000000000 ) ;
#6438 = ADVANCED_FACE ( 'NONE', ( #3585 ), #376, .F. ) ;
#6439 = EDGE_CURVE ( 'NONE', #1702, #10304, #6632, .T. ) ;
#6440 = ORIENTED_EDGE ( 'NONE', *, *, #9214, .F. ) ;
#6441 =( GEOMETRIC_REPRESENTATION_CONTEXT ( 3 ) GLOBAL_UNCERTAINTY_ASSIGNED_CONTEXT ( ( #2334 ) ) GLOBAL_UNIT_ASSIGNED_CONTEXT ( ( #4697, #3852, #202 ) ) REPRESENTATION_CONTEXT ( 'NONE', 'WORKASPACE' ) );
#6442 = DIRECTION ( 'NONE',  ( -0.0000000000000000000, 0.0000000000000000000, -1.000000000000000000 ) ) ;
#6443 = DIRECTION ( 'NONE',  ( -0.0000000000000000000, 0.0000000000000000000, -1.000000000000000000 ) ) ;
#6444 = PRESENTATION_LAYER_ASSIGNMENT (  '', '', ( #11666 ) ) ;
#6445 = VERTEX_POINT ( 'NONE', #8420 ) ;
#6446 = LINE ( 'NONE', #3665, #2238 ) ;
#6447 = PRESENTATION_LAYER_ASSIGNMENT (  '', '', ( #1627 ) ) ;
#6448 = SURFACE_SIDE_STYLE ('',( #9198 ) ) ;
#6449 = CARTESIAN_POINT ( 'NONE',  ( -0.3778039765893612678, -0.6099999999999999867, 0.4132183558245551280 ) ) ;
#6450 = ORIENTED_EDGE ( 'NONE', *, *, #1747, .T. ) ;
#6451 = CARTESIAN_POINT ( 'NONE',  ( -0.5931639540490711848, -0.6099999999999999867, 0.4247109275837678832 ) ) ;
#6452 = FACE_OUTER_BOUND ( 'NONE', #2385, .T. ) ;
#6453 =( GEOMETRIC_REPRESENTATION_CONTEXT ( 3 ) GLOBAL_UNCERTAINTY_ASSIGNED_CONTEXT ( ( #8117 ) ) GLOBAL_UNIT_ASSIGNED_CONTEXT ( ( #5759, #4906, #3871 ) ) REPRESENTATION_CONTEXT ( 'NONE', 'WORKASPACE' ) );
#6454 = SURFACE_STYLE_FILL_AREA ( #3671 ) ;
#6455 = CARTESIAN_POINT ( 'NONE',  ( -0.6999999999999999556, 0.5999999999999999778, -0.05000000000000000278 ) ) ;
#6456 = B_SPLINE_CURVE_WITH_KNOTS ( 'NONE', 3,
 ( #1579, #5272, #6950, #8885 ),
 .UNSPECIFIED., .F., .F.,
 ( 4, 4 ),
 ( 8.000000000000000000, 9.000000000000000000 ),
 .UNSPECIFIED. ) ;
#6457 = AXIS2_PLACEMENT_3D ( 'NONE', #8839, #11452, #640 ) ;
#6458 = VECTOR ( 'NONE', #10546, 1000.000000000000000 ) ;
#6459 = FILL_AREA_STYLE ('',( #9028 ) ) ;
#6460 = DIRECTION ( 'NONE',  ( -1.000000000000000000, -0.0000000000000000000, -0.0000000000000000000 ) ) ;
#6461 = AXIS2_PLACEMENT_3D ( 'NONE', #11082, #6578, #6526 ) ;
#6462 = DIRECTION ( 'NONE',  ( -0.0000000000000000000, 0.0000000000000000000, 1.000000000000000000 ) ) ;
#6463 = CARTESIAN_POINT ( 'NONE',  ( -0.3941697661922550222, -0.6099999999999999867, 0.4916992833482745073 ) ) ;
#6464 = FILL_AREA_STYLE_COLOUR ( '', #6075 ) ;
#6465 =( LENGTH_UNIT ( ) NAMED_UNIT ( * ) SI_UNIT ( .MILLI., .METRE. ) );
#6466 = CARTESIAN_POINT ( 'NONE',  ( -0.3952823071626931917, -0.5999999999999999778, 0.3916745717986214181 ) ) ;
#6467 = AXIS2_PLACEMENT_3D ( 'NONE', #2759, #7387, #8198 ) ;
#6468 = EDGE_CURVE ( 'NONE', #8911, #2718, #2731, .T. ) ;
#6469 = VECTOR ( 'NONE', #7715, 1000.000000000000000 ) ;
#6470 = CARTESIAN_POINT ( 'NONE',  ( -0.3930988155384208538, -0.6099999999999999867, 0.3952097487139515919 ) ) ;
#6471 = CARTESIAN_POINT ( 'NONE',  ( -0.6090698129254329407, -0.5999999999999999778, 0.4785016348842049405 ) ) ;
#6472 = DIRECTION ( 'NONE',  ( -0.0000000000000000000, 1.000000000000000000, -0.0000000000000000000 ) ) ;
#6473 = ORIENTED_EDGE ( 'NONE', *, *, #102, .F. ) ;
#6474 =( GEOMETRIC_REPRESENTATION_CONTEXT ( 3 ) GLOBAL_UNCERTAINTY_ASSIGNED_CONTEXT ( ( #6492 ) ) GLOBAL_UNIT_ASSIGNED_CONTEXT ( ( #8865, #4336, #4099 ) ) REPRESENTATION_CONTEXT ( 'NONE', 'WORKASPACE' ) );
#6475 = CARTESIAN_POINT ( 'NONE',  ( -0.5118994849916290724, -0.6099999999999999867, 0.4484251028395369598 ) ) ;
#6476 = FILL_AREA_STYLE ('',( #7519 ) ) ;
#6477 =( NAMED_UNIT ( * ) PLANE_ANGLE_UNIT ( ) SI_UNIT ( $, .RADIAN. ) );
#6478 = CARTESIAN_POINT ( 'NONE',  ( -0.4714118442155996735, -0.6099999999999999867, 0.4160349990443193424 ) ) ;
#6479 = PLANE ( 'NONE',  #3387 ) ;
#6480 = PRESENTATION_LAYER_ASSIGNMENT (  '', '', ( #6665 ) ) ;
#6481 = DIRECTION ( 'NONE',  ( -0.0000000000000000000, -0.0000000000000000000, -1.000000000000000000 ) ) ;
#6482 = ORIENTED_EDGE ( 'NONE', *, *, #11673, .F. ) ;
#6483 = PLANE ( 'NONE',  #9706 ) ;
#6484 = CARTESIAN_POINT ( 'NONE',  ( -0.3415788107847114174, -0.6099999999999999867, 0.4863341325000934967 ) ) ;
#6485 = EDGE_CURVE ( 'NONE', #10605, #7484, #5523, .T. ) ;
#6486 = EDGE_CURVE ( 'NONE', #580, #4462, #4914, .T. ) ;
#6487 = EDGE_LOOP ( 'NONE', ( #3510, #815, #1171, #6258 ) ) ;
#6488 = VECTOR ( 'NONE', #4439, 1000.000000000000000 ) ;
#6489 = SURFACE_STYLE_USAGE ( .BOTH. , #1102 ) ;
#6490 = STYLED_ITEM ( 'NONE', ( #11611 ), #6438 ) ;
#6491 = EDGE_LOOP ( 'NONE', ( #1710, #967, #10600, #585 ) ) ;
#6492 = UNCERTAINTY_MEASURE_WITH_UNIT (LENGTH_MEASURE( 1.000000000000000082E-05 ), #8865, 'distance_accuracy_value', 'NONE');
#6493 = FILL_AREA_STYLE_COLOUR ( '', #10570 ) ;
#6494 = PRESENTATION_STYLE_ASSIGNMENT (( #1665 ) ) ;
#6495 =( NAMED_UNIT ( * ) SI_UNIT ( $, .STERADIAN. ) SOLID_ANGLE_UNIT ( ) );
#6496 = ORIENTED_EDGE ( 'NONE', *, *, #2937, .T. ) ;
#6497 = SURFACE_STYLE_USAGE ( .BOTH. , #836 ) ;
#6498 = MECHANICAL_DESIGN_GEOMETRIC_PRESENTATION_REPRESENTATION (  '', ( #4197 ), #2824 ) ;
#6499 = FILL_AREA_STYLE ('',( #6381 ) ) ;
#6500 = EDGE_CURVE ( 'NONE', #10999, #64, #907, .T. ) ;
#6501 = ORIENTED_EDGE ( 'NONE', *, *, #2979, .F. ) ;
#6502 = B_SPLINE_CURVE_WITH_KNOTS ( 'NONE', 3,
 ( #8448, #247, #7491, #11653 ),
 .UNSPECIFIED., .F., .F.,
 ( 4, 4 ),
 ( 8.000000000000000000, 9.000000000000000000 ),
 .UNSPECIFIED. ) ;
#6503 = STYLED_ITEM ( 'NONE', ( #4073 ), #10066 ) ;
#6504 = CARTESIAN_POINT ( 'NONE',  ( -0.5000423835737352052, -0.6099999999999999867, 0.4640417631786479813 ) ) ;
#6505 = UNCERTAINTY_MEASURE_WITH_UNIT (LENGTH_MEASURE( 1.000000000000000082E-05 ), #4691, 'distance_accuracy_value', 'NONE');
#6506 = CARTESIAN_POINT ( 'NONE',  ( -0.3747054979988023726, -0.5999999999999999778, 0.4047755215442560006 ) ) ;
#6507 = FILL_AREA_STYLE_COLOUR ( '', #10384 ) ;
#6508 = CARTESIAN_POINT ( 'NONE',  ( -0.3192344131630175941, -0.6099999999999999867, 0.4761237097618521985 ) ) ;
#6509 = ORIENTED_EDGE ( 'NONE', *, *, #4824, .F. ) ;
#6510 = CARTESIAN_POINT ( 'NONE',  ( -0.2903499382479332036, -0.6099999999999999867, 0.4910130431234555615 ) ) ;
#6511 = ORIENTED_EDGE ( 'NONE', *, *, #9930, .T. ) ;
#6512 =( NAMED_UNIT ( * ) PLANE_ANGLE_UNIT ( ) SI_UNIT ( $, .RADIAN. ) );
#6513 = FILL_AREA_STYLE_COLOUR ( '', #2478 ) ;
#6514 = CARTESIAN_POINT ( 'NONE',  ( -0.2781223851521167911, -0.5999999999999999778, 0.4264856668368887105 ) ) ;
#6515 = CARTESIAN_POINT ( 'NONE',  ( -0.2925750201888107638, -0.5999999999999999778, 0.4829653168511844896 ) ) ;
#6516 = SURFACE_SIDE_STYLE ('',( #1130 ) ) ;
#6517 = LINE ( 'NONE', #1928, #11701 ) ;
#6518 = ADVANCED_FACE ( 'NONE', ( #2853 ), #9230, .F. ) ;
#6519 = ORIENTED_EDGE ( 'NONE', *, *, #11503, .T. ) ;
#6520 = SURFACE_STYLE_USAGE ( .BOTH. , #9327 ) ;
#6521 = VERTEX_POINT ( 'NONE', #5764 ) ;
#6522 = CARTESIAN_POINT ( 'NONE',  ( -0.2958918479416860481, -0.6099999999999999867, 0.4264856668368887105 ) ) ;
#6523 = DIRECTION ( 'NONE',  ( 1.000000000000000000, 0.0000000000000000000, -0.0000000000000000000 ) ) ;
#6524 = DIRECTION ( 'NONE',  ( -0.0000000000000000000, 0.0000000000000000000, -1.000000000000000000 ) ) ;
#6525 = CARTESIAN_POINT ( 'NONE',  ( -0.2925750201888107638, -0.5999999999999999778, 0.4829653168511844896 ) ) ;
#6526 = DIRECTION ( 'NONE',  ( -1.000000000000000000, 0.0000000000000000000, -0.0000000000000000000 ) ) ;
#6527 = VERTEX_POINT ( 'NONE', #3935 ) ;
#6528 = CARTESIAN_POINT ( 'NONE',  ( -0.3474326478536989282, -0.5999999999999999778, 0.3858727226255307952 ) ) ;
#6529 = STYLED_ITEM ( 'NONE', ( #3488 ), #649 ) ;
#6530 =( LENGTH_UNIT ( ) NAMED_UNIT ( * ) SI_UNIT ( .MILLI., .METRE. ) );
#6531 = EDGE_CURVE ( 'NONE', #1735, #9132, #3042, .T. ) ;
#6532 = ORIENTED_EDGE ( 'NONE', *, *, #5317, .F. ) ;
#6533 =( GEOMETRIC_REPRESENTATION_CONTEXT ( 3 ) GLOBAL_UNCERTAINTY_ASSIGNED_CONTEXT ( ( #10005 ) ) GLOBAL_UNIT_ASSIGNED_CONTEXT ( ( #2445, #7059, #7918 ) ) REPRESENTATION_CONTEXT ( 'NONE', 'WORKASPACE' ) );
#6534 = EDGE_LOOP ( 'NONE', ( #2828, #6509, #5939, #10139 ) ) ;
#6535 = MECHANICAL_DESIGN_GEOMETRIC_PRESENTATION_REPRESENTATION (  '', ( #6529 ), #6165 ) ;
#6536 = SURFACE_SIDE_STYLE ('',( #2857 ) ) ;
#6537 = CARTESIAN_POINT ( 'NONE',  ( -0.5934531525864606971, -0.5999999999999999778, 0.4568118438734654063 ) ) ;
#6538 = VECTOR ( 'NONE', #11232, 1000.000000000000000 ) ;
#6539 = ORIENTED_EDGE ( 'NONE', *, *, #348, .T. ) ;
#6540 = COLOUR_RGB ( '',1.000000000000000000, 1.000000000000000000, 1.000000000000000000 ) ;
#6541 = DIRECTION ( 'NONE',  ( -0.0000000000000000000, 1.000000000000000000, -0.0000000000000000000 ) ) ;
#6542 = CARTESIAN_POINT ( 'NONE',  ( -0.4039226954472839859, -0.5999999999999999778, 0.3985577692045572662 ) ) ;
#6543 = CARTESIAN_POINT ( 'NONE',  ( -0.3667097596222881339, -0.6099999999999999867, 0.3932134135146798104 ) ) ;
#6544 = UNCERTAINTY_MEASURE_WITH_UNIT (LENGTH_MEASURE( 1.000000000000000082E-05 ), #4080, 'distance_accuracy_value', 'NONE');
#6545 = ADVANCED_FACE ( 'NONE', ( #11150 ), #3420, .F. ) ;
#6546 = LINE ( 'NONE', #1842, #1924 ) ;
#6547 = ORIENTED_EDGE ( 'NONE', *, *, #8253, .T. ) ;
#6548 = CARTESIAN_POINT ( 'NONE',  ( -0.2508079446905467358, -0.6099999999999999867, 0.3969357468550108181 ) ) ;
#6549 = DIRECTION ( 'NONE',  ( -1.000000000000000000, -0.0000000000000000000, -0.0000000000000000000 ) ) ;
#6550 = PRESENTATION_STYLE_ASSIGNMENT (( #2693 ) ) ;
#6551 = ORIENTED_EDGE ( 'NONE', *, *, #4389, .T. ) ;
#6552 = CARTESIAN_POINT ( 'NONE',  ( -0.3986511228114650307, -0.6099999999999999867, 0.4869579872497272754 ) ) ;
#6553 = FACE_OUTER_BOUND ( 'NONE', #10622, .T. ) ;
#6554 = CARTESIAN_POINT ( 'NONE',  ( -0.5821744592752146064, -0.5999999999999999778, 0.3952127705495860344 ) ) ;
#6555 = ORIENTED_EDGE ( 'NONE', *, *, #2196, .F. ) ;
#6556 = EDGE_CURVE ( 'NONE', #4170, #10999, #4372, .T. ) ;
#6557 = FACE_OUTER_BOUND ( 'NONE', #4106, .T. ) ;
#6558 = SURFACE_STYLE_USAGE ( .BOTH. , #6448 ) ;
#6559 = ORIENTED_EDGE ( 'NONE', *, *, #814, .T. ) ;
#6560 = SURFACE_STYLE_USAGE ( .BOTH. , #7328 ) ;
#6561 = PLANE ( 'NONE',  #6883 ) ;
#6562 =( LENGTH_UNIT ( ) NAMED_UNIT ( * ) SI_UNIT ( .MILLI., .METRE. ) );
#6563 =( GEOMETRIC_REPRESENTATION_CONTEXT ( 3 ) GLOBAL_UNCERTAINTY_ASSIGNED_CONTEXT ( ( #816 ) ) GLOBAL_UNIT_ASSIGNED_CONTEXT ( ( #11328, #6896, #2326 ) ) REPRESENTATION_CONTEXT ( 'NONE', 'WORKASPACE' ) );
#6564 = VECTOR ( 'NONE', #4261, 1000.000000000000000 ) ;
#6565 = ORIENTED_EDGE ( 'NONE', *, *, #4177, .F. ) ;
#6566 = CARTESIAN_POINT ( 'NONE',  ( -0.2727572343039361691, -0.6099999999999999867, 0.4179804470814046935 ) ) ;
#6567 =( NAMED_UNIT ( * ) PLANE_ANGLE_UNIT ( ) SI_UNIT ( $, .RADIAN. ) );
#6568 = EDGE_LOOP ( 'NONE', ( #6159, #9300, #3381, #2286 ) ) ;
#6569 =( LENGTH_UNIT ( ) NAMED_UNIT ( * ) SI_UNIT ( .MILLI., .METRE. ) );
#6570 = CARTESIAN_POINT ( 'NONE',  ( -0.3957917885416629700, -0.6099999999999999867, 0.4496514732123697011 ) ) ;
#6571 = SURFACE_SIDE_STYLE ('',( #10799 ) ) ;
#6572 = CARTESIAN_POINT ( 'NONE',  ( -0.3733538127074671475, -0.5999999999999999778, 0.3985785643628607655 ) ) ;
#6573 = EDGE_CURVE ( 'NONE', #9560, #1909, #776, .T. ) ;
#6574 = EDGE_CURVE ( 'NONE', #6602, #7320, #9432, .T. ) ;
#6575 = SURFACE_SIDE_STYLE ('',( #933 ) ) ;
#6576 = DIRECTION ( 'NONE',  ( 1.355252715606880543E-16, -1.000000000000000000, 0.0000000000000000000 ) ) ;
#6577 = VECTOR ( 'NONE', #3274, 1000.000000000000000 ) ;
#6578 = DIRECTION ( 'NONE',  ( 0.0000000000000000000, 0.0000000000000000000, -1.000000000000000000 ) ) ;
#6579 = ORIENTED_EDGE ( 'NONE', *, *, #6370, .T. ) ;
#6580 = CARTESIAN_POINT ( 'NONE',  ( -0.3254521655027147187, -0.6099999999999999867, 0.4264856668368887105 ) ) ;
#6581 = PRESENTATION_STYLE_ASSIGNMENT (( #3150 ) ) ;
#6582 = CARTESIAN_POINT ( 'NONE',  ( -0.4714118442155996735, -0.6099999999999999867, 0.4261569092382920254 ) ) ;
#6583 = SURFACE_STYLE_FILL_AREA ( #7469 ) ;
#6584 = SURFACE_STYLE_USAGE ( .BOTH. , #3040 ) ;
#6585 = ORIENTED_EDGE ( 'NONE', *, *, #3675, .T. ) ;
#6586 =( NAMED_UNIT ( * ) PLANE_ANGLE_UNIT ( ) SI_UNIT ( $, .RADIAN. ) );
#6587 =( LENGTH_UNIT ( ) NAMED_UNIT ( * ) SI_UNIT ( .MILLI., .METRE. ) );
#6588 = VECTOR ( 'NONE', #5865, 1000.000000000000000 ) ;
#6589 = ORIENTED_EDGE ( 'NONE', *, *, #5398, .T. ) ;
#6590 = B_SPLINE_CURVE_WITH_KNOTS ( 'NONE', 3,
 ( #7820, #11656, #1752, #53 ),
 .UNSPECIFIED., .F., .F.,
 ( 4, 4 ),
 ( 27.00000000000000000, 28.00000000000000000 ),
 .UNSPECIFIED. ) ;
#6591 = B_SPLINE_SURFACE_WITH_KNOTS ( 'NONE', 3, 1, ( 
 ( #4287, #11374 ),
 ( #7861, #11429 ),
 ( #2434, #3086 ),
 ( #6752, #2180 ) ),
 .UNSPECIFIED., .F., .F., .F.,
 ( 4, 4 ),
 ( 2, 2 ),
 ( 3.000000000000000000, 4.000000000000000000 ),
 ( 0.0000000000000000000, 1.000000000000000000 ),
 .UNSPECIFIED. ) ;
#6592 = PRESENTATION_STYLE_ASSIGNMENT (( #4739 ) ) ;
#6593 = CARTESIAN_POINT ( 'NONE',  ( -0.5977911140980445293, -0.5999999999999999778, 0.4594146196775475977 ) ) ;
#6594 = ORIENTED_EDGE ( 'NONE', *, *, #9140, .T. ) ;
#6595 = UNCERTAINTY_MEASURE_WITH_UNIT (LENGTH_MEASURE( 1.000000000000000082E-05 ), #11321, 'distance_accuracy_value', 'NONE');
#6596 = VECTOR ( 'NONE', #5591, 1000.000000000000000 ) ;
#6597 = VERTEX_POINT ( 'NONE', #7079 ) ;
#6598 = CARTESIAN_POINT ( 'NONE',  ( -0.3930988155384208538, -0.6099999999999999867, 0.4042764377444389434 ) ) ;
#6599 =( NAMED_UNIT ( * ) SI_UNIT ( $, .STERADIAN. ) SOLID_ANGLE_UNIT ( ) );
#6600 =( NAMED_UNIT ( * ) SI_UNIT ( $, .STERADIAN. ) SOLID_ANGLE_UNIT ( ) );
#6601 = PRESENTATION_LAYER_ASSIGNMENT (  '', '', ( #6980 ) ) ;
#6602 = VERTEX_POINT ( 'NONE', #6315 ) ;
#6603 = EDGE_CURVE ( 'NONE', #6839, #8033, #4626, .T. ) ;
#6604 = ADVANCED_FACE ( 'NONE', ( #11682 ), #5231, .F. ) ;
#6605 = UNCERTAINTY_MEASURE_WITH_UNIT (LENGTH_MEASURE( 1.000000000000000082E-05 ), #8082, 'distance_accuracy_value', 'NONE');
#6606 = CARTESIAN_POINT ( 'NONE',  ( -0.4091110874497538852, -0.5999999999999999778, 0.4857102777501829394 ) ) ;
#6607 = CARTESIAN_POINT ( 'NONE',  ( -0.4171484161428734017, -0.6099999999999999867, 0.4264856668368887105 ) ) ;
#6608 = CARTESIAN_POINT ( 'NONE',  ( -0.3667097596222881339, -0.6099999999999999867, 0.3932134135146798104 ) ) ;
#6609 = CARTESIAN_POINT ( 'NONE',  ( -0.5934531581024645730, -0.6099999999999999867, 0.3839340662063335796 ) ) ;
#6610 = EDGE_LOOP ( 'NONE', ( #1592, #8856, #9060, #5868 ) ) ;
#6611 = MECHANICAL_DESIGN_GEOMETRIC_PRESENTATION_REPRESENTATION (  '', ( #9967 ), #1793 ) ;
#6612 = FILL_AREA_STYLE ('',( #1859 ) ) ;
#6613 = CARTESIAN_POINT ( 'NONE',  ( -0.4049520557843729329, -0.6099999999999999867, 0.3851240969258026281 ) ) ;
#6614 = FILL_AREA_STYLE ('',( #11117 ) ) ;
#6615 = ORIENTED_EDGE ( 'NONE', *, *, #4695, .F. ) ;
#6616 = PRESENTATION_LAYER_ASSIGNMENT (  '', '', ( #1216 ) ) ;
#6617 = PRESENTATION_STYLE_ASSIGNMENT (( #7497 ) ) ;
#6618 = PRESENTATION_STYLE_ASSIGNMENT (( #2110 ) ) ;
#6619 = PRESENTATION_LAYER_ASSIGNMENT (  '', '', ( #3549 ) ) ;
#6620 = FILL_AREA_STYLE ('',( #4635 ) ) ;
#6621 = CARTESIAN_POINT ( 'NONE',  ( -0.4085080278582839397, -0.5999999999999999778, 0.4078740001346763400 ) ) ;
#6622 = EDGE_CURVE ( 'NONE', #6129, #2804, #715, .T. ) ;
#6623 = CARTESIAN_POINT ( 'NONE',  ( -0.4893420873371294166, -0.6099999999999999867, 0.4383031926455641103 ) ) ;
#6624 = CARTESIAN_POINT ( 'NONE',  ( -0.3631849802859700160, -0.6099999999999999867, 0.3985161788879533762 ) ) ;
#6625 = CARTESIAN_POINT ( 'NONE',  ( -0.2933340434676897091, -0.5999999999999999778, 0.4858142535419729957 ) ) ;
#6626 = CARTESIAN_POINT ( 'NONE',  ( -0.5338784855714885369, -0.5999999999999999778, 0.3946343845070930390 ) ) ;
#6627 = VERTEX_POINT ( 'NONE', #2798 ) ;
#6628 =( GEOMETRIC_REPRESENTATION_CONTEXT ( 3 ) GLOBAL_UNCERTAINTY_ASSIGNED_CONTEXT ( ( #3593 ) ) GLOBAL_UNIT_ASSIGNED_CONTEXT ( ( #2909, #7417, #3151 ) ) REPRESENTATION_CONTEXT ( 'NONE', 'WORKASPACE' ) );
#6629 = ORIENTED_EDGE ( 'NONE', *, *, #6660, .F. ) ;
#6630 =( LENGTH_UNIT ( ) NAMED_UNIT ( * ) SI_UNIT ( .MILLI., .METRE. ) );
#6631 = LINE ( 'NONE', #5678, #714 ) ;
#6632 = B_SPLINE_CURVE_WITH_KNOTS ( 'NONE', 3,
 ( #4849, #9984, #7474, #67 ),
 .UNSPECIFIED., .F., .F.,
 ( 4, 4 ),
 ( 24.00000000000000000, 25.00000000000000000 ),
 .UNSPECIFIED. ) ;
#6633 = DIRECTION ( 'NONE',  ( -0.3416038306815473158, 0.0000000000000000000, 0.9398440417769815536 ) ) ;
#6634 = CARTESIAN_POINT ( 'NONE',  ( -0.5772581006888517496, -0.6099999999999999867, 0.3665822422234592537 ) ) ;
#6635 = STYLED_ITEM ( 'NONE', ( #952 ), #8111 ) ;
#6636 = EDGE_CURVE ( 'NONE', #605, #9759, #10057, .T. ) ;
#6637 =( GEOMETRIC_REPRESENTATION_CONTEXT ( 3 ) GLOBAL_UNCERTAINTY_ASSIGNED_CONTEXT ( ( #10062 ) ) GLOBAL_UNIT_ASSIGNED_CONTEXT ( ( #6326, #1552, #7198 ) ) REPRESENTATION_CONTEXT ( 'NONE', 'WORKASPACE' ) );
#6638 = CARTESIAN_POINT ( 'NONE',  ( -0.3647550147396215747, -0.5999999999999999778, 0.3874323594998910769 ) ) ;
#6639 = CARTESIAN_POINT ( 'NONE',  ( -0.3880040017484512882, -0.5999999999999999778, 0.4045051844857675549 ) ) ;
#6640 = CARTESIAN_POINT ( 'NONE',  ( -0.2423963031474246632, -0.6099999999999999867, 0.4212868772551289220 ) ) ;
#6641 = ORIENTED_EDGE ( 'NONE', *, *, #2480, .F. ) ;
#6642 = CARTESIAN_POINT ( 'NONE',  ( -0.4994639975311022106, -0.6099999999999999867, 0.4484251028395369598 ) ) ;
#6643 = CARTESIAN_POINT ( 'NONE',  ( -0.4890528832837367501, -0.6099999999999999867, 0.3911640241232652304 ) ) ;
#6644 = CARTESIAN_POINT ( 'NONE',  ( -0.4328487606792498221, -0.6099999999999999867, 0.4218067562135269788 ) ) ;
#6645 = ADVANCED_FACE ( 'NONE', ( #9291 ), #5768, .F. ) ;
#6646 = CARTESIAN_POINT ( 'NONE',  ( -0.6377003577995730144, -0.6099999999999999867, 0.4203729660719068839 ) ) ;
#6647 =( GEOMETRIC_REPRESENTATION_CONTEXT ( 3 ) GLOBAL_UNCERTAINTY_ASSIGNED_CONTEXT ( ( #9181 ) ) GLOBAL_UNIT_ASSIGNED_CONTEXT ( ( #7725, #5114, #9114 ) ) REPRESENTATION_CONTEXT ( 'NONE', 'WORKASPACE' ) );
#6648 = EDGE_CURVE ( 'NONE', #85, #7428, #7366, .T. ) ;
#6649 =( LENGTH_UNIT ( ) NAMED_UNIT ( * ) SI_UNIT ( .MILLI., .METRE. ) );
#6650 = EDGE_LOOP ( 'NONE', ( #5633, #7740, #1091, #9094 ) ) ;
#6651 = DIRECTION ( 'NONE',  ( 1.000000000000000000, 0.0000000000000000000, 0.0000000000000000000 ) ) ;
#6652 = DIRECTION ( 'NONE',  ( 1.000000000000000000, 0.0000000000000000000, -0.0000000000000000000 ) ) ;
#6653 = ORIENTED_EDGE ( 'NONE', *, *, #4879, .T. ) ;
#6654 = VECTOR ( 'NONE', #11552, 1000.000000000000000 ) ;
#6655 = DIRECTION ( 'NONE',  ( -0.3283461648125119425, -0.0000000000000000000, 0.9445574604294408871 ) ) ;
#6656 = PRESENTATION_STYLE_ASSIGNMENT (( #227 ) ) ;
#6657 = EDGE_LOOP ( 'NONE', ( #949, #2294, #2298, #6032, #9408, #4688, #6147, #3473, #5065, #9842, #8446, #3678, #1190, #6641, #7728 ) ) ;
#6658 = CARTESIAN_POINT ( 'NONE',  ( -0.5642442161535456968, -0.6099999999999999867, 0.3955019856348488960 ) ) ;
#6659 = LINE ( 'NONE', #10115, #163 ) ;
#6660 = EDGE_CURVE ( 'NONE', #5960, #4803, #1894, .T. ) ;
#6661 = EDGE_LOOP ( 'NONE', ( #10072, #5082, #4548, #6677 ) ) ;
#6662 = CARTESIAN_POINT ( 'NONE',  ( -0.4994639975311022106, -0.5999999999999999778, 0.4484251028395369598 ) ) ;
#6663 = SURFACE_SIDE_STYLE ('',( #2998 ) ) ;
#6664 = FILL_AREA_STYLE_COLOUR ( '', #10282 ) ;
#6665 = STYLED_ITEM ( 'NONE', ( #2659 ), #4589 ) ;
#6666 = ORIENTED_EDGE ( 'NONE', *, *, #4919, .T. ) ;
#6667 = AXIS2_PLACEMENT_3D ( 'NONE', #8690, #9552, #9054 ) ;
#6668 = CARTESIAN_POINT ( 'NONE',  ( -0.2932092725178738757, -0.5999999999999999778, 0.4858142535419729957 ) ) ;
#6669 =( NAMED_UNIT ( * ) PLANE_ANGLE_UNIT ( ) SI_UNIT ( $, .RADIAN. ) );
#6670 = CARTESIAN_POINT ( 'NONE',  ( -0.5934531581024645730, -0.5999999999999999778, 0.4064914748928398214 ) ) ;
#6671 = EDGE_LOOP ( 'NONE', ( #5703, #7171, #702, #7368, #2225, #6057, #9177, #2156, #8022, #1441, #2547, #4998, #8989, #4040, #10328, #5552, #11153, #6252, #5116, #435, #5999, #9783, #1066, #10876, #9235, #10695, #8662, #4215, #6585, #2561, #7829, #10707, #3355 ) ) ;
#6672 = CARTESIAN_POINT ( 'NONE',  ( -0.3235806012532589926, -0.6099999999999999867, 0.4592172460423974978 ) ) ;
#6673 = CARTESIAN_POINT ( 'NONE',  ( -0.6333623962878505154, -0.5999999999999999778, 0.4735852790561209114 ) ) ;
#6674 =( LENGTH_UNIT ( ) NAMED_UNIT ( * ) SI_UNIT ( .MILLI., .METRE. ) );
#6675 =( GEOMETRIC_REPRESENTATION_CONTEXT ( 3 ) GLOBAL_UNCERTAINTY_ASSIGNED_CONTEXT ( ( #8747 ) ) GLOBAL_UNIT_ASSIGNED_CONTEXT ( ( #7138, #1782, #6150 ) ) REPRESENTATION_CONTEXT ( 'NONE', 'WORKASPACE' ) );
#6676 = CARTESIAN_POINT ( 'NONE',  ( -0.5243349834841637414, -0.6099999999999999867, 0.4035995005517841183 ) ) ;
#6677 = ORIENTED_EDGE ( 'NONE', *, *, #3526, .T. ) ;
#6678 = STYLED_ITEM ( 'NONE', ( #1534 ), #5562 ) ;
#6679 =( LENGTH_UNIT ( ) NAMED_UNIT ( * ) SI_UNIT ( .MILLI., .METRE. ) );
#6680 = CARTESIAN_POINT ( 'NONE',  ( -0.5934531581024645730, -0.6099999999999999867, 0.3839340662063335796 ) ) ;
#6681 = CARTESIAN_POINT ( 'NONE',  ( -0.2689101300135118278, -0.5999999999999999778, 0.3915082105319228067 ) ) ;
#6682 = COLOUR_RGB ( '',1.000000000000000000, 1.000000000000000000, 1.000000000000000000 ) ;
#6683 = ORIENTED_EDGE ( 'NONE', *, *, #1424, .F. ) ;
#6684 = MECHANICAL_DESIGN_GEOMETRIC_PRESENTATION_REPRESENTATION (  '', ( #11723 ), #4770 ) ;
#6685 = MECHANICAL_DESIGN_GEOMETRIC_PRESENTATION_REPRESENTATION (  '', ( #7248 ), #8577 ) ;
#6686 = FILL_AREA_STYLE ('',( #1187 ) ) ;
#6687 = DIRECTION ( 'NONE',  ( 1.000000000000000000, -0.0000000000000000000, -0.0000000000000000000 ) ) ;
#6688 = VERTEX_POINT ( 'NONE', #2919 ) ;
#6689 = ORIENTED_EDGE ( 'NONE', *, *, #10654, .F. ) ;
#6690 = EDGE_CURVE ( 'NONE', #6008, #5651, #10221, .T. ) ;
#6691 = CARTESIAN_POINT ( 'NONE',  ( -0.4047025138844651537, -0.5999999999999999778, 0.3906140187237994166 ) ) ;
#6692 = EDGE_CURVE ( 'NONE', #5763, #11182, #946, .T. ) ;
#6693 = FACE_OUTER_BOUND ( 'NONE', #9124, .T. ) ;
#6694 = CARTESIAN_POINT ( 'NONE',  ( -0.4008138192774340913, -0.5999999999999999778, 0.3893039237493470806 ) ) ;
#6695 = DIRECTION ( 'NONE',  ( -0.0000000000000000000, 1.000000000000000000, -0.0000000000000000000 ) ) ;
#6696 = SURFACE_STYLE_FILL_AREA ( #3144 ) ;
#6697 = ORIENTED_EDGE ( 'NONE', *, *, #11005, .T. ) ;
#6698 = CARTESIAN_POINT ( 'NONE',  ( -0.4893420873371294166, -0.5999999999999999778, 0.4383031926455641103 ) ) ;
#6699 = LINE ( 'NONE', #5816, #7020 ) ;
#6700 =( LENGTH_UNIT ( ) NAMED_UNIT ( * ) SI_UNIT ( .MILLI., .METRE. ) );
#6701 = CARTESIAN_POINT ( 'NONE',  ( -0.4132493239566929488, -0.5999999999999999778, 0.4589053186675808860 ) ) ;
#6702 = EDGE_LOOP ( 'NONE', ( #1542, #8137, #1481, #3104 ) ) ;
#6703 = LINE ( 'NONE', #5693, #2067 ) ;
#6704 = CARTESIAN_POINT ( 'NONE',  ( -0.4048272848344182107, -0.5999999999999999778, 0.3976843725547389852 ) ) ;
#6705 = EDGE_CURVE ( 'NONE', #3548, #9991, #286, .T. ) ;
#6706 = ORIENTED_EDGE ( 'NONE', *, *, #3644, .F. ) ;
#6707 = SURFACE_STYLE_FILL_AREA ( #6766 ) ;
#6708 = CARTESIAN_POINT ( 'NONE',  ( -0.3702553341169080303, -0.6099999999999999867, 0.4113883818919822910 ) ) ;
#6709 = FILL_AREA_STYLE ('',( #431 ) ) ;
#6710 = VERTEX_POINT ( 'NONE', #6712 ) ;
#6711 = B_SPLINE_CURVE_WITH_KNOTS ( 'NONE', 3,
 ( #4431, #1773, #10656, #2517 ),
 .UNSPECIFIED., .F., .F.,
 ( 4, 4 ),
 ( 2.000000000000000000, 3.000000000000000000 ),
 .UNSPECIFIED. ) ;
#6712 = CARTESIAN_POINT ( 'NONE',  ( -0.3747054979988023726, -0.5999999999999999778, 0.4047755215442560006 ) ) ;
#6713 = CARTESIAN_POINT ( 'NONE',  ( -0.6032858642430440899, -0.5999999999999999778, 0.4611498053853264611 ) ) ;
#6714 = COLOUR_RGB ( '',1.000000000000000000, 1.000000000000000000, 1.000000000000000000 ) ;
#6715 = ORIENTED_EDGE ( 'NONE', *, *, #9013, .F. ) ;
#6716 = UNCERTAINTY_MEASURE_WITH_UNIT (LENGTH_MEASURE( 1.000000000000000082E-05 ), #3841, 'distance_accuracy_value', 'NONE');
#6717 = CARTESIAN_POINT ( 'NONE',  ( -0.6437735132930798576, -0.5999999999999999778, 0.4001291401679580306 ) ) ;
#6718 = MECHANICAL_DESIGN_GEOMETRIC_PRESENTATION_REPRESENTATION (  '', ( #5013 ), #6533 ) ;
#6719 = ORIENTED_EDGE ( 'NONE', *, *, #4397, .F. ) ;
#6720 = DIRECTION ( 'NONE',  ( -0.0000000000000000000, 1.000000000000000000, -0.0000000000000000000 ) ) ;
#6721 = SURFACE_STYLE_USAGE ( .BOTH. , #9473 ) ;
#6722 = ORIENTED_EDGE ( 'NONE', *, *, #8942, .T. ) ;
#6723 = B_SPLINE_CURVE_WITH_KNOTS ( 'NONE', 3,
 ( #5316, #747, #5208, #10497 ),
 .UNSPECIFIED., .F., .F.,
 ( 4, 4 ),
 ( 7.000000000000000000, 8.000000000000000000 ),
 .UNSPECIFIED. ) ;
#6724 = COLOUR_RGB ( '',1.000000000000000000, 1.000000000000000000, 1.000000000000000000 ) ;
#6725 = EDGE_CURVE ( 'NONE', #5741, #9487, #4605, .T. ) ;
#6726 = ADVANCED_FACE ( 'NONE', ( #7588 ), #4854, .F. ) ;
#6727 = CARTESIAN_POINT ( 'NONE',  ( -0.2929805257762664872, -0.5999999999999999778, 0.4844625682506378261 ) ) ;
#6728 = UNCERTAINTY_MEASURE_WITH_UNIT (LENGTH_MEASURE( 1.000000000000000082E-05 ), #5786, 'distance_accuracy_value', 'NONE');
#6729 = SURFACE_STYLE_USAGE ( .BOTH. , #1115 ) ;
#6730 = SURFACE_SIDE_STYLE ('',( #8737 ) ) ;
#6731 = CARTESIAN_POINT ( 'NONE',  ( -0.2430617482139403041, -0.6099999999999999867, 0.4184379405646173611 ) ) ;
#6732 = ORIENTED_EDGE ( 'NONE', *, *, #2752, .F. ) ;
#6733 = CARTESIAN_POINT ( 'NONE',  ( -0.6559198049743579784, -0.6099999999999999867, 0.4316516538674262105 ) ) ;
#6734 = SURFACE_STYLE_FILL_AREA ( #3245 ) ;
#6735 = CARTESIAN_POINT ( 'NONE',  ( -0.4061789701256164342, -0.6099999999999999867, 0.3926103539233487538 ) ) ;
#6736 = CARTESIAN_POINT ( 'NONE',  ( -0.2682966728430296599, -0.5999999999999999778, 0.4115963334752861247 ) ) ;
#6737 = ORIENTED_EDGE ( 'NONE', *, *, #1642, .F. ) ;
#6738 = VECTOR ( 'NONE', #4869, 1000.000000000000000 ) ;
#6739 = CARTESIAN_POINT ( 'NONE',  ( -0.5821744592752146064, -0.6099999999999999867, 0.4015751163064785190 ) ) ;
#6740 = DIRECTION ( 'NONE',  ( -0.3385350342956568448, 0.0000000000000000000, -0.9409537876827099856 ) ) ;
#6741 = ORIENTED_EDGE ( 'NONE', *, *, #6690, .F. ) ;
#6742 = CLOSED_SHELL ( 'NONE', ( #1785, #9903, #900, #11056, #11361, #393, #410, #8706, #11002, #7840, #303, #4374, #8183, #3418, #8925, #6257, #9872, #9323, #3043, #1112, #4029, #855, #4623, #8028, #11345, #1900, #1261, #775, #9519, #2582, #6884, #162, #2728, #1938, #4554, #10110, #9900, #7331, #8340, #3706, #2214, #10803, #6282, #10407, #2133, #3244, #7147, #10728, #7999, #8283, #4712, #2651, #1460, #148, #1126, #8381, #2571, #2157, #349, #11201, #4785, #10552, #11560, #2678, #6604, #7853, #7263, #5120, #7177, #2735, #5562, #4046, #1835, #10223, #112, #8305, #5809, #6545, #8561, #7207, #4358, #6063, #3128, #9667, #8439, #8043, #8874, #101, #9615, #522, #2528, #4473, #8358, #7102, #11445, #7541, #181, #8343, #1079, #1170, #2783, #9082, #380, #962, #2404, #3095, #9163, #2894, #5781, #7496, #3048, #2706, #1888, #1423, #951, #7232, #436, #11581, #948, #4207, #11547, #237, #4162, #11376, #707, #4784, #5669, #8849, #6438, #2064, #2280, #320, #11632, #8079, #3401, #10909, #5837, #11375, #4933, #9012, #10708, #6076, #4474, #827, #5071, #10320, #508, #1272, #8237, #4589, #7935, #6518, #8587, #9191, #4252, #2443, #7514, #6398, #2490, #8422, #9005, #706, #7449, #8677, #11406, #649, #11042, #10460, #9367, #8611, #1566, #5226, #8676, #7503, #4416, #1008, #6645, #6192, #1760, #8529, #10487, #10186, #5042, #1536, #8081, #8126, #10066, #381, #10030, #10447, #9754, #8111, #10875, #1459, #7192, #1048, #679, #3557, #8658, #7584, #2676, #3265, #2232, #9929, #1510, #9835, #3539, #9042, #10894, #1228, #10758, #8803, #9128, #4501, #7409, #10804, #4149, #222, #9478, #4975, #921, #4220, #4288, #10640, #9223, #5305, #10218, #9730, #1730, #10124 ) ) ;
#6743 = EDGE_CURVE ( 'NONE', #7952, #4646, #3056, .T. ) ;
#6744 = CARTESIAN_POINT ( 'NONE',  ( -0.4113465669697827787, -0.6099999999999999867, 0.3935877263646810342 ) ) ;
#6745 = CARTESIAN_POINT ( 'NONE',  ( -0.4056902839049484344, -0.5999999999999999778, 0.3914874153736192519 ) ) ;
#6746 = ORIENTED_EDGE ( 'NONE', *, *, #11287, .T. ) ;
#6747 = CARTESIAN_POINT ( 'NONE',  ( -0.2847040527621113593, -0.5999999999999999778, 0.3858103371506220181 ) ) ;
#6748 = VERTEX_POINT ( 'NONE', #406 ) ;
#6749 = SURFACE_SIDE_STYLE ('',( #5075 ) ) ;
#6750 = LINE ( 'NONE', #6570, #5915 ) ;
#6751 = CARTESIAN_POINT ( 'NONE',  ( -0.5995263053219659355, -0.6099999999999999867, 0.4064914748928398214 ) ) ;
#6752 = CARTESIAN_POINT ( 'NONE',  ( -0.4149857196769028977, -0.6099999999999999867, 0.4699059574221539637 ) ) ;
#6753 = EDGE_CURVE ( 'NONE', #1310, #7534, #11330, .T. ) ;
#6754 = LINE ( 'NONE', #4278, #6588 ) ;
#6755 = PRESENTATION_STYLE_ASSIGNMENT (( #7571 ) ) ;
#6756 = LINE ( 'NONE', #8591, #2722 ) ;
#6757 = EDGE_LOOP ( 'NONE', ( #1553, #8046, #7105, #3406 ) ) ;
#6758 = CARTESIAN_POINT ( 'NONE',  ( -0.3198478703337772067, -0.6099999999999999867, 0.4856270971169719952 ) ) ;
#6759 = FILL_AREA_STYLE_COLOUR ( '', #7851 ) ;
#6760 = CARTESIAN_POINT ( 'NONE',  ( -0.2929805257762664872, -0.6099999999999999867, 0.4844625682506378261 ) ) ;
#6761 = VERTEX_POINT ( 'NONE', #581 ) ;
#6762 = LINE ( 'NONE', #10569, #7187 ) ;
#6763 = SURFACE_STYLE_FILL_AREA ( #2193 ) ;
#6764 = CARTESIAN_POINT ( 'NONE',  ( -0.3449164336961677013, -0.6099999999999999867, 0.3906348138821028604 ) ) ;
#6765 = VERTEX_POINT ( 'NONE', #3340 ) ;
#6766 = FILL_AREA_STYLE ('',( #2011 ) ) ;
#6767 = CARTESIAN_POINT ( 'NONE',  ( -0.4022902755185852608, -0.5999999999999999778, 0.4155266183989210771 ) ) ;
#6768 = EDGE_CURVE ( 'NONE', #8400, #5174, #10283, .T. ) ;
#6769 = CARTESIAN_POINT ( 'NONE',  ( -0.5946099467357415236, -0.5999999999999999778, 0.4871775579076498830 ) ) ;
#6770 = CARTESIAN_POINT ( 'NONE',  ( -0.2697419363464489961, -0.5999999999999999778, 0.3974972161300142082 ) ) ;
#6771 = ORIENTED_EDGE ( 'NONE', *, *, #42, .T. ) ;
#6772 =( NAMED_UNIT ( * ) PLANE_ANGLE_UNIT ( ) SI_UNIT ( $, .RADIAN. ) );
#6773 =( LENGTH_UNIT ( ) NAMED_UNIT ( * ) SI_UNIT ( .MILLI., .METRE. ) );
#6774 = CARTESIAN_POINT ( 'NONE',  ( -0.3711391283457417534, -0.5999999999999999778, 0.4863341325000934967 ) ) ;
#6775 = FACE_BOUND ( 'NONE', #9405, .T. ) ;
#6776 = CARTESIAN_POINT ( 'NONE',  ( -0.6296028373667721389, -0.5999999999999999778, 0.3885612428034561638 ) ) ;
#6777 = UNCERTAINTY_MEASURE_WITH_UNIT (LENGTH_MEASURE( 1.000000000000000082E-05 ), #10369, 'distance_accuracy_value', 'NONE');
#6778 = ORIENTED_EDGE ( 'NONE', *, *, #10877, .T. ) ;
#6779 =( GEOMETRIC_REPRESENTATION_CONTEXT ( 3 ) GLOBAL_UNCERTAINTY_ASSIGNED_CONTEXT ( ( #7429 ) ) GLOBAL_UNIT_ASSIGNED_CONTEXT ( ( #7931, #6358, #5335 ) ) REPRESENTATION_CONTEXT ( 'NONE', 'WORKASPACE' ) );
#6780 = CARTESIAN_POINT ( 'NONE',  ( -0.2605192836289691449, -0.6099999999999999867, 0.3858103371506220181 ) ) ;
#6781 = B_SPLINE_CURVE_WITH_KNOTS ( 'NONE', 3,
 ( #10747, #9047, #2612, #879 ),
 .UNSPECIFIED., .F., .F.,
 ( 4, 4 ),
 ( 14.00000000000000000, 15.00000000000000000 ),
 .UNSPECIFIED. ) ;
#6782 =( LENGTH_UNIT ( ) NAMED_UNIT ( * ) SI_UNIT ( .MILLI., .METRE. ) );
#6783 = ORIENTED_EDGE ( 'NONE', *, *, #1478, .F. ) ;
#6784 = EDGE_CURVE ( 'NONE', #4790, #4369, #7646, .T. ) ;
#6785 =( NAMED_UNIT ( * ) SI_UNIT ( $, .STERADIAN. ) SOLID_ANGLE_UNIT ( ) );
#6786 = LINE ( 'NONE', #10357, #788 ) ;
#6787 = CARTESIAN_POINT ( 'NONE',  ( -0.2425938571515761644, -0.6099999999999999867, 0.4200599629138868085 ) ) ;
#6788 = ORIENTED_EDGE ( 'NONE', *, *, #3458, .T. ) ;
#6789 =( NAMED_UNIT ( * ) SI_UNIT ( $, .STERADIAN. ) SOLID_ANGLE_UNIT ( ) );
#6790 = PLANE ( 'NONE',  #9639 ) ;
#6791 = DIRECTION ( 'NONE',  ( 0.0000000000000000000, 1.000000000000000000, 0.0000000000000000000 ) ) ;
#6792 = B_SPLINE_SURFACE_WITH_KNOTS ( 'NONE', 3, 1, ( 
 ( #10248, #10076 ),
 ( #2111, #5797 ),
 ( #11418, #2352 ),
 ( #7676, #6035 ) ),
 .UNSPECIFIED., .F., .F., .F.,
 ( 4, 4 ),
 ( 2, 2 ),
 ( 7.000000000000000000, 8.000000000000000000 ),
 ( 0.0000000000000000000, 1.000000000000000000 ),
 .UNSPECIFIED. ) ;
#6793 = VERTEX_POINT ( 'NONE', #2201 ) ;
#6794 = EDGE_CURVE ( 'NONE', #6710, #2364, #7193, .T. ) ;
#6795 = EDGE_CURVE ( 'NONE', #11207, #8932, #9459, .T. ) ;
#6796 = PLANE ( 'NONE',  #2650 ) ;
#6797 = SURFACE_STYLE_USAGE ( .BOTH. , #3250 ) ;
#6798 = PRESENTATION_LAYER_ASSIGNMENT (  '', '', ( #95 ) ) ;
#6799 = VECTOR ( 'NONE', #9644, 1000.000000000000000 ) ;
#6800 = CARTESIAN_POINT ( 'NONE',  ( -0.5327216914223462663, -0.6099999999999999867, 0.4351220363149917447 ) ) ;
#6801 = CARTESIAN_POINT ( 'NONE',  ( -0.3930988155384208538, -0.5999999999999999778, 0.4003877431374077145 ) ) ;
#6802 = VECTOR ( 'NONE', #8303, 1000.000000000000000 ) ;
#6803 = ORIENTED_EDGE ( 'NONE', *, *, #976, .T. ) ;
#6804 =( NAMED_UNIT ( * ) PLANE_ANGLE_UNIT ( ) SI_UNIT ( $, .RADIAN. ) );
#6805 = SURFACE_SIDE_STYLE ('',( #8584 ) ) ;
#6806 = SURFACE_SIDE_STYLE ('',( #3262 ) ) ;
#6807 = VECTOR ( 'NONE', #8286, 1000.000000000000000 ) ;
#6808 = AXIS2_PLACEMENT_3D ( 'NONE', #11606, #8290, #3753 ) ;
#6809 = VECTOR ( 'NONE', #2719, 1000.000000000000000 ) ;
#6810 = DIRECTION ( 'NONE',  ( -0.0000000000000000000, 1.000000000000000000, -0.0000000000000000000 ) ) ;
#6811 = PLANE ( 'NONE',  #5863 ) ;
#6812 = CARTESIAN_POINT ( 'NONE',  ( 0.0000000000000000000, -0.6099999999999999867, 0.0000000000000000000 ) ) ;
#6813 =( LENGTH_UNIT ( ) NAMED_UNIT ( * ) SI_UNIT ( .MILLI., .METRE. ) );
#6814 = ORIENTED_EDGE ( 'NONE', *, *, #10877, .F. ) ;
#6815 = DIRECTION ( 'NONE',  ( 0.0000000000000000000, -1.000000000000000000, -0.0000000000000000000 ) ) ;
#6816 = STYLED_ITEM ( 'NONE', ( #5615 ), #11445 ) ;
#6817 = FILL_AREA_STYLE ('',( #6759 ) ) ;
#6818 = PLANE ( 'NONE',  #3020 ) ;
#6819 = CARTESIAN_POINT ( 'NONE',  ( -0.3465800463623194272, -0.6099999999999999867, 0.3752256015623783858 ) ) ;
#6820 = FILL_AREA_STYLE_COLOUR ( '', #6846 ) ;
#6821 = SURFACE_SIDE_STYLE ('',( #941 ) ) ;
#6822 = CARTESIAN_POINT ( 'NONE',  ( -0.2689101300135118278, -0.5999999999999999778, 0.4210997208304051442 ) ) ;
#6823 = ORIENTED_EDGE ( 'NONE', *, *, #10113, .T. ) ;
#6824 = SURFACE_STYLE_FILL_AREA ( #2264 ) ;
#6825 = COLOUR_RGB ( '',1.000000000000000000, 1.000000000000000000, 1.000000000000000000 ) ;
#6826 = EDGE_CURVE ( 'NONE', #170, #9616, #3227, .T. ) ;
#6827 = STYLED_ITEM ( 'NONE', ( #9664 ), #11581 ) ;
#6828 = PRESENTATION_LAYER_ASSIGNMENT (  '', '', ( #7202 ) ) ;
#6829 = STYLED_ITEM ( 'NONE', ( #5904 ), #3043 ) ;
#6830 =( LENGTH_UNIT ( ) NAMED_UNIT ( * ) SI_UNIT ( .MILLI., .METRE. ) );
#6831 =( NAMED_UNIT ( * ) PLANE_ANGLE_UNIT ( ) SI_UNIT ( $, .RADIAN. ) );
#6832 = EDGE_LOOP ( 'NONE', ( #4797, #2331, #1989, #6404 ) ) ;
#6833 =( GEOMETRIC_REPRESENTATION_CONTEXT ( 3 ) GLOBAL_UNCERTAINTY_ASSIGNED_CONTEXT ( ( #5534 ) ) GLOBAL_UNIT_ASSIGNED_CONTEXT ( ( #11235, #6858, #9547 ) ) REPRESENTATION_CONTEXT ( 'NONE', 'WORKASPACE' ) );
#6834 = UNCERTAINTY_MEASURE_WITH_UNIT (LENGTH_MEASURE( 1.000000000000000082E-05 ), #1671, 'distance_accuracy_value', 'NONE');
#6835 =( NAMED_UNIT ( * ) SI_UNIT ( $, .STERADIAN. ) SOLID_ANGLE_UNIT ( ) );
#6836 =( GEOMETRIC_REPRESENTATION_CONTEXT ( 3 ) GLOBAL_UNCERTAINTY_ASSIGNED_CONTEXT ( ( #7889 ) ) GLOBAL_UNIT_ASSIGNED_CONTEXT ( ( #3575, #6184, #1758 ) ) REPRESENTATION_CONTEXT ( 'NONE', 'WORKASPACE' ) );
#6837 = CARTESIAN_POINT ( 'NONE',  ( -0.2423963031474246632, -0.5999999999999999778, 0.4212868772551289220 ) ) ;
#6838 = SURFACE_STYLE_FILL_AREA ( #5894 ) ;
#6839 = VERTEX_POINT ( 'NONE', #8407 ) ;
#6840 = EDGE_CURVE ( 'NONE', #10340, #6356, #8223, .T. ) ;
#6841 = DIRECTION ( 'NONE',  ( -0.0000000000000000000, -0.0000000000000000000, 1.000000000000000000 ) ) ;
#6842 = EDGE_CURVE ( 'NONE', #325, #4642, #1030, .T. ) ;
#6843 = CARTESIAN_POINT ( 'NONE',  ( -0.3496681273738661555, -0.6099999999999999867, 0.3805907524105590634 ) ) ;
#6844 = DIRECTION ( 'NONE',  ( 0.0000000000000000000, 0.0000000000000000000, 1.000000000000000000 ) ) ;
#6845 = CARTESIAN_POINT ( 'NONE',  ( -0.6999999999999999556, 0.5999999999999999778, -0.05000000000000000278 ) ) ;
#6846 = COLOUR_RGB ( '',1.000000000000000000, 1.000000000000000000, 1.000000000000000000 ) ;
#6847 = ORIENTED_EDGE ( 'NONE', *, *, #589, .F. ) ;
#6848 = VECTOR ( 'NONE', #11576, 1000.000000000000000 ) ;
#6849 =( LENGTH_UNIT ( ) NAMED_UNIT ( * ) SI_UNIT ( .MILLI., .METRE. ) );
#6850 = CARTESIAN_POINT ( 'NONE',  ( -0.5327216914223462663, -0.6099999999999999867, 0.4351220363149917447 ) ) ;
#6851 = SURFACE_STYLE_FILL_AREA ( #1315 ) ;
#6852 = PLANE ( 'NONE',  #3848 ) ;
#6853 = DIRECTION ( 'NONE',  ( -0.0000000000000000000, 1.000000000000000000, -0.0000000000000000000 ) ) ;
#6854 = CARTESIAN_POINT ( 'NONE',  ( -0.4328487606792498221, -0.5999999999999999778, 0.4218067562135269788 ) ) ;
#6855 = ORIENTED_EDGE ( 'NONE', *, *, #7358, .F. ) ;
#6856 = COLOUR_RGB ( '',1.000000000000000000, 1.000000000000000000, 1.000000000000000000 ) ;
#6857 = DIRECTION ( 'NONE',  ( 0.0000000000000000000, 0.0000000000000000000, 1.000000000000000000 ) ) ;
#6858 =( NAMED_UNIT ( * ) PLANE_ANGLE_UNIT ( ) SI_UNIT ( $, .RADIAN. ) );
#6859 = CARTESIAN_POINT ( 'NONE',  ( -0.3137132986275662505, -0.6099999999999999867, 0.4711952572385812443 ) ) ;
#6860 = CARTESIAN_POINT ( 'NONE',  ( -0.5249133695267967914, -0.5999999999999999778, 0.4035995005517841183 ) ) ;
#6861 = CARTESIAN_POINT ( 'NONE',  ( -0.3628730529110148484, -0.6099999999999999867, 0.4142373185824930193 ) ) ;
#6862 = ORIENTED_EDGE ( 'NONE', *, *, #5965, .T. ) ;
#6863 = ADVANCED_FACE ( 'NONE', ( #55 ), #7410, .F. ) ;
#6864 = SURFACE_SIDE_STYLE ('',( #4166 ) ) ;
#6865 = COLOUR_RGB ( '',1.000000000000000000, 1.000000000000000000, 1.000000000000000000 ) ;
#6866 = VECTOR ( 'NONE', #5133, 1000.000000000000000 ) ;
#6867 = FACE_OUTER_BOUND ( 'NONE', #5918, .T. ) ;
#6868 = AXIS2_PLACEMENT_3D ( 'NONE', #2088, #9122, #121 ) ;
#6869 = ORIENTED_EDGE ( 'NONE', *, *, #4302, .F. ) ;
#6870 = COLOUR_RGB ( '',1.000000000000000000, 1.000000000000000000, 1.000000000000000000 ) ;
#6871 = CARTESIAN_POINT ( 'NONE',  ( -0.3667097596222881339, -0.6099999999999999867, 0.3943363520644092013 ) ) ;
#6872 = PRESENTATION_LAYER_ASSIGNMENT (  '', '', ( #1085 ) ) ;
#6873 = SURFACE_STYLE_USAGE ( .BOTH. , #3194 ) ;
#6874 = VERTEX_POINT ( 'NONE', #4652 ) ;
#6875 = FACE_OUTER_BOUND ( 'NONE', #1220, .T. ) ;
#6876 = ORIENTED_EDGE ( 'NONE', *, *, #664, .T. ) ;
#6877 = CARTESIAN_POINT ( 'NONE',  ( -0.2958918479416860481, -0.5999999999999999778, 0.4264856668368887105 ) ) ;
#6878 = VECTOR ( 'NONE', #9238, 1000.000000000000000 ) ;
#6879 = CARTESIAN_POINT ( 'NONE',  ( -0.2999999999999998224, -0.5999999999999999778, -0.05000000000000000278 ) ) ;
#6880 = DIRECTION ( 'NONE',  ( -0.0000000000000000000, 1.000000000000000000, -0.0000000000000000000 ) ) ;
#6881 = DIRECTION ( 'NONE',  ( 1.000000000000000000, 0.0000000000000000000, 0.0000000000000000000 ) ) ;
#6882 = PRESENTATION_LAYER_ASSIGNMENT (  '', '', ( #11723 ) ) ;
#6883 = AXIS2_PLACEMENT_3D ( 'NONE', #8204, #1686, #3553 ) ;
#6884 = ADVANCED_FACE ( 'NONE', ( #5749 ), #10975, .F. ) ;
#6885 = CARTESIAN_POINT ( 'NONE',  ( -0.3941697661922550222, -0.6099999999999999867, 0.4916992833482745073 ) ) ;
#6886 = PRESENTATION_STYLE_ASSIGNMENT (( #1277 ) ) ;
#6887 = PRESENTATION_STYLE_ASSIGNMENT (( #3213 ) ) ;
#6888 = VERTEX_POINT ( 'NONE', #7959 ) ;
#6889 = CARTESIAN_POINT ( 'NONE',  ( -0.3045010434889612871, -0.6099999999999999867, 0.4264856668368887105 ) ) ;
#6890 = FACE_OUTER_BOUND ( 'NONE', #7957, .T. ) ;
#6891 = CARTESIAN_POINT ( 'NONE',  ( -0.2999999999999999889, 0.5999999999999999778, -0.05000000000000000278 ) ) ;
#6892 = CARTESIAN_POINT ( 'NONE',  ( -0.3441262176798358108, -0.6099999999999999867, 0.3814225587437737319 ) ) ;
#6893 = VECTOR ( 'NONE', #314, 1000.000000000000000 ) ;
#6894 = CARTESIAN_POINT ( 'NONE',  ( -0.5896935881493786669, -0.5999999999999999778, 0.4906479279443450303 ) ) ;
#6895 = FILL_AREA_STYLE ('',( #7001 ) ) ;
#6896 =( NAMED_UNIT ( * ) PLANE_ANGLE_UNIT ( ) SI_UNIT ( $, .RADIAN. ) );
#6897 =( LENGTH_UNIT ( ) NAMED_UNIT ( * ) SI_UNIT ( .MILLI., .METRE. ) );
#6898 = DIRECTION ( 'NONE',  ( -0.0000000000000000000, 1.000000000000000000, -0.0000000000000000000 ) ) ;
#6899 = VERTEX_POINT ( 'NONE', #6210 ) ;
#6900 = PRESENTATION_STYLE_ASSIGNMENT (( #9527 ) ) ;
#6901 = PLANE ( 'NONE',  #3837 ) ;
#6902 = CARTESIAN_POINT ( 'NONE',  ( -0.2422715321973312741, -0.5999999999999999778, 0.4212868772551288665 ) ) ;
#6903 = CARTESIAN_POINT ( 'NONE',  ( -0.5547007030342133715, -0.5999999999999999778, 0.4845747821038446923 ) ) ;
#6904 = ORIENTED_EDGE ( 'NONE', *, *, #10522, .T. ) ;
#6905 = LINE ( 'NONE', #9646, #6564 ) ;
#6906 = CARTESIAN_POINT ( 'NONE',  ( -0.3930988155384208538, -0.5999999999999999778, 0.3858103371506220181 ) ) ;
#6907 = FILL_AREA_STYLE ('',( #4263 ) ) ;
#6908 = ORIENTED_EDGE ( 'NONE', *, *, #9013, .T. ) ;
#6909 = PRESENTATION_LAYER_ASSIGNMENT (  '', '', ( #8964 ) ) ;
#6910 = FILL_AREA_STYLE ('',( #3241 ) ) ;
#6911 = CARTESIAN_POINT ( 'NONE',  ( -0.2959646309960233257, -0.5999999999999999778, 0.4910130431234555615 ) ) ;
#6912 = EDGE_CURVE ( 'NONE', #8752, #3548, #4962, .T. ) ;
#6913 = PLANE ( 'NONE',  #7567 ) ;
#6914 =( NAMED_UNIT ( * ) PLANE_ANGLE_UNIT ( ) SI_UNIT ( $, .RADIAN. ) );
#6915 = CARTESIAN_POINT ( 'NONE',  ( -0.3706712372833775859, -0.6099999999999999867, 0.3975803967632247082 ) ) ;
#6916 = CARTESIAN_POINT ( 'NONE',  ( -0.3930988155384208538, -0.6099999999999999867, 0.3858103371506220181 ) ) ;
#6917 =( NAMED_UNIT ( * ) PLANE_ANGLE_UNIT ( ) SI_UNIT ( $, .RADIAN. ) );
#6918 = ORIENTED_EDGE ( 'NONE', *, *, #7009, .F. ) ;
#6919 = AXIS2_PLACEMENT_3D ( 'NONE', #1965, #7438, #9938 ) ;
#6920 = CARTESIAN_POINT ( 'NONE',  ( -0.3356729858201081829, -0.6099999999999999867, 0.4549750337439453785 ) ) ;
#6921 = FILL_AREA_STYLE_COLOUR ( '', #5870 ) ;
#6922 = PRESENTATION_LAYER_ASSIGNMENT (  '', '', ( #780 ) ) ;
#6923 = ORIENTED_EDGE ( 'NONE', *, *, #10742, .T. ) ;
#6924 = SURFACE_STYLE_FILL_AREA ( #2237 ) ;
#6925 = EDGE_CURVE ( 'NONE', #3298, #5673, #6754, .T. ) ;
#6926 = CARTESIAN_POINT ( 'NONE',  ( -0.3198478703337772067, -0.6099999999999999867, 0.4560355868184891026 ) ) ;
#6927 =( GEOMETRIC_REPRESENTATION_CONTEXT ( 3 ) GLOBAL_UNCERTAINTY_ASSIGNED_CONTEXT ( ( #1528 ) ) GLOBAL_UNIT_ASSIGNED_CONTEXT ( ( #4087, #1429, #4994 ) ) REPRESENTATION_CONTEXT ( 'NONE', 'WORKASPACE' ) );
#6928 = VERTEX_POINT ( 'NONE', #11191 ) ;
#6929 =( GEOMETRIC_REPRESENTATION_CONTEXT ( 3 ) GLOBAL_UNCERTAINTY_ASSIGNED_CONTEXT ( ( #8133 ) ) GLOBAL_UNIT_ASSIGNED_CONTEXT ( ( #11193, #4965, #8531 ) ) REPRESENTATION_CONTEXT ( 'NONE', 'WORKASPACE' ) );
#6930 = CARTESIAN_POINT ( 'NONE',  ( -0.4328487606792498221, -0.6099999999999999867, 0.4549750337439453785 ) ) ;
#6931 = DIRECTION ( 'NONE',  ( -1.000000000000000000, 0.0000000000000000000, 0.0000000000000000000 ) ) ;
#6932 = ORIENTED_EDGE ( 'NONE', *, *, #7427, .T. ) ;
#6933 = CARTESIAN_POINT ( 'NONE',  ( -0.6999999999999999556, -0.5999999999999999778, 0.0000000000000000000 ) ) ;
#6934 = CARTESIAN_POINT ( 'NONE',  ( -0.3906345892767862371, -0.5999999999999999778, 0.4869579872497272754 ) ) ;
#6935 = DIRECTION ( 'NONE',  ( -1.000000000000000000, -0.0000000000000000000, -0.0000000000000000000 ) ) ;
#6936 = CARTESIAN_POINT ( 'NONE',  ( -0.4162230315972971773, -0.5999999999999999778, 0.3858103371506220181 ) ) ;
#6937 = SURFACE_STYLE_USAGE ( .BOTH. , #6806 ) ;
#6938 = AXIS2_PLACEMENT_3D ( 'NONE', #3465, #4418, #2557 ) ;
#6939 = SURFACE_STYLE_USAGE ( .BOTH. , #10267 ) ;
#6940 = FILL_AREA_STYLE_COLOUR ( '', #6540 ) ;
#6941 = EDGE_LOOP ( 'NONE', ( #10885, #1659, #187, #10966 ) ) ;
#6942 = CARTESIAN_POINT ( 'NONE',  ( -0.3880040017484512882, -0.6099999999999999867, 0.3858103371506220181 ) ) ;
#6943 = PLANE ( 'NONE',  #6127 ) ;
#6944 = LINE ( 'NONE', #1467, #4469 ) ;
#6945 = SURFACE_STYLE_FILL_AREA ( #2376 ) ;
#6946 = EDGE_LOOP ( 'NONE', ( #9974, #9797, #6778, #4916, #6203, #10528, #6923, #7852, #7895, #5053, #1569, #6511, #487, #7338, #5949, #1915, #8112, #5612, #3049, #2522, #10576 ) ) ;
#6947 = CARTESIAN_POINT ( 'NONE',  ( -0.3810688164466189964, -0.6099999999999999867, 0.4070213986434373377 ) ) ;
#6948 = CARTESIAN_POINT ( 'NONE',  ( -0.5772581006888517496, -0.5999999999999999778, 0.3665822422234592537 ) ) ;
#6949 = FILL_AREA_STYLE_COLOUR ( '', #1214 ) ;
#6951 = EDGE_CURVE ( 'NONE', #8946, #11310, #1613, .T. ) ;
#6950 = CARTESIAN_POINT ( 'NONE',  ( -0.3672816264763038574, -0.5999999999999999778, 0.4155266183989210771 ) ) ;
#6952 = EDGE_CURVE ( 'NONE', #1491, #1681, #10265, .T. ) ;
#6953 = ORIENTED_EDGE ( 'NONE', *, *, #8054, .F. ) ;
#6954 = CARTESIAN_POINT ( 'NONE',  ( -0.2697419363464489961, -0.6099999999999999867, 0.3974972161300142082 ) ) ;
#6955 = CARTESIAN_POINT ( 'NONE',  ( -0.2847352454998430260, -0.5999999999999999778, 0.3904476574573795822 ) ) ;
#6956 = VERTEX_POINT ( 'NONE', #3142 ) ;
#6957 = CARTESIAN_POINT ( 'NONE',  ( -0.2906410704644477039, -0.5999999999999999778, 0.3904476574573795822 ) ) ;
#6958 = DIRECTION ( 'NONE',  ( 1.000000000000000000, 0.0000000000000000000, 0.0000000000000000000 ) ) ;
#6959 = DIRECTION ( 'NONE',  ( -0.0000000000000000000, 1.000000000000000000, -0.0000000000000000000 ) ) ;
#6960 = ORIENTED_EDGE ( 'NONE', *, *, #6636, .F. ) ;
#6961 =( LENGTH_UNIT ( ) NAMED_UNIT ( * ) SI_UNIT ( .MILLI., .METRE. ) );
#6962 = AXIS2_PLACEMENT_3D ( 'NONE', #2349, #7787, #549 ) ;
#6963 = ORIENTED_EDGE ( 'NONE', *, *, #10138, .T. ) ;
#6964 = B_SPLINE_SURFACE_WITH_KNOTS ( 'NONE', 3, 1, ( 
 ( #3744, #985 ),
 ( #4653, #8285 ),
 ( #10202, #5750 ),
 ( #1940, #9336 ) ),
 .UNSPECIFIED., .F., .F., .F.,
 ( 4, 4 ),
 ( 2, 2 ),
 ( 6.000000000000000000, 7.000000000000000000 ),
 ( 0.0000000000000000000, 1.000000000000000000 ),
 .UNSPECIFIED. ) ;
#6965 =( NAMED_UNIT ( * ) SI_UNIT ( $, .STERADIAN. ) SOLID_ANGLE_UNIT ( ) );
#6966 = DIRECTION ( 'NONE',  ( -0.0000000000000000000, 1.000000000000000000, -0.0000000000000000000 ) ) ;
#6967 = UNCERTAINTY_MEASURE_WITH_UNIT (LENGTH_MEASURE( 1.000000000000000082E-05 ), #6465, 'distance_accuracy_value', 'NONE');
#6968 = DIRECTION ( 'NONE',  ( 0.3315284183504002002, -0.0000000000000000000, 0.9434452330824943944 ) ) ;
#6969 = CARTESIAN_POINT ( 'NONE',  ( -0.3192344131630175941, -0.6099999999999999867, 0.4761237097618521985 ) ) ;
#6970 =( NAMED_UNIT ( * ) PLANE_ANGLE_UNIT ( ) SI_UNIT ( $, .RADIAN. ) );
#6971 = VERTEX_POINT ( 'NONE', #8588 ) ;
#6972 = ORIENTED_EDGE ( 'NONE', *, *, #3594, .T. ) ;
#6973 = CARTESIAN_POINT ( 'NONE',  ( 0.2999999999999999889, 0.5999999999999999778, 0.0000000000000000000 ) ) ;
#6974 = ORIENTED_EDGE ( 'NONE', *, *, #9375, .F. ) ;
#6975 = STYLED_ITEM ( 'NONE', ( #6086 ), #7089 ) ;
#6976 = UNCERTAINTY_MEASURE_WITH_UNIT (LENGTH_MEASURE( 1.000000000000000082E-05 ), #6224, 'distance_accuracy_value', 'NONE');
#6977 = CARTESIAN_POINT ( 'NONE',  ( -0.5092967036718203389, -0.5999999999999999778, 0.3856692684621244038 ) ) ;
#6978 =( LENGTH_UNIT ( ) NAMED_UNIT ( * ) SI_UNIT ( .MILLI., .METRE. ) );
#6979 = ORIENTED_EDGE ( 'NONE', *, *, #6912, .T. ) ;
#6980 = STYLED_ITEM ( 'NONE', ( #5429 ), #10708 ) ;
#6981 = VERTEX_POINT ( 'NONE', #5810 ) ;
#6982 = FACE_OUTER_BOUND ( 'NONE', #10935, .T. ) ;
#6983 = LINE ( 'NONE', #8644, #6866 ) ;
#6984 = LINE ( 'NONE', #4285, #8569 ) ;
#6985 = PRESENTATION_STYLE_ASSIGNMENT (( #7100 ) ) ;
#6986 = CARTESIAN_POINT ( 'NONE',  ( -0.5298297281131594261, -0.5999999999999999778, 0.4035995005517841183 ) ) ;
#6987 = MECHANICAL_DESIGN_GEOMETRIC_PRESENTATION_REPRESENTATION (  '', ( #10157 ), #6426 ) ;
#6988 = CARTESIAN_POINT ( 'NONE',  ( -0.3902810715852254031, -0.6099999999999999867, 0.4916992833482745073 ) ) ;
#6989 = SURFACE_STYLE_USAGE ( .BOTH. , #3446 ) ;
#6990 = CARTESIAN_POINT ( 'NONE',  ( -0.4023422634144800947, -0.6099999999999999867, 0.4854607358502736059 ) ) ;
#6991 = EDGE_LOOP ( 'NONE', ( #3112, #3045, #2486, #5224 ) ) ;
#6992 = CARTESIAN_POINT ( 'NONE',  ( -0.4008138192774340913, -0.6099999999999999867, 0.3893039237493470806 ) ) ;
#6993 = CARTESIAN_POINT ( 'NONE',  ( -0.3625715231153492923, -0.6099999999999999867, 0.3889504060579250799 ) ) ;
#6994 = FILL_AREA_STYLE ('',( #573 ) ) ;
#6995 = PLANE ( 'NONE',  #4825 ) ;
#6996 = CARTESIAN_POINT ( 'NONE',  ( -0.5249133695267967914, -0.6099999999999999867, 0.4035995005517841183 ) ) ;
#6997 = CARTESIAN_POINT ( 'NONE',  ( -0.3930988155384208538, -0.5999999999999999778, 0.3976011919215282076 ) ) ;
#6998 = CARTESIAN_POINT ( 'NONE',  ( -0.6377003577995730144, -0.6099999999999999867, 0.4203729660719068839 ) ) ;
#6999 = PRESENTATION_STYLE_ASSIGNMENT (( #9860 ) ) ;
#7000 =( GEOMETRIC_REPRESENTATION_CONTEXT ( 3 ) GLOBAL_UNCERTAINTY_ASSIGNED_CONTEXT ( ( #5707 ) ) GLOBAL_UNIT_ASSIGNED_CONTEXT ( ( #1754, #11555, #1027 ) ) REPRESENTATION_CONTEXT ( 'NONE', 'WORKASPACE' ) );
#7001 = FILL_AREA_STYLE_COLOUR ( '', #11103 ) ;
#7002 = DIRECTION ( 'NONE',  ( -1.000000000000000000, 0.0000000000000000000, -0.0000000000000000000 ) ) ;
#7003 = EDGE_CURVE ( 'NONE', #7651, #2704, #10903, .T. ) ;
#7004 = PRESENTATION_LAYER_ASSIGNMENT (  '', '', ( #288 ) ) ;
#7005 =( GEOMETRIC_REPRESENTATION_CONTEXT ( 3 ) GLOBAL_UNCERTAINTY_ASSIGNED_CONTEXT ( ( #1108 ) ) GLOBAL_UNIT_ASSIGNED_CONTEXT ( ( #7045, #3614, #4458 ) ) REPRESENTATION_CONTEXT ( 'NONE', 'WORKASPACE' ) );
#7006 = AXIS2_PLACEMENT_3D ( 'NONE', #9182, #4857, #1958 ) ;
#7007 = FACE_OUTER_BOUND ( 'NONE', #8294, .T. ) ;
#7008 = ORIENTED_EDGE ( 'NONE', *, *, #1599, .F. ) ;
#7009 = EDGE_CURVE ( 'NONE', #10128, #6011, #4897, .T. ) ;
#7010 =( GEOMETRIC_REPRESENTATION_CONTEXT ( 3 ) GLOBAL_UNCERTAINTY_ASSIGNED_CONTEXT ( ( #3605 ) ) GLOBAL_UNIT_ASSIGNED_CONTEXT ( ( #10912, #6567, #9265 ) ) REPRESENTATION_CONTEXT ( 'NONE', 'WORKASPACE' ) );
#7011 = DIRECTION ( 'NONE',  ( -1.000000000000000000, 0.0000000000000000000, 0.0000000000000000000 ) ) ;
#7012 =( NAMED_UNIT ( * ) PLANE_ANGLE_UNIT ( ) SI_UNIT ( $, .RADIAN. ) );
#7013 = DIRECTION ( 'NONE',  ( -0.0000000000000000000, 1.000000000000000000, -0.0000000000000000000 ) ) ;
#7014 = ORIENTED_EDGE ( 'NONE', *, *, #10423, .F. ) ;
#7015 = CARTESIAN_POINT ( 'NONE',  ( -0.3545133992639263321, -0.5999999999999999778, 0.4549750337439453785 ) ) ;
#7016 =( NAMED_UNIT ( * ) PLANE_ANGLE_UNIT ( ) SI_UNIT ( $, .RADIAN. ) );
#7017 = VECTOR ( 'NONE', #9719, 1000.000000000000000 ) ;
#7018 = CARTESIAN_POINT ( 'NONE',  ( -0.3577782391210452273, -0.6099999999999999867, 0.3725430261382887687 ) ) ;
#7019 = COLOUR_RGB ( '',1.000000000000000000, 1.000000000000000000, 1.000000000000000000 ) ;
#7020 = VECTOR ( 'NONE', #5869, 1000.000000000000000 ) ;
#7021 = ORIENTED_EDGE ( 'NONE', *, *, #1644, .F. ) ;
#7022 = MECHANICAL_DESIGN_GEOMETRIC_PRESENTATION_REPRESENTATION (  '', ( #5491 ), #10376 ) ;
#7023 = CARTESIAN_POINT ( 'NONE',  ( -0.4171484161428734017, -0.5999999999999999778, 0.4264856668368887105 ) ) ;
#7024 = EDGE_CURVE ( 'NONE', #8033, #3588, #6155, .T. ) ;
#7025 = COLOUR_RGB ( '',1.000000000000000000, 0.5019607843137254832, 0.0000000000000000000 ) ;
#7026 = CARTESIAN_POINT ( 'NONE',  ( -0.4094750027203268861, -0.5999999999999999778, 0.4753334937455201414 ) ) ;
#7027 = FACE_OUTER_BOUND ( 'NONE', #4911, .T. ) ;
#7028 = ORIENTED_EDGE ( 'NONE', *, *, #4710, .F. ) ;
#7029 = SURFACE_STYLE_FILL_AREA ( #3428 ) ;
#7030 = PRESENTATION_LAYER_ASSIGNMENT (  '', '', ( #9076 ) ) ;
#7031 = MECHANICAL_DESIGN_GEOMETRIC_PRESENTATION_REPRESENTATION (  '', ( #10578 ), #10010 ) ;
#7032 = LINE ( 'NONE', #8010, #7017 ) ;
#7033 = CARTESIAN_POINT ( 'NONE',  ( -0.2627755583070236489, -0.6099999999999999867, 0.4066678809517380033 ) ) ;
#7034 = ORIENTED_EDGE ( 'NONE', *, *, #5563, .T. ) ;
#7035 = DIRECTION ( 'NONE',  ( -0.0000000000000000000, 1.000000000000000000, -0.0000000000000000000 ) ) ;
#7036 = STYLED_ITEM ( 'NONE', ( #7793 ), #9323 ) ;
#7037 =( NAMED_UNIT ( * ) PLANE_ANGLE_UNIT ( ) SI_UNIT ( $, .RADIAN. ) );
#7038 = VERTEX_POINT ( 'NONE', #9672 ) ;
#7039 = CARTESIAN_POINT ( 'NONE',  ( -0.6055994470256020890, -0.5999999999999999778, 0.4247109275837678832 ) ) ;
#7040 = VECTOR ( 'NONE', #2063, 1000.000000000000000 ) ;
#7041 = VERTEX_POINT ( 'NONE', #3376 ) ;
#7042 = CARTESIAN_POINT ( 'NONE',  ( -0.5254917555694292863, -0.5999999999999999778, 0.3856692684621244038 ) ) ;
#7043 = CARTESIAN_POINT ( 'NONE',  ( -0.3554387838093639451, -0.6099999999999999867, 0.4910130431234555615 ) ) ;
#7044 = CARTESIAN_POINT ( 'NONE',  ( -0.3254521655027147187, -0.6099999999999999867, 0.4264856668368887105 ) ) ;
#7045 =( LENGTH_UNIT ( ) NAMED_UNIT ( * ) SI_UNIT ( .MILLI., .METRE. ) );
#7046 = PRESENTATION_LAYER_ASSIGNMENT (  '', '', ( #3191 ) ) ;
#7047 = MECHANICAL_DESIGN_GEOMETRIC_PRESENTATION_REPRESENTATION (  '', ( #10032 ), #7970 ) ;
#7048 = MECHANICAL_DESIGN_GEOMETRIC_PRESENTATION_REPRESENTATION (  '', ( #9284 ), #2460 ) ;
#7049 = B_SPLINE_SURFACE_WITH_KNOTS ( 'NONE', 3, 1, ( 
 ( #10102, #9398 ),
 ( #3815, #4659 ),
 ( #6478, #2002 ),
 ( #6582, #10043 ) ),
 .UNSPECIFIED., .F., .F., .F.,
 ( 4, 4 ),
 ( 2, 2 ),
 ( 34.00000000000000000, 35.00000000000000000 ),
 ( 0.0000000000000000000, 1.000000000000000000 ),
 .UNSPECIFIED. ) ;
#7050 = CARTESIAN_POINT ( 'NONE',  ( -0.3447812651672007567, -0.5999999999999999778, 0.3906348138821028049 ) ) ;
#7051 = CARTESIAN_POINT ( 'NONE',  ( -0.4081441125875709397, -0.5999999999999999778, 0.4614839183001578915 ) ) ;
#7052 = FILL_AREA_STYLE ('',( #3391 ) ) ;
#7053 = EDGE_CURVE ( 'NONE', #9360, #6319, #8530, .T. ) ;
#7054 = ORIENTED_EDGE ( 'NONE', *, *, #3486, .F. ) ;
#7055 = PRESENTATION_LAYER_ASSIGNMENT (  '', '', ( #5538 ) ) ;
#7056 =( NAMED_UNIT ( * ) PLANE_ANGLE_UNIT ( ) SI_UNIT ( $, .RADIAN. ) );
#7057 = EDGE_CURVE ( 'NONE', #8400, #4848, #1089, .T. ) ;
#7058 = FACE_OUTER_BOUND ( 'NONE', #5663, .T. ) ;
#7059 =( NAMED_UNIT ( * ) PLANE_ANGLE_UNIT ( ) SI_UNIT ( $, .RADIAN. ) );
#7060 = DIRECTION ( 'NONE',  ( -0.0000000000000000000, 1.000000000000000000, -0.0000000000000000000 ) ) ;
#7061 = CARTESIAN_POINT ( 'NONE',  ( -0.3671464579470594680, -0.6099999999999999867, 0.3952513390305572027 ) ) ;
#7062 = CARTESIAN_POINT ( 'NONE',  ( -0.3930988155384208538, -0.5999999999999999778, 0.3903020913489827493 ) ) ;
#7063 = DIRECTION ( 'NONE',  ( -0.0000000000000000000, 1.000000000000000000, -0.0000000000000000000 ) ) ;
#7064 = B_SPLINE_SURFACE_WITH_KNOTS ( 'NONE', 3, 1, ( 
 ( #1057, #1849 ),
 ( #2932, #7260 ),
 ( #10068, #133 ),
 ( #2869, #5473 ) ),
 .UNSPECIFIED., .F., .F., .F.,
 ( 4, 4 ),
 ( 2, 2 ),
 ( 7.000000000000000000, 8.000000000000000000 ),
 ( 0.0000000000000000000, 1.000000000000000000 ),
 .UNSPECIFIED. ) ;
#7065 = VECTOR ( 'NONE', #2333, 1000.000000000000000 ) ;
#7066 = VECTOR ( 'NONE', #2052, 1000.000000000000000 ) ;
#7067 = FILL_AREA_STYLE_COLOUR ( '', #4694 ) ;
#7068 = PRESENTATION_LAYER_ASSIGNMENT (  '', '', ( #7248 ) ) ;
#7069 = SURFACE_STYLE_FILL_AREA ( #7825 ) ;
#7070 = ORIENTED_EDGE ( 'NONE', *, *, #10597, .F. ) ;
#7071 = UNCERTAINTY_MEASURE_WITH_UNIT (LENGTH_MEASURE( 1.000000000000000082E-05 ), #2616, 'distance_accuracy_value', 'NONE');
#7072 = EDGE_CURVE ( 'NONE', #9423, #9253, #4996, .T. ) ;
#7073 = FACE_OUTER_BOUND ( 'NONE', #10410, .T. ) ;
#7074 = SURFACE_STYLE_USAGE ( .BOTH. , #2395 ) ;
#7075 = DIRECTION ( 'NONE',  ( 1.000000000000000000, 0.0000000000000000000, 0.0000000000000000000 ) ) ;
#7076 = VERTEX_POINT ( 'NONE', #7629 ) ;
#7077 = CARTESIAN_POINT ( 'NONE',  ( -0.3697562503170909731, -0.5999999999999999778, 0.4155266183989210771 ) ) ;
#7078 = ORIENTED_EDGE ( 'NONE', *, *, #11726, .F. ) ;
#7079 = CARTESIAN_POINT ( 'NONE',  ( -0.5934531525864606971, -0.6099999999999999867, 0.4568118438734654063 ) ) ;
#7080 = CARTESIAN_POINT ( 'NONE',  ( -0.4048272848344182107, -0.5999999999999999778, 0.3976843725547389852 ) ) ;
#7081 = VERTEX_POINT ( 'NONE', #8562 ) ;
#7082 = UNCERTAINTY_MEASURE_WITH_UNIT (LENGTH_MEASURE( 1.000000000000000082E-05 ), #8467, 'distance_accuracy_value', 'NONE');
#7083 = PLANE ( 'NONE',  #11112 ) ;
#7084 = CARTESIAN_POINT ( 'NONE',  ( -0.5642442161535456968, -0.5999999999999999778, 0.3955019856348488960 ) ) ;
#7085 = ORIENTED_EDGE ( 'NONE', *, *, #3967, .T. ) ;
#7086 = EDGE_LOOP ( 'NONE', ( #9909, #9645, #9934, #6299 ) ) ;
#7087 = LINE ( 'NONE', #9832, #3743 ) ;
#7088 = CARTESIAN_POINT ( 'NONE',  ( -0.3941697661922550222, -0.5999999999999999778, 0.4916992833482745073 ) ) ;
#7089 = ADVANCED_FACE ( 'NONE', ( #5180 ), #3299, .F. ) ;
#7090 = EDGE_CURVE ( 'NONE', #4527, #10619, #8791, .T. ) ;
#7091 = ORIENTED_EDGE ( 'NONE', *, *, #11109, .F. ) ;
#7092 = CARTESIAN_POINT ( 'NONE',  ( -0.4094750027203268861, -0.6099999999999999867, 0.4702178847972480757 ) ) ;
#7093 = UNCERTAINTY_MEASURE_WITH_UNIT (LENGTH_MEASURE( 1.000000000000000082E-05 ), #79, 'distance_accuracy_value', 'NONE');
#7094 =( GEOMETRIC_REPRESENTATION_CONTEXT ( 3 ) GLOBAL_UNCERTAINTY_ASSIGNED_CONTEXT ( ( #5168 ) ) GLOBAL_UNIT_ASSIGNED_CONTEXT ( ( #8175, #2680, #4485 ) ) REPRESENTATION_CONTEXT ( 'NONE', 'WORKASPACE' ) );
#7095 = ORIENTED_EDGE ( 'NONE', *, *, #765, .F. ) ;
#7096 = CARTESIAN_POINT ( 'NONE',  ( -0.3415788107847114174, -0.5999999999999999778, 0.4549750337439453785 ) ) ;
#7097 = VERTEX_POINT ( 'NONE', #31 ) ;
#7098 = DIRECTION ( 'NONE',  ( -0.0000000000000000000, -0.0000000000000000000, 1.000000000000000000 ) ) ;
#7099 = PRESENTATION_LAYER_ASSIGNMENT (  '', '', ( #5976 ) ) ;
#7100 = SURFACE_STYLE_USAGE ( .BOTH. , #5134 ) ;
#7101 = DIRECTION ( 'NONE',  ( -0.3283461648125118870, 0.0000000000000000000, 0.9445574604294407761 ) ) ;
#7102 = ADVANCED_FACE ( 'NONE', ( #5425 ), #5951, .F. ) ;
#7103 = STYLED_ITEM ( 'NONE', ( #1986 ), #2280 ) ;
#7104 = SURFACE_SIDE_STYLE ('',( #863 ) ) ;
#7105 = ORIENTED_EDGE ( 'NONE', *, *, #10846, .T. ) ;
#7106 =( NAMED_UNIT ( * ) PLANE_ANGLE_UNIT ( ) SI_UNIT ( $, .RADIAN. ) );
#7107 = FACE_OUTER_BOUND ( 'NONE', #7221, .T. ) ;
#7108 = FILL_AREA_STYLE ('',( #4402 ) ) ;
#7109 = SURFACE_STYLE_USAGE ( .BOTH. , #574 ) ;
#7110 = STYLED_ITEM ( 'NONE', ( #5897 ), #802 ) ;
#7111 = CARTESIAN_POINT ( 'NONE',  ( -0.2689101300135118278, -0.5999999999999999778, 0.3915082105319228067 ) ) ;
#7112 = CARTESIAN_POINT ( 'NONE',  ( -0.5142130622581835286, -0.6099999999999999867, 0.4484251028395369598 ) ) ;
#7113 = MECHANICAL_DESIGN_GEOMETRIC_PRESENTATION_REPRESENTATION (  '', ( #8988 ), #6182 ) ;
#7114 = PRESENTATION_STYLE_ASSIGNMENT (( #5616 ) ) ;
#7115 = STYLED_ITEM ( 'NONE', ( #8730 ), #855 ) ;
#7116 = EDGE_CURVE ( 'NONE', #3082, #6129, #6209, .T. ) ;
#7117 = EDGE_CURVE ( 'NONE', #10701, #4005, #8132, .T. ) ;
#7118 = VECTOR ( 'NONE', #5921, 1000.000000000000000 ) ;
#7119 = FILL_AREA_STYLE_COLOUR ( '', #3036 ) ;
#7120 = SURFACE_STYLE_USAGE ( .BOTH. , #1757 ) ;
#7121 = SURFACE_STYLE_USAGE ( .BOTH. , #701 ) ;
#7122 = EDGE_LOOP ( 'NONE', ( #10592, #5753, #11695, #8699 ) ) ;
#7123 = CARTESIAN_POINT ( 'NONE',  ( -0.3554387838093639451, -0.6099999999999999867, 0.4910130431234555615 ) ) ;
#7124 = CARTESIAN_POINT ( 'NONE',  ( -0.3762339421357098201, -0.6099999999999999867, 0.3851240969258026281 ) ) ;
#7125 = CARTESIAN_POINT ( 'NONE',  ( -0.5254917555694292863, -0.6099999999999999867, 0.3856692684621244038 ) ) ;
#7126 = EDGE_LOOP ( 'NONE', ( #9116, #8731, #7054, #5690 ) ) ;
#7127 = LINE ( 'NONE', #11342, #6383 ) ;
#7128 =( NAMED_UNIT ( * ) PLANE_ANGLE_UNIT ( ) SI_UNIT ( $, .RADIAN. ) );
#7129 = ORIENTED_EDGE ( 'NONE', *, *, #3675, .F. ) ;
#7130 = DIRECTION ( 'NONE',  ( -1.000000000000000000, -0.0000000000000000000, -0.0000000000000000000 ) ) ;
#7131 = ORIENTED_EDGE ( 'NONE', *, *, #5524, .T. ) ;
#7132 = CARTESIAN_POINT ( 'NONE',  ( -0.5127670750876552885, -0.5999999999999999778, 0.4484251028395369598 ) ) ;
#7133 =( NAMED_UNIT ( * ) SI_UNIT ( $, .STERADIAN. ) SOLID_ANGLE_UNIT ( ) );
#7134 = ORIENTED_EDGE ( 'NONE', *, *, #9352, .T. ) ;
#7135 = CARTESIAN_POINT ( 'NONE',  ( -0.5338784855714885369, -0.6099999999999999867, 0.3946343845070930390 ) ) ;
#7136 = LINE ( 'NONE', #7483, #1653 ) ;
#7137 = ORIENTED_EDGE ( 'NONE', *, *, #3750, .T. ) ;
#7138 =( LENGTH_UNIT ( ) NAMED_UNIT ( * ) SI_UNIT ( .MILLI., .METRE. ) );
#7139 = FACE_OUTER_BOUND ( 'NONE', #9661, .T. ) ;
#7140 = ORIENTED_EDGE ( 'NONE', *, *, #11005, .F. ) ;
#7141 =( NAMED_UNIT ( * ) PLANE_ANGLE_UNIT ( ) SI_UNIT ( $, .RADIAN. ) );
#7142 = SURFACE_STYLE_USAGE ( .BOTH. , #5479 ) ;
#7143 =( NAMED_UNIT ( * ) PLANE_ANGLE_UNIT ( ) SI_UNIT ( $, .RADIAN. ) );
#7144 = FILL_AREA_STYLE_COLOUR ( '', #9404 ) ;
#7145 = CARTESIAN_POINT ( 'NONE',  ( -0.3667097596222881339, -0.5999999999999999778, 0.3932134135146798104 ) ) ;
#7146 = EDGE_CURVE ( 'NONE', #9007, #1735, #11314, .T. ) ;
#7147 = ADVANCED_FACE ( 'NONE', ( #11584 ), #5243, .F. ) ;
#7148 = LINE ( 'NONE', #6276, #11119 ) ;
#7149 = B_SPLINE_SURFACE_WITH_KNOTS ( 'NONE', 3, 1, ( 
 ( #2813, #969 ),
 ( #1974, #8505 ),
 ( #6676, #7325 ),
 ( #3844, #9316 ) ),
 .UNSPECIFIED., .F., .F., .F.,
 ( 4, 4 ),
 ( 2, 2 ),
 ( 26.00000000000000000, 27.00000000000000000 ),
 ( 0.0000000000000000000, 1.000000000000000000 ),
 .UNSPECIFIED. ) ;
#7150 =( LENGTH_UNIT ( ) NAMED_UNIT ( * ) SI_UNIT ( .MILLI., .METRE. ) );
#7151 = VERTEX_POINT ( 'NONE', #10714 ) ;
#7152 = DIRECTION ( 'NONE',  ( -0.3559357243698775819, -0.0000000000000000000, -0.9345104387417458858 ) ) ;
#7153 = CARTESIAN_POINT ( 'NONE',  ( -0.2697835266633317741, -0.6099999999999999867, 0.4154226426071312428 ) ) ;
#7154 = FILL_AREA_STYLE_COLOUR ( '', #551 ) ;
#7155 = COLOUR_RGB ( '',1.000000000000000000, 1.000000000000000000, 1.000000000000000000 ) ;
#7156 = CARTESIAN_POINT ( 'NONE',  ( -0.4113465669697827787, -0.6099999999999999867, 0.3935877263646810342 ) ) ;
#7157 = VECTOR ( 'NONE', #7477, 1000.000000000000000 ) ;
#7158 = SURFACE_STYLE_USAGE ( .BOTH. , #8150 ) ;
#7159 = ORIENTED_EDGE ( 'NONE', *, *, #102, .T. ) ;
#7160 = DIRECTION ( 'NONE',  ( 0.0000000000000000000, 0.0000000000000000000, -1.000000000000000000 ) ) ;
#7161 =( NAMED_UNIT ( * ) PLANE_ANGLE_UNIT ( ) SI_UNIT ( $, .RADIAN. ) );
#7162 = SURFACE_STYLE_FILL_AREA ( #3508 ) ;
#7163 = CARTESIAN_POINT ( 'NONE',  ( -0.4021343118311778153, -0.6099999999999999867, 0.3851240969258026281 ) ) ;
#7164 = CARTESIAN_POINT ( 'NONE',  ( -0.3305885696095670623, -0.6099999999999999867, 0.4863341325000935522 ) ) ;
#7165 = CARTESIAN_POINT ( 'NONE',  ( -0.3845312103078911137, -0.6099999999999999867, 0.4520221212616433726 ) ) ;
#7166 = CARTESIAN_POINT ( 'NONE',  ( -0.3810688164466189964, -0.5999999999999999778, 0.4095999982757371205 ) ) ;
#7167 = VECTOR ( 'NONE', #5023, 1000.000000000000000 ) ;
#7168 = COLOUR_RGB ( '',1.000000000000000000, 1.000000000000000000, 1.000000000000000000 ) ;
#7169 = DIRECTION ( 'NONE',  ( -1.000000000000000000, -0.0000000000000000000, -0.0000000000000000000 ) ) ;
#7170 = CARTESIAN_POINT ( 'NONE',  ( -0.3799770706344828275, -0.5999999999999999778, 0.4116587189501932920 ) ) ;
#7171 = ORIENTED_EDGE ( 'NONE', *, *, #8396, .T. ) ;
#7172 = UNCERTAINTY_MEASURE_WITH_UNIT (LENGTH_MEASURE( 1.000000000000000082E-05 ), #1366, 'distance_accuracy_value', 'NONE');
#7173 = CARTESIAN_POINT ( 'NONE',  ( -0.4113465669697827787, -0.6099999999999999867, 0.3990152626877707664 ) ) ;
#7174 = PRESENTATION_STYLE_ASSIGNMENT (( #10647 ) ) ;
#7175 = CARTESIAN_POINT ( 'NONE',  ( -0.3565929150965476135, -0.6099999999999999867, 0.4733163633876686927 ) ) ;
#7176 = VECTOR ( 'NONE', #6316, 1000.000000000000000 ) ;
#7177 = ADVANCED_FACE ( 'NONE', ( #5422 ), #10993, .T. ) ;
#7178 = CARTESIAN_POINT ( 'NONE',  ( -0.4085080278582838842, -0.6099999999999999867, 0.4078740001346763400 ) ) ;
#7179 = SURFACE_SIDE_STYLE ('',( #3 ) ) ;
#7180 = EDGE_LOOP ( 'NONE', ( #4161, #7632, #1385, #3543 ) ) ;
#7181 = FILL_AREA_STYLE ('',( #5522 ) ) ;
#7182 = COLOUR_RGB ( '',1.000000000000000000, 1.000000000000000000, 1.000000000000000000 ) ;
#7183 = ORIENTED_EDGE ( 'NONE', *, *, #6690, .T. ) ;
#7184 = CARTESIAN_POINT ( 'NONE',  ( -0.3557715063426226121, -0.5999999999999999778, 0.3721271229716806572 ) ) ;
#7185 = CARTESIAN_POINT ( 'NONE',  ( -0.3763899058231187089, -0.6099999999999999867, 0.4910130431234555615 ) ) ;
#7186 = ORIENTED_EDGE ( 'NONE', *, *, #4731, .T. ) ;
#7187 = VECTOR ( 'NONE', #9628, 1000.000000000000000 ) ;
#7188 = UNCERTAINTY_MEASURE_WITH_UNIT (LENGTH_MEASURE( 1.000000000000000082E-05 ), #10022, 'distance_accuracy_value', 'NONE');
#7189 =( LENGTH_UNIT ( ) NAMED_UNIT ( * ) SI_UNIT ( .MILLI., .METRE. ) );
#7190 = CARTESIAN_POINT ( 'NONE',  ( -0.4054823323217832676, -0.5999999999999999778, 0.4586141864510666077 ) ) ;
#7191 = CARTESIAN_POINT ( 'NONE',  ( -0.4054823323217832676, -0.5999999999999999778, 0.4586141864510666077 ) ) ;
#7192 = ADVANCED_FACE ( 'NONE', ( #10173 ), #2840, .F. ) ;
#7193 = B_SPLINE_CURVE_WITH_KNOTS ( 'NONE', 3,
 ( #1351, #1296, #4065, #7705 ),
 .UNSPECIFIED., .F., .F.,
 ( 4, 4 ),
 ( 13.00000000000000000, 14.00000000000000000 ),
 .UNSPECIFIED. ) ;
#7194 = EDGE_CURVE ( 'NONE', #8879, #4170, #1241, .T. ) ;
#7195 = AXIS2_PLACEMENT_3D ( 'NONE', #9025, #10726, #6219 ) ;
#7196 = ORIENTED_EDGE ( 'NONE', *, *, #774, .T. ) ;
#7197 = COLOUR_RGB ( '',1.000000000000000000, 1.000000000000000000, 1.000000000000000000 ) ;
#7198 =( NAMED_UNIT ( * ) SI_UNIT ( $, .STERADIAN. ) SOLID_ANGLE_UNIT ( ) );
#7199 = CARTESIAN_POINT ( 'NONE',  ( -0.2422715321973312741, -0.5999999999999999778, 0.4212868772551288665 ) ) ;
#7200 = COLOUR_RGB ( '',1.000000000000000000, 1.000000000000000000, 1.000000000000000000 ) ;
#7201 = ORIENTED_EDGE ( 'NONE', *, *, #3632, .F. ) ;
#7202 = STYLED_ITEM ( 'NONE', ( #1898 ), #8237 ) ;
#7203 = UNCERTAINTY_MEASURE_WITH_UNIT (LENGTH_MEASURE( 1.000000000000000082E-05 ), #9711, 'distance_accuracy_value', 'NONE');
#7204 = PRESENTATION_LAYER_ASSIGNMENT (  '', '', ( #5880 ) ) ;
#7205 = CARTESIAN_POINT ( 'NONE',  ( -0.3667097596222881339, -0.5999999999999999778, 0.3905932235654975826 ) ) ;
#7206 = EDGE_LOOP ( 'NONE', ( #2734, #3059, #6317, #259 ) ) ;
#7207 = ADVANCED_FACE ( 'NONE', ( #11167 ), #10121, .F. ) ;
#7208 = CARTESIAN_POINT ( 'NONE',  ( -0.4166493323429174556, -0.6099999999999999867, 0.4503377134371886470 ) ) ;
#7209 = FILL_AREA_STYLE ('',( #4632 ) ) ;
#7210 = ORIENTED_EDGE ( 'NONE', *, *, #2282, .F. ) ;
#7211 = LINE ( 'NONE', #741, #10904 ) ;
#7212 = COLOUR_RGB ( '',1.000000000000000000, 1.000000000000000000, 1.000000000000000000 ) ;
#7213 = LINE ( 'NONE', #10784, #725 ) ;
#7214 = SURFACE_SIDE_STYLE ('',( #1738 ) ) ;
#7215 = DIRECTION ( 'NONE',  ( -0.3416038306902429156, 0.0000000000000000000, 0.9398440417738209707 ) ) ;
#7216 = ORIENTED_EDGE ( 'NONE', *, *, #7501, .T. ) ;
#7217 =( LENGTH_UNIT ( ) NAMED_UNIT ( * ) SI_UNIT ( .MILLI., .METRE. ) );
#7218 = PRESENTATION_LAYER_ASSIGNMENT (  '', '', ( #3957 ) ) ;
#7219 = PRESENTATION_STYLE_ASSIGNMENT (( #4460 ) ) ;
#7220 = CARTESIAN_POINT ( 'NONE',  ( -0.4052015976842822109, -0.6099999999999999867, 0.4824454378930636000 ) ) ;
#7221 = EDGE_LOOP ( 'NONE', ( #6153, #4130, #7762, #9792 ) ) ;
#7222 = DIRECTION ( 'NONE',  ( 0.0000000000000000000, 0.0000000000000000000, 1.000000000000000000 ) ) ;
#7223 = CARTESIAN_POINT ( 'NONE',  ( -0.3198478703337772067, -0.5999999999999999778, 0.4856270971169719952 ) ) ;
#7224 = DIRECTION ( 'NONE',  ( 1.000000000000000000, -0.0000000000000000000, -0.0000000000000000000 ) ) ;
#7225 = LINE ( 'NONE', #8094, #3400 ) ;
#7226 = FACE_BOUND ( 'NONE', #624, .T. ) ;
#7227 = DIRECTION ( 'NONE',  ( 0.0000000000000000000, 0.0000000000000000000, 1.000000000000000000 ) ) ;
#7228 = CARTESIAN_POINT ( 'NONE',  ( -0.3778039765893612678, -0.5999999999999999778, 0.4132183558245551280 ) ) ;
#7229 = AXIS2_PLACEMENT_3D ( 'NONE', #1209, #3217, #1469 ) ;
#7230 = MECHANICAL_DESIGN_GEOMETRIC_PRESENTATION_REPRESENTATION (  '', ( #8148 ), #10212 ) ;
#7231 = MECHANICAL_DESIGN_GEOMETRIC_PRESENTATION_REPRESENTATION (  '', ( #10215 ), #9666 ) ;
#7232 = ADVANCED_FACE ( 'NONE', ( #10070 ), #10245, .F. ) ;
#7233 = EDGE_CURVE ( 'NONE', #4803, #913, #8620, .T. ) ;
#7234 =( LENGTH_UNIT ( ) NAMED_UNIT ( * ) SI_UNIT ( .MILLI., .METRE. ) );
#7235 = ORIENTED_EDGE ( 'NONE', *, *, #2999, .F. ) ;
#7236 =( LENGTH_UNIT ( ) NAMED_UNIT ( * ) SI_UNIT ( .MILLI., .METRE. ) );
#7237 = CARTESIAN_POINT ( 'NONE',  ( -0.3930988155384208538, -0.6099999999999999867, 0.4090177338427076204 ) ) ;
#7238 = PRESENTATION_STYLE_ASSIGNMENT (( #3580 ) ) ;
#7239 = VECTOR ( 'NONE', #6935, 1000.000000000000000 ) ;
#7240 = FILL_AREA_STYLE ('',( #1828 ) ) ;
#7241 =( LENGTH_UNIT ( ) NAMED_UNIT ( * ) SI_UNIT ( .MILLI., .METRE. ) );
#7242 = ORIENTED_EDGE ( 'NONE', *, *, #2325, .T. ) ;
#7243 = CARTESIAN_POINT ( 'NONE',  ( -0.3805905278051035512, -0.5999999999999999778, 0.4036941733111322206 ) ) ;
#7244 = SURFACE_SIDE_STYLE ('',( #6309 ) ) ;
#7245 = AXIS2_PLACEMENT_3D ( 'NONE', #342, #10983, #1887 ) ;
#7246 = VECTOR ( 'NONE', #2606, 1000.000000000000000 ) ;
#7247 = VERTEX_POINT ( 'NONE', #6850 ) ;
#7248 = STYLED_ITEM ( 'NONE', ( #9024 ), #6192 ) ;
#7249 = B_SPLINE_SURFACE_WITH_KNOTS ( 'NONE', 3, 1, ( 
 ( #9511, #5944 ),
 ( #399, #10272 ),
 ( #3928, #5818 ),
 ( #4122, #5872 ) ),
 .UNSPECIFIED., .F., .F., .F.,
 ( 4, 4 ),
 ( 2, 2 ),
 ( 18.00000000000000000, 19.00000000000000000 ),
 ( 0.0000000000000000000, 1.000000000000000000 ),
 .UNSPECIFIED. ) ;
#7250 = FILL_AREA_STYLE ('',( #4320 ) ) ;
#7251 = EDGE_LOOP ( 'NONE', ( #4852, #11481, #6788, #7991 ) ) ;
#7252 = DIRECTION ( 'NONE',  ( 1.000000000000000000, 0.0000000000000000000, -0.0000000000000000000 ) ) ;
#7253 = CARTESIAN_POINT ( 'NONE',  ( -0.4080505343750704950, -0.6099999999999999867, 0.4794093447772738159 ) ) ;
#7254 = CARTESIAN_POINT ( 'NONE',  ( -0.6437735132930798576, -0.6099999999999999867, 0.4001291401679580306 ) ) ;
#7255 = ORIENTED_EDGE ( 'NONE', *, *, #6768, .F. ) ;
#7256 = CARTESIAN_POINT ( 'NONE',  ( -0.2726428609329952235, -0.6099999999999999867, 0.3946898697558311464 ) ) ;
#7257 = CARTESIAN_POINT ( 'NONE',  ( -0.3235806012532589926, -0.5999999999999999778, 0.4592172460423974978 ) ) ;
#7258 = DIRECTION ( 'NONE',  ( -0.0000000000000000000, 1.000000000000000000, -0.0000000000000000000 ) ) ;
#7259 =( NAMED_UNIT ( * ) PLANE_ANGLE_UNIT ( ) SI_UNIT ( $, .RADIAN. ) );
#7260 = CARTESIAN_POINT ( 'NONE',  ( -0.3729379095409993128, -0.5999999999999999778, 0.4155266183989210771 ) ) ;
#7261 = ORIENTED_EDGE ( 'NONE', *, *, #7828, .T. ) ;
#7262 = EDGE_CURVE ( 'NONE', #11194, #8240, #3300, .T. ) ;
#7263 = ADVANCED_FACE ( 'NONE', ( #10418 ), #8678, .T. ) ;
#7264 = CARTESIAN_POINT ( 'NONE',  ( -0.4088511479705551066, -0.6099999999999999867, 0.3874115643415892429 ) ) ;
#7265 = CARTESIAN_POINT ( 'NONE',  ( -0.3236949746242013259, -0.6099999999999999867, 0.4825078233679716000 ) ) ;
#7266 = ORIENTED_EDGE ( 'NONE', *, *, #6308, .T. ) ;
#7267 = CARTESIAN_POINT ( 'NONE',  ( -0.3786669756598916026, -0.6099999999999999867, 0.4011571639954377710 ) ) ;
#7268 = DIRECTION ( 'NONE',  ( -0.0000000000000000000, 1.000000000000000000, -0.0000000000000000000 ) ) ;
#7269 = ORIENTED_EDGE ( 'NONE', *, *, #5668, .F. ) ;
#7270 = CARTESIAN_POINT ( 'NONE',  ( -0.5301189211345451735, -0.5999999999999999778, 0.3859584614833708738 ) ) ;
#7271 = CARTESIAN_POINT ( 'NONE',  ( -0.3810688164466189964, -0.6099999999999999867, 0.4052330150271922782 ) ) ;
#7272 = CARTESIAN_POINT ( 'NONE',  ( -0.3875049179486341200, -0.6099999999999999867, 0.4552453708021569345 ) ) ;
#7273 = EDGE_CURVE ( 'NONE', #4093, #10682, #3358, .T. ) ;
#7274 = COLOUR_RGB ( '',0.2509803921568627416, 0.2509803921568627416, 0.2509803921568627416 ) ;
#7275 = PRESENTATION_STYLE_ASSIGNMENT (( #44 ) ) ;
#7276 = PLANE ( 'NONE',  #497 ) ;
#7277 = CARTESIAN_POINT ( 'NONE',  ( -0.6087806143881820953, -0.6099999999999999867, 0.4611498053853264611 ) ) ;
#7278 = ORIENTED_EDGE ( 'NONE', *, *, #2061, .T. ) ;
#7279 = FILL_AREA_STYLE ('',( #925 ) ) ;
#7280 = CARTESIAN_POINT ( 'NONE',  ( -0.3680198545968793589, -0.6099999999999999867, 0.3959791695719803162 ) ) ;
#7281 = VERTEX_POINT ( 'NONE', #10530 ) ;
#7282 = B_SPLINE_CURVE_WITH_KNOTS ( 'NONE', 3,
 ( #2235, #1253, #8692, #6036 ),
 .UNSPECIFIED., .F., .F.,
 ( 4, 4 ),
 ( 2.000000000000000000, 3.000000000000000000 ),
 .UNSPECIFIED. ) ;
#7283 = FACE_OUTER_BOUND ( 'NONE', #6135, .T. ) ;
#7284 = CARTESIAN_POINT ( 'NONE',  ( -0.5405300243499036039, -0.5999999999999999778, 0.5019266281507344107 ) ) ;
#7285 =( NAMED_UNIT ( * ) PLANE_ANGLE_UNIT ( ) SI_UNIT ( $, .RADIAN. ) );
#7286 =( GEOMETRIC_REPRESENTATION_CONTEXT ( 3 ) GLOBAL_UNCERTAINTY_ASSIGNED_CONTEXT ( ( #11275 ) ) GLOBAL_UNIT_ASSIGNED_CONTEXT ( ( #4153, #6914, #10534 ) ) REPRESENTATION_CONTEXT ( 'NONE', 'WORKASPACE' ) );
#7287 = CARTESIAN_POINT ( 'NONE',  ( -0.6024182741471565405, -0.5999999999999999778, 0.4779232405677047990 ) ) ;
#7288 =( NAMED_UNIT ( * ) PLANE_ANGLE_UNIT ( ) SI_UNIT ( $, .RADIAN. ) );
#7289 = ORIENTED_EDGE ( 'NONE', *, *, #6142, .T. ) ;
#7290 = SURFACE_STYLE_FILL_AREA ( #9109 ) ;
#7291 =( LENGTH_UNIT ( ) NAMED_UNIT ( * ) SI_UNIT ( .MILLI., .METRE. ) );
#7292 = CARTESIAN_POINT ( 'NONE',  ( -0.5142130622581835286, -0.5999999999999999778, 0.4484251028395369598 ) ) ;
#7293 = B_SPLINE_CURVE_WITH_KNOTS ( 'NONE', 3,
 ( #4008, #5888, #7770, #9464 ),
 .UNSPECIFIED., .F., .F.,
 ( 4, 4 ),
 ( 3.000000000000000000, 4.000000000000000000 ),
 .UNSPECIFIED. ) ;
#7294 = CARTESIAN_POINT ( 'NONE',  ( -0.3732186441783614250, -0.6099999999999999867, 0.3851240969258026281 ) ) ;
#7295 = PRESENTATION_LAYER_ASSIGNMENT (  '', '', ( #6361 ) ) ;
#7296 = EDGE_CURVE ( 'NONE', #4398, #7603, #6143, .T. ) ;
#7297 = PRESENTATION_STYLE_ASSIGNMENT (( #1652 ) ) ;
#7298 = EDGE_CURVE ( 'NONE', #5069, #9356, #8848, .T. ) ;
#7299 = PLANE ( 'NONE',  #8873 ) ;
#7300 = ORIENTED_EDGE ( 'NONE', *, *, #2533, .T. ) ;
#7301 = SURFACE_STYLE_USAGE ( .BOTH. , #5346 ) ;
#7302 = CARTESIAN_POINT ( 'NONE',  ( -0.3930988155384208538, -0.6099999999999999867, 0.3858103371506220181 ) ) ;
#7303 = VECTOR ( 'NONE', #1098, 1000.000000000000000 ) ;
#7304 = VERTEX_POINT ( 'NONE', #543 ) ;
#7305 = B_SPLINE_CURVE_WITH_KNOTS ( 'NONE', 3,
 ( #693, #11553, #3336, #7112 ),
 .UNSPECIFIED., .F., .F.,
 ( 4, 4 ),
 ( 21.00000000000000000, 22.00000000000000000 ),
 .UNSPECIFIED. ) ;
#7306 = CARTESIAN_POINT ( 'NONE',  ( -0.4057214766425416563, -0.6099999999999999867, 0.3968109759051963170 ) ) ;
#7307 =( NAMED_UNIT ( * ) PLANE_ANGLE_UNIT ( ) SI_UNIT ( $, .RADIAN. ) );
#7308 = ORIENTED_EDGE ( 'NONE', *, *, #8957, .F. ) ;
#7309 = UNCERTAINTY_MEASURE_WITH_UNIT (LENGTH_MEASURE( 1.000000000000000082E-05 ), #2657, 'distance_accuracy_value', 'NONE');
#7310 = SURFACE_STYLE_FILL_AREA ( #10819 ) ;
#7311 = FILL_AREA_STYLE_COLOUR ( '', #1921 ) ;
#7312 =( NAMED_UNIT ( * ) SI_UNIT ( $, .STERADIAN. ) SOLID_ANGLE_UNIT ( ) );
#7313 = COLOUR_RGB ( '',1.000000000000000000, 1.000000000000000000, 1.000000000000000000 ) ;
#7314 = CARTESIAN_POINT ( 'NONE',  ( -0.3778039765893612678, -0.5999999999999999778, 0.4132183558245551280 ) ) ;
#7315 = CARTESIAN_POINT ( 'NONE',  ( -0.5677145820533771037, -0.6099999999999999867, 0.5019266281507344107 ) ) ;
#7316 = CARTESIAN_POINT ( 'NONE',  ( -0.3235806012532589926, -0.6099999999999999867, 0.4592172460423974978 ) ) ;
#7317 = EDGE_LOOP ( 'NONE', ( #4841, #8274, #8182, #3903 ) ) ;
#7318 = CARTESIAN_POINT ( 'NONE',  ( -0.2844961011790859695, -0.6099999999999999867, 0.4218067562135270343 ) ) ;
#7319 = DIRECTION ( 'NONE',  ( -0.0000000000000000000, -0.0000000000000000000, -1.000000000000000000 ) ) ;
#7320 = VERTEX_POINT ( 'NONE', #4210 ) ;
#7321 = UNCERTAINTY_MEASURE_WITH_UNIT (LENGTH_MEASURE( 1.000000000000000082E-05 ), #4613, 'distance_accuracy_value', 'NONE');
#7322 = CARTESIAN_POINT ( 'NONE',  ( -0.3254521655027147187, -0.6099999999999999867, 0.3858103371506220181 ) ) ;
#7323 = ORIENTED_EDGE ( 'NONE', *, *, #3775, .T. ) ;
#7324 =( LENGTH_UNIT ( ) NAMED_UNIT ( * ) SI_UNIT ( .MILLI., .METRE. ) );
#7325 = CARTESIAN_POINT ( 'NONE',  ( -0.5243349834841637414, -0.5999999999999999778, 0.4035995005517841183 ) ) ;
#7326 = SURFACE_SIDE_STYLE ('',( #9083 ) ) ;
#7327 = VERTEX_POINT ( 'NONE', #1838 ) ;
#7328 = SURFACE_SIDE_STYLE ('',( #2815 ) ) ;
#7329 = EDGE_CURVE ( 'NONE', #10450, #9728, #4490, .T. ) ;
#7330 = DIRECTION ( 'NONE',  ( -1.000000000000000000, 0.0000000000000000000, 0.0000000000000000000 ) ) ;
#7331 = ADVANCED_FACE ( 'NONE', ( #11683 ), #7945, .F. ) ;
#7332 = DIRECTION ( 'NONE',  ( -1.000000000000000000, -0.0000000000000000000, -0.0000000000000000000 ) ) ;
#7333 = MECHANICAL_DESIGN_GEOMETRIC_PRESENTATION_REPRESENTATION (  '', ( #7885 ), #3878 ) ;
#7334 = CARTESIAN_POINT ( 'NONE',  ( -0.3747054979988023726, -0.5999999999999999778, 0.4047755215442560006 ) ) ;
#7335 = CARTESIAN_POINT ( 'NONE',  ( -0.2689101300135118278, -0.6099999999999999867, 0.3915082105319228067 ) ) ;
#7336 = CARTESIAN_POINT ( 'NONE',  ( -0.4051912001051313772, -0.6099999999999999867, 0.4897029481490029479 ) ) ;
#7337 = LINE ( 'NONE', #2772, #529 ) ;
#7338 = ORIENTED_EDGE ( 'NONE', *, *, #1028, .T. ) ;
#7339 = CARTESIAN_POINT ( 'NONE',  ( -0.5946099467357415236, -0.6099999999999999867, 0.4871775579076498830 ) ) ;
#7340 = CARTESIAN_POINT ( 'NONE',  ( -0.6206377185640783445, -0.6099999999999999867, 0.3862476655369023737 ) ) ;
#7341 = VERTEX_POINT ( 'NONE', #5531 ) ;
#7342 =( NAMED_UNIT ( * ) SI_UNIT ( $, .STERADIAN. ) SOLID_ANGLE_UNIT ( ) );
#7343 = MECHANICAL_DESIGN_GEOMETRIC_PRESENTATION_REPRESENTATION (  '', ( #10890 ), #636 ) ;
#7344 = EDGE_CURVE ( 'NONE', #8903, #9360, #6427, .T. ) ;
#7345 = CARTESIAN_POINT ( 'NONE',  ( -0.3631849802859700160, -0.5999999999999999778, 0.3985161788879533762 ) ) ;
#7346 = EDGE_CURVE ( 'NONE', #6189, #6141, #8906, .T. ) ;
#7347 = B_SPLINE_CURVE_WITH_KNOTS ( 'NONE', 3,
 ( #3467, #4362, #819, #7995 ),
 .UNSPECIFIED., .F., .F.,
 ( 4, 4 ),
 ( 4.000000000000000000, 5.000000000000000000 ),
 .UNSPECIFIED. ) ;
#7348 = B_SPLINE_SURFACE_WITH_KNOTS ( 'NONE', 3, 1, ( 
 ( #5433, #7334 ),
 ( #4576, #5379 ),
 ( #2590, #5319 ),
 ( #3503, #2770 ) ),
 .UNSPECIFIED., .F., .F., .F.,
 ( 4, 4 ),
 ( 2, 2 ),
 ( 13.00000000000000000, 14.00000000000000000 ),
 ( 0.0000000000000000000, 1.000000000000000000 ),
 .UNSPECIFIED. ) ;
#7349 = PRESENTATION_STYLE_ASSIGNMENT (( #4590 ) ) ;
#7350 = CARTESIAN_POINT ( 'NONE',  ( -0.3045010434889612871, -0.6099999999999999867, 0.4218067562135269788 ) ) ;
#7351 = CARTESIAN_POINT ( 'NONE',  ( -0.5142130622581835286, -0.6099999999999999867, 0.4484251028395369598 ) ) ;
#7352 = CARTESIAN_POINT ( 'NONE',  ( -0.3915079859264672391, -0.5999999999999999778, 0.4155266183989210771 ) ) ;
#7353 = ORIENTED_EDGE ( 'NONE', *, *, #1983, .T. ) ;
#7354 = CARTESIAN_POINT ( 'NONE',  ( -0.2297216541472700546, -0.5999999999999999778, 0.3858103371506220181 ) ) ;
#7355 = PLANE ( 'NONE',  #9942 ) ;
#7356 = FILL_AREA_STYLE ('',( #9279 ) ) ;
#7357 = SURFACE_SIDE_STYLE ('',( #3694 ) ) ;
#7358 = EDGE_CURVE ( 'NONE', #9759, #6928, #10700, .T. ) ;
#7359 = VECTOR ( 'NONE', #389, 1000.000000000000000 ) ;
#7360 = PRESENTATION_STYLE_ASSIGNMENT (( #8949 ) ) ;
#7361 = VERTEX_POINT ( 'NONE', #653 ) ;
#7362 = FACE_OUTER_BOUND ( 'NONE', #7789, .T. ) ;
#7363 = CARTESIAN_POINT ( 'NONE',  ( -0.4113465669697827787, -0.5999999999999999778, 0.3935877263646810342 ) ) ;
#7364 = VERTEX_POINT ( 'NONE', #3421 ) ;
#7365 = VECTOR ( 'NONE', #10930, 1000.000000000000000 ) ;
#7366 = LINE ( 'NONE', #5530, #8365 ) ;
#7367 = PLANE ( 'NONE',  #5665 ) ;
#7368 = ORIENTED_EDGE ( 'NONE', *, *, #589, .T. ) ;
#7369 = DIRECTION ( 'NONE',  ( -0.3385350342956569003, 0.0000000000000000000, -0.9409537876827099856 ) ) ;
#7370 = PLANE ( 'NONE',  #9103 ) ;
#7371 = DIRECTION ( 'NONE',  ( -0.0000000000000000000, 1.000000000000000000, -0.0000000000000000000 ) ) ;
#7372 = ORIENTED_EDGE ( 'NONE', *, *, #2885, .T. ) ;
#7373 = PLANE ( 'NONE',  #9189 ) ;
#7374 =( GEOMETRIC_REPRESENTATION_CONTEXT ( 3 ) GLOBAL_UNCERTAINTY_ASSIGNED_CONTEXT ( ( #9130 ) ) GLOBAL_UNIT_ASSIGNED_CONTEXT ( ( #9039, #5506, #4587 ) ) REPRESENTATION_CONTEXT ( 'NONE', 'WORKASPACE' ) );
#7375 = CARTESIAN_POINT ( 'NONE',  ( -0.3880040017484512882, -0.6099999999999999867, 0.4045051844857675549 ) ) ;
#7376 = CARTESIAN_POINT ( 'NONE',  ( -0.4328487606792498221, -0.6099999999999999867, 0.4549750337439453785 ) ) ;
#7377 = VECTOR ( 'NONE', #1515, 1000.000000000000000 ) ;
#7378 =( GEOMETRIC_REPRESENTATION_CONTEXT ( 3 ) GLOBAL_UNCERTAINTY_ASSIGNED_CONTEXT ( ( #6039 ) ) GLOBAL_UNIT_ASSIGNED_CONTEXT ( ( #7291, #938, #4595 ) ) REPRESENTATION_CONTEXT ( 'NONE', 'WORKASPACE' ) );
#7379 = VERTEX_POINT ( 'NONE', #7080 ) ;
#7380 = EDGE_CURVE ( 'NONE', #8631, #9174, #6711, .T. ) ;
#7381 = AXIS2_PLACEMENT_3D ( 'NONE', #6522, #7510, #2126 ) ;
#7382 = MECHANICAL_DESIGN_GEOMETRIC_PRESENTATION_REPRESENTATION (  '', ( #1811 ), #2420 ) ;
#7383 = CARTESIAN_POINT ( 'NONE',  ( -0.3723140547912258680, -0.5999999999999999778, 0.4032782701445257745 ) ) ;
#7384 = LINE ( 'NONE', #909, #524 ) ;
#7385 = STYLED_ITEM ( 'NONE', ( #1544 ), #8081 ) ;
#7386 = ORIENTED_EDGE ( 'NONE', *, *, #9871, .F. ) ;
#7387 = DIRECTION ( 'NONE',  ( 0.0000000000000000000, -1.000000000000000000, 0.0000000000000000000 ) ) ;
#7388 = ORIENTED_EDGE ( 'NONE', *, *, #8527, .F. ) ;
#7389 = CARTESIAN_POINT ( 'NONE',  ( -0.3665122056181349675, -0.6099999999999999867, 0.4010739833619496597 ) ) ;
#7390 = MECHANICAL_DESIGN_GEOMETRIC_PRESENTATION_REPRESENTATION (  '', ( #2013 ), #8707 ) ;
#7391 = PRESENTATION_STYLE_ASSIGNMENT (( #9088 ) ) ;
#7392 =( NAMED_UNIT ( * ) SI_UNIT ( $, .STERADIAN. ) SOLID_ANGLE_UNIT ( ) );
#7393 = CARTESIAN_POINT ( 'NONE',  ( -0.2627755583070236489, -0.5999999999999999778, 0.4066678809517380033 ) ) ;
#7394 = MECHANICAL_DESIGN_GEOMETRIC_PRESENTATION_REPRESENTATION (  '', ( #6827 ), #8719 ) ;
#7395 = PRESENTATION_LAYER_ASSIGNMENT (  '', '', ( #691 ) ) ;
#7396 = EDGE_CURVE ( 'NONE', #10581, #848, #5723, .T. ) ;
#7397 = PRESENTATION_LAYER_ASSIGNMENT (  '', '', ( #10578 ) ) ;
#7398 = CARTESIAN_POINT ( 'NONE',  ( -0.3614797773032129569, -0.5999999999999999778, 0.3910507170487094175 ) ) ;
#7399 = CARTESIAN_POINT ( 'NONE',  ( -0.3687164924007109712, -0.6099999999999999867, 0.3892831285910451911 ) ) ;
#7400 = CARTESIAN_POINT ( 'NONE',  ( -0.5934531581024645730, -0.6099999999999999867, 0.3839340662063335796 ) ) ;
#7401 = VECTOR ( 'NONE', #2608, 1000.000000000000000 ) ;
#7402 = ORIENTED_EDGE ( 'NONE', *, *, #9769, .T. ) ;
#7403 =( NAMED_UNIT ( * ) PLANE_ANGLE_UNIT ( ) SI_UNIT ( $, .RADIAN. ) );
#7404 = FILL_AREA_STYLE_COLOUR ( '', #10370 ) ;
#7405 = DIRECTION ( 'NONE',  ( 0.3667976789509234670, -0.0000000000000000000, 0.9303007377811840506 ) ) ;
#7406 = CARTESIAN_POINT ( 'NONE',  ( -0.5338784855714885369, -0.6099999999999999867, 0.3946343845070930390 ) ) ;
#7407 = VECTOR ( 'NONE', #8672, 999.9999999999998863 ) ;
#7408 = EDGE_CURVE ( 'NONE', #2941, #7097, #4404, .T. ) ;
#7409 = ADVANCED_FACE ( 'NONE', ( #4373 ), #10337, .F. ) ;
#7410 = PLANE ( 'NONE',  #1395 ) ;
#7411 = CARTESIAN_POINT ( 'NONE',  ( -0.2906410704644477039, -0.6099999999999999867, 0.4218067562135269788 ) ) ;
#7412 = CARTESIAN_POINT ( 'NONE',  ( -0.6377003577995730144, -0.5999999999999999778, 0.4481359208502976865 ) ) ;
#7413 = ORIENTED_EDGE ( 'NONE', *, *, #9479, .T. ) ;
#7414 = VECTOR ( 'NONE', #3252, 1000.000000000000227 ) ;
#7415 = LINE ( 'NONE', #9278, #11522 ) ;
#7416 = CARTESIAN_POINT ( 'NONE',  ( -0.4021343118311778153, -0.5999999999999999778, 0.3851240969258026281 ) ) ;
#7417 =( NAMED_UNIT ( * ) PLANE_ANGLE_UNIT ( ) SI_UNIT ( $, .RADIAN. ) );
#7418 = CARTESIAN_POINT ( 'NONE',  ( -0.6203485117526829073, -0.6099999999999999867, 0.4056238958291003005 ) ) ;
#7419 = STYLED_ITEM ( 'NONE', ( #2955 ), #4501 ) ;
#7420 = VECTOR ( 'NONE', #3914, 1000.000000000000000 ) ;
#7421 = LINE ( 'NONE', #4663, #9788 ) ;
#7422 = ORIENTED_EDGE ( 'NONE', *, *, #5486, .T. ) ;
#7423 = VECTOR ( 'NONE', #998, 1000.000000000000000 ) ;
#7424 = DIRECTION ( 'NONE',  ( -0.0000000000000000000, 1.000000000000000000, -0.0000000000000000000 ) ) ;
#7425 = FILL_AREA_STYLE ('',( #10107 ) ) ;
#7426 = VERTEX_POINT ( 'NONE', #8243 ) ;
#7427 = EDGE_CURVE ( 'NONE', #1230, #2219, #11095, .T. ) ;
#7428 = VERTEX_POINT ( 'NONE', #10938 ) ;
#7429 = UNCERTAINTY_MEASURE_WITH_UNIT (LENGTH_MEASURE( 1.000000000000000082E-05 ), #7931, 'distance_accuracy_value', 'NONE');
#7430 = FILL_AREA_STYLE ('',( #10289 ) ) ;
#7431 =( LENGTH_UNIT ( ) NAMED_UNIT ( * ) SI_UNIT ( .MILLI., .METRE. ) );
#7432 = VECTOR ( 'NONE', #2925, 1000.000000000000000 ) ;
#7433 = ORIENTED_EDGE ( 'NONE', *, *, #11612, .T. ) ;
#7434 = FILL_AREA_STYLE_COLOUR ( '', #11041 ) ;
#7435 = FILL_AREA_STYLE ('',( #11163 ) ) ;
#7436 = MECHANICAL_DESIGN_GEOMETRIC_PRESENTATION_REPRESENTATION (  '', ( #1094 ), #4960 ) ;
#7437 = FACE_OUTER_BOUND ( 'NONE', #5819, .T. ) ;
#7438 = DIRECTION ( 'NONE',  ( 0.0000000000000000000, -1.000000000000000000, 0.0000000000000000000 ) ) ;
#7439 = VECTOR ( 'NONE', #3962, 1000.000000000000000 ) ;
#7440 = EDGE_LOOP ( 'NONE', ( #4808, #3022, #4942, #10375 ) ) ;
#7441 = UNCERTAINTY_MEASURE_WITH_UNIT (LENGTH_MEASURE( 1.000000000000000082E-05 ), #3958, 'distance_accuracy_value', 'NONE');
#7442 = CARTESIAN_POINT ( 'NONE',  ( -0.5000423835737352052, -0.6099999999999999867, 0.4640417631786479813 ) ) ;
#7443 =( NAMED_UNIT ( * ) PLANE_ANGLE_UNIT ( ) SI_UNIT ( $, .RADIAN. ) );
#7444 =( LENGTH_UNIT ( ) NAMED_UNIT ( * ) SI_UNIT ( .MILLI., .METRE. ) );
#7445 = ORIENTED_EDGE ( 'NONE', *, *, #8054, .T. ) ;
#7446 = B_SPLINE_SURFACE_WITH_KNOTS ( 'NONE', 3, 1, ( 
 ( #4417, #9221 ),
 ( #3035, #4727 ),
 ( #5817, #8471 ),
 ( #2000, #2846 ) ),
 .UNSPECIFIED., .F., .F., .F.,
 ( 4, 4 ),
 ( 2, 2 ),
 ( 5.000000000000000000, 6.000000000000000000 ),
 ( 0.0000000000000000000, 1.000000000000000000 ),
 .UNSPECIFIED. ) ;
#7447 = VERTEX_POINT ( 'NONE', #10159 ) ;
#7448 = DIRECTION ( 'NONE',  ( -0.0000000000000000000, 1.000000000000000000, -0.0000000000000000000 ) ) ;
#7449 = ADVANCED_FACE ( 'NONE', ( #9179 ), #1103, .F. ) ;
#7450 = EDGE_CURVE ( 'NONE', #2072, #8850, #5701, .T. ) ;
#7451 = DIRECTION ( 'NONE',  ( 1.000000000000000000, -0.0000000000000000000, -0.0000000000000000000 ) ) ;
#7452 = SURFACE_STYLE_USAGE ( .BOTH. , #3672 ) ;
#7453 = CARTESIAN_POINT ( 'NONE',  ( -0.3711391283457417534, -0.6099999999999999867, 0.4686582479226092945 ) ) ;
#7454 =( NAMED_UNIT ( * ) SI_UNIT ( $, .STERADIAN. ) SOLID_ANGLE_UNIT ( ) );
#7455 = ORIENTED_EDGE ( 'NONE', *, *, #61, .T. ) ;
#7456 =( NAMED_UNIT ( * ) PLANE_ANGLE_UNIT ( ) SI_UNIT ( $, .RADIAN. ) );
#7457 = CARTESIAN_POINT ( 'NONE',  ( -0.6024182741471565405, -0.6099999999999999867, 0.4779232405677047990 ) ) ;
#7458 = CARTESIAN_POINT ( 'NONE',  ( -0.3778039765893612678, -0.5999999999999999778, 0.4132183558245551280 ) ) ;
#7459 = STYLED_ITEM ( 'NONE', ( #2682 ), #900 ) ;
#7460 = B_SPLINE_CURVE_WITH_KNOTS ( 'NONE', 3,
 ( #7228, #4407, #7166, #10801 ),
 .UNSPECIFIED., .F., .F.,
 ( 4, 4 ),
 ( 6.000000000000000000, 7.000000000000000000 ),
 .UNSPECIFIED. ) ;
#7461 = CARTESIAN_POINT ( 'NONE',  ( -0.2847352454998430260, -0.6099999999999999867, 0.3904476574573795822 ) ) ;
#7462 = FILL_AREA_STYLE_COLOUR ( '', #5737 ) ;
#7463 = CARTESIAN_POINT ( 'NONE',  ( -0.4094750027203268861, -0.6099999999999999867, 0.4702178847972480757 ) ) ;
#7464 = CARTESIAN_POINT ( 'NONE',  ( -0.3000820723446587235, -0.6099999999999999867, 0.4660588531320066785 ) ) ;
#7465 = ORIENTED_EDGE ( 'NONE', *, *, #3919, .T. ) ;
#7466 = DIRECTION ( 'NONE',  ( 0.0000000000000000000, -1.000000000000000000, 0.0000000000000000000 ) ) ;
#7467 =( GEOMETRIC_REPRESENTATION_CONTEXT ( 3 ) GLOBAL_UNCERTAINTY_ASSIGNED_CONTEXT ( ( #6240 ) ) GLOBAL_UNIT_ASSIGNED_CONTEXT ( ( #10002, #8128, #22 ) ) REPRESENTATION_CONTEXT ( 'NONE', 'WORKASPACE' ) );
#7468 = PRESENTATION_STYLE_ASSIGNMENT (( #110 ) ) ;
#7469 = FILL_AREA_STYLE ('',( #992 ) ) ;
#7470 = DIRECTION ( 'NONE',  ( -1.000000000000000000, 0.0000000000000000000, -0.0000000000000000000 ) ) ;
#7471 = ORIENTED_EDGE ( 'NONE', *, *, #3676, .T. ) ;
#7472 = B_SPLINE_CURVE_WITH_KNOTS ( 'NONE', 3,
 ( #1463, #8763, #5080, #4240 ),
 .UNSPECIFIED., .F., .F.,
 ( 4, 4 ),
 ( 9.000000000000000000, 10.00000000000000000 ),
 .UNSPECIFIED. ) ;
#7473 = EDGE_CURVE ( 'NONE', #1260, #7364, #8481, .T. ) ;
#7474 = CARTESIAN_POINT ( 'NONE',  ( -0.4983072033819599400, -0.6099999999999999867, 0.4041778976265634760 ) ) ;
#7475 = LINE ( 'NONE', #4800, #7303 ) ;
#7476 = ORIENTED_EDGE ( 'NONE', *, *, #6500, .T. ) ;
#7477 = DIRECTION ( 'NONE',  ( -0.0000000000000000000, -0.0000000000000000000, -1.000000000000000000 ) ) ;
#7478 = SURFACE_STYLE_FILL_AREA ( #4670 ) ;
#7479 = MECHANICAL_DESIGN_GEOMETRIC_PRESENTATION_REPRESENTATION (  '', ( #214 ), #2685 ) ;
#7480 = ORIENTED_EDGE ( 'NONE', *, *, #10598, .F. ) ;
#7481 = CARTESIAN_POINT ( 'NONE',  ( -0.3035756589433836750, -0.6099999999999999867, 0.3904476574573795822 ) ) ;
#7482 = DIRECTION ( 'NONE',  ( 1.000000000000000000, -0.0000000000000000000, -0.0000000000000000000 ) ) ;
#7483 = CARTESIAN_POINT ( 'NONE',  ( -0.2354923105829064001, -0.6099999999999999867, 0.4015314768451630489 ) ) ;
#7484 = VERTEX_POINT ( 'NONE', #9354 ) ;
#7485 = CARTESIAN_POINT ( 'NONE',  ( -0.3568736497339096703, -0.5999999999999999778, 0.3722726890800774902 ) ) ;
#7486 = CARTESIAN_POINT ( 'NONE',  ( -0.3875257131069359540, -0.6099999999999999867, 0.4504416892287018692 ) ) ;
#7487 = VERTEX_POINT ( 'NONE', #1160 ) ;
#7488 = DIRECTION ( 'NONE',  ( 0.0000000000000000000, 0.0000000000000000000, 1.000000000000000000 ) ) ;
#7489 = ORIENTED_EDGE ( 'NONE', *, *, #1157, .T. ) ;
#7490 = CARTESIAN_POINT ( 'NONE',  ( -0.3045010434889612871, -0.5999999999999999778, 0.4264856668368887105 ) ) ;
#7491 = CARTESIAN_POINT ( 'NONE',  ( -0.6296028373667721389, -0.6099999999999999867, 0.3885612428034561638 ) ) ;
#7492 =( NAMED_UNIT ( * ) PLANE_ANGLE_UNIT ( ) SI_UNIT ( $, .RADIAN. ) );
#7493 = LINE ( 'NONE', #2944, #5318 ) ;
#7494 = ORIENTED_EDGE ( 'NONE', *, *, #6222, .T. ) ;
#7495 = SURFACE_STYLE_USAGE ( .BOTH. , #1920 ) ;
#7496 = ADVANCED_FACE ( 'NONE', ( #9292 ), #7367, .F. ) ;
#7497 = SURFACE_STYLE_USAGE ( .BOTH. , #1068 ) ;
#7498 = CARTESIAN_POINT ( 'NONE',  ( -0.2648238814023293197, -0.5999999999999999778, 0.3953137245057418148 ) ) ;
#7499 = DIRECTION ( 'NONE',  ( -0.9303007377811840506, 0.0000000000000000000, 0.3667976789509234115 ) ) ;
#7500 = EDGE_LOOP ( 'NONE', ( #7402, #2515, #11155, #6589 ) ) ;
#7501 = EDGE_CURVE ( 'NONE', #2956, #4675, #3341, .T. ) ;
#7502 = B_SPLINE_CURVE_WITH_KNOTS ( 'NONE', 3,
 ( #2789, #10040, #5577, #9168 ),
 .UNSPECIFIED., .F., .F.,
 ( 4, 4 ),
 ( 1.000000000000000000, 2.000000000000000000 ),
 .UNSPECIFIED. ) ;
#7503 = ADVANCED_FACE ( 'NONE', ( #11393 ), #4364, .T. ) ;
#7504 = CARTESIAN_POINT ( 'NONE',  ( -0.3845312103078911137, -0.5999999999999999778, 0.4900356706821223374 ) ) ;
#7505 = FACE_OUTER_BOUND ( 'NONE', #10348, .T. ) ;
#7506 = ORIENTED_EDGE ( 'NONE', *, *, #87, .T. ) ;
#7507 = SURFACE_STYLE_FILL_AREA ( #8275 ) ;
#7508 = SURFACE_STYLE_USAGE ( .BOTH. , #2832 ) ;
#7509 = ORIENTED_EDGE ( 'NONE', *, *, #9518, .F. ) ;
#7510 = DIRECTION ( 'NONE',  ( 0.0000000000000000000, 0.0000000000000000000, -1.000000000000000000 ) ) ;
#7511 = CARTESIAN_POINT ( 'NONE',  ( -0.3441574104172900328, -0.6099999999999999867, 0.3929846667730740317 ) ) ;
#7512 = SURFACE_STYLE_USAGE ( .BOTH. , #3862 ) ;
#7513 = COLOUR_RGB ( '',1.000000000000000000, 1.000000000000000000, 1.000000000000000000 ) ;
#7514 = ADVANCED_FACE ( 'NONE', ( #4980 ), #9407, .F. ) ;
#7515 = CARTESIAN_POINT ( 'NONE',  ( -0.6047318569297144286, -0.5999999999999999778, 0.3888504247926967139 ) ) ;
#7516 = VECTOR ( 'NONE', #10631, 1000.000000000000000 ) ;
#7517 = ORIENTED_EDGE ( 'NONE', *, *, #9871, .T. ) ;
#7518 = CARTESIAN_POINT ( 'NONE',  ( -0.4024670343644348725, -0.5999999999999999778, 0.4113883818919822910 ) ) ;
#7519 = FILL_AREA_STYLE_COLOUR ( '', #4667 ) ;
#7520 = DIRECTION ( 'NONE',  ( -1.000000000000000000, -0.0000000000000000000, -0.0000000000000000000 ) ) ;
#7521 = CARTESIAN_POINT ( 'NONE',  ( -0.6203485117526829073, -0.5999999999999999778, 0.4056238958291003005 ) ) ;
#7522 = ORIENTED_EDGE ( 'NONE', *, *, #3883, .F. ) ;
#7523 =( NAMED_UNIT ( * ) SI_UNIT ( $, .STERADIAN. ) SOLID_ANGLE_UNIT ( ) );
#7524 = SURFACE_STYLE_FILL_AREA ( #2012 ) ;
#7525 = CARTESIAN_POINT ( 'NONE',  ( -0.3985055567032068091, -0.5999999999999999778, 0.4155266183989210771 ) ) ;
#7526 = VECTOR ( 'NONE', #11255, 1000.000000000000000 ) ;
#7527 = ORIENTED_EDGE ( 'NONE', *, *, #11545, .F. ) ;
#7528 = B_SPLINE_SURFACE_WITH_KNOTS ( 'NONE', 3, 1, ( 
 ( #9467, #8107 ),
 ( #8234, #3583 ),
 ( #5456, #9815 ),
 ( #11563, #9051 ) ),
 .UNSPECIFIED., .F., .F., .F.,
 ( 4, 4 ),
 ( 2, 2 ),
 ( 3.000000000000000000, 4.000000000000000000 ),
 ( 0.0000000000000000000, 1.000000000000000000 ),
 .UNSPECIFIED. ) ;
#7529 = EDGE_LOOP ( 'NONE', ( #9669, #897, #7021, #3998 ) ) ;
#7530 = UNCERTAINTY_MEASURE_WITH_UNIT (LENGTH_MEASURE( 1.000000000000000082E-05 ), #3394, 'distance_accuracy_value', 'NONE');
#7531 = DIRECTION ( 'NONE',  ( -0.0000000000000000000, 1.000000000000000000, -0.0000000000000000000 ) ) ;
#7532 = CARTESIAN_POINT ( 'NONE',  ( -0.3957917885416629700, -0.5999999999999999778, 0.4496514732123697011 ) ) ;
#7533 = MECHANICAL_DESIGN_GEOMETRIC_PRESENTATION_REPRESENTATION (  '', ( #95 ), #6046 ) ;
#7534 = VERTEX_POINT ( 'NONE', #6353 ) ;
#7535 = B_SPLINE_CURVE_WITH_KNOTS ( 'NONE', 3,
 ( #8409, #56, #5687, #2723 ),
 .UNSPECIFIED., .F., .F.,
 ( 4, 4 ),
 ( 5.000000000000000000, 6.000000000000000000 ),
 .UNSPECIFIED. ) ;
#7536 = DIRECTION ( 'NONE',  ( -0.0000000000000000000, 1.000000000000000000, -0.0000000000000000000 ) ) ;
#7537 = CARTESIAN_POINT ( 'NONE',  ( -0.5642442161535456968, -0.6099999999999999867, 0.3963695757308762779 ) ) ;
#7538 = CARTESIAN_POINT ( 'NONE',  ( -0.4028205520559953179, -0.5999999999999999778, 0.4557652497602775465 ) ) ;
#7539 = ORIENTED_EDGE ( 'NONE', *, *, #5563, .F. ) ;
#7540 = FILL_AREA_STYLE ('',( #3892 ) ) ;
#7541 = ADVANCED_FACE ( 'NONE', ( #874 ), #3410, .F. ) ;
#7542 = UNCERTAINTY_MEASURE_WITH_UNIT (LENGTH_MEASURE( 1.000000000000000082E-05 ), #6849, 'distance_accuracy_value', 'NONE');
#7543 = EDGE_CURVE ( 'NONE', #1113, #11546, #9748, .T. ) ;
#7544 = DIRECTION ( 'NONE',  ( -1.000000000000000000, 0.0000000000000000000, 0.0000000000000000000 ) ) ;
#7545 = EDGE_LOOP ( 'NONE', ( #8235, #9932, #11519, #6389 ) ) ;
#7546 = VECTOR ( 'NONE', #7013, 1000.000000000000000 ) ;
#7547 = DIRECTION ( 'NONE',  ( -0.0000000000000000000, 1.000000000000000000, -0.0000000000000000000 ) ) ;
#7548 = CARTESIAN_POINT ( 'NONE',  ( -0.3588283946165762295, -0.5999999999999999778, 0.4148611733324051309 ) ) ;
#7549 = EDGE_LOOP ( 'NONE', ( #7422, #2751, #5185, #7183 ) ) ;
#7550 = FILL_AREA_STYLE_COLOUR ( '', #4961 ) ;
#7551 = PLANE ( 'NONE',  #10234 ) ;
#7552 =( GEOMETRIC_REPRESENTATION_CONTEXT ( 3 ) GLOBAL_UNCERTAINTY_ASSIGNED_CONTEXT ( ( #3375 ) ) GLOBAL_UNIT_ASSIGNED_CONTEXT ( ( #7709, #5170, #531 ) ) REPRESENTATION_CONTEXT ( 'NONE', 'WORKASPACE' ) );
#7553 = CARTESIAN_POINT ( 'NONE',  ( -0.4047025138844651537, -0.6099999999999999867, 0.3906140187237994166 ) ) ;
#7554 = STYLED_ITEM ( 'NONE', ( #6349 ), #11079 ) ;
#7555 = EDGE_CURVE ( 'NONE', #3956, #10156, #1582, .T. ) ;
#7556 = COLOUR_RGB ( '',1.000000000000000000, 1.000000000000000000, 1.000000000000000000 ) ;
#7557 = SURFACE_STYLE_USAGE ( .BOTH. , #2119 ) ;
#7558 =( NAMED_UNIT ( * ) SI_UNIT ( $, .STERADIAN. ) SOLID_ANGLE_UNIT ( ) );
#7559 = VERTEX_POINT ( 'NONE', #8834 ) ;
#7560 = STYLED_ITEM ( 'NONE', ( #3860 ), #10460 ) ;
#7561 = SURFACE_STYLE_FILL_AREA ( #4777 ) ;
#7562 = ORIENTED_EDGE ( 'NONE', *, *, #362, .T. ) ;
#7563 = CARTESIAN_POINT ( 'NONE',  ( -0.5101643047997155289, -0.5999999999999999778, 0.4033103075305376484 ) ) ;
#7564 = COLOUR_RGB ( '',1.000000000000000000, 1.000000000000000000, 1.000000000000000000 ) ;
#7565 = SURFACE_STYLE_FILL_AREA ( #8405 ) ;
#7566 = DIRECTION ( 'NONE',  ( -0.0000000000000000000, -0.0000000000000000000, 1.000000000000000000 ) ) ;
#7567 = AXIS2_PLACEMENT_3D ( 'NONE', #2283, #5968, #10474 ) ;
#7568 =( GEOMETRIC_REPRESENTATION_CONTEXT ( 3 ) GLOBAL_UNCERTAINTY_ASSIGNED_CONTEXT ( ( #7203 ) ) GLOBAL_UNIT_ASSIGNED_CONTEXT ( ( #9711, #14, #7312 ) ) REPRESENTATION_CONTEXT ( 'NONE', 'WORKASPACE' ) );
#7569 = PRESENTATION_LAYER_ASSIGNMENT (  '', '', ( #9814 ) ) ;
#7570 = STYLED_ITEM ( 'NONE', ( #4618 ), #5042 ) ;
#7571 = SURFACE_STYLE_USAGE ( .BOTH. , #4786 ) ;
#7572 = CARTESIAN_POINT ( 'NONE',  ( -0.4380995381566284985, -0.6099999999999999867, 0.4910130431234555615 ) ) ;
#7573 = DIRECTION ( 'NONE',  ( -0.0000000000000000000, 1.000000000000000000, -0.0000000000000000000 ) ) ;
#7574 = EDGE_LOOP ( 'NONE', ( #4939, #2512, #10462, #5261 ) ) ;
#7575 = DIRECTION ( 'NONE',  ( -0.0000000000000000000, 1.000000000000000000, -0.0000000000000000000 ) ) ;
#7576 = CARTESIAN_POINT ( 'NONE',  ( -0.4149857196769028977, -0.6099999999999999867, 0.4638129760325488959 ) ) ;
#7577 = PRESENTATION_STYLE_ASSIGNMENT (( #11086 ) ) ;
#7578 = VECTOR ( 'NONE', #425, 1000.000000000000000 ) ;
#7579 = CARTESIAN_POINT ( 'NONE',  ( -0.5795716779552675391, -0.6099999999999999867, 0.4978778641421164330 ) ) ;
#7580 = FILL_AREA_STYLE ('',( #4796 ) ) ;
#7581 = ORIENTED_EDGE ( 'NONE', *, *, #9225, .T. ) ;
#7582 = EDGE_CURVE ( 'NONE', #4865, #5061, #637, .T. ) ;
#7583 = DIRECTION ( 'NONE',  ( -0.0000000000000000000, 1.000000000000000000, -0.0000000000000000000 ) ) ;
#7584 = ADVANCED_FACE ( 'NONE', ( #4305 ), #9213, .F. ) ;
#7585 = MECHANICAL_DESIGN_GEOMETRIC_PRESENTATION_REPRESENTATION (  '', ( #11694 ), #10201 ) ;
#7586 = FILL_AREA_STYLE ('',( #3937 ) ) ;
#7587 = ORIENTED_EDGE ( 'NONE', *, *, #348, .F. ) ;
#7588 = FACE_OUTER_BOUND ( 'NONE', #6487, .T. ) ;
#7589 = ORIENTED_EDGE ( 'NONE', *, *, #11518, .T. ) ;
#7590 = PRESENTATION_LAYER_ASSIGNMENT (  '', '', ( #8462 ) ) ;
#7591 =( NAMED_UNIT ( * ) PLANE_ANGLE_UNIT ( ) SI_UNIT ( $, .RADIAN. ) );
#7592 = PRESENTATION_LAYER_ASSIGNMENT (  '', '', ( #10406 ) ) ;
#7593 = CARTESIAN_POINT ( 'NONE',  ( -0.6206377185640783445, -0.6099999999999999867, 0.3862476655369023737 ) ) ;
#7594 = LINE ( 'NONE', #11044, #3794 ) ;
#7595 = VERTEX_POINT ( 'NONE', #4787 ) ;
#7596 = PRESENTATION_STYLE_ASSIGNMENT (( #5961 ) ) ;
#7597 = COLOUR_RGB ( '',1.000000000000000000, 1.000000000000000000, 1.000000000000000000 ) ;
#7598 = CARTESIAN_POINT ( 'NONE',  ( -0.5642442161535456968, -0.6099999999999999867, 0.3983939599761820438 ) ) ;
#7599 = DIRECTION ( 'NONE',  ( 0.0000000000000000000, -0.0000000000000000000, -1.000000000000000000 ) ) ;
#7600 = EDGE_CURVE ( 'NONE', #750, #1237, #9274, .T. ) ;
#7601 = VECTOR ( 'NONE', #9586, 1000.000000000000114 ) ;
#7602 = PRESENTATION_LAYER_ASSIGNMENT (  '', '', ( #5336 ) ) ;
#7603 = VERTEX_POINT ( 'NONE', #1088 ) ;
#7604 = COLOUR_RGB ( '',1.000000000000000000, 1.000000000000000000, 1.000000000000000000 ) ;
#7605 = CARTESIAN_POINT ( 'NONE',  ( -0.3930988155384208538, -0.6099999999999999867, 0.4042764377444389434 ) ) ;
#7606 =( GEOMETRIC_REPRESENTATION_CONTEXT ( 3 ) GLOBAL_UNCERTAINTY_ASSIGNED_CONTEXT ( ( #10112 ) ) GLOBAL_UNIT_ASSIGNED_CONTEXT ( ( #4436, #9064, #7133 ) ) REPRESENTATION_CONTEXT ( 'NONE', 'WORKASPACE' ) );
#7607 = CARTESIAN_POINT ( 'NONE',  ( -0.4023422634144800947, -0.5999999999999999778, 0.4854607358502736059 ) ) ;
#7608 = LINE ( 'NONE', #4154, #878 ) ;
#7609 =( NAMED_UNIT ( * ) PLANE_ANGLE_UNIT ( ) SI_UNIT ( $, .RADIAN. ) );
#7610 = ORIENTED_EDGE ( 'NONE', *, *, #2101, .F. ) ;
#7611 = DIRECTION ( 'NONE',  ( -0.0000000000000000000, 1.000000000000000000, -0.0000000000000000000 ) ) ;
#7612 = FILL_AREA_STYLE ('',( #10363 ) ) ;
#7613 = EDGE_LOOP ( 'NONE', ( #5736, #4845, #8124, #945 ) ) ;
#7614 = VECTOR ( 'NONE', #9915, 1000.000000000000000 ) ;
#7615 = LINE ( 'NONE', #4945, #3804 ) ;
#7616 = CARTESIAN_POINT ( 'NONE',  ( -0.2689101300135118278, -0.6099999999999999867, 0.4210997208304051442 ) ) ;
#7617 = EDGE_CURVE ( 'NONE', #428, #4424, #5630, .T. ) ;
#7618 = PRESENTATION_LAYER_ASSIGNMENT (  '', '', ( #923 ) ) ;
#7619 = COLOUR_RGB ( '',1.000000000000000000, 1.000000000000000000, 1.000000000000000000 ) ;
#7620 = LINE ( 'NONE', #6800, #8041 ) ;
#7621 = ORIENTED_EDGE ( 'NONE', *, *, #791, .T. ) ;
#7622 = SURFACE_STYLE_USAGE ( .BOTH. , #5986 ) ;
#7623 = VERTEX_POINT ( 'NONE', #2964 ) ;
#7624 = CARTESIAN_POINT ( 'NONE',  ( -0.5087183065971798701, -0.5999999999999999778, 0.4805260163715099897 ) ) ;
#7625 = CARTESIAN_POINT ( 'NONE',  ( -0.4037251414431312080, -0.5999999999999999778, 0.3897406220742569705 ) ) ;
#7626 = CARTESIAN_POINT ( 'NONE',  ( 0.0000000000000000000, 0.0000000000000000000, -0.05000000000000000278 ) ) ;
#7627 = EDGE_CURVE ( 'NONE', #11684, #3116, #7689, .T. ) ;
#7628 = B_SPLINE_SURFACE_WITH_KNOTS ( 'NONE', 3, 1, ( 
 ( #10900, #8080 ),
 ( #7271, #11640 ),
 ( #88, #2647 ),
 ( #9905, #4517 ) ),
 .UNSPECIFIED., .F., .F., .F.,
 ( 4, 4 ),
 ( 2, 2 ),
 ( 5.000000000000000000, 6.000000000000000000 ),
 ( 0.0000000000000000000, 1.000000000000000000 ),
 .UNSPECIFIED. ) ;
#7629 = CARTESIAN_POINT ( 'NONE',  ( -0.3952823071626931917, -0.6099999999999999867, 0.3916745717986214181 ) ) ;
#7630 = CARTESIAN_POINT ( 'NONE',  ( -0.5795716779552675391, -0.5999999999999999778, 0.4978778641421164330 ) ) ;
#7631 = CARTESIAN_POINT ( 'NONE',  ( -0.3035756589433836750, -0.5999999999999999778, 0.3858103371506220181 ) ) ;
#7632 = ORIENTED_EDGE ( 'NONE', *, *, #6573, .F. ) ;
#7633 = DIRECTION ( 'NONE',  ( -0.0000000000000000000, 1.000000000000000000, -0.0000000000000000000 ) ) ;
#7634 = SURFACE_SIDE_STYLE ('',( #5034 ) ) ;
#7635 = CARTESIAN_POINT ( 'NONE',  ( -0.5327216914223462663, -0.5999999999999999778, 0.4351220363149917447 ) ) ;
#7636 = CARTESIAN_POINT ( 'NONE',  ( -0.4051912001051313772, -0.6099999999999999867, 0.4897029481490029479 ) ) ;
#7637 = CARTESIAN_POINT ( 'NONE',  ( -0.2927725741929639303, -0.6099999999999999867, 0.4835267861259099909 ) ) ;
#7638 = ORIENTED_EDGE ( 'NONE', *, *, #10788, .F. ) ;
#7639 = DIRECTION ( 'NONE',  ( -0.0000000000000000000, 1.000000000000000000, -0.0000000000000000000 ) ) ;
#7640 = CARTESIAN_POINT ( 'NONE',  ( -0.3702553341169080303, -0.5999999999999999778, 0.4113883818919822910 ) ) ;
#7641 = VERTEX_POINT ( 'NONE', #2903 ) ;
#7642 = CARTESIAN_POINT ( 'NONE',  ( 0.0000000000000000000, 0.0000000000000000000, 0.0000000000000000000 ) ) ;
#7643 = EDGE_CURVE ( 'NONE', #154, #248, #7535, .T. ) ;
#7644 = VECTOR ( 'NONE', #9055, 1000.000000000000000 ) ;
#7645 = ORIENTED_EDGE ( 'NONE', *, *, #7116, .F. ) ;
#7646 = LINE ( 'NONE', #11208, #9776 ) ;
#7647 = CARTESIAN_POINT ( 'NONE',  ( -0.3045010434889612871, -0.6099999999999999867, 0.4264856668368887105 ) ) ;
#7648 = STYLED_ITEM ( 'NONE', ( #8600 ), #393 ) ;
#7649 = LINE ( 'NONE', #7766, #1832 ) ;
#7650 = EDGE_CURVE ( 'NONE', #1491, #6765, #545, .T. ) ;
#7651 = VERTEX_POINT ( 'NONE', #6638 ) ;
#7652 = UNCERTAINTY_MEASURE_WITH_UNIT (LENGTH_MEASURE( 1.000000000000000082E-05 ), #4629, 'distance_accuracy_value', 'NONE');
#7653 = EDGE_CURVE ( 'NONE', #830, #5088, #10921, .T. ) ;
#7654 = CARTESIAN_POINT ( 'NONE',  ( -0.3266686822650832212, -0.5999999999999999778, 0.4850656278422461609 ) ) ;
#7655 =( GEOMETRIC_REPRESENTATION_CONTEXT ( 3 ) GLOBAL_UNCERTAINTY_ASSIGNED_CONTEXT ( ( #6357 ) ) GLOBAL_UNIT_ASSIGNED_CONTEXT ( ( #8695, #4036, #9725 ) ) REPRESENTATION_CONTEXT ( 'NONE', 'WORKASPACE' ) );
#7656 = VECTOR ( 'NONE', #5889, 1000.000000000000000 ) ;
#7657 = EDGE_LOOP ( 'NONE', ( #10476, #8168, #6715, #7800 ) ) ;
#7658 =( GEOMETRIC_REPRESENTATION_CONTEXT ( 3 ) GLOBAL_UNCERTAINTY_ASSIGNED_CONTEXT ( ( #10585 ) ) GLOBAL_UNIT_ASSIGNED_CONTEXT ( ( #6436, #9134, #9244 ) ) REPRESENTATION_CONTEXT ( 'NONE', 'WORKASPACE' ) );
#7659 = VERTEX_POINT ( 'NONE', #10977 ) ;
#7660 = VECTOR ( 'NONE', #8550, 1000.000000000000000 ) ;
#7661 = COLOUR_RGB ( '',1.000000000000000000, 1.000000000000000000, 1.000000000000000000 ) ;
#7662 =( NAMED_UNIT ( * ) PLANE_ANGLE_UNIT ( ) SI_UNIT ( $, .RADIAN. ) );
#7663 = CARTESIAN_POINT ( 'NONE',  ( -0.3631849802859700160, -0.6099999999999999867, 0.3985161788879533762 ) ) ;
#7664 = UNCERTAINTY_MEASURE_WITH_UNIT (LENGTH_MEASURE( 1.000000000000000082E-05 ), #9059, 'distance_accuracy_value', 'NONE');
#7665 = CARTESIAN_POINT ( 'NONE',  ( -0.3468295882622289827, -0.6099999999999999867, 0.4503377134371886470 ) ) ;
#7666 = CARTESIAN_POINT ( 'NONE',  ( -0.3468295882622289827, -0.6099999999999999867, 0.4910130431234555615 ) ) ;
#7667 = SURFACE_SIDE_STYLE ('',( #4021 ) ) ;
#7668 = COLOUR_RGB ( '',0.7529411764705882248, 0.7529411764705882248, 0.7529411764705882248 ) ;
#7669 = VERTEX_POINT ( 'NONE', #2069 ) ;
#7670 =( LENGTH_UNIT ( ) NAMED_UNIT ( * ) SI_UNIT ( .MILLI., .METRE. ) );
#7671 = FACE_OUTER_BOUND ( 'NONE', #2625, .T. ) ;
#7672 = SURFACE_STYLE_FILL_AREA ( #2228 ) ;
#7673 = ORIENTED_EDGE ( 'NONE', *, *, #5979, .T. ) ;
#7674 = MECHANICAL_DESIGN_GEOMETRIC_PRESENTATION_REPRESENTATION (  '', ( #6361 ), #3287 ) ;
#7675 = DIRECTION ( 'NONE',  ( -1.000000000000000000, -0.0000000000000000000, -0.0000000000000000000 ) ) ;
#7676 = CARTESIAN_POINT ( 'NONE',  ( -0.4021343118311778153, -0.6099999999999999867, 0.3851240969258026281 ) ) ;
#7677 = VERTEX_POINT ( 'NONE', #7351 ) ;
#7678 = CARTESIAN_POINT ( 'NONE',  ( -0.3455402884460781476, -0.5999999999999999778, 0.3930262570896793650 ) ) ;
#7679 = LINE ( 'NONE', #5196, #6458 ) ;
#7680 = LINE ( 'NONE', #6926, #5671 ) ;
#7681 = VERTEX_POINT ( 'NONE', #9337 ) ;
#7682 = EDGE_CURVE ( 'NONE', #3956, #4424, #1140, .T. ) ;
#7683 = LINE ( 'NONE', #8519, #3751 ) ;
#7684 = ORIENTED_EDGE ( 'NONE', *, *, #10257, .T. ) ;
#7685 = LINE ( 'NONE', #3133, #267 ) ;
#7686 = CARTESIAN_POINT ( 'NONE',  ( -0.3845312103078911137, -0.5999999999999999778, 0.4845457488841256044 ) ) ;
#7687 = LINE ( 'NONE', #8646, #3983 ) ;
#7688 = FILL_AREA_STYLE ('',( #10445 ) ) ;
#7689 = B_SPLINE_CURVE_WITH_KNOTS ( 'NONE', 3,
 ( #10145, #10861, #3745, #7515, #9104, #1995 ),
 .UNSPECIFIED., .F., .F.,
 ( 4, 2, 4 ),
 ( 2.000000000000000000, 3.000000000000000000, 4.000000000000000000 ),
 .UNSPECIFIED. ) ;
#7690 =( NAMED_UNIT ( * ) SI_UNIT ( $, .STERADIAN. ) SOLID_ANGLE_UNIT ( ) );
#7691 =( NAMED_UNIT ( * ) SI_UNIT ( $, .STERADIAN. ) SOLID_ANGLE_UNIT ( ) );
#7692 = CARTESIAN_POINT ( 'NONE',  ( -0.3938266460798453550, -0.5999999999999999778, 0.3932342086729819219 ) ) ;
#7693 = B_SPLINE_CURVE_WITH_KNOTS ( 'NONE', 3,
 ( #2745, #2211, #3053, #5775 ),
 .UNSPECIFIED., .F., .F.,
 ( 4, 4 ),
 ( 2.000000000000000000, 3.000000000000000000 ),
 .UNSPECIFIED. ) ;
#7694 = SURFACE_SIDE_STYLE ('',( #4053 ) ) ;
#7695 = EDGE_CURVE ( 'NONE', #3826, #57, #2823, .T. ) ;
#7696 = ORIENTED_EDGE ( 'NONE', *, *, #6468, .T. ) ;
#7697 =( LENGTH_UNIT ( ) NAMED_UNIT ( * ) SI_UNIT ( .MILLI., .METRE. ) );
#7698 = CARTESIAN_POINT ( 'NONE',  ( -0.2627755583070236489, -0.5999999999999999778, 0.4003669479788286578 ) ) ;
#7699 = FILL_AREA_STYLE_COLOUR ( '', #4912 ) ;
#7700 = PLANE ( 'NONE',  #142 ) ;
#7701 = FACE_OUTER_BOUND ( 'NONE', #8434, .T. ) ;
#7702 = ORIENTED_EDGE ( 'NONE', *, *, #1599, .T. ) ;
#7703 =( LENGTH_UNIT ( ) NAMED_UNIT ( * ) SI_UNIT ( .MILLI., .METRE. ) );
#7704 = STYLED_ITEM ( 'NONE', ( #8799 ), #4288 ) ;
#7705 = CARTESIAN_POINT ( 'NONE',  ( -0.3758180389692417633, -0.5999999999999999778, 0.4074788921266491726 ) ) ;
#7706 =( NAMED_UNIT ( * ) SI_UNIT ( $, .STERADIAN. ) SOLID_ANGLE_UNIT ( ) );
#7707 = CARTESIAN_POINT ( 'NONE',  ( -0.3114570239489569681, -0.6099999999999999867, 0.4503377134371886470 ) ) ;
#7708 = ORIENTED_EDGE ( 'NONE', *, *, #5027, .F. ) ;
#7709 =( LENGTH_UNIT ( ) NAMED_UNIT ( * ) SI_UNIT ( .MILLI., .METRE. ) );
#7710 = CARTESIAN_POINT ( 'NONE',  ( -0.4051912001051313772, -0.5999999999999999778, 0.4897029481490029479 ) ) ;
#7711 = LINE ( 'NONE', #1229, #8241 ) ;
#7712 = EDGE_LOOP ( 'NONE', ( #3913, #8200, #569, #1957, #954, #1884, #9255, #6706, #7509, #8727, #6193, #8565, #11037, #9288 ) ) ;
#7713 = MECHANICAL_DESIGN_GEOMETRIC_PRESENTATION_REPRESENTATION (  '', ( #3699 ), #8279 ) ;
#7714 = CARTESIAN_POINT ( 'NONE',  ( -0.3758180389692417633, -0.6099999999999999867, 0.4074788921266491726 ) ) ;
#7715 = DIRECTION ( 'NONE',  ( -0.3897582650654596859, -0.0000000000000000000, -0.9209172030172760870 ) ) ;
#7716 = LINE ( 'NONE', #9534, #9894 ) ;
#7717 = B_SPLINE_CURVE_WITH_KNOTS ( 'NONE', 3,
 ( #3327, #1514, #6988, #6885 ),
 .UNSPECIFIED., .F., .F.,
 ( 4, 4 ),
 ( 5.000000000000000000, 6.000000000000000000 ),
 .UNSPECIFIED. ) ;
#7718 = ORIENTED_EDGE ( 'NONE', *, *, #5447, .T. ) ;
#7719 = VECTOR ( 'NONE', #10860, 1000.000000000000000 ) ;
#7720 =( LENGTH_UNIT ( ) NAMED_UNIT ( * ) SI_UNIT ( .MILLI., .METRE. ) );
#7721 = CARTESIAN_POINT ( 'NONE',  ( -0.2354923105829064001, -0.5999999999999999778, 0.4015314768451630489 ) ) ;
#7722 = CARTESIAN_POINT ( 'NONE',  ( -0.6999999999999999556, 0.5999999999999999778, -0.05000000000000000278 ) ) ;
#7723 = CARTESIAN_POINT ( 'NONE',  ( -0.5642442161535456968, -0.5999999999999999778, 0.3795961267584874732 ) ) ;
#7724 =( NAMED_UNIT ( * ) PLANE_ANGLE_UNIT ( ) SI_UNIT ( $, .RADIAN. ) );
#7725 =( LENGTH_UNIT ( ) NAMED_UNIT ( * ) SI_UNIT ( .MILLI., .METRE. ) );
#7726 = SURFACE_SIDE_STYLE ('',( #10538 ) ) ;
#7727 = B_SPLINE_SURFACE_WITH_KNOTS ( 'NONE', 3, 1, ( 
 ( #11591, #8075 ),
 ( #9841, #7039 ),
 ( #850, #3495 ),
 ( #7906, #6110 ) ),
 .UNSPECIFIED., .F., .F., .F.,
 ( 4, 4 ),
 ( 2, 2 ),
 ( 16.00000000000000000, 17.00000000000000000 ),
 ( 0.0000000000000000000, 1.000000000000000000 ),
 .UNSPECIFIED. ) ;
#7728 = ORIENTED_EDGE ( 'NONE', *, *, #9269, .F. ) ;
#7729 = APPLICATION_CONTEXT ( 'automotive_design' ) ;
#7730 = CARTESIAN_POINT ( 'NONE',  ( -0.5547007030342133715, -0.6099999999999999867, 0.4845747821038446923 ) ) ;
#7731 = CARTESIAN_POINT ( 'NONE',  ( -0.3732394393368034802, -0.5999999999999999778, 0.4110348642002829012 ) ) ;
#7732 = VECTOR ( 'NONE', #2470, 1000.000000000000000 ) ;
#7733 = EDGE_CURVE ( 'NONE', #10241, #6602, #9217, .T. ) ;
#7734 = PRESENTATION_LAYER_ASSIGNMENT (  '', '', ( #1029 ) ) ;
#7735 = PRESENTATION_STYLE_ASSIGNMENT (( #6040 ) ) ;
#7736 = CARTESIAN_POINT ( 'NONE',  ( -0.3845312103078911137, -0.5999999999999999778, 0.4900356706821223374 ) ) ;
#7737 = PRESENTATION_LAYER_ASSIGNMENT (  '', '', ( #4491 ) ) ;
#7738 = EDGE_LOOP ( 'NONE', ( #7471, #3131, #10360, #1954 ) ) ;
#7739 = CARTESIAN_POINT ( 'NONE',  ( -0.3202013880251991518, -0.5999999999999999778, 0.4041308716360421660 ) ) ;
#7740 = ORIENTED_EDGE ( 'NONE', *, *, #3027, .F. ) ;
#7741 = FILL_AREA_STYLE_COLOUR ( '', #4761 ) ;
#7742 = DIRECTION ( 'NONE',  ( -1.000000000000000000, 0.0000000000000000000, 0.0000000000000000000 ) ) ;
#7743 = AXIS2_PLACEMENT_3D ( 'NONE', #7572, #2135, #7746 ) ;
#7744 = AXIS2_PLACEMENT_3D ( 'NONE', #3335, #3097, #2192 ) ;
#7745 = FACE_OUTER_BOUND ( 'NONE', #8693, .T. ) ;
#7746 = DIRECTION ( 'NONE',  ( -1.000000000000000000, 0.0000000000000000000, -0.0000000000000000000 ) ) ;
#7747 = CARTESIAN_POINT ( 'NONE',  ( -0.3628730529110148484, -0.5999999999999999778, 0.4092880709009205087 ) ) ;
#7748 = ORIENTED_EDGE ( 'NONE', *, *, #11649, .F. ) ;
#7749 = DIRECTION ( 'NONE',  ( -1.000000000000000000, 0.0000000000000000000, -0.0000000000000000000 ) ) ;
#7750 = B_SPLINE_CURVE_WITH_KNOTS ( 'NONE', 3,
 ( #643, #9700, #588, #9591 ),
 .UNSPECIFIED., .F., .F.,
 ( 4, 4 ),
 ( 2.000000000000000000, 3.000000000000000000 ),
 .UNSPECIFIED. ) ;
#7751 = COLOUR_RGB ( '',1.000000000000000000, 1.000000000000000000, 1.000000000000000000 ) ;
#7752 =( NAMED_UNIT ( * ) PLANE_ANGLE_UNIT ( ) SI_UNIT ( $, .RADIAN. ) );
#7753 = CARTESIAN_POINT ( 'NONE',  ( -0.3544926041054858312, -0.5999999999999999778, 0.3721271229716806572 ) ) ;
#7754 = STYLED_ITEM ( 'NONE', ( #8960 ), #8183 ) ;
#7755 = CARTESIAN_POINT ( 'NONE',  ( -0.2726428609329952235, -0.5999999999999999778, 0.3946898697558311464 ) ) ;
#7756 = COLOUR_RGB ( '',1.000000000000000000, 1.000000000000000000, 1.000000000000000000 ) ;
#7757 = PRESENTATION_STYLE_ASSIGNMENT (( #4129 ) ) ;
#7758 = VERTEX_POINT ( 'NONE', #4591 ) ;
#7759 = FILL_AREA_STYLE_COLOUR ( '', #3456 ) ;
#7760 = AXIS2_PLACEMENT_3D ( 'NONE', #6930, #10493, #8518 ) ;
#7761 = B_SPLINE_CURVE_WITH_KNOTS ( 'NONE', 3,
 ( #8387, #9254, #1118, #4870 ),
 .UNSPECIFIED., .F., .F.,
 ( 4, 4 ),
 ( 9.000000000000000000, 10.00000000000000000 ),
 .UNSPECIFIED. ) ;
#7762 = ORIENTED_EDGE ( 'NONE', *, *, #7643, .F. ) ;
#7763 =( GEOMETRIC_REPRESENTATION_CONTEXT ( 3 ) GLOBAL_UNCERTAINTY_ASSIGNED_CONTEXT ( ( #1897 ) ) GLOBAL_UNIT_ASSIGNED_CONTEXT ( ( #3107, #6772, #10587 ) ) REPRESENTATION_CONTEXT ( 'NONE', 'WORKASPACE' ) );
#7764 = COLOUR_RGB ( '',1.000000000000000000, 1.000000000000000000, 1.000000000000000000 ) ;
#7765 = DIRECTION ( 'NONE',  ( 0.0000000000000000000, 1.000000000000000000, 0.0000000000000000000 ) ) ;
#7766 = CARTESIAN_POINT ( 'NONE',  ( -0.5142130622581835286, -0.6099999999999999867, 0.4484251028395369598 ) ) ;
#7767 = EDGE_LOOP ( 'NONE', ( #7445, #5113, #3592, #3720 ) ) ;
#7768 = COLOUR_RGB ( '',1.000000000000000000, 1.000000000000000000, 1.000000000000000000 ) ;
#7769 = UNCERTAINTY_MEASURE_WITH_UNIT (LENGTH_MEASURE( 1.000000000000000082E-05 ), #1039, 'distance_accuracy_value', 'NONE');
#7770 = CARTESIAN_POINT ( 'NONE',  ( -0.3157616217225944211, -0.5999999999999999778, 0.4820295347264562658 ) ) ;
#7771 = FILL_AREA_STYLE ('',( #466 ) ) ;
#7772 = CARTESIAN_POINT ( 'NONE',  ( -0.4097661349369801642, -0.5999999999999999778, 0.4552037804855516567 ) ) ;
#7773 = VERTEX_POINT ( 'NONE', #2842 ) ;
#7774 =( LENGTH_UNIT ( ) NAMED_UNIT ( * ) SI_UNIT ( .MILLI., .METRE. ) );
#7775 =( NAMED_UNIT ( * ) SI_UNIT ( $, .STERADIAN. ) SOLID_ANGLE_UNIT ( ) );
#7776 = EDGE_CURVE ( 'NONE', #4, #3122, #8224, .T. ) ;
#7777 = ORIENTED_EDGE ( 'NONE', *, *, #6795, .F. ) ;
#7778 = VECTOR ( 'NONE', #7268, 1000.000000000000000 ) ;
#7779 = UNCERTAINTY_MEASURE_WITH_UNIT (LENGTH_MEASURE( 1.000000000000000082E-05 ), #4253, 'distance_accuracy_value', 'NONE');
#7780 = CARTESIAN_POINT ( 'NONE',  ( -0.3207212669835971530, -0.6099999999999999867, 0.4799500188939741507 ) ) ;
#7781 = SURFACE_STYLE_USAGE ( .BOTH. , #482 ) ;
#7782 = ORIENTED_EDGE ( 'NONE', *, *, #3198, .T. ) ;
#7783 = PRESENTATION_LAYER_ASSIGNMENT (  '', '', ( #5526 ) ) ;
#7784 = DIRECTION ( 'NONE',  ( 1.000000000000000000, 0.0000000000000000000, -0.0000000000000000000 ) ) ;
#7785 = SURFACE_STYLE_USAGE ( .BOTH. , #5972 ) ;
#7786 =( LENGTH_UNIT ( ) NAMED_UNIT ( * ) SI_UNIT ( .MILLI., .METRE. ) );
#7787 = DIRECTION ( 'NONE',  ( -1.000000000000000000, 0.0000000000000000000, -0.0000000000000000000 ) ) ;
#7788 = CARTESIAN_POINT ( 'NONE',  ( -0.2903499382479332036, -0.5999999999999999778, 0.4910130431234555615 ) ) ;
#7789 = EDGE_LOOP ( 'NONE', ( #10494, #3289, #1904, #904 ) ) ;
#7790 = SURFACE_STYLE_USAGE ( .BOTH. , #6864 ) ;
#7791 = FILL_AREA_STYLE ('',( #5975 ) ) ;
#7792 = VERTEX_POINT ( 'NONE', #10036 ) ;
#7793 = PRESENTATION_STYLE_ASSIGNMENT (( #11306 ) ) ;
#7794 = UNCERTAINTY_MEASURE_WITH_UNIT (LENGTH_MEASURE( 1.000000000000000082E-05 ), #5021, 'distance_accuracy_value', 'NONE');
#7795 = MECHANICAL_DESIGN_GEOMETRIC_PRESENTATION_REPRESENTATION (  '', ( #9290 ), #5920 ) ;
#7796 = SURFACE_SIDE_STYLE ('',( #4171 ) ) ;
#7797 = EDGE_CURVE ( 'NONE', #3312, #7081, #1032, .T. ) ;
#7798 = ORIENTED_EDGE ( 'NONE', *, *, #9140, .F. ) ;
#7799 = EDGE_CURVE ( 'NONE', #10513, #10105, #9165, .T. ) ;
#7800 = ORIENTED_EDGE ( 'NONE', *, *, #4333, .T. ) ;
#7801 = LINE ( 'NONE', #6933, #10342 ) ;
#7802 = VECTOR ( 'NONE', #4420, 1000.000000000000000 ) ;
#7803 = CARTESIAN_POINT ( 'NONE',  ( -0.4081337150082813836, -0.5999999999999999778, 0.4021761267533772721 ) ) ;
#7804 = CARTESIAN_POINT ( 'NONE',  ( -0.4113465669697827787, -0.5999999999999999778, 0.3909883315738021947 ) ) ;
#7805 = VECTOR ( 'NONE', #8890, 1000.000000000000000 ) ;
#7806 = VECTOR ( 'NONE', #7215, 1000.000000000000114 ) ;
#7807 = CARTESIAN_POINT ( 'NONE',  ( -0.4097661349369801642, -0.5999999999999999778, 0.4552037804855516567 ) ) ;
#7808 = B_SPLINE_CURVE_WITH_KNOTS ( 'NONE', 3,
 ( #11322, #6993, #10565, #3331 ),
 .UNSPECIFIED., .F., .F.,
 ( 4, 4 ),
 ( 17.00000000000000000, 18.00000000000000000 ),
 .UNSPECIFIED. ) ;
#7809 =( NAMED_UNIT ( * ) SI_UNIT ( $, .STERADIAN. ) SOLID_ANGLE_UNIT ( ) );
#7810 = ORIENTED_EDGE ( 'NONE', *, *, #8109, .T. ) ;
#7811 = LINE ( 'NONE', #6889, #8356 ) ;
#7812 = DIRECTION ( 'NONE',  ( -0.0000000000000000000, -0.0000000000000000000, -1.000000000000000000 ) ) ;
#7813 =( LENGTH_UNIT ( ) NAMED_UNIT ( * ) SI_UNIT ( .MILLI., .METRE. ) );
#7814 = DIRECTION ( 'NONE',  ( -1.000000000000000000, 0.0000000000000000000, -0.0000000000000000000 ) ) ;
#7815 = ORIENTED_EDGE ( 'NONE', *, *, #2752, .T. ) ;
#7816 = FACE_OUTER_BOUND ( 'NONE', #8058, .T. ) ;
#7817 = EDGE_CURVE ( 'NONE', #595, #7681, #1820, .T. ) ;
#7818 = VECTOR ( 'NONE', #8998, 1000.000000000000000 ) ;
#7819 = PRESENTATION_STYLE_ASSIGNMENT (( #1522 ) ) ;
#7820 = CARTESIAN_POINT ( 'NONE',  ( -0.5249133695267967914, -0.6099999999999999867, 0.4035995005517841183 ) ) ;
#7821 = DIRECTION ( 'NONE',  ( -0.0000000000000000000, -0.0000000000000000000, 1.000000000000000000 ) ) ;
#7822 = LINE ( 'NONE', #3338, #1034 ) ;
#7823 =( NAMED_UNIT ( * ) SI_UNIT ( $, .STERADIAN. ) SOLID_ANGLE_UNIT ( ) );
#7824 = SURFACE_SIDE_STYLE ('',( #2202 ) ) ;
#7825 = FILL_AREA_STYLE ('',( #527 ) ) ;
#7826 = ORIENTED_EDGE ( 'NONE', *, *, #5702, .F. ) ;
#7827 = CARTESIAN_POINT ( 'NONE',  ( -0.4983072033819599400, -0.5999999999999999778, 0.3865368585581501759 ) ) ;
#7828 = EDGE_CURVE ( 'NONE', #3656, #8631, #106, .T. ) ;
#7829 = ORIENTED_EDGE ( 'NONE', *, *, #6294, .T. ) ;
#7830 = CARTESIAN_POINT ( 'NONE',  ( -0.2757309419445418963, -0.5999999999999999778, 0.4205382515554020872 ) ) ;
#7831 = PLANE ( 'NONE',  #10398 ) ;
#7832 = DIRECTION ( 'NONE',  ( 1.000000000000000000, 0.0000000000000000000, -0.0000000000000000000 ) ) ;
#7833 = VERTEX_POINT ( 'NONE', #7463 ) ;
#7834 =( GEOMETRIC_REPRESENTATION_CONTEXT ( 3 ) GLOBAL_UNCERTAINTY_ASSIGNED_CONTEXT ( ( #7071 ) ) GLOBAL_UNIT_ASSIGNED_CONTEXT ( ( #2616, #1892, #4665 ) ) REPRESENTATION_CONTEXT ( 'NONE', 'WORKASPACE' ) );
#7835 = CARTESIAN_POINT ( 'NONE',  ( -0.3620516441572285138, -0.6099999999999999867, 0.3972268790718028186 ) ) ;
#7836 = CARTESIAN_POINT ( 'NONE',  ( -0.3236949746242013259, -0.6099999999999999867, 0.4825078233679716000 ) ) ;
#7837 =( NAMED_UNIT ( * ) SI_UNIT ( $, .STERADIAN. ) SOLID_ANGLE_UNIT ( ) );
#7838 = ORIENTED_EDGE ( 'NONE', *, *, #10122, .F. ) ;
#7839 = B_SPLINE_CURVE_WITH_KNOTS ( 'NONE', 3,
 ( #1074, #321, #2118, #4881 ),
 .UNSPECIFIED., .F., .F.,
 ( 4, 4 ),
 ( 15.00000000000000000, 16.00000000000000000 ),
 .UNSPECIFIED. ) ;
#7840 = ADVANCED_FACE ( 'NONE', ( #11026 ), #11257, .F. ) ;
#7841 = CARTESIAN_POINT ( 'NONE',  ( -0.4047025138844651537, -0.6099999999999999867, 0.3906140187237994166 ) ) ;
#7842 = CARTESIAN_POINT ( 'NONE',  ( -0.6024182741471565405, -0.5999999999999999778, 0.4779232405677047990 ) ) ;
#7843 = EDGE_LOOP ( 'NONE', ( #3910, #10235, #7008, #11139 ) ) ;
#7844 = CARTESIAN_POINT ( 'NONE',  ( -0.2842881495957819693, -0.6099999999999999867, 0.4264856668368887105 ) ) ;
#7845 =( NAMED_UNIT ( * ) PLANE_ANGLE_UNIT ( ) SI_UNIT ( $, .RADIAN. ) );
#7846 = B_SPLINE_CURVE_WITH_KNOTS ( 'NONE', 3,
 ( #10444, #6751, #4958, #264, #10318, #391 ),
 .UNSPECIFIED., .F., .F.,
 ( 4, 2, 4 ),
 ( 2.000000000000000000, 3.000000000000000000, 4.000000000000000000 ),
 .UNSPECIFIED. ) ;
#7847 = EDGE_LOOP ( 'NONE', ( #10551, #8020 ) ) ;
#7848 = DIRECTION ( 'NONE',  ( -0.0000000000000000000, 0.0000000000000000000, -1.000000000000000000 ) ) ;
#7849 = CARTESIAN_POINT ( 'NONE',  ( -0.3649941590603786312, -0.6099999999999999867, 0.4151107152323129657 ) ) ;
#7850 = CARTESIAN_POINT ( 'NONE',  ( -0.3711391283457417534, -0.5999999999999999778, 0.4733163633876686927 ) ) ;
#7851 = COLOUR_RGB ( '',1.000000000000000000, 1.000000000000000000, 1.000000000000000000 ) ;
#7852 = ORIENTED_EDGE ( 'NONE', *, *, #10155, .T. ) ;
#7853 = ADVANCED_FACE ( 'NONE', ( #3031 ), #6811, .F. ) ;
#7854 = CARTESIAN_POINT ( 'NONE',  ( -0.2729963786244171131, -0.6099999999999999867, 0.3877026965581040208 ) ) ;
#7855 = SURFACE_STYLE_USAGE ( .BOTH. , #2300 ) ;
#7856 = ORIENTED_EDGE ( 'NONE', *, *, #4660, .F. ) ;
#7857 = CARTESIAN_POINT ( 'NONE',  ( -0.3554387838093639451, -0.5999999999999999778, 0.4863341325000934967 ) ) ;
#7858 = CARTESIAN_POINT ( 'NONE',  ( -0.3874425324735866205, -0.6099999999999999867, 0.4861677712333952184 ) ) ;
#7859 = CARTESIAN_POINT ( 'NONE',  ( -0.3932339840675264098, -0.5999999999999999778, 0.3903020913489827493 ) ) ;
#7860 = CARTESIAN_POINT ( 'NONE',  ( -0.3137132986275662505, -0.5999999999999999778, 0.4711952572385812443 ) ) ;
#7861 = CARTESIAN_POINT ( 'NONE',  ( -0.4130309747942380039, -0.6099999999999999867, 0.4817176073516394874 ) ) ;
#7862 = COLOUR_RGB ( '',1.000000000000000000, 1.000000000000000000, 1.000000000000000000 ) ;
#7863 = COLOUR_RGB ( '',1.000000000000000000, 1.000000000000000000, 1.000000000000000000 ) ;
#7864 = EDGE_CURVE ( 'NONE', #3846, #7952, #1219, .T. ) ;
#7865 = EDGE_CURVE ( 'NONE', #4848, #7341, #3988, .T. ) ;
#7866 = CARTESIAN_POINT ( 'NONE',  ( -0.5547007030342133715, -0.5999999999999999778, 0.4845747821038446923 ) ) ;
#7867 = PRESENTATION_STYLE_ASSIGNMENT (( #6989 ) ) ;
#7868 =( GEOMETRIC_REPRESENTATION_CONTEXT ( 3 ) GLOBAL_UNCERTAINTY_ASSIGNED_CONTEXT ( ( #462 ) ) GLOBAL_UNIT_ASSIGNED_CONTEXT ( ( #2747, #2866, #9999 ) ) REPRESENTATION_CONTEXT ( 'NONE', 'WORKASPACE' ) );
#7869 = ORIENTED_EDGE ( 'NONE', *, *, #3631, .T. ) ;
#7870 = SURFACE_STYLE_USAGE ( .BOTH. , #1466 ) ;
#7871 = SURFACE_STYLE_FILL_AREA ( #7108 ) ;
#7872 = FILL_AREA_STYLE_COLOUR ( '', #4034 ) ;
#7873 = CARTESIAN_POINT ( 'NONE',  ( -0.5995263053219659355, -0.6099999999999999867, 0.3839340662063335796 ) ) ;
#7874 = CARTESIAN_POINT ( 'NONE',  ( -0.4113465669697827787, -0.5999999999999999778, 0.3935877263646810342 ) ) ;
#7875 = EDGE_CURVE ( 'NONE', #11161, #1487, #8944, .T. ) ;
#7876 = CARTESIAN_POINT ( 'NONE',  ( -0.3415788107847114174, -0.6099999999999999867, 0.4863341325000934967 ) ) ;
#7877 = VERTEX_POINT ( 'NONE', #1462 ) ;
#7878 = UNCERTAINTY_MEASURE_WITH_UNIT (LENGTH_MEASURE( 1.000000000000000082E-05 ), #11423, 'distance_accuracy_value', 'NONE');
#7879 = FILL_AREA_STYLE_COLOUR ( '', #8612 ) ;
#7880 = CARTESIAN_POINT ( 'NONE',  ( 0.6999999999999999556, -0.5999999999999999778, 0.0000000000000000000 ) ) ;
#7881 = CARTESIAN_POINT ( 'NONE',  ( -0.5729201391771293617, -0.6099999999999999867, 0.4845747821038446923 ) ) ;
#7882 = ORIENTED_EDGE ( 'NONE', *, *, #11430, .T. ) ;
#7883 = DIRECTION ( 'NONE',  ( -0.0000000000000000000, 1.000000000000000000, -0.0000000000000000000 ) ) ;
#7884 =( NAMED_UNIT ( * ) SI_UNIT ( $, .STERADIAN. ) SOLID_ANGLE_UNIT ( ) );
#7885 = STYLED_ITEM ( 'NONE', ( #6887 ), #4416 ) ;
#7886 = EDGE_LOOP ( 'NONE', ( #9919, #7386, #753, #4088 ) ) ;
#7887 = EDGE_CURVE ( 'NONE', #2642, #9423, #11317, .T. ) ;
#7888 = B_SPLINE_SURFACE_WITH_KNOTS ( 'NONE', 3, 1, ( 
 ( #2895, #2296 ),
 ( #10434, #6107 ),
 ( #3254, #10617 ),
 ( #4100, #2484 ) ),
 .UNSPECIFIED., .F., .F., .F.,
 ( 4, 4 ),
 ( 2, 2 ),
 ( 5.000000000000000000, 6.000000000000000000 ),
 ( 0.0000000000000000000, 1.000000000000000000 ),
 .UNSPECIFIED. ) ;
#7889 = UNCERTAINTY_MEASURE_WITH_UNIT (LENGTH_MEASURE( 1.000000000000000082E-05 ), #3575, 'distance_accuracy_value', 'NONE');
#7890 = LINE ( 'NONE', #5058, #10558 ) ;
#7891 = CARTESIAN_POINT ( 'NONE',  ( -0.3930988155384208538, -0.6099999999999999867, 0.3903020913489827493 ) ) ;
#7892 = VECTOR ( 'NONE', #6122, 1000.000000000000000 ) ;
#7893 = B_SPLINE_CURVE_WITH_KNOTS ( 'NONE', 3,
 ( #3725, #1977, #7389, #1067 ),
 .UNSPECIFIED., .F., .F.,
 ( 4, 4 ),
 ( 15.00000000000000000, 16.00000000000000000 ),
 .UNSPECIFIED. ) ;
#7894 = CARTESIAN_POINT ( 'NONE',  ( -0.2939994885342057662, -0.6099999999999999867, 0.4829653168511845451 ) ) ;
#7895 = ORIENTED_EDGE ( 'NONE', *, *, #5825, .T. ) ;
#7896 = CARTESIAN_POINT ( 'NONE',  ( -0.5338784855714885369, -0.6099999999999999867, 0.4845747821038446923 ) ) ;
#7897 = CARTESIAN_POINT ( 'NONE',  ( -0.3723140547912258680, -0.5999999999999999778, 0.4032782701445257745 ) ) ;
#7898 = CARTESIAN_POINT ( 'NONE',  ( -0.2627755583070236489, -0.5999999999999999778, 0.4066678809517380033 ) ) ;
#7899 = ORIENTED_EDGE ( 'NONE', *, *, #10013, .F. ) ;
#7900 = VECTOR ( 'NONE', #8302, 1000.000000000000227 ) ;
#7901 = EDGE_CURVE ( 'NONE', #1598, #2275, #9505, .T. ) ;
#7902 = EDGE_CURVE ( 'NONE', #6971, #11625, #2243, .T. ) ;
#7903 = FILL_AREA_STYLE_COLOUR ( '', #10401 ) ;
#7904 = UNCERTAINTY_MEASURE_WITH_UNIT (LENGTH_MEASURE( 1.000000000000000082E-05 ), #10210, 'distance_accuracy_value', 'NONE');
#7905 = ORIENTED_EDGE ( 'NONE', *, *, #9428, .F. ) ;
#7906 = CARTESIAN_POINT ( 'NONE',  ( -0.6203485117526829073, -0.6099999999999999867, 0.4056238958291003005 ) ) ;
#7907 = ORIENTED_EDGE ( 'NONE', *, *, #3175, .F. ) ;
#7908 = CARTESIAN_POINT ( 'NONE',  ( -0.5338784855714885369, -0.6099999999999999867, 0.3900072299739854587 ) ) ;
#7909 = CARTESIAN_POINT ( 'NONE',  ( -0.3941177782963601328, -0.5999999999999999778, 0.4869579872497272754 ) ) ;
#7910 = DIRECTION ( 'NONE',  ( -0.9445574604294408871, 0.0000000000000000000, -0.3283461648125119425 ) ) ;
#7911 = EDGE_CURVE ( 'NONE', #8509, #4369, #10502, .T. ) ;
#7912 = COLOUR_RGB ( '',1.000000000000000000, 1.000000000000000000, 1.000000000000000000 ) ;
#7913 = LINE ( 'NONE', #9791, #7377 ) ;
#7914 = ORIENTED_EDGE ( 'NONE', *, *, #5935, .F. ) ;
#7915 = FILL_AREA_STYLE ('',( #4294 ) ) ;
#7916 = LINE ( 'NONE', #8089, #7516 ) ;
#7917 = DIRECTION ( 'NONE',  ( -0.0000000000000000000, 1.000000000000000000, -0.0000000000000000000 ) ) ;
#7918 =( NAMED_UNIT ( * ) SI_UNIT ( $, .STERADIAN. ) SOLID_ANGLE_UNIT ( ) );
#7919 = LINE ( 'NONE', #5325, #8116 ) ;
#7920 = CARTESIAN_POINT ( 'NONE',  ( -0.4081441125875709397, -0.6099999999999999867, 0.4614839183001578915 ) ) ;
#7921 = CARTESIAN_POINT ( 'NONE',  ( -0.5931639595650750607, -0.5999999999999999778, 0.3665822422234592537 ) ) ;
#7922 = STYLED_ITEM ( 'NONE', ( #4233 ), #11345 ) ;
#7923 = CARTESIAN_POINT ( 'NONE',  ( -0.3415788107847114174, -0.6099999999999999867, 0.4549750337439453785 ) ) ;
#7924 =( GEOMETRIC_REPRESENTATION_CONTEXT ( 3 ) GLOBAL_UNCERTAINTY_ASSIGNED_CONTEXT ( ( #718 ) ) GLOBAL_UNIT_ASSIGNED_CONTEXT ( ( #5448, #11728, #3517 ) ) REPRESENTATION_CONTEXT ( 'NONE', 'WORKASPACE' ) );
#7925 = CARTESIAN_POINT ( 'NONE',  ( -0.3496681273738661555, -0.6099999999999999867, 0.3805907524105590634 ) ) ;
#7926 = VECTOR ( 'NONE', #9491, 1000.000000000000000 ) ;
#7927 = CARTESIAN_POINT ( 'NONE',  ( -0.6024182741471565405, -0.6099999999999999867, 0.4779232405677047990 ) ) ;
#7928 =( GEOMETRIC_REPRESENTATION_CONTEXT ( 3 ) GLOBAL_UNCERTAINTY_ASSIGNED_CONTEXT ( ( #2036 ) ) GLOBAL_UNIT_ASSIGNED_CONTEXT ( ( #2741, #4610, #832 ) ) REPRESENTATION_CONTEXT ( 'NONE', 'WORKASPACE' ) );
#7929 = ORIENTED_EDGE ( 'NONE', *, *, #9625, .T. ) ;
#7930 = STYLED_ITEM ( 'NONE', ( #4778 ), #2728 ) ;
#7931 =( LENGTH_UNIT ( ) NAMED_UNIT ( * ) SI_UNIT ( .MILLI., .METRE. ) );
#7932 = FILL_AREA_STYLE ('',( #9530 ) ) ;
#7933 = EDGE_CURVE ( 'NONE', #719, #3965, #4386, .T. ) ;
#7934 = COLOUR_RGB ( '',1.000000000000000000, 1.000000000000000000, 1.000000000000000000 ) ;
#7935 = ADVANCED_FACE ( 'NONE', ( #3328 ), #5434, .F. ) ;
#7936 = SURFACE_STYLE_FILL_AREA ( #1533 ) ;
#7937 = ORIENTED_EDGE ( 'NONE', *, *, #4397, .T. ) ;
#7938 = CARTESIAN_POINT ( 'NONE',  ( -0.3545133992639263321, -0.6099999999999999867, 0.4549750337439453785 ) ) ;
#7939 = VECTOR ( 'NONE', #1608, 1000.000000000000000 ) ;
#7940 =( LENGTH_UNIT ( ) NAMED_UNIT ( * ) SI_UNIT ( .MILLI., .METRE. ) );
#7941 =( GEOMETRIC_REPRESENTATION_CONTEXT ( 3 ) GLOBAL_UNCERTAINTY_ASSIGNED_CONTEXT ( ( #1555 ) ) GLOBAL_UNIT_ASSIGNED_CONTEXT ( ( #1678, #7037, #10774 ) ) REPRESENTATION_CONTEXT ( 'NONE', 'WORKASPACE' ) );
#7942 = EDGE_LOOP ( 'NONE', ( #4175, #4144, #8188, #2278 ) ) ;
#7943 = VECTOR ( 'NONE', #10674, 1000.000000000000000 ) ;
#7944 = DIRECTION ( 'NONE',  ( 0.9369753459544848395, 0.0000000000000000000, 0.3493954794691446208 ) ) ;
#7945 = PLANE ( 'NONE',  #8105 ) ;
#7946 =( GEOMETRIC_REPRESENTATION_CONTEXT ( 3 ) GLOBAL_UNCERTAINTY_ASSIGNED_CONTEXT ( ( #6144 ) ) GLOBAL_UNIT_ASSIGNED_CONTEXT ( ( #8836, #7288, #10862 ) ) REPRESENTATION_CONTEXT ( 'NONE', 'WORKASPACE' ) );
#7947 = ORIENTED_EDGE ( 'NONE', *, *, #11422, .F. ) ;
#7948 = SURFACE_STYLE_USAGE ( .BOTH. , #4086 ) ;
#7949 = CARTESIAN_POINT ( 'NONE',  ( -0.3957917885416629700, -0.6099999999999999867, 0.4496514732123697011 ) ) ;
#7950 = ORIENTED_EDGE ( 'NONE', *, *, #5157, .F. ) ;
#7951 = LINE ( 'NONE', #7788, #3014 ) ;
#7952 = VERTEX_POINT ( 'NONE', #6285 ) ;
#7953 = EDGE_CURVE ( 'NONE', #64, #9886, #5699, .T. ) ;
#7954 = PRESENTATION_LAYER_ASSIGNMENT (  '', '', ( #9821 ) ) ;
#7955 = CARTESIAN_POINT ( 'NONE',  ( -0.3739568722989369265, -0.5999999999999999778, 0.4041100764777403320 ) ) ;
#7956 = COLOUR_RGB ( '',0.7529411764705882248, 0.7529411764705882248, 0.7529411764705882248 ) ;
#7957 = EDGE_LOOP ( 'NONE', ( #9781, #6683, #10584, #5730 ) ) ;
#7958 = CARTESIAN_POINT ( 'NONE',  ( -0.2958918479416860481, -0.6099999999999999867, 0.3858103371506220181 ) ) ;
#7959 = CARTESIAN_POINT ( 'NONE',  ( -0.4052015976842822109, -0.6099999999999999867, 0.4824454378930636000 ) ) ;
#7960 = DIRECTION ( 'NONE',  ( -0.0000000000000000000, 1.000000000000000000, -0.0000000000000000000 ) ) ;
#7961 = VERTEX_POINT ( 'NONE', #5258 ) ;
#7962 = COLOUR_RGB ( '',1.000000000000000000, 1.000000000000000000, 1.000000000000000000 ) ;
#7963 = SURFACE_STYLE_USAGE ( .BOTH. , #3319 ) ;
#7964 = VECTOR ( 'NONE', #327, 1000.000000000000000 ) ;
#7965 = EDGE_LOOP ( 'NONE', ( #11198, #11515, #5984, #5910, #5350, #3054, #9456 ) ) ;
#7966 = EDGE_CURVE ( 'NONE', #9264, #57, #11543, .T. ) ;
#7967 = EDGE_CURVE ( 'NONE', #4188, #4, #2541, .T. ) ;
#7968 = PRESENTATION_LAYER_ASSIGNMENT (  '', '', ( #1072 ) ) ;
#7969 = VECTOR ( 'NONE', #9338, 1000.000000000000000 ) ;
#7970 =( GEOMETRIC_REPRESENTATION_CONTEXT ( 3 ) GLOBAL_UNCERTAINTY_ASSIGNED_CONTEXT ( ( #9192 ) ) GLOBAL_UNIT_ASSIGNED_CONTEXT ( ( #10182, #9319, #10075 ) ) REPRESENTATION_CONTEXT ( 'NONE', 'WORKASPACE' ) );
#7971 = VECTOR ( 'NONE', #9233, 1000.000000000000000 ) ;
#7972 = B_SPLINE_SURFACE_WITH_KNOTS ( 'NONE', 3, 1, ( 
 ( #11011, #6681 ),
 ( #8331, #7498 ),
 ( #2948, #2049 ),
 ( #5666, #90 ) ),
 .UNSPECIFIED., .F., .F., .F.,
 ( 4, 4 ),
 ( 2, 2 ),
 ( 4.000000000000000000, 5.000000000000000000 ),
 ( 0.0000000000000000000, 1.000000000000000000 ),
 .UNSPECIFIED. ) ;
#7973 = ORIENTED_EDGE ( 'NONE', *, *, #256, .F. ) ;
#7974 =( GEOMETRIC_REPRESENTATION_CONTEXT ( 3 ) GLOBAL_UNCERTAINTY_ASSIGNED_CONTEXT ( ( #950 ) ) GLOBAL_UNIT_ASSIGNED_CONTEXT ( ( #7431, #4859, #3109 ) ) REPRESENTATION_CONTEXT ( 'NONE', 'WORKASPACE' ) );
#7975 = CARTESIAN_POINT ( 'NONE',  ( -0.3352258899160474037, -0.5999999999999999778, 0.4910130431234555615 ) ) ;
#7976 = DIRECTION ( 'NONE',  ( -0.0000000000000000000, 0.0000000000000000000, 1.000000000000000000 ) ) ;
#7977 = CARTESIAN_POINT ( 'NONE',  ( -0.2932092725178738757, -0.6099999999999999867, 0.4858142535419729957 ) ) ;
#7978 = ORIENTED_EDGE ( 'NONE', *, *, #8454, .F. ) ;
#7979 = SURFACE_STYLE_USAGE ( .BOTH. , #11654 ) ;
#7980 = CARTESIAN_POINT ( 'NONE',  ( -0.2925750201888107638, -0.6099999999999999867, 0.4829653168511844896 ) ) ;
#7981 = CARTESIAN_POINT ( 'NONE',  ( -0.6203485117526829073, -0.6099999999999999867, 0.4056238958291003005 ) ) ;
#7982 = EDGE_CURVE ( 'NONE', #10760, #1909, #7913, .T. ) ;
#7983 = DIRECTION ( 'NONE',  ( -1.000000000000000000, -0.0000000000000000000, -0.0000000000000000000 ) ) ;
#7984 = MECHANICAL_DESIGN_GEOMETRIC_PRESENTATION_REPRESENTATION (  '', ( #1298 ), #2268 ) ;
#7985 = CARTESIAN_POINT ( 'NONE',  ( -0.3667097596222881339, -0.5999999999999999778, 0.3932134135146798104 ) ) ;
#7986 = B_SPLINE_SURFACE_WITH_KNOTS ( 'NONE', 3, 1, ( 
 ( #6992, #6170 ),
 ( #5216, #449 ),
 ( #3147, #11493 ),
 ( #9740, #8823 ) ),
 .UNSPECIFIED., .F., .F., .F.,
 ( 4, 4 ),
 ( 2, 2 ),
 ( 4.000000000000000000, 5.000000000000000000 ),
 ( 0.0000000000000000000, 1.000000000000000000 ),
 .UNSPECIFIED. ) ;
#7987 = VECTOR ( 'NONE', #6245, 1000.000000000000000 ) ;
#7988 = CARTESIAN_POINT ( 'NONE',  ( -0.6067562356588789285, -0.5999999999999999778, 0.4785016348842049405 ) ) ;
#7989 = AXIS2_PLACEMENT_3D ( 'NONE', #9786, #6280, #8924 ) ;
#7990 = SURFACE_SIDE_STYLE ('',( #7069 ) ) ;
#7991 = ORIENTED_EDGE ( 'NONE', *, *, #5855, .T. ) ;
#7992 = UNCERTAINTY_MEASURE_WITH_UNIT (LENGTH_MEASURE( 1.000000000000000082E-05 ), #7774, 'distance_accuracy_value', 'NONE');
#7993 = FACE_OUTER_BOUND ( 'NONE', #2865, .T. ) ;
#7994 =( NAMED_UNIT ( * ) PLANE_ANGLE_UNIT ( ) SI_UNIT ( $, .RADIAN. ) );
#7995 = CARTESIAN_POINT ( 'NONE',  ( -0.3137132986275662505, -0.6099999999999999867, 0.4711952572385812443 ) ) ;
#7996 = EDGE_LOOP ( 'NONE', ( #8553, #5382, #4671, #3610 ) ) ;
#7997 = ORIENTED_EDGE ( 'NONE', *, *, #1784, .T. ) ;
#7998 = EDGE_CURVE ( 'NONE', #1248, #82, #4118, .T. ) ;
#7999 = ADVANCED_FACE ( 'NONE', ( #2491 ), #10789, .F. ) ;
#8000 = CARTESIAN_POINT ( 'NONE',  ( -0.4048272848344182107, -0.6099999999999999867, 0.3976843725547389852 ) ) ;
#8001 = CARTESIAN_POINT ( 'NONE',  ( -0.2959646309960233257, -0.6099999999999999867, 0.4910130431234555615 ) ) ;
#8002 = UNCERTAINTY_MEASURE_WITH_UNIT (LENGTH_MEASURE( 1.000000000000000082E-05 ), #5795, 'distance_accuracy_value', 'NONE');
#8003 = FACE_OUTER_BOUND ( 'NONE', #9438, .T. ) ;
#8004 = SURFACE_STYLE_FILL_AREA ( #4434 ) ;
#8005 = CARTESIAN_POINT ( 'NONE',  ( -0.4094750027203268861, -0.6099999999999999867, 0.4753334937455201414 ) ) ;
#8006 = LINE ( 'NONE', #4272, #9579 ) ;
#8007 = LINE ( 'NONE', #7316, #147 ) ;
#8008 = EDGE_LOOP ( 'NONE', ( #1041, #4819, #3788, #4560 ) ) ;
#8009 = CARTESIAN_POINT ( 'NONE',  ( -0.4983072033819599400, -0.6099999999999999867, 0.4041778976265634760 ) ) ;
#8010 = CARTESIAN_POINT ( 'NONE',  ( -0.4166493323429174556, -0.5999999999999999778, 0.4549750337439453785 ) ) ;
#8011 = DIRECTION ( 'NONE',  ( -0.0000000000000000000, 1.000000000000000000, -0.0000000000000000000 ) ) ;
#8012 =( GEOMETRIC_REPRESENTATION_CONTEXT ( 3 ) GLOBAL_UNCERTAINTY_ASSIGNED_CONTEXT ( ( #10463 ) ) GLOBAL_UNIT_ASSIGNED_CONTEXT ( ( #455, #3403, #7823 ) ) REPRESENTATION_CONTEXT ( 'NONE', 'WORKASPACE' ) );
#8013 = ORIENTED_EDGE ( 'NONE', *, *, #7902, .F. ) ;
#8014 =( GEOMETRIC_REPRESENTATION_CONTEXT ( 3 ) GLOBAL_UNCERTAINTY_ASSIGNED_CONTEXT ( ( #6136 ) ) GLOBAL_UNIT_ASSIGNED_CONTEXT ( ( #7940, #7128, #8788 ) ) REPRESENTATION_CONTEXT ( 'NONE', 'WORKASPACE' ) );
#8015 = B_SPLINE_CURVE_WITH_KNOTS ( 'NONE', 3,
 ( #5209, #5135, #10556, #10319 ),
 .UNSPECIFIED., .F., .F.,
 ( 4, 4 ),
 ( 1.000000000000000000, 2.000000000000000000 ),
 .UNSPECIFIED. ) ;
#8016 = UNCERTAINTY_MEASURE_WITH_UNIT (LENGTH_MEASURE( 1.000000000000000082E-05 ), #3930, 'distance_accuracy_value', 'NONE');
#8017 = CARTESIAN_POINT ( 'NONE',  ( -0.4149857196769028977, -0.6099999999999999867, 0.4764564322949717545 ) ) ;
#8018 = SURFACE_SIDE_STYLE ('',( #1616 ) ) ;
#8019 = LINE ( 'NONE', #11588, #3781 ) ;
#8020 = ORIENTED_EDGE ( 'NONE', *, *, #6047, .F. ) ;
#8021 = DIRECTION ( 'NONE',  ( 1.000000000000000000, 0.0000000000000000000, 0.0000000000000000000 ) ) ;
#8022 = ORIENTED_EDGE ( 'NONE', *, *, #408, .T. ) ;
#8023 = SURFACE_SIDE_STYLE ('',( #4394 ) ) ;
#8024 = MECHANICAL_DESIGN_GEOMETRIC_PRESENTATION_REPRESENTATION (  '', ( #2701 ), #2872 ) ;
#8025 = CARTESIAN_POINT ( 'NONE',  ( -0.3449164336961677013, -0.5999999999999999778, 0.3906348138821028604 ) ) ;
#8026 = CARTESIAN_POINT ( 'NONE',  ( -0.4380995381566284985, -0.5999999999999999778, 0.3858103371506220181 ) ) ;
#8027 = FILL_AREA_STYLE_COLOUR ( '', #5297 ) ;
#8028 = ADVANCED_FACE ( 'NONE', ( #10238 ), #10142, .F. ) ;
#8029 = COLOUR_RGB ( '',1.000000000000000000, 1.000000000000000000, 1.000000000000000000 ) ;
#8030 = EDGE_CURVE ( 'NONE', #4005, #170, #6395, .T. ) ;
#8031 = SURFACE_SIDE_STYLE ('',( #3616 ) ) ;
#8032 = FILL_AREA_STYLE ('',( #8930 ) ) ;
#8033 = VERTEX_POINT ( 'NONE', #11712 ) ;
#8034 =( NAMED_UNIT ( * ) SI_UNIT ( $, .STERADIAN. ) SOLID_ANGLE_UNIT ( ) );
#8035 = PRESENTATION_STYLE_ASSIGNMENT (( #1468 ) ) ;
#8036 = DIRECTION ( 'NONE',  ( -0.0000000000000000000, -0.0000000000000000000, 1.000000000000000000 ) ) ;
#8037 = SURFACE_STYLE_USAGE ( .BOTH. , #4470 ) ;
#8038 =( NAMED_UNIT ( * ) PLANE_ANGLE_UNIT ( ) SI_UNIT ( $, .RADIAN. ) );
#8039 = LINE ( 'NONE', #41, #2116 ) ;
#8040 = PRESENTATION_LAYER_ASSIGNMENT (  '', '', ( #11032 ) ) ;
#8041 = VECTOR ( 'NONE', #4950, 1000.000000000000000 ) ;
#8042 = EDGE_CURVE ( 'NONE', #5803, #9074, #1953, .T. ) ;
#8043 = ADVANCED_FACE ( 'NONE', ( #9952 ), #7276, .F. ) ;
#8044 = CARTESIAN_POINT ( 'NONE',  ( -0.3932339840675264098, -0.5999999999999999778, 0.3903020913489828048 ) ) ;
#8045 = PLANE ( 'NONE',  #3968 ) ;
#8046 = ORIENTED_EDGE ( 'NONE', *, *, #9704, .F. ) ;
#8047 = LINE ( 'NONE', #2672, #10550 ) ;
#8048 = FILL_AREA_STYLE_COLOUR ( '', #9298 ) ;
#8049 = CARTESIAN_POINT ( 'NONE',  ( 0.0000000000000000000, -0.6099999999999999867, 0.0000000000000000000 ) ) ;
#8050 = SURFACE_STYLE_FILL_AREA ( #2560 ) ;
#8051 = ORIENTED_EDGE ( 'NONE', *, *, #2100, .F. ) ;
#8052 = STYLED_ITEM ( 'NONE', ( #11000 ), #162 ) ;
#8053 = ORIENTED_EDGE ( 'NONE', *, *, #4084, .T. ) ;
#8054 = EDGE_CURVE ( 'NONE', #3822, #2870, #6145, .T. ) ;
#8055 = DIRECTION ( 'NONE',  ( -0.0000000000000000000, 1.000000000000000000, -0.0000000000000000000 ) ) ;
#8056 = SURFACE_STYLE_FILL_AREA ( #777 ) ;
#8057 = COLOUR_RGB ( '',1.000000000000000000, 1.000000000000000000, 1.000000000000000000 ) ;
#8058 = EDGE_LOOP ( 'NONE', ( #8, #5153, #9638, #5520 ) ) ;
#8059 = CARTESIAN_POINT ( 'NONE',  ( -0.3702553341169080303, -0.5999999999999999778, 0.4113883818919822910 ) ) ;
#8060 = SURFACE_STYLE_FILL_AREA ( #4435 ) ;
#8061 = DIRECTION ( 'NONE',  ( -0.0000000000000000000, -0.0000000000000000000, -1.000000000000000000 ) ) ;
#8062 = ORIENTED_EDGE ( 'NONE', *, *, #11673, .T. ) ;
#8063 = CARTESIAN_POINT ( 'NONE',  ( -0.5934531581024645730, -0.5999999999999999778, 0.4064914748928398214 ) ) ;
#8064 = LINE ( 'NONE', #783, #2356 ) ;
#8065 = ORIENTED_EDGE ( 'NONE', *, *, #1326, .T. ) ;
#8066 = FACE_OUTER_BOUND ( 'NONE', #7549, .T. ) ;
#8067 = SURFACE_STYLE_FILL_AREA ( #4678 ) ;
#8068 = SURFACE_SIDE_STYLE ('',( #10827 ) ) ;
#8069 = SURFACE_STYLE_FILL_AREA ( #554 ) ;
#8070 = ORIENTED_EDGE ( 'NONE', *, *, #4442, .F. ) ;
#8071 = DIRECTION ( 'NONE',  ( -1.000000000000000000, -0.0000000000000000000, -0.0000000000000000000 ) ) ;
#8072 = VECTOR ( 'NONE', #4792, 1000.000000000000000 ) ;
#8073 = CARTESIAN_POINT ( 'NONE',  ( -0.4380995381566284985, -0.6099999999999999867, 0.3858103371506220181 ) ) ;
#8074 = ORIENTED_EDGE ( 'NONE', *, *, #8307, .F. ) ;
#8075 = CARTESIAN_POINT ( 'NONE',  ( -0.5931639540490711848, -0.5999999999999999778, 0.4247109275837678832 ) ) ;
#8076 = B_SPLINE_SURFACE_WITH_KNOTS ( 'NONE', 3, 1, ( 
 ( #4900, #1568 ),
 ( #3447, #11596 ),
 ( #1744, #3505 ),
 ( #10730, #2492 ) ),
 .UNSPECIFIED., .F., .F., .F.,
 ( 4, 4 ),
 ( 2, 2 ),
 ( 4.000000000000000000, 5.000000000000000000 ),
 ( 0.0000000000000000000, 1.000000000000000000 ),
 .UNSPECIFIED. ) ;
#8077 = DIRECTION ( 'NONE',  ( -0.0000000000000000000, -0.0000000000000000000, 1.000000000000000000 ) ) ;
#8078 = ORIENTED_EDGE ( 'NONE', *, *, #9721, .T. ) ;
#8079 = ADVANCED_FACE ( 'NONE', ( #1369 ), #7083, .F. ) ;
#8080 = CARTESIAN_POINT ( 'NONE',  ( -0.3810688164466189964, -0.5999999999999999778, 0.4070213986434373377 ) ) ;
#8081 = ADVANCED_FACE ( 'NONE', ( #656 ), #6913, .F. ) ;
#8082 =( LENGTH_UNIT ( ) NAMED_UNIT ( * ) SI_UNIT ( .MILLI., .METRE. ) );
#8083 = CARTESIAN_POINT ( 'NONE',  ( -0.3531305212351366629, -0.6099999999999999867, 0.4148611733324051309 ) ) ;
#8084 = VECTOR ( 'NONE', #9353, 1000.000000000000000 ) ;
#8085 = PLANE ( 'NONE',  #4049 ) ;
#8086 =( LENGTH_UNIT ( ) NAMED_UNIT ( * ) SI_UNIT ( .MILLI., .METRE. ) );
#8087 =( LENGTH_UNIT ( ) NAMED_UNIT ( * ) SI_UNIT ( .MILLI., .METRE. ) );
#8088 = ORIENTED_EDGE ( 'NONE', *, *, #10773, .F. ) ;
#8089 = CARTESIAN_POINT ( 'NONE',  ( -0.2689101300135118278, -0.6099999999999999867, 0.4210997208304051442 ) ) ;
#8090 = CARTESIAN_POINT ( 'NONE',  ( -0.3614797773032129569, -0.5999999999999999778, 0.3937124973144972007 ) ) ;
#8091 = CARTESIAN_POINT ( 'NONE',  ( -0.3441262176798357553, -0.5999999999999999778, 0.3814225587437737874 ) ) ;
#8092 = CARTESIAN_POINT ( 'NONE',  ( -0.3680198545968793589, -0.5999999999999999778, 0.3959791695719803162 ) ) ;
#8093 = FACE_OUTER_BOUND ( 'NONE', #6044, .T. ) ;
#8094 = CARTESIAN_POINT ( 'NONE',  ( -0.5549898960555990080, -0.6099999999999999867, 0.5019266281507344107 ) ) ;
#8095 = FACE_BOUND ( 'NONE', #2615, .T. ) ;
#8096 = PRESENTATION_STYLE_ASSIGNMENT (( #2602 ) ) ;
#8097 = EDGE_CURVE ( 'NONE', #8879, #2788, #2472, .T. ) ;
#8098 = STYLED_ITEM ( 'NONE', ( #9309 ), #7192 ) ;
#8099 = CARTESIAN_POINT ( 'NONE',  ( -0.3938266460798453550, -0.6099999999999999867, 0.3932342086729819219 ) ) ;
#8100 =( NAMED_UNIT ( * ) SI_UNIT ( $, .STERADIAN. ) SOLID_ANGLE_UNIT ( ) );
#8101 = EDGE_LOOP ( 'NONE', ( #11631, #9306, #2757, #4740 ) ) ;
#8102 = UNCERTAINTY_MEASURE_WITH_UNIT (LENGTH_MEASURE( 1.000000000000000082E-05 ), #9907, 'distance_accuracy_value', 'NONE');
#8103 = COLOUR_RGB ( '',0.2509803921568627416, 0.2509803921568627416, 0.2509803921568627416 ) ;
#8104 = FILL_AREA_STYLE ('',( #3463 ) ) ;
#8105 = AXIS2_PLACEMENT_3D ( 'NONE', #7185, #11569, #3532 ) ;
#8106 = CARTESIAN_POINT ( 'NONE',  ( -0.4085080278582838842, -0.5999999999999999778, 0.4078740001346763400 ) ) ;
#8107 = CARTESIAN_POINT ( 'NONE',  ( -0.2933340434676897091, -0.5999999999999999778, 0.4858142535419729957 ) ) ;
#8108 = ORIENTED_EDGE ( 'NONE', *, *, #4011, .F. ) ;
#8109 = EDGE_CURVE ( 'NONE', #3240, #7081, #7890, .T. ) ;
#8110 = CARTESIAN_POINT ( 'NONE',  ( -0.3202013880251991518, -0.5999999999999999778, 0.3904476574573795822 ) ) ;
#8111 = ADVANCED_FACE ( 'NONE', ( #8679 ), #11408, .T. ) ;
#8112 = ORIENTED_EDGE ( 'NONE', *, *, #10271, .T. ) ;
#8113 = MECHANICAL_DESIGN_GEOMETRIC_PRESENTATION_REPRESENTATION (  '', ( #1434 ), #3917 ) ;
#8114 = PRESENTATION_STYLE_ASSIGNMENT (( #1708 ) ) ;
#8115 = ORIENTED_EDGE ( 'NONE', *, *, #1871, .F. ) ;
#8116 = VECTOR ( 'NONE', #7060, 1000.000000000000000 ) ;
#8117 = UNCERTAINTY_MEASURE_WITH_UNIT (LENGTH_MEASURE( 1.000000000000000082E-05 ), #5759, 'distance_accuracy_value', 'NONE');
#8118 = PRESENTATION_STYLE_ASSIGNMENT (( #4493 ) ) ;
#8119 =( NAMED_UNIT ( * ) SI_UNIT ( $, .STERADIAN. ) SOLID_ANGLE_UNIT ( ) );
#8120 =( NAMED_UNIT ( * ) PLANE_ANGLE_UNIT ( ) SI_UNIT ( $, .RADIAN. ) );
#8121 = DIRECTION ( 'NONE',  ( 0.0000000000000000000, 0.0000000000000000000, 1.000000000000000000 ) ) ;
#8122 = ORIENTED_EDGE ( 'NONE', *, *, #813, .F. ) ;
#8123 = CARTESIAN_POINT ( 'NONE',  ( -0.3548877121137902768, -0.5999999999999999778, 0.3764941062202255551 ) ) ;
#8124 = ORIENTED_EDGE ( 'NONE', *, *, #10155, .F. ) ;
#8125 = COLOUR_RGB ( '',1.000000000000000000, 1.000000000000000000, 1.000000000000000000 ) ;
#8126 = ADVANCED_FACE ( 'NONE', ( #12 ), #9933, .F. ) ;
#8127 = COLOUR_RGB ( '',1.000000000000000000, 1.000000000000000000, 1.000000000000000000 ) ;
#8128 =( NAMED_UNIT ( * ) PLANE_ANGLE_UNIT ( ) SI_UNIT ( $, .RADIAN. ) );
#8129 = STYLED_ITEM ( 'NONE', ( #4391 ), #8803 ) ;
#8130 = ORIENTED_EDGE ( 'NONE', *, *, #5755, .F. ) ;
#8131 = VECTOR ( 'NONE', #6549, 1000.000000000000000 ) ;
#8132 = LINE ( 'NONE', #2697, #2566 ) ;
#8133 = UNCERTAINTY_MEASURE_WITH_UNIT (LENGTH_MEASURE( 1.000000000000000082E-05 ), #11193, 'distance_accuracy_value', 'NONE');
#8134 = STYLED_ITEM ( 'NONE', ( #1264 ), #2783 ) ;
#8135 = SURFACE_STYLE_USAGE ( .BOTH. , #8018 ) ;
#8136 = CARTESIAN_POINT ( 'NONE',  ( -0.5142130622581835286, -0.6099999999999999867, 0.4484251028395369598 ) ) ;
#8137 = ORIENTED_EDGE ( 'NONE', *, *, #4333, .F. ) ;
#8138 = VECTOR ( 'NONE', #8447, 1000.000000000000000 ) ;
#8139 = SURFACE_STYLE_USAGE ( .BOTH. , #7326 ) ;
#8140 = ORIENTED_EDGE ( 'NONE', *, *, #2501, .F. ) ;
#8141 = CARTESIAN_POINT ( 'NONE',  ( -0.4183025474299184587, -0.5999999999999999778, 0.4087889871011015086 ) ) ;
#8142 = LINE ( 'NONE', #10843, #10787 ) ;
#8143 = LINE ( 'NONE', #6392, #1880 ) ;
#8144 = CARTESIAN_POINT ( 'NONE',  ( -0.3672816264763038574, -0.5999999999999999778, 0.4155266183989210771 ) ) ;
#8145 = EDGE_CURVE ( 'NONE', #7304, #830, #9994, .T. ) ;
#8146 = EDGE_CURVE ( 'NONE', #2593, #3771, #6198, .T. ) ;
#8147 = VECTOR ( 'NONE', #10609, 1000.000000000000000 ) ;
#8148 = STYLED_ITEM ( 'NONE', ( #2006 ), #3557 ) ;
#8149 = CARTESIAN_POINT ( 'NONE',  ( -0.3941697661922550222, -0.5999999999999999778, 0.4916992833482745073 ) ) ;
#8150 = SURFACE_SIDE_STYLE ('',( #9031 ) ) ;
#8151 = ORIENTED_EDGE ( 'NONE', *, *, #5406, .F. ) ;
#8152 = DIRECTION ( 'NONE',  ( 0.0000000000000000000, 0.0000000000000000000, -1.000000000000000000 ) ) ;
#8153 = SURFACE_STYLE_USAGE ( .BOTH. , #3450 ) ;
#8154 = CARTESIAN_POINT ( 'NONE',  ( -0.6333623962878505154, -0.5999999999999999778, 0.4735852790561209114 ) ) ;
#8155 = CARTESIAN_POINT ( 'NONE',  ( -0.3671464579470594680, -0.6099999999999999867, 0.3952513390305572027 ) ) ;
#8156 = EDGE_LOOP ( 'NONE', ( #226, #1038, #2761, #4241 ) ) ;
#8157 = CARTESIAN_POINT ( 'NONE',  ( -0.3239341189449583824, -0.5999999999999999778, 0.4522300728449469842 ) ) ;
#8158 = CARTESIAN_POINT ( 'NONE',  ( -0.4183025474299184587, -0.5999999999999999778, 0.4041308716360421660 ) ) ;
#8159 = STYLED_ITEM ( 'NONE', ( #4818 ), #9754 ) ;
#8160 = SURFACE_STYLE_FILL_AREA ( #868 ) ;
#8161 = CARTESIAN_POINT ( 'NONE',  ( -0.2906410704644477039, -0.6099999999999999867, 0.4218067562135269788 ) ) ;
#8162 =( GEOMETRIC_REPRESENTATION_CONTEXT ( 3 ) GLOBAL_UNCERTAINTY_ASSIGNED_CONTEXT ( ( #6976 ) ) GLOBAL_UNIT_ASSIGNED_CONTEXT ( ( #6224, #8931, #1690 ) ) REPRESENTATION_CONTEXT ( 'NONE', 'WORKASPACE' ) );
#8163 = VECTOR ( 'NONE', #8055, 1000.000000000000000 ) ;
#8164 = MECHANICAL_DESIGN_GEOMETRIC_PRESENTATION_REPRESENTATION (  '', ( #5929 ), #7606 ) ;
#8165 = B_SPLINE_CURVE_WITH_KNOTS ( 'NONE', 3,
 ( #7616, #1377, #1252, #7844 ),
 .UNSPECIFIED., .F., .F.,
 ( 4, 4 ),
 ( 2.000000000000000000, 3.000000000000000000 ),
 .UNSPECIFIED. ) ;
#8166 = CARTESIAN_POINT ( 'NONE',  ( -0.3711391283457417534, -0.5999999999999999778, 0.4686582479226092945 ) ) ;
#8167 = PRESENTATION_STYLE_ASSIGNMENT (( #7121 ) ) ;
#8168 = ORIENTED_EDGE ( 'NONE', *, *, #8097, .F. ) ;
#8169 = SURFACE_SIDE_STYLE ('',( #8896 ) ) ;
#8170 = STYLED_ITEM ( 'NONE', ( #10664 ), #4162 ) ;
#8171 = LINE ( 'NONE', #59, #7987 ) ;
#8172 = CARTESIAN_POINT ( 'NONE',  ( -0.3811000091840733295, -0.6099999999999999867, 0.3868292999085612971 ) ) ;
#8173 = ORIENTED_EDGE ( 'NONE', *, *, #9178, .F. ) ;
#8174 = B_SPLINE_CURVE_WITH_KNOTS ( 'NONE', 3,
 ( #4026, #6094, #9484, #8504 ),
 .UNSPECIFIED., .F., .F.,
 ( 4, 4 ),
 ( 9.000000000000000000, 10.00000000000000000 ),
 .UNSPECIFIED. ) ;
#8175 =( LENGTH_UNIT ( ) NAMED_UNIT ( * ) SI_UNIT ( .MILLI., .METRE. ) );
#8176 = DIRECTION ( 'NONE',  ( -1.000000000000000000, -0.0000000000000000000, -0.0000000000000000000 ) ) ;
#8177 = VECTOR ( 'NONE', #1930, 1000.000000000000000 ) ;
#8178 = ORIENTED_EDGE ( 'NONE', *, *, #4237, .T. ) ;
#8179 = MECHANICAL_DESIGN_GEOMETRIC_PRESENTATION_REPRESENTATION (  '', ( #11542 ), #4566 ) ;
#8180 = B_SPLINE_SURFACE_WITH_KNOTS ( 'NONE', 3, 1, ( 
 ( #7280, #8092 ),
 ( #8155, #11599 ),
 ( #9911, #11719 ),
 ( #1973, #3509 ) ),
 .UNSPECIFIED., .F., .F., .F.,
 ( 4, 4 ),
 ( 2, 2 ),
 ( 2.000000000000000000, 3.000000000000000000 ),
 ( 0.0000000000000000000, 1.000000000000000000 ),
 .UNSPECIFIED. ) ;
#8181 = EDGE_CURVE ( 'NONE', #1418, #826, #6424, .T. ) ;
#8182 = ORIENTED_EDGE ( 'NONE', *, *, #9668, .T. ) ;
#8183 = ADVANCED_FACE ( 'NONE', ( #8003 ), #4552, .F. ) ;
#8184 = SURFACE_STYLE_USAGE ( .BOTH. , #2568 ) ;
#8185 = FILL_AREA_STYLE ('',( #4379 ) ) ;
#8186 = VERTEX_POINT ( 'NONE', #8485 ) ;
#8187 = CARTESIAN_POINT ( 'NONE',  ( -0.2906410704644477039, -0.6099999999999999867, 0.4218067562135269788 ) ) ;
#8188 = ORIENTED_EDGE ( 'NONE', *, *, #5237, .F. ) ;
#8189 = SURFACE_STYLE_FILL_AREA ( #10886 ) ;
#8190 = LINE ( 'NONE', #9831, #6488 ) ;
#8191 = CARTESIAN_POINT ( 'NONE',  ( -0.3950327652627852459, -0.5999999999999999778, 0.4543303838357317104 ) ) ;
#8192 = CARTESIAN_POINT ( 'NONE',  ( -0.3811000091840733295, -0.6099999999999999867, 0.3920904749649506971 ) ) ;
#8193 = ORIENTED_EDGE ( 'NONE', *, *, #2081, .F. ) ;
#8194 =( LENGTH_UNIT ( ) NAMED_UNIT ( * ) SI_UNIT ( .MILLI., .METRE. ) );
#8195 = EDGE_CURVE ( 'NONE', #118, #6748, #10161, .T. ) ;
#8196 = SURFACE_SIDE_STYLE ('',( #30 ) ) ;
#8197 = ORIENTED_EDGE ( 'NONE', *, *, #4443, .F. ) ;
#8198 = DIRECTION ( 'NONE',  ( 0.0000000000000000000, -0.0000000000000000000, -1.000000000000000000 ) ) ;
#8199 = SURFACE_STYLE_FILL_AREA ( #5483 ) ;
#8200 = ORIENTED_EDGE ( 'NONE', *, *, #1937, .F. ) ;
#8201 = CARTESIAN_POINT ( 'NONE',  ( -0.5714741464904588009, -0.6099999999999999867, 0.4148782159270467673 ) ) ;
#8202 = CARTESIAN_POINT ( 'NONE',  ( -0.3941177782963601328, -0.6099999999999999867, 0.4869579872497272754 ) ) ;
#8203 = SURFACE_STYLE_USAGE ( .BOTH. , #7214 ) ;
#8204 = CARTESIAN_POINT ( 'NONE',  ( 0.0000000000000000000, -0.6099999999999997646, 0.0000000000000000000 ) ) ;
#8205 = CARTESIAN_POINT ( 'NONE',  ( -0.2748575452947220610, -0.6099999999999999867, 0.4503377134371886470 ) ) ;
#8206 = EDGE_CURVE ( 'NONE', #6060, #2413, #2923, .T. ) ;
#8207 = CARTESIAN_POINT ( 'NONE',  ( -0.4380995381566284985, -0.5999999999999999778, 0.4264856668368886550 ) ) ;
#8208 = B_SPLINE_CURVE_WITH_KNOTS ( 'NONE', 3,
 ( #5844, #8683, #5063, #246 ),
 .UNSPECIFIED., .F., .F.,
 ( 4, 4 ),
 ( 7.000000000000000000, 8.000000000000000000 ),
 .UNSPECIFIED. ) ;
#8209 = CARTESIAN_POINT ( 'NONE',  ( -0.3845312103078911137, -0.6099999999999999867, 0.4520221212616433171 ) ) ;
#8210 = PRESENTATION_STYLE_ASSIGNMENT (( #2711 ) ) ;
#8211 =( LENGTH_UNIT ( ) NAMED_UNIT ( * ) SI_UNIT ( .MILLI., .METRE. ) );
#8212 =( NAMED_UNIT ( * ) SI_UNIT ( $, .STERADIAN. ) SOLID_ANGLE_UNIT ( ) );
#8213 =( GEOMETRIC_REPRESENTATION_CONTEXT ( 3 ) GLOBAL_UNCERTAINTY_ASSIGNED_CONTEXT ( ( #3344 ) ) GLOBAL_UNIT_ASSIGNED_CONTEXT ( ( #10006, #9137, #3719 ) ) REPRESENTATION_CONTEXT ( 'NONE', 'WORKASPACE' ) );
#8214 = ORIENTED_EDGE ( 'NONE', *, *, #2390, .F. ) ;
#8215 = LINE ( 'NONE', #10194, #1249 ) ;
#8216 = SURFACE_STYLE_USAGE ( .BOTH. , #6401 ) ;
#8217 = CARTESIAN_POINT ( 'NONE',  ( -0.3930988155384208538, -0.5999999999999999778, 0.3976011919215282076 ) ) ;
#8218 = CARTESIAN_POINT ( 'NONE',  ( -0.3056551747761435678, -0.6099999999999999867, 0.4503377134371886470 ) ) ;
#8219 = ORIENTED_EDGE ( 'NONE', *, *, #3615, .T. ) ;
#8220 = PLANE ( 'NONE',  #5545 ) ;
#8221 = COLOUR_RGB ( '',0.7529411764705882248, 0.7529411764705882248, 0.7529411764705882248 ) ;
#8222 = STYLED_ITEM ( 'NONE', ( #10503 ), #2232 ) ;
#8223 = LINE ( 'NONE', #2841, #7719 ) ;
#8224 = LINE ( 'NONE', #3689, #1222 ) ;
#8225 = DIRECTION ( 'NONE',  ( -0.0000000000000000000, 1.000000000000000000, -0.0000000000000000000 ) ) ;
#8226 = VERTEX_POINT ( 'NONE', #8376 ) ;
#8227 = CARTESIAN_POINT ( 'NONE',  ( -0.4893420873371294166, -0.5999999999999999778, 0.4258677051850371376 ) ) ;
#8228 = PRESENTATION_STYLE_ASSIGNMENT (( #3813 ) ) ;
#8229 = CARTESIAN_POINT ( 'NONE',  ( -0.3930988155384208538, -0.6099999999999999867, 0.4042764377444389434 ) ) ;
#8230 = FILL_AREA_STYLE_COLOUR ( '', #4411 ) ;
#8231 =( LENGTH_UNIT ( ) NAMED_UNIT ( * ) SI_UNIT ( .MILLI., .METRE. ) );
#8232 = COLOUR_RGB ( '',1.000000000000000000, 1.000000000000000000, 1.000000000000000000 ) ;
#8233 = PLANE ( 'NONE',  #11644 ) ;
#8234 = CARTESIAN_POINT ( 'NONE',  ( -0.2935315974718414878, -0.6099999999999999867, 0.4845873392007309377 ) ) ;
#8235 = ORIENTED_EDGE ( 'NONE', *, *, #2603, .T. ) ;
#8237 = ADVANCED_FACE ( 'NONE', ( #8430 ), #9295, .F. ) ;
#8236 = CARTESIAN_POINT ( 'NONE',  ( -0.3354338414996272388, -0.5999999999999999778, 0.4863341325000934967 ) ) ;
#8238 = CARTESIAN_POINT ( 'NONE',  ( -0.3998988323111475340, -0.6099999999999999867, 0.3994727561709824903 ) ) ;
#8239 = SURFACE_STYLE_USAGE ( .BOTH. , #5525 ) ;
#8240 = VERTEX_POINT ( 'NONE', #3051 ) ;
#8241 = VECTOR ( 'NONE', #5048, 1000.000000000000000 ) ;
#8242 = CARTESIAN_POINT ( 'NONE',  ( -0.3254521655027147187, -0.6099999999999999867, 0.3858103371506220181 ) ) ;
#8243 = CARTESIAN_POINT ( 'NONE',  ( -0.5642442161535456968, -0.6099999999999999867, 0.3955019856348488960 ) ) ;
#8244 = VERTEX_POINT ( 'NONE', #3828 ) ;
#8245 = UNCERTAINTY_MEASURE_WITH_UNIT (LENGTH_MEASURE( 1.000000000000000082E-05 ), #7241, 'distance_accuracy_value', 'NONE');
#8246 = SURFACE_STYLE_USAGE ( .BOTH. , #9125 ) ;
#8247 = PRESENTATION_LAYER_ASSIGNMENT (  '', '', ( #3674 ) ) ;
#8248 = ORIENTED_EDGE ( 'NONE', *, *, #1597, .T. ) ;
#8249 = ORIENTED_EDGE ( 'NONE', *, *, #8502, .F. ) ;
#8250 = LINE ( 'NONE', #75, #3677 ) ;
#8251 = FILL_AREA_STYLE_COLOUR ( '', #1817 ) ;
#8252 = DIRECTION ( 'NONE',  ( -0.0000000000000000000, -0.0000000000000000000, -1.000000000000000000 ) ) ;
#8253 = EDGE_CURVE ( 'NONE', #4462, #2350, #812, .T. ) ;
#8254 = VERTEX_POINT ( 'NONE', #5596 ) ;
#8255 = PRESENTATION_LAYER_ASSIGNMENT (  '', '', ( #9570 ) ) ;
#8256 = FILL_AREA_STYLE_COLOUR ( '', #7168 ) ;
#8257 = UNCERTAINTY_MEASURE_WITH_UNIT (LENGTH_MEASURE( 1.000000000000000082E-05 ), #11343, 'distance_accuracy_value', 'NONE');
#8258 = CARTESIAN_POINT ( 'NONE',  ( -0.3941177782963601328, -0.6099999999999999867, 0.4869579872497272754 ) ) ;
#8259 = CARTESIAN_POINT ( 'NONE',  ( -0.4085080278582838842, -0.6099999999999999867, 0.4078740001346763400 ) ) ;
#8260 = ORIENTED_EDGE ( 'NONE', *, *, #4553, .T. ) ;
#8261 = CARTESIAN_POINT ( 'NONE',  ( -0.2239198049744566543, -0.6099999999999999867, 0.3858103371506220181 ) ) ;
#8262 = DIRECTION ( 'NONE',  ( -0.0000000000000000000, 0.0000000000000000000, 1.000000000000000000 ) ) ;
#8263 = ORIENTED_EDGE ( 'NONE', *, *, #3159, .F. ) ;
#8264 = DIRECTION ( 'NONE',  ( 0.0000000000000000000, 0.0000000000000000000, -1.000000000000000000 ) ) ;
#8265 = B_SPLINE_CURVE_WITH_KNOTS ( 'NONE', 3,
 ( #4178, #7804, #1626, #4286 ),
 .UNSPECIFIED., .F., .F.,
 ( 4, 4 ),
 ( 8.000000000000000000, 9.000000000000000000 ),
 .UNSPECIFIED. ) ;
#8266 = CARTESIAN_POINT ( 'NONE',  ( -0.2848080285539025813, -0.6099999999999999867, 0.4614631231418551693 ) ) ;
#8267 = SURFACE_STYLE_FILL_AREA ( #11062 ) ;
#8268 = EDGE_CURVE ( 'NONE', #5174, #7341, #3113, .T. ) ;
#8269 = COLOUR_RGB ( '',1.000000000000000000, 1.000000000000000000, 1.000000000000000000 ) ;
#8270 = B_SPLINE_CURVE_WITH_KNOTS ( 'NONE', 3,
 ( #2394, #9528, #2206, #3945 ),
 .UNSPECIFIED., .F., .F.,
 ( 4, 4 ),
 ( 16.00000000000000000, 17.00000000000000000 ),
 .UNSPECIFIED. ) ;
#8271 = SURFACE_STYLE_USAGE ( .BOTH. , #1869 ) ;
#8272 = CARTESIAN_POINT ( 'NONE',  ( -0.3727195603785443123, -0.6099999999999999867, 0.3892831285910451911 ) ) ;
#8273 = CARTESIAN_POINT ( 'NONE',  ( -0.6246864732644057394, -0.6099999999999999867, 0.4611498053853264611 ) ) ;
#8274 = ORIENTED_EDGE ( 'NONE', *, *, #1537, .F. ) ;
#8275 = FILL_AREA_STYLE ('',( #4834 ) ) ;
#8276 = SURFACE_STYLE_FILL_AREA ( #4644 ) ;
#8277 = ORIENTED_EDGE ( 'NONE', *, *, #6373, .F. ) ;
#8278 = DIRECTION ( 'NONE',  ( -0.0000000000000000000, 1.000000000000000000, -0.0000000000000000000 ) ) ;
#8279 =( GEOMETRIC_REPRESENTATION_CONTEXT ( 3 ) GLOBAL_UNCERTAINTY_ASSIGNED_CONTEXT ( ( #2740 ) ) GLOBAL_UNIT_ASSIGNED_CONTEXT ( ( #8713, #8652, #4121 ) ) REPRESENTATION_CONTEXT ( 'NONE', 'WORKASPACE' ) );
#8280 = LINE ( 'NONE', #2664, #903 ) ;
#8281 =( NAMED_UNIT ( * ) PLANE_ANGLE_UNIT ( ) SI_UNIT ( $, .RADIAN. ) );
#8282 = DIRECTION ( 'NONE',  ( -0.0000000000000000000, -0.0000000000000000000, 1.000000000000000000 ) ) ;
#8283 = ADVANCED_FACE ( 'NONE', ( #3880 ), #2989, .T. ) ;
#8284 = PRESENTATION_LAYER_ASSIGNMENT (  '', '', ( #8864 ) ) ;
#8285 = CARTESIAN_POINT ( 'NONE',  ( -0.6510034484565657698, -0.5999999999999999778, 0.4559442372297048407 ) ) ;
#8286 = DIRECTION ( 'NONE',  ( -0.0000000000000000000, -0.0000000000000000000, 1.000000000000000000 ) ) ;
#8287 = FACE_OUTER_BOUND ( 'NONE', #8373, .T. ) ;
#8288 = CARTESIAN_POINT ( 'NONE',  ( -0.3758180389692417633, -0.5999999999999999778, 0.4086434209927063410 ) ) ;
#8289 = PRESENTATION_STYLE_ASSIGNMENT (( #11085 ) ) ;
#8290 = DIRECTION ( 'NONE',  ( 0.0000000000000000000, 1.000000000000000000, 0.0000000000000000000 ) ) ;
#8291 = CARTESIAN_POINT ( 'NONE',  ( -0.3544926041054858312, -0.6099999999999999867, 0.3721271229716806572 ) ) ;
#8292 = COLOUR_RGB ( '',1.000000000000000000, 1.000000000000000000, 1.000000000000000000 ) ;
#8293 = CARTESIAN_POINT ( 'NONE',  ( -0.3778039765893612678, -0.6099999999999999867, 0.4132183558245551280 ) ) ;
#8294 = EDGE_LOOP ( 'NONE', ( #7028, #3907, #5608, #6697 ) ) ;
#8295 = COLOUR_RGB ( '',1.000000000000000000, 1.000000000000000000, 1.000000000000000000 ) ;
#8296 = DIRECTION ( 'NONE',  ( -0.9345104387417469960, 0.0000000000000000000, -0.3559357243698748618 ) ) ;
#8297 = CARTESIAN_POINT ( 'NONE',  ( -0.3688932512465606939, -0.5999999999999999778, 0.3967070001134047619 ) ) ;
#8298 = B_SPLINE_CURVE_WITH_KNOTS ( 'NONE', 3,
 ( #10168, #1847, #5652, #4810 ),
 .UNSPECIFIED., .F., .F.,
 ( 4, 4 ),
 ( 4.000000000000000000, 5.000000000000000000 ),
 .UNSPECIFIED. ) ;
#8299 = CARTESIAN_POINT ( 'NONE',  ( -0.5249133695267967914, -0.5999999999999999778, 0.4035995005517841183 ) ) ;
#8300 = EDGE_LOOP ( 'NONE', ( #684, #8675, #2377, #287 ) ) ;
#8301 = STYLED_ITEM ( 'NONE', ( #4482 ), #10894 ) ;
#8302 = DIRECTION ( 'NONE',  ( 0.3493954794973195832, -0.0000000000000000000, -0.9369753459439783549 ) ) ;
#8303 = DIRECTION ( 'NONE',  ( -0.0000000000000000000, 1.000000000000000000, -0.0000000000000000000 ) ) ;
#8304 = VECTOR ( 'NONE', #9917, 1000.000000000000000 ) ;
#8305 = ADVANCED_FACE ( 'NONE', ( #465 ), #2457, .F. ) ;
#8306 = ORIENTED_EDGE ( 'NONE', *, *, #8195, .T. ) ;
#8307 = EDGE_CURVE ( 'NONE', #11625, #9004, #4255, .T. ) ;
#8308 = CARTESIAN_POINT ( 'NONE',  ( -0.4091110874497538852, -0.5999999999999999778, 0.4857102777501829394 ) ) ;
#8309 = PLANE ( 'NONE',  #10840 ) ;
#8310 = CARTESIAN_POINT ( 'NONE',  ( -0.6296028373667721389, -0.6099999999999999867, 0.3885612428034561638 ) ) ;
#8311 = UNCERTAINTY_MEASURE_WITH_UNIT (LENGTH_MEASURE( 1.000000000000000082E-05 ), #10396, 'distance_accuracy_value', 'NONE');
#8312 = ORIENTED_EDGE ( 'NONE', *, *, #9352, .F. ) ;
#8313 = CARTESIAN_POINT ( 'NONE',  ( -0.3845312103078911137, -0.6099999999999999867, 0.4845457488841256044 ) ) ;
#8314 = FILL_AREA_STYLE_COLOUR ( '', #2431 ) ;
#8315 = COLOUR_RGB ( '',0.7529411764705882248, 0.7529411764705882248, 0.7529411764705882248 ) ;
#8316 = CARTESIAN_POINT ( 'NONE',  ( -0.3362240575156832390, -0.6099999999999999867, 0.4148611733324051309 ) ) ;
#8317 =( GEOMETRIC_REPRESENTATION_CONTEXT ( 3 ) GLOBAL_UNCERTAINTY_ASSIGNED_CONTEXT ( ( #2873 ) ) GLOBAL_UNIT_ASSIGNED_CONTEXT ( ( #6773, #80, #10343 ) ) REPRESENTATION_CONTEXT ( 'NONE', 'WORKASPACE' ) );
#8318 = EDGE_LOOP ( 'NONE', ( #8377, #9709, #2463, #768 ) ) ;
#8319 = PRESENTATION_LAYER_ASSIGNMENT (  '', '', ( #2013 ) ) ;
#8320 = CARTESIAN_POINT ( 'NONE',  ( -0.4717010372369847548, -0.6099999999999999867, 0.4435087442531740476 ) ) ;
#8321 = FILL_AREA_STYLE_COLOUR ( '', #8705 ) ;
#8322 = ORIENTED_EDGE ( 'NONE', *, *, #3967, .F. ) ;
#8323 = CARTESIAN_POINT ( 'NONE',  ( -0.2906410704644477039, -0.5999999999999999778, 0.4218067562135269788 ) ) ;
#8324 = PRESENTATION_LAYER_ASSIGNMENT (  '', '', ( #5301 ) ) ;
#8325 = PLANE ( 'NONE',  #6962 ) ;
#8326 = LINE ( 'NONE', #10837, #2613 ) ;
#8327 = VERTEX_POINT ( 'NONE', #4138 ) ;
#8328 = FILL_AREA_STYLE_COLOUR ( '', #11087 ) ;
#8329 = VECTOR ( 'NONE', #8402, 1000.000000000000000 ) ;
#8330 = FACE_BOUND ( 'NONE', #10672, .T. ) ;
#8331 = CARTESIAN_POINT ( 'NONE',  ( -0.2648238814023293197, -0.6099999999999999867, 0.3953137245057418148 ) ) ;
#8332 = CARTESIAN_POINT ( 'NONE',  ( -0.3671464579470594680, -0.5999999999999999778, 0.3952513390305572027 ) ) ;
#8333 = PRESENTATION_LAYER_ASSIGNMENT (  '', '', ( #8525 ) ) ;
#8334 = VECTOR ( 'NONE', #7960, 1000.000000000000000 ) ;
#8335 = STYLED_ITEM ( 'NONE', ( #9172 ), #9082 ) ;
#8336 = APPLICATION_CONTEXT ( 'automotive_design' ) ;
#8337 = CARTESIAN_POINT ( 'NONE',  ( -0.3647550147396215747, -0.5999999999999999778, 0.3874323594998910769 ) ) ;
#8338 = PRESENTATION_STYLE_ASSIGNMENT (( #8271 ) ) ;
#8339 = FILL_AREA_STYLE ('',( #9154 ) ) ;
#8340 = ADVANCED_FACE ( 'NONE', ( #5045 ), #2392, .F. ) ;
#8341 =( GEOMETRIC_REPRESENTATION_CONTEXT ( 3 ) GLOBAL_UNCERTAINTY_ASSIGNED_CONTEXT ( ( #7082 ) ) GLOBAL_UNIT_ASSIGNED_CONTEXT ( ( #8467, #4840, #3690 ) ) REPRESENTATION_CONTEXT ( 'NONE', 'WORKASPACE' ) );
#8342 = VERTEX_POINT ( 'NONE', #4309 ) ;
#8343 = ADVANCED_FACE ( 'NONE', ( #11214 ), #10746, .F. ) ;
#8344 = SURFACE_STYLE_USAGE ( .BOTH. , #10911 ) ;
#8345 = VERTEX_POINT ( 'NONE', #9867 ) ;
#8346 =( NAMED_UNIT ( * ) SI_UNIT ( $, .STERADIAN. ) SOLID_ANGLE_UNIT ( ) );
#8347 = CARTESIAN_POINT ( 'NONE',  ( -0.3982144244866936966, -0.6099999999999999867, 0.3851240969258026281 ) ) ;
#8348 = CARTESIAN_POINT ( 'NONE',  ( -0.3309420873009890074, -0.5999999999999999778, 0.4148611733324051309 ) ) ;
#8349 = CARTESIAN_POINT ( 'NONE',  ( -0.3930988155384208538, -0.6099999999999999867, 0.4003877431374077145 ) ) ;
#8350 = PRESENTATION_LAYER_ASSIGNMENT (  '', '', ( #1648 ) ) ;
#8351 = VECTOR ( 'NONE', #3845, 1000.000000000000000 ) ;
#8352 = FILL_AREA_STYLE ('',( #7462 ) ) ;
#8353 = CARTESIAN_POINT ( 'NONE',  ( -0.3415788107847114174, -0.6099999999999999867, 0.4549750337439453785 ) ) ;
#8354 = LINE ( 'NONE', #9973, #136 ) ;
#8355 = ORIENTED_EDGE ( 'NONE', *, *, #10153, .T. ) ;
#8356 = VECTOR ( 'NONE', #9396, 1000.000000000000000 ) ;
#8357 =( NAMED_UNIT ( * ) PLANE_ANGLE_UNIT ( ) SI_UNIT ( $, .RADIAN. ) );
#8358 = ADVANCED_FACE ( 'NONE', ( #9751 ), #9317, .F. ) ;
#8359 = CARTESIAN_POINT ( 'NONE',  ( -0.5032235509361765446, -0.6099999999999999867, 0.4727176862018156456 ) ) ;
#8360 =( NAMED_UNIT ( * ) PLANE_ANGLE_UNIT ( ) SI_UNIT ( $, .RADIAN. ) );
#8361 = FACE_OUTER_BOUND ( 'NONE', #7886, .T. ) ;
#8362 = PRESENTATION_LAYER_ASSIGNMENT (  '', '', ( #9282 ) ) ;
#8363 = VECTOR ( 'NONE', #9501, 1000.000000000000000 ) ;
#8364 = VERTEX_POINT ( 'NONE', #2507 ) ;
#8365 = VECTOR ( 'NONE', #6655, 1000.000000000000000 ) ;
#8366 = FILL_AREA_STYLE ('',( #1291 ) ) ;
#8367 = CARTESIAN_POINT ( 'NONE',  ( -0.3985055567032068091, -0.6099999999999999867, 0.4155266183989210771 ) ) ;
#8368 = MECHANICAL_DESIGN_GEOMETRIC_PRESENTATION_REPRESENTATION (  '', ( #1072 ), #9658 ) ;
#8369 = B_SPLINE_CURVE_WITH_KNOTS ( 'NONE', 3,
 ( #10329, #3152, #8770, #5150 ),
 .UNSPECIFIED., .F., .F.,
 ( 4, 4 ),
 ( 1.000000000000000000, 2.000000000000000000 ),
 .UNSPECIFIED. ) ;
#8370 = ORIENTED_EDGE ( 'NONE', *, *, #6795, .T. ) ;
#8371 = CARTESIAN_POINT ( 'NONE',  ( -0.3309420873009890074, -0.6099999999999999867, 0.4148611733324051309 ) ) ;
#8372 = VECTOR ( 'NONE', #7405, 1000.000000000000000 ) ;
#8373 = EDGE_LOOP ( 'NONE', ( #9441, #461, #8774, #11333 ) ) ;
#8374 = UNCERTAINTY_MEASURE_WITH_UNIT (LENGTH_MEASURE( 1.000000000000000082E-05 ), #326, 'distance_accuracy_value', 'NONE');
#8375 = EDGE_CURVE ( 'NONE', #11729, #1260, #704, .T. ) ;
#8376 = CARTESIAN_POINT ( 'NONE',  ( -0.4088511479705551066, -0.5999999999999999778, 0.3874115643415892429 ) ) ;
#8377 = ORIENTED_EDGE ( 'NONE', *, *, #11145, .T. ) ;
#8378 = FACE_OUTER_BOUND ( 'NONE', #2427, .T. ) ;
#8379 = CARTESIAN_POINT ( 'NONE',  ( -0.5642442161535456968, -0.6099999999999999867, 0.3972371658269021055 ) ) ;
#8380 = PRESENTATION_STYLE_ASSIGNMENT (( #2748 ) ) ;
#8381 = ADVANCED_FACE ( 'NONE', ( #7993 ), #7446, .T. ) ;
#8382 = EDGE_CURVE ( 'NONE', #7623, #3784, #4658, .T. ) ;
#8383 = ORIENTED_EDGE ( 'NONE', *, *, #3703, .T. ) ;
#8384 = UNCERTAINTY_MEASURE_WITH_UNIT (LENGTH_MEASURE( 1.000000000000000082E-05 ), #11137, 'distance_accuracy_value', 'NONE');
#8385 = CARTESIAN_POINT ( 'NONE',  ( -0.5934531581024645730, -0.6099999999999999867, 0.4064914748928398214 ) ) ;
#8386 = ORIENTED_EDGE ( 'NONE', *, *, #8206, .T. ) ;
#8387 = CARTESIAN_POINT ( 'NONE',  ( -0.6206377185640783445, -0.6099999999999999867, 0.3862476655369023737 ) ) ;
#8388 = CARTESIAN_POINT ( 'NONE',  ( -0.3752981600109826510, -0.6099999999999999867, 0.4095999982757371205 ) ) ;
#8389 = B_SPLINE_SURFACE_WITH_KNOTS ( 'NONE', 3, 1, ( 
 ( #4729, #3996 ),
 ( #9344, #3039 ),
 ( #1889, #1213 ),
 ( #5694, #6704 ) ),
 .UNSPECIFIED., .F., .F., .F.,
 ( 4, 4 ),
 ( 2, 2 ),
 ( 0.0000000000000000000, 1.000000000000000000 ),
 ( 0.0000000000000000000, 1.000000000000000000 ),
 .UNSPECIFIED. ) ;
#8390 = CARTESIAN_POINT ( 'NONE',  ( -0.4714118442155996735, -0.6099999999999999867, 0.4261569092382920254 ) ) ;
#8391 = ORIENTED_EDGE ( 'NONE', *, *, #4115, .T. ) ;
#8392 = FACE_OUTER_BOUND ( 'NONE', #10181, .T. ) ;
#8393 = SURFACE_STYLE_USAGE ( .BOTH. , #1978 ) ;
#8394 = FILL_AREA_STYLE ('',( #1070 ) ) ;
#8395 =( NAMED_UNIT ( * ) PLANE_ANGLE_UNIT ( ) SI_UNIT ( $, .RADIAN. ) );
#8396 = EDGE_CURVE ( 'NONE', #1099, #6108, #5560, .T. ) ;
#8397 = ORIENTED_EDGE ( 'NONE', *, *, #8268, .T. ) ;
#8398 = SURFACE_STYLE_FILL_AREA ( #2826 ) ;
#8399 =( LENGTH_UNIT ( ) NAMED_UNIT ( * ) SI_UNIT ( .MILLI., .METRE. ) );
#8400 = VERTEX_POINT ( 'NONE', #10100 ) ;
#8401 = FILL_AREA_STYLE ('',( #11126 ) ) ;
#8402 = DIRECTION ( 'NONE',  ( -0.0000000000000000000, -0.0000000000000000000, 1.000000000000000000 ) ) ;
#8403 = PLANE ( 'NONE',  #4160 ) ;
#8404 = CARTESIAN_POINT ( 'NONE',  ( -0.4021343118311778153, -0.6099999999999999867, 0.3851240969258026281 ) ) ;
#8405 = FILL_AREA_STYLE ('',( #1390 ) ) ;
#8406 = CARTESIAN_POINT ( 'NONE',  ( -0.5931639595650750607, -0.6099999999999999867, 0.3665822422234592537 ) ) ;
#8407 = CARTESIAN_POINT ( 'NONE',  ( -0.4048272848344182107, -0.6099999999999999867, 0.3976843725547389852 ) ) ;
#8408 = SURFACE_STYLE_FILL_AREA ( #8352 ) ;
#8409 = CARTESIAN_POINT ( 'NONE',  ( -0.6090698129254329407, -0.6099999999999999867, 0.4785016348842049405 ) ) ;
#8410 = DIRECTION ( 'NONE',  ( -0.0000000000000000000, 1.000000000000000000, -0.0000000000000000000 ) ) ;
#8411 = ORIENTED_EDGE ( 'NONE', *, *, #9970, .F. ) ;
#8412 = CARTESIAN_POINT ( 'NONE',  ( -0.3356417930826539053, -0.6099999999999999867, 0.4503377134371886470 ) ) ;
#8413 =( LENGTH_UNIT ( ) NAMED_UNIT ( * ) SI_UNIT ( .MILLI., .METRE. ) );
#8414 = DIRECTION ( 'NONE',  ( -0.0000000000000000000, -0.0000000000000000000, 1.000000000000000000 ) ) ;
#8415 = FILL_AREA_STYLE ('',( #11266 ) ) ;
#8416 = CARTESIAN_POINT ( 'NONE',  ( -0.4714118442155996735, -0.5999999999999999778, 0.4261569092382920254 ) ) ;
#8417 = SURFACE_STYLE_FILL_AREA ( #7580 ) ;
#8418 = ORIENTED_EDGE ( 'NONE', *, *, #8978, .F. ) ;
#8419 = COLOUR_RGB ( '',1.000000000000000000, 1.000000000000000000, 1.000000000000000000 ) ;
#8420 = CARTESIAN_POINT ( 'NONE',  ( -0.4328487606792498221, -0.6099999999999999867, 0.3904476574573795822 ) ) ;
#8421 = MECHANICAL_DESIGN_GEOMETRIC_PRESENTATION_REPRESENTATION (  '', ( #10086 ), #9904 ) ;
#8422 = ADVANCED_FACE ( 'NONE', ( #9342 ), #274, .F. ) ;
#8423 = EDGE_CURVE ( 'NONE', #3122, #4813, #1093, .T. ) ;
#8424 = ORIENTED_EDGE ( 'NONE', *, *, #7408, .F. ) ;
#8425 = FILL_AREA_STYLE ('',( #11094 ) ) ;
#8426 = FILL_AREA_STYLE_COLOUR ( '', #9789 ) ;
#8427 = STYLED_ITEM ( 'NONE', ( #8431 ), #1272 ) ;
#8428 = ORIENTED_EDGE ( 'NONE', *, *, #8757, .F. ) ;
#8429 = COLOUR_RGB ( '',1.000000000000000000, 1.000000000000000000, 1.000000000000000000 ) ;
#8430 = FACE_OUTER_BOUND ( 'NONE', #10026, .T. ) ;
#8431 = PRESENTATION_STYLE_ASSIGNMENT (( #1050 ) ) ;
#8432 = SURFACE_STYLE_USAGE ( .BOTH. , #8551 ) ;
#8433 = SURFACE_STYLE_USAGE ( .BOTH. , #4742 ) ;
#8434 = EDGE_LOOP ( 'NONE', ( #2974, #7708, #6847, #10004 ) ) ;
#8435 = CARTESIAN_POINT ( 'NONE',  ( -0.3674999756386199690, -0.5999999999999999778, 0.4113883818919822910 ) ) ;
#8436 = CARTESIAN_POINT ( 'NONE',  ( -0.2757309419445418963, -0.6099999999999999867, 0.4205382515554020872 ) ) ;
#8437 = CARTESIAN_POINT ( 'NONE',  ( -0.6999999999999999556, 0.5999999999999999778, -0.05000000000000000278 ) ) ;
#8438 = STYLED_ITEM ( 'NONE', ( #8035 ), #1459 ) ;
#8439 = ADVANCED_FACE ( 'NONE', ( #10207 ), #7355, .F. ) ;
#8440 = ORIENTED_EDGE ( 'NONE', *, *, #1191, .F. ) ;
#8441 =( NAMED_UNIT ( * ) SI_UNIT ( $, .STERADIAN. ) SOLID_ANGLE_UNIT ( ) );
#8442 =( NAMED_UNIT ( * ) PLANE_ANGLE_UNIT ( ) SI_UNIT ( $, .RADIAN. ) );
#8443 = SURFACE_STYLE_USAGE ( .BOTH. , #10071 ) ;
#8444 = CARTESIAN_POINT ( 'NONE',  ( -0.5873800108828248767, -0.5999999999999999778, 0.4064914748928398214 ) ) ;
#8445 = PRODUCT_DEFINITION ( 'Œ¥÷™', '', #5109, #10408 ) ;
#8446 = ORIENTED_EDGE ( 'NONE', *, *, #6648, .F. ) ;
#8447 = DIRECTION ( 'NONE',  ( -0.0000000000000000000, -0.0000000000000000000, 1.000000000000000000 ) ) ;
#8448 = CARTESIAN_POINT ( 'NONE',  ( -0.6437735132930798576, -0.6099999999999999867, 0.4001291401679580306 ) ) ;
#8449 = ORIENTED_EDGE ( 'NONE', *, *, #4165, .F. ) ;
#8450 = FACE_OUTER_BOUND ( 'NONE', #3700, .T. ) ;
#8451 = CARTESIAN_POINT ( 'NONE',  ( -0.2689101300135118278, -0.5999999999999999778, 0.4210997208304051442 ) ) ;
#8452 = AXIS2_PLACEMENT_3D ( 'NONE', #9760, #4366, #10651 ) ;
#8453 =( NAMED_UNIT ( * ) PLANE_ANGLE_UNIT ( ) SI_UNIT ( $, .RADIAN. ) );
#8454 = EDGE_CURVE ( 'NONE', #4082, #8345, #7808, .T. ) ;
#8455 = ORIENTED_EDGE ( 'NONE', *, *, #11287, .F. ) ;
#8456 = EDGE_CURVE ( 'NONE', #9253, #3619, #5124, .T. ) ;
#8457 = CARTESIAN_POINT ( 'NONE',  ( -0.6024182741471565405, -0.6099999999999999867, 0.4779232405677047990 ) ) ;
#8458 = EDGE_LOOP ( 'NONE', ( #5767, #3218 ) ) ;
#8459 = SURFACE_STYLE_FILL_AREA ( #11020 ) ;
#8460 = DIRECTION ( 'NONE',  ( -0.3385350342956568448, 0.0000000000000000000, -0.9409537876827099856 ) ) ;
#8461 = CARTESIAN_POINT ( 'NONE',  ( -0.3756204849650889854, -0.5999999999999999778, 0.4147571975408910760 ) ) ;
#8462 = STYLED_ITEM ( 'NONE', ( #683 ), #4473 ) ;
#8463 = B_SPLINE_CURVE_WITH_KNOTS ( 'NONE', 3,
 ( #7220, #6990, #2654, #5435 ),
 .UNSPECIFIED., .F., .F.,
 ( 4, 4 ),
 ( 8.000000000000000000, 9.000000000000000000 ),
 .UNSPECIFIED. ) ;
#8464 = CARTESIAN_POINT ( 'NONE',  ( -0.5714741464904588009, -0.5999999999999999778, 0.4148782159270467673 ) ) ;
#8465 = DIRECTION ( 'NONE',  ( -0.0000000000000000000, 1.000000000000000000, -0.0000000000000000000 ) ) ;
#8466 = CARTESIAN_POINT ( 'NONE',  ( -0.3915079859264672391, -0.6099999999999999867, 0.4155266183989210771 ) ) ;
#8467 =( LENGTH_UNIT ( ) NAMED_UNIT ( * ) SI_UNIT ( .MILLI., .METRE. ) );
#8468 = ORIENTED_EDGE ( 'NONE', *, *, #11446, .F. ) ;
#8469 = LINE ( 'NONE', #6580, #1280 ) ;
#8470 = CARTESIAN_POINT ( 'NONE',  ( -0.4821121514843513256, -0.6099999999999999867, 0.3986831529974300681 ) ) ;
#8471 = CARTESIAN_POINT ( 'NONE',  ( -0.3305885696095670623, -0.5999999999999999778, 0.4863341325000935522 ) ) ;
#8472 = EDGE_CURVE ( 'NONE', #9912, #5971, #3216, .T. ) ;
#8473 = CARTESIAN_POINT ( 'NONE',  ( -0.5549898960555990080, -0.6099999999999999867, 0.5019266281507344107 ) ) ;
#8474 = PRESENTATION_STYLE_ASSIGNMENT (( #4127 ) ) ;
#8475 = PRESENTATION_STYLE_ASSIGNMENT (( #6584 ) ) ;
#8476 = ORIENTED_EDGE ( 'NONE', *, *, #6794, .T. ) ;
#8477 = FILL_AREA_STYLE_COLOUR ( '', #4951 ) ;
#8478 =( GEOMETRIC_REPRESENTATION_CONTEXT ( 3 ) GLOBAL_UNCERTAINTY_ASSIGNED_CONTEXT ( ( #367 ) ) GLOBAL_UNIT_ASSIGNED_CONTEXT ( ( #8663, #5163, #5095 ) ) REPRESENTATION_CONTEXT ( 'NONE', 'WORKASPACE' ) );
#8479 = EDGE_LOOP ( 'NONE', ( #5019, #4274, #5899, #9318 ) ) ;
#8480 = PRODUCT_DEFINITION_SHAPE ( 'NONE', 'NONE',  #8445 ) ;
#8481 = LINE ( 'NONE', #1895, #3542 ) ;
#8482 = ORIENTED_EDGE ( 'NONE', *, *, #10013, .T. ) ;
#8483 = UNCERTAINTY_MEASURE_WITH_UNIT (LENGTH_MEASURE( 1.000000000000000082E-05 ), #9019, 'distance_accuracy_value', 'NONE');
#8484 = STYLED_ITEM ( 'NONE', ( #1622 ), #10640 ) ;
#8485 = CARTESIAN_POINT ( 'NONE',  ( -0.2508079446905467358, -0.5999999999999999778, 0.3969357468550108181 ) ) ;
#8486 =( LENGTH_UNIT ( ) NAMED_UNIT ( * ) SI_UNIT ( .MILLI., .METRE. ) );
#8487 = STYLED_ITEM ( 'NONE', ( #9420 ), #7207 ) ;
#8488 = EDGE_CURVE ( 'NONE', #10705, #3956, #571, .T. ) ;
#8489 = EDGE_CURVE ( 'NONE', #7038, #5476, #2258, .T. ) ;
#8490 = VERTEX_POINT ( 'NONE', #4244 ) ;
#8491 = CARTESIAN_POINT ( 'NONE',  ( -0.3544926041054858312, -0.6099999999999999867, 0.3721271229716806572 ) ) ;
#8492 =( NAMED_UNIT ( * ) SI_UNIT ( $, .STERADIAN. ) SOLID_ANGLE_UNIT ( ) );
#8493 = ORIENTED_EDGE ( 'NONE', *, *, #2165, .T. ) ;
#8494 = STYLED_ITEM ( 'NONE', ( #9864 ), #7541 ) ;
#8495 = CARTESIAN_POINT ( 'NONE',  ( -0.2929805257762664872, -0.6099999999999999867, 0.4844625682506378261 ) ) ;
#8496 = UNCERTAINTY_MEASURE_WITH_UNIT (LENGTH_MEASURE( 1.000000000000000082E-05 ), #10034, 'distance_accuracy_value', 'NONE');
#8497 = CARTESIAN_POINT ( 'NONE',  ( -0.3950639580002381912, -0.5999999999999999778, 0.4113883818919822910 ) ) ;
#8498 = DIRECTION ( 'NONE',  ( -0.0000000000000000000, 1.000000000000000000, -0.0000000000000000000 ) ) ;
#8499 = CARTESIAN_POINT ( 'NONE',  ( -0.2423963031474246355, -0.6099999999999999867, 0.4212868772551288665 ) ) ;
#8500 = ORIENTED_EDGE ( 'NONE', *, *, #11727, .T. ) ;
#8501 = FACE_OUTER_BOUND ( 'NONE', #8008, .T. ) ;
#8502 = EDGE_CURVE ( 'NONE', #1310, #2350, #6944, .T. ) ;
#8503 = STYLED_ITEM ( 'NONE', ( #11077 ), #11201 ) ;
#8504 = CARTESIAN_POINT ( 'NONE',  ( -0.5931639595650750607, -0.5999999999999999778, 0.3665822422234592537 ) ) ;
#8505 = CARTESIAN_POINT ( 'NONE',  ( -0.5237565864095233836, -0.5999999999999999778, 0.4033103075305376484 ) ) ;
#8506 = ORIENTED_EDGE ( 'NONE', *, *, #3806, .T. ) ;
#8507 = CARTESIAN_POINT ( 'NONE',  ( -0.5934531581024645730, -0.6099999999999999867, 0.4064914748928398214 ) ) ;
#8508 = PRESENTATION_LAYER_ASSIGNMENT (  '', '', ( #11302 ) ) ;
#8509 = VERTEX_POINT ( 'NONE', #2444 ) ;
#8510 = VECTOR ( 'NONE', #1866, 1000.000000000000000 ) ;
#8511 = COLOUR_RGB ( '',1.000000000000000000, 1.000000000000000000, 1.000000000000000000 ) ;
#8512 = AXIS2_PLACEMENT_3D ( 'NONE', #10088, #50, #6462 ) ;
#8513 = CARTESIAN_POINT ( 'NONE',  ( -0.6055994470256020890, -0.5999999999999999778, 0.4247109275837678832 ) ) ;
#8514 = CARTESIAN_POINT ( 'NONE',  ( -0.3845312103078911137, -0.5999999999999999778, 0.4520221212616433171 ) ) ;
#8515 = LINE ( 'NONE', #3973, #10368 ) ;
#8516 = ORIENTED_EDGE ( 'NONE', *, *, #2216, .T. ) ;
#8517 = VECTOR ( 'NONE', #1404, 1000.000000000000000 ) ;
#8518 = DIRECTION ( 'NONE',  ( -1.000000000000000000, 0.0000000000000000000, -0.0000000000000000000 ) ) ;
#8519 = CARTESIAN_POINT ( 'NONE',  ( -0.3202013880251991518, -0.5999999999999999778, 0.3904476574573795822 ) ) ;
#8520 = ORIENTED_EDGE ( 'NONE', *, *, #10813, .T. ) ;
#8521 = LINE ( 'NONE', #3980, #464 ) ;
#8522 = CARTESIAN_POINT ( 'NONE',  ( -0.5549898960555990080, -0.5999999999999999778, 0.5019266281507344107 ) ) ;
#8523 = DIRECTION ( 'NONE',  ( -0.0000000000000000000, 1.000000000000000000, -0.0000000000000000000 ) ) ;
#8524 =( NAMED_UNIT ( * ) PLANE_ANGLE_UNIT ( ) SI_UNIT ( $, .RADIAN. ) );
#8525 = STYLED_ITEM ( 'NONE', ( #10405 ), #8305 ) ;
#8526 = COLOUR_RGB ( '',1.000000000000000000, 1.000000000000000000, 1.000000000000000000 ) ;
#8527 = EDGE_CURVE ( 'NONE', #4068, #7361, #2375, .T. ) ;
#8528 = PRESENTATION_LAYER_ASSIGNMENT (  '', '', ( #3178 ) ) ;
#8529 = ADVANCED_FACE ( 'NONE', ( #1207 ), #4903, .F. ) ;
#8530 = LINE ( 'NONE', #331, #834 ) ;
#8531 =( NAMED_UNIT ( * ) SI_UNIT ( $, .STERADIAN. ) SOLID_ANGLE_UNIT ( ) );
#8532 = ORIENTED_EDGE ( 'NONE', *, *, #10697, .F. ) ;
#8533 = LINE ( 'NONE', #1343, #8926 ) ;
#8534 = CARTESIAN_POINT ( 'NONE',  ( -0.3757140631775905959, -0.6099999999999999867, 0.3892831285910451911 ) ) ;
#8535 = CARTESIAN_POINT ( 'NONE',  ( -0.2689101300135118278, -0.5999999999999999778, 0.3915082105319228067 ) ) ;
#8536 = CARTESIAN_POINT ( 'NONE',  ( 0.6999999999999999556, 0.5999999999999999778, -0.05000000000000000278 ) ) ;
#8537 = PLANE ( 'NONE',  #7744 ) ;
#8538 =( LENGTH_UNIT ( ) NAMED_UNIT ( * ) SI_UNIT ( .MILLI., .METRE. ) );
#8539 = DIRECTION ( 'NONE',  ( 0.0000000000000000000, 0.0000000000000000000, 1.000000000000000000 ) ) ;
#8540 = ORIENTED_EDGE ( 'NONE', *, *, #3735, .F. ) ;
#8541 = CARTESIAN_POINT ( 'NONE',  ( -0.6437735132930798576, -0.6099999999999999867, 0.4001291401679580306 ) ) ;
#8542 = SURFACE_STYLE_USAGE ( .BOTH. , #2145 ) ;
#8543 = ORIENTED_EDGE ( 'NONE', *, *, #3078, .T. ) ;
#8544 = COLOUR_RGB ( '',1.000000000000000000, 1.000000000000000000, 1.000000000000000000 ) ;
#8545 = DIRECTION ( 'NONE',  ( -0.0000000000000000000, 1.000000000000000000, -0.0000000000000000000 ) ) ;
#8546 = CARTESIAN_POINT ( 'NONE',  ( -0.2847040527621113593, -0.5999999999999999778, 0.3858103371506220181 ) ) ;
#8547 = VERTEX_POINT ( 'NONE', #398 ) ;
#8548 = STYLED_ITEM ( 'NONE', ( #1573 ), #4623 ) ;
#8549 = CARTESIAN_POINT ( 'NONE',  ( -0.3035756589433836750, -0.6099999999999999867, 0.3904476574573795822 ) ) ;
#8550 = DIRECTION ( 'NONE',  ( -0.0000000000000000000, -0.0000000000000000000, 1.000000000000000000 ) ) ;
#8551 = SURFACE_SIDE_STYLE ('',( #9529 ) ) ;
#8552 = FILL_AREA_STYLE_COLOUR ( '', #9853 ) ;
#8553 = ORIENTED_EDGE ( 'NONE', *, *, #3898, .T. ) ;
#8554 = LINE ( 'NONE', #3170, #10687 ) ;
#8555 = FILL_AREA_STYLE ('',( #10527 ) ) ;
#8556 = FILL_AREA_STYLE ('',( #3058 ) ) ;
#8557 = COLOUR_RGB ( '',1.000000000000000000, 1.000000000000000000, 1.000000000000000000 ) ;
#8558 = VECTOR ( 'NONE', #6048, 1000.000000000000000 ) ;
#8559 = ORIENTED_EDGE ( 'NONE', *, *, #3911, .F. ) ;
#8560 = AXIS2_PLACEMENT_3D ( 'NONE', #3476, #6194, #10756 ) ;
#8561 = ADVANCED_FACE ( 'NONE', ( #4056 ), #6002, .F. ) ;
#8562 = CARTESIAN_POINT ( 'NONE',  ( -0.3017456850108105049, -0.5999999999999999778, 0.4614631231418551693 ) ) ;
#8563 =( GEOMETRIC_REPRESENTATION_CONTEXT ( 3 ) GLOBAL_UNCERTAINTY_ASSIGNED_CONTEXT ( ( #6716 ) ) GLOBAL_UNIT_ASSIGNED_CONTEXT ( ( #3841, #7609, #1242 ) ) REPRESENTATION_CONTEXT ( 'NONE', 'WORKASPACE' ) );
#8564 = CARTESIAN_POINT ( 'NONE',  ( 0.6999999999999999556, -0.5999999999999999778, -0.05000000000000000278 ) ) ;
#8565 = ORIENTED_EDGE ( 'NONE', *, *, #11687, .F. ) ;
#8566 = PLANE ( 'NONE',  #11122 ) ;
#8567 = VECTOR ( 'NONE', #11377, 1000.000000000000000 ) ;
#8568 = ORIENTED_EDGE ( 'NONE', *, *, #3383, .F. ) ;
#8569 = VECTOR ( 'NONE', #2817, 1000.000000000000000 ) ;
#8570 = SURFACE_STYLE_FILL_AREA ( #5007 ) ;
#8571 = CARTESIAN_POINT ( 'NONE',  ( -0.5870908178615775741, -0.6099999999999999867, 0.3839340662063335796 ) ) ;
#8572 = CARTESIAN_POINT ( 'NONE',  ( -0.3702553341169080303, -0.6099999999999999867, 0.4113883818919822910 ) ) ;
#8573 =( GEOMETRIC_REPRESENTATION_CONTEXT ( 3 ) GLOBAL_UNCERTAINTY_ASSIGNED_CONTEXT ( ( #5410 ) ) GLOBAL_UNIT_ASSIGNED_CONTEXT ( ( #4204, #7012, #467 ) ) REPRESENTATION_CONTEXT ( 'NONE', 'WORKASPACE' ) );
#8574 = ORIENTED_EDGE ( 'NONE', *, *, #10846, .F. ) ;
#8575 = EDGE_CURVE ( 'NONE', #9896, #5576, #7916, .T. ) ;
#8576 = EDGE_CURVE ( 'NONE', #540, #2240, #10053, .T. ) ;
#8577 =( GEOMETRIC_REPRESENTATION_CONTEXT ( 3 ) GLOBAL_UNCERTAINTY_ASSIGNED_CONTEXT ( ( #6605 ) ) GLOBAL_UNIT_ASSIGNED_CONTEXT ( ( #8082, #146, #5376 ) ) REPRESENTATION_CONTEXT ( 'NONE', 'WORKASPACE' ) );
#8578 = DIRECTION ( 'NONE',  ( -0.0000000000000000000, -0.0000000000000000000, 1.000000000000000000 ) ) ;
#8579 = EDGE_LOOP ( 'NONE', ( #1127, #355, #4450, #3494 ) ) ;
#8580 = SURFACE_STYLE_USAGE ( .BOTH. , #8700 ) ;
#8581 = ORIENTED_EDGE ( 'NONE', *, *, #5780, .F. ) ;
#8582 = SURFACE_STYLE_USAGE ( .BOTH. , #6749 ) ;
#8583 = CARTESIAN_POINT ( 'NONE',  ( -0.6090698129254329407, -0.6099999999999999867, 0.4785016348842049405 ) ) ;
#8584 = SURFACE_STYLE_FILL_AREA ( #328 ) ;
#8585 = CARTESIAN_POINT ( 'NONE',  ( 0.6999999999999999556, 0.5999999999999999778, 0.5999999999999999778 ) ) ;
#8586 = B_SPLINE_SURFACE_WITH_KNOTS ( 'NONE', 3, 1, ( 
 ( #9564, #618 ),
 ( #7908, #9899 ),
 ( #6216, #7270 ),
 ( #8815, #7042 ) ),
 .UNSPECIFIED., .F., .F., .F.,
 ( 4, 4 ),
 ( 2, 2 ),
 ( 28.00000000000000000, 29.00000000000000000 ),
 ( 0.0000000000000000000, 1.000000000000000000 ),
 .UNSPECIFIED. ) ;
#8587 = ADVANCED_FACE ( 'NONE', ( #6226 ), #10793, .F. ) ;
#8588 = CARTESIAN_POINT ( 'NONE',  ( -0.5931639540490711848, -0.6099999999999999867, 0.4247109275837678832 ) ) ;
#8589 = CARTESIAN_POINT ( 'NONE',  ( -0.4047025138844651537, -0.5999999999999999778, 0.3906140187237994166 ) ) ;
#8590 =( NAMED_UNIT ( * ) PLANE_ANGLE_UNIT ( ) SI_UNIT ( $, .RADIAN. ) );
#8591 = CARTESIAN_POINT ( 'NONE',  ( -0.2748575452947220610, -0.5999999999999999778, 0.4503377134371886470 ) ) ;
#8592 = ORIENTED_EDGE ( 'NONE', *, *, #1478, .T. ) ;
#8593 = DIRECTION ( 'NONE',  ( -0.0000000000000000000, 1.000000000000000000, -0.0000000000000000000 ) ) ;
#8594 = DIRECTION ( 'NONE',  ( -1.000000000000000000, 0.0000000000000000000, -0.0000000000000000000 ) ) ;
#8595 = FACE_BOUND ( 'NONE', #7847, .T. ) ;
#8596 = ORIENTED_EDGE ( 'NONE', *, *, #11446, .T. ) ;
#8597 = CARTESIAN_POINT ( 'NONE',  ( -0.2682966728430296599, -0.5999999999999999778, 0.4065223148436186151 ) ) ;
#8598 = SURFACE_STYLE_USAGE ( .BOTH. , #2141 ) ;
#8599 = ORIENTED_EDGE ( 'NONE', *, *, #523, .T. ) ;
#8600 = PRESENTATION_STYLE_ASSIGNMENT (( #3934 ) ) ;
#8601 = CARTESIAN_POINT ( 'NONE',  ( -0.4056278984300413226, -0.5999999999999999778, 0.4146324265907977424 ) ) ;
#8602 = AXIS2_PLACEMENT_3D ( 'NONE', #6845, #2098, #1110 ) ;
#8603 = B_SPLINE_CURVE_WITH_KNOTS ( 'NONE', 3,
 ( #6572, #5808, #10029, #11023 ),
 .UNSPECIFIED., .F., .F.,
 ( 4, 4 ),
 ( 3.000000000000000000, 4.000000000000000000 ),
 .UNSPECIFIED. ) ;
#8604 = CARTESIAN_POINT ( 'NONE',  ( -0.5986587097100745103, -0.5999999999999999778, 0.4828395963960657733 ) ) ;
#8605 = SURFACE_STYLE_FILL_AREA ( #10516 ) ;
#8606 = FILL_AREA_STYLE_COLOUR ( '', #5914 ) ;
#8607 = VERTEX_POINT ( 'NONE', #10852 ) ;
#8608 = UNCERTAINTY_MEASURE_WITH_UNIT (LENGTH_MEASURE( 1.000000000000000082E-05 ), #9922, 'distance_accuracy_value', 'NONE');
#8609 = FACE_OUTER_BOUND ( 'NONE', #9414, .T. ) ;
#8610 = CARTESIAN_POINT ( 'NONE',  ( -0.2422715321973312741, -0.6099999999999999867, 0.4212868772551288665 ) ) ;
#8611 = ADVANCED_FACE ( 'NONE', ( #11716 ), #4400, .T. ) ;
#8612 = COLOUR_RGB ( '',1.000000000000000000, 1.000000000000000000, 1.000000000000000000 ) ;
#8613 = ORIENTED_EDGE ( 'NONE', *, *, #7117, .T. ) ;
#8614 = SURFACE_STYLE_FILL_AREA ( #2027 ) ;
#8615 = CARTESIAN_POINT ( 'NONE',  ( -0.4166493323429174556, -0.5999999999999999778, 0.4503377134371886470 ) ) ;
#8616 = SURFACE_SIDE_STYLE ('',( #238 ) ) ;
#8617 =( GEOMETRIC_REPRESENTATION_CONTEXT ( 3 ) GLOBAL_UNCERTAINTY_ASSIGNED_CONTEXT ( ( #586 ) ) GLOBAL_UNIT_ASSIGNED_CONTEXT ( ( #3792, #4636, #10018 ) ) REPRESENTATION_CONTEXT ( 'NONE', 'WORKASPACE' ) );
#8618 = EDGE_LOOP ( 'NONE', ( #2033, #8950, #1161, #3007 ) ) ;
#8619 = VECTOR ( 'NONE', #2717, 1000.000000000000000 ) ;
#8620 = LINE ( 'NONE', #5901, #10531 ) ;
#8621 = UNCERTAINTY_MEASURE_WITH_UNIT (LENGTH_MEASURE( 1.000000000000000082E-05 ), #4822, 'distance_accuracy_value', 'NONE');
#8622 = DIRECTION ( 'NONE',  ( 0.0000000000000000000, -0.0000000000000000000, 1.000000000000000000 ) ) ;
#8623 = CARTESIAN_POINT ( 'NONE',  ( -0.3880040017484512882, -0.6099999999999999867, 0.4045051844857675549 ) ) ;
#8624 = FILL_AREA_STYLE ('',( #5789 ) ) ;
#8625 = LINE ( 'NONE', #6854, #9847 ) ;
#8626 = EDGE_LOOP ( 'NONE', ( #1374, #4769, #4137, #10954 ) ) ;
#8627 = FILL_AREA_STYLE_COLOUR ( '', #8232 ) ;
#8628 = FILL_AREA_STYLE_COLOUR ( '', #3468 ) ;
#8629 = CARTESIAN_POINT ( 'NONE',  ( -0.3930988155384208538, -0.6099999999999999867, 0.3976011919215282076 ) ) ;
#8630 =( LENGTH_UNIT ( ) NAMED_UNIT ( * ) SI_UNIT ( .MILLI., .METRE. ) );
#8631 = VERTEX_POINT ( 'NONE', #2057 ) ;
#8632 = EDGE_CURVE ( 'NONE', #4005, #1237, #8215, .T. ) ;
#8633 = LINE ( 'NONE', #313, #6303 ) ;
#8634 = FILL_AREA_STYLE_COLOUR ( '', #9865 ) ;
#8635 = CARTESIAN_POINT ( 'NONE',  ( -0.2547174344558781889, -0.5999999999999999778, 0.3858103371506220736 ) ) ;
#8636 = PRESENTATION_STYLE_ASSIGNMENT (( #5014 ) ) ;
#8637 = FILL_AREA_STYLE ('',( #2358 ) ) ;
#8638 = DIRECTION ( 'NONE',  ( -0.9903286039881273872, -0.0000000000000000000, -0.1387416884823259033 ) ) ;
#8639 = CARTESIAN_POINT ( 'NONE',  ( -0.4037251414431312080, -0.6099999999999999867, 0.3897406220742569705 ) ) ;
#8640 = ORIENTED_EDGE ( 'NONE', *, *, #3687, .T. ) ;
#8641 = CARTESIAN_POINT ( 'NONE',  ( -0.2847040527621113593, -0.6099999999999999867, 0.3858103371506220181 ) ) ;
#8642 = ORIENTED_EDGE ( 'NONE', *, *, #5682, .F. ) ;
#8643 = DIRECTION ( 'NONE',  ( 1.000000000000000000, -0.0000000000000000000, -0.0000000000000000000 ) ) ;
#8644 = CARTESIAN_POINT ( 'NONE',  ( -0.5714741464904588009, -0.6099999999999999867, 0.4148782159270467673 ) ) ;
#8645 = EDGE_CURVE ( 'NONE', #9601, #11310, #49, .T. ) ;
#8646 = CARTESIAN_POINT ( 'NONE',  ( -0.3056551747761435678, -0.6099999999999999867, 0.4087889871011015086 ) ) ;
#8647 = FACE_OUTER_BOUND ( 'NONE', #1516, .T. ) ;
#8648 = LINE ( 'NONE', #4289, #5932 ) ;
#8649 = FILL_AREA_STYLE_COLOUR ( '', #8269 ) ;
#8650 = ORIENTED_EDGE ( 'NONE', *, *, #9848, .F. ) ;
#8651 = SURFACE_STYLE_USAGE ( .BOTH. , #3990 ) ;
#8652 =( NAMED_UNIT ( * ) PLANE_ANGLE_UNIT ( ) SI_UNIT ( $, .RADIAN. ) );
#8653 = CARTESIAN_POINT ( 'NONE',  ( -0.3845312103078911137, -0.5999999999999999778, 0.4570545495767047717 ) ) ;
#8654 = SURFACE_STYLE_FILL_AREA ( #6817 ) ;
#8655 = CARTESIAN_POINT ( 'NONE',  ( -0.3941697661922550222, -0.6099999999999999867, 0.4916992833482745073 ) ) ;
#8656 = CARTESIAN_POINT ( 'NONE',  ( -0.3810688164466189964, -0.6099999999999999867, 0.4052330150271922782 ) ) ;
#8657 =( LENGTH_UNIT ( ) NAMED_UNIT ( * ) SI_UNIT ( .MILLI., .METRE. ) );
#8658 = ADVANCED_FACE ( 'NONE', ( #2831 ), #3902, .F. ) ;
#8659 = PLANE ( 'NONE',  #9975 ) ;
#8660 = PLANE ( 'NONE',  #5770 ) ;
#8661 = PRESENTATION_STYLE_ASSIGNMENT (( #8542 ) ) ;
#8662 = ORIENTED_EDGE ( 'NONE', *, *, #4132, .T. ) ;
#8663 =( LENGTH_UNIT ( ) NAMED_UNIT ( * ) SI_UNIT ( .MILLI., .METRE. ) );
#8664 = VERTEX_POINT ( 'NONE', #3798 ) ;
#8665 = SURFACE_SIDE_STYLE ('',( #3290 ) ) ;
#8666 = FACE_OUTER_BOUND ( 'NONE', #6328, .T. ) ;
#8667 = UNCERTAINTY_MEASURE_WITH_UNIT (LENGTH_MEASURE( 1.000000000000000082E-05 ), #4300, 'distance_accuracy_value', 'NONE');
#8668 =( NAMED_UNIT ( * ) PLANE_ANGLE_UNIT ( ) SI_UNIT ( $, .RADIAN. ) );
#8669 = ORIENTED_EDGE ( 'NONE', *, *, #5594, .F. ) ;
#8670 = MECHANICAL_DESIGN_GEOMETRIC_PRESENTATION_REPRESENTATION (  '', ( #6220 ), #3325 ) ;
#8671 = PRESENTATION_STYLE_ASSIGNMENT (( #9470 ) ) ;
#8672 = DIRECTION ( 'NONE',  ( 0.3315284183576436283, -0.0000000000000000000, 0.9434452330799490971 ) ) ;
#8673 = PRODUCT_CONTEXT ( 'NONE', #7729, 'mechanical' ) ;
#8674 = LINE ( 'NONE', #3890, #6175 ) ;
#8675 = ORIENTED_EDGE ( 'NONE', *, *, #4919, .F. ) ;
#8676 = ADVANCED_FACE ( 'NONE', ( #3680 ), #1322, .T. ) ;
#8677 = ADVANCED_FACE ( 'NONE', ( #1449 ), #3138, .F. ) ;
#8678 = PLANE ( 'NONE',  #1596 ) ;
#8679 = FACE_OUTER_BOUND ( 'NONE', #9840, .T. ) ;
#8680 = CARTESIAN_POINT ( 'NONE',  ( -0.3680198545968793589, -0.6099999999999999867, 0.3959791695719803162 ) ) ;
#8681 = SURFACE_STYLE_FILL_AREA ( #5060 ) ;
#8682 = VERTEX_POINT ( 'NONE', #9387 ) ;
#8683 = CARTESIAN_POINT ( 'NONE',  ( -0.4071875353045418255, -0.5999999999999999778, 0.3858935177838326291 ) ) ;
#8684 = CARTESIAN_POINT ( 'NONE',  ( -0.3157616217225944211, -0.6099999999999999867, 0.4598411007923084437 ) ) ;
#8685 = CARTESIAN_POINT ( 'NONE',  ( -0.5338784855714885369, -0.5999999999999999778, 0.3946343845070930390 ) ) ;
#8686 = FILL_AREA_STYLE ('',( #1547 ) ) ;
#8687 = ORIENTED_EDGE ( 'NONE', *, *, #3326, .T. ) ;
#8688 = CARTESIAN_POINT ( 'NONE',  ( -0.5142130622581835286, -0.5999999999999999778, 0.4484251028395369598 ) ) ;
#8690 = CARTESIAN_POINT ( 'NONE',  ( -0.3254521655027147187, -0.6099999999999999867, 0.4264856668368887105 ) ) ;
#8689 = MECHANICAL_DESIGN_GEOMETRIC_PRESENTATION_REPRESENTATION (  '', ( #8484 ), #9606 ) ;
#8691 = LINE ( 'NONE', #3310, #4328 ) ;
#8692 = CARTESIAN_POINT ( 'NONE',  ( -0.5795716779552675391, -0.6099999999999999867, 0.4978778641421164330 ) ) ;
#8693 = EDGE_LOOP ( 'NONE', ( #8837, #2933, #7748, #1716 ) ) ;
#8694 = MECHANICAL_DESIGN_GEOMETRIC_PRESENTATION_REPRESENTATION (  '', ( #10918 ), #11093 ) ;
#8695 =( LENGTH_UNIT ( ) NAMED_UNIT ( * ) SI_UNIT ( .MILLI., .METRE. ) );
#8696 = LINE ( 'NONE', #5017, #8334 ) ;
#8697 = FACE_OUTER_BOUND ( 'NONE', #5404, .T. ) ;
#8698 =( GEOMETRIC_REPRESENTATION_CONTEXT ( 3 ) GLOBAL_UNCERTAINTY_ASSIGNED_CONTEXT ( ( #6025 ) ) GLOBAL_UNIT_ASSIGNED_CONTEXT ( ( #6830, #1221, #3162 ) ) REPRESENTATION_CONTEXT ( 'NONE', 'WORKASPACE' ) );
#8699 = ORIENTED_EDGE ( 'NONE', *, *, #3984, .T. ) ;
#8700 = SURFACE_SIDE_STYLE ('',( #8753 ) ) ;
#8701 = ORIENTED_EDGE ( 'NONE', *, *, #3820, .F. ) ;
#8702 = CARTESIAN_POINT ( 'NONE',  ( -0.5714741464904588009, -0.5999999999999999778, 0.4148782159270467673 ) ) ;
#8703 = CARTESIAN_POINT ( 'NONE',  ( -0.3192344131630175941, -0.6099999999999999867, 0.4659756724985189003 ) ) ;
#8704 = VECTOR ( 'NONE', #5996, 1000.000000000000000 ) ;
#8705 = COLOUR_RGB ( '',1.000000000000000000, 1.000000000000000000, 1.000000000000000000 ) ;
#8706 = ADVANCED_FACE ( 'NONE', ( #6875 ), #2174, .F. ) ;
#8707 =( GEOMETRIC_REPRESENTATION_CONTEXT ( 3 ) GLOBAL_UNCERTAINTY_ASSIGNED_CONTEXT ( ( #9409 ) ) GLOBAL_UNIT_ASSIGNED_CONTEXT ( ( #6346, #9913, #3454 ) ) REPRESENTATION_CONTEXT ( 'NONE', 'WORKASPACE' ) );
#8708 = FILL_AREA_STYLE_COLOUR ( '', #5162 ) ;
#8709 = ORIENTED_EDGE ( 'NONE', *, *, #7024, .F. ) ;
#8710 = FILL_AREA_STYLE ('',( #5940 ) ) ;
#8711 =( NAMED_UNIT ( * ) SI_UNIT ( $, .STERADIAN. ) SOLID_ANGLE_UNIT ( ) );
#8712 = STYLED_ITEM ( 'NONE', ( #5378 ), #11376 ) ;
#8713 =( LENGTH_UNIT ( ) NAMED_UNIT ( * ) SI_UNIT ( .MILLI., .METRE. ) );
#8714 = CARTESIAN_POINT ( 'NONE',  ( -0.3845312103078911137, -0.6099999999999999867, 0.4845457488841256044 ) ) ;
#8715 = B_SPLINE_CURVE_WITH_KNOTS ( 'NONE', 3,
 ( #4701, #8513, #2171, #5852 ),
 .UNSPECIFIED., .F., .F.,
 ( 4, 4 ),
 ( 16.00000000000000000, 17.00000000000000000 ),
 .UNSPECIFIED. ) ;
#8716 =( NAMED_UNIT ( * ) SI_UNIT ( $, .STERADIAN. ) SOLID_ANGLE_UNIT ( ) );
#8717 = SURFACE_SIDE_STYLE ('',( #6128 ) ) ;
#8718 = SURFACE_STYLE_USAGE ( .BOTH. , #3224 ) ;
#8719 =( GEOMETRIC_REPRESENTATION_CONTEXT ( 3 ) GLOBAL_UNCERTAINTY_ASSIGNED_CONTEXT ( ( #10881 ) ) GLOBAL_UNIT_ASSIGNED_CONTEXT ( ( #3600, #7259, #3432 ) ) REPRESENTATION_CONTEXT ( 'NONE', 'WORKASPACE' ) );
#8720 =( GEOMETRIC_REPRESENTATION_CONTEXT ( 3 ) GLOBAL_UNCERTAINTY_ASSIGNED_CONTEXT ( ( #1301 ) ) GLOBAL_UNIT_ASSIGNED_CONTEXT ( ( #5649, #2271, #9526 ) ) REPRESENTATION_CONTEXT ( 'NONE', 'WORKASPACE' ) );
#8721 = EDGE_CURVE ( 'NONE', #3145, #9830, #1331, .T. ) ;
#8722 = MECHANICAL_DESIGN_GEOMETRIC_PRESENTATION_REPRESENTATION (  '', ( #5880 ), #8902 ) ;
#8723 = CARTESIAN_POINT ( 'NONE',  ( -0.3778039765893612678, -0.6099999999999999867, 0.4132183558245551280 ) ) ;
#8724 = VERTEX_POINT ( 'NONE', #7739 ) ;
#8725 = FILL_AREA_STYLE ('',( #11334 ) ) ;
#8726 = CARTESIAN_POINT ( 'NONE',  ( -0.4002107596859655336, -0.5999999999999999778, 0.4916992833482745073 ) ) ;
#8727 = ORIENTED_EDGE ( 'NONE', *, *, #11624, .F. ) ;
#8728 = CARTESIAN_POINT ( 'NONE',  ( -0.3548877121137902768, -0.5999999999999999778, 0.3764941062202255551 ) ) ;
#8729 = LINE ( 'NONE', #3295, #7407 ) ;
#8730 = PRESENTATION_STYLE_ASSIGNMENT (( #8900 ) ) ;
#8731 = ORIENTED_EDGE ( 'NONE', *, *, #5249, .F. ) ;
#8732 = EDGE_CURVE ( 'NONE', #10012, #9264, #9494, .T. ) ;
#8733 = AXIS2_PLACEMENT_3D ( 'NONE', #4262, #5176, #5104 ) ;
#8734 = DIRECTION ( 'NONE',  ( -1.000000000000000000, -0.0000000000000000000, -0.0000000000000000000 ) ) ;
#8735 = UNCERTAINTY_MEASURE_WITH_UNIT (LENGTH_MEASURE( 1.000000000000000082E-05 ), #749, 'distance_accuracy_value', 'NONE');
#8736 = DIRECTION ( 'NONE',  ( -0.0000000000000000000, 1.000000000000000000, -0.0000000000000000000 ) ) ;
#8737 = SURFACE_STYLE_FILL_AREA ( #5841 ) ;
#8738 = CARTESIAN_POINT ( 'NONE',  ( 0.6999999999999999556, -0.5999999999999999778, 0.0000000000000000000 ) ) ;
#8739 = ORIENTED_EDGE ( 'NONE', *, *, #562, .T. ) ;
#8740 = EDGE_CURVE ( 'NONE', #11467, #4157, #11309, .T. ) ;
#8741 = EDGE_CURVE ( 'NONE', #2219, #6602, #5371, .T. ) ;
#8742 =( NAMED_UNIT ( * ) PLANE_ANGLE_UNIT ( ) SI_UNIT ( $, .RADIAN. ) );
#8743 = MECHANICAL_DESIGN_GEOMETRIC_PRESENTATION_REPRESENTATION (  '', ( #9282 ), #5138 ) ;
#8744 = CARTESIAN_POINT ( 'NONE',  ( -0.3718981516246193109, -0.6099999999999999867, 0.4113883818919822910 ) ) ;
#8745 = VECTOR ( 'NONE', #4426, 1000.000000000000000 ) ;
#8746 = EDGE_LOOP ( 'NONE', ( #9155, #1014, #4602, #5310 ) ) ;
#8747 = UNCERTAINTY_MEASURE_WITH_UNIT (LENGTH_MEASURE( 1.000000000000000082E-05 ), #7138, 'distance_accuracy_value', 'NONE');
#8748 =( GEOMETRIC_REPRESENTATION_CONTEXT ( 3 ) GLOBAL_UNCERTAINTY_ASSIGNED_CONTEXT ( ( #28 ) ) GLOBAL_UNIT_ASSIGNED_CONTEXT ( ( #4284, #1334, #10442 ) ) REPRESENTATION_CONTEXT ( 'NONE', 'WORKASPACE' ) );
#8749 = CARTESIAN_POINT ( 'NONE',  ( -0.3254521655027147187, -0.6099999999999999867, 0.3858103371506220181 ) ) ;
#8750 = DIRECTION ( 'NONE',  ( -0.0000000000000000000, 1.000000000000000000, -0.0000000000000000000 ) ) ;
#8751 = PRESENTATION_LAYER_ASSIGNMENT (  '', '', ( #9488 ) ) ;
#8752 = VERTEX_POINT ( 'NONE', #11425 ) ;
#8753 = SURFACE_STYLE_FILL_AREA ( #4105 ) ;
#8754 = B_SPLINE_SURFACE_WITH_KNOTS ( 'NONE', 3, 1, ( 
 ( #5183, #9341 ),
 ( #8534, #5536 ),
 ( #4843, #339 ),
 ( #6376, #4968 ) ),
 .UNSPECIFIED., .F., .F., .F.,
 ( 4, 4 ),
 ( 2, 2 ),
 ( 0.0000000000000000000, 1.000000000000000000 ),
 ( 0.0000000000000000000, 1.000000000000000000 ),
 .UNSPECIFIED. ) ;
#8755 = VERTEX_POINT ( 'NONE', #671 ) ;
#8756 = SURFACE_STYLE_USAGE ( .BOTH. , #5132 ) ;
#8757 = EDGE_CURVE ( 'NONE', #10128, #9143, #2534, .T. ) ;
#8758 = VECTOR ( 'NONE', #1948, 1000.000000000000000 ) ;
#8759 = CARTESIAN_POINT ( 'NONE',  ( -0.3198478703337772067, -0.5999999999999999778, 0.4560355868184891026 ) ) ;
#8760 = CARTESIAN_POINT ( 'NONE',  ( -0.4821121514843513256, -0.6099999999999999867, 0.3986831529974300681 ) ) ;
#8761 = VECTOR ( 'NONE', #5936, 1000.000000000000114 ) ;
#8762 = COLOUR_RGB ( '',1.000000000000000000, 1.000000000000000000, 1.000000000000000000 ) ;
#8763 = CARTESIAN_POINT ( 'NONE',  ( -0.4094750027203268861, -0.6099999999999999867, 0.4753334937455201414 ) ) ;
#8764 = EDGE_LOOP ( 'NONE', ( #11248, #11412, #1961, #709 ) ) ;
#8765 = DIRECTION ( 'NONE',  ( -0.0000000000000000000, 1.000000000000000000, -0.0000000000000000000 ) ) ;
#8766 = CARTESIAN_POINT ( 'NONE',  ( -0.3468295882622289827, -0.5999999999999999778, 0.4503377134371886470 ) ) ;
#8767 = FILL_AREA_STYLE ('',( #3452 ) ) ;
#8768 = VERTEX_POINT ( 'NONE', #9675 ) ;
#8769 = LINE ( 'NONE', #1345, #10172 ) ;
#8770 = CARTESIAN_POINT ( 'NONE',  ( -0.5405300243499036039, -0.6099999999999999867, 0.5019266281507344107 ) ) ;
#8771 = CARTESIAN_POINT ( 'NONE',  ( -0.2430617482139403318, -0.6099999999999997646, 0.4184379405646173056 ) ) ;
#8772 = CARTESIAN_POINT ( 'NONE',  ( -0.3702553341169080303, -0.6099999999999999867, 0.4113883818919822910 ) ) ;
#8773 = CARTESIAN_POINT ( 'NONE',  ( -0.4022902755185852608, -0.6099999999999999867, 0.4155266183989210771 ) ) ;
#8774 = ORIENTED_EDGE ( 'NONE', *, *, #6439, .F. ) ;
#8775 = CARTESIAN_POINT ( 'NONE',  ( -0.6206377185640783445, -0.6099999999999999867, 0.3862476655369023737 ) ) ;
#8776 = ORIENTED_EDGE ( 'NONE', *, *, #7427, .F. ) ;
#8777 = CARTESIAN_POINT ( 'NONE',  ( 0.6999999999999999556, 0.5999999999999999778, 0.5999999999999999778 ) ) ;
#8778 = VERTEX_POINT ( 'NONE', #1509 ) ;
#8779 = SURFACE_STYLE_USAGE ( .BOTH. , #5169 ) ;
#8780 = SURFACE_STYLE_FILL_AREA ( #1415 ) ;
#8781 =( NAMED_UNIT ( * ) SI_UNIT ( $, .STERADIAN. ) SOLID_ANGLE_UNIT ( ) );
#8782 = VERTEX_POINT ( 'NONE', #5312 ) ;
#8783 = EDGE_CURVE ( 'NONE', #8782, #3822, #521, .T. ) ;
#8784 =( NAMED_UNIT ( * ) PLANE_ANGLE_UNIT ( ) SI_UNIT ( $, .RADIAN. ) );
#8785 = FACE_OUTER_BOUND ( 'NONE', #4437, .T. ) ;
#8786 = EDGE_CURVE ( 'NONE', #10619, #7773, #5401, .T. ) ;
#8787 = DIRECTION ( 'NONE',  ( -1.000000000000000000, -0.0000000000000000000, -0.0000000000000000000 ) ) ;
#8788 =( NAMED_UNIT ( * ) SI_UNIT ( $, .STERADIAN. ) SOLID_ANGLE_UNIT ( ) );
#8789 = EDGE_LOOP ( 'NONE', ( #2504, #761, #7645, #5400 ) ) ;
#8790 = STYLED_ITEM ( 'NONE', ( #4798 ), #381 ) ;
#8791 = LINE ( 'NONE', #4265, #262 ) ;
#8792 = PRESENTATION_STYLE_ASSIGNMENT (( #11230 ) ) ;
#8793 =( GEOMETRIC_REPRESENTATION_CONTEXT ( 3 ) GLOBAL_UNCERTAINTY_ASSIGNED_CONTEXT ( ( #2753 ) ) GLOBAL_UNIT_ASSIGNED_CONTEXT ( ( #8486, #1357, #11277 ) ) REPRESENTATION_CONTEXT ( 'NONE', 'WORKASPACE' ) );
#8794 = SURFACE_STYLE_USAGE ( .BOTH. , #2343 ) ;
#8795 = CARTESIAN_POINT ( 'NONE',  ( -0.3236949746242013259, -0.6099999999999999867, 0.4825078233679716000 ) ) ;
#8796 = FILL_AREA_STYLE_COLOUR ( '', #4956 ) ;
#8797 = ORIENTED_EDGE ( 'NONE', *, *, #3027, .T. ) ;
#8798 = FILL_AREA_STYLE_COLOUR ( '', #2132 ) ;
#8799 = PRESENTATION_STYLE_ASSIGNMENT (( #10307 ) ) ;
#8800 = DIRECTION ( 'NONE',  ( -0.0000000000000000000, 1.000000000000000000, -0.0000000000000000000 ) ) ;
#8801 = EDGE_LOOP ( 'NONE', ( #11621, #9293, #2213, #4381, #11597, #740, #11365, #7070 ) ) ;
#8802 = COLOUR_RGB ( '',1.000000000000000000, 1.000000000000000000, 1.000000000000000000 ) ;
#8803 = ADVANCED_FACE ( 'NONE', ( #4512 ), #7727, .F. ) ;
#8804 = CARTESIAN_POINT ( 'NONE',  ( -0.2648238814023293197, -0.6099999999999999867, 0.4175021584398895258 ) ) ;
#8805 = AXIS2_PLACEMENT_3D ( 'NONE', #10658, #5235, #6262 ) ;
#8806 = EDGE_LOOP ( 'NONE', ( #6722, #3132, #3498, #8596 ) ) ;
#8807 = CARTESIAN_POINT ( 'NONE',  ( -0.3628730529110148484, -0.6099999999999999867, 0.4142373185824930193 ) ) ;
#8808 = CARTESIAN_POINT ( 'NONE',  ( -0.3356417930826539053, -0.6099999999999999867, 0.4503377134371886470 ) ) ;
#8809 = PRESENTATION_STYLE_ASSIGNMENT (( #9780 ) ) ;
#8810 = COLOUR_RGB ( '',1.000000000000000000, 1.000000000000000000, 1.000000000000000000 ) ;
#8811 = ORIENTED_EDGE ( 'NONE', *, *, #87, .F. ) ;
#8812 = STYLED_ITEM ( 'NONE', ( #9714 ), #2214 ) ;
#8813 = FILL_AREA_STYLE_COLOUR ( '', #9073 ) ;
#8814 = EDGE_LOOP ( 'NONE', ( #8894, #6783, #11439, #6333 ) ) ;
#8815 = CARTESIAN_POINT ( 'NONE',  ( -0.5254917555694292863, -0.6099999999999999867, 0.3856692684621244038 ) ) ;
#8816 = CARTESIAN_POINT ( 'NONE',  ( -0.3496681273738661555, -0.5999999999999999778, 0.3805907524105590634 ) ) ;
#8817 = AXIS2_PLACEMENT_3D ( 'NONE', #8187, #17, #3654 ) ;
#8818 = EDGE_CURVE ( 'NONE', #8342, #7281, #7148, .T. ) ;
#8819 = EDGE_CURVE ( 'NONE', #9389, #6527, #10549, .T. ) ;
#8820 = SURFACE_STYLE_USAGE ( .BOTH. , #4238 ) ;
#8821 = DIRECTION ( 'NONE',  ( 0.1387416884823259311, 0.0000000000000000000, -0.9903286039881273872 ) ) ;
#8822 = ORIENTED_EDGE ( 'NONE', *, *, #1111, .F. ) ;
#8823 = CARTESIAN_POINT ( 'NONE',  ( -0.3952823071626931917, -0.5999999999999999778, 0.3916745717986214181 ) ) ;
#8824 =( NAMED_UNIT ( * ) PLANE_ANGLE_UNIT ( ) SI_UNIT ( $, .RADIAN. ) );
#8825 = CARTESIAN_POINT ( 'NONE',  ( -0.3711391283457417534, -0.6099999999999999867, 0.4549750337439453785 ) ) ;
#8826 = SURFACE_SIDE_STYLE ('',( #10567 ) ) ;
#8827 = CARTESIAN_POINT ( 'NONE',  ( -0.3352258899160474037, -0.6099999999999999867, 0.4910130431234555615 ) ) ;
#8828 = CARTESIAN_POINT ( 'NONE',  ( -0.3474326478536989282, -0.6099999999999999867, 0.3858727226255307952 ) ) ;
#8829 = CARTESIAN_POINT ( 'NONE',  ( -0.5642442161535456968, -0.5999999999999999778, 0.3955019856348489515 ) ) ;
#8830 = DIRECTION ( 'NONE',  ( -0.3559357243643086477, 0.0000000000000000000, 0.9345104387438670779 ) ) ;
#8831 = FACE_OUTER_BOUND ( 'NONE', #7942, .T. ) ;
#8832 = SURFACE_SIDE_STYLE ('',( #6824 ) ) ;
#8833 = ORIENTED_EDGE ( 'NONE', *, *, #4862, .T. ) ;
#8834 = CARTESIAN_POINT ( 'NONE',  ( -0.3697562503170909731, -0.6099999999999999867, 0.4155266183989210771 ) ) ;
#8835 = EDGE_CURVE ( 'NONE', #4642, #11704, #1199, .T. ) ;
#8836 =( LENGTH_UNIT ( ) NAMED_UNIT ( * ) SI_UNIT ( .MILLI., .METRE. ) );
#8837 = ORIENTED_EDGE ( 'NONE', *, *, #10989, .T. ) ;
#8838 = UNCERTAINTY_MEASURE_WITH_UNIT (LENGTH_MEASURE( 1.000000000000000082E-05 ), #5877, 'distance_accuracy_value', 'NONE');
#8839 = CARTESIAN_POINT ( 'NONE',  ( -0.3763899058231187089, -0.6099999999999999867, 0.4503377134371886470 ) ) ;
#8840 = FACE_OUTER_BOUND ( 'NONE', #9898, .T. ) ;
#8841 = B_SPLINE_CURVE_WITH_KNOTS ( 'NONE', 3,
 ( #1026, #1812, #9211, #4586 ),
 .UNSPECIFIED., .F., .F.,
 ( 4, 4 ),
 ( 4.000000000000000000, 5.000000000000000000 ),
 .UNSPECIFIED. ) ;
#8842 = B_SPLINE_SURFACE_WITH_KNOTS ( 'NONE', 3, 1, ( 
 ( #8201, #2212 ),
 ( #9085, #4075 ),
 ( #3668, #2762 ),
 ( #6451, #2883 ) ),
 .UNSPECIFIED., .F., .F., .F.,
 ( 4, 4 ),
 ( 2, 2 ),
 ( 15.00000000000000000, 16.00000000000000000 ),
 ( 0.0000000000000000000, 1.000000000000000000 ),
 .UNSPECIFIED. ) ;
#8843 = SURFACE_SIDE_STYLE ('',( #1586 ) ) ;
#8844 = ORIENTED_EDGE ( 'NONE', *, *, #5085, .T. ) ;
#8845 =( GEOMETRIC_REPRESENTATION_CONTEXT ( 3 ) GLOBAL_UNCERTAINTY_ASSIGNED_CONTEXT ( ( #1912 ) ) GLOBAL_UNIT_ASSIGNED_CONTEXT ( ( #3246, #10365, #5002 ) ) REPRESENTATION_CONTEXT ( 'NONE', 'WORKASPACE' ) );
#8846 = ORIENTED_EDGE ( 'NONE', *, *, #255, .F. ) ;
#8847 = B_SPLINE_CURVE_WITH_KNOTS ( 'NONE', 3,
 ( #2037, #8497, #1176, #9193 ),
 .UNSPECIFIED., .F., .F.,
 ( 4, 4 ),
 ( 11.00000000000000000, 12.00000000000000000 ),
 .UNSPECIFIED. ) ;
#8848 = LINE ( 'NONE', #6911, #1788 ) ;
#8849 = ADVANCED_FACE ( 'NONE', ( #11634 ), #4111, .F. ) ;
#8850 = VERTEX_POINT ( 'NONE', #3843 ) ;
#8851 = UNCERTAINTY_MEASURE_WITH_UNIT (LENGTH_MEASURE( 1.000000000000000082E-05 ), #6423, 'distance_accuracy_value', 'NONE');
#8852 =( NAMED_UNIT ( * ) SI_UNIT ( $, .STERADIAN. ) SOLID_ANGLE_UNIT ( ) );
#8853 = CARTESIAN_POINT ( 'NONE',  ( -0.4062829459172673796, -0.5999999999999999778, 0.4515022423035227606 ) ) ;
#8854 =( NAMED_UNIT ( * ) SI_UNIT ( $, .STERADIAN. ) SOLID_ANGLE_UNIT ( ) );
#8855 = COLOUR_RGB ( '',1.000000000000000000, 1.000000000000000000, 1.000000000000000000 ) ;
#8856 = ORIENTED_EDGE ( 'NONE', *, *, #6016, .F. ) ;
#8857 = SURFACE_STYLE_USAGE ( .BOTH. , #5240 ) ;
#8858 = ORIENTED_EDGE ( 'NONE', *, *, #1745, .F. ) ;
#8859 = B_SPLINE_CURVE_WITH_KNOTS ( 'NONE', 3,
 ( #5948, #9513, #1347, #517 ),
 .UNSPECIFIED., .F., .F.,
 ( 4, 4 ),
 ( 7.000000000000000000, 8.000000000000000000 ),
 .UNSPECIFIED. ) ;
#8860 = CARTESIAN_POINT ( 'NONE',  ( -0.4893420873371294166, -0.6099999999999999867, 0.4140106092830085349 ) ) ;
#8861 = CARTESIAN_POINT ( 'NONE',  ( -0.3697562503170909731, -0.6099999999999999867, 0.4022801025448896062 ) ) ;
#8862 = CARTESIAN_POINT ( 'NONE',  ( -0.2689101300135118278, -0.6099999999999999867, 0.4210997208304051442 ) ) ;
#8863 = VERTEX_POINT ( 'NONE', #7490 ) ;
#8864 = STYLED_ITEM ( 'NONE', ( #7349 ), #6884 ) ;
#8865 =( LENGTH_UNIT ( ) NAMED_UNIT ( * ) SI_UNIT ( .MILLI., .METRE. ) );
#8866 = UNCERTAINTY_MEASURE_WITH_UNIT (LENGTH_MEASURE( 1.000000000000000082E-05 ), #10588, 'distance_accuracy_value', 'NONE');
#8867 = EDGE_CURVE ( 'NONE', #7659, #11729, #2879, .T. ) ;
#8868 = ORIENTED_EDGE ( 'NONE', *, *, #995, .T. ) ;
#8869 =( GEOMETRIC_REPRESENTATION_CONTEXT ( 3 ) GLOBAL_UNCERTAINTY_ASSIGNED_CONTEXT ( ( #3827 ) ) GLOBAL_UNIT_ASSIGNED_CONTEXT ( ( #914, #10133, #413 ) ) REPRESENTATION_CONTEXT ( 'NONE', 'WORKASPACE' ) );
#8870 = ORIENTED_EDGE ( 'NONE', *, *, #7875, .T. ) ;
#8871 = FILL_AREA_STYLE ('',( #7741 ) ) ;
#8872 = B_SPLINE_CURVE_WITH_KNOTS ( 'NONE', 3,
 ( #7375, #21, #1906, #3658 ),
 .UNSPECIFIED., .F., .F.,
 ( 4, 4 ),
 ( 1.000000000000000000, 2.000000000000000000 ),
 .UNSPECIFIED. ) ;
#8873 = AXIS2_PLACEMENT_3D ( 'NONE', #2729, #5519, #9981 ) ;
#8874 = ADVANCED_FACE ( 'NONE', ( #6557, #10178 ), #2812, .T. ) ;
#8875 =( LENGTH_UNIT ( ) NAMED_UNIT ( * ) SI_UNIT ( .MILLI., .METRE. ) );
#8876 = ORIENTED_EDGE ( 'NONE', *, *, #7057, .F. ) ;
#8877 = SURFACE_SIDE_STYLE ('',( #5264 ) ) ;
#8878 = CARTESIAN_POINT ( 'NONE',  ( -0.3957917885416629700, -0.5999999999999999778, 0.4496514732123697011 ) ) ;
#8879 = VERTEX_POINT ( 'NONE', #33 ) ;
#8880 = SURFACE_STYLE_USAGE ( .BOTH. , #5267 ) ;
#8881 = DIRECTION ( 'NONE',  ( -0.0000000000000000000, 1.000000000000000000, -0.0000000000000000000 ) ) ;
#8882 = VECTOR ( 'NONE', #7566, 1000.000000000000000 ) ;
#8883 = SURFACE_STYLE_FILL_AREA ( #2666 ) ;
#8884 = PRESENTATION_LAYER_ASSIGNMENT (  '', '', ( #10547 ) ) ;
#8886 = EDGE_CURVE ( 'NONE', #4790, #118, #6446, .T. ) ;
#8885 = CARTESIAN_POINT ( 'NONE',  ( -0.3697562503170909731, -0.5999999999999999778, 0.4155266183989210771 ) ) ;
#8887 = EDGE_CURVE ( 'NONE', #4534, #1099, #651, .T. ) ;
#8888 =( GEOMETRIC_REPRESENTATION_CONTEXT ( 3 ) GLOBAL_UNCERTAINTY_ASSIGNED_CONTEXT ( ( #10715 ) ) GLOBAL_UNIT_ASSIGNED_CONTEXT ( ( #6978, #7143, #9838 ) ) REPRESENTATION_CONTEXT ( 'NONE', 'WORKASPACE' ) );
#8889 = AXIS2_PLACEMENT_3D ( 'NONE', #8083, #7910, #7101 ) ;
#8890 = DIRECTION ( 'NONE',  ( -0.0000000000000000000, 1.000000000000000000, -0.0000000000000000000 ) ) ;
#8891 = SURFACE_SIDE_STYLE ('',( #8945 ) ) ;
#8892 =( GEOMETRIC_REPRESENTATION_CONTEXT ( 3 ) GLOBAL_UNCERTAINTY_ASSIGNED_CONTEXT ( ( #3117 ) ) GLOBAL_UNIT_ASSIGNED_CONTEXT ( ( #894, #4377, #9062 ) ) REPRESENTATION_CONTEXT ( 'NONE', 'WORKASPACE' ) );
#8893 = CARTESIAN_POINT ( 'NONE',  ( -0.3810688164466189964, -0.5999999999999999778, 0.4095999982757371205 ) ) ;
#8894 = ORIENTED_EDGE ( 'NONE', *, *, #3139, .F. ) ;
#8895 = PRESENTATION_LAYER_ASSIGNMENT (  '', '', ( #6266 ) ) ;
#8896 = SURFACE_STYLE_FILL_AREA ( #4535 ) ;
#8897 = DIRECTION ( 'NONE',  ( 0.0000000000000000000, -0.0000000000000000000, 1.000000000000000000 ) ) ;
#8898 = ORIENTED_EDGE ( 'NONE', *, *, #2572, .T. ) ;
#8899 = SURFACE_STYLE_USAGE ( .BOTH. , #10468 ) ;
#8900 = SURFACE_STYLE_USAGE ( .BOTH. , #5106 ) ;
#8901 =( GEOMETRIC_REPRESENTATION_CONTEXT ( 3 ) GLOBAL_UNCERTAINTY_ASSIGNED_CONTEXT ( ( #10225 ) ) GLOBAL_UNIT_ASSIGNED_CONTEXT ( ( #3165, #4202, #6835 ) ) REPRESENTATION_CONTEXT ( 'NONE', 'WORKASPACE' ) );
#8902 =( GEOMETRIC_REPRESENTATION_CONTEXT ( 3 ) GLOBAL_UNCERTAINTY_ASSIGNED_CONTEXT ( ( #7093 ) ) GLOBAL_UNIT_ASSIGNED_CONTEXT ( ( #79, #7443, #2875 ) ) REPRESENTATION_CONTEXT ( 'NONE', 'WORKASPACE' ) );
#8903 = VERTEX_POINT ( 'NONE', #6510 ) ;
#8904 = VECTOR ( 'NONE', #2242, 1000.000000000000000 ) ;
#8905 = DIRECTION ( 'NONE',  ( 0.3493954794691446208, 0.0000000000000000000, -0.9369753459544848395 ) ) ;
#8906 = LINE ( 'NONE', #10757, #6428 ) ;
#8907 = PRESENTATION_LAYER_ASSIGNMENT (  '', '', ( #7570 ) ) ;
#8908 = VERTEX_POINT ( 'NONE', #8323 ) ;
#8909 = FILL_AREA_STYLE_COLOUR ( '', #11307 ) ;
#8910 = CARTESIAN_POINT ( 'NONE',  ( -0.5821744592752146064, -0.5999999999999999778, 0.3891396288459504360 ) ) ;
#8911 = VERTEX_POINT ( 'NONE', #143 ) ;
#8912 = EDGE_CURVE ( 'NONE', #8226, #1546, #8208, .T. ) ;
#8913 = EDGE_CURVE ( 'NONE', #8863, #7041, #3785, .T. ) ;
#8914 = VECTOR ( 'NONE', #3949, 1000.000000000000000 ) ;
#8915 = ORIENTED_EDGE ( 'NONE', *, *, #2936, .T. ) ;
#8916 = CARTESIAN_POINT ( 'NONE',  ( -0.2847040527621113593, -0.5999999999999999778, 0.3858103371506220181 ) ) ;
#8917 = FILL_AREA_STYLE ('',( #11629 ) ) ;
#8918 = ORIENTED_EDGE ( 'NONE', *, *, #10948, .T. ) ;
#8919 = CARTESIAN_POINT ( 'NONE',  ( -0.4983072033819599400, -0.5999999999999999778, 0.4041778976265634760 ) ) ;
#8920 = EDGE_LOOP ( 'NONE', ( #5313, #8532, #556, #7673 ) ) ;
#8921 = CARTESIAN_POINT ( 'NONE',  ( -0.2648238814023293197, -0.6099999999999999867, 0.4175021584398895258 ) ) ;
#8922 = STYLED_ITEM ( 'NONE', ( #4669 ), #6645 ) ;
#8923 = FILL_AREA_STYLE_COLOUR ( '', #3786 ) ;
#8924 = DIRECTION ( 'NONE',  ( -0.0000000000000000000, 0.0000000000000000000, 1.000000000000000000 ) ) ;
#8925 = ADVANCED_FACE ( 'NONE', ( #9371 ), #8566, .F. ) ;
#8926 = VECTOR ( 'NONE', #7633, 1000.000000000000000 ) ;
#8927 = EDGE_CURVE ( 'NONE', #5782, #3989, #1246, .T. ) ;
#8928 = COLOUR_RGB ( '',1.000000000000000000, 1.000000000000000000, 1.000000000000000000 ) ;
#8929 = FACE_OUTER_BOUND ( 'NONE', #2115, .T. ) ;
#8930 = FILL_AREA_STYLE_COLOUR ( '', #1800 ) ;
#8931 =( NAMED_UNIT ( * ) PLANE_ANGLE_UNIT ( ) SI_UNIT ( $, .RADIAN. ) );
#8932 = VERTEX_POINT ( 'NONE', #9603 ) ;
#8933 = VECTOR ( 'NONE', #2153, 1000.000000000000000 ) ;
#8934 = CARTESIAN_POINT ( 'NONE',  ( -0.4183025474299184587, -0.6099999999999999867, 0.4087889871011015086 ) ) ;
#8935 = FACE_OUTER_BOUND ( 'NONE', #3506, .T. ) ;
#8936 = FACE_OUTER_BOUND ( 'NONE', #3761, .T. ) ;
#8937 = CARTESIAN_POINT ( 'NONE',  ( -0.3056551747761435678, -0.5999999999999999778, 0.4087889871011015086 ) ) ;
#8938 = PRESENTATION_LAYER_ASSIGNMENT (  '', '', ( #1094 ) ) ;
#8939 =( LENGTH_UNIT ( ) NAMED_UNIT ( * ) SI_UNIT ( .MILLI., .METRE. ) );
#8940 = AXIS2_PLACEMENT_3D ( 'NONE', #9429, #2233, #2109 ) ;
#8941 = DIRECTION ( 'NONE',  ( -1.000000000000000000, -0.0000000000000000000, -0.0000000000000000000 ) ) ;
#8942 = EDGE_CURVE ( 'NONE', #3857, #8863, #3184, .T. ) ;
#8943 = B_SPLINE_SURFACE_WITH_KNOTS ( 'NONE', 3, 1, ( 
 ( #5337, #2673 ),
 ( #9170, #9869 ),
 ( #5453, #3754 ),
 ( #7294, #4596 ) ),
 .UNSPECIFIED., .F., .F., .F.,
 ( 4, 4 ),
 ( 2, 2 ),
 ( 19.00000000000000000, 20.00000000000000000 ),
 ( 0.0000000000000000000, 1.000000000000000000 ),
 .UNSPECIFIED. ) ;
#8944 = B_SPLINE_CURVE_WITH_KNOTS ( 'NONE', 3,
 ( #2310, #7692, #10387, #2252 ),
 .UNSPECIFIED., .F., .F.,
 ( 4, 4 ),
 ( 5.000000000000000000, 6.000000000000000000 ),
 .UNSPECIFIED. ) ;
#8945 = SURFACE_STYLE_FILL_AREA ( #5332 ) ;
#8946 = VERTEX_POINT ( 'NONE', #9424 ) ;
#8947 = UNCERTAINTY_MEASURE_WITH_UNIT (LENGTH_MEASURE( 1.000000000000000082E-05 ), #6782, 'distance_accuracy_value', 'NONE');
#8948 = SURFACE_STYLE_FILL_AREA ( #6137 ) ;
#8949 = SURFACE_STYLE_USAGE ( .BOTH. , #7179 ) ;
#8950 = ORIENTED_EDGE ( 'NONE', *, *, #7296, .F. ) ;
#8951 = CARTESIAN_POINT ( 'NONE',  ( -0.4057214766425416563, -0.6099999999999999867, 0.3968109759051963170 ) ) ;
#8952 = CARTESIAN_POINT ( 'NONE',  ( -0.5156590494287112136, -0.6099999999999999867, 0.4868883607492610066 ) ) ;
#8953 = PRESENTATION_STYLE_ASSIGNMENT (( #5177 ) ) ;
#8954 = EDGE_LOOP ( 'NONE', ( #10537, #2882, #4376, #7085 ) ) ;
#8955 = SURFACE_SIDE_STYLE ('',( #2516 ) ) ;
#8956 = SURFACE_STYLE_FILL_AREA ( #7250 ) ;
#8957 = EDGE_CURVE ( 'NONE', #877, #10760, #11354, .T. ) ;
#8958 = EDGE_LOOP ( 'NONE', ( #7937, #6960, #4515, #6096 ) ) ;
#8959 = UNCERTAINTY_MEASURE_WITH_UNIT (LENGTH_MEASURE( 1.000000000000000082E-05 ), #2663, 'distance_accuracy_value', 'NONE');
#8960 = PRESENTATION_STYLE_ASSIGNMENT (( #8246 ) ) ;
#8961 = PRESENTATION_STYLE_ASSIGNMENT (( #5293 ) ) ;
#8962 = CARTESIAN_POINT ( 'NONE',  ( -0.3468295882622289827, -0.5999999999999999778, 0.4910130431234555615 ) ) ;
#8963 = ORIENTED_EDGE ( 'NONE', *, *, #1337, .F. ) ;
#8964 = STYLED_ITEM ( 'NONE', ( #3696 ), #380 ) ;
#8965 = ORIENTED_EDGE ( 'NONE', *, *, #5617, .F. ) ;
#8966 = SURFACE_SIDE_STYLE ('',( #9136 ) ) ;
#8967 = UNCERTAINTY_MEASURE_WITH_UNIT (LENGTH_MEASURE( 1.000000000000000082E-05 ), #6674, 'distance_accuracy_value', 'NONE');
#8968 = CARTESIAN_POINT ( 'NONE',  ( -0.6999999999999999556, 0.5999999999999999778, -0.05000000000000000278 ) ) ;
#8969 = ORIENTED_EDGE ( 'NONE', *, *, #10486, .F. ) ;
#8970 = SURFACE_STYLE_FILL_AREA ( #4340 ) ;
#8971 = PRESENTATION_STYLE_ASSIGNMENT (( #8139 ) ) ;
#8972 = ORIENTED_EDGE ( 'NONE', *, *, #7298, .F. ) ;
#8973 = CARTESIAN_POINT ( 'NONE',  ( -0.6377003577995730144, -0.6099999999999999867, 0.4322300619739357641 ) ) ;
#8974 = CARTESIAN_POINT ( 'NONE',  ( -0.3910089021266485720, -0.6099999999999999867, 0.4543303838357317104 ) ) ;
#8975 =( LENGTH_UNIT ( ) NAMED_UNIT ( * ) SI_UNIT ( .MILLI., .METRE. ) );
#8976 =( GEOMETRIC_REPRESENTATION_CONTEXT ( 3 ) GLOBAL_UNCERTAINTY_ASSIGNED_CONTEXT ( ( #3253 ) ) GLOBAL_UNIT_ASSIGNED_CONTEXT ( ( #8211, #11068, #7558 ) ) REPRESENTATION_CONTEXT ( 'NONE', 'WORKASPACE' ) );
#8977 = CARTESIAN_POINT ( 'NONE',  ( -0.4054823323217832676, -0.5999999999999999778, 0.4586141864510666077 ) ) ;
#8978 = EDGE_CURVE ( 'NONE', #10712, #5799, #9890, .T. ) ;
#8979 = ORIENTED_EDGE ( 'NONE', *, *, #7555, .T. ) ;
#8980 = EDGE_CURVE ( 'NONE', #4147, #7877, #308, .T. ) ;
#8981 = SURFACE_STYLE_FILL_AREA ( #11548 ) ;
#8982 = CARTESIAN_POINT ( 'NONE',  ( -0.2848080285539025813, -0.6099999999999999867, 0.4614631231418551693 ) ) ;
#8983 =( NAMED_UNIT ( * ) SI_UNIT ( $, .STERADIAN. ) SOLID_ANGLE_UNIT ( ) );
#8984 = PRESENTATION_LAYER_ASSIGNMENT (  '', '', ( #3662 ) ) ;
#8985 = PLANE ( 'NONE',  #2418 ) ;
#8986 = CARTESIAN_POINT ( 'NONE',  ( -0.3845312103078911137, -0.5999999999999999778, 0.4520221212616433726 ) ) ;
#8987 = FACE_BOUND ( 'NONE', #1117, .T. ) ;
#8988 = STYLED_ITEM ( 'NONE', ( #9370 ), #1510 ) ;
#8989 = ORIENTED_EDGE ( 'NONE', *, *, #5098, .T. ) ;
#8990 = EDGE_CURVE ( 'NONE', #11583, #4868, #4820, .T. ) ;
#8991 =( NAMED_UNIT ( * ) PLANE_ANGLE_UNIT ( ) SI_UNIT ( $, .RADIAN. ) );
#8992 = DIRECTION ( 'NONE',  ( 1.000000000000000000, -0.0000000000000000000, -0.0000000000000000000 ) ) ;
#8993 = SURFACE_STYLE_USAGE ( .BOTH. , #7357 ) ;
#8994 = CARTESIAN_POINT ( 'NONE',  ( -0.5237565864095233836, -0.5999999999999999778, 0.4033103075305376484 ) ) ;
#8995 =( NAMED_UNIT ( * ) PLANE_ANGLE_UNIT ( ) SI_UNIT ( $, .RADIAN. ) );
#8996 = EDGE_LOOP ( 'NONE', ( #10922, #2574, #4751, #8219 ) ) ;
#8997 = SURFACE_STYLE_FILL_AREA ( #7181 ) ;
#8998 = DIRECTION ( 'NONE',  ( -0.0000000000000000000, 1.000000000000000000, -0.0000000000000000000 ) ) ;
#8999 = DIRECTION ( 'NONE',  ( -0.0000000000000000000, -0.0000000000000000000, 1.000000000000000000 ) ) ;
#9000 = ORIENTED_EDGE ( 'NONE', *, *, #1816, .T. ) ;
#9001 = SURFACE_STYLE_USAGE ( .BOTH. , #10655 ) ;
#9002 =( LENGTH_UNIT ( ) NAMED_UNIT ( * ) SI_UNIT ( .MILLI., .METRE. ) );
#9003 = B_SPLINE_CURVE_WITH_KNOTS ( 'NONE', 3,
 ( #4213, #6915, #370, #8680 ),
 .UNSPECIFIED., .F., .F.,
 ( 4, 4 ),
 ( 3.000000000000000000, 4.000000000000000000 ),
 .UNSPECIFIED. ) ;
#9004 = VERTEX_POINT ( 'NONE', #2107 ) ;
#9005 = ADVANCED_FACE ( 'NONE', ( #3959 ), #6790, .F. ) ;
#9006 = FACE_OUTER_BOUND ( 'NONE', #3537, .T. ) ;
#9007 = VERTEX_POINT ( 'NONE', #10929 ) ;
#9008 = VECTOR ( 'NONE', #1778, 1000.000000000000000 ) ;
#9009 = ORIENTED_EDGE ( 'NONE', *, *, #11700, .F. ) ;
#9010 = DIRECTION ( 'NONE',  ( 0.0000000000000000000, 0.0000000000000000000, 1.000000000000000000 ) ) ;
#9011 = FILL_AREA_STYLE ('',( #4558 ) ) ;
#9012 = ADVANCED_FACE ( 'NONE', ( #3522 ), #2792, .F. ) ;
#9013 = EDGE_CURVE ( 'NONE', #5497, #8879, #232, .T. ) ;
#9014 = ORIENTED_EDGE ( 'NONE', *, *, #2480, .T. ) ;
#9015 = COLOUR_RGB ( '',1.000000000000000000, 1.000000000000000000, 1.000000000000000000 ) ;
#9016 = CARTESIAN_POINT ( 'NONE',  ( -0.3236949746242013259, -0.6099999999999999867, 0.4825078233679716000 ) ) ;
#9017 = CARTESIAN_POINT ( 'NONE',  ( 0.2999999999999998224, -0.5999999999999999778, 0.0000000000000000000 ) ) ;
#9018 = VERTEX_POINT ( 'NONE', #546 ) ;
#9019 =( LENGTH_UNIT ( ) NAMED_UNIT ( * ) SI_UNIT ( .MILLI., .METRE. ) );
#9020 = ORIENTED_EDGE ( 'NONE', *, *, #2851, .T. ) ;
#9021 =( NAMED_UNIT ( * ) SI_UNIT ( $, .STERADIAN. ) SOLID_ANGLE_UNIT ( ) );
#9022 = SURFACE_STYLE_USAGE ( .BOTH. , #10725 ) ;
#9023 =( LENGTH_UNIT ( ) NAMED_UNIT ( * ) SI_UNIT ( .MILLI., .METRE. ) );
#9024 = PRESENTATION_STYLE_ASSIGNMENT (( #5614 ) ) ;
#9025 = CARTESIAN_POINT ( 'NONE',  ( 0.0000000000000000000, 0.0000000000000000000, 0.5999999999999999778 ) ) ;
#9026 = PRESENTATION_LAYER_ASSIGNMENT (  '', '', ( #6975 ) ) ;
#9027 = COLOUR_RGB ( '',1.000000000000000000, 1.000000000000000000, 1.000000000000000000 ) ;
#9028 = FILL_AREA_STYLE_COLOUR ( '', #10466 ) ;
#9029 = CARTESIAN_POINT ( 'NONE',  ( -0.4094750027203268861, -0.5999999999999999778, 0.4702178847972480757 ) ) ;
#9030 = PRESENTATION_LAYER_ASSIGNMENT (  '', '', ( #11638 ) ) ;
#9031 = SURFACE_STYLE_FILL_AREA ( #4461 ) ;
#9032 = ORIENTED_EDGE ( 'NONE', *, *, #10138, .F. ) ;
#9033 = CARTESIAN_POINT ( 'NONE',  ( -0.6090698129254329407, -0.6099999999999999867, 0.4785016348842049405 ) ) ;
#9034 =( LENGTH_UNIT ( ) NAMED_UNIT ( * ) SI_UNIT ( .MILLI., .METRE. ) );
#9035 = CARTESIAN_POINT ( 'NONE',  ( -0.3763899058231187089, -0.5999999999999999778, 0.4503377134371886470 ) ) ;
#9036 = FILL_AREA_STYLE ('',( #1575 ) ) ;
#9037 = PLANE ( 'NONE',  #6281 ) ;
#9038 = FILL_AREA_STYLE_COLOUR ( '', #2807 ) ;
#9039 =( LENGTH_UNIT ( ) NAMED_UNIT ( * ) SI_UNIT ( .MILLI., .METRE. ) );
#9040 = PRESENTATION_LAYER_ASSIGNMENT (  '', '', ( #9967 ) ) ;
#9041 = PRESENTATION_LAYER_ASSIGNMENT (  '', '', ( #854 ) ) ;
#9042 = ADVANCED_FACE ( 'NONE', ( #940 ), #6479, .F. ) ;
#9043 = SURFACE_STYLE_FILL_AREA ( #11667 ) ;
#9044 = VERTEX_POINT ( 'NONE', #2 ) ;
#9045 =( GEOMETRIC_REPRESENTATION_CONTEXT ( 3 ) GLOBAL_UNCERTAINTY_ASSIGNED_CONTEXT ( ( #3769 ) ) GLOBAL_UNIT_ASSIGNED_CONTEXT ( ( #8939, #7285, #6408 ) ) REPRESENTATION_CONTEXT ( 'NONE', 'WORKASPACE' ) );
#9046 = FILL_AREA_STYLE_COLOUR ( '', #5475 ) ;
#9047 = CARTESIAN_POINT ( 'NONE',  ( -0.3723140547912258680, -0.6099999999999999867, 0.4032782701445257745 ) ) ;
#9048 = PRESENTATION_LAYER_ASSIGNMENT (  '', '', ( #3730 ) ) ;
#9049 = SURFACE_STYLE_FILL_AREA ( #7240 ) ;
#9050 =( NAMED_UNIT ( * ) SI_UNIT ( $, .STERADIAN. ) SOLID_ANGLE_UNIT ( ) );
#9051 = CARTESIAN_POINT ( 'NONE',  ( -0.2939994885342057662, -0.5999999999999999778, 0.4829653168511845451 ) ) ;
#9052 = ORIENTED_EDGE ( 'NONE', *, *, #7653, .T. ) ;
#9053 = CARTESIAN_POINT ( 'NONE',  ( -0.4061789701256164342, -0.6099999999999999867, 0.3940036295310119785 ) ) ;
#9054 = DIRECTION ( 'NONE',  ( -1.000000000000000000, 0.0000000000000000000, -0.0000000000000000000 ) ) ;
#9055 = DIRECTION ( 'NONE',  ( -0.0000000000000000000, 1.000000000000000000, -0.0000000000000000000 ) ) ;
#9056 = PRESENTATION_LAYER_ASSIGNMENT (  '', '', ( #10167 ) ) ;
#9057 = VERTEX_POINT ( 'NONE', #5454 ) ;
#9058 = VECTOR ( 'NONE', #7544, 1000.000000000000000 ) ;
#9059 =( LENGTH_UNIT ( ) NAMED_UNIT ( * ) SI_UNIT ( .MILLI., .METRE. ) );
#9060 = ORIENTED_EDGE ( 'NONE', *, *, #10311, .F. ) ;
#9061 = UNCERTAINTY_MEASURE_WITH_UNIT (LENGTH_MEASURE( 1.000000000000000082E-05 ), #6391, 'distance_accuracy_value', 'NONE');
#9062 =( NAMED_UNIT ( * ) SI_UNIT ( $, .STERADIAN. ) SOLID_ANGLE_UNIT ( ) );
#9063 = FACE_OUTER_BOUND ( 'NONE', #6568, .T. ) ;
#9064 =( NAMED_UNIT ( * ) PLANE_ANGLE_UNIT ( ) SI_UNIT ( $, .RADIAN. ) );
#9065 = MECHANICAL_DESIGN_GEOMETRIC_PRESENTATION_REPRESENTATION (  '', ( #4902 ), #7005 ) ;
#9066 = CARTESIAN_POINT ( 'NONE',  ( -0.4085080278582838842, -0.6099999999999999867, 0.4078740001346763400 ) ) ;
#9067 = ORIENTED_EDGE ( 'NONE', *, *, #2198, .T. ) ;
#9068 = COLOUR_RGB ( '',1.000000000000000000, 1.000000000000000000, 1.000000000000000000 ) ;
#9069 = CARTESIAN_POINT ( 'NONE',  ( -0.4057214766425416563, -0.5999999999999999778, 0.3968109759051963170 ) ) ;
#9070 = VECTOR ( 'NONE', #1382, 1000.000000000000000 ) ;
#9071 = CARTESIAN_POINT ( 'NONE',  ( -0.3957917885416629700, -0.6099999999999999867, 0.4496514732123697011 ) ) ;
#9072 = CARTESIAN_POINT ( 'NONE',  ( -0.3811000091840733850, -0.5999999999999999778, 0.3868292999085612416 ) ) ;
#9073 = COLOUR_RGB ( '',1.000000000000000000, 1.000000000000000000, 1.000000000000000000 ) ;
#9074 = VERTEX_POINT ( 'NONE', #277 ) ;
#9075 = UNCERTAINTY_MEASURE_WITH_UNIT (LENGTH_MEASURE( 1.000000000000000082E-05 ), #10252, 'distance_accuracy_value', 'NONE');
#9076 = STYLED_ITEM ( 'NONE', ( #3393 ), #3106 ) ;
#9077 = PRESENTATION_STYLE_ASSIGNMENT (( #7142 ) ) ;
#9078 = CARTESIAN_POINT ( 'NONE',  ( -0.4113465669697827787, -0.6099999999999999867, 0.3935877263646810342 ) ) ;
#9079 = LINE ( 'NONE', #9195, #4547 ) ;
#9080 = EDGE_LOOP ( 'NONE', ( #5230, #4775, #7522, #11092 ) ) ;
#9081 = COLOUR_RGB ( '',1.000000000000000000, 1.000000000000000000, 1.000000000000000000 ) ;
#9082 = ADVANCED_FACE ( 'NONE', ( #1036 ), #8389, .T. ) ;
#9083 = SURFACE_STYLE_FILL_AREA ( #7209 ) ;
#9084 = ORIENTED_EDGE ( 'NONE', *, *, #5780, .T. ) ;
#9085 = CARTESIAN_POINT ( 'NONE',  ( -0.5766796980982075160, -0.6099999999999999867, 0.4209513631466858530 ) ) ;
#9086 = CARTESIAN_POINT ( 'NONE',  ( -0.2939994885342057662, -0.6099999999999999867, 0.4829653168511844896 ) ) ;
#9087 = DIRECTION ( 'NONE',  ( -0.0000000000000000000, 1.000000000000000000, -0.0000000000000000000 ) ) ;
#9088 = SURFACE_STYLE_USAGE ( .BOTH. , #11641 ) ;
#9089 =( GEOMETRIC_REPRESENTATION_CONTEXT ( 3 ) GLOBAL_UNCERTAINTY_ASSIGNED_CONTEXT ( ( #10940 ) ) GLOBAL_UNIT_ASSIGNED_CONTEXT ( ( #2447, #10455, #6125 ) ) REPRESENTATION_CONTEXT ( 'NONE', 'WORKASPACE' ) );
#9090 = VECTOR ( 'NONE', #10518, 1000.000000000000000 ) ;
#9091 = CARTESIAN_POINT ( 'NONE',  ( -0.6423275178485461367, -0.6099999999999999867, 0.4646201574951478452 ) ) ;
#9092 = CARTESIAN_POINT ( 'NONE',  ( -0.6377003577995730144, -0.5999999999999999778, 0.4481359208502976865 ) ) ;
#9093 = EDGE_CURVE ( 'NONE', #11207, #261, #174, .T. ) ;
#9094 = ORIENTED_EDGE ( 'NONE', *, *, #5027, .T. ) ;
#9095 =( NAMED_UNIT ( * ) SI_UNIT ( $, .STERADIAN. ) SOLID_ANGLE_UNIT ( ) );
#9096 = CARTESIAN_POINT ( 'NONE',  ( -0.3870682196237242301, -0.5999999999999999778, 0.4911378140735485620 ) ) ;
#9097 = ORIENTED_EDGE ( 'NONE', *, *, #1850, .F. ) ;
#9098 = PRESENTATION_STYLE_ASSIGNMENT (( #3800 ) ) ;
#9099 = STYLED_ITEM ( 'NONE', ( #10451 ), #9615 ) ;
#9100 = LINE ( 'NONE', #2837, #2469 ) ;
#9101 =( GEOMETRIC_REPRESENTATION_CONTEXT ( 3 ) GLOBAL_UNCERTAINTY_ASSIGNED_CONTEXT ( ( #7779 ) ) GLOBAL_UNIT_ASSIGNED_CONTEXT ( ( #4253, #6831, #1480 ) ) REPRESENTATION_CONTEXT ( 'NONE', 'WORKASPACE' ) );
#9102 = PRESENTATION_LAYER_ASSIGNMENT (  '', '', ( #9849 ) ) ;
#9103 = AXIS2_PLACEMENT_3D ( 'NONE', #4494, #1899, #8121 ) ;
#9104 = CARTESIAN_POINT ( 'NONE',  ( -0.5995263053219659355, -0.5999999999999999778, 0.3839340662063335796 ) ) ;
#9105 = B_SPLINE_CURVE_WITH_KNOTS ( 'NONE', 3,
 ( #5667, #8332, #10077, #7985 ),
 .UNSPECIFIED., .F., .F.,
 ( 4, 4 ),
 ( 2.000000000000000000, 3.000000000000000000 ),
 .UNSPECIFIED. ) ;
#9106 = DIRECTION ( 'NONE',  ( -0.0000000000000000000, 1.000000000000000000, -0.0000000000000000000 ) ) ;
#9107 = ORIENTED_EDGE ( 'NONE', *, *, #408, .F. ) ;
#9108 = SURFACE_SIDE_STYLE ('',( #3868 ) ) ;
#9109 = FILL_AREA_STYLE ('',( #11508 ) ) ;
#9110 = VECTOR ( 'NONE', #11715, 1000.000000000000000 ) ;
#9111 = CARTESIAN_POINT ( 'NONE',  ( -0.3930988155384208538, -0.5999999999999999778, 0.4042764377444389434 ) ) ;
#9112 = EDGE_CURVE ( 'NONE', #2482, #5763, #2910, .T. ) ;
#9113 = VECTOR ( 'NONE', #6633, 999.9999999999998863 ) ;
#9114 =( NAMED_UNIT ( * ) SI_UNIT ( $, .STERADIAN. ) SOLID_ANGLE_UNIT ( ) );
#9115 = FACE_OUTER_BOUND ( 'NONE', #11245, .T. ) ;
#9116 = ORIENTED_EDGE ( 'NONE', *, *, #8456, .T. ) ;
#9117 = MECHANICAL_DESIGN_GEOMETRIC_PRESENTATION_REPRESENTATION (  '', ( #2829 ), #6310 ) ;
#9118 = LINE ( 'NONE', #6484, #5028 ) ;
#9119 = PRESENTATION_LAYER_ASSIGNMENT (  '', '', ( #2475 ) ) ;
#9120 = ORIENTED_EDGE ( 'NONE', *, *, #6622, .F. ) ;
#9121 = B_SPLINE_SURFACE_WITH_KNOTS ( 'NONE', 3, 1, ( 
 ( #6118, #5997 ),
 ( #3269, #1203 ),
 ( #10388, #334 ),
 ( #2185, #2371 ) ),
 .UNSPECIFIED., .F., .F., .F.,
 ( 4, 4 ),
 ( 2, 2 ),
 ( 7.000000000000000000, 8.000000000000000000 ),
 ( 0.0000000000000000000, 1.000000000000000000 ),
 .UNSPECIFIED. ) ;
#9122 = DIRECTION ( 'NONE',  ( 0.0000000000000000000, 1.000000000000000000, 0.0000000000000000000 ) ) ;
#9123 = CARTESIAN_POINT ( 'NONE',  ( -0.3577782391210452273, -0.6099999999999999867, 0.3770763706535322779 ) ) ;
#9124 = EDGE_LOOP ( 'NONE', ( #272, #397, #7527, #655 ) ) ;
#9125 = SURFACE_SIDE_STYLE ('',( #5535 ) ) ;
#9126 = CARTESIAN_POINT ( 'NONE',  ( -0.5084291135757945668, -0.6099999999999999867, 0.3856692684621244038 ) ) ;
#9127 = SURFACE_STYLE_USAGE ( .BOTH. , #895 ) ;
#9128 = ADVANCED_FACE ( 'NONE', ( #220 ), #1975, .F. ) ;
#9129 = ORIENTED_EDGE ( 'NONE', *, *, #7396, .T. ) ;
#9130 = UNCERTAINTY_MEASURE_WITH_UNIT (LENGTH_MEASURE( 1.000000000000000082E-05 ), #9039, 'distance_accuracy_value', 'NONE');
#9131 = LINE ( 'NONE', #10824, #4349 ) ;
#9132 = VERTEX_POINT ( 'NONE', #7640 ) ;
#9133 = LINE ( 'NONE', #9187, #3563 ) ;
#9134 =( NAMED_UNIT ( * ) PLANE_ANGLE_UNIT ( ) SI_UNIT ( $, .RADIAN. ) );
#9135 = VERTEX_POINT ( 'NONE', #5760 ) ;
#9136 = SURFACE_STYLE_FILL_AREA ( #9777 ) ;
#9137 =( NAMED_UNIT ( * ) PLANE_ANGLE_UNIT ( ) SI_UNIT ( $, .RADIAN. ) );
#9138 = LINE ( 'NONE', #10007, #4502 ) ;
#9139 = EDGE_LOOP ( 'NONE', ( #7815, #7235, #9009, #8306 ) ) ;
#9140 = EDGE_CURVE ( 'NONE', #503, #7833, #6410, .T. ) ;
#9141 = CARTESIAN_POINT ( 'NONE',  ( -0.3733538127074671475, -0.5999999999999999778, 0.3985785643628607655 ) ) ;
#9142 = DIRECTION ( 'NONE',  ( -1.000000000000000000, -0.0000000000000000000, -0.0000000000000000000 ) ) ;
#9143 = VERTEX_POINT ( 'NONE', #11200 ) ;
#9144 = CARTESIAN_POINT ( 'NONE',  ( -0.3930988155384208538, -0.5999999999999999778, 0.3858103371506220181 ) ) ;
#9145 = DIRECTION ( 'NONE',  ( 1.000000000000000000, -0.0000000000000000000, -0.0000000000000000000 ) ) ;
#9146 = FACE_OUTER_BOUND ( 'NONE', #7126, .T. ) ;
#9147 = CARTESIAN_POINT ( 'NONE',  ( -0.3192344131630175941, -0.5999999999999999778, 0.4710496911301855216 ) ) ;
#9148 = COLOUR_RGB ( '',1.000000000000000000, 1.000000000000000000, 1.000000000000000000 ) ;
#9149 = B_SPLINE_CURVE_WITH_KNOTS ( 'NONE', 3,
 ( #8406, #6634, #621, #3324 ),
 .UNSPECIFIED., .F., .F.,
 ( 4, 4 ),
 ( 10.00000000000000000, 11.00000000000000000 ),
 .UNSPECIFIED. ) ;
#9150 = MECHANICAL_DESIGN_GEOMETRIC_PRESENTATION_REPRESENTATION (  '', ( #7648 ), #2674 ) ;
#9151 =( LENGTH_UNIT ( ) NAMED_UNIT ( * ) SI_UNIT ( .MILLI., .METRE. ) );
#9152 = LINE ( 'NONE', #4639, #11356 ) ;
#9153 = B_SPLINE_CURVE_WITH_KNOTS ( 'NONE', 3,
 ( #3398, #1179, #3900, #6345 ),
 .UNSPECIFIED., .F., .F.,
 ( 4, 4 ),
 ( 18.00000000000000000, 19.00000000000000000 ),
 .UNSPECIFIED. ) ;
#9154 = FILL_AREA_STYLE_COLOUR ( '', #6865 ) ;
#9155 = ORIENTED_EDGE ( 'NONE', *, *, #10351, .T. ) ;
#9156 = PRESENTATION_LAYER_ASSIGNMENT (  '', '', ( #9710 ) ) ;
#9157 =( NAMED_UNIT ( * ) PLANE_ANGLE_UNIT ( ) SI_UNIT ( $, .RADIAN. ) );
#9158 = CARTESIAN_POINT ( 'NONE',  ( -0.2605192836289691449, -0.6099999999999999867, 0.3858103371506220181 ) ) ;
#9159 = DIRECTION ( 'NONE',  ( -1.000000000000000000, 0.0000000000000000000, 0.0000000000000000000 ) ) ;
#9160 = STYLED_ITEM ( 'NONE', ( #6550 ), #707 ) ;
#9161 = STYLED_ITEM ( 'NONE', ( #5411 ), #1261 ) ;
#9162 = EDGE_CURVE ( 'NONE', #3715, #9395, #2379, .T. ) ;
#9163 = ADVANCED_FACE ( 'NONE', ( #10394 ), #1101, .T. ) ;
#9164 = CARTESIAN_POINT ( 'NONE',  ( -0.3157616217225944211, -0.5999999999999999778, 0.4820295347264562658 ) ) ;
#9165 = LINE ( 'NONE', #986, #6807 ) ;
#9166 = CARTESIAN_POINT ( 'NONE',  ( -0.4328487606792498221, -0.5999999999999999778, 0.4549750337439453785 ) ) ;
#9167 = ORIENTED_EDGE ( 'NONE', *, *, #7346, .T. ) ;
#9168 = CARTESIAN_POINT ( 'NONE',  ( -0.2422715321973312741, -0.6099999999999999867, 0.4212868772551288665 ) ) ;
#9169 = DIRECTION ( 'NONE',  ( 1.000000000000000000, 0.0000000000000000000, -0.0000000000000000000 ) ) ;
#9170 = CARTESIAN_POINT ( 'NONE',  ( -0.3788541320848922700, -0.6099999999999999867, 0.3857063613588322393 ) ) ;
#9171 = SURFACE_SIDE_STYLE ('',( #5581 ) ) ;
#9172 = PRESENTATION_STYLE_ASSIGNMENT (( #9280 ) ) ;
#9173 =( GEOMETRIC_REPRESENTATION_CONTEXT ( 3 ) GLOBAL_UNCERTAINTY_ASSIGNED_CONTEXT ( ( #8102 ) ) GLOBAL_UNIT_ASSIGNED_CONTEXT ( ( #9907, #1802, #1741 ) ) REPRESENTATION_CONTEXT ( 'NONE', 'WORKASPACE' ) );
#9174 = VERTEX_POINT ( 'NONE', #6062 ) ;
#9175 = SURFACE_STYLE_USAGE ( .BOTH. , #10050 ) ;
#9176 = DIRECTION ( 'NONE',  ( -0.0000000000000000000, 0.0000000000000000000, 1.000000000000000000 ) ) ;
#9177 = ORIENTED_EDGE ( 'NONE', *, *, #7643, .T. ) ;
#9178 = EDGE_CURVE ( 'NONE', #11704, #228, #6023, .T. ) ;
#9179 = FACE_OUTER_BOUND ( 'NONE', #7529, .T. ) ;
#9180 = ORIENTED_EDGE ( 'NONE', *, *, #6622, .T. ) ;
#9181 = UNCERTAINTY_MEASURE_WITH_UNIT (LENGTH_MEASURE( 1.000000000000000082E-05 ), #7725, 'distance_accuracy_value', 'NONE');
#9182 = CARTESIAN_POINT ( 'NONE',  ( 0.0000000000000000000, -0.6099999999999999867, 0.0000000000000000000 ) ) ;
#9183 = SURFACE_STYLE_FILL_AREA ( #2021 ) ;
#9184 = VERTEX_POINT ( 'NONE', #401 ) ;
#9185 = CARTESIAN_POINT ( 'NONE',  ( -0.3206796766667143750, -0.5999999999999999778, 0.4620245924165809481 ) ) ;
#9186 = CARTESIAN_POINT ( 'NONE',  ( -0.3356417930826539053, -0.6099999999999999867, 0.4503377134371886470 ) ) ;
#9187 = CARTESIAN_POINT ( 'NONE',  ( -0.2848080285539025813, -0.6099999999999999867, 0.4614631231418551693 ) ) ;
#9188 = ORIENTED_EDGE ( 'NONE', *, *, #9988, .F. ) ;
#9189 = AXIS2_PLACEMENT_3D ( 'NONE', #5416, #9010, #20 ) ;
#9190 = EDGE_CURVE ( 'NONE', #6108, #2410, #8369, .T. ) ;
#9191 = ADVANCED_FACE ( 'NONE', ( #4059 ), #7700, .F. ) ;
#9192 = UNCERTAINTY_MEASURE_WITH_UNIT (LENGTH_MEASURE( 1.000000000000000082E-05 ), #10182, 'distance_accuracy_value', 'NONE');
#9193 = CARTESIAN_POINT ( 'NONE',  ( -0.3930988155384209093, -0.5999999999999999778, 0.4042764377444389434 ) ) ;
#9194 = LINE ( 'NONE', #1790, #1425 ) ;
#9195 = CARTESIAN_POINT ( 'NONE',  ( -0.2933340434676897091, -0.6099999999999999867, 0.4858142535419729957 ) ) ;
#9196 = ORIENTED_EDGE ( 'NONE', *, *, #6017, .T. ) ;
#9197 = CARTESIAN_POINT ( 'NONE',  ( -0.4835581386548792326, -0.6099999999999999867, 0.4588362115707608213 ) ) ;
#9198 = SURFACE_STYLE_FILL_AREA ( #1918 ) ;
#9199 = ORIENTED_EDGE ( 'NONE', *, *, #10052, .T. ) ;
#9200 = DIRECTION ( 'NONE',  ( -0.3897582650654596859, 0.0000000000000000000, -0.9209172030172760870 ) ) ;
#9201 = CARTESIAN_POINT ( 'NONE',  ( -0.3845312103078911137, -0.6099999999999999867, 0.4570545495767047717 ) ) ;
#9202 = LINE ( 'NONE', #10017, #8510 ) ;
#9203 = CARTESIAN_POINT ( 'NONE',  ( -0.4024670343644348725, -0.5999999999999999778, 0.4113883818919822910 ) ) ;
#9204 = COLOUR_RGB ( '',1.000000000000000000, 1.000000000000000000, 1.000000000000000000 ) ;
#9205 = LINE ( 'NONE', #1076, #930 ) ;
#9206 = CARTESIAN_POINT ( 'NONE',  ( -0.3254521655027147187, -0.6099999999999999867, 0.3858103371506220181 ) ) ;
#9207 = CARTESIAN_POINT ( 'NONE',  ( -0.3558234942383788901, -0.5999999999999999778, 0.3764941062202255551 ) ) ;
#9208 = VERTEX_POINT ( 'NONE', #8986 ) ;
#9209 = CARTESIAN_POINT ( 'NONE',  ( -0.3667097596222881339, -0.6099999999999999867, 0.3905932235654975826 ) ) ;
#9210 = CARTESIAN_POINT ( 'NONE',  ( -0.2806593944678126840, -0.5999999999999999778, 0.4503377134371886470 ) ) ;
#9211 = CARTESIAN_POINT ( 'NONE',  ( -0.3765666646689684871, -0.5999999999999999778, 0.3998678641790113231 ) ) ;
#9212 = DIRECTION ( 'NONE',  ( -0.0000000000000000000, 1.000000000000000000, -0.0000000000000000000 ) ) ;
#9213 = B_SPLINE_SURFACE_WITH_KNOTS ( 'NONE', 3, 1, ( 
 ( #7927, #7287 ),
 ( #2607, #2452 ),
 ( #11505, #7988 ),
 ( #3405, #6471 ) ),
 .UNSPECIFIED., .F., .F., .F.,
 ( 4, 4 ),
 ( 2, 2 ),
 ( 4.000000000000000000, 5.000000000000000000 ),
 ( 0.0000000000000000000, 1.000000000000000000 ),
 .UNSPECIFIED. ) ;
#9214 = EDGE_CURVE ( 'NONE', #2410, #3846, #7225, .T. ) ;
#9215 =( LENGTH_UNIT ( ) NAMED_UNIT ( * ) SI_UNIT ( .MILLI., .METRE. ) );
#9216 = CARTESIAN_POINT ( 'NONE',  ( -0.2925750201888107638, -0.6099999999999999867, 0.4829653168511844896 ) ) ;
#9217 = LINE ( 'NONE', #934, #5670 ) ;
#9218 = DIRECTION ( 'NONE',  ( -0.0000000000000000000, -0.0000000000000000000, -1.000000000000000000 ) ) ;
#9219 = ORIENTED_EDGE ( 'NONE', *, *, #7194, .T. ) ;
#9220 = CARTESIAN_POINT ( 'NONE',  ( -0.3565929150965476135, -0.5999999999999999778, 0.4686582479226093501 ) ) ;
#9221 = CARTESIAN_POINT ( 'NONE',  ( -0.3236949746242013259, -0.5999999999999999778, 0.4825078233679716000 ) ) ;
#9222 = FILL_AREA_STYLE ('',( #2970 ) ) ;
#9223 = ADVANCED_FACE ( 'NONE', ( #808 ), #9037, .F. ) ;
#9224 = SURFACE_STYLE_FILL_AREA ( #3929 ) ;
#9225 = EDGE_CURVE ( 'NONE', #3271, #595, #754, .T. ) ;
#9226 = MECHANICAL_DESIGN_GEOMETRIC_PRESENTATION_REPRESENTATION (  '', ( #6236 ), #4689 ) ;
#9227 = CARTESIAN_POINT ( 'NONE',  ( -0.3729379095409993128, -0.6099999999999999867, 0.4155266183989210771 ) ) ;
#9228 = VERTEX_POINT ( 'NONE', #5441 ) ;
#9229 = PLANE ( 'NONE',  #10653 ) ;
#9230 = PLANE ( 'NONE',  #3780 ) ;
#9231 = EDGE_LOOP ( 'NONE', ( #7353, #7638, #2794, #3942 ) ) ;
#9232 = VECTOR ( 'NONE', #6481, 1000.000000000000000 ) ;
#9233 = DIRECTION ( 'NONE',  ( -0.0000000000000000000, 1.000000000000000000, -0.0000000000000000000 ) ) ;
#9234 = MECHANICAL_DESIGN_GEOMETRIC_PRESENTATION_REPRESENTATION (  '', ( #11286 ), #11090 ) ;
#9235 = ORIENTED_EDGE ( 'NONE', *, *, #60, .T. ) ;
#9236 = CARTESIAN_POINT ( 'NONE',  ( -0.3354338414996271833, -0.5999999999999999778, 0.4863341325000935522 ) ) ;
#9237 = SURFACE_STYLE_FILL_AREA ( #2020 ) ;
#9238 = DIRECTION ( 'NONE',  ( -1.000000000000000000, 0.0000000000000000000, 0.0000000000000000000 ) ) ;
#9239 = UNCERTAINTY_MEASURE_WITH_UNIT (LENGTH_MEASURE( 1.000000000000000082E-05 ), #5992, 'distance_accuracy_value', 'NONE');
#9240 = PLANE ( 'NONE',  #8817 ) ;
#9241 = ORIENTED_EDGE ( 'NONE', *, *, #6842, .T. ) ;
#9242 = CARTESIAN_POINT ( 'NONE',  ( -0.4061789701256164342, -0.5999999999999999778, 0.3940036295310119785 ) ) ;
#9243 = DIRECTION ( 'NONE',  ( -0.9434452330799490971, 0.0000000000000000000, 0.3315284183576436283 ) ) ;
#9244 =( NAMED_UNIT ( * ) SI_UNIT ( $, .STERADIAN. ) SOLID_ANGLE_UNIT ( ) );
#9245 = PRESENTATION_LAYER_ASSIGNMENT (  '', '', ( #9427 ) ) ;
#9246 = ORIENTED_EDGE ( 'NONE', *, *, #8030, .T. ) ;
#9247 = STYLED_ITEM ( 'NONE', ( #7468 ), #10223 ) ;
#9248 = CARTESIAN_POINT ( 'NONE',  ( -0.4714118442155996735, -0.6099999999999999867, 0.4261569092382920254 ) ) ;
#9249 = MECHANICAL_DESIGN_GEOMETRIC_PRESENTATION_REPRESENTATION (  '', ( #2587 ), #6637 ) ;
#9250 =( NAMED_UNIT ( * ) SI_UNIT ( $, .STERADIAN. ) SOLID_ANGLE_UNIT ( ) );
#9251 = CARTESIAN_POINT ( 'NONE',  ( -0.5870908178615775741, -0.5999999999999999778, 0.3839340662063335796 ) ) ;
#9252 = COLOUR_RGB ( '',1.000000000000000000, 1.000000000000000000, 1.000000000000000000 ) ;
#9253 = VERTEX_POINT ( 'NONE', #7111 ) ;
#9254 = CARTESIAN_POINT ( 'NONE',  ( -0.6168781513689943763, -0.6099999999999999867, 0.3746797681721246165 ) ) ;
#9255 = ORIENTED_EDGE ( 'NONE', *, *, #11535, .F. ) ;
#9256 = LINE ( 'NONE', #10074, #4875 ) ;
#9257 =( GEOMETRIC_REPRESENTATION_CONTEXT ( 3 ) GLOBAL_UNCERTAINTY_ASSIGNED_CONTEXT ( ( #2149 ) ) GLOBAL_UNIT_ASSIGNED_CONTEXT ( ( #9499, #3977, #2299 ) ) REPRESENTATION_CONTEXT ( 'NONE', 'WORKASPACE' ) );
#9258 = SURFACE_STYLE_FILL_AREA ( #3963 ) ;
#9259 = DIRECTION ( 'NONE',  ( -0.0000000000000000000, 1.000000000000000000, -0.0000000000000000000 ) ) ;
#9260 = FILL_AREA_STYLE_COLOUR ( '', #3638 ) ;
#9261 = PRESENTATION_LAYER_ASSIGNMENT (  '', '', ( #6827 ) ) ;
#9262 = STYLED_ITEM ( 'NONE', ( #3345 ), #8340 ) ;
#9263 = PRESENTATION_LAYER_ASSIGNMENT (  '', '', ( #8335 ) ) ;
#9264 = VERTEX_POINT ( 'NONE', #2549 ) ;
#9265 =( NAMED_UNIT ( * ) SI_UNIT ( $, .STERADIAN. ) SOLID_ANGLE_UNIT ( ) );
#9266 = VERTEX_POINT ( 'NONE', #4529 ) ;
#9267 = LINE ( 'NONE', #100, #3736 ) ;
#9268 = CARTESIAN_POINT ( 'NONE',  ( -0.3474326478536989282, -0.6099999999999999867, 0.3858727226255307952 ) ) ;
#9269 = EDGE_CURVE ( 'NONE', #6956, #9728, #3512, .T. ) ;
#9270 = PLANE ( 'NONE',  #11154 ) ;
#9271 = CARTESIAN_POINT ( 'NONE',  ( -0.2297216541472700546, -0.6099999999999999867, 0.3858103371506220181 ) ) ;
#9272 = VECTOR ( 'NONE', #3496, 1000.000000000000000 ) ;
#9273 = CARTESIAN_POINT ( 'NONE',  ( -0.3198478703337772067, -0.5999999999999999778, 0.4856270971169719952 ) ) ;
#9274 = LINE ( 'NONE', #5751, #9803 ) ;
#9275 = CARTESIAN_POINT ( 'NONE',  ( -0.5931639540490711848, -0.6099999999999999867, 0.4247109275837678832 ) ) ;
#9276 = ORIENTED_EDGE ( 'NONE', *, *, #7967, .T. ) ;
#9277 = VECTOR ( 'NONE', #1281, 1000.000000000000000 ) ;
#9278 = CARTESIAN_POINT ( 'NONE',  ( -0.4162230315972971773, -0.6099999999999999867, 0.3858103371506220181 ) ) ;
#9279 = FILL_AREA_STYLE_COLOUR ( '', #2210 ) ;
#9280 = SURFACE_STYLE_USAGE ( .BOTH. , #9399 ) ;
#9281 = EDGE_CURVE ( 'NONE', #11310, #1944, #2599, .T. ) ;
#9282 = STYLED_ITEM ( 'NONE', ( #5260 ), #4474 ) ;
#9283 = VERTEX_POINT ( 'NONE', #8937 ) ;
#9284 = STYLED_ITEM ( 'NONE', ( #10154 ), #6518 ) ;
#9285 = SURFACE_SIDE_STYLE ('',( #11091 ) ) ;
#9286 =( NAMED_UNIT ( * ) SI_UNIT ( $, .STERADIAN. ) SOLID_ANGLE_UNIT ( ) );
#9287 = B_SPLINE_CURVE_WITH_KNOTS ( 'NONE', 3,
 ( #9071, #2868, #7486, #2805 ),
 .UNSPECIFIED., .F., .F.,
 ( 4, 4 ),
 ( 0.0000000000000000000, 1.000000000000000000 ),
 .UNSPECIFIED. ) ;
#9288 = ORIENTED_EDGE ( 'NONE', *, *, #11145, .F. ) ;
#9289 = EDGE_CURVE ( 'NONE', #7447, #7247, #9859, .T. ) ;
#9290 = STYLED_ITEM ( 'NONE', ( #1864 ), #4046 ) ;
#9291 = FACE_OUTER_BOUND ( 'NONE', #2833, .T. ) ;
#9292 = FACE_OUTER_BOUND ( 'NONE', #4385, .T. ) ;
#9293 = ORIENTED_EDGE ( 'NONE', *, *, #5725, .F. ) ;
#9294 = UNCERTAINTY_MEASURE_WITH_UNIT (LENGTH_MEASURE( 1.000000000000000082E-05 ), #11337, 'distance_accuracy_value', 'NONE');
#9295 = PLANE ( 'NONE',  #5308 ) ;
#9296 = SURFACE_SIDE_STYLE ('',( #9237 ) ) ;
#9297 = CARTESIAN_POINT ( 'NONE',  ( -0.3650461469561363526, -0.6099999999999999867, 0.4106813465088609005 ) ) ;
#9298 = COLOUR_RGB ( '',1.000000000000000000, 1.000000000000000000, 1.000000000000000000 ) ;
#9299 = CARTESIAN_POINT ( 'NONE',  ( -0.4052015976842822109, -0.6099999999999999867, 0.4824454378930636000 ) ) ;
#9300 = ORIENTED_EDGE ( 'NONE', *, *, #3872, .F. ) ;
#9301 =( NAMED_UNIT ( * ) SI_UNIT ( $, .STERADIAN. ) SOLID_ANGLE_UNIT ( ) );
#9302 = SURFACE_SIDE_STYLE ('',( #1232 ) ) ;
#9303 = PRESENTATION_LAYER_ASSIGNMENT (  '', '', ( #1677 ) ) ;
#9304 = FILL_AREA_STYLE ('',( #8251 ) ) ;
#9305 = MECHANICAL_DESIGN_GEOMETRIC_PRESENTATION_REPRESENTATION (  '', ( #10055 ), #4198 ) ;
#9306 = ORIENTED_EDGE ( 'NONE', *, *, #11472, .F. ) ;
#9307 = EDGE_CURVE ( 'NONE', #9264, #6597, #6106, .T. ) ;
#9308 = EDGE_CURVE ( 'NONE', #2187, #9935, #5391, .T. ) ;
#9309 = PRESENTATION_STYLE_ASSIGNMENT (( #3838 ) ) ;
#9310 = UNCERTAINTY_MEASURE_WITH_UNIT (LENGTH_MEASURE( 1.000000000000000082E-05 ), #7189, 'distance_accuracy_value', 'NONE');
#9311 = FILL_AREA_STYLE_COLOUR ( '', #6437 ) ;
#9312 =( LENGTH_UNIT ( ) NAMED_UNIT ( * ) SI_UNIT ( .MILLI., .METRE. ) );
#9313 = ORIENTED_EDGE ( 'NONE', *, *, #6414, .F. ) ;
#9314 = SURFACE_STYLE_USAGE ( .BOTH. , #2703 ) ;
#9315 =( NAMED_UNIT ( * ) PLANE_ANGLE_UNIT ( ) SI_UNIT ( $, .RADIAN. ) );
#9316 = CARTESIAN_POINT ( 'NONE',  ( -0.5249133695267967914, -0.5999999999999999778, 0.4035995005517841183 ) ) ;
#9317 = B_SPLINE_SURFACE_WITH_KNOTS ( 'NONE', 3, 1, ( 
 ( #6415, #3520 ),
 ( #9976, #3408 ),
 ( #7173, #5278 ),
 ( #762, #1825 ) ),
 .UNSPECIFIED., .F., .F., .F.,
 ( 4, 4 ),
 ( 2, 2 ),
 ( 9.000000000000000000, 10.00000000000000000 ),
 ( 0.0000000000000000000, 1.000000000000000000 ),
 .UNSPECIFIED. ) ;
#9318 = ORIENTED_EDGE ( 'NONE', *, *, #9587, .T. ) ;
#9319 =( NAMED_UNIT ( * ) PLANE_ANGLE_UNIT ( ) SI_UNIT ( $, .RADIAN. ) );
#9320 = SURFACE_SIDE_STYLE ('',( #3904 ) ) ;
#9321 = DIRECTION ( 'NONE',  ( 0.8840949502478813171, 0.0000000000000000000, 0.4673073067545553960 ) ) ;
#9322 = ORIENTED_EDGE ( 'NONE', *, *, #5603, .F. ) ;
#9323 = ADVANCED_FACE ( 'NONE', ( #7283 ), #2290, .F. ) ;
#9324 = DIRECTION ( 'NONE',  ( -0.0000000000000000000, 1.000000000000000000, -0.0000000000000000000 ) ) ;
#9325 =( NAMED_UNIT ( * ) PLANE_ANGLE_UNIT ( ) SI_UNIT ( $, .RADIAN. ) );
#9326 = ORIENTED_EDGE ( 'NONE', *, *, #858, .T. ) ;
#9327 = SURFACE_SIDE_STYLE ('',( #7507 ) ) ;
#9328 = CARTESIAN_POINT ( 'NONE',  ( -0.3727195603785443123, -0.6099999999999999867, 0.3892831285910451911 ) ) ;
#9329 = CARTESIAN_POINT ( 'NONE',  ( -0.2755333879403887853, -0.6099999999999999867, 0.3918617282233446408 ) ) ;
#9330 = CARTESIAN_POINT ( 'NONE',  ( -0.3449164336961677013, -0.6099999999999999867, 0.3906348138821028604 ) ) ;
#9331 =( GEOMETRIC_REPRESENTATION_CONTEXT ( 3 ) GLOBAL_UNCERTAINTY_ASSIGNED_CONTEXT ( ( #11605 ) ) GLOBAL_UNIT_ASSIGNED_CONTEXT ( ( #2914, #282, #1217 ) ) REPRESENTATION_CONTEXT ( 'NONE', 'WORKASPACE' ) );
#9332 = EDGE_CURVE ( 'NONE', #2593, #235, #3373, .T. ) ;
#9333 = PRESENTATION_LAYER_ASSIGNMENT (  '', '', ( #10084 ) ) ;
#9334 = EDGE_CURVE ( 'NONE', #11118, #7076, #3353, .T. ) ;
#9335 = SURFACE_STYLE_USAGE ( .BOTH. , #3633 ) ;
#9336 = CARTESIAN_POINT ( 'NONE',  ( -0.6559198049743579784, -0.5999999999999999778, 0.4316516538674262105 ) ) ;
#9337 = CARTESIAN_POINT ( 'NONE',  ( -0.2932092725178738757, -0.5999999999999999778, 0.4858142535419729957 ) ) ;
#9338 = DIRECTION ( 'NONE',  ( -0.0000000000000000000, 1.000000000000000000, -0.0000000000000000000 ) ) ;
#9339 = ORIENTED_EDGE ( 'NONE', *, *, #1712, .F. ) ;
#9340 = CARTESIAN_POINT ( 'NONE',  ( -0.4380995381566284985, -0.6099999999999999867, 0.4503377134371886470 ) ) ;
#9341 = CARTESIAN_POINT ( 'NONE',  ( -0.3727195603785443123, -0.5999999999999999778, 0.3892831285910451911 ) ) ;
#9342 = FACE_OUTER_BOUND ( 'NONE', #10437, .T. ) ;
#9343 = VERTEX_POINT ( 'NONE', #666 ) ;
#9344 = CARTESIAN_POINT ( 'NONE',  ( -0.4022798779394343716, -0.6099999999999999867, 0.3991400336375865443 ) ) ;
#9345 = CARTESIAN_POINT ( 'NONE',  ( 0.6999999999999999556, 0.5999999999999999778, 0.0000000000000000000 ) ) ;
#9346 = EDGE_LOOP ( 'NONE', ( #959, #6248, #1823, #9313, #3308, #648 ) ) ;
#9347 =( GEOMETRIC_REPRESENTATION_CONTEXT ( 3 ) GLOBAL_UNCERTAINTY_ASSIGNED_CONTEXT ( ( #703 ) ) GLOBAL_UNIT_ASSIGNED_CONTEXT ( ( #231, #2742, #2803 ) ) REPRESENTATION_CONTEXT ( 'NONE', 'WORKASPACE' ) );
#9348 =( NAMED_UNIT ( * ) SI_UNIT ( $, .STERADIAN. ) SOLID_ANGLE_UNIT ( ) );
#9349 = STYLED_ITEM ( 'NONE', ( #4296 ), #1955 ) ;
#9350 = FILL_AREA_STYLE ('',( #9403 ) ) ;
#9351 = ORIENTED_EDGE ( 'NONE', *, *, #7682, .T. ) ;
#9352 = EDGE_CURVE ( 'NONE', #7961, #6761, #496, .T. ) ;
#9353 = DIRECTION ( 'NONE',  ( -0.0000000000000000000, 1.000000000000000000, -0.0000000000000000000 ) ) ;
#9354 = CARTESIAN_POINT ( 'NONE',  ( -0.3811000091840733295, -0.5999999999999999778, 0.3920904749649506971 ) ) ;
#9355 = COLOUR_RGB ( '',1.000000000000000000, 1.000000000000000000, 1.000000000000000000 ) ;
#9356 = VERTEX_POINT ( 'NONE', #5245 ) ;
#9357 = STYLED_ITEM ( 'NONE', ( #2288 ), #2157 ) ;
#9358 = CARTESIAN_POINT ( 'NONE',  ( -0.6999999999999999556, 0.5999999999999999778, 0.0000000000000000000 ) ) ;
#9359 = CARTESIAN_POINT ( 'NONE',  ( -0.3577782391210452273, -0.6099999999999999867, 0.3725430261382887687 ) ) ;
#9360 = VERTEX_POINT ( 'NONE', #10545 ) ;
#9361 = PRESENTATION_LAYER_ASSIGNMENT (  '', '', ( #2698 ) ) ;
#9362 = CARTESIAN_POINT ( 'NONE',  ( -0.3557715063426226121, -0.6099999999999999867, 0.3721271229716806572 ) ) ;
#9363 = APPLICATION_PROTOCOL_DEFINITION ( 'draft international standard', 'automotive_design', 1998, #8336 ) ;
#9364 =( NAMED_UNIT ( * ) PLANE_ANGLE_UNIT ( ) SI_UNIT ( $, .RADIAN. ) );
#9365 = PRESENTATION_LAYER_ASSIGNMENT (  '', '', ( #2701 ) ) ;
#9366 = ORIENTED_EDGE ( 'NONE', *, *, #4568, .T. ) ;
#9367 = ADVANCED_FACE ( 'NONE', ( #10488 ), #1443, .F. ) ;
#9368 = FILL_AREA_STYLE_COLOUR ( '', #1477 ) ;
#9369 = ORIENTED_EDGE ( 'NONE', *, *, #6951, .T. ) ;
#9370 = PRESENTATION_STYLE_ASSIGNMENT (( #2106 ) ) ;
#9371 = FACE_OUTER_BOUND ( 'NONE', #8318, .T. ) ;
#9372 = CARTESIAN_POINT ( 'NONE',  ( -0.3565929150965476135, -0.5999999999999999778, 0.4686582479226092945 ) ) ;
#9373 = CARTESIAN_POINT ( 'NONE',  ( -0.3758180389692417633, -0.6099999999999999867, 0.4086434209927063410 ) ) ;
#9374 = EDGE_LOOP ( 'NONE', ( #7372, #11029, #2388, #1844 ) ) ;
#9375 = EDGE_CURVE ( 'NONE', #6793, #2788, #10586, .T. ) ;
#9376 = EDGE_CURVE ( 'NONE', #2364, #8364, #786, .T. ) ;
#9377 =( NAMED_UNIT ( * ) SI_UNIT ( $, .STERADIAN. ) SOLID_ANGLE_UNIT ( ) );
#9378 =( NAMED_UNIT ( * ) PLANE_ANGLE_UNIT ( ) SI_UNIT ( $, .RADIAN. ) );
#9379 = CARTESIAN_POINT ( 'NONE',  ( -0.4024254440478295947, -0.6099999999999999867, 0.3893039237493470806 ) ) ;
#9380 = PRESENTATION_LAYER_ASSIGNMENT (  '', '', ( #4641 ) ) ;
#9381 = B_SPLINE_CURVE_WITH_KNOTS ( 'NONE', 3,
 ( #4974, #177, #10216, #8541 ),
 .UNSPECIFIED., .F., .F.,
 ( 4, 4 ),
 ( 7.000000000000000000, 8.000000000000000000 ),
 .UNSPECIFIED. ) ;
#9382 = B_SPLINE_CURVE_WITH_KNOTS ( 'NONE', 3,
 ( #4977, #2916, #10399, #3101 ),
 .UNSPECIFIED., .F., .F.,
 ( 4, 4 ),
 ( 28.00000000000000000, 29.00000000000000000 ),
 .UNSPECIFIED. ) ;
#9383 = CARTESIAN_POINT ( 'NONE',  ( 0.2999999999999999889, 0.5999999999999999778, -0.05000000000000000278 ) ) ;
#9384 = CARTESIAN_POINT ( 'NONE',  ( -0.3114570239489569681, -0.5999999999999999778, 0.4503377134371886470 ) ) ;
#9385 = COLOUR_RGB ( '',1.000000000000000000, 1.000000000000000000, 1.000000000000000000 ) ;
#9386 = VERTEX_POINT ( 'NONE', #9220 ) ;
#9387 = CARTESIAN_POINT ( 'NONE',  ( -0.3711391283457417534, -0.6099999999999999867, 0.4549750337439453785 ) ) ;
#9388 = CARTESIAN_POINT ( 'NONE',  ( -0.3998988323111475340, -0.5999999999999999778, 0.3994727561709824903 ) ) ;
#9389 = VERTEX_POINT ( 'NONE', #9340 ) ;
#9390 = CARTESIAN_POINT ( 'NONE',  ( -0.3056551747761435678, -0.6099999999999999867, 0.4503377134371886470 ) ) ;
#9391 = CARTESIAN_POINT ( 'NONE',  ( -0.5931639595650750607, -0.6099999999999999867, 0.3665822422234592537 ) ) ;
#9392 = CARTESIAN_POINT ( 'NONE',  ( -0.3614797773032129569, -0.5999999999999999778, 0.3910507170487094175 ) ) ;
#9393 = STYLED_ITEM ( 'NONE', ( #5452 ), #8381 ) ;
#9394 = DIRECTION ( 'NONE',  ( 0.0000000000000000000, 0.0000000000000000000, 1.000000000000000000 ) ) ;
#9395 = VERTEX_POINT ( 'NONE', #6528 ) ;
#9396 = DIRECTION ( 'NONE',  ( -0.0000000000000000000, 1.000000000000000000, -0.0000000000000000000 ) ) ;
#9397 = CARTESIAN_POINT ( 'NONE',  ( -0.4097661349369801642, -0.5999999999999999778, 0.4552037804855516567 ) ) ;
#9398 = CARTESIAN_POINT ( 'NONE',  ( -0.4821121514843513256, -0.5999999999999999778, 0.3986831529974300681 ) ) ;
#9399 = SURFACE_SIDE_STYLE ('',( #9224 ) ) ;
#9400 = SURFACE_SIDE_STYLE ('',( #8417 ) ) ;
#9401 = EDGE_LOOP ( 'NONE', ( #5709, #1732, #6367, #4744 ) ) ;
#9402 = EDGE_CURVE ( 'NONE', #6874, #1113, #218, .T. ) ;
#9403 = FILL_AREA_STYLE_COLOUR ( '', #7862 ) ;
#9404 = COLOUR_RGB ( '',1.000000000000000000, 1.000000000000000000, 1.000000000000000000 ) ;
#9405 = EDGE_LOOP ( 'NONE', ( #11650, #9339, #8115, #2203, #6473, #1450, #3437, #6953, #5823, #2263, #5726, #9716, #3797, #4209, #3483, #7014, #4276, #11172, #4763, #5502, #8312, #1872, #4390, #1618, #72, #3294, #10467, #8418, #483, #10220, #5199, #4219, #10652 ) ) ;
#9406 = B_SPLINE_SURFACE_WITH_KNOTS ( 'NONE', 3, 1, ( 
 ( #2285, #833 ),
 ( #781, #3482 ),
 ( #1841, #10061 ),
 ( #3535, #7191 ) ),
 .UNSPECIFIED., .F., .F., .F.,
 ( 4, 4 ),
 ( 2, 2 ),
 ( 11.00000000000000000, 12.00000000000000000 ),
 ( 0.0000000000000000000, 1.000000000000000000 ),
 .UNSPECIFIED. ) ;
#9407 = PLANE ( 'NONE',  #1795 ) ;
#9408 = ORIENTED_EDGE ( 'NONE', *, *, #8741, .F. ) ;
#9409 = UNCERTAINTY_MEASURE_WITH_UNIT (LENGTH_MEASURE( 1.000000000000000082E-05 ), #6346, 'distance_accuracy_value', 'NONE');
#9410 = MECHANICAL_DESIGN_GEOMETRIC_PRESENTATION_REPRESENTATION (  '', ( #11460 ), #11276 ) ;
#9411 = CARTESIAN_POINT ( 'NONE',  ( -0.3305885696095670623, -0.5999999999999999778, 0.4863341325000935522 ) ) ;
#9412 = CARTESIAN_POINT ( 'NONE',  ( -0.3531305212351366629, -0.6099999999999999867, 0.4148611733324051309 ) ) ;
#9413 = AXIS2_PLACEMENT_3D ( 'NONE', #5655, #2934, #240 ) ;
#9414 = EDGE_LOOP ( 'NONE', ( #386, #281, #8979, #1792 ) ) ;
#9415 = CARTESIAN_POINT ( 'NONE',  ( -0.3628730529110148484, -0.5999999999999999778, 0.4092880709009205087 ) ) ;
#9416 = DIRECTION ( 'NONE',  ( 0.3315284183576436283, 0.0000000000000000000, 0.9434452330799490971 ) ) ;
#9417 = DIRECTION ( 'NONE',  ( -0.0000000000000000000, -0.0000000000000000000, 1.000000000000000000 ) ) ;
#9418 = EDGE_LOOP ( 'NONE', ( #10950, #3182, #6629, #1465 ) ) ;
#9419 = MECHANICAL_DESIGN_GEOMETRIC_PRESENTATION_REPRESENTATION (  '', ( #8494 ), #3726 ) ;
#9420 = PRESENTATION_STYLE_ASSIGNMENT (( #3060 ) ) ;
#9421 = UNCERTAINTY_MEASURE_WITH_UNIT (LENGTH_MEASURE( 1.000000000000000082E-05 ), #1636, 'distance_accuracy_value', 'NONE');
#9422 = CARTESIAN_POINT ( 'NONE',  ( -0.3137132986275662505, -0.6099999999999999867, 0.4711952572385812443 ) ) ;
#9423 = VERTEX_POINT ( 'NONE', #10099 ) ;
#9424 = CARTESIAN_POINT ( 'NONE',  ( -0.4328487606792498221, -0.6099999999999999867, 0.4041308716360421660 ) ) ;
#9425 = CARTESIAN_POINT ( 'NONE',  ( -0.3697562503170909731, -0.5999999999999999778, 0.3851240969258026281 ) ) ;
#9426 = ORIENTED_EDGE ( 'NONE', *, *, #11078, .F. ) ;
#9427 = STYLED_ITEM ( 'NONE', ( #6886 ), #7840 ) ;
#9428 = EDGE_CURVE ( 'NONE', #2532, #6141, #7415, .T. ) ;
#9429 = CARTESIAN_POINT ( 'NONE',  ( -0.3930988155384208538, -0.6099999999999999867, 0.4003877431374077145 ) ) ;
#9430 = COLOUR_RGB ( '',1.000000000000000000, 1.000000000000000000, 1.000000000000000000 ) ;
#9431 = CARTESIAN_POINT ( 'NONE',  ( -0.2430617482139403318, -0.6099999999999999867, 0.4184379405646173056 ) ) ;
#9432 = B_SPLINE_CURVE_WITH_KNOTS ( 'NONE', 3,
 ( #11615, #4319, #7184, #2622 ),
 .UNSPECIFIED., .F., .F.,
 ( 4, 4 ),
 ( 2.000000000000000000, 3.000000000000000000 ),
 .UNSPECIFIED. ) ;
#9433 = COLOUR_RGB ( '',1.000000000000000000, 1.000000000000000000, 1.000000000000000000 ) ;
#9434 = AXIS2_PLACEMENT_3D ( 'NONE', #3479, #10942, #7252 ) ;
#9435 = MECHANICAL_DESIGN_GEOMETRIC_PRESENTATION_REPRESENTATION (  '', ( #11488 ), #9446 ) ;
#9436 = SURFACE_STYLE_FILL_AREA ( #8637 ) ;
#9437 = CARTESIAN_POINT ( 'NONE',  ( -0.5931639540490711848, -0.6099999999999999867, 0.4247109275837678832 ) ) ;
#9438 = EDGE_LOOP ( 'NONE', ( #4823, #1223, #3779, #9762, #312, #4593 ) ) ;
#9439 = MECHANICAL_DESIGN_GEOMETRIC_PRESENTATION_REPRESENTATION (  '', ( #9247 ), #6628 ) ;
#9440 = CARTESIAN_POINT ( 'NONE',  ( -0.2726428609329952235, -0.5999999999999999778, 0.3946898697558311464 ) ) ;
#9441 = ORIENTED_EDGE ( 'NONE', *, *, #8783, .T. ) ;
#9442 = CARTESIAN_POINT ( 'NONE',  ( -0.5000423835737352052, -0.5999999999999999778, 0.4640417631786479813 ) ) ;
#9443 = B_SPLINE_CURVE_WITH_KNOTS ( 'NONE', 3,
 ( #9701, #4662, #5637, #8416 ),
 .UNSPECIFIED., .F., .F.,
 ( 4, 4 ),
 ( 34.00000000000000000, 35.00000000000000000 ),
 .UNSPECIFIED. ) ;
#9444 = CARTESIAN_POINT ( 'NONE',  ( -0.3446772893756867018, -0.6099999999999999867, 0.3911754879988026956 ) ) ;
#9445 = COLOUR_RGB ( '',1.000000000000000000, 1.000000000000000000, 1.000000000000000000 ) ;
#9446 =( GEOMETRIC_REPRESENTATION_CONTEXT ( 3 ) GLOBAL_UNCERTAINTY_ASSIGNED_CONTEXT ( ( #1445 ) ) GLOBAL_UNIT_ASSIGNED_CONTEXT ( ( #4707, #7456, #5675 ) ) REPRESENTATION_CONTEXT ( 'NONE', 'WORKASPACE' ) );
#9447 = EDGE_CURVE ( 'NONE', #6129, #7041, #8469, .T. ) ;
#9448 = CARTESIAN_POINT ( 'NONE',  ( -0.4097661349369801642, -0.6099999999999999867, 0.4552037804855516567 ) ) ;
#9449 = PRESENTATION_STYLE_ASSIGNMENT (( #6939 ) ) ;
#9450 = VERTEX_POINT ( 'NONE', #4842 ) ;
#9451 = FILL_AREA_STYLE ('',( #3493 ) ) ;
#9452 = FACE_OUTER_BOUND ( 'NONE', #11039, .T. ) ;
#9453 = CARTESIAN_POINT ( 'NONE',  ( -0.2697419363464489961, -0.5999999999999999778, 0.3974972161300142082 ) ) ;
#9454 = COLOUR_RGB ( '',1.000000000000000000, 1.000000000000000000, 1.000000000000000000 ) ;
#9455 = PLANE ( 'NONE',  #1483 ) ;
#9456 = ORIENTED_EDGE ( 'NONE', *, *, #5892, .F. ) ;
#9457 = AXIS2_PLACEMENT_3D ( 'NONE', #9829, #1843, #5298 ) ;
#9458 = PRESENTATION_LAYER_ASSIGNMENT (  '', '', ( #5125 ) ) ;
#9459 = LINE ( 'NONE', #11272, #5259 ) ;
#9460 = EDGE_CURVE ( 'NONE', #2986, #9184, #10148, .T. ) ;
#9461 = ORIENTED_EDGE ( 'NONE', *, *, #5892, .T. ) ;
#9462 =( GEOMETRIC_REPRESENTATION_CONTEXT ( 3 ) GLOBAL_UNCERTAINTY_ASSIGNED_CONTEXT ( ( #11288 ) ) GLOBAL_UNIT_ASSIGNED_CONTEXT ( ( #6288, #9855, #8983 ) ) REPRESENTATION_CONTEXT ( 'NONE', 'WORKASPACE' ) );
#9463 = CARTESIAN_POINT ( 'NONE',  ( -0.3444693377921066446, -0.5999999999999999778, 0.3919657040151345861 ) ) ;
#9464 = CARTESIAN_POINT ( 'NONE',  ( -0.3198478703337772067, -0.5999999999999999778, 0.4856270971169719952 ) ) ;
#9465 = SURFACE_STYLE_USAGE ( .BOTH. , #4140 ) ;
#9466 = CARTESIAN_POINT ( 'NONE',  ( -0.2420427854560011083, -0.6099999999999999867, 0.4199351919640710307 ) ) ;
#9467 = CARTESIAN_POINT ( 'NONE',  ( -0.2933340434676897091, -0.6099999999999999867, 0.4858142535419729957 ) ) ;
#9468 = VERTEX_POINT ( 'NONE', #1945 ) ;
#9469 = SURFACE_STYLE_USAGE ( .BOTH. , #5710 ) ;
#9470 = SURFACE_STYLE_USAGE ( .BOTH. , #2399 ) ;
#9471 = MECHANICAL_DESIGN_GEOMETRIC_PRESENTATION_REPRESENTATION (  '', ( #2809 ), #1666 ) ;
#9472 = SHAPE_DEFINITION_REPRESENTATION ( #8480, #746 ) ;
#9473 = SURFACE_SIDE_STYLE ('',( #3115 ) ) ;
#9474 = AXIS2_PLACEMENT_3D ( 'NONE', #724, #5711, #1962 ) ;
#9475 = ORIENTED_EDGE ( 'NONE', *, *, #9376, .F. ) ;
#9476 =( GEOMETRIC_REPRESENTATION_CONTEXT ( 3 ) GLOBAL_UNCERTAINTY_ASSIGNED_CONTEXT ( ( #4816 ) ) GLOBAL_UNIT_ASSIGNED_CONTEXT ( ( #183, #10937, #3823 ) ) REPRESENTATION_CONTEXT ( 'NONE', 'WORKASPACE' ) );
#9477 = CARTESIAN_POINT ( 'NONE',  ( -0.3620516441572285138, -0.5999999999999999778, 0.3972268790718028186 ) ) ;
#9478 = ADVANCED_FACE ( 'NONE', ( #11084 ), #5645, .F. ) ;
#9479 = EDGE_CURVE ( 'NONE', #4868, #3145, #58, .T. ) ;
#9480 = SURFACE_STYLE_FILL_AREA ( #420 ) ;
#9481 = ORIENTED_EDGE ( 'NONE', *, *, #5447, .F. ) ;
#9482 =( NAMED_UNIT ( * ) SI_UNIT ( $, .STERADIAN. ) SOLID_ANGLE_UNIT ( ) );
#9483 = SURFACE_STYLE_FILL_AREA ( #7612 ) ;
#9484 = CARTESIAN_POINT ( 'NONE',  ( -0.6058886510789955882, -0.5999999999999999778, 0.3665822422234592537 ) ) ;
#9485 =( GEOMETRIC_REPRESENTATION_CONTEXT ( 3 ) GLOBAL_UNCERTAINTY_ASSIGNED_CONTEXT ( ( #6385 ) ) GLOBAL_UNIT_ASSIGNED_CONTEXT ( ( #5811, #10976, #5572 ) ) REPRESENTATION_CONTEXT ( 'NONE', 'WORKASPACE' ) );
#9486 = LINE ( 'NONE', #8629, #2159 ) ;
#9487 = VERTEX_POINT ( 'NONE', #7354 ) ;
#9488 = STYLED_ITEM ( 'NONE', ( #6617 ), #5809 ) ;
#9489 = FACE_OUTER_BOUND ( 'NONE', #6093, .T. ) ;
#9490 = FILL_AREA_STYLE_COLOUR ( '', #10433 ) ;
#9491 = DIRECTION ( 'NONE',  ( -0.0000000000000000000, -0.0000000000000000000, -1.000000000000000000 ) ) ;
#9492 = MECHANICAL_DESIGN_GEOMETRIC_PRESENTATION_REPRESENTATION (  '', ( #6503 ), #8573 ) ;
#9493 = EDGE_LOOP ( 'NONE', ( #6274, #865, #10136, #3033 ) ) ;
#9494 = B_SPLINE_CURVE_WITH_KNOTS ( 'NONE', 3,
 ( #3202, #10439, #6213, #3438 ),
 .UNSPECIFIED., .F., .F.,
 ( 4, 4 ),
 ( 18.00000000000000000, 19.00000000000000000 ),
 .UNSPECIFIED. ) ;
#9495 = CARTESIAN_POINT ( 'NONE',  ( -0.4328487606792498221, -0.6099999999999999867, 0.4910130431234555615 ) ) ;
#9496 = EDGE_CURVE ( 'NONE', #10781, #1411, #7502, .T. ) ;
#9497 =( NAMED_UNIT ( * ) PLANE_ANGLE_UNIT ( ) SI_UNIT ( $, .RADIAN. ) );
#9498 = LINE ( 'NONE', #6801, #4726 ) ;
#9499 =( LENGTH_UNIT ( ) NAMED_UNIT ( * ) SI_UNIT ( .MILLI., .METRE. ) );
#9500 = ORIENTED_EDGE ( 'NONE', *, *, #9178, .T. ) ;
#9501 = DIRECTION ( 'NONE',  ( -0.0000000000000000000, 1.000000000000000000, -0.0000000000000000000 ) ) ;
#9502 = DIRECTION ( 'NONE',  ( 1.355252715606880543E-16, 1.000000000000000000, -0.0000000000000000000 ) ) ;
#9503 = B_SPLINE_SURFACE_WITH_KNOTS ( 'NONE', 3, 1, ( 
 ( #9201, #11010 ),
 ( #7272, #4696 ),
 ( #8974, #2708 ),
 ( #4456, #1739 ) ),
 .UNSPECIFIED., .F., .F., .F.,
 ( 4, 4 ),
 ( 2, 2 ),
 ( 12.00000000000000000, 13.00000000000000000 ),
 ( 0.0000000000000000000, 1.000000000000000000 ),
 .UNSPECIFIED. ) ;
#9504 = DIRECTION ( 'NONE',  ( -0.0000000000000000000, 1.000000000000000000, -0.0000000000000000000 ) ) ;
#9505 = LINE ( 'NONE', #1340, #3547 ) ;
#9506 = SURFACE_SIDE_STYLE ('',( #6055 ) ) ;
#9507 = DIRECTION ( 'NONE',  ( 1.000000000000000000, 0.0000000000000000000, -0.0000000000000000000 ) ) ;
#9508 = VERTEX_POINT ( 'NONE', #10923 ) ;
#9509 = DIRECTION ( 'NONE',  ( 1.000000000000000000, 0.0000000000000000000, -0.0000000000000000000 ) ) ;
#9510 = FILL_AREA_STYLE_COLOUR ( '', #7756 ) ;
#9511 = CARTESIAN_POINT ( 'NONE',  ( -0.3732186441783614250, -0.6099999999999999867, 0.3851240969258026281 ) ) ;
#9512 = CARTESIAN_POINT ( 'NONE',  ( -0.3056551747761435678, -0.5999999999999999778, 0.4087889871011015086 ) ) ;
#9513 = CARTESIAN_POINT ( 'NONE',  ( -0.3906345892767862371, -0.5999999999999999778, 0.4869579872497272754 ) ) ;
#9514 =( NAMED_UNIT ( * ) PLANE_ANGLE_UNIT ( ) SI_UNIT ( $, .RADIAN. ) );
#9515 = SURFACE_STYLE_FILL_AREA ( #4249 ) ;
#9516 =( GEOMETRIC_REPRESENTATION_CONTEXT ( 3 ) GLOBAL_UNCERTAINTY_ASSIGNED_CONTEXT ( ( #3231 ) ) GLOBAL_UNIT_ASSIGNED_CONTEXT ( ( #11012, #8395, #11556 ) ) REPRESENTATION_CONTEXT ( 'NONE', 'WORKASPACE' ) );
#9518 = EDGE_CURVE ( 'NONE', #772, #3129, #2082, .T. ) ;
#9517 = CARTESIAN_POINT ( 'NONE',  ( -0.4054823323217832676, -0.6099999999999999867, 0.4586141864510666077 ) ) ;
#9519 = ADVANCED_FACE ( 'NONE', ( #989 ), #4055, .F. ) ;
#9520 = SURFACE_STYLE_USAGE ( .BOTH. , #3044 ) ;
#9521 = B_SPLINE_CURVE_WITH_KNOTS ( 'NONE', 3,
 ( #7925, #11502, #2500, #6131 ),
 .UNSPECIFIED., .F., .F.,
 ( 4, 4 ),
 ( 5.000000000000000000, 6.000000000000000000 ),
 .UNSPECIFIED. ) ;
#9522 = CARTESIAN_POINT ( 'NONE',  ( -0.6024182741471565405, -0.5999999999999999778, 0.4779232405677047990 ) ) ;
#9523 = FILL_AREA_STYLE ('',( #459 ) ) ;
#9524 = VECTOR ( 'NONE', #3311, 1000.000000000000000 ) ;
#9525 = ORIENTED_EDGE ( 'NONE', *, *, #10859, .F. ) ;
#9526 =( NAMED_UNIT ( * ) SI_UNIT ( $, .STERADIAN. ) SOLID_ANGLE_UNIT ( ) );
#9527 = SURFACE_STYLE_USAGE ( .BOTH. , #4983 ) ;
#9528 = CARTESIAN_POINT ( 'NONE',  ( -0.3614797773032129569, -0.6099999999999999867, 0.3956256518805584266 ) ) ;
#9529 = SURFACE_STYLE_FILL_AREA ( #10291 ) ;
#9530 = FILL_AREA_STYLE_COLOUR ( '', #6682 ) ;
#9531 =( GEOMETRIC_REPRESENTATION_CONTEXT ( 3 ) GLOBAL_UNCERTAINTY_ASSIGNED_CONTEXT ( ( #11628 ) ) GLOBAL_UNIT_ASSIGNED_CONTEXT ( ( #11671, #6477, #4537 ) ) REPRESENTATION_CONTEXT ( 'NONE', 'WORKASPACE' ) );
#9532 =( LENGTH_UNIT ( ) NAMED_UNIT ( * ) SI_UNIT ( .MILLI., .METRE. ) );
#9533 = ORIENTED_EDGE ( 'NONE', *, *, #1745, .T. ) ;
#9534 = CARTESIAN_POINT ( 'NONE',  ( -0.2906410704644477039, -0.5999999999999999778, 0.3904476574573795822 ) ) ;
#9535 = PRESENTATION_LAYER_ASSIGNMENT (  '', '', ( #7110 ) ) ;
#9536 = EDGE_CURVE ( 'NONE', #3082, #8863, #7811, .T. ) ;
#9537 = ORIENTED_EDGE ( 'NONE', *, *, #7776, .T. ) ;
#9538 = MECHANICAL_DESIGN_GEOMETRIC_PRESENTATION_REPRESENTATION (  '', ( #11204 ), #6927 ) ;
#9539 = MECHANICAL_DESIGN_GEOMETRIC_PRESENTATION_REPRESENTATION (  '', ( #9906 ), #10094 ) ;
#9540 = SURFACE_STYLE_USAGE ( .BOTH. , #6087 ) ;
#9541 = UNCERTAINTY_MEASURE_WITH_UNIT (LENGTH_MEASURE( 1.000000000000000082E-05 ), #11677, 'distance_accuracy_value', 'NONE');
#9542 = CARTESIAN_POINT ( 'NONE',  ( -0.3989838453447220878, -0.6099999999999999867, 0.4113883818919822910 ) ) ;
#9543 = DIRECTION ( 'NONE',  ( -1.000000000000000000, 0.0000000000000000000, -0.0000000000000000000 ) ) ;
#9544 = CARTESIAN_POINT ( 'NONE',  ( -0.5934531581024645730, -0.6099999999999999867, 0.4064914748928398214 ) ) ;
#9545 = ORIENTED_EDGE ( 'NONE', *, *, #1245, .T. ) ;
#9546 = CARTESIAN_POINT ( 'NONE',  ( -0.5931639595650750607, -0.5999999999999999778, 0.3665822422234592537 ) ) ;
#9547 =( NAMED_UNIT ( * ) SI_UNIT ( $, .STERADIAN. ) SOLID_ANGLE_UNIT ( ) );
#9548 =( LENGTH_UNIT ( ) NAMED_UNIT ( * ) SI_UNIT ( .MILLI., .METRE. ) );
#9549 = CARTESIAN_POINT ( 'NONE',  ( -0.5338784855714885369, -0.5999999999999999778, 0.3995507320614484215 ) ) ;
#9550 = ORIENTED_EDGE ( 'NONE', *, *, #5342, .F. ) ;
#9551 = FILL_AREA_STYLE ('',( #4656 ) ) ;
#9552 = DIRECTION ( 'NONE',  ( 0.0000000000000000000, 0.0000000000000000000, -1.000000000000000000 ) ) ;
#9553 = CARTESIAN_POINT ( 'NONE',  ( -0.3941697661922550222, -0.6099999999999999867, 0.4916992833482745073 ) ) ;
#9554 = EDGE_CURVE ( 'NONE', #3124, #403, #11382, .T. ) ;
#9555 = ORIENTED_EDGE ( 'NONE', *, *, #1375, .T. ) ;
#9556 = PRESENTATION_LAYER_ASSIGNMENT (  '', '', ( #3481 ) ) ;
#9557 = B_SPLINE_CURVE_WITH_KNOTS ( 'NONE', 3,
 ( #8655, #11263, #7636, #2191 ),
 .UNSPECIFIED., .F., .F.,
 ( 4, 4 ),
 ( 4.000000000000000000, 5.000000000000000000 ),
 .UNSPECIFIED. ) ;
#9558 = CARTESIAN_POINT ( 'NONE',  ( -0.3985055567032068091, -0.5999999999999999778, 0.4155266183989210771 ) ) ;
#9559 = CARTESIAN_POINT ( 'NONE',  ( -0.4024254440478295947, -0.6099999999999999867, 0.3893039237493470806 ) ) ;
#9560 = VERTEX_POINT ( 'NONE', #6942 ) ;
#9561 = CARTESIAN_POINT ( 'NONE',  ( -0.2755333879403887853, -0.6099999999999999867, 0.3918617282233446408 ) ) ;
#9562 = PRESENTATION_LAYER_ASSIGNMENT (  '', '', ( #8052 ) ) ;
#9563 = EDGE_LOOP ( 'NONE', ( #8844, #7777, #6265, #10889 ) ) ;
#9564 = CARTESIAN_POINT ( 'NONE',  ( -0.5338784855714885369, -0.6099999999999999867, 0.3946343845070930390 ) ) ;
#9565 = PRESENTATION_STYLE_ASSIGNMENT (( #3322 ) ) ;
#9566 = B_SPLINE_CURVE_WITH_KNOTS ( 'NONE', 3,
 ( #442, #11188, #8703, #5026 ),
 .UNSPECIFIED., .F., .F.,
 ( 4, 4 ),
 ( 3.000000000000000000, 4.000000000000000000 ),
 .UNSPECIFIED. ) ;
#9567 = CARTESIAN_POINT ( 'NONE',  ( -0.4054823323217832676, -0.6099999999999999867, 0.4586141864510666077 ) ) ;
#9568 = LINE ( 'NONE', #8760, #10738 ) ;
#9569 = EDGE_CURVE ( 'NONE', #8778, #7595, #3146, .T. ) ;
#9570 = STYLED_ITEM ( 'NONE', ( #11565 ), #303 ) ;
#9571 = FILL_AREA_STYLE ('',( #8708 ) ) ;
#9572 = SURFACE_SIDE_STYLE ('',( #5139 ) ) ;
#9573 = CARTESIAN_POINT ( 'NONE',  ( -0.3667097596222881339, -0.6099999999999999867, 0.3932134135146798104 ) ) ;
#9574 = EDGE_LOOP ( 'NONE', ( #1120, #10931, #7186, #7696 ) ) ;
#9575 = DIRECTION ( 'NONE',  ( 1.000000000000000000, -0.0000000000000000000, -0.0000000000000000000 ) ) ;
#9576 = SURFACE_STYLE_FILL_AREA ( #625 ) ;
#9577 = FILL_AREA_STYLE_COLOUR ( '', #2733 ) ;
#9578 = CARTESIAN_POINT ( 'NONE',  ( -0.2847040527621113593, -0.6099999999999999867, 0.3858103371506220181 ) ) ;
#9579 = VECTOR ( 'NONE', #11466, 1000.000000000000000 ) ;
#9580 = LINE ( 'NONE', #3333, #10211 ) ;
#9581 = LINE ( 'NONE', #4189, #8517 ) ;
#9582 = CARTESIAN_POINT ( 'NONE',  ( -0.3415788107847114174, -0.6099999999999999867, 0.4549750337439453785 ) ) ;
#9583 = EDGE_CURVE ( 'NONE', #2482, #1502, #4242, .T. ) ;
#9584 = MECHANICAL_DESIGN_GEOMETRIC_PRESENTATION_REPRESENTATION (  '', ( #825 ), #5643 ) ;
#9585 = CARTESIAN_POINT ( 'NONE',  ( -0.6999999999999999556, -0.5999999999999999778, 0.5999999999999999778 ) ) ;
#9586 = DIRECTION ( 'NONE',  ( -0.9910683662997865628, 0.0000000000000000000, -0.1333547648937673802 ) ) ;
#9587 = EDGE_CURVE ( 'NONE', #8327, #4316, #8533, .T. ) ;
#9588 = VERTEX_POINT ( 'NONE', #10390 ) ;
#9589 = EDGE_CURVE ( 'NONE', #7327, #10427, #570, .T. ) ;
#9590 = SURFACE_STYLE_FILL_AREA ( #5886 ) ;
#9591 = CARTESIAN_POINT ( 'NONE',  ( -0.3544926041054858312, -0.6099999999999999867, 0.3721271229716806572 ) ) ;
#9592 = SURFACE_SIDE_STYLE ('',( #7936 ) ) ;
#9593 = ORIENTED_EDGE ( 'NONE', *, *, #8786, .T. ) ;
#9594 = VECTOR ( 'NONE', #6105, 1000.000000000000000 ) ;
#9595 = CARTESIAN_POINT ( 'NONE',  ( -0.2847352454998430260, -0.6099999999999999867, 0.3904476574573795822 ) ) ;
#9596 = FACE_OUTER_BOUND ( 'NONE', #617, .T. ) ;
#9597 = ORIENTED_EDGE ( 'NONE', *, *, #3313, .T. ) ;
#9598 = DIRECTION ( 'NONE',  ( 1.000000000000000000, 0.0000000000000000000, 0.0000000000000000000 ) ) ;
#9599 = EDGE_CURVE ( 'NONE', #1406, #11434, #8019, .T. ) ;
#9600 = DIRECTION ( 'NONE',  ( 0.0000000000000000000, 0.0000000000000000000, -1.000000000000000000 ) ) ;
#9601 = VERTEX_POINT ( 'NONE', #10325 ) ;
#9602 = CARTESIAN_POINT ( 'NONE',  ( -0.6058886510789955882, -0.6099999999999999867, 0.3665822422234592537 ) ) ;
#9603 = CARTESIAN_POINT ( 'NONE',  ( -0.3545133992639263321, -0.5999999999999999778, 0.4503377134371886470 ) ) ;
#9604 = CARTESIAN_POINT ( 'NONE',  ( -0.4056902839049484344, -0.6099999999999999867, 0.3914874153736192519 ) ) ;
#9605 = ORIENTED_EDGE ( 'NONE', *, *, #10499, .T. ) ;
#9607 =( LENGTH_UNIT ( ) NAMED_UNIT ( * ) SI_UNIT ( .MILLI., .METRE. ) );
#9606 =( GEOMETRIC_REPRESENTATION_CONTEXT ( 3 ) GLOBAL_UNCERTAINTY_ASSIGNED_CONTEXT ( ( #1775 ) ) GLOBAL_UNIT_ASSIGNED_CONTEXT ( ( #852, #10782, #3499 ) ) REPRESENTATION_CONTEXT ( 'NONE', 'WORKASPACE' ) );
#9608 = CARTESIAN_POINT ( 'NONE',  ( -0.3045010434889612871, -0.6099999999999999867, 0.4218067562135269788 ) ) ;
#9609 = PRESENTATION_LAYER_ASSIGNMENT (  '', '', ( #11286 ) ) ;
#9610 = VERTEX_POINT ( 'NONE', #338 ) ;
#9611 =( NAMED_UNIT ( * ) SI_UNIT ( $, .STERADIAN. ) SOLID_ANGLE_UNIT ( ) );
#9612 = PRESENTATION_LAYER_ASSIGNMENT (  '', '', ( #8301 ) ) ;
#9613 = CARTESIAN_POINT ( 'NONE',  ( -0.4008138192774340913, -0.6099999999999999867, 0.3893039237493470806 ) ) ;
#9614 = COLOUR_RGB ( '',1.000000000000000000, 1.000000000000000000, 1.000000000000000000 ) ;
#9615 = ADVANCED_FACE ( 'NONE', ( #1397 ), #2188, .F. ) ;
#9616 = VERTEX_POINT ( 'NONE', #9017 ) ;
#9617 = CARTESIAN_POINT ( 'NONE',  ( -0.2795676486558151819, -0.6099999999999999867, 0.3904476574573795822 ) ) ;
#9618 = AXIS2_PLACEMENT_3D ( 'NONE', #7322, #10892, #6442 ) ;
#9619 = ORIENTED_EDGE ( 'NONE', *, *, #9518, .T. ) ;
#9620 = FILL_AREA_STYLE ('',( #1386 ) ) ;
#9621 = LINE ( 'NONE', #9733, #8363 ) ;
#9622 = FACE_OUTER_BOUND ( 'NONE', #5658, .T. ) ;
#9623 = CARTESIAN_POINT ( 'NONE',  ( -0.4328487606792498221, -0.5999999999999999778, 0.4041308716360421660 ) ) ;
#9624 = STYLED_ITEM ( 'NONE', ( #10638 ), #11042 ) ;
#9625 = EDGE_CURVE ( 'NONE', #11003, #9044, #7384, .T. ) ;
#9626 = EDGE_LOOP ( 'NONE', ( #11609, #318, #7210, #10895 ) ) ;
#9627 = SURFACE_STYLE_FILL_AREA ( #8710 ) ;
#9628 = DIRECTION ( 'NONE',  ( -0.0000000000000000000, 1.000000000000000000, -0.0000000000000000000 ) ) ;
#9629 = MECHANICAL_DESIGN_GEOMETRIC_PRESENTATION_REPRESENTATION (  '', ( #11666 ), #2588 ) ;
#9630 = PLANE ( 'NONE',  #3266 ) ;
#9631 = STYLED_ITEM ( 'NONE', ( #5294 ), #3048 ) ;
#9632 = CARTESIAN_POINT ( 'NONE',  ( -0.2729963786244171131, -0.5999999999999999778, 0.4246972832206435400 ) ) ;
#9633 = VERTEX_POINT ( 'NONE', #140 ) ;
#9634 = DIRECTION ( 'NONE',  ( -0.0000000000000000000, 1.000000000000000000, -0.0000000000000000000 ) ) ;
#9635 = MECHANICAL_DESIGN_GEOMETRIC_PRESENTATION_REPRESENTATION (  '', ( #8129 ), #4520 ) ;
#9636 = VECTOR ( 'NONE', #2359, 1000.000000000000000 ) ;
#9637 = SURFACE_STYLE_USAGE ( .BOTH. , #584 ) ;
#9638 = ORIENTED_EDGE ( 'NONE', *, *, #4754, .F. ) ;
#9639 = AXIS2_PLACEMENT_3D ( 'NONE', #8049, #2727, #10748 ) ;
#9640 = UNCERTAINTY_MEASURE_WITH_UNIT (LENGTH_MEASURE( 1.000000000000000082E-05 ), #4206, 'distance_accuracy_value', 'NONE');
#9641 = EDGE_CURVE ( 'NONE', #11546, #8186, #5480, .T. ) ;
#9642 = DIRECTION ( 'NONE',  ( -0.0000000000000000000, 0.0000000000000000000, 1.000000000000000000 ) ) ;
#9643 = VECTOR ( 'NONE', #2277, 1000.000000000000000 ) ;
#9644 = DIRECTION ( 'NONE',  ( -0.0000000000000000000, 1.000000000000000000, -0.0000000000000000000 ) ) ;
#9645 = ORIENTED_EDGE ( 'NONE', *, *, #10696, .F. ) ;
#9646 = CARTESIAN_POINT ( 'NONE',  ( -0.6999999999999999556, -0.5999999999999999778, 0.5999999999999999778 ) ) ;
#9647 = CARTESIAN_POINT ( 'NONE',  ( -0.3711391283457417534, -0.5999999999999999778, 0.4549750337439453785 ) ) ;
#9648 = VECTOR ( 'NONE', #5326, 1000.000000000000000 ) ;
#9649 = ORIENTED_EDGE ( 'NONE', *, *, #4935, .T. ) ;
#9650 = VECTOR ( 'NONE', #1489, 1000.000000000000000 ) ;
#9651 = CARTESIAN_POINT ( 'NONE',  ( 0.6999999999999999556, 0.5999999999999999778, -0.05000000000000000278 ) ) ;
#9652 =( NAMED_UNIT ( * ) PLANE_ANGLE_UNIT ( ) SI_UNIT ( $, .RADIAN. ) );
#9653 = UNCERTAINTY_MEASURE_WITH_UNIT (LENGTH_MEASURE( 1.000000000000000082E-05 ), #2684, 'distance_accuracy_value', 'NONE');
#9654 = FILL_AREA_STYLE ('',( #2406 ) ) ;
#9655 = SURFACE_STYLE_USAGE ( .BOTH. , #1316 ) ;
#9656 = DIRECTION ( 'NONE',  ( -0.0000000000000000000, 1.000000000000000000, -0.0000000000000000000 ) ) ;
#9657 = ORIENTED_EDGE ( 'NONE', *, *, #8145, .T. ) ;
#9658 =( GEOMETRIC_REPRESENTATION_CONTEXT ( 3 ) GLOBAL_UNCERTAINTY_ASSIGNED_CONTEXT ( ( #11156 ) ) GLOBAL_UNIT_ASSIGNED_CONTEXT ( ( #3094, #4967, #512 ) ) REPRESENTATION_CONTEXT ( 'NONE', 'WORKASPACE' ) );
#9659 = CARTESIAN_POINT ( 'NONE',  ( -0.4380995381566284985, -0.6099999999999999867, 0.4264856668368887105 ) ) ;
#9660 = CARTESIAN_POINT ( 'NONE',  ( -0.4328487606792498221, -0.6099999999999999867, 0.4087889871011015086 ) ) ;
#9661 = EDGE_LOOP ( 'NONE', ( #8739, #5131, #2468, #3485 ) ) ;
#9662 = PRESENTATION_LAYER_ASSIGNMENT (  '', '', ( #3590 ) ) ;
#9663 =( GEOMETRIC_REPRESENTATION_CONTEXT ( 3 ) GLOBAL_UNCERTAINTY_ASSIGNED_CONTEXT ( ( #10953 ) ) GLOBAL_UNIT_ASSIGNED_CONTEXT ( ( #11059, #311, #10011 ) ) REPRESENTATION_CONTEXT ( 'NONE', 'WORKASPACE' ) );
#9664 = PRESENTATION_STYLE_ASSIGNMENT (( #3540 ) ) ;
#9665 = CARTESIAN_POINT ( 'NONE',  ( -0.2627755583070236489, -0.6099999999999999867, 0.4126984768664346825 ) ) ;
#9666 =( GEOMETRIC_REPRESENTATION_CONTEXT ( 3 ) GLOBAL_UNCERTAINTY_ASSIGNED_CONTEXT ( ( #3478 ) ) GLOBAL_UNIT_ASSIGNED_CONTEXT ( ( #10816, #10873, #6255 ) ) REPRESENTATION_CONTEXT ( 'NONE', 'WORKASPACE' ) );
#9667 = ADVANCED_FACE ( 'NONE', ( #10008 ), #3608, .F. ) ;
#9668 = EDGE_CURVE ( 'NONE', #4104, #2429, #4812, .T. ) ;
#9669 = ORIENTED_EDGE ( 'NONE', *, *, #4661, .T. ) ;
#9670 = STYLED_ITEM ( 'NONE', ( #5184 ), #9872 ) ;
#9671 = UNCERTAINTY_MEASURE_WITH_UNIT (LENGTH_MEASURE( 1.000000000000000082E-05 ), #9955, 'distance_accuracy_value', 'NONE');
#9672 = CARTESIAN_POINT ( 'NONE',  ( -0.3548877121137902768, -0.6099999999999999867, 0.3764941062202255551 ) ) ;
#9673 = CARTESIAN_POINT ( 'NONE',  ( -0.2354923105829064001, -0.6099999999999999867, 0.4015314768451630489 ) ) ;
#9674 = VERTEX_POINT ( 'NONE', #10834 ) ;
#9675 = CARTESIAN_POINT ( 'NONE',  ( -0.2508079446905467358, -0.6099999999999999867, 0.3969357468550108181 ) ) ;
#9676 = ORIENTED_EDGE ( 'NONE', *, *, #9969, .T. ) ;
#9677 = CARTESIAN_POINT ( 'NONE',  ( -0.3628730529110148484, -0.6099999999999999867, 0.4142373185824930193 ) ) ;
#9678 = B_SPLINE_CURVE_WITH_KNOTS ( 'NONE', 3,
 ( #9982, #63, #10694, #10443 ),
 .UNSPECIFIED., .F., .F.,
 ( 4, 4 ),
 ( 34.00000000000000000, 35.00000000000000000 ),
 .UNSPECIFIED. ) ;
#9679 = STYLED_ITEM ( 'NONE', ( #7238 ), #10186 ) ;
#9680 = CARTESIAN_POINT ( 'NONE',  ( -0.4113465669697827787, -0.5999999999999999778, 0.3935877263646810342 ) ) ;
#9681 = CARTESIAN_POINT ( 'NONE',  ( -0.3508222586609095472, -0.6099999999999999867, 0.3778457915115606691 ) ) ;
#9682 = DIRECTION ( 'NONE',  ( -0.0000000000000000000, 1.000000000000000000, -0.0000000000000000000 ) ) ;
#9683 = MECHANICAL_DESIGN_GEOMETRIC_PRESENTATION_REPRESENTATION (  '', ( #1677 ), #918 ) ;
#9684 = EDGE_CURVE ( 'NONE', #7677, #9674, #2506, .T. ) ;
#9685 = PRESENTATION_STYLE_ASSIGNMENT (( #8820 ) ) ;
#9686 = CARTESIAN_POINT ( 'NONE',  ( -0.4113465669697827787, -0.6099999999999999867, 0.3909883315738021947 ) ) ;
#9687 = CARTESIAN_POINT ( 'NONE',  ( -0.4017080110855572594, -0.6099999999999999867, 0.4030703185614989970 ) ) ;
#9688 = ORIENTED_EDGE ( 'NONE', *, *, #7346, .F. ) ;
#9689 = CARTESIAN_POINT ( 'NONE',  ( -0.4328487606792498221, -0.6099999999999999867, 0.4910130431234555615 ) ) ;
#9690 = CARTESIAN_POINT ( 'NONE',  ( -0.5327216914223462663, -0.5999999999999999778, 0.4351220363149917447 ) ) ;
#9691 = CARTESIAN_POINT ( 'NONE',  ( -0.3930988155384208538, -0.5999999999999999778, 0.3952097487139515919 ) ) ;
#9692 = CARTESIAN_POINT ( 'NONE',  ( -0.3290601254723822811, -0.6099999999999999867, 0.4910130431234556725 ) ) ;
#9693 = CARTESIAN_POINT ( 'NONE',  ( -0.4166493323429174556, -0.6099999999999999867, 0.4549750337439453785 ) ) ;
#9694 = EDGE_CURVE ( 'NONE', #10682, #943, #1914, .T. ) ;
#9695 = B_SPLINE_CURVE_WITH_KNOTS ( 'NONE', 3,
 ( #2269, #11332, #4199, #3229 ),
 .UNSPECIFIED., .F., .F.,
 ( 4, 4 ),
 ( 1.000000000000000000, 2.000000000000000000 ),
 .UNSPECIFIED. ) ;
#9696 = SURFACE_STYLE_USAGE ( .BOTH. , #8891 ) ;
#9697 = CARTESIAN_POINT ( 'NONE',  ( -0.3930988155384208538, -0.6099999999999999867, 0.4003877431374077145 ) ) ;
#9698 = EDGE_LOOP ( 'NONE', ( #10525, #5299, #4668, #11416, #7589, #1662, #11537 ) ) ;
#9699 = SURFACE_STYLE_USAGE ( .BOTH. , #8665 ) ;
#9700 = CARTESIAN_POINT ( 'NONE',  ( -0.3568736497339096703, -0.6099999999999999867, 0.3722726890800774902 ) ) ;
#9701 = CARTESIAN_POINT ( 'NONE',  ( -0.4821121514843513256, -0.5999999999999999778, 0.3986831529974300681 ) ) ;
#9702 = CARTESIAN_POINT ( 'NONE',  ( -0.3565929150965476135, -0.6099999999999999867, 0.4686582479226092945 ) ) ;
#9703 = ORIENTED_EDGE ( 'NONE', *, *, #3966, .T. ) ;
#9704 = EDGE_CURVE ( 'NONE', #3784, #4359, #9079, .T. ) ;
#9705 = ORIENTED_EDGE ( 'NONE', *, *, #2851, .F. ) ;
#9706 = AXIS2_PLACEMENT_3D ( 'NONE', #770, #8296, #1830 ) ;
#9707 = CARTESIAN_POINT ( 'NONE',  ( -0.2689101300135118278, -0.5999999999999999778, 0.3915082105319228067 ) ) ;
#9708 = AXIS2_PLACEMENT_3D ( 'NONE', #2754, #7488, #1913 ) ;
#9709 = ORIENTED_EDGE ( 'NONE', *, *, #8980, .F. ) ;
#9710 = STYLED_ITEM ( 'NONE', ( #7174 ), #1888 ) ;
#9711 =( LENGTH_UNIT ( ) NAMED_UNIT ( * ) SI_UNIT ( .MILLI., .METRE. ) );
#9712 = DIRECTION ( 'NONE',  ( -0.0000000000000000000, 1.000000000000000000, -0.0000000000000000000 ) ) ;
#9713 = ORIENTED_EDGE ( 'NONE', *, *, #6414, .T. ) ;
#9714 = PRESENTATION_STYLE_ASSIGNMENT (( #10607 ) ) ;
#9715 = PLANE ( 'NONE',  #9457 ) ;
#9716 = ORIENTED_EDGE ( 'NONE', *, *, #2937, .F. ) ;
#9717 = VECTOR ( 'NONE', #8011, 1000.000000000000000 ) ;
#9718 =( NAMED_UNIT ( * ) SI_UNIT ( $, .STERADIAN. ) SOLID_ANGLE_UNIT ( ) );
#9719 = DIRECTION ( 'NONE',  ( -0.0000000000000000000, -0.0000000000000000000, 1.000000000000000000 ) ) ;
#9720 = PRESENTATION_LAYER_ASSIGNMENT (  '', '', ( #9906 ) ) ;
#9721 = EDGE_CURVE ( 'NONE', #1839, #4316, #3648, .T. ) ;
#9722 = ORIENTED_EDGE ( 'NONE', *, *, #9951, .T. ) ;
#9723 = CARTESIAN_POINT ( 'NONE',  ( -0.4094750027203268861, -0.6099999999999999867, 0.4653518177488850660 ) ) ;
#9724 =( GEOMETRIC_REPRESENTATION_CONTEXT ( 3 ) GLOBAL_UNCERTAINTY_ASSIGNED_CONTEXT ( ( #7172 ) ) GLOBAL_UNIT_ASSIGNED_CONTEXT ( ( #1366, #9364, #7775 ) ) REPRESENTATION_CONTEXT ( 'NONE', 'WORKASPACE' ) );
#9725 =( NAMED_UNIT ( * ) SI_UNIT ( $, .STERADIAN. ) SOLID_ANGLE_UNIT ( ) );
#9726 = MECHANICAL_DESIGN_GEOMETRIC_PRESENTATION_REPRESENTATION (  '', ( #1539 ), #5600 ) ;
#9727 = EDGE_CURVE ( 'NONE', #6239, #2139, #1761, .T. ) ;
#9728 = VERTEX_POINT ( 'NONE', #5369 ) ;
#9729 = STYLED_ITEM ( 'NONE', ( #68 ), #921 ) ;
#9730 = ADVANCED_FACE ( 'NONE', ( #1177 ), #11271, .T. ) ;
#9731 = CARTESIAN_POINT ( 'NONE',  ( -0.4893420873371294166, -0.5999999999999999778, 0.4258677051850371376 ) ) ;
#9732 = ORIENTED_EDGE ( 'NONE', *, *, #3233, .T. ) ;
#9733 = CARTESIAN_POINT ( 'NONE',  ( -0.4328487606792498221, -0.6099999999999999867, 0.4218067562135269788 ) ) ;
#9734 = FILL_AREA_STYLE_COLOUR ( '', #9433 ) ;
#9735 = MECHANICAL_DESIGN_GEOMETRIC_PRESENTATION_REPRESENTATION (  '', ( #3662 ), #6563 ) ;
#9736 = PRESENTATION_LAYER_ASSIGNMENT (  '', '', ( #4630 ) ) ;
#9737 = FILL_AREA_STYLE ('',( #3210 ) ) ;
#9738 = CARTESIAN_POINT ( 'NONE',  ( -0.3732186441783614250, -0.5999999999999999778, 0.3851240969258026281 ) ) ;
#9739 = EDGE_LOOP ( 'NONE', ( #4987, #561, #3100, #11304 ) ) ;
#9740 = CARTESIAN_POINT ( 'NONE',  ( -0.3952823071626931917, -0.6099999999999999867, 0.3916745717986214181 ) ) ;
#9741 = PRESENTATION_STYLE_ASSIGNMENT (( #8153 ) ) ;
#9742 = CARTESIAN_POINT ( 'NONE',  ( -0.6423275178485461367, -0.5999999999999999778, 0.4646201574951478452 ) ) ;
#9743 = FILL_AREA_STYLE ('',( #2496 ) ) ;
#9744 =( NAMED_UNIT ( * ) SI_UNIT ( $, .STERADIAN. ) SOLID_ANGLE_UNIT ( ) );
#9745 = CARTESIAN_POINT ( 'NONE',  ( -0.6047318569297144286, -0.6099999999999999867, 0.4015751163064785190 ) ) ;
#9746 = SURFACE_STYLE_FILL_AREA ( #11724 ) ;
#9747 = COLOUR_RGB ( '',1.000000000000000000, 1.000000000000000000, 1.000000000000000000 ) ;
#9748 = LINE ( 'NONE', #5392, #10354 ) ;
#9749 = VERTEX_POINT ( 'NONE', #4938 ) ;
#9750 = UNCERTAINTY_MEASURE_WITH_UNIT (LENGTH_MEASURE( 1.000000000000000082E-05 ), #2215, 'distance_accuracy_value', 'NONE');
#9751 = FACE_OUTER_BOUND ( 'NONE', #11049, .T. ) ;
#9752 = SURFACE_STYLE_FILL_AREA ( #4310 ) ;
#9753 = CARTESIAN_POINT ( 'NONE',  ( -0.6999999999999999556, -0.5999999999999999778, 0.5999999999999999778 ) ) ;
#9754 = ADVANCED_FACE ( 'NONE', ( #5790 ), #2181, .T. ) ;
#9755 = B_SPLINE_SURFACE_WITH_KNOTS ( 'NONE', 3, 1, ( 
 ( #8861, #1505 ),
 ( #9774, #7897 ),
 ( #3370, #7955 ),
 ( #726, #4383 ) ),
 .UNSPECIFIED., .F., .F., .F.,
 ( 4, 4 ),
 ( 2, 2 ),
 ( 14.00000000000000000, 15.00000000000000000 ),
 ( 0.0000000000000000000, 1.000000000000000000 ),
 .UNSPECIFIED. ) ;
#9756 = CARTESIAN_POINT ( 'NONE',  ( -0.3474326478536989282, -0.5999999999999999778, 0.3858727226255307952 ) ) ;
#9757 =( LENGTH_UNIT ( ) NAMED_UNIT ( * ) SI_UNIT ( .MILLI., .METRE. ) );
#9758 = DIRECTION ( 'NONE',  ( -0.0000000000000000000, 1.000000000000000000, -0.0000000000000000000 ) ) ;
#9759 = VERTEX_POINT ( 'NONE', #5724 ) ;
#9760 = CARTESIAN_POINT ( 'NONE',  ( -0.4380995381566284985, -0.6099999999999999867, 0.4503377134371886470 ) ) ;
#9761 = FILL_AREA_STYLE_COLOUR ( '', #4993 ) ;
#9762 = ORIENTED_EDGE ( 'NONE', *, *, #8146, .T. ) ;
#9763 = B_SPLINE_SURFACE_WITH_KNOTS ( 'NONE', 3, 1, ( 
 ( #225, #7257 ),
 ( #4497, #9185 ),
 ( #11690, #898 ),
 ( #955, #6431 ) ),
 .UNSPECIFIED., .F., .F., .F.,
 ( 4, 4 ),
 ( 2, 2 ),
 ( 3.000000000000000000, 4.000000000000000000 ),
 ( 0.0000000000000000000, 1.000000000000000000 ),
 .UNSPECIFIED. ) ;
#9764 = CARTESIAN_POINT ( 'NONE',  ( -0.4022902755185852608, -0.5999999999999999778, 0.4155266183989210771 ) ) ;
#9765 = VERTEX_POINT ( 'NONE', #4997 ) ;
#9766 = UNCERTAINTY_MEASURE_WITH_UNIT (LENGTH_MEASURE( 1.000000000000000082E-05 ), #3047, 'distance_accuracy_value', 'NONE');
#9767 = FILL_AREA_STYLE ('',( #3361 ) ) ;
#9768 = PRESENTATION_LAYER_ASSIGNMENT (  '', '', ( #3699 ) ) ;
#9769 = EDGE_CURVE ( 'NONE', #11616, #4183, #8625, .T. ) ;
#9770 = EDGE_CURVE ( 'NONE', #377, #8724, #10604, .T. ) ;
#9771 = CARTESIAN_POINT ( 'NONE',  ( -0.3680198545968793589, -0.6099999999999999867, 0.3959791695719803162 ) ) ;
#9772 = CARTESIAN_POINT ( 'NONE',  ( -0.6047318514137105527, -0.5999999999999999778, 0.4782124391049557555 ) ) ;
#9773 = ORIENTED_EDGE ( 'NONE', *, *, #4522, .F. ) ;
#9774 = CARTESIAN_POINT ( 'NONE',  ( -0.3723140547912258680, -0.6099999999999999867, 0.4032782701445257745 ) ) ;
#9775 = ORIENTED_EDGE ( 'NONE', *, *, #5191, .F. ) ;
#9776 = VECTOR ( 'NONE', #10515, 1000.000000000000000 ) ;
#9777 = FILL_AREA_STYLE ('',( #8256 ) ) ;
#9778 = UNCERTAINTY_MEASURE_WITH_UNIT (LENGTH_MEASURE( 1.000000000000000082E-05 ), #1303, 'distance_accuracy_value', 'NONE');
#9779 = CARTESIAN_POINT ( 'NONE',  ( -0.5087183065971798701, -0.5999999999999999778, 0.4805260163715099897 ) ) ;
#9780 = SURFACE_STYLE_USAGE ( .BOTH. , #5247 ) ;
#9781 = ORIENTED_EDGE ( 'NONE', *, *, #10990, .T. ) ;
#9782 = CARTESIAN_POINT ( 'NONE',  ( -0.3711391283457417534, -0.6099999999999999867, 0.4733163633876686927 ) ) ;
#9783 = ORIENTED_EDGE ( 'NONE', *, *, #6295, .T. ) ;
#9784 = FILL_AREA_STYLE_COLOUR ( '', #9027 ) ;
#9785 = CARTESIAN_POINT ( 'NONE',  ( -0.5547007030342133715, -0.6099999999999999867, 0.4845747821038446923 ) ) ;
#9786 = CARTESIAN_POINT ( 'NONE',  ( -0.4171484161428734017, -0.6099999999999999867, 0.4264856668368887105 ) ) ;
#9787 =( NAMED_UNIT ( * ) SI_UNIT ( $, .STERADIAN. ) SOLID_ANGLE_UNIT ( ) );
#9788 = VECTOR ( 'NONE', #2142, 1000.000000000000000 ) ;
#9789 = COLOUR_RGB ( '',1.000000000000000000, 1.000000000000000000, 1.000000000000000000 ) ;
#9790 = CARTESIAN_POINT ( 'NONE',  ( -0.3912792391848615159, -0.5999999999999999778, 0.4496514732123697011 ) ) ;
#9791 = CARTESIAN_POINT ( 'NONE',  ( -0.3880040017484512882, -0.5999999999999999778, 0.3858103371506220181 ) ) ;
#9792 = ORIENTED_EDGE ( 'NONE', *, *, #5157, .T. ) ;
#9793 = DIRECTION ( 'NONE',  ( -1.000000000000000000, 0.0000000000000000000, -0.0000000000000000000 ) ) ;
#9794 = CARTESIAN_POINT ( 'NONE',  ( -0.4328487606792498221, -0.6099999999999999867, 0.4087889871011015086 ) ) ;
#9795 = CARTESIAN_POINT ( 'NONE',  ( -0.3415788107847114174, -0.6099999999999999867, 0.4549750337439453785 ) ) ;
#9796 = CARTESIAN_POINT ( 'NONE',  ( -0.4062829459172673796, -0.5999999999999999778, 0.4515022423035227606 ) ) ;
#9797 = ORIENTED_EDGE ( 'NONE', *, *, #4509, .T. ) ;
#9798 = CARTESIAN_POINT ( 'NONE',  ( -0.3441574104172900328, -0.5999999999999999778, 0.3929846667730740872 ) ) ;
#9799 = PRESENTATION_STYLE_ASSIGNMENT (( #6233 ) ) ;
#9800 = CARTESIAN_POINT ( 'NONE',  ( -0.5995263053219659355, -0.5999999999999999778, 0.4064914748928398214 ) ) ;
#9801 = VECTOR ( 'NONE', #5219, 1000.000000000000000 ) ;
#9802 = SURFACE_SIDE_STYLE ('',( #5390 ) ) ;
#9803 = VECTOR ( 'NONE', #215, 1000.000000000000000 ) ;
#9804 = EDGE_CURVE ( 'NONE', #4314, #3624, #6028, .T. ) ;
#9805 = MECHANICAL_DESIGN_GEOMETRIC_PRESENTATION_REPRESENTATION (  '', ( #7560 ), #5878 ) ;
#9806 = MECHANICAL_DESIGN_GEOMETRIC_PRESENTATION_REPRESENTATION (  '', ( #8712 ), #4713 ) ;
#9807 = VECTOR ( 'NONE', #1496, 1000.000000000000000 ) ;
#9808 = ORIENTED_EDGE ( 'NONE', *, *, #11688, .F. ) ;
#9809 = MECHANICAL_DESIGN_GEOMETRIC_PRESENTATION_REPRESENTATION (  '', ( #6266 ), #10745 ) ;
#9810 = SURFACE_SIDE_STYLE ('',( #7290 ) ) ;
#9811 = DIRECTION ( 'NONE',  ( -0.0000000000000000000, 1.000000000000000000, -0.0000000000000000000 ) ) ;
#9812 = DIRECTION ( 'NONE',  ( 0.0000000000000000000, 0.0000000000000000000, 1.000000000000000000 ) ) ;
#9813 = DIRECTION ( 'NONE',  ( 0.3658589216693576840, 0.0000000000000000000, -0.9306703226357521119 ) ) ;
#9814 = STYLED_ITEM ( 'NONE', ( #5856 ), #8706 ) ;
#9815 = CARTESIAN_POINT ( 'NONE',  ( -0.2937499466342964882, -0.5999999999999999778, 0.4836307619177003803 ) ) ;
#9816 = ORIENTED_EDGE ( 'NONE', *, *, #5200, .F. ) ;
#9817 = MECHANICAL_DESIGN_GEOMETRIC_PRESENTATION_REPRESENTATION (  '', ( #8525 ), #7763 ) ;
#9818 = PRESENTATION_LAYER_ASSIGNMENT (  '', '', ( #9631 ) ) ;
#9819 = ORIENTED_EDGE ( 'NONE', *, *, #8927, .T. ) ;
#9820 = EDGE_CURVE ( 'NONE', #8908, #1307, #423, .T. ) ;
#9821 = STYLED_ITEM ( 'NONE', ( #3065 ), #9005 ) ;
#9822 = SURFACE_STYLE_USAGE ( .BOTH. , #8955 ) ;
#9823 = CARTESIAN_POINT ( 'NONE',  ( -0.3985055567032068091, -0.5999999999999999778, 0.4155266183989210771 ) ) ;
#9824 = ORIENTED_EDGE ( 'NONE', *, *, #10696, .T. ) ;
#9825 = FILL_AREA_STYLE ('',( #3360 ) ) ;
#9826 =( NAMED_UNIT ( * ) SI_UNIT ( $, .STERADIAN. ) SOLID_ANGLE_UNIT ( ) );
#9827 = ORIENTED_EDGE ( 'NONE', *, *, #8645, .F. ) ;
#9828 = LINE ( 'NONE', #7256, #1532 ) ;
#9829 = CARTESIAN_POINT ( 'NONE',  ( 0.0000000000000000000, 0.0000000000000000000, 0.0000000000000000000 ) ) ;
#9830 = VERTEX_POINT ( 'NONE', #8738 ) ;
#9831 = CARTESIAN_POINT ( 'NONE',  ( -0.5896935881493786669, -0.6099999999999999867, 0.4906479279443450303 ) ) ;
#9832 = CARTESIAN_POINT ( 'NONE',  ( -0.3763899058231187089, -0.6099999999999999867, 0.4503377134371886470 ) ) ;
#9833 = LINE ( 'NONE', #10612, #9717 ) ;
#9834 = EDGE_LOOP ( 'NONE', ( #10069, #1475, #253, #1354 ) ) ;
#9835 = ADVANCED_FACE ( 'NONE', ( #7027 ), #5748, .F. ) ;
#9836 = COLOUR_RGB ( '',1.000000000000000000, 1.000000000000000000, 1.000000000000000000 ) ;
#9837 = CARTESIAN_POINT ( 'NONE',  ( -0.5000423835737352052, -0.5999999999999999778, 0.4640417631786479813 ) ) ;
#9838 =( NAMED_UNIT ( * ) SI_UNIT ( $, .STERADIAN. ) SOLID_ANGLE_UNIT ( ) );
#9839 = CARTESIAN_POINT ( 'NONE',  ( -0.5133454721622960903, -0.6099999999999999867, 0.4484251028395369598 ) ) ;
#9840 = EDGE_LOOP ( 'NONE', ( #8540, #4861, #722, #1621 ) ) ;
#9841 = CARTESIAN_POINT ( 'NONE',  ( -0.6055994470256020890, -0.6099999999999999867, 0.4247109275837678832 ) ) ;
#9842 = ORIENTED_EDGE ( 'NONE', *, *, #2004, .F. ) ;
#9843 = COLOUR_RGB ( '',1.000000000000000000, 1.000000000000000000, 1.000000000000000000 ) ;
#9844 = CARTESIAN_POINT ( 'NONE',  ( -0.4171484161428734017, -0.5999999999999999778, 0.4218067562135269788 ) ) ;
#9845 = DIRECTION ( 'NONE',  ( -0.0000000000000000000, -0.0000000000000000000, 1.000000000000000000 ) ) ;
#9846 = FACE_OUTER_BOUND ( 'NONE', #10722, .T. ) ;
#9847 = VECTOR ( 'NONE', #6199, 1000.000000000000000 ) ;
#9848 = EDGE_CURVE ( 'NONE', #1702, #8782, #1601, .T. ) ;
#9849 = STYLED_ITEM ( 'NONE', ( #3722 ), #4252 ) ;
#9850 =( NAMED_UNIT ( * ) SI_UNIT ( $, .STERADIAN. ) SOLID_ANGLE_UNIT ( ) );
#9851 = CARTESIAN_POINT ( 'NONE',  ( -0.3788541320848922700, -0.5999999999999999778, 0.3857063613588322393 ) ) ;
#9852 = FACE_OUTER_BOUND ( 'NONE', #6102, .T. ) ;
#9853 = COLOUR_RGB ( '',1.000000000000000000, 1.000000000000000000, 1.000000000000000000 ) ;
#9854 = PLANE ( 'NONE',  #11669 ) ;
#9855 =( NAMED_UNIT ( * ) PLANE_ANGLE_UNIT ( ) SI_UNIT ( $, .RADIAN. ) );
#9856 = DIRECTION ( 'NONE',  ( -0.0000000000000000000, 1.000000000000000000, -0.0000000000000000000 ) ) ;
#9857 = EDGE_LOOP ( 'NONE', ( #10286, #8070, #11465, #3413 ) ) ;
#9858 = CARTESIAN_POINT ( 'NONE',  ( -0.6377003577995730144, -0.5999999999999999778, 0.4203729660719068839 ) ) ;
#9859 = LINE ( 'NONE', #11721, #5514 ) ;
#9860 = SURFACE_STYLE_USAGE ( .BOTH. , #4190 ) ;
#9861 = CARTESIAN_POINT ( 'NONE',  ( -0.4171484161428734017, -0.6099999999999999867, 0.4218067562135269788 ) ) ;
#9862 = B_SPLINE_SURFACE_WITH_KNOTS ( 'NONE', 3, 1, ( 
 ( #4757, #3180 ),
 ( #6969, #11170 ),
 ( #7780, #2344 ),
 ( #7836, #2407 ) ),
 .UNSPECIFIED., .F., .F., .F.,
 ( 4, 4 ),
 ( 2, 2 ),
 ( 4.000000000000000000, 5.000000000000000000 ),
 ( 0.0000000000000000000, 1.000000000000000000 ),
 .UNSPECIFIED. ) ;
#9863 =( NAMED_UNIT ( * ) PLANE_ANGLE_UNIT ( ) SI_UNIT ( $, .RADIAN. ) );
#9864 = PRESENTATION_STYLE_ASSIGNMENT (( #9696 ) ) ;
#9865 = COLOUR_RGB ( '',0.7529411764705882248, 0.7529411764705882248, 0.7529411764705882248 ) ;
#9866 = ORIENTED_EDGE ( 'NONE', *, *, #5485, .T. ) ;
#9867 = CARTESIAN_POINT ( 'NONE',  ( -0.3614797773032129569, -0.6099999999999999867, 0.3937124973144972007 ) ) ;
#9868 = CARTESIAN_POINT ( 'NONE',  ( -0.3545133992639263321, -0.6099999999999999867, 0.4503377134371886470 ) ) ;
#9869 = CARTESIAN_POINT ( 'NONE',  ( -0.3788541320848922700, -0.5999999999999999778, 0.3857063613588322393 ) ) ;
#9870 = DIRECTION ( 'NONE',  ( 1.000000000000000000, 0.0000000000000000000, -0.0000000000000000000 ) ) ;
#9871 = EDGE_CURVE ( 'NONE', #550, #11684, #10659, .T. ) ;
#9872 = ADVANCED_FACE ( 'NONE', ( #3304 ), #9406, .F. ) ;
#9873 = DIRECTION ( 'NONE',  ( 0.3658589216693576840, -0.0000000000000000000, -0.9306703226357520009 ) ) ;
#9874 = ORIENTED_EDGE ( 'NONE', *, *, #1337, .T. ) ;
#9875 = CARTESIAN_POINT ( 'NONE',  ( -0.4048272848344182107, -0.6099999999999999867, 0.3976843725547389852 ) ) ;
#9876 = CARTESIAN_POINT ( 'NONE',  ( -0.3733538127074671475, -0.5999999999999999778, 0.3985785643628607655 ) ) ;
#9877 = LINE ( 'NONE', #5403, #43 ) ;
#9878 = ORIENTED_EDGE ( 'NONE', *, *, #60, .F. ) ;
#9879 = CARTESIAN_POINT ( 'NONE',  ( -0.2806593944678126840, -0.6099999999999999867, 0.4503377134371886470 ) ) ;
#9880 = SURFACE_SIDE_STYLE ('',( #8056 ) ) ;
#9881 = ORIENTED_EDGE ( 'NONE', *, *, #9923, .T. ) ;
#9882 = UNCERTAINTY_MEASURE_WITH_UNIT (LENGTH_MEASURE( 1.000000000000000082E-05 ), #6038, 'distance_accuracy_value', 'NONE');
#9883 = SURFACE_STYLE_FILL_AREA ( #9654 ) ;
#9884 = CARTESIAN_POINT ( 'NONE',  ( -0.3742687996738924272, -0.5999999999999999778, 0.4103070336588581224 ) ) ;
#9885 =( LENGTH_UNIT ( ) NAMED_UNIT ( * ) SI_UNIT ( .MILLI., .METRE. ) );
#9886 = VERTEX_POINT ( 'NONE', #9995 ) ;
#9887 = ORIENTED_EDGE ( 'NONE', *, *, #6260, .F. ) ;
#9888 = PRESENTATION_LAYER_ASSIGNMENT (  '', '', ( #3825 ) ) ;
#9889 = ORIENTED_EDGE ( 'NONE', *, *, #1312, .T. ) ;
#9890 = B_SPLINE_CURVE_WITH_KNOTS ( 'NONE', 3,
 ( #4025, #3008, #6673, #5000 ),
 .UNSPECIFIED., .F., .F.,
 ( 4, 4 ),
 ( 5.000000000000000000, 6.000000000000000000 ),
 .UNSPECIFIED. ) ;
#9891 = STYLED_ITEM ( 'NONE', ( #9077 ), #1079 ) ;
#9892 =( NAMED_UNIT ( * ) SI_UNIT ( $, .STERADIAN. ) SOLID_ANGLE_UNIT ( ) );
#9893 = UNCERTAINTY_MEASURE_WITH_UNIT (LENGTH_MEASURE( 1.000000000000000082E-05 ), #685, 'distance_accuracy_value', 'NONE');
#9894 = VECTOR ( 'NONE', #4015, 1000.000000000000000 ) ;
#9895 = CARTESIAN_POINT ( 'NONE',  ( -0.5000423835737352052, -0.5999999999999999778, 0.4640417631786479813 ) ) ;
#9896 = VERTEX_POINT ( 'NONE', #1715 ) ;
#9897 = FILL_AREA_STYLE_COLOUR ( '', #4173 ) ;
#9898 = EDGE_LOOP ( 'NONE', ( #8088, #8440, #5373, #10750 ) ) ;
#9899 = CARTESIAN_POINT ( 'NONE',  ( -0.5338784855714885369, -0.5999999999999999778, 0.3900072299739854587 ) ) ;
#9900 = ADVANCED_FACE ( 'NONE', ( #5537 ), #5412, .F. ) ;
#9901 = SURFACE_STYLE_USAGE ( .BOTH. , #8023 ) ;
#9902 =( NAMED_UNIT ( * ) SI_UNIT ( $, .STERADIAN. ) SOLID_ANGLE_UNIT ( ) );
#9903 = ADVANCED_FACE ( 'NONE', ( #9006 ), #7370, .F. ) ;
#9904 =( GEOMETRIC_REPRESENTATION_CONTEXT ( 3 ) GLOBAL_UNCERTAINTY_ASSIGNED_CONTEXT ( ( #11533 ) ) GLOBAL_UNIT_ASSIGNED_CONTEXT ( ( #8413, #3870, #10327 ) ) REPRESENTATION_CONTEXT ( 'NONE', 'WORKASPACE' ) );
#9905 = CARTESIAN_POINT ( 'NONE',  ( -0.3796235529429223265, -0.6099999999999999867, 0.4024256686532850513 ) ) ;
#9906 = STYLED_ITEM ( 'NONE', ( #5440 ), #2064 ) ;
#9907 =( LENGTH_UNIT ( ) NAMED_UNIT ( * ) SI_UNIT ( .MILLI., .METRE. ) );
#9908 = SURFACE_SIDE_STYLE ('',( #4350 ) ) ;
#9909 = ORIENTED_EDGE ( 'NONE', *, *, #10423, .T. ) ;
#9910 = CARTESIAN_POINT ( 'NONE',  ( -0.3056551747761435678, -0.6099999999999999867, 0.4087889871011015086 ) ) ;
#9911 = CARTESIAN_POINT ( 'NONE',  ( -0.3667097596222881339, -0.6099999999999999867, 0.3943363520644092013 ) ) ;
#9912 = VERTEX_POINT ( 'NONE', #8962 ) ;
#9913 =( NAMED_UNIT ( * ) PLANE_ANGLE_UNIT ( ) SI_UNIT ( $, .RADIAN. ) );
#9914 = FACE_BOUND ( 'NONE', #1181, .T. ) ;
#9915 = DIRECTION ( 'NONE',  ( -0.0000000000000000000, 1.000000000000000000, -0.0000000000000000000 ) ) ;
#9916 = MECHANICAL_DESIGN_GEOMETRIC_PRESENTATION_REPRESENTATION (  '', ( #8438 ), #11403 ) ;
#9917 = DIRECTION ( 'NONE',  ( -1.000000000000000000, -0.0000000000000000000, -0.0000000000000000000 ) ) ;
#9918 = CARTESIAN_POINT ( 'NONE',  ( -0.3810688164466189964, -0.6099999999999999867, 0.4070213986434373377 ) ) ;
#9919 = ORIENTED_EDGE ( 'NONE', *, *, #7627, .F. ) ;
#9920 = SURFACE_SIDE_STYLE ('',( #11670 ) ) ;
#9921 = CARTESIAN_POINT ( 'NONE',  ( -0.3554387838093639451, -0.6099999999999999867, 0.4910130431234555615 ) ) ;
#9922 =( LENGTH_UNIT ( ) NAMED_UNIT ( * ) SI_UNIT ( .MILLI., .METRE. ) );
#9923 = EDGE_CURVE ( 'NONE', #7041, #8509, #11686, .T. ) ;
#9924 =( NAMED_UNIT ( * ) SI_UNIT ( $, .STERADIAN. ) SOLID_ANGLE_UNIT ( ) );
#9925 = VERTEX_POINT ( 'NONE', #11619 ) ;
#9926 = MECHANICAL_DESIGN_GEOMETRIC_PRESENTATION_REPRESENTATION (  '', ( #4641 ), #6196 ) ;
#9927 = B_SPLINE_CURVE_WITH_KNOTS ( 'NONE', 3,
 ( #383, #11123, #6623, #3853 ),
 .UNSPECIFIED., .F., .F.,
 ( 4, 4 ),
 ( 23.00000000000000000, 24.00000000000000000 ),
 .UNSPECIFIED. ) ;
#9928 = ORIENTED_EDGE ( 'NONE', *, *, #7450, .T. ) ;
#9929 = ADVANCED_FACE ( 'NONE', ( #3595 ), #11176, .F. ) ;
#9930 = EDGE_CURVE ( 'NONE', #1735, #605, #5090, .T. ) ;
#9931 = PRESENTATION_LAYER_ASSIGNMENT (  '', '', ( #3875 ) ) ;
#9932 = ORIENTED_EDGE ( 'NONE', *, *, #2514, .F. ) ;
#9933 = PLANE ( 'NONE',  #9434 ) ;
#9934 = ORIENTED_EDGE ( 'NONE', *, *, #3559, .F. ) ;
#9935 = VERTEX_POINT ( 'NONE', #6543 ) ;
#9936 = SURFACE_SIDE_STYLE ('',( #3772 ) ) ;
#9937 = CARTESIAN_POINT ( 'NONE',  ( -0.3292056915807773931, -0.6099999999999999867, 0.4503377134371886470 ) ) ;
#9938 = DIRECTION ( 'NONE',  ( 0.0000000000000000000, -0.0000000000000000000, -1.000000000000000000 ) ) ;
#9939 = EDGE_LOOP ( 'NONE', ( #9956, #8559, #447, #6771 ) ) ;
#9940 = EDGE_CURVE ( 'NONE', #8850, #5394, #3947, .T. ) ;
#9941 = CARTESIAN_POINT ( 'NONE',  ( -0.3352258899160474037, -0.6099999999999999867, 0.4910130431234556725 ) ) ;
#9942 = AXIS2_PLACEMENT_3D ( 'NONE', #4186, #11436, #9509 ) ;
#9943 = CARTESIAN_POINT ( 'NONE',  ( -0.5127670750876552885, -0.6099999999999999867, 0.4484251028395369598 ) ) ;
#9944 = EDGE_LOOP ( 'NONE', ( #5556, #11564, #4254, #8868, #10331, #11285, #936, #9703, #8355, #3877, #11370, #10150 ) ) ;
#9945 =( NAMED_UNIT ( * ) SI_UNIT ( $, .STERADIAN. ) SOLID_ANGLE_UNIT ( ) );
#9946 = B_SPLINE_SURFACE_WITH_KNOTS ( 'NONE', 3, 1, ( 
 ( #11437, #6402 ),
 ( #5792, #10024 ),
 ( #4645, #9960 ),
 ( #6672, #11718 ) ),
 .UNSPECIFIED., .F., .F., .F.,
 ( 4, 4 ),
 ( 2, 2 ),
 ( 2.000000000000000000, 3.000000000000000000 ),
 ( 0.0000000000000000000, 1.000000000000000000 ),
 .UNSPECIFIED. ) ;
#9947 = DIRECTION ( 'NONE',  ( -0.0000000000000000000, 1.000000000000000000, -0.0000000000000000000 ) ) ;
#9948 = ORIENTED_EDGE ( 'NONE', *, *, #6271, .T. ) ;
#9949 = CARTESIAN_POINT ( 'NONE',  ( -0.4162230315972971773, -0.6099999999999999867, 0.3904476574573795822 ) ) ;
#9950 = FILL_AREA_STYLE ('',( #9734 ) ) ;
#9951 = EDGE_CURVE ( 'NONE', #1406, #988, #3768, .T. ) ;
#9952 = FACE_OUTER_BOUND ( 'NONE', #2878, .T. ) ;
#9953 = DIRECTION ( 'NONE',  ( -0.0000000000000000000, 1.000000000000000000, -0.0000000000000000000 ) ) ;
#9954 = MECHANICAL_DESIGN_GEOMETRIC_PRESENTATION_REPRESENTATION (  '', ( #8098 ), #4878 ) ;
#9955 =( LENGTH_UNIT ( ) NAMED_UNIT ( * ) SI_UNIT ( .MILLI., .METRE. ) );
#9956 = ORIENTED_EDGE ( 'NONE', *, *, #1967, .T. ) ;
#9957 = B_SPLINE_CURVE_WITH_KNOTS ( 'NONE', 3,
 ( #2096, #4677, #1167, #8313 ),
 .UNSPECIFIED., .F., .F.,
 ( 4, 4 ),
 ( 7.000000000000000000, 8.000000000000000000 ),
 .UNSPECIFIED. ) ;
#9958 =( NAMED_UNIT ( * ) SI_UNIT ( $, .STERADIAN. ) SOLID_ANGLE_UNIT ( ) );
#9959 = SURFACE_STYLE_USAGE ( .BOTH. , #2494 ) ;
#9960 = CARTESIAN_POINT ( 'NONE',  ( -0.3264711282606542198, -0.5999999999999999778, 0.4563891045101884925 ) ) ;
#9961 = LINE ( 'NONE', #8934, #4749 ) ;
#9962 = ORIENTED_EDGE ( 'NONE', *, *, #6370, .F. ) ;
#9963 = CARTESIAN_POINT ( 'NONE',  ( -0.6377003577995730144, -0.5999999999999999778, 0.4322300619739357641 ) ) ;
#9964 = DIRECTION ( 'NONE',  ( 0.3493954794691447319, -0.0000000000000000000, -0.9369753459544848395 ) ) ;
#9965 = CARTESIAN_POINT ( 'NONE',  ( -0.3198478703337772067, -0.5999999999999999778, 0.4560355868184891026 ) ) ;
#9966 = CARTESIAN_POINT ( 'NONE',  ( -0.5642442161535456968, -0.5999999999999999778, 0.3972371658269021055 ) ) ;
#9967 = STYLED_ITEM ( 'NONE', ( #7360 ), #10875 ) ;
#9968 = B_SPLINE_CURVE_WITH_KNOTS ( 'NONE', 3,
 ( #7416, #5757, #10101, #10042 ),
 .UNSPECIFIED., .F., .F.,
 ( 4, 4 ),
 ( 6.000000000000000000, 7.000000000000000000 ),
 .UNSPECIFIED. ) ;
#9969 = EDGE_CURVE ( 'NONE', #7076, #11161, #3881, .T. ) ;
#9970 = EDGE_CURVE ( 'NONE', #1230, #10241, #2990, .T. ) ;
#9971 = CARTESIAN_POINT ( 'NONE',  ( -0.6999999999999999556, -0.5999999999999999778, -0.05000000000000000278 ) ) ;
#9972 = CARTESIAN_POINT ( 'NONE',  ( -0.2999999999999999889, 0.5999999999999999778, 0.0000000000000000000 ) ) ;
#9973 = CARTESIAN_POINT ( 'NONE',  ( -0.5231781893348829149, -0.6099999999999999867, 0.4033103075305376484 ) ) ;
#9974 = ORIENTED_EDGE ( 'NONE', *, *, #742, .T. ) ;
#9975 = AXIS2_PLACEMENT_3D ( 'NONE', #5271, #810, #5327 ) ;
#9976 = CARTESIAN_POINT ( 'NONE',  ( -0.4081337150082813836, -0.6099999999999999867, 0.4021761267533772721 ) ) ;
#9977 = SURFACE_SIDE_STYLE ('',( #6243 ) ) ;
#9978 = MECHANICAL_DESIGN_GEOMETRIC_PRESENTATION_REPRESENTATION (  '', ( #3356 ), #4318 ) ;
#9979 = CARTESIAN_POINT ( 'NONE',  ( -0.4024670343644348725, -0.6099999999999999867, 0.4113883818919822910 ) ) ;
#9980 = COLOUR_RGB ( '',1.000000000000000000, 1.000000000000000000, 1.000000000000000000 ) ;
#9981 = DIRECTION ( 'NONE',  ( -0.5048830486499209513, 0.0000000000000000000, 0.8631877589412175755 ) ) ;
#9982 = CARTESIAN_POINT ( 'NONE',  ( -0.4821121514843513256, -0.6099999999999999867, 0.3986831529974300681 ) ) ;
#9983 = ORIENTED_EDGE ( 'NONE', *, *, #11430, .F. ) ;
#9984 = CARTESIAN_POINT ( 'NONE',  ( -0.4893420873371294166, -0.6099999999999999867, 0.4140106092830085349 ) ) ;
#9985 = CARTESIAN_POINT ( 'NONE',  ( -0.2932092725178738757, -0.6099999999999999867, 0.4858142535419729957 ) ) ;
#9986 = EDGE_LOOP ( 'NONE', ( #8053, #4200, #208, #2808 ) ) ;
#9987 = MECHANICAL_DESIGN_GEOMETRIC_PRESENTATION_REPRESENTATION (  '', ( #2781 ), #8892 ) ;
#9988 = EDGE_CURVE ( 'NONE', #3989, #10513, #6659, .T. ) ;
#9989 = PRESENTATION_STYLE_ASSIGNMENT (( #9822 ) ) ;
#9990 = PRESENTATION_STYLE_ASSIGNMENT (( #2738 ) ) ;
#9991 = VERTEX_POINT ( 'NONE', #11159 ) ;
#9992 =( GEOMETRIC_REPRESENTATION_CONTEXT ( 3 ) GLOBAL_UNCERTAINTY_ASSIGNED_CONTEXT ( ( #10818 ) ) GLOBAL_UNIT_ASSIGNED_CONTEXT ( ( #10684, #1134, #5626 ) ) REPRESENTATION_CONTEXT ( 'NONE', 'WORKASPACE' ) );
#9993 = UNCERTAINTY_MEASURE_WITH_UNIT (LENGTH_MEASURE( 1.000000000000000082E-05 ), #3080, 'distance_accuracy_value', 'NONE');
#9994 = LINE ( 'NONE', #3707, #2983 ) ;
#9995 = CARTESIAN_POINT ( 'NONE',  ( -0.4088511479705551066, -0.6099999999999999867, 0.3874115643415892429 ) ) ;
#9996 = AXIS2_PLACEMENT_3D ( 'NONE', #8316, #2931, #3834 ) ;
#9997 = ORIENTED_EDGE ( 'NONE', *, *, #2004, .T. ) ;
#9998 = VECTOR ( 'NONE', #587, 1000.000000000000000 ) ;
#9999 =( NAMED_UNIT ( * ) SI_UNIT ( $, .STERADIAN. ) SOLID_ANGLE_UNIT ( ) );
#10000 = PRESENTATION_LAYER_ASSIGNMENT (  '', '', ( #3377 ) ) ;
#10001 = CARTESIAN_POINT ( 'NONE',  ( -0.2727572343039361691, -0.6099999999999999867, 0.4179804470814046935 ) ) ;
#10002 =( LENGTH_UNIT ( ) NAMED_UNIT ( * ) SI_UNIT ( .MILLI., .METRE. ) );
#10003 = STYLED_ITEM ( 'NONE', ( #5130 ), #8677 ) ;
#10004 = ORIENTED_EDGE ( 'NONE', *, *, #9214, .T. ) ;
#10005 = UNCERTAINTY_MEASURE_WITH_UNIT (LENGTH_MEASURE( 1.000000000000000082E-05 ), #2445, 'distance_accuracy_value', 'NONE');
#10006 =( LENGTH_UNIT ( ) NAMED_UNIT ( * ) SI_UNIT ( .MILLI., .METRE. ) );
#10007 = CARTESIAN_POINT ( 'NONE',  ( -0.3202013880251991518, -0.5999999999999999778, 0.4087889871011015086 ) ) ;
#10008 = FACE_OUTER_BOUND ( 'NONE', #3664, .T. ) ;
#10009 = ORIENTED_EDGE ( 'NONE', *, *, #8886, .F. ) ;
#10010 =( GEOMETRIC_REPRESENTATION_CONTEXT ( 3 ) GLOBAL_UNCERTAINTY_ASSIGNED_CONTEXT ( ( #356 ) ) GLOBAL_UNIT_ASSIGNED_CONTEXT ( ( #10129, #195, #11057 ) ) REPRESENTATION_CONTEXT ( 'NONE', 'WORKASPACE' ) );
#10011 =( NAMED_UNIT ( * ) SI_UNIT ( $, .STERADIAN. ) SOLID_ANGLE_UNIT ( ) );
#10012 = VERTEX_POINT ( 'NONE', #125 ) ;
#10013 = EDGE_CURVE ( 'NONE', #5963, #3260, #5650, .T. ) ;
#10014 = EDGE_CURVE ( 'NONE', #10660, #6207, #10163, .T. ) ;
#10015 =( NAMED_UNIT ( * ) PLANE_ANGLE_UNIT ( ) SI_UNIT ( $, .RADIAN. ) );
#10016 = COLOUR_RGB ( '',1.000000000000000000, 1.000000000000000000, 1.000000000000000000 ) ;
#10017 = CARTESIAN_POINT ( 'NONE',  ( -0.2491443320241174819, -0.6099999999999999867, 0.4015314768451630489 ) ) ;
#10018 =( NAMED_UNIT ( * ) SI_UNIT ( $, .STERADIAN. ) SOLID_ANGLE_UNIT ( ) );
#10019 = SURFACE_STYLE_USAGE ( .BOTH. , #7104 ) ;
#10020 = DIRECTION ( 'NONE',  ( -0.0000000000000000000, 1.000000000000000000, -0.0000000000000000000 ) ) ;
#10021 = VERTEX_POINT ( 'NONE', #1051 ) ;
#10022 =( LENGTH_UNIT ( ) NAMED_UNIT ( * ) SI_UNIT ( .MILLI., .METRE. ) );
#10023 = FACE_OUTER_BOUND ( 'NONE', #4524, .T. ) ;
#10024 = CARTESIAN_POINT ( 'NONE',  ( -0.3305053889760790065, -0.5999999999999999778, 0.4549750337439453785 ) ) ;
#10025 = CARTESIAN_POINT ( 'NONE',  ( -0.3902810715852254031, -0.6099999999999999867, 0.4916992833482745073 ) ) ;
#10026 = EDGE_LOOP ( 'NONE', ( #9555, #4028, #10009, #2645 ) ) ;
#10027 =( NAMED_UNIT ( * ) PLANE_ANGLE_UNIT ( ) SI_UNIT ( $, .RADIAN. ) );
#10028 = VECTOR ( 'NONE', #11195, 1000.000000000000000 ) ;
#10029 = CARTESIAN_POINT ( 'NONE',  ( -0.3688932512465606939, -0.5999999999999999778, 0.3967070001134047619 ) ) ;
#10030 = ADVANCED_FACE ( 'NONE', ( #4925 ), #10446, .T. ) ;
#10031 = PRESENTATION_LAYER_ASSIGNMENT (  '', '', ( #5496 ) ) ;
#10032 = STYLED_ITEM ( 'NONE', ( #856 ), #4149 ) ;
#10033 = COLOUR_RGB ( '',0.2509803921568627416, 0.2509803921568627416, 0.2509803921568627416 ) ;
#10034 =( LENGTH_UNIT ( ) NAMED_UNIT ( * ) SI_UNIT ( .MILLI., .METRE. ) );
#10035 = CARTESIAN_POINT ( 'NONE',  ( -0.3930988155384208538, -0.6099999999999999867, 0.3976011919215282076 ) ) ;
#10036 = CARTESIAN_POINT ( 'NONE',  ( -0.5934531525864606971, -0.5999999999999999778, 0.4568118438734654063 ) ) ;
#10037 = CARTESIAN_POINT ( 'NONE',  ( -0.3985055567032068091, -0.6099999999999999867, 0.4155266183989210771 ) ) ;
#10038 = SURFACE_STYLE_USAGE ( .BOTH. , #5632 ) ;
#10039 = ORIENTED_EDGE ( 'NONE', *, *, #4011, .T. ) ;
#10040 = CARTESIAN_POINT ( 'NONE',  ( -0.2418348338724213009, -0.6099999999999999867, 0.4189994098393431399 ) ) ;
#10041 = VECTOR ( 'NONE', #93, 1000.000000000000000 ) ;
#10042 = CARTESIAN_POINT ( 'NONE',  ( -0.3932339840675264098, -0.5999999999999999778, 0.3903020913489827493 ) ) ;
#10043 = CARTESIAN_POINT ( 'NONE',  ( -0.4714118442155996735, -0.5999999999999999778, 0.4261569092382920254 ) ) ;
#10044 = STYLED_ITEM ( 'NONE', ( #3850 ), #5781 ) ;
#10045 =( NAMED_UNIT ( * ) SI_UNIT ( $, .STERADIAN. ) SOLID_ANGLE_UNIT ( ) );
#10046 = CARTESIAN_POINT ( 'NONE',  ( -0.3758180389692417633, -0.6099999999999999867, 0.4074788921266491726 ) ) ;
#10047 = ORIENTED_EDGE ( 'NONE', *, *, #7966, .T. ) ;
#10048 = EDGE_CURVE ( 'NONE', #1411, #659, #4312, .T. ) ;
#10049 = CARTESIAN_POINT ( 'NONE',  ( -0.3778039765893612678, -0.6099999999999999867, 0.4132183558245551280 ) ) ;
#10050 = SURFACE_SIDE_STYLE ('',( #7524 ) ) ;
#10051 = VECTOR ( 'NONE', #939, 1000.000000000000114 ) ;
#10052 = EDGE_CURVE ( 'NONE', #1237, #9616, #5171, .T. ) ;
#10053 = B_SPLINE_CURVE_WITH_KNOTS ( 'NONE', 3,
 ( #7223, #3507, #2544, #7975 ),
 .UNSPECIFIED., .F., .F.,
 ( 4, 4 ),
 ( 2.000000000000000000, 3.000000000000000000 ),
 .UNSPECIFIED. ) ;
#10054 = EDGE_LOOP ( 'NONE', ( #6450, #4622, #8130, #3177 ) ) ;
#10055 = STYLED_ITEM ( 'NONE', ( #7391 ), #6257 ) ;
#10056 = B_SPLINE_SURFACE_WITH_KNOTS ( 'NONE', 3, 1, ( 
 ( #7033, #7898 ),
 ( #9665, #6267 ),
 ( #8804, #4384 ),
 ( #8862, #2575 ) ),
 .UNSPECIFIED., .F., .F., .F.,
 ( 4, 4 ),
 ( 2, 2 ),
 ( 3.000000000000000000, 4.000000000000000000 ),
 ( 0.0000000000000000000, 1.000000000000000000 ),
 .UNSPECIFIED. ) ;
#10057 = LINE ( 'NONE', #3701, #7971 ) ;
#10058 = CARTESIAN_POINT ( 'NONE',  ( -0.2847040527621113593, -0.6099999999999999867, 0.3858103371506220181 ) ) ;
#10059 = EDGE_LOOP ( 'NONE', ( #4990, #6440, #3416, #6579 ) ) ;
#10060 = SURFACE_SIDE_STYLE ('',( #11099 ) ) ;
#10061 = CARTESIAN_POINT ( 'NONE',  ( -0.4028205520559953179, -0.5999999999999999778, 0.4557652497602775465 ) ) ;
#10062 = UNCERTAINTY_MEASURE_WITH_UNIT (LENGTH_MEASURE( 1.000000000000000082E-05 ), #6326, 'distance_accuracy_value', 'NONE');
#10063 = CARTESIAN_POINT ( 'NONE',  ( -0.4380995381566284985, -0.6099999999999999867, 0.3858103371506220181 ) ) ;
#10064 = ORIENTED_EDGE ( 'NONE', *, *, #3918, .T. ) ;
#10065 = DIRECTION ( 'NONE',  ( 1.000000000000000000, 0.0000000000000000000, -0.0000000000000000000 ) ) ;
#10066 = ADVANCED_FACE ( 'NONE', ( #8840 ), #2272, .T. ) ;
#10067 = SURFACE_SIDE_STYLE ('',( #1006 ) ) ;
#10068 = CARTESIAN_POINT ( 'NONE',  ( -0.3756204849650889854, -0.6099999999999999867, 0.4147571975408910760 ) ) ;
#10069 = ORIENTED_EDGE ( 'NONE', *, *, #11535, .T. ) ;
#10070 = FACE_OUTER_BOUND ( 'NONE', #7738, .T. ) ;
#10071 = SURFACE_SIDE_STYLE ('',( #10891 ) ) ;
#10072 = ORIENTED_EDGE ( 'NONE', *, *, #10254, .T. ) ;
#10073 = ORIENTED_EDGE ( 'NONE', *, *, #492, .F. ) ;
#10074 = CARTESIAN_POINT ( 'NONE',  ( -0.3628730529110148484, -0.6099999999999999867, 0.4142373185824930193 ) ) ;
#10075 =( NAMED_UNIT ( * ) SI_UNIT ( $, .STERADIAN. ) SOLID_ANGLE_UNIT ( ) );
#10076 = CARTESIAN_POINT ( 'NONE',  ( -0.4088511479705551066, -0.5999999999999999778, 0.3874115643415892429 ) ) ;
#10077 = CARTESIAN_POINT ( 'NONE',  ( -0.3667097596222881339, -0.5999999999999999778, 0.3943363520644092013 ) ) ;
#10078 = VECTOR ( 'NONE', #9417, 1000.000000000000000 ) ;
#10079 = COLOUR_RGB ( '',1.000000000000000000, 1.000000000000000000, 1.000000000000000000 ) ;
#10080 = EDGE_CURVE ( 'NONE', #10241, #1891, #7750, .T. ) ;
#10081 = EDGE_CURVE ( 'NONE', #3430, #10581, #11454, .T. ) ;
#10082 = DIRECTION ( 'NONE',  ( 1.000000000000000000, -0.0000000000000000000, -0.0000000000000000000 ) ) ;
#10083 = CARTESIAN_POINT ( 'NONE',  ( -0.4714118442155996735, -0.6099999999999999867, 0.4261569092382920254 ) ) ;
#10084 = STYLED_ITEM ( 'NONE', ( #205 ), #962 ) ;
#10085 = ORIENTED_EDGE ( 'NONE', *, *, #4624, .T. ) ;
#10086 = STYLED_ITEM ( 'NONE', ( #6581 ), #1900 ) ;
#10087 = PRESENTATION_STYLE_ASSIGNMENT (( #6520 ) ) ;
#10088 = CARTESIAN_POINT ( 'NONE',  ( -0.3565929150965476135, -0.6099999999999999867, 0.4733163633876686927 ) ) ;
#10089 = ORIENTED_EDGE ( 'NONE', *, *, #302, .F. ) ;
#10090 = FILL_AREA_STYLE ('',( #7404 ) ) ;
#10091 = CARTESIAN_POINT ( 'NONE',  ( -0.3786669756598916026, -0.6099999999999999867, 0.4011571639954377710 ) ) ;
#10092 = CARTESIAN_POINT ( 'NONE',  ( -0.2959646309960233257, -0.6099999999999999867, 0.4910130431234555615 ) ) ;
#10093 = COLOUR_RGB ( '',1.000000000000000000, 1.000000000000000000, 1.000000000000000000 ) ;
#10094 =( GEOMETRIC_REPRESENTATION_CONTEXT ( 3 ) GLOBAL_UNCERTAINTY_ASSIGNED_CONTEXT ( ( #8967 ) ) GLOBAL_UNIT_ASSIGNED_CONTEXT ( ( #6674, #9315, #4466 ) ) REPRESENTATION_CONTEXT ( 'NONE', 'WORKASPACE' ) );
#10095 = SURFACE_STYLE_FILL_AREA ( #11080 ) ;
#10096 = CARTESIAN_POINT ( 'NONE',  ( -0.2927725741929639303, -0.5999999999999999778, 0.4835267861259099909 ) ) ;
#10097 = LINE ( 'NONE', #4789, #5528 ) ;
#10098 = ORIENTED_EDGE ( 'NONE', *, *, #256, .T. ) ;
#10099 = CARTESIAN_POINT ( 'NONE',  ( -0.2847040527621113593, -0.5999999999999999778, 0.3858103371506220181 ) ) ;
#10100 = CARTESIAN_POINT ( 'NONE',  ( -0.4091110874497538852, -0.6099999999999999867, 0.4857102777501829394 ) ) ;
#10101 = CARTESIAN_POINT ( 'NONE',  ( -0.3952407168459506348, -0.5999999999999999778, 0.3868500950668634086 ) ) ;
#10102 = CARTESIAN_POINT ( 'NONE',  ( -0.4821121514843513256, -0.6099999999999999867, 0.3986831529974300681 ) ) ;
#10103 = DIRECTION ( 'NONE',  ( 0.3667976789509234670, -0.0000000000000000000, 0.9303007377811840506 ) ) ;
#10104 =( NAMED_UNIT ( * ) PLANE_ANGLE_UNIT ( ) SI_UNIT ( $, .RADIAN. ) );
#10105 = VERTEX_POINT ( 'NONE', #4141 ) ;
#10106 = DIRECTION ( 'NONE',  ( -0.0000000000000000000, 0.0000000000000000000, 1.000000000000000000 ) ) ;
#10107 = FILL_AREA_STYLE_COLOUR ( '', #2893 ) ;
#10108 = ORIENTED_EDGE ( 'NONE', *, *, #1375, .F. ) ;
#10109 = SURFACE_STYLE_FILL_AREA ( #8425 ) ;
#10110 = ADVANCED_FACE ( 'NONE', ( #6138 ), #1530, .F. ) ;
#10111 = ORIENTED_EDGE ( 'NONE', *, *, #10351, .F. ) ;
#10112 = UNCERTAINTY_MEASURE_WITH_UNIT (LENGTH_MEASURE( 1.000000000000000082E-05 ), #4436, 'distance_accuracy_value', 'NONE');
#10113 = EDGE_CURVE ( 'NONE', #6008, #4314, #8171, .T. ) ;
#10114 = FACE_OUTER_BOUND ( 'NONE', #673, .T. ) ;
#10115 = CARTESIAN_POINT ( 'NONE',  ( -0.3554387838093639451, -0.5999999999999999778, 0.4863341325000934967 ) ) ;
#10116 = VERTEX_POINT ( 'NONE', #1 ) ;
#10117 = FACE_OUTER_BOUND ( 'NONE', #9231, .T. ) ;
#10118 =( NAMED_UNIT ( * ) PLANE_ANGLE_UNIT ( ) SI_UNIT ( $, .RADIAN. ) );
#10119 = CARTESIAN_POINT ( 'NONE',  ( -0.4380995381566284985, -0.5999999999999999778, 0.3858103371506220181 ) ) ;
#10120 = ORIENTED_EDGE ( 'NONE', *, *, #7116, .T. ) ;
#10121 = PLANE ( 'NONE',  #9413 ) ;
#10122 = EDGE_CURVE ( 'NONE', #7641, #8490, #1699, .T. ) ;
#10123 = UNCERTAINTY_MEASURE_WITH_UNIT (LENGTH_MEASURE( 1.000000000000000082E-05 ), #3396, 'distance_accuracy_value', 'NONE');
#10124 = ADVANCED_FACE ( 'NONE', ( #2508 ), #10866, .F. ) ;
#10125 = CARTESIAN_POINT ( 'NONE',  ( -0.3941177782963601328, -0.5999999999999999778, 0.4869579872497272754 ) ) ;
#10126 = CARTESIAN_POINT ( 'NONE',  ( -0.3362240575156832390, -0.6099999999999999867, 0.4148611733324051309 ) ) ;
#10127 = SURFACE_STYLE_USAGE ( .BOTH. , #4022 ) ;
#10128 = VERTEX_POINT ( 'NONE', #7175 ) ;
#10129 =( LENGTH_UNIT ( ) NAMED_UNIT ( * ) SI_UNIT ( .MILLI., .METRE. ) );
#10130 = CARTESIAN_POINT ( 'NONE',  ( 0.6999999999999999556, 0.5999999999999999778, 0.0000000000000000000 ) ) ;
#10131 = PRESENTATION_STYLE_ASSIGNMENT (( #6558 ) ) ;
#10132 = LINE ( 'NONE', #8390, #8351 ) ;
#10133 =( NAMED_UNIT ( * ) PLANE_ANGLE_UNIT ( ) SI_UNIT ( $, .RADIAN. ) );
#10134 =( NAMED_UNIT ( * ) SI_UNIT ( $, .STERADIAN. ) SOLID_ANGLE_UNIT ( ) );
#10135 = FACE_OUTER_BOUND ( 'NONE', #7657, .T. ) ;
#10136 = ORIENTED_EDGE ( 'NONE', *, *, #11300, .T. ) ;
#10137 = B_SPLINE_CURVE_WITH_KNOTS ( 'NONE', 3,
 ( #11593, #11705, #8921, #3612 ),
 .UNSPECIFIED., .F., .F.,
 ( 4, 4 ),
 ( 3.000000000000000000, 4.000000000000000000 ),
 .UNSPECIFIED. ) ;
#10138 = EDGE_CURVE ( 'NONE', #10946, #2956, #7347, .T. ) ;
#10139 = ORIENTED_EDGE ( 'NONE', *, *, #249, .T. ) ;
#10140 = DIRECTION ( 'NONE',  ( 1.000000000000000000, 0.0000000000000000000, -0.0000000000000000000 ) ) ;
#10141 =( NAMED_UNIT ( * ) SI_UNIT ( $, .STERADIAN. ) SOLID_ANGLE_UNIT ( ) );
#10142 = B_SPLINE_SURFACE_WITH_KNOTS ( 'NONE', 3, 1, ( 
 ( #11169, #8149 ),
 ( #3617, #1240 ),
 ( #7336, #4936 ),
 ( #5903, #6606 ) ),
 .UNSPECIFIED., .F., .F., .F.,
 ( 4, 4 ),
 ( 2, 2 ),
 ( 4.000000000000000000, 5.000000000000000000 ),
 ( 0.0000000000000000000, 1.000000000000000000 ),
 .UNSPECIFIED. ) ;
#10143 = AXIS2_PLACEMENT_3D ( 'NONE', #11449, #4001, #4979 ) ;
#10144 = LINE ( 'NONE', #2963, #11534 ) ;
#10145 = CARTESIAN_POINT ( 'NONE',  ( -0.5934531581024645730, -0.5999999999999999778, 0.4064914748928398214 ) ) ;
#10146 = SURFACE_STYLE_FILL_AREA ( #2904 ) ;
#10147 = ORIENTED_EDGE ( 'NONE', *, *, #10374, .F. ) ;
#10148 = LINE ( 'NONE', #8412, #11140 ) ;
#10149 = AXIS2_PLACEMENT_3D ( 'NONE', #9390, #4890, #4043 ) ;
#10150 = ORIENTED_EDGE ( 'NONE', *, *, #2531, .T. ) ;
#10151 =( GEOMETRIC_REPRESENTATION_CONTEXT ( 3 ) GLOBAL_UNCERTAINTY_ASSIGNED_CONTEXT ( ( #5057 ) ) GLOBAL_UNIT_ASSIGNED_CONTEXT ( ( #8194, #7141, #9892 ) ) REPRESENTATION_CONTEXT ( 'NONE', 'WORKASPACE' ) );
#10153 = EDGE_CURVE ( 'NONE', #10204, #2535, #6360, .T. ) ;
#10152 = CARTESIAN_POINT ( 'NONE',  ( -0.3447812651672007567, -0.6099999999999999867, 0.3906348138821028604 ) ) ;
#10154 = PRESENTATION_STYLE_ASSIGNMENT (( #9175 ) ) ;
#10155 = EDGE_CURVE ( 'NONE', #3124, #2010, #6781, .T. ) ;
#10156 = VERTEX_POINT ( 'NONE', #10693 ) ;
#10157 = STYLED_ITEM ( 'NONE', ( #4847 ), #10974 ) ;
#10158 = DIRECTION ( 'NONE',  ( -1.000000000000000000, -0.0000000000000000000, -0.0000000000000000000 ) ) ;
#10159 = CARTESIAN_POINT ( 'NONE',  ( -0.5237565753775157429, -0.6099999999999999867, 0.4197945689974049710 ) ) ;
#10160 = ORIENTED_EDGE ( 'NONE', *, *, #11688, .T. ) ;
#10161 = LINE ( 'NONE', #7481, #1814 ) ;
#10162 = CARTESIAN_POINT ( 'NONE',  ( -0.3998988323111475340, -0.5999999999999999778, 0.3994727561709824903 ) ) ;
#10163 = LINE ( 'NONE', #3052, #1674 ) ;
#10164 = FILL_AREA_STYLE ('',( #3770 ) ) ;
#10165 = ORIENTED_EDGE ( 'NONE', *, *, #3417, .T. ) ;
#10166 = FILL_AREA_STYLE ('',( #2276 ) ) ;
#10167 = STYLED_ITEM ( 'NONE', ( #10857 ), #11064 ) ;
#10168 = CARTESIAN_POINT ( 'NONE',  ( -0.4008138192774340913, -0.5999999999999999778, 0.3893039237493470806 ) ) ;
#10169 = CARTESIAN_POINT ( 'NONE',  ( -0.3198478703337772067, -0.5999999999999999778, 0.4560355868184891026 ) ) ;
#10170 = MECHANICAL_DESIGN_GEOMETRIC_PRESENTATION_REPRESENTATION (  '', ( #3730 ), #7924 ) ;
#10171 = ORIENTED_EDGE ( 'NONE', *, *, #1271, .T. ) ;
#10172 = VECTOR ( 'NONE', #7639, 1000.000000000000000 ) ;
#10173 = FACE_OUTER_BOUND ( 'NONE', #8156, .T. ) ;
#10174 = FILL_AREA_STYLE ('',( #2874 ) ) ;
#10175 = CARTESIAN_POINT ( 'NONE',  ( -0.2864300509034490294, -0.6099999999999999867, 0.4660588531320066785 ) ) ;
#10176 = PRESENTATION_STYLE_ASSIGNMENT (( #3896 ) ) ;
#10177 = EDGE_LOOP ( 'NONE', ( #2730, #5252, #5179, #1693, #185, #5360, #11097, #8972 ) ) ;
#10178 = FACE_BOUND ( 'NONE', #4550, .T. ) ;
#10179 = CARTESIAN_POINT ( 'NONE',  ( -0.2423963031474246632, -0.6099999999999999867, 0.4212868772551289220 ) ) ;
#10180 =( NAMED_UNIT ( * ) SI_UNIT ( $, .STERADIAN. ) SOLID_ANGLE_UNIT ( ) );
#10181 = EDGE_LOOP ( 'NONE', ( #6904, #10259, #1929, #6157 ) ) ;
#10182 =( LENGTH_UNIT ( ) NAMED_UNIT ( * ) SI_UNIT ( .MILLI., .METRE. ) );
#10183 = MECHANICAL_DESIGN_GEOMETRIC_PRESENTATION_REPRESENTATION (  '', ( #10749 ), #123 ) ;
#10184 = FACE_OUTER_BOUND ( 'NONE', #9574, .T. ) ;
#10185 = DIRECTION ( 'NONE',  ( 0.0000000000000000000, 0.0000000000000000000, 1.000000000000000000 ) ) ;
#10186 = ADVANCED_FACE ( 'NONE', ( #2558 ), #4480, .F. ) ;
#10187 = EDGE_CURVE ( 'NONE', #9143, #2811, #6703, .T. ) ;
#10188 = STYLED_ITEM ( 'NONE', ( #2862 ), #8283 ) ;
#10189 = VECTOR ( 'NONE', #3123, 1000.000000000000000 ) ;
#10190 =( NAMED_UNIT ( * ) SI_UNIT ( $, .STERADIAN. ) SOLID_ANGLE_UNIT ( ) );
#10191 = CARTESIAN_POINT ( 'NONE',  ( -0.2937499466342964882, -0.5999999999999999778, 0.4836307619177003803 ) ) ;
#10192 = FACE_OUTER_BOUND ( 'NONE', #10838, .T. ) ;
#10193 = MECHANICAL_DESIGN_GEOMETRIC_PRESENTATION_REPRESENTATION (  '', ( #10759 ), #4169 ) ;
#10194 = CARTESIAN_POINT ( 'NONE',  ( 0.6999999999999999556, -0.5999999999999999778, -0.05000000000000000278 ) ) ;
#10195 =( LENGTH_UNIT ( ) NAMED_UNIT ( * ) SI_UNIT ( .MILLI., .METRE. ) );
#10196 = ORIENTED_EDGE ( 'NONE', *, *, #10187, .F. ) ;
#10197 = LINE ( 'NONE', #9391, #7040 ) ;
#10198 = LINE ( 'NONE', #1936, #1799 ) ;
#10199 = COLOUR_RGB ( '',1.000000000000000000, 1.000000000000000000, 1.000000000000000000 ) ;
#10200 = EDGE_CURVE ( 'NONE', #7603, #3857, #11144, .T. ) ;
#10201 =( GEOMETRIC_REPRESENTATION_CONTEXT ( 3 ) GLOBAL_UNCERTAINTY_ASSIGNED_CONTEXT ( ( #3003 ) ) GLOBAL_UNIT_ASSIGNED_CONTEXT ( ( #6961, #1419, #3171 ) ) REPRESENTATION_CONTEXT ( 'NONE', 'WORKASPACE' ) );
#10202 = CARTESIAN_POINT ( 'NONE',  ( -0.6559198049743579784, -0.6099999999999999867, 0.4440871413276759605 ) ) ;
#10203 = CARTESIAN_POINT ( 'NONE',  ( -0.4166493323429174556, -0.5999999999999999778, 0.4503377134371886470 ) ) ;
#10204 = VERTEX_POINT ( 'NONE', #10275 ) ;
#10205 = VECTOR ( 'NONE', #8593, 1000.000000000000000 ) ;
#10206 = CARTESIAN_POINT ( 'NONE',  ( -0.4994639975311022106, -0.5999999999999999778, 0.4484251028395369598 ) ) ;
#10207 = FACE_OUTER_BOUND ( 'NONE', #11063, .T. ) ;
#10208 = FACE_OUTER_BOUND ( 'NONE', #11402, .T. ) ;
#10209 = CARTESIAN_POINT ( 'NONE',  ( -0.6377003577995730144, -0.5999999999999999778, 0.4203729660719068839 ) ) ;
#10210 =( LENGTH_UNIT ( ) NAMED_UNIT ( * ) SI_UNIT ( .MILLI., .METRE. ) );
#10211 = VECTOR ( 'NONE', #1402, 1000.000000000000000 ) ;
#10212 =( GEOMETRIC_REPRESENTATION_CONTEXT ( 3 ) GLOBAL_UNCERTAINTY_ASSIGNED_CONTEXT ( ( #7904 ) ) GLOBAL_UNIT_ASSIGNED_CONTEXT ( ( #10210, #5821, #5761 ) ) REPRESENTATION_CONTEXT ( 'NONE', 'WORKASPACE' ) );
#10213 = SURFACE_STYLE_USAGE ( .BOTH. , #9400 ) ;
#10214 = VERTEX_POINT ( 'NONE', #4728 ) ;
#10215 = STYLED_ITEM ( 'NONE', ( #829 ), #6604 ) ;
#10216 = CARTESIAN_POINT ( 'NONE',  ( -0.6515818434627739242, -0.6099999999999999867, 0.4088050521593952213 ) ) ;
#10217 = CARTESIAN_POINT ( 'NONE',  ( -0.3192344131630175941, -0.5999999999999999778, 0.4710496911301855216 ) ) ;
#10218 = ADVANCED_FACE ( 'NONE', ( #10208 ), #7049, .F. ) ;
#10219 = COLOUR_RGB ( '',1.000000000000000000, 1.000000000000000000, 1.000000000000000000 ) ;
#10220 = ORIENTED_EDGE ( 'NONE', *, *, #6743, .F. ) ;
#10221 = LINE ( 'NONE', #70, #8084 ) ;
#10222 = CARTESIAN_POINT ( 'NONE',  ( -0.3455402884460780921, -0.6099999999999999867, 0.3930262570896793650 ) ) ;
#10223 = ADVANCED_FACE ( 'NONE', ( #4846 ), #8537, .F. ) ;
#10224 = ORIENTED_EDGE ( 'NONE', *, *, #11649, .T. ) ;
#10225 = UNCERTAINTY_MEASURE_WITH_UNIT (LENGTH_MEASURE( 1.000000000000000082E-05 ), #3165, 'distance_accuracy_value', 'NONE');
#10226 = EDGE_CURVE ( 'NONE', #4170, #10214, #11264, .T. ) ;
#10227 = SURFACE_SIDE_STYLE ('',( #10997 ) ) ;
#10228 = CARTESIAN_POINT ( 'NONE',  ( -0.2844961011790859695, -0.6099999999999999867, 0.4218067562135269788 ) ) ;
#10229 =( GEOMETRIC_REPRESENTATION_CONTEXT ( 3 ) GLOBAL_UNCERTAINTY_ASSIGNED_CONTEXT ( ( #831 ) ) GLOBAL_UNIT_ASSIGNED_CONTEXT ( ( #6530, #8360, #5820 ) ) REPRESENTATION_CONTEXT ( 'NONE', 'WORKASPACE' ) );
#10230 = EDGE_LOOP ( 'NONE', ( #9545, #2090, #3392, #10098 ) ) ;
#10231 = CARTESIAN_POINT ( 'NONE',  ( -0.3198478703337772067, -0.6099999999999999867, 0.4856270971169719952 ) ) ;
#10232 = CARTESIAN_POINT ( 'NONE',  ( -0.3711391283457417534, -0.5999999999999999778, 0.4686582479226092945 ) ) ;
#10233 = PLANE ( 'NONE',  #4616 ) ;
#10234 = AXIS2_PLACEMENT_3D ( 'NONE', #2947, #10185, #11120 ) ;
#10235 = ORIENTED_EDGE ( 'NONE', *, *, #6952, .F. ) ;
#10236 = FILL_AREA_STYLE_COLOUR ( '', #1416 ) ;
#10237 = UNCERTAINTY_MEASURE_WITH_UNIT (LENGTH_MEASURE( 1.000000000000000082E-05 ), #10349, 'distance_accuracy_value', 'NONE');
#10238 = FACE_OUTER_BOUND ( 'NONE', #4264, .T. ) ;
#10239 = FACE_OUTER_BOUND ( 'NONE', #9401, .T. ) ;
#10240 = CARTESIAN_POINT ( 'NONE',  ( -0.5821744592752146064, -0.5999999999999999778, 0.3891396288459504360 ) ) ;
#10241 = VERTEX_POINT ( 'NONE', #5149 ) ;
#10242 = SURFACE_STYLE_FILL_AREA ( #11173 ) ;
#10243 = CARTESIAN_POINT ( 'NONE',  ( -0.6999999999999999556, 0.5999999999999999778, 0.5999999999999999778 ) ) ;
#10244 = SURFACE_STYLE_FILL_AREA ( #6614 ) ;
#10245 = B_SPLINE_SURFACE_WITH_KNOTS ( 'NONE', 3, 1, ( 
 ( #3002, #10355 ),
 ( #3179, #1426 ),
 ( #7835, #9477 ),
 ( #7663, #2342 ) ),
 .UNSPECIFIED., .F., .F., .F.,
 ( 4, 4 ),
 ( 2, 2 ),
 ( 16.00000000000000000, 17.00000000000000000 ),
 ( 0.0000000000000000000, 1.000000000000000000 ),
 .UNSPECIFIED. ) ;
#10246 = ORIENTED_EDGE ( 'NONE', *, *, #1871, .T. ) ;
#10247 = CARTESIAN_POINT ( 'NONE',  ( -0.5821744592752146064, -0.6099999999999999867, 0.3952127705495860344 ) ) ;
#10248 = CARTESIAN_POINT ( 'NONE',  ( -0.4088511479705551066, -0.6099999999999999867, 0.3874115643415892429 ) ) ;
#10249 = ORIENTED_EDGE ( 'NONE', *, *, #5541, .F. ) ;
#10250 = CARTESIAN_POINT ( 'NONE',  ( -0.3941697661922550222, -0.5999999999999999778, 0.4916992833482745073 ) ) ;
#10251 =( NAMED_UNIT ( * ) PLANE_ANGLE_UNIT ( ) SI_UNIT ( $, .RADIAN. ) );
#10252 =( LENGTH_UNIT ( ) NAMED_UNIT ( * ) SI_UNIT ( .MILLI., .METRE. ) );
#10253 = FILL_AREA_STYLE ('',( #500 ) ) ;
#10254 = EDGE_CURVE ( 'NONE', #2525, #9283, #6061, .T. ) ;
#10255 = ORIENTED_EDGE ( 'NONE', *, *, #2117, .F. ) ;
#10256 = SURFACE_STYLE_FILL_AREA ( #8401 ) ;
#10257 = EDGE_CURVE ( 'NONE', #9674, #826, #6762, .T. ) ;
#10258 = CARTESIAN_POINT ( 'NONE',  ( -0.2729963786244171131, -0.5999999999999999778, 0.3877026965581040208 ) ) ;
#10259 = ORIENTED_EDGE ( 'NONE', *, *, #4873, .F. ) ;
#10260 = PLANE ( 'NONE',  #7381 ) ;
#10261 = LINE ( 'NONE', #157, #5518 ) ;
#10262 = B_SPLINE_CURVE_WITH_KNOTS ( 'NONE', 3,
 ( #5796, #1123, #1183, #7730 ),
 .UNSPECIFIED., .F., .F.,
 ( 4, 4 ),
 ( 20.00000000000000000, 21.00000000000000000 ),
 .UNSPECIFIED. ) ;
#10263 = MECHANICAL_DESIGN_GEOMETRIC_PRESENTATION_REPRESENTATION (  '', ( #9891 ), #8213 ) ;
#10264 =( GEOMETRIC_REPRESENTATION_CONTEXT ( 3 ) GLOBAL_UNCERTAINTY_ASSIGNED_CONTEXT ( ( #9778 ) ) GLOBAL_UNIT_ASSIGNED_CONTEXT ( ( #1303, #5833, #1225 ) ) REPRESENTATION_CONTEXT ( 'NONE', 'WORKASPACE' ) );
#10265 = LINE ( 'NONE', #9448, #7526 ) ;
#10266 = CARTESIAN_POINT ( 'NONE',  ( -0.3157616217225944211, -0.6099999999999999867, 0.4820295347264562658 ) ) ;
#10267 = SURFACE_SIDE_STYLE ('',( #6696 ) ) ;
#10268 = PRESENTATION_STYLE_ASSIGNMENT (( #1604 ) ) ;
#10269 = ORIENTED_EDGE ( 'NONE', *, *, #1642, .T. ) ;
#10270 = SURFACE_STYLE_USAGE ( .BOTH. , #5033 ) ;
#10271 = EDGE_CURVE ( 'NONE', #7327, #3298, #760, .T. ) ;
#10272 = CARTESIAN_POINT ( 'NONE',  ( -0.3697562503170909731, -0.5999999999999999778, 0.3851240969258026281 ) ) ;
#10273 = CARTESIAN_POINT ( 'NONE',  ( -0.4097661349369801642, -0.6099999999999999867, 0.4552037804855516567 ) ) ;
#10274 = EDGE_LOOP ( 'NONE', ( #8568, #8709, #1244, #3461 ) ) ;
#10275 = CARTESIAN_POINT ( 'NONE',  ( -0.3554387838093639451, -0.6099999999999999867, 0.4863341325000934967 ) ) ;
#10276 = SURFACE_STYLE_USAGE ( .BOTH. , #1152 ) ;
#10277 = CARTESIAN_POINT ( 'NONE',  ( -0.3468295882622289827, -0.6099999999999999867, 0.4910130431234555615 ) ) ;
#10278 = DIRECTION ( 'NONE',  ( -0.0000000000000000000, -0.0000000000000000000, -1.000000000000000000 ) ) ;
#10279 = VERTEX_POINT ( 'NONE', #3277 ) ;
#10280 = VECTOR ( 'NONE', #1302, 1000.000000000000000 ) ;
#10281 = VERTEX_POINT ( 'NONE', #6005 ) ;
#10282 = COLOUR_RGB ( '',1.000000000000000000, 1.000000000000000000, 1.000000000000000000 ) ;
#10283 = LINE ( 'NONE', #5829, #4107 ) ;
#10284 =( LENGTH_UNIT ( ) NAMED_UNIT ( * ) SI_UNIT ( .MILLI., .METRE. ) );
#10285 = COLOUR_RGB ( '',1.000000000000000000, 1.000000000000000000, 1.000000000000000000 ) ;
#10286 = ORIENTED_EDGE ( 'NONE', *, *, #11582, .T. ) ;
#10287 =( GEOMETRIC_REPRESENTATION_CONTEXT ( 3 ) GLOBAL_UNCERTAINTY_ASSIGNED_CONTEXT ( ( #5194 ) ) GLOBAL_UNIT_ASSIGNED_CONTEXT ( ( #6229, #2316, #514 ) ) REPRESENTATION_CONTEXT ( 'NONE', 'WORKASPACE' ) );
#10288 = EDGE_CURVE ( 'NONE', #10281, #848, #8769, .T. ) ;
#10289 = FILL_AREA_STYLE_COLOUR ( '', #1821 ) ;
#10290 = CARTESIAN_POINT ( 'NONE',  ( -0.3354338414996271833, -0.6099999999999999867, 0.4863341325000935522 ) ) ;
#10291 = FILL_AREA_STYLE ('',( #3166 ) ) ;
#10292 = CARTESIAN_POINT ( 'NONE',  ( -0.3952823071626931917, -0.6099999999999999867, 0.3916745717986214181 ) ) ;
#10293 = CARTESIAN_POINT ( 'NONE',  ( -0.6087806143881820953, -0.5999999999999999778, 0.4611498053853264611 ) ) ;
#10294 = DIRECTION ( 'NONE',  ( -0.0000000000000000000, 1.000000000000000000, -0.0000000000000000000 ) ) ;
#10295 = EDGE_LOOP ( 'NONE', ( #8613, #9246, #6083, #887 ) ) ;
#10296 = CARTESIAN_POINT ( 'NONE',  ( -0.3702553341169080303, -0.6099999999999999867, 0.4113883818919822910 ) ) ;
#10297 =( GEOMETRIC_REPRESENTATION_CONTEXT ( 3 ) GLOBAL_UNCERTAINTY_ASSIGNED_CONTEXT ( ( #8016 ) ) GLOBAL_UNIT_ASSIGNED_CONTEXT ( ( #3930, #9514, #10737 ) ) REPRESENTATION_CONTEXT ( 'NONE', 'WORKASPACE' ) );
#10298 = ORIENTED_EDGE ( 'NONE', *, *, #6951, .F. ) ;
#10299 =( NAMED_UNIT ( * ) PLANE_ANGLE_UNIT ( ) SI_UNIT ( $, .RADIAN. ) );
#10300 = MECHANICAL_DESIGN_GEOMETRIC_PRESENTATION_REPRESENTATION (  '', ( #3674 ), #1559 ) ;
#10301 = FILL_AREA_STYLE ('',( #9311 ) ) ;
#10302 = FILL_AREA_STYLE_COLOUR ( '', #6724 ) ;
#10303 = CARTESIAN_POINT ( 'NONE',  ( -0.5873800108828248767, -0.6099999999999999867, 0.4064914748928398214 ) ) ;
#10304 = VERTEX_POINT ( 'NONE', #11199 ) ;
#10305 = CARTESIAN_POINT ( 'NONE',  ( -0.3045010434889612871, -0.5999999999999999778, 0.4264856668368887105 ) ) ;
#10306 = DIRECTION ( 'NONE',  ( 0.0000000000000000000, -0.0000000000000000000, 1.000000000000000000 ) ) ;
#10307 = SURFACE_STYLE_USAGE ( .BOTH. , #3187 ) ;
#10308 = ORIENTED_EDGE ( 'NONE', *, *, #2620, .T. ) ;
#10309 = PRESENTATION_STYLE_ASSIGNMENT (( #8393 ) ) ;
#10310 = MECHANICAL_DESIGN_GEOMETRIC_PRESENTATION_REPRESENTATION (  '', ( #3497 ), #4072 ) ;
#10311 = EDGE_CURVE ( 'NONE', #9588, #8607, #3774, .T. ) ;
#10312 = ORIENTED_EDGE ( 'NONE', *, *, #3444, .T. ) ;
#10313 = LINE ( 'NONE', #6977, #9636 ) ;
#10314 = ORIENTED_EDGE ( 'NONE', *, *, #635, .F. ) ;
#10315 = ORIENTED_EDGE ( 'NONE', *, *, #9554, .F. ) ;
#10316 = CARTESIAN_POINT ( 'NONE',  ( -0.5327216914223462663, -0.6099999999999999867, 0.4351220363149917447 ) ) ;
#10317 = DIRECTION ( 'NONE',  ( -0.0000000000000000000, 1.000000000000000000, -0.0000000000000000000 ) ) ;
#10318 = CARTESIAN_POINT ( 'NONE',  ( -0.5995263053219659355, -0.6099999999999999867, 0.3839340662063335796 ) ) ;
#10319 = CARTESIAN_POINT ( 'NONE',  ( -0.3441262176798357553, -0.5999999999999999778, 0.3814225587437737874 ) ) ;
#10320 = ADVANCED_FACE ( 'NONE', ( #7816 ), #2087, .F. ) ;
#10321 = CARTESIAN_POINT ( 'NONE',  ( -0.4328487606792498221, -0.6099999999999999867, 0.4041308716360421660 ) ) ;
#10322 = PRESENTATION_LAYER_ASSIGNMENT (  '', '', ( #6220 ) ) ;
#10323 = FILL_AREA_STYLE_COLOUR ( '', #9204 ) ;
#10324 = ORIENTED_EDGE ( 'NONE', *, *, #4177, .T. ) ;
#10325 = CARTESIAN_POINT ( 'NONE',  ( -0.4328487606792498221, -0.5999999999999999778, 0.3904476574573795822 ) ) ;
#10326 = PLANE ( 'NONE',  #4717 ) ;
#10327 =( NAMED_UNIT ( * ) SI_UNIT ( $, .STERADIAN. ) SOLID_ANGLE_UNIT ( ) );
#10328 = ORIENTED_EDGE ( 'NONE', *, *, #9289, .T. ) ;
#10329 = CARTESIAN_POINT ( 'NONE',  ( -0.5156590494287112136, -0.6099999999999999867, 0.4868883607492610066 ) ) ;
#10330 = SURFACE_STYLE_FILL_AREA ( #5638 ) ;
#10331 = ORIENTED_EDGE ( 'NONE', *, *, #11178, .T. ) ;
#10332 =( NAMED_UNIT ( * ) PLANE_ANGLE_UNIT ( ) SI_UNIT ( $, .RADIAN. ) );
#10333 = SURFACE_STYLE_FILL_AREA ( #9350 ) ;
#10334 = MECHANICAL_DESIGN_GEOMETRIC_PRESENTATION_REPRESENTATION (  '', ( #6975 ), #1194 ) ;
#10335 = EDGE_CURVE ( 'NONE', #10281, #5497, #9581, .T. ) ;
#10336 = EDGE_CURVE ( 'NONE', #2046, #3576, #4216, .T. ) ;
#10337 = B_SPLINE_SURFACE_WITH_KNOTS ( 'NONE', 3, 1, ( 
 ( #3477, #10995 ),
 ( #2985, #6713 ),
 ( #2858, #6593 ),
 ( #2089, #6537 ) ),
 .UNSPECIFIED., .F., .F., .F.,
 ( 4, 4 ),
 ( 2, 2 ),
 ( 19.00000000000000000, 20.00000000000000000 ),
 ( 0.0000000000000000000, 1.000000000000000000 ),
 .UNSPECIFIED. ) ;
#10338 =( NAMED_UNIT ( * ) PLANE_ANGLE_UNIT ( ) SI_UNIT ( $, .RADIAN. ) );
#10339 = LINE ( 'NONE', #8546, #9090 ) ;
#10340 = VERTEX_POINT ( 'NONE', #8714 ) ;
#10341 = UNCERTAINTY_MEASURE_WITH_UNIT (LENGTH_MEASURE( 1.000000000000000082E-05 ), #1692, 'distance_accuracy_value', 'NONE');
#10342 = VECTOR ( 'NONE', #2365, 1000.000000000000000 ) ;
#10343 =( NAMED_UNIT ( * ) SI_UNIT ( $, .STERADIAN. ) SOLID_ANGLE_UNIT ( ) );
#10344 = LINE ( 'NONE', #11397, #7660 ) ;
#10345 = CARTESIAN_POINT ( 'NONE',  ( -0.3628730529110148484, -0.6099999999999999867, 0.4092880709009205087 ) ) ;
#10346 = MECHANICAL_DESIGN_GEOMETRIC_PRESENTATION_REPRESENTATION (  '', ( #8487 ), #6421 ) ;
#10347 =( NAMED_UNIT ( * ) SI_UNIT ( $, .STERADIAN. ) SOLID_ANGLE_UNIT ( ) );
#10348 = EDGE_LOOP ( 'NONE', ( #4921, #8969, #11524, #9000 ) ) ;
#10349 =( LENGTH_UNIT ( ) NAMED_UNIT ( * ) SI_UNIT ( .MILLI., .METRE. ) );
#10350 = DIRECTION ( 'NONE',  ( -0.0000000000000000000, 1.000000000000000000, -0.0000000000000000000 ) ) ;
#10351 = EDGE_CURVE ( 'NONE', #1909, #11531, #2548, .T. ) ;
#10352 = MECHANICAL_DESIGN_GEOMETRIC_PRESENTATION_REPRESENTATION (  '', ( #4128 ), #2391 ) ;
#10353 = ORIENTED_EDGE ( 'NONE', *, *, #492, .T. ) ;
#10354 = VECTOR ( 'NONE', #3459, 1000.000000000000000 ) ;
#10355 = CARTESIAN_POINT ( 'NONE',  ( -0.3614797773032129569, -0.5999999999999999778, 0.3937124973144972007 ) ) ;
#10356 = UNCERTAINTY_MEASURE_WITH_UNIT (LENGTH_MEASURE( 1.000000000000000082E-05 ), #5234, 'distance_accuracy_value', 'NONE');
#10357 = CARTESIAN_POINT ( 'NONE',  ( -0.2999999999999999889, 0.5999999999999999778, -0.05000000000000000278 ) ) ;
#10358 = SURFACE_STYLE_USAGE ( .BOTH. , #7667 ) ;
#10359 = SURFACE_STYLE_FILL_AREA ( #2039 ) ;
#10360 = ORIENTED_EDGE ( 'NONE', *, *, #1327, .F. ) ;
#10361 = SURFACE_STYLE_FILL_AREA ( #2347 ) ;
#10362 = MECHANICAL_DESIGN_GEOMETRIC_PRESENTATION_REPRESENTATION (  '', ( #8503 ), #6251 ) ;
#10363 = FILL_AREA_STYLE_COLOUR ( '', #5311 ) ;
#10364 = CARTESIAN_POINT ( 'NONE',  ( -0.3137132986275662505, -0.5999999999999999778, 0.4648943242656725094 ) ) ;
#10365 =( NAMED_UNIT ( * ) PLANE_ANGLE_UNIT ( ) SI_UNIT ( $, .RADIAN. ) );
#10366 = ORIENTED_EDGE ( 'NONE', *, *, #1629, .T. ) ;
#10367 = COLOUR_RGB ( '',1.000000000000000000, 1.000000000000000000, 1.000000000000000000 ) ;
#10368 = VECTOR ( 'NONE', #4226, 1000.000000000000000 ) ;
#10369 =( LENGTH_UNIT ( ) NAMED_UNIT ( * ) SI_UNIT ( .MILLI., .METRE. ) );
#10370 = COLOUR_RGB ( '',1.000000000000000000, 1.000000000000000000, 1.000000000000000000 ) ;
#10371 = ORIENTED_EDGE ( 'NONE', *, *, #3349, .F. ) ;
#10372 = VECTOR ( 'NONE', #9259, 1000.000000000000000 ) ;
#10373 = LINE ( 'NONE', #4103, #4549 ) ;
#10374 = EDGE_CURVE ( 'NONE', #659, #1668, #4354, .T. ) ;
#10375 = ORIENTED_EDGE ( 'NONE', *, *, #9583, .T. ) ;
#10376 =( GEOMETRIC_REPRESENTATION_CONTEXT ( 3 ) GLOBAL_UNCERTAINTY_ASSIGNED_CONTEXT ( ( #10341 ) ) GLOBAL_UNIT_ASSIGNED_CONTEXT ( ( #1692, #7106, #9958 ) ) REPRESENTATION_CONTEXT ( 'NONE', 'WORKASPACE' ) );
#10377 = EDGE_CURVE ( 'NONE', #2429, #1310, #3484, .T. ) ;
#10378 = ORIENTED_EDGE ( 'NONE', *, *, #8740, .F. ) ;
#10379 = CARTESIAN_POINT ( 'NONE',  ( -0.5766796980982075160, -0.5999999999999999778, 0.4209513631466858530 ) ) ;
#10380 = CARTESIAN_POINT ( 'NONE',  ( -0.4113465669697827787, -0.5999999999999999778, 0.3990152626877707664 ) ) ;
#10381 =( GEOMETRIC_REPRESENTATION_CONTEXT ( 3 ) GLOBAL_UNCERTAINTY_ASSIGNED_CONTEXT ( ( #6544 ) ) GLOBAL_UNIT_ASSIGNED_CONTEXT ( ( #4080, #4864, #8492 ) ) REPRESENTATION_CONTEXT ( 'NONE', 'WORKASPACE' ) );
#10382 = FILL_AREA_STYLE_COLOUR ( '', #5351 ) ;
#10383 = PRESENTATION_STYLE_ASSIGNMENT (( #6937 ) ) ;
#10384 = COLOUR_RGB ( '',0.7529411764705882248, 0.7529411764705882248, 0.7529411764705882248 ) ;
#10385 = COLOUR_RGB ( '',1.000000000000000000, 1.000000000000000000, 1.000000000000000000 ) ;
#10386 = SURFACE_STYLE_FILL_AREA ( #9571 ) ;
#10387 = CARTESIAN_POINT ( 'NONE',  ( -0.3930988155384208538, -0.5999999999999999778, 0.3952097487139515919 ) ) ;
#10388 = CARTESIAN_POINT ( 'NONE',  ( -0.6515818434627739242, -0.6099999999999999867, 0.4088050521593952213 ) ) ;
#10389 = ORIENTED_EDGE ( 'NONE', *, *, #4165, .T. ) ;
#10390 = CARTESIAN_POINT ( 'NONE',  ( -0.5231781893348829149, -0.6099999999999999867, 0.4033103075305376484 ) ) ;
#10391 = CARTESIAN_POINT ( 'NONE',  ( -0.5934531581024645730, -0.5999999999999999778, 0.3839340662063335796 ) ) ;
#10392 = ORIENTED_EDGE ( 'NONE', *, *, #7982, .F. ) ;
#10393 = CARTESIAN_POINT ( 'NONE',  ( -0.3930988155384208538, -0.6099999999999999867, 0.4042764377444389434 ) ) ;
#10394 = FACE_OUTER_BOUND ( 'NONE', #11507, .T. ) ;
#10395 =( GEOMETRIC_REPRESENTATION_CONTEXT ( 3 ) GLOBAL_UNCERTAINTY_ASSIGNED_CONTEXT ( ( #4069 ) ) GLOBAL_UNIT_ASSIGNED_CONTEXT ( ( #4540, #4422, #4481 ) ) REPRESENTATION_CONTEXT ( 'NONE', 'WORKASPACE' ) );
#10396 =( LENGTH_UNIT ( ) NAMED_UNIT ( * ) SI_UNIT ( .MILLI., .METRE. ) );
#10397 = ORIENTED_EDGE ( 'NONE', *, *, #3631, .F. ) ;
#10398 = AXIS2_PLACEMENT_3D ( 'NONE', #1683, #8262, #2644 ) ;
#10399 = CARTESIAN_POINT ( 'NONE',  ( -0.5301189211345451735, -0.5999999999999999778, 0.3859584614833708738 ) ) ;
#10400 = ORIENTED_EDGE ( 'NONE', *, *, #1994, .T. ) ;
#10401 = COLOUR_RGB ( '',1.000000000000000000, 1.000000000000000000, 1.000000000000000000 ) ;
#10402 = DIRECTION ( 'NONE',  ( -0.0000000000000000000, 1.000000000000000000, -0.0000000000000000000 ) ) ;
#10403 = EDGE_LOOP ( 'NONE', ( #9020, #528, #6963, #2041, #7869, #6979, #5192 ) ) ;
#10404 = VECTOR ( 'NONE', #4920, 1000.000000000000000 ) ;
#10405 = PRESENTATION_STYLE_ASSIGNMENT (( #8779 ) ) ;
#10406 = STYLED_ITEM ( 'NONE', ( #9799 ), #3706 ) ;
#10407 = ADVANCED_FACE ( 'NONE', ( #8093 ), #458, .F. ) ;
#10408 = PRODUCT_DEFINITION_CONTEXT ( 'detailed design', #8336, 'design' ) ;
#10409 = EDGE_CURVE ( 'NONE', #7364, #6874, #11720, .T. ) ;
#10410 = EDGE_LOOP ( 'NONE', ( #1104, #5777, #6814, #351 ) ) ;
#10411 = FACE_OUTER_BOUND ( 'NONE', #8958, .T. ) ;
#10412 = AXIS2_PLACEMENT_3D ( 'NONE', #8259, #4507, #6443 ) ;
#10413 = CARTESIAN_POINT ( 'NONE',  ( -0.6090698129254329407, -0.6099999999999999867, 0.4785016348842049405 ) ) ;
#10414 = PLANE ( 'NONE',  #8602 ) ;
#10415 = COLOUR_RGB ( '',1.000000000000000000, 1.000000000000000000, 1.000000000000000000 ) ;
#10416 = ORIENTED_EDGE ( 'NONE', *, *, #9460, .F. ) ;
#10417 =( GEOMETRIC_REPRESENTATION_CONTEXT ( 3 ) GLOBAL_UNCERTAINTY_ASSIGNED_CONTEXT ( ( #10601 ) ) GLOBAL_UNIT_ASSIGNED_CONTEXT ( ( #9532, #11339, #2462 ) ) REPRESENTATION_CONTEXT ( 'NONE', 'WORKASPACE' ) );
#10418 = FACE_OUTER_BOUND ( 'NONE', #7251, .T. ) ;
#10419 = FILL_AREA_STYLE_COLOUR ( '', #8029 ) ;
#10420 = SURFACE_SIDE_STYLE ('',( #10536 ) ) ;
#10421 = ORIENTED_EDGE ( 'NONE', *, *, #5853, .F. ) ;
#10422 = SURFACE_STYLE_USAGE ( .BOTH. , #6030 ) ;
#10423 = EDGE_CURVE ( 'NONE', #9004, #3826, #3628, .T. ) ;
#10424 = SURFACE_SIDE_STYLE ('',( #9483 ) ) ;
#10425 = CARTESIAN_POINT ( 'NONE',  ( -0.5298297281131594261, -0.6099999999999999867, 0.4035995005517841183 ) ) ;
#10426 = LINE ( 'NONE', #1501, #11127 ) ;
#10427 = VERTEX_POINT ( 'NONE', #5385 ) ;
#10428 = VECTOR ( 'NONE', #8523, 1000.000000000000000 ) ;
#10429 = CARTESIAN_POINT ( 'NONE',  ( -0.2338702882336374245, -0.6099999999999999867, 0.3969357468550108181 ) ) ;
#10430 = CARTESIAN_POINT ( 'NONE',  ( -0.3763899058231187089, -0.5999999999999999778, 0.4910130431234555615 ) ) ;
#10431 = PLANE ( 'NONE',  #2024 ) ;
#10432 = ORIENTED_EDGE ( 'NONE', *, *, #10972, .F. ) ;
#10433 = COLOUR_RGB ( '',1.000000000000000000, 1.000000000000000000, 1.000000000000000000 ) ;
#10434 = CARTESIAN_POINT ( 'NONE',  ( -0.2757309419445418963, -0.6099999999999999867, 0.4205382515554020872 ) ) ;
#10435 = CARTESIAN_POINT ( 'NONE',  ( -0.3880040017484512882, -0.5999999999999999778, 0.4045051844857675549 ) ) ;
#10436 = CARTESIAN_POINT ( 'NONE',  ( -0.2689101300135118278, -0.6099999999999999867, 0.3915082105319228067 ) ) ;
#10437 = EDGE_LOOP ( 'NONE', ( #5377, #6119, #1046, #4952 ) ) ;
#10438 = EDGE_CURVE ( 'NONE', #7097, #228, #7919, .T. ) ;
#10439 = CARTESIAN_POINT ( 'NONE',  ( -0.6377003577995730144, -0.6099999999999999867, 0.4481359208502976865 ) ) ;
#10440 = ORIENTED_EDGE ( 'NONE', *, *, #4060, .F. ) ;
#10441 = DIRECTION ( 'NONE',  ( -1.000000000000000000, -0.0000000000000000000, -0.0000000000000000000 ) ) ;
#10442 =( NAMED_UNIT ( * ) SI_UNIT ( $, .STERADIAN. ) SOLID_ANGLE_UNIT ( ) );
#10443 = CARTESIAN_POINT ( 'NONE',  ( -0.4714118442155996735, -0.6099999999999999867, 0.4261569092382920254 ) ) ;
#10444 = CARTESIAN_POINT ( 'NONE',  ( -0.5934531581024645730, -0.6099999999999999867, 0.4064914748928398214 ) ) ;
#10445 = FILL_AREA_STYLE_COLOUR ( '', #7182 ) ;
#10446 = B_SPLINE_SURFACE_WITH_KNOTS ( 'NONE', 3, 1, ( 
 ( #2093, #5225 ),
 ( #1304, #1485 ),
 ( #9466, #4984 ),
 ( #4257, #6902 ) ),
 .UNSPECIFIED., .F., .F., .F.,
 ( 4, 4 ),
 ( 2, 2 ),
 ( 1.000000000000000000, 2.000000000000000000 ),
 ( 0.0000000000000000000, 1.000000000000000000 ),
 .UNSPECIFIED. ) ;
#10447 = ADVANCED_FACE ( 'NONE', ( #8936 ), #8985, .T. ) ;
#10448 = EDGE_CURVE ( 'NONE', #9935, #8327, #4627, .T. ) ;
#10449 = CARTESIAN_POINT ( 'NONE',  ( -0.5879584079574651234, -0.5999999999999999778, 0.4730068847393438247 ) ) ;
#10450 = VERTEX_POINT ( 'NONE', #1933 ) ;
#10451 = PRESENTATION_STYLE_ASSIGNMENT (( #10270 ) ) ;
#10452 = CARTESIAN_POINT ( 'NONE',  ( 0.6999999999999999556, 0.5999999999999999778, -0.05000000000000000278 ) ) ;
#10453 = SURFACE_STYLE_USAGE ( .BOTH. , #7634 ) ;
#10454 = ORIENTED_EDGE ( 'NONE', *, *, #1776, .F. ) ;
#10455 =( NAMED_UNIT ( * ) PLANE_ANGLE_UNIT ( ) SI_UNIT ( $, .RADIAN. ) );
#10456 = CARTESIAN_POINT ( 'NONE',  ( -0.5642442161535456968, -0.5999999999999999778, 0.3795961267584874732 ) ) ;
#10457 =( NAMED_UNIT ( * ) PLANE_ANGLE_UNIT ( ) SI_UNIT ( $, .RADIAN. ) );
#10458 = STYLED_ITEM ( 'NONE', ( #519 ), #508 ) ;
#10459 = DIRECTION ( 'NONE',  ( -0.0000000000000000000, 0.0000000000000000000, 1.000000000000000000 ) ) ;
#10460 = ADVANCED_FACE ( 'NONE', ( #2777 ), #10260, .F. ) ;
#10461 = CARTESIAN_POINT ( 'NONE',  ( -0.6024182741471565405, -0.5999999999999999778, 0.4779232405677047990 ) ) ;
#10462 = ORIENTED_EDGE ( 'NONE', *, *, #10677, .F. ) ;
#10463 = UNCERTAINTY_MEASURE_WITH_UNIT (LENGTH_MEASURE( 1.000000000000000082E-05 ), #455, 'distance_accuracy_value', 'NONE');
#10464 = CARTESIAN_POINT ( 'NONE',  ( -0.3354338414996272388, -0.6099999999999999867, 0.4863341325000934967 ) ) ;
#10465 = DIRECTION ( 'NONE',  ( -0.0000000000000000000, 1.000000000000000000, -0.0000000000000000000 ) ) ;
#10466 = COLOUR_RGB ( '',1.000000000000000000, 1.000000000000000000, 1.000000000000000000 ) ;
#10467 = ORIENTED_EDGE ( 'NONE', *, *, #1045, .F. ) ;
#10468 = SURFACE_SIDE_STYLE ('',( #594 ) ) ;
#10469 = LINE ( 'NONE', #4208, #6283 ) ;
#10470 = ORIENTED_EDGE ( 'NONE', *, *, #1271, .F. ) ;
#10471 = MECHANICAL_DESIGN_GEOMETRIC_PRESENTATION_REPRESENTATION (  '', ( #9161 ), #1721 ) ;
#10472 = CARTESIAN_POINT ( 'NONE',  ( -0.2729963786244171131, -0.5999999999999999778, 0.3877026965581040208 ) ) ;
#10473 = UNCERTAINTY_MEASURE_WITH_UNIT (LENGTH_MEASURE( 1.000000000000000082E-05 ), #9002, 'distance_accuracy_value', 'NONE');
#10474 = DIRECTION ( 'NONE',  ( 0.3493954794973196387, 0.0000000000000000000, -0.9369753459439783549 ) ) ;
#10475 = LINE ( 'NONE', #3303, #3186 ) ;
#10476 = ORIENTED_EDGE ( 'NONE', *, *, #9375, .T. ) ;
#10477 = CARTESIAN_POINT ( 'NONE',  ( -0.6168781513689943763, -0.5999999999999999778, 0.3746797681721246165 ) ) ;
#10478 = DIRECTION ( 'NONE',  ( -0.0000000000000000000, 1.000000000000000000, -0.0000000000000000000 ) ) ;
#10479 = SURFACE_STYLE_USAGE ( .BOTH. , #3960 ) ;
#10480 = CARTESIAN_POINT ( 'NONE',  ( -0.6067562356588789285, -0.5999999999999999778, 0.4785016348842049405 ) ) ;
#10481 = ORIENTED_EDGE ( 'NONE', *, *, #5407, .T. ) ;
#10482 = VECTOR ( 'NONE', #1002, 1000.000000000000000 ) ;
#10483 = SURFACE_STYLE_FILL_AREA ( #9551 ) ;
#10484 = LINE ( 'NONE', #6920, #7818 ) ;
#10485 = EDGE_LOOP ( 'NONE', ( #5925, #1560, #2671, #10165 ) ) ;
#10486 = EDGE_CURVE ( 'NONE', #4631, #7961, #9267, .T. ) ;
#10487 = ADVANCED_FACE ( 'NONE', ( #210 ), #5677, .F. ) ;
#10488 = FACE_OUTER_BOUND ( 'NONE', #6991, .T. ) ;
#10489 = UNCERTAINTY_MEASURE_WITH_UNIT (LENGTH_MEASURE( 1.000000000000000082E-05 ), #7813, 'distance_accuracy_value', 'NONE');
#10490 =( NAMED_UNIT ( * ) SI_UNIT ( $, .STERADIAN. ) SOLID_ANGLE_UNIT ( ) );
#10491 = PRESENTATION_STYLE_ASSIGNMENT (( #3255 ) ) ;
#10492 = ORIENTED_EDGE ( 'NONE', *, *, #5085, .F. ) ;
#10493 = DIRECTION ( 'NONE',  ( 0.0000000000000000000, 0.0000000000000000000, -1.000000000000000000 ) ) ;
#10494 = ORIENTED_EDGE ( 'NONE', *, *, #164, .F. ) ;
#10495 = PLANE ( 'NONE',  #10149 ) ;
#10496 = LINE ( 'NONE', #3385, #8558 ) ;
#10497 = CARTESIAN_POINT ( 'NONE',  ( -0.6437735132930798576, -0.5999999999999999778, 0.4001291401679580306 ) ) ;
#10498 = DIRECTION ( 'NONE',  ( 1.000000000000000000, -0.0000000000000000000, -0.0000000000000000000 ) ) ;
#10499 = EDGE_CURVE ( 'NONE', #4424, #6060, #7801, .T. ) ;
#10500 = B_SPLINE_CURVE_WITH_KNOTS ( 'NONE', 3,
 ( #1935, #3570, #6407, #9965 ),
 .UNSPECIFIED., .F., .F.,
 ( 4, 4 ),
 ( 5.000000000000000000, 6.000000000000000000 ),
 .UNSPECIFIED. ) ;
#10501 = CARTESIAN_POINT ( 'NONE',  ( -0.3441574104172900328, -0.5999999999999999778, 0.3929846667730740317 ) ) ;
#10502 = LINE ( 'NONE', #3504, #4508 ) ;
#10503 = PRESENTATION_STYLE_ASSIGNMENT (( #5140 ) ) ;
#10504 = ORIENTED_EDGE ( 'NONE', *, *, #7117, .F. ) ;
#10505 = CARTESIAN_POINT ( 'NONE',  ( -0.3986511228114650307, -0.5999999999999999778, 0.4869579872497272754 ) ) ;
#10506 = FILL_AREA_STYLE_COLOUR ( '', #1499 ) ;
#10507 = SURFACE_SIDE_STYLE ('',( #6945 ) ) ;
#10508 = VECTOR ( 'NONE', #5214, 1000.000000000000000 ) ;
#10509 = ORIENTED_EDGE ( 'NONE', *, *, #6294, .F. ) ;
#10510 = DIRECTION ( 'NONE',  ( -0.0000000000000000000, -0.0000000000000000000, 1.000000000000000000 ) ) ;
#10511 =( NAMED_UNIT ( * ) SI_UNIT ( $, .STERADIAN. ) SOLID_ANGLE_UNIT ( ) );
#10512 = CARTESIAN_POINT ( 'NONE',  ( -0.3631849802859700160, -0.6099999999999999867, 0.3985161788879533762 ) ) ;
#10513 = VERTEX_POINT ( 'NONE', #7857 ) ;
#10514 = AXIS2_PLACEMENT_3D ( 'NONE', #1946, #5635, #9169 ) ;
#10515 = DIRECTION ( 'NONE',  ( -0.0000000000000000000, 1.000000000000000000, -0.0000000000000000000 ) ) ;
#10516 = FILL_AREA_STYLE ('',( #3228 ) ) ;
#10517 = B_SPLINE_CURVE_WITH_KNOTS ( 'NONE', 3,
 ( #7511, #1990, #9444, #11075 ),
 .UNSPECIFIED., .F., .F.,
 ( 4, 4 ),
 ( 12.00000000000000000, 13.00000000000000000 ),
 .UNSPECIFIED. ) ;
#10518 = DIRECTION ( 'NONE',  ( 1.000000000000000000, -0.0000000000000000000, -0.0000000000000000000 ) ) ;
#10519 = ORIENTED_EDGE ( 'NONE', *, *, #2282, .T. ) ;
#10520 = CARTESIAN_POINT ( 'NONE',  ( -0.3941697661922550222, -0.5999999999999999778, 0.4916992833482745073 ) ) ;
#10521 = SURFACE_STYLE_FILL_AREA ( #7932 ) ;
#10522 = EDGE_CURVE ( 'NONE', #3257, #6899, #11101, .T. ) ;
#10523 = EDGE_CURVE ( 'NONE', #10304, #3822, #3321, .T. ) ;
#10524 = CARTESIAN_POINT ( 'NONE',  ( -0.5879584079574651234, -0.5999999999999999778, 0.4730068847393438247 ) ) ;
#10525 = ORIENTED_EDGE ( 'NONE', *, *, #1644, .T. ) ;
#10526 = CARTESIAN_POINT ( 'NONE',  ( -0.4171484161428734017, -0.6099999999999999867, 0.4218067562135269788 ) ) ;
#10527 = FILL_AREA_STYLE_COLOUR ( '', #4361 ) ;
#10528 = ORIENTED_EDGE ( 'NONE', *, *, #1327, .T. ) ;
#10529 = AXIS2_PLACEMENT_3D ( 'NONE', #3789, #8264, #4572 ) ;
#10530 = CARTESIAN_POINT ( 'NONE',  ( -0.2958918479416860481, -0.5999999999999999778, 0.3858103371506220181 ) ) ;
#10531 = VECTOR ( 'NONE', #597, 1000.000000000000000 ) ;
#10532 = B_SPLINE_CURVE_WITH_KNOTS ( 'NONE', 3,
 ( #280, #9227, #3873, #8293 ),
 .UNSPECIFIED., .F., .F.,
 ( 4, 4 ),
 ( 7.000000000000000000, 8.000000000000000000 ),
 .UNSPECIFIED. ) ;
#10533 = PRESENTATION_STYLE_ASSIGNMENT (( #7948 ) ) ;
#10534 =( NAMED_UNIT ( * ) SI_UNIT ( $, .STERADIAN. ) SOLID_ANGLE_UNIT ( ) );
#10535 = FACE_OUTER_BOUND ( 'NONE', #6230, .T. ) ;
#10536 = SURFACE_STYLE_FILL_AREA ( #9767 ) ;
#10537 = ORIENTED_EDGE ( 'NONE', *, *, #6648, .T. ) ;
#10538 = SURFACE_STYLE_FILL_AREA ( #2226 ) ;
#10539 = ORIENTED_EDGE ( 'NONE', *, *, #11300, .F. ) ;
#10540 = MECHANICAL_DESIGN_GEOMETRIC_PRESENTATION_REPRESENTATION (  '', ( #8301 ), #5659 ) ;
#10541 = CARTESIAN_POINT ( 'NONE',  ( -0.3811000091840733295, -0.6099999999999999867, 0.3868292999085612971 ) ) ;
#10542 = CARTESIAN_POINT ( 'NONE',  ( -0.5156590494287112136, -0.6099999999999999867, 0.4868883607492610066 ) ) ;
#10543 = MECHANICAL_DESIGN_GEOMETRIC_PRESENTATION_REPRESENTATION (  '', ( #854 ), #2763 ) ;
#10544 = ORIENTED_EDGE ( 'NONE', *, *, #7296, .T. ) ;
#10545 = CARTESIAN_POINT ( 'NONE',  ( -0.2959646309960233257, -0.6099999999999999867, 0.4910130431234555615 ) ) ;
#10546 = DIRECTION ( 'NONE',  ( -0.0000000000000000000, -0.0000000000000000000, 1.000000000000000000 ) ) ;
#10547 = STYLED_ITEM ( 'NONE', ( #7867 ), #7935 ) ;
#10548 = ORIENTED_EDGE ( 'NONE', *, *, #2354, .F. ) ;
#10549 = LINE ( 'NONE', #7208, #698 ) ;
#10550 = VECTOR ( 'NONE', #6359, 1000.000000000000000 ) ;
#10551 = ORIENTED_EDGE ( 'NONE', *, *, #6308, .F. ) ;
#10552 = ADVANCED_FACE ( 'NONE', ( #6982 ), #10495, .F. ) ;
#10553 = CARTESIAN_POINT ( 'NONE',  ( -0.3845312103078911137, -0.6099999999999999867, 0.4845457488841256044 ) ) ;
#10554 = EDGE_CURVE ( 'NONE', #10986, #3082, #8521, .T. ) ;
#10555 =( LENGTH_UNIT ( ) NAMED_UNIT ( * ) SI_UNIT ( .MILLI., .METRE. ) );
#10556 = CARTESIAN_POINT ( 'NONE',  ( -0.3465800463623194272, -0.5999999999999999778, 0.3752256015623783858 ) ) ;
#10557 = VECTOR ( 'NONE', #1325, 1000.000000000000000 ) ;
#10558 = VECTOR ( 'NONE', #6968, 1000.000000000000114 ) ;
#10559 = PRESENTATION_LAYER_ASSIGNMENT (  '', '', ( #7560 ) ) ;
#10560 = FACE_OUTER_BOUND ( 'NONE', #4901, .T. ) ;
#10561 = DIRECTION ( 'NONE',  ( -0.0000000000000000000, 1.000000000000000000, -0.0000000000000000000 ) ) ;
#10562 = FILL_AREA_STYLE_COLOUR ( '', #243 ) ;
#10563 = EDGE_LOOP ( 'NONE', ( #10108, #11291, #4062, #10939, #2609, #4123, #1766, #8140, #11590, #4414, #1383, #6732 ) ) ;
#10564 =( GEOMETRIC_REPRESENTATION_CONTEXT ( 3 ) GLOBAL_UNCERTAINTY_ASSIGNED_CONTEXT ( ( #11218 ) ) GLOBAL_UNIT_ASSIGNED_CONTEXT ( ( #6562, #9378, #7392 ) ) REPRESENTATION_CONTEXT ( 'NONE', 'WORKASPACE' ) );
#10565 = CARTESIAN_POINT ( 'NONE',  ( -0.3614797773032129569, -0.6099999999999999867, 0.3910507170487094175 ) ) ;
#10566 =( NAMED_UNIT ( * ) PLANE_ANGLE_UNIT ( ) SI_UNIT ( $, .RADIAN. ) );
#10567 = SURFACE_STYLE_FILL_AREA ( #6994 ) ;
#10568 = DIRECTION ( 'NONE',  ( 0.0000000000000000000, -0.0000000000000000000, 1.000000000000000000 ) ) ;
#10569 = CARTESIAN_POINT ( 'NONE',  ( -0.5118994849916290724, -0.6099999999999999867, 0.4484251028395369598 ) ) ;
#10570 = COLOUR_RGB ( '',1.000000000000000000, 1.000000000000000000, 1.000000000000000000 ) ;
#10571 = CARTESIAN_POINT ( 'NONE',  ( -0.4094750027203268861, -0.6099999999999999867, 0.4653518177488850660 ) ) ;
#10572 = CARTESIAN_POINT ( 'NONE',  ( -0.3778039765893612678, -0.6099999999999999867, 0.4132183558245551280 ) ) ;
#10573 = EDGE_CURVE ( 'NONE', #2139, #5420, #5367, .T. ) ;
#10574 = CARTESIAN_POINT ( 'NONE',  ( -0.4183025474299184587, -0.6099999999999999867, 0.4041308716360421660 ) ) ;
#10575 = CARTESIAN_POINT ( 'NONE',  ( -0.3985055567032068091, -0.6099999999999999867, 0.4155266183989210771 ) ) ;
#10576 = ORIENTED_EDGE ( 'NONE', *, *, #10448, .T. ) ;
#10577 = CARTESIAN_POINT ( 'NONE',  ( -0.3643287139938626851, -0.5999999999999999778, 0.3998054787041026015 ) ) ;
#10578 = STYLED_ITEM ( 'NONE', ( #5660 ), #8849 ) ;
#10579 = VECTOR ( 'NONE', #6472, 1000.000000000000000 ) ;
#10580 = AXIS2_PLACEMENT_3D ( 'NONE', #11224, #6844, #1234 ) ;
#10581 = VERTEX_POINT ( 'NONE', #1266 ) ;
#10582 = COLOUR_RGB ( '',0.7529411764705882248, 0.7529411764705882248, 0.7529411764705882248 ) ;
#10583 = LINE ( 'NONE', #8777, #3964 ) ;
#10584 = ORIENTED_EDGE ( 'NONE', *, *, #2667, .F. ) ;
#10585 = UNCERTAINTY_MEASURE_WITH_UNIT (LENGTH_MEASURE( 1.000000000000000082E-05 ), #6436, 'distance_accuracy_value', 'NONE');
#10586 = B_SPLINE_CURVE_WITH_KNOTS ( 'NONE', 3,
 ( #1144, #2967, #7518, #2906 ),
 .UNSPECIFIED., .F., .F.,
 ( 4, 4 ),
 ( 12.00000000000000000, 13.00000000000000000 ),
 .UNSPECIFIED. ) ;
#10587 =( NAMED_UNIT ( * ) SI_UNIT ( $, .STERADIAN. ) SOLID_ANGLE_UNIT ( ) );
#10588 =( LENGTH_UNIT ( ) NAMED_UNIT ( * ) SI_UNIT ( .MILLI., .METRE. ) );
#10589 = EDGE_CURVE ( 'NONE', #7247, #2899, #2302, .T. ) ;
#10590 = PRESENTATION_LAYER_ASSIGNMENT (  '', '', ( #2801 ) ) ;
#10591 = CARTESIAN_POINT ( 'NONE',  ( -0.4821121514843513256, -0.5999999999999999778, 0.3986831529974300681 ) ) ;
#10592 = ORIENTED_EDGE ( 'NONE', *, *, #11109, .T. ) ;
#10593 = CARTESIAN_POINT ( 'NONE',  ( -0.3496681273738661555, -0.5999999999999999778, 0.3805907524105590634 ) ) ;
#10594 = FACE_OUTER_BOUND ( 'NONE', #9834, .T. ) ;
#10595 = MECHANICAL_DESIGN_GEOMETRIC_PRESENTATION_REPRESENTATION (  '', ( #3957 ), #3577 ) ;
#10596 = ORIENTED_EDGE ( 'NONE', *, *, #4268, .F. ) ;
#10597 = EDGE_CURVE ( 'NONE', #1294, #6874, #5858, .T. ) ;
#10598 = EDGE_CURVE ( 'NONE', #4183, #4093, #7685, .T. ) ;
#10599 = VECTOR ( 'NONE', #4981, 1000.000000000000000 ) ;
#10600 = ORIENTED_EDGE ( 'NONE', *, *, #7473, .F. ) ;
#10601 = UNCERTAINTY_MEASURE_WITH_UNIT (LENGTH_MEASURE( 1.000000000000000082E-05 ), #9532, 'distance_accuracy_value', 'NONE');
#10602 =( LENGTH_UNIT ( ) NAMED_UNIT ( * ) SI_UNIT ( .MILLI., .METRE. ) );
#10603 = CARTESIAN_POINT ( 'NONE',  ( -0.4052015976842822109, -0.5999999999999999778, 0.4824454378930636000 ) ) ;
#10604 = LINE ( 'NONE', #4326, #5143 ) ;
#10605 = VERTEX_POINT ( 'NONE', #6045 ) ;
#10606 =( GEOMETRIC_REPRESENTATION_CONTEXT ( 3 ) GLOBAL_UNCERTAINTY_ASSIGNED_CONTEXT ( ( #4672 ) ) GLOBAL_UNIT_ASSIGNED_CONTEXT ( ( #7444, #5842, #11171 ) ) REPRESENTATION_CONTEXT ( 'NONE', 'WORKASPACE' ) );
#10607 = SURFACE_STYLE_USAGE ( .BOTH. , #6264 ) ;
#10608 = CARTESIAN_POINT ( 'NONE',  ( -0.5338784855714885369, -0.6099999999999999867, 0.3900072299739854587 ) ) ;
#10609 = DIRECTION ( 'NONE',  ( -0.0000000000000000000, 1.000000000000000000, -0.0000000000000000000 ) ) ;
#10610 = VERTEX_POINT ( 'NONE', #439 ) ;
#10611 = MECHANICAL_DESIGN_GEOMETRIC_PRESENTATION_REPRESENTATION (  '', ( #3191 ), #8341 ) ;
#10612 = CARTESIAN_POINT ( 'NONE',  ( -0.3747054979988023726, -0.6099999999999999867, 0.4047755215442560006 ) ) ;
#10613 =( GEOMETRIC_REPRESENTATION_CONTEXT ( 3 ) GLOBAL_UNCERTAINTY_ASSIGNED_CONTEXT ( ( #4211 ) ) GLOBAL_UNIT_ASSIGNED_CONTEXT ( ( #9607, #8742, #4367 ) ) REPRESENTATION_CONTEXT ( 'NONE', 'WORKASPACE' ) );
#10614 = ORIENTED_EDGE ( 'NONE', *, *, #11298, .T. ) ;
#10615 = COLOUR_RGB ( '',1.000000000000000000, 1.000000000000000000, 1.000000000000000000 ) ;
#10616 = UNCERTAINTY_MEASURE_WITH_UNIT (LENGTH_MEASURE( 1.000000000000000082E-05 ), #2658, 'distance_accuracy_value', 'NONE');
#10617 = CARTESIAN_POINT ( 'NONE',  ( -0.2796508292890245162, -0.5999999999999999778, 0.4218067562135270343 ) ) ;
#10618 = CARTESIAN_POINT ( 'NONE',  ( -0.3680198545968793589, -0.5999999999999999778, 0.3959791695719803162 ) ) ;
#10619 = VERTEX_POINT ( 'NONE', #11311 ) ;
#10620 = CARTESIAN_POINT ( 'NONE',  ( -0.3796235529429223265, -0.6099999999999999867, 0.4024256686532850513 ) ) ;
#10621 = B_SPLINE_SURFACE_WITH_KNOTS ( 'NONE', 3, 1, ( 
 ( #6375, #5466 ),
 ( #11463, #8853 ),
 ( #657, #4324 ),
 ( #7949, #7532 ) ),
 .UNSPECIFIED., .F., .F., .F.,
 ( 4, 4 ),
 ( 2, 2 ),
 ( 1.000000000000000000, 2.000000000000000000 ),
 ( 0.0000000000000000000, 1.000000000000000000 ),
 .UNSPECIFIED. ) ;
#10622 = EDGE_LOOP ( 'NONE', ( #9881, #1403, #9120, #4483 ) ) ;
#10623 = CARTESIAN_POINT ( 'NONE',  ( -0.3202013880251991518, -0.6099999999999999867, 0.4087889871011015086 ) ) ;
#10624 = LINE ( 'NONE', #3261, #160 ) ;
#10625 = PRESENTATION_STYLE_ASSIGNMENT (( #5488 ) ) ;
#10626 = VECTOR ( 'NONE', #7451, 1000.000000000000000 ) ;
#10627 = EDGE_CURVE ( 'NONE', #10610, #913, #3204, .T. ) ;
#10628 =( NAMED_UNIT ( * ) SI_UNIT ( $, .STERADIAN. ) SOLID_ANGLE_UNIT ( ) );
#10629 = SURFACE_STYLE_FILL_AREA ( #7052 ) ;
#10630 = ORIENTED_EDGE ( 'NONE', *, *, #302, .T. ) ;
#10631 = DIRECTION ( 'NONE',  ( -0.0000000000000000000, 1.000000000000000000, -0.0000000000000000000 ) ) ;
#10632 = DIRECTION ( 'NONE',  ( 1.000000000000000000, 0.0000000000000000000, -0.0000000000000000000 ) ) ;
#10633 = FILL_AREA_STYLE_COLOUR ( '', #1851 ) ;
#10634 = LINE ( 'NONE', #8827, #6164 ) ;
#10635 = CARTESIAN_POINT ( 'NONE',  ( -0.3292056915807773931, -0.5999999999999999778, 0.4503377134371886470 ) ) ;
#10636 = CARTESIAN_POINT ( 'NONE',  ( -0.3202013880251991518, -0.6099999999999999867, 0.4087889871011015086 ) ) ;
#10637 = FACE_BOUND ( 'NONE', #6657, .T. ) ;
#10638 = PRESENTATION_STYLE_ASSIGNMENT (( #4972 ) ) ;
#10639 = CARTESIAN_POINT ( 'NONE',  ( -0.3665122056181349675, -0.6099999999999999867, 0.4010739833619496597 ) ) ;
#10640 = ADVANCED_FACE ( 'NONE', ( #5989 ), #8586, .F. ) ;
#10641 = EDGE_CURVE ( 'NONE', #7364, #10279, #7211, .T. ) ;
#10642 = FILL_AREA_STYLE_COLOUR ( '', #5464 ) ;
#10643 = PRESENTATION_STYLE_ASSIGNMENT (( #11506 ) ) ;
#10644 = ORIENTED_EDGE ( 'NONE', *, *, #10499, .F. ) ;
#10645 = FILL_AREA_STYLE_COLOUR ( '', #9430 ) ;
#10646 = FILL_AREA_STYLE ('',( #4070 ) ) ;
#10647 = SURFACE_STYLE_USAGE ( .BOTH. , #4419 ) ;
#10648 = SURFACE_STYLE_USAGE ( .BOTH. , #3639 ) ;
#10649 = ORIENTED_EDGE ( 'NONE', *, *, #5374, .T. ) ;
#10650 = PRESENTATION_LAYER_ASSIGNMENT (  '', '', ( #1355 ) ) ;
#10651 = DIRECTION ( 'NONE',  ( -0.0000000000000000000, 0.0000000000000000000, -1.000000000000000000 ) ) ;
#10652 = ORIENTED_EDGE ( 'NONE', *, *, #10573, .F. ) ;
#10653 = AXIS2_PLACEMENT_3D ( 'NONE', #9693, #7002, #10459 ) ;
#10654 = EDGE_CURVE ( 'NONE', #6597, #7792, #4283, .T. ) ;
#10655 = SURFACE_SIDE_STYLE ('',( #5408 ) ) ;
#10656 = CARTESIAN_POINT ( 'NONE',  ( -0.3264711282606542198, -0.6099999999999999867, 0.4563891045101884925 ) ) ;
#10657 = VERTEX_POINT ( 'NONE', #3440 ) ;
#10658 = CARTESIAN_POINT ( 'NONE',  ( -0.5327216914223462663, -0.6099999999999999867, 0.4351220363149917447 ) ) ;
#10659 = LINE ( 'NONE', #9544, #11532 ) ;
#10660 = VERTEX_POINT ( 'NONE', #11482 ) ;
#10661 = SURFACE_SIDE_STYLE ('',( #6201 ) ) ;
#10662 = ORIENTED_EDGE ( 'NONE', *, *, #2976, .T. ) ;
#10663 = PRESENTATION_LAYER_ASSIGNMENT (  '', '', ( #9160 ) ) ;
#10664 = PRESENTATION_STYLE_ASSIGNMENT (( #11691 ) ) ;
#10665 = CARTESIAN_POINT ( 'NONE',  ( -0.4983072033819599400, -0.5999999999999999778, 0.4041778976265634760 ) ) ;
#10666 = SURFACE_SIDE_STYLE ('',( #10710 ) ) ;
#10667 =( GEOMETRIC_REPRESENTATION_CONTEXT ( 3 ) GLOBAL_UNCERTAINTY_ASSIGNED_CONTEXT ( ( #5656 ) ) GLOBAL_UNIT_ASSIGNED_CONTEXT ( ( #1603, #1667, #5358 ) ) REPRESENTATION_CONTEXT ( 'NONE', 'WORKASPACE' ) );
#10668 = ORIENTED_EDGE ( 'NONE', *, *, #5388, .F. ) ;
#10669 = FILL_AREA_STYLE ('',( #905 ) ) ;
#10670 = CARTESIAN_POINT ( 'NONE',  ( -0.3711391283457417534, -0.6099999999999999867, 0.4686582479226092945 ) ) ;
#10671 = B_SPLINE_CURVE_WITH_KNOTS ( 'NONE', 3,
 ( #2836, #10091, #1934, #5627 ),
 .UNSPECIFIED., .F., .F.,
 ( 4, 4 ),
 ( 4.000000000000000000, 5.000000000000000000 ),
 .UNSPECIFIED. ) ;
#10672 = EDGE_LOOP ( 'NONE', ( #5513, #953, #6066, #5988, #1332, #5409 ) ) ;
#10673 = COLOUR_RGB ( '',1.000000000000000000, 1.000000000000000000, 1.000000000000000000 ) ;
#10674 = DIRECTION ( 'NONE',  ( -0.0000000000000000000, -0.0000000000000000000, -1.000000000000000000 ) ) ;
#10675 = VERTEX_POINT ( 'NONE', #8141 ) ;
#10676 = CARTESIAN_POINT ( 'NONE',  ( -0.4171484161428734017, -0.5999999999999999778, 0.4264856668368887105 ) ) ;
#10677 = EDGE_CURVE ( 'NONE', #605, #5345, #4516, .T. ) ;
#10678 = LINE ( 'NONE', #2537, #2458 ) ;
#10679 = SURFACE_SIDE_STYLE ('',( #4346 ) ) ;
#10680 = SURFACE_SIDE_STYLE ('',( #45 ) ) ;
#10681 =( NAMED_UNIT ( * ) PLANE_ANGLE_UNIT ( ) SI_UNIT ( $, .RADIAN. ) );
#10682 = VERTEX_POINT ( 'NONE', #10676 ) ;
#10683 = CARTESIAN_POINT ( 'NONE',  ( -0.6215053031439619069, -0.5999999999999999778, 0.4785016348842049405 ) ) ;
#10684 =( LENGTH_UNIT ( ) NAMED_UNIT ( * ) SI_UNIT ( .MILLI., .METRE. ) );
#10685 = CARTESIAN_POINT ( 'NONE',  ( -0.6047318569297144286, -0.5999999999999999778, 0.3888504247926967139 ) ) ;
#10686 = EDGE_CURVE ( 'NONE', #5593, #9896, #10137, .T. ) ;
#10687 = VECTOR ( 'NONE', #6720, 1000.000000000000000 ) ;
#10688 = B_SPLINE_CURVE_WITH_KNOTS ( 'NONE', 3,
 ( #1650, #7827, #3291, #11453 ),
 .UNSPECIFIED., .F., .F.,
 ( 4, 4 ),
 ( 33.00000000000000000, 34.00000000000000000 ),
 .UNSPECIFIED. ) ;
#10689 = FILL_AREA_STYLE ('',( #7067 ) ) ;
#10690 = ORIENTED_EDGE ( 'NONE', *, *, #4539, .T. ) ;
#10691 = UNCERTAINTY_MEASURE_WITH_UNIT (LENGTH_MEASURE( 1.000000000000000082E-05 ), #4745, 'distance_accuracy_value', 'NONE');
#10692 =( NAMED_UNIT ( * ) SI_UNIT ( $, .STERADIAN. ) SOLID_ANGLE_UNIT ( ) );
#10693 = CARTESIAN_POINT ( 'NONE',  ( -0.6999999999999999556, -0.5999999999999999778, -0.05000000000000000278 ) ) ;
#10694 = CARTESIAN_POINT ( 'NONE',  ( -0.4714118442155996735, -0.6099999999999999867, 0.4160349990443193424 ) ) ;
#10695 = ORIENTED_EDGE ( 'NONE', *, *, #6439, .T. ) ;
#10696 = EDGE_CURVE ( 'NONE', #10012, #3826, #2536, .T. ) ;
#10697 = EDGE_CURVE ( 'NONE', #9633, #11234, #2430, .T. ) ;
#10698 = EDGE_LOOP ( 'NONE', ( #4341, #3764, #1548, #1131 ) ) ;
#10699 = B_SPLINE_SURFACE_WITH_KNOTS ( 'NONE', 3, 1, ( 
 ( #1630, #8337 ),
 ( #11180, #1075 ),
 ( #5618, #7398 ),
 ( #4882, #1985 ) ),
 .UNSPECIFIED., .F., .F., .F.,
 ( 4, 4 ),
 ( 2, 2 ),
 ( 17.00000000000000000, 18.00000000000000000 ),
 ( 0.0000000000000000000, 1.000000000000000000 ),
 .UNSPECIFIED. ) ;
#10700 = LINE ( 'NONE', #890, #7176 ) ;
#10701 = VERTEX_POINT ( 'NONE', #2646 ) ;
#10702 = UNCERTAINTY_MEASURE_WITH_UNIT (LENGTH_MEASURE( 1.000000000000000082E-05 ), #5368, 'distance_accuracy_value', 'NONE');
#10703 = CARTESIAN_POINT ( 'NONE',  ( -0.2430617482139403318, -0.6099999999999999867, 0.4184379405646173056 ) ) ;
#10704 = AXIS2_PLACEMENT_3D ( 'NONE', #2314, #1282, #8594 ) ;
#10705 = VERTEX_POINT ( 'NONE', #10723 ) ;
#10706 = FILL_AREA_STYLE_COLOUR ( '', #1755 ) ;
#10707 = ORIENTED_EDGE ( 'NONE', *, *, #3050, .T. ) ;
#10708 = ADVANCED_FACE ( 'NONE', ( #2487 ), #5203, .F. ) ;
#10709 =( NAMED_UNIT ( * ) PLANE_ANGLE_UNIT ( ) SI_UNIT ( $, .RADIAN. ) );
#10710 = SURFACE_STYLE_FILL_AREA ( #4499 ) ;
#10711 =( NAMED_UNIT ( * ) SI_UNIT ( $, .STERADIAN. ) SOLID_ANGLE_UNIT ( ) );
#10712 = VERTEX_POINT ( 'NONE', #5664 ) ;
#10713 = PRESENTATION_LAYER_ASSIGNMENT (  '', '', ( #11626 ) ) ;
#10714 = CARTESIAN_POINT ( 'NONE',  ( -0.5547007030342133715, -0.5999999999999999778, 0.4845747821038446923 ) ) ;
#10715 = UNCERTAINTY_MEASURE_WITH_UNIT (LENGTH_MEASURE( 1.000000000000000082E-05 ), #6978, 'distance_accuracy_value', 'NONE');
#10716 = CARTESIAN_POINT ( 'NONE',  ( -0.3930988155384208538, -0.6099999999999999867, 0.3976011919215282076 ) ) ;
#10717 = PRESENTATION_STYLE_ASSIGNMENT (( #8135 ) ) ;
#10718 = ORIENTED_EDGE ( 'NONE', *, *, #1212, .F. ) ;
#10719 = AXIS2_PLACEMENT_3D ( 'NONE', #9158, #1083, #4779 ) ;
#10720 = CARTESIAN_POINT ( 'NONE',  ( -0.6206377185640783445, -0.5999999999999999778, 0.3862476655369023737 ) ) ;
#10721 = LINE ( 'NONE', #6277, #2048 ) ;
#10722 = EDGE_LOOP ( 'NONE', ( #4131, #4708, #5097, #2195 ) ) ;
#10723 = CARTESIAN_POINT ( 'NONE',  ( -0.2999999999999999889, 0.5999999999999999778, -0.05000000000000000278 ) ) ;
#10724 = VECTOR ( 'NONE', #6966, 1000.000000000000000 ) ;
#10725 = SURFACE_SIDE_STYLE ('',( #799 ) ) ;
#10726 = DIRECTION ( 'NONE',  ( -0.0000000000000000000, 0.0000000000000000000, 1.000000000000000000 ) ) ;
#10727 = STYLED_ITEM ( 'NONE', ( #1479 ), #7503 ) ;
#10728 = ADVANCED_FACE ( 'NONE', ( #1862 ), #4986, .F. ) ;
#10729 = EDGE_CURVE ( 'NONE', #5345, #6928, #9256, .T. ) ;
#10730 = CARTESIAN_POINT ( 'NONE',  ( -0.2727572343039361691, -0.6099999999999999867, 0.4179804470814046935 ) ) ;
#10731 = SURFACE_STYLE_FILL_AREA ( #11494 ) ;
#10732 = FILL_AREA_STYLE_COLOUR ( '', #873 ) ;
#10733 = DIRECTION ( 'NONE',  ( 0.0000000000000000000, 1.000000000000000000, 0.0000000000000000000 ) ) ;
#10734 = CARTESIAN_POINT ( 'NONE',  ( -0.3362240575156832390, -0.6099999999999999867, 0.4148611733324051309 ) ) ;
#10735 = PRESENTATION_STYLE_ASSIGNMENT (( #7979 ) ) ;
#10736 = CARTESIAN_POINT ( 'NONE',  ( -0.5092967036718203389, -0.6099999999999999867, 0.3856692684621244038 ) ) ;
#10737 =( NAMED_UNIT ( * ) SI_UNIT ( $, .STERADIAN. ) SOLID_ANGLE_UNIT ( ) );
#10738 = VECTOR ( 'NONE', #9682, 1000.000000000000000 ) ;
#10739 = VECTOR ( 'NONE', #3921, 1000.000000000000000 ) ;
#10740 = VECTOR ( 'NONE', #10510, 1000.000000000000000 ) ;
#10741 = CARTESIAN_POINT ( 'NONE',  ( -0.2844961011790859695, -0.5999999999999999778, 0.4218067562135270343 ) ) ;
#10742 = EDGE_CURVE ( 'NONE', #6521, #3124, #7893, .T. ) ;
#10743 = CARTESIAN_POINT ( 'NONE',  ( -0.5237565753775157429, -0.6099999999999999867, 0.4197945689974049710 ) ) ;
#10744 = ORIENTED_EDGE ( 'NONE', *, *, #6768, .T. ) ;
#10745 =( GEOMETRIC_REPRESENTATION_CONTEXT ( 3 ) GLOBAL_UNCERTAINTY_ASSIGNED_CONTEXT ( ( #611 ) ) GLOBAL_UNIT_ASSIGNED_CONTEXT ( ( #3332, #10566, #5871 ) ) REPRESENTATION_CONTEXT ( 'NONE', 'WORKASPACE' ) );
#10746 = PLANE ( 'NONE',  #507 ) ;
#10747 = CARTESIAN_POINT ( 'NONE',  ( -0.3697562503170909731, -0.6099999999999999867, 0.4022801025448896062 ) ) ;
#10748 = DIRECTION ( 'NONE',  ( 0.0000000000000000000, -0.0000000000000000000, 1.000000000000000000 ) ) ;
#10749 = STYLED_ITEM ( 'NONE', ( #10087 ), #8658 ) ;
#10750 = ORIENTED_EDGE ( 'NONE', *, *, #5521, .T. ) ;
#10751 = CARTESIAN_POINT ( 'NONE',  ( -0.3810688164466189964, -0.5999999999999999778, 0.4070213986434373377 ) ) ;
#10752 = MECHANICAL_DESIGN_GEOMETRIC_PRESENTATION_REPRESENTATION (  '', ( #4151 ), #10381 ) ;
#10753 = CARTESIAN_POINT ( 'NONE',  ( -0.6999999999999999556, 0.5999999999999999778, 0.5999999999999999778 ) ) ;
#10754 = STYLED_ITEM ( 'NONE', ( #11587 ), #2894 ) ;
#10755 = ORIENTED_EDGE ( 'NONE', *, *, #6017, .F. ) ;
#10756 = DIRECTION ( 'NONE',  ( -0.0000000000000000000, 0.0000000000000000000, 1.000000000000000000 ) ) ;
#10757 = CARTESIAN_POINT ( 'NONE',  ( -0.4162230315972971773, -0.5999999999999999778, 0.3858103371506220181 ) ) ;
#10758 = ADVANCED_FACE ( 'NONE', ( #8392 ), #8842, .F. ) ;
#10759 = STYLED_ITEM ( 'NONE', ( #5779 ), #5071 ) ;
#10760 = VERTEX_POINT ( 'NONE', #9144 ) ;
#10761 = FILL_AREA_STYLE_COLOUR ( '', #8419 ) ;
#10762 = FILL_AREA_STYLE_COLOUR ( '', #10973 ) ;
#10763 = CARTESIAN_POINT ( 'NONE',  ( 0.6999999999999999556, -0.5999999999999999778, 0.5999999999999999778 ) ) ;
#10764 = EDGE_LOOP ( 'NONE', ( #3350, #7838, #8574, #6420, #5831, #10777 ) ) ;
#10765 =( NAMED_UNIT ( * ) SI_UNIT ( $, .STERADIAN. ) SOLID_ANGLE_UNIT ( ) );
#10766 = SURFACE_SIDE_STYLE ('',( #837 ) ) ;
#10767 = VECTOR ( 'NONE', #10103, 1000.000000000000000 ) ;
#10768 = FILL_AREA_STYLE_COLOUR ( '', #5590 ) ;
#10769 = VECTOR ( 'NONE', #1365, 1000.000000000000000 ) ;
#10770 = ORIENTED_EDGE ( 'NONE', *, *, #9820, .T. ) ;
#10771 = CARTESIAN_POINT ( 'NONE',  ( -0.3239341189449583824, -0.6099999999999999867, 0.4892246595074877247 ) ) ;
#10772 =( GEOMETRIC_REPRESENTATION_CONTEXT ( 3 ) GLOBAL_UNCERTAINTY_ASSIGNED_CONTEXT ( ( #6595 ) ) GLOBAL_UNIT_ASSIGNED_CONTEXT ( ( #11321, #6000, #1855 ) ) REPRESENTATION_CONTEXT ( 'NONE', 'WORKASPACE' ) );
#10773 = EDGE_CURVE ( 'NONE', #8755, #6019, #971, .T. ) ;
#10774 =( NAMED_UNIT ( * ) SI_UNIT ( $, .STERADIAN. ) SOLID_ANGLE_UNIT ( ) );
#10775 = SURFACE_STYLE_FILL_AREA ( #793 ) ;
#10776 = CARTESIAN_POINT ( 'NONE',  ( -0.4714118442155996735, -0.5999999999999999778, 0.4261569092382920254 ) ) ;
#10777 = ORIENTED_EDGE ( 'NONE', *, *, #791, .F. ) ;
#10778 = MECHANICAL_DESIGN_GEOMETRIC_PRESENTATION_REPRESENTATION (  '', ( #8462 ), #8162 ) ;
#10779 = CARTESIAN_POINT ( 'NONE',  ( -0.2755333879403887853, -0.5999999999999999778, 0.3918617282233446408 ) ) ;
#10780 = COLOUR_RGB ( '',1.000000000000000000, 1.000000000000000000, 1.000000000000000000 ) ;
#10781 = VERTEX_POINT ( 'NONE', #644 ) ;
#10782 =( NAMED_UNIT ( * ) PLANE_ANGLE_UNIT ( ) SI_UNIT ( $, .RADIAN. ) );
#10783 = MECHANICAL_DESIGN_GEOMETRIC_PRESENTATION_REPRESENTATION (  '', ( #6490 ), #10613 ) ;
#10784 = CARTESIAN_POINT ( 'NONE',  ( -0.5101643047997156399, -0.6099999999999999867, 0.4033103075305376484 ) ) ;
#10785 = LINE ( 'NONE', #5487, #10626 ) ;
#10786 = PRESENTATION_LAYER_ASSIGNMENT (  '', '', ( #8170 ) ) ;
#10787 = VECTOR ( 'NONE', #2707, 1000.000000000000000 ) ;
#10788 = EDGE_CURVE ( 'NONE', #11389, #9386, #470, .T. ) ;
#10789 = PLANE ( 'NONE',  #11479 ) ;
#10790 = DIRECTION ( 'NONE',  ( -0.9903286039881273872, 0.0000000000000000000, -0.1387416884823259311 ) ) ;
#10791 = ORIENTED_EDGE ( 'NONE', *, *, #7933, .F. ) ;
#10792 = MECHANICAL_DESIGN_GEOMETRIC_PRESENTATION_REPRESENTATION (  '', ( #9679 ), #10229 ) ;
#10793 = PLANE ( 'NONE',  #3742 ) ;
#10794 = FILL_AREA_STYLE_COLOUR ( '', #8127 ) ;
#10795 = CARTESIAN_POINT ( 'NONE',  ( -0.3747054979988023726, -0.6099999999999999867, 0.4047755215442560006 ) ) ;
#10796 = CARTESIAN_POINT ( 'NONE',  ( -0.6304704219466557014, -0.5999999999999999778, 0.4102510558779342009 ) ) ;
#10797 = PRESENTATION_STYLE_ASSIGNMENT (( #8037 ) ) ;
#10798 = FACE_BOUND ( 'NONE', #9346, .T. ) ;
#10799 = SURFACE_STYLE_FILL_AREA ( #4530 ) ;
#10800 = VECTOR ( 'NONE', #4720, 1000.000000000000000 ) ;
#10801 = CARTESIAN_POINT ( 'NONE',  ( -0.3810688164466189964, -0.5999999999999999778, 0.4070213986434373377 ) ) ;
#10802 = PRESENTATION_LAYER_ASSIGNMENT (  '', '', ( #10055 ) ) ;
#10803 = ADVANCED_FACE ( 'NONE', ( #4143, #2335 ), #3168, .T. ) ;
#10804 = ADVANCED_FACE ( 'NONE', ( #6188 ), #182, .F. ) ;
#10805 = B_SPLINE_SURFACE_WITH_KNOTS ( 'NONE', 3, 1, ( 
 ( #10512, #6067 ),
 ( #5950, #10577 ),
 ( #10639, #6183 ),
 ( #1407, #11269 ) ),
 .UNSPECIFIED., .F., .F., .F.,
 ( 4, 4 ),
 ( 2, 2 ),
 ( 15.00000000000000000, 16.00000000000000000 ),
 ( 0.0000000000000000000, 1.000000000000000000 ),
 .UNSPECIFIED. ) ;
#10806 =( NAMED_UNIT ( * ) PLANE_ANGLE_UNIT ( ) SI_UNIT ( $, .RADIAN. ) );
#10807 = EDGE_LOOP ( 'NONE', ( #1971, #11381, #2648, #1805 ) ) ;
#10808 = UNCERTAINTY_MEASURE_WITH_UNIT (LENGTH_MEASURE( 1.000000000000000082E-05 ), #3021, 'distance_accuracy_value', 'NONE');
#10809 = CARTESIAN_POINT ( 'NONE',  ( -0.3930988155384208538, -0.6099999999999999867, 0.3858103371506220181 ) ) ;
#10810 = PRESENTATION_STYLE_ASSIGNMENT (( #1484 ) ) ;
#10811 = CARTESIAN_POINT ( 'NONE',  ( -0.4056382960091921008, -0.6099999999999999867, 0.4102030578673457328 ) ) ;
#10812 = ORIENTED_EDGE ( 'NONE', *, *, #10048, .T. ) ;
#10813 = EDGE_CURVE ( 'NONE', #5394, #7428, #4258, .T. ) ;
#10814 = LINE ( 'NONE', #9985, #3474 ) ;
#10815 = ORIENTED_EDGE ( 'NONE', *, *, #920, .T. ) ;
#10816 =( LENGTH_UNIT ( ) NAMED_UNIT ( * ) SI_UNIT ( .MILLI., .METRE. ) );
#10817 = EDGE_LOOP ( 'NONE', ( #2844, #11148, #9032, #5370 ) ) ;
#10818 = UNCERTAINTY_MEASURE_WITH_UNIT (LENGTH_MEASURE( 1.000000000000000082E-05 ), #10684, 'distance_accuracy_value', 'NONE');
#10819 = FILL_AREA_STYLE ('',( #8909 ) ) ;
#10820 = LINE ( 'NONE', #5467, #2227 ) ;
#10821 = CARTESIAN_POINT ( 'NONE',  ( -0.3254521655027147187, -0.5999999999999999778, 0.3858103371506220181 ) ) ;
#10822 = ORIENTED_EDGE ( 'NONE', *, *, #9599, .F. ) ;
#10823 = FACE_OUTER_BOUND ( 'NONE', #9944, .T. ) ;
#10824 = CARTESIAN_POINT ( 'NONE',  ( -0.3711391283457417534, -0.6099999999999999867, 0.4549750337439453785 ) ) ;
#10825 = ORIENTED_EDGE ( 'NONE', *, *, #11031, .T. ) ;
#10826 = CARTESIAN_POINT ( 'NONE',  ( -0.6090698129254329407, -0.6099999999999999867, 0.4785016348842049405 ) ) ;
#10827 = SURFACE_STYLE_FILL_AREA ( #7791 ) ;
#10828 = SURFACE_STYLE_FILL_AREA ( #9011 ) ;
#10829 = EDGE_CURVE ( 'NONE', #11457, #645, #1486, .T. ) ;
#10830 = VERTEX_POINT ( 'NONE', #10591 ) ;
#10831 = SURFACE_SIDE_STYLE ('',( #6329 ) ) ;
#10832 = UNCERTAINTY_MEASURE_WITH_UNIT (LENGTH_MEASURE( 1.000000000000000082E-05 ), #3807, 'distance_accuracy_value', 'NONE');
#10833 = FACE_OUTER_BOUND ( 'NONE', #7180, .T. ) ;
#10834 = CARTESIAN_POINT ( 'NONE',  ( -0.5118994849916290724, -0.6099999999999999867, 0.4484251028395369598 ) ) ;
#10835 = VERTEX_POINT ( 'NONE', #10046 ) ;
#10836 = CARTESIAN_POINT ( 'NONE',  ( -0.3786669756598916026, -0.5999999999999999778, 0.4011571639954377710 ) ) ;
#10837 = CARTESIAN_POINT ( 'NONE',  ( -0.2627755583070236489, -0.6099999999999999867, 0.4066678809517380033 ) ) ;
#10838 = EDGE_LOOP ( 'NONE', ( #11179, #2889, #16, #9824 ) ) ;
#10839 = FILL_AREA_STYLE ('',( #86 ) ) ;
#10840 = AXIS2_PLACEMENT_3D ( 'NONE', #1414, #1224, #11158 ) ;
#10841 = CARTESIAN_POINT ( 'NONE',  ( -0.2682966728430296599, -0.6099999999999999867, 0.4065223148436186151 ) ) ;
#10842 = COLOUR_RGB ( '',0.2509803921568627416, 0.2509803921568627416, 0.2509803921568627416 ) ;
#10843 = CARTESIAN_POINT ( 'NONE',  ( -0.6999999999999999556, 0.5999999999999999778, 0.0000000000000000000 ) ) ;
#10844 = SURFACE_STYLE_FILL_AREA ( #9950 ) ;
#10845 = EDGE_CURVE ( 'NONE', #6336, #11613, #6418, .T. ) ;
#10846 = EDGE_CURVE ( 'NONE', #3784, #7641, #2766, .T. ) ;
#10847 = STYLED_ITEM ( 'NONE', ( #2190 ), #1423 ) ;
#10848 = AXIS2_PLACEMENT_3D ( 'NONE', #11414, #6791, #10306 ) ;
#10849 = SURFACE_SIDE_STYLE ('',( #3118 ) ) ;
#10850 = ORIENTED_EDGE ( 'NONE', *, *, #11624, .T. ) ;
#10851 = LINE ( 'NONE', #6566, #8177 ) ;
#10852 = CARTESIAN_POINT ( 'NONE',  ( -0.5249133695267967914, -0.6099999999999999867, 0.4035995005517841183 ) ) ;
#10853 =( LENGTH_UNIT ( ) NAMED_UNIT ( * ) SI_UNIT ( .MILLI., .METRE. ) );
#10854 = CARTESIAN_POINT ( 'NONE',  ( -0.4071875353045418255, -0.6099999999999999867, 0.3858935177838326291 ) ) ;
#10855 =( GEOMETRIC_REPRESENTATION_CONTEXT ( 3 ) GLOBAL_UNCERTAINTY_ASSIGNED_CONTEXT ( ( #1649 ) ) GLOBAL_UNIT_ASSIGNED_CONTEXT ( ( #6587, #1292, #2199 ) ) REPRESENTATION_CONTEXT ( 'NONE', 'WORKASPACE' ) );
#10856 = CARTESIAN_POINT ( 'NONE',  ( -0.6203485117526829073, -0.5999999999999999778, 0.4056238958291003005 ) ) ;
#10857 = PRESENTATION_STYLE_ASSIGNMENT (( #2721 ) ) ;
#10858 = COLOUR_RGB ( '',1.000000000000000000, 1.000000000000000000, 1.000000000000000000 ) ;
#10859 = EDGE_CURVE ( 'NONE', #848, #6793, #4542, .T. ) ;
#10860 = DIRECTION ( 'NONE',  ( -0.0000000000000000000, 1.000000000000000000, -0.0000000000000000000 ) ) ;
#10861 = CARTESIAN_POINT ( 'NONE',  ( -0.5995263053219659355, -0.5999999999999999778, 0.4064914748928398214 ) ) ;
#10862 =( NAMED_UNIT ( * ) SI_UNIT ( $, .STERADIAN. ) SOLID_ANGLE_UNIT ( ) );
#10863 = ORIENTED_EDGE ( 'NONE', *, *, #4442, .T. ) ;
#10864 = SURFACE_STYLE_USAGE ( .BOTH. , #9810 ) ;
#10865 = PRESENTATION_STYLE_ASSIGNMENT (( #6416 ) ) ;
#10866 = PLANE ( 'NONE',  #6132 ) ;
#10867 = CARTESIAN_POINT ( 'NONE',  ( -0.2627755583070236489, -0.6099999999999999867, 0.4066678809517380033 ) ) ;
#10868 = EDGE_LOOP ( 'NONE', ( #9593, #4444, #11034, #1371 ) ) ;
#10869 = COLOUR_RGB ( '',1.000000000000000000, 1.000000000000000000, 1.000000000000000000 ) ;
#10870 = SURFACE_STYLE_FILL_AREA ( #5 ) ;
#10871 = FACE_OUTER_BOUND ( 'NONE', #10054, .T. ) ;
#10872 = ORIENTED_EDGE ( 'NONE', *, *, #1105, .T. ) ;
#10873 =( NAMED_UNIT ( * ) PLANE_ANGLE_UNIT ( ) SI_UNIT ( $, .RADIAN. ) );
#10874 = MECHANICAL_DESIGN_GEOMETRIC_PRESENTATION_REPRESENTATION (  '', ( #3875 ), #7094 ) ;
#10875 = ADVANCED_FACE ( 'NONE', ( #11675 ), #11608, .F. ) ;
#10876 = ORIENTED_EDGE ( 'NONE', *, *, #9684, .T. ) ;
#10877 = EDGE_CURVE ( 'NONE', #7487, #1633, #11252, .T. ) ;
#10878 = DIRECTION ( 'NONE',  ( 0.9409537876827099856, 0.0000000000000000000, -0.3385350342956569003 ) ) ;
#10879 = CARTESIAN_POINT ( 'NONE',  ( -0.3554387838093639451, -0.6099999999999999867, 0.4910130431234555615 ) ) ;
#10880 = ORIENTED_EDGE ( 'NONE', *, *, #4824, .T. ) ;
#10881 = UNCERTAINTY_MEASURE_WITH_UNIT (LENGTH_MEASURE( 1.000000000000000082E-05 ), #3600, 'distance_accuracy_value', 'NONE');
#10882 = CARTESIAN_POINT ( 'NONE',  ( -0.3733538127074671475, -0.6099999999999999867, 0.3985785643628607655 ) ) ;
#10883 =( GEOMETRIC_REPRESENTATION_CONTEXT ( 3 ) GLOBAL_UNCERTAINTY_ASSIGNED_CONTEXT ( ( #4225 ) ) GLOBAL_UNIT_ASSIGNED_CONTEXT ( ( #6813, #3270, #7809 ) ) REPRESENTATION_CONTEXT ( 'NONE', 'WORKASPACE' ) );
#10884 =( NAMED_UNIT ( * ) PLANE_ANGLE_UNIT ( ) SI_UNIT ( $, .RADIAN. ) );
#10885 = ORIENTED_EDGE ( 'NONE', *, *, #3500, .T. ) ;
#10886 = FILL_AREA_STYLE ('',( #7434 ) ) ;
#10887 = FACE_OUTER_BOUND ( 'NONE', #3154, .T. ) ;
#10888 = CARTESIAN_POINT ( 'NONE',  ( 0.6999999999999999556, 0.5999999999999999778, 0.0000000000000000000 ) ) ;
#10889 = ORIENTED_EDGE ( 'NONE', *, *, #11603, .T. ) ;
#10890 = STYLED_ITEM ( 'NONE', ( #3564 ), #8561 ) ;
#10891 = SURFACE_STYLE_FILL_AREA ( #1970 ) ;
#10892 = DIRECTION ( 'NONE',  ( 1.000000000000000000, 0.0000000000000000000, -0.0000000000000000000 ) ) ;
#10893 = SURFACE_STYLE_USAGE ( .BOTH. , #4565 ) ;
#10894 = ADVANCED_FACE ( 'NONE', ( #6305 ), #7299, .F. ) ;
#10895 = ORIENTED_EDGE ( 'NONE', *, *, #635, .T. ) ;
#10896 = DIRECTION ( 'NONE',  ( 1.000000000000000000, -0.0000000000000000000, -0.0000000000000000000 ) ) ;
#10897 = CARTESIAN_POINT ( 'NONE',  ( -0.3758180389692417633, -0.5999999999999999778, 0.4074788921266491726 ) ) ;
#10898 = B_SPLINE_SURFACE_WITH_KNOTS ( 'NONE', 3, 1, ( 
 ( #9573, #5565 ),
 ( #1927, #4640 ),
 ( #7399, #6396 ),
 ( #8272, #94 ) ),
 .UNSPECIFIED., .F., .F., .F.,
 ( 4, 4 ),
 ( 2, 2 ),
 ( 1.000000000000000000, 2.000000000000000000 ),
 ( 0.0000000000000000000, 1.000000000000000000 ),
 .UNSPECIFIED. ) ;
#10899 = ORIENTED_EDGE ( 'NONE', *, *, #10598, .T. ) ;
#10900 = CARTESIAN_POINT ( 'NONE',  ( -0.3810688164466189964, -0.6099999999999999867, 0.4070213986434373377 ) ) ;
#10901 = DIRECTION ( 'NONE',  ( -0.0000000000000000000, -0.0000000000000000000, -1.000000000000000000 ) ) ;
#10902 = MECHANICAL_DESIGN_GEOMETRIC_PRESENTATION_REPRESENTATION (  '', ( #3525 ), #8478 ) ;
#10903 = B_SPLINE_CURVE_WITH_KNOTS ( 'NONE', 3,
 ( #3088, #2424, #9392, #1201 ),
 .UNSPECIFIED., .F., .F.,
 ( 4, 4 ),
 ( 17.00000000000000000, 18.00000000000000000 ),
 .UNSPECIFIED. ) ;
#10904 = VECTOR ( 'NONE', #7152, 1000.000000000000114 ) ;
#10905 = FILL_AREA_STYLE ('',( #11711 ) ) ;
#10906 = CARTESIAN_POINT ( 'NONE',  ( -0.2627755583070236489, -0.6099999999999999867, 0.4003669479788286578 ) ) ;
#10907 = MECHANICAL_DESIGN_GEOMETRIC_PRESENTATION_REPRESENTATION (  '', ( #2949 ), #10151 ) ;
#10908 = CARTESIAN_POINT ( 'NONE',  ( -0.3558234942383788901, -0.6099999999999999867, 0.3764941062202255551 ) ) ;
#10909 = ADVANCED_FACE ( 'NONE', ( #9115 ), #8233, .F. ) ;
#10910 = ORIENTED_EDGE ( 'NONE', *, *, #1983, .F. ) ;
#10911 = SURFACE_SIDE_STYLE ('',( #7561 ) ) ;
#10912 =( LENGTH_UNIT ( ) NAMED_UNIT ( * ) SI_UNIT ( .MILLI., .METRE. ) );
#10913 = CARTESIAN_POINT ( 'NONE',  ( -0.3558234942383788901, -0.5999999999999999778, 0.3764941062202255551 ) ) ;
#10914 = CARTESIAN_POINT ( 'NONE',  ( -0.3845312103078911137, -0.5999999999999999778, 0.4900356706821223374 ) ) ;
#10915 = SURFACE_SIDE_STYLE ('',( #8459 ) ) ;
#10916 = CARTESIAN_POINT ( 'NONE',  ( -0.3455402884460780921, -0.6099999999999999867, 0.3930262570896793650 ) ) ;
#10917 = SURFACE_SIDE_STYLE ('',( #8883 ) ) ;
#10918 = STYLED_ITEM ( 'NONE', ( #8475 ), #10909 ) ;
#10919 = AXIS2_PLACEMENT_3D ( 'NONE', #10058, #3702, #947 ) ;
#10920 = LINE ( 'NONE', #1695, #7805 ) ;
#10921 = LINE ( 'NONE', #10203, #10739 ) ;
#10922 = ORIENTED_EDGE ( 'NONE', *, *, #11078, .T. ) ;
#10923 = CARTESIAN_POINT ( 'NONE',  ( -0.3880040017484512882, -0.6099999999999999867, 0.4045051844857675549 ) ) ;
#10924 = EDGE_CURVE ( 'NONE', #7559, #364, #10532, .T. ) ;
#10925 = AXIS2_PLACEMENT_3D ( 'NONE', #1288, #518, #4061 ) ;
#10926 = CARTESIAN_POINT ( 'NONE',  ( -0.5156590494287112136, -0.6099999999999999867, 0.4868883607492610066 ) ) ;
#10927 = CARTESIAN_POINT ( 'NONE',  ( -0.3930988155384208538, -0.5999999999999999778, 0.4090177338427076204 ) ) ;
#10928 = STYLED_ITEM ( 'NONE', ( #1803 ), #8028 ) ;
#10929 = CARTESIAN_POINT ( 'NONE',  ( -0.3742687996738924272, -0.6099999999999999867, 0.4103070336588581224 ) ) ;
#10930 = DIRECTION ( 'NONE',  ( -0.0000000000000000000, 1.000000000000000000, -0.0000000000000000000 ) ) ;
#10931 = ORIENTED_EDGE ( 'NONE', *, *, #7262, .F. ) ;
#10932 = PRESENTATION_STYLE_ASSIGNMENT (( #822 ) ) ;
#10933 = CARTESIAN_POINT ( 'NONE',  ( -0.4017080110855572594, -0.6099999999999999867, 0.4030703185614989970 ) ) ;
#10934 = VECTOR ( 'NONE', #4221, 1000.000000000000000 ) ;
#10935 = EDGE_LOOP ( 'NONE', ( #602, #2683, #6365, #5004 ) ) ;
#10936 = MECHANICAL_DESIGN_GEOMETRIC_PRESENTATION_REPRESENTATION (  '', ( #7754 ), #5681 ) ;
#10937 =( NAMED_UNIT ( * ) PLANE_ANGLE_UNIT ( ) SI_UNIT ( $, .RADIAN. ) );
#10938 = CARTESIAN_POINT ( 'NONE',  ( -0.3531305212351366629, -0.5999999999999999778, 0.4148611733324051309 ) ) ;
#10939 = ORIENTED_EDGE ( 'NONE', *, *, #8913, .F. ) ;
#10940 = UNCERTAINTY_MEASURE_WITH_UNIT (LENGTH_MEASURE( 1.000000000000000082E-05 ), #2447, 'distance_accuracy_value', 'NONE');
#10941 = EDGE_CURVE ( 'NONE', #4803, #8342, #114, .T. ) ;
#10942 = DIRECTION ( 'NONE',  ( 0.0000000000000000000, 0.0000000000000000000, 1.000000000000000000 ) ) ;
#10943 = SURFACE_STYLE_FILL_AREA ( #8185 ) ;
#10944 = CARTESIAN_POINT ( 'NONE',  ( -0.3192344131630175941, -0.6099999999999999867, 0.4710496911301855216 ) ) ;
#10945 = CARTESIAN_POINT ( 'NONE',  ( -0.3447812651672007567, -0.6099999999999999867, 0.3906348138821028604 ) ) ;
#10946 = VERTEX_POINT ( 'NONE', #4910 ) ;
#10947 = MECHANICAL_DESIGN_GEOMETRIC_PRESENTATION_REPRESENTATION (  '', ( #7202 ), #2224 ) ;
#10948 = EDGE_CURVE ( 'NONE', #10835, #2364, #3757, .T. ) ;
#10949 = EDGE_CURVE ( 'NONE', #3427, #943, #7421, .T. ) ;
#10950 = ORIENTED_EDGE ( 'NONE', *, *, #10627, .T. ) ;
#10951 =( GEOMETRIC_REPRESENTATION_CONTEXT ( 3 ) GLOBAL_UNCERTAINTY_ASSIGNED_CONTEXT ( ( #3359 ) ) GLOBAL_UNIT_ASSIGNED_CONTEXT ( ( #1436, #1376, #9718 ) ) REPRESENTATION_CONTEXT ( 'NONE', 'WORKASPACE' ) );
#10952 = SURFACE_STYLE_FILL_AREA ( #1172 ) ;
#10953 = UNCERTAINTY_MEASURE_WITH_UNIT (LENGTH_MEASURE( 1.000000000000000082E-05 ), #11059, 'distance_accuracy_value', 'NONE');
#10954 = ORIENTED_EDGE ( 'NONE', *, *, #3159, .T. ) ;
#10955 = VERTEX_POINT ( 'NONE', #2911 ) ;
#10956 = CARTESIAN_POINT ( 'NONE',  ( -0.3496681273738661555, -0.6099999999999999867, 0.3805907524105590634 ) ) ;
#10957 = B_SPLINE_CURVE_WITH_KNOTS ( 'NONE', 3,
 ( #11367, #1188, #5127, #10436 ),
 .UNSPECIFIED., .F., .F.,
 ( 4, 4 ),
 ( 5.000000000000000000, 6.000000000000000000 ),
 .UNSPECIFIED. ) ;
#10958 = FILL_AREA_STYLE ('',( #6513 ) ) ;
#10959 = PRESENTATION_LAYER_ASSIGNMENT (  '', '', ( #3953 ) ) ;
#10960 = CARTESIAN_POINT ( 'NONE',  ( -0.2648238814023293197, -0.5999999999999999778, 0.4175021584398895258 ) ) ;
#10961 = VECTOR ( 'NONE', #7035, 1000.000000000000000 ) ;
#10962 =( GEOMETRIC_REPRESENTATION_CONTEXT ( 3 ) GLOBAL_UNCERTAINTY_ASSIGNED_CONTEXT ( ( #9421 ) ) GLOBAL_UNIT_ASSIGNED_CONTEXT ( ( #1636, #11550, #6228 ) ) REPRESENTATION_CONTEXT ( 'NONE', 'WORKASPACE' ) );
#10963 = CARTESIAN_POINT ( 'NONE',  ( -0.4056902839049484344, -0.6099999999999999867, 0.3914874153736192519 ) ) ;
#10964 = LINE ( 'NONE', #1077, #11098 ) ;
#10965 = DIRECTION ( 'NONE',  ( -0.0000000000000000000, 1.000000000000000000, -0.0000000000000000000 ) ) ;
#10966 = ORIENTED_EDGE ( 'NONE', *, *, #2387, .T. ) ;
#10967 = CARTESIAN_POINT ( 'NONE',  ( -0.5986587097100745103, -0.6099999999999999867, 0.4828395963960657733 ) ) ;
#10968 = LINE ( 'NONE', #9210, #150 ) ;
#10969 = LINE ( 'NONE', #983, #285 ) ;
#10970 = AXIS2_PLACEMENT_3D ( 'NONE', #9086, #11540, #11639 ) ;
#10971 = PRESENTATION_LAYER_ASSIGNMENT (  '', '', ( #9284 ) ) ;
#10972 = EDGE_CURVE ( 'NONE', #10781, #9266, #5822, .T. ) ;
#10973 = COLOUR_RGB ( '',1.000000000000000000, 1.000000000000000000, 1.000000000000000000 ) ;
#10974 = MANIFOLD_SOLID_BREP ( 'ÕπÃ®-¿≠…Ï2[1]', #11411 ) ;
#10975 = PLANE ( 'NONE',  #2935 ) ;
#10976 =( NAMED_UNIT ( * ) PLANE_ANGLE_UNIT ( ) SI_UNIT ( $, .RADIAN. ) );
#10977 = CARTESIAN_POINT ( 'NONE',  ( -0.2297216541472700546, -0.6099999999999999867, 0.3858103371506220181 ) ) ;
#10978 = CARTESIAN_POINT ( 'NONE',  ( -0.3989838453447220878, -0.5999999999999999778, 0.4113883818919822910 ) ) ;
#10979 = DIRECTION ( 'NONE',  ( 1.000000000000000000, -0.0000000000000000000, -0.0000000000000000000 ) ) ;
#10980 = ORIENTED_EDGE ( 'NONE', *, *, #8721, .F. ) ;
#10981 =( NAMED_UNIT ( * ) SI_UNIT ( $, .STERADIAN. ) SOLID_ANGLE_UNIT ( ) );
#10982 = FILL_AREA_STYLE ('',( #8230 ) ) ;
#10983 = DIRECTION ( 'NONE',  ( 0.0000000000000000000, 0.0000000000000000000, 1.000000000000000000 ) ) ;
#10984 = VECTOR ( 'NONE', #1389, 1000.000000000000000 ) ;
#10985 = CARTESIAN_POINT ( 'NONE',  ( -0.6377003577995730144, -0.6099999999999999867, 0.4322300619739357641 ) ) ;
#10986 = VERTEX_POINT ( 'NONE', #175 ) ;
#10987 = CARTESIAN_POINT ( 'NONE',  ( -0.4048272848344182107, -0.5999999999999999778, 0.3976843725547389852 ) ) ;
#10988 = MECHANICAL_DESIGN_GEOMETRIC_PRESENTATION_REPRESENTATION (  '', ( #4375 ), #3603 ) ;
#10989 = EDGE_CURVE ( 'NONE', #10955, #9208, #456, .T. ) ;
#10990 = EDGE_CURVE ( 'NONE', #6688, #750, #11088, .T. ) ;
#10991 = ORIENTED_EDGE ( 'NONE', *, *, #11603, .F. ) ;
#10992 = COLOUR_RGB ( '',1.000000000000000000, 1.000000000000000000, 1.000000000000000000 ) ;
#10993 = B_SPLINE_SURFACE_WITH_KNOTS ( 'NONE', 3, 1, ( 
 ( #4504, #6269 ),
 ( #3604, #4815 ),
 ( #8495, #6727 ),
 ( #191, #6668 ) ),
 .UNSPECIFIED., .F., .F., .F.,
 ( 4, 4 ),
 ( 2, 2 ),
 ( 1.000000000000000000, 2.000000000000000000 ),
 ( 0.0000000000000000000, 1.000000000000000000 ),
 .UNSPECIFIED. ) ;
#10994 = FILL_AREA_STYLE ('',( #3763 ) ) ;
#10995 = CARTESIAN_POINT ( 'NONE',  ( -0.6087806143881820953, -0.5999999999999999778, 0.4611498053853264611 ) ) ;
#10996 = ORIENTED_EDGE ( 'NONE', *, *, #2936, .F. ) ;
#10997 = SURFACE_STYLE_FILL_AREA ( #7430 ) ;
#10998 = UNCERTAINTY_MEASURE_WITH_UNIT (LENGTH_MEASURE( 1.000000000000000082E-05 ), #8975, 'distance_accuracy_value', 'NONE');
#10999 = VERTEX_POINT ( 'NONE', #11501 ) ;
#11000 = PRESENTATION_STYLE_ASSIGNMENT (( #6497 ) ) ;
#11001 = CARTESIAN_POINT ( 'NONE',  ( -0.3545133992639263321, -0.5999999999999999778, 0.4503377134371886470 ) ) ;
#11002 = ADVANCED_FACE ( 'NONE', ( #8831 ), #3222, .F. ) ;
#11003 = VERTEX_POINT ( 'NONE', #3153 ) ;
#11004 = FILL_AREA_STYLE ('',( #8321 ) ) ;
#11005 = EDGE_CURVE ( 'NONE', #3656, #11467, #11442, .T. ) ;
#11006 = ORIENTED_EDGE ( 'NONE', *, *, #858, .F. ) ;
#11007 = ORIENTED_EDGE ( 'NONE', *, *, #2061, .F. ) ;
#11008 = FILL_AREA_STYLE ('',( #8328 ) ) ;
#11009 = PRESENTATION_LAYER_ASSIGNMENT (  '', '', ( #4396 ) ) ;
#11010 = CARTESIAN_POINT ( 'NONE',  ( -0.3845312103078911137, -0.5999999999999999778, 0.4570545495767047717 ) ) ;
#11011 = CARTESIAN_POINT ( 'NONE',  ( -0.2689101300135118278, -0.6099999999999999867, 0.3915082105319228067 ) ) ;
#11012 =( LENGTH_UNIT ( ) NAMED_UNIT ( * ) SI_UNIT ( .MILLI., .METRE. ) );
#11013 = MECHANICAL_DESIGN_GEOMETRIC_PRESENTATION_REPRESENTATION (  '', ( #11032 ), #8014 ) ;
#11014 = CARTESIAN_POINT ( 'NONE',  ( -0.3565929150965476135, -0.6099999999999999867, 0.4686582479226092945 ) ) ;
#11015 = CARTESIAN_POINT ( 'NONE',  ( -0.2727572343039361691, -0.6099999999999999867, 0.4179804470814046935 ) ) ;
#11016 =( GEOMETRIC_REPRESENTATION_CONTEXT ( 3 ) GLOBAL_UNCERTAINTY_ASSIGNED_CONTEXT ( ( #3578 ) ) GLOBAL_UNIT_ASSIGNED_CONTEXT ( ( #4459, #10251, #10190 ) ) REPRESENTATION_CONTEXT ( 'NONE', 'WORKASPACE' ) );
#11017 = EDGE_CURVE ( 'NONE', #1099, #2139, #7822, .T. ) ;
#11018 = ORIENTED_EDGE ( 'NONE', *, *, #4303, .F. ) ;
#11019 = VECTOR ( 'NONE', #11441, 1000.000000000000000 ) ;
#11020 = FILL_AREA_STYLE ('',( #6464 ) ) ;
#11021 = CARTESIAN_POINT ( 'NONE',  ( -0.3932339840675264098, -0.6099999999999999867, 0.3903020913489828048 ) ) ;
#11022 = LINE ( 'NONE', #2779, #7614 ) ;
#11023 = CARTESIAN_POINT ( 'NONE',  ( -0.3680198545968793589, -0.5999999999999999778, 0.3959791695719803162 ) ) ;
#11024 = VECTOR ( 'NONE', #2629, 1000.000000000000000 ) ;
#11025 = CARTESIAN_POINT ( 'NONE',  ( -0.3137132986275662505, -0.6099999999999999867, 0.4772258531530012005 ) ) ;
#11026 = FACE_OUTER_BOUND ( 'NONE', #737, .T. ) ;
#11027 = AXIS2_PLACEMENT_3D ( 'NONE', #5879, #3157, #5765 ) ;
#11028 = CARTESIAN_POINT ( 'NONE',  ( -0.4380995381566284985, -0.6099999999999999867, 0.3858103371506220181 ) ) ;
#11029 = ORIENTED_EDGE ( 'NONE', *, *, #10081, .F. ) ;
#11030 = DIRECTION ( 'NONE',  ( -0.0000000000000000000, 1.000000000000000000, -0.0000000000000000000 ) ) ;
#11031 = EDGE_CURVE ( 'NONE', #3430, #10281, #192, .T. ) ;
#11032 = STYLED_ITEM ( 'NONE', ( #8953 ), #827 ) ;
#11033 =( LENGTH_UNIT ( ) NAMED_UNIT ( * ) SI_UNIT ( .MILLI., .METRE. ) );
#11034 = ORIENTED_EDGE ( 'NONE', *, *, #2007, .F. ) ;
#11035 = SURFACE_STYLE_USAGE ( .BOTH. , #3818 ) ;
#11036 = SURFACE_SIDE_STYLE ('',( #10333 ) ) ;
#11037 = ORIENTED_EDGE ( 'NONE', *, *, #2603, .F. ) ;
#11038 = SURFACE_SIDE_STYLE ('',( #7478 ) ) ;
#11039 = EDGE_LOOP ( 'NONE', ( #9808, #1611, #5290, #9676 ) ) ;
#11040 = UNCERTAINTY_MEASURE_WITH_UNIT (LENGTH_MEASURE( 1.000000000000000082E-05 ), #8538, 'distance_accuracy_value', 'NONE');
#11041 = COLOUR_RGB ( '',1.000000000000000000, 1.000000000000000000, 1.000000000000000000 ) ;
#11042 = ADVANCED_FACE ( 'NONE', ( #3279 ), #1565, .F. ) ;
#11043 = CARTESIAN_POINT ( 'NONE',  ( -0.3727195603785443123, -0.5999999999999999778, 0.3892831285910451911 ) ) ;
#11044 = CARTESIAN_POINT ( 'NONE',  ( -0.5547007030342133715, -0.6099999999999999867, 0.4845747821038446923 ) ) ;
#11045 = EDGE_LOOP ( 'NONE', ( #7289, #5228, #9107, #11072 ) ) ;
#11046 = CARTESIAN_POINT ( 'NONE',  ( -0.2682966728430296599, -0.5999999999999999778, 0.4065223148436186151 ) ) ;
#11047 = FACE_OUTER_BOUND ( 'NONE', #922, .T. ) ;
#11048 = LINE ( 'NONE', #76, #4915 ) ;
#11049 = EDGE_LOOP ( 'NONE', ( #10064, #8581, #4259, #1780 ) ) ;
#11050 = PRESENTATION_LAYER_ASSIGNMENT (  '', '', ( #234 ) ) ;
#11051 = SURFACE_SIDE_STYLE ('',( #1911 ) ) ;
#11052 = UNCERTAINTY_MEASURE_WITH_UNIT (LENGTH_MEASURE( 1.000000000000000082E-05 ), #7234, 'distance_accuracy_value', 'NONE');
#11053 = AXIS2_PLACEMENT_3D ( 'NONE', #2311, #5867, #445 ) ;
#11054 = CARTESIAN_POINT ( 'NONE',  ( -0.2430617482139403041, -0.5999999999999999778, 0.4184379405646173611 ) ) ;
#11055 = EDGE_LOOP ( 'NONE', ( #141, #10755, #438, #4365 ) ) ;
#11056 = ADVANCED_FACE ( 'NONE', ( #578 ), #8659, .F. ) ;
#11057 =( NAMED_UNIT ( * ) SI_UNIT ( $, .STERADIAN. ) SOLID_ANGLE_UNIT ( ) );
#11058 = FACE_OUTER_BOUND ( 'NONE', #5585, .T. ) ;
#11059 =( LENGTH_UNIT ( ) NAMED_UNIT ( * ) SI_UNIT ( .MILLI., .METRE. ) );
#11060 = VERTEX_POINT ( 'NONE', #9861 ) ;
#11061 = CARTESIAN_POINT ( 'NONE',  ( -0.4113465669697827787, -0.6099999999999999867, 0.3935877263646810342 ) ) ;
#11062 = FILL_AREA_STYLE ('',( #9260 ) ) ;
#11063 = EDGE_LOOP ( 'NONE', ( #9167, #7905, #2473, #8833 ) ) ;
#11064 = MANIFOLD_SOLID_BREP ( 'ÕπÃ®-¿≠…Ï2[2]', #1362 ) ;
#11065 = PRESENTATION_LAYER_ASSIGNMENT (  '', '', ( #10890 ) ) ;
#11066 = B_SPLINE_CURVE_WITH_KNOTS ( 'NONE', 3,
 ( #622, #10449, #3267, #7866 ),
 .UNSPECIFIED., .F., .F.,
 ( 4, 4 ),
 ( 20.00000000000000000, 21.00000000000000000 ),
 .UNSPECIFIED. ) ;
#11067 =( NAMED_UNIT ( * ) PLANE_ANGLE_UNIT ( ) SI_UNIT ( $, .RADIAN. ) );
#11068 =( NAMED_UNIT ( * ) PLANE_ANGLE_UNIT ( ) SI_UNIT ( $, .RADIAN. ) );
#11069 = CARTESIAN_POINT ( 'NONE',  ( -0.6377003577995730144, -0.6099999999999999867, 0.4322300619739357641 ) ) ;
#11070 = VERTEX_POINT ( 'NONE', #11660 ) ;
#11071 = EDGE_CURVE ( 'NONE', #1950, #7961, #4195, .T. ) ;
#11072 = ORIENTED_EDGE ( 'NONE', *, *, #1492, .T. ) ;
#11073 = SURFACE_STYLE_USAGE ( .BOTH. , #10915 ) ;
#11074 = MECHANICAL_DESIGN_GEOMETRIC_PRESENTATION_REPRESENTATION (  '', ( #8864 ), #1408 ) ;
#11075 = CARTESIAN_POINT ( 'NONE',  ( -0.3447812651672007567, -0.6099999999999999867, 0.3906348138821028604 ) ) ;
#11076 = PRESENTATION_STYLE_ASSIGNMENT (( #7512 ) ) ;
#11077 = PRESENTATION_STYLE_ASSIGNMENT (( #3915 ) ) ;
#11078 = EDGE_CURVE ( 'NONE', #1583, #10427, #7460, .T. ) ;
#11079 = ADVANCED_FACE ( 'NONE', ( #3686 ), #3630, .T. ) ;
#11080 = FILL_AREA_STYLE ('',( #1939 ) ) ;
#11081 = CARTESIAN_POINT ( 'NONE',  ( -0.4016248304522080925, -0.6099999999999999867, 0.4496514732123697011 ) ) ;
#11082 = CARTESIAN_POINT ( 'NONE',  ( -0.3588283946165762295, -0.6099999999999999867, 0.4148611733324051309 ) ) ;
#11083 = ORIENTED_EDGE ( 'NONE', *, *, #5081, .T. ) ;
#11084 = FACE_OUTER_BOUND ( 'NONE', #1289, .T. ) ;
#11085 = SURFACE_STYLE_USAGE ( .BOTH. , #990 ) ;
#11086 = SURFACE_STYLE_USAGE ( .BOTH. , #4793 ) ;
#11087 = COLOUR_RGB ( '',1.000000000000000000, 1.000000000000000000, 1.000000000000000000 ) ;
#11088 = LINE ( 'NONE', #9345, #6241 ) ;
#11089 = EDGE_LOOP ( 'NONE', ( #245, #48, #10548, #1852 ) ) ;
#11090 =( GEOMETRIC_REPRESENTATION_CONTEXT ( 3 ) GLOBAL_UNCERTAINTY_ASSIGNED_CONTEXT ( ( #1061 ) ) GLOBAL_UNIT_ASSIGNED_CONTEXT ( ( #10284, #4066, #5881 ) ) REPRESENTATION_CONTEXT ( 'NONE', 'WORKASPACE' ) );
#11091 = SURFACE_STYLE_FILL_AREA ( #8366 ) ;
#11092 = ORIENTED_EDGE ( 'NONE', *, *, #6925, .T. ) ;
#11093 =( GEOMETRIC_REPRESENTATION_CONTEXT ( 3 ) GLOBAL_UNCERTAINTY_ASSIGNED_CONTEXT ( ( #2988 ) ) GLOBAL_UNIT_ASSIGNED_CONTEXT ( ( #11033, #2009, #3099 ) ) REPRESENTATION_CONTEXT ( 'NONE', 'WORKASPACE' ) );
#11094 = FILL_AREA_STYLE_COLOUR ( '', #10033 ) ;
#11095 = LINE ( 'NONE', #9123, #6802 ) ;
#11096 = VECTOR ( 'NONE', #5573, 1000.000000000000000 ) ;
#11097 = ORIENTED_EDGE ( 'NONE', *, *, #3500, .F. ) ;
#11098 = VECTOR ( 'NONE', #5620, 1000.000000000000000 ) ;
#11099 = SURFACE_STYLE_FILL_AREA ( #289 ) ;
#11100 = CARTESIAN_POINT ( 'NONE',  ( -0.5142130622581835286, -0.6099999999999999867, 0.4484251028395369598 ) ) ;
#11101 = B_SPLINE_CURVE_WITH_KNOTS ( 'NONE', 3,
 ( #8702, #10379, #504, #4176 ),
 .UNSPECIFIED., .F., .F.,
 ( 4, 4 ),
 ( 15.00000000000000000, 16.00000000000000000 ),
 .UNSPECIFIED. ) ;
#11102 = CARTESIAN_POINT ( 'NONE',  ( -0.4893420873371294166, -0.5999999999999999778, 0.4258677051850371376 ) ) ;
#11103 = COLOUR_RGB ( '',1.000000000000000000, 1.000000000000000000, 1.000000000000000000 ) ;
#11104 = LINE ( 'NONE', #1964, #8131 ) ;
#11105 = CARTESIAN_POINT ( 'NONE',  ( -0.4052015976842822109, -0.5999999999999999778, 0.4824454378930636000 ) ) ;
#11106 = VECTOR ( 'NONE', #11647, 1000.000000000000000 ) ;
#11107 = VERTEX_POINT ( 'NONE', #7406 ) ;
#11108 = PRESENTATION_LAYER_ASSIGNMENT (  '', '', ( #9247 ) ) ;
#11109 = EDGE_CURVE ( 'NONE', #276, #1583, #2337, .T. ) ;
#11110 = SURFACE_STYLE_FILL_AREA ( #7540 ) ;
#11111 =( NAMED_UNIT ( * ) SI_UNIT ( $, .STERADIAN. ) SOLID_ANGLE_UNIT ( ) );
#11112 = AXIS2_PLACEMENT_3D ( 'NONE', #11289, #4152, #3423 ) ;
#11113 = VERTEX_POINT ( 'NONE', #6694 ) ;
#11114 = CARTESIAN_POINT ( 'NONE',  ( -0.3845312103078911137, -0.6099999999999999867, 0.4570545495767047717 ) ) ;
#11115 = FILL_AREA_STYLE ('',( #806 ) ) ;
#11116 = MECHANICAL_DESIGN_GEOMETRIC_PRESENTATION_REPRESENTATION (  '', ( #9631 ), #7568 ) ;
#11117 = FILL_AREA_STYLE_COLOUR ( '', #6117 ) ;
#11118 = VERTEX_POINT ( 'NONE', #2129 ) ;
#11119 = VECTOR ( 'NONE', #4451, 1000.000000000000000 ) ;
#11120 = DIRECTION ( 'NONE',  ( 1.000000000000000000, 0.0000000000000000000, -0.0000000000000000000 ) ) ;
#11121 = ORIENTED_EDGE ( 'NONE', *, *, #7617, .F. ) ;
#11122 = AXIS2_PLACEMENT_3D ( 'NONE', #485, #6031, #4158 ) ;
#11123 = CARTESIAN_POINT ( 'NONE',  ( -0.4994639975311022106, -0.6099999999999999867, 0.4484251028395369598 ) ) ;
#11124 = CARTESIAN_POINT ( 'NONE',  ( -0.4061789701256164342, -0.5999999999999999778, 0.3940036295310119785 ) ) ;
#11125 = EDGE_LOOP ( 'NONE', ( #807, #7856, #8482, #2355 ) ) ;
#11126 = FILL_AREA_STYLE_COLOUR ( '', #3982 ) ;
#11127 = VECTOR ( 'NONE', #8800, 1000.000000000000000 ) ;
#11128 = PRESENTATION_STYLE_ASSIGNMENT (( #8344 ) ) ;
#11129 =( NAMED_UNIT ( * ) PLANE_ANGLE_UNIT ( ) SI_UNIT ( $, .RADIAN. ) );
#11130 = CARTESIAN_POINT ( 'NONE',  ( -0.6377003577995730144, -0.5999999999999999778, 0.4322300619739357641 ) ) ;
#11131 = CARTESIAN_POINT ( 'NONE',  ( -0.5249133695267967914, -0.6099999999999999867, 0.4035995005517841183 ) ) ;
#11132 = VECTOR ( 'NONE', #8414, 1000.000000000000000 ) ;
#11133 = EDGE_CURVE ( 'NONE', #2072, #9057, #213, .T. ) ;
#11134 = COLOUR_RGB ( '',1.000000000000000000, 1.000000000000000000, 1.000000000000000000 ) ;
#11135 =( GEOMETRIC_REPRESENTATION_CONTEXT ( 3 ) GLOBAL_UNCERTAINTY_ASSIGNED_CONTEXT ( ( #9075 ) ) GLOBAL_UNIT_ASSIGNED_CONTEXT ( ( #10252, #8453, #2896 ) ) REPRESENTATION_CONTEXT ( 'NONE', 'WORKASPACE' ) );
#11136 =( NAMED_UNIT ( * ) PLANE_ANGLE_UNIT ( ) SI_UNIT ( $, .RADIAN. ) );
#11137 =( LENGTH_UNIT ( ) NAMED_UNIT ( * ) SI_UNIT ( .MILLI., .METRE. ) );
#11138 = CARTESIAN_POINT ( 'NONE',  ( -0.6510034484565657698, -0.6099999999999999867, 0.4559442372297048407 ) ) ;
#11139 = ORIENTED_EDGE ( 'NONE', *, *, #7865, .T. ) ;
#11140 = VECTOR ( 'NONE', #109, 1000.000000000000000 ) ;
#11141 =( LENGTH_UNIT ( ) NAMED_UNIT ( * ) SI_UNIT ( .MILLI., .METRE. ) );
#11142 =( NAMED_UNIT ( * ) PLANE_ANGLE_UNIT ( ) SI_UNIT ( $, .RADIAN. ) );
#11143 = CARTESIAN_POINT ( 'NONE',  ( -0.4132493239566929488, -0.6099999999999999867, 0.4589053186675808860 ) ) ;
#11144 = LINE ( 'NONE', #2848, #8758 ) ;
#11145 = EDGE_CURVE ( 'NONE', #9208, #7877, #2065, .T. ) ;
#11146 = PRESENTATION_LAYER_ASSIGNMENT (  '', '', ( #8548 ) ) ;
#11147 = VECTOR ( 'NONE', #9142, 1000.000000000000000 ) ;
#11148 = ORIENTED_EDGE ( 'NONE', *, *, #7501, .F. ) ;
#11149 = FACE_OUTER_BOUND ( 'NONE', #1506, .T. ) ;
#11150 = FACE_OUTER_BOUND ( 'NONE', #6425, .T. ) ;
#11151 = SURFACE_STYLE_FILL_AREA ( #7586 ) ;
#11152 = PRESENTATION_LAYER_ASSIGNMENT (  '', '', ( #729 ) ) ;
#11153 = ORIENTED_EDGE ( 'NONE', *, *, #2369, .T. ) ;
#11154 = AXIS2_PLACEMENT_3D ( 'NONE', #10916, #103, #5628 ) ;
#11155 = ORIENTED_EDGE ( 'NONE', *, *, #8423, .F. ) ;
#11156 = UNCERTAINTY_MEASURE_WITH_UNIT (LENGTH_MEASURE( 1.000000000000000082E-05 ), #3094, 'distance_accuracy_value', 'NONE');
#11157 =( NAMED_UNIT ( * ) PLANE_ANGLE_UNIT ( ) SI_UNIT ( $, .RADIAN. ) );
#11158 = DIRECTION ( 'NONE',  ( 0.0000000000000000000, -0.0000000000000000000, -1.000000000000000000 ) ) ;
#11159 = CARTESIAN_POINT ( 'NONE',  ( -0.3468295882622289827, -0.6099999999999999867, 0.4503377134371886470 ) ) ;
#11160 = EDGE_CURVE ( 'NONE', #3938, #7659, #5680, .T. ) ;
#11161 = VERTEX_POINT ( 'NONE', #6466 ) ;
#11162 = SURFACE_SIDE_STYLE ('',( #1166 ) ) ;
#11163 = FILL_AREA_STYLE_COLOUR ( '', #1262 ) ;
#11164 = CARTESIAN_POINT ( 'NONE',  ( -0.3895922319656182631, -0.6099999999999999867, 0.4502441352246534523 ) ) ;
#11165 = PRESENTATION_LAYER_ASSIGNMENT (  '', '', ( #1095 ) ) ;
#11166 = EDGE_LOOP ( 'NONE', ( #6551, #3214, #10822, #9722 ) ) ;
#11167 = FACE_OUTER_BOUND ( 'NONE', #7500, .T. ) ;
#11168 = UNCERTAINTY_MEASURE_WITH_UNIT (LENGTH_MEASURE( 1.000000000000000082E-05 ), #5746, 'distance_accuracy_value', 'NONE');
#11169 = CARTESIAN_POINT ( 'NONE',  ( -0.3941697661922550222, -0.6099999999999999867, 0.4916992833482745073 ) ) ;
#11170 = CARTESIAN_POINT ( 'NONE',  ( -0.3192344131630175941, -0.5999999999999999778, 0.4761237097618521985 ) ) ;
#11171 =( NAMED_UNIT ( * ) SI_UNIT ( $, .STERADIAN. ) SOLID_ANGLE_UNIT ( ) );
#11172 = ORIENTED_EDGE ( 'NONE', *, *, #10522, .F. ) ;
#11173 = FILL_AREA_STYLE ('',( #99 ) ) ;
#11174 = SURFACE_STYLE_USAGE ( .BOTH. , #10424 ) ;
#11175 = SURFACE_STYLE_FILL_AREA ( #1433 ) ;
#11176 = B_SPLINE_SURFACE_WITH_KNOTS ( 'NONE', 3, 1, ( 
 ( #7254, #6717 ),
 ( #291, #1959 ),
 ( #8310, #6776 ),
 ( #7593, #1163 ) ),
 .UNSPECIFIED., .F., .F., .F.,
 ( 4, 4 ),
 ( 2, 2 ),
 ( 8.000000000000000000, 9.000000000000000000 ),
 ( 0.0000000000000000000, 1.000000000000000000 ),
 .UNSPECIFIED. ) ;
#11177 = ORIENTED_EDGE ( 'NONE', *, *, #5081, .F. ) ;
#11178 = EDGE_CURVE ( 'NONE', #11389, #10128, #10969, .T. ) ;
#11179 = ORIENTED_EDGE ( 'NONE', *, *, #7695, .T. ) ;
#11180 = CARTESIAN_POINT ( 'NONE',  ( -0.3625715231153492923, -0.6099999999999999867, 0.3889504060579250799 ) ) ;
#11181 = ORIENTED_EDGE ( 'NONE', *, *, #3139, .T. ) ;
#11182 = VERTEX_POINT ( 'NONE', #4715 ) ;
#11183 = EDGE_CURVE ( 'NONE', #9044, #9601, #10198, .T. ) ;
#11184 = CARTESIAN_POINT ( 'NONE',  ( -0.4024254440478295947, -0.5999999999999999778, 0.3893039237493470806 ) ) ;
#11185 = EDGE_CURVE ( 'NONE', #2275, #2905, #8603, .T. ) ;
#11186 = CARTESIAN_POINT ( 'NONE',  ( 0.2999999999999999889, 0.5999999999999999778, -0.05000000000000000278 ) ) ;
#11187 = CARTESIAN_POINT ( 'NONE',  ( -0.3565929150965476135, -0.5999999999999999778, 0.4733163633876686927 ) ) ;
#11188 = CARTESIAN_POINT ( 'NONE',  ( -0.3206796766667143750, -0.6099999999999999867, 0.4620245924165809481 ) ) ;
#11189 = VECTOR ( 'NONE', #10082, 1000.000000000000000 ) ;
#11190 = MECHANICAL_DESIGN_GEOMETRIC_PRESENTATION_REPRESENTATION (  '', ( #2687 ), #8793 ) ;
#11191 = CARTESIAN_POINT ( 'NONE',  ( -0.3628730529110148484, -0.5999999999999999778, 0.4142373185824930748 ) ) ;
#11192 = DIRECTION ( 'NONE',  ( 0.0000000000000000000, 0.0000000000000000000, 1.000000000000000000 ) ) ;
#11193 =( LENGTH_UNIT ( ) NAMED_UNIT ( * ) SI_UNIT ( .MILLI., .METRE. ) );
#11194 = VERTEX_POINT ( 'NONE', #8349 ) ;
#11195 = DIRECTION ( 'NONE',  ( -0.0000000000000000000, 1.000000000000000000, -0.0000000000000000000 ) ) ;
#11196 = PRESENTATION_STYLE_ASSIGNMENT (( #10453 ) ) ;
#11197 = FACE_OUTER_BOUND ( 'NONE', #6671, .T. ) ;
#11198 = ORIENTED_EDGE ( 'NONE', *, *, #11229, .F. ) ;
#11199 = CARTESIAN_POINT ( 'NONE',  ( -0.5101643047997155289, -0.6099999999999999867, 0.4033103075305376484 ) ) ;
#11200 = CARTESIAN_POINT ( 'NONE',  ( -0.3711391283457417534, -0.6099999999999999867, 0.4733163633876686927 ) ) ;
#11201 = ADVANCED_FACE ( 'NONE', ( #3026 ), #3741, .F. ) ;
#11202 = DIRECTION ( 'NONE',  ( 0.0000000000000000000, 0.0000000000000000000, -1.000000000000000000 ) ) ;
#11203 = ORIENTED_EDGE ( 'NONE', *, *, #4083, .F. ) ;
#11204 = STYLED_ITEM ( 'NONE', ( #5969 ), #1170 ) ;
#11205 = VECTOR ( 'NONE', #6148, 1000.000000000000000 ) ;
#11206 = CARTESIAN_POINT ( 'NONE',  ( -0.4022902755185852608, -0.6099999999999999867, 0.4155266183989210771 ) ) ;
#11207 = VERTEX_POINT ( 'NONE', #4781 ) ;
#11208 = CARTESIAN_POINT ( 'NONE',  ( -0.3035756589433836750, -0.6099999999999999867, 0.3858103371506220181 ) ) ;
#11209 = DIRECTION ( 'NONE',  ( -1.000000000000000000, 0.0000000000000000000, -0.0000000000000000000 ) ) ;
#11210 =( GEOMETRIC_REPRESENTATION_CONTEXT ( 3 ) GLOBAL_UNCERTAINTY_ASSIGNED_CONTEXT ( ( #8866 ) ) GLOBAL_UNIT_ASSIGNED_CONTEXT ( ( #10588, #7994, #642 ) ) REPRESENTATION_CONTEXT ( 'NONE', 'WORKASPACE' ) );
#11211 = LINE ( 'NONE', #6010, #10599 ) ;
#11212 = ORIENTED_EDGE ( 'NONE', *, *, #8423, .T. ) ;
#11213 = MECHANICAL_DESIGN_GEOMETRIC_PRESENTATION_REPRESENTATION (  '', ( #9729 ), #9173 ) ;
#11214 = FACE_OUTER_BOUND ( 'NONE', #4172, .T. ) ;
#11215 = DIRECTION ( 'NONE',  ( -0.0000000000000000000, -0.0000000000000000000, 1.000000000000000000 ) ) ;
#11216 = DIRECTION ( 'NONE',  ( 0.0000000000000000000, -0.0000000000000000000, 1.000000000000000000 ) ) ;
#11217 = SURFACE_STYLE_FILL_AREA ( #5834 ) ;
#11218 = UNCERTAINTY_MEASURE_WITH_UNIT (LENGTH_MEASURE( 1.000000000000000082E-05 ), #6562, 'distance_accuracy_value', 'NONE');
#11219 = CARTESIAN_POINT ( 'NONE',  ( -0.2847040527621113593, -0.6099999999999999867, 0.3858103371506220181 ) ) ;
#11220 = ORIENTED_EDGE ( 'NONE', *, *, #4588, .F. ) ;
#11221 = CARTESIAN_POINT ( 'NONE',  ( -0.6423275178485461367, -0.6099999999999999867, 0.4646201574951478452 ) ) ;
#11222 = CARTESIAN_POINT ( 'NONE',  ( -0.2844961011790859695, -0.5999999999999999778, 0.4218067562135270343 ) ) ;
#11223 = FACE_OUTER_BOUND ( 'NONE', #1000, .T. ) ;
#11224 = CARTESIAN_POINT ( 'NONE',  ( 0.0000000000000000000, 0.0000000000000000000, 0.0000000000000000000 ) ) ;
#11225 = DIRECTION ( 'NONE',  ( 0.0000000000000000000, -1.000000000000000000, 0.0000000000000000000 ) ) ;
#11226 = MECHANICAL_DESIGN_GEOMETRIC_PRESENTATION_REPRESENTATION (  '', ( #4630 ), #10297 ) ;
#11227 = EDGE_LOOP ( 'NONE', ( #1205, #11340, #8965, #1367 ) ) ;
#11228 = EDGE_CURVE ( 'NONE', #9450, #7426, #9149, .T. ) ;
#11229 = EDGE_CURVE ( 'NONE', #5971, #9184, #3803, .T. ) ;
#11230 = SURFACE_STYLE_USAGE ( .BOTH. , #5181 ) ;
#11231 =( NAMED_UNIT ( * ) PLANE_ANGLE_UNIT ( ) SI_UNIT ( $, .RADIAN. ) );
#11232 = DIRECTION ( 'NONE',  ( -0.0000000000000000000, 1.000000000000000000, -0.0000000000000000000 ) ) ;
#11233 = CARTESIAN_POINT ( 'NONE',  ( -0.2428122063137535813, -0.6099999999999999867, 0.4191033856308563621 ) ) ;
#11234 = VERTEX_POINT ( 'NONE', #506 ) ;
#11235 =( LENGTH_UNIT ( ) NAMED_UNIT ( * ) SI_UNIT ( .MILLI., .METRE. ) );
#11236 = FACE_BOUND ( 'NONE', #10764, .T. ) ;
#11237 = EDGE_LOOP ( 'NONE', ( #10470, #5622, #2945, #5037 ) ) ;
#11238 = FILL_AREA_STYLE ('',( #5732 ) ) ;
#11239 = FACE_OUTER_BOUND ( 'NONE', #5334, .T. ) ;
#11240 = CARTESIAN_POINT ( 'NONE',  ( -0.3930988155384208538, -0.6099999999999999867, 0.3858103371506220181 ) ) ;
#11241 = LINE ( 'NONE', #5917, #4035 ) ;
#11242 = CARTESIAN_POINT ( 'NONE',  ( -0.6999999999999999556, -0.5999999999999999778, 0.5999999999999999778 ) ) ;
#11243 = PRESENTATION_STYLE_ASSIGNMENT (( #6873 ) ) ;
#11244 = CARTESIAN_POINT ( 'NONE',  ( -0.3567800715214093921, -0.6099999999999999867, 0.3766812626452276103 ) ) ;
#11245 = EDGE_LOOP ( 'NONE', ( #1009, #197, #3203, #795 ) ) ;
#11246 = SURFACE_STYLE_FILL_AREA ( #1384 ) ;
#11247 = FILL_AREA_STYLE ('',( #3978 ) ) ;
#11248 = ORIENTED_EDGE ( 'NONE', *, *, #9402, .T. ) ;
#11249 = CARTESIAN_POINT ( 'NONE',  ( -0.3554387838093639451, -0.6099999999999999867, 0.4863341325000934967 ) ) ;
#11250 =( NAMED_UNIT ( * ) PLANE_ANGLE_UNIT ( ) SI_UNIT ( $, .RADIAN. ) );
#11251 = FILL_AREA_STYLE_COLOUR ( '', #1431 ) ;
#11252 = B_SPLINE_CURVE_WITH_KNOTS ( 'NONE', 3,
 ( #8172, #767, #7124, #5399 ),
 .UNSPECIFIED., .F., .F.,
 ( 4, 4 ),
 ( 19.00000000000000000, 20.00000000000000000 ),
 .UNSPECIFIED. ) ;
#11253 = EDGE_CURVE ( 'NONE', #892, #4478, #2023, .T. ) ;
#11254 = EDGE_CURVE ( 'NONE', #7320, #1502, #8015, .T. ) ;
#11255 = DIRECTION ( 'NONE',  ( -0.0000000000000000000, 1.000000000000000000, -0.0000000000000000000 ) ) ;
#11256 = CARTESIAN_POINT ( 'NONE',  ( -0.3017456850108105049, -0.6099999999999999867, 0.4614631231418551693 ) ) ;
#11257 = PLANE ( 'NONE',  #7743 ) ;
#11258 = MECHANICAL_DESIGN_GEOMETRIC_PRESENTATION_REPRESENTATION (  '', ( #691 ), #6779 ) ;
#11259 = ORIENTED_EDGE ( 'NONE', *, *, #7998, .T. ) ;
#11260 = CARTESIAN_POINT ( 'NONE',  ( -0.3545133992639263321, -0.6099999999999999867, 0.4549750337439453785 ) ) ;
#11261 = CARTESIAN_POINT ( 'NONE',  ( -0.2648238814023293197, -0.5999999999999999778, 0.3953137245057418148 ) ) ;
#11262 = CARTESIAN_POINT ( 'NONE',  ( -0.3950327652627852459, -0.5999999999999999778, 0.4543303838357317104 ) ) ;
#11263 = CARTESIAN_POINT ( 'NONE',  ( -0.4002107596859655336, -0.6099999999999999867, 0.4916992833482745073 ) ) ;
#11264 = LINE ( 'NONE', #10393, #4142 ) ;
#11265 = CARTESIAN_POINT ( 'NONE',  ( -0.3938266460798453550, -0.5999999999999999778, 0.3932342086729819219 ) ) ;
#11266 = FILL_AREA_STYLE_COLOUR ( '', #10780 ) ;
#11267 = CARTESIAN_POINT ( 'NONE',  ( -0.2689101300135118278, -0.6099999999999999867, 0.4210997208304051442 ) ) ;
#11268 = ORIENTED_EDGE ( 'NONE', *, *, #6556, .T. ) ;
#11269 = CARTESIAN_POINT ( 'NONE',  ( -0.3697562503170909731, -0.5999999999999999778, 0.4022801025448896062 ) ) ;
#11270 = ORIENTED_EDGE ( 'NONE', *, *, #362, .F. ) ;
#11271 = B_SPLINE_SURFACE_WITH_KNOTS ( 'NONE', 3, 1, ( 
 ( #6609, #371 ),
 ( #1116, #9251 ),
 ( #2877, #10240 ),
 ( #3006, #6554 ),
 ( #3121, #2104 ),
 ( #10303, #8444 ),
 ( #8385, #6670 ) ),
 .UNSPECIFIED., .F., .F., .F.,
 ( 4, 3, 4 ),
 ( 2, 2 ),
 ( 0.0000000000000000000, 1.000000000000000000, 2.000000000000000000 ),
 ( 0.0000000000000000000, 1.000000000000000000 ),
 .UNSPECIFIED. ) ;
#11272 = CARTESIAN_POINT ( 'NONE',  ( -0.3545133992639263321, -0.6099999999999999867, 0.4503377134371886470 ) ) ;
#11273 = DIRECTION ( 'NONE',  ( 0.0000000000000000000, -0.0000000000000000000, 1.000000000000000000 ) ) ;
#11274 = ORIENTED_EDGE ( 'NONE', *, *, #882, .F. ) ;
#11275 = UNCERTAINTY_MEASURE_WITH_UNIT (LENGTH_MEASURE( 1.000000000000000082E-05 ), #4153, 'distance_accuracy_value', 'NONE');
#11276 =( GEOMETRIC_REPRESENTATION_CONTEXT ( 3 ) GLOBAL_UNCERTAINTY_ASSIGNED_CONTEXT ( ( #9061 ) ) GLOBAL_UNIT_ASSIGNED_CONTEXT ( ( #6391, #36, #10347 ) ) REPRESENTATION_CONTEXT ( 'NONE', 'WORKASPACE' ) );
#11277 =( NAMED_UNIT ( * ) SI_UNIT ( $, .STERADIAN. ) SOLID_ANGLE_UNIT ( ) );
#11278 = FILL_AREA_STYLE_COLOUR ( '', #5547 ) ;
#11279 = LINE ( 'NONE', #11219, #11417 ) ;
#11280 =( NAMED_UNIT ( * ) PLANE_ANGLE_UNIT ( ) SI_UNIT ( $, .RADIAN. ) );
#11281 = ORIENTED_EDGE ( 'NONE', *, *, #3074, .F. ) ;
#11282 = CARTESIAN_POINT ( 'NONE',  ( -0.3711391283457417534, -0.6099999999999999867, 0.4686582479226092945 ) ) ;
#11283 = FACE_OUTER_BOUND ( 'NONE', #3378, .T. ) ;
#11284 = AXIS2_PLACEMENT_3D ( 'NONE', #2461, #3293, #6018 ) ;
#11285 = ORIENTED_EDGE ( 'NONE', *, *, #8757, .T. ) ;
#11286 = STYLED_ITEM ( 'NONE', ( #2920 ), #7496 ) ;
#11287 = EDGE_CURVE ( 'NONE', #4012, #10830, #9568, .T. ) ;
#11288 = UNCERTAINTY_MEASURE_WITH_UNIT (LENGTH_MEASURE( 1.000000000000000082E-05 ), #6288, 'distance_accuracy_value', 'NONE');
#11289 = CARTESIAN_POINT ( 'NONE',  ( -0.3441574104172900328, -0.6099999999999999867, 0.3929846667730740872 ) ) ;
#11290 = CARTESIAN_POINT ( 'NONE',  ( -0.5642442161535456968, -0.6099999999999999867, 0.3955019856348488960 ) ) ;
#11291 = ORIENTED_EDGE ( 'NONE', *, *, #7911, .F. ) ;
#11292 = VECTOR ( 'NONE', #265, 1000.000000000000227 ) ;
#11293 = CARTESIAN_POINT ( 'NONE',  ( -0.4061789701256164342, -0.6099999999999999867, 0.3940036295310119785 ) ) ;
#11294 = LINE ( 'NONE', #9659, #2918 ) ;
#11295 = DIRECTION ( 'NONE',  ( -0.0000000000000000000, 1.000000000000000000, -0.0000000000000000000 ) ) ;
#11296 = ORIENTED_EDGE ( 'NONE', *, *, #6295, .F. ) ;
#11297 = PRESENTATION_LAYER_ASSIGNMENT (  '', '', ( #10928 ) ) ;
#11298 = EDGE_CURVE ( 'NONE', #1668, #457, #1590, .T. ) ;
#11299 = CARTESIAN_POINT ( 'NONE',  ( -0.2338702882336373134, -0.5999999999999999778, 0.3969357468550108181 ) ) ;
#11300 = EDGE_CURVE ( 'NONE', #9174, #4104, #9566, .T. ) ;
#11301 =( NAMED_UNIT ( * ) PLANE_ANGLE_UNIT ( ) SI_UNIT ( $, .RADIAN. ) );
#11302 = STYLED_ITEM ( 'NONE', ( #8809 ), #2443 ) ;
#11303 = CARTESIAN_POINT ( 'NONE',  ( -0.3718981516246193109, -0.5999999999999999778, 0.4113883818919822910 ) ) ;
#11304 = ORIENTED_EDGE ( 'NONE', *, *, #10972, .T. ) ;
#11305 = PRESENTATION_LAYER_ASSIGNMENT (  '', '', ( #6082 ) ) ;
#11306 = SURFACE_STYLE_USAGE ( .BOTH. , #11420 ) ;
#11307 = COLOUR_RGB ( '',1.000000000000000000, 1.000000000000000000, 1.000000000000000000 ) ;
#11308 = MECHANICAL_DESIGN_GEOMETRIC_PRESENTATION_REPRESENTATION (  '', ( #5301 ), #120 ) ;
#11309 = LINE ( 'NONE', #7096, #2589 ) ;
#11310 = VERTEX_POINT ( 'NONE', #9623 ) ;
#11311 = CARTESIAN_POINT ( 'NONE',  ( -0.6437735132930798576, -0.5999999999999999778, 0.4001291401679580306 ) ) ;
#11312 = CARTESIAN_POINT ( 'NONE',  ( 0.6999999999999999556, -0.5999999999999999778, -0.05000000000000000278 ) ) ;
#11313 = DIRECTION ( 'NONE',  ( -0.0000000000000000000, 1.000000000000000000, -0.0000000000000000000 ) ) ;
#11314 = B_SPLINE_CURVE_WITH_KNOTS ( 'NONE', 3,
 ( #4387, #5366, #4625, #4445 ),
 .UNSPECIFIED., .F., .F.,
 ( 4, 4 ),
 ( 11.00000000000000000, 12.00000000000000000 ),
 .UNSPECIFIED. ) ;
#11315 = PRESENTATION_LAYER_ASSIGNMENT (  '', '', ( #2456 ) ) ;
#11316 = CARTESIAN_POINT ( 'NONE',  ( -0.3957917885416629700, -0.6099999999999999867, 0.4496514732123697011 ) ) ;
#11317 = LINE ( 'NONE', #5937, #8704 ) ;
#11318 = FILL_AREA_STYLE ('',( #6940 ) ) ;
#11319 = FILL_AREA_STYLE ('',( #8649 ) ) ;
#11320 = ORIENTED_EDGE ( 'NONE', *, *, #7329, .T. ) ;
#11321 =( LENGTH_UNIT ( ) NAMED_UNIT ( * ) SI_UNIT ( .MILLI., .METRE. ) );
#11322 = CARTESIAN_POINT ( 'NONE',  ( -0.3647550147396215747, -0.6099999999999999867, 0.3874323594998910769 ) ) ;
#11323 = ORIENTED_EDGE ( 'NONE', *, *, #7817, .T. ) ;
#11324 = FILL_AREA_STYLE ('',( #7699 ) ) ;
#11325 = SURFACE_STYLE_FILL_AREA ( #11386 ) ;
#11326 = AXIS2_PLACEMENT_3D ( 'NONE', #7958, #4224, #7848 ) ;
#11327 = FILL_AREA_STYLE ('',( #7759 ) ) ;
#11328 =( LENGTH_UNIT ( ) NAMED_UNIT ( * ) SI_UNIT ( .MILLI., .METRE. ) );
#11329 = VECTOR ( 'NONE', #5607, 1000.000000000000000 ) ;
#11330 = LINE ( 'NONE', #525, #1020 ) ;
#11331 = CARTESIAN_POINT ( 'NONE',  ( -0.2726428609329952235, -0.6099999999999999867, 0.3946898697558311464 ) ) ;
#11332 = CARTESIAN_POINT ( 'NONE',  ( -0.3500320426445777122, -0.6099999999999999867, 0.3721271229716806572 ) ) ;
#11333 = ORIENTED_EDGE ( 'NONE', *, *, #9848, .T. ) ;
#11334 = FILL_AREA_STYLE_COLOUR ( '', #7019 ) ;
#11335 = LINE ( 'NONE', #357, #10280 ) ;
#11336 = CARTESIAN_POINT ( 'NONE',  ( -0.2416372798685456624, -0.5999999999999999778, 0.4184379405646173056 ) ) ;
#11337 =( LENGTH_UNIT ( ) NAMED_UNIT ( * ) SI_UNIT ( .MILLI., .METRE. ) );
#11338 = PRESENTATION_LAYER_ASSIGNMENT (  '', '', ( #10215 ) ) ;
#11339 =( NAMED_UNIT ( * ) PLANE_ANGLE_UNIT ( ) SI_UNIT ( $, .RADIAN. ) );
#11340 = ORIENTED_EDGE ( 'NONE', *, *, #7329, .F. ) ;
#11341 = EDGE_CURVE ( 'NONE', #1063, #10705, #1391, .T. ) ;
#11342 = CARTESIAN_POINT ( 'NONE',  ( -0.3742687996738924272, -0.6099999999999999867, 0.4103070336588581224 ) ) ;
#11343 =( LENGTH_UNIT ( ) NAMED_UNIT ( * ) SI_UNIT ( .MILLI., .METRE. ) );
#11344 = PRESENTATION_LAYER_ASSIGNMENT (  '', '', ( #3215 ) ) ;
#11345 = ADVANCED_FACE ( 'NONE', ( #8647 ), #6591, .F. ) ;
#11346 = LINE ( 'NONE', #6843, #6469 ) ;
#11347 = SURFACE_STYLE_USAGE ( .BOTH. , #8616 ) ;
#11348 = B_SPLINE_CURVE_WITH_KNOTS ( 'NONE', 3,
 ( #7921, #6948, #10456, #8829 ),
 .UNSPECIFIED., .F., .F.,
 ( 4, 4 ),
 ( 10.00000000000000000, 11.00000000000000000 ),
 .UNSPECIFIED. ) ;
#11349 = STYLED_ITEM ( 'NONE', ( #8671 ), #4207 ) ;
#11350 = ORIENTED_EDGE ( 'NONE', *, *, #9376, .T. ) ;
#11351 = CARTESIAN_POINT ( 'NONE',  ( -0.3356417930826539053, -0.6099999999999999867, 0.4503377134371886470 ) ) ;
#11352 =( NAMED_UNIT ( * ) PLANE_ANGLE_UNIT ( ) SI_UNIT ( $, .RADIAN. ) );
#11353 = CARTESIAN_POINT ( 'NONE',  ( -0.6058886510789955882, -0.5999999999999999778, 0.3665822422234592537 ) ) ;
#11354 = LINE ( 'NONE', #6916, #7578 ) ;
#11355 = FILL_AREA_STYLE_COLOUR ( '', #2695 ) ;
#11356 = VECTOR ( 'NONE', #5801, 1000.000000000000000 ) ;
#11357 = CARTESIAN_POINT ( 'NONE',  ( -0.2727572343039361691, -0.5999999999999999778, 0.4179804470814046935 ) ) ;
#11358 = VERTEX_POINT ( 'NONE', #8585 ) ;
#11359 = PRESENTATION_LAYER_ASSIGNMENT (  '', '', ( #3038 ) ) ;
#11360 = FILL_AREA_STYLE ('',( #5911 ) ) ;
#11361 = ADVANCED_FACE ( 'NONE', ( #392 ), #4048, .T. ) ;
#11362 = SURFACE_STYLE_USAGE ( .BOTH. , #4164 ) ;
#11363 = DIRECTION ( 'NONE',  ( 1.355252715606880543E-16, 1.000000000000000000, 0.0000000000000000000 ) ) ;
#11364 = PRESENTATION_STYLE_ASSIGNMENT (( #6797 ) ) ;
#11365 = ORIENTED_EDGE ( 'NONE', *, *, #9402, .F. ) ;
#11366 = CARTESIAN_POINT ( 'NONE',  ( -0.3967275706663915269, -0.6099999999999999867, 0.3900941397656788601 ) ) ;
#11367 = CARTESIAN_POINT ( 'NONE',  ( -0.2847040527621113593, -0.6099999999999999867, 0.3858103371506220181 ) ) ;
#11368 = B_SPLINE_CURVE_WITH_KNOTS ( 'NONE', 3,
 ( #700, #8099, #6470, #10035 ),
 .UNSPECIFIED., .F., .F.,
 ( 4, 4 ),
 ( 5.000000000000000000, 6.000000000000000000 ),
 .UNSPECIFIED. ) ;
#11369 =( NAMED_UNIT ( * ) SI_UNIT ( $, .STERADIAN. ) SOLID_ANGLE_UNIT ( ) );
#11370 = ORIENTED_EDGE ( 'NONE', *, *, #756, .T. ) ;
#11371 = FILL_AREA_STYLE_COLOUR ( '', #5455 ) ;
#11372 = CARTESIAN_POINT ( 'NONE',  ( -0.2338702882336374245, -0.6099999999999999867, 0.3969357468550108181 ) ) ;
#11373 =( NAMED_UNIT ( * ) SI_UNIT ( $, .STERADIAN. ) SOLID_ANGLE_UNIT ( ) );
#11374 = CARTESIAN_POINT ( 'NONE',  ( -0.4091110874497538852, -0.5999999999999999778, 0.4857102777501829394 ) ) ;
#11375 = ADVANCED_FACE ( 'NONE', ( #860 ), #676, .F. ) ;
#11376 = ADVANCED_FACE ( 'NONE', ( #9846 ), #4783, .F. ) ;
#11377 = DIRECTION ( 'NONE',  ( 1.000000000000000000, -0.0000000000000000000, -0.0000000000000000000 ) ) ;
#11378 = CARTESIAN_POINT ( 'NONE',  ( -0.5549898960555990080, -0.5999999999999999778, 0.5019266281507344107 ) ) ;
#11379 = DIRECTION ( 'NONE',  ( 0.0000000000000000000, 1.000000000000000000, 0.0000000000000000000 ) ) ;
#11380 = CARTESIAN_POINT ( 'NONE',  ( -0.2933340434676897091, -0.5999999999999999778, 0.4858142535419729957 ) ) ;
#11381 = ORIENTED_EDGE ( 'NONE', *, *, #5994, .F. ) ;
#11382 = LINE ( 'NONE', #5083, #10028 ) ;
#11383 = CARTESIAN_POINT ( 'NONE',  ( -0.3548877121137902768, -0.6099999999999999867, 0.3764941062202255551 ) ) ;
#11384 = CARTESIAN_POINT ( 'NONE',  ( -0.2939994885342057662, -0.5999999999999999778, 0.4829653168511844896 ) ) ;
#11385 = CARTESIAN_POINT ( 'NONE',  ( -0.4097661349369801642, -0.5999999999999999778, 0.4552037804855516567 ) ) ;
#11386 = FILL_AREA_STYLE ('',( #6820 ) ) ;
#11387 = CARTESIAN_POINT ( 'NONE',  ( -0.4061789701256164342, -0.5999999999999999778, 0.3940036295310119785 ) ) ;
#11388 =( NAMED_UNIT ( * ) PLANE_ANGLE_UNIT ( ) SI_UNIT ( $, .RADIAN. ) );
#11389 = VERTEX_POINT ( 'NONE', #3791 ) ;
#11390 = AXIS2_PLACEMENT_3D ( 'NONE', #2144, #4733, #347 ) ;
#11391 = CARTESIAN_POINT ( 'NONE',  ( -0.2430617482139403041, -0.5999999999999999778, 0.4184379405646173611 ) ) ;
#11392 = ORIENTED_EDGE ( 'NONE', *, *, #5507, .F. ) ;
#11393 = FACE_OUTER_BOUND ( 'NONE', #1759, .T. ) ;
#11394 = EDGE_CURVE ( 'NONE', #9749, #2441, #9202, .T. ) ;
#11395 = LINE ( 'NONE', #2330, #6296 ) ;
#11396 = VERTEX_POINT ( 'NONE', #8266 ) ;
#11397 = CARTESIAN_POINT ( 'NONE',  ( -0.3845312103078911137, -0.6099999999999999867, 0.4900356706821224484 ) ) ;
#11398 = MECHANICAL_DESIGN_GEOMETRIC_PRESENTATION_REPRESENTATION (  '', ( #780 ), #10264 ) ;
#11399 = CARTESIAN_POINT ( 'NONE',  ( -0.5934531525864606971, -0.5999999999999999778, 0.4568118438734654063 ) ) ;
#11400 = ORIENTED_EDGE ( 'NONE', *, *, #5407, .F. ) ;
#11401 = PRESENTATION_STYLE_ASSIGNMENT (( #8899 ) ) ;
#11402 = EDGE_LOOP ( 'NONE', ( #11592, #639, #8669, #6746 ) ) ;
#11403 =( GEOMETRIC_REPRESENTATION_CONTEXT ( 3 ) GLOBAL_UNCERTAINTY_ASSIGNED_CONTEXT ( ( #10123 ) ) GLOBAL_UNIT_ASSIGNED_CONTEXT ( ( #3396, #11598, #4245 ) ) REPRESENTATION_CONTEXT ( 'NONE', 'WORKASPACE' ) );
#11404 = VECTOR ( 'NONE', #4760, 1000.000000000000000 ) ;
#11405 = PRESENTATION_STYLE_ASSIGNMENT (( #9540 ) ) ;
#11406 = ADVANCED_FACE ( 'NONE', ( #9146 ), #7972, .F. ) ;
#11407 = UNCERTAINTY_MEASURE_WITH_UNIT (LENGTH_MEASURE( 1.000000000000000082E-05 ), #131, 'distance_accuracy_value', 'NONE');
#11408 = PLANE ( 'NONE',  #4716 ) ;
#11409 = DIRECTION ( 'NONE',  ( -0.0000000000000000000, 0.0000000000000000000, 1.000000000000000000 ) ) ;
#11410 = DIRECTION ( 'NONE',  ( 0.0000000000000000000, -0.0000000000000000000, -1.000000000000000000 ) ) ;
#11411 = CLOSED_SHELL ( 'NONE', ( #7089, #1955, #6339, #3106, #11079, #5980 ) ) ;
#11412 = ORIENTED_EDGE ( 'NONE', *, *, #249, .F. ) ;
#11413 = CARTESIAN_POINT ( 'NONE',  ( -0.3474326478536989282, -0.6099999999999999867, 0.3858727226255307952 ) ) ;
#11414 = CARTESIAN_POINT ( 'NONE',  ( 0.0000000000000000000, -0.6099999999999999867, 0.0000000000000000000 ) ) ;
#11415 = FILL_AREA_STYLE_COLOUR ( '', #7513 ) ;
#11416 = ORIENTED_EDGE ( 'NONE', *, *, #10686, .T. ) ;
#11417 = VECTOR ( 'NONE', #469, 1000.000000000000000 ) ;
#11418 = CARTESIAN_POINT ( 'NONE',  ( -0.4049520557843729329, -0.6099999999999999867, 0.3851240969258026281 ) ) ;
#11419 = EDGE_LOOP ( 'NONE', ( #1966, #9773, #7266, #7517 ) ) ;
#11420 = SURFACE_SIDE_STYLE ('',( #6924 ) ) ;
#11421 = UNCERTAINTY_MEASURE_WITH_UNIT (LENGTH_MEASURE( 1.000000000000000082E-05 ), #8087, 'distance_accuracy_value', 'NONE');
#11422 = EDGE_CURVE ( 'NONE', #10156, #1063, #3015, .T. ) ;
#11423 =( LENGTH_UNIT ( ) NAMED_UNIT ( * ) SI_UNIT ( .MILLI., .METRE. ) );
#11424 = ORIENTED_EDGE ( 'NONE', *, *, #1311, .F. ) ;
#11425 = CARTESIAN_POINT ( 'NONE',  ( -0.3352258899160474037, -0.6099999999999999867, 0.4910130431234555615 ) ) ;
#11426 = ORIENTED_EDGE ( 'NONE', *, *, #3882, .T. ) ;
#11427 =( NAMED_UNIT ( * ) SI_UNIT ( $, .STERADIAN. ) SOLID_ANGLE_UNIT ( ) );
#11428 = CARTESIAN_POINT ( 'NONE',  ( -0.3874425324735866205, -0.5999999999999999778, 0.4861677712333952184 ) ) ;
#11429 = CARTESIAN_POINT ( 'NONE',  ( -0.4130309747942380039, -0.5999999999999999778, 0.4817176073516394874 ) ) ;
#11430 = EDGE_CURVE ( 'NONE', #5576, #10610, #3894, .T. ) ;
#11431 = CARTESIAN_POINT ( 'NONE',  ( -0.2338702882336374245, -0.6099999999999999867, 0.3969357468550108181 ) ) ;
#11432 = DIRECTION ( 'NONE',  ( 1.000000000000000000, -0.0000000000000000000, -0.0000000000000000000 ) ) ;
#11433 = CARTESIAN_POINT ( 'NONE',  ( -0.4166493323429174556, -0.6099999999999999867, 0.4503377134371886470 ) ) ;
#11434 = VERTEX_POINT ( 'NONE', #8205 ) ;
#11435 = PRESENTATION_STYLE_ASSIGNMENT (( #7870 ) ) ;
#11436 = DIRECTION ( 'NONE',  ( 0.0000000000000000000, 0.0000000000000000000, 1.000000000000000000 ) ) ;
#11437 = CARTESIAN_POINT ( 'NONE',  ( -0.3356729858201081829, -0.6099999999999999867, 0.4549750337439453785 ) ) ;
#11438 = CARTESIAN_POINT ( 'NONE',  ( -0.3711391283457417534, -0.6099999999999999867, 0.4733163633876686927 ) ) ;
#11439 = ORIENTED_EDGE ( 'NONE', *, *, #4268, .T. ) ;
#11440 = CARTESIAN_POINT ( 'NONE',  ( -0.4054823323217832676, -0.6099999999999999867, 0.4586141864510666077 ) ) ;
#11441 = DIRECTION ( 'NONE',  ( -0.0000000000000000000, 1.000000000000000000, -0.0000000000000000000 ) ) ;
#11442 = LINE ( 'NONE', #7923, #9801 ) ;
#11443 = ORIENTED_EDGE ( 'NONE', *, *, #8097, .T. ) ;
#11445 = ADVANCED_FACE ( 'NONE', ( #2887 ), #6792, .F. ) ;
#11444 = PRESENTATION_STYLE_ASSIGNMENT (( #3282 ) ) ;
#11446 = EDGE_CURVE ( 'NONE', #10986, #3857, #5068, .T. ) ;
#11447 = B_SPLINE_SURFACE_WITH_KNOTS ( 'NONE', 3, 1, ( 
 ( #8473, #343 ),
 ( #7315, #278 ),
 ( #7579, #3997 ),
 ( #6007, #6894 ) ),
 .UNSPECIFIED., .F., .F., .F.,
 ( 4, 4 ),
 ( 2, 2 ),
 ( 2.000000000000000000, 3.000000000000000000 ),
 ( 0.0000000000000000000, 1.000000000000000000 ),
 .UNSPECIFIED. ) ;
#11448 = PRESENTATION_LAYER_ASSIGNMENT (  '', '', ( #825 ) ) ;
#11449 = CARTESIAN_POINT ( 'NONE',  ( -0.2999999999999999889, 0.5999999999999999778, -0.05000000000000000278 ) ) ;
#11450 = CARTESIAN_POINT ( 'NONE',  ( -0.4039226954472839859, -0.6099999999999999867, 0.3985577692045572662 ) ) ;
#11451 = ORIENTED_EDGE ( 'NONE', *, *, #10048, .F. ) ;
#11452 = DIRECTION ( 'NONE',  ( 1.000000000000000000, 0.0000000000000000000, -0.0000000000000000000 ) ) ;
#11453 = CARTESIAN_POINT ( 'NONE',  ( -0.4821121514843513256, -0.5999999999999999778, 0.3986831529974300681 ) ) ;
#11454 = LINE ( 'NONE', #3409, #1305 ) ;
#11455 = CARTESIAN_POINT ( 'NONE',  ( -0.3447812651672007567, -0.5999999999999999778, 0.3906348138821028604 ) ) ;
#11456 = CARTESIAN_POINT ( 'NONE',  ( -0.3941697661922550222, -0.6099999999999999867, 0.4916992833482745073 ) ) ;
#11457 = VERTEX_POINT ( 'NONE', #9553 ) ;
#11458 =( NAMED_UNIT ( * ) SI_UNIT ( $, .STERADIAN. ) SOLID_ANGLE_UNIT ( ) );
#11459 = ORIENTED_EDGE ( 'NONE', *, *, #7797, .F. ) ;
#11460 = STYLED_ITEM ( 'NONE', ( #5613 ), #10758 ) ;
#11461 = DIRECTION ( 'NONE',  ( -0.0000000000000000000, 1.000000000000000000, -0.0000000000000000000 ) ) ;
#11462 = COLOUR_RGB ( '',1.000000000000000000, 1.000000000000000000, 1.000000000000000000 ) ;
#11463 = CARTESIAN_POINT ( 'NONE',  ( -0.4062829459172673796, -0.6099999999999999867, 0.4515022423035227606 ) ) ;
#11464 = DIRECTION ( 'NONE',  ( -0.0000000000000000000, -0.0000000000000000000, 1.000000000000000000 ) ) ;
#11465 = ORIENTED_EDGE ( 'NONE', *, *, #3158, .F. ) ;
#11466 = DIRECTION ( 'NONE',  ( -0.0000000000000000000, -0.0000000000000000000, 1.000000000000000000 ) ) ;
#11467 = VERTEX_POINT ( 'NONE', #5916 ) ;
#11468 = CARTESIAN_POINT ( 'NONE',  ( -0.5142130622581835286, -0.6099999999999999867, 0.4484251028395369598 ) ) ;
#11469 = FACE_OUTER_BOUND ( 'NONE', #7613, .T. ) ;
#11470 = SURFACE_SIDE_STYLE ('',( #11623 ) ) ;
#11471 =( GEOMETRIC_REPRESENTATION_CONTEXT ( 3 ) GLOBAL_UNCERTAINTY_ASSIGNED_CONTEXT ( ( #9653 ) ) GLOBAL_UNIT_ASSIGNED_CONTEXT ( ( #2684, #7307, #6369 ) ) REPRESENTATION_CONTEXT ( 'NONE', 'WORKASPACE' ) );
#11472 = EDGE_CURVE ( 'NONE', #7487, #719, #5118, .T. ) ;
#11473 = ORIENTED_EDGE ( 'NONE', *, *, #11185, .T. ) ;
#11474 = CARTESIAN_POINT ( 'NONE',  ( -0.4094750027203268861, -0.5999999999999999778, 0.4653518177488850660 ) ) ;
#11475 = DIRECTION ( 'NONE',  ( -1.000000000000000000, -0.0000000000000000000, -0.0000000000000000000 ) ) ;
#11476 = PRESENTATION_LAYER_ASSIGNMENT (  '', '', ( #8503 ) ) ;
#11477 = CARTESIAN_POINT ( 'NONE',  ( -0.6559198049743579784, -0.5999999999999999778, 0.4440871413276759605 ) ) ;
#11478 = CARTESIAN_POINT ( 'NONE',  ( -0.4008138192774340913, -0.5999999999999999778, 0.3893039237493470806 ) ) ;
#11479 = AXIS2_PLACEMENT_3D ( 'NONE', #7665, #5720, #864 ) ;
#11480 = ORIENTED_EDGE ( 'NONE', *, *, #9460, .T. ) ;
#11481 = ORIENTED_EDGE ( 'NONE', *, *, #4814, .F. ) ;
#11482 = CARTESIAN_POINT ( 'NONE',  ( -0.3202013880251991518, -0.6099999999999999867, 0.3904476574573795822 ) ) ;
#11483 = DIRECTION ( 'NONE',  ( -0.0000000000000000000, -0.0000000000000000000, 1.000000000000000000 ) ) ;
#11484 = EDGE_CURVE ( 'NONE', #3576, #9749, #5009, .T. ) ;
#11485 = EDGE_CURVE ( 'NONE', #4314, #877, #491, .T. ) ;
#11486 = VECTOR ( 'NONE', #6740, 1000.000000000000114 ) ;
#11487 = B_SPLINE_CURVE_WITH_KNOTS ( 'NONE', 3,
 ( #7457, #1135, #5745, #8583 ),
 .UNSPECIFIED., .F., .F.,
 ( 4, 4 ),
 ( 4.000000000000000000, 5.000000000000000000 ),
 .UNSPECIFIED. ) ;
#11488 = STYLED_ITEM ( 'NONE', ( #3738 ), #2735 ) ;
#11489 = VECTOR ( 'NONE', #3625, 1000.000000000000000 ) ;
#11490 = CARTESIAN_POINT ( 'NONE',  ( -0.4056902839049484344, -0.5999999999999999778, 0.3914874153736192519 ) ) ;
#11491 = PLANE ( 'NONE',  #3777 ) ;
#11492 = ORIENTED_EDGE ( 'NONE', *, *, #5617, .T. ) ;
#11493 = CARTESIAN_POINT ( 'NONE',  ( -0.3967275706663915269, -0.5999999999999999778, 0.3900941397656788601 ) ) ;
#11494 = FILL_AREA_STYLE ('',( #5437 ) ) ;
#11495 = PRESENTATION_STYLE_ASSIGNMENT (( #5147 ) ) ;
#11496 = LINE ( 'NONE', #9372, #3283 ) ;
#11497 = CARTESIAN_POINT ( 'NONE',  ( -0.3292056915807773931, -0.6099999999999999867, 0.4503377134371886470 ) ) ;
#11498 = CARTESIAN_POINT ( 'NONE',  ( -0.3952823071626931917, -0.5999999999999999778, 0.3916745717986214181 ) ) ;
#11499 = CARTESIAN_POINT ( 'NONE',  ( -0.6377003577995730144, -0.6099999999999999867, 0.4322300619739357641 ) ) ;
#11500 = PRESENTATION_LAYER_ASSIGNMENT (  '', '', ( #10754 ) ) ;
#11501 = CARTESIAN_POINT ( 'NONE',  ( -0.4017080110855572594, -0.6099999999999999867, 0.4030703185614989970 ) ) ;
#11502 = CARTESIAN_POINT ( 'NONE',  ( -0.3508222586609095472, -0.6099999999999999867, 0.3778457915115606691 ) ) ;
#11503 = EDGE_CURVE ( 'NONE', #6761, #1430, #8691, .T. ) ;
#11504 = VECTOR ( 'NONE', #8410, 1000.000000000000000 ) ;
#11505 = CARTESIAN_POINT ( 'NONE',  ( -0.6067562356588789285, -0.6099999999999999867, 0.4785016348842049405 ) ) ;
#11506 = SURFACE_STYLE_USAGE ( .BOTH. , #7990 ) ;
#11507 = EDGE_LOOP ( 'NONE', ( #494, #2563, #2850, #8592 ) ) ;
#11508 = FILL_AREA_STYLE_COLOUR ( '', #9445 ) ;
#11509 = CARTESIAN_POINT ( 'NONE',  ( -0.3056551747761435678, -0.5999999999999999778, 0.4041308716360421660 ) ) ;
#11510 = DIRECTION ( 'NONE',  ( -0.0000000000000000000, 1.000000000000000000, -0.0000000000000000000 ) ) ;
#11511 = STYLED_ITEM ( 'NONE', ( #8971 ), #5226 ) ;
#11512 = EDGE_LOOP ( 'NONE', ( #9874, #6918, #5854, #4282 ) ) ;
#11513 = CARTESIAN_POINT ( 'NONE',  ( -0.3508222586609095472, -0.5999999999999999778, 0.3778457915115606691 ) ) ;
#11514 = PRESENTATION_LAYER_ASSIGNMENT (  '', '', ( #11692 ) ) ;
#11515 = ORIENTED_EDGE ( 'NONE', *, *, #8472, .F. ) ;
#11516 = VECTOR ( 'NONE', #1804, 1000.000000000000000 ) ;
#11517 = DIRECTION ( 'NONE',  ( 1.000000000000000000, -0.0000000000000000000, -0.0000000000000000000 ) ) ;
#11518 = EDGE_CURVE ( 'NONE', #9896, #5960, #8165, .T. ) ;
#11519 = ORIENTED_EDGE ( 'NONE', *, *, #2784, .F. ) ;
#11520 = UNCERTAINTY_MEASURE_WITH_UNIT (LENGTH_MEASURE( 1.000000000000000082E-05 ), #8630, 'distance_accuracy_value', 'NONE');
#11521 = ORIENTED_EDGE ( 'NONE', *, *, #10335, .T. ) ;
#11522 = VECTOR ( 'NONE', #11030, 1000.000000000000000 ) ;
#11523 = PRESENTATION_STYLE_ASSIGNMENT (( #8857 ) ) ;
#11524 = ORIENTED_EDGE ( 'NONE', *, *, #5098, .F. ) ;
#11525 = VECTOR ( 'NONE', #956, 1000.000000000000000 ) ;
#11526 = PRESENTATION_LAYER_ASSIGNMENT (  '', '', ( #11349 ) ) ;
#11527 = LINE ( 'NONE', #2526, #7939 ) ;
#11528 = CARTESIAN_POINT ( 'NONE',  ( -0.5266485497187101128, -0.5999999999999999778, 0.4964318769715881929 ) ) ;
#11529 = PRESENTATION_LAYER_ASSIGNMENT (  '', '', ( #8922 ) ) ;
#11530 = B_SPLINE_SURFACE_WITH_KNOTS ( 'NONE', 3, 1, ( 
 ( #2168, #4096 ),
 ( #1439, #7731 ),
 ( #8744, #11303 ),
 ( #8572, #3190 ) ),
 .UNSPECIFIED., .F., .F., .F.,
 ( 4, 4 ),
 ( 2, 2 ),
 ( 11.00000000000000000, 12.00000000000000000 ),
 ( 0.0000000000000000000, 1.000000000000000000 ),
 .UNSPECIFIED. ) ;
#11531 = VERTEX_POINT ( 'NONE', #553 ) ;
#11532 = VECTOR ( 'NONE', #9712, 1000.000000000000000 ) ;
#11533 = UNCERTAINTY_MEASURE_WITH_UNIT (LENGTH_MEASURE( 1.000000000000000082E-05 ), #8413, 'distance_accuracy_value', 'NONE');
#11534 = VECTOR ( 'NONE', #3987, 1000.000000000000000 ) ;
#11535 = EDGE_CURVE ( 'NONE', #6356, #2401, #379, .T. ) ;
#11536 = PRESENTATION_LAYER_ASSIGNMENT (  '', '', ( #1298 ) ) ;
#11537 = ORIENTED_EDGE ( 'NONE', *, *, #10941, .T. ) ;
#11538 = B_SPLINE_SURFACE_WITH_KNOTS ( 'NONE', 3, 1, ( 
 ( #2239, #5923 ),
 ( #8639, #4102 ),
 ( #9559, #6041 ),
 ( #9613, #11478 ) ),
 .UNSPECIFIED., .F., .F., .F.,
 ( 4, 4 ),
 ( 2, 2 ),
 ( 3.000000000000000000, 4.000000000000000000 ),
 ( 0.0000000000000000000, 1.000000000000000000 ),
 .UNSPECIFIED. ) ;
#11539 = ORIENTED_EDGE ( 'NONE', *, *, #434, .T. ) ;
#11540 = DIRECTION ( 'NONE',  ( 0.9409537876760567521, 0.0000000000000000000, -0.3385350343141493856 ) ) ;
#11541 = DIRECTION ( 'NONE',  ( -0.0000000000000000000, 1.000000000000000000, -0.0000000000000000000 ) ) ;
#11542 = STYLED_ITEM ( 'NONE', ( #11076 ), #6063 ) ;
#11543 = LINE ( 'NONE', #4239, #669 ) ;
#11544 = SURFACE_SIDE_STYLE ('',( #10629 ) ) ;
#11545 = EDGE_CURVE ( 'NONE', #9616, #6688, #4877, .T. ) ;
#11546 = VERTEX_POINT ( 'NONE', #8635 ) ;
#11547 = ADVANCED_FACE ( 'NONE', ( #6099 ), #11530, .F. ) ;
#11548 = FILL_AREA_STYLE ('',( #5263 ) ) ;
#11549 = DIRECTION ( 'NONE',  ( 1.000000000000000000, 0.0000000000000000000, 0.0000000000000000000 ) ) ;
#11550 =( NAMED_UNIT ( * ) PLANE_ANGLE_UNIT ( ) SI_UNIT ( $, .RADIAN. ) );
#11551 = PRESENTATION_STYLE_ASSIGNMENT (( #1520 ) ) ;
#11552 = DIRECTION ( 'NONE',  ( -0.0000000000000000000, 1.000000000000000000, -0.0000000000000000000 ) ) ;
#11553 = CARTESIAN_POINT ( 'NONE',  ( -0.5338784855714885369, -0.6099999999999999867, 0.4845747821038446923 ) ) ;
#11554 = FILL_AREA_STYLE_COLOUR ( '', #7863 ) ;
#11555 =( NAMED_UNIT ( * ) PLANE_ANGLE_UNIT ( ) SI_UNIT ( $, .RADIAN. ) );
#11556 =( NAMED_UNIT ( * ) SI_UNIT ( $, .STERADIAN. ) SOLID_ANGLE_UNIT ( ) );
#11557 = CARTESIAN_POINT ( 'NONE',  ( -0.3056551747761435678, -0.5999999999999999778, 0.4503377134371886470 ) ) ;
#11558 = SURFACE_STYLE_FILL_AREA ( #10689 ) ;
#11559 = ORIENTED_EDGE ( 'NONE', *, *, #7865, .F. ) ;
#11560 = ADVANCED_FACE ( 'NONE', ( #6867 ), #10431, .F. ) ;
#11561 = DIRECTION ( 'NONE',  ( -0.0000000000000000000, -0.0000000000000000000, -1.000000000000000000 ) ) ;
#11562 = MECHANICAL_DESIGN_GEOMETRIC_PRESENTATION_REPRESENTATION (  '', ( #5580 ), #8012 ) ;
#11563 = CARTESIAN_POINT ( 'NONE',  ( -0.2939994885342057662, -0.6099999999999999867, 0.4829653168511845451 ) ) ;
#11564 = ORIENTED_EDGE ( 'NONE', *, *, #3175, .T. ) ;
#11565 = PRESENTATION_STYLE_ASSIGNMENT (( #4315 ) ) ;
#11566 = DIRECTION ( 'NONE',  ( -0.0000000000000000000, 1.000000000000000000, -0.0000000000000000000 ) ) ;
#11567 = VERTEX_POINT ( 'NONE', #5418 ) ;
#11568 = CARTESIAN_POINT ( 'NONE',  ( -0.3880040017484512882, -0.6099999999999999867, 0.3858103371506220181 ) ) ;
#11569 = DIRECTION ( 'NONE',  ( 0.0000000000000000000, 0.0000000000000000000, -1.000000000000000000 ) ) ;
#11570 = STYLED_ITEM ( 'NONE', ( #11243 ), #1008 ) ;
#11571 = ORIENTED_EDGE ( 'NONE', *, *, #7953, .F. ) ;
#11572 = MECHANICAL_DESIGN_GEOMETRIC_PRESENTATION_REPRESENTATION (  '', ( #9349 ), #10287 ) ;
#11573 = CARTESIAN_POINT ( 'NONE',  ( -0.2394121979273902967, -0.6099999999999999867, 0.4264856668368887105 ) ) ;
#11574 = DIRECTION ( 'NONE',  ( -1.000000000000000000, 0.0000000000000000000, -0.0000000000000000000 ) ) ;
#11575 = ORIENTED_EDGE ( 'NONE', *, *, #555, .T. ) ;
#11576 = DIRECTION ( 'NONE',  ( -0.0000000000000000000, 1.000000000000000000, -0.0000000000000000000 ) ) ;
#11577 = EDGE_LOOP ( 'NONE', ( #1771, #2634, #4954, #2455, #128, #8687, #6312, #2292 ) ) ;
#11578 = VECTOR ( 'NONE', #8941, 1000.000000000000000 ) ;
#11579 = CARTESIAN_POINT ( 'NONE',  ( -0.4094750027203268861, -0.5999999999999999778, 0.4702178847972480757 ) ) ;
#11580 = CARTESIAN_POINT ( 'NONE',  ( -0.5549898960555990080, -0.6099999999999999867, 0.5019266281507344107 ) ) ;
#11581 = ADVANCED_FACE ( 'NONE', ( #11469 ), #9755, .F. ) ;
#11582 = EDGE_CURVE ( 'NONE', #5088, #9018, #7032, .T. ) ;
#11583 = VERTEX_POINT ( 'NONE', #661 ) ;
#11584 = FACE_OUTER_BOUND ( 'NONE', #6029, .T. ) ;
#11585 = MECHANICAL_DESIGN_GEOMETRIC_PRESENTATION_REPRESENTATION (  '', ( #7110 ), #1901 ) ;
#11586 = CARTESIAN_POINT ( 'NONE',  ( -0.4130309747942380039, -0.6099999999999999867, 0.4817176073516394874 ) ) ;
#11587 = PRESENTATION_STYLE_ASSIGNMENT (( #734 ) ) ;
#11588 = CARTESIAN_POINT ( 'NONE',  ( -0.2748575452947220610, -0.6099999999999999867, 0.4503377134371886470 ) ) ;
#11589 = AXIS2_PLACEMENT_3D ( 'NONE', #5383, #10733, #6172 ) ;
#11590 = ORIENTED_EDGE ( 'NONE', *, *, #10254, .F. ) ;
#11591 = CARTESIAN_POINT ( 'NONE',  ( -0.5931639540490711848, -0.6099999999999999867, 0.4247109275837678832 ) ) ;
#11592 = ORIENTED_EDGE ( 'NONE', *, *, #1712, .T. ) ;
#11593 = CARTESIAN_POINT ( 'NONE',  ( -0.2627755583070236489, -0.6099999999999999867, 0.4066678809517380033 ) ) ;
#11594 = CARTESIAN_POINT ( 'NONE',  ( -0.3525586543811211060, -0.6099999999999999867, 0.3764941062202255551 ) ) ;
#11595 = CARTESIAN_POINT ( 'NONE',  ( -0.3811000091840733850, -0.5999999999999999778, 0.3868292999085612416 ) ) ;
#11596 = CARTESIAN_POINT ( 'NONE',  ( -0.2682966728430296599, -0.5999999999999999778, 0.4115963334752861247 ) ) ;
#11597 = ORIENTED_EDGE ( 'NONE', *, *, #9641, .F. ) ;
#11598 =( NAMED_UNIT ( * ) PLANE_ANGLE_UNIT ( ) SI_UNIT ( $, .RADIAN. ) );
#11599 = CARTESIAN_POINT ( 'NONE',  ( -0.3671464579470594680, -0.5999999999999999778, 0.3952513390305572027 ) ) ;
#11600 = CARTESIAN_POINT ( 'NONE',  ( -0.2422715321973313018, -0.5999999999999999778, 0.4212868772551289220 ) ) ;
#11601 =( NAMED_UNIT ( * ) PLANE_ANGLE_UNIT ( ) SI_UNIT ( $, .RADIAN. ) );
#11602 = LINE ( 'NONE', #4299, #54 ) ;
#11603 = EDGE_CURVE ( 'NONE', #108, #5857, #7087, .T. ) ;
#11604 = ORIENTED_EDGE ( 'NONE', *, *, #562, .F. ) ;
#11605 = UNCERTAINTY_MEASURE_WITH_UNIT (LENGTH_MEASURE( 1.000000000000000082E-05 ), #2914, 'distance_accuracy_value', 'NONE');
#11606 = CARTESIAN_POINT ( 'NONE',  ( -0.6999999999999999556, -0.5999999999999999778, 0.5999999999999999778 ) ) ;
#11607 = FILL_AREA_STYLE ('',( #8048 ) ) ;
#11608 = PLANE ( 'NONE',  #4308 ) ;
#11609 = ORIENTED_EDGE ( 'NONE', *, *, #2481, .T. ) ;
#11610 = LINE ( 'NONE', #8236, #1329 ) ;
#11611 = PRESENTATION_STYLE_ASSIGNMENT (( #7790 ) ) ;
#11612 = EDGE_CURVE ( 'NONE', #4487, #2401, #11527, .T. ) ;
#11613 = VERTEX_POINT ( 'NONE', #1670 ) ;
#11614 = B_SPLINE_SURFACE_WITH_KNOTS ( 'NONE', 3, 1, ( 
 ( #427, #6860 ),
 ( #10425, #2289 ),
 ( #5973, #9549 ),
 ( #1373, #8685 ) ),
 .UNSPECIFIED., .F., .F., .F.,
 ( 4, 4 ),
 ( 2, 2 ),
 ( 27.00000000000000000, 28.00000000000000000 ),
 ( 0.0000000000000000000, 1.000000000000000000 ),
 .UNSPECIFIED. ) ;
#11615 = CARTESIAN_POINT ( 'NONE',  ( -0.3577782391210452273, -0.5999999999999999778, 0.3725430261382887687 ) ) ;
#11616 = VERTEX_POINT ( 'NONE', #5363 ) ;
#11617 = UNCERTAINTY_MEASURE_WITH_UNIT (LENGTH_MEASURE( 1.000000000000000082E-05 ), #5773, 'distance_accuracy_value', 'NONE');
#11618 = CARTESIAN_POINT ( 'NONE',  ( -0.3577782391210452273, -0.6099999999999999867, 0.3770763706535322779 ) ) ;
#11619 = CARTESIAN_POINT ( 'NONE',  ( -0.5254917555694292863, -0.5999999999999999778, 0.3856692684621244038 ) ) ;
#11620 = CARTESIAN_POINT ( 'NONE',  ( -0.3202013880251991518, -0.6099999999999999867, 0.4218067562135269788 ) ) ;
#11621 = ORIENTED_EDGE ( 'NONE', *, *, #5446, .F. ) ;
#11622 = DIRECTION ( 'NONE',  ( 0.3315284183504002002, 0.0000000000000000000, 0.9434452330824942834 ) ) ;
#11623 = SURFACE_STYLE_FILL_AREA ( #4222 ) ;
#11624 = EDGE_CURVE ( 'NONE', #82, #772, #5206, .T. ) ;
#11625 = VERTEX_POINT ( 'NONE', #787 ) ;
#11626 = STYLED_ITEM ( 'NONE', ( #2962 ), #6863 ) ;
#11627 = PRESENTATION_STYLE_ASSIGNMENT (( #792 ) ) ;
#11628 = UNCERTAINTY_MEASURE_WITH_UNIT (LENGTH_MEASURE( 1.000000000000000082E-05 ), #11671, 'distance_accuracy_value', 'NONE');
#11629 = FILL_AREA_STYLE_COLOUR ( '', #2029 ) ;
#11630 = EDGE_CURVE ( 'NONE', #3312, #11396, #9133, .T. ) ;
#11631 = ORIENTED_EDGE ( 'NONE', *, *, #560, .T. ) ;
#11632 = ADVANCED_FACE ( 'NONE', ( #7437 ), #6435, .F. ) ;
#11633 = VECTOR ( 'NONE', #3382, 1000.000000000000000 ) ;
#11634 = FACE_OUTER_BOUND ( 'NONE', #9080, .T. ) ;
#11635 = FACE_OUTER_BOUND ( 'NONE', #2105, .T. ) ;
#11636 = ORIENTED_EDGE ( 'NONE', *, *, #6181, .F. ) ;
#11637 = FILL_AREA_STYLE ('',( #9784 ) ) ;
#11638 = STYLED_ITEM ( 'NONE', ( #1724 ), #7177 ) ;
#11639 = DIRECTION ( 'NONE',  ( -0.3385350343141493301, 0.0000000000000000000, -0.9409537876760566411 ) ) ;
#11640 = CARTESIAN_POINT ( 'NONE',  ( -0.3810688164466189964, -0.5999999999999999778, 0.4052330150271922782 ) ) ;
#11641 = SURFACE_SIDE_STYLE ('',( #6454 ) ) ;
#11642 = CARTESIAN_POINT ( 'NONE',  ( -0.3649941590603786312, -0.6099999999999999867, 0.4151107152323129657 ) ) ;
#11643 = B_SPLINE_CURVE_WITH_KNOTS ( 'NONE', 3,
 ( #7135, #10608, #6321, #3429 ),
 .UNSPECIFIED., .F., .F.,
 ( 4, 4 ),
 ( 28.00000000000000000, 29.00000000000000000 ),
 .UNSPECIFIED. ) ;
#11644 = AXIS2_PLACEMENT_3D ( 'NONE', #6764, #11202, #7470 ) ;
#11645 = COLOUR_RGB ( '',0.2509803921568627416, 0.2509803921568627416, 0.2509803921568627416 ) ;
#11646 =( NAMED_UNIT ( * ) PLANE_ANGLE_UNIT ( ) SI_UNIT ( $, .RADIAN. ) );
#11647 = DIRECTION ( 'NONE',  ( -0.0000000000000000000, -0.0000000000000000000, 1.000000000000000000 ) ) ;
#11648 = CARTESIAN_POINT ( 'NONE',  ( -0.2999999999999998224, -0.5999999999999999778, 0.0000000000000000000 ) ) ;
#11649 = EDGE_CURVE ( 'NONE', #6765, #3704, #9287, .T. ) ;
#11650 = ORIENTED_EDGE ( 'NONE', *, *, #9727, .F. ) ;
#11651 = SURFACE_STYLE_USAGE ( .BOTH. , #1634 ) ;
#11652 = FACE_OUTER_BOUND ( 'NONE', #8101, .T. ) ;
#11653 = CARTESIAN_POINT ( 'NONE',  ( -0.6206377185640783445, -0.6099999999999999867, 0.3862476655369023737 ) ) ;
#11654 = SURFACE_SIDE_STYLE ('',( #6290 ) ) ;
#11655 = DIRECTION ( 'NONE',  ( -1.000000000000000000, 0.0000000000000000000, -0.0000000000000000000 ) ) ;
#11656 = CARTESIAN_POINT ( 'NONE',  ( -0.5298297281131594261, -0.6099999999999999867, 0.4035995005517841183 ) ) ;
#11657 = FACE_BOUND ( 'NONE', #7712, .T. ) ;
#11658 =( GEOMETRIC_REPRESENTATION_CONTEXT ( 3 ) GLOBAL_UNCERTAINTY_ASSIGNED_CONTEXT ( ( #9239 ) ) GLOBAL_UNIT_ASSIGNED_CONTEXT ( ( #5992, #1336, #2307 ) ) REPRESENTATION_CONTEXT ( 'NONE', 'WORKASPACE' ) );
#11659 = LINE ( 'NONE', #8161, #353 ) ;
#11660 = CARTESIAN_POINT ( 'NONE',  ( -0.6999999999999999556, -0.5999999999999999778, 0.5999999999999999778 ) ) ;
#11661 =( GEOMETRIC_REPRESENTATION_CONTEXT ( 3 ) GLOBAL_UNCERTAINTY_ASSIGNED_CONTEXT ( ( #4934 ) ) GLOBAL_UNIT_ASSIGNED_CONTEXT ( ( #8875, #803, #10628 ) ) REPRESENTATION_CONTEXT ( 'NONE', 'WORKASPACE' ) );
#11662 = MECHANICAL_DESIGN_GEOMETRIC_PRESENTATION_REPRESENTATION (  '', ( #2978 ), #9992 ) ;
#11663 = MECHANICAL_DESIGN_GEOMETRIC_PRESENTATION_REPRESENTATION (  '', ( #3172 ), #5679 ) ;
#11664 = FACE_OUTER_BOUND ( 'NONE', #5794, .T. ) ;
#11665 = CARTESIAN_POINT ( 'NONE',  ( -0.3932339840675264098, -0.6099999999999999867, 0.3903020913489828048 ) ) ;
#11666 = STYLED_ITEM ( 'NONE', ( #8210 ), #8043 ) ;
#11667 = FILL_AREA_STYLE ('',( #2724 ) ) ;
#11668 = ORIENTED_EDGE ( 'NONE', *, *, #8835, .F. ) ;
#11669 = AXIS2_PLACEMENT_3D ( 'NONE', #8982, #805, #10632 ) ;
#11670 = SURFACE_STYLE_FILL_AREA ( #8104 ) ;
#11671 =( LENGTH_UNIT ( ) NAMED_UNIT ( * ) SI_UNIT ( .MILLI., .METRE. ) );
#11672 = SURFACE_SIDE_STYLE ('',( #6302 ) ) ;
#11673 = EDGE_CURVE ( 'NONE', #10156, #6060, #11048, .T. ) ;
#11674 = MECHANICAL_DESIGN_GEOMETRIC_PRESENTATION_REPRESENTATION (  '', ( #10003 ), #9257 ) ;
#11675 = FACE_OUTER_BOUND ( 'NONE', #2529, .T. ) ;
#11676 = EDGE_LOOP ( 'NONE', ( #8476, #6263, #4732, #6876 ) ) ;
#11677 =( LENGTH_UNIT ( ) NAMED_UNIT ( * ) SI_UNIT ( .MILLI., .METRE. ) );
#11678 = CARTESIAN_POINT ( 'NONE',  ( -0.5338784855714885369, -0.6099999999999999867, 0.3946343845070930390 ) ) ;
#11679 =( GEOMETRIC_REPRESENTATION_CONTEXT ( 3 ) GLOBAL_UNCERTAINTY_ASSIGNED_CONTEXT ( ( #7794 ) ) GLOBAL_UNIT_ASSIGNED_CONTEXT ( ( #5021, #5987, #616 ) ) REPRESENTATION_CONTEXT ( 'NONE', 'WORKASPACE' ) );
#11680 = ORIENTED_EDGE ( 'NONE', *, *, #164, .T. ) ;
#11681 = MECHANICAL_DESIGN_GEOMETRIC_PRESENTATION_REPRESENTATION (  '', ( #9821 ), #6647 ) ;
#11682 = FACE_OUTER_BOUND ( 'NONE', #7996, .T. ) ;
#11683 = FACE_OUTER_BOUND ( 'NONE', #1279, .T. ) ;
#11684 = VERTEX_POINT ( 'NONE', #901 ) ;
#11685 = SURFACE_STYLE_FILL_AREA ( #9825 ) ;
#11686 = LINE ( 'NONE', #10821, #3225 ) ;
#11687 = EDGE_CURVE ( 'NONE', #3641, #1248, #4476, .T. ) ;
#11688 = EDGE_CURVE ( 'NONE', #11113, #11161, #8298, .T. ) ;
#11689 = ORIENTED_EDGE ( 'NONE', *, *, #2620, .F. ) ;
#11690 = CARTESIAN_POINT ( 'NONE',  ( -0.3192344131630175941, -0.6099999999999999867, 0.4659756724985189003 ) ) ;
#11691 = SURFACE_STYLE_USAGE ( .BOTH. , #10766 ) ;
#11692 = STYLED_ITEM ( 'NONE', ( #7819 ), #9163 ) ;
#11693 = CARTESIAN_POINT ( 'NONE',  ( -0.3017456850108105049, -0.6099999999999999867, 0.4614631231418551693 ) ) ;
#11694 = STYLED_ITEM ( 'NONE', ( #2930 ), #5120 ) ;
#11695 = ORIENTED_EDGE ( 'NONE', *, *, #10924, .F. ) ;
#11696 = PRESENTATION_LAYER_ASSIGNMENT (  '', '', ( #2618 ) ) ;
#11697 = PLANE ( 'NONE',  #9708 ) ;
#11698 = CARTESIAN_POINT ( 'NONE',  ( -0.5714741464904588009, -0.6099999999999999867, 0.4148782159270467673 ) ) ;
#11699 = ORIENTED_EDGE ( 'NONE', *, *, #5926, .F. ) ;
#11700 = EDGE_CURVE ( 'NONE', #118, #10660, #11104, .T. ) ;
#11701 = VECTOR ( 'NONE', #5621, 1000.000000000000000 ) ;
#11702 = CARTESIAN_POINT ( 'NONE',  ( -0.3765666646689684871, -0.6099999999999999867, 0.3998678641790113231 ) ) ;
#11703 = CARTESIAN_POINT ( 'NONE',  ( -0.4088511479705551066, -0.6099999999999999867, 0.3874115643415892429 ) ) ;
#11704 = VERTEX_POINT ( 'NONE', #6380 ) ;
#11705 = CARTESIAN_POINT ( 'NONE',  ( -0.2627755583070236489, -0.6099999999999999867, 0.4126984768664346825 ) ) ;
#11706 = MECHANICAL_DESIGN_GEOMETRIC_PRESENTATION_REPRESENTATION (  '', ( #4363 ), #1080 ) ;
#11707 = CARTESIAN_POINT ( 'NONE',  ( -0.3697562503170909731, -0.6099999999999999867, 0.4155266183989210771 ) ) ;
#11708 =( GEOMETRIC_REPRESENTATION_CONTEXT ( 3 ) GLOBAL_UNCERTAINTY_ASSIGNED_CONTEXT ( ( #124 ) ) GLOBAL_UNIT_ASSIGNED_CONTEXT ( ( #2345, #6970, #5236 ) ) REPRESENTATION_CONTEXT ( 'NONE', 'WORKASPACE' ) );
#11709 = VECTOR ( 'NONE', #4108, 1000.000000000000000 ) ;
#11710 = COLOUR_RGB ( '',1.000000000000000000, 1.000000000000000000, 1.000000000000000000 ) ;
#11711 = FILL_AREA_STYLE_COLOUR ( '', #10673 ) ;
#11712 = CARTESIAN_POINT ( 'NONE',  ( -0.4061789701256164342, -0.6099999999999999867, 0.3940036295310119785 ) ) ;
#11713 = CARTESIAN_POINT ( 'NONE',  ( -0.3577782391210452273, -0.5999999999999999778, 0.3770763706535322779 ) ) ;
#11714 = ORIENTED_EDGE ( 'NONE', *, *, #5137, .T. ) ;
#11715 = DIRECTION ( 'NONE',  ( -0.0000000000000000000, -0.0000000000000000000, 1.000000000000000000 ) ) ;
#11716 = FACE_OUTER_BOUND ( 'NONE', #11125, .T. ) ;
#11717 = LINE ( 'NONE', #1748, #3176 ) ;
#11718 = CARTESIAN_POINT ( 'NONE',  ( -0.3235806012532589926, -0.5999999999999999778, 0.4592172460423974978 ) ) ;
#11719 = CARTESIAN_POINT ( 'NONE',  ( -0.3667097596222881339, -0.5999999999999999778, 0.3943363520644092013 ) ) ;
#11720 = LINE ( 'NONE', #3399, #11489 ) ;
#11721 = CARTESIAN_POINT ( 'NONE',  ( -0.5237565753775157429, -0.6099999999999999867, 0.4197945689974049710 ) ) ;
#11722 = FACE_OUTER_BOUND ( 'NONE', #2259, .T. ) ;
#11723 = STYLED_ITEM ( 'NONE', ( #2540 ), #3418 ) ;
#11724 = FILL_AREA_STYLE ('',( #5443 ) ) ;
#11725 = B_SPLINE_SURFACE_WITH_KNOTS ( 'NONE', 3, 1, ( 
 ( #3971, #11124 ),
 ( #5800, #3732 ),
 ( #10963, #6745 ),
 ( #4831, #322 ) ),
 .UNSPECIFIED., .F., .F., .F.,
 ( 4, 4 ),
 ( 2, 2 ),
 ( 2.000000000000000000, 3.000000000000000000 ),
 ( 0.0000000000000000000, 1.000000000000000000 ),
 .UNSPECIFIED. ) ;
#11726 = EDGE_CURVE ( 'NONE', #4496, #5963, #4886, .T. ) ;
#11727 = EDGE_CURVE ( 'NONE', #9508, #3430, #8872, .T. ) ;
#11728 =( NAMED_UNIT ( * ) PLANE_ANGLE_UNIT ( ) SI_UNIT ( $, .RADIAN. ) );
#11729 = VERTEX_POINT ( 'NONE', #5714 ) ;
ENDSEC;
END-ISO-10303-21;
