#VRML V2.0 utf8
# 3D model generated by easyeda2kicad.py (https://github.com/uPesy/easyeda2kicad.py)

Shape{
    appearance Appearance {
        material  Material 	{
            diffuseColor 0.25098039215686274 0.25098039215686274 0.25098039215686274
            specularColor 0.12549019607843137 0.12549019607843137 0.12549019607843137
            ambientIntensity 0.2
            transparency 0
            shininess 0.5
        }
    }
    geometry IndexedFaceSet {
        ccw TRUE
        solid FALSE
        coord DEF co Coordinate {
            point [
                -0.5931 -0.8171 0.2874, -0.5931 -0.0969 0.2874, -0.5979 -0.0969 0.2874, -0.5053 -1.0251 0.2874, -0.5089 -1.0256 0.2874, -0.4888 -1.0256 0.2874, -0.5674 -0.8179 0.2874, -0.5612 -0.8171 0.2874, -0.5467 -0.8981 0.2874, -0.5518 -0.8985 0.2874, -0.5253 -0.8985 0.2874, -0.792 -0.9016 0.2874, -0.7926 -0.8985 0.2874, -0.9949 -0.8985 0.2874, -1.0707 -0.9271 0.2874, -1.0696 -0.922 0.2874, -1.1811 -0.922 0.2874, -0.7432 -0.881 0.2874, -0.728 -0.8943 0.2874, -0.643 -0.8171 0.2874, -0.643 -0.8985 0.2874, -0.8203 -0.8089 0.2874, -0.8079 -0.8171 0.2874, -0.7949 -0.8259 0.2874, -0.7762 -0.8474 0.2874, -0.7641 -0.8709 0.2874, -0.76 -0.8723 0.2874, -0.9268 -0.8099 0.2874, -0.9949 -0.0969 0.2874, -0.9384 -0.8171 0.2874, -0.9949 -0.8171 0.2874, -0.9406 -0.8185 0.2874, -0.8488 -0.7988 0.2874, -0.643 -0.0969 0.2874, -0.8723 -0.7963 0.2874, -0.9005 -0.7998 0.2874, -0.9787 -0.8424 0.2874, -0.9722 -0.8428 0.2874, -0.954 -0.83 0.2874, -0.9657 -0.8436 0.2874, -1.0442 -0.8698 0.2874, -1.0384 -0.8644 0.2874, -1.1811 -0.8171 0.2874, -1.0193 -0.8518 0.2874, -0.998 -0.8445 0.2874, -0.9949 -0.8441 0.2874, -1.1811 -0.8985 0.2874, -1.066 -0.9047 0.2874, -1.063 -0.8985 0.2874, -1.0562 -0.8846 0.2874, -1.0008 -1.0256 0.2874, -1.0015 -1.024 0.2874, -1.1811 -1.0256 0.2874, -1.0121 -1.0206 0.2874, -1.0323 -1.0098 0.2874, -1.0471 -0.9967 0.2874, -1.0497 -0.9936 0.2874, -1.0616 -0.9751 0.2874, -1.069 -0.9538 0.2874, -1.071 -0.9347 0.2874, -0.9958 -1.0362 0.2874, -1.1811 -1.0573 0.2874, -0.9949 -1.0374 0.2874, -0.9949 -1.0573 0.2874, -0.9762 -1.0551 0.2874, -0.9874 -1.0467 0.2874, -0.9949 -1.1811 0.2874, -0.9337 -1.0611 0.2874, -0.9474 -1.0627 0.2874, -0.9497 -1.0627 0.2874, -0.9631 -1.0606 0.2874, -0.971 -1.0573 0.2874, -0.8941 -1.0256 0.2874, -0.8941 -1.0257 0.2874, -0.643 -1.0573 0.2874, -0.9008 -1.0384 0.2874, -0.9096 -1.0483 0.2874, -0.921 -1.0562 0.2874, -0.9239 -1.0573 0.2874, -0.9147 -0.9586 0.2874, -0.9047 -0.9677 0.2874, -0.8285 -0.9278 0.2874, -0.643 -1.0256 0.2874, -0.7108 -0.9674 0.2874, -0.7183 -0.9852 0.2874, -0.8165 -1.0249 0.2874, -0.8203 -1.0236 0.2874, -0.8242 -1.0212 0.2874, -0.8264 -1.019 0.2874, -0.9949 -0.922 0.2874, -0.9949 -0.9741 0.2874, -0.9946 -0.9736 0.2874, -0.7433 -0.9411 0.2874, -0.746 -0.9302 0.2874, -0.7504 -0.922 0.2874, -0.9852 -0.9629 0.2874, -0.9736 -0.9548 0.2874, -0.961 -0.95 0.2874, -0.8246 -0.9942 0.2874, -0.821 -0.9918 0.2874, -0.8108 -0.958 0.2874, -0.8171 -0.9903 0.2874, -0.71 -0.9282 0.2874, -0.7078 -0.9455 0.2874, -0.643 -0.922 0.2874, -0.7078 -0.9487 0.2874, -0.7288 -0.9996 0.2874, -0.7307 -1.0015 0.2874, -0.7457 -1.0135 0.2874, -0.7632 -1.0217 0.2874, -0.7806 -1.0252 0.2874, -0.8142 -1.0252 0.2874, -0.9474 -0.9483 0.2874, -0.9405 -0.9487 0.2874, -0.9267 -0.9522 0.2874, -0.8307 -1.0075 0.2874, -0.8306 -1.0058 0.2874, -0.8905 -1.0001 0.2874, -0.8296 -1.0014 0.2874, -0.8276 -0.9975 0.2874, -0.8131 -0.9899 0.2874, -0.8125 -0.9899 0.2874, -0.8108 -0.9903 0.2874, -0.8288 -1.0154 0.2874, -0.8303 -1.0115 0.2874, -0.8908 -1.0116 0.2874, -0.8905 -1.0058 0.2874, -0.7546 -0.9761 0.2874, -0.7483 -0.9673 0.2874, -0.7444 -0.9571 0.2874, -0.7431 -0.946 0.2874, -0.8097 -0.9904 0.2874, -0.784 -0.9904 0.2874, -0.7739 -0.9885 0.2874, -0.7638 -0.9839 0.2874, -0.7554 -0.977 0.2874, -1.0351 -0.9335 0.2874, -1.0344 -0.9422 0.2874, -1.0304 -0.9561 0.2874, -1.0009 -0.9859 0.2874, -1.0133 -0.9783 0.2874, -1.0235 -0.9678 0.2874, -1.0226 -0.8985 0.2874, -1.0285 -0.9071 0.2874, -1.0334 -0.9198 0.2874, -1.0337 -0.922 0.2874, -1.0108 -0.8869 0.2874, -1.0207 -0.8957 0.2874, -0.9981 -0.8802 0.2874, -0.8015 -0.872 0.2874, -0.8134 -0.8558 0.2874, -0.948 -0.8851 0.2874, -0.8199 -0.8496 0.2874, -0.8361 -0.8389 0.2874, -0.8541 -0.8325 0.2874, -0.9522 -0.8828 0.2874, -0.965 -0.8782 0.2874, -0.9782 -0.8766 0.2874, -0.984 -0.8769 0.2874, -0.9949 -0.8794 0.2874, -0.794 -0.891 0.2874, -0.8717 -0.8305 0.2874, -0.8748 -0.8305 0.2874, -0.9403 -0.8687 0.2874, -0.8938 -0.8335 0.2874, -0.9279 -0.8532 0.2874, -0.9123 -0.8413 0.2874, -0.7875 -0.9016 0.2874, -0.7513 -0.9204 0.2874, -0.7579 -0.9129 0.2874, -0.7667 -0.9068 0.2874, -0.7767 -0.903 0.2874, -0.7251 -0.8985 0.2874, -0.7167 -0.9107 0.2874, -0.7124 -0.922 0.2874, -0.3404 -0.876 0.2874, -0.3698 -0.876 0.2874, -0.3323 -0.8979 0.2874, -0.3698 -0.8985 0.2874, -0.3208 -0.8979 0.2874, 1.1811 -0.8985 0.2874, 1.1811 -0.8171 0.2874, -0.3513 -0.8178 0.2874, -0.3698 -0.8171 0.2874, -0.3738 -0.876 0.2874, -0.3815 -0.8979 0.2874, -0.3951 -0.8985 0.2874, -0.3929 -0.8979 0.2874, -0.3951 -0.8171 0.2874, -0.3698 -0.8373 0.2874, -0.3624 -0.8178 0.2874, -0.4888 -0.8618 0.2874, -0.5104 -0.8618 0.2874, -0.4888 -0.8887 0.2874, -0.5104 -0.8887 0.2874, -0.4701 -0.8171 0.2874, -0.4888 -0.8171 0.2874, -0.4795 -0.8178 0.2874, -0.4888 -0.8178 0.2874, -0.4795 -0.827 0.2874, -0.4776 -0.8887 0.2874, -0.4701 -0.8985 0.2874, -0.4776 -0.8979 0.2874, -0.4888 -0.8985 0.2874, -0.4817 -0.8618 0.2874, -0.4817 -0.8526 0.2874, -0.4888 -0.8526 0.2874, -0.4888 -0.827 0.2874, -0.5104 -0.827 0.2874, -0.5104 -0.8526 0.2874, -0.5207 -0.8178 0.2874, -0.5253 -0.8171 0.2874, -0.5207 -0.8979 0.2874, -0.5367 -0.8197 0.2874, -0.5451 -0.8173 0.2874, -0.5472 -0.8171 0.2874, -0.4888 -0.8979 0.2874, -0.5367 -0.8305 0.2874, -0.5381 -0.8952 0.2874, -0.5536 -0.8899 0.2874, -0.5446 -0.8882 0.2874, -0.5367 -0.8846 0.2874, -0.5367 -0.8946 0.2874, -0.5858 -0.8617 0.2874, -0.5376 -0.8301 0.2874, -0.5458 -0.827 0.2874, -0.5819 -0.8762 0.2874, -0.578 -0.8816 0.2874, -0.5764 -0.8831 0.2874, -0.5712 -0.8868 0.2874, -0.5655 -0.889 0.2874, -0.5574 -0.89 0.2874, -0.5774 -0.8347 0.2874, -0.5818 -0.8407 0.2874, -0.572 -0.8302 0.2874, -0.5657 -0.8272 0.2874, -0.5556 -0.8258 0.2874, -0.5587 -0.8259 0.2874, -0.5858 -0.8587 0.2874, -0.5845 -0.8476 0.2874, -0.5845 -0.8697 0.2874, -0.5557 -0.8165 0.2874, -0.5253 -0.0969 0.2874, -0.5555 -0.8165 0.2874, -0.5931 -0.8409 0.2874, -0.5909 -0.8358 0.2874, -0.5851 -0.8282 0.2874, -0.5832 -0.8264 0.2874, -0.5757 -0.8212 0.2874, -0.5966 -0.8552 0.2874, -0.5947 -0.8447 0.2874, -0.5979 -0.8171 0.2874, -0.5931 -0.8776 0.2874, -0.5954 -0.8713 0.2874, -0.5979 -0.8985 0.2874, -0.5967 -0.8594 0.2874, -0.58 -0.8936 0.2874, -0.5864 -0.8883 0.2874, -0.5931 -0.8985 0.2874, -0.5877 -0.8869 0.2874, -0.5923 -0.8799 0.2874, -0.5589 -0.8992 0.2874, -0.5637 -0.899 0.2874, -0.5931 -0.922 0.2874, -0.5659 -0.8985 0.2874, -0.5724 -0.8972 0.2874, -0.3995 -0.8713 0.2874, -0.4034 -0.8795 0.2874, -0.4258 -0.8171 0.2874, -0.4258 -0.8197 0.2874, -0.4178 -0.8227 0.2874, -0.4258 -0.8958 0.2874, -0.4258 -0.8985 0.2874, -0.4177 -0.8926 0.2874, -0.4094 -0.8867 0.2874, -0.4094 -0.8284 0.2874, -0.4067 -0.8311 0.2874, -0.4017 -0.8381 0.2874, -0.3987 -0.8457 0.2874, -0.3973 -0.8568 0.2874, -0.3976 -0.8619 0.2874, -0.4397 -0.8178 0.2874, -0.4275 -0.8192 0.2874, -0.4268 -0.8962 0.2874, -0.4405 -0.8979 0.2874, -0.4625 -0.8979 0.2874, -0.4625 -0.8178 0.2874, -0.5624 -1.0243 0.2874, -0.566 -1.0256 0.2874, -0.5536 -1.0249 0.2874, -0.5855 -0.9976 0.2874, -0.5839 -0.9815 0.2874, -0.5875 -1.0005 0.2874, -0.5889 -1.0041 0.2874, -0.5587 -1.022 0.2874, -0.5776 -1.0255 0.2874, -0.5814 -1.024 0.2874, -0.5931 -1.0256 0.2874, -0.5878 -1.0175 0.2874, -0.589 -1.0141 0.2874, -0.5745 -0.9677 0.2874, -0.5819 -0.9706 0.2874, -0.5839 -0.9717 0.2874, -0.5824 -0.995 0.2874, -0.5782 -0.9928 0.2874, -0.577 -0.9771 0.2874, -0.5706 -0.9909 0.2874, -0.5617 -0.9749 0.2874, -0.5652 -0.9745 0.2874, -0.5707 -0.9751 0.2874, -0.5846 -1.0217 0.2874, -0.5857 -1.0206 0.2874, -0.5536 -1.0161 0.2874, -0.5539 -1.0161 0.2874, -0.5556 -1.0186 0.2874, -0.5895 -1.0096 0.2874, -0.5895 -1.0084 0.2874, -0.5254 -0.9939 0.2874, -0.53 -1.0125 0.2874, -0.5253 -0.994 0.2874, -0.5264 -1.0148 0.2874, -0.5253 -1.0152 0.2874, -0.5284 -0.9765 0.2874, -0.548 -0.9726 0.2874, -0.5296 -0.9797 0.2874, -0.546 -0.9758 0.2874, -0.5444 -0.9804 0.2874, -0.5642 -0.9664 0.2874, -0.5583 -0.9669 0.2874, -0.5541 -0.9682 0.2874, -0.5536 -0.9885 0.2874, -0.5539 -0.9842 0.2874, -0.555 -0.9806 0.2874, -0.5561 -0.9785 0.2874, -0.5253 -0.922 0.2874, -0.5266 -0.9738 0.2874, -0.5507 -0.9701 0.2874, -0.5577 -0.9769 0.2874, -0.5594 -0.9757 0.2874, -0.5271 -0.9922 0.2874, -0.5283 -0.9903 0.2874, -0.5436 -0.9881 0.2874, -0.5294 -0.9873 0.2874, -0.5299 -0.9831 0.2874, -0.5665 -1.0257 0.2874, -0.5253 -1.0573 0.2874, -0.5931 -1.0573 0.2874, -0.5714 -1.0262 0.2874, -0.5729 -1.0262 0.2874, -0.5771 -1.0256 0.2874, -0.53 -1.0229 0.2874, -0.5436 -1.0249 0.2874, -0.5253 -1.0245 0.2874, -0.5253 -1.0256 0.2874, -0.523 -1.0254 0.2874, -0.5209 -1.0256 0.2874, -0.5145 -1.0262 0.2874, -0.4941 -0.9689 0.2874, -0.4941 -0.9787 0.2874, -0.4929 -1.0163 0.2874, -0.4948 -1.019 0.2874, -0.5253 -0.9726 0.2874, -0.5235 -0.9709 0.2874, -0.5211 -0.9695 0.2874, -0.4918 -1.0131 0.2874, -0.5157 -0.9674 0.2874, -0.5077 -0.9664 0.2874, -0.4888 -0.922 0.2874, -0.5006 -0.967 0.2874, -0.4978 -1.0217 0.2874, -0.5001 -1.0231 0.2874, -0.4947 -0.9999 0.2874, -0.493 -1.0024 0.2874, -0.4919 -1.0053 0.2874, -0.4914 -1.0093 0.2874, -0.5086 -0.9745 0.2874, -0.5116 -0.9748 0.2874, -0.5196 -0.9822 0.2874, -0.5143 -0.9755 0.2874, -0.5165 -0.9767 0.2874, -0.5195 -0.9836 0.2874, -0.5191 -0.9851 0.2874, -0.5184 -0.9865 0.2874, -0.5174 -0.9876 0.2874, -0.5139 -0.9898 0.2874, -0.5016 -0.9754 0.2874, -0.5077 -0.9925 0.2874, -0.4959 -0.9776 0.2874, -0.5038 -0.994 0.2874, -0.4971 -0.9977 0.2874, -0.5181 -0.978 0.2874, -0.5189 -0.9793 0.2874, -0.5194 -0.9806 0.2874, -0.5201 -1.0172 0.2874, -0.5147 -0.9998 0.2874, -0.5207 -0.997 0.2874, -0.5135 -1.0181 0.2874, -0.513 -1.0181 0.2874, -0.5082 -1.0025 0.2874, -0.5079 -1.0175 0.2874, -0.5017 -1.0103 0.2874, -0.5018 -1.0091 0.2874, -0.5053 -1.0165 0.2874, -0.5044 -1.016 0.2874, -0.5033 -1.015 0.2874, -0.5024 -1.0137 0.2874, -0.5019 -1.0122 0.2874, -0.5022 -1.0075 0.2874, -0.503 -1.0062 0.2874, -0.5042 -1.0049 0.2874, -0.4416 -0.9677 0.2874, -0.4312 -0.9677 0.2874, -0.4258 -0.922 0.2874, -0.46 -1.0107 0.2874, -0.4588 -1.0154 0.2874, -0.4585 -1.0154 0.2874, -0.4701 -0.922 0.2874, -0.4701 -0.9816 0.2874, -0.4573 -1.0108 0.2874, -0.458 -1.0134 0.2874, -0.4701 -1.0256 0.2874, -0.4701 -1.0086 0.2874, -0.4861 -0.9677 0.2874, -0.4749 -0.9677 0.2874, -0.4637 -1.0248 0.2874, -0.464 -1.0256 0.2874, -0.4681 -1.0352 0.2874, -0.4888 -1.0573 0.2874, -0.4841 -1.051 0.2874, -0.4841 -1.0421 0.2874, -0.482 -1.0428 0.2874, -0.4784 -1.0432 0.2874, -0.4765 -1.0431 0.2874, -0.4743 -1.0424 0.2874, -0.4724 -1.0412 0.2874, -0.4701 -1.05 0.2874, -0.4735 -1.0513 0.2874, -0.4701 -1.0573 0.2874, -0.4776 -1.0518 0.2874, -0.4799 -1.0517 0.2874, -0.4703 -1.0391 0.2874, -0.4701 -1.0387 0.2874, -0.4572 -1.0335 0.2874, -0.462 -1.0427 0.2874, -0.4258 -1.0573 0.2874, -0.4541 -1.0256 0.2874, -0.4657 -1.047 0.2874, -0.466 -1.0473 0.2874, -0.4695 -1.0498 0.2874, -0.3951 -0.9888 0.2874, -0.4101 -0.9888 0.2874, -0.3951 -1.0158 0.2874, -0.4101 -1.0158 0.2874, -0.3792 -0.9448 0.2874, -0.3792 -0.954 0.2874, -0.3698 -0.922 0.2874, -0.3774 -1.0158 0.2874, -0.3698 -1.0256 0.2874, -0.3774 -1.0249 0.2874, -0.3951 -1.0256 0.2874, -0.3815 -0.9888 0.2874, -0.3815 -0.9797 0.2874, -0.3951 -0.9797 0.2874, -0.3951 -0.954 0.2874, -0.4101 -0.954 0.2874, -0.4101 -0.9797 0.2874, -0.3951 -1.0249 0.2874, -0.4204 -1.0249 0.2874, -0.4258 -1.0256 0.2874, -0.4204 -0.9448 0.2874, -0.3951 -0.9448 0.2874, -0.3951 -0.922 0.2874, -0.643 1.1811 0.2874, -0.5979 1.1811 0.2874, -0.5931 1.1811 0.2874, -0.5253 1.1811 0.2874, -0.4888 -0.0969 0.2874, -0.4888 1.1811 0.2874, -0.4701 -0.0969 0.2874, -0.4701 1.1811 0.2874, -0.4258 -0.0969 0.2874, -0.4258 1.1811 0.2874, -0.3951 -0.0969 0.2874, -0.3951 1.1811 0.2874, -0.3698 -0.0969 0.2874, -0.3698 1.1811 0.2874, 1.1811 -0.0969 0.2874, 1.1811 1.1811 0.2874, -0.9004 0.8088 0.2874, -0.8785 0.8373 0.2874, -0.9949 1.1811 0.2874, -0.7457 0.8729 0.2874, -0.7125 0.8592 0.2874, -0.684 0.8373 0.2874, -0.6622 0.8088 0.2874, -0.6485 0.7757 0.2874, -0.6438 0.7401 0.2874, -0.6485 0.7045 0.2874, -0.8501 0.8592 0.2874, -0.8169 0.8729 0.2874, -0.7813 0.8776 0.2874, -0.6622 0.6713 0.2874, -0.684 0.6428 0.2874, -0.7125 0.621 0.2874, -0.7457 0.6072 0.2874, -0.7813 0.6025 0.2874, -0.8169 0.6072 0.2874, -0.8501 0.621 0.2874, -0.8785 0.6428 0.2874, -0.9004 0.6713 0.2874, -0.9141 0.7045 0.2874, -0.9188 0.7401 0.2874, -0.9141 0.7757 0.2874, -1.1811 1.1811 0.2874, -1.1811 -0.0969 0.2874, -0.6 -0.8887 0.2874, -0.6 -0.8979 0.2874, -0.6422 -0.8979 0.2874, -0.6422 -0.8178 0.2874, -0.6319 -0.8178 0.2874, -0.6319 -0.8887 0.2874, -0.5979 -0.922 0.2874, -0.2812 -1.0249 0.2874, -0.2926 -1.0249 0.2874, -0.232 -1.0249 0.2874, -0.2402 -1.003 0.2874, -0.2735 -1.003 0.2874, -0.2206 -1.0249 0.2874, 1.1811 -1.0256 0.2874, -0.2511 -0.9448 0.2874, 1.1811 -0.922 0.2874, -0.2621 -0.9448 0.2874, -0.2992 -0.9983 0.2874, -0.2973 -0.9889 0.2874, -0.2971 -0.9838 0.2874, -0.2984 -0.9727 0.2874, -0.3032 -1.0066 0.2874, -0.3091 -1.0137 0.2874, -0.3174 -1.0196 0.2874, -0.3623 -0.9448 0.2874, -0.3623 -1.0249 0.2874, -0.3402 -1.0249 0.2874, -0.3265 -1.0232 0.2874, -0.3091 -0.9554 0.2874, -0.3064 -0.9581 0.2874, -0.3014 -0.9651 0.2874, -0.3394 -0.9448 0.2874, -0.3272 -0.9462 0.2874, -0.3175 -0.9497 0.2874, -0.5979 -1.0256 0.2874, -0.6009 -0.9448 0.2874, -0.6422 -0.9448 0.2874, -0.6009 -0.954 0.2874, -0.5991 -1.0158 0.2874, -0.5991 -1.0249 0.2874, -0.6422 -1.0249 0.2874, -0.6319 -0.9888 0.2874, -0.6319 -1.0158 0.2874, -0.6032 -0.9888 0.2874, -0.6032 -0.9797 0.2874, -0.6319 -0.9797 0.2874, -0.6319 -0.954 0.2874, -0.3951 -1.0573 0.2874, -0.3698 -1.0573 0.2874, 1.1811 -1.0573 0.2874, -0.5979 -1.0573 0.2874, -0.643 -1.1811 0.2874, -0.5979 -1.1811 0.2874, -0.5931 -1.1811 0.2874, -0.5253 -1.1811 0.2874, -0.4888 -1.1811 0.2874, -0.4701 -1.1811 0.2874, -0.4258 -1.1811 0.2874, -0.3951 -1.1811 0.2874, -0.3698 -1.1811 0.2874, 1.1811 -1.1811 0.2874, -1.1811 -1.1811 0.2874, -0.9843 -1.0906 0.0, -0.9843 -1.1811 0.0, -1.1811 -1.1811 0.0, -0.9123 -1.0409 0.0, -0.9173 -1.0349 0.0, -0.8254 -1.0528 0.0, 1.0906 -0.9843 0.0, 1.1811 -0.9843 0.0, 1.1811 -1.1811 0.0, 0.9843 -1.0906 0.0, 0.9173 -1.0349 0.0, 0.8858 -0.8858 0.0, 1.0409 -0.9123 0.0, 1.0349 -0.9173 0.0, 1.0528 -0.8254 0.0, -0.8858 -0.8858 0.0, -0.4826 -1.025 0.0, -0.4921 -1.0289 0.0, 0.9843 -1.1811 0.0, -1.1811 -0.9843 0.0, -1.0906 -0.9843 0.0, -1.0409 0.9123 0.0, -1.0349 0.9173 0.0, -1.0528 0.8254 0.0, 1.0349 0.9173 0.0, 0.8858 0.8858 0.0, 1.0906 0.9843 0.0, 1.1811 1.1811 0.0, 1.1811 0.9843 0.0, -1.0349 -0.9173 0.0, -0.1575 1.0236 0.0, -0.1473 1.025 0.0, 0.7533 -1.0433 0.0, 0.7494 -1.0528 0.0, 0.664 -1.0433 0.0, 0.3252 -1.025 0.0, 0.4528 -1.0289 0.0, 0.4446 -1.0352 0.0, -1.1811 1.1811 0.0, -0.9843 1.1811 0.0, -1.1811 0.9843 0.0, -0.9843 1.0906 0.0, -1.0906 0.9843 0.0, -0.9173 1.0349 0.0, -0.7596 1.0352 0.0, -0.7533 1.0433 0.0, -0.664 1.0433 0.0, -0.7494 1.0528 0.0, 0.6578 -1.0352 0.0, 0.6496 -1.0289 0.0, 0.6401 -1.025 0.0, -0.2953 -1.0289 0.0, -0.3048 -1.025 0.0, -0.1575 -1.0236 0.0, -0.5003 -1.0352 0.0, -0.5065 -1.0433 0.0, -0.6197 -1.025 0.0, 1.0289 0.8071 0.0, 1.025 0.7976 0.0, 1.025 0.6401 0.0, 1.0289 0.6496 0.0, 1.0352 0.6578 0.0, 1.0352 0.5003 0.0, 1.0289 0.4921 0.0, 1.025 -0.3252 0.0, 1.0289 -0.3346 0.0, 1.0352 -0.4446 0.0, -0.8858 0.748 0.0, -1.0289 0.8071 0.0, -0.748 0.8858 0.0, -1.0352 0.8152 0.0, -1.0433 0.8215 0.0, 0.8152 -1.0352 0.0, 0.8215 -1.0433 0.0, 0.8254 -1.0528 0.0, 0.9123 -1.0409 0.0, 0.6299 -1.0236 0.0, 0.6197 -1.025 0.0, 0.6021 -1.0352 0.0, 0.5105 -1.0528 0.0, 0.5065 -1.0433 0.0, 0.3491 -1.0433 0.0, 0.3428 -1.0352 0.0, 0.4344 -1.0528 0.0, 0.2871 -1.0352 0.0, 0.2809 -1.0433 0.0, 0.1916 -1.0433 0.0, 0.2769 -1.0528 0.0, 0.1378 -1.0289 0.0, 0.1296 -1.0352 0.0, -0.668 -1.0528 0.0, -0.7533 -1.0433 0.0, -0.664 -1.0433 0.0, -0.6578 -1.0352 0.0, -0.5958 -1.0433 0.0, -0.6021 -1.0352 0.0, -0.5105 -1.0528 0.0, -0.7976 -1.025 0.0, -0.7874 -1.0236 0.0, -0.7772 -1.025 0.0, -0.8071 -1.0289 0.0, -0.8152 -1.0352 0.0, -0.8215 -1.0433 0.0, 1.0409 0.9123 0.0, 1.0528 0.8254 0.0, 1.0433 0.8215 0.0, 1.0352 0.8152 0.0, -1.063 0.8268 0.0, -1.1811 0.8268 0.0, -1.1811 0.9055 0.0, -1.0289 -0.8071 0.0, -1.025 -0.7976 0.0, -1.025 -0.6401 0.0, -1.0289 -0.6496 0.0, -1.0352 -0.6578 0.0, -1.0352 -0.5003 0.0, -1.0289 -0.4921 0.0, 0.1296 1.0352 0.0, 0.1378 1.0289 0.0, 0.0102 1.025 0.0, 0.8071 -1.0289 0.0, 0.7976 -1.025 0.0, 0.7874 -1.0236 0.0, 0.5003 -1.0352 0.0, 0.4921 -1.0289 0.0, 0.4826 -1.025 0.0, 0.4724 -1.0236 0.0, 0.6102 -1.0289 0.0, 0.4383 -1.0433 0.0, 0.3346 -1.0289 0.0, 0.1772 -1.0289 0.0, 0.315 -1.0236 0.0, 0.1853 -1.0352 0.0, 0.3048 -1.025 0.0, 0.2953 -1.0289 0.0, -0.6102 -1.0289 0.0, -0.7677 -1.0289 0.0, -0.6299 -1.0236 0.0, -0.7596 -1.0352 0.0, -0.6401 -1.025 0.0, -0.6496 -1.0289 0.0, -0.8268 -1.063 0.0, -0.8268 -1.1811 0.0, -0.9055 -1.1811 0.0, 1.0236 0.6299 0.0, 1.025 0.6197 0.0, 1.0289 0.6102 0.0, 1.0352 0.6021 0.0, 1.0433 0.5958 0.0, 1.0528 0.5919 0.0, 1.0433 0.5065 0.0, 1.025 0.4826 0.0, 1.0236 0.4724 0.0, 1.025 0.4623 0.0, 1.0433 0.3491 0.0, 1.0352 0.3428 0.0, 1.0528 0.4344 0.0, 1.0433 0.4383 0.0, 1.0289 0.4528 0.0, 1.0352 0.4446 0.0, 1.025 0.3252 0.0, 1.0289 0.3346 0.0, 1.0236 0.315 0.0, 1.0352 0.1853 0.0, 1.0289 0.1772 0.0, 1.0289 0.2953 0.0, 1.025 0.1677 0.0, 1.025 0.3048 0.0, 1.0352 0.0278 0.0, 1.0289 0.0197 0.0, 1.0289 0.1378 0.0, 1.025 0.0102 0.0, 1.025 0.1473 0.0, 1.0236 -0.0 0.0, 1.025 -0.0102 0.0, 1.025 -0.1473 0.0, 1.0289 -0.0197 0.0, 1.0289 -0.1378 0.0, 1.025 -0.3048 0.0, 1.0289 -0.1772 0.0, 1.0289 -0.2953 0.0, 1.0352 -0.2871 0.0, 1.0236 -0.315 0.0, 1.0236 -0.7874 0.0, 1.025 -0.7976 0.0, -1.063 0.9055 0.0, -1.0552 0.9063 0.0, -1.0477 0.9086 0.0, -1.0409 -0.9123 0.0, -1.0528 -0.8254 0.0, -1.0433 -0.8215 0.0, -1.0352 -0.8152 0.0, -1.0289 0.4528 0.0, -1.0236 0.315 0.0, -1.0352 0.4446 0.0, -1.025 0.3252 0.0, -1.0289 0.3346 0.0, -0.6496 1.0289 0.0, -0.6401 1.025 0.0, -0.1955 1.0528 0.0, -0.1916 1.0433 0.0, -0.2809 1.0433 0.0, -0.1853 1.0352 0.0, -0.1772 1.0289 0.0, -0.3048 1.025 0.0, -0.1677 1.025 0.0, -0.0278 1.0352 0.0, -0.0197 1.0289 0.0, 0.315 1.0236 0.0, 0.3252 1.025 0.0, 0.9055 -1.1811 0.0, 0.8268 -1.1811 0.0, 0.9055 -1.063 0.0, 0.8268 -1.063 0.0, 0.9063 -1.0552 0.0, 0.9086 -1.0477 0.0, 0.7772 -1.025 0.0, 0.7677 -1.0289 0.0, 0.7596 -1.0352 0.0, 0.748 -1.1811 0.0, 0.6693 -1.1811 0.0, 0.748 -1.063 0.0, 0.6693 -1.063 0.0, 0.668 -1.0528 0.0, 0.4331 -1.1811 0.0, 0.3543 -1.1811 0.0, 0.4331 -1.063 0.0, 0.3543 -1.063 0.0, 0.353 -1.0528 0.0, -0.1296 -1.0352 0.0, 0.0 -1.0236 0.0, -0.0102 -1.025 0.0, -0.0197 -1.0289 0.0, -0.0278 -1.0352 0.0, -0.0341 -1.0433 0.0, -0.1853 -1.0352 0.0, -0.1916 -1.0433 0.0, -0.2809 -1.0433 0.0, -0.1955 -1.0528 0.0, 0.0341 -1.0433 0.0, 0.0278 -1.0352 0.0, 0.1195 -1.0528 0.0, -0.6693 -1.1811 0.0, -0.748 -1.1811 0.0, -0.6693 -1.063 0.0, -0.748 -1.063 0.0, -0.7494 -1.0528 0.0, -0.9055 -1.063 0.0, -0.9063 -1.0552 0.0, -0.9086 -1.0477 0.0, 1.1811 0.9055 0.0, 1.1811 0.8268 0.0, 1.063 0.9055 0.0, 1.063 0.8268 0.0, 1.0552 0.9063 0.0, 1.0477 0.9086 0.0, 1.0236 0.7874 0.0, 1.025 0.7772 0.0, 1.0289 0.7677 0.0, 1.0352 0.7596 0.0, 1.0433 0.7533 0.0, 1.0528 0.7494 0.0, 1.0433 0.664 0.0, 1.0236 0.1575 0.0, 1.0236 -0.1575 0.0, 1.025 -0.1677 0.0, 1.0352 -0.3428 0.0, 1.0433 -0.3491 0.0, 1.0433 -0.4383 0.0, 1.0528 -0.353 0.0, 1.025 -0.4826 0.0, 1.0289 -0.4921 0.0, 1.0352 -0.6021 0.0, 1.0352 -0.5003 0.0, 1.0433 -0.5065 0.0, 1.0528 -0.5105 0.0, 1.0433 -0.5958 0.0, 1.0289 -0.4528 0.0, 1.025 -0.4623 0.0, 1.0236 -0.4724 0.0, 1.0352 -0.7596 0.0, 1.0289 -0.7677 0.0, 1.0236 -0.6299 0.0, 1.025 -0.7772 0.0, -1.0236 -0.6299 0.0, -1.025 -0.6197 0.0, -1.0289 -0.6102 0.0, -1.0352 -0.6021 0.0, -1.0433 -0.5958 0.0, -1.0528 -0.5919 0.0, -1.0433 -0.5065 0.0, -1.025 -0.4826 0.0, -1.0236 -0.4724 0.0, -1.025 -0.4623 0.0, -1.0433 -0.3491 0.0, -1.0352 -0.3428 0.0, -1.0528 -0.4344 0.0, -1.0433 -0.4383 0.0, -1.0289 -0.4528 0.0, -1.0352 -0.4446 0.0, -1.025 -0.3252 0.0, -1.0289 -0.3346 0.0, -1.0236 -0.315 0.0, -1.0352 -0.1853 0.0, -1.0289 -0.1772 0.0, -1.0289 -0.2953 0.0, -1.025 -0.1677 0.0, -1.025 -0.3048 0.0, -1.0352 -0.0278 0.0, -1.0289 -0.0197 0.0, -1.0289 -0.1378 0.0, -1.025 -0.0102 0.0, -1.025 -0.1473 0.0, -1.0236 0.0 0.0, -1.025 0.0102 0.0, -1.025 0.1473 0.0, -1.0289 0.0197 0.0, -1.0289 0.1378 0.0, -1.025 0.3048 0.0, -1.0289 0.1772 0.0, -1.0289 0.2953 0.0, -1.0352 0.2871 0.0, -1.025 0.4623 0.0, -1.0236 0.4724 0.0, -1.0352 0.6021 0.0, -1.0289 0.6102 0.0, -1.025 0.7772 0.0, -1.0236 0.7874 0.0, -1.025 0.7976 0.0, -0.748 1.1811 0.0, -0.6693 1.1811 0.0, -0.748 1.063 0.0, -0.6693 1.063 0.0, -0.668 1.0528 0.0, -0.8152 1.0352 0.0, -0.8071 1.0289 0.0, -0.4921 1.0289 0.0, -0.4826 1.025 0.0, -0.2871 1.0352 0.0, -0.1296 1.0352 0.0, -0.1234 1.0433 0.0, -0.0341 1.0433 0.0, -0.1195 1.0528 0.0, 0.4921 1.0289 0.0, 0.5003 1.0352 0.0, 0.5958 1.0433 0.0, 0.5065 1.0433 0.0, 0.5105 1.0528 0.0, 0.6578 1.0352 0.0, 0.664 1.0433 0.0, 0.7533 1.0433 0.0, 0.668 1.0528 0.0, -0.2871 -1.0352 0.0, -0.1677 -1.025 0.0, -0.1772 -1.0289 0.0, 1.0352 -0.0278 0.0, 1.0433 -0.1234 0.0, 1.0352 -0.1296 0.0, 1.0352 -0.1853 0.0, 1.0433 -0.1916 0.0, 1.0433 -0.2809 0.0, 1.0528 -0.1955 0.0, 1.025 -0.6401 0.0, 1.0289 -0.6496 0.0, 1.0352 -0.6578 0.0, 1.0433 -0.664 0.0, 1.0528 -0.668 0.0, 1.0433 -0.7533 0.0, 1.0289 -0.6102 0.0, 1.025 -0.6197 0.0, -1.1811 -0.9055 0.0, -1.1811 -0.8268 0.0, -1.063 -0.9055 0.0, -1.063 -0.8268 0.0, -1.0552 -0.9063 0.0, -1.0477 -0.9086 0.0, -1.0236 -0.7874 0.0, -1.025 -0.7772 0.0, -1.0289 -0.7677 0.0, -1.0352 -0.7596 0.0, -1.0433 -0.7533 0.0, -1.0528 -0.7494 0.0, -1.0433 -0.664 0.0, -1.0236 -0.1575 0.0, -1.0236 0.1575 0.0, -1.025 0.1677 0.0, -1.0352 0.3428 0.0, -1.0433 0.3491 0.0, -1.0433 0.4383 0.0, -1.0528 0.353 0.0, -1.025 0.4826 0.0, -1.0289 0.4921 0.0, -1.0352 0.5003 0.0, -1.0433 0.5065 0.0, -1.0528 0.5105 0.0, -1.0433 0.5958 0.0, -1.025 0.6197 0.0, -1.0236 0.6299 0.0, -0.9123 1.0409 0.0, -0.8254 1.0528 0.0, -0.8215 1.0433 0.0, -0.6299 1.0236 0.0, -0.6197 1.025 0.0, -0.6102 1.0289 0.0, -0.5065 1.0433 0.0, -0.5958 1.0433 0.0, -0.5919 1.0528 0.0, -0.6021 1.0352 0.0, -0.5003 1.0352 0.0, -0.1378 1.0289 0.0, 0.0278 1.0352 0.0, 0.0341 1.0433 0.0, 0.1234 1.0433 0.0, 0.038 1.0528 0.0, 0.5906 -1.1811 0.0, 0.5118 -1.1811 0.0, 0.5906 -1.063 0.0, 0.5118 -1.063 0.0, 0.5919 -1.0528 0.0, 0.5958 -1.0433 0.0, 0.2756 -1.1811 0.0, 0.1969 -1.1811 0.0, 0.2756 -1.063 0.0, 0.1969 -1.063 0.0, 0.1955 -1.0528 0.0, 0.4623 -1.025 0.0, 0.1677 -1.025 0.0, 0.1575 -1.0236 0.0, 0.1473 -1.025 0.0, -0.4446 -1.0352 0.0, -0.315 -1.0236 0.0, -0.3252 -1.025 0.0, -0.3346 -1.0289 0.0, -0.3428 -1.0352 0.0, -0.4383 -1.0433 0.0, -0.4344 -1.0528 0.0, 1.0289 -0.8071 0.0, 1.0352 -0.8152 0.0, 1.0433 -0.8215 0.0, -1.0352 0.0278 0.0, -1.0433 0.1234 0.0, -1.0352 0.1296 0.0, -1.0352 0.1853 0.0, -1.0433 0.1916 0.0, -1.0433 0.2809 0.0, -1.0528 0.1955 0.0, -1.0352 0.7596 0.0, -1.0289 0.6496 0.0, -1.0352 0.6578 0.0, -1.0433 0.664 0.0, -1.0528 0.668 0.0, -1.0433 0.7533 0.0, -1.0289 0.7677 0.0, -1.025 0.6401 0.0, -0.7976 1.025 0.0, -0.7874 1.0236 0.0, -0.7772 1.025 0.0, -0.4724 1.0236 0.0, -0.4623 1.025 0.0, -0.3346 1.0289 0.0, -0.4528 1.0289 0.0, -0.2953 1.0289 0.0, -0.0102 1.025 0.0, -0.0 1.0236 0.0, 0.0197 1.0289 0.0, 0.4826 1.025 0.0, 0.6021 1.0352 0.0, 0.4724 1.0236 0.0, -0.0394 -1.1811 0.0, -0.1181 -1.1811 0.0, -0.0394 -1.063 0.0, -0.1181 -1.063 0.0, -0.038 -1.0528 0.0, -0.1195 -1.0528 0.0, -0.1234 -1.0433 0.0, 0.0197 -1.0289 0.0, 0.1234 -1.0433 0.0, -0.5118 -1.1811 0.0, -0.5906 -1.1811 0.0, -0.5118 -1.063 0.0, -0.5906 -1.063 0.0, -0.5919 -1.0528 0.0, 1.063 -0.8268 0.0, 1.1811 -0.8268 0.0, 1.1811 -0.9055 0.0, -0.9055 1.1811 0.0, -0.8268 1.1811 0.0, -0.9055 1.063 0.0, -0.8268 1.063 0.0, -0.9063 1.0552 0.0, -0.9086 1.0477 0.0, -0.6578 1.0352 0.0, -0.7677 1.0289 0.0, -0.4446 1.0352 0.0, -0.4383 1.0433 0.0, -0.3428 1.0352 0.0, -0.3252 1.025 0.0, -0.315 1.0236 0.0, 0.5118 1.1811 0.0, 0.5906 1.1811 0.0, 0.5118 1.063 0.0, 0.5906 1.063 0.0, 0.5919 1.0528 0.0, 0.3048 1.025 0.0, 0.1677 1.025 0.0, 0.2953 1.0289 0.0, 0.1772 1.0289 0.0, 0.2809 1.0433 0.0, 0.1916 1.0433 0.0, 0.1955 1.0528 0.0, 0.1853 1.0352 0.0, 0.2871 1.0352 0.0, 0.1473 1.025 0.0, 0.1575 1.0236 0.0, 0.7677 1.0289 0.0, 0.6299 1.0236 0.0, 0.7596 1.0352 0.0, 0.6401 1.025 0.0, 0.6496 1.0289 0.0, 0.9123 1.0409 0.0, 0.9173 1.0349 0.0, 0.8254 1.0528 0.0, 0.8215 1.0433 0.0, -0.1969 -1.1811 0.0, -0.2756 -1.1811 0.0, -0.1969 -1.063 0.0, -0.2756 -1.063 0.0, -0.2769 -1.0528 0.0, 1.1811 0.5906 0.0, 1.1811 0.5118 0.0, 1.063 0.5906 0.0, 1.063 0.5118 0.0, 1.0528 0.5105 0.0, 1.1811 0.4331 0.0, 1.1811 0.3543 0.0, 1.063 0.4331 0.0, 1.063 0.3543 0.0, 1.0528 0.353 0.0, 1.063 0.2756 0.0, 1.1811 0.2756 0.0, 1.1811 0.1969 0.0, 1.063 0.1181 0.0, 1.1811 0.1181 0.0, 1.1811 0.0394 0.0, 1.063 -0.0394 0.0, 1.1811 -0.0394 0.0, 1.1811 -0.1181 0.0, 1.1811 -0.3543 0.0, 1.1811 -0.4331 0.0, 1.063 -0.3543 0.0, 1.063 -0.4331 0.0, 1.0528 -0.4344 0.0, 1.063 -0.9055 0.0, 1.0552 -0.9063 0.0, 1.0477 -0.9086 0.0, -0.2756 1.063 0.0, -0.2756 1.1811 0.0, -0.1969 1.1811 0.0, -0.1181 1.1811 0.0, -0.0394 1.1811 0.0, -0.1181 1.063 0.0, -0.0394 1.063 0.0, -0.038 1.0528 0.0, 0.6693 1.1811 0.0, 0.748 1.1811 0.0, 0.6693 1.063 0.0, 0.748 1.063 0.0, 0.7494 1.0528 0.0, 0.1181 -1.1811 0.0, 0.0394 -1.1811 0.0, 0.1181 -1.063 0.0, 0.0394 -1.063 0.0, 0.038 -1.0528 0.0, 1.1811 0.748 0.0, 1.1811 0.6693 0.0, 1.063 0.748 0.0, 1.063 0.6693 0.0, 1.0528 0.668 0.0, 1.0352 0.2871 0.0, 1.0433 0.2809 0.0, 1.0433 0.1916 0.0, 1.0528 0.2769 0.0, 1.0528 0.1955 0.0, 1.063 0.1969 0.0, 1.0352 0.1296 0.0, 1.0433 0.1234 0.0, 1.0433 0.0341 0.0, 1.0528 0.1195 0.0, 1.0528 0.038 0.0, 1.063 0.0394 0.0, 1.0433 -0.0341 0.0, 1.0528 -0.038 0.0, 1.0528 -0.1195 0.0, 1.063 -0.1181 0.0, 1.1811 -0.1969 0.0, 1.1811 -0.2756 0.0, 1.063 -0.1969 0.0, 1.063 -0.2756 0.0, 1.0528 -0.2769 0.0, 1.1811 -0.5118 0.0, 1.1811 -0.5906 0.0, 1.063 -0.5118 0.0, 1.063 -0.5906 0.0, 1.0528 -0.5919 0.0, -1.1811 -0.5906 0.0, -1.1811 -0.5118 0.0, -1.063 -0.5906 0.0, -1.063 -0.5118 0.0, -1.0528 -0.5105 0.0, -1.1811 -0.4331 0.0, -1.1811 -0.3543 0.0, -1.063 -0.4331 0.0, -1.063 -0.3543 0.0, -1.0528 -0.353 0.0, -1.063 -0.2756 0.0, -1.1811 -0.2756 0.0, -1.1811 -0.1969 0.0, -1.063 -0.1181 0.0, -1.1811 -0.1181 0.0, -1.1811 -0.0394 0.0, -1.063 0.0394 0.0, -1.1811 0.0394 0.0, -1.1811 0.1181 0.0, -1.1811 0.3543 0.0, -1.1811 0.4331 0.0, -1.063 0.3543 0.0, -1.063 0.4331 0.0, -1.0528 0.4344 0.0, -0.5906 1.1811 0.0, -0.5118 1.1811 0.0, -0.5906 1.063 0.0, -0.5118 1.063 0.0, -0.5105 1.0528 0.0, -0.2769 1.0528 0.0, -0.1969 1.063 0.0, 0.0394 1.1811 0.0, 0.1181 1.1811 0.0, 0.0394 1.063 0.0, 0.1181 1.063 0.0, 0.1195 1.0528 0.0, 0.8071 1.0289 0.0, 0.8152 1.0352 0.0, -0.3543 -1.1811 0.0, -0.4331 -1.1811 0.0, -0.3543 -1.063 0.0, -0.4331 -1.063 0.0, -0.353 -1.0528 0.0, -0.3491 -1.0433 0.0, -0.4528 -1.0289 0.0, -0.4623 -1.025 0.0, -0.4724 -1.0236 0.0, 1.1811 -0.6693 0.0, 1.1811 -0.748 0.0, 1.063 -0.6693 0.0, 1.063 -0.748 0.0, 1.0528 -0.7494 0.0, -1.1811 -0.748 0.0, -1.1811 -0.6693 0.0, -1.063 -0.748 0.0, -1.063 -0.6693 0.0, -1.0528 -0.668 0.0, -1.0352 -0.2871 0.0, -1.0433 -0.2809 0.0, -1.0433 -0.1916 0.0, -1.0528 -0.2769 0.0, -1.0528 -0.1955 0.0, -1.063 -0.1969 0.0, -1.0352 -0.1296 0.0, -1.0433 -0.1234 0.0, -1.0433 -0.0341 0.0, -1.0528 -0.1195 0.0, -1.0528 -0.038 0.0, -1.063 -0.0394 0.0, -1.0433 0.0341 0.0, -1.0528 0.038 0.0, -1.0528 0.1195 0.0, -1.063 0.1181 0.0, -1.1811 0.1969 0.0, -1.1811 0.2756 0.0, -1.063 0.1969 0.0, -1.063 0.2756 0.0, -1.0528 0.2769 0.0, -1.1811 0.5118 0.0, -1.1811 0.5906 0.0, -1.063 0.5118 0.0, -1.063 0.5906 0.0, -1.0528 0.5919 0.0, -0.4331 1.1811 0.0, -0.3543 1.1811 0.0, -0.4331 1.063 0.0, -0.3543 1.063 0.0, -0.4344 1.0528 0.0, -0.353 1.0528 0.0, -0.3491 1.0433 0.0, 0.3346 1.0289 0.0, 0.3428 1.0352 0.0, 0.3491 1.0433 0.0, 0.9843 1.1811 0.0, 0.9843 1.0906 0.0, 0.8268 1.063 0.0, 0.8268 1.1811 0.0, 0.9055 1.1811 0.0, -0.1378 -1.0289 0.0, -0.1473 -1.025 0.0, 0.0102 -1.025 0.0, -1.1811 0.6693 0.0, -1.1811 0.748 0.0, -1.063 0.6693 0.0, -1.063 0.748 0.0, -1.0528 0.7494 0.0, 0.1969 1.1811 0.0, 0.2756 1.1811 0.0, 0.1969 1.063 0.0, 0.2756 1.063 0.0, 0.2769 1.0528 0.0, 0.4383 1.0433 0.0, 0.4446 1.0352 0.0, 0.353 1.0528 0.0, 0.9055 1.063 0.0, 0.9063 1.0552 0.0, 0.9086 1.0477 0.0, 0.7772 1.025 0.0, 0.7874 1.0236 0.0, 0.7976 1.025 0.0, 0.3543 1.1811 0.0, 0.4331 1.1811 0.0, 0.3543 1.063 0.0, 0.4331 1.063 0.0, 0.4344 1.0528 0.0, 0.4623 1.025 0.0, 0.4528 1.0289 0.0, 0.6197 1.025 0.0, 0.6102 1.0289 0.0, 1.1811 0.1969 0.0787, 1.1811 0.2756 0.0787, 1.1811 0.3543 0.0787, 1.1811 -0.1181 0.0787, 1.1811 0.5118 0.0787, 1.1811 0.4331 0.0787, 1.1811 0.6693 0.0787, 1.1811 -0.9843 0.0787, 1.1811 -0.9055 0.0787, 1.1811 0.0394 0.0787, 1.1811 0.1181 0.0787, 1.1811 0.748 0.0787, 1.1811 0.8268 0.0787, 1.1811 0.5906 0.0787, 1.1811 -0.8268 0.0787, 1.1811 -0.748 0.0787, 1.1811 0.9843 0.0787, 1.1811 0.9055 0.0787, 1.1811 -0.6693 0.0787, 1.1811 -0.5906 0.0787, 1.1811 -0.5118 0.0787, 1.1811 -0.4331 0.0787, 1.1811 -0.3543 0.0787, 1.1811 -0.2756 0.0787, 1.1811 -0.0394 0.0787, 1.1811 -0.1969 0.0787, -0.8268 1.1811 0.0787, -0.9843 1.1811 0.0787, -0.9055 1.1811 0.0787, 0.9843 1.1811 0.0787, 0.9055 1.1811 0.0787, 0.6693 1.1811 0.0787, 0.5906 1.1811 0.0787, 0.748 1.1811 0.0787, 0.8268 1.1811 0.0787, 0.3543 1.1811 0.0787, 0.2756 1.1811 0.0787, 0.4331 1.1811 0.0787, 0.5118 1.1811 0.0787, 0.0394 1.1811 0.0787, -0.0394 1.1811 0.0787, 0.1181 1.1811 0.0787, 0.1969 1.1811 0.0787, -0.2756 1.1811 0.0787, -0.3543 1.1811 0.0787, -0.1969 1.1811 0.0787, -0.1181 1.1811 0.0787, -0.5906 1.1811 0.0787, -0.6693 1.1811 0.0787, -0.5118 1.1811 0.0787, -0.4331 1.1811 0.0787, -0.748 1.1811 0.0787, -1.1811 -0.1969 0.0787, -1.1811 -0.2756 0.0787, -1.1811 -0.3543 0.0787, -1.1811 0.1181 0.0787, -1.1811 -0.5118 0.0787, -1.1811 -0.4331 0.0787, -1.1811 -0.6693 0.0787, -1.1811 0.9843 0.0787, -1.1811 0.9055 0.0787, -1.1811 -0.0394 0.0787, -1.1811 -0.1181 0.0787, -1.1811 -0.748 0.0787, -1.1811 -0.8268 0.0787, -1.1811 -0.5906 0.0787, -1.1811 0.8268 0.0787, -1.1811 0.748 0.0787, -1.1811 -0.9843 0.0787, -1.1811 -0.9055 0.0787, -1.1811 0.6693 0.0787, -1.1811 0.5906 0.0787, -1.1811 0.5118 0.0787, -1.1811 0.4331 0.0787, -1.1811 0.3543 0.0787, -1.1811 0.2756 0.0787, -1.1811 0.0394 0.0787, -1.1811 0.1969 0.0787, 0.8268 -1.1811 0.0787, 0.9843 -1.1811 0.0787, 0.9055 -1.1811 0.0787, -0.9843 -1.1811 0.0787, -0.9055 -1.1811 0.0787, -0.6693 -1.1811 0.0787, -0.5906 -1.1811 0.0787, -0.748 -1.1811 0.0787, -0.8268 -1.1811 0.0787, -0.3543 -1.1811 0.0787, -0.2756 -1.1811 0.0787, -0.4331 -1.1811 0.0787, -0.5118 -1.1811 0.0787, -0.0394 -1.1811 0.0787, 0.0394 -1.1811 0.0787, -0.1181 -1.1811 0.0787, -0.1969 -1.1811 0.0787, 0.2756 -1.1811 0.0787, 0.3543 -1.1811 0.0787, 0.1969 -1.1811 0.0787, 0.1181 -1.1811 0.0787, 0.5906 -1.1811 0.0787, 0.6693 -1.1811 0.0787, 0.5118 -1.1811 0.0787, 0.4331 -1.1811 0.0787, 0.748 -1.1811 0.0787, 0.748 -1.1811 0.0787
            ]
        }
        coordIndex [
            0,1,2,-1,3,4,5,-1,6,7,0,-1,8,9,10,-1,11,12,13,-1,14,15,16,-1,17,18,19,-1,19,18,20,-1,21,22,19,-1,19,22,23,-1,19,23,24,-1,24,25,19,-1,19,25,26,-1,19,26,17,-1,27,28,29,-1,29,28,30,-1,29,30,31,-1,32,33,34,-1,34,33,28,-1,34,28,35,-1,35,28,27,-1,30,36,37,-1,31,30,38,-1,38,30,37,-1,38,37,39,-1,40,41,42,-1,43,44,30,-1,30,44,45,-1,30,45,36,-1,16,15,46,-1,15,47,46,-1,46,47,48,-1,46,48,42,-1,42,48,49,-1,42,49,40,-1,50,51,52,-1,52,51,53,-1,53,54,52,-1,52,54,55,-1,52,55,56,-1,56,57,52,-1,52,57,58,-1,52,58,16,-1,16,58,59,-1,16,59,14,-1,50,52,60,-1,60,52,61,-1,60,61,62,-1,63,64,65,-1,66,67,68,-1,68,69,66,-1,66,69,70,-1,66,70,63,-1,63,70,71,-1,63,71,64,-1,72,73,74,-1,74,73,75,-1,75,76,74,-1,74,76,77,-1,74,77,78,-1,79,80,81,-1,82,83,84,-1,85,86,72,-1,72,86,87,-1,72,87,88,-1,89,90,91,-1,92,93,81,-1,81,93,94,-1,81,94,89,-1,91,95,89,-1,89,95,96,-1,89,96,97,-1,98,99,100,-1,100,99,101,-1,102,103,104,-1,104,103,105,-1,84,106,82,-1,82,106,107,-1,82,107,108,-1,108,109,82,-1,82,109,110,-1,82,110,72,-1,72,110,111,-1,72,111,85,-1,97,112,89,-1,89,112,113,-1,89,113,81,-1,81,113,114,-1,81,114,79,-1,115,116,117,-1,117,116,118,-1,117,118,100,-1,100,118,119,-1,100,119,98,-1,101,120,100,-1,100,120,121,-1,100,121,122,-1,88,123,72,-1,72,123,124,-1,72,124,125,-1,125,124,115,-1,125,115,126,-1,126,115,117,-1,127,128,100,-1,100,128,129,-1,100,129,81,-1,81,129,130,-1,81,130,92,-1,122,131,100,-1,100,131,132,-1,100,132,133,-1,133,134,100,-1,100,134,135,-1,100,135,127,-1,136,137,89,-1,89,137,138,-1,139,90,140,-1,140,90,89,-1,140,89,141,-1,141,89,138,-1,142,143,89,-1,143,144,89,-1,89,144,145,-1,89,145,136,-1,146,147,13,-1,146,13,148,-1,149,150,151,-1,150,152,151,-1,151,152,153,-1,151,153,154,-1,151,155,13,-1,13,155,156,-1,13,156,157,-1,157,158,13,-1,13,158,159,-1,13,159,148,-1,13,12,151,-1,151,12,160,-1,151,160,149,-1,154,161,151,-1,151,161,162,-1,151,162,163,-1,163,162,164,-1,163,164,165,-1,165,164,166,-1,147,142,13,-1,13,142,89,-1,13,89,11,-1,11,89,94,-1,11,94,167,-1,167,94,168,-1,168,169,167,-1,167,169,170,-1,167,170,171,-1,18,172,20,-1,20,172,173,-1,20,173,104,-1,104,173,174,-1,104,174,102,-1,175,176,177,-1,177,176,178,-1,177,178,179,-1,180,181,182,-1,182,181,183,-1,176,184,178,-1,178,184,185,-1,178,185,186,-1,186,185,187,-1,186,187,188,-1,188,187,189,-1,188,189,183,-1,183,189,190,-1,183,190,182,-1,191,192,193,-1,193,192,194,-1,195,196,197,-1,197,196,198,-1,197,199,195,-1,195,199,200,-1,195,200,201,-1,201,200,202,-1,201,202,203,-1,191,193,204,-1,204,193,200,-1,204,200,205,-1,205,200,199,-1,205,199,206,-1,199,207,206,-1,206,207,208,-1,206,208,209,-1,198,196,210,-1,210,196,211,-1,210,211,212,-1,213,211,214,-1,214,211,215,-1,202,216,203,-1,203,216,212,-1,203,212,10,-1,10,212,211,-1,10,211,217,-1,217,211,213,-1,8,10,218,-1,219,220,217,-1,217,220,221,-1,217,221,10,-1,10,221,222,-1,10,222,218,-1,223,224,225,-1,226,227,217,-1,217,227,228,-1,217,228,229,-1,229,230,217,-1,217,230,231,-1,217,231,219,-1,232,233,234,-1,234,233,235,-1,225,236,223,-1,223,236,237,-1,223,237,238,-1,238,237,235,-1,238,235,239,-1,239,235,233,-1,224,223,217,-1,217,223,240,-1,217,240,226,-1,0,7,1,-1,1,7,241,-1,1,241,242,-1,242,241,243,-1,242,243,215,-1,244,245,0,-1,0,245,246,-1,246,247,0,-1,0,247,248,-1,0,248,6,-1,249,250,251,-1,252,253,254,-1,254,253,255,-1,256,257,258,-1,258,257,259,-1,258,259,260,-1,261,262,263,-1,263,262,264,-1,263,264,258,-1,258,264,265,-1,258,265,256,-1,266,267,186,-1,268,269,188,-1,188,269,270,-1,271,272,273,-1,273,272,186,-1,273,186,274,-1,274,186,267,-1,270,275,188,-1,188,275,276,-1,188,276,277,-1,277,278,188,-1,188,278,279,-1,188,279,186,-1,186,279,280,-1,186,280,266,-1,195,281,268,-1,268,281,282,-1,268,282,269,-1,271,283,272,-1,272,283,284,-1,272,284,201,-1,201,284,285,-1,201,285,195,-1,195,285,286,-1,195,286,281,-1,287,288,289,-1,290,291,292,-1,292,291,293,-1,287,289,294,-1,295,296,297,-1,297,298,299,-1,300,263,301,-1,301,263,302,-1,290,303,291,-1,291,303,304,-1,291,304,305,-1,305,304,306,-1,307,308,306,-1,306,308,309,-1,306,309,305,-1,296,310,297,-1,297,310,311,-1,297,311,298,-1,312,313,289,-1,289,313,314,-1,289,314,294,-1,299,315,297,-1,297,315,316,-1,297,316,263,-1,263,316,293,-1,263,293,302,-1,302,293,291,-1,317,318,319,-1,319,318,320,-1,319,320,321,-1,322,323,324,-1,324,323,325,-1,324,325,326,-1,300,327,263,-1,263,327,328,-1,263,328,329,-1,330,331,306,-1,306,331,332,-1,306,332,333,-1,9,261,334,-1,334,261,263,-1,334,263,335,-1,335,263,329,-1,335,329,322,-1,322,329,336,-1,322,336,323,-1,333,337,306,-1,306,337,338,-1,306,338,307,-1,339,340,341,-1,341,340,342,-1,341,342,326,-1,326,342,343,-1,326,343,324,-1,288,344,345,-1,345,344,346,-1,344,347,346,-1,346,347,348,-1,346,348,349,-1,317,339,318,-1,318,339,341,-1,318,341,350,-1,350,341,351,-1,350,351,352,-1,352,351,353,-1,352,353,354,-1,354,353,355,-1,356,355,345,-1,345,355,353,-1,345,353,288,-1,288,353,351,-1,288,351,289,-1,357,358,5,-1,359,360,5,-1,335,361,334,-1,334,361,362,-1,334,362,363,-1,359,5,364,-1,363,365,334,-1,334,365,366,-1,334,366,367,-1,367,366,368,-1,367,368,357,-1,360,369,5,-1,5,369,370,-1,5,370,3,-1,371,372,358,-1,358,372,373,-1,358,373,5,-1,5,373,374,-1,5,374,364,-1,375,376,377,-1,377,376,378,-1,377,378,379,-1,377,380,375,-1,375,380,381,-1,375,381,382,-1,382,383,375,-1,375,383,384,-1,375,384,385,-1,385,384,386,-1,385,386,387,-1,387,386,388,-1,387,388,358,-1,358,388,389,-1,358,389,371,-1,390,391,379,-1,379,391,392,-1,379,392,377,-1,393,394,321,-1,321,394,395,-1,321,395,319,-1,393,396,394,-1,394,396,397,-1,394,397,398,-1,398,397,399,-1,398,400,401,-1,399,402,398,-1,398,402,403,-1,398,403,404,-1,404,405,398,-1,398,405,406,-1,398,406,400,-1,401,407,398,-1,398,407,408,-1,398,408,409,-1,410,411,412,-1,413,414,415,-1,412,416,410,-1,410,416,417,-1,410,417,418,-1,418,417,413,-1,418,413,419,-1,419,413,415,-1,420,421,5,-1,5,421,422,-1,357,5,367,-1,367,5,422,-1,367,422,416,-1,416,422,423,-1,416,423,417,-1,424,421,425,-1,425,421,420,-1,425,420,426,-1,427,428,429,-1,356,345,4,-1,4,345,427,-1,4,427,5,-1,5,427,429,-1,5,429,420,-1,420,429,430,-1,420,430,431,-1,431,432,420,-1,420,432,433,-1,420,433,434,-1,435,436,437,-1,437,436,438,-1,437,438,427,-1,427,438,439,-1,427,439,428,-1,434,440,420,-1,420,440,441,-1,420,441,426,-1,442,443,444,-1,442,444,445,-1,443,446,444,-1,444,446,447,-1,444,447,437,-1,437,447,448,-1,437,448,435,-1,449,450,451,-1,451,450,452,-1,453,454,455,-1,455,454,456,-1,455,456,457,-1,457,456,458,-1,457,458,459,-1,449,451,460,-1,460,451,456,-1,460,456,461,-1,461,456,454,-1,461,454,462,-1,454,463,462,-1,462,463,464,-1,462,464,465,-1,458,466,459,-1,459,466,467,-1,459,467,468,-1,468,467,469,-1,453,455,470,-1,470,455,471,-1,470,471,469,-1,469,471,412,-1,469,412,468,-1,468,412,411,-1,468,411,445,-1,472,2,473,-1,473,2,1,-1,473,1,474,-1,474,1,242,-1,474,242,475,-1,475,242,476,-1,475,476,477,-1,477,476,478,-1,477,478,479,-1,479,478,480,-1,479,480,481,-1,481,480,482,-1,481,482,483,-1,483,482,484,-1,483,484,485,-1,485,484,486,-1,485,486,487,-1,488,489,490,-1,472,491,492,-1,492,493,472,-1,472,493,494,-1,472,494,495,-1,496,497,33,-1,489,498,490,-1,490,498,499,-1,490,499,472,-1,472,499,500,-1,472,500,491,-1,497,501,33,-1,33,501,502,-1,33,502,503,-1,503,504,33,-1,33,504,505,-1,33,505,28,-1,28,505,506,-1,506,507,28,-1,28,507,508,-1,28,508,509,-1,509,510,28,-1,28,510,511,-1,28,511,490,-1,490,511,512,-1,490,512,488,-1,215,211,242,-1,242,211,196,-1,242,196,476,-1,476,196,195,-1,476,195,478,-1,478,195,268,-1,478,268,480,-1,480,268,188,-1,480,188,482,-1,482,188,183,-1,482,183,484,-1,484,183,181,-1,484,181,486,-1,495,496,472,-1,472,496,33,-1,472,33,2,-1,2,33,251,-1,2,251,0,-1,0,251,250,-1,0,250,244,-1,490,513,28,-1,28,513,514,-1,28,514,30,-1,30,514,42,-1,30,42,43,-1,43,42,41,-1,515,254,251,-1,251,254,255,-1,251,255,249,-1,516,517,20,-1,20,517,19,-1,19,517,518,-1,19,518,519,-1,520,515,519,-1,519,515,251,-1,519,251,19,-1,19,251,33,-1,19,33,21,-1,21,33,32,-1,9,334,10,-1,10,334,367,-1,10,367,203,-1,203,367,416,-1,203,416,201,-1,201,416,412,-1,201,412,272,-1,272,412,471,-1,272,471,186,-1,186,471,455,-1,186,455,178,-1,515,516,254,-1,254,516,20,-1,254,20,521,-1,521,20,104,-1,522,523,457,-1,524,525,526,-1,526,522,524,-1,524,522,457,-1,524,457,527,-1,527,457,528,-1,527,528,529,-1,529,528,530,-1,182,179,180,-1,180,179,178,-1,180,178,530,-1,530,178,455,-1,530,455,529,-1,529,455,531,-1,532,523,533,-1,533,523,531,-1,533,531,534,-1,534,531,535,-1,532,536,523,-1,523,536,537,-1,523,537,538,-1,539,455,540,-1,540,455,457,-1,540,457,541,-1,541,457,523,-1,541,523,542,-1,542,523,538,-1,543,544,531,-1,531,544,545,-1,531,545,535,-1,539,546,455,-1,455,546,547,-1,455,547,531,-1,531,547,548,-1,531,548,543,-1,260,252,258,-1,258,252,254,-1,258,254,263,-1,263,254,521,-1,263,521,297,-1,297,521,549,-1,550,521,551,-1,551,521,104,-1,551,104,82,-1,82,104,105,-1,82,105,83,-1,550,552,521,-1,521,552,553,-1,521,553,549,-1,549,553,554,-1,549,554,82,-1,82,554,555,-1,82,555,551,-1,556,557,558,-1,558,557,553,-1,558,553,559,-1,559,553,552,-1,559,552,560,-1,560,552,561,-1,445,444,468,-1,468,444,562,-1,468,562,459,-1,459,562,563,-1,459,563,457,-1,457,563,564,-1,457,564,528,-1,72,74,82,-1,82,74,565,-1,82,565,549,-1,549,565,346,-1,549,346,297,-1,297,346,349,-1,297,349,295,-1,67,66,78,-1,78,66,566,-1,78,566,74,-1,74,566,567,-1,74,567,565,-1,565,567,568,-1,565,568,346,-1,346,568,569,-1,346,569,345,-1,345,569,570,-1,345,570,427,-1,427,570,571,-1,427,571,437,-1,437,571,572,-1,437,572,444,-1,444,572,573,-1,444,573,562,-1,562,573,574,-1,562,574,563,-1,563,574,575,-1,563,575,564,-1,65,62,63,-1,63,62,61,-1,63,61,66,-1,66,61,576,-1,577,578,579,-1,580,581,582,-1,583,584,585,-1,586,587,588,-1,589,590,591,-1,592,581,577,-1,593,594,592,-1,595,586,585,-1,585,586,588,-1,585,588,583,-1,583,588,590,-1,579,596,597,-1,598,599,600,-1,601,602,603,-1,603,602,604,-1,603,604,605,-1,577,579,592,-1,592,579,597,-1,592,597,606,-1,607,608,602,-1,609,610,611,-1,612,613,614,-1,615,616,617,-1,617,616,618,-1,617,618,619,-1,619,618,620,-1,619,620,599,-1,621,622,623,-1,623,622,624,-1,611,625,588,-1,588,625,626,-1,588,626,627,-1,628,629,630,-1,631,632,633,-1,634,635,602,-1,636,602,637,-1,637,602,638,-1,602,639,640,-1,641,642,643,-1,644,645,646,-1,646,645,647,-1,646,647,599,-1,599,647,648,-1,599,648,600,-1,649,588,650,-1,650,588,587,-1,650,587,651,-1,651,587,652,-1,627,653,588,-1,588,653,654,-1,588,654,592,-1,655,656,657,-1,658,659,660,-1,661,662,663,-1,663,662,664,-1,665,666,592,-1,667,668,669,-1,669,668,670,-1,671,672,673,-1,674,592,675,-1,675,592,676,-1,674,677,592,-1,592,677,678,-1,592,678,581,-1,581,678,679,-1,581,679,582,-1,680,681,601,-1,601,681,682,-1,601,682,602,-1,602,682,683,-1,602,683,634,-1,684,685,686,-1,687,688,592,-1,689,592,690,-1,690,592,691,-1,592,692,693,-1,694,695,696,-1,649,697,588,-1,588,697,698,-1,588,698,699,-1,657,700,655,-1,655,700,701,-1,655,701,702,-1,702,703,655,-1,655,703,592,-1,655,592,704,-1,704,592,654,-1,614,705,612,-1,612,705,660,-1,612,660,706,-1,706,660,659,-1,707,708,709,-1,709,708,710,-1,709,710,663,-1,663,710,711,-1,663,711,661,-1,673,672,632,-1,632,672,712,-1,632,712,633,-1,713,714,715,-1,715,714,716,-1,715,716,668,-1,668,716,717,-1,668,717,670,-1,713,676,714,-1,714,676,592,-1,714,592,633,-1,633,592,594,-1,633,594,631,-1,718,719,720,-1,636,721,602,-1,602,721,722,-1,602,722,639,-1,639,722,723,-1,639,723,724,-1,724,725,639,-1,639,725,726,-1,639,726,727,-1,640,728,602,-1,602,728,729,-1,602,729,730,-1,731,732,733,-1,733,732,734,-1,735,736,737,-1,737,736,734,-1,737,734,738,-1,738,734,732,-1,739,602,737,-1,737,602,730,-1,737,730,735,-1,740,741,742,-1,742,741,743,-1,742,743,744,-1,745,746,747,-1,747,746,748,-1,747,748,749,-1,750,751,752,-1,752,751,753,-1,752,753,754,-1,755,756,757,-1,757,756,758,-1,602,755,759,-1,760,761,588,-1,686,762,684,-1,684,762,763,-1,684,763,600,-1,600,763,764,-1,600,764,598,-1,765,766,606,-1,606,766,767,-1,606,767,592,-1,592,767,768,-1,592,768,687,-1,769,770,771,-1,771,770,772,-1,771,772,773,-1,646,774,775,-1,776,777,778,-1,779,780,781,-1,781,780,782,-1,783,784,608,-1,785,786,602,-1,787,788,789,-1,789,788,790,-1,789,790,791,-1,791,790,651,-1,791,651,792,-1,792,651,652,-1,699,793,588,-1,588,793,794,-1,588,794,611,-1,611,794,795,-1,611,795,609,-1,796,797,798,-1,798,797,799,-1,798,799,610,-1,610,799,800,-1,610,800,611,-1,801,802,803,-1,803,802,804,-1,803,804,660,-1,660,804,805,-1,660,805,658,-1,806,807,808,-1,808,809,806,-1,806,809,810,-1,806,810,811,-1,812,813,814,-1,814,813,815,-1,816,817,818,-1,819,820,821,-1,821,820,822,-1,821,822,667,-1,667,822,823,-1,667,823,668,-1,720,824,718,-1,718,824,825,-1,718,825,582,-1,582,825,826,-1,582,826,580,-1,827,828,829,-1,829,828,830,-1,829,830,831,-1,831,830,681,-1,831,681,832,-1,832,681,680,-1,635,833,602,-1,602,833,834,-1,602,834,638,-1,638,834,835,-1,638,835,836,-1,836,837,638,-1,638,837,838,-1,638,838,839,-1,840,602,743,-1,743,602,739,-1,743,739,744,-1,750,602,748,-1,748,602,840,-1,748,840,749,-1,750,752,602,-1,602,752,841,-1,602,841,755,-1,755,841,842,-1,755,842,756,-1,642,843,643,-1,643,843,844,-1,643,844,845,-1,845,844,846,-1,847,848,849,-1,849,848,850,-1,850,851,849,-1,849,851,852,-1,849,852,853,-1,641,643,759,-1,759,643,854,-1,759,854,602,-1,602,854,855,-1,602,855,856,-1,857,858,859,-1,859,858,602,-1,602,858,588,-1,588,858,860,-1,588,860,760,-1,689,861,592,-1,592,861,862,-1,592,862,692,-1,692,862,863,-1,692,863,864,-1,864,865,692,-1,692,865,866,-1,692,866,867,-1,693,868,592,-1,592,868,869,-1,592,869,870,-1,871,872,873,-1,873,872,874,-1,875,876,877,-1,877,876,874,-1,877,874,878,-1,878,874,872,-1,879,592,877,-1,877,592,870,-1,877,870,875,-1,880,881,882,-1,882,881,883,-1,882,883,884,-1,885,886,887,-1,887,886,888,-1,887,888,889,-1,890,891,892,-1,892,891,893,-1,892,893,894,-1,895,896,897,-1,897,896,898,-1,895,770,592,-1,592,770,769,-1,592,769,899,-1,900,901,902,-1,903,904,644,-1,644,904,905,-1,644,905,645,-1,906,907,908,-1,908,907,909,-1,908,909,624,-1,624,909,910,-1,624,910,623,-1,599,620,646,-1,646,620,911,-1,646,911,912,-1,646,913,914,-1,778,777,915,-1,916,917,918,-1,918,917,919,-1,920,921,922,-1,922,921,923,-1,922,923,924,-1,925,926,927,-1,927,926,928,-1,628,630,929,-1,929,630,930,-1,929,930,814,-1,814,930,931,-1,814,931,812,-1,932,933,753,-1,753,933,934,-1,753,934,754,-1,756,935,758,-1,758,935,936,-1,758,936,937,-1,937,936,938,-1,859,939,857,-1,857,939,940,-1,857,940,941,-1,941,942,857,-1,857,942,943,-1,857,943,944,-1,847,849,856,-1,856,849,945,-1,856,945,602,-1,602,945,946,-1,602,946,859,-1,947,948,949,-1,949,948,950,-1,949,950,951,-1,951,950,766,-1,951,766,952,-1,952,766,765,-1,688,953,592,-1,592,953,954,-1,592,954,691,-1,691,954,955,-1,691,955,956,-1,956,957,691,-1,691,957,958,-1,691,958,959,-1,960,592,883,-1,883,592,879,-1,883,879,884,-1,890,592,888,-1,888,592,960,-1,888,960,889,-1,890,892,592,-1,592,892,961,-1,592,961,895,-1,895,961,962,-1,895,962,896,-1,773,963,771,-1,771,963,964,-1,771,964,965,-1,965,964,966,-1,900,967,901,-1,901,967,968,-1,901,968,969,-1,969,970,901,-1,901,970,971,-1,901,971,972,-1,899,900,592,-1,592,900,902,-1,592,902,644,-1,644,902,973,-1,644,973,974,-1,975,976,620,-1,620,976,977,-1,620,977,911,-1,775,978,646,-1,646,978,979,-1,646,979,913,-1,913,979,980,-1,981,982,983,-1,980,984,913,-1,913,984,982,-1,913,982,985,-1,985,982,981,-1,783,608,918,-1,918,608,986,-1,918,986,916,-1,987,988,989,-1,989,988,990,-1,991,992,993,-1,993,992,994,-1,993,994,995,-1,995,994,656,-1,995,656,996,-1,996,656,655,-1,997,998,999,-1,999,998,1000,-1,999,1000,664,-1,664,1000,1001,-1,664,1001,663,-1,703,1002,592,-1,592,1002,613,-1,592,613,708,-1,708,613,612,-1,707,1003,708,-1,708,1003,1004,-1,708,1004,592,-1,592,1004,1005,-1,592,1005,665,-1,1006,1007,1008,-1,1008,1009,1006,-1,1006,1009,1010,-1,1006,1010,1011,-1,1011,1010,1012,-1,761,1013,588,-1,588,1013,1014,-1,588,1014,590,-1,590,1014,1015,-1,590,1015,591,-1,1016,1017,893,-1,893,1017,1018,-1,893,1018,894,-1,896,1019,898,-1,898,1019,1020,-1,898,1020,1021,-1,1021,1020,1022,-1,1023,1024,1025,-1,1025,1026,1023,-1,1023,1026,1027,-1,1023,1027,1028,-1,903,644,1029,-1,1029,644,974,-1,1029,974,1023,-1,1023,974,1030,-1,1023,1030,1024,-1,912,1031,646,-1,646,1031,1032,-1,646,1032,1033,-1,914,1034,646,-1,646,1034,1035,-1,646,1035,602,-1,1036,1035,1037,-1,779,781,777,-1,777,781,1038,-1,777,1038,915,-1,784,1039,608,-1,608,1039,1040,-1,608,1040,602,-1,602,1040,696,-1,694,696,989,-1,989,696,1041,-1,989,1041,987,-1,920,922,1042,-1,1042,922,1043,-1,1042,1043,1044,-1,1045,1046,1047,-1,1047,1046,1048,-1,1047,1048,1049,-1,1049,1048,1050,-1,1049,1050,811,-1,811,1050,1051,-1,811,1051,806,-1,1052,666,817,-1,817,666,1053,-1,817,1053,818,-1,1054,1055,1056,-1,1056,1055,1057,-1,1056,1057,673,-1,673,1057,1058,-1,673,1058,671,-1,1059,1060,1061,-1,1062,1063,1064,-1,1064,1063,1065,-1,1064,1065,1066,-1,1066,1065,976,-1,1066,976,1067,-1,1067,976,975,-1,774,646,1068,-1,1068,646,1033,-1,1068,1033,623,-1,623,1033,1069,-1,623,1069,621,-1,1037,1070,1036,-1,1036,1070,1071,-1,1036,1071,1072,-1,1036,1073,1035,-1,1035,1073,1074,-1,1035,1074,602,-1,602,1074,781,-1,602,781,607,-1,607,781,782,-1,1075,1076,1077,-1,1077,1076,1078,-1,1077,1078,924,-1,924,1078,1079,-1,924,1079,922,-1,1080,1081,1082,-1,1082,1081,1083,-1,1084,1085,1086,-1,1083,1087,1082,-1,1082,1087,1085,-1,1082,1085,1088,-1,1088,1085,1084,-1,695,1089,696,-1,696,1089,1090,-1,696,1090,602,-1,602,1090,1081,-1,602,1081,785,-1,785,1081,1080,-1,1091,1092,1093,-1,1093,1092,1094,-1,1093,1094,927,-1,927,1094,1095,-1,927,1095,925,-1,1096,1097,1098,-1,1098,1097,1099,-1,1100,1101,1102,-1,1102,1101,1103,-1,1102,1103,815,-1,815,1103,1104,-1,815,1104,814,-1,1105,1106,1107,-1,1107,1106,1108,-1,1107,1108,726,-1,726,1108,1109,-1,726,1109,727,-1,1110,1111,1112,-1,1112,1111,1113,-1,1112,1113,733,-1,733,1113,1114,-1,733,1114,731,-1,1115,1116,1117,-1,1118,1119,1120,-1,1121,1122,1123,-1,1124,1125,1126,-1,1126,1125,1127,-1,1126,1127,846,-1,846,1127,1128,-1,846,1128,845,-1,1061,1129,1059,-1,1059,1129,1130,-1,1059,1130,591,-1,591,1130,1131,-1,591,1131,589,-1,1132,1133,1134,-1,1135,1136,1137,-1,1137,1136,1138,-1,1137,1138,919,-1,919,1138,1139,-1,919,1139,918,-1,1140,1141,1142,-1,1142,1141,1143,-1,1142,1143,928,-1,928,1143,1144,-1,928,1144,927,-1,1145,1146,1147,-1,1147,1146,1148,-1,1147,1148,818,-1,818,1148,1149,-1,818,1149,816,-1,1150,1151,1152,-1,1152,1151,1153,-1,1152,1153,838,-1,838,1153,1154,-1,838,1154,839,-1,742,1155,740,-1,740,1155,1156,-1,740,1156,1157,-1,1157,1156,1158,-1,1157,1158,1159,-1,1159,1158,1115,-1,1159,1115,1160,-1,1160,1115,1117,-1,747,1161,745,-1,745,1161,1162,-1,745,1162,1163,-1,1163,1162,1164,-1,1163,1164,1165,-1,1165,1164,1118,-1,1165,1118,1166,-1,1166,1118,1120,-1,932,1167,933,-1,933,1167,1168,-1,933,1168,1169,-1,1169,1168,1121,-1,1169,1121,1170,-1,1170,1121,1123,-1,1171,1172,1173,-1,1173,1172,1174,-1,1173,1174,938,-1,938,1174,1175,-1,938,1175,937,-1,1176,1177,1178,-1,1178,1177,1179,-1,1178,1179,852,-1,852,1179,1180,-1,852,1180,853,-1,1181,1182,1183,-1,1183,1182,1184,-1,1183,1184,866,-1,866,1184,1185,-1,866,1185,867,-1,1186,1187,1188,-1,1188,1187,1189,-1,1188,1189,873,-1,873,1189,1190,-1,873,1190,871,-1,1191,1192,1193,-1,1194,1195,1196,-1,1197,1198,1199,-1,1200,1201,1202,-1,1202,1201,1203,-1,1202,1203,966,-1,966,1203,1204,-1,966,1204,965,-1,1205,1206,1207,-1,1207,1206,1208,-1,1207,1208,983,-1,983,1208,1209,-1,983,1209,981,-1,778,1210,776,-1,776,1210,1132,-1,776,1132,1211,-1,1211,1132,1134,-1,1212,1213,1214,-1,1214,1213,1215,-1,1214,1215,990,-1,990,1215,1216,-1,990,1216,989,-1,602,1217,1218,-1,1219,1220,1221,-1,1221,1220,1222,-1,1221,1222,1223,-1,1223,1222,1012,-1,1223,1012,1224,-1,1224,1012,1010,-1,1006,1225,1007,-1,1007,1225,1226,-1,1007,1226,592,-1,592,1226,1227,-1,592,1227,593,-1,1228,1229,1230,-1,1230,1229,1231,-1,1230,1231,943,-1,943,1231,1232,-1,943,1232,944,-1,1233,1234,1235,-1,1235,1234,1236,-1,1235,1236,958,-1,958,1236,1237,-1,958,1237,959,-1,882,1238,880,-1,880,1238,1239,-1,880,1239,1240,-1,1240,1239,1241,-1,1240,1241,1242,-1,1242,1241,1191,-1,1242,1191,1243,-1,1243,1191,1193,-1,887,1244,885,-1,885,1244,1245,-1,885,1245,1246,-1,1246,1245,1247,-1,1246,1247,1248,-1,1248,1247,1194,-1,1248,1194,1249,-1,1249,1194,1196,-1,1016,1250,1017,-1,1017,1250,1251,-1,1017,1251,1252,-1,1252,1251,1197,-1,1252,1197,1253,-1,1253,1197,1199,-1,1254,1255,1256,-1,1256,1255,1257,-1,1256,1257,1022,-1,1022,1257,1258,-1,1022,1258,1021,-1,1259,1260,1261,-1,1261,1260,1262,-1,1261,1262,971,-1,971,1262,1263,-1,971,1263,972,-1,1264,1265,1266,-1,1266,1265,1267,-1,1266,1267,1268,-1,1268,1267,1269,-1,1268,1269,1071,-1,1071,1269,1270,-1,1071,1270,1072,-1,786,1271,602,-1,602,1271,1272,-1,602,1272,1273,-1,1274,604,1275,-1,1275,604,602,-1,1275,602,1097,-1,1097,602,1218,-1,1097,1218,1099,-1,1276,1277,1278,-1,806,1279,807,-1,807,1279,1280,-1,807,1280,630,-1,1052,1281,666,-1,666,1281,807,-1,666,807,592,-1,592,807,630,-1,592,630,1007,-1,1007,630,629,-1,1282,1283,1284,-1,1284,1283,1285,-1,1284,1285,1027,-1,1027,1285,1286,-1,1027,1286,1028,-1,1287,1288,1289,-1,1289,1288,1290,-1,1289,1290,1086,-1,1086,1290,1291,-1,1086,1291,1084,-1,1292,1293,1294,-1,1294,1293,1273,-1,1278,1295,1276,-1,1276,1295,1296,-1,1276,1296,1098,-1,1098,1296,1297,-1,1098,1297,1096,-1,1298,1299,602,-1,602,1299,1300,-1,602,1300,1217,-1,1301,1302,1303,-1,1303,1302,1304,-1,1303,1304,1294,-1,1294,1304,1305,-1,1294,1305,1292,-1,1044,602,1306,-1,1306,602,1273,-1,1306,1273,1307,-1,1307,1273,1293,-1,1091,1298,1092,-1,1092,1298,602,-1,1092,602,1308,-1,1308,602,1044,-1,1308,1044,1309,-1,1309,1044,1043,-1,1310,1117,1116,-1,1311,1312,487,-1,1313,1123,1122,-1,1314,487,1315,-1,1315,487,1312,-1,1315,1312,1110,-1,1110,1312,1111,-1,1316,1151,1150,-1,585,584,575,-1,575,584,1317,-1,575,1317,1318,-1,1120,1119,1319,-1,1319,1119,1320,-1,1321,1322,487,-1,1150,1321,1316,-1,1316,1321,487,-1,1316,487,1323,-1,1323,487,1314,-1,1323,1314,1105,-1,1105,1314,1106,-1,1061,1060,1318,-1,1318,1060,1324,-1,1318,1324,575,-1,575,1324,1325,-1,605,604,1326,-1,1326,604,487,-1,1326,487,1327,-1,1327,487,1322,-1,1327,1322,827,-1,827,1322,828,-1,1229,1228,1325,-1,1325,1228,1328,-1,1325,1328,575,-1,575,1328,1329,-1,1177,1176,1329,-1,1329,1176,1330,-1,1329,1330,575,-1,575,1330,1331,-1,1125,1124,1331,-1,1331,1124,1332,-1,1331,1332,575,-1,575,1332,1333,-1,1122,1334,1313,-1,1313,1334,575,-1,1313,575,1335,-1,1335,575,1333,-1,1335,1333,1171,-1,1171,1333,1172,-1,1116,1311,1310,-1,1310,1311,487,-1,1310,487,1320,-1,1320,487,575,-1,1320,575,1319,-1,1319,575,1334,-1,487,604,1274,-1,1336,1063,1062,-1,616,615,1337,-1,1337,615,513,-1,1337,513,1338,-1,1274,1339,487,-1,487,1339,1340,-1,487,1340,513,-1,1341,1342,513,-1,1343,1141,1140,-1,1140,1341,1343,-1,1343,1341,513,-1,1343,513,1344,-1,1344,513,1340,-1,1344,1340,1277,-1,1277,1340,1278,-1,1345,1346,513,-1,1347,1302,1301,-1,1301,1345,1347,-1,1347,1345,513,-1,1347,513,1348,-1,1348,513,1342,-1,1348,1342,1075,-1,1075,1342,1076,-1,1349,1350,513,-1,1351,1213,1212,-1,1212,1349,1351,-1,1351,1349,513,-1,1351,513,1352,-1,1352,513,1346,-1,1352,1346,1287,-1,1287,1346,1288,-1,1353,1354,513,-1,1355,1134,1133,-1,1133,1353,1355,-1,1355,1353,513,-1,1355,513,1356,-1,1356,513,1350,-1,1356,1350,1135,-1,1135,1350,1136,-1,1357,1358,513,-1,1359,1206,1205,-1,1205,1357,1359,-1,1359,1357,513,-1,1359,513,1360,-1,1360,513,1354,-1,1360,1354,1264,-1,1264,1354,1265,-1,1062,1338,1336,-1,1336,1338,513,-1,1336,513,1361,-1,1361,513,1358,-1,1361,1358,906,-1,906,1358,907,-1,1362,1193,1192,-1,1363,1364,576,-1,1365,1199,1198,-1,1366,576,1367,-1,1367,576,1364,-1,1367,1364,1186,-1,1186,1364,1187,-1,1368,1234,1233,-1,615,617,513,-1,513,617,1369,-1,513,1369,1370,-1,1196,1195,1371,-1,1371,1195,1372,-1,1373,1374,576,-1,1233,1373,1368,-1,1368,1373,576,-1,1368,576,1375,-1,1375,576,1366,-1,1375,1366,1181,-1,1181,1366,1182,-1,686,685,1370,-1,1370,685,1376,-1,1370,1376,513,-1,513,1376,1377,-1,596,579,1378,-1,1378,579,576,-1,1378,576,1379,-1,1379,576,1374,-1,1379,1374,947,-1,947,1374,948,-1,1283,1282,1377,-1,1377,1282,1380,-1,1377,1380,513,-1,513,1380,1381,-1,1260,1259,1381,-1,1381,1259,1382,-1,1381,1382,513,-1,513,1382,1383,-1,1201,1200,1383,-1,1383,1200,1384,-1,1383,1384,513,-1,513,1384,1385,-1,1198,1386,1365,-1,1365,1386,513,-1,1365,513,1387,-1,1387,513,1385,-1,1387,1385,1254,-1,1254,1385,1255,-1,1192,1363,1362,-1,1362,1363,576,-1,1362,576,1372,-1,1372,576,513,-1,1372,513,1371,-1,1371,513,1386,-1,576,579,578,-1,1388,788,787,-1,595,585,1389,-1,1389,585,575,-1,1389,575,1390,-1,578,1391,576,-1,576,1391,1392,-1,576,1392,575,-1,1393,1394,575,-1,1395,820,819,-1,819,1393,1395,-1,1395,1393,575,-1,1395,575,1396,-1,1396,575,1392,-1,1396,1392,719,-1,719,1392,720,-1,1397,1398,575,-1,1399,1220,1219,-1,1219,1397,1399,-1,1399,1397,575,-1,1399,575,1400,-1,1400,575,1394,-1,1400,1394,1054,-1,1054,1394,1055,-1,1401,1402,575,-1,1403,1046,1045,-1,1045,1401,1403,-1,1403,1401,575,-1,1403,575,1404,-1,1404,575,1398,-1,1404,1398,1100,-1,1100,1398,1101,-1,1405,1406,575,-1,1407,998,997,-1,997,1405,1407,-1,1407,1405,575,-1,1407,575,1408,-1,1408,575,1402,-1,1408,1402,1145,-1,1145,1402,1146,-1,1409,1410,575,-1,1411,992,991,-1,991,1409,1411,-1,1411,1409,575,-1,1411,575,1412,-1,1412,575,1406,-1,1412,1406,801,-1,801,1406,802,-1,787,1390,1388,-1,1388,1390,575,-1,1388,575,1413,-1,1413,575,1410,-1,1413,1410,796,-1,796,1410,797,-1,
        ]
    }
}
Shape{
    appearance Appearance {
        material  Material 	{
            diffuseColor 0.0 0.0 0.0
            specularColor 0.0 0.0 0.0
            ambientIntensity 0.2
            transparency 0
            shininess 0.5
        }
    }
    geometry IndexedFaceSet {
        ccw TRUE
        solid FALSE
        coord DEF co Coordinate {
            point [
                -0.6438 0.7401 0.287, -0.6438 0.7401 0.2874, -0.6485 0.7757 0.287, -0.6485 0.7757 0.2874, -0.6622 0.8088 0.287, -0.6622 0.8088 0.2874, -0.684 0.8373 0.287, -0.684 0.8373 0.2874, -0.7125 0.8592 0.287, -0.7125 0.8592 0.2874, -0.7457 0.8729 0.287, -0.7457 0.8729 0.2874, -0.7813 0.8776 0.287, -0.7813 0.8776 0.2874, -0.8169 0.8729 0.287, -0.8169 0.8729 0.2874, -0.8501 0.8592 0.287, -0.8501 0.8592 0.2874, -0.8785 0.8373 0.287, -0.8785 0.8373 0.2874, -0.9004 0.8088 0.287, -0.9004 0.8088 0.2874, -0.9141 0.7757 0.287, -0.9141 0.7757 0.2874, -0.9188 0.7401 0.287, -0.9188 0.7401 0.2874, -0.9141 0.7045 0.287, -0.9141 0.7045 0.2874, -0.9004 0.6713 0.287, -0.9004 0.6713 0.2874, -0.8785 0.6428 0.287, -0.8785 0.6428 0.2874, -0.8501 0.621 0.287, -0.8501 0.621 0.2874, -0.8169 0.6072 0.287, -0.8169 0.6072 0.2874, -0.7813 0.6025 0.287, -0.7813 0.6025 0.2874, -0.7457 0.6072 0.287, -0.7457 0.6072 0.2874, -0.7125 0.621 0.287, -0.7125 0.621 0.2874, -0.684 0.6428 0.287, -0.684 0.6428 0.2874, -0.6622 0.6713 0.287, -0.6622 0.6713 0.2874, -0.6485 0.7045 0.287, -0.6485 0.7045 0.2874, -0.7813 0.7401 0.287, -0.7813 0.7401 0.287
            ]
        }
        coordIndex [
            0,1,2,-1,2,1,3,-1,2,3,4,-1,4,3,5,-1,4,5,6,-1,6,5,7,-1,6,7,8,-1,8,7,9,-1,8,9,10,-1,10,9,11,-1,10,11,12,-1,12,11,13,-1,12,13,14,-1,14,13,15,-1,14,15,16,-1,16,15,17,-1,16,17,18,-1,18,17,19,-1,18,19,20,-1,20,19,21,-1,20,21,22,-1,22,21,23,-1,22,23,24,-1,24,23,25,-1,24,25,26,-1,26,25,27,-1,26,27,28,-1,28,27,29,-1,28,29,30,-1,30,29,31,-1,30,31,32,-1,32,31,33,-1,32,33,34,-1,34,33,35,-1,34,35,36,-1,36,35,37,-1,36,37,38,-1,38,37,39,-1,38,39,40,-1,40,39,41,-1,40,41,42,-1,42,41,43,-1,42,43,44,-1,44,43,45,-1,44,45,46,-1,46,45,47,-1,46,47,0,-1,0,47,1,-1,44,46,48,-1,48,46,0,-1,48,0,2,-1,38,40,48,-1,48,40,42,-1,48,42,44,-1,32,34,48,-1,48,34,36,-1,48,36,38,-1,26,28,48,-1,48,28,30,-1,48,30,32,-1,20,22,48,-1,48,22,24,-1,48,24,26,-1,14,16,48,-1,48,16,18,-1,48,18,20,-1,8,10,48,-1,48,10,12,-1,48,12,14,-1,2,4,48,-1,48,4,6,-1,48,6,8,-1,
        ]
    }
}
Shape{
    appearance Appearance {
        material  Material 	{
            diffuseColor 0.7529411764705882 0.7529411764705882 0.7529411764705882
            specularColor 0.3764705882352941 0.3764705882352941 0.3764705882352941
            ambientIntensity 0.2
            transparency 0
            shininess 0.5
        }
    }
    geometry IndexedFaceSet {
        ccw TRUE
        solid FALSE
        coord DEF co Coordinate {
            point [
                1.185 -0.0394 0.0787, 1.185 0.0394 0.0787, 1.1811 -0.0394 0.0787, 1.1811 0.0394 0.0787, 1.1811 0.0394 0.0, 1.185 0.0394 -0.0118, 1.063 0.0394 0.0, 1.063 0.0394 -0.0118, 1.0528 0.038 -0.0118, 1.0528 0.038 0.0, 1.0433 0.0341 -0.0118, 1.0433 0.0341 0.0, 1.0352 0.0278 -0.0118, 1.0352 0.0278 0.0, 1.0289 0.0197 -0.0118, 1.0289 0.0197 0.0, 1.025 0.0102 -0.0118, 1.025 0.0102 0.0, 1.0236 -0.0 -0.0118, 1.0236 -0.0 0.0, 1.025 -0.0102 -0.0118, 1.025 -0.0102 0.0, 1.0289 -0.0197 -0.0118, 1.0289 -0.0197 0.0, 1.0352 -0.0278 -0.0118, 1.0352 -0.0278 0.0, 1.0433 -0.0341 -0.0118, 1.0433 -0.0341 0.0, 1.0528 -0.038 -0.0118, 1.0528 -0.038 0.0, 1.063 -0.0394 -0.0118, 1.063 -0.0394 0.0, 1.1811 -0.0394 0.0, 1.185 -0.0394 -0.0118, 1.185 -0.1969 0.0787, 1.185 -0.1181 0.0787, 1.1811 -0.1969 0.0787, 1.1811 -0.1181 0.0787, 1.1811 -0.1181 0.0, 1.185 -0.1181 -0.0118, 1.063 -0.1181 0.0, 1.063 -0.1181 -0.0118, 1.0528 -0.1195 -0.0118, 1.0528 -0.1195 0.0, 1.0433 -0.1234 -0.0118, 1.0433 -0.1234 0.0, 1.0352 -0.1296 -0.0118, 1.0352 -0.1296 0.0, 1.0289 -0.1378 -0.0118, 1.0289 -0.1378 0.0, 1.025 -0.1473 -0.0118, 1.025 -0.1473 0.0, 1.0236 -0.1575 -0.0118, 1.0236 -0.1575 0.0, 1.025 -0.1677 -0.0118, 1.025 -0.1677 0.0, 1.0289 -0.1772 -0.0118, 1.0289 -0.1772 0.0, 1.0352 -0.1853 -0.0118, 1.0352 -0.1853 0.0, 1.0433 -0.1916 -0.0118, 1.0433 -0.1916 0.0, 1.0528 -0.1955 -0.0118, 1.0528 -0.1955 0.0, 1.063 -0.1969 -0.0118, 1.063 -0.1969 0.0, 1.1811 -0.1969 0.0, 1.185 -0.1969 -0.0118, 1.185 -0.3543 0.0787, 1.185 -0.2756 0.0787, 1.1811 -0.3543 0.0787, 1.1811 -0.2756 0.0787, 1.1811 -0.2756 0.0, 1.185 -0.2756 -0.0118, 1.063 -0.2756 0.0, 1.063 -0.2756 -0.0118, 1.0528 -0.2769 -0.0118, 1.0528 -0.2769 0.0, 1.0433 -0.2809 -0.0118, 1.0433 -0.2809 0.0, 1.0352 -0.2871 -0.0118, 1.0352 -0.2871 0.0, 1.0289 -0.2953 -0.0118, 1.0289 -0.2953 0.0, 1.025 -0.3048 -0.0118, 1.025 -0.3048 0.0, 1.0236 -0.315 -0.0118, 1.0236 -0.315 0.0, 1.025 -0.3252 -0.0118, 1.025 -0.3252 0.0, 1.0289 -0.3346 -0.0118, 1.0289 -0.3346 0.0, 1.0352 -0.3428 -0.0118, 1.0352 -0.3428 0.0, 1.0433 -0.3491 -0.0118, 1.0433 -0.3491 0.0, 1.0528 -0.353 -0.0118, 1.0528 -0.353 0.0, 1.063 -0.3543 -0.0118, 1.063 -0.3543 0.0, 1.1811 -0.3543 0.0, 1.185 -0.3543 -0.0118, 1.185 -0.5118 0.0787, 1.185 -0.4331 0.0787, 1.1811 -0.5118 0.0787, 1.1811 -0.4331 0.0787, 1.1811 -0.4331 0.0, 1.185 -0.4331 -0.0118, 1.063 -0.4331 0.0, 1.063 -0.4331 -0.0118, 1.0528 -0.4344 -0.0118, 1.0528 -0.4344 0.0, 1.0433 -0.4383 -0.0118, 1.0433 -0.4383 0.0, 1.0352 -0.4446 -0.0118, 1.0352 -0.4446 0.0, 1.0289 -0.4528 -0.0118, 1.0289 -0.4528 0.0, 1.025 -0.4623 -0.0118, 1.025 -0.4623 0.0, 1.0236 -0.4724 -0.0118, 1.0236 -0.4724 0.0, 1.025 -0.4826 -0.0118, 1.025 -0.4826 0.0, 1.0289 -0.4921 -0.0118, 1.0289 -0.4921 0.0, 1.0352 -0.5003 -0.0118, 1.0352 -0.5003 0.0, 1.0433 -0.5065 -0.0118, 1.0433 -0.5065 0.0, 1.0528 -0.5105 -0.0118, 1.0528 -0.5105 0.0, 1.063 -0.5118 -0.0118, 1.063 -0.5118 0.0, 1.1811 -0.5118 0.0, 1.185 -0.5118 -0.0118, 1.185 -0.6693 0.0787, 1.185 -0.5906 0.0787, 1.1811 -0.6693 0.0787, 1.1811 -0.5906 0.0787, 1.1811 -0.5906 0.0, 1.185 -0.5906 -0.0118, 1.063 -0.5906 0.0, 1.063 -0.5906 -0.0118, 1.0528 -0.5919 -0.0118, 1.0528 -0.5919 0.0, 1.0433 -0.5958 -0.0118, 1.0433 -0.5958 0.0, 1.0352 -0.6021 -0.0118, 1.0352 -0.6021 0.0, 1.0289 -0.6102 -0.0118, 1.0289 -0.6102 0.0, 1.025 -0.6197 -0.0118, 1.025 -0.6197 0.0, 1.0236 -0.6299 -0.0118, 1.0236 -0.6299 0.0, 1.025 -0.6401 -0.0118, 1.025 -0.6401 0.0, 1.0289 -0.6496 -0.0118, 1.0289 -0.6496 0.0, 1.0352 -0.6578 -0.0118, 1.0352 -0.6578 0.0, 1.0433 -0.664 -0.0118, 1.0433 -0.664 0.0, 1.0528 -0.668 -0.0118, 1.0528 -0.668 0.0, 1.063 -0.6693 -0.0118, 1.063 -0.6693 0.0, 1.1811 -0.6693 0.0, 1.185 -0.6693 -0.0118, 1.185 -0.8268 0.0787, 1.185 -0.748 0.0787, 1.1811 -0.8268 0.0787, 1.1811 -0.748 0.0787, 1.1811 -0.748 0.0, 1.185 -0.748 -0.0118, 1.063 -0.748 0.0, 1.063 -0.748 -0.0118, 1.0528 -0.7494 -0.0118, 1.0528 -0.7494 0.0, 1.0433 -0.7533 -0.0118, 1.0433 -0.7533 0.0, 1.0352 -0.7596 -0.0118, 1.0352 -0.7596 0.0, 1.0289 -0.7677 -0.0118, 1.0289 -0.7677 0.0, 1.025 -0.7772 -0.0118, 1.025 -0.7772 0.0, 1.0236 -0.7874 -0.0118, 1.0236 -0.7874 0.0, 1.025 -0.7976 -0.0118, 1.025 -0.7976 0.0, 1.0289 -0.8071 -0.0118, 1.0289 -0.8071 0.0, 1.0352 -0.8152 -0.0118, 1.0352 -0.8152 0.0, 1.0433 -0.8215 -0.0118, 1.0433 -0.8215 0.0, 1.0528 -0.8254 -0.0118, 1.0528 -0.8254 0.0, 1.063 -0.8268 -0.0118, 1.063 -0.8268 0.0, 1.1811 -0.8268 0.0, 1.185 -0.8268 -0.0118, 1.185 -0.9843 0.0787, 1.185 -0.9055 0.0787, 1.1811 -0.9843 0.0787, 1.1811 -0.9055 0.0787, 1.1811 -0.9055 0.0, 1.185 -0.9055 -0.0118, 1.063 -0.9055 0.0, 1.063 -0.9055 -0.0118, 1.0552 -0.9063 -0.0118, 1.0552 -0.9063 0.0, 1.0477 -0.9086 -0.0118, 1.0477 -0.9086 0.0, 1.0409 -0.9123 -0.0118, 1.0409 -0.9123 0.0, 1.0349 -0.9173 -0.0118, 1.0349 -0.9173 0.0, 1.0906 -0.9843 0.0, 1.0906 -0.9843 -0.0118, 1.1811 -0.9843 0.0, 1.185 -0.9843 -0.0118, 1.185 0.1181 0.0787, 1.185 0.1969 0.0787, 1.1811 0.1181 0.0787, 1.1811 0.1969 0.0787, 1.1811 0.1969 0.0, 1.185 0.1969 -0.0118, 1.063 0.1969 0.0, 1.063 0.1969 -0.0118, 1.0528 0.1955 -0.0118, 1.0528 0.1955 0.0, 1.0433 0.1916 -0.0118, 1.0433 0.1916 0.0, 1.0352 0.1853 -0.0118, 1.0352 0.1853 0.0, 1.0289 0.1772 -0.0118, 1.0289 0.1772 0.0, 1.025 0.1677 -0.0118, 1.025 0.1677 0.0, 1.0236 0.1575 -0.0118, 1.0236 0.1575 0.0, 1.025 0.1473 -0.0118, 1.025 0.1473 0.0, 1.0289 0.1378 -0.0118, 1.0289 0.1378 0.0, 1.0352 0.1296 -0.0118, 1.0352 0.1296 0.0, 1.0433 0.1234 -0.0118, 1.0433 0.1234 0.0, 1.0528 0.1195 -0.0118, 1.0528 0.1195 0.0, 1.063 0.1181 -0.0118, 1.063 0.1181 0.0, 1.1811 0.1181 0.0, 1.185 0.1181 -0.0118, 1.185 0.2756 0.0787, 1.185 0.3543 0.0787, 1.1811 0.2756 0.0787, 1.1811 0.3543 0.0787, 1.1811 0.3543 0.0, 1.185 0.3543 -0.0118, 1.063 0.3543 0.0, 1.063 0.3543 -0.0118, 1.0528 0.353 -0.0118, 1.0528 0.353 0.0, 1.0433 0.3491 -0.0118, 1.0433 0.3491 0.0, 1.0352 0.3428 -0.0118, 1.0352 0.3428 0.0, 1.0289 0.3346 -0.0118, 1.0289 0.3346 0.0, 1.025 0.3252 -0.0118, 1.025 0.3252 0.0, 1.0236 0.315 -0.0118, 1.0236 0.315 0.0, 1.025 0.3048 -0.0118, 1.025 0.3048 0.0, 1.0289 0.2953 -0.0118, 1.0289 0.2953 0.0, 1.0352 0.2871 -0.0118, 1.0352 0.2871 0.0, 1.0433 0.2809 -0.0118, 1.0433 0.2809 0.0, 1.0528 0.2769 -0.0118, 1.0528 0.2769 0.0, 1.063 0.2756 -0.0118, 1.063 0.2756 0.0, 1.1811 0.2756 0.0, 1.185 0.2756 -0.0118, 1.185 0.4331 0.0787, 1.185 0.5118 0.0787, 1.1811 0.4331 0.0787, 1.1811 0.5118 0.0787, 1.1811 0.5118 0.0, 1.185 0.5118 -0.0118, 1.063 0.5118 0.0, 1.063 0.5118 -0.0118, 1.0528 0.5105 -0.0118, 1.0528 0.5105 0.0, 1.0433 0.5065 -0.0118, 1.0433 0.5065 0.0, 1.0352 0.5003 -0.0118, 1.0352 0.5003 0.0, 1.0289 0.4921 -0.0118, 1.0289 0.4921 0.0, 1.025 0.4826 -0.0118, 1.025 0.4826 0.0, 1.0236 0.4724 -0.0118, 1.0236 0.4724 0.0, 1.025 0.4623 -0.0118, 1.025 0.4623 0.0, 1.0289 0.4528 -0.0118, 1.0289 0.4528 0.0, 1.0352 0.4446 -0.0118, 1.0352 0.4446 0.0, 1.0433 0.4383 -0.0118, 1.0433 0.4383 0.0, 1.0528 0.4344 -0.0118, 1.0528 0.4344 0.0, 1.063 0.4331 -0.0118, 1.063 0.4331 0.0, 1.1811 0.4331 0.0, 1.185 0.4331 -0.0118, 1.185 0.5906 0.0787, 1.185 0.6693 0.0787, 1.1811 0.5906 0.0787, 1.1811 0.6693 0.0787, 1.1811 0.6693 0.0, 1.185 0.6693 -0.0118, 1.063 0.6693 0.0, 1.063 0.6693 -0.0118, 1.0528 0.668 -0.0118, 1.0528 0.668 0.0, 1.0433 0.664 -0.0118, 1.0433 0.664 0.0, 1.0352 0.6578 -0.0118, 1.0352 0.6578 0.0, 1.0289 0.6496 -0.0118, 1.0289 0.6496 0.0, 1.025 0.6401 -0.0118, 1.025 0.6401 0.0, 1.0236 0.6299 -0.0118, 1.0236 0.6299 0.0, 1.025 0.6197 -0.0118, 1.025 0.6197 0.0, 1.0289 0.6102 -0.0118, 1.0289 0.6102 0.0, 1.0352 0.6021 -0.0118, 1.0352 0.6021 0.0, 1.0433 0.5958 -0.0118, 1.0433 0.5958 0.0, 1.0528 0.5919 -0.0118, 1.0528 0.5919 0.0, 1.063 0.5906 -0.0118, 1.063 0.5906 0.0, 1.1811 0.5906 0.0, 1.185 0.5906 -0.0118, 1.185 0.748 0.0787, 1.185 0.8268 0.0787, 1.1811 0.748 0.0787, 1.1811 0.8268 0.0787, 1.1811 0.8268 0.0, 1.185 0.8268 -0.0118, 1.063 0.8268 0.0, 1.063 0.8268 -0.0118, 1.0528 0.8254 -0.0118, 1.0528 0.8254 0.0, 1.0433 0.8215 -0.0118, 1.0433 0.8215 0.0, 1.0352 0.8152 -0.0118, 1.0352 0.8152 0.0, 1.0289 0.8071 -0.0118, 1.0289 0.8071 0.0, 1.025 0.7976 -0.0118, 1.025 0.7976 0.0, 1.0236 0.7874 -0.0118, 1.0236 0.7874 0.0, 1.025 0.7772 -0.0118, 1.025 0.7772 0.0, 1.0289 0.7677 -0.0118, 1.0289 0.7677 0.0, 1.0352 0.7596 -0.0118, 1.0352 0.7596 0.0, 1.0433 0.7533 -0.0118, 1.0433 0.7533 0.0, 1.0528 0.7494 -0.0118, 1.0528 0.7494 0.0, 1.063 0.748 -0.0118, 1.063 0.748 0.0, 1.1811 0.748 0.0, 1.185 0.748 -0.0118, 1.185 0.9055 0.0787, 1.185 0.9843 0.0787, 1.1811 0.9055 0.0787, 1.1811 0.9843 0.0787, 1.1811 0.9843 0.0, 1.185 0.9843 -0.0118, 1.0906 0.9843 0.0, 1.0906 0.9843 -0.0118, 1.0349 0.9173 0.0, 1.0349 0.9173 -0.0118, 1.0409 0.9123 -0.0118, 1.0409 0.9123 0.0, 1.0477 0.9086 -0.0118, 1.0477 0.9086 0.0, 1.0552 0.9063 -0.0118, 1.0552 0.9063 0.0, 1.063 0.9055 -0.0118, 1.063 0.9055 0.0, 1.1811 0.9055 0.0, 1.185 0.9055 -0.0118, -0.9055 1.185 0.0787, -0.9843 1.185 0.0787, -0.9055 1.1811 0.0787, -0.9843 1.1811 0.0787, -0.9843 1.1811 0.0, -0.9843 1.185 -0.0118, -0.9843 1.0906 0.0, -0.9843 1.0906 -0.0118, -0.9173 1.0349 0.0, -0.9173 1.0349 -0.0118, -0.9123 1.0409 -0.0118, -0.9123 1.0409 0.0, -0.9086 1.0477 -0.0118, -0.9086 1.0477 0.0, -0.9063 1.0552 -0.0118, -0.9063 1.0552 0.0, -0.9055 1.063 -0.0118, -0.9055 1.063 0.0, -0.9055 1.1811 0.0, -0.9055 1.185 -0.0118, -1.185 -0.9055 0.0787, -1.185 -0.9843 0.0787, -1.1811 -0.9055 0.0787, -1.1811 -0.9843 0.0787, -1.1811 -0.9843 0.0, -1.185 -0.9843 -0.0118, -1.0906 -0.9843 0.0, -1.0906 -0.9843 -0.0118, -1.0349 -0.9173 0.0, -1.0349 -0.9173 -0.0118, -1.0409 -0.9123 -0.0118, -1.0409 -0.9123 0.0, -1.0477 -0.9086 -0.0118, -1.0477 -0.9086 0.0, -1.0552 -0.9063 -0.0118, -1.0552 -0.9063 0.0, -1.063 -0.9055 -0.0118, -1.063 -0.9055 0.0, -1.1811 -0.9055 0.0, -1.185 -0.9055 -0.0118, 0.9055 -1.185 0.0787, 0.9843 -1.185 0.0787, 0.9055 -1.1811 0.0787, 0.9843 -1.1811 0.0787, 0.9843 -1.1811 0.0, 0.9843 -1.185 -0.0118, 0.9843 -1.0906 0.0, 0.9843 -1.0906 -0.0118, 0.9173 -1.0349 0.0, 0.9173 -1.0349 -0.0118, 0.9123 -1.0409 -0.0118, 0.9123 -1.0409 0.0, 0.9086 -1.0477 -0.0118, 0.9086 -1.0477 0.0, 0.9063 -1.0552 -0.0118, 0.9063 -1.0552 0.0, 0.9055 -1.063 -0.0118, 0.9055 -1.063 0.0, 0.9055 -1.1811 0.0, 0.9055 -1.185 -0.0118, 0.0394 1.185 0.0787, -0.0394 1.185 0.0787, 0.0394 1.1811 0.0787, -0.0394 1.1811 0.0787, -0.0394 1.1811 0.0, -0.0394 1.185 -0.0118, -0.0394 1.063 0.0, -0.0394 1.063 -0.0118, -0.038 1.0528 -0.0118, -0.038 1.0528 0.0, -0.0341 1.0433 -0.0118, -0.0341 1.0433 0.0, -0.0278 1.0352 -0.0118, -0.0278 1.0352 0.0, -0.0197 1.0289 -0.0118, -0.0197 1.0289 0.0, -0.0102 1.025 -0.0118, -0.0102 1.025 0.0, -0.0 1.0236 -0.0118, -0.0 1.0236 0.0, 0.0102 1.025 -0.0118, 0.0102 1.025 0.0, 0.0197 1.0289 -0.0118, 0.0197 1.0289 0.0, 0.0278 1.0352 -0.0118, 0.0278 1.0352 0.0, 0.0341 1.0433 -0.0118, 0.0341 1.0433 0.0, 0.038 1.0528 -0.0118, 0.038 1.0528 0.0, 0.0394 1.063 -0.0118, 0.0394 1.063 0.0, 0.0394 1.1811 0.0, 0.0394 1.185 -0.0118, -1.185 0.0394 0.0787, -1.185 -0.0394 0.0787, -1.1811 0.0394 0.0787, -1.1811 -0.0394 0.0787, -1.1811 -0.0394 0.0, -1.185 -0.0394 -0.0118, -1.063 -0.0394 0.0, -1.063 -0.0394 -0.0118, -1.0528 -0.038 -0.0118, -1.0528 -0.038 0.0, -1.0433 -0.0341 -0.0118, -1.0433 -0.0341 0.0, -1.0352 -0.0278 -0.0118, -1.0352 -0.0278 0.0, -1.0289 -0.0197 -0.0118, -1.0289 -0.0197 0.0, -1.025 -0.0102 -0.0118, -1.025 -0.0102 0.0, -1.0236 0.0 -0.0118, -1.0236 0.0 0.0, -1.025 0.0102 -0.0118, -1.025 0.0102 0.0, -1.0289 0.0197 -0.0118, -1.0289 0.0197 0.0, -1.0352 0.0278 -0.0118, -1.0352 0.0278 0.0, -1.0433 0.0341 -0.0118, -1.0433 0.0341 0.0, -1.0528 0.038 -0.0118, -1.0528 0.038 0.0, -1.063 0.0394 -0.0118, -1.063 0.0394 0.0, -1.1811 0.0394 0.0, -1.185 0.0394 -0.0118, -0.0394 -1.185 0.0787, 0.0394 -1.185 0.0787, -0.0394 -1.1811 0.0787, 0.0394 -1.1811 0.0787, 0.0394 -1.1811 0.0, 0.0394 -1.185 -0.0118, 0.0394 -1.063 0.0, 0.0394 -1.063 -0.0118, 0.038 -1.0528 -0.0118, 0.038 -1.0528 0.0, 0.0341 -1.0433 -0.0118, 0.0341 -1.0433 0.0, 0.0278 -1.0352 -0.0118, 0.0278 -1.0352 0.0, 0.0197 -1.0289 -0.0118, 0.0197 -1.0289 0.0, 0.0102 -1.025 -0.0118, 0.0102 -1.025 0.0, 0.0 -1.0236 -0.0118, 0.0 -1.0236 0.0, -0.0102 -1.025 -0.0118, -0.0102 -1.025 0.0, -0.0197 -1.0289 -0.0118, -0.0197 -1.0289 0.0, -0.0278 -1.0352 -0.0118, -0.0278 -1.0352 0.0, -0.0341 -1.0433 -0.0118, -0.0341 -1.0433 0.0, -0.038 -1.0528 -0.0118, -0.038 -1.0528 0.0, -0.0394 -1.063 -0.0118, -0.0394 -1.063 0.0, -0.0394 -1.1811 0.0, -0.0394 -1.185 -0.0118, 0.1969 1.185 0.0787, 0.1181 1.185 0.0787, 0.1969 1.1811 0.0787, 0.1181 1.1811 0.0787, 0.1181 1.1811 0.0, 0.1181 1.185 -0.0118, 0.1181 1.063 0.0, 0.1181 1.063 -0.0118, 0.1195 1.0528 -0.0118, 0.1195 1.0528 0.0, 0.1234 1.0433 -0.0118, 0.1234 1.0433 0.0, 0.1296 1.0352 -0.0118, 0.1296 1.0352 0.0, 0.1378 1.0289 -0.0118, 0.1378 1.0289 0.0, 0.1473 1.025 -0.0118, 0.1473 1.025 0.0, 0.1575 1.0236 -0.0118, 0.1575 1.0236 0.0, 0.1677 1.025 -0.0118, 0.1677 1.025 0.0, 0.1772 1.0289 -0.0118, 0.1772 1.0289 0.0, 0.1853 1.0352 -0.0118, 0.1853 1.0352 0.0, 0.1916 1.0433 -0.0118, 0.1916 1.0433 0.0, 0.1955 1.0528 -0.0118, 0.1955 1.0528 0.0, 0.1969 1.063 -0.0118, 0.1969 1.063 0.0, 0.1969 1.1811 0.0, 0.1969 1.185 -0.0118, -1.185 0.1969 0.0787, -1.185 0.1181 0.0787, -1.1811 0.1969 0.0787, -1.1811 0.1181 0.0787, -1.1811 0.1181 0.0, -1.185 0.1181 -0.0118, -1.063 0.1181 0.0, -1.063 0.1181 -0.0118, -1.0528 0.1195 -0.0118, -1.0528 0.1195 0.0, -1.0433 0.1234 -0.0118, -1.0433 0.1234 0.0, -1.0352 0.1296 -0.0118, -1.0352 0.1296 0.0, -1.0289 0.1378 -0.0118, -1.0289 0.1378 0.0, -1.025 0.1473 -0.0118, -1.025 0.1473 0.0, -1.0236 0.1575 -0.0118, -1.0236 0.1575 0.0, -1.025 0.1677 -0.0118, -1.025 0.1677 0.0, -1.0289 0.1772 -0.0118, -1.0289 0.1772 0.0, -1.0352 0.1853 -0.0118, -1.0352 0.1853 0.0, -1.0433 0.1916 -0.0118, -1.0433 0.1916 0.0, -1.0528 0.1955 -0.0118, -1.0528 0.1955 0.0, -1.063 0.1969 -0.0118, -1.063 0.1969 0.0, -1.1811 0.1969 0.0, -1.185 0.1969 -0.0118, -0.1969 -1.185 0.0787, -0.1181 -1.185 0.0787, -0.1969 -1.1811 0.0787, -0.1181 -1.1811 0.0787, -0.1181 -1.1811 0.0, -0.1181 -1.185 -0.0118, -0.1181 -1.063 0.0, -0.1181 -1.063 -0.0118, -0.1195 -1.0528 -0.0118, -0.1195 -1.0528 0.0, -0.1234 -1.0433 -0.0118, -0.1234 -1.0433 0.0, -0.1296 -1.0352 -0.0118, -0.1296 -1.0352 0.0, -0.1378 -1.0289 -0.0118, -0.1378 -1.0289 0.0, -0.1473 -1.025 -0.0118, -0.1473 -1.025 0.0, -0.1575 -1.0236 -0.0118, -0.1575 -1.0236 0.0, -0.1677 -1.025 -0.0118, -0.1677 -1.025 0.0, -0.1772 -1.0289 -0.0118, -0.1772 -1.0289 0.0, -0.1853 -1.0352 -0.0118, -0.1853 -1.0352 0.0, -0.1916 -1.0433 -0.0118, -0.1916 -1.0433 0.0, -0.1955 -1.0528 -0.0118, -0.1955 -1.0528 0.0, -0.1969 -1.063 -0.0118, -0.1969 -1.063 0.0, -0.1969 -1.1811 0.0, -0.1969 -1.185 -0.0118, 0.3543 1.185 0.0787, 0.2756 1.185 0.0787, 0.3543 1.1811 0.0787, 0.2756 1.1811 0.0787, 0.2756 1.1811 0.0, 0.2756 1.185 -0.0118, 0.2756 1.063 0.0, 0.2756 1.063 -0.0118, 0.2769 1.0528 -0.0118, 0.2769 1.0528 0.0, 0.2809 1.0433 -0.0118, 0.2809 1.0433 0.0, 0.2871 1.0352 -0.0118, 0.2871 1.0352 0.0, 0.2953 1.0289 -0.0118, 0.2953 1.0289 0.0, 0.3048 1.025 -0.0118, 0.3048 1.025 0.0, 0.315 1.0236 -0.0118, 0.315 1.0236 0.0, 0.3252 1.025 -0.0118, 0.3252 1.025 0.0, 0.3346 1.0289 -0.0118, 0.3346 1.0289 0.0, 0.3428 1.0352 -0.0118, 0.3428 1.0352 0.0, 0.3491 1.0433 -0.0118, 0.3491 1.0433 0.0, 0.353 1.0528 -0.0118, 0.353 1.0528 0.0, 0.3543 1.063 -0.0118, 0.3543 1.063 0.0, 0.3543 1.1811 0.0, 0.3543 1.185 -0.0118, -1.185 0.3543 0.0787, -1.185 0.2756 0.0787, -1.1811 0.3543 0.0787, -1.1811 0.2756 0.0787, -1.1811 0.2756 0.0, -1.185 0.2756 -0.0118, -1.063 0.2756 0.0, -1.063 0.2756 -0.0118, -1.0528 0.2769 -0.0118, -1.0528 0.2769 0.0, -1.0433 0.2809 -0.0118, -1.0433 0.2809 0.0, -1.0352 0.2871 -0.0118, -1.0352 0.2871 0.0, -1.0289 0.2953 -0.0118, -1.0289 0.2953 0.0, -1.025 0.3048 -0.0118, -1.025 0.3048 0.0, -1.0236 0.315 -0.0118, -1.0236 0.315 0.0, -1.025 0.3252 -0.0118, -1.025 0.3252 0.0, -1.0289 0.3346 -0.0118, -1.0289 0.3346 0.0, -1.0352 0.3428 -0.0118, -1.0352 0.3428 0.0, -1.0433 0.3491 -0.0118, -1.0433 0.3491 0.0, -1.0528 0.353 -0.0118, -1.0528 0.353 0.0, -1.063 0.3543 -0.0118, -1.063 0.3543 0.0, -1.1811 0.3543 0.0, -1.185 0.3543 -0.0118, -0.3543 -1.185 0.0787, -0.2756 -1.185 0.0787, -0.3543 -1.1811 0.0787, -0.2756 -1.1811 0.0787, -0.2756 -1.1811 0.0, -0.2756 -1.185 -0.0118, -0.2756 -1.063 0.0, -0.2756 -1.063 -0.0118, -0.2769 -1.0528 -0.0118, -0.2769 -1.0528 0.0, -0.2809 -1.0433 -0.0118, -0.2809 -1.0433 0.0, -0.2871 -1.0352 -0.0118, -0.2871 -1.0352 0.0, -0.2953 -1.0289 -0.0118, -0.2953 -1.0289 0.0, -0.3048 -1.025 -0.0118, -0.3048 -1.025 0.0, -0.315 -1.0236 -0.0118, -0.315 -1.0236 0.0, -0.3252 -1.025 -0.0118, -0.3252 -1.025 0.0, -0.3346 -1.0289 -0.0118, -0.3346 -1.0289 0.0, -0.3428 -1.0352 -0.0118, -0.3428 -1.0352 0.0, -0.3491 -1.0433 -0.0118, -0.3491 -1.0433 0.0, -0.353 -1.0528 -0.0118, -0.353 -1.0528 0.0, -0.3543 -1.063 -0.0118, -0.3543 -1.063 0.0, -0.3543 -1.1811 0.0, -0.3543 -1.185 -0.0118, 0.5118 1.185 0.0787, 0.4331 1.185 0.0787, 0.5118 1.1811 0.0787, 0.4331 1.1811 0.0787, 0.4331 1.1811 0.0, 0.4331 1.185 -0.0118, 0.4331 1.063 0.0, 0.4331 1.063 -0.0118, 0.4344 1.0528 -0.0118, 0.4344 1.0528 0.0, 0.4383 1.0433 -0.0118, 0.4383 1.0433 0.0, 0.4446 1.0352 -0.0118, 0.4446 1.0352 0.0, 0.4528 1.0289 -0.0118, 0.4528 1.0289 0.0, 0.4623 1.025 -0.0118, 0.4623 1.025 0.0, 0.4724 1.0236 -0.0118, 0.4724 1.0236 0.0, 0.4826 1.025 -0.0118, 0.4826 1.025 0.0, 0.4921 1.0289 -0.0118, 0.4921 1.0289 0.0, 0.5003 1.0352 -0.0118, 0.5003 1.0352 0.0, 0.5065 1.0433 -0.0118, 0.5065 1.0433 0.0, 0.5105 1.0528 -0.0118, 0.5105 1.0528 0.0, 0.5118 1.063 -0.0118, 0.5118 1.063 0.0, 0.5118 1.1811 0.0, 0.5118 1.185 -0.0118, -1.185 0.5118 0.0787, -1.185 0.4331 0.0787, -1.1811 0.5118 0.0787, -1.1811 0.4331 0.0787, -1.1811 0.4331 0.0, -1.185 0.4331 -0.0118, -1.063 0.4331 0.0, -1.063 0.4331 -0.0118, -1.0528 0.4344 -0.0118, -1.0528 0.4344 0.0, -1.0433 0.4383 -0.0118, -1.0433 0.4383 0.0, -1.0352 0.4446 -0.0118, -1.0352 0.4446 0.0, -1.0289 0.4528 -0.0118, -1.0289 0.4528 0.0, -1.025 0.4623 -0.0118, -1.025 0.4623 0.0, -1.0236 0.4724 -0.0118, -1.0236 0.4724 0.0, -1.025 0.4826 -0.0118, -1.025 0.4826 0.0, -1.0289 0.4921 -0.0118, -1.0289 0.4921 0.0, -1.0352 0.5003 -0.0118, -1.0352 0.5003 0.0, -1.0433 0.5065 -0.0118, -1.0433 0.5065 0.0, -1.0528 0.5105 -0.0118, -1.0528 0.5105 0.0, -1.063 0.5118 -0.0118, -1.063 0.5118 0.0, -1.1811 0.5118 0.0, -1.185 0.5118 -0.0118, -0.5118 -1.185 0.0787, -0.4331 -1.185 0.0787, -0.5118 -1.1811 0.0787, -0.4331 -1.1811 0.0787, -0.4331 -1.1811 0.0, -0.4331 -1.185 -0.0118, -0.4331 -1.063 0.0, -0.4331 -1.063 -0.0118, -0.4344 -1.0528 -0.0118, -0.4344 -1.0528 0.0, -0.4383 -1.0433 -0.0118, -0.4383 -1.0433 0.0, -0.4446 -1.0352 -0.0118, -0.4446 -1.0352 0.0, -0.4528 -1.0289 -0.0118, -0.4528 -1.0289 0.0, -0.4623 -1.025 -0.0118, -0.4623 -1.025 0.0, -0.4724 -1.0236 -0.0118, -0.4724 -1.0236 0.0, -0.4826 -1.025 -0.0118, -0.4826 -1.025 0.0, -0.4921 -1.0289 -0.0118, -0.4921 -1.0289 0.0, -0.5003 -1.0352 -0.0118, -0.5003 -1.0352 0.0, -0.5065 -1.0433 -0.0118, -0.5065 -1.0433 0.0, -0.5105 -1.0528 -0.0118, -0.5105 -1.0528 0.0, -0.5118 -1.063 -0.0118, -0.5118 -1.063 0.0, -0.5118 -1.1811 0.0, -0.5118 -1.185 -0.0118, 0.6693 1.185 0.0787, 0.5906 1.185 0.0787, 0.6693 1.1811 0.0787, 0.5906 1.1811 0.0787, 0.5906 1.1811 0.0, 0.5906 1.185 -0.0118, 0.5906 1.063 0.0, 0.5906 1.063 -0.0118, 0.5919 1.0528 -0.0118, 0.5919 1.0528 0.0, 0.5958 1.0433 -0.0118, 0.5958 1.0433 0.0, 0.6021 1.0352 -0.0118, 0.6021 1.0352 0.0, 0.6102 1.0289 -0.0118, 0.6102 1.0289 0.0, 0.6197 1.025 -0.0118, 0.6197 1.025 0.0, 0.6299 1.0236 -0.0118, 0.6299 1.0236 0.0, 0.6401 1.025 -0.0118, 0.6401 1.025 0.0, 0.6496 1.0289 -0.0118, 0.6496 1.0289 0.0, 0.6578 1.0352 -0.0118, 0.6578 1.0352 0.0, 0.664 1.0433 -0.0118, 0.664 1.0433 0.0, 0.668 1.0528 -0.0118, 0.668 1.0528 0.0, 0.6693 1.063 -0.0118, 0.6693 1.063 0.0, 0.6693 1.1811 0.0, 0.6693 1.185 -0.0118, -1.185 0.6693 0.0787, -1.185 0.5906 0.0787, -1.1811 0.6693 0.0787, -1.1811 0.5906 0.0787, -1.1811 0.5906 0.0, -1.185 0.5906 -0.0118, -1.063 0.5906 0.0, -1.063 0.5906 -0.0118, -1.0528 0.5919 -0.0118, -1.0528 0.5919 0.0, -1.0433 0.5958 -0.0118, -1.0433 0.5958 0.0, -1.0352 0.6021 -0.0118, -1.0352 0.6021 0.0, -1.0289 0.6102 -0.0118, -1.0289 0.6102 0.0, -1.025 0.6197 -0.0118, -1.025 0.6197 0.0, -1.0236 0.6299 -0.0118, -1.0236 0.6299 0.0, -1.025 0.6401 -0.0118, -1.025 0.6401 0.0, -1.0289 0.6496 -0.0118, -1.0289 0.6496 0.0, -1.0352 0.6578 -0.0118, -1.0352 0.6578 0.0, -1.0433 0.664 -0.0118, -1.0433 0.664 0.0, -1.0528 0.668 -0.0118, -1.0528 0.668 0.0, -1.063 0.6693 -0.0118, -1.063 0.6693 0.0, -1.1811 0.6693 0.0, -1.185 0.6693 -0.0118, -0.6693 -1.185 0.0787, -0.5906 -1.185 0.0787, -0.6693 -1.1811 0.0787, -0.5906 -1.1811 0.0787, -0.5906 -1.1811 0.0, -0.5906 -1.185 -0.0118, -0.5906 -1.063 0.0, -0.5906 -1.063 -0.0118, -0.5919 -1.0528 -0.0118, -0.5919 -1.0528 0.0, -0.5958 -1.0433 -0.0118, -0.5958 -1.0433 0.0, -0.6021 -1.0352 -0.0118, -0.6021 -1.0352 0.0, -0.6102 -1.0289 -0.0118, -0.6102 -1.0289 0.0, -0.6197 -1.025 -0.0118, -0.6197 -1.025 0.0, -0.6299 -1.0236 -0.0118, -0.6299 -1.0236 0.0, -0.6401 -1.025 -0.0118, -0.6401 -1.025 0.0, -0.6496 -1.0289 -0.0118, -0.6496 -1.0289 0.0, -0.6578 -1.0352 -0.0118, -0.6578 -1.0352 0.0, -0.664 -1.0433 -0.0118, -0.664 -1.0433 0.0, -0.668 -1.0528 -0.0118, -0.668 -1.0528 0.0, -0.6693 -1.063 -0.0118, -0.6693 -1.063 0.0, -0.6693 -1.1811 0.0, -0.6693 -1.185 -0.0118, 0.8268 1.185 0.0787, 0.748 1.185 0.0787, 0.8268 1.1811 0.0787, 0.748 1.1811 0.0787, 0.748 1.1811 0.0, 0.748 1.185 -0.0118, 0.748 1.063 0.0, 0.748 1.063 -0.0118, 0.7494 1.0528 -0.0118, 0.7494 1.0528 0.0, 0.7533 1.0433 -0.0118, 0.7533 1.0433 0.0, 0.7596 1.0352 -0.0118, 0.7596 1.0352 0.0, 0.7677 1.0289 -0.0118, 0.7677 1.0289 0.0, 0.7772 1.025 -0.0118, 0.7772 1.025 0.0, 0.7874 1.0236 -0.0118, 0.7874 1.0236 0.0, 0.7976 1.025 -0.0118, 0.7976 1.025 0.0, 0.8071 1.0289 -0.0118, 0.8071 1.0289 0.0, 0.8152 1.0352 -0.0118, 0.8152 1.0352 0.0, 0.8215 1.0433 -0.0118, 0.8215 1.0433 0.0, 0.8254 1.0528 -0.0118, 0.8254 1.0528 0.0, 0.8268 1.063 -0.0118, 0.8268 1.063 0.0, 0.8268 1.1811 0.0, 0.8268 1.185 -0.0118, -1.185 0.8268 0.0787, -1.185 0.748 0.0787, -1.1811 0.8268 0.0787, -1.1811 0.748 0.0787, -1.1811 0.748 0.0, -1.185 0.748 -0.0118, -1.063 0.748 0.0, -1.063 0.748 -0.0118, -1.0528 0.7494 -0.0118, -1.0528 0.7494 0.0, -1.0433 0.7533 -0.0118, -1.0433 0.7533 0.0, -1.0352 0.7596 -0.0118, -1.0352 0.7596 0.0, -1.0289 0.7677 -0.0118, -1.0289 0.7677 0.0, -1.025 0.7772 -0.0118, -1.025 0.7772 0.0, -1.0236 0.7874 -0.0118, -1.0236 0.7874 0.0, -1.025 0.7976 -0.0118, -1.025 0.7976 0.0, -1.0289 0.8071 -0.0118, -1.0289 0.8071 0.0, -1.0352 0.8152 -0.0118, -1.0352 0.8152 0.0, -1.0433 0.8215 -0.0118, -1.0433 0.8215 0.0, -1.0528 0.8254 -0.0118, -1.0528 0.8254 0.0, -1.063 0.8268 -0.0118, -1.063 0.8268 0.0, -1.1811 0.8268 0.0, -1.185 0.8268 -0.0118, -0.8268 -1.185 0.0787, -0.748 -1.185 0.0787, -0.8268 -1.1811 0.0787, -0.748 -1.1811 0.0787, -0.748 -1.1811 0.0, -0.748 -1.185 -0.0118, -0.748 -1.063 0.0, -0.748 -1.063 -0.0118, -0.7494 -1.0528 -0.0118, -0.7494 -1.0528 0.0, -0.7533 -1.0433 -0.0118, -0.7533 -1.0433 0.0, -0.7596 -1.0352 -0.0118, -0.7596 -1.0352 0.0, -0.7677 -1.0289 -0.0118, -0.7677 -1.0289 0.0, -0.7772 -1.025 -0.0118, -0.7772 -1.025 0.0, -0.7874 -1.0236 -0.0118, -0.7874 -1.0236 0.0, -0.7976 -1.025 -0.0118, -0.7976 -1.025 0.0, -0.8071 -1.0289 -0.0118, -0.8071 -1.0289 0.0, -0.8152 -1.0352 -0.0118, -0.8152 -1.0352 0.0, -0.8215 -1.0433 -0.0118, -0.8215 -1.0433 0.0, -0.8254 -1.0528 -0.0118, -0.8254 -1.0528 0.0, -0.8268 -1.063 -0.0118, -0.8268 -1.063 0.0, -0.8268 -1.1811 0.0, -0.8268 -1.185 -0.0118, 0.9843 1.0906 0.0, 0.9173 1.0349 0.0, 0.9843 1.0906 -0.0118, 0.9173 1.0349 -0.0118, 0.9055 1.063 0.0, 0.9055 1.063 -0.0118, 0.9063 1.0552 -0.0118, 0.9063 1.0552 0.0, 0.9086 1.0477 -0.0118, 0.9086 1.0477 0.0, 0.9123 1.0409 -0.0118, 0.9123 1.0409 0.0, 0.9055 1.1811 0.0787, 0.9055 1.185 0.0787, 0.9055 1.1811 0.0, 0.9055 1.185 -0.0118, 0.9843 1.185 0.0787, 0.9843 1.1811 0.0787, 0.9843 1.1811 0.0, 0.9843 1.185 -0.0118, -1.0906 0.9843 0.0, -1.0349 0.9173 0.0, -1.0906 0.9843 -0.0118, -1.0349 0.9173 -0.0118, -1.063 0.9055 0.0, -1.063 0.9055 -0.0118, -1.0552 0.9063 -0.0118, -1.0552 0.9063 0.0, -1.0477 0.9086 -0.0118, -1.0477 0.9086 0.0, -1.0409 0.9123 -0.0118, -1.0409 0.9123 0.0, -1.1811 0.9055 0.0787, -1.185 0.9055 0.0787, -1.1811 0.9055 0.0, -1.185 0.9055 -0.0118, -1.185 0.9843 0.0787, -1.1811 0.9843 0.0787, -1.1811 0.9843 0.0, -1.185 0.9843 -0.0118, -0.9843 -1.0906 0.0, -0.9173 -1.0349 0.0, -0.9843 -1.0906 -0.0118, -0.9173 -1.0349 -0.0118, -0.9055 -1.063 0.0, -0.9055 -1.063 -0.0118, -0.9063 -1.0552 -0.0118, -0.9063 -1.0552 0.0, -0.9086 -1.0477 -0.0118, -0.9086 -1.0477 0.0, -0.9123 -1.0409 -0.0118, -0.9123 -1.0409 0.0, -0.9055 -1.1811 0.0787, -0.9055 -1.185 0.0787, -0.9055 -1.1811 0.0, -0.9055 -1.185 -0.0118, -0.9843 -1.185 0.0787, -0.9843 -1.1811 0.0787, -0.9843 -1.1811 0.0, -0.9843 -1.185 -0.0118, -0.1181 1.185 0.0787, -0.1969 1.185 0.0787, -0.1181 1.1811 0.0787, -0.1969 1.1811 0.0787, -0.1969 1.1811 0.0, -0.1969 1.185 -0.0118, -0.1969 1.063 0.0, -0.1969 1.063 -0.0118, -0.1955 1.0528 -0.0118, -0.1955 1.0528 0.0, -0.1916 1.0433 -0.0118, -0.1916 1.0433 0.0, -0.1853 1.0352 -0.0118, -0.1853 1.0352 0.0, -0.1772 1.0289 -0.0118, -0.1772 1.0289 0.0, -0.1677 1.025 -0.0118, -0.1677 1.025 0.0, -0.1575 1.0236 -0.0118, -0.1575 1.0236 0.0, -0.1473 1.025 -0.0118, -0.1473 1.025 0.0, -0.1378 1.0289 -0.0118, -0.1378 1.0289 0.0, -0.1296 1.0352 -0.0118, -0.1296 1.0352 0.0, -0.1234 1.0433 -0.0118, -0.1234 1.0433 0.0, -0.1195 1.0528 -0.0118, -0.1195 1.0528 0.0, -0.1181 1.063 -0.0118, -0.1181 1.063 0.0, -0.1181 1.1811 0.0, -0.1181 1.185 -0.0118, -1.185 -0.1181 0.0787, -1.185 -0.1969 0.0787, -1.1811 -0.1181 0.0787, -1.1811 -0.1969 0.0787, -1.1811 -0.1969 0.0, -1.185 -0.1969 -0.0118, -1.063 -0.1969 0.0, -1.063 -0.1969 -0.0118, -1.0528 -0.1955 -0.0118, -1.0528 -0.1955 0.0, -1.0433 -0.1916 -0.0118, -1.0433 -0.1916 0.0, -1.0352 -0.1853 -0.0118, -1.0352 -0.1853 0.0, -1.0289 -0.1772 -0.0118, -1.0289 -0.1772 0.0, -1.025 -0.1677 -0.0118, -1.025 -0.1677 0.0, -1.0236 -0.1575 -0.0118, -1.0236 -0.1575 0.0, -1.025 -0.1473 -0.0118, -1.025 -0.1473 0.0, -1.0289 -0.1378 -0.0118, -1.0289 -0.1378 0.0, -1.0352 -0.1296 -0.0118, -1.0352 -0.1296 0.0, -1.0433 -0.1234 -0.0118, -1.0433 -0.1234 0.0, -1.0528 -0.1195 -0.0118, -1.0528 -0.1195 0.0, -1.063 -0.1181 -0.0118, -1.063 -0.1181 0.0, -1.1811 -0.1181 0.0, -1.185 -0.1181 -0.0118, 0.1181 -1.185 0.0787, 0.1969 -1.185 0.0787, 0.1181 -1.1811 0.0787, 0.1969 -1.1811 0.0787, 0.1969 -1.1811 0.0, 0.1969 -1.185 -0.0118, 0.1969 -1.063 0.0, 0.1969 -1.063 -0.0118, 0.1955 -1.0528 -0.0118, 0.1955 -1.0528 0.0, 0.1916 -1.0433 -0.0118, 0.1916 -1.0433 0.0, 0.1853 -1.0352 -0.0118, 0.1853 -1.0352 0.0, 0.1772 -1.0289 -0.0118, 0.1772 -1.0289 0.0, 0.1677 -1.025 -0.0118, 0.1677 -1.025 0.0, 0.1575 -1.0236 -0.0118, 0.1575 -1.0236 0.0, 0.1473 -1.025 -0.0118, 0.1473 -1.025 0.0, 0.1378 -1.0289 -0.0118, 0.1378 -1.0289 0.0, 0.1296 -1.0352 -0.0118, 0.1296 -1.0352 0.0, 0.1234 -1.0433 -0.0118, 0.1234 -1.0433 0.0, 0.1195 -1.0528 -0.0118, 0.1195 -1.0528 0.0, 0.1181 -1.063 -0.0118, 0.1181 -1.063 0.0, 0.1181 -1.1811 0.0, 0.1181 -1.185 -0.0118, -0.2756 1.185 0.0787, -0.3543 1.185 0.0787, -0.2756 1.1811 0.0787, -0.3543 1.1811 0.0787, -0.3543 1.1811 0.0, -0.3543 1.185 -0.0118, -0.3543 1.063 0.0, -0.3543 1.063 -0.0118, -0.353 1.0528 -0.0118, -0.353 1.0528 0.0, -0.3491 1.0433 -0.0118, -0.3491 1.0433 0.0, -0.3428 1.0352 -0.0118, -0.3428 1.0352 0.0, -0.3346 1.0289 -0.0118, -0.3346 1.0289 0.0, -0.3252 1.025 -0.0118, -0.3252 1.025 0.0, -0.315 1.0236 -0.0118, -0.315 1.0236 0.0, -0.3048 1.025 -0.0118, -0.3048 1.025 0.0, -0.2953 1.0289 -0.0118, -0.2953 1.0289 0.0, -0.2871 1.0352 -0.0118, -0.2871 1.0352 0.0, -0.2809 1.0433 -0.0118, -0.2809 1.0433 0.0, -0.2769 1.0528 -0.0118, -0.2769 1.0528 0.0, -0.2756 1.063 -0.0118, -0.2756 1.063 0.0, -0.2756 1.1811 0.0, -0.2756 1.185 -0.0118, -1.185 -0.2756 0.0787, -1.185 -0.3543 0.0787, -1.1811 -0.2756 0.0787, -1.1811 -0.3543 0.0787, -1.1811 -0.3543 0.0, -1.185 -0.3543 -0.0118, -1.063 -0.3543 0.0, -1.063 -0.3543 -0.0118, -1.0528 -0.353 -0.0118, -1.0528 -0.353 0.0, -1.0433 -0.3491 -0.0118, -1.0433 -0.3491 0.0, -1.0352 -0.3428 -0.0118, -1.0352 -0.3428 0.0, -1.0289 -0.3346 -0.0118, -1.0289 -0.3346 0.0, -1.025 -0.3252 -0.0118, -1.025 -0.3252 0.0, -1.0236 -0.315 -0.0118, -1.0236 -0.315 0.0, -1.025 -0.3048 -0.0118, -1.025 -0.3048 0.0, -1.0289 -0.2953 -0.0118, -1.0289 -0.2953 0.0, -1.0352 -0.2871 -0.0118, -1.0352 -0.2871 0.0, -1.0433 -0.2809 -0.0118, -1.0433 -0.2809 0.0, -1.0528 -0.2769 -0.0118, -1.0528 -0.2769 0.0, -1.063 -0.2756 -0.0118, -1.063 -0.2756 0.0, -1.1811 -0.2756 0.0, -1.185 -0.2756 -0.0118, 0.2756 -1.185 0.0787, 0.3543 -1.185 0.0787, 0.2756 -1.1811 0.0787, 0.3543 -1.1811 0.0787, 0.3543 -1.1811 0.0, 0.3543 -1.185 -0.0118, 0.3543 -1.063 0.0, 0.3543 -1.063 -0.0118, 0.353 -1.0528 -0.0118, 0.353 -1.0528 0.0, 0.3491 -1.0433 -0.0118, 0.3491 -1.0433 0.0, 0.3428 -1.0352 -0.0118, 0.3428 -1.0352 0.0, 0.3346 -1.0289 -0.0118, 0.3346 -1.0289 0.0, 0.3252 -1.025 -0.0118, 0.3252 -1.025 0.0, 0.315 -1.0236 -0.0118, 0.315 -1.0236 0.0, 0.3048 -1.025 -0.0118, 0.3048 -1.025 0.0, 0.2953 -1.0289 -0.0118, 0.2953 -1.0289 0.0, 0.2871 -1.0352 -0.0118, 0.2871 -1.0352 0.0, 0.2809 -1.0433 -0.0118, 0.2809 -1.0433 0.0, 0.2769 -1.0528 -0.0118, 0.2769 -1.0528 0.0, 0.2756 -1.063 -0.0118, 0.2756 -1.063 0.0, 0.2756 -1.1811 0.0, 0.2756 -1.185 -0.0118, -0.4331 1.185 0.0787, -0.5118 1.185 0.0787, -0.4331 1.1811 0.0787, -0.5118 1.1811 0.0787, -0.5118 1.1811 0.0, -0.5118 1.185 -0.0118, -0.5118 1.063 0.0, -0.5118 1.063 -0.0118, -0.5105 1.0528 -0.0118, -0.5105 1.0528 0.0, -0.5065 1.0433 -0.0118, -0.5065 1.0433 0.0, -0.5003 1.0352 -0.0118, -0.5003 1.0352 0.0, -0.4921 1.0289 -0.0118, -0.4921 1.0289 0.0, -0.4826 1.025 -0.0118, -0.4826 1.025 0.0, -0.4724 1.0236 -0.0118, -0.4724 1.0236 0.0, -0.4623 1.025 -0.0118, -0.4623 1.025 0.0, -0.4528 1.0289 -0.0118, -0.4528 1.0289 0.0, -0.4446 1.0352 -0.0118, -0.4446 1.0352 0.0, -0.4383 1.0433 -0.0118, -0.4383 1.0433 0.0, -0.4344 1.0528 -0.0118, -0.4344 1.0528 0.0, -0.4331 1.063 -0.0118, -0.4331 1.063 0.0, -0.4331 1.1811 0.0, -0.4331 1.185 -0.0118, -1.185 -0.4331 0.0787, -1.185 -0.5118 0.0787, -1.1811 -0.4331 0.0787, -1.1811 -0.5118 0.0787, -1.1811 -0.5118 0.0, -1.185 -0.5118 -0.0118, -1.063 -0.5118 0.0, -1.063 -0.5118 -0.0118, -1.0528 -0.5105 -0.0118, -1.0528 -0.5105 0.0, -1.0433 -0.5065 -0.0118, -1.0433 -0.5065 0.0, -1.0352 -0.5003 -0.0118, -1.0352 -0.5003 0.0, -1.0289 -0.4921 -0.0118, -1.0289 -0.4921 0.0, -1.025 -0.4826 -0.0118, -1.025 -0.4826 0.0, -1.0236 -0.4724 -0.0118, -1.0236 -0.4724 0.0, -1.025 -0.4623 -0.0118, -1.025 -0.4623 0.0, -1.0289 -0.4528 -0.0118, -1.0289 -0.4528 0.0, -1.0352 -0.4446 -0.0118, -1.0352 -0.4446 0.0, -1.0433 -0.4383 -0.0118, -1.0433 -0.4383 0.0, -1.0528 -0.4344 -0.0118, -1.0528 -0.4344 0.0, -1.063 -0.4331 -0.0118, -1.063 -0.4331 0.0, -1.1811 -0.4331 0.0, -1.185 -0.4331 -0.0118, 0.4331 -1.185 0.0787, 0.5118 -1.185 0.0787, 0.4331 -1.1811 0.0787, 0.5118 -1.1811 0.0787, 0.5118 -1.1811 0.0, 0.5118 -1.185 -0.0118, 0.5118 -1.063 0.0, 0.5118 -1.063 -0.0118, 0.5105 -1.0528 -0.0118, 0.5105 -1.0528 0.0, 0.5065 -1.0433 -0.0118, 0.5065 -1.0433 0.0, 0.5003 -1.0352 -0.0118, 0.5003 -1.0352 0.0, 0.4921 -1.0289 -0.0118, 0.4921 -1.0289 0.0, 0.4826 -1.025 -0.0118, 0.4826 -1.025 0.0, 0.4724 -1.0236 -0.0118, 0.4724 -1.0236 0.0, 0.4623 -1.025 -0.0118, 0.4623 -1.025 0.0, 0.4528 -1.0289 -0.0118, 0.4528 -1.0289 0.0, 0.4446 -1.0352 -0.0118, 0.4446 -1.0352 0.0, 0.4383 -1.0433 -0.0118, 0.4383 -1.0433 0.0, 0.4344 -1.0528 -0.0118, 0.4344 -1.0528 0.0, 0.4331 -1.063 -0.0118, 0.4331 -1.063 0.0, 0.4331 -1.1811 0.0, 0.4331 -1.185 -0.0118, -0.5906 1.185 0.0787, -0.6693 1.185 0.0787, -0.5906 1.1811 0.0787, -0.6693 1.1811 0.0787, -0.6693 1.1811 0.0, -0.6693 1.185 -0.0118, -0.6693 1.063 0.0, -0.6693 1.063 -0.0118, -0.668 1.0528 -0.0118, -0.668 1.0528 0.0, -0.664 1.0433 -0.0118, -0.664 1.0433 0.0, -0.6578 1.0352 -0.0118, -0.6578 1.0352 0.0, -0.6496 1.0289 -0.0118, -0.6496 1.0289 0.0, -0.6401 1.025 -0.0118, -0.6401 1.025 0.0, -0.6299 1.0236 -0.0118, -0.6299 1.0236 0.0, -0.6197 1.025 -0.0118, -0.6197 1.025 0.0, -0.6102 1.0289 -0.0118, -0.6102 1.0289 0.0, -0.6021 1.0352 -0.0118, -0.6021 1.0352 0.0, -0.5958 1.0433 -0.0118, -0.5958 1.0433 0.0, -0.5919 1.0528 -0.0118, -0.5919 1.0528 0.0, -0.5906 1.063 -0.0118, -0.5906 1.063 0.0, -0.5906 1.1811 0.0, -0.5906 1.185 -0.0118, -1.185 -0.5906 0.0787, -1.185 -0.6693 0.0787, -1.1811 -0.5906 0.0787, -1.1811 -0.6693 0.0787, -1.1811 -0.6693 0.0, -1.185 -0.6693 -0.0118, -1.063 -0.6693 0.0, -1.063 -0.6693 -0.0118, -1.0528 -0.668 -0.0118, -1.0528 -0.668 0.0, -1.0433 -0.664 -0.0118, -1.0433 -0.664 0.0, -1.0352 -0.6578 -0.0118, -1.0352 -0.6578 0.0, -1.0289 -0.6496 -0.0118, -1.0289 -0.6496 0.0, -1.025 -0.6401 -0.0118, -1.025 -0.6401 0.0, -1.0236 -0.6299 -0.0118, -1.0236 -0.6299 0.0, -1.025 -0.6197 -0.0118, -1.025 -0.6197 0.0, -1.0289 -0.6102 -0.0118, -1.0289 -0.6102 0.0, -1.0352 -0.6021 -0.0118, -1.0352 -0.6021 0.0, -1.0433 -0.5958 -0.0118, -1.0433 -0.5958 0.0, -1.0528 -0.5919 -0.0118, -1.0528 -0.5919 0.0, -1.063 -0.5906 -0.0118, -1.063 -0.5906 0.0, -1.1811 -0.5906 0.0, -1.185 -0.5906 -0.0118, 0.5906 -1.185 0.0787, 0.6693 -1.185 0.0787, 0.5906 -1.1811 0.0787, 0.6693 -1.1811 0.0787, 0.6693 -1.1811 0.0, 0.6693 -1.185 -0.0118, 0.6693 -1.063 0.0, 0.6693 -1.063 -0.0118, 0.668 -1.0528 -0.0118, 0.668 -1.0528 0.0, 0.664 -1.0433 -0.0118, 0.664 -1.0433 0.0, 0.6578 -1.0352 -0.0118, 0.6578 -1.0352 0.0, 0.6496 -1.0289 -0.0118, 0.6496 -1.0289 0.0, 0.6401 -1.025 -0.0118, 0.6401 -1.025 0.0, 0.6299 -1.0236 -0.0118, 0.6299 -1.0236 0.0, 0.6197 -1.025 -0.0118, 0.6197 -1.025 0.0, 0.6102 -1.0289 -0.0118, 0.6102 -1.0289 0.0, 0.6021 -1.0352 -0.0118, 0.6021 -1.0352 0.0, 0.5958 -1.0433 -0.0118, 0.5958 -1.0433 0.0, 0.5919 -1.0528 -0.0118, 0.5919 -1.0528 0.0, 0.5906 -1.063 -0.0118, 0.5906 -1.063 0.0, 0.5906 -1.1811 0.0, 0.5906 -1.185 -0.0118, -0.748 1.185 0.0787, -0.8268 1.185 0.0787, -0.748 1.1811 0.0787, -0.8268 1.1811 0.0787, -0.8268 1.1811 0.0, -0.8268 1.185 -0.0118, -0.8268 1.063 0.0, -0.8268 1.063 -0.0118, -0.8254 1.0528 -0.0118, -0.8254 1.0528 0.0, -0.8215 1.0433 -0.0118, -0.8215 1.0433 0.0, -0.8152 1.0352 -0.0118, -0.8152 1.0352 0.0, -0.8071 1.0289 -0.0118, -0.8071 1.0289 0.0, -0.7976 1.025 -0.0118, -0.7976 1.025 0.0, -0.7874 1.0236 -0.0118, -0.7874 1.0236 0.0, -0.7772 1.025 -0.0118, -0.7772 1.025 0.0, -0.7677 1.0289 -0.0118, -0.7677 1.0289 0.0, -0.7596 1.0352 -0.0118, -0.7596 1.0352 0.0, -0.7533 1.0433 -0.0118, -0.7533 1.0433 0.0, -0.7494 1.0528 -0.0118, -0.7494 1.0528 0.0, -0.748 1.063 -0.0118, -0.748 1.063 0.0, -0.748 1.1811 0.0, -0.748 1.185 -0.0118, -1.185 -0.748 0.0787, -1.185 -0.8268 0.0787, -1.1811 -0.748 0.0787, -1.1811 -0.8268 0.0787, -1.1811 -0.8268 0.0, -1.185 -0.8268 -0.0118, -1.063 -0.8268 0.0, -1.063 -0.8268 -0.0118, -1.0528 -0.8254 -0.0118, -1.0528 -0.8254 0.0, -1.0433 -0.8215 -0.0118, -1.0433 -0.8215 0.0, -1.0352 -0.8152 -0.0118, -1.0352 -0.8152 0.0, -1.0289 -0.8071 -0.0118, -1.0289 -0.8071 0.0, -1.025 -0.7976 -0.0118, -1.025 -0.7976 0.0, -1.0236 -0.7874 -0.0118, -1.0236 -0.7874 0.0, -1.025 -0.7772 -0.0118, -1.025 -0.7772 0.0, -1.0289 -0.7677 -0.0118, -1.0289 -0.7677 0.0, -1.0352 -0.7596 -0.0118, -1.0352 -0.7596 0.0, -1.0433 -0.7533 -0.0118, -1.0433 -0.7533 0.0, -1.0528 -0.7494 -0.0118, -1.0528 -0.7494 0.0, -1.063 -0.748 -0.0118, -1.063 -0.748 0.0, -1.1811 -0.748 0.0, -1.185 -0.748 -0.0118, 0.748 -1.185 0.0787, 0.8268 -1.185 0.0787, 0.748 -1.1811 0.0787, 0.8268 -1.1811 0.0787, 0.8268 -1.1811 0.0, 0.8268 -1.185 -0.0118, 0.8268 -1.063 0.0, 0.8268 -1.063 -0.0118, 0.8254 -1.0528 -0.0118, 0.8254 -1.0528 0.0, 0.8215 -1.0433 -0.0118, 0.8215 -1.0433 0.0, 0.8152 -1.0352 -0.0118, 0.8152 -1.0352 0.0, 0.8071 -1.0289 -0.0118, 0.8071 -1.0289 0.0, 0.7976 -1.025 -0.0118, 0.7976 -1.025 0.0, 0.7874 -1.0236 -0.0118, 0.7874 -1.0236 0.0, 0.7772 -1.025 -0.0118, 0.7772 -1.025 0.0, 0.7677 -1.0289 -0.0118, 0.7677 -1.0289 0.0, 0.7596 -1.0352 -0.0118, 0.7596 -1.0352 0.0, 0.7533 -1.0433 -0.0118, 0.7533 -1.0433 0.0, 0.7494 -1.0528 -0.0118, 0.7494 -1.0528 0.0, 0.748 -1.063 -0.0118, 0.748 -1.063 0.0, 0.748 -1.1811 0.0, 0.748 -1.185 -0.0118, -0.8858 0.748 -0.0118, -0.8858 -0.8858 -0.0118, -0.8858 0.748 0.0, -0.8858 -0.8858 0.0, -0.748 0.8858 0.0, 0.8858 0.8858 0.0, -0.748 0.8858 -0.0118, 0.8858 0.8858 -0.0118, 0.8858 -0.8858 -0.0118, 0.8858 -0.8858 0.0, 0.8858 -0.8858 0.0
            ]
        }
        coordIndex [
            0,1,2,-1,2,1,3,-1,3,1,4,-1,4,1,5,-1,4,5,6,-1,6,5,7,-1,6,7,8,-1,6,8,9,-1,9,8,10,-1,9,10,11,-1,11,10,12,-1,11,12,13,-1,13,12,14,-1,13,14,15,-1,15,14,16,-1,15,16,17,-1,17,16,18,-1,17,18,19,-1,19,18,20,-1,19,20,21,-1,21,20,22,-1,21,22,23,-1,23,22,24,-1,23,24,25,-1,25,24,26,-1,25,26,27,-1,27,26,28,-1,27,28,29,-1,29,28,30,-1,29,30,31,-1,31,30,32,-1,32,30,33,-1,32,33,2,-1,2,33,0,-1,5,1,33,-1,33,1,0,-1,5,33,7,-1,7,33,30,-1,20,18,30,-1,26,24,22,-1,20,30,22,-1,22,30,28,-1,22,28,26,-1,18,16,30,-1,30,16,14,-1,30,14,12,-1,12,10,30,-1,30,10,8,-1,30,8,7,-1,34,35,36,-1,36,35,37,-1,37,35,38,-1,38,35,39,-1,38,39,40,-1,40,39,41,-1,40,41,42,-1,40,42,43,-1,43,42,44,-1,43,44,45,-1,45,44,46,-1,45,46,47,-1,47,46,48,-1,47,48,49,-1,49,48,50,-1,49,50,51,-1,51,50,52,-1,51,52,53,-1,53,52,54,-1,53,54,55,-1,55,54,56,-1,55,56,57,-1,57,56,58,-1,57,58,59,-1,59,58,60,-1,59,60,61,-1,61,60,62,-1,61,62,63,-1,63,62,64,-1,63,64,65,-1,65,64,66,-1,66,64,67,-1,66,67,36,-1,36,67,34,-1,39,35,67,-1,67,35,34,-1,39,67,41,-1,41,67,64,-1,54,52,64,-1,60,58,56,-1,54,64,56,-1,56,64,62,-1,56,62,60,-1,52,50,64,-1,64,50,48,-1,64,48,46,-1,46,44,64,-1,64,44,42,-1,64,42,41,-1,68,69,70,-1,70,69,71,-1,71,69,72,-1,72,69,73,-1,72,73,74,-1,74,73,75,-1,74,75,76,-1,74,76,77,-1,77,76,78,-1,77,78,79,-1,79,78,80,-1,79,80,81,-1,81,80,82,-1,81,82,83,-1,83,82,84,-1,83,84,85,-1,85,84,86,-1,85,86,87,-1,87,86,88,-1,87,88,89,-1,89,88,90,-1,89,90,91,-1,91,90,92,-1,91,92,93,-1,93,92,94,-1,93,94,95,-1,95,94,96,-1,95,96,97,-1,97,96,98,-1,97,98,99,-1,99,98,100,-1,100,98,101,-1,100,101,70,-1,70,101,68,-1,73,69,101,-1,101,69,68,-1,94,92,90,-1,88,86,98,-1,98,86,84,-1,88,98,90,-1,90,98,96,-1,90,96,94,-1,84,82,98,-1,98,82,80,-1,98,80,78,-1,73,101,75,-1,75,101,98,-1,75,98,76,-1,76,98,78,-1,102,103,104,-1,104,103,105,-1,105,103,106,-1,106,103,107,-1,106,107,108,-1,108,107,109,-1,108,109,110,-1,108,110,111,-1,111,110,112,-1,111,112,113,-1,113,112,114,-1,113,114,115,-1,115,114,116,-1,115,116,117,-1,117,116,118,-1,117,118,119,-1,119,118,120,-1,119,120,121,-1,121,120,122,-1,121,122,123,-1,123,122,124,-1,123,124,125,-1,125,124,126,-1,125,126,127,-1,127,126,128,-1,127,128,129,-1,129,128,130,-1,129,130,131,-1,131,130,132,-1,131,132,133,-1,133,132,134,-1,134,132,135,-1,134,135,104,-1,104,135,102,-1,107,103,135,-1,135,103,102,-1,122,120,132,-1,128,126,124,-1,114,112,132,-1,107,135,109,-1,109,135,132,-1,109,132,110,-1,110,132,112,-1,122,132,124,-1,124,132,130,-1,124,130,128,-1,120,118,132,-1,132,118,116,-1,132,116,114,-1,136,137,138,-1,138,137,139,-1,139,137,140,-1,140,137,141,-1,140,141,142,-1,142,141,143,-1,142,143,144,-1,142,144,145,-1,145,144,146,-1,145,146,147,-1,147,146,148,-1,147,148,149,-1,149,148,150,-1,149,150,151,-1,151,150,152,-1,151,152,153,-1,153,152,154,-1,153,154,155,-1,155,154,156,-1,155,156,157,-1,157,156,158,-1,157,158,159,-1,159,158,160,-1,159,160,161,-1,161,160,162,-1,161,162,163,-1,163,162,164,-1,163,164,165,-1,165,164,166,-1,165,166,167,-1,167,166,168,-1,168,166,169,-1,168,169,138,-1,138,169,136,-1,141,137,169,-1,169,137,136,-1,141,169,143,-1,143,169,166,-1,156,154,166,-1,162,160,158,-1,156,166,158,-1,158,166,164,-1,158,164,162,-1,154,152,166,-1,166,152,150,-1,166,150,148,-1,148,146,166,-1,166,146,144,-1,166,144,143,-1,170,171,172,-1,172,171,173,-1,173,171,174,-1,174,171,175,-1,174,175,176,-1,176,175,177,-1,176,177,178,-1,176,178,179,-1,179,178,180,-1,179,180,181,-1,181,180,182,-1,181,182,183,-1,183,182,184,-1,183,184,185,-1,185,184,186,-1,185,186,187,-1,187,186,188,-1,187,188,189,-1,189,188,190,-1,189,190,191,-1,191,190,192,-1,191,192,193,-1,193,192,194,-1,193,194,195,-1,195,194,196,-1,195,196,197,-1,197,196,198,-1,197,198,199,-1,199,198,200,-1,199,200,201,-1,201,200,202,-1,202,200,203,-1,202,203,172,-1,172,203,170,-1,175,171,203,-1,203,171,170,-1,182,180,200,-1,196,194,192,-1,182,200,184,-1,175,203,177,-1,177,203,200,-1,177,200,178,-1,178,200,180,-1,192,190,196,-1,196,190,188,-1,196,188,198,-1,198,188,200,-1,200,188,186,-1,200,186,184,-1,204,205,206,-1,206,205,207,-1,207,205,208,-1,208,205,209,-1,208,209,210,-1,210,209,211,-1,210,211,212,-1,210,212,213,-1,213,212,214,-1,213,214,215,-1,215,214,216,-1,215,216,217,-1,217,216,218,-1,217,218,219,-1,220,221,222,-1,222,221,223,-1,222,223,206,-1,206,223,204,-1,209,205,223,-1,223,205,204,-1,214,221,216,-1,216,221,218,-1,209,223,211,-1,211,223,221,-1,211,221,212,-1,212,221,214,-1,224,225,226,-1,226,225,227,-1,227,225,228,-1,228,225,229,-1,228,229,230,-1,230,229,231,-1,230,231,232,-1,230,232,233,-1,233,232,234,-1,233,234,235,-1,235,234,236,-1,235,236,237,-1,237,236,238,-1,237,238,239,-1,239,238,240,-1,239,240,241,-1,241,240,242,-1,241,242,243,-1,243,242,244,-1,243,244,245,-1,245,244,246,-1,245,246,247,-1,247,246,248,-1,247,248,249,-1,249,248,250,-1,249,250,251,-1,251,250,252,-1,251,252,253,-1,253,252,254,-1,253,254,255,-1,255,254,256,-1,256,254,257,-1,256,257,226,-1,226,257,224,-1,229,225,257,-1,257,225,224,-1,229,257,231,-1,231,257,254,-1,244,242,254,-1,250,248,246,-1,244,254,246,-1,246,254,252,-1,246,252,250,-1,242,240,254,-1,254,240,238,-1,254,238,236,-1,236,234,254,-1,254,234,232,-1,254,232,231,-1,258,259,260,-1,260,259,261,-1,261,259,262,-1,262,259,263,-1,262,263,264,-1,264,263,265,-1,264,265,266,-1,264,266,267,-1,267,266,268,-1,267,268,269,-1,269,268,270,-1,269,270,271,-1,271,270,272,-1,271,272,273,-1,273,272,274,-1,273,274,275,-1,275,274,276,-1,275,276,277,-1,277,276,278,-1,277,278,279,-1,279,278,280,-1,279,280,281,-1,281,280,282,-1,281,282,283,-1,283,282,284,-1,283,284,285,-1,285,284,286,-1,285,286,287,-1,287,286,288,-1,287,288,289,-1,289,288,290,-1,290,288,291,-1,290,291,260,-1,260,291,258,-1,263,259,291,-1,291,259,258,-1,284,282,280,-1,278,276,288,-1,288,276,274,-1,278,288,280,-1,280,288,286,-1,280,286,284,-1,274,272,288,-1,288,272,270,-1,288,270,268,-1,263,291,265,-1,265,291,288,-1,265,288,266,-1,266,288,268,-1,292,293,294,-1,294,293,295,-1,295,293,296,-1,296,293,297,-1,296,297,298,-1,298,297,299,-1,298,299,300,-1,298,300,301,-1,301,300,302,-1,301,302,303,-1,303,302,304,-1,303,304,305,-1,305,304,306,-1,305,306,307,-1,307,306,308,-1,307,308,309,-1,309,308,310,-1,309,310,311,-1,311,310,312,-1,311,312,313,-1,313,312,314,-1,313,314,315,-1,315,314,316,-1,315,316,317,-1,317,316,318,-1,317,318,319,-1,319,318,320,-1,319,320,321,-1,321,320,322,-1,321,322,323,-1,323,322,324,-1,324,322,325,-1,324,325,294,-1,294,325,292,-1,297,293,325,-1,325,293,292,-1,312,310,322,-1,318,316,314,-1,304,302,322,-1,297,325,299,-1,299,325,322,-1,299,322,300,-1,300,322,302,-1,312,322,314,-1,314,322,320,-1,314,320,318,-1,310,308,322,-1,322,308,306,-1,322,306,304,-1,326,327,328,-1,328,327,329,-1,329,327,330,-1,330,327,331,-1,330,331,332,-1,332,331,333,-1,332,333,334,-1,332,334,335,-1,335,334,336,-1,335,336,337,-1,337,336,338,-1,337,338,339,-1,339,338,340,-1,339,340,341,-1,341,340,342,-1,341,342,343,-1,343,342,344,-1,343,344,345,-1,345,344,346,-1,345,346,347,-1,347,346,348,-1,347,348,349,-1,349,348,350,-1,349,350,351,-1,351,350,352,-1,351,352,353,-1,353,352,354,-1,353,354,355,-1,355,354,356,-1,355,356,357,-1,357,356,358,-1,358,356,359,-1,358,359,328,-1,328,359,326,-1,331,327,359,-1,359,327,326,-1,331,359,333,-1,333,359,356,-1,346,344,356,-1,352,350,348,-1,346,356,348,-1,348,356,354,-1,348,354,352,-1,344,342,356,-1,356,342,340,-1,356,340,338,-1,338,336,356,-1,356,336,334,-1,356,334,333,-1,360,361,362,-1,362,361,363,-1,363,361,364,-1,364,361,365,-1,364,365,366,-1,366,365,367,-1,366,367,368,-1,366,368,369,-1,369,368,370,-1,369,370,371,-1,371,370,372,-1,371,372,373,-1,373,372,374,-1,373,374,375,-1,375,374,376,-1,375,376,377,-1,377,376,378,-1,377,378,379,-1,379,378,380,-1,379,380,381,-1,381,380,382,-1,381,382,383,-1,383,382,384,-1,383,384,385,-1,385,384,386,-1,385,386,387,-1,387,386,388,-1,387,388,389,-1,389,388,390,-1,389,390,391,-1,391,390,392,-1,392,390,393,-1,392,393,362,-1,362,393,360,-1,365,361,393,-1,393,361,360,-1,386,384,382,-1,380,378,390,-1,390,378,376,-1,380,390,382,-1,382,390,388,-1,382,388,386,-1,376,374,390,-1,390,374,372,-1,390,372,370,-1,365,393,367,-1,367,393,390,-1,367,390,368,-1,368,390,370,-1,394,395,396,-1,396,395,397,-1,397,395,398,-1,398,395,399,-1,398,399,400,-1,400,399,401,-1,402,403,404,-1,402,404,405,-1,405,404,406,-1,405,406,407,-1,407,406,408,-1,407,408,409,-1,409,408,410,-1,409,410,411,-1,411,410,412,-1,412,410,413,-1,412,413,396,-1,396,413,394,-1,399,395,413,-1,413,395,394,-1,399,413,401,-1,401,413,410,-1,401,410,408,-1,408,406,401,-1,401,406,404,-1,401,404,403,-1,402,400,403,-1,403,400,401,-1,220,219,221,-1,221,219,218,-1,414,415,416,-1,416,415,417,-1,417,415,418,-1,418,415,419,-1,418,419,420,-1,420,419,421,-1,422,420,423,-1,423,420,421,-1,422,423,424,-1,422,424,425,-1,425,424,426,-1,425,426,427,-1,427,426,428,-1,427,428,429,-1,429,428,430,-1,429,430,431,-1,431,430,432,-1,432,430,433,-1,432,433,416,-1,416,433,414,-1,419,415,433,-1,433,415,414,-1,419,433,421,-1,421,433,430,-1,421,430,428,-1,428,426,421,-1,421,426,424,-1,421,424,423,-1,434,435,436,-1,436,435,437,-1,437,435,438,-1,438,435,439,-1,438,439,440,-1,440,439,441,-1,442,440,443,-1,443,440,441,-1,442,443,444,-1,442,444,445,-1,445,444,446,-1,445,446,447,-1,447,446,448,-1,447,448,449,-1,449,448,450,-1,449,450,451,-1,451,450,452,-1,452,450,453,-1,452,453,436,-1,436,453,434,-1,439,435,453,-1,453,435,434,-1,439,453,441,-1,441,453,450,-1,441,450,448,-1,448,446,441,-1,441,446,444,-1,441,444,443,-1,454,455,456,-1,456,455,457,-1,457,455,458,-1,458,455,459,-1,458,459,460,-1,460,459,461,-1,462,460,463,-1,463,460,461,-1,462,463,464,-1,462,464,465,-1,465,464,466,-1,465,466,467,-1,467,466,468,-1,467,468,469,-1,469,468,470,-1,469,470,471,-1,471,470,472,-1,472,470,473,-1,472,473,456,-1,456,473,454,-1,459,455,473,-1,473,455,454,-1,459,473,461,-1,461,473,470,-1,461,470,468,-1,468,466,461,-1,461,466,464,-1,461,464,463,-1,474,475,476,-1,476,475,477,-1,477,475,478,-1,478,475,479,-1,478,479,480,-1,480,479,481,-1,480,481,482,-1,480,482,483,-1,483,482,484,-1,483,484,485,-1,485,484,486,-1,485,486,487,-1,487,486,488,-1,487,488,489,-1,489,488,490,-1,489,490,491,-1,491,490,492,-1,491,492,493,-1,493,492,494,-1,493,494,495,-1,495,494,496,-1,495,496,497,-1,497,496,498,-1,497,498,499,-1,499,498,500,-1,499,500,501,-1,501,500,502,-1,501,502,503,-1,503,502,504,-1,503,504,505,-1,505,504,506,-1,506,504,507,-1,506,507,476,-1,476,507,474,-1,479,475,507,-1,507,475,474,-1,479,507,481,-1,481,507,504,-1,496,494,492,-1,492,504,502,-1,502,500,492,-1,492,500,498,-1,492,498,496,-1,492,490,504,-1,504,490,488,-1,504,488,486,-1,486,484,504,-1,504,484,482,-1,504,482,481,-1,508,509,510,-1,510,509,511,-1,511,509,512,-1,512,509,513,-1,512,513,514,-1,514,513,515,-1,514,515,516,-1,514,516,517,-1,517,516,518,-1,517,518,519,-1,519,518,520,-1,519,520,521,-1,521,520,522,-1,521,522,523,-1,523,522,524,-1,523,524,525,-1,525,524,526,-1,525,526,527,-1,527,526,528,-1,527,528,529,-1,529,528,530,-1,529,530,531,-1,531,530,532,-1,531,532,533,-1,533,532,534,-1,533,534,535,-1,535,534,536,-1,535,536,537,-1,537,536,538,-1,537,538,539,-1,539,538,540,-1,540,538,541,-1,540,541,510,-1,510,541,508,-1,513,509,541,-1,541,509,508,-1,513,541,515,-1,515,541,538,-1,528,526,538,-1,534,532,530,-1,528,538,530,-1,530,538,536,-1,530,536,534,-1,526,524,538,-1,538,524,522,-1,538,522,520,-1,520,518,538,-1,538,518,516,-1,538,516,515,-1,542,543,544,-1,544,543,545,-1,545,543,546,-1,546,543,547,-1,546,547,548,-1,548,547,549,-1,548,549,550,-1,548,550,551,-1,551,550,552,-1,551,552,553,-1,553,552,554,-1,553,554,555,-1,555,554,556,-1,555,556,557,-1,557,556,558,-1,557,558,559,-1,559,558,560,-1,559,560,561,-1,561,560,562,-1,561,562,563,-1,563,562,564,-1,563,564,565,-1,565,564,566,-1,565,566,567,-1,567,566,568,-1,567,568,569,-1,569,568,570,-1,569,570,571,-1,571,570,572,-1,571,572,573,-1,573,572,574,-1,574,572,575,-1,574,575,544,-1,544,575,542,-1,547,543,575,-1,575,543,542,-1,547,575,549,-1,549,575,572,-1,549,572,550,-1,550,572,552,-1,556,570,568,-1,564,562,560,-1,570,556,572,-1,572,556,554,-1,572,554,552,-1,568,566,556,-1,556,566,564,-1,556,564,558,-1,558,564,560,-1,576,577,578,-1,578,577,579,-1,579,577,580,-1,580,577,581,-1,580,581,582,-1,582,581,583,-1,582,583,584,-1,582,584,585,-1,585,584,586,-1,585,586,587,-1,587,586,588,-1,587,588,589,-1,589,588,590,-1,589,590,591,-1,591,590,592,-1,591,592,593,-1,593,592,594,-1,593,594,595,-1,595,594,596,-1,595,596,597,-1,597,596,598,-1,597,598,599,-1,599,598,600,-1,599,600,601,-1,601,600,602,-1,601,602,603,-1,603,602,604,-1,603,604,605,-1,605,604,606,-1,605,606,607,-1,607,606,608,-1,608,606,609,-1,608,609,578,-1,578,609,576,-1,581,577,609,-1,609,577,576,-1,581,609,583,-1,583,609,606,-1,602,600,604,-1,604,600,598,-1,604,598,606,-1,606,598,596,-1,606,596,594,-1,594,592,606,-1,606,592,590,-1,606,590,588,-1,588,586,606,-1,606,586,584,-1,606,584,583,-1,610,611,612,-1,612,611,613,-1,613,611,614,-1,614,611,615,-1,614,615,616,-1,616,615,617,-1,616,617,618,-1,616,618,619,-1,619,618,620,-1,619,620,621,-1,621,620,622,-1,621,622,623,-1,623,622,624,-1,623,624,625,-1,625,624,626,-1,625,626,627,-1,627,626,628,-1,627,628,629,-1,629,628,630,-1,629,630,631,-1,631,630,632,-1,631,632,633,-1,633,632,634,-1,633,634,635,-1,635,634,636,-1,635,636,637,-1,637,636,638,-1,637,638,639,-1,639,638,640,-1,639,640,641,-1,641,640,642,-1,642,640,643,-1,642,643,612,-1,612,643,610,-1,615,611,643,-1,643,611,610,-1,615,643,617,-1,617,643,640,-1,630,628,640,-1,636,634,632,-1,630,640,632,-1,632,640,638,-1,632,638,636,-1,628,626,640,-1,640,626,624,-1,640,624,622,-1,622,620,640,-1,640,620,618,-1,640,618,617,-1,644,645,646,-1,646,645,647,-1,647,645,648,-1,648,645,649,-1,648,649,650,-1,650,649,651,-1,650,651,652,-1,650,652,653,-1,653,652,654,-1,653,654,655,-1,655,654,656,-1,655,656,657,-1,657,656,658,-1,657,658,659,-1,659,658,660,-1,659,660,661,-1,661,660,662,-1,661,662,663,-1,663,662,664,-1,663,664,665,-1,665,664,666,-1,665,666,667,-1,667,666,668,-1,667,668,669,-1,669,668,670,-1,669,670,671,-1,671,670,672,-1,671,672,673,-1,673,672,674,-1,673,674,675,-1,675,674,676,-1,676,674,677,-1,676,677,646,-1,646,677,644,-1,649,645,677,-1,677,645,644,-1,649,677,651,-1,651,677,674,-1,656,654,674,-1,674,654,652,-1,674,652,651,-1,656,674,658,-1,658,674,672,-1,658,672,660,-1,660,672,670,-1,660,670,668,-1,668,666,660,-1,660,666,664,-1,660,664,662,-1,678,679,680,-1,680,679,681,-1,681,679,682,-1,682,679,683,-1,682,683,684,-1,684,683,685,-1,684,685,686,-1,684,686,687,-1,687,686,688,-1,687,688,689,-1,689,688,690,-1,689,690,691,-1,691,690,692,-1,691,692,693,-1,693,692,694,-1,693,694,695,-1,695,694,696,-1,695,696,697,-1,697,696,698,-1,697,698,699,-1,699,698,700,-1,699,700,701,-1,701,700,702,-1,701,702,703,-1,703,702,704,-1,703,704,705,-1,705,704,706,-1,705,706,707,-1,707,706,708,-1,707,708,709,-1,709,708,710,-1,710,708,711,-1,710,711,680,-1,680,711,678,-1,683,679,711,-1,711,679,678,-1,706,704,702,-1,698,696,708,-1,708,696,694,-1,706,702,708,-1,708,702,700,-1,708,700,698,-1,694,692,708,-1,708,692,690,-1,708,690,688,-1,683,711,685,-1,685,711,708,-1,685,708,686,-1,686,708,688,-1,712,713,714,-1,714,713,715,-1,715,713,716,-1,716,713,717,-1,716,717,718,-1,718,717,719,-1,718,719,720,-1,718,720,721,-1,721,720,722,-1,721,722,723,-1,723,722,724,-1,723,724,725,-1,725,724,726,-1,725,726,727,-1,727,726,728,-1,727,728,729,-1,729,728,730,-1,729,730,731,-1,731,730,732,-1,731,732,733,-1,733,732,734,-1,733,734,735,-1,735,734,736,-1,735,736,737,-1,737,736,738,-1,737,738,739,-1,739,738,740,-1,739,740,741,-1,741,740,742,-1,741,742,743,-1,743,742,744,-1,744,742,745,-1,744,745,714,-1,714,745,712,-1,717,713,745,-1,745,713,712,-1,738,736,734,-1,732,730,742,-1,742,730,728,-1,732,742,734,-1,734,742,740,-1,734,740,738,-1,728,726,742,-1,742,726,724,-1,742,724,722,-1,717,745,719,-1,719,745,742,-1,719,742,720,-1,720,742,722,-1,746,747,748,-1,748,747,749,-1,749,747,750,-1,750,747,751,-1,750,751,752,-1,752,751,753,-1,752,753,754,-1,752,754,755,-1,755,754,756,-1,755,756,757,-1,757,756,758,-1,757,758,759,-1,759,758,760,-1,759,760,761,-1,761,760,762,-1,761,762,763,-1,763,762,764,-1,763,764,765,-1,765,764,766,-1,765,766,767,-1,767,766,768,-1,767,768,769,-1,769,768,770,-1,769,770,771,-1,771,770,772,-1,771,772,773,-1,773,772,774,-1,773,774,775,-1,775,774,776,-1,775,776,777,-1,777,776,778,-1,778,776,779,-1,778,779,748,-1,748,779,746,-1,751,747,779,-1,779,747,746,-1,751,779,753,-1,753,779,776,-1,774,762,776,-1,776,762,760,-1,776,760,758,-1,774,772,762,-1,762,772,770,-1,762,770,764,-1,764,770,768,-1,764,768,766,-1,758,756,776,-1,776,756,754,-1,776,754,753,-1,780,781,782,-1,782,781,783,-1,783,781,784,-1,784,781,785,-1,784,785,786,-1,786,785,787,-1,786,787,788,-1,786,788,789,-1,789,788,790,-1,789,790,791,-1,791,790,792,-1,791,792,793,-1,793,792,794,-1,793,794,795,-1,795,794,796,-1,795,796,797,-1,797,796,798,-1,797,798,799,-1,799,798,800,-1,799,800,801,-1,801,800,802,-1,801,802,803,-1,803,802,804,-1,803,804,805,-1,805,804,806,-1,805,806,807,-1,807,806,808,-1,807,808,809,-1,809,808,810,-1,809,810,811,-1,811,810,812,-1,812,810,813,-1,812,813,782,-1,782,813,780,-1,785,781,813,-1,813,781,780,-1,785,813,787,-1,787,813,810,-1,794,792,810,-1,798,808,806,-1,806,804,798,-1,798,804,802,-1,798,802,800,-1,792,790,810,-1,810,790,788,-1,810,788,787,-1,808,798,810,-1,810,798,796,-1,810,796,794,-1,814,815,816,-1,816,815,817,-1,817,815,818,-1,818,815,819,-1,818,819,820,-1,820,819,821,-1,820,821,822,-1,820,822,823,-1,823,822,824,-1,823,824,825,-1,825,824,826,-1,825,826,827,-1,827,826,828,-1,827,828,829,-1,829,828,830,-1,829,830,831,-1,831,830,832,-1,831,832,833,-1,833,832,834,-1,833,834,835,-1,835,834,836,-1,835,836,837,-1,837,836,838,-1,837,838,839,-1,839,838,840,-1,839,840,841,-1,841,840,842,-1,841,842,843,-1,843,842,844,-1,843,844,845,-1,845,844,846,-1,846,844,847,-1,846,847,816,-1,816,847,814,-1,819,815,847,-1,847,815,814,-1,834,832,844,-1,840,838,836,-1,826,824,844,-1,819,847,821,-1,821,847,844,-1,821,844,822,-1,822,844,824,-1,834,844,836,-1,836,844,842,-1,836,842,840,-1,832,830,844,-1,844,830,828,-1,844,828,826,-1,848,849,850,-1,850,849,851,-1,851,849,852,-1,852,849,853,-1,852,853,854,-1,854,853,855,-1,854,855,856,-1,854,856,857,-1,857,856,858,-1,857,858,859,-1,859,858,860,-1,859,860,861,-1,861,860,862,-1,861,862,863,-1,863,862,864,-1,863,864,865,-1,865,864,866,-1,865,866,867,-1,867,866,868,-1,867,868,869,-1,869,868,870,-1,869,870,871,-1,871,870,872,-1,871,872,873,-1,873,872,874,-1,873,874,875,-1,875,874,876,-1,875,876,877,-1,877,876,878,-1,877,878,879,-1,879,878,880,-1,880,878,881,-1,880,881,850,-1,850,881,848,-1,853,849,881,-1,881,849,848,-1,866,864,878,-1,864,862,878,-1,878,862,860,-1,878,860,858,-1,872,870,874,-1,874,870,876,-1,876,870,878,-1,878,870,868,-1,878,868,866,-1,853,881,855,-1,855,881,878,-1,855,878,856,-1,856,878,858,-1,882,883,884,-1,884,883,885,-1,885,883,886,-1,886,883,887,-1,886,887,888,-1,888,887,889,-1,888,889,890,-1,888,890,891,-1,891,890,892,-1,891,892,893,-1,893,892,894,-1,893,894,895,-1,895,894,896,-1,895,896,897,-1,897,896,898,-1,897,898,899,-1,899,898,900,-1,899,900,901,-1,901,900,902,-1,901,902,903,-1,903,902,904,-1,903,904,905,-1,905,904,906,-1,905,906,907,-1,907,906,908,-1,907,908,909,-1,909,908,910,-1,909,910,911,-1,911,910,912,-1,911,912,913,-1,913,912,914,-1,914,912,915,-1,914,915,884,-1,884,915,882,-1,887,883,915,-1,915,883,882,-1,887,915,889,-1,889,915,912,-1,896,894,912,-1,900,910,908,-1,908,906,900,-1,900,906,904,-1,900,904,902,-1,894,892,912,-1,912,892,890,-1,912,890,889,-1,910,900,912,-1,912,900,898,-1,912,898,896,-1,916,917,918,-1,918,917,919,-1,919,917,920,-1,920,917,921,-1,920,921,922,-1,922,921,923,-1,922,923,924,-1,922,924,925,-1,925,924,926,-1,925,926,927,-1,927,926,928,-1,927,928,929,-1,929,928,930,-1,929,930,931,-1,931,930,932,-1,931,932,933,-1,933,932,934,-1,933,934,935,-1,935,934,936,-1,935,936,937,-1,937,936,938,-1,937,938,939,-1,939,938,940,-1,939,940,941,-1,941,940,942,-1,941,942,943,-1,943,942,944,-1,943,944,945,-1,945,944,946,-1,945,946,947,-1,947,946,948,-1,948,946,949,-1,948,949,918,-1,918,949,916,-1,921,917,949,-1,949,917,916,-1,921,949,923,-1,923,949,946,-1,936,934,946,-1,942,940,938,-1,936,946,938,-1,938,946,944,-1,938,944,942,-1,934,932,946,-1,946,932,930,-1,946,930,928,-1,928,926,946,-1,946,926,924,-1,946,924,923,-1,950,951,952,-1,952,951,953,-1,953,951,954,-1,954,951,955,-1,954,955,956,-1,956,955,957,-1,956,957,958,-1,956,958,959,-1,959,958,960,-1,959,960,961,-1,961,960,962,-1,961,962,963,-1,963,962,964,-1,963,964,965,-1,965,964,966,-1,965,966,967,-1,967,966,968,-1,967,968,969,-1,969,968,970,-1,969,970,971,-1,971,970,972,-1,971,972,973,-1,973,972,974,-1,973,974,975,-1,975,974,976,-1,975,976,977,-1,977,976,978,-1,977,978,979,-1,979,978,980,-1,979,980,981,-1,981,980,982,-1,982,980,983,-1,982,983,952,-1,952,983,950,-1,955,951,983,-1,983,951,950,-1,968,966,980,-1,966,964,980,-1,980,964,962,-1,980,962,960,-1,974,972,976,-1,976,972,978,-1,978,972,980,-1,980,972,970,-1,980,970,968,-1,955,983,957,-1,957,983,980,-1,957,980,958,-1,958,980,960,-1,984,985,986,-1,986,985,987,-1,987,985,988,-1,988,985,989,-1,988,989,990,-1,990,989,991,-1,990,991,992,-1,990,992,993,-1,993,992,994,-1,993,994,995,-1,995,994,996,-1,995,996,997,-1,997,996,998,-1,997,998,999,-1,999,998,1000,-1,999,1000,1001,-1,1001,1000,1002,-1,1001,1002,1003,-1,1003,1002,1004,-1,1003,1004,1005,-1,1005,1004,1006,-1,1005,1006,1007,-1,1007,1006,1008,-1,1007,1008,1009,-1,1009,1008,1010,-1,1009,1010,1011,-1,1011,1010,1012,-1,1011,1012,1013,-1,1013,1012,1014,-1,1013,1014,1015,-1,1015,1014,1016,-1,1016,1014,1017,-1,1016,1017,986,-1,986,1017,984,-1,989,985,1017,-1,1017,985,984,-1,989,1017,991,-1,991,1017,1014,-1,996,1014,1012,-1,996,994,1014,-1,1014,994,992,-1,1014,992,991,-1,1000,1008,1002,-1,1002,1008,1006,-1,1002,1006,1004,-1,1012,1010,996,-1,996,1010,1008,-1,996,1008,998,-1,998,1008,1000,-1,1018,1019,1020,-1,1020,1019,1021,-1,1021,1019,1022,-1,1022,1019,1023,-1,1022,1023,1024,-1,1024,1023,1025,-1,1024,1025,1026,-1,1024,1026,1027,-1,1027,1026,1028,-1,1027,1028,1029,-1,1029,1028,1030,-1,1029,1030,1031,-1,1031,1030,1032,-1,1031,1032,1033,-1,1033,1032,1034,-1,1033,1034,1035,-1,1035,1034,1036,-1,1035,1036,1037,-1,1037,1036,1038,-1,1037,1038,1039,-1,1039,1038,1040,-1,1039,1040,1041,-1,1041,1040,1042,-1,1041,1042,1043,-1,1043,1042,1044,-1,1043,1044,1045,-1,1045,1044,1046,-1,1045,1046,1047,-1,1047,1046,1048,-1,1047,1048,1049,-1,1049,1048,1050,-1,1050,1048,1051,-1,1050,1051,1020,-1,1020,1051,1018,-1,1023,1019,1051,-1,1051,1019,1018,-1,1030,1028,1048,-1,1044,1042,1040,-1,1030,1048,1032,-1,1023,1051,1025,-1,1025,1051,1048,-1,1025,1048,1026,-1,1026,1048,1028,-1,1040,1038,1044,-1,1044,1038,1036,-1,1044,1036,1046,-1,1046,1036,1048,-1,1048,1036,1034,-1,1048,1034,1032,-1,1052,1053,1054,-1,1054,1053,1055,-1,1055,1053,1056,-1,1056,1053,1057,-1,1056,1057,1058,-1,1058,1057,1059,-1,1058,1059,1060,-1,1058,1060,1061,-1,1061,1060,1062,-1,1061,1062,1063,-1,1063,1062,1064,-1,1063,1064,1065,-1,1065,1064,1066,-1,1065,1066,1067,-1,1067,1066,1068,-1,1067,1068,1069,-1,1069,1068,1070,-1,1069,1070,1071,-1,1071,1070,1072,-1,1071,1072,1073,-1,1073,1072,1074,-1,1073,1074,1075,-1,1075,1074,1076,-1,1075,1076,1077,-1,1077,1076,1078,-1,1077,1078,1079,-1,1079,1078,1080,-1,1079,1080,1081,-1,1081,1080,1082,-1,1081,1082,1083,-1,1083,1082,1084,-1,1084,1082,1085,-1,1084,1085,1054,-1,1054,1085,1052,-1,1057,1053,1085,-1,1085,1053,1052,-1,1057,1085,1059,-1,1059,1085,1082,-1,1059,1082,1060,-1,1060,1082,1062,-1,1062,1082,1064,-1,1064,1082,1080,-1,1064,1080,1078,-1,1068,1074,1070,-1,1070,1074,1072,-1,1068,1066,1074,-1,1074,1066,1064,-1,1074,1064,1076,-1,1076,1064,1078,-1,1086,1087,1088,-1,1088,1087,1089,-1,1090,1091,1092,-1,1090,1092,1093,-1,1093,1092,1094,-1,1093,1094,1095,-1,1095,1094,1096,-1,1095,1096,1097,-1,1097,1096,1089,-1,1097,1089,1087,-1,1098,1099,1100,-1,1100,1099,1101,-1,1100,1101,1090,-1,1090,1101,1091,-1,1102,1099,1103,-1,1103,1099,1098,-1,1086,1088,1104,-1,1104,1088,1105,-1,1104,1105,1103,-1,1103,1105,1102,-1,1101,1099,1105,-1,1105,1099,1102,-1,1094,1088,1096,-1,1096,1088,1089,-1,1101,1105,1091,-1,1091,1105,1088,-1,1091,1088,1092,-1,1092,1088,1094,-1,1106,1107,1108,-1,1108,1107,1109,-1,1110,1111,1112,-1,1110,1112,1113,-1,1113,1112,1114,-1,1113,1114,1115,-1,1115,1114,1116,-1,1115,1116,1117,-1,1117,1116,1109,-1,1117,1109,1107,-1,1118,1119,1120,-1,1120,1119,1121,-1,1120,1121,1110,-1,1110,1121,1111,-1,1122,1119,1123,-1,1123,1119,1118,-1,1106,1108,1124,-1,1124,1108,1125,-1,1124,1125,1123,-1,1123,1125,1122,-1,1121,1119,1125,-1,1125,1119,1122,-1,1114,1108,1116,-1,1116,1108,1109,-1,1121,1125,1111,-1,1111,1125,1108,-1,1111,1108,1112,-1,1112,1108,1114,-1,1126,1127,1128,-1,1128,1127,1129,-1,1130,1131,1132,-1,1130,1132,1133,-1,1133,1132,1134,-1,1133,1134,1135,-1,1135,1134,1136,-1,1135,1136,1137,-1,1137,1136,1129,-1,1137,1129,1127,-1,1138,1139,1140,-1,1140,1139,1141,-1,1140,1141,1130,-1,1130,1141,1131,-1,1142,1139,1143,-1,1143,1139,1138,-1,1126,1128,1144,-1,1144,1128,1145,-1,1144,1145,1143,-1,1143,1145,1142,-1,1141,1139,1145,-1,1145,1139,1142,-1,1141,1145,1131,-1,1131,1145,1128,-1,1128,1129,1136,-1,1136,1134,1128,-1,1128,1134,1132,-1,1128,1132,1131,-1,1146,1147,1148,-1,1148,1147,1149,-1,1149,1147,1150,-1,1150,1147,1151,-1,1150,1151,1152,-1,1152,1151,1153,-1,1152,1153,1154,-1,1152,1154,1155,-1,1155,1154,1156,-1,1155,1156,1157,-1,1157,1156,1158,-1,1157,1158,1159,-1,1159,1158,1160,-1,1159,1160,1161,-1,1161,1160,1162,-1,1161,1162,1163,-1,1163,1162,1164,-1,1163,1164,1165,-1,1165,1164,1166,-1,1165,1166,1167,-1,1167,1166,1168,-1,1167,1168,1169,-1,1169,1168,1170,-1,1169,1170,1171,-1,1171,1170,1172,-1,1171,1172,1173,-1,1173,1172,1174,-1,1173,1174,1175,-1,1175,1174,1176,-1,1175,1176,1177,-1,1177,1176,1178,-1,1178,1176,1179,-1,1178,1179,1148,-1,1148,1179,1146,-1,1151,1147,1179,-1,1179,1147,1146,-1,1151,1179,1153,-1,1153,1179,1176,-1,1172,1170,1174,-1,1174,1170,1168,-1,1174,1168,1176,-1,1176,1168,1166,-1,1176,1166,1164,-1,1164,1162,1176,-1,1176,1162,1160,-1,1176,1160,1158,-1,1158,1156,1176,-1,1176,1156,1154,-1,1176,1154,1153,-1,1180,1181,1182,-1,1182,1181,1183,-1,1183,1181,1184,-1,1184,1181,1185,-1,1184,1185,1186,-1,1186,1185,1187,-1,1186,1187,1188,-1,1186,1188,1189,-1,1189,1188,1190,-1,1189,1190,1191,-1,1191,1190,1192,-1,1191,1192,1193,-1,1193,1192,1194,-1,1193,1194,1195,-1,1195,1194,1196,-1,1195,1196,1197,-1,1197,1196,1198,-1,1197,1198,1199,-1,1199,1198,1200,-1,1199,1200,1201,-1,1201,1200,1202,-1,1201,1202,1203,-1,1203,1202,1204,-1,1203,1204,1205,-1,1205,1204,1206,-1,1205,1206,1207,-1,1207,1206,1208,-1,1207,1208,1209,-1,1209,1208,1210,-1,1209,1210,1211,-1,1211,1210,1212,-1,1212,1210,1213,-1,1212,1213,1182,-1,1182,1213,1180,-1,1185,1181,1213,-1,1213,1181,1180,-1,1185,1213,1187,-1,1187,1213,1210,-1,1200,1198,1210,-1,1206,1204,1202,-1,1200,1210,1202,-1,1202,1210,1208,-1,1202,1208,1206,-1,1198,1196,1210,-1,1210,1196,1194,-1,1210,1194,1192,-1,1192,1190,1210,-1,1210,1190,1188,-1,1210,1188,1187,-1,1214,1215,1216,-1,1216,1215,1217,-1,1217,1215,1218,-1,1218,1215,1219,-1,1218,1219,1220,-1,1220,1219,1221,-1,1220,1221,1222,-1,1220,1222,1223,-1,1223,1222,1224,-1,1223,1224,1225,-1,1225,1224,1226,-1,1225,1226,1227,-1,1227,1226,1228,-1,1227,1228,1229,-1,1229,1228,1230,-1,1229,1230,1231,-1,1231,1230,1232,-1,1231,1232,1233,-1,1233,1232,1234,-1,1233,1234,1235,-1,1235,1234,1236,-1,1235,1236,1237,-1,1237,1236,1238,-1,1237,1238,1239,-1,1239,1238,1240,-1,1239,1240,1241,-1,1241,1240,1242,-1,1241,1242,1243,-1,1243,1242,1244,-1,1243,1244,1245,-1,1245,1244,1246,-1,1246,1244,1247,-1,1246,1247,1216,-1,1216,1247,1214,-1,1219,1215,1247,-1,1247,1215,1214,-1,1219,1247,1221,-1,1221,1247,1244,-1,1240,1238,1230,-1,1244,1228,1226,-1,1226,1224,1244,-1,1244,1224,1222,-1,1244,1222,1221,-1,1228,1244,1230,-1,1230,1244,1242,-1,1230,1242,1240,-1,1238,1236,1230,-1,1230,1236,1234,-1,1230,1234,1232,-1,1248,1249,1250,-1,1250,1249,1251,-1,1251,1249,1252,-1,1252,1249,1253,-1,1252,1253,1254,-1,1254,1253,1255,-1,1254,1255,1256,-1,1254,1256,1257,-1,1257,1256,1258,-1,1257,1258,1259,-1,1259,1258,1260,-1,1259,1260,1261,-1,1261,1260,1262,-1,1261,1262,1263,-1,1263,1262,1264,-1,1263,1264,1265,-1,1265,1264,1266,-1,1265,1266,1267,-1,1267,1266,1268,-1,1267,1268,1269,-1,1269,1268,1270,-1,1269,1270,1271,-1,1271,1270,1272,-1,1271,1272,1273,-1,1273,1272,1274,-1,1273,1274,1275,-1,1275,1274,1276,-1,1275,1276,1277,-1,1277,1276,1278,-1,1277,1278,1279,-1,1279,1278,1280,-1,1280,1278,1281,-1,1280,1281,1250,-1,1250,1281,1248,-1,1253,1249,1281,-1,1281,1249,1248,-1,1270,1268,1266,-1,1276,1266,1278,-1,1278,1266,1264,-1,1276,1274,1266,-1,1266,1274,1272,-1,1266,1272,1270,-1,1264,1262,1278,-1,1278,1262,1260,-1,1278,1260,1258,-1,1253,1281,1255,-1,1255,1281,1278,-1,1255,1278,1256,-1,1256,1278,1258,-1,1282,1283,1284,-1,1284,1283,1285,-1,1285,1283,1286,-1,1286,1283,1287,-1,1286,1287,1288,-1,1288,1287,1289,-1,1288,1289,1290,-1,1288,1290,1291,-1,1291,1290,1292,-1,1291,1292,1293,-1,1293,1292,1294,-1,1293,1294,1295,-1,1295,1294,1296,-1,1295,1296,1297,-1,1297,1296,1298,-1,1297,1298,1299,-1,1299,1298,1300,-1,1299,1300,1301,-1,1301,1300,1302,-1,1301,1302,1303,-1,1303,1302,1304,-1,1303,1304,1305,-1,1305,1304,1306,-1,1305,1306,1307,-1,1307,1306,1308,-1,1307,1308,1309,-1,1309,1308,1310,-1,1309,1310,1311,-1,1311,1310,1312,-1,1311,1312,1313,-1,1313,1312,1314,-1,1314,1312,1315,-1,1314,1315,1284,-1,1284,1315,1282,-1,1287,1283,1315,-1,1315,1283,1282,-1,1308,1306,1304,-1,1302,1300,1312,-1,1312,1300,1298,-1,1302,1312,1304,-1,1304,1312,1310,-1,1304,1310,1308,-1,1298,1296,1312,-1,1312,1296,1294,-1,1312,1294,1292,-1,1287,1315,1289,-1,1289,1315,1312,-1,1289,1312,1290,-1,1290,1312,1292,-1,1316,1317,1318,-1,1318,1317,1319,-1,1319,1317,1320,-1,1320,1317,1321,-1,1320,1321,1322,-1,1322,1321,1323,-1,1322,1323,1324,-1,1322,1324,1325,-1,1325,1324,1326,-1,1325,1326,1327,-1,1327,1326,1328,-1,1327,1328,1329,-1,1329,1328,1330,-1,1329,1330,1331,-1,1331,1330,1332,-1,1331,1332,1333,-1,1333,1332,1334,-1,1333,1334,1335,-1,1335,1334,1336,-1,1335,1336,1337,-1,1337,1336,1338,-1,1337,1338,1339,-1,1339,1338,1340,-1,1339,1340,1341,-1,1341,1340,1342,-1,1341,1342,1343,-1,1343,1342,1344,-1,1343,1344,1345,-1,1345,1344,1346,-1,1345,1346,1347,-1,1347,1346,1348,-1,1348,1346,1349,-1,1348,1349,1318,-1,1318,1349,1316,-1,1321,1317,1349,-1,1349,1317,1316,-1,1321,1349,1323,-1,1323,1349,1346,-1,1344,1332,1346,-1,1346,1332,1330,-1,1346,1330,1328,-1,1344,1342,1332,-1,1332,1342,1340,-1,1332,1340,1334,-1,1334,1340,1338,-1,1334,1338,1336,-1,1328,1326,1346,-1,1346,1326,1324,-1,1346,1324,1323,-1,1350,1351,1352,-1,1352,1351,1353,-1,1353,1351,1354,-1,1354,1351,1355,-1,1354,1355,1356,-1,1356,1355,1357,-1,1356,1357,1358,-1,1356,1358,1359,-1,1359,1358,1360,-1,1359,1360,1361,-1,1361,1360,1362,-1,1361,1362,1363,-1,1363,1362,1364,-1,1363,1364,1365,-1,1365,1364,1366,-1,1365,1366,1367,-1,1367,1366,1368,-1,1367,1368,1369,-1,1369,1368,1370,-1,1369,1370,1371,-1,1371,1370,1372,-1,1371,1372,1373,-1,1373,1372,1374,-1,1373,1374,1375,-1,1375,1374,1376,-1,1375,1376,1377,-1,1377,1376,1378,-1,1377,1378,1379,-1,1379,1378,1380,-1,1379,1380,1381,-1,1381,1380,1382,-1,1382,1380,1383,-1,1382,1383,1352,-1,1352,1383,1350,-1,1355,1351,1383,-1,1383,1351,1350,-1,1355,1383,1357,-1,1357,1383,1380,-1,1364,1362,1380,-1,1368,1378,1376,-1,1376,1374,1368,-1,1368,1374,1372,-1,1368,1372,1370,-1,1378,1368,1380,-1,1380,1368,1366,-1,1380,1366,1364,-1,1362,1360,1380,-1,1380,1360,1358,-1,1380,1358,1357,-1,1384,1385,1386,-1,1386,1385,1387,-1,1387,1385,1388,-1,1388,1385,1389,-1,1388,1389,1390,-1,1390,1389,1391,-1,1390,1391,1392,-1,1390,1392,1393,-1,1393,1392,1394,-1,1393,1394,1395,-1,1395,1394,1396,-1,1395,1396,1397,-1,1397,1396,1398,-1,1397,1398,1399,-1,1399,1398,1400,-1,1399,1400,1401,-1,1401,1400,1402,-1,1401,1402,1403,-1,1403,1402,1404,-1,1403,1404,1405,-1,1405,1404,1406,-1,1405,1406,1407,-1,1407,1406,1408,-1,1407,1408,1409,-1,1409,1408,1410,-1,1409,1410,1411,-1,1411,1410,1412,-1,1411,1412,1413,-1,1413,1412,1414,-1,1413,1414,1415,-1,1415,1414,1416,-1,1416,1414,1417,-1,1416,1417,1386,-1,1386,1417,1384,-1,1389,1385,1417,-1,1417,1385,1384,-1,1404,1402,1414,-1,1410,1408,1406,-1,1396,1394,1414,-1,1389,1417,1391,-1,1391,1417,1414,-1,1391,1414,1392,-1,1392,1414,1394,-1,1404,1414,1406,-1,1406,1414,1412,-1,1406,1412,1410,-1,1402,1400,1414,-1,1414,1400,1398,-1,1414,1398,1396,-1,1418,1419,1420,-1,1420,1419,1421,-1,1421,1419,1422,-1,1422,1419,1423,-1,1422,1423,1424,-1,1424,1423,1425,-1,1424,1425,1426,-1,1424,1426,1427,-1,1427,1426,1428,-1,1427,1428,1429,-1,1429,1428,1430,-1,1429,1430,1431,-1,1431,1430,1432,-1,1431,1432,1433,-1,1433,1432,1434,-1,1433,1434,1435,-1,1435,1434,1436,-1,1435,1436,1437,-1,1437,1436,1438,-1,1437,1438,1439,-1,1439,1438,1440,-1,1439,1440,1441,-1,1441,1440,1442,-1,1441,1442,1443,-1,1443,1442,1444,-1,1443,1444,1445,-1,1445,1444,1446,-1,1445,1446,1447,-1,1447,1446,1448,-1,1447,1448,1449,-1,1449,1448,1450,-1,1450,1448,1451,-1,1450,1451,1420,-1,1420,1451,1418,-1,1423,1419,1451,-1,1451,1419,1418,-1,1436,1434,1448,-1,1434,1432,1448,-1,1448,1432,1430,-1,1448,1430,1428,-1,1442,1440,1444,-1,1444,1440,1446,-1,1446,1440,1448,-1,1448,1440,1438,-1,1448,1438,1436,-1,1423,1451,1425,-1,1425,1451,1448,-1,1425,1448,1426,-1,1426,1448,1428,-1,1452,1453,1454,-1,1454,1453,1455,-1,1455,1453,1456,-1,1456,1453,1457,-1,1456,1457,1458,-1,1458,1457,1459,-1,1458,1459,1460,-1,1458,1460,1461,-1,1461,1460,1462,-1,1461,1462,1463,-1,1463,1462,1464,-1,1463,1464,1465,-1,1465,1464,1466,-1,1465,1466,1467,-1,1467,1466,1468,-1,1467,1468,1469,-1,1469,1468,1470,-1,1469,1470,1471,-1,1471,1470,1472,-1,1471,1472,1473,-1,1473,1472,1474,-1,1473,1474,1475,-1,1475,1474,1476,-1,1475,1476,1477,-1,1477,1476,1478,-1,1477,1478,1479,-1,1479,1478,1480,-1,1479,1480,1481,-1,1481,1480,1482,-1,1481,1482,1483,-1,1483,1482,1484,-1,1484,1482,1485,-1,1484,1485,1454,-1,1454,1485,1452,-1,1457,1453,1485,-1,1485,1453,1452,-1,1457,1485,1459,-1,1459,1485,1482,-1,1466,1464,1482,-1,1470,1480,1478,-1,1478,1476,1470,-1,1470,1476,1474,-1,1470,1474,1472,-1,1464,1462,1482,-1,1482,1462,1460,-1,1482,1460,1459,-1,1480,1470,1482,-1,1482,1470,1468,-1,1482,1468,1466,-1,1486,1487,1488,-1,1488,1487,1489,-1,1489,1487,1490,-1,1490,1487,1491,-1,1490,1491,1492,-1,1492,1491,1493,-1,1492,1493,1494,-1,1492,1494,1495,-1,1495,1494,1496,-1,1495,1496,1497,-1,1497,1496,1498,-1,1497,1498,1499,-1,1499,1498,1500,-1,1499,1500,1501,-1,1501,1500,1502,-1,1501,1502,1503,-1,1503,1502,1504,-1,1503,1504,1505,-1,1505,1504,1506,-1,1505,1506,1507,-1,1507,1506,1508,-1,1507,1508,1509,-1,1509,1508,1510,-1,1509,1510,1511,-1,1511,1510,1512,-1,1511,1512,1513,-1,1513,1512,1514,-1,1513,1514,1515,-1,1515,1514,1516,-1,1515,1516,1517,-1,1517,1516,1518,-1,1518,1516,1519,-1,1518,1519,1488,-1,1488,1519,1486,-1,1491,1487,1519,-1,1519,1487,1486,-1,1491,1519,1493,-1,1493,1519,1516,-1,1506,1504,1516,-1,1512,1510,1508,-1,1506,1516,1508,-1,1508,1516,1514,-1,1508,1514,1512,-1,1504,1502,1516,-1,1516,1502,1500,-1,1516,1500,1498,-1,1498,1496,1516,-1,1516,1496,1494,-1,1516,1494,1493,-1,1520,1521,1522,-1,1522,1521,1523,-1,1523,1521,1524,-1,1524,1521,1525,-1,1524,1525,1526,-1,1526,1525,1527,-1,1526,1527,1528,-1,1526,1528,1529,-1,1529,1528,1530,-1,1529,1530,1531,-1,1531,1530,1532,-1,1531,1532,1533,-1,1533,1532,1534,-1,1533,1534,1535,-1,1535,1534,1536,-1,1535,1536,1537,-1,1537,1536,1538,-1,1537,1538,1539,-1,1539,1538,1540,-1,1539,1540,1541,-1,1541,1540,1542,-1,1541,1542,1543,-1,1543,1542,1544,-1,1543,1544,1545,-1,1545,1544,1546,-1,1545,1546,1547,-1,1547,1546,1548,-1,1547,1548,1549,-1,1549,1548,1550,-1,1549,1550,1551,-1,1551,1550,1552,-1,1552,1550,1553,-1,1552,1553,1522,-1,1522,1553,1520,-1,1525,1521,1553,-1,1553,1521,1520,-1,1538,1536,1550,-1,1536,1534,1550,-1,1550,1534,1532,-1,1550,1532,1530,-1,1544,1542,1546,-1,1546,1542,1548,-1,1548,1542,1550,-1,1550,1542,1540,-1,1550,1540,1538,-1,1525,1553,1527,-1,1527,1553,1550,-1,1527,1550,1528,-1,1528,1550,1530,-1,1554,1555,1556,-1,1556,1555,1557,-1,1557,1555,1558,-1,1558,1555,1559,-1,1558,1559,1560,-1,1560,1559,1561,-1,1560,1561,1562,-1,1560,1562,1563,-1,1563,1562,1564,-1,1563,1564,1565,-1,1565,1564,1566,-1,1565,1566,1567,-1,1567,1566,1568,-1,1567,1568,1569,-1,1569,1568,1570,-1,1569,1570,1571,-1,1571,1570,1572,-1,1571,1572,1573,-1,1573,1572,1574,-1,1573,1574,1575,-1,1575,1574,1576,-1,1575,1576,1577,-1,1577,1576,1578,-1,1577,1578,1579,-1,1579,1578,1580,-1,1579,1580,1581,-1,1581,1580,1582,-1,1581,1582,1583,-1,1583,1582,1584,-1,1583,1584,1585,-1,1585,1584,1586,-1,1586,1584,1587,-1,1586,1587,1556,-1,1556,1587,1554,-1,1559,1555,1587,-1,1587,1555,1554,-1,1559,1587,1561,-1,1561,1587,1584,-1,1561,1584,1562,-1,1582,1580,1572,-1,1580,1578,1572,-1,1572,1578,1576,-1,1572,1576,1574,-1,1582,1572,1584,-1,1584,1572,1570,-1,1584,1570,1568,-1,1568,1566,1584,-1,1584,1566,1564,-1,1584,1564,1562,-1,1588,1589,1590,-1,1590,1589,1591,-1,1591,1589,1592,-1,1592,1589,1593,-1,1592,1593,1594,-1,1594,1593,1595,-1,1594,1595,1596,-1,1594,1596,1597,-1,1597,1596,1598,-1,1597,1598,1599,-1,1599,1598,1600,-1,1599,1600,1601,-1,1601,1600,1602,-1,1601,1602,1603,-1,1603,1602,1604,-1,1603,1604,1605,-1,1605,1604,1606,-1,1605,1606,1607,-1,1607,1606,1608,-1,1607,1608,1609,-1,1609,1608,1610,-1,1609,1610,1611,-1,1611,1610,1612,-1,1611,1612,1613,-1,1613,1612,1614,-1,1613,1614,1615,-1,1615,1614,1616,-1,1615,1616,1617,-1,1617,1616,1618,-1,1617,1618,1619,-1,1619,1618,1620,-1,1620,1618,1621,-1,1620,1621,1590,-1,1590,1621,1588,-1,1593,1589,1621,-1,1621,1589,1588,-1,1614,1612,1610,-1,1608,1606,1618,-1,1618,1606,1604,-1,1608,1618,1610,-1,1610,1618,1616,-1,1610,1616,1614,-1,1604,1602,1618,-1,1618,1602,1600,-1,1618,1600,1598,-1,1593,1621,1595,-1,1595,1621,1618,-1,1595,1618,1596,-1,1596,1618,1598,-1,1622,1623,1624,-1,1624,1623,1625,-1,1625,1623,1626,-1,1626,1623,1627,-1,1626,1627,1628,-1,1628,1627,1629,-1,1628,1629,1630,-1,1628,1630,1631,-1,1631,1630,1632,-1,1631,1632,1633,-1,1633,1632,1634,-1,1633,1634,1635,-1,1635,1634,1636,-1,1635,1636,1637,-1,1637,1636,1638,-1,1637,1638,1639,-1,1639,1638,1640,-1,1639,1640,1641,-1,1641,1640,1642,-1,1641,1642,1643,-1,1643,1642,1644,-1,1643,1644,1645,-1,1645,1644,1646,-1,1645,1646,1647,-1,1647,1646,1648,-1,1647,1648,1649,-1,1649,1648,1650,-1,1649,1650,1651,-1,1651,1650,1652,-1,1651,1652,1653,-1,1653,1652,1654,-1,1654,1652,1655,-1,1654,1655,1624,-1,1624,1655,1622,-1,1627,1623,1655,-1,1655,1623,1622,-1,1627,1655,1629,-1,1629,1655,1652,-1,1629,1652,1630,-1,1630,1652,1650,-1,1630,1650,1648,-1,1642,1640,1638,-1,1648,1646,1630,-1,1630,1646,1644,-1,1630,1644,1632,-1,1632,1644,1634,-1,1642,1638,1644,-1,1644,1638,1636,-1,1644,1636,1634,-1,1656,1657,1658,-1,1658,1657,1659,-1,1660,1661,1662,-1,1662,1661,1663,-1,1664,1663,1665,-1,1665,1663,1661,-1,1657,1664,1659,-1,1659,1664,1665,-1,1662,1663,1656,-1,1656,1663,1664,-1,1656,1664,1657,-1,
        ]
    }
}
Shape{
    appearance Appearance {
        material  Material 	{
            diffuseColor 1.0 1.0 1.0
            specularColor 0.5019607843137255 0.5019607843137255 0.5019607843137255
            ambientIntensity 0.2
            transparency 0
            shininess 0.5
        }
    }
    geometry IndexedFaceSet {
        ccw TRUE
        solid FALSE
        coord DEF co Coordinate {
            point [
                -0.6 -0.8887 0.2913, -0.6 -0.8979 0.2913, -0.6 -0.8887 0.2874, -0.6 -0.8979 0.2874, -0.6319 -0.8887 0.2913, -0.6319 -0.8887 0.2874, -0.6319 -0.8178 0.2913, -0.6319 -0.8178 0.2874, -0.6422 -0.8178 0.2913, -0.6422 -0.8178 0.2874, -0.6422 -0.8979 0.2913, -0.6422 -0.8979 0.2874, -0.5589 -0.8992 0.2913, -0.5589 -0.8992 0.2874, -0.5467 -0.8981 0.2913, -0.5518 -0.8985 0.2874, -0.5467 -0.8981 0.2874, -0.5381 -0.8952 0.2874, -0.5381 -0.8952 0.2913, -0.5367 -0.8946 0.2874, -0.5367 -0.8946 0.2913, -0.5367 -0.8846 0.2913, -0.5367 -0.8846 0.2874, -0.5446 -0.8882 0.2874, -0.5446 -0.8882 0.2913, -0.5536 -0.8899 0.2874, -0.5536 -0.8899 0.2913, -0.5574 -0.89 0.2874, -0.5574 -0.89 0.2913, -0.5655 -0.889 0.2874, -0.5655 -0.889 0.2913, -0.5712 -0.8868 0.2874, -0.5712 -0.8868 0.2913, -0.5764 -0.8831 0.2874, -0.5764 -0.8831 0.2913, -0.578 -0.8816 0.2874, -0.578 -0.8816 0.2913, -0.5819 -0.8762 0.2874, -0.5819 -0.8762 0.2913, -0.5845 -0.8697 0.2874, -0.5845 -0.8697 0.2913, -0.5858 -0.8617 0.2874, -0.5858 -0.8617 0.2913, -0.5858 -0.8587 0.2874, -0.5858 -0.8587 0.2913, -0.5845 -0.8476 0.2874, -0.5845 -0.8476 0.2913, -0.5818 -0.8407 0.2874, -0.5818 -0.8407 0.2913, -0.5774 -0.8347 0.2874, -0.5774 -0.8347 0.2913, -0.572 -0.8302 0.2874, -0.572 -0.8302 0.2913, -0.5657 -0.8272 0.2874, -0.5657 -0.8272 0.2913, -0.5587 -0.8259 0.2874, -0.5587 -0.8259 0.2913, -0.5556 -0.8258 0.2874, -0.5556 -0.8258 0.2913, -0.5458 -0.827 0.2874, -0.5458 -0.827 0.2913, -0.5376 -0.8301 0.2874, -0.5376 -0.8301 0.2913, -0.5367 -0.8305 0.2874, -0.5367 -0.8305 0.2913, -0.5367 -0.8197 0.2913, -0.5367 -0.8197 0.2874, -0.5557 -0.8165 0.2874, -0.5557 -0.8165 0.2913, -0.5555 -0.8165 0.2913, -0.5451 -0.8173 0.2874, -0.5451 -0.8173 0.2913, -0.5472 -0.8171 0.2874, -0.5555 -0.8165 0.2874, -0.5612 -0.8171 0.2874, -0.5674 -0.8179 0.2913, -0.5674 -0.8179 0.2874, -0.5757 -0.8212 0.2874, -0.5757 -0.8212 0.2913, -0.5832 -0.8264 0.2874, -0.5832 -0.8264 0.2913, -0.5851 -0.8282 0.2874, -0.5851 -0.8282 0.2913, -0.5909 -0.8358 0.2874, -0.5931 -0.8409 0.2874, -0.5947 -0.8447 0.2913, -0.5909 -0.8358 0.2913, -0.5947 -0.8447 0.2874, -0.5966 -0.8552 0.2874, -0.5966 -0.8552 0.2913, -0.5967 -0.8594 0.2874, -0.5967 -0.8594 0.2913, -0.5954 -0.8713 0.2874, -0.5931 -0.8776 0.2874, -0.5923 -0.8799 0.2913, -0.5954 -0.8713 0.2913, -0.5923 -0.8799 0.2874, -0.5877 -0.8869 0.2874, -0.5877 -0.8869 0.2913, -0.5864 -0.8883 0.2874, -0.5864 -0.8883 0.2913, -0.5637 -0.899 0.2913, -0.58 -0.8936 0.2874, -0.58 -0.8936 0.2913, -0.5724 -0.8972 0.2874, -0.5724 -0.8972 0.2913, -0.5659 -0.8985 0.2874, -0.5637 -0.899 0.2874, -0.4776 -0.8887 0.2913, -0.4776 -0.8979 0.2913, -0.4776 -0.8887 0.2874, -0.4776 -0.8979 0.2874, -0.5104 -0.8887 0.2874, -0.5104 -0.8887 0.2913, -0.4888 -0.8887 0.2874, -0.5104 -0.8618 0.2913, -0.5104 -0.8618 0.2874, -0.4817 -0.8618 0.2913, -0.4888 -0.8618 0.2874, -0.4817 -0.8618 0.2874, -0.4817 -0.8526 0.2913, -0.4817 -0.8526 0.2874, -0.5104 -0.8526 0.2874, -0.5104 -0.8526 0.2913, -0.4888 -0.8526 0.2874, -0.5104 -0.827 0.2913, -0.5104 -0.827 0.2874, -0.4795 -0.827 0.2913, -0.4888 -0.827 0.2874, -0.4795 -0.827 0.2874, -0.4795 -0.8178 0.2913, -0.4795 -0.8178 0.2874, -0.5207 -0.8178 0.2874, -0.5207 -0.8178 0.2913, -0.4888 -0.8178 0.2874, -0.5207 -0.8979 0.2913, -0.5207 -0.8979 0.2874, -0.4888 -0.8979 0.2874, -0.4128 -0.8754 0.2913, -0.4168 -0.8804 0.2913, -0.4094 -0.8867 0.2913, -0.4182 -0.8817 0.2913, -0.4177 -0.8926 0.2913, -0.4235 -0.8852 0.2913, -0.4268 -0.8962 0.2913, -0.4304 -0.8876 0.2913, -0.4405 -0.8979 0.2913, -0.4406 -0.8887 0.2913, -0.4625 -0.8979 0.2913, -0.4522 -0.8887 0.2913, -0.4625 -0.8178 0.2913, -0.4522 -0.827 0.2913, -0.4397 -0.8178 0.2913, -0.4401 -0.827 0.2913, -0.4275 -0.8192 0.2913, -0.4298 -0.8282 0.2913, -0.4178 -0.8227 0.2913, -0.4228 -0.8307 0.2913, -0.4094 -0.8284 0.2913, -0.417 -0.8345 0.2913, -0.4067 -0.8311 0.2913, -0.4144 -0.8372 0.2913, -0.4017 -0.8381 0.2913, -0.4113 -0.8418 0.2913, -0.3987 -0.8457 0.2913, -0.4092 -0.8479 0.2913, -0.3973 -0.8568 0.2913, -0.4082 -0.8571 0.2913, -0.3976 -0.8619 0.2913, -0.4085 -0.8622 0.2913, -0.3995 -0.8713 0.2913, -0.41 -0.8695 0.2913, -0.4034 -0.8795 0.2913, -0.4405 -0.8979 0.2874, -0.4625 -0.8979 0.2874, -0.4094 -0.8867 0.2874, -0.4268 -0.8962 0.2874, -0.4258 -0.8958 0.2874, -0.4177 -0.8926 0.2874, -0.4034 -0.8795 0.2874, -0.3995 -0.8713 0.2874, -0.3976 -0.8619 0.2874, -0.3973 -0.8568 0.2874, -0.3987 -0.8457 0.2874, -0.4017 -0.8381 0.2874, -0.4067 -0.8311 0.2874, -0.4094 -0.8284 0.2874, -0.4397 -0.8178 0.2874, -0.4178 -0.8227 0.2874, -0.4258 -0.8197 0.2874, -0.4275 -0.8192 0.2874, -0.4625 -0.8178 0.2874, -0.4401 -0.827 0.2874, -0.4522 -0.827 0.2874, -0.4522 -0.8887 0.2874, -0.4406 -0.8887 0.2874, -0.4168 -0.8804 0.2874, -0.4182 -0.8817 0.2874, -0.4235 -0.8852 0.2874, -0.4304 -0.8876 0.2874, -0.4082 -0.8571 0.2874, -0.4085 -0.8622 0.2874, -0.41 -0.8695 0.2874, -0.4128 -0.8754 0.2874, -0.417 -0.8345 0.2874, -0.4144 -0.8372 0.2874, -0.4113 -0.8418 0.2874, -0.4092 -0.8479 0.2874, -0.4298 -0.8282 0.2874, -0.4228 -0.8307 0.2874, -0.4228 -0.8307 0.2874
            ]
        }
        coordIndex [
            0,1,2,-1,2,1,3,-1,4,0,5,-1,5,0,2,-1,6,4,7,-1,7,4,5,-1,8,6,9,-1,9,6,7,-1,10,8,11,-1,11,8,9,-1,1,10,3,-1,3,10,11,-1,6,8,4,-1,4,8,10,-1,4,10,0,-1,0,10,1,-1,12,13,14,-1,14,13,15,-1,15,16,14,-1,14,16,17,-1,14,17,18,-1,18,17,19,-1,18,19,20,-1,21,20,22,-1,22,20,19,-1,21,22,23,-1,21,23,24,-1,24,23,25,-1,24,25,26,-1,26,25,27,-1,26,27,28,-1,28,27,29,-1,28,29,30,-1,30,29,31,-1,30,31,32,-1,32,31,33,-1,32,33,34,-1,34,33,35,-1,34,35,36,-1,36,35,37,-1,36,37,38,-1,38,37,39,-1,38,39,40,-1,40,39,41,-1,40,41,42,-1,42,41,43,-1,42,43,44,-1,44,43,45,-1,44,45,46,-1,46,45,47,-1,46,47,48,-1,48,47,49,-1,48,49,50,-1,50,49,51,-1,50,51,52,-1,52,51,53,-1,52,53,54,-1,54,53,55,-1,54,55,56,-1,56,55,57,-1,56,57,58,-1,58,57,59,-1,58,59,60,-1,60,59,61,-1,60,61,62,-1,62,61,63,-1,62,63,64,-1,65,64,66,-1,66,64,63,-1,67,68,69,-1,65,66,70,-1,65,70,71,-1,71,70,72,-1,71,72,69,-1,69,72,73,-1,69,73,67,-1,68,67,74,-1,68,74,75,-1,74,76,75,-1,75,76,77,-1,75,77,78,-1,78,77,79,-1,78,79,80,-1,80,79,81,-1,80,81,82,-1,82,81,83,-1,84,85,83,-1,83,85,86,-1,83,86,82,-1,84,87,85,-1,85,87,88,-1,85,88,89,-1,89,88,90,-1,89,90,91,-1,91,90,92,-1,93,94,92,-1,92,94,95,-1,92,95,91,-1,93,96,94,-1,94,96,97,-1,94,97,98,-1,98,97,99,-1,98,99,100,-1,13,12,101,-1,100,99,102,-1,100,102,103,-1,103,102,104,-1,103,104,105,-1,105,104,106,-1,105,106,101,-1,101,106,107,-1,101,107,13,-1,62,64,65,-1,52,80,50,-1,50,80,82,-1,50,82,48,-1,48,82,86,-1,48,86,46,-1,62,65,60,-1,60,65,71,-1,60,71,58,-1,58,71,69,-1,58,69,56,-1,56,69,68,-1,56,68,54,-1,54,68,75,-1,54,75,52,-1,52,75,78,-1,52,78,80,-1,20,21,18,-1,18,21,24,-1,18,24,14,-1,14,24,26,-1,14,26,12,-1,12,26,28,-1,12,28,101,-1,101,28,30,-1,101,30,105,-1,105,30,32,-1,105,32,103,-1,103,32,34,-1,103,34,100,-1,100,34,36,-1,100,36,98,-1,98,36,38,-1,98,38,94,-1,91,44,89,-1,89,44,46,-1,89,46,85,-1,85,46,86,-1,94,38,95,-1,95,38,40,-1,95,40,91,-1,91,40,42,-1,91,42,44,-1,108,109,110,-1,110,109,111,-1,112,113,114,-1,114,113,108,-1,114,108,110,-1,115,113,116,-1,116,113,112,-1,115,116,117,-1,117,116,118,-1,117,118,119,-1,120,117,121,-1,121,117,119,-1,122,123,124,-1,124,123,120,-1,124,120,121,-1,125,123,126,-1,126,123,122,-1,125,126,127,-1,127,126,128,-1,127,128,129,-1,130,127,131,-1,131,127,129,-1,132,133,134,-1,134,133,130,-1,134,130,131,-1,135,133,136,-1,136,133,132,-1,135,136,109,-1,109,136,137,-1,109,137,111,-1,135,109,108,-1,108,113,135,-1,135,113,115,-1,135,115,133,-1,127,130,125,-1,125,130,133,-1,125,133,123,-1,123,133,115,-1,123,115,120,-1,120,115,117,-1,138,139,140,-1,140,139,141,-1,140,141,142,-1,142,141,143,-1,142,143,144,-1,144,143,145,-1,144,145,146,-1,146,145,147,-1,146,147,148,-1,148,147,149,-1,148,149,150,-1,150,149,151,-1,150,151,152,-1,152,151,153,-1,152,153,154,-1,154,153,155,-1,154,155,156,-1,156,155,157,-1,156,157,158,-1,158,157,159,-1,158,159,160,-1,160,159,161,-1,160,161,162,-1,162,161,163,-1,162,163,164,-1,164,163,165,-1,164,165,166,-1,166,165,167,-1,166,167,168,-1,168,167,169,-1,168,169,170,-1,170,169,171,-1,170,171,172,-1,172,171,138,-1,172,138,140,-1,146,148,173,-1,173,148,174,-1,175,140,142,-1,146,173,176,-1,146,176,144,-1,144,176,177,-1,144,177,142,-1,142,177,178,-1,142,178,175,-1,140,175,179,-1,140,179,172,-1,172,179,180,-1,172,180,170,-1,170,180,181,-1,170,181,168,-1,168,181,182,-1,168,182,166,-1,166,182,183,-1,166,183,164,-1,164,183,184,-1,164,184,162,-1,162,184,185,-1,162,185,160,-1,160,185,186,-1,160,186,158,-1,187,152,154,-1,158,186,188,-1,158,188,156,-1,156,188,189,-1,156,189,154,-1,154,189,190,-1,154,190,187,-1,150,152,191,-1,191,152,187,-1,148,150,174,-1,174,150,191,-1,153,151,192,-1,192,151,193,-1,151,149,193,-1,193,149,194,-1,149,147,194,-1,194,147,195,-1,139,196,197,-1,139,197,141,-1,141,197,198,-1,141,198,143,-1,143,198,199,-1,143,199,145,-1,145,199,195,-1,145,195,147,-1,167,200,201,-1,167,201,169,-1,169,201,202,-1,169,202,171,-1,171,202,203,-1,171,203,138,-1,138,203,196,-1,138,196,139,-1,159,204,205,-1,159,205,161,-1,161,205,206,-1,161,206,163,-1,163,206,207,-1,163,207,165,-1,165,207,200,-1,165,200,167,-1,153,192,208,-1,153,208,155,-1,155,208,209,-1,155,209,157,-1,157,209,204,-1,157,204,159,-1,
        ]
    }
}
Shape{
    appearance Appearance {
        material  Material 	{
            diffuseColor 0.25098039215686274 0.25098039215686274 0.25098039215686274
            specularColor 0.12549019607843137 0.12549019607843137 0.12549019607843137
            ambientIntensity 0.2
            transparency 0
            shininess 0.5
        }
    }
    geometry IndexedFaceSet {
        ccw TRUE
        solid FALSE
        coord DEF co Coordinate {
            point [
                -0.4522 -0.827 0.2874, -0.4522 -0.8887 0.2874, -0.4401 -0.827 0.2874, -0.4406 -0.8887 0.2874, -0.4304 -0.8876 0.2874, -0.4235 -0.8852 0.2874, -0.4182 -0.8817 0.2874, -0.4168 -0.8804 0.2874, -0.4128 -0.8754 0.2874, -0.41 -0.8695 0.2874, -0.4085 -0.8622 0.2874, -0.4082 -0.8571 0.2874, -0.4092 -0.8479 0.2874, -0.4113 -0.8418 0.2874, -0.4144 -0.8372 0.2874, -0.417 -0.8345 0.2874, -0.4298 -0.8282 0.2874, -0.4228 -0.8307 0.2874, -0.4228 -0.8307 0.2874
            ]
        }
        coordIndex [
            0,1,2,-1,2,1,3,-1,2,3,4,-1,4,5,2,-1,2,5,6,-1,2,6,7,-1,7,8,2,-1,2,8,9,-1,2,9,10,-1,10,11,2,-1,2,11,12,-1,2,12,13,-1,13,14,2,-1,2,14,15,-1,2,15,16,-1,16,15,17,-1,
        ]
    }
}
Shape{
    appearance Appearance {
        material  Material 	{
            diffuseColor 1.0 1.0 1.0
            specularColor 0.5019607843137255 0.5019607843137255 0.5019607843137255
            ambientIntensity 0.2
            transparency 0
            shininess 0.5
        }
    }
    geometry IndexedFaceSet {
        ccw TRUE
        solid FALSE
        coord DEF co Coordinate {
            point [
                -0.3705 -0.8669 0.2913, -0.3738 -0.876 0.2913, -0.3436 -0.8669 0.2913, -0.3404 -0.876 0.2913, -0.3585 -0.8336 0.2913, -0.3624 -0.8178 0.2913, -0.3929 -0.8979 0.2913, -0.3815 -0.8979 0.2913, -0.3578 -0.8313 0.2913, -0.3572 -0.828 0.2913, -0.3513 -0.8178 0.2913, -0.357 -0.828 0.2913, -0.3563 -0.8314 0.2913, -0.3557 -0.8336 0.2913, -0.3208 -0.8979 0.2913, -0.3323 -0.8979 0.2913, -0.3513 -0.8178 0.2874, -0.3208 -0.8979 0.2874, -0.3624 -0.8178 0.2874, -0.3929 -0.8979 0.2874, -0.3698 -0.8373 0.2874, -0.3815 -0.8979 0.2874, -0.3738 -0.876 0.2874, -0.3404 -0.876 0.2874, -0.3698 -0.876 0.2874, -0.3323 -0.8979 0.2874, -0.3705 -0.8669 0.2874, -0.3436 -0.8669 0.2874, -0.3557 -0.8336 0.2874, -0.357 -0.828 0.2874, -0.3563 -0.8314 0.2874, -0.3572 -0.828 0.2874, -0.3585 -0.8336 0.2874, -0.3578 -0.8313 0.2874, -0.3578 -0.8313 0.2874
            ]
        }
        coordIndex [
            0,1,2,-1,2,1,3,-1,4,5,0,-1,0,5,6,-1,0,6,1,-1,1,6,7,-1,4,8,5,-1,5,8,9,-1,5,9,10,-1,10,9,11,-1,10,11,12,-1,12,13,10,-1,10,13,2,-1,10,2,14,-1,14,2,3,-1,14,3,15,-1,10,14,16,-1,16,14,17,-1,5,10,18,-1,18,10,16,-1,19,6,20,-1,20,6,5,-1,20,5,18,-1,7,6,21,-1,21,6,19,-1,1,7,22,-1,22,7,21,-1,23,3,24,-1,24,3,1,-1,24,1,22,-1,15,3,25,-1,25,3,23,-1,14,15,17,-1,17,15,25,-1,0,2,26,-1,26,2,27,-1,2,13,27,-1,27,13,28,-1,11,29,30,-1,11,30,12,-1,12,30,28,-1,12,28,13,-1,11,9,29,-1,29,9,31,-1,4,32,33,-1,4,33,8,-1,8,33,31,-1,8,31,9,-1,4,0,32,-1,32,0,26,-1,
        ]
    }
}
Shape{
    appearance Appearance {
        material  Material 	{
            diffuseColor 0.25098039215686274 0.25098039215686274 0.25098039215686274
            specularColor 0.12549019607843137 0.12549019607843137 0.12549019607843137
            ambientIntensity 0.2
            transparency 0
            shininess 0.5
        }
    }
    geometry IndexedFaceSet {
        ccw TRUE
        solid FALSE
        coord DEF co Coordinate {
            point [
                -0.357 -0.828 0.2874, -0.3572 -0.828 0.2874, -0.3563 -0.8314 0.2874, -0.3578 -0.8313 0.2874, -0.3557 -0.8336 0.2874, -0.3585 -0.8336 0.2874, -0.3436 -0.8669 0.2874, -0.3705 -0.8669 0.2874, -0.3705 -0.8669 0.2874
            ]
        }
        coordIndex [
            0,1,2,-1,2,1,3,-1,2,3,4,-1,4,3,5,-1,4,5,6,-1,6,5,7,-1,
        ]
    }
}
Shape{
    appearance Appearance {
        material  Material 	{
            diffuseColor 1.0 1.0 1.0
            specularColor 0.5019607843137255 0.5019607843137255 0.5019607843137255
            ambientIntensity 0.2
            transparency 0
            shininess 0.5
        }
    }
    geometry IndexedFaceSet {
        ccw TRUE
        solid FALSE
        coord DEF co Coordinate {
            point [
                -0.5991 -1.0158 0.2913, -0.5991 -1.0249 0.2913, -0.5991 -1.0158 0.2874, -0.5991 -1.0249 0.2874, -0.6319 -1.0158 0.2913, -0.6319 -1.0158 0.2874, -0.6319 -0.9888 0.2913, -0.6319 -0.9888 0.2874, -0.6032 -0.9888 0.2913, -0.6032 -0.9888 0.2874, -0.6032 -0.9797 0.2913, -0.6032 -0.9797 0.2874, -0.6319 -0.9797 0.2913, -0.6319 -0.9797 0.2874, -0.6319 -0.954 0.2913, -0.6319 -0.954 0.2874, -0.6009 -0.954 0.2913, -0.6009 -0.954 0.2874, -0.6009 -0.9448 0.2913, -0.6009 -0.9448 0.2874, -0.6422 -0.9448 0.2913, -0.6422 -0.9448 0.2874, -0.6422 -1.0249 0.2913, -0.6422 -1.0249 0.2874, -0.567 -0.998 0.2913, -0.5536 -0.9962 0.2913, -0.5436 -0.9881 0.2913, -0.5536 -1.0249 0.2913, -0.5436 -1.0249 0.2913, -0.5536 -1.0161 0.2913, -0.5536 -0.9885 0.2913, -0.5753 -1.0005 0.2913, -0.5729 -0.9994 0.2913, -0.5539 -1.0161 0.2913, -0.559 -1.0144 0.2913, -0.5556 -1.0186 0.2913, -0.5618 -1.0164 0.2913, -0.5536 -1.0017 0.2913, -0.5542 -1.0066 0.2913, -0.5556 -1.0102 0.2913, -0.5579 -1.0133 0.2913, -0.5722 -1.0176 0.2913, -0.5714 -1.0262 0.2913, -0.5688 -1.018 0.2913, -0.5665 -1.0257 0.2913, -0.5648 -1.0175 0.2913, -0.5624 -1.0243 0.2913, -0.5587 -1.022 0.2913, -0.5539 -0.9842 0.2913, -0.5444 -0.9804 0.2913, -0.555 -0.9806 0.2913, -0.546 -0.9758 0.2913, -0.5561 -0.9785 0.2913, -0.548 -0.9726 0.2913, -0.5577 -0.9769 0.2913, -0.5507 -0.9701 0.2913, -0.5594 -0.9757 0.2913, -0.5541 -0.9682 0.2913, -0.5617 -0.9749 0.2913, -0.5583 -0.9669 0.2913, -0.5652 -0.9745 0.2913, -0.5642 -0.9664 0.2913, -0.5707 -0.9751 0.2913, -0.5745 -0.9677 0.2913, -0.577 -0.9771 0.2913, -0.5819 -0.9706 0.2913, -0.5839 -0.9815 0.2913, -0.5839 -0.9717 0.2913, -0.5773 -1.0146 0.2913, -0.5846 -1.0217 0.2913, -0.5764 -1.0154 0.2913, -0.5814 -1.024 0.2913, -0.5744 -1.0168 0.2913, -0.5776 -1.0255 0.2913, -0.5729 -1.0262 0.2913, -0.5793 -1.0072 0.2913, -0.5895 -1.0084 0.2913, -0.5794 -1.0088 0.2913, -0.5895 -1.0096 0.2913, -0.5791 -1.0111 0.2913, -0.589 -1.0141 0.2913, -0.5784 -1.0129 0.2913, -0.5878 -1.0175 0.2913, -0.5857 -1.0206 0.2913, -0.5706 -0.9909 0.2913, -0.5782 -0.9928 0.2913, -0.5767 -1.0015 0.2913, -0.5824 -0.995 0.2913, -0.5779 -1.003 0.2913, -0.5855 -0.9976 0.2913, -0.5788 -1.0049 0.2913, -0.5875 -1.0005 0.2913, -0.5889 -1.0041 0.2913, -0.5642 -0.9664 0.2874, -0.5745 -0.9677 0.2874, -0.5819 -0.9706 0.2874, -0.5839 -0.9717 0.2874, -0.5839 -0.9815 0.2874, -0.577 -0.9771 0.2874, -0.5707 -0.9751 0.2874, -0.5652 -0.9745 0.2874, -0.5617 -0.9749 0.2874, -0.5594 -0.9757 0.2874, -0.5577 -0.9769 0.2874, -0.5561 -0.9785 0.2874, -0.555 -0.9806 0.2874, -0.5539 -0.9842 0.2874, -0.5536 -0.9885 0.2874, -0.5706 -0.9909 0.2874, -0.5782 -0.9928 0.2874, -0.5824 -0.995 0.2874, -0.5855 -0.9976 0.2874, -0.5875 -1.0005 0.2874, -0.5889 -1.0041 0.2874, -0.5895 -1.0084 0.2874, -0.5895 -1.0096 0.2874, -0.589 -1.0141 0.2874, -0.5878 -1.0175 0.2874, -0.5857 -1.0206 0.2874, -0.5846 -1.0217 0.2874, -0.5714 -1.0262 0.2874, -0.5814 -1.024 0.2874, -0.5776 -1.0255 0.2874, -0.5771 -1.0256 0.2874, -0.5729 -1.0262 0.2874, -0.5665 -1.0257 0.2874, -0.566 -1.0256 0.2874, -0.5624 -1.0243 0.2874, -0.5587 -1.022 0.2874, -0.5556 -1.0186 0.2874, -0.5539 -1.0161 0.2874, -0.5536 -1.0161 0.2874, -0.5536 -1.0249 0.2874, -0.5436 -1.0249 0.2874, -0.5436 -0.9881 0.2874, -0.5444 -0.9804 0.2874, -0.546 -0.9758 0.2874, -0.548 -0.9726 0.2874, -0.5507 -0.9701 0.2874, -0.5541 -0.9682 0.2874, -0.5583 -0.9669 0.2874, -0.5767 -1.0015 0.2874, -0.5753 -1.0005 0.2874, -0.5729 -0.9994 0.2874, -0.567 -0.998 0.2874, -0.5794 -1.0088 0.2874, -0.5793 -1.0072 0.2874, -0.5788 -1.0049 0.2874, -0.5779 -1.003 0.2874, -0.5764 -1.0154 0.2874, -0.5773 -1.0146 0.2874, -0.5784 -1.0129 0.2874, -0.5791 -1.0111 0.2874, -0.5688 -1.018 0.2874, -0.5722 -1.0176 0.2874, -0.5744 -1.0168 0.2874, -0.5579 -1.0133 0.2874, -0.559 -1.0144 0.2874, -0.5618 -1.0164 0.2874, -0.5648 -1.0175 0.2874, -0.5536 -1.0017 0.2874, -0.5542 -1.0066 0.2874, -0.5556 -1.0102 0.2874, -0.5536 -0.9962 0.2874, -0.5536 -0.9962 0.2874
            ]
        }
        coordIndex [
            0,1,2,-1,2,1,3,-1,4,0,5,-1,5,0,2,-1,6,4,7,-1,7,4,5,-1,8,6,9,-1,9,6,7,-1,10,8,11,-1,11,8,9,-1,12,10,13,-1,13,10,11,-1,14,12,15,-1,15,12,13,-1,16,14,17,-1,17,14,15,-1,18,16,19,-1,19,16,17,-1,20,18,21,-1,21,18,19,-1,22,20,23,-1,23,20,21,-1,1,22,3,-1,3,22,23,-1,22,1,0,-1,0,4,22,-1,22,4,6,-1,22,6,20,-1,16,18,14,-1,14,18,20,-1,14,20,12,-1,12,20,6,-1,12,6,10,-1,10,6,8,-1,24,25,26,-1,27,28,29,-1,29,28,26,-1,30,31,32,-1,33,34,35,-1,35,34,36,-1,25,37,26,-1,26,37,38,-1,26,38,29,-1,29,38,39,-1,29,39,33,-1,33,39,40,-1,33,40,34,-1,41,42,43,-1,43,42,44,-1,43,44,45,-1,45,44,46,-1,45,46,36,-1,36,46,47,-1,36,47,35,-1,32,24,30,-1,30,24,26,-1,30,26,48,-1,48,26,49,-1,48,49,50,-1,50,49,51,-1,50,51,52,-1,52,51,53,-1,52,53,54,-1,54,53,55,-1,54,55,56,-1,56,55,57,-1,56,57,58,-1,58,57,59,-1,58,59,60,-1,60,59,61,-1,60,61,62,-1,62,61,63,-1,62,63,64,-1,64,63,65,-1,64,65,66,-1,66,65,67,-1,68,69,70,-1,70,69,71,-1,70,71,72,-1,72,71,73,-1,72,73,41,-1,41,73,74,-1,41,74,42,-1,75,76,77,-1,77,76,78,-1,77,78,79,-1,79,78,80,-1,79,80,81,-1,81,80,82,-1,81,82,68,-1,68,82,83,-1,68,83,69,-1,30,84,31,-1,31,84,85,-1,31,85,86,-1,86,85,87,-1,86,87,88,-1,88,87,89,-1,88,89,90,-1,90,89,91,-1,90,91,75,-1,75,91,92,-1,75,92,76,-1,61,93,94,-1,61,94,63,-1,63,94,95,-1,63,95,65,-1,65,95,96,-1,65,96,67,-1,66,67,97,-1,97,67,96,-1,66,97,98,-1,66,98,64,-1,64,98,99,-1,64,99,62,-1,62,99,100,-1,62,100,60,-1,60,100,101,-1,60,101,58,-1,58,101,102,-1,58,102,56,-1,56,102,103,-1,56,103,54,-1,54,103,104,-1,54,104,52,-1,52,104,105,-1,52,105,50,-1,50,105,106,-1,50,106,48,-1,48,106,107,-1,48,107,30,-1,84,30,108,-1,108,30,107,-1,84,108,109,-1,84,109,85,-1,85,109,110,-1,85,110,87,-1,87,110,111,-1,87,111,89,-1,89,111,112,-1,89,112,91,-1,91,112,113,-1,91,113,92,-1,92,113,114,-1,92,114,76,-1,76,114,115,-1,76,115,78,-1,78,115,116,-1,78,116,80,-1,80,116,117,-1,80,117,82,-1,82,117,118,-1,82,118,83,-1,83,118,119,-1,83,119,69,-1,120,42,74,-1,69,119,121,-1,69,121,71,-1,71,121,122,-1,71,122,73,-1,73,122,123,-1,73,123,74,-1,74,123,124,-1,74,124,120,-1,42,120,125,-1,42,125,44,-1,44,125,126,-1,44,126,46,-1,126,127,46,-1,46,127,128,-1,46,128,47,-1,47,128,129,-1,47,129,35,-1,35,129,130,-1,35,130,33,-1,29,33,131,-1,131,33,130,-1,27,29,132,-1,132,29,131,-1,28,27,133,-1,133,27,132,-1,26,28,134,-1,134,28,133,-1,26,134,135,-1,26,135,49,-1,49,135,136,-1,49,136,51,-1,51,136,137,-1,51,137,53,-1,53,137,138,-1,53,138,55,-1,55,138,139,-1,55,139,57,-1,57,139,140,-1,57,140,59,-1,59,140,93,-1,59,93,61,-1,86,141,142,-1,86,142,31,-1,31,142,143,-1,31,143,32,-1,32,143,144,-1,32,144,24,-1,77,145,146,-1,77,146,75,-1,75,146,147,-1,75,147,90,-1,90,147,148,-1,90,148,88,-1,88,148,141,-1,88,141,86,-1,70,149,150,-1,70,150,68,-1,68,150,151,-1,68,151,81,-1,81,151,152,-1,81,152,79,-1,79,152,145,-1,79,145,77,-1,43,153,154,-1,43,154,41,-1,41,154,155,-1,41,155,72,-1,72,155,149,-1,72,149,70,-1,40,156,157,-1,40,157,34,-1,34,157,158,-1,34,158,36,-1,36,158,159,-1,36,159,45,-1,45,159,153,-1,45,153,43,-1,37,160,161,-1,37,161,38,-1,38,161,162,-1,38,162,39,-1,39,162,156,-1,39,156,40,-1,37,25,160,-1,160,25,163,-1,25,24,163,-1,163,24,144,-1,
        ]
    }
}
Shape{
    appearance Appearance {
        material  Material 	{
            diffuseColor 0.25098039215686274 0.25098039215686274 0.25098039215686274
            specularColor 0.12549019607843137 0.12549019607843137 0.12549019607843137
            ambientIntensity 0.2
            transparency 0
            shininess 0.5
        }
    }
    geometry IndexedFaceSet {
        ccw TRUE
        solid FALSE
        coord DEF co Coordinate {
            point [
                -0.559 -1.0144 0.2874, -0.5579 -1.0133 0.2874, -0.567 -0.998 0.2874, -0.5556 -1.0102 0.2874, -0.5648 -1.0175 0.2874, -0.5729 -0.9994 0.2874, -0.5753 -1.0005 0.2874, -0.5618 -1.0164 0.2874, -0.5542 -1.0066 0.2874, -0.5536 -1.0017 0.2874, -0.5536 -0.9962 0.2874, -0.5788 -1.0049 0.2874, -0.5793 -1.0072 0.2874, -0.5794 -1.0088 0.2874, -0.5791 -1.0111 0.2874, -0.5744 -1.0168 0.2874, -0.5722 -1.0176 0.2874, -0.5764 -1.0154 0.2874, -0.5688 -1.018 0.2874, -0.5767 -1.0015 0.2874, -0.5779 -1.003 0.2874, -0.5784 -1.0129 0.2874, -0.5773 -1.0146 0.2874, -0.5773 -1.0146 0.2874
            ]
        }
        coordIndex [
            0,1,2,-1,2,1,3,-1,4,5,6,-1,5,4,2,-1,2,4,7,-1,2,7,0,-1,3,8,2,-1,2,8,9,-1,2,9,10,-1,11,12,4,-1,4,12,13,-1,4,13,14,-1,15,16,17,-1,17,16,18,-1,17,18,4,-1,6,19,4,-1,4,19,20,-1,4,20,11,-1,14,21,4,-1,4,21,22,-1,4,22,17,-1,
        ]
    }
}
Shape{
    appearance Appearance {
        material  Material 	{
            diffuseColor 1.0 1.0 1.0
            specularColor 0.5019607843137255 0.5019607843137255 0.5019607843137255
            ambientIntensity 0.2
            transparency 0
            shininess 0.5
        }
    }
    geometry IndexedFaceSet {
        ccw TRUE
        solid FALSE
        coord DEF co Coordinate {
            point [
                -0.53 -1.0125 0.2874, -0.53 -1.0125 0.2913, -0.5264 -1.0148 0.2913, -0.5135 -1.0181 0.2913, -0.5135 -1.0181 0.2874, -0.5201 -1.0172 0.2874, -0.5201 -1.0172 0.2913, -0.5253 -1.0152 0.2874, -0.5264 -1.0148 0.2874, -0.53 -1.0229 0.2913, -0.53 -1.0229 0.2874, -0.523 -1.0254 0.2913, -0.5253 -1.0245 0.2874, -0.5145 -1.0262 0.2874, -0.5145 -1.0262 0.2913, -0.5209 -1.0256 0.2874, -0.523 -1.0254 0.2874, -0.5053 -1.0251 0.2913, -0.5089 -1.0256 0.2874, -0.5053 -1.0251 0.2874, -0.5001 -1.0231 0.2874, -0.5001 -1.0231 0.2913, -0.4978 -1.0217 0.2874, -0.4978 -1.0217 0.2913, -0.4948 -1.019 0.2874, -0.4948 -1.019 0.2913, -0.4929 -1.0163 0.2874, -0.4929 -1.0163 0.2913, -0.4918 -1.0131 0.2874, -0.4918 -1.0131 0.2913, -0.4914 -1.0093 0.2874, -0.4914 -1.0093 0.2913, -0.4919 -1.0053 0.2874, -0.4919 -1.0053 0.2913, -0.493 -1.0024 0.2874, -0.493 -1.0024 0.2913, -0.4947 -0.9999 0.2874, -0.4947 -0.9999 0.2913, -0.4971 -0.9977 0.2874, -0.4971 -0.9977 0.2913, -0.5038 -0.994 0.2874, -0.5038 -0.994 0.2913, -0.5077 -0.9925 0.2874, -0.5077 -0.9925 0.2913, -0.5139 -0.9898 0.2874, -0.5139 -0.9898 0.2913, -0.5174 -0.9876 0.2874, -0.5174 -0.9876 0.2913, -0.5184 -0.9865 0.2874, -0.5184 -0.9865 0.2913, -0.5191 -0.9851 0.2874, -0.5191 -0.9851 0.2913, -0.5195 -0.9836 0.2874, -0.5195 -0.9836 0.2913, -0.5196 -0.9822 0.2874, -0.5196 -0.9822 0.2913, -0.5194 -0.9806 0.2874, -0.5194 -0.9806 0.2913, -0.5189 -0.9793 0.2874, -0.5189 -0.9793 0.2913, -0.5181 -0.978 0.2874, -0.5181 -0.978 0.2913, -0.5165 -0.9767 0.2874, -0.5165 -0.9767 0.2913, -0.5143 -0.9755 0.2874, -0.5143 -0.9755 0.2913, -0.5116 -0.9748 0.2874, -0.5116 -0.9748 0.2913, -0.5086 -0.9745 0.2874, -0.5086 -0.9745 0.2913, -0.5016 -0.9754 0.2874, -0.5016 -0.9754 0.2913, -0.4959 -0.9776 0.2874, -0.4959 -0.9776 0.2913, -0.4941 -0.9787 0.2874, -0.4941 -0.9787 0.2913, -0.4941 -0.9689 0.2913, -0.4941 -0.9689 0.2874, -0.5006 -0.967 0.2874, -0.5006 -0.967 0.2913, -0.5077 -0.9664 0.2874, -0.5077 -0.9664 0.2913, -0.5157 -0.9674 0.2874, -0.5157 -0.9674 0.2913, -0.5211 -0.9695 0.2874, -0.5211 -0.9695 0.2913, -0.5235 -0.9709 0.2874, -0.5235 -0.9709 0.2913, -0.5253 -0.9726 0.2874, -0.5266 -0.9738 0.2913, -0.5266 -0.9738 0.2874, -0.5284 -0.9765 0.2874, -0.5284 -0.9765 0.2913, -0.5296 -0.9797 0.2874, -0.5296 -0.9797 0.2913, -0.5299 -0.9831 0.2874, -0.5299 -0.9831 0.2913, -0.5294 -0.9873 0.2874, -0.5294 -0.9873 0.2913, -0.5283 -0.9903 0.2874, -0.5283 -0.9903 0.2913, -0.5271 -0.9922 0.2874, -0.5271 -0.9922 0.2913, -0.5147 -0.9998 0.2874, -0.5147 -0.9998 0.2913, -0.5207 -0.997 0.2913, -0.5254 -0.9939 0.2874, -0.5254 -0.9939 0.2913, -0.5253 -0.994 0.2874, -0.5207 -0.997 0.2874, -0.5082 -1.0025 0.2874, -0.5082 -1.0025 0.2913, -0.5042 -1.0049 0.2874, -0.5042 -1.0049 0.2913, -0.503 -1.0062 0.2874, -0.503 -1.0062 0.2913, -0.5022 -1.0075 0.2874, -0.5022 -1.0075 0.2913, -0.5018 -1.0091 0.2874, -0.5018 -1.0091 0.2913, -0.5017 -1.0103 0.2874, -0.5017 -1.0103 0.2913, -0.5019 -1.0122 0.2874, -0.5019 -1.0122 0.2913, -0.5024 -1.0137 0.2874, -0.5024 -1.0137 0.2913, -0.5033 -1.015 0.2874, -0.5033 -1.015 0.2913, -0.5044 -1.016 0.2874, -0.5044 -1.016 0.2913, -0.5053 -1.0165 0.2874, -0.5053 -1.0165 0.2913, -0.5079 -1.0175 0.2874, -0.5079 -1.0175 0.2913, -0.513 -1.0181 0.2874, -0.513 -1.0181 0.2913, -0.4416 -0.9677 0.2913, -0.4312 -0.9677 0.2913, -0.4416 -0.9677 0.2874, -0.4312 -0.9677 0.2874, -0.4573 -1.0108 0.2913, -0.4573 -1.0108 0.2874, -0.458 -1.0134 0.2874, -0.458 -1.0134 0.2913, -0.4585 -1.0154 0.2874, -0.4585 -1.0154 0.2913, -0.4588 -1.0154 0.2913, -0.4588 -1.0154 0.2874, -0.46 -1.0107 0.2913, -0.46 -1.0107 0.2874, -0.4749 -0.9677 0.2874, -0.4749 -0.9677 0.2913, -0.4701 -0.9816 0.2874, -0.4861 -0.9677 0.2913, -0.4861 -0.9677 0.2874, -0.4637 -1.0248 0.2874, -0.4637 -1.0248 0.2913, -0.4701 -1.0086 0.2874, -0.4681 -1.0352 0.2874, -0.4681 -1.0352 0.2913, -0.464 -1.0256 0.2874, -0.4701 -1.0387 0.2874, -0.4703 -1.0391 0.2913, -0.4703 -1.0391 0.2874, -0.4724 -1.0412 0.2874, -0.4724 -1.0412 0.2913, -0.4743 -1.0424 0.2874, -0.4743 -1.0424 0.2913, -0.4765 -1.0431 0.2874, -0.4765 -1.0431 0.2913, -0.4784 -1.0432 0.2874, -0.4784 -1.0432 0.2913, -0.482 -1.0428 0.2874, -0.482 -1.0428 0.2913, -0.4841 -1.0421 0.2874, -0.4841 -1.0421 0.2913, -0.4841 -1.051 0.2913, -0.4841 -1.051 0.2874, -0.4799 -1.0517 0.2874, -0.4799 -1.0517 0.2913, -0.4776 -1.0518 0.2874, -0.4776 -1.0518 0.2913, -0.4735 -1.0513 0.2874, -0.4735 -1.0513 0.2913, -0.4701 -1.05 0.2874, -0.4695 -1.0498 0.2913, -0.4695 -1.0498 0.2874, -0.466 -1.0473 0.2874, -0.466 -1.0473 0.2913, -0.4657 -1.047 0.2874, -0.4657 -1.047 0.2913, -0.462 -1.0427 0.2874, -0.462 -1.0427 0.2913, -0.4572 -1.0335 0.2874, -0.4572 -1.0335 0.2913, -0.4541 -1.0256 0.2874, -0.3774 -1.0158 0.2913, -0.3774 -1.0249 0.2913, -0.3774 -1.0158 0.2874, -0.3774 -1.0249 0.2874, -0.4101 -1.0158 0.2874, -0.4101 -1.0158 0.2913, -0.3951 -1.0158 0.2874, -0.4101 -0.9888 0.2913, -0.4101 -0.9888 0.2874, -0.3815 -0.9888 0.2874, -0.3815 -0.9888 0.2913, -0.3951 -0.9888 0.2874, -0.3815 -0.9797 0.2913, -0.3815 -0.9797 0.2874, -0.4101 -0.9797 0.2874, -0.4101 -0.9797 0.2913, -0.3951 -0.9797 0.2874, -0.4101 -0.954 0.2913, -0.4101 -0.954 0.2874, -0.3792 -0.954 0.2874, -0.3792 -0.954 0.2913, -0.3951 -0.954 0.2874, -0.3792 -0.9448 0.2913, -0.3792 -0.9448 0.2874, -0.4204 -0.9448 0.2874, -0.4204 -0.9448 0.2913, -0.3951 -0.9448 0.2874, -0.4204 -1.0249 0.2913, -0.4204 -1.0249 0.2874, -0.3951 -1.0249 0.2874, -0.3125 -1.0025 0.2913, -0.3165 -1.0074 0.2913, -0.3091 -1.0137 0.2913, -0.318 -1.0088 0.2913, -0.3174 -1.0196 0.2913, -0.3233 -1.0122 0.2913, -0.3265 -1.0232 0.2913, -0.3301 -1.0147 0.2913, -0.3402 -1.0249 0.2913, -0.3403 -1.0158 0.2913, -0.3623 -1.0249 0.2913, -0.3519 -1.0158 0.2913, -0.3623 -0.9448 0.2913, -0.3519 -0.954 0.2913, -0.3394 -0.9448 0.2913, -0.3398 -0.954 0.2913, -0.3272 -0.9462 0.2913, -0.3295 -0.9552 0.2913, -0.3175 -0.9497 0.2913, -0.3226 -0.9577 0.2913, -0.3091 -0.9554 0.2913, -0.3167 -0.9616 0.2913, -0.3064 -0.9581 0.2913, -0.3141 -0.9642 0.2913, -0.3014 -0.9651 0.2913, -0.3111 -0.9688 0.2913, -0.2984 -0.9727 0.2913, -0.3089 -0.9749 0.2913, -0.2971 -0.9838 0.2913, -0.3079 -0.9841 0.2913, -0.2973 -0.9889 0.2913, -0.3082 -0.9892 0.2913, -0.2992 -0.9983 0.2913, -0.3097 -0.9965 0.2913, -0.3032 -1.0066 0.2913, -0.3402 -1.0249 0.2874, -0.3623 -1.0249 0.2874, -0.3265 -1.0232 0.2874, -0.3174 -1.0196 0.2874, -0.3091 -1.0137 0.2874, -0.3032 -1.0066 0.2874, -0.2992 -0.9983 0.2874, -0.2973 -0.9889 0.2874, -0.2971 -0.9838 0.2874, -0.2984 -0.9727 0.2874, -0.3014 -0.9651 0.2874, -0.3064 -0.9581 0.2874, -0.3091 -0.9554 0.2874, -0.3175 -0.9497 0.2874, -0.3272 -0.9462 0.2874, -0.3394 -0.9448 0.2874, -0.3623 -0.9448 0.2874, -0.3398 -0.954 0.2874, -0.3519 -0.954 0.2874, -0.3519 -1.0158 0.2874, -0.3403 -1.0158 0.2874, -0.3165 -1.0074 0.2874, -0.318 -1.0088 0.2874, -0.3233 -1.0122 0.2874, -0.3301 -1.0147 0.2874, -0.3079 -0.9841 0.2874, -0.3082 -0.9892 0.2874, -0.3097 -0.9965 0.2874, -0.3125 -1.0025 0.2874, -0.3167 -0.9616 0.2874, -0.3141 -0.9642 0.2874, -0.3111 -0.9688 0.2874, -0.3089 -0.9749 0.2874, -0.3295 -0.9552 0.2874, -0.3226 -0.9577 0.2874, -0.3226 -0.9577 0.2874
            ]
        }
        coordIndex [
            0,1,2,-1,3,4,5,-1,3,5,6,-1,6,5,7,-1,6,7,2,-1,2,7,8,-1,2,8,0,-1,9,1,10,-1,10,1,0,-1,9,10,11,-1,11,10,12,-1,13,14,15,-1,15,14,11,-1,15,11,16,-1,16,11,12,-1,14,13,17,-1,17,13,18,-1,18,19,17,-1,17,19,20,-1,17,20,21,-1,21,20,22,-1,21,22,23,-1,23,22,24,-1,23,24,25,-1,25,24,26,-1,25,26,27,-1,27,26,28,-1,27,28,29,-1,29,28,30,-1,29,30,31,-1,31,30,32,-1,31,32,33,-1,33,32,34,-1,33,34,35,-1,35,34,36,-1,35,36,37,-1,37,36,38,-1,37,38,39,-1,39,38,40,-1,39,40,41,-1,41,40,42,-1,41,42,43,-1,43,42,44,-1,43,44,45,-1,45,44,46,-1,45,46,47,-1,47,46,48,-1,47,48,49,-1,49,48,50,-1,49,50,51,-1,51,50,52,-1,51,52,53,-1,53,52,54,-1,53,54,55,-1,55,54,56,-1,55,56,57,-1,57,56,58,-1,57,58,59,-1,59,58,60,-1,59,60,61,-1,61,60,62,-1,61,62,63,-1,63,62,64,-1,63,64,65,-1,65,64,66,-1,65,66,67,-1,67,66,68,-1,67,68,69,-1,69,68,70,-1,69,70,71,-1,71,70,72,-1,71,72,73,-1,73,72,74,-1,73,74,75,-1,76,75,77,-1,77,75,74,-1,76,77,78,-1,76,78,79,-1,79,78,80,-1,79,80,81,-1,81,80,82,-1,81,82,83,-1,83,82,84,-1,83,84,85,-1,85,84,86,-1,85,86,87,-1,86,88,87,-1,87,88,89,-1,88,90,89,-1,89,90,91,-1,89,91,92,-1,92,91,93,-1,92,93,94,-1,94,93,95,-1,94,95,96,-1,96,95,97,-1,96,97,98,-1,98,97,99,-1,98,99,100,-1,100,99,101,-1,100,101,102,-1,103,104,105,-1,102,101,106,-1,102,106,107,-1,107,106,108,-1,107,108,105,-1,105,108,109,-1,105,109,103,-1,104,103,110,-1,104,110,111,-1,111,110,112,-1,111,112,113,-1,113,112,114,-1,113,114,115,-1,115,114,116,-1,115,116,117,-1,117,116,118,-1,117,118,119,-1,119,118,120,-1,119,120,121,-1,121,120,122,-1,121,122,123,-1,123,122,124,-1,123,124,125,-1,125,124,126,-1,125,126,127,-1,127,126,128,-1,127,128,129,-1,129,128,130,-1,129,130,131,-1,131,130,132,-1,131,132,133,-1,133,132,134,-1,133,134,135,-1,135,134,4,-1,135,4,3,-1,59,61,87,-1,87,61,85,-1,85,61,63,-1,85,63,83,-1,125,25,27,-1,111,43,104,-1,104,43,45,-1,125,27,123,-1,123,27,29,-1,123,29,121,-1,121,29,31,-1,121,31,119,-1,119,31,33,-1,119,33,117,-1,117,33,35,-1,117,35,115,-1,115,35,37,-1,115,37,113,-1,113,37,39,-1,113,39,111,-1,111,39,41,-1,111,41,43,-1,25,125,23,-1,23,125,127,-1,23,127,21,-1,14,3,11,-1,11,3,6,-1,11,6,9,-1,9,6,2,-1,9,2,1,-1,63,65,83,-1,83,65,67,-1,83,67,81,-1,81,67,69,-1,81,69,79,-1,79,69,71,-1,79,71,76,-1,76,71,73,-1,76,73,75,-1,127,129,21,-1,21,129,131,-1,21,131,17,-1,17,131,133,-1,17,133,14,-1,14,133,135,-1,14,135,3,-1,87,89,59,-1,59,89,92,-1,59,92,57,-1,57,92,94,-1,57,94,55,-1,55,94,96,-1,55,96,53,-1,53,96,98,-1,53,98,51,-1,51,98,100,-1,51,100,49,-1,49,100,102,-1,49,102,47,-1,47,102,107,-1,47,107,45,-1,45,107,105,-1,45,105,104,-1,136,137,138,-1,138,137,139,-1,140,136,141,-1,141,136,138,-1,140,141,142,-1,140,142,143,-1,143,142,144,-1,143,144,145,-1,146,145,147,-1,147,145,144,-1,148,146,149,-1,149,146,147,-1,150,151,152,-1,152,151,148,-1,152,148,149,-1,153,151,154,-1,154,151,150,-1,155,156,157,-1,157,156,153,-1,157,153,154,-1,158,159,160,-1,160,159,156,-1,160,156,155,-1,158,161,159,-1,159,161,162,-1,161,163,162,-1,162,163,164,-1,162,164,165,-1,165,164,166,-1,165,166,167,-1,167,166,168,-1,167,168,169,-1,169,168,170,-1,169,170,171,-1,171,170,172,-1,171,172,173,-1,173,172,174,-1,173,174,175,-1,176,175,177,-1,177,175,174,-1,176,177,178,-1,176,178,179,-1,179,178,180,-1,179,180,181,-1,181,180,182,-1,181,182,183,-1,183,182,184,-1,183,184,185,-1,184,186,185,-1,185,186,187,-1,185,187,188,-1,188,187,189,-1,188,189,190,-1,190,189,191,-1,190,191,192,-1,192,191,193,-1,192,193,194,-1,139,137,195,-1,195,137,194,-1,195,194,193,-1,143,145,194,-1,137,136,194,-1,194,136,140,-1,194,140,143,-1,151,153,148,-1,148,153,156,-1,148,156,146,-1,145,146,194,-1,194,146,156,-1,194,156,192,-1,156,159,192,-1,192,159,162,-1,192,162,190,-1,190,162,165,-1,175,176,173,-1,173,176,179,-1,173,179,171,-1,171,179,181,-1,171,181,169,-1,169,181,183,-1,169,183,167,-1,167,183,185,-1,167,185,165,-1,165,185,188,-1,165,188,190,-1,196,197,198,-1,198,197,199,-1,200,201,202,-1,202,201,196,-1,202,196,198,-1,203,201,204,-1,204,201,200,-1,205,206,207,-1,207,206,203,-1,207,203,204,-1,208,206,209,-1,209,206,205,-1,210,211,212,-1,212,211,208,-1,212,208,209,-1,213,211,214,-1,214,211,210,-1,215,216,217,-1,217,216,213,-1,217,213,214,-1,218,216,219,-1,219,216,215,-1,220,221,222,-1,222,221,218,-1,222,218,219,-1,223,221,224,-1,224,221,220,-1,199,197,225,-1,225,197,223,-1,225,223,224,-1,223,197,196,-1,196,201,223,-1,223,201,203,-1,223,203,221,-1,216,218,213,-1,213,218,221,-1,213,221,211,-1,211,221,203,-1,211,203,208,-1,208,203,206,-1,226,227,228,-1,228,227,229,-1,228,229,230,-1,230,229,231,-1,230,231,232,-1,232,231,233,-1,232,233,234,-1,234,233,235,-1,234,235,236,-1,236,235,237,-1,236,237,238,-1,238,237,239,-1,238,239,240,-1,240,239,241,-1,240,241,242,-1,242,241,243,-1,242,243,244,-1,244,243,245,-1,244,245,246,-1,246,245,247,-1,246,247,248,-1,248,247,249,-1,248,249,250,-1,250,249,251,-1,250,251,252,-1,252,251,253,-1,252,253,254,-1,254,253,255,-1,254,255,256,-1,256,255,257,-1,256,257,258,-1,258,257,259,-1,258,259,260,-1,260,259,226,-1,260,226,228,-1,234,236,261,-1,261,236,262,-1,234,261,263,-1,234,263,232,-1,232,263,264,-1,232,264,230,-1,230,264,265,-1,230,265,228,-1,228,265,266,-1,228,266,260,-1,260,266,267,-1,260,267,258,-1,258,267,268,-1,258,268,256,-1,256,268,269,-1,256,269,254,-1,254,269,270,-1,254,270,252,-1,252,270,271,-1,252,271,250,-1,250,271,272,-1,250,272,248,-1,248,272,273,-1,248,273,246,-1,246,273,274,-1,246,274,244,-1,244,274,275,-1,244,275,242,-1,242,275,276,-1,242,276,240,-1,238,240,277,-1,277,240,276,-1,236,238,262,-1,262,238,277,-1,241,239,278,-1,278,239,279,-1,239,237,279,-1,279,237,280,-1,237,235,280,-1,280,235,281,-1,227,282,283,-1,227,283,229,-1,229,283,284,-1,229,284,231,-1,231,284,285,-1,231,285,233,-1,233,285,281,-1,233,281,235,-1,255,286,287,-1,255,287,257,-1,257,287,288,-1,257,288,259,-1,259,288,289,-1,259,289,226,-1,226,289,282,-1,226,282,227,-1,247,290,291,-1,247,291,249,-1,249,291,292,-1,249,292,251,-1,251,292,293,-1,251,293,253,-1,253,293,286,-1,253,286,255,-1,241,278,294,-1,241,294,243,-1,243,294,295,-1,243,295,245,-1,245,295,290,-1,245,290,247,-1,
        ]
    }
}
Shape{
    appearance Appearance {
        material  Material 	{
            diffuseColor 0.25098039215686274 0.25098039215686274 0.25098039215686274
            specularColor 0.12549019607843137 0.12549019607843137 0.12549019607843137
            ambientIntensity 0.2
            transparency 0
            shininess 0.5
        }
    }
    geometry IndexedFaceSet {
        ccw TRUE
        solid FALSE
        coord DEF co Coordinate {
            point [
                -0.3519 -0.954 0.2874, -0.3519 -1.0158 0.2874, -0.3398 -0.954 0.2874, -0.3403 -1.0158 0.2874, -0.3301 -1.0147 0.2874, -0.3233 -1.0122 0.2874, -0.318 -1.0088 0.2874, -0.3165 -1.0074 0.2874, -0.3125 -1.0025 0.2874, -0.3097 -0.9965 0.2874, -0.3082 -0.9892 0.2874, -0.3079 -0.9841 0.2874, -0.3089 -0.9749 0.2874, -0.3111 -0.9688 0.2874, -0.3141 -0.9642 0.2874, -0.3167 -0.9616 0.2874, -0.3295 -0.9552 0.2874, -0.3226 -0.9577 0.2874, -0.3226 -0.9577 0.2874
            ]
        }
        coordIndex [
            0,1,2,-1,2,1,3,-1,2,3,4,-1,4,5,2,-1,2,5,6,-1,2,6,7,-1,7,8,2,-1,2,8,9,-1,2,9,10,-1,10,11,2,-1,2,11,12,-1,2,12,13,-1,13,14,2,-1,2,14,15,-1,2,15,16,-1,16,15,17,-1,
        ]
    }
}
Shape{
    appearance Appearance {
        material  Material 	{
            diffuseColor 1.0 1.0 1.0
            specularColor 0.5019607843137255 0.5019607843137255 0.5019607843137255
            ambientIntensity 0.2
            transparency 0
            shininess 0.5
        }
    }
    geometry IndexedFaceSet {
        ccw TRUE
        solid FALSE
        coord DEF co Coordinate {
            point [
                -0.2702 -0.9939 0.2913, -0.2735 -1.003 0.2913, -0.2434 -0.9939 0.2913, -0.2402 -1.003 0.2913, -0.2583 -0.9607 0.2913, -0.2621 -0.9448 0.2913, -0.2926 -1.0249 0.2913, -0.2812 -1.0249 0.2913, -0.2576 -0.9583 0.2913, -0.2569 -0.9551 0.2913, -0.2511 -0.9448 0.2913, -0.2567 -0.9551 0.2913, -0.2561 -0.9584 0.2913, -0.2555 -0.9607 0.2913, -0.2206 -1.0249 0.2913, -0.232 -1.0249 0.2913, -0.2511 -0.9448 0.2874, -0.2206 -1.0249 0.2874, -0.2621 -0.9448 0.2874, -0.2926 -1.0249 0.2874, -0.2812 -1.0249 0.2874, -0.2735 -1.003 0.2874, -0.2402 -1.003 0.2874, -0.232 -1.0249 0.2874, -0.2702 -0.9939 0.2874, -0.2434 -0.9939 0.2874, -0.2555 -0.9607 0.2874, -0.2567 -0.9551 0.2874, -0.2561 -0.9584 0.2874, -0.2569 -0.9551 0.2874, -0.2583 -0.9607 0.2874, -0.2576 -0.9583 0.2874, -0.2576 -0.9583 0.2874
            ]
        }
        coordIndex [
            0,1,2,-1,2,1,3,-1,4,5,0,-1,0,5,6,-1,0,6,1,-1,1,6,7,-1,4,8,5,-1,5,8,9,-1,5,9,10,-1,10,9,11,-1,10,11,12,-1,12,13,10,-1,10,13,2,-1,10,2,14,-1,14,2,3,-1,14,3,15,-1,10,14,16,-1,16,14,17,-1,5,10,18,-1,18,10,16,-1,6,5,19,-1,19,5,18,-1,7,6,20,-1,20,6,19,-1,1,7,21,-1,21,7,20,-1,3,1,22,-1,22,1,21,-1,15,3,23,-1,23,3,22,-1,14,15,17,-1,17,15,23,-1,0,2,24,-1,24,2,25,-1,2,13,25,-1,25,13,26,-1,11,27,28,-1,11,28,12,-1,12,28,26,-1,12,26,13,-1,11,9,27,-1,27,9,29,-1,4,30,31,-1,4,31,8,-1,8,31,29,-1,8,29,9,-1,4,0,30,-1,30,0,24,-1,
        ]
    }
}
Shape{
    appearance Appearance {
        material  Material 	{
            diffuseColor 0.25098039215686274 0.25098039215686274 0.25098039215686274
            specularColor 0.12549019607843137 0.12549019607843137 0.12549019607843137
            ambientIntensity 0.2
            transparency 0
            shininess 0.5
        }
    }
    geometry IndexedFaceSet {
        ccw TRUE
        solid FALSE
        coord DEF co Coordinate {
            point [
                -0.2567 -0.9551 0.2874, -0.2569 -0.9551 0.2874, -0.2561 -0.9584 0.2874, -0.2576 -0.9583 0.2874, -0.2555 -0.9607 0.2874, -0.2583 -0.9607 0.2874, -0.2434 -0.9939 0.2874, -0.2702 -0.9939 0.2874, -0.2702 -0.9939 0.2874
            ]
        }
        coordIndex [
            0,1,2,-1,2,1,3,-1,2,3,4,-1,4,3,5,-1,4,5,6,-1,6,5,7,-1,
        ]
    }
}
Shape{
    appearance Appearance {
        material  Material 	{
            diffuseColor 1.0 1.0 1.0
            specularColor 0.5019607843137255 0.5019607843137255 0.5019607843137255
            ambientIntensity 0.2
            transparency 0
            shininess 0.5
        }
    }
    geometry IndexedFaceSet {
        ccw TRUE
        solid FALSE
        coord DEF co Coordinate {
            point [
                -0.9958 -1.0362 0.2913, -0.9874 -1.0467 0.2913, -1.0009 -0.9859 0.2913, -0.8108 -0.958 0.2913, -0.8285 -0.9278 0.2913, -0.9047 -0.9677 0.2913, -0.948 -0.9842 0.2913, -0.9442 -0.9845 0.2913, -0.8905 -1.0001 0.2913, -0.9388 -0.9862 0.2913, -0.8905 -1.0058 0.2913, -0.9303 -0.993 0.2913, -0.9276 -0.9976 0.2913, -0.8908 -1.0116 0.2913, -0.9626 -1.0231 0.2913, -0.9581 -1.0262 0.2913, -0.9762 -1.0551 0.2913, -0.9528 -1.0281 0.2913, -0.9405 -0.9487 0.2913, -0.9474 -0.9483 0.2913, -0.9576 -0.9864 0.2913, -1.0133 -0.9783 0.2913, -1.0121 -1.0206 0.2913, -1.0015 -1.024 0.2913, -0.9341 -0.9891 0.2913, -0.9267 -0.9522 0.2913, -0.961 -0.95 0.2913, -0.9736 -0.9548 0.2913, -0.9622 -0.9893 0.2913, -0.9852 -0.9629 0.2913, -0.966 -0.9934 0.2913, -0.9946 -0.9736 0.2913, -0.9687 -0.9983 0.2913, -0.97 -1.0037 0.2913, -0.792 -0.9016 0.2913, -0.7875 -0.9016 0.2913, -0.7641 -0.8709 0.2913, -0.7767 -0.903 0.2913, -0.76 -0.8723 0.2913, -0.7667 -0.9068 0.2913, -0.7432 -0.881 0.2913, -0.728 -0.8943 0.2913, -0.9522 -0.8828 0.2913, -0.948 -0.8851 0.2913, -0.9657 -0.8436 0.2913, -0.9403 -0.8687 0.2913, -0.954 -0.83 0.2913, -0.9279 -0.8532 0.2913, -0.9406 -0.8185 0.2913, -0.9123 -0.8413 0.2913, -0.9268 -0.8099 0.2913, -0.8165 -1.0249 0.2913, -0.8142 -1.0252 0.2913, -0.8097 -0.9904 0.2913, -0.9005 -0.7998 0.2913, -0.8938 -0.8335 0.2913, -0.8723 -0.7963 0.2913, -0.7949 -0.8259 0.2913, -0.8134 -0.8558 0.2913, -0.7762 -0.8474 0.2913, -0.8015 -0.872 0.2913, -0.794 -0.891 0.2913, -1.0235 -0.9678 0.2913, -1.0471 -0.9967 0.2913, -1.0323 -1.0098 0.2913, -1.0334 -0.9198 0.2913, -1.0707 -0.9271 0.2913, -1.0351 -0.9335 0.2913, -1.071 -0.9347 0.2913, -1.0344 -0.9422 0.2913, -1.069 -0.9538 0.2913, -1.0304 -0.9561 0.2913, -1.0616 -0.9751 0.2913, -1.0497 -0.9936 0.2913, -0.9261 -1.0028 0.2913, -0.9259 -1.0083 0.2913, -0.8941 -1.0257 0.2913, -0.9271 -1.0138 0.2913, -0.9008 -1.0384 0.2913, -0.9296 -1.0188 0.2913, -0.9096 -1.0483 0.2913, -0.9332 -1.0229 0.2913, -0.921 -1.0562 0.2913, -0.9376 -1.026 0.2913, -0.9337 -1.0611 0.2913, -0.9425 -1.0279 0.2913, -0.9474 -1.0627 0.2913, -0.948 -1.0286 0.2913, -0.9497 -1.0627 0.2913, -0.9631 -1.0606 0.2913, -0.9663 -1.019 0.2913, -0.9688 -1.0143 0.2913, -0.97 -1.0091 0.2913, -0.9526 -0.9847 0.2913, -0.9147 -0.9586 0.2913, -0.7579 -0.9129 0.2913, -0.7513 -0.9204 0.2913, -0.7167 -0.9107 0.2913, -0.746 -0.9302 0.2913, -0.71 -0.9282 0.2913, -0.7433 -0.9411 0.2913, -0.7078 -0.9455 0.2913, -0.7431 -0.946 0.2913, -0.784 -0.9904 0.2913, -0.7806 -1.0252 0.2913, -0.7739 -0.9885 0.2913, -0.7632 -1.0217 0.2913, -0.7638 -0.9839 0.2913, -0.7457 -1.0135 0.2913, -0.7554 -0.977 0.2913, -0.7307 -1.0015 0.2913, -0.7546 -0.9761 0.2913, -0.7288 -0.9996 0.2913, -0.7483 -0.9673 0.2913, -0.7183 -0.9852 0.2913, -0.7444 -0.9571 0.2913, -0.7108 -0.9674 0.2913, -0.7078 -0.9487 0.2913, -0.965 -0.8782 0.2913, -0.9722 -0.8428 0.2913, -0.9782 -0.8766 0.2913, -0.9787 -0.8424 0.2913, -0.984 -0.8769 0.2913, -0.998 -0.8445 0.2913, -0.9981 -0.8802 0.2913, -1.0193 -0.8518 0.2913, -1.0108 -0.8869 0.2913, -1.0384 -0.8644 0.2913, -1.0207 -0.8957 0.2913, -1.0442 -0.8698 0.2913, -1.0285 -0.9071 0.2913, -1.0562 -0.8846 0.2913, -1.066 -0.9047 0.2913, -0.8748 -0.8305 0.2913, -0.8717 -0.8305 0.2913, -0.8488 -0.7988 0.2913, -0.8541 -0.8325 0.2913, -0.8203 -0.8089 0.2913, -0.8361 -0.8389 0.2913, -0.8199 -0.8496 0.2913, -0.8306 -1.0058 0.2913, -0.8307 -1.0075 0.2913, -0.8125 -0.9899 0.2913, -0.8303 -1.0115 0.2913, -0.8288 -1.0154 0.2913, -0.8264 -1.019 0.2913, -0.8242 -1.0212 0.2913, -0.8108 -0.9903 0.2913, -0.8203 -1.0236 0.2913, -0.8131 -0.9899 0.2913, -0.8171 -0.9903 0.2913, -0.821 -0.9918 0.2913, -0.8246 -0.9942 0.2913, -0.8276 -0.9975 0.2913, -0.8296 -1.0014 0.2913, -0.7251 -0.8985 0.2874, -0.7167 -0.9107 0.2874, -0.7124 -0.922 0.2874, -0.71 -0.9282 0.2874, -0.7078 -0.9455 0.2874, -0.728 -0.8943 0.2874, -0.7432 -0.881 0.2874, -0.76 -0.8723 0.2874, -0.7641 -0.8709 0.2874, -0.7762 -0.8474 0.2874, -0.7949 -0.8259 0.2874, -0.8079 -0.8171 0.2874, -0.8203 -0.8089 0.2874, -0.8488 -0.7988 0.2874, -0.8723 -0.7963 0.2874, -0.9005 -0.7998 0.2874, -0.9268 -0.8099 0.2874, -0.9384 -0.8171 0.2874, -0.9406 -0.8185 0.2874, -0.954 -0.83 0.2874, -0.9657 -0.8436 0.2874, -0.9722 -0.8428 0.2874, -0.9787 -0.8424 0.2874, -0.9949 -0.8441 0.2874, -0.998 -0.8445 0.2874, -1.0193 -0.8518 0.2874, -1.0384 -0.8644 0.2874, -1.0442 -0.8698 0.2874, -1.0562 -0.8846 0.2874, -1.063 -0.8985 0.2874, -1.066 -0.9047 0.2874, -1.0696 -0.922 0.2874, -1.0707 -0.9271 0.2874, -1.071 -0.9347 0.2874, -1.069 -0.9538 0.2874, -1.0616 -0.9751 0.2874, -1.0497 -0.9936 0.2874, -1.0471 -0.9967 0.2874, -1.0323 -1.0098 0.2874, -1.0121 -1.0206 0.2874, -1.0015 -1.024 0.2874, -1.0008 -1.0256 0.2874, -0.9958 -1.0362 0.2874, -0.9949 -1.0374 0.2874, -0.9874 -1.0467 0.2874, -0.9762 -1.0551 0.2874, -0.971 -1.0573 0.2874, -0.9631 -1.0606 0.2874, -0.9497 -1.0627 0.2874, -0.9474 -1.0627 0.2874, -0.8905 -1.0058 0.2874, -0.9337 -1.0611 0.2874, -0.9239 -1.0573 0.2874, -0.921 -1.0562 0.2874, -0.9096 -1.0483 0.2874, -0.9008 -1.0384 0.2874, -0.8941 -1.0257 0.2874, -0.8941 -1.0256 0.2874, -0.8908 -1.0116 0.2874, -0.8905 -1.0001 0.2874, -0.8108 -0.958 0.2874, -0.8285 -0.9278 0.2874, -0.9047 -0.9677 0.2874, -0.9147 -0.9586 0.2874, -0.9267 -0.9522 0.2874, -0.9405 -0.9487 0.2874, -0.9474 -0.9483 0.2874, -1.0009 -0.9859 0.2874, -0.9949 -0.9741 0.2874, -0.9946 -0.9736 0.2874, -0.9852 -0.9629 0.2874, -0.9736 -0.9548 0.2874, -0.961 -0.95 0.2874, -1.0133 -0.9783 0.2874, -1.0235 -0.9678 0.2874, -1.0304 -0.9561 0.2874, -1.0344 -0.9422 0.2874, -1.0351 -0.9335 0.2874, -0.9782 -0.8766 0.2874, -1.0337 -0.922 0.2874, -1.0334 -0.9198 0.2874, -1.0285 -0.9071 0.2874, -1.0226 -0.8985 0.2874, -1.0207 -0.8957 0.2874, -1.0108 -0.8869 0.2874, -0.9981 -0.8802 0.2874, -0.9949 -0.8794 0.2874, -0.984 -0.8769 0.2874, -0.965 -0.8782 0.2874, -0.9522 -0.8828 0.2874, -0.948 -0.8851 0.2874, -0.9403 -0.8687 0.2874, -0.9279 -0.8532 0.2874, -0.9123 -0.8413 0.2874, -0.8938 -0.8335 0.2874, -0.8748 -0.8305 0.2874, -0.8717 -0.8305 0.2874, -0.8541 -0.8325 0.2874, -0.8361 -0.8389 0.2874, -0.8199 -0.8496 0.2874, -0.8134 -0.8558 0.2874, -0.8015 -0.872 0.2874, -0.794 -0.891 0.2874, -0.7926 -0.8985 0.2874, -0.792 -0.9016 0.2874, -0.7875 -0.9016 0.2874, -0.7767 -0.903 0.2874, -0.7667 -0.9068 0.2874, -0.7579 -0.9129 0.2874, -0.7513 -0.9204 0.2874, -0.7504 -0.922 0.2874, -0.746 -0.9302 0.2874, -0.7433 -0.9411 0.2874, -0.7431 -0.946 0.2874, -0.7444 -0.9571 0.2874, -0.7483 -0.9673 0.2874, -0.7546 -0.9761 0.2874, -0.7554 -0.977 0.2874, -0.7638 -0.9839 0.2874, -0.7739 -0.9885 0.2874, -0.784 -0.9904 0.2874, -0.8097 -0.9904 0.2874, -0.8108 -0.9903 0.2874, -0.8125 -0.9899 0.2874, -0.8131 -0.9899 0.2874, -0.8171 -0.9903 0.2874, -0.821 -0.9918 0.2874, -0.8246 -0.9942 0.2874, -0.8276 -0.9975 0.2874, -0.8296 -1.0014 0.2874, -0.8306 -1.0058 0.2874, -0.8307 -1.0075 0.2874, -0.8303 -1.0115 0.2874, -0.8288 -1.0154 0.2874, -0.8264 -1.019 0.2874, -0.8242 -1.0212 0.2874, -0.8203 -1.0236 0.2874, -0.8165 -1.0249 0.2874, -0.8142 -1.0252 0.2874, -0.7806 -1.0252 0.2874, -0.7632 -1.0217 0.2874, -0.7457 -1.0135 0.2874, -0.7307 -1.0015 0.2874, -0.7288 -0.9996 0.2874, -0.7183 -0.9852 0.2874, -0.7108 -0.9674 0.2874, -0.7078 -0.9487 0.2874, -0.948 -0.9842 0.2874, -0.9442 -0.9845 0.2874, -0.9388 -0.9862 0.2874, -0.9341 -0.9891 0.2874, -0.9303 -0.993 0.2874, -0.9276 -0.9976 0.2874, -0.9261 -1.0028 0.2874, -0.9259 -1.0083 0.2874, -0.9271 -1.0138 0.2874, -0.9296 -1.0188 0.2874, -0.9332 -1.0229 0.2874, -0.9376 -1.026 0.2874, -0.9425 -1.0279 0.2874, -0.948 -1.0286 0.2874, -0.9528 -1.0281 0.2874, -0.9581 -1.0262 0.2874, -0.9626 -1.0231 0.2874, -0.9663 -1.019 0.2874, -0.9688 -1.0143 0.2874, -0.97 -1.0091 0.2874, -0.97 -1.0037 0.2874, -0.9687 -0.9983 0.2874, -0.966 -0.9934 0.2874, -0.9622 -0.9893 0.2874, -0.9576 -0.9864 0.2874, -0.9526 -0.9847 0.2874, -0.9526 -0.9847 0.2874
            ]
        }
        coordIndex [
            0,1,2,-1,3,4,5,-1,6,7,3,-1,3,7,8,-1,8,7,9,-1,8,9,10,-1,11,12,13,-1,14,1,15,-1,15,1,16,-1,15,16,17,-1,18,19,20,-1,21,22,2,-1,2,22,23,-1,2,23,0,-1,10,9,13,-1,13,9,24,-1,13,24,11,-1,18,20,25,-1,19,26,20,-1,20,26,27,-1,20,27,28,-1,28,27,29,-1,28,29,30,-1,30,29,31,-1,30,31,32,-1,32,31,2,-1,32,2,33,-1,34,35,36,-1,36,35,37,-1,36,37,38,-1,38,37,39,-1,38,39,40,-1,40,39,41,-1,42,43,44,-1,44,43,45,-1,44,45,46,-1,46,45,47,-1,46,47,48,-1,48,47,49,-1,48,49,50,-1,51,52,53,-1,50,49,54,-1,54,49,55,-1,54,55,56,-1,57,58,59,-1,59,58,60,-1,59,60,36,-1,36,60,61,-1,36,61,34,-1,62,63,21,-1,21,63,64,-1,21,64,22,-1,65,66,67,-1,67,66,68,-1,67,68,69,-1,69,68,70,-1,69,70,71,-1,71,70,72,-1,71,72,62,-1,62,72,73,-1,62,73,63,-1,12,74,13,-1,13,74,75,-1,13,75,76,-1,76,75,77,-1,76,77,78,-1,78,77,79,-1,78,79,80,-1,80,79,81,-1,80,81,82,-1,82,81,83,-1,82,83,84,-1,84,83,85,-1,84,85,86,-1,86,85,87,-1,86,87,88,-1,88,87,17,-1,88,17,89,-1,89,17,16,-1,14,90,1,-1,1,90,91,-1,1,91,2,-1,2,91,92,-1,2,92,33,-1,6,3,93,-1,93,3,5,-1,93,5,20,-1,20,5,94,-1,20,94,25,-1,39,95,41,-1,41,95,96,-1,41,96,97,-1,97,96,98,-1,97,98,99,-1,99,98,100,-1,99,100,101,-1,101,100,102,-1,53,52,103,-1,103,52,104,-1,103,104,105,-1,105,104,106,-1,105,106,107,-1,107,106,108,-1,107,108,109,-1,109,108,110,-1,109,110,111,-1,111,110,112,-1,111,112,113,-1,113,112,114,-1,113,114,115,-1,115,114,116,-1,115,116,102,-1,102,116,117,-1,102,117,101,-1,42,44,118,-1,118,44,119,-1,118,119,120,-1,120,119,121,-1,120,121,122,-1,122,121,123,-1,122,123,124,-1,124,123,125,-1,124,125,126,-1,126,125,127,-1,126,127,128,-1,128,127,129,-1,128,129,130,-1,130,129,131,-1,130,131,65,-1,65,131,132,-1,65,132,66,-1,55,133,56,-1,56,133,134,-1,56,134,135,-1,135,134,136,-1,135,136,137,-1,137,136,138,-1,137,138,57,-1,57,138,139,-1,57,139,58,-1,140,141,142,-1,142,141,143,-1,143,144,142,-1,142,144,145,-1,142,145,146,-1,53,147,51,-1,51,147,142,-1,51,142,148,-1,148,142,146,-1,142,149,140,-1,140,149,150,-1,140,150,151,-1,151,152,140,-1,140,152,153,-1,140,153,154,-1,155,41,156,-1,156,41,97,-1,156,97,157,-1,157,97,99,-1,157,99,158,-1,158,99,101,-1,158,101,159,-1,155,160,41,-1,41,160,161,-1,41,161,40,-1,40,161,162,-1,40,162,38,-1,38,162,163,-1,38,163,36,-1,36,163,164,-1,36,164,59,-1,59,164,165,-1,59,165,57,-1,137,57,166,-1,166,57,165,-1,166,167,137,-1,137,167,168,-1,137,168,135,-1,135,168,169,-1,135,169,56,-1,56,169,170,-1,56,170,54,-1,54,170,171,-1,54,171,50,-1,50,171,48,-1,48,171,172,-1,48,172,173,-1,48,173,174,-1,48,174,46,-1,46,174,175,-1,46,175,44,-1,44,175,176,-1,44,176,119,-1,119,176,177,-1,119,177,121,-1,121,177,123,-1,123,177,178,-1,178,179,123,-1,123,179,180,-1,123,180,125,-1,125,180,181,-1,125,181,127,-1,127,181,182,-1,127,182,129,-1,132,131,183,-1,183,131,129,-1,183,129,182,-1,183,184,132,-1,132,184,185,-1,132,185,66,-1,66,185,186,-1,186,187,66,-1,66,187,188,-1,66,188,68,-1,68,188,189,-1,68,189,70,-1,70,189,190,-1,70,190,72,-1,72,190,191,-1,72,191,73,-1,73,191,192,-1,73,192,63,-1,63,192,193,-1,63,193,64,-1,64,193,194,-1,64,194,22,-1,22,194,195,-1,22,195,23,-1,23,195,196,-1,23,196,0,-1,196,197,0,-1,0,197,198,-1,0,198,1,-1,198,199,1,-1,1,199,200,-1,1,200,16,-1,16,200,201,-1,16,201,89,-1,201,202,89,-1,89,202,203,-1,89,203,88,-1,88,203,204,-1,88,204,86,-1,205,10,13,-1,86,204,206,-1,207,82,206,-1,206,82,84,-1,206,84,86,-1,207,208,82,-1,82,208,209,-1,82,209,80,-1,80,209,210,-1,80,210,78,-1,78,210,211,-1,78,211,76,-1,76,211,212,-1,76,212,13,-1,13,212,213,-1,13,213,205,-1,8,10,214,-1,214,10,205,-1,3,8,215,-1,215,8,214,-1,4,3,216,-1,216,3,215,-1,5,4,217,-1,217,4,216,-1,5,217,218,-1,5,218,94,-1,94,218,219,-1,94,219,25,-1,25,219,220,-1,25,220,18,-1,18,220,221,-1,18,221,19,-1,222,2,223,-1,223,2,31,-1,223,31,224,-1,224,31,29,-1,224,29,225,-1,225,29,27,-1,225,27,226,-1,226,27,26,-1,226,26,227,-1,227,26,19,-1,227,19,221,-1,2,222,228,-1,2,228,21,-1,21,228,229,-1,21,229,62,-1,62,229,230,-1,62,230,71,-1,71,230,231,-1,71,231,69,-1,69,231,232,-1,69,232,67,-1,233,120,122,-1,67,232,234,-1,67,234,65,-1,65,234,235,-1,65,235,236,-1,237,128,236,-1,236,128,130,-1,236,130,65,-1,237,238,128,-1,128,238,239,-1,128,239,126,-1,126,239,240,-1,126,240,124,-1,124,240,241,-1,124,241,122,-1,122,241,242,-1,122,242,233,-1,120,233,243,-1,120,243,118,-1,118,243,244,-1,118,244,42,-1,42,244,245,-1,42,245,43,-1,43,245,246,-1,43,246,45,-1,45,246,247,-1,45,247,47,-1,47,247,248,-1,47,248,49,-1,49,248,249,-1,49,249,55,-1,55,249,250,-1,55,250,133,-1,133,250,251,-1,133,251,134,-1,134,251,252,-1,134,252,136,-1,136,252,253,-1,136,253,138,-1,138,253,254,-1,138,254,139,-1,139,254,255,-1,139,255,58,-1,58,255,256,-1,58,256,60,-1,60,256,257,-1,60,257,61,-1,61,257,34,-1,34,257,258,-1,34,258,259,-1,35,34,260,-1,260,34,259,-1,35,260,261,-1,35,261,37,-1,37,261,262,-1,37,262,39,-1,39,262,263,-1,39,263,95,-1,95,263,264,-1,95,264,96,-1,96,264,265,-1,96,265,98,-1,265,266,98,-1,98,266,267,-1,98,267,100,-1,100,267,268,-1,100,268,102,-1,102,268,269,-1,102,269,115,-1,115,269,270,-1,115,270,113,-1,113,270,271,-1,113,271,111,-1,111,271,272,-1,111,272,109,-1,109,272,273,-1,109,273,107,-1,107,273,274,-1,107,274,105,-1,105,274,275,-1,105,275,103,-1,53,103,276,-1,276,103,275,-1,53,276,277,-1,53,277,147,-1,147,277,278,-1,147,278,142,-1,142,278,279,-1,142,279,149,-1,149,279,280,-1,149,280,150,-1,150,280,281,-1,150,281,151,-1,151,281,282,-1,151,282,152,-1,152,282,283,-1,152,283,153,-1,153,283,284,-1,153,284,154,-1,154,284,285,-1,154,285,140,-1,140,285,286,-1,140,286,141,-1,141,286,287,-1,141,287,143,-1,143,287,288,-1,143,288,144,-1,144,288,289,-1,144,289,145,-1,145,289,290,-1,145,290,146,-1,146,290,291,-1,146,291,148,-1,148,291,292,-1,148,292,51,-1,51,292,293,-1,51,293,52,-1,104,52,294,-1,294,52,293,-1,104,294,295,-1,104,295,106,-1,106,295,296,-1,106,296,108,-1,108,296,297,-1,108,297,110,-1,110,297,298,-1,110,298,112,-1,112,298,299,-1,112,299,114,-1,114,299,300,-1,114,300,116,-1,116,300,301,-1,116,301,117,-1,117,301,159,-1,117,159,101,-1,6,302,303,-1,6,303,7,-1,7,303,304,-1,7,304,9,-1,9,304,305,-1,9,305,24,-1,24,305,306,-1,24,306,11,-1,11,306,307,-1,11,307,12,-1,12,307,308,-1,12,308,74,-1,74,308,309,-1,74,309,75,-1,75,309,310,-1,75,310,77,-1,77,310,311,-1,77,311,79,-1,79,311,312,-1,79,312,81,-1,81,312,313,-1,81,313,83,-1,83,313,314,-1,83,314,85,-1,85,314,315,-1,85,315,87,-1,87,315,316,-1,87,316,17,-1,17,316,317,-1,17,317,15,-1,15,317,318,-1,15,318,14,-1,14,318,319,-1,14,319,90,-1,90,319,320,-1,90,320,91,-1,91,320,321,-1,91,321,92,-1,92,321,322,-1,92,322,33,-1,33,322,323,-1,33,323,32,-1,32,323,324,-1,32,324,30,-1,30,324,325,-1,30,325,28,-1,28,325,326,-1,28,326,20,-1,20,326,327,-1,20,327,93,-1,93,327,302,-1,93,302,6,-1,
        ]
    }
}
Shape{
    appearance Appearance {
        material  Material 	{
            diffuseColor 0.25098039215686274 0.25098039215686274 0.25098039215686274
            specularColor 0.12549019607843137 0.12549019607843137 0.12549019607843137
            ambientIntensity 0.2
            transparency 0
            shininess 0.5
        }
    }
    geometry IndexedFaceSet {
        ccw TRUE
        solid FALSE
        coord DEF co Coordinate {
            point [
                -0.9425 -1.0279 0.2874, -0.9442 -0.9845 0.2874, -0.948 -1.0286 0.2874, -0.948 -0.9842 0.2874, -0.9526 -0.9847 0.2874, -0.9332 -1.0229 0.2874, -0.9303 -0.993 0.2874, -0.9341 -0.9891 0.2874, -0.97 -1.0091 0.2874, -0.9688 -1.0143 0.2874, -0.9663 -1.019 0.2874, -0.9626 -1.0231 0.2874, -0.9376 -1.026 0.2874, -0.9388 -0.9862 0.2874, -0.9581 -1.0262 0.2874, -0.9528 -1.0281 0.2874, -0.9576 -0.9864 0.2874, -0.9622 -0.9893 0.2874, -0.97 -1.0037 0.2874, -0.966 -0.9934 0.2874, -0.9687 -0.9983 0.2874, -0.9271 -1.0138 0.2874, -0.9259 -1.0083 0.2874, -0.9296 -1.0188 0.2874, -0.9261 -1.0028 0.2874, -0.9276 -0.9976 0.2874, -0.9276 -0.9976 0.2874
            ]
        }
        coordIndex [
            0,1,2,-1,2,1,3,-1,2,3,4,-1,5,6,7,-1,8,9,4,-1,4,9,10,-1,4,10,11,-1,0,12,1,-1,1,12,5,-1,1,5,13,-1,13,5,7,-1,11,14,4,-1,4,14,15,-1,4,15,2,-1,4,16,8,-1,8,16,17,-1,8,17,18,-1,18,17,19,-1,18,19,20,-1,21,22,23,-1,23,22,24,-1,23,24,5,-1,5,24,25,-1,5,25,6,-1,
        ]
    }
}
Shape{
    appearance Appearance {
        material  Material 	{
            diffuseColor 0.7529411764705882 0.7529411764705882 0.7529411764705882
            specularColor 0.3764705882352941 0.3764705882352941 0.3764705882352941
            ambientIntensity 0.2
            transparency 0
            shininess 0.5
        }
    }
    geometry IndexedFaceSet {
        ccw TRUE
        solid FALSE
        coord DEF co Coordinate {
            point [
                -0.8858 0.748 0.0, -0.748 0.8858 0.0, -0.8858 0.748 -0.0118, -0.748 0.8858 -0.0118, -0.748 0.8858 -0.0118
            ]
        }
        coordIndex [
            0,1,2,-1,2,1,3,-1,
        ]
    }
}