#VRML V2.0 utf8
# 3D model generated by easyeda2kicad.py (https://github.com/uPesy/easyeda2kicad.py)

Shape{
    appearance Appearance {
        material  Material 	{
            diffuseColor 1.0 1.0 1.0
            specularColor 0.5019607843137255 0.5019607843137255 0.5019607843137255
            ambientIntensity 1.0
            transparency 0.0
            shininess 0.5
        }
    }
    geometry IndexedFaceSet {
        ccw TRUE
        solid FALSE
        coord DEF co Coordinate {
            point [
                0.2953 2.6033 4.1559, 0.2953 1.0285 4.5496, 0.0984 2.6033 4.1559, 0.0984 1.0285 4.5496, 0.2953 2.6224 4.2323, 0.0984 2.6224 4.2323, 0.2953 1.0476 4.626, 0.0984 1.0476 4.626, 0.689 2.6033 4.1559, 0.689 1.0285 4.5496, 0.4921 2.6033 4.1559, 0.4921 1.0285 4.5496, 0.689 2.6224 4.2323, 0.4921 2.6224 4.2323, 0.689 1.0476 4.626, 0.4921 1.0476 4.626, 1.0827 2.6033 4.1559, 1.0827 1.0285 4.5496, 0.8858 2.6033 4.1559, 0.8858 1.0285 4.5496, 1.0827 2.6224 4.2323, 0.8858 2.6224 4.2323, 1.0827 1.0476 4.626, 0.8858 1.0476 4.626, 1.4764 2.6033 4.1559, 1.4764 1.0285 4.5496, 1.2795 2.6033 4.1559, 1.2795 1.0285 4.5496, 1.4764 2.6224 4.2323, 1.2795 2.6224 4.2323, 1.4764 1.0476 4.626, 1.2795 1.0476 4.626, -0.0984 2.6033 4.1559, -0.0984 1.0285 4.5496, -0.2953 2.6033 4.1559, -0.2953 1.0285 4.5496, -0.0984 2.6224 4.2323, -0.2953 2.6224 4.2323, -0.0984 1.0476 4.626, -0.2953 1.0476 4.626, -0.4921 2.6033 4.1559, -0.4921 1.0285 4.5496, -0.689 2.6033 4.1559, -0.689 1.0285 4.5496, -0.4921 2.6224 4.2323, -0.689 2.6224 4.2323, -0.4921 1.0476 4.626, -0.689 1.0476 4.626, -0.8858 2.6033 4.1559, -0.8858 1.0285 4.5496, -1.0827 2.6033 4.1559, -1.0827 1.0285 4.5496, -0.8858 2.6224 4.2323, -1.0827 2.6224 4.2323, -0.8858 1.0476 4.626, -1.0827 1.0476 4.626, -1.2795 2.6033 4.1559, -1.2795 1.0285 4.5496, -1.4764 2.6033 4.1559, -1.4764 1.0285 4.5496, -1.2795 2.6224 4.2323, -1.4764 2.6224 4.2323, -1.2795 1.0476 4.626, -1.4764 1.0476 4.626
            ]
        }
        coordIndex [
            0,1,2,-1,2,1,3,-1,4,0,5,-1,5,0,2,-1,6,4,7,-1,7,4,5,-1,1,6,3,-1,3,6,7,-1,4,6,0,-1,0,6,1,-1,7,5,3,-1,3,5,2,-1,8,9,10,-1,10,9,11,-1,12,8,13,-1,13,8,10,-1,14,12,15,-1,15,12,13,-1,9,14,11,-1,11,14,15,-1,12,14,8,-1,8,14,9,-1,15,13,11,-1,11,13,10,-1,16,17,18,-1,18,17,19,-1,20,16,21,-1,21,16,18,-1,22,20,23,-1,23,20,21,-1,17,22,19,-1,19,22,23,-1,20,22,16,-1,16,22,17,-1,23,21,19,-1,19,21,18,-1,24,25,26,-1,26,25,27,-1,28,24,29,-1,29,24,26,-1,30,28,31,-1,31,28,29,-1,25,30,27,-1,27,30,31,-1,28,30,24,-1,24,30,25,-1,31,29,27,-1,27,29,26,-1,32,33,34,-1,34,33,35,-1,36,32,37,-1,37,32,34,-1,38,36,39,-1,39,36,37,-1,33,38,35,-1,35,38,39,-1,36,38,32,-1,32,38,33,-1,39,37,35,-1,35,37,34,-1,40,41,42,-1,42,41,43,-1,44,40,45,-1,45,40,42,-1,46,44,47,-1,47,44,45,-1,41,46,43,-1,43,46,47,-1,44,46,40,-1,40,46,41,-1,47,45,43,-1,43,45,42,-1,48,49,50,-1,50,49,51,-1,52,48,53,-1,53,48,50,-1,54,52,55,-1,55,52,53,-1,49,54,51,-1,51,54,55,-1,52,54,48,-1,48,54,49,-1,55,53,51,-1,51,53,50,-1,56,57,58,-1,58,57,59,-1,60,56,61,-1,61,56,58,-1,62,60,63,-1,63,60,61,-1,57,62,59,-1,59,62,63,-1,60,62,56,-1,56,62,57,-1,63,61,59,-1,59,61,58,-1,
        ]
    }
}
Shape{
    appearance Appearance {
        material  Material 	{
            diffuseColor 0.25098039215686274 0.25098039215686274 0.25098039215686274
            specularColor 0.12549019607843137 0.12549019607843137 0.12549019607843137
            ambientIntensity 0.251
            transparency 0.0
            shininess 0.5
        }
    }
    geometry IndexedFaceSet {
        ccw TRUE
        solid FALSE
        coord DEF co Coordinate {
            point [
                -3.0905 -3.2043 0.0984, -3.0905 -2.0921 0.0984, -2.4301 -2.0921 0.0984, 2.0231 1.1534 0.0984, 1.9998 1.1432 0.0984, 2.1334 1.4039 0.0984, 2.3717 0.7281 0.0984, 2.3931 0.7767 0.0984, 2.4299 0.7767 0.0984, 2.7276 1.0906 0.0984, 2.7244 1.0944 0.0984, 2.7244 2.4748 0.0984, -2.362 0.6707 0.0984, -2.364 0.6452 0.0984, -2.4301 0.6452 0.0984, 0.2964 0.7767 0.0984, 0.1455 0.7767 0.0984, 0.2567 0.7822 0.0984, 0.2147 0.7995 0.0984, 0.2602 1.1743 0.0984, 0.2147 1.1619 0.0984, 0.1455 2.4748 0.0984, 0.2147 1.1091 0.0984, 0.2147 0.8427 0.0984, 0.259 1.1281 0.0984, 0.2217 0.8388 0.0984, 0.3069 1.1343 0.0984, 0.3457 1.13 0.0984, 0.3715 0.7793 0.0984, 0.4097 0.7924 0.0984, 0.5244 0.7767 0.0984, 0.4414 0.8126 0.0984, 0.4709 0.8438 0.0984, 0.5019 1.0244 0.0984, 0.4868 1.0691 0.0984, 0.5244 2.4748 0.0984, 0.4637 1.1059 0.0984, 0.4282 1.14 0.0984, 0.3751 1.1194 0.0984, 0.4024 1.1011 0.0984, 0.4261 1.0749 0.0984, 0.4548 0.9717 0.0984, 0.4508 0.9291 0.0984, 0.4401 0.8952 0.0984, 0.3525 0.8216 0.0984, 0.3157 0.8175 0.0984, 0.3811 0.8321 0.0984, 0.4053 0.8484 0.0984, 0.4238 0.8679 0.0984, 0.2635 0.8233 0.0984, 0.4424 1.0445 0.0984, 0.4529 1.0023 0.0984, 0.4919 0.8812 0.0984, 0.5038 0.9229 0.0984, 0.5076 0.9685 0.0984, 0.3908 1.1616 0.0984, 0.3469 1.1743 0.0984, 0.3073 1.1776 0.0984, 0.3123 0.7744 0.0984, 0.1455 0.6452 0.0984, 0.5244 0.6452 0.0984, 0.323 0.7743 0.0984, 0.3462 0.7767 0.0984, -0.2613 1.1728 0.0984, -0.3182 1.1667 0.0984, -0.4815 2.4748 0.0984, -0.3642 1.1505 0.0984, -0.4071 1.1218 0.0984, -0.4474 0.887 0.0984, -0.4248 0.8517 0.0984, -0.4815 0.7767 0.0984, -0.3924 0.8207 0.0984, -0.3513 0.7968 0.0984, -0.4075 1.1214 0.0984, -0.4354 1.0905 0.0984, -0.4536 1.0567 0.0984, -0.306 0.7833 0.0984, -0.2573 0.7791 0.0984, -0.1519 0.7767 0.0984, -0.4642 1.0179 0.0984, -0.4671 0.9809 0.0984, -0.4616 0.9282 0.0984, -0.1519 0.7791 0.0984, -0.1502 0.7791 0.0984, -0.1118 0.7767 0.0984, -0.1502 1.1728 0.0984, -0.1519 1.1728 0.0984, -0.1519 2.4748 0.0984, -0.1118 2.4748 0.0984, -1.4301 4.0083 0.0984, -1.65 3.5673 0.0984, -1.7323 4.0083 0.0984, -1.7323 3.5673 0.0984, -2.0002 4.0083 0.0984, -1.8468 3.5673 0.0984, -1.8468 3.4492 0.0984, 1.8465 4.4492 0.0984, 1.9998 4.0083 0.0984, 1.7323 4.4492 0.0984, 1.7323 4.0083 0.0984, 1.6496 4.4492 0.0984, 1.4299 4.0083 0.0984, 1.6496 4.5673 0.0984, 1.4299 5.024 0.0984, 1.7323 4.5673 0.0984, 1.7323 5.024 0.0984, 1.8465 4.5673 0.0984, 1.9998 5.024 0.0984, 0.8465 4.4492 0.0984, 0.9998 4.0083 0.0984, 0.7946 4.4492 0.0984, 0.7946 4.0083 0.0984, 0.6496 4.4492 0.0984, 0.5244 4.0083 0.0984, 0.6496 4.5673 0.0984, 0.5244 5.024 0.0984, 0.7946 4.5673 0.0984, 0.7946 5.024 0.0984, 0.8465 4.5673 0.0984, 0.9998 5.024 0.0984, -2.4301 1.1903 0.0984, -2.3682 1.4226 0.0984, -2.3666 1.4039 0.0984, -2.1318 1.4226 0.0984, -2.1347 1.4413 0.0984, -2.0002 2.4748 0.0984, -2.362 1.3458 0.0984, -2.3717 1.2884 0.0984, -2.3952 1.2351 0.0984, -2.069 1.1892 0.0984, -2.1334 1.4039 0.0984, -2.0231 1.1534 0.0984, -2.0002 1.1433 0.0984, -2.1048 1.2351 0.0984, -2.1283 1.2884 0.0984, -2.138 1.3458 0.0984, -2.142 1.4586 0.0984, -2.1532 1.4738 0.0984, -2.1677 1.4858 0.0984, -2.3154 1.4941 0.0984, -2.3323 1.4858 0.0984, -2.4301 2.4748 0.0984, -2.3468 1.4738 0.0984, -2.1846 1.4941 0.0984, -2.203 1.4981 0.0984, -2.297 1.4981 0.0984, -2.358 1.4586 0.0984, -2.3652 1.4413 0.0984, -1.8356 0.8901 0.0984, -1.817 0.893 0.0984, -1.7323 0.7767 0.0984, -1.8544 0.8916 0.0984, -1.7641 1.0737 0.0984, -1.7724 1.0906 0.0984, -1.7323 2.4748 0.0984, -1.7845 1.1051 0.0984, -1.7996 1.1162 0.0984, -1.7996 0.9003 0.0984, -1.7845 0.9115 0.0984, -1.7724 0.9259 0.0984, -1.817 1.1235 0.0984, -1.8356 1.1264 0.0984, -1.8544 1.1249 0.0984, -1.9124 1.1203 0.0984, -1.9698 0.8866 0.0984, -1.9124 0.8963 0.0984, -2.0002 0.7767 0.0984, -1.9698 1.13 0.0984, -1.7641 0.9429 0.0984, -1.7601 0.9612 0.0984, -1.7601 1.0553 0.0984, -2.069 0.8273 0.0984, -2.1048 0.7814 0.0984, -2.1069 0.7767 0.0984, -2.0231 0.8631 0.0984, -2.0002 0.8732 0.0984, -2.1283 0.7281 0.0984, -2.0002 0.6452 0.0984, -2.138 0.6707 0.0984, -2.1347 0.5753 0.0984, -2.1318 0.5939 0.0984, -2.1334 0.6126 0.0984, -2.136 0.6452 0.0984, -2.3666 0.6126 0.0984, -2.3682 0.5939 0.0984, -2.3652 0.5753 0.0984, -2.3468 0.5428 0.0984, -2.3323 0.5307 0.0984, -2.358 0.5579 0.0984, -2.1846 0.5224 0.0984, -2.1677 0.5307 0.0984, -2.0002 -2.0921 0.0984, -2.1532 0.5428 0.0984, -2.142 0.5579 0.0984, -2.3154 0.5224 0.0984, -2.297 0.5184 0.0984, -2.203 0.5184 0.0984, -2.4301 0.8262 0.0984, -2.3952 0.7814 0.0984, -2.4301 0.7767 0.0984, -2.3931 0.7767 0.0984, -2.3717 0.7281 0.0984, -2.7358 0.9429 0.0984, -2.7276 0.9259 0.0984, -3.0905 0.7767 0.0984, -2.6456 1.1249 0.0984, -2.6644 1.1264 0.0984, -2.7003 1.1162 0.0984, -2.7155 1.1051 0.0984, -3.0905 2.4748 0.0984, -2.683 1.1235 0.0984, -2.7399 0.9612 0.0984, -2.7155 0.9115 0.0984, -2.7003 0.9003 0.0984, -2.683 0.893 0.0984, -2.7276 1.0906 0.0984, -2.7358 1.0737 0.0984, -2.7399 1.0553 0.0984, -2.4769 1.1534 0.0984, -2.5302 1.13 0.0984, -2.5876 1.1203 0.0984, -2.6644 0.8901 0.0984, -2.6456 0.8916 0.0984, -2.5876 0.8963 0.0984, -2.5302 0.8866 0.0984, -2.4309 1.1892 0.0984, -2.4769 0.8631 0.0984, -2.4309 0.8273 0.0984, 2.7244 0.7767 0.0984, 2.7244 0.9222 0.0984, 3.0906 0.7767 0.0984, 2.7276 0.9259 0.0984, 2.7359 0.9429 0.0984, 2.7359 1.0737 0.0984, 3.0906 2.4748 0.0984, 2.7399 1.0553 0.0984, 2.7399 0.9612 0.0984, 2.6644 0.8901 0.0984, 2.683 0.893 0.0984, 2.6456 0.8916 0.0984, 2.7004 0.9003 0.0984, 2.7155 0.9115 0.0984, 2.4769 0.8631 0.0984, 2.5302 0.8866 0.0984, 2.5876 0.8963 0.0984, 2.3952 0.7814 0.0984, 2.4299 0.826 0.0984, 2.431 0.8273 0.0984, 2.4299 0.6452 0.0984, 2.362 0.6707 0.0984, 2.3682 0.5939 0.0984, 2.3666 0.6126 0.0984, 2.364 0.6452 0.0984, 2.1334 0.6126 0.0984, 2.1318 0.5939 0.0984, 1.9998 0.6452 0.0984, 2.1348 0.5753 0.0984, 2.3154 0.5224 0.0984, 2.3323 0.5307 0.0984, 2.4299 -2.0921 0.0984, 2.142 0.5579 0.0984, 1.9998 -2.0921 0.0984, 2.1532 0.5428 0.0984, 2.1677 0.5307 0.0984, 2.3468 0.5428 0.0984, 2.358 0.5579 0.0984, 2.3653 0.5753 0.0984, 2.1846 0.5224 0.0984, 2.203 0.5184 0.0984, 2.297 0.5184 0.0984, 2.1283 0.7281 0.0984, 2.138 0.6707 0.0984, 2.136 0.6452 0.0984, 2.0231 0.8631 0.0984, 2.0691 0.8273 0.0984, 1.9998 0.7767 0.0984, 2.1048 0.7814 0.0984, 2.1069 0.7767 0.0984, 1.7845 0.9115 0.0984, 1.7997 0.9003 0.0984, 1.7323 0.7767 0.0984, 1.817 0.893 0.0984, 1.8356 0.8901 0.0984, 1.8544 0.8916 0.0984, 1.9124 0.8963 0.0984, 1.7845 1.1051 0.0984, 1.7323 2.4748 0.0984, 1.7997 1.1162 0.0984, 1.817 1.1235 0.0984, 1.7601 0.9612 0.0984, 1.7642 0.9429 0.0984, 1.7724 0.9259 0.0984, 1.9698 0.8866 0.0984, 1.9998 0.8734 0.0984, 1.9698 1.13 0.0984, 1.9124 1.1203 0.0984, 1.9998 2.4748 0.0984, 1.8544 1.1249 0.0984, 1.8356 1.1264 0.0984, 1.7724 1.0906 0.0984, 1.7642 1.0737 0.0984, 1.7601 1.0553 0.0984, 2.1318 1.4226 0.0984, 2.362 1.3458 0.0984, 2.4299 1.1905 0.0984, 2.3717 1.2884 0.0984, 2.3952 1.2351 0.0984, 2.3653 1.4413 0.0984, 2.4299 2.4748 0.0984, 2.3682 1.4226 0.0984, 2.3666 1.4039 0.0984, 2.1283 1.2884 0.0984, 2.1048 1.2351 0.0984, 2.0691 1.1892 0.0984, 2.138 1.3458 0.0984, 2.358 1.4586 0.0984, 2.3468 1.4738 0.0984, 2.3323 1.4858 0.0984, 2.1846 1.4941 0.0984, 2.1677 1.4858 0.0984, 2.1532 1.4738 0.0984, 2.3154 1.4941 0.0984, 2.297 1.4981 0.0984, 2.203 1.4981 0.0984, 2.142 1.4586 0.0984, 2.1348 1.4413 0.0984, 2.7155 1.1051 0.0984, 2.7004 1.1162 0.0984, 2.683 1.1235 0.0984, 2.6644 1.1264 0.0984, 2.6456 1.1249 0.0984, 2.5876 1.1203 0.0984, 2.5302 1.13 0.0984, 2.4769 1.1534 0.0984, 2.431 1.1892 0.0984, -0.6975 1.1728 0.0984, -0.8512 0.7791 0.0984, -1.0024 0.7767 0.0984, -0.7936 0.7791 0.0984, -0.5729 0.7767 0.0984, -0.7537 0.8895 0.0984, -0.5911 0.8895 0.0984, -0.5729 0.8362 0.0984, -1.0024 2.4748 0.0984, -0.6447 1.1728 0.0984, -0.5729 2.4748 0.0984, -0.5729 0.9829 0.0984, -0.4959 0.7791 0.0984, -0.5535 0.7791 0.0984, -3.0905 5.024 0.0984, -2.4301 5.024 0.0984, -3.0905 4.0083 0.0984, -2.4301 4.0083 0.0984, -2.1535 4.4492 0.0984, -2.3504 4.4492 0.0984, -2.3504 4.5673 0.0984, -2.1535 4.5673 0.0984, -2.0002 5.024 0.0984, -1.3504 4.4492 0.0984, -1.0024 4.0083 0.0984, -1.1535 4.4492 0.0984, -1.3504 4.5673 0.0984, -1.4301 5.024 0.0984, -1.1535 4.5673 0.0984, -1.0024 5.024 0.0984, -1.7323 5.024 0.0984, -0.5729 5.024 0.0984, -0.5729 4.0083 0.0984, -0.4815 5.024 0.0984, -0.4815 4.0083 0.0984, 0.1455 4.0083 0.0984, 0.1455 5.024 0.0984, -0.1118 4.0083 0.0984, -0.1118 5.024 0.0984, -0.1519 4.0083 0.0984, -0.1519 5.024 0.0984, -0.1535 4.5673 0.0984, -0.3504 4.5673 0.0984, -0.3504 4.4492 0.0984, -0.1535 4.4492 0.0984, 2.4299 5.024 0.0984, 2.4299 4.0083 0.0984, -1.65 3.4492 0.0984, -1.4301 2.4748 0.0984, -1.7323 3.4492 0.0984, -0.65 3.5673 0.0984, -0.8468 3.5673 0.0984, -0.8468 3.4492 0.0984, -0.65 3.4492 0.0984, 0.35 3.5673 0.0984, 0.1532 3.5673 0.0984, 0.1532 3.4492 0.0984, 0.35 3.4492 0.0984, 1.35 3.5673 0.0984, 1.1532 3.5673 0.0984, 1.1532 3.4492 0.0984, 1.35 3.4492 0.0984, 1.4299 2.4748 0.0984, 0.9998 2.4748 0.0984, 0.7946 2.4748 0.0984, 2.1532 3.5673 0.0984, 2.1532 3.4492 0.0984, 2.35 3.5673 0.0984, 2.35 3.4492 0.0984, 2.7244 5.024 0.0984, 2.7244 4.0083 0.0984, 3.0906 5.024 0.0984, 3.0906 4.0083 0.0984, -1.4301 0.7767 0.0984, -0.0638 1.1728 0.0984, 0.1379 1.1728 0.0984, -0.0638 1.1295 0.0984, -0.0734 0.8223 0.0984, -0.0734 0.7791 0.0984, 0.1379 0.7791 0.0984, 0.0851 0.9567 0.0984, 0.0851 0.8223 0.0984, -0.0542 0.9567 0.0984, -0.0542 0.9999 0.0984, 0.0851 0.9999 0.0984, 0.0851 1.1295 0.0984, 0.5412 0.8223 0.0984, 0.5412 0.7791 0.0984, 0.7428 0.7791 0.0984, 0.7946 0.7767 0.0984, 0.7428 1.1728 0.0984, 0.69 0.8223 0.0984, 0.69 1.1728 0.0984, 0.9998 0.7767 0.0984, 1.4299 0.7767 0.0984, -3.0905 0.6452 0.0984, -0.1118 0.6452 0.0984, -0.1519 0.6452 0.0984, -0.4815 0.6452 0.0984, -0.5729 0.6452 0.0984, -1.0024 0.6452 0.0984, -1.4301 0.6452 0.0984, -1.7323 0.6452 0.0984, 1.7323 0.6452 0.0984, 1.4299 0.6452 0.0984, 0.9998 0.6452 0.0984, 0.7946 0.6452 0.0984, 2.7244 0.6452 0.0984, 3.0906 0.6452 0.0984, -2.5098 -0.9799 0.0984, -2.5098 -0.8618 0.0984, -2.7067 -0.9799 0.0984, -2.7067 -0.8618 0.0984, -1.7323 -2.0921 0.0984, -1.4301 -2.0921 0.0984, -1.5098 -0.9799 0.0984, -1.5098 -0.8618 0.0984, -1.7067 -0.9799 0.0984, -1.7067 -0.8618 0.0984, -1.0024 -2.0921 0.0984, -0.5729 -2.0921 0.0984, -0.4815 -2.0921 0.0984, -0.1519 -2.0921 0.0984, -0.1118 -2.0921 0.0984, 0.1455 -2.0921 0.0984, 0.5244 -2.0921 0.0984, 0.7946 -2.0921 0.0984, 0.9998 -2.0921 0.0984, 1.4299 -2.0921 0.0984, 1.7323 -2.0921 0.0984, 1.7067 -0.8618 0.0984, 1.5099 -0.8618 0.0984, 1.5099 -0.9799 0.0984, 1.7067 -0.9799 0.0984, 2.7244 -2.0921 0.0984, 2.7067 -0.9799 0.0984, 2.7067 -0.8618 0.0984, 2.5099 -0.9799 0.0984, 2.5099 -0.8618 0.0984, 3.0906 -2.0921 0.0984, -2.4301 -3.2043 0.0984, -2.0002 -3.2043 0.0984, -1.7323 -3.2043 0.0984, -1.4301 -3.2043 0.0984, -1.0024 -3.2043 0.0984, -0.5729 -3.2043 0.0984, -0.4815 -3.2043 0.0984, -0.1519 -3.2043 0.0984, -0.1118 -3.2043 0.0984, 0.1455 -3.2043 0.0984, 0.5244 -3.2043 0.0984, 0.7946 -3.2043 0.0984, 0.9998 -3.2043 0.0984, 1.4299 -3.2043 0.0984, 1.7323 -3.2043 0.0984, 1.9998 -3.2043 0.0984, 2.4299 -3.2043 0.0984, 2.7244 -3.2043 0.0984, 3.0906 -3.2043 0.0984
            ]
        }
        coordIndex [
            0,1,2,-1,3,4,5,-1,6,7,8,-1,9,10,11,-1,12,13,14,-1,15,16,17,-1,17,16,18,-1,19,20,21,-1,21,20,22,-1,21,22,23,-1,23,22,24,-1,23,24,25,-1,25,24,26,-1,25,26,27,-1,28,29,30,-1,30,29,31,-1,30,31,32,-1,33,34,35,-1,35,34,36,-1,35,36,37,-1,27,38,25,-1,25,38,39,-1,25,39,40,-1,41,42,25,-1,25,42,43,-1,44,45,46,-1,46,45,47,-1,43,48,25,-1,25,48,47,-1,25,47,49,-1,49,47,45,-1,40,50,25,-1,25,50,51,-1,25,51,41,-1,32,52,30,-1,30,52,53,-1,30,53,54,-1,37,55,35,-1,35,55,56,-1,35,56,21,-1,21,56,57,-1,21,57,19,-1,15,58,59,-1,59,58,60,-1,60,58,61,-1,60,61,62,-1,63,64,65,-1,65,64,66,-1,65,66,67,-1,68,69,70,-1,70,69,71,-1,70,71,72,-1,67,73,65,-1,65,73,74,-1,65,74,75,-1,72,76,70,-1,70,76,77,-1,70,77,78,-1,75,79,65,-1,65,79,80,-1,65,80,70,-1,70,80,81,-1,70,81,68,-1,77,82,78,-1,78,82,83,-1,78,83,84,-1,84,83,85,-1,63,65,86,-1,86,65,87,-1,86,87,85,-1,85,87,88,-1,85,88,84,-1,89,90,91,-1,91,90,92,-1,91,92,93,-1,93,92,94,-1,93,94,95,-1,96,97,98,-1,98,97,99,-1,98,99,100,-1,100,99,101,-1,100,101,102,-1,102,103,104,-1,104,103,105,-1,104,105,106,-1,106,105,107,-1,106,107,96,-1,108,109,110,-1,110,109,111,-1,110,111,112,-1,112,111,113,-1,112,113,114,-1,114,115,116,-1,116,115,117,-1,116,117,118,-1,118,117,119,-1,120,121,122,-1,123,124,125,-1,122,126,120,-1,120,126,127,-1,120,127,128,-1,129,130,131,-1,131,130,132,-1,133,134,129,-1,129,134,135,-1,129,135,130,-1,124,136,125,-1,125,136,137,-1,125,137,138,-1,139,140,141,-1,141,140,142,-1,138,143,125,-1,125,143,144,-1,125,144,141,-1,141,144,145,-1,141,145,139,-1,142,146,141,-1,141,146,147,-1,141,147,121,-1,148,149,150,-1,148,150,151,-1,152,153,154,-1,154,153,155,-1,154,155,156,-1,149,157,150,-1,150,157,158,-1,150,158,159,-1,156,160,154,-1,154,160,161,-1,154,161,125,-1,125,161,162,-1,125,162,163,-1,164,165,166,-1,130,123,132,-1,132,123,125,-1,132,125,167,-1,167,125,163,-1,159,168,150,-1,150,168,169,-1,150,169,170,-1,171,166,172,-1,172,166,173,-1,171,174,166,-1,166,174,175,-1,166,175,164,-1,173,166,176,-1,176,166,177,-1,176,177,178,-1,179,180,177,-1,180,181,177,-1,177,181,182,-1,177,182,178,-1,13,183,14,-1,14,183,184,-1,14,184,185,-1,186,187,2,-1,186,2,188,-1,189,190,191,-1,191,190,192,-1,191,192,177,-1,177,192,193,-1,177,193,179,-1,187,194,2,-1,2,194,195,-1,2,195,191,-1,191,195,196,-1,191,196,189,-1,197,198,199,-1,199,198,200,-1,199,200,14,-1,14,200,201,-1,14,201,12,-1,202,203,204,-1,205,206,141,-1,207,208,209,-1,141,206,209,-1,209,206,210,-1,209,210,207,-1,202,204,211,-1,203,212,204,-1,204,212,213,-1,204,213,214,-1,208,215,209,-1,209,215,216,-1,209,216,204,-1,204,216,217,-1,204,217,211,-1,218,219,141,-1,141,219,220,-1,141,220,205,-1,221,222,199,-1,199,222,223,-1,199,223,224,-1,121,120,141,-1,141,120,225,-1,141,225,218,-1,224,226,199,-1,199,226,227,-1,199,227,197,-1,228,229,230,-1,230,229,231,-1,230,231,232,-1,233,234,235,-1,235,234,230,-1,235,230,236,-1,236,230,232,-1,237,238,228,-1,237,228,239,-1,238,240,228,-1,228,240,241,-1,228,241,229,-1,242,243,228,-1,228,243,244,-1,228,244,239,-1,7,245,8,-1,8,245,246,-1,8,246,228,-1,228,246,247,-1,228,247,242,-1,248,249,6,-1,250,251,248,-1,248,251,252,-1,248,252,249,-1,253,254,255,-1,255,254,256,-1,257,258,259,-1,256,260,261,-1,261,260,262,-1,261,262,263,-1,258,264,259,-1,259,264,265,-1,259,265,248,-1,248,265,266,-1,248,266,250,-1,263,267,261,-1,261,267,268,-1,261,268,259,-1,259,268,269,-1,259,269,257,-1,270,271,255,-1,255,271,272,-1,255,272,253,-1,273,274,275,-1,274,276,275,-1,275,276,277,-1,275,277,270,-1,278,279,280,-1,279,281,280,-1,280,281,282,-1,280,282,275,-1,275,282,283,-1,275,283,284,-1,285,286,287,-1,287,286,288,-1,289,290,280,-1,280,290,291,-1,280,291,278,-1,284,292,275,-1,275,292,293,-1,275,293,273,-1,294,295,296,-1,296,295,297,-1,296,297,286,-1,286,297,298,-1,286,298,288,-1,285,299,286,-1,286,299,300,-1,286,300,301,-1,294,296,4,-1,4,296,302,-1,4,302,5,-1,303,304,305,-1,305,304,306,-1,307,308,309,-1,309,308,304,-1,309,304,310,-1,310,304,303,-1,311,312,313,-1,3,5,313,-1,313,5,314,-1,313,314,311,-1,307,315,308,-1,308,315,316,-1,308,316,317,-1,318,319,296,-1,296,319,320,-1,317,321,308,-1,308,321,322,-1,308,322,296,-1,296,322,323,-1,296,323,318,-1,320,324,296,-1,296,324,325,-1,296,325,302,-1,10,326,11,-1,11,326,327,-1,11,327,328,-1,329,330,308,-1,308,330,331,-1,308,331,332,-1,332,333,308,-1,308,333,334,-1,308,334,304,-1,335,336,337,-1,337,336,338,-1,337,338,339,-1,340,341,342,-1,335,343,344,-1,344,343,345,-1,344,345,346,-1,346,345,65,-1,346,65,347,-1,347,65,70,-1,347,70,348,-1,348,70,339,-1,348,339,342,-1,342,339,338,-1,342,338,340,-1,349,350,351,-1,351,350,352,-1,353,93,354,-1,354,93,352,-1,354,352,355,-1,355,352,350,-1,355,350,356,-1,356,350,357,-1,356,357,353,-1,89,358,359,-1,359,358,360,-1,361,362,363,-1,363,362,364,-1,363,364,360,-1,353,357,93,-1,93,357,365,-1,93,365,91,-1,91,365,362,-1,91,362,89,-1,89,362,361,-1,89,361,358,-1,360,364,359,-1,359,364,366,-1,359,366,367,-1,367,366,368,-1,367,368,369,-1,114,113,115,-1,115,113,370,-1,115,370,371,-1,371,370,372,-1,371,372,373,-1,373,372,374,-1,373,374,375,-1,375,374,376,-1,375,376,368,-1,368,376,377,-1,368,377,369,-1,369,377,378,-1,369,378,374,-1,374,378,379,-1,374,379,376,-1,102,101,103,-1,103,101,109,-1,103,109,119,-1,119,109,108,-1,119,108,118,-1,96,107,97,-1,97,107,380,-1,97,380,381,-1,382,383,384,-1,384,383,154,-1,384,154,95,-1,95,154,125,-1,95,125,93,-1,93,125,141,-1,93,141,352,-1,352,141,209,-1,352,209,351,-1,367,385,359,-1,359,385,386,-1,359,386,387,-1,388,345,387,-1,387,345,343,-1,387,343,359,-1,359,343,383,-1,359,383,89,-1,89,383,382,-1,89,382,90,-1,113,389,370,-1,370,389,390,-1,370,390,391,-1,392,35,391,-1,391,35,21,-1,391,21,370,-1,370,21,88,-1,370,88,372,-1,372,88,87,-1,372,87,374,-1,374,87,65,-1,374,65,369,-1,369,65,345,-1,369,345,367,-1,367,345,388,-1,367,388,385,-1,101,393,109,-1,109,393,394,-1,109,394,395,-1,396,397,395,-1,395,397,398,-1,395,398,109,-1,109,398,399,-1,109,399,111,-1,111,399,35,-1,111,35,113,-1,113,35,392,-1,113,392,389,-1,97,400,401,-1,400,97,402,-1,402,97,381,-1,402,381,403,-1,403,381,308,-1,403,308,401,-1,401,308,296,-1,401,296,97,-1,97,296,286,-1,97,286,99,-1,99,286,397,-1,99,397,101,-1,101,397,396,-1,101,396,393,-1,380,404,381,-1,381,404,405,-1,381,405,308,-1,308,405,11,-1,308,11,329,-1,329,11,328,-1,404,406,405,-1,405,406,407,-1,405,407,11,-1,11,407,234,-1,11,234,9,-1,9,234,233,-1,335,337,343,-1,343,337,408,-1,343,408,383,-1,383,408,150,-1,383,150,154,-1,154,150,170,-1,154,170,152,-1,409,88,410,-1,410,88,21,-1,410,21,16,-1,16,21,23,-1,16,23,18,-1,409,411,88,-1,88,411,412,-1,88,412,84,-1,84,412,413,-1,84,413,16,-1,16,413,414,-1,16,414,410,-1,415,416,417,-1,417,416,412,-1,417,412,418,-1,418,412,411,-1,418,411,419,-1,419,411,420,-1,421,30,35,-1,35,30,54,-1,35,54,33,-1,421,422,30,-1,30,422,423,-1,30,423,424,-1,424,423,425,-1,426,421,427,-1,427,421,35,-1,427,35,425,-1,425,35,399,-1,425,399,424,-1,424,399,398,-1,424,398,428,-1,428,398,397,-1,428,397,429,-1,429,397,286,-1,429,286,280,-1,280,286,301,-1,280,301,289,-1,214,221,204,-1,204,221,199,-1,204,199,430,-1,430,199,14,-1,15,59,16,-1,16,59,431,-1,16,431,84,-1,84,431,432,-1,84,432,78,-1,78,432,433,-1,78,433,70,-1,70,433,434,-1,70,434,339,-1,339,434,435,-1,339,435,337,-1,337,435,436,-1,337,436,408,-1,408,436,437,-1,408,437,150,-1,270,255,275,-1,275,255,438,-1,275,438,280,-1,280,438,439,-1,280,439,429,-1,429,439,440,-1,429,440,428,-1,428,440,441,-1,428,441,424,-1,424,441,60,-1,424,60,30,-1,30,60,62,-1,30,62,28,-1,6,8,248,-1,248,8,228,-1,248,228,442,-1,442,228,230,-1,442,230,443,-1,2,444,445,-1,444,2,446,-1,446,2,1,-1,446,1,447,-1,447,1,430,-1,447,430,445,-1,445,430,14,-1,445,14,2,-1,2,14,185,-1,2,185,188,-1,165,151,166,-1,166,151,150,-1,166,150,177,-1,177,150,437,-1,177,437,191,-1,191,437,448,-1,449,450,451,-1,450,449,452,-1,452,449,448,-1,452,448,453,-1,453,448,437,-1,453,437,451,-1,451,437,436,-1,451,436,449,-1,449,436,435,-1,449,435,454,-1,454,435,434,-1,454,434,455,-1,455,434,433,-1,455,433,456,-1,456,433,432,-1,456,432,457,-1,457,432,431,-1,457,431,458,-1,458,431,59,-1,458,59,459,-1,459,59,60,-1,459,60,460,-1,460,60,441,-1,460,441,461,-1,461,441,440,-1,461,440,462,-1,462,440,439,-1,462,439,463,-1,256,261,255,-1,255,261,464,-1,255,464,438,-1,438,464,465,-1,438,465,439,-1,439,465,466,-1,439,466,463,-1,463,466,467,-1,463,467,464,-1,464,467,468,-1,464,468,465,-1,469,470,471,-1,470,469,472,-1,472,469,259,-1,472,259,473,-1,473,259,248,-1,473,248,471,-1,471,248,442,-1,471,442,469,-1,469,442,443,-1,469,443,474,-1,0,2,475,-1,475,2,191,-1,475,191,476,-1,476,191,448,-1,476,448,477,-1,477,448,449,-1,477,449,478,-1,478,449,454,-1,478,454,479,-1,479,454,455,-1,479,455,480,-1,480,455,456,-1,480,456,481,-1,481,456,457,-1,481,457,482,-1,482,457,458,-1,482,458,483,-1,483,458,459,-1,483,459,484,-1,484,459,460,-1,484,460,485,-1,485,460,461,-1,485,461,486,-1,486,461,462,-1,486,462,487,-1,487,462,463,-1,487,463,488,-1,488,463,464,-1,488,464,489,-1,489,464,261,-1,489,261,490,-1,490,261,259,-1,490,259,491,-1,491,259,469,-1,491,469,492,-1,492,469,474,-1,492,474,493,-1,
        ]
    }
}
Shape{
    appearance Appearance {
        material  Material 	{
            diffuseColor 1.0 1.0 1.0
            specularColor 0.5019607843137255 0.5019607843137255 0.5019607843137255
            ambientIntensity 1.0
            transparency 0.0
            shininess 0.5
        }
    }
    geometry IndexedFaceSet {
        ccw TRUE
        solid FALSE
        coord DEF co Coordinate {
            point [
                3.0906 1.9728 0.0197, 3.1693 1.9728 0.0197, 3.0906 -3.2043 0.0197, 3.1693 -3.2831 0.0197, -3.0905 -3.2043 0.0197, -3.1693 -3.2831 0.0197, -3.0905 1.9728 0.0197, -3.1693 1.9728 0.0197, -3.0905 2.4453 0.0197, -3.1693 2.4453 0.0197, -3.0905 5.024 0.0197, -3.1693 5.1028 0.0197, 3.0906 5.024 0.0197, 3.1693 5.1028 0.0197, 3.0906 2.4453 0.0197, 3.1693 2.4453 0.0197
            ]
        }
        coordIndex [
            0,1,2,-1,2,1,3,-1,2,3,4,-1,4,3,5,-1,4,5,6,-1,6,5,7,-1,8,9,10,-1,10,9,11,-1,10,11,12,-1,12,11,13,-1,12,13,14,-1,14,13,15,-1,
        ]
    }
}
Shape{
    appearance Appearance {
        material  Material 	{
            diffuseColor 0.25098039215686274 0.25098039215686274 0.25098039215686274
            specularColor 0.12549019607843137 0.12549019607843137 0.12549019607843137
            ambientIntensity 0.251
            transparency 0.0
            shininess 0.5
        }
    }
    geometry IndexedFaceSet {
        ccw TRUE
        solid FALSE
        coord DEF co Coordinate {
            point [
                -2.297 1.4981 -0.0591, -2.203 1.4981 -0.0591, -2.297 1.4981 -1.1024, -2.203 1.4981 -1.1024, -2.203 0.5184 -0.0591, -2.297 0.5184 -0.0591, -2.203 0.5184 -1.1024, -2.297 0.5184 -1.1024, -2.203 1.4981 0.0197, -2.203 1.4981 0.0984, -2.1846 1.4941 0.0984, -2.1846 1.4941 0.0197, -2.1677 1.4858 0.0984, -2.1677 1.4858 0.0197, -2.1532 1.4738 0.0984, -2.1532 1.4738 0.0197, -2.1532 1.4738 -0.0591, -2.1516 1.472 -0.0591, -2.142 1.4586 -1.1024, -2.1516 1.472 0.0197, -2.142 1.4586 0.0984, -2.1532 1.4738 -1.1024, -2.1677 1.4858 -1.1024, -2.1677 1.4858 -0.0591, -2.1846 1.4941 -1.1024, -2.1846 1.4941 -0.0591, -2.1347 1.4413 0.0984, -2.1347 1.4413 -1.1024, -2.1318 1.4226 0.0984, -2.1318 1.4226 -1.1024, -2.1334 1.4039 0.0984, -2.1334 1.4039 -1.1024, -2.1532 0.5428 0.0197, -2.1516 0.5445 0.0197, -2.142 0.5579 0.0984, -2.1516 0.5445 -0.0591, -2.1532 0.5428 0.0984, -2.1677 0.5307 0.0984, -2.1677 0.5307 0.0197, -2.1846 0.5224 0.0984, -2.1846 0.5224 0.0197, -2.203 0.5184 0.0984, -2.203 0.5184 0.0197, -2.1846 0.5224 -1.1024, -2.1846 0.5224 -0.0591, -2.1677 0.5307 -1.1024, -2.1677 0.5307 -0.0591, -2.1532 0.5428 -1.1024, -2.1532 0.5428 -0.0591, -2.142 0.5579 -1.1024, -2.1347 0.5753 -1.1024, -2.1347 0.5753 0.0984, -2.1318 0.5939 -1.1024, -2.1318 0.5939 0.0984, -2.1334 0.6126 -1.1024, -2.1334 0.6126 0.0984, -2.3468 1.4738 0.0197, -2.3484 1.472 0.0197, -2.358 1.4586 0.0984, -2.3484 1.472 -0.0591, -2.3468 1.4738 0.0984, -2.3323 1.4858 0.0984, -2.3323 1.4858 0.0197, -2.3154 1.4941 0.0984, -2.3154 1.4941 0.0197, -2.297 1.4981 0.0984, -2.297 1.4981 0.0197, -2.3154 1.4941 -1.1024, -2.3154 1.4941 -0.0591, -2.3323 1.4858 -1.1024, -2.3323 1.4858 -0.0591, -2.3468 1.4738 -1.1024, -2.3468 1.4738 -0.0591, -2.358 1.4586 -1.1024, -2.3652 1.4413 -1.1024, -2.3652 1.4413 0.0984, -2.3682 1.4226 -1.1024, -2.3682 1.4226 0.0984, -2.3666 1.4039 -1.1024, -2.3666 1.4039 0.0984, -2.297 0.5184 0.0197, -2.297 0.5184 0.0984, -2.3154 0.5224 0.0984, -2.3154 0.5224 0.0197, -2.3323 0.5307 0.0984, -2.3323 0.5307 0.0197, -2.3468 0.5428 0.0984, -2.3468 0.5428 0.0197, -2.3468 0.5428 -0.0591, -2.3484 0.5445 -0.0591, -2.358 0.5579 -1.1024, -2.3484 0.5445 0.0197, -2.358 0.5579 0.0984, -2.3468 0.5428 -1.1024, -2.3323 0.5307 -1.1024, -2.3323 0.5307 -0.0591, -2.3154 0.5224 -1.1024, -2.3154 0.5224 -0.0591, -2.3652 0.5753 0.0984, -2.3652 0.5753 -1.1024, -2.3682 0.5939 0.0984, -2.3682 0.5939 -1.1024, -2.3666 0.6126 0.0984, -2.3666 0.6126 -1.1024, 2.203 1.4981 0.0984, 2.297 1.4981 0.0984, 2.203 1.4981 0.0197, 2.297 1.4981 0.0197, 2.297 0.5184 0.0984, 2.203 0.5184 0.0984, 2.297 0.5184 0.0197, 2.203 0.5184 0.0197, -2.7399 0.9612 0.0984, -2.7399 1.0553 0.0984, -2.7399 0.9612 -1.1024, -2.7399 1.0553 -1.1024, -1.7601 1.0553 0.0984, -1.7601 0.9612 0.0984, -1.7601 1.0553 -1.1024, -1.7601 0.9612 -1.1024, 2.203 1.4981 -0.0591, 2.297 1.4981 -0.0591, 2.203 1.4981 -1.1024, 2.297 1.4981 -1.1024, 1.7601 0.9612 0.0984, 1.7601 1.0553 0.0984, 1.7601 0.9612 -1.1024, 1.7601 1.0553 -1.1024, 2.297 0.5184 -0.0591, 2.203 0.5184 -0.0591, 2.297 0.5184 -1.1024, 2.203 0.5184 -1.1024
            ]
        }
        coordIndex [
            0,1,2,-1,2,1,3,-1,4,5,6,-1,6,5,7,-1,8,9,10,-1,8,10,11,-1,11,10,12,-1,11,12,13,-1,13,12,14,-1,13,14,15,-1,16,17,18,-1,15,14,19,-1,19,14,20,-1,19,20,17,-1,18,21,16,-1,16,21,22,-1,16,22,23,-1,23,22,24,-1,23,24,25,-1,25,24,3,-1,25,3,1,-1,17,20,18,-1,18,20,26,-1,18,26,27,-1,27,26,28,-1,27,28,29,-1,29,28,30,-1,29,30,31,-1,32,33,34,-1,34,33,35,-1,34,36,32,-1,32,36,37,-1,32,37,38,-1,38,37,39,-1,38,39,40,-1,40,39,41,-1,40,41,42,-1,4,6,43,-1,4,43,44,-1,44,43,45,-1,44,45,46,-1,46,45,47,-1,46,47,48,-1,48,47,35,-1,35,47,49,-1,35,49,34,-1,34,49,50,-1,34,50,51,-1,51,50,52,-1,51,52,53,-1,53,52,54,-1,53,54,55,-1,56,57,58,-1,58,57,59,-1,58,60,56,-1,56,60,61,-1,56,61,62,-1,62,61,63,-1,62,63,64,-1,64,63,65,-1,64,65,66,-1,0,2,67,-1,0,67,68,-1,68,67,69,-1,68,69,70,-1,70,69,71,-1,70,71,72,-1,72,71,59,-1,59,71,73,-1,59,73,58,-1,58,73,74,-1,58,74,75,-1,75,74,76,-1,75,76,77,-1,77,76,78,-1,77,78,79,-1,80,81,82,-1,80,82,83,-1,83,82,84,-1,83,84,85,-1,85,84,86,-1,85,86,87,-1,88,89,90,-1,87,86,91,-1,91,86,92,-1,91,92,89,-1,90,93,88,-1,88,93,94,-1,88,94,95,-1,95,94,96,-1,95,96,97,-1,97,96,7,-1,97,7,5,-1,89,92,90,-1,90,92,98,-1,90,98,99,-1,99,98,100,-1,99,100,101,-1,101,100,102,-1,101,102,103,-1,104,105,106,-1,106,105,107,-1,108,109,110,-1,110,109,111,-1,112,113,114,-1,114,113,115,-1,65,9,66,-1,66,9,8,-1,116,117,118,-1,118,117,119,-1,41,81,42,-1,42,81,80,-1,120,121,122,-1,122,121,123,-1,124,125,126,-1,126,125,127,-1,128,129,130,-1,130,129,131,-1,
        ]
    }
}
Shape{
    appearance Appearance {
        material  Material 	{
            diffuseColor 1.0 1.0 1.0
            specularColor 0.5019607843137255 0.5019607843137255 0.5019607843137255
            ambientIntensity 1.0
            transparency 0.0
            shininess 0.5
        }
    }
    geometry IndexedFaceSet {
        ccw TRUE
        solid FALSE
        coord DEF co Coordinate {
            point [
                3.1693 -3.2831 5.3346, 3.1693 -3.2831 0.0197, 3.1693 5.1028 5.3346, 3.1693 1.9728 0.0197, 3.1693 2.2484 -1.1811, 3.1693 1.9728 -0.9842, 3.1693 5.1028 0.0197, 3.1693 2.4453 0.0197, 3.1693 2.4453 -0.9842, 3.1693 2.4403 -1.0281, 3.1693 2.0843 -1.1616, 3.1693 2.1259 -1.1762, 3.1693 2.1697 -1.1811, 3.1693 1.9778 -1.0281, 3.1693 1.9923 -1.0697, 3.1693 2.0158 -1.107, 3.1693 2.3712 -1.1382, 3.1693 2.3338 -1.1616, 3.1693 2.2922 -1.1762, 3.1693 2.4023 -1.107, 3.1693 2.4258 -1.0697, 3.1693 2.0469 -1.1382, -3.1693 5.1028 5.3346, -3.1693 5.1028 0.0197, -3.1693 1.9728 0.0197, -3.1693 -3.2831 0.0197, -3.1693 -3.2831 5.3346, -3.1693 2.4453 0.0197, -3.1693 1.9728 -0.9842, -3.1693 2.4453 -0.9842, -3.1693 2.1697 -1.1811, -3.1693 2.1259 -1.1762, -3.1693 2.2484 -1.1811, -3.1693 2.2922 -1.1762, -3.1693 2.4403 -1.0281, -3.1693 2.4258 -1.0697, -3.1693 2.4023 -1.107, -3.1693 2.3712 -1.1382, -3.1693 2.3338 -1.1616, -3.1693 2.0158 -1.107, -3.1693 1.9778 -1.0281, -3.1693 1.9923 -1.0697, -3.1693 2.0843 -1.1616, -3.1693 2.0469 -1.1382, -1.2992 -3.2831 0.2953, -1.2992 -3.2831 0.8465, -1.9882 -3.2831 0.8465, -2.1002 -3.2831 0.4318, -2.7412 -3.2831 0.4318, -2.7412 -3.2831 0.9436, 2.5788 -3.2831 4.7441, -2.5787 -3.2831 4.7441, -2.5787 -3.2831 1.5551, 2.5788 -3.2831 1.5551, 2.1003 -3.2831 0.9436, 2.7412 -3.2831 0.9436, 2.7412 -3.2831 0.4318, -1.9882 -3.2831 1.5551, -2.1002 -3.2831 0.9436, 1.2992 -3.2831 0.2953, 2.1003 -3.2831 0.4318, 1.9882 -3.2831 1.5551, 1.9882 -3.2831 0.8465, 1.2992 -3.2831 0.8465
            ]
        }
        coordIndex [
            0,1,2,-1,2,1,3,-1,4,3,5,-1,6,2,7,-1,7,2,3,-1,7,3,8,-1,8,3,4,-1,8,4,9,-1,10,11,5,-1,5,11,12,-1,5,12,4,-1,13,14,15,-1,16,4,17,-1,17,4,18,-1,16,19,4,-1,4,19,20,-1,4,20,9,-1,13,15,5,-1,5,15,21,-1,5,21,10,-1,22,2,23,-1,23,2,6,-1,24,25,26,-1,22,23,27,-1,26,22,24,-1,24,22,27,-1,24,27,28,-1,28,27,29,-1,28,30,31,-1,30,28,32,-1,32,28,29,-1,32,29,33,-1,33,29,34,-1,33,34,35,-1,35,36,33,-1,33,36,37,-1,33,37,38,-1,28,39,40,-1,40,39,41,-1,31,42,28,-1,28,42,43,-1,28,43,39,-1,44,45,46,-1,47,48,25,-1,25,48,49,-1,50,0,51,-1,51,0,26,-1,51,26,52,-1,53,54,55,-1,56,1,55,-1,55,1,0,-1,55,0,53,-1,53,0,50,-1,26,25,52,-1,52,25,49,-1,52,49,57,-1,57,49,58,-1,57,58,46,-1,46,58,47,-1,46,47,44,-1,44,47,25,-1,44,25,59,-1,59,25,1,-1,59,1,60,-1,60,1,56,-1,53,61,54,-1,54,61,62,-1,54,62,60,-1,60,62,63,-1,60,63,59,-1,22,26,2,-1,2,26,0,-1,
        ]
    }
}
Shape{
    appearance Appearance {
        material  Material 	{
            diffuseColor 0.25098039215686274 0.25098039215686274 0.25098039215686274
            specularColor 0.12549019607843137 0.12549019607843137 0.12549019607843137
            ambientIntensity 0.251
            transparency 0.0
            shininess 0.5
        }
    }
    geometry IndexedFaceSet {
        ccw TRUE
        solid FALSE
        coord DEF co Coordinate {
            point [
                -1.2992 -3.2437 0.2953, -1.1811 -3.2437 0.2953, -1.2992 -3.2437 0.8465, -1.1811 -3.2437 0.9646, -1.9882 -3.2437 0.8465, -1.8701 -3.2437 0.9646, -1.9882 -3.2437 1.5551, -1.8701 -3.2437 1.6732, -2.5787 -3.2437 1.5551, -2.4606 -3.2437 1.6732, -2.5787 -3.2437 4.7441, -2.4606 -3.2437 4.626, 2.5788 -3.2437 4.7441, 2.4606 -3.2437 4.626, 2.5788 -3.2437 1.5551, 2.4606 -3.2437 1.6732, 1.9882 -3.2437 1.5551, 1.8701 -3.2437 1.6732, 1.9882 -3.2437 0.8465, 1.8701 -3.2437 0.9646, 1.2992 -3.2437 0.8465, 1.1811 -3.2437 0.9646, 1.2992 -3.2437 0.2953, 1.1811 -3.2437 0.2953, 2.5788 -3.2831 1.5551, 1.9882 -3.2831 1.5551, 1.9882 -3.2831 0.8465, 1.2992 -3.2831 0.8465, 1.2992 -3.2831 0.2953, -1.2992 -3.2831 0.2953, -1.1811 -3.165 0.2953, 1.1811 -3.165 0.2953, -1.2992 -3.2831 0.8465, -1.9882 -3.2831 0.8465, -1.9882 -3.2831 1.5551, -2.5787 -3.2831 1.5551, -2.5787 -3.2831 4.7441, 2.5788 -3.2831 4.7441, 1.1811 2.6224 0.9646, 1.8701 2.6224 0.9646, 1.8701 2.6224 1.8701, 2.4606 2.6224 1.8701, 2.4606 2.6224 4.626, -2.4606 2.6224 4.626, -1.8701 2.6224 1.8701, -1.8701 2.6224 0.9646, -1.1811 2.6224 0.9646, -1.1811 2.6224 0.4134, 1.1811 2.6224 0.4134, -2.4606 2.6224 1.8701, -2.4606 2.4256 1.6732, -1.8701 2.4256 1.6732, -1.1811 -3.0469 0.4134, 1.1811 -3.0469 0.4134, 1.8701 2.4256 1.6732, 2.4606 2.4256 1.6732
            ]
        }
        coordIndex [
            0,1,2,-1,2,1,3,-1,2,3,4,-1,4,3,5,-1,4,5,6,-1,6,5,7,-1,6,7,8,-1,8,7,9,-1,8,9,10,-1,10,9,11,-1,10,11,12,-1,12,11,13,-1,12,13,14,-1,14,13,15,-1,14,15,16,-1,16,15,17,-1,16,17,18,-1,18,17,19,-1,18,19,20,-1,20,19,21,-1,20,21,22,-1,22,21,23,-1,14,16,24,-1,24,16,25,-1,16,18,25,-1,25,18,26,-1,18,20,26,-1,26,20,27,-1,20,22,27,-1,27,22,28,-1,29,28,23,-1,23,28,22,-1,0,29,1,-1,1,29,23,-1,1,23,30,-1,30,23,31,-1,0,2,29,-1,29,2,32,-1,2,4,32,-1,32,4,33,-1,4,6,33,-1,33,6,34,-1,6,8,34,-1,34,8,35,-1,8,10,35,-1,35,10,36,-1,10,12,36,-1,36,12,37,-1,12,14,37,-1,37,14,24,-1,38,39,40,-1,41,42,40,-1,40,42,43,-1,44,45,46,-1,46,47,48,-1,48,38,46,-1,46,38,40,-1,46,40,44,-1,44,40,43,-1,44,43,49,-1,43,42,11,-1,11,42,13,-1,9,50,11,-1,11,50,49,-1,11,49,43,-1,50,9,51,-1,51,9,7,-1,7,5,51,-1,51,5,45,-1,51,45,44,-1,46,45,3,-1,3,45,5,-1,47,46,52,-1,52,46,3,-1,52,3,30,-1,30,3,1,-1,53,48,52,-1,52,48,47,-1,31,23,53,-1,53,23,21,-1,53,21,48,-1,48,21,38,-1,39,38,19,-1,19,38,21,-1,19,17,39,-1,39,17,54,-1,39,54,40,-1,54,17,55,-1,55,17,15,-1,55,15,41,-1,41,15,13,-1,41,13,42,-1,52,30,53,-1,53,30,31,-1,
        ]
    }
}
Shape{
    appearance Appearance {
        material  Material 	{
            diffuseColor 0.0 0.5019607843137255 0.0
            specularColor 0.0 0.25098039215686274 0.0
            ambientIntensity 0.2947
            transparency 0.0
            shininess 0.5
        }
    }
    geometry IndexedFaceSet {
        ccw TRUE
        solid FALSE
        coord DEF co Coordinate {
            point [
                -2.7412 -3.2791 0.4318, -2.7412 -3.2791 0.9436, -2.7412 -3.2831 0.4318, -2.7412 -3.2831 0.9436, -2.1002 -3.2791 0.9436, -2.1002 -3.2831 0.9436, -2.1002 -3.2791 0.4318, -2.1002 -3.2831 0.4318
            ]
        }
        coordIndex [
            0,1,2,-1,2,1,3,-1,1,4,3,-1,3,4,5,-1,4,6,5,-1,5,6,7,-1,6,0,7,-1,7,0,2,-1,6,4,0,-1,0,4,1,-1,
        ]
    }
}
Shape{
    appearance Appearance {
        material  Material 	{
            diffuseColor 1.0 1.0 0.0
            specularColor 0.5019607843137255 0.5019607843137255 0.0
            ambientIntensity 0.886
            transparency 0.0
            shininess 0.5
        }
    }
    geometry IndexedFaceSet {
        ccw TRUE
        solid FALSE
        coord DEF co Coordinate {
            point [
                2.7412 -3.2791 0.4318, 2.1003 -3.2791 0.4318, 2.7412 -3.2831 0.4318, 2.1003 -3.2831 0.4318, 2.1003 -3.2791 0.9436, 2.1003 -3.2831 0.9436, 2.7412 -3.2791 0.9436, 2.7412 -3.2831 0.9436
            ]
        }
        coordIndex [
            0,1,2,-1,2,1,3,-1,1,4,3,-1,3,4,5,-1,4,6,5,-1,5,6,7,-1,6,0,7,-1,7,0,2,-1,6,4,0,-1,0,4,1,-1,
        ]
    }
}
Shape{
    appearance Appearance {
        material  Material 	{
            diffuseColor 0.25098039215686274 0.25098039215686274 0.25098039215686274
            specularColor 0.12549019607843137 0.12549019607843137 0.12549019607843137
            ambientIntensity 0.251
            transparency 0.0
            shininess 0.5
        }
    }
    geometry IndexedFaceSet {
        ccw TRUE
        solid FALSE
        coord DEF co Coordinate {
            point [
                3.0906 5.024 0.0984, -3.0905 5.024 0.0984, 3.0906 5.024 0.0197, -3.0905 5.024 0.0197, -3.0905 2.4453 0.0197, -3.0905 1.9728 0.0197, -3.0905 2.4453 -0.9842, -3.0905 1.9728 -0.9842, -3.0905 -3.2043 0.0984, -3.0905 -3.2043 0.0197, -3.0905 -2.0921 0.0984, -3.0905 2.4748 0.0984, -3.0905 4.0083 0.0984, -3.0905 1.9778 -1.0281, -3.0905 1.9923 -1.0697, -3.0905 2.0158 -1.107, -3.0905 2.0469 -1.1382, -3.0905 2.0843 -1.1616, -3.0905 2.1259 -1.1762, -3.0905 2.1697 -1.1811, -3.0905 2.2484 -1.1811, -3.0905 2.2922 -1.1762, -3.0905 2.3338 -1.1616, -3.0905 2.3712 -1.1382, -3.0905 2.4403 -1.0281, -3.0905 2.4023 -1.107, -3.0905 2.4258 -1.0697, 3.0906 -3.2043 0.0984, 3.0906 -3.2043 0.0197, 3.0906 1.9728 0.0197, 3.0906 2.4453 0.0197, 3.0906 1.9728 -0.9842, 3.0906 2.4453 -0.9842, 3.0906 4.0083 0.0984, 3.0906 2.4748 0.0984, 3.0906 -2.0921 0.0984, 3.0906 2.4403 -1.0281, 3.0906 2.4258 -1.0697, 3.0906 2.2484 -1.1811, 3.0906 2.4023 -1.107, 3.0906 2.3712 -1.1382, 3.0906 2.2922 -1.1762, 3.0906 2.3338 -1.1616, 3.0906 2.1697 -1.1811, 3.0906 2.0158 -1.107, 3.0906 1.9923 -1.0697, 3.0906 2.0469 -1.1382, 3.0906 2.1259 -1.1762, 3.0906 2.0843 -1.1616, 3.0906 1.9778 -1.0281, 2.7399 1.0553 0.0984, 2.7399 0.9612 0.0984, 2.7399 1.0553 -1.1024, 2.7399 0.9612 -1.1024, 2.1247 0.883 -1.1811, 2.0635 0.9307 -1.1811, 2.1247 1.1335 -1.1811, 2.3753 0.883 -1.1811, 2.2037 0.7507 -1.1811, 2.1724 0.8217 -1.1811, 2.2105 1.4198 -1.1811, 2.2895 1.4198 -1.1811, 2.2167 1.3424 -1.1811, 2.2833 1.3424 -1.1811, 2.2037 1.2658 -1.1811, 2.2963 1.2658 -1.1811, 2.2895 0.5968 -1.1811, 2.2105 0.5968 -1.1811, 2.2833 0.6742 -1.1811, 2.2167 0.6742 -1.1811, 2.2963 0.7507 -1.1811, 2.3276 0.8217 -1.1811, 2.4365 0.9307 -1.1811, 2.1724 1.1948 -1.1811, 2.3276 1.1948 -1.1811, 2.3753 1.1335 -1.1811, 2.4365 1.0858 -1.1811, 2.5076 1.0545 -1.1811, 1.8385 0.9688 -1.1811, 1.8385 1.0478 -1.1811, 1.9159 0.9749 -1.1811, 1.9159 1.0416 -1.1811, 1.9924 0.962 -1.1811, 1.9924 1.0545 -1.1811, 2.0635 1.0858 -1.1811, 2.6615 1.0478 -1.1811, 2.6615 0.9688 -1.1811, 2.5841 1.0416 -1.1811, 2.5841 0.9749 -1.1811, 2.5076 0.962 -1.1811, -2.0635 1.0858 -1.1811, -1.9924 1.0545 -1.1811, -2.0635 0.9307 -1.1811, -2.2963 0.7507 -1.1811, -2.2037 0.7507 -1.1811, -2.2833 0.6742 -1.1811, -2.2167 0.6742 -1.1811, -2.2895 0.5968 -1.1811, -2.2105 0.5968 -1.1811, -2.2963 1.2658 -1.1811, -2.2833 1.3424 -1.1811, -2.2895 1.4198 -1.1811, -2.2105 1.4198 -1.1811, -2.2167 1.3424 -1.1811, -2.5076 0.962 -1.1811, -2.4365 1.0858 -1.1811, -2.4365 0.9307 -1.1811, -2.3753 1.1335 -1.1811, -2.2037 1.2658 -1.1811, -2.1724 1.1948 -1.1811, -2.1247 1.1335 -1.1811, -1.8385 1.0478 -1.1811, -1.8385 0.9688 -1.1811, -1.9159 1.0416 -1.1811, -1.9159 0.9749 -1.1811, -1.9924 0.962 -1.1811, -2.3276 1.1948 -1.1811, -2.3753 0.883 -1.1811, -2.3276 0.8217 -1.1811, -2.1247 0.883 -1.1811, -2.1724 0.8217 -1.1811, -2.6615 0.9688 -1.1811, -2.6615 1.0478 -1.1811, -2.5841 0.9749 -1.1811, -2.5841 1.0416 -1.1811, -2.5076 1.0545 -1.1811, 2.3666 0.6126 0.0984, 2.3666 0.6126 -1.1024, 2.362 0.6707 0.0984, 2.362 0.6707 -1.1024, 2.3717 0.7281 0.0984, 2.3717 0.7281 -1.1024, 2.3952 0.7814 0.0984, 2.3952 0.7814 -1.1024, 2.6456 0.8916 -1.1024, 2.6456 0.8916 0.0984, 2.5876 0.8963 -1.1024, 2.5876 0.8963 0.0984, 2.5302 0.8866 -1.1024, 2.5302 0.8866 0.0984, 2.4769 0.8631 -1.1024, 2.4769 0.8631 0.0984, 2.431 0.8273 -1.1024, 2.431 0.8273 0.0984, 2.4299 0.826 0.0984, 1.8544 0.8916 0.0984, 1.8544 0.8916 -1.1024, 1.9124 0.8963 0.0984, 1.9124 0.8963 -1.1024, 1.9698 0.8866 0.0984, 1.9698 0.8866 -1.1024, 1.9998 0.8734 0.0984, 2.0231 0.8631 -1.1024, 2.1334 0.6126 -1.1024, 2.1334 0.6126 0.0984, 2.138 0.6707 -1.1024, 2.138 0.6707 0.0984, 2.1283 0.7281 -1.1024, 2.1283 0.7281 0.0984, 2.1048 0.7814 -1.1024, 2.1048 0.7814 0.0984, 2.0691 0.8273 -1.1024, 2.0691 0.8273 0.0984, 2.0231 0.8631 0.0984, 2.1334 1.4039 0.0984, 2.1334 1.4039 -1.1024, 2.138 1.3458 0.0984, 2.138 1.3458 -1.1024, 2.1283 1.2884 0.0984, 2.1283 1.2884 -1.1024, 2.1048 1.2351 0.0984, 2.1048 1.2351 -1.1024, 2.0691 1.1892 0.0984, 2.0691 1.1892 -1.1024, 2.0231 1.1534 0.0984, 2.0231 1.1534 -1.1024, 1.9998 1.1432 0.0984, 1.9698 1.13 -1.1024, 1.8544 1.1249 -1.1024, 1.8544 1.1249 0.0984, 1.9124 1.1203 -1.1024, 1.9124 1.1203 0.0984, 1.9698 1.13 0.0984, 2.6456 1.1249 0.0984, 2.6456 1.1249 -1.1024, 2.5876 1.1203 0.0984, 2.5876 1.1203 -1.1024, 2.5302 1.13 0.0984, 2.5302 1.13 -1.1024, 2.4769 1.1534 0.0984, 2.4769 1.1534 -1.1024, 2.431 1.1892 0.0984, 2.431 1.1892 -1.1024, 2.4299 1.1905 0.0984, 2.3952 1.2351 -1.1024, 2.3666 1.4039 -1.1024, 2.3666 1.4039 0.0984, 2.362 1.3458 -1.1024, 2.362 1.3458 0.0984, 2.3717 1.2884 -1.1024, 2.3717 1.2884 0.0984, 2.3952 1.2351 0.0984, 2.7276 0.9259 0.0984, 2.7359 0.9429 -1.1024, 2.7359 0.9429 0.0984, 2.7244 0.9222 0.0984, 2.7155 0.9115 -1.1024, 2.7276 0.9259 -1.1024, 2.7155 0.9115 0.0984, 2.7004 0.9003 0.0984, 2.7004 0.9003 -1.1024, 2.683 0.893 0.0984, 2.683 0.893 -1.1024, 2.6644 0.8901 0.0984, 2.6644 0.8901 -1.1024, 2.297 0.5184 -0.0591, 2.297 0.5184 -1.1024, 2.3154 0.5224 -1.1024, 2.3468 0.5428 0.0197, 2.3484 0.5445 0.0197, 2.358 0.5579 0.0984, 2.3484 0.5445 -0.0591, 2.3468 0.5428 0.0984, 2.3323 0.5307 0.0984, 2.3323 0.5307 0.0197, 2.3154 0.5224 0.0984, 2.3154 0.5224 0.0197, 2.297 0.5184 0.0984, 2.297 0.5184 0.0197, 2.3154 0.5224 -0.0591, 2.3323 0.5307 -1.1024, 2.3323 0.5307 -0.0591, 2.3468 0.5428 -1.1024, 2.3468 0.5428 -0.0591, 2.358 0.5579 -1.1024, 2.3653 0.5753 -1.1024, 2.3653 0.5753 0.0984, 2.3682 0.5939 -1.1024, 2.3682 0.5939 0.0984, 2.364 0.6121 -1.1227, 2.3593 0.6708 -1.1227, 2.3563 0.6105 -1.1417, 2.3515 0.6712 -1.1417, 2.344 0.608 -1.158, 2.339 0.6717 -1.158, 2.3281 0.6047 -1.1706, 2.3227 0.6724 -1.1706, 2.3095 0.6009 -1.1784, 2.3037 0.6733 -1.1784, 2.3158 0.7448 -1.1784, 2.3451 0.8113 -1.1784, 2.3897 0.8686 -1.1784, 2.447 0.9132 -1.1784, 2.5134 0.9425 -1.1784, 2.585 0.9546 -1.1784, 2.6574 0.9488 -1.1784, 2.334 0.7394 -1.1706, 2.3614 0.8016 -1.1706, 2.4031 0.8552 -1.1706, 2.4567 0.8969 -1.1706, 2.5189 0.9243 -1.1706, 2.5859 0.9356 -1.1706, 2.6536 0.9302 -1.1706, 2.3496 0.7347 -1.158, 2.3754 0.7932 -1.158, 2.4147 0.8436 -1.158, 2.4651 0.8829 -1.158, 2.5236 0.9086 -1.158, 2.5866 0.9193 -1.158, 2.6503 0.9142 -1.158, 2.3616 0.7311 -1.1417, 2.3861 0.7868 -1.1417, 2.4235 0.8348 -1.1417, 2.4715 0.8722 -1.1417, 2.5272 0.8967 -1.1417, 2.5871 0.9068 -1.1417, 2.6478 0.902 -1.1417, 2.3691 0.7289 -1.1227, 2.3929 0.7828 -1.1227, 2.4291 0.8292 -1.1227, 2.4755 0.8654 -1.1227, 2.5294 0.8891 -1.1227, 2.5875 0.899 -1.1227, 2.6462 0.8943 -1.1227, 2.6623 0.9484 -1.1784, 2.6671 0.9492 -1.1784, 2.6716 0.951 -1.1784, 2.6755 0.9539 -1.1784, 2.6786 0.9577 -1.1784, 2.6807 0.9621 -1.1784, 2.6818 0.9668 -1.1784, 2.7007 0.965 -1.1706, 2.6987 0.9558 -1.1706, 2.7169 0.9635 -1.158, 2.7141 0.9504 -1.158, 2.7294 0.9623 -1.1417, 2.7259 0.9463 -1.1417, 2.7372 0.9615 -1.1227, 2.7333 0.9437 -1.1227, 2.7253 0.9274 -1.1227, 2.7137 0.9134 -1.1227, 2.699 0.9026 -1.1227, 2.6823 0.8956 -1.1227, 2.6643 0.8928 -1.1227, 2.7187 0.9317 -1.1417, 2.7083 0.9192 -1.1417, 2.6952 0.9095 -1.1417, 2.6801 0.9032 -1.1417, 2.664 0.9006 -1.1417, 2.7082 0.9385 -1.158, 2.6997 0.9283 -1.158, 2.689 0.9203 -1.158, 2.6767 0.9152 -1.158, 2.6635 0.9131 -1.158, 2.6945 0.9474 -1.1706, 2.6885 0.9401 -1.1706, 2.6809 0.9345 -1.1706, 2.6722 0.9309 -1.1706, 2.6629 0.9294 -1.1706, 2.2962 0.5775 -1.1784, 2.2915 0.5765 -1.1784, 2.3006 0.5797 -1.1784, 2.3043 0.5828 -1.1784, 2.3072 0.5867 -1.1784, 2.3091 0.5912 -1.1784, 2.3099 0.596 -1.1784, 2.3288 0.5953 -1.1706, 2.3451 0.5947 -1.158, 2.3576 0.5943 -1.1417, 2.3655 0.594 -1.1227, 2.3627 0.576 -1.1227, 2.3557 0.5592 -1.1227, 2.3448 0.5446 -1.1227, 2.3309 0.533 -1.1227, 2.3145 0.525 -1.1227, 2.2968 0.5211 -1.1227, 2.3551 0.5782 -1.1417, 2.3488 0.5631 -1.1417, 2.3391 0.55 -1.1417, 2.3266 0.5396 -1.1417, 2.312 0.5324 -1.1417, 2.296 0.5289 -1.1417, 2.3431 0.5816 -1.158, 2.3379 0.5693 -1.158, 2.33 0.5586 -1.158, 2.3198 0.5501 -1.158, 2.3078 0.5442 -1.158, 2.2948 0.5413 -1.158, 2.3274 0.586 -1.1706, 2.3237 0.5773 -1.1706, 2.3182 0.5698 -1.1706, 2.3109 0.5637 -1.1706, 2.3025 0.5596 -1.1706, 2.2933 0.5576 -1.1706, 2.7372 1.055 -1.1227, 2.7294 1.0543 -1.1417, 2.7169 1.0531 -1.158, 2.7007 1.0515 -1.1706, 2.6818 1.0497 -1.1784, 2.7359 1.0737 -1.1024, 2.7359 1.0737 0.0984, 2.7276 1.0906 -1.1024, 2.7276 1.0906 0.0984, 2.7244 1.0944 0.0984, 2.7155 1.1051 -1.1024, 2.7155 1.1051 0.0984, 2.7004 1.1162 -1.1024, 2.7004 1.1162 0.0984, 2.683 1.1235 -1.1024, 2.683 1.1235 0.0984, 2.6644 1.1264 -1.1024, 2.6644 1.1264 0.0984, 2.203 0.5184 0.0197, 2.203 0.5184 0.0984, 2.1846 0.5224 0.0984, 2.1846 0.5224 0.0197, 2.1677 0.5307 0.0984, 2.1677 0.5307 0.0197, 2.1532 0.5428 0.0984, 2.1532 0.5428 0.0197, 2.1532 0.5428 -0.0591, 2.1516 0.5445 -0.0591, 2.142 0.5579 -1.1024, 2.1516 0.5445 0.0197, 2.142 0.5579 0.0984, 2.1532 0.5428 -1.1024, 2.1677 0.5307 -1.1024, 2.1677 0.5307 -0.0591, 2.1846 0.5224 -1.1024, 2.1846 0.5224 -0.0591, 2.203 0.5184 -1.1024, 2.203 0.5184 -0.0591, 2.1348 0.5753 0.0984, 2.1348 0.5753 -1.1024, 2.1318 0.5939 0.0984, 2.1318 0.5939 -1.1024, 2.2032 0.5211 -1.1227, 2.204 0.5289 -1.1417, 2.2052 0.5413 -1.158, 2.2068 0.5576 -1.1706, 2.2086 0.5765 -1.1784, 2.6807 1.0545 -1.1784, 2.6786 1.0588 -1.1784, 2.6755 1.0626 -1.1784, 2.6716 1.0655 -1.1784, 2.6671 1.0674 -1.1784, 2.6623 1.0681 -1.1784, 2.6574 1.0677 -1.1784, 2.6536 1.0863 -1.1706, 2.6629 1.0871 -1.1706, 2.6503 1.1023 -1.158, 2.6635 1.1034 -1.158, 2.6478 1.1145 -1.1417, 2.664 1.1159 -1.1417, 2.6462 1.1223 -1.1227, 2.6643 1.1238 -1.1227, 2.6823 1.1209 -1.1227, 2.699 1.1139 -1.1227, 2.7137 1.1031 -1.1227, 2.7253 1.0891 -1.1227, 2.7333 1.0728 -1.1227, 2.6801 1.1134 -1.1417, 2.6952 1.1071 -1.1417, 2.7083 1.0974 -1.1417, 2.7187 1.0849 -1.1417, 2.7259 1.0702 -1.1417, 2.6767 1.1013 -1.158, 2.689 1.0962 -1.158, 2.6997 1.0883 -1.158, 2.7082 1.078 -1.158, 2.7141 1.0661 -1.158, 2.6722 1.0856 -1.1706, 2.6809 1.082 -1.1706, 2.6885 1.0764 -1.1706, 2.6945 1.0692 -1.1706, 2.6987 1.0607 -1.1706, 2.1901 0.596 -1.1784, 2.1906 0.6009 -1.1784, 2.1909 0.5912 -1.1784, 2.1928 0.5867 -1.1784, 2.1957 0.5828 -1.1784, 2.1994 0.5797 -1.1784, 2.2038 0.5775 -1.1784, 2.1976 0.5596 -1.1706, 2.1922 0.5442 -1.158, 2.1881 0.5324 -1.1417, 2.1855 0.525 -1.1227, 2.1691 0.533 -1.1227, 2.1552 0.5446 -1.1227, 2.1444 0.5592 -1.1227, 2.1373 0.576 -1.1227, 2.1345 0.594 -1.1227, 2.136 0.6121 -1.1227, 2.1734 0.5396 -1.1417, 2.1609 0.55 -1.1417, 2.1512 0.5631 -1.1417, 2.1449 0.5782 -1.1417, 2.1424 0.5943 -1.1417, 2.1437 0.6105 -1.1417, 2.1802 0.5501 -1.158, 2.17 0.5586 -1.158, 2.1621 0.5693 -1.158, 2.157 0.5816 -1.158, 2.1549 0.5947 -1.158, 2.156 0.608 -1.158, 2.1891 0.5637 -1.1706, 2.1819 0.5698 -1.1706, 2.1763 0.5773 -1.1706, 2.1726 0.586 -1.1706, 2.1712 0.5953 -1.1706, 2.172 0.6047 -1.1706, 2.5875 1.1176 -1.1227, 2.5871 1.1097 -1.1417, 2.5866 1.0972 -1.158, 2.5859 1.0809 -1.1706, 2.585 1.062 -1.1784, 2.5134 1.0741 -1.1784, 2.447 1.1033 -1.1784, 2.3897 1.148 -1.1784, 2.3451 1.2052 -1.1784, 2.3158 1.2717 -1.1784, 2.3037 1.3433 -1.1784, 2.3095 1.4157 -1.1784, 2.5189 1.0923 -1.1706, 2.4567 1.1196 -1.1706, 2.4031 1.1614 -1.1706, 2.3614 1.215 -1.1706, 2.334 1.2771 -1.1706, 2.3227 1.3441 -1.1706, 2.3281 1.4118 -1.1706, 2.5236 1.1079 -1.158, 2.4651 1.1336 -1.158, 2.4147 1.1729 -1.158, 2.3754 1.2233 -1.158, 2.3496 1.2818 -1.158, 2.339 1.3448 -1.158, 2.344 1.4085 -1.158, 2.5272 1.1199 -1.1417, 2.4715 1.1444 -1.1417, 2.4235 1.1818 -1.1417, 2.3861 1.2297 -1.1417, 2.3616 1.2854 -1.1417, 2.3515 1.3454 -1.1417, 2.3563 1.406 -1.1417, 2.5294 1.1274 -1.1227, 2.4755 1.1511 -1.1227, 2.4291 1.1873 -1.1227, 2.3929 1.2338 -1.1227, 2.3691 1.2877 -1.1227, 2.3593 1.3457 -1.1227, 2.364 1.4044 -1.1227, 2.297 1.4981 0.0197, 2.297 1.4981 0.0984, 2.3154 1.4941 0.0984, 2.3154 1.4941 0.0197, 2.3323 1.4858 0.0984, 2.3323 1.4858 0.0197, 2.3468 1.4738 0.0984, 2.3468 1.4738 0.0197, 2.3468 1.4738 -0.0591, 2.3484 1.472 -0.0591, 2.358 1.4586 -1.1024, 2.3484 1.472 0.0197, 2.358 1.4586 0.0984, 2.3468 1.4738 -1.1024, 2.3323 1.4858 -1.1024, 2.3323 1.4858 -0.0591, 2.3154 1.4941 -1.1024, 2.3154 1.4941 -0.0591, 2.297 1.4981 -1.1024, 2.297 1.4981 -0.0591, 2.3653 1.4413 0.0984, 2.3653 1.4413 -1.1024, 2.3682 1.4226 0.0984, 2.3682 1.4226 -1.1024, 1.7601 0.9612 0.0984, 1.7601 0.9612 -1.1024, 1.7642 0.9429 -1.1024, 1.7642 0.9429 0.0984, 1.7724 0.9259 -1.1024, 1.7724 0.9259 0.0984, 1.7845 0.9115 -1.1024, 1.7845 0.9115 0.0984, 1.7997 0.9003 -1.1024, 1.7997 0.9003 0.0984, 1.817 0.893 -1.1024, 1.817 0.893 0.0984, 1.8356 0.8901 -1.1024, 1.8356 0.8901 0.0984, 1.8539 0.8943 -1.1227, 1.9126 0.899 -1.1227, 1.8523 0.902 -1.1417, 1.9129 0.9068 -1.1417, 1.8497 0.9142 -1.158, 1.9134 0.9193 -1.158, 1.8465 0.9302 -1.1706, 1.9142 0.9356 -1.1706, 1.8426 0.9488 -1.1784, 1.915 0.9546 -1.1784, 1.9866 0.9425 -1.1784, 2.053 0.9132 -1.1784, 2.1103 0.8686 -1.1784, 2.1549 0.8113 -1.1784, 2.1842 0.7448 -1.1784, 2.1963 0.6733 -1.1784, 1.9811 0.9243 -1.1706, 2.0433 0.8969 -1.1706, 2.0969 0.8552 -1.1706, 2.1386 0.8016 -1.1706, 2.166 0.7394 -1.1706, 2.1773 0.6724 -1.1706, 1.9765 0.9086 -1.158, 2.035 0.8829 -1.158, 2.0854 0.8436 -1.158, 2.1246 0.7932 -1.158, 2.1504 0.7347 -1.158, 2.1611 0.6717 -1.158, 1.9729 0.8967 -1.1417, 2.0285 0.8722 -1.1417, 2.0765 0.8348 -1.1417, 2.1139 0.7868 -1.1417, 2.1384 0.7311 -1.1417, 2.1486 0.6712 -1.1417, 1.9706 0.8891 -1.1227, 2.0245 0.8654 -1.1227, 2.071 0.8292 -1.1227, 2.1071 0.7828 -1.1227, 2.1309 0.7289 -1.1227, 2.1407 0.6708 -1.1227, 2.3099 1.4205 -1.1784, 2.3091 1.4253 -1.1784, 2.3072 1.4298 -1.1784, 2.3043 1.4337 -1.1784, 2.3006 1.4369 -1.1784, 2.2962 1.439 -1.1784, 2.2915 1.44 -1.1784, 2.2933 1.459 -1.1706, 2.3025 1.4569 -1.1706, 2.2948 1.4752 -1.158, 2.3078 1.4723 -1.158, 2.296 1.4876 -1.1417, 2.312 1.4842 -1.1417, 2.2968 1.4955 -1.1227, 2.3145 1.4916 -1.1227, 2.3309 1.4836 -1.1227, 2.3448 1.4719 -1.1227, 2.3557 1.4573 -1.1227, 2.3627 1.4405 -1.1227, 2.3655 1.4226 -1.1227, 2.3266 1.477 -1.1417, 2.3391 1.4665 -1.1417, 2.3488 1.4534 -1.1417, 2.3551 1.4384 -1.1417, 2.3576 1.4223 -1.1417, 2.3198 1.4665 -1.158, 2.33 1.458 -1.158, 2.3379 1.4472 -1.158, 2.3431 1.435 -1.158, 2.3451 1.4218 -1.158, 2.3109 1.4528 -1.1706, 2.3182 1.4468 -1.1706, 2.3237 1.4392 -1.1706, 2.3274 1.4305 -1.1706, 2.3288 1.4212 -1.1706, 1.8193 0.9621 -1.1784, 1.8182 0.9668 -1.1784, 1.8214 0.9577 -1.1784, 1.8245 0.9539 -1.1784, 1.8285 0.951 -1.1784, 1.833 0.9492 -1.1784, 1.8378 0.9484 -1.1784, 1.8371 0.9294 -1.1706, 1.8365 0.9131 -1.158, 1.836 0.9006 -1.1417, 1.8357 0.8928 -1.1227, 1.8178 0.8956 -1.1227, 1.801 0.9026 -1.1227, 1.7863 0.9134 -1.1227, 1.7747 0.9274 -1.1227, 1.7667 0.9437 -1.1227, 1.7628 0.9615 -1.1227, 1.8199 0.9032 -1.1417, 1.8049 0.9095 -1.1417, 1.7917 0.9192 -1.1417, 1.7813 0.9317 -1.1417, 1.7741 0.9463 -1.1417, 1.7706 0.9623 -1.1417, 1.8233 0.9152 -1.158, 1.811 0.9203 -1.158, 1.8003 0.9283 -1.158, 1.7918 0.9385 -1.158, 1.7859 0.9504 -1.158, 1.7831 0.9635 -1.158, 1.8278 0.9309 -1.1706, 1.8191 0.9345 -1.1706, 1.8115 0.9401 -1.1706, 1.8055 0.9474 -1.1706, 1.8013 0.9558 -1.1706, 1.7993 0.965 -1.1706, 2.203 1.4981 -1.1024, 2.2032 1.4955 -1.1227, 2.204 1.4876 -1.1417, 2.2052 1.4752 -1.158, 2.2068 1.459 -1.1706, 2.2086 1.44 -1.1784, 2.203 1.4981 -0.0591, 2.1846 1.4941 -1.1024, 2.1532 1.4738 0.0197, 2.1516 1.472 0.0197, 2.142 1.4586 0.0984, 2.1516 1.472 -0.0591, 2.1532 1.4738 0.0984, 2.1677 1.4858 0.0984, 2.1677 1.4858 0.0197, 2.1846 1.4941 0.0984, 2.1846 1.4941 0.0197, 2.203 1.4981 0.0984, 2.203 1.4981 0.0197, 2.1846 1.4941 -0.0591, 2.1677 1.4858 -1.1024, 2.1677 1.4858 -0.0591, 2.1532 1.4738 -1.1024, 2.1532 1.4738 -0.0591, 2.142 1.4586 -1.1024, 2.1348 1.4413 -1.1024, 2.1348 1.4413 0.0984, 2.1318 1.4226 -1.1024, 2.1318 1.4226 0.0984, 1.7601 1.0553 -1.1024, 1.7601 1.0553 0.0984, 1.7642 1.0737 0.0984, 1.7642 1.0737 -1.1024, 1.7724 1.0906 0.0984, 1.7724 1.0906 -1.1024, 1.7845 1.1051 0.0984, 1.7845 1.1051 -1.1024, 1.7997 1.1162 0.0984, 1.7997 1.1162 -1.1024, 1.817 1.1235 0.0984, 1.817 1.1235 -1.1024, 1.8356 1.1264 0.0984, 1.8356 1.1264 -1.1024, 1.7628 1.055 -1.1227, 1.7706 1.0543 -1.1417, 1.7831 1.0531 -1.158, 1.7993 1.0515 -1.1706, 1.8182 1.0497 -1.1784, 2.2038 1.439 -1.1784, 2.1994 1.4369 -1.1784, 2.1957 1.4337 -1.1784, 2.1928 1.4298 -1.1784, 2.1909 1.4253 -1.1784, 2.1901 1.4205 -1.1784, 2.1906 1.4157 -1.1784, 2.172 1.4118 -1.1706, 2.1712 1.4212 -1.1706, 2.156 1.4085 -1.158, 2.1549 1.4218 -1.158, 2.1437 1.406 -1.1417, 2.1424 1.4223 -1.1417, 2.136 1.4044 -1.1227, 2.1345 1.4226 -1.1227, 2.1373 1.4405 -1.1227, 2.1444 1.4573 -1.1227, 2.1552 1.4719 -1.1227, 2.1691 1.4836 -1.1227, 2.1855 1.4916 -1.1227, 2.1449 1.4384 -1.1417, 2.1512 1.4534 -1.1417, 2.1609 1.4665 -1.1417, 2.1734 1.477 -1.1417, 2.1881 1.4842 -1.1417, 2.157 1.435 -1.158, 2.1621 1.4472 -1.158, 2.17 1.458 -1.158, 2.1802 1.4665 -1.158, 2.1922 1.4723 -1.158, 2.1726 1.4305 -1.1706, 2.1763 1.4392 -1.1706, 2.1819 1.4468 -1.1706, 2.1891 1.4528 -1.1706, 2.1976 1.4569 -1.1706, 1.8378 1.0681 -1.1784, 1.8426 1.0677 -1.1784, 1.833 1.0674 -1.1784, 1.8285 1.0655 -1.1784, 1.8245 1.0626 -1.1784, 1.8214 1.0588 -1.1784, 1.8193 1.0545 -1.1784, 1.8013 1.0607 -1.1706, 1.7859 1.0661 -1.158, 1.7741 1.0702 -1.1417, 1.7667 1.0728 -1.1227, 1.7747 1.0891 -1.1227, 1.7863 1.1031 -1.1227, 1.801 1.1139 -1.1227, 1.8178 1.1209 -1.1227, 1.8357 1.1238 -1.1227, 1.8539 1.1223 -1.1227, 1.7813 1.0849 -1.1417, 1.7917 1.0974 -1.1417, 1.8049 1.1071 -1.1417, 1.8199 1.1134 -1.1417, 1.836 1.1159 -1.1417, 1.8523 1.1145 -1.1417, 1.7918 1.078 -1.158, 1.8003 1.0883 -1.158, 1.811 1.0962 -1.158, 1.8233 1.1013 -1.158, 1.8365 1.1034 -1.158, 1.8497 1.1023 -1.158, 1.8055 1.0692 -1.1706, 1.8115 1.0764 -1.1706, 1.8191 1.082 -1.1706, 1.8278 1.0856 -1.1706, 1.8371 1.0871 -1.1706, 1.8465 1.0863 -1.1706, 2.1407 1.3457 -1.1227, 2.1486 1.3454 -1.1417, 2.1611 1.3448 -1.158, 2.1773 1.3441 -1.1706, 2.1963 1.3433 -1.1784, 2.1842 1.2717 -1.1784, 2.1549 1.2052 -1.1784, 2.1103 1.148 -1.1784, 2.053 1.1033 -1.1784, 1.9866 1.0741 -1.1784, 1.915 1.062 -1.1784, 2.166 1.2771 -1.1706, 2.1386 1.215 -1.1706, 2.0969 1.1614 -1.1706, 2.0433 1.1196 -1.1706, 1.9811 1.0923 -1.1706, 1.9142 1.0809 -1.1706, 2.1504 1.2818 -1.158, 2.1246 1.2233 -1.158, 2.0854 1.1729 -1.158, 2.035 1.1336 -1.158, 1.9765 1.1079 -1.158, 1.9134 1.0972 -1.158, 2.1384 1.2854 -1.1417, 2.1139 1.2297 -1.1417, 2.0765 1.1818 -1.1417, 2.0285 1.1444 -1.1417, 1.9729 1.1199 -1.1417, 1.9129 1.1097 -1.1417, 2.1309 1.2877 -1.1227, 2.1071 1.2338 -1.1227, 2.071 1.1873 -1.1227, 2.0245 1.1511 -1.1227, 1.9706 1.1274 -1.1227, 1.9126 1.1176 -1.1227, -2.6456 0.8916 0.0984, -2.6456 0.8916 -1.1024, -2.5876 0.8963 0.0984, -2.5876 0.8963 -1.1024, -2.5302 0.8866 0.0984, -2.5302 0.8866 -1.1024, -2.4769 0.8631 0.0984, -2.4769 0.8631 -1.1024, -2.4309 0.8273 0.0984, -2.4309 0.8273 -1.1024, -2.4301 0.8262 0.0984, -2.3952 0.7814 -1.1024, -2.3666 0.6126 -1.1024, -2.3666 0.6126 0.0984, -2.362 0.6707 -1.1024, -2.362 0.6707 0.0984, -2.3717 0.7281 -1.1024, -2.3717 0.7281 0.0984, -2.3952 0.7814 0.0984, -2.1334 0.6126 0.0984, -2.1334 0.6126 -1.1024, -2.138 0.6707 0.0984, -2.138 0.6707 -1.1024, -2.1283 0.7281 0.0984, -2.1283 0.7281 -1.1024, -2.1048 0.7814 0.0984, -2.1048 0.7814 -1.1024, -2.069 0.8273 0.0984, -2.069 0.8273 -1.1024, -2.0231 0.8631 0.0984, -2.0231 0.8631 -1.1024, -2.0002 0.8732 0.0984, -1.9698 0.8866 -1.1024, -1.8544 0.8916 -1.1024, -1.8544 0.8916 0.0984, -1.9124 0.8963 -1.1024, -1.9124 0.8963 0.0984, -1.9698 0.8866 0.0984, -1.8544 1.1249 0.0984, -1.8544 1.1249 -1.1024, -1.9124 1.1203 0.0984, -1.9124 1.1203 -1.1024, -1.9698 1.13 0.0984, -1.9698 1.13 -1.1024, -2.0002 1.1433 0.0984, -2.0231 1.1534 -1.1024, -2.1334 1.4039 -1.1024, -2.1334 1.4039 0.0984, -2.138 1.3458 -1.1024, -2.138 1.3458 0.0984, -2.1283 1.2884 -1.1024, -2.1283 1.2884 0.0984, -2.1048 1.2351 -1.1024, -2.1048 1.2351 0.0984, -2.069 1.1892 -1.1024, -2.069 1.1892 0.0984, -2.0231 1.1534 0.0984, -2.3666 1.4039 0.0984, -2.3666 1.4039 -1.1024, -2.362 1.3458 0.0984, -2.362 1.3458 -1.1024, -2.3717 1.2884 0.0984, -2.3717 1.2884 -1.1024, -2.3952 1.2351 0.0984, -2.3952 1.2351 -1.1024, -2.6456 1.1249 -1.1024, -2.6456 1.1249 0.0984, -2.5876 1.1203 -1.1024, -2.5876 1.1203 0.0984, -2.5302 1.13 -1.1024, -2.5302 1.13 0.0984, -2.4769 1.1534 -1.1024, -2.4769 1.1534 0.0984, -2.4309 1.1892 -1.1024, -2.4309 1.1892 0.0984, -2.4301 1.1903 0.0984, -1.8356 1.1264 0.0984, -1.8356 1.1264 -1.1024, -1.817 1.1235 0.0984, -1.817 1.1235 -1.1024, -1.7996 1.1162 0.0984, -1.7996 1.1162 -1.1024, -1.7845 1.1051 0.0984, -1.7845 1.1051 -1.1024, -1.7724 1.0906 0.0984, -1.7724 1.0906 -1.1024, -1.7641 1.0737 0.0984, -1.7641 1.0737 -1.1024, -1.7601 1.0553 0.0984, -1.7601 1.0553 -1.1024, -1.8356 0.8901 -1.1024, -1.8356 0.8901 0.0984, -1.817 0.893 -1.1024, -1.817 0.893 0.0984, -1.7996 0.9003 -1.1024, -1.7996 0.9003 0.0984, -1.7845 0.9115 -1.1024, -1.7845 0.9115 0.0984, -1.7724 0.9259 -1.1024, -1.7724 0.9259 0.0984, -1.7641 0.9429 -1.1024, -1.7641 0.9429 0.0984, -1.7601 0.9612 -1.1024, -1.7601 0.9612 0.0984, -1.7628 1.055 -1.1227, -1.7628 0.9615 -1.1227, -1.7706 1.0543 -1.1417, -1.7706 0.9623 -1.1417, -1.7831 1.0531 -1.158, -1.7831 0.9635 -1.158, -1.7993 1.0515 -1.1706, -1.7993 0.965 -1.1706, -1.8182 1.0497 -1.1784, -1.8182 0.9668 -1.1784, -1.8193 1.0545 -1.1784, -1.8214 1.0588 -1.1784, -1.8245 1.0626 -1.1784, -1.8284 1.0655 -1.1784, -1.8329 1.0674 -1.1784, -1.8377 1.0681 -1.1784, -1.8426 1.0677 -1.1784, -1.8464 1.0863 -1.1706, -1.8371 1.0871 -1.1706, -1.8497 1.1023 -1.158, -1.8365 1.1034 -1.158, -1.8522 1.1145 -1.1417, -1.836 1.1159 -1.1417, -1.8538 1.1223 -1.1227, -1.8357 1.1238 -1.1227, -1.8177 1.1209 -1.1227, -1.801 1.1139 -1.1227, -1.7863 1.1031 -1.1227, -1.7747 1.0891 -1.1227, -1.7667 1.0728 -1.1227, -1.8199 1.1134 -1.1417, -1.8048 1.1071 -1.1417, -1.7917 1.0974 -1.1417, -1.7813 1.0849 -1.1417, -1.7741 1.0702 -1.1417, -1.8233 1.1013 -1.158, -1.811 1.0962 -1.158, -1.8003 1.0883 -1.158, -1.7918 1.078 -1.158, -1.7859 1.0661 -1.158, -1.8277 1.0856 -1.1706, -1.8191 1.082 -1.1706, -1.8115 1.0764 -1.1706, -1.8055 1.0692 -1.1706, -1.8013 1.0607 -1.1706, -1.8377 0.9484 -1.1784, -1.8426 0.9488 -1.1784, -1.8329 0.9492 -1.1784, -1.8284 0.951 -1.1784, -1.8245 0.9539 -1.1784, -1.8214 0.9577 -1.1784, -1.8193 0.9621 -1.1784, -1.8013 0.9558 -1.1706, -1.7859 0.9504 -1.158, -1.7741 0.9463 -1.1417, -1.7667 0.9437 -1.1227, -1.7747 0.9274 -1.1227, -1.7863 0.9134 -1.1227, -1.801 0.9026 -1.1227, -1.8177 0.8956 -1.1227, -1.8357 0.8928 -1.1227, -1.8538 0.8943 -1.1227, -1.7813 0.9317 -1.1417, -1.7917 0.9192 -1.1417, -1.8048 0.9095 -1.1417, -1.8199 0.9032 -1.1417, -1.836 0.9006 -1.1417, -1.8522 0.902 -1.1417, -1.7918 0.9385 -1.158, -1.8003 0.9283 -1.158, -1.811 0.9203 -1.158, -1.8233 0.9152 -1.158, -1.8365 0.9131 -1.158, -1.8497 0.9142 -1.158, -1.8055 0.9474 -1.1706, -1.8115 0.9401 -1.1706, -1.8191 0.9345 -1.1706, -1.8277 0.9309 -1.1706, -1.8371 0.9294 -1.1706, -1.8464 0.9302 -1.1706, -1.9125 1.1176 -1.1227, -1.9129 1.1097 -1.1417, -1.9134 1.0972 -1.158, -1.9141 1.0809 -1.1706, -1.915 1.062 -1.1784, -1.9866 1.0741 -1.1784, -2.053 1.1033 -1.1784, -2.1103 1.148 -1.1784, -2.1549 1.2052 -1.1784, -2.1842 1.2717 -1.1784, -2.1963 1.3433 -1.1784, -2.1905 1.4157 -1.1784, -1.9811 1.0923 -1.1706, -2.0433 1.1196 -1.1706, -2.0969 1.1614 -1.1706, -2.1386 1.215 -1.1706, -2.166 1.2771 -1.1706, -2.1773 1.3441 -1.1706, -2.1719 1.4118 -1.1706, -1.9764 1.1079 -1.158, -2.0349 1.1336 -1.158, -2.0853 1.1729 -1.158, -2.1246 1.2233 -1.158, -2.1504 1.2818 -1.158, -2.161 1.3448 -1.158, -2.156 1.4085 -1.158, -1.9728 1.1199 -1.1417, -2.0285 1.1444 -1.1417, -2.0765 1.1818 -1.1417, -2.1139 1.2297 -1.1417, -2.1384 1.2854 -1.1417, -2.1485 1.3454 -1.1417, -2.1437 1.406 -1.1417, -1.9706 1.1274 -1.1227, -2.0245 1.1511 -1.1227, -2.0709 1.1873 -1.1227, -2.1071 1.2338 -1.1227, -2.1309 1.2877 -1.1227, -2.1407 1.3457 -1.1227, -2.136 1.4044 -1.1227, -2.136 0.6121 -1.1227, -2.1407 0.6708 -1.1227, -2.1437 0.6105 -1.1417, -2.1485 0.6712 -1.1417, -2.156 0.608 -1.158, -2.161 0.6717 -1.158, -2.1719 0.6047 -1.1706, -2.1773 0.6724 -1.1706, -2.1905 0.6009 -1.1784, -2.1963 0.6733 -1.1784, -2.1842 0.7448 -1.1784, -2.1549 0.8113 -1.1784, -2.1103 0.8686 -1.1784, -2.053 0.9132 -1.1784, -1.9866 0.9425 -1.1784, -1.915 0.9546 -1.1784, -2.166 0.7394 -1.1706, -2.1386 0.8016 -1.1706, -2.0969 0.8552 -1.1706, -2.0433 0.8969 -1.1706, -1.9811 0.9243 -1.1706, -1.9141 0.9356 -1.1706, -2.1504 0.7347 -1.158, -2.1246 0.7932 -1.158, -2.0853 0.8436 -1.158, -2.0349 0.8829 -1.158, -1.9764 0.9086 -1.158, -1.9134 0.9193 -1.158, -2.1384 0.7311 -1.1417, -2.1139 0.7868 -1.1417, -2.0765 0.8348 -1.1417, -2.0285 0.8722 -1.1417, -1.9728 0.8967 -1.1417, -1.9129 0.9068 -1.1417, -2.1309 0.7289 -1.1227, -2.1071 0.7828 -1.1227, -2.0709 0.8292 -1.1227, -2.0245 0.8654 -1.1227, -1.9706 0.8891 -1.1227, -1.9125 0.899 -1.1227, -2.1901 1.4205 -1.1784, -2.1909 1.4253 -1.1784, -2.1928 1.4298 -1.1784, -2.1957 1.4337 -1.1784, -2.1994 1.4369 -1.1784, -2.2038 1.439 -1.1784, -2.2085 1.44 -1.1784, -2.2067 1.459 -1.1706, -2.1975 1.4569 -1.1706, -2.2052 1.4752 -1.158, -2.1922 1.4723 -1.158, -2.204 1.4876 -1.1417, -2.188 1.4842 -1.1417, -2.2032 1.4955 -1.1227, -2.1855 1.4916 -1.1227, -2.203 1.4981 -1.1024, -2.1846 1.4941 -1.1024, -2.1677 1.4858 -1.1024, -2.1691 1.4836 -1.1227, -2.1532 1.4738 -1.1024, -2.1552 1.4719 -1.1227, -2.142 1.4586 -1.1024, -2.1443 1.4573 -1.1227, -2.1347 1.4413 -1.1024, -2.1373 1.4405 -1.1227, -2.1318 1.4226 -1.1024, -2.1345 1.4226 -1.1227, -2.1734 1.477 -1.1417, -2.1609 1.4665 -1.1417, -2.1512 1.4534 -1.1417, -2.1449 1.4384 -1.1417, -2.1424 1.4223 -1.1417, -2.1802 1.4665 -1.158, -2.17 1.458 -1.158, -2.1621 1.4472 -1.158, -2.1569 1.435 -1.158, -2.1549 1.4218 -1.158, -2.1891 1.4528 -1.1706, -2.1818 1.4468 -1.1706, -2.1763 1.4392 -1.1706, -2.1726 1.4305 -1.1706, -2.1712 1.4212 -1.1706, -2.2038 0.5775 -1.1784, -2.2085 0.5765 -1.1784, -2.1994 0.5797 -1.1784, -2.1957 0.5828 -1.1784, -2.1928 0.5867 -1.1784, -2.1909 0.5912 -1.1784, -2.1901 0.596 -1.1784, -2.1712 0.5953 -1.1706, -2.1549 0.5947 -1.158, -2.1424 0.5943 -1.1417, -2.1345 0.594 -1.1227, -2.1318 0.5939 -1.1024, -2.1347 0.5753 -1.1024, -2.1373 0.576 -1.1227, -2.142 0.5579 -1.1024, -2.1443 0.5592 -1.1227, -2.1532 0.5428 -1.1024, -2.1552 0.5446 -1.1227, -2.1677 0.5307 -1.1024, -2.1691 0.533 -1.1227, -2.1846 0.5224 -1.1024, -2.1855 0.525 -1.1227, -2.203 0.5184 -1.1024, -2.2032 0.5211 -1.1227, -2.1449 0.5782 -1.1417, -2.1512 0.5631 -1.1417, -2.1609 0.55 -1.1417, -2.1734 0.5396 -1.1417, -2.188 0.5324 -1.1417, -2.204 0.5289 -1.1417, -2.1569 0.5816 -1.158, -2.1621 0.5693 -1.158, -2.17 0.5586 -1.158, -2.1802 0.5501 -1.158, -2.1922 0.5442 -1.158, -2.2052 0.5413 -1.158, -2.1726 0.586 -1.1706, -2.1763 0.5773 -1.1706, -2.1818 0.5698 -1.1706, -2.1891 0.5637 -1.1706, -2.1975 0.5596 -1.1706, -2.2067 0.5576 -1.1706, -2.297 1.4981 -1.1024, -2.2968 1.4955 -1.1227, -2.296 1.4876 -1.1417, -2.2948 1.4752 -1.158, -2.2932 1.459 -1.1706, -2.2914 1.44 -1.1784, -2.297 0.5184 -1.1024, -2.2968 0.5211 -1.1227, -2.296 0.5289 -1.1417, -2.2948 0.5413 -1.158, -2.2932 0.5576 -1.1706, -2.2914 0.5765 -1.1784, -2.2962 1.439 -1.1784, -2.3006 1.4369 -1.1784, -2.3043 1.4337 -1.1784, -2.3072 1.4298 -1.1784, -2.3091 1.4253 -1.1784, -2.3099 1.4205 -1.1784, -2.3094 1.4157 -1.1784, -2.328 1.4118 -1.1706, -2.3288 1.4212 -1.1706, -2.344 1.4085 -1.158, -2.3451 1.4218 -1.158, -2.3563 1.406 -1.1417, -2.3576 1.4223 -1.1417, -2.364 1.4044 -1.1227, -2.3655 1.4226 -1.1227, -2.3682 1.4226 -1.1024, -2.3652 1.4413 -1.1024, -2.3627 1.4405 -1.1227, -2.358 1.4586 -1.1024, -2.3556 1.4573 -1.1227, -2.3468 1.4738 -1.1024, -2.3448 1.4719 -1.1227, -2.3323 1.4858 -1.1024, -2.3309 1.4836 -1.1227, -2.3154 1.4941 -1.1024, -2.3145 1.4916 -1.1227, -2.3551 1.4384 -1.1417, -2.3488 1.4534 -1.1417, -2.3391 1.4665 -1.1417, -2.3266 1.477 -1.1417, -2.3119 1.4842 -1.1417, -2.343 1.435 -1.158, -2.3379 1.4472 -1.158, -2.33 1.458 -1.158, -2.3198 1.4665 -1.158, -2.3078 1.4723 -1.158, -2.3274 1.4305 -1.1706, -2.3237 1.4392 -1.1706, -2.3181 1.4468 -1.1706, -2.3109 1.4528 -1.1706, -2.3024 1.4569 -1.1706, -2.3099 0.596 -1.1784, -2.3094 0.6009 -1.1784, -2.3091 0.5912 -1.1784, -2.3072 0.5867 -1.1784, -2.3043 0.5828 -1.1784, -2.3006 0.5797 -1.1784, -2.2962 0.5775 -1.1784, -2.3024 0.5596 -1.1706, -2.3078 0.5442 -1.158, -2.3119 0.5324 -1.1417, -2.3145 0.525 -1.1227, -2.3154 0.5224 -1.1024, -2.3323 0.5307 -1.1024, -2.3309 0.533 -1.1227, -2.3468 0.5428 -1.1024, -2.3448 0.5446 -1.1227, -2.358 0.5579 -1.1024, -2.3556 0.5592 -1.1227, -2.3652 0.5753 -1.1024, -2.3627 0.576 -1.1227, -2.3682 0.5939 -1.1024, -2.3655 0.594 -1.1227, -2.364 0.6121 -1.1227, -2.3266 0.5396 -1.1417, -2.3391 0.55 -1.1417, -2.3488 0.5631 -1.1417, -2.3551 0.5782 -1.1417, -2.3576 0.5943 -1.1417, -2.3563 0.6105 -1.1417, -2.3198 0.5501 -1.158, -2.33 0.5586 -1.158, -2.3379 0.5693 -1.158, -2.343 0.5816 -1.158, -2.3451 0.5947 -1.158, -2.344 0.608 -1.158, -2.3109 0.5637 -1.1706, -2.3181 0.5698 -1.1706, -2.3237 0.5773 -1.1706, -2.3274 0.586 -1.1706, -2.3288 0.5953 -1.1706, -2.328 0.6047 -1.1706, -2.3593 1.3457 -1.1227, -2.3514 1.3454 -1.1417, -2.3389 1.3448 -1.158, -2.3227 1.3441 -1.1706, -2.3037 1.3433 -1.1784, -2.3158 1.2717 -1.1784, -2.3451 1.2052 -1.1784, -2.3897 1.148 -1.1784, -2.447 1.1033 -1.1784, -2.5134 1.0741 -1.1784, -2.585 1.062 -1.1784, -2.6574 1.0677 -1.1784, -2.334 1.2771 -1.1706, -2.3614 1.215 -1.1706, -2.4031 1.1614 -1.1706, -2.4567 1.1196 -1.1706, -2.5189 1.0923 -1.1706, -2.5858 1.0809 -1.1706, -2.6535 1.0863 -1.1706, -2.3496 1.2818 -1.158, -2.3754 1.2233 -1.158, -2.4146 1.1729 -1.158, -2.465 1.1336 -1.158, -2.5235 1.1079 -1.158, -2.5866 1.0972 -1.158, -2.6503 1.1023 -1.158, -2.3616 1.2854 -1.1417, -2.3861 1.2297 -1.1417, -2.4235 1.1818 -1.1417, -2.4715 1.1444 -1.1417, -2.5271 1.1199 -1.1417, -2.5871 1.1097 -1.1417, -2.6477 1.1145 -1.1417, -2.3691 1.2877 -1.1227, -2.3929 1.2338 -1.1227, -2.429 1.1873 -1.1227, -2.4755 1.1511 -1.1227, -2.5294 1.1274 -1.1227, -2.5874 1.1176 -1.1227, -2.6461 1.1223 -1.1227, -2.6644 1.1264 -1.1024, -2.6644 1.1264 0.0984, -2.683 1.1235 -1.1024, -2.683 1.1235 0.0984, -2.7003 1.1162 -1.1024, -2.7003 1.1162 0.0984, -2.7155 1.1051 -1.1024, -2.7155 1.1051 0.0984, -2.7276 1.0906 -1.1024, -2.7276 1.0906 0.0984, -2.7358 1.0737 -1.1024, -2.7358 1.0737 0.0984, -2.7399 1.0553 -1.1024, -2.7399 1.0553 0.0984, -2.6644 0.8901 0.0984, -2.6644 0.8901 -1.1024, -2.683 0.893 0.0984, -2.683 0.893 -1.1024, -2.7003 0.9003 0.0984, -2.7003 0.9003 -1.1024, -2.7155 0.9115 0.0984, -2.7155 0.9115 -1.1024, -2.7276 0.9259 0.0984, -2.7276 0.9259 -1.1024, -2.7358 0.9429 0.0984, -2.7358 0.9429 -1.1024, -2.7399 0.9612 0.0984, -2.7399 0.9612 -1.1024, -2.6461 0.8943 -1.1227, -2.5874 0.899 -1.1227, -2.6477 0.902 -1.1417, -2.5871 0.9068 -1.1417, -2.6503 0.9142 -1.158, -2.5866 0.9193 -1.158, -2.6535 0.9302 -1.1706, -2.5858 0.9356 -1.1706, -2.6574 0.9488 -1.1784, -2.585 0.9546 -1.1784, -2.5134 0.9425 -1.1784, -2.447 0.9132 -1.1784, -2.3897 0.8686 -1.1784, -2.3451 0.8113 -1.1784, -2.3158 0.7448 -1.1784, -2.3037 0.6733 -1.1784, -2.5189 0.9243 -1.1706, -2.4567 0.8969 -1.1706, -2.4031 0.8552 -1.1706, -2.3614 0.8016 -1.1706, -2.334 0.7394 -1.1706, -2.3227 0.6724 -1.1706, -2.5235 0.9086 -1.158, -2.465 0.8829 -1.158, -2.4146 0.8436 -1.158, -2.3754 0.7932 -1.158, -2.3496 0.7347 -1.158, -2.3389 0.6717 -1.158, -2.5271 0.8967 -1.1417, -2.4715 0.8722 -1.1417, -2.4235 0.8348 -1.1417, -2.3861 0.7868 -1.1417, -2.3616 0.7311 -1.1417, -2.3514 0.6712 -1.1417, -2.5294 0.8891 -1.1227, -2.4755 0.8654 -1.1227, -2.429 0.8292 -1.1227, -2.3929 0.7828 -1.1227, -2.3691 0.7289 -1.1227, -2.3593 0.6708 -1.1227, -2.6622 1.0681 -1.1784, -2.667 1.0674 -1.1784, -2.6715 1.0655 -1.1784, -2.6755 1.0626 -1.1784, -2.6786 1.0588 -1.1784, -2.6807 1.0545 -1.1784, -2.6818 1.0497 -1.1784, -2.7007 1.0515 -1.1706, -2.6987 1.0607 -1.1706, -2.7169 1.0531 -1.158, -2.7141 1.0661 -1.158, -2.7294 1.0543 -1.1417, -2.7259 1.0702 -1.1417, -2.7372 1.055 -1.1227, -2.7333 1.0728 -1.1227, -2.7253 1.0891 -1.1227, -2.7137 1.1031 -1.1227, -2.699 1.1139 -1.1227, -2.6822 1.1209 -1.1227, -2.6643 1.1238 -1.1227, -2.7187 1.0849 -1.1417, -2.7083 1.0974 -1.1417, -2.6951 1.1071 -1.1417, -2.6801 1.1134 -1.1417, -2.664 1.1159 -1.1417, -2.7082 1.078 -1.158, -2.6997 1.0883 -1.158, -2.689 1.0962 -1.158, -2.6767 1.1013 -1.158, -2.6635 1.1034 -1.158, -2.6945 1.0692 -1.1706, -2.6885 1.0764 -1.1706, -2.6809 1.082 -1.1706, -2.6722 1.0856 -1.1706, -2.6629 1.0871 -1.1706, -2.6807 0.9621 -1.1784, -2.6818 0.9668 -1.1784, -2.6786 0.9577 -1.1784, -2.6755 0.9539 -1.1784, -2.6715 0.951 -1.1784, -2.667 0.9492 -1.1784, -2.6622 0.9484 -1.1784, -2.6629 0.9294 -1.1706, -2.6635 0.9131 -1.158, -2.664 0.9006 -1.1417, -2.6643 0.8928 -1.1227, -2.6822 0.8956 -1.1227, -2.699 0.9026 -1.1227, -2.7137 0.9134 -1.1227, -2.7253 0.9274 -1.1227, -2.7333 0.9437 -1.1227, -2.7372 0.9615 -1.1227, -2.6801 0.9032 -1.1417, -2.6951 0.9095 -1.1417, -2.7083 0.9192 -1.1417, -2.7187 0.9317 -1.1417, -2.7259 0.9463 -1.1417, -2.7294 0.9623 -1.1417, -2.6767 0.9152 -1.158, -2.689 0.9203 -1.158, -2.6997 0.9283 -1.158, -2.7082 0.9385 -1.158, -2.7141 0.9504 -1.158, -2.7169 0.9635 -1.158, -2.6722 0.9309 -1.1706, -2.6809 0.9345 -1.1706, -2.6885 0.9401 -1.1706, -2.6945 0.9474 -1.1706, -2.6987 0.9558 -1.1706, -2.7007 0.965 -1.1706, 2.3484 2.9768 -0.0591, 2.1516 2.9768 -0.0591, 2.3484 2.9768 0.0197, 2.1516 2.9768 0.0197, 2.3484 -0.9602 0.0197, 2.3484 -0.9602 -0.0591, 2.1516 -0.9602 -0.0591, 2.1516 -0.9602 0.0197, -2.3484 -0.9602 -0.0591, -2.1516 -0.9602 -0.0591, -2.3484 -0.9602 0.0197, -2.1516 -0.9602 0.0197, -2.3154 0.5224 0.0197, -2.3323 0.5307 0.0197, -2.3468 0.5428 0.0197, -2.3484 0.5445 0.0197, -2.1677 0.5307 0.0197, -2.1532 0.5428 0.0197, -2.1516 0.5445 0.0197, -2.1846 0.5224 0.0197, -2.203 0.5184 0.0197, -2.297 0.5184 0.0197, -2.3323 0.5307 -0.0591, -2.3468 0.5428 -0.0591, -2.3484 0.5445 -0.0591, -2.1846 0.5224 -0.0591, -2.1677 0.5307 -0.0591, -2.1532 0.5428 -0.0591, -2.1516 0.5445 -0.0591, -2.3154 0.5224 -0.0591, -2.297 0.5184 -0.0591, -2.203 0.5184 -0.0591, -2.1516 2.9768 -0.0591, -2.1516 2.9768 0.0197, -2.1516 1.472 -0.0591, -2.1516 1.472 0.0197, -2.3484 2.9768 0.0197, -2.3484 2.9768 -0.0591, -2.3484 1.472 0.0197, -2.3484 1.472 -0.0591, -2.1677 1.4858 -0.0591, -2.1532 1.4738 -0.0591, -2.3154 1.4941 -0.0591, -2.3323 1.4858 -0.0591, -2.3468 1.4738 -0.0591, -2.1846 1.4941 -0.0591, -2.203 1.4981 -0.0591, -2.297 1.4981 -0.0591, -2.1846 1.4941 0.0197, -2.1677 1.4858 0.0197, -2.1532 1.4738 0.0197, -2.3323 1.4858 0.0197, -2.3468 1.4738 0.0197, -2.3154 1.4941 0.0197, -2.297 1.4981 0.0197, -2.203 1.4981 0.0197
            ]
        }
        coordIndex [
            0,1,2,-1,2,1,3,-1,4,5,6,-1,6,5,7,-1,8,9,10,-1,10,9,5,-1,10,5,11,-1,11,5,4,-1,11,4,12,-1,12,4,3,-1,12,3,1,-1,7,13,14,-1,14,15,7,-1,7,15,16,-1,7,16,17,-1,17,18,7,-1,7,18,19,-1,7,19,6,-1,6,19,20,-1,6,20,21,-1,21,22,6,-1,6,22,23,-1,6,23,24,-1,24,23,25,-1,24,25,26,-1,8,27,9,-1,9,27,28,-1,29,30,31,-1,31,30,32,-1,0,2,33,-1,33,2,30,-1,33,30,34,-1,34,30,29,-1,34,29,35,-1,35,29,28,-1,35,28,27,-1,36,37,38,-1,37,39,38,-1,38,39,40,-1,38,40,41,-1,41,40,42,-1,43,44,45,-1,44,43,46,-1,46,43,47,-1,46,47,48,-1,45,49,43,-1,43,49,31,-1,43,31,38,-1,38,31,32,-1,38,32,36,-1,50,51,52,-1,52,51,53,-1,54,55,56,-1,57,58,59,-1,60,61,62,-1,62,61,63,-1,62,63,64,-1,64,63,65,-1,66,67,68,-1,68,67,69,-1,68,69,70,-1,70,69,58,-1,70,58,71,-1,71,58,57,-1,59,54,57,-1,57,54,56,-1,57,56,72,-1,72,56,73,-1,72,73,64,-1,65,74,64,-1,64,74,75,-1,64,75,72,-1,72,75,76,-1,72,76,77,-1,78,79,80,-1,80,79,81,-1,80,81,82,-1,82,81,83,-1,82,83,55,-1,55,83,84,-1,55,84,56,-1,85,86,87,-1,87,86,88,-1,87,88,77,-1,77,88,89,-1,77,89,72,-1,90,91,92,-1,93,94,95,-1,95,94,96,-1,95,96,97,-1,97,96,98,-1,99,100,92,-1,101,102,100,-1,100,102,103,-1,104,105,106,-1,106,105,107,-1,103,108,100,-1,100,108,109,-1,100,109,92,-1,92,109,110,-1,92,110,90,-1,111,112,113,-1,113,112,114,-1,113,114,91,-1,91,114,115,-1,91,115,92,-1,107,116,106,-1,106,116,99,-1,106,99,117,-1,117,99,92,-1,117,92,118,-1,118,92,119,-1,118,119,93,-1,93,119,120,-1,93,120,94,-1,121,122,123,-1,123,122,124,-1,123,124,104,-1,104,124,125,-1,104,125,105,-1,126,127,128,-1,128,127,129,-1,128,129,130,-1,130,129,131,-1,130,131,132,-1,132,131,133,-1,134,135,136,-1,136,135,137,-1,136,137,138,-1,138,137,139,-1,138,139,140,-1,140,139,141,-1,140,141,142,-1,142,141,143,-1,142,143,133,-1,133,143,144,-1,133,144,132,-1,145,146,147,-1,147,146,148,-1,147,148,149,-1,149,148,150,-1,149,150,151,-1,151,150,152,-1,153,154,155,-1,155,154,156,-1,155,156,157,-1,157,156,158,-1,157,158,159,-1,159,158,160,-1,159,160,161,-1,161,160,162,-1,161,162,152,-1,152,162,163,-1,152,163,151,-1,164,165,166,-1,166,165,167,-1,166,167,168,-1,168,167,169,-1,168,169,170,-1,170,169,171,-1,170,171,172,-1,172,171,173,-1,172,173,174,-1,174,173,175,-1,174,175,176,-1,176,175,177,-1,178,179,180,-1,180,179,181,-1,180,181,177,-1,177,181,182,-1,177,182,176,-1,183,184,185,-1,185,184,186,-1,185,186,187,-1,187,186,188,-1,187,188,189,-1,189,188,190,-1,189,190,191,-1,191,190,192,-1,191,192,193,-1,193,192,194,-1,195,196,197,-1,197,196,198,-1,197,198,199,-1,199,198,200,-1,199,200,194,-1,194,200,201,-1,194,201,193,-1,202,203,204,-1,204,203,53,-1,204,53,51,-1,205,206,202,-1,202,206,207,-1,202,207,203,-1,205,208,206,-1,206,208,209,-1,206,209,210,-1,210,209,211,-1,210,211,212,-1,212,211,213,-1,212,213,214,-1,214,213,135,-1,214,135,134,-1,215,216,217,-1,218,219,220,-1,220,219,221,-1,220,222,218,-1,218,222,223,-1,218,223,224,-1,224,223,225,-1,224,225,226,-1,226,225,227,-1,226,227,228,-1,215,217,229,-1,229,217,230,-1,229,230,231,-1,231,230,232,-1,231,232,233,-1,233,232,221,-1,221,232,234,-1,221,234,220,-1,220,234,235,-1,220,235,236,-1,236,235,237,-1,236,237,238,-1,238,237,127,-1,238,127,126,-1,127,239,240,-1,239,241,242,-1,241,243,244,-1,243,245,246,-1,245,247,248,-1,247,66,68,-1,247,68,248,-1,248,68,70,-1,248,70,249,-1,249,70,71,-1,249,71,250,-1,250,71,57,-1,250,57,251,-1,251,57,72,-1,251,72,252,-1,252,72,89,-1,252,89,253,-1,253,89,88,-1,253,88,254,-1,254,88,86,-1,254,86,255,-1,245,248,246,-1,246,248,249,-1,246,249,256,-1,256,249,250,-1,256,250,257,-1,257,250,251,-1,257,251,258,-1,258,251,252,-1,258,252,259,-1,259,252,253,-1,259,253,260,-1,260,253,254,-1,260,254,261,-1,261,254,255,-1,261,255,262,-1,243,246,244,-1,244,246,256,-1,244,256,263,-1,263,256,257,-1,263,257,264,-1,264,257,258,-1,264,258,265,-1,265,258,259,-1,265,259,266,-1,266,259,260,-1,266,260,267,-1,267,260,261,-1,267,261,268,-1,268,261,262,-1,268,262,269,-1,241,244,242,-1,242,244,263,-1,242,263,270,-1,270,263,264,-1,270,264,271,-1,271,264,265,-1,271,265,272,-1,272,265,266,-1,272,266,273,-1,273,266,267,-1,273,267,274,-1,274,267,268,-1,274,268,275,-1,275,268,269,-1,275,269,276,-1,239,242,240,-1,240,242,270,-1,240,270,277,-1,277,270,271,-1,277,271,278,-1,278,271,272,-1,278,272,279,-1,279,272,273,-1,279,273,280,-1,280,273,274,-1,280,274,281,-1,281,274,275,-1,281,275,282,-1,282,275,276,-1,282,276,283,-1,127,240,129,-1,129,240,277,-1,129,277,131,-1,131,277,278,-1,131,278,133,-1,133,278,279,-1,133,279,142,-1,142,279,280,-1,142,280,140,-1,140,280,281,-1,140,281,138,-1,138,281,282,-1,138,282,136,-1,136,282,283,-1,136,283,134,-1,284,255,86,-1,284,86,285,-1,286,285,86,-1,287,286,86,-1,288,287,86,-1,289,288,86,-1,290,289,86,-1,290,291,292,-1,291,293,294,-1,293,295,296,-1,295,297,298,-1,297,53,203,-1,297,203,298,-1,298,203,207,-1,298,207,299,-1,299,207,206,-1,299,206,300,-1,300,206,210,-1,300,210,301,-1,301,210,212,-1,301,212,302,-1,302,212,214,-1,302,214,303,-1,303,214,134,-1,303,134,283,-1,295,298,296,-1,296,298,299,-1,296,299,304,-1,304,299,300,-1,304,300,305,-1,305,300,301,-1,305,301,306,-1,306,301,302,-1,306,302,307,-1,307,302,303,-1,307,303,308,-1,308,303,283,-1,308,283,276,-1,293,296,294,-1,294,296,304,-1,294,304,309,-1,309,304,305,-1,309,305,310,-1,310,305,306,-1,310,306,311,-1,311,306,307,-1,311,307,312,-1,312,307,308,-1,312,308,313,-1,313,308,276,-1,313,276,269,-1,291,294,292,-1,292,294,309,-1,292,309,314,-1,314,309,310,-1,314,310,315,-1,315,310,311,-1,315,311,316,-1,316,311,312,-1,316,312,317,-1,317,312,313,-1,317,313,318,-1,318,313,269,-1,318,269,262,-1,290,292,289,-1,289,292,314,-1,289,314,288,-1,288,314,315,-1,288,315,287,-1,287,315,316,-1,287,316,286,-1,286,316,317,-1,286,317,285,-1,285,317,318,-1,285,318,284,-1,284,318,262,-1,284,262,255,-1,319,320,66,-1,319,66,321,-1,322,321,66,-1,323,322,66,-1,324,323,66,-1,325,324,66,-1,247,325,66,-1,247,245,326,-1,245,243,327,-1,243,241,328,-1,241,239,329,-1,239,127,237,-1,239,237,329,-1,329,237,235,-1,329,235,330,-1,330,235,234,-1,330,234,331,-1,331,234,232,-1,331,232,332,-1,332,232,230,-1,332,230,333,-1,333,230,217,-1,333,217,334,-1,334,217,216,-1,334,216,335,-1,241,329,328,-1,328,329,330,-1,328,330,336,-1,336,330,331,-1,336,331,337,-1,337,331,332,-1,337,332,338,-1,338,332,333,-1,338,333,339,-1,339,333,334,-1,339,334,340,-1,340,334,335,-1,340,335,341,-1,243,328,327,-1,327,328,336,-1,327,336,342,-1,342,336,337,-1,342,337,343,-1,343,337,338,-1,343,338,344,-1,344,338,339,-1,344,339,345,-1,345,339,340,-1,345,340,346,-1,346,340,341,-1,346,341,347,-1,245,327,326,-1,326,327,342,-1,326,342,348,-1,348,342,343,-1,348,343,349,-1,349,343,344,-1,349,344,350,-1,350,344,345,-1,350,345,351,-1,351,345,346,-1,351,346,352,-1,352,346,347,-1,352,347,353,-1,247,326,325,-1,325,326,348,-1,325,348,324,-1,324,348,349,-1,324,349,323,-1,323,349,350,-1,323,350,322,-1,322,350,351,-1,322,351,321,-1,321,351,352,-1,321,352,319,-1,319,352,353,-1,319,353,320,-1,52,53,354,-1,354,53,297,-1,354,297,355,-1,355,297,295,-1,355,295,356,-1,356,295,293,-1,356,293,357,-1,357,293,291,-1,357,291,358,-1,358,291,290,-1,358,290,85,-1,85,290,86,-1,50,52,359,-1,50,359,360,-1,360,359,361,-1,360,361,362,-1,362,361,363,-1,363,361,364,-1,363,364,365,-1,365,364,366,-1,365,366,367,-1,367,366,368,-1,367,368,369,-1,369,368,370,-1,369,370,371,-1,371,370,184,-1,371,184,183,-1,372,373,374,-1,372,374,375,-1,375,374,376,-1,375,376,377,-1,377,376,378,-1,377,378,379,-1,380,381,382,-1,379,378,383,-1,383,378,384,-1,383,384,381,-1,382,385,380,-1,380,385,386,-1,380,386,387,-1,387,386,388,-1,387,388,389,-1,389,388,390,-1,389,390,391,-1,381,384,382,-1,382,384,392,-1,382,392,393,-1,393,392,394,-1,393,394,395,-1,395,394,154,-1,395,154,153,-1,216,390,335,-1,335,390,396,-1,335,396,341,-1,341,396,397,-1,341,397,347,-1,347,397,398,-1,347,398,353,-1,353,398,399,-1,353,399,320,-1,320,399,400,-1,320,400,66,-1,66,400,67,-1,401,358,85,-1,401,85,402,-1,403,402,85,-1,404,403,85,-1,405,404,85,-1,406,405,85,-1,407,406,85,-1,407,408,409,-1,408,410,411,-1,410,412,413,-1,412,414,415,-1,414,184,370,-1,414,370,415,-1,415,370,368,-1,415,368,416,-1,416,368,366,-1,416,366,417,-1,417,366,364,-1,417,364,418,-1,418,364,361,-1,418,361,419,-1,419,361,359,-1,419,359,420,-1,420,359,52,-1,420,52,354,-1,412,415,413,-1,413,415,416,-1,413,416,421,-1,421,416,417,-1,421,417,422,-1,422,417,418,-1,422,418,423,-1,423,418,419,-1,423,419,424,-1,424,419,420,-1,424,420,425,-1,425,420,354,-1,425,354,355,-1,410,413,411,-1,411,413,421,-1,411,421,426,-1,426,421,422,-1,426,422,427,-1,427,422,423,-1,427,423,428,-1,428,423,424,-1,428,424,429,-1,429,424,425,-1,429,425,430,-1,430,425,355,-1,430,355,356,-1,408,411,409,-1,409,411,426,-1,409,426,431,-1,431,426,427,-1,431,427,432,-1,432,427,428,-1,432,428,433,-1,433,428,429,-1,433,429,434,-1,434,429,430,-1,434,430,435,-1,435,430,356,-1,435,356,357,-1,407,409,406,-1,406,409,431,-1,406,431,405,-1,405,431,432,-1,405,432,404,-1,404,432,433,-1,404,433,403,-1,403,433,434,-1,403,434,402,-1,402,434,435,-1,402,435,401,-1,401,435,357,-1,401,357,358,-1,436,437,67,-1,436,67,438,-1,439,438,67,-1,440,439,67,-1,441,440,67,-1,442,441,67,-1,400,442,67,-1,400,399,443,-1,399,398,444,-1,398,397,445,-1,397,396,446,-1,396,390,388,-1,396,388,446,-1,446,388,386,-1,446,386,447,-1,447,386,385,-1,447,385,448,-1,448,385,382,-1,448,382,449,-1,449,382,393,-1,449,393,450,-1,450,393,395,-1,450,395,451,-1,451,395,153,-1,451,153,452,-1,397,446,445,-1,445,446,447,-1,445,447,453,-1,453,447,448,-1,453,448,454,-1,454,448,449,-1,454,449,455,-1,455,449,450,-1,455,450,456,-1,456,450,451,-1,456,451,457,-1,457,451,452,-1,457,452,458,-1,398,445,444,-1,444,445,453,-1,444,453,459,-1,459,453,454,-1,459,454,460,-1,460,454,455,-1,460,455,461,-1,461,455,456,-1,461,456,462,-1,462,456,457,-1,462,457,463,-1,463,457,458,-1,463,458,464,-1,399,444,443,-1,443,444,459,-1,443,459,465,-1,465,459,460,-1,465,460,466,-1,466,460,461,-1,466,461,467,-1,467,461,462,-1,467,462,468,-1,468,462,463,-1,468,463,469,-1,469,463,464,-1,469,464,470,-1,400,443,442,-1,442,443,465,-1,442,465,441,-1,441,465,466,-1,441,466,440,-1,440,466,467,-1,440,467,439,-1,439,467,468,-1,439,468,438,-1,438,468,469,-1,438,469,436,-1,436,469,470,-1,436,470,437,-1,184,414,471,-1,414,412,472,-1,412,410,473,-1,410,408,474,-1,408,407,475,-1,407,85,87,-1,407,87,475,-1,475,87,77,-1,475,77,476,-1,476,77,76,-1,476,76,477,-1,477,76,75,-1,477,75,478,-1,478,75,74,-1,478,74,479,-1,479,74,65,-1,479,65,480,-1,480,65,63,-1,480,63,481,-1,481,63,61,-1,481,61,482,-1,408,475,474,-1,474,475,476,-1,474,476,483,-1,483,476,477,-1,483,477,484,-1,484,477,478,-1,484,478,485,-1,485,478,479,-1,485,479,486,-1,486,479,480,-1,486,480,487,-1,487,480,481,-1,487,481,488,-1,488,481,482,-1,488,482,489,-1,410,474,473,-1,473,474,483,-1,473,483,490,-1,490,483,484,-1,490,484,491,-1,491,484,485,-1,491,485,492,-1,492,485,486,-1,492,486,493,-1,493,486,487,-1,493,487,494,-1,494,487,488,-1,494,488,495,-1,495,488,489,-1,495,489,496,-1,412,473,472,-1,472,473,490,-1,472,490,497,-1,497,490,491,-1,497,491,498,-1,498,491,492,-1,498,492,499,-1,499,492,493,-1,499,493,500,-1,500,493,494,-1,500,494,501,-1,501,494,495,-1,501,495,502,-1,502,495,496,-1,502,496,503,-1,414,472,471,-1,471,472,497,-1,471,497,504,-1,504,497,498,-1,504,498,505,-1,505,498,499,-1,505,499,506,-1,506,499,500,-1,506,500,507,-1,507,500,501,-1,507,501,508,-1,508,501,502,-1,508,502,509,-1,509,502,503,-1,509,503,510,-1,184,471,186,-1,186,471,504,-1,186,504,188,-1,188,504,505,-1,188,505,190,-1,190,505,506,-1,190,506,192,-1,192,506,507,-1,192,507,194,-1,194,507,508,-1,194,508,199,-1,199,508,509,-1,199,509,197,-1,197,509,510,-1,197,510,195,-1,511,512,513,-1,511,513,514,-1,514,513,515,-1,514,515,516,-1,516,515,517,-1,516,517,518,-1,519,520,521,-1,518,517,522,-1,522,517,523,-1,522,523,520,-1,521,524,519,-1,519,524,525,-1,519,525,526,-1,526,525,527,-1,526,527,528,-1,528,527,529,-1,528,529,530,-1,520,523,521,-1,521,523,531,-1,521,531,532,-1,532,531,533,-1,532,533,534,-1,534,533,196,-1,534,196,195,-1,535,536,537,-1,535,537,538,-1,538,537,539,-1,538,539,540,-1,540,539,541,-1,540,541,542,-1,542,541,543,-1,542,543,544,-1,544,543,545,-1,544,545,546,-1,546,545,547,-1,546,547,548,-1,548,547,146,-1,548,146,145,-1,146,549,550,-1,549,551,552,-1,551,553,554,-1,553,555,556,-1,555,557,558,-1,557,78,80,-1,557,80,558,-1,558,80,82,-1,558,82,559,-1,559,82,55,-1,559,55,560,-1,560,55,54,-1,560,54,561,-1,561,54,59,-1,561,59,562,-1,562,59,58,-1,562,58,563,-1,563,58,69,-1,563,69,564,-1,564,69,67,-1,564,67,437,-1,555,558,556,-1,556,558,559,-1,556,559,565,-1,565,559,560,-1,565,560,566,-1,566,560,561,-1,566,561,567,-1,567,561,562,-1,567,562,568,-1,568,562,563,-1,568,563,569,-1,569,563,564,-1,569,564,570,-1,570,564,437,-1,570,437,470,-1,553,556,554,-1,554,556,565,-1,554,565,571,-1,571,565,566,-1,571,566,572,-1,572,566,567,-1,572,567,573,-1,573,567,568,-1,573,568,574,-1,574,568,569,-1,574,569,575,-1,575,569,570,-1,575,570,576,-1,576,570,470,-1,576,470,464,-1,551,554,552,-1,552,554,571,-1,552,571,577,-1,577,571,572,-1,577,572,578,-1,578,572,573,-1,578,573,579,-1,579,573,574,-1,579,574,580,-1,580,574,575,-1,580,575,581,-1,581,575,576,-1,581,576,582,-1,582,576,464,-1,582,464,458,-1,549,552,550,-1,550,552,577,-1,550,577,583,-1,583,577,578,-1,583,578,584,-1,584,578,579,-1,584,579,585,-1,585,579,580,-1,585,580,586,-1,586,580,581,-1,586,581,587,-1,587,581,582,-1,587,582,588,-1,588,582,458,-1,588,458,452,-1,146,550,148,-1,148,550,583,-1,148,583,150,-1,150,583,584,-1,150,584,152,-1,152,584,585,-1,152,585,161,-1,161,585,586,-1,161,586,159,-1,159,586,587,-1,159,587,157,-1,157,587,588,-1,157,588,155,-1,155,588,452,-1,155,452,153,-1,589,482,61,-1,589,61,590,-1,591,590,61,-1,592,591,61,-1,593,592,61,-1,594,593,61,-1,595,594,61,-1,595,596,597,-1,596,598,599,-1,598,600,601,-1,600,602,603,-1,602,529,527,-1,602,527,603,-1,603,527,525,-1,603,525,604,-1,604,525,524,-1,604,524,605,-1,605,524,521,-1,605,521,606,-1,606,521,532,-1,606,532,607,-1,607,532,534,-1,607,534,608,-1,608,534,195,-1,608,195,510,-1,600,603,601,-1,601,603,604,-1,601,604,609,-1,609,604,605,-1,609,605,610,-1,610,605,606,-1,610,606,611,-1,611,606,607,-1,611,607,612,-1,612,607,608,-1,612,608,613,-1,613,608,510,-1,613,510,503,-1,598,601,599,-1,599,601,609,-1,599,609,614,-1,614,609,610,-1,614,610,615,-1,615,610,611,-1,615,611,616,-1,616,611,612,-1,616,612,617,-1,617,612,613,-1,617,613,618,-1,618,613,503,-1,618,503,496,-1,596,599,597,-1,597,599,614,-1,597,614,619,-1,619,614,615,-1,619,615,620,-1,620,615,616,-1,620,616,621,-1,621,616,617,-1,621,617,622,-1,622,617,618,-1,622,618,623,-1,623,618,496,-1,623,496,489,-1,595,597,594,-1,594,597,619,-1,594,619,593,-1,593,619,620,-1,593,620,592,-1,592,620,621,-1,592,621,591,-1,591,621,622,-1,591,622,590,-1,590,622,623,-1,590,623,589,-1,589,623,489,-1,589,489,482,-1,624,625,78,-1,624,78,626,-1,627,626,78,-1,628,627,78,-1,629,628,78,-1,630,629,78,-1,557,630,78,-1,557,555,631,-1,555,553,632,-1,553,551,633,-1,551,549,634,-1,549,146,547,-1,549,547,634,-1,634,547,545,-1,634,545,635,-1,635,545,543,-1,635,543,636,-1,636,543,541,-1,636,541,637,-1,637,541,539,-1,637,539,638,-1,638,539,537,-1,638,537,639,-1,639,537,536,-1,639,536,640,-1,551,634,633,-1,633,634,635,-1,633,635,641,-1,641,635,636,-1,641,636,642,-1,642,636,637,-1,642,637,643,-1,643,637,638,-1,643,638,644,-1,644,638,639,-1,644,639,645,-1,645,639,640,-1,645,640,646,-1,553,633,632,-1,632,633,641,-1,632,641,647,-1,647,641,642,-1,647,642,648,-1,648,642,643,-1,648,643,649,-1,649,643,644,-1,649,644,650,-1,650,644,645,-1,650,645,651,-1,651,645,646,-1,651,646,652,-1,555,632,631,-1,631,632,647,-1,631,647,653,-1,653,647,648,-1,653,648,654,-1,654,648,649,-1,654,649,655,-1,655,649,650,-1,655,650,656,-1,656,650,651,-1,656,651,657,-1,657,651,652,-1,657,652,658,-1,557,631,630,-1,630,631,653,-1,630,653,629,-1,629,653,654,-1,629,654,628,-1,628,654,655,-1,628,655,627,-1,627,655,656,-1,627,656,626,-1,626,656,657,-1,626,657,624,-1,624,657,658,-1,624,658,625,-1,659,529,660,-1,660,529,602,-1,660,602,661,-1,661,602,600,-1,661,600,662,-1,662,600,598,-1,662,598,663,-1,663,598,596,-1,663,596,664,-1,664,596,595,-1,664,595,60,-1,60,595,61,-1,665,659,666,-1,667,668,669,-1,669,668,670,-1,669,671,667,-1,667,671,672,-1,667,672,673,-1,673,672,674,-1,673,674,675,-1,675,674,676,-1,675,676,677,-1,665,666,678,-1,678,666,679,-1,678,679,680,-1,680,679,681,-1,680,681,682,-1,682,681,670,-1,670,681,683,-1,670,683,669,-1,669,683,684,-1,669,684,685,-1,685,684,686,-1,685,686,687,-1,687,686,165,-1,687,165,164,-1,688,689,690,-1,688,690,691,-1,691,690,692,-1,691,692,693,-1,693,692,694,-1,693,694,695,-1,695,694,696,-1,695,696,697,-1,697,696,698,-1,697,698,699,-1,699,698,700,-1,699,700,701,-1,701,700,179,-1,701,179,178,-1,536,688,640,-1,640,688,702,-1,640,702,646,-1,646,702,703,-1,646,703,652,-1,652,703,704,-1,652,704,658,-1,658,704,705,-1,658,705,625,-1,625,705,706,-1,625,706,78,-1,78,706,79,-1,707,664,60,-1,707,60,708,-1,709,708,60,-1,710,709,60,-1,711,710,60,-1,712,711,60,-1,713,712,60,-1,713,714,715,-1,714,716,717,-1,716,718,719,-1,718,720,721,-1,720,165,686,-1,720,686,721,-1,721,686,684,-1,721,684,722,-1,722,684,683,-1,722,683,723,-1,723,683,681,-1,723,681,724,-1,724,681,679,-1,724,679,725,-1,725,679,666,-1,725,666,726,-1,726,666,659,-1,726,659,660,-1,718,721,719,-1,719,721,722,-1,719,722,727,-1,727,722,723,-1,727,723,728,-1,728,723,724,-1,728,724,729,-1,729,724,725,-1,729,725,730,-1,730,725,726,-1,730,726,731,-1,731,726,660,-1,731,660,661,-1,716,719,717,-1,717,719,727,-1,717,727,732,-1,732,727,728,-1,732,728,733,-1,733,728,729,-1,733,729,734,-1,734,729,730,-1,734,730,735,-1,735,730,731,-1,735,731,736,-1,736,731,661,-1,736,661,662,-1,714,717,715,-1,715,717,732,-1,715,732,737,-1,737,732,733,-1,737,733,738,-1,738,733,734,-1,738,734,739,-1,739,734,735,-1,739,735,740,-1,740,735,736,-1,740,736,741,-1,741,736,662,-1,741,662,663,-1,713,715,712,-1,712,715,737,-1,712,737,711,-1,711,737,738,-1,711,738,710,-1,710,738,739,-1,710,739,709,-1,709,739,740,-1,709,740,708,-1,708,740,741,-1,708,741,707,-1,707,741,663,-1,707,663,664,-1,742,743,79,-1,742,79,744,-1,745,744,79,-1,746,745,79,-1,747,746,79,-1,748,747,79,-1,706,748,79,-1,706,705,749,-1,705,704,750,-1,704,703,751,-1,703,702,752,-1,702,688,691,-1,702,691,752,-1,752,691,693,-1,752,693,753,-1,753,693,695,-1,753,695,754,-1,754,695,697,-1,754,697,755,-1,755,697,699,-1,755,699,756,-1,756,699,701,-1,756,701,757,-1,757,701,178,-1,757,178,758,-1,703,752,751,-1,751,752,753,-1,751,753,759,-1,759,753,754,-1,759,754,760,-1,760,754,755,-1,760,755,761,-1,761,755,756,-1,761,756,762,-1,762,756,757,-1,762,757,763,-1,763,757,758,-1,763,758,764,-1,704,751,750,-1,750,751,759,-1,750,759,765,-1,765,759,760,-1,765,760,766,-1,766,760,761,-1,766,761,767,-1,767,761,762,-1,767,762,768,-1,768,762,763,-1,768,763,769,-1,769,763,764,-1,769,764,770,-1,705,750,749,-1,749,750,765,-1,749,765,771,-1,771,765,766,-1,771,766,772,-1,772,766,767,-1,772,767,773,-1,773,767,768,-1,773,768,774,-1,774,768,769,-1,774,769,775,-1,775,769,770,-1,775,770,776,-1,706,749,748,-1,748,749,771,-1,748,771,747,-1,747,771,772,-1,747,772,746,-1,746,772,773,-1,746,773,745,-1,745,773,774,-1,745,774,744,-1,744,774,775,-1,744,775,742,-1,742,775,776,-1,742,776,743,-1,165,720,777,-1,720,718,778,-1,718,716,779,-1,716,714,780,-1,714,713,781,-1,713,60,62,-1,713,62,781,-1,781,62,64,-1,781,64,782,-1,782,64,73,-1,782,73,783,-1,783,73,56,-1,783,56,784,-1,784,56,84,-1,784,84,785,-1,785,84,83,-1,785,83,786,-1,786,83,81,-1,786,81,787,-1,787,81,79,-1,787,79,743,-1,714,781,780,-1,780,781,782,-1,780,782,788,-1,788,782,783,-1,788,783,789,-1,789,783,784,-1,789,784,790,-1,790,784,785,-1,790,785,791,-1,791,785,786,-1,791,786,792,-1,792,786,787,-1,792,787,793,-1,793,787,743,-1,793,743,776,-1,716,780,779,-1,779,780,788,-1,779,788,794,-1,794,788,789,-1,794,789,795,-1,795,789,790,-1,795,790,796,-1,796,790,791,-1,796,791,797,-1,797,791,792,-1,797,792,798,-1,798,792,793,-1,798,793,799,-1,799,793,776,-1,799,776,770,-1,718,779,778,-1,778,779,794,-1,778,794,800,-1,800,794,795,-1,800,795,801,-1,801,795,796,-1,801,796,802,-1,802,796,797,-1,802,797,803,-1,803,797,798,-1,803,798,804,-1,804,798,799,-1,804,799,805,-1,805,799,770,-1,805,770,764,-1,720,778,777,-1,777,778,800,-1,777,800,806,-1,806,800,801,-1,806,801,807,-1,807,801,802,-1,807,802,808,-1,808,802,803,-1,808,803,809,-1,809,803,804,-1,809,804,810,-1,810,804,805,-1,810,805,811,-1,811,805,764,-1,811,764,758,-1,165,777,167,-1,167,777,806,-1,167,806,169,-1,169,806,807,-1,169,807,171,-1,171,807,808,-1,171,808,173,-1,173,808,809,-1,173,809,175,-1,175,809,810,-1,175,810,177,-1,177,810,811,-1,177,811,180,-1,180,811,758,-1,180,758,178,-1,812,813,814,-1,814,813,815,-1,814,815,816,-1,816,815,817,-1,816,817,818,-1,818,817,819,-1,818,819,820,-1,820,819,821,-1,820,821,822,-1,822,821,823,-1,824,825,826,-1,826,825,827,-1,826,827,828,-1,828,827,829,-1,828,829,823,-1,823,829,830,-1,823,830,822,-1,831,832,833,-1,833,832,834,-1,833,834,835,-1,835,834,836,-1,835,836,837,-1,837,836,838,-1,837,838,839,-1,839,838,840,-1,839,840,841,-1,841,840,842,-1,841,842,843,-1,843,842,844,-1,845,846,847,-1,847,846,848,-1,847,848,844,-1,844,848,849,-1,844,849,843,-1,850,851,852,-1,852,851,853,-1,852,853,854,-1,854,853,855,-1,854,855,856,-1,856,855,857,-1,858,859,860,-1,860,859,861,-1,860,861,862,-1,862,861,863,-1,862,863,864,-1,864,863,865,-1,864,865,866,-1,866,865,867,-1,866,867,857,-1,857,867,868,-1,857,868,856,-1,869,870,871,-1,871,870,872,-1,871,872,873,-1,873,872,874,-1,873,874,875,-1,875,874,876,-1,877,878,879,-1,879,878,880,-1,879,880,881,-1,881,880,882,-1,881,882,883,-1,883,882,884,-1,883,884,885,-1,885,884,886,-1,885,886,876,-1,876,886,887,-1,876,887,875,-1,851,850,888,-1,851,888,889,-1,889,888,890,-1,889,890,891,-1,891,890,892,-1,891,892,893,-1,893,892,894,-1,893,894,895,-1,895,894,896,-1,895,896,897,-1,897,896,898,-1,897,898,899,-1,899,898,900,-1,899,900,901,-1,846,845,902,-1,846,902,903,-1,903,902,904,-1,903,904,905,-1,905,904,906,-1,905,906,907,-1,907,906,908,-1,907,908,909,-1,909,908,910,-1,909,910,911,-1,911,910,912,-1,911,912,913,-1,913,912,914,-1,913,914,915,-1,901,914,916,-1,916,914,917,-1,916,917,918,-1,918,917,919,-1,918,919,920,-1,920,919,921,-1,920,921,922,-1,922,921,923,-1,922,923,924,-1,924,923,925,-1,924,925,111,-1,111,925,112,-1,926,924,111,-1,926,111,927,-1,928,927,111,-1,929,928,111,-1,930,929,111,-1,931,930,111,-1,932,931,111,-1,932,933,934,-1,933,935,936,-1,935,937,938,-1,937,939,940,-1,939,851,889,-1,939,889,940,-1,940,889,891,-1,940,891,941,-1,941,891,893,-1,941,893,942,-1,942,893,895,-1,942,895,943,-1,943,895,897,-1,943,897,944,-1,944,897,899,-1,944,899,945,-1,945,899,901,-1,945,901,916,-1,937,940,938,-1,938,940,941,-1,938,941,946,-1,946,941,942,-1,946,942,947,-1,947,942,943,-1,947,943,948,-1,948,943,944,-1,948,944,949,-1,949,944,945,-1,949,945,950,-1,950,945,916,-1,950,916,918,-1,935,938,936,-1,936,938,946,-1,936,946,951,-1,951,946,947,-1,951,947,952,-1,952,947,948,-1,952,948,953,-1,953,948,949,-1,953,949,954,-1,954,949,950,-1,954,950,955,-1,955,950,918,-1,955,918,920,-1,933,936,934,-1,934,936,951,-1,934,951,956,-1,956,951,952,-1,956,952,957,-1,957,952,953,-1,957,953,958,-1,958,953,954,-1,958,954,959,-1,959,954,955,-1,959,955,960,-1,960,955,920,-1,960,920,922,-1,932,934,931,-1,931,934,956,-1,931,956,930,-1,930,956,957,-1,930,957,929,-1,929,957,958,-1,929,958,928,-1,928,958,959,-1,928,959,927,-1,927,959,960,-1,927,960,926,-1,926,960,922,-1,926,922,924,-1,961,962,112,-1,961,112,963,-1,964,963,112,-1,965,964,112,-1,966,965,112,-1,967,966,112,-1,925,967,112,-1,925,923,968,-1,923,921,969,-1,921,919,970,-1,919,917,971,-1,917,914,912,-1,917,912,971,-1,971,912,910,-1,971,910,972,-1,972,910,908,-1,972,908,973,-1,973,908,906,-1,973,906,974,-1,974,906,904,-1,974,904,975,-1,975,904,902,-1,975,902,976,-1,976,902,845,-1,976,845,977,-1,919,971,970,-1,970,971,972,-1,970,972,978,-1,978,972,973,-1,978,973,979,-1,979,973,974,-1,979,974,980,-1,980,974,975,-1,980,975,981,-1,981,975,976,-1,981,976,982,-1,982,976,977,-1,982,977,983,-1,921,970,969,-1,969,970,978,-1,969,978,984,-1,984,978,979,-1,984,979,985,-1,985,979,980,-1,985,980,986,-1,986,980,981,-1,986,981,987,-1,987,981,982,-1,987,982,988,-1,988,982,983,-1,988,983,989,-1,923,969,968,-1,968,969,984,-1,968,984,990,-1,990,984,985,-1,990,985,991,-1,991,985,986,-1,991,986,992,-1,992,986,987,-1,992,987,993,-1,993,987,988,-1,993,988,994,-1,994,988,989,-1,994,989,995,-1,925,968,967,-1,967,968,990,-1,967,990,966,-1,966,990,991,-1,966,991,965,-1,965,991,992,-1,965,992,964,-1,964,992,993,-1,964,993,963,-1,963,993,994,-1,963,994,961,-1,961,994,995,-1,961,995,962,-1,851,939,996,-1,939,937,997,-1,937,935,998,-1,935,933,999,-1,933,932,1000,-1,932,111,113,-1,932,113,1000,-1,1000,113,91,-1,1000,91,1001,-1,1001,91,90,-1,1001,90,1002,-1,1002,90,110,-1,1002,110,1003,-1,1003,110,109,-1,1003,109,1004,-1,1004,109,108,-1,1004,108,1005,-1,1005,108,103,-1,1005,103,1006,-1,1006,103,102,-1,1006,102,1007,-1,933,1000,999,-1,999,1000,1001,-1,999,1001,1008,-1,1008,1001,1002,-1,1008,1002,1009,-1,1009,1002,1003,-1,1009,1003,1010,-1,1010,1003,1004,-1,1010,1004,1011,-1,1011,1004,1005,-1,1011,1005,1012,-1,1012,1005,1006,-1,1012,1006,1013,-1,1013,1006,1007,-1,1013,1007,1014,-1,935,999,998,-1,998,999,1008,-1,998,1008,1015,-1,1015,1008,1009,-1,1015,1009,1016,-1,1016,1009,1010,-1,1016,1010,1017,-1,1017,1010,1011,-1,1017,1011,1018,-1,1018,1011,1012,-1,1018,1012,1019,-1,1019,1012,1013,-1,1019,1013,1020,-1,1020,1013,1014,-1,1020,1014,1021,-1,937,998,997,-1,997,998,1015,-1,997,1015,1022,-1,1022,1015,1016,-1,1022,1016,1023,-1,1023,1016,1017,-1,1023,1017,1024,-1,1024,1017,1018,-1,1024,1018,1025,-1,1025,1018,1019,-1,1025,1019,1026,-1,1026,1019,1020,-1,1026,1020,1027,-1,1027,1020,1021,-1,1027,1021,1028,-1,939,997,996,-1,996,997,1022,-1,996,1022,1029,-1,1029,1022,1023,-1,1029,1023,1030,-1,1030,1023,1024,-1,1030,1024,1031,-1,1031,1024,1025,-1,1031,1025,1032,-1,1032,1025,1026,-1,1032,1026,1033,-1,1033,1026,1027,-1,1033,1027,1034,-1,1034,1027,1028,-1,1034,1028,1035,-1,851,996,853,-1,853,996,1029,-1,853,1029,855,-1,855,1029,1030,-1,855,1030,857,-1,857,1030,1031,-1,857,1031,866,-1,866,1031,1032,-1,866,1032,864,-1,864,1032,1033,-1,864,1033,862,-1,862,1033,1034,-1,862,1034,860,-1,860,1034,1035,-1,860,1035,858,-1,832,1036,1037,-1,1036,1038,1039,-1,1038,1040,1041,-1,1040,1042,1043,-1,1042,1044,1045,-1,1044,98,96,-1,1044,96,1045,-1,1045,96,94,-1,1045,94,1046,-1,1046,94,120,-1,1046,120,1047,-1,1047,120,119,-1,1047,119,1048,-1,1048,119,92,-1,1048,92,1049,-1,1049,92,115,-1,1049,115,1050,-1,1050,115,114,-1,1050,114,1051,-1,1051,114,112,-1,1051,112,962,-1,1042,1045,1043,-1,1043,1045,1046,-1,1043,1046,1052,-1,1052,1046,1047,-1,1052,1047,1053,-1,1053,1047,1048,-1,1053,1048,1054,-1,1054,1048,1049,-1,1054,1049,1055,-1,1055,1049,1050,-1,1055,1050,1056,-1,1056,1050,1051,-1,1056,1051,1057,-1,1057,1051,962,-1,1057,962,995,-1,1040,1043,1041,-1,1041,1043,1052,-1,1041,1052,1058,-1,1058,1052,1053,-1,1058,1053,1059,-1,1059,1053,1054,-1,1059,1054,1060,-1,1060,1054,1055,-1,1060,1055,1061,-1,1061,1055,1056,-1,1061,1056,1062,-1,1062,1056,1057,-1,1062,1057,1063,-1,1063,1057,995,-1,1063,995,989,-1,1038,1041,1039,-1,1039,1041,1058,-1,1039,1058,1064,-1,1064,1058,1059,-1,1064,1059,1065,-1,1065,1059,1060,-1,1065,1060,1066,-1,1066,1060,1061,-1,1066,1061,1067,-1,1067,1061,1062,-1,1067,1062,1068,-1,1068,1062,1063,-1,1068,1063,1069,-1,1069,1063,989,-1,1069,989,983,-1,1036,1039,1037,-1,1037,1039,1064,-1,1037,1064,1070,-1,1070,1064,1065,-1,1070,1065,1071,-1,1071,1065,1066,-1,1071,1066,1072,-1,1072,1066,1067,-1,1072,1067,1073,-1,1073,1067,1068,-1,1073,1068,1074,-1,1074,1068,1069,-1,1074,1069,1075,-1,1075,1069,983,-1,1075,983,977,-1,832,1037,834,-1,834,1037,1070,-1,834,1070,836,-1,836,1070,1071,-1,836,1071,838,-1,838,1071,1072,-1,838,1072,840,-1,840,1072,1073,-1,840,1073,842,-1,842,1073,1074,-1,842,1074,844,-1,844,1074,1075,-1,844,1075,847,-1,847,1075,977,-1,847,977,845,-1,1076,1007,102,-1,1076,102,1077,-1,1078,1077,102,-1,1079,1078,102,-1,1080,1079,102,-1,1081,1080,102,-1,1082,1081,102,-1,1082,1083,1084,-1,1083,1085,1086,-1,1085,1087,1088,-1,1087,1089,1090,-1,1089,1091,1092,-1,1089,1092,1090,-1,1090,1092,1093,-1,1090,1093,1094,-1,1094,1093,1095,-1,1094,1095,1096,-1,1096,1095,1097,-1,1096,1097,1098,-1,1098,1097,1099,-1,1098,1099,1100,-1,1100,1099,1101,-1,1100,1101,1102,-1,1102,1101,858,-1,1102,858,1035,-1,1087,1090,1088,-1,1088,1090,1094,-1,1088,1094,1103,-1,1103,1094,1096,-1,1103,1096,1104,-1,1104,1096,1098,-1,1104,1098,1105,-1,1105,1098,1100,-1,1105,1100,1106,-1,1106,1100,1102,-1,1106,1102,1107,-1,1107,1102,1035,-1,1107,1035,1028,-1,1085,1088,1086,-1,1086,1088,1103,-1,1086,1103,1108,-1,1108,1103,1104,-1,1108,1104,1109,-1,1109,1104,1105,-1,1109,1105,1110,-1,1110,1105,1106,-1,1110,1106,1111,-1,1111,1106,1107,-1,1111,1107,1112,-1,1112,1107,1028,-1,1112,1028,1021,-1,1083,1086,1084,-1,1084,1086,1108,-1,1084,1108,1113,-1,1113,1108,1109,-1,1113,1109,1114,-1,1114,1109,1110,-1,1114,1110,1115,-1,1115,1110,1111,-1,1115,1111,1116,-1,1116,1111,1112,-1,1116,1112,1117,-1,1117,1112,1021,-1,1117,1021,1014,-1,1082,1084,1081,-1,1081,1084,1113,-1,1081,1113,1080,-1,1080,1113,1114,-1,1080,1114,1079,-1,1079,1114,1115,-1,1079,1115,1078,-1,1078,1115,1116,-1,1078,1116,1077,-1,1077,1116,1117,-1,1077,1117,1076,-1,1076,1117,1014,-1,1076,1014,1007,-1,1118,1119,98,-1,1118,98,1120,-1,1121,1120,98,-1,1122,1121,98,-1,1123,1122,98,-1,1124,1123,98,-1,1044,1124,98,-1,1044,1042,1125,-1,1042,1040,1126,-1,1040,1038,1127,-1,1038,1036,1128,-1,1036,832,1129,-1,1036,1129,1128,-1,1128,1129,1130,-1,1128,1130,1131,-1,1131,1130,1132,-1,1131,1132,1133,-1,1133,1132,1134,-1,1133,1134,1135,-1,1135,1134,1136,-1,1135,1136,1137,-1,1137,1136,1138,-1,1137,1138,1139,-1,1139,1138,1140,-1,1139,1140,1141,-1,1038,1128,1127,-1,1127,1128,1131,-1,1127,1131,1142,-1,1142,1131,1133,-1,1142,1133,1143,-1,1143,1133,1135,-1,1143,1135,1144,-1,1144,1135,1137,-1,1144,1137,1145,-1,1145,1137,1139,-1,1145,1139,1146,-1,1146,1139,1141,-1,1146,1141,1147,-1,1040,1127,1126,-1,1126,1127,1142,-1,1126,1142,1148,-1,1148,1142,1143,-1,1148,1143,1149,-1,1149,1143,1144,-1,1149,1144,1150,-1,1150,1144,1145,-1,1150,1145,1151,-1,1151,1145,1146,-1,1151,1146,1152,-1,1152,1146,1147,-1,1152,1147,1153,-1,1042,1126,1125,-1,1125,1126,1148,-1,1125,1148,1154,-1,1154,1148,1149,-1,1154,1149,1155,-1,1155,1149,1150,-1,1155,1150,1156,-1,1156,1150,1151,-1,1156,1151,1157,-1,1157,1151,1152,-1,1157,1152,1158,-1,1158,1152,1153,-1,1158,1153,1159,-1,1044,1125,1124,-1,1124,1125,1154,-1,1124,1154,1123,-1,1123,1154,1155,-1,1123,1155,1122,-1,1122,1155,1156,-1,1122,1156,1121,-1,1121,1156,1157,-1,1121,1157,1120,-1,1120,1157,1158,-1,1120,1158,1118,-1,1118,1158,1159,-1,1118,1159,1119,-1,1160,1091,1161,-1,1161,1091,1089,-1,1161,1089,1162,-1,1162,1089,1087,-1,1162,1087,1163,-1,1163,1087,1085,-1,1163,1085,1164,-1,1164,1085,1083,-1,1164,1083,1165,-1,1165,1083,1082,-1,1165,1082,101,-1,101,1082,102,-1,1140,1166,1141,-1,1141,1166,1167,-1,1141,1167,1147,-1,1147,1167,1168,-1,1147,1168,1153,-1,1153,1168,1169,-1,1153,1169,1159,-1,1159,1169,1170,-1,1159,1170,1119,-1,1119,1170,1171,-1,1119,1171,98,-1,98,1171,97,-1,1172,1165,101,-1,1172,101,1173,-1,1174,1173,101,-1,1175,1174,101,-1,1176,1175,101,-1,1177,1176,101,-1,1178,1177,101,-1,1178,1179,1180,-1,1179,1181,1182,-1,1181,1183,1184,-1,1183,1185,1186,-1,1185,870,1187,-1,1185,1187,1186,-1,1186,1187,1188,-1,1186,1188,1189,-1,1189,1188,1190,-1,1189,1190,1191,-1,1191,1190,1192,-1,1191,1192,1193,-1,1193,1192,1194,-1,1193,1194,1195,-1,1195,1194,1196,-1,1195,1196,1197,-1,1197,1196,1160,-1,1197,1160,1161,-1,1183,1186,1184,-1,1184,1186,1189,-1,1184,1189,1198,-1,1198,1189,1191,-1,1198,1191,1199,-1,1199,1191,1193,-1,1199,1193,1200,-1,1200,1193,1195,-1,1200,1195,1201,-1,1201,1195,1197,-1,1201,1197,1202,-1,1202,1197,1161,-1,1202,1161,1162,-1,1181,1184,1182,-1,1182,1184,1198,-1,1182,1198,1203,-1,1203,1198,1199,-1,1203,1199,1204,-1,1204,1199,1200,-1,1204,1200,1205,-1,1205,1200,1201,-1,1205,1201,1206,-1,1206,1201,1202,-1,1206,1202,1207,-1,1207,1202,1162,-1,1207,1162,1163,-1,1179,1182,1180,-1,1180,1182,1203,-1,1180,1203,1208,-1,1208,1203,1204,-1,1208,1204,1209,-1,1209,1204,1205,-1,1209,1205,1210,-1,1210,1205,1206,-1,1210,1206,1211,-1,1211,1206,1207,-1,1211,1207,1212,-1,1212,1207,1163,-1,1212,1163,1164,-1,1178,1180,1177,-1,1177,1180,1208,-1,1177,1208,1176,-1,1176,1208,1209,-1,1176,1209,1175,-1,1175,1209,1210,-1,1175,1210,1174,-1,1174,1210,1211,-1,1174,1211,1173,-1,1173,1211,1212,-1,1173,1212,1172,-1,1172,1212,1164,-1,1172,1164,1165,-1,1213,1214,97,-1,1213,97,1215,-1,1216,1215,97,-1,1217,1216,97,-1,1218,1217,97,-1,1219,1218,97,-1,1171,1219,97,-1,1171,1170,1220,-1,1170,1169,1221,-1,1169,1168,1222,-1,1168,1167,1223,-1,1167,1166,1224,-1,1167,1224,1223,-1,1223,1224,1225,-1,1223,1225,1226,-1,1226,1225,1227,-1,1226,1227,1228,-1,1228,1227,1229,-1,1228,1229,1230,-1,1230,1229,1231,-1,1230,1231,1232,-1,1232,1231,1233,-1,1232,1233,1234,-1,1234,1233,824,-1,1234,824,1235,-1,1168,1223,1222,-1,1222,1223,1226,-1,1222,1226,1236,-1,1236,1226,1228,-1,1236,1228,1237,-1,1237,1228,1230,-1,1237,1230,1238,-1,1238,1230,1232,-1,1238,1232,1239,-1,1239,1232,1234,-1,1239,1234,1240,-1,1240,1234,1235,-1,1240,1235,1241,-1,1169,1222,1221,-1,1221,1222,1236,-1,1221,1236,1242,-1,1242,1236,1237,-1,1242,1237,1243,-1,1243,1237,1238,-1,1243,1238,1244,-1,1244,1238,1239,-1,1244,1239,1245,-1,1245,1239,1240,-1,1245,1240,1246,-1,1246,1240,1241,-1,1246,1241,1247,-1,1170,1221,1220,-1,1220,1221,1242,-1,1220,1242,1248,-1,1248,1242,1243,-1,1248,1243,1249,-1,1249,1243,1244,-1,1249,1244,1250,-1,1250,1244,1245,-1,1250,1245,1251,-1,1251,1245,1246,-1,1251,1246,1252,-1,1252,1246,1247,-1,1252,1247,1253,-1,1171,1220,1219,-1,1219,1220,1248,-1,1219,1248,1218,-1,1218,1248,1249,-1,1218,1249,1217,-1,1217,1249,1250,-1,1217,1250,1216,-1,1216,1250,1251,-1,1216,1251,1215,-1,1215,1251,1252,-1,1215,1252,1213,-1,1213,1252,1253,-1,1213,1253,1214,-1,870,1185,1254,-1,1185,1183,1255,-1,1183,1181,1256,-1,1181,1179,1257,-1,1179,1178,1258,-1,1178,101,100,-1,1178,100,1258,-1,1258,100,99,-1,1258,99,1259,-1,1259,99,116,-1,1259,116,1260,-1,1260,116,107,-1,1260,107,1261,-1,1261,107,105,-1,1261,105,1262,-1,1262,105,125,-1,1262,125,1263,-1,1263,125,124,-1,1263,124,1264,-1,1264,124,122,-1,1264,122,1265,-1,1179,1258,1257,-1,1257,1258,1259,-1,1257,1259,1266,-1,1266,1259,1260,-1,1266,1260,1267,-1,1267,1260,1261,-1,1267,1261,1268,-1,1268,1261,1262,-1,1268,1262,1269,-1,1269,1262,1263,-1,1269,1263,1270,-1,1270,1263,1264,-1,1270,1264,1271,-1,1271,1264,1265,-1,1271,1265,1272,-1,1181,1257,1256,-1,1256,1257,1266,-1,1256,1266,1273,-1,1273,1266,1267,-1,1273,1267,1274,-1,1274,1267,1268,-1,1274,1268,1275,-1,1275,1268,1269,-1,1275,1269,1276,-1,1276,1269,1270,-1,1276,1270,1277,-1,1277,1270,1271,-1,1277,1271,1278,-1,1278,1271,1272,-1,1278,1272,1279,-1,1183,1256,1255,-1,1255,1256,1273,-1,1255,1273,1280,-1,1280,1273,1274,-1,1280,1274,1281,-1,1281,1274,1275,-1,1281,1275,1282,-1,1282,1275,1276,-1,1282,1276,1283,-1,1283,1276,1277,-1,1283,1277,1284,-1,1284,1277,1278,-1,1284,1278,1285,-1,1285,1278,1279,-1,1285,1279,1286,-1,1185,1255,1254,-1,1254,1255,1280,-1,1254,1280,1287,-1,1287,1280,1281,-1,1287,1281,1288,-1,1288,1281,1282,-1,1288,1282,1289,-1,1289,1282,1283,-1,1289,1283,1290,-1,1290,1283,1284,-1,1290,1284,1291,-1,1291,1284,1285,-1,1291,1285,1292,-1,1292,1285,1286,-1,1292,1286,1293,-1,870,1254,872,-1,872,1254,1287,-1,872,1287,874,-1,874,1287,1288,-1,874,1288,876,-1,876,1288,1289,-1,876,1289,885,-1,885,1289,1290,-1,885,1290,883,-1,883,1290,1291,-1,883,1291,881,-1,881,1291,1292,-1,881,1292,879,-1,879,1292,1293,-1,879,1293,877,-1,878,877,1294,-1,878,1294,1295,-1,1295,1294,1296,-1,1295,1296,1297,-1,1297,1296,1298,-1,1297,1298,1299,-1,1299,1298,1300,-1,1299,1300,1301,-1,1301,1300,1302,-1,1301,1302,1303,-1,1303,1302,1304,-1,1303,1304,1305,-1,1305,1304,1306,-1,1305,1306,1307,-1,813,812,1308,-1,813,1308,1309,-1,1309,1308,1310,-1,1309,1310,1311,-1,1311,1310,1312,-1,1311,1312,1313,-1,1313,1312,1314,-1,1313,1314,1315,-1,1315,1314,1316,-1,1315,1316,1317,-1,1317,1316,1318,-1,1317,1318,1319,-1,1319,1318,1320,-1,1319,1320,1321,-1,813,1322,1323,-1,1322,1324,1325,-1,1324,1326,1327,-1,1326,1328,1329,-1,1328,1330,1331,-1,1330,121,123,-1,1330,123,1331,-1,1331,123,104,-1,1331,104,1332,-1,1332,104,106,-1,1332,106,1333,-1,1333,106,117,-1,1333,117,1334,-1,1334,117,118,-1,1334,118,1335,-1,1335,118,93,-1,1335,93,1336,-1,1336,93,95,-1,1336,95,1337,-1,1337,95,97,-1,1337,97,1214,-1,1328,1331,1329,-1,1329,1331,1332,-1,1329,1332,1338,-1,1338,1332,1333,-1,1338,1333,1339,-1,1339,1333,1334,-1,1339,1334,1340,-1,1340,1334,1335,-1,1340,1335,1341,-1,1341,1335,1336,-1,1341,1336,1342,-1,1342,1336,1337,-1,1342,1337,1343,-1,1343,1337,1214,-1,1343,1214,1253,-1,1326,1329,1327,-1,1327,1329,1338,-1,1327,1338,1344,-1,1344,1338,1339,-1,1344,1339,1345,-1,1345,1339,1340,-1,1345,1340,1346,-1,1346,1340,1341,-1,1346,1341,1347,-1,1347,1341,1342,-1,1347,1342,1348,-1,1348,1342,1343,-1,1348,1343,1349,-1,1349,1343,1253,-1,1349,1253,1247,-1,1324,1327,1325,-1,1325,1327,1344,-1,1325,1344,1350,-1,1350,1344,1345,-1,1350,1345,1351,-1,1351,1345,1346,-1,1351,1346,1352,-1,1352,1346,1347,-1,1352,1347,1353,-1,1353,1347,1348,-1,1353,1348,1354,-1,1354,1348,1349,-1,1354,1349,1355,-1,1355,1349,1247,-1,1355,1247,1241,-1,1322,1325,1323,-1,1323,1325,1350,-1,1323,1350,1356,-1,1356,1350,1351,-1,1356,1351,1357,-1,1357,1351,1352,-1,1357,1352,1358,-1,1358,1352,1353,-1,1358,1353,1359,-1,1359,1353,1354,-1,1359,1354,1360,-1,1360,1354,1355,-1,1360,1355,1361,-1,1361,1355,1241,-1,1361,1241,1235,-1,813,1323,815,-1,815,1323,1356,-1,815,1356,817,-1,817,1356,1357,-1,817,1357,819,-1,819,1357,1358,-1,819,1358,821,-1,821,1358,1359,-1,821,1359,823,-1,823,1359,1360,-1,823,1360,828,-1,828,1360,1361,-1,828,1361,826,-1,826,1361,1235,-1,826,1235,824,-1,1362,1265,122,-1,1362,122,1363,-1,1364,1363,122,-1,1365,1364,122,-1,1366,1365,122,-1,1367,1366,122,-1,1368,1367,122,-1,1368,1369,1370,-1,1369,1371,1372,-1,1371,1373,1374,-1,1373,1375,1376,-1,1375,1306,1304,-1,1375,1304,1376,-1,1376,1304,1302,-1,1376,1302,1377,-1,1377,1302,1300,-1,1377,1300,1378,-1,1378,1300,1298,-1,1378,1298,1379,-1,1379,1298,1296,-1,1379,1296,1380,-1,1380,1296,1294,-1,1380,1294,1381,-1,1381,1294,877,-1,1381,877,1293,-1,1373,1376,1374,-1,1374,1376,1377,-1,1374,1377,1382,-1,1382,1377,1378,-1,1382,1378,1383,-1,1383,1378,1379,-1,1383,1379,1384,-1,1384,1379,1380,-1,1384,1380,1385,-1,1385,1380,1381,-1,1385,1381,1386,-1,1386,1381,1293,-1,1386,1293,1286,-1,1371,1374,1372,-1,1372,1374,1382,-1,1372,1382,1387,-1,1387,1382,1383,-1,1387,1383,1388,-1,1388,1383,1384,-1,1388,1384,1389,-1,1389,1384,1385,-1,1389,1385,1390,-1,1390,1385,1386,-1,1390,1386,1391,-1,1391,1386,1286,-1,1391,1286,1279,-1,1369,1372,1370,-1,1370,1372,1387,-1,1370,1387,1392,-1,1392,1387,1388,-1,1392,1388,1393,-1,1393,1388,1389,-1,1393,1389,1394,-1,1394,1389,1390,-1,1394,1390,1395,-1,1395,1390,1391,-1,1395,1391,1396,-1,1396,1391,1279,-1,1396,1279,1272,-1,1368,1370,1367,-1,1367,1370,1392,-1,1367,1392,1366,-1,1366,1392,1393,-1,1366,1393,1365,-1,1365,1393,1394,-1,1365,1394,1364,-1,1364,1394,1395,-1,1364,1395,1363,-1,1363,1395,1396,-1,1363,1396,1362,-1,1362,1396,1272,-1,1362,1272,1265,-1,1397,1398,121,-1,1397,121,1399,-1,1400,1399,121,-1,1401,1400,121,-1,1402,1401,121,-1,1403,1402,121,-1,1330,1403,121,-1,1330,1328,1404,-1,1328,1326,1405,-1,1326,1324,1406,-1,1324,1322,1407,-1,1322,813,1309,-1,1322,1309,1407,-1,1407,1309,1311,-1,1407,1311,1408,-1,1408,1311,1313,-1,1408,1313,1409,-1,1409,1313,1315,-1,1409,1315,1410,-1,1410,1315,1317,-1,1410,1317,1411,-1,1411,1317,1319,-1,1411,1319,1412,-1,1412,1319,1321,-1,1412,1321,1413,-1,1324,1407,1406,-1,1406,1407,1408,-1,1406,1408,1414,-1,1414,1408,1409,-1,1414,1409,1415,-1,1415,1409,1410,-1,1415,1410,1416,-1,1416,1410,1411,-1,1416,1411,1417,-1,1417,1411,1412,-1,1417,1412,1418,-1,1418,1412,1413,-1,1418,1413,1419,-1,1326,1406,1405,-1,1405,1406,1414,-1,1405,1414,1420,-1,1420,1414,1415,-1,1420,1415,1421,-1,1421,1415,1416,-1,1421,1416,1422,-1,1422,1416,1417,-1,1422,1417,1423,-1,1423,1417,1418,-1,1423,1418,1424,-1,1424,1418,1419,-1,1424,1419,1425,-1,1328,1405,1404,-1,1404,1405,1420,-1,1404,1420,1426,-1,1426,1420,1421,-1,1426,1421,1427,-1,1427,1421,1422,-1,1427,1422,1428,-1,1428,1422,1423,-1,1428,1423,1429,-1,1429,1423,1424,-1,1429,1424,1430,-1,1430,1424,1425,-1,1430,1425,1431,-1,1330,1404,1403,-1,1403,1404,1426,-1,1403,1426,1402,-1,1402,1426,1427,-1,1402,1427,1401,-1,1401,1427,1428,-1,1401,1428,1400,-1,1400,1428,1429,-1,1400,1429,1399,-1,1399,1429,1430,-1,1399,1430,1397,-1,1397,1430,1431,-1,1397,1431,1398,-1,1321,1306,1413,-1,1413,1306,1375,-1,1413,1375,1419,-1,1419,1375,1373,-1,1419,1373,1425,-1,1425,1373,1371,-1,1425,1371,1431,-1,1431,1371,1369,-1,1431,1369,1398,-1,1398,1369,1368,-1,1398,1368,121,-1,121,1368,122,-1,1432,1433,1434,-1,1434,1433,1435,-1,526,1432,519,-1,519,1432,520,-1,678,680,1433,-1,1433,680,682,-1,1433,682,670,-1,526,528,1432,-1,1432,528,530,-1,1432,530,1433,-1,1433,530,665,-1,1433,665,678,-1,514,516,1434,-1,1434,516,518,-1,1434,518,522,-1,673,1435,667,-1,667,1435,668,-1,673,675,1435,-1,1435,675,677,-1,1435,677,1434,-1,1434,677,511,-1,1434,511,514,-1,1435,1433,668,-1,668,1433,670,-1,1432,1434,520,-1,520,1434,522,-1,1436,1437,219,-1,219,1437,221,-1,1438,1439,381,-1,381,1439,383,-1,229,231,1437,-1,1437,231,233,-1,1437,233,221,-1,387,1438,380,-1,380,1438,381,-1,387,389,1438,-1,1438,389,391,-1,1438,391,1437,-1,1437,391,215,-1,1437,215,229,-1,375,377,1439,-1,1439,377,379,-1,1439,379,383,-1,224,1436,218,-1,218,1436,219,-1,224,226,1436,-1,1436,226,228,-1,1436,228,1439,-1,1439,228,372,-1,1439,372,375,-1,1438,1437,1439,-1,1439,1437,1436,-1,1440,1441,1442,-1,1442,1441,1443,-1,1444,1445,1442,-1,1442,1445,1446,-1,1442,1446,1447,-1,1448,1443,1449,-1,1449,1443,1450,-1,1448,1451,1443,-1,1443,1451,1452,-1,1443,1452,1442,-1,1442,1452,1453,-1,1442,1453,1444,-1,1454,1440,1455,-1,1455,1440,1456,-1,1457,1458,1441,-1,1441,1458,1459,-1,1441,1459,1460,-1,1454,1461,1440,-1,1440,1461,1462,-1,1440,1462,1441,-1,1441,1462,1463,-1,1441,1463,1457,-1,1440,1442,1456,-1,1456,1442,1447,-1,1443,1441,1450,-1,1450,1441,1460,-1,1464,1465,1466,-1,1466,1465,1467,-1,1468,1469,1470,-1,1470,1469,1471,-1,1472,1464,1473,-1,1473,1464,1466,-1,1474,1475,1469,-1,1469,1475,1476,-1,1469,1476,1471,-1,1472,1477,1464,-1,1464,1477,1478,-1,1464,1478,1469,-1,1469,1478,1479,-1,1469,1479,1474,-1,1480,1481,1465,-1,1465,1481,1482,-1,1465,1482,1467,-1,1483,1468,1484,-1,1484,1468,1470,-1,1483,1485,1468,-1,1468,1485,1486,-1,1468,1486,1465,-1,1465,1486,1487,-1,1465,1487,1480,-1,1464,1469,1465,-1,1465,1469,1468,-1,
        ]
    }
}
Shape{
    appearance Appearance {
        material  Material 	{
            diffuseColor 1.0 1.0 1.0
            specularColor 0.5019607843137255 0.5019607843137255 0.5019607843137255
            ambientIntensity 1.0
            transparency 0.0
            shininess 0.5
        }
    }
    geometry IndexedFaceSet {
        ccw TRUE
        solid FALSE
        coord DEF co Coordinate {
            point [
                -0.1535 4.4492 -1.1811, -0.1535 4.4492 0.0984, -0.3504 4.4492 -1.1811, -0.3504 4.4492 0.0984, -0.1535 4.5673 -1.1811, -0.1535 4.5673 0.0984, -0.3504 4.5673 -1.1811, -0.3504 4.5673 0.0984, -1.1535 4.5673 -1.1811, -1.1535 4.5673 0.0984, -1.1535 4.4492 -1.1811, -1.1535 4.4492 0.0984, -1.3504 4.5673 -1.1811, -1.3504 4.5673 0.0984, -1.3504 4.4492 -1.1811, -1.3504 4.4492 0.0984, 0.8465 4.5673 -1.1811, 0.8465 4.5673 0.0984, 0.8465 4.4492 -1.1811, 0.8465 4.4492 0.0984, 0.6496 4.5673 -1.1811, 0.6496 4.5673 0.0984, 0.6496 4.4492 -1.1811, 0.6496 4.4492 0.0984, -2.1535 4.5673 -1.1811, -2.1535 4.5673 0.0984, -2.1535 4.4492 -1.1811, -2.1535 4.4492 0.0984, -2.3504 4.5673 -1.1811, -2.3504 4.5673 0.0984, -2.3504 4.4492 -1.1811, -2.3504 4.4492 0.0984, 1.8465 4.5673 -1.1811, 1.8465 4.5673 0.0984, 1.8465 4.4492 -1.1811, 1.8465 4.4492 0.0984, 1.7323 4.5673 0.0984, 1.6496 4.5673 -1.1811, 1.6496 4.5673 0.0984, 1.6496 4.4492 -1.1811, 1.6496 4.4492 0.0984, 1.7323 4.4492 0.0984, -1.8468 3.4492 0.0984, -1.8468 3.4492 -1.1811, -1.7323 3.4492 0.0984, -1.65 3.4492 -1.1811, -1.65 3.4492 0.0984, -1.65 3.5673 -1.1811, -1.65 3.5673 0.0984, -1.7323 3.5673 0.0984, -1.8468 3.5673 -1.1811, -1.8468 3.5673 0.0984, -0.8468 3.4492 -1.1811, -0.8468 3.4492 0.0984, -0.8468 3.5673 -1.1811, -0.8468 3.5673 0.0984, -0.65 3.4492 -1.1811, -0.65 3.4492 0.0984, -0.65 3.5673 -1.1811, -0.65 3.5673 0.0984, 0.1532 3.4492 -1.1811, 0.1532 3.4492 0.0984, 0.1532 3.5673 -1.1811, 0.1532 3.5673 0.0984, 0.35 3.4492 -1.1811, 0.35 3.4492 0.0984, 0.35 3.5673 -1.1811, 0.35 3.5673 0.0984, 1.1532 3.4492 -1.1811, 1.1532 3.4492 0.0984, 1.1532 3.5673 -1.1811, 1.1532 3.5673 0.0984, 1.35 3.4492 -1.1811, 1.35 3.4492 0.0984, 1.35 3.5673 -1.1811, 1.35 3.5673 0.0984, 2.1532 3.4492 -1.1811, 2.1532 3.4492 0.0984, 2.1532 3.5673 -1.1811, 2.1532 3.5673 0.0984, 2.35 3.4492 -1.1811, 2.35 3.4492 0.0984, 2.35 3.5673 -1.1811, 2.35 3.5673 0.0984, -2.7067 -0.8618 -1.1811, -2.7067 -0.8618 0.0984, -2.5098 -0.8618 -1.1811, -2.5098 -0.8618 0.0984, -2.7067 -0.9799 -1.1811, -2.7067 -0.9799 0.0984, -2.5098 -0.9799 -1.1811, -2.5098 -0.9799 0.0984, 2.7067 -0.8618 -1.1811, 2.7067 -0.8618 0.0984, 2.7067 -0.9799 -1.1811, 2.7067 -0.9799 0.0984, 2.5099 -0.8618 -1.1811, 2.5099 -0.8618 0.0984, 2.5099 -0.9799 -1.1811, 2.5099 -0.9799 0.0984, 1.7067 -0.8618 0.0984, 1.7067 -0.8618 -1.1811, 1.5797 -0.8618 0.0984, 1.5099 -0.8618 -1.1811, 1.5099 -0.8618 0.0984, 1.5099 -0.9799 -1.1811, 1.5099 -0.9799 0.0984, 1.5797 -0.9799 0.0984, 1.7067 -0.9799 -1.1811, 1.7067 -0.9799 0.0984, -1.7067 -0.9799 -1.1811, -1.7067 -0.9799 0.0984, -1.7067 -0.8618 -1.1811, -1.7067 -0.8618 0.0984, -1.5799 -0.9799 0.0984, -1.5098 -0.9799 -1.1811, -1.5098 -0.9799 0.0984, -1.5098 -0.8618 -1.1811, -1.5098 -0.8618 0.0984, -1.5799 -0.8618 0.0984, 3.0906 2.4453 -0.9842, 3.0906 2.4453 0.0197, 3.1693 2.4453 -0.9842, 3.1693 2.4453 0.0197, 3.1693 2.4403 -1.0281, 3.0906 2.4403 -1.0281, 3.1693 2.4258 -1.0697, 3.0906 2.4258 -1.0697, 3.1693 2.4023 -1.107, 3.0906 2.4023 -1.107, 3.1693 2.3712 -1.1382, 3.0906 2.3712 -1.1382, 3.1693 2.3338 -1.1616, 3.0906 2.3338 -1.1616, 3.1693 2.2922 -1.1762, 3.0906 2.2922 -1.1762, 3.1693 2.2484 -1.1811, 3.0906 2.2484 -1.1811, 3.0906 2.1697 -1.1811, 3.1693 2.1697 -1.1811, 3.1693 2.1259 -1.1762, 3.0906 2.1259 -1.1762, 3.1693 2.0843 -1.1616, 3.0906 2.0843 -1.1616, 3.1693 2.0469 -1.1382, 3.0906 2.0469 -1.1382, 3.1693 2.0158 -1.107, 3.0906 2.0158 -1.107, 3.1693 1.9923 -1.0697, 3.0906 1.9923 -1.0697, 3.1693 1.9778 -1.0281, 3.0906 1.9778 -1.0281, 3.1693 1.9728 -0.9842, 3.0906 1.9728 -0.9842, 3.0906 1.9728 0.0197, 3.1693 1.9728 0.0197, -3.0905 1.9728 -0.9842, -3.0905 1.9728 0.0197, -3.1693 1.9728 -0.9842, -3.1693 1.9728 0.0197, -3.1693 1.9778 -1.0281, -3.0905 1.9778 -1.0281, -3.1693 1.9923 -1.0697, -3.0905 1.9923 -1.0697, -3.1693 2.0158 -1.107, -3.0905 2.0158 -1.107, -3.1693 2.0469 -1.1382, -3.0905 2.0469 -1.1382, -3.1693 2.0843 -1.1616, -3.0905 2.0843 -1.1616, -3.1693 2.1259 -1.1762, -3.0905 2.1259 -1.1762, -3.1693 2.1697 -1.1811, -3.0905 2.1697 -1.1811, -3.0905 2.2484 -1.1811, -3.1693 2.2484 -1.1811, -3.1693 2.2922 -1.1762, -3.0905 2.2922 -1.1762, -3.1693 2.3338 -1.1616, -3.0905 2.3338 -1.1616, -3.1693 2.3712 -1.1382, -3.0905 2.3712 -1.1382, -3.1693 2.4023 -1.107, -3.0905 2.4023 -1.107, -3.1693 2.4258 -1.0697, -3.0905 2.4258 -1.0697, -3.1693 2.4403 -1.0281, -3.0905 2.4403 -1.0281, -3.1693 2.4453 -0.9842, -3.0905 2.4453 -0.9842, -3.0905 2.4453 0.0197, -3.1693 2.4453 0.0197
            ]
        }
        coordIndex [
            0,1,2,-1,2,1,3,-1,4,5,0,-1,0,5,1,-1,6,7,4,-1,4,7,5,-1,2,3,6,-1,6,3,7,-1,0,2,4,-1,4,2,6,-1,8,9,10,-1,10,9,11,-1,12,13,8,-1,8,13,9,-1,14,15,12,-1,12,15,13,-1,10,11,14,-1,14,11,15,-1,8,10,12,-1,12,10,14,-1,16,17,18,-1,18,17,19,-1,20,21,16,-1,16,21,17,-1,22,23,20,-1,20,23,21,-1,18,19,22,-1,22,19,23,-1,16,18,20,-1,20,18,22,-1,24,25,26,-1,26,25,27,-1,28,29,24,-1,24,29,25,-1,30,31,28,-1,28,31,29,-1,26,27,30,-1,30,27,31,-1,24,26,28,-1,28,26,30,-1,32,33,34,-1,34,33,35,-1,33,32,36,-1,36,32,37,-1,36,37,38,-1,39,40,37,-1,37,40,38,-1,40,39,41,-1,41,39,34,-1,41,34,35,-1,32,34,37,-1,37,34,39,-1,42,43,44,-1,44,43,45,-1,44,45,46,-1,47,48,45,-1,45,48,46,-1,48,47,49,-1,49,47,50,-1,49,50,51,-1,43,42,50,-1,50,42,51,-1,45,43,47,-1,47,43,50,-1,52,53,54,-1,54,53,55,-1,56,57,52,-1,52,57,53,-1,58,59,56,-1,56,59,57,-1,54,55,58,-1,58,55,59,-1,52,54,56,-1,56,54,58,-1,60,61,62,-1,62,61,63,-1,64,65,60,-1,60,65,61,-1,66,67,64,-1,64,67,65,-1,62,63,66,-1,66,63,67,-1,60,62,64,-1,64,62,66,-1,68,69,70,-1,70,69,71,-1,72,73,68,-1,68,73,69,-1,74,75,72,-1,72,75,73,-1,70,71,74,-1,74,71,75,-1,68,70,72,-1,72,70,74,-1,76,77,78,-1,78,77,79,-1,80,81,76,-1,76,81,77,-1,82,83,80,-1,80,83,81,-1,78,79,82,-1,82,79,83,-1,76,78,80,-1,80,78,82,-1,84,85,86,-1,86,85,87,-1,88,89,84,-1,84,89,85,-1,90,91,88,-1,88,91,89,-1,86,87,90,-1,90,87,91,-1,84,86,88,-1,88,86,90,-1,92,93,94,-1,94,93,95,-1,96,97,92,-1,92,97,93,-1,98,99,96,-1,96,99,97,-1,94,95,98,-1,98,95,99,-1,92,94,96,-1,96,94,98,-1,100,101,102,-1,102,101,103,-1,102,103,104,-1,105,106,103,-1,103,106,104,-1,106,105,107,-1,107,105,108,-1,107,108,109,-1,101,100,108,-1,108,100,109,-1,103,101,105,-1,105,101,108,-1,110,111,112,-1,112,111,113,-1,111,110,114,-1,114,110,115,-1,114,115,116,-1,117,118,115,-1,115,118,116,-1,118,117,119,-1,119,117,112,-1,119,112,113,-1,110,112,115,-1,115,112,117,-1,120,121,122,-1,122,121,123,-1,120,122,124,-1,120,124,125,-1,125,124,126,-1,125,126,127,-1,127,126,128,-1,127,128,129,-1,129,128,130,-1,129,130,131,-1,131,130,132,-1,131,132,133,-1,133,132,134,-1,133,134,135,-1,135,134,136,-1,135,136,137,-1,138,137,139,-1,139,137,136,-1,138,139,140,-1,138,140,141,-1,141,140,142,-1,141,142,143,-1,143,142,144,-1,143,144,145,-1,145,144,146,-1,145,146,147,-1,147,146,148,-1,147,148,149,-1,149,148,150,-1,149,150,151,-1,151,150,152,-1,151,152,153,-1,154,153,155,-1,155,153,152,-1,156,157,158,-1,158,157,159,-1,156,158,160,-1,156,160,161,-1,161,160,162,-1,161,162,163,-1,163,162,164,-1,163,164,165,-1,165,164,166,-1,165,166,167,-1,167,166,168,-1,167,168,169,-1,169,168,170,-1,169,170,171,-1,171,170,172,-1,171,172,173,-1,174,173,175,-1,175,173,172,-1,174,175,176,-1,174,176,177,-1,177,176,178,-1,177,178,179,-1,179,178,180,-1,179,180,181,-1,181,180,182,-1,181,182,183,-1,183,182,184,-1,183,184,185,-1,185,184,186,-1,185,186,187,-1,187,186,188,-1,187,188,189,-1,190,189,191,-1,191,189,188,-1,
        ]
    }
}
Shape{
    appearance Appearance {
        material  Material 	{
            diffuseColor 0.25098039215686274 0.25098039215686274 0.25098039215686274
            specularColor 0.12549019607843137 0.12549019607843137 0.12549019607843137
            ambientIntensity 0.251
            transparency 0.0
            shininess 0.5
        }
    }
    geometry IndexedFaceSet {
        ccw TRUE
        solid FALSE
        coord DEF co Coordinate {
            point [
                2.4606 2.4256 1.6732, 2.4606 2.6224 1.8701, 1.8701 2.4256 1.6732, 1.8701 2.6224 1.8701, -1.8701 2.4256 1.6732, -1.8701 2.6224 1.8701, -2.4606 2.4256 1.6732, -2.4606 2.6224 1.8701
            ]
        }
        coordIndex [
            0,1,2,-1,2,1,3,-1,4,5,6,-1,6,5,7,-1,
        ]
    }
}
Shape{
    appearance Appearance {
        material  Material 	{
            diffuseColor 0.0 0.0 0.0
            specularColor 0.0 0.0 0.0
            ambientIntensity 0.0
            transparency 0.0
            shininess 0.5
        }
    }
    geometry IndexedFaceSet {
        ccw TRUE
        solid FALSE
        coord DEF co Coordinate {
            point [
                -0.6975 1.1728 0.0988, -0.8512 0.7791 0.0988, -0.6975 1.1728 0.0984, -0.8512 0.7791 0.0984, -0.7936 0.7791 0.0988, -0.7936 0.7791 0.0984, -0.7537 0.8895 0.0988, -0.7537 0.8895 0.0984, -0.5911 0.8895 0.0988, -0.5911 0.8895 0.0984, -0.5729 0.8362 0.0984, -0.5535 0.7791 0.0988, -0.5535 0.7791 0.0984, -0.4959 0.7791 0.0988, -0.4959 0.7791 0.0984, -0.5729 0.9829 0.0984, -0.6447 1.1728 0.0988, -0.6447 1.1728 0.0984, -0.6044 0.9327 0.0988, -0.736 0.9327 0.0988, -0.6631 1.0971 0.0988, -0.6669 1.1108 0.0988, -0.6694 1.1247 0.0988, -0.6707 1.1247 0.0988, -0.6733 1.1108 0.0988, -0.6768 1.0971 0.0988, -0.6044 0.9327 0.0984, -0.736 0.9327 0.0984, -0.6631 1.0971 0.0984, -0.6669 1.1108 0.0984, -0.6694 1.1247 0.0984, -0.6707 1.1247 0.0984, -0.6733 1.1108 0.0984, -0.6768 1.0971 0.0984, -0.2573 0.7791 0.0984, -0.2573 0.7791 0.0988, -0.1519 0.7791 0.0984, -0.1502 0.7791 0.0988, -0.1502 0.7791 0.0984, -0.1502 1.1728 0.0988, -0.1502 1.1728 0.0984, -0.1519 1.1728 0.0984, -0.2613 1.1728 0.0988, -0.2613 1.1728 0.0984, -0.4671 0.9809 0.0988, -0.4671 0.9809 0.0984, -0.4642 1.0179 0.0984, -0.4642 1.0179 0.0988, -0.4536 1.0567 0.0984, -0.4536 1.0567 0.0988, -0.4354 1.0905 0.0984, -0.4354 1.0905 0.0988, -0.4075 1.1214 0.0984, -0.4075 1.1214 0.0988, -0.4071 1.1218 0.0984, -0.4071 1.1218 0.0988, -0.3642 1.1505 0.0984, -0.3642 1.1505 0.0988, -0.3182 1.1667 0.0984, -0.3182 1.1667 0.0988, -0.306 0.7833 0.0984, -0.306 0.7833 0.0988, -0.3513 0.7968 0.0984, -0.3513 0.7968 0.0988, -0.3924 0.8207 0.0984, -0.3924 0.8207 0.0988, -0.4248 0.8517 0.0984, -0.4248 0.8517 0.0988, -0.4474 0.887 0.0984, -0.4474 0.887 0.0988, -0.4616 0.9282 0.0984, -0.4616 0.9282 0.0988, -0.3881 1.0743 0.0988, -0.3689 1.0946 0.0988, -0.3402 1.1132 0.0988, -0.3077 1.1246 0.0988, -0.2611 1.1295 0.0988, -0.203 1.1295 0.0988, -0.203 0.8223 0.0988, -0.2589 0.8223 0.0988, -0.3004 0.8261 0.0988, -0.3336 0.8365 0.0988, -0.3604 0.8524 0.0988, -0.3825 0.8742 0.0988, -0.3991 0.9014 0.0988, -0.4107 0.9384 0.0988, -0.4143 0.9797 0.0988, -0.4109 1.0189 0.0988, -0.4017 1.0501 0.0988, -0.2611 1.1295 0.0984, -0.203 1.1295 0.0984, -0.3077 1.1246 0.0984, -0.3402 1.1132 0.0984, -0.3689 1.0946 0.0984, -0.3881 1.0743 0.0984, -0.4017 1.0501 0.0984, -0.4109 1.0189 0.0984, -0.4143 0.9797 0.0984, -0.4107 0.9384 0.0984, -0.3991 0.9014 0.0984, -0.3825 0.8742 0.0984, -0.3604 0.8524 0.0984, -0.3336 0.8365 0.0984, -0.3004 0.8261 0.0984, -0.2589 0.8223 0.0984, -0.203 0.8223 0.0984, -0.0734 0.8223 0.0988, -0.0734 0.7791 0.0988, -0.0734 0.8223 0.0984, -0.0734 0.7791 0.0984, 0.1379 0.7791 0.0988, 0.1379 0.7791 0.0984, 0.1379 1.1728 0.0988, 0.1379 1.1728 0.0984, -0.0638 1.1728 0.0988, -0.0638 1.1728 0.0984, -0.0638 1.1295 0.0988, -0.0638 1.1295 0.0984, 0.0851 1.1295 0.0988, 0.0851 1.1295 0.0984, 0.0851 0.9999 0.0988, 0.0851 0.9999 0.0984, -0.0542 0.9999 0.0988, -0.0542 0.9999 0.0984, -0.0542 0.9567 0.0988, -0.0542 0.9567 0.0984, 0.0851 0.9567 0.0988, 0.0851 0.9567 0.0984, 0.0851 0.8223 0.0988, 0.0851 0.8223 0.0984, 0.2147 0.8427 0.0988, 0.2147 0.7995 0.0988, 0.2147 0.8427 0.0984, 0.2147 0.7995 0.0984, 0.2567 0.7822 0.0988, 0.323 0.7743 0.0988, 0.323 0.7743 0.0984, 0.3123 0.7744 0.0984, 0.3123 0.7744 0.0988, 0.2964 0.7767 0.0984, 0.2567 0.7822 0.0984, 0.3462 0.7767 0.0984, 0.3715 0.7793 0.0988, 0.3715 0.7793 0.0984, 0.4097 0.7924 0.0988, 0.4097 0.7924 0.0984, 0.4414 0.8126 0.0988, 0.4414 0.8126 0.0984, 0.4709 0.8438 0.0988, 0.4709 0.8438 0.0984, 0.4919 0.8812 0.0988, 0.4919 0.8812 0.0984, 0.5038 0.9229 0.0988, 0.5038 0.9229 0.0984, 0.5076 0.9685 0.0988, 0.5076 0.9685 0.0984, 0.3073 1.1776 0.0988, 0.3073 1.1776 0.0984, 0.3469 1.1743 0.0984, 0.3469 1.1743 0.0988, 0.3908 1.1616 0.0984, 0.3908 1.1616 0.0988, 0.4282 1.14 0.0984, 0.4282 1.14 0.0988, 0.4637 1.1059 0.0984, 0.4637 1.1059 0.0988, 0.4868 1.0691 0.0984, 0.4868 1.0691 0.0988, 0.5019 1.0244 0.0984, 0.5019 1.0244 0.0988, 0.2147 1.1619 0.0988, 0.2147 1.1619 0.0984, 0.2602 1.1743 0.0984, 0.2602 1.1743 0.0988, 0.2147 1.1091 0.0988, 0.2147 1.1091 0.0984, 0.3069 1.1343 0.0988, 0.3069 1.1343 0.0984, 0.259 1.1281 0.0984, 0.259 1.1281 0.0988, 0.4548 0.9717 0.0988, 0.4548 0.9717 0.0984, 0.4529 1.0023 0.0984, 0.4529 1.0023 0.0988, 0.4424 1.0445 0.0984, 0.4424 1.0445 0.0988, 0.4261 1.0749 0.0984, 0.4261 1.0749 0.0988, 0.4024 1.1011 0.0984, 0.4024 1.1011 0.0988, 0.3751 1.1194 0.0984, 0.3751 1.1194 0.0988, 0.3457 1.13 0.0984, 0.3457 1.13 0.0988, 0.3157 0.8175 0.0988, 0.3157 0.8175 0.0984, 0.3525 0.8216 0.0984, 0.3525 0.8216 0.0988, 0.3811 0.8321 0.0984, 0.3811 0.8321 0.0988, 0.4053 0.8484 0.0984, 0.4053 0.8484 0.0988, 0.4238 0.8679 0.0984, 0.4238 0.8679 0.0988, 0.4401 0.8952 0.0984, 0.4401 0.8952 0.0988, 0.4508 0.9291 0.0984, 0.4508 0.9291 0.0988, 0.2217 0.8388 0.0984, 0.2217 0.8388 0.0988, 0.2635 0.8233 0.0984, 0.2635 0.8233 0.0988, 0.5412 0.8223 0.0988, 0.5412 0.7791 0.0988, 0.5412 0.8223 0.0984, 0.5412 0.7791 0.0984, 0.7428 0.7791 0.0988, 0.7428 0.7791 0.0984, 0.7428 1.1728 0.0988, 0.7428 1.1728 0.0984, 0.69 1.1728 0.0988, 0.69 1.1728 0.0984, 0.69 0.8223 0.0988, 0.69 0.8223 0.0984
            ]
        }
        coordIndex [
            0,1,2,-1,2,1,3,-1,1,4,3,-1,3,4,5,-1,4,6,5,-1,5,6,7,-1,6,8,7,-1,7,8,9,-1,9,8,10,-1,10,8,11,-1,10,11,12,-1,11,13,12,-1,12,13,14,-1,14,13,15,-1,15,13,16,-1,15,16,17,-1,16,0,17,-1,17,0,2,-1,18,8,19,-1,19,8,6,-1,20,16,18,-1,18,16,13,-1,18,13,8,-1,8,13,11,-1,20,21,16,-1,16,21,22,-1,16,22,0,-1,0,22,23,-1,0,23,24,-1,24,25,0,-1,0,25,19,-1,0,19,1,-1,1,19,6,-1,1,6,4,-1,18,19,26,-1,26,19,27,-1,20,18,28,-1,28,18,26,-1,20,28,29,-1,20,29,21,-1,21,29,30,-1,21,30,22,-1,23,22,31,-1,31,22,30,-1,23,31,32,-1,23,32,24,-1,24,32,33,-1,24,33,25,-1,19,25,27,-1,27,25,33,-1,34,35,36,-1,36,35,37,-1,36,37,38,-1,37,39,38,-1,38,39,40,-1,40,39,41,-1,41,39,42,-1,41,42,43,-1,44,45,46,-1,44,46,47,-1,47,46,48,-1,47,48,49,-1,49,48,50,-1,49,50,51,-1,51,50,52,-1,51,52,53,-1,53,52,54,-1,53,54,55,-1,55,54,56,-1,55,56,57,-1,57,56,58,-1,57,58,59,-1,59,58,43,-1,59,43,42,-1,35,34,60,-1,35,60,61,-1,61,60,62,-1,61,62,63,-1,63,62,64,-1,63,64,65,-1,65,64,66,-1,65,66,67,-1,67,66,68,-1,67,68,69,-1,69,68,70,-1,69,70,71,-1,71,70,45,-1,71,45,44,-1,49,51,72,-1,72,51,53,-1,72,53,73,-1,73,53,55,-1,73,55,74,-1,74,55,57,-1,74,57,75,-1,75,57,59,-1,75,59,76,-1,76,59,42,-1,76,42,77,-1,77,42,39,-1,77,39,78,-1,78,39,37,-1,78,37,79,-1,79,37,35,-1,79,35,80,-1,80,35,61,-1,80,61,81,-1,81,61,63,-1,81,63,82,-1,82,63,65,-1,82,65,83,-1,83,65,67,-1,83,67,84,-1,84,67,69,-1,84,69,85,-1,85,69,71,-1,85,71,86,-1,86,71,44,-1,86,44,87,-1,87,44,47,-1,87,47,88,-1,88,47,49,-1,88,49,72,-1,76,77,89,-1,89,77,90,-1,76,89,91,-1,76,91,75,-1,75,91,92,-1,75,92,74,-1,74,92,93,-1,74,93,73,-1,73,93,94,-1,73,94,72,-1,72,94,95,-1,72,95,88,-1,88,95,96,-1,88,96,87,-1,87,96,97,-1,87,97,86,-1,86,97,98,-1,86,98,85,-1,85,98,99,-1,85,99,84,-1,84,99,100,-1,84,100,83,-1,83,100,101,-1,83,101,82,-1,82,101,102,-1,82,102,81,-1,81,102,103,-1,81,103,80,-1,80,103,104,-1,80,104,79,-1,78,79,105,-1,105,79,104,-1,77,78,90,-1,90,78,105,-1,106,107,108,-1,108,107,109,-1,107,110,109,-1,109,110,111,-1,110,112,111,-1,111,112,113,-1,112,114,113,-1,113,114,115,-1,114,116,115,-1,115,116,117,-1,116,118,117,-1,117,118,119,-1,118,120,119,-1,119,120,121,-1,120,122,121,-1,121,122,123,-1,122,124,123,-1,123,124,125,-1,124,126,125,-1,125,126,127,-1,126,128,127,-1,127,128,129,-1,128,106,129,-1,129,106,108,-1,110,107,106,-1,106,128,110,-1,110,128,126,-1,110,126,112,-1,116,114,118,-1,118,114,112,-1,118,112,120,-1,120,112,126,-1,120,126,122,-1,122,126,124,-1,130,131,132,-1,132,131,133,-1,133,131,134,-1,135,136,137,-1,135,137,138,-1,138,137,139,-1,138,139,134,-1,134,139,140,-1,134,140,133,-1,136,135,141,-1,141,135,142,-1,141,142,143,-1,143,142,144,-1,143,144,145,-1,145,144,146,-1,145,146,147,-1,147,146,148,-1,147,148,149,-1,149,148,150,-1,149,150,151,-1,151,150,152,-1,151,152,153,-1,153,152,154,-1,153,154,155,-1,156,157,158,-1,156,158,159,-1,159,158,160,-1,159,160,161,-1,161,160,162,-1,161,162,163,-1,163,162,164,-1,163,164,165,-1,165,164,166,-1,165,166,167,-1,167,166,168,-1,167,168,169,-1,169,168,155,-1,169,155,154,-1,170,171,172,-1,170,172,173,-1,173,172,157,-1,173,157,156,-1,170,174,171,-1,171,174,175,-1,176,177,178,-1,176,178,179,-1,179,178,175,-1,179,175,174,-1,180,181,182,-1,180,182,183,-1,183,182,184,-1,183,184,185,-1,185,184,186,-1,185,186,187,-1,187,186,188,-1,187,188,189,-1,189,188,190,-1,189,190,191,-1,191,190,192,-1,191,192,193,-1,193,192,177,-1,193,177,176,-1,194,195,196,-1,194,196,197,-1,197,196,198,-1,197,198,199,-1,199,198,200,-1,199,200,201,-1,201,200,202,-1,201,202,203,-1,203,202,204,-1,203,204,205,-1,205,204,206,-1,205,206,207,-1,207,206,181,-1,207,181,180,-1,130,132,208,-1,130,208,209,-1,209,208,210,-1,209,210,211,-1,211,210,195,-1,211,195,194,-1,197,135,194,-1,194,135,138,-1,194,138,211,-1,211,138,134,-1,211,134,209,-1,209,134,131,-1,209,131,130,-1,174,170,179,-1,179,170,173,-1,179,173,176,-1,176,173,156,-1,176,156,193,-1,193,156,159,-1,193,159,191,-1,191,159,161,-1,191,161,189,-1,189,161,163,-1,189,163,187,-1,187,163,165,-1,187,165,185,-1,185,165,167,-1,185,167,183,-1,183,167,169,-1,183,169,180,-1,180,169,154,-1,180,154,207,-1,207,154,152,-1,207,152,205,-1,205,152,150,-1,205,150,203,-1,203,150,148,-1,203,148,201,-1,201,148,146,-1,201,146,199,-1,199,146,144,-1,199,144,197,-1,197,144,142,-1,197,142,135,-1,212,213,214,-1,214,213,215,-1,213,216,215,-1,215,216,217,-1,216,218,217,-1,217,218,219,-1,218,220,219,-1,219,220,221,-1,220,222,221,-1,221,222,223,-1,222,212,223,-1,223,212,214,-1,220,218,222,-1,222,218,216,-1,222,216,212,-1,212,216,213,-1,
        ]
    }
}
Shape{
    appearance Appearance {
        material  Material 	{
            diffuseColor 0.25098039215686274 0.25098039215686274 0.25098039215686274
            specularColor 0.12549019607843137 0.12549019607843137 0.12549019607843137
            ambientIntensity 0.251
            transparency 0.0
            shininess 0.5
        }
    }
    geometry IndexedFaceSet {
        ccw TRUE
        solid FALSE
        coord DEF co Coordinate {
            point [
                -0.6044 0.9327 0.0984, -0.736 0.9327 0.0984, -0.6631 1.0971 0.0984, -0.6768 1.0971 0.0984, -0.6669 1.1108 0.0984, -0.6733 1.1108 0.0984, -0.6694 1.1247 0.0984, -0.6707 1.1247 0.0984, -0.203 1.1295 0.0984, -0.203 0.8223 0.0984, -0.2611 1.1295 0.0984, -0.2589 0.8223 0.0984, -0.3004 0.8261 0.0984, -0.4143 0.9797 0.0984, -0.4109 1.0189 0.0984, -0.4017 1.0501 0.0984, -0.3077 1.1246 0.0984, -0.3336 0.8365 0.0984, -0.3604 0.8524 0.0984, -0.3825 0.8742 0.0984, -0.3991 0.9014 0.0984, -0.4107 0.9384 0.0984, -0.3881 1.0743 0.0984, -0.3689 1.0946 0.0984, -0.3402 1.1132 0.0984
            ]
        }
        coordIndex [
            0,1,2,-1,2,1,3,-1,2,3,4,-1,4,3,5,-1,4,5,6,-1,6,5,7,-1,8,9,10,-1,10,9,11,-1,10,11,12,-1,13,14,10,-1,10,14,15,-1,10,15,16,-1,12,17,10,-1,10,17,18,-1,10,18,19,-1,19,20,10,-1,10,20,21,-1,10,21,13,-1,22,23,15,-1,15,23,24,-1,15,24,16,-1,
        ]
    }
}