#VRML V2.0 utf8
# 3D model generated by easyeda2kicad.py (https://github.com/uPesy/easyeda2kicad.py)

Shape{
    appearance Appearance {
        material  Material 	{
            diffuseColor 0.2235294117647059 0.2235294117647059 0.2235294117647059
            specularColor 0.11372549019607843 0.11372549019607843 0.11372549019607843
            ambientIntensity 0.2235
            transparency 0.0
            shininess 0.5
        }
    }
    geometry IndexedFaceSet {
        ccw TRUE
        solid FALSE
        coord DEF co Coordinate {
            point [
                -0.1463 1.2597 1.2877, -0.1462 1.2597 1.2694, -0.1463 1.2593 1.2877, -0.1462 1.2593 1.2694, -0.0826 1.2597 1.2881, -0.0826 1.2593 1.2881, -0.0836 1.2597 1.43, -0.0836 1.2593 1.43, -0.0629 1.2597 1.4301, -0.0629 1.2593 1.4301, -0.0618 1.2597 1.27, -0.0618 1.2593 1.27, -0.2283 1.2597 1.2661, -0.2283 1.2593 1.2661, -0.2381 1.2593 1.2664, -0.2381 1.2597 1.2664, -0.2472 1.2593 1.2673, -0.2472 1.2597 1.2673, -0.2554 1.2593 1.2689, -0.2554 1.2597 1.2689, -0.2628 1.2593 1.271, -0.2628 1.2597 1.271, -0.2695 1.2593 1.2736, -0.2695 1.2597 1.2736, -0.2727 1.2593 1.2751, -0.2727 1.2597 1.2751, -0.2728 1.2597 1.295, -0.2728 1.2593 1.295, -0.2668 1.2593 1.2917, -0.2668 1.2597 1.2917, -0.2604 1.2593 1.2891, -0.2604 1.2597 1.2891, -0.2536 1.2593 1.287, -0.2536 1.2597 1.287, -0.2464 1.2593 1.2856, -0.2464 1.2597 1.2856, -0.2388 1.2593 1.2847, -0.2388 1.2597 1.2847, -0.2314 1.2593 1.2845, -0.2314 1.2597 1.2845, -0.2244 1.2593 1.2849, -0.2244 1.2597 1.2849, -0.2179 1.2593 1.286, -0.2179 1.2597 1.286, -0.2119 1.2593 1.2876, -0.2119 1.2597 1.2876, -0.2063 1.2593 1.2899, -0.2063 1.2597 1.2899, -0.2011 1.2593 1.2927, -0.2011 1.2597 1.2927, -0.1963 1.2593 1.2961, -0.1963 1.2597 1.2961, -0.1919 1.2593 1.3001, -0.1919 1.2597 1.3001, -0.1904 1.2593 1.3017, -0.1904 1.2597 1.3017, -0.1865 1.2593 1.3064, -0.1865 1.2597 1.3064, -0.1833 1.2593 1.3115, -0.1833 1.2597 1.3115, -0.1805 1.2593 1.317, -0.1805 1.2597 1.317, -0.1783 1.2593 1.323, -0.1783 1.2597 1.323, -0.1766 1.2593 1.3295, -0.1766 1.2597 1.3295, -0.1755 1.2593 1.3365, -0.1755 1.2597 1.3365, -0.175 1.2593 1.3441, -0.175 1.2597 1.3441, -0.175 1.2593 1.3475, -0.175 1.2597 1.3475, -0.1754 1.2593 1.3558, -0.1754 1.2597 1.3558, -0.1765 1.2593 1.3635, -0.1765 1.2597 1.3635, -0.1781 1.2593 1.3706, -0.1781 1.2597 1.3706, -0.1804 1.2593 1.3771, -0.1804 1.2597 1.3771, -0.1831 1.2593 1.383, -0.1831 1.2597 1.383, -0.1864 1.2593 1.3884, -0.1864 1.2597 1.3884, -0.1903 1.2593 1.3934, -0.1903 1.2597 1.3934, -0.1922 1.2593 1.3955, -0.1922 1.2597 1.3955, -0.1968 1.2593 1.3998, -0.1968 1.2597 1.3998, -0.2018 1.2593 1.4036, -0.2018 1.2597 1.4036, -0.2071 1.2593 1.4066, -0.2071 1.2597 1.4066, -0.2126 1.2593 1.4091, -0.2126 1.2597 1.4091, -0.2185 1.2593 1.4109, -0.2185 1.2597 1.4109, -0.2248 1.2593 1.4122, -0.2248 1.2597 1.4122, -0.2316 1.2593 1.4129, -0.2316 1.2597 1.4129, -0.2359 1.2593 1.4129, -0.2359 1.2597 1.4129, -0.2436 1.2593 1.4126, -0.2436 1.2597 1.4126, -0.251 1.2593 1.4115, -0.251 1.2597 1.4115, -0.2581 1.2593 1.4098, -0.2581 1.2597 1.4098, -0.2648 1.2593 1.4074, -0.2648 1.2597 1.4074, -0.2713 1.2593 1.4044, -0.2713 1.2597 1.4044, -0.2736 1.2593 1.4032, -0.2736 1.2597 1.4032, -0.2738 1.2597 1.4248, -0.2738 1.2593 1.4248, -0.2676 1.2593 1.4271, -0.2676 1.2597 1.4271, -0.2608 1.2593 1.429, -0.2608 1.2597 1.429, -0.2531 1.2593 1.4304, -0.2531 1.2597 1.4304, -0.2445 1.2593 1.4313, -0.2445 1.2597 1.4313, -0.2359 1.2593 1.4316, -0.2359 1.2597 1.4316, -0.2275 1.2593 1.4313, -0.2275 1.2597 1.4313, -0.2195 1.2593 1.4304, -0.2195 1.2597 1.4304, -0.212 1.2593 1.4288, -0.212 1.2597 1.4288, -0.205 1.2593 1.4266, -0.205 1.2597 1.4266, -0.1983 1.2593 1.4238, -0.1983 1.2597 1.4238, -0.192 1.2593 1.4204, -0.192 1.2597 1.4204, -0.1861 1.2593 1.4164, -0.1861 1.2597 1.4164, -0.1804 1.2593 1.4118, -0.1804 1.2597 1.4118, -0.1769 1.2593 1.4085, -0.1769 1.2597 1.4085, -0.1719 1.2593 1.403, -0.1719 1.2597 1.403, -0.1676 1.2593 1.3972, -0.1676 1.2597 1.3972, -0.1638 1.2593 1.391, -0.1638 1.2597 1.391, -0.1606 1.2593 1.3845, -0.1606 1.2597 1.3845, -0.158 1.2593 1.3775, -0.158 1.2597 1.3775, -0.156 1.2593 1.3702, -0.156 1.2597 1.3702, -0.1545 1.2593 1.3623, -0.1545 1.2597 1.3623, -0.1536 1.2593 1.3539, -0.1536 1.2597 1.3539, -0.1533 1.2593 1.3464, -0.1533 1.2597 1.3464, -0.1536 1.2593 1.3374, -0.1536 1.2597 1.3374, -0.1545 1.2593 1.3289, -0.1545 1.2597 1.3289, -0.1561 1.2593 1.321, -0.1561 1.2597 1.321, -0.1583 1.2593 1.3137, -0.1583 1.2597 1.3137, -0.161 1.2593 1.307, -0.161 1.2597 1.307, -0.1642 1.2593 1.3007, -0.1642 1.2597 1.3007, -0.1681 1.2593 1.2949, -0.1681 1.2597 1.2949, -0.1722 1.2593 1.2897, -0.1722 1.2597 1.2897, -0.1734 1.2593 1.2884, -0.1734 1.2597 1.2884, -0.1784 1.2593 1.2835, -0.1784 1.2597 1.2835, -0.1837 1.2593 1.2793, -0.1837 1.2597 1.2793, -0.1893 1.2593 1.2757, -0.1893 1.2597 1.2757, -0.1953 1.2593 1.2727, -0.1953 1.2597 1.2727, -0.2017 1.2593 1.2702, -0.2017 1.2597 1.2702, -0.2086 1.2593 1.2683, -0.2086 1.2597 1.2683, -0.2158 1.2593 1.267, -0.2158 1.2597 1.267, -0.2237 1.2593 1.2663, -0.2237 1.2597 1.2663, -0.391 1.2597 1.2859, -0.3908 1.2597 1.2677, -0.391 1.2593 1.2859, -0.3908 1.2593 1.2677, -0.3255 1.2597 1.2864, -0.3255 1.2593 1.2864, -0.3259 1.2597 1.3403, -0.3259 1.2593 1.3403, -0.3832 1.2597 1.3399, -0.3832 1.2593 1.3399, -0.3833 1.2597 1.3582, -0.3833 1.2593 1.3582, -0.326 1.2597 1.3586, -0.326 1.2593 1.3586, -0.3264 1.2597 1.4099, -0.3264 1.2593 1.4099, -0.3882 1.2597 1.4094, -0.3882 1.2593 1.4094, -0.3883 1.2597 1.4278, -0.3883 1.2593 1.4278, -0.3058 1.2597 1.4284, -0.3058 1.2593 1.4284, -0.3047 1.2597 1.2683, -0.3047 1.2593 1.2683, -0.495 1.2597 1.2904, -0.5059 1.2597 1.275, -0.5008 1.2597 1.293, -0.5126 1.2597 1.2783, -0.5061 1.2597 1.2962, -0.5189 1.2597 1.2823, -0.5109 1.2597 1.3, -0.5248 1.2597 1.2868, -0.5129 1.2597 1.3018, -0.5275 1.2597 1.2891, -0.5169 1.2597 1.3061, -0.5326 1.2597 1.2943, -0.5205 1.2597 1.3109, -0.5372 1.2597 1.2999, -0.5235 1.2597 1.3162, -0.5411 1.2597 1.3058, -0.5259 1.2597 1.3219, -0.5291 1.2597 1.3637, -0.5492 1.2597 1.372, -0.5275 1.2597 1.3704, -0.547 1.2597 1.3788, -0.5254 1.2597 1.3763, -0.5442 1.2597 1.3851, -0.5227 1.2597 1.3817, -0.5408 1.2597 1.391, -0.5196 1.2597 1.3865, -0.5369 1.2597 1.3966, -0.5323 1.2597 1.4018, -0.5159 1.2597 1.3908, -0.5283 1.2597 1.4056, -0.5131 1.2597 1.3935, -0.5224 1.2597 1.4104, -0.5081 1.2597 1.3973, -0.5161 1.2597 1.4146, -0.5028 1.2597 1.4006, -0.5096 1.2597 1.4182, -0.497 1.2597 1.4034, -0.5026 1.2597 1.4212, -0.4907 1.2597 1.4056, -0.4953 1.2597 1.4236, -0.484 1.2597 1.4072, -0.4876 1.2597 1.4254, -0.4766 1.2597 1.4083, -0.4794 1.2597 1.4266, -0.4689 1.2597 1.4088, -0.4707 1.2597 1.4272, -0.4669 1.2597 1.4089, -0.4679 1.2597 1.4273, -0.4428 1.2597 1.409, -0.4222 1.2597 1.4276, -0.4419 1.2597 1.2856, -0.4211 1.2597 1.2675, -0.4651 1.2597 1.2854, -0.4651 1.2597 1.2671, -0.4736 1.2597 1.2857, -0.4743 1.2597 1.2674, -0.4814 1.2597 1.2866, -0.483 1.2597 1.2684, -0.4885 1.2597 1.2882, -0.4912 1.2597 1.27, -0.4988 1.2597 1.2722, -0.5444 1.2597 1.312, -0.5471 1.2597 1.3186, -0.5279 1.2597 1.3281, -0.5492 1.2597 1.3256, -0.5292 1.2597 1.3348, -0.5508 1.2597 1.3331, -0.5301 1.2597 1.3422, -0.5517 1.2597 1.341, -0.5303 1.2597 1.3482, -0.552 1.2597 1.3486, -0.53 1.2597 1.3563, -0.5518 1.2597 1.3569, -0.5508 1.2597 1.3647, -0.5081 1.2593 1.3973, -0.5224 1.2593 1.4104, -0.5131 1.2593 1.3935, -0.5283 1.2593 1.4056, -0.5159 1.2593 1.3908, -0.5323 1.2593 1.4018, -0.5196 1.2593 1.3865, -0.5369 1.2593 1.3966, -0.5227 1.2593 1.3817, -0.5408 1.2593 1.391, -0.5254 1.2593 1.3763, -0.5442 1.2593 1.3851, -0.5275 1.2593 1.3704, -0.5008 1.2593 1.293, -0.5059 1.2593 1.275, -0.495 1.2593 1.2904, -0.4988 1.2593 1.2722, -0.4885 1.2593 1.2882, -0.4912 1.2593 1.27, -0.4814 1.2593 1.2866, -0.483 1.2593 1.2684, -0.4736 1.2593 1.2857, -0.4743 1.2593 1.2674, -0.4651 1.2593 1.2854, -0.4651 1.2593 1.2671, -0.4419 1.2593 1.2856, -0.4211 1.2593 1.2675, -0.4428 1.2593 1.409, -0.4222 1.2593 1.4276, -0.4669 1.2593 1.4089, -0.4679 1.2593 1.4273, -0.4689 1.2593 1.4088, -0.4707 1.2593 1.4272, -0.4766 1.2593 1.4083, -0.4794 1.2593 1.4266, -0.484 1.2593 1.4072, -0.4876 1.2593 1.4254, -0.4907 1.2593 1.4056, -0.4953 1.2593 1.4236, -0.497 1.2593 1.4034, -0.5026 1.2593 1.4212, -0.5028 1.2593 1.4006, -0.5096 1.2593 1.4182, -0.5161 1.2593 1.4146, -0.5279 1.2593 1.3281, -0.5471 1.2593 1.3186, -0.5259 1.2593 1.3219, -0.5444 1.2593 1.312, -0.5235 1.2593 1.3162, -0.5411 1.2593 1.3058, -0.5205 1.2593 1.3109, -0.5372 1.2593 1.2999, -0.5169 1.2593 1.3061, -0.5326 1.2593 1.2943, -0.5129 1.2593 1.3018, -0.5275 1.2593 1.2891, -0.5109 1.2593 1.3, -0.5248 1.2593 1.2868, -0.5061 1.2593 1.2962, -0.5189 1.2593 1.2823, -0.5126 1.2593 1.2783, -0.547 1.2593 1.3788, -0.5492 1.2593 1.372, -0.5291 1.2593 1.3637, -0.5508 1.2593 1.3647, -0.53 1.2593 1.3563, -0.5518 1.2593 1.3569, -0.5303 1.2593 1.3482, -0.552 1.2593 1.3486, -0.5301 1.2593 1.3422, -0.5517 1.2593 1.341, -0.5292 1.2593 1.3348, -0.5508 1.2593 1.3331, -0.5492 1.2593 1.3256, -0.6056 1.2597 1.328, -0.63 1.2597 1.3944, -0.6225 1.2597 1.4262, -0.5603 1.2597 1.2665, -0.5832 1.2597 1.2663, -0.5989 1.2597 1.31, -0.6314 1.2597 1.3992, -0.6327 1.2597 1.4056, -0.6446 1.2597 1.426, -0.6332 1.2597 1.4056, -0.6344 1.2597 1.3988, -0.6356 1.2597 1.3944, -0.6593 1.2597 1.3277, -0.7044 1.2597 1.2654, -0.6816 1.2597 1.2656, -0.6656 1.2597 1.3095, -0.5989 1.2593 1.31, -0.6056 1.2593 1.328, -0.6656 1.2593 1.3095, -0.6593 1.2593 1.3277, -0.6356 1.2593 1.3944, -0.6446 1.2593 1.426, -0.7044 1.2593 1.2654, -0.6816 1.2593 1.2656, -0.6344 1.2593 1.3988, -0.6332 1.2593 1.4056, -0.6225 1.2593 1.4262, -0.6327 1.2593 1.4056, -0.6314 1.2593 1.3992, -0.63 1.2593 1.3944, -0.5603 1.2593 1.2665, -0.5832 1.2593 1.2663, -0.1462 1.2597 1.0336, -0.1461 1.2597 1.0154, -0.1462 1.2593 1.0336, -0.1461 1.2593 1.0154, -0.0808 1.2597 1.0341, -0.0808 1.2593 1.0341, -0.0811 1.2597 1.0879, -0.0811 1.2593 1.0879, -0.1384 1.2597 1.0875, -0.1384 1.2593 1.0875, -0.1385 1.2597 1.1059, -0.1385 1.2593 1.1059, -0.0813 1.2597 1.1063, -0.0813 1.2593 1.1063, -0.0816 1.2597 1.1575, -0.0816 1.2593 1.1575, -0.1434 1.2597 1.1571, -0.1434 1.2593 1.1571, -0.1436 1.2597 1.1755, -0.1436 1.2593 1.1755, -0.0611 1.2597 1.1761, -0.0611 1.2593 1.1761, -0.06 1.2597 1.016, -0.06 1.2593 1.016, -0.1999 1.2597 1.0664, -0.2045 1.2597 1.0676, -0.2376 1.2597 1.0874, -0.2107 1.2597 1.0687, -0.2307 1.2597 1.1099, -0.2415 1.2597 1.1258, -0.2283 1.2597 1.1118, -0.238 1.2597 1.1277, -0.2256 1.2597 1.1134, -0.234 1.2597 1.1293, -0.2225 1.2597 1.1145, -0.2374 1.2597 1.0601, -0.2371 1.2597 1.0558, -0.2577 1.2597 1.0882, -0.1895 1.2597 1.0361, -0.1879 1.2597 1.0384, -0.1711 1.2597 1.026, -0.1753 1.2597 1.0713, -0.1894 1.2597 1.0596, -0.1913 1.2597 1.0618, -0.1963 1.2597 1.0651, -0.2037 1.2597 1.0829, -0.1973 1.2597 1.0818, -0.2371 1.2597 1.0147, -0.2572 1.2597 1.0146, -0.2372 1.2597 1.0324, -0.2363 1.2597 1.0517, -0.2343 1.2597 1.1049, -0.2501 1.2597 1.1178, -0.2326 1.2597 1.1076, -0.2476 1.2597 1.1208, -0.2447 1.2597 1.1235, -0.1747 1.2597 1.0707, -0.1721 1.2597 1.0677, -0.1879 1.2597 1.0572, -0.17 1.2597 1.0645, -0.1868 1.2597 1.0544, -0.1915 1.2597 1.0803, -0.1865 1.2597 1.0785, -0.1936 1.2597 1.0636, -0.1822 1.2597 1.0763, -0.1785 1.2597 1.0739, -0.2367 1.2597 1.0981, -0.2557 1.2597 1.1057, -0.2356 1.2597 1.1018, -0.2542 1.2597 1.1103, -0.2523 1.2597 1.1143, -0.1916 1.2597 1.0339, -0.1816 1.2597 1.0168, -0.194 1.2597 1.0321, -0.1854 1.2597 1.0151, -0.1967 1.2597 1.0306, -0.1894 1.2597 1.0138, -0.1998 1.2597 1.0296, -0.1735 1.2597 1.0231, -0.1751 1.2597 1.0215, -0.1782 1.2597 1.0189, -0.1861 1.2597 1.0441, -0.1664 1.2597 1.0368, -0.1868 1.2597 1.0411, -0.1676 1.2597 1.0328, -0.1692 1.2597 1.0292, -0.2575 1.2597 1.0946, -0.2375 1.2597 1.0721, -0.2374 1.2597 1.0611, -0.2373 1.2597 1.0938, -0.2568 1.2597 1.1005, -0.2376 1.2597 1.0888, -0.1683 1.2597 1.061, -0.167 1.2597 1.0571, -0.1861 1.2597 1.0512, -0.1661 1.2597 1.0529, -0.1859 1.2597 1.0473, -0.2296 1.2597 1.1305, -0.2246 1.2597 1.1313, -0.2188 1.2597 1.1153, -0.2191 1.2597 1.1318, -0.2147 1.2597 1.1156, -0.2167 1.2597 1.1319, -0.2126 1.2597 1.1156, -0.2099 1.2597 1.1317, -0.2073 1.2597 1.1152, -0.2034 1.2597 1.131, -0.2021 1.2597 1.1143, -0.1973 1.2597 1.1298, -0.1969 1.2597 1.1129, -0.1915 1.2597 1.1281, -0.1919 1.2597 1.111, -0.186 1.2597 1.1261, -0.1869 1.2597 1.1086, -0.1808 1.2597 1.1235, -0.1819 1.2597 1.1056, -0.1772 1.2597 1.1215, -0.1771 1.2597 1.102, -0.235 1.2597 1.0478, -0.2334 1.2597 1.0443, -0.2367 1.2597 1.0324, -0.2313 1.2597 1.0409, -0.2357 1.2597 1.0308, -0.211 1.2597 1.0289, -0.2155 1.2597 1.0144, -0.215 1.2597 1.0296, -0.2195 1.2597 1.016, -0.2186 1.2597 1.0308, -0.2232 1.2597 1.018, -0.2219 1.2597 1.0324, -0.1656 1.2597 1.0483, -0.1655 1.2597 1.0458, -0.1657 1.2597 1.0411, -0.2267 1.2597 1.0205, -0.2299 1.2597 1.0234, -0.225 1.2597 1.0345, -0.2329 1.2597 1.0268, -0.2279 1.2597 1.037, -0.2287 1.2597 1.0379, -0.1939 1.2597 1.0128, -0.1988 1.2597 1.0123, -0.2032 1.2597 1.0289, -0.2015 1.2597 1.0123, -0.2068 1.2597 1.0287, -0.2065 1.2597 1.0125, -0.2112 1.2597 1.0132, -0.1819 1.2593 1.1056, -0.1771 1.2593 1.102, -0.1772 1.2593 1.1215, -0.2283 1.2593 1.1118, -0.2415 1.2593 1.1258, -0.2307 1.2593 1.1099, -0.2447 1.2593 1.1235, -0.2326 1.2593 1.1076, -0.1895 1.2593 1.0361, -0.1711 1.2593 1.026, -0.1879 1.2593 1.0384, -0.1692 1.2593 1.0292, -0.1868 1.2593 1.0411, -0.2363 1.2593 1.0517, -0.2371 1.2593 1.0558, -0.2577 1.2593 1.0882, -0.2357 1.2593 1.0308, -0.2329 1.2593 1.0268, -0.225 1.2593 1.0345, -0.2299 1.2593 1.0234, -0.2219 1.2593 1.0324, -0.2267 1.2593 1.0205, -0.2186 1.2593 1.0308, -0.2232 1.2593 1.018, -0.215 1.2593 1.0296, -0.2476 1.2593 1.1208, -0.2501 1.2593 1.1178, -0.2343 1.2593 1.1049, -0.2523 1.2593 1.1143, -0.2356 1.2593 1.1018, -0.2188 1.2593 1.1153, -0.2246 1.2593 1.1313, -0.2225 1.2593 1.1145, -0.2296 1.2593 1.1305, -0.2256 1.2593 1.1134, -0.234 1.2593 1.1293, -0.238 1.2593 1.1277, -0.235 1.2593 1.0478, -0.2372 1.2593 1.0324, -0.2371 1.2593 1.0147, -0.2572 1.2593 1.0146, -0.1913 1.2593 1.0618, -0.1822 1.2593 1.0763, -0.1936 1.2593 1.0636, -0.1865 1.2593 1.0785, -0.1963 1.2593 1.0651, -0.1915 1.2593 1.0803, -0.1999 1.2593 1.0664, -0.1973 1.2593 1.0818, -0.2045 1.2593 1.0676, -0.2037 1.2593 1.0829, -0.1894 1.2593 1.0596, -0.1753 1.2593 1.0713, -0.1785 1.2593 1.0739, -0.1916 1.2593 1.0339, -0.1751 1.2593 1.0215, -0.1735 1.2593 1.0231, -0.194 1.2593 1.0321, -0.1816 1.2593 1.0168, -0.1782 1.2593 1.0189, -0.2279 1.2593 1.037, -0.2287 1.2593 1.0379, -0.2367 1.2593 1.0324, -0.2313 1.2593 1.0409, -0.2334 1.2593 1.0443, -0.1879 1.2593 1.0572, -0.1721 1.2593 1.0677, -0.1747 1.2593 1.0707, -0.2375 1.2593 1.0721, -0.2575 1.2593 1.0946, -0.2374 1.2593 1.0611, -0.2374 1.2593 1.0601, -0.1676 1.2593 1.0328, -0.1664 1.2593 1.0368, -0.1861 1.2593 1.0441, -0.2032 1.2593 1.0289, -0.1988 1.2593 1.0123, -0.1998 1.2593 1.0296, -0.1939 1.2593 1.0128, -0.1967 1.2593 1.0306, -0.1894 1.2593 1.0138, -0.1854 1.2593 1.0151, -0.2195 1.2593 1.016, -0.2155 1.2593 1.0144, -0.211 1.2593 1.0289, -0.2112 1.2593 1.0132, -0.2068 1.2593 1.0287, -0.2065 1.2593 1.0125, -0.2015 1.2593 1.0123, -0.2542 1.2593 1.1103, -0.2557 1.2593 1.1057, -0.2367 1.2593 1.0981, -0.2568 1.2593 1.1005, -0.2373 1.2593 1.0938, -0.2376 1.2593 1.0888, -0.2376 1.2593 1.0874, -0.2107 1.2593 1.0687, -0.1861 1.2593 1.0512, -0.167 1.2593 1.0571, -0.1868 1.2593 1.0544, -0.1683 1.2593 1.061, -0.17 1.2593 1.0645, -0.1657 1.2593 1.0411, -0.1655 1.2593 1.0458, -0.1859 1.2593 1.0473, -0.1656 1.2593 1.0483, -0.1661 1.2593 1.0529, -0.1869 1.2593 1.1086, -0.1808 1.2593 1.1235, -0.1919 1.2593 1.111, -0.186 1.2593 1.1261, -0.1969 1.2593 1.1129, -0.1915 1.2593 1.1281, -0.2021 1.2593 1.1143, -0.1973 1.2593 1.1298, -0.2073 1.2593 1.1152, -0.2034 1.2593 1.131, -0.2126 1.2593 1.1156, -0.2099 1.2593 1.1317, -0.2147 1.2593 1.1156, -0.2167 1.2593 1.1319, -0.2191 1.2593 1.1318, -0.3174 1.2597 1.0278, -0.3174 1.2593 1.0278, -0.3123 1.2593 1.0281, -0.3123 1.2597 1.0281, -0.3073 1.2593 1.0288, -0.3073 1.2597 1.0288, -0.3024 1.2593 1.03, -0.3024 1.2597 1.03, -0.2977 1.2593 1.0317, -0.2977 1.2597 1.0317, -0.293 1.2593 1.0339, -0.293 1.2597 1.0339, -0.2884 1.2593 1.0365, -0.2884 1.2597 1.0365, -0.2845 1.2593 1.0391, -0.2845 1.2597 1.0391, -0.2844 1.2597 1.0184, -0.2844 1.2593 1.0184, -0.2892 1.2593 1.0162, -0.2892 1.2597 1.0162, -0.2942 1.2593 1.0144, -0.2942 1.2597 1.0144, -0.2996 1.2593 1.0131, -0.2996 1.2597 1.0131, -0.3053 1.2593 1.0121, -0.3053 1.2597 1.0121, -0.3114 1.2593 1.0116, -0.3114 1.2597 1.0116, -0.3154 1.2593 1.0115, -0.3154 1.2597 1.0115, -0.3217 1.2593 1.0116, -0.3217 1.2597 1.0116, -0.3277 1.2593 1.0123, -0.3277 1.2597 1.0123, -0.3331 1.2593 1.0134, -0.3331 1.2597 1.0134, -0.338 1.2593 1.0149, -0.338 1.2597 1.0149, -0.3425 1.2593 1.0167, -0.3425 1.2597 1.0167, -0.3466 1.2593 1.0189, -0.3466 1.2597 1.0189, -0.3487 1.2593 1.0203, -0.3487 1.2597 1.0203, -0.352 1.2593 1.0228, -0.352 1.2597 1.0228, -0.3548 1.2593 1.0256, -0.3548 1.2597 1.0256, -0.357 1.2593 1.0285, -0.357 1.2597 1.0285, -0.3588 1.2593 1.0316, -0.3588 1.2597 1.0316, -0.3602 1.2593 1.0349, -0.3602 1.2597 1.0349, -0.3612 1.2593 1.0384, -0.3612 1.2597 1.0384, -0.3617 1.2593 1.0423, -0.3617 1.2597 1.0423, -0.3618 1.2593 1.0449, -0.3618 1.2597 1.0449, -0.3616 1.2593 1.049, -0.3616 1.2597 1.049, -0.3609 1.2593 1.0528, -0.3609 1.2597 1.0528, -0.3598 1.2593 1.0563, -0.3598 1.2597 1.0563, -0.3583 1.2593 1.0595, -0.3583 1.2597 1.0595, -0.3564 1.2593 1.0624, -0.3564 1.2597 1.0624, -0.3552 1.2593 1.0639, -0.3552 1.2597 1.0639, -0.3527 1.2593 1.0664, -0.3527 1.2597 1.0664, -0.3495 1.2593 1.0689, -0.3495 1.2597 1.0689, -0.3454 1.2593 1.0715, -0.3454 1.2597 1.0715, -0.3403 1.2593 1.0743, -0.3403 1.2597 1.0743, -0.3339 1.2593 1.0772, -0.3339 1.2597 1.0772, -0.3295 1.2593 1.0789, -0.3295 1.2597 1.0789, -0.3208 1.2593 1.0826, -0.3208 1.2597 1.0826, -0.3154 1.2593 1.0853, -0.3154 1.2597 1.0853, -0.3119 1.2593 1.0874, -0.3119 1.2597 1.0874, -0.3101 1.2593 1.0889, -0.3101 1.2597 1.0889, -0.3084 1.2593 1.0907, -0.3084 1.2597 1.0907, -0.3071 1.2593 1.0927, -0.3071 1.2597 1.0927, -0.3063 1.2593 1.095, -0.3063 1.2597 1.095, -0.3058 1.2593 1.0976, -0.3058 1.2597 1.0976, -0.3058 1.2593 1.0995, -0.3058 1.2597 1.0995, -0.306 1.2593 1.1021, -0.306 1.2597 1.1021, -0.3067 1.2593 1.1045, -0.3067 1.2597 1.1045, -0.3079 1.2593 1.1066, -0.3079 1.2597 1.1066, -0.3094 1.2593 1.1086, -0.3094 1.2597 1.1086, -0.3114 1.2593 1.1103, -0.3114 1.2597 1.1103, -0.3119 1.2593 1.1106, -0.3119 1.2597 1.1106, -0.3146 1.2593 1.1122, -0.3146 1.2597 1.1122, -0.3175 1.2593 1.1134, -0.3175 1.2597 1.1134, -0.3209 1.2593 1.1142, -0.3209 1.2597 1.1142, -0.3247 1.2593 1.1147, -0.3247 1.2597 1.1147, -0.3278 1.2593 1.1148, -0.3278 1.2597 1.1148, -0.3331 1.2593 1.1145, -0.3331 1.2597 1.1145, -0.3383 1.2593 1.1138, -0.3383 1.2597 1.1138, -0.3432 1.2593 1.1126, -0.3432 1.2597 1.1126, -0.3478 1.2593 1.111, -0.3478 1.2597 1.111, -0.3523 1.2593 1.1089, -0.3523 1.2597 1.1089, -0.3568 1.2593 1.1063, -0.3568 1.2597 1.1063, -0.3569 1.2597 1.1258, -0.3569 1.2593 1.1258, -0.3517 1.2593 1.1277, -0.3517 1.2597 1.1277, -0.3464 1.2593 1.1292, -0.3464 1.2597 1.1292, -0.3408 1.2593 1.1302, -0.3408 1.2597 1.1302, -0.335 1.2593 1.1309, -0.335 1.2597 1.1309, -0.3298 1.2593 1.1311, -0.3298 1.2597 1.1311, -0.324 1.2593 1.1309, -0.324 1.2597 1.1309, -0.3184 1.2593 1.1302, -0.3184 1.2597 1.1302, -0.3132 1.2593 1.1291, -0.3132 1.2597 1.1291, -0.3085 1.2593 1.1276, -0.3085 1.2597 1.1276, -0.304 1.2593 1.1257, -0.304 1.2597 1.1257, -0.2999 1.2593 1.1234, -0.2999 1.2597 1.1234, -0.2981 1.2593 1.1222, -0.2981 1.2597 1.1222, -0.2948 1.2593 1.1196, -0.2948 1.2597 1.1196, -0.292 1.2593 1.1167, -0.292 1.2597 1.1167, -0.2897 1.2593 1.1137, -0.2897 1.2597 1.1137, -0.2879 1.2593 1.1106, -0.2879 1.2597 1.1106, -0.2865 1.2593 1.1072, -0.2865 1.2597 1.1072, -0.2856 1.2593 1.1037, -0.2856 1.2597 1.1037, -0.2851 1.2593 1.1, -0.2851 1.2597 1.1, -0.2851 1.2593 1.0979, -0.2851 1.2597 1.0979, -0.2853 1.2593 1.0937, -0.2853 1.2597 1.0937, -0.2859 1.2593 1.0898, -0.2859 1.2597 1.0898, -0.287 1.2593 1.0862, -0.287 1.2597 1.0862, -0.2886 1.2593 1.083, -0.2886 1.2597 1.083, -0.2904 1.2593 1.0801, -0.2904 1.2597 1.0801, -0.2906 1.2593 1.0797, -0.2906 1.2597 1.0797, -0.2927 1.2593 1.0774, -0.2927 1.2597 1.0774, -0.2954 1.2593 1.0751, -0.2954 1.2597 1.0751, -0.299 1.2593 1.0725, -0.299 1.2597 1.0725, -0.3036 1.2593 1.0698, -0.3036 1.2597 1.0698, -0.3096 1.2593 1.0669, -0.3096 1.2597 1.0669, -0.3152 1.2593 1.0644, -0.3152 1.2597 1.0644, -0.324 1.2593 1.0609, -0.324 1.2597 1.0609, -0.3297 1.2593 1.0581, -0.3297 1.2597 1.0581, -0.3337 1.2593 1.0558, -0.3337 1.2597 1.0558, -0.3361 1.2593 1.054, -0.3361 1.2597 1.054, -0.3381 1.2593 1.0521, -0.3381 1.2597 1.0521, -0.3396 1.2593 1.0499, -0.3396 1.2597 1.0499, -0.3406 1.2593 1.0476, -0.3406 1.2597 1.0476, -0.3411 1.2593 1.0452, -0.3411 1.2597 1.0452, -0.3412 1.2593 1.0431, -0.3412 1.2597 1.0431, -0.341 1.2593 1.0402, -0.341 1.2597 1.0402, -0.3403 1.2593 1.0376, -0.3403 1.2597 1.0376, -0.3392 1.2593 1.0354, -0.3392 1.2597 1.0354, -0.3377 1.2593 1.0336, -0.3377 1.2597 1.0336, -0.3358 1.2593 1.032, -0.3358 1.2597 1.032, -0.3334 1.2593 1.0306, -0.3334 1.2597 1.0306, -0.3306 1.2593 1.0294, -0.3306 1.2597 1.0294, -0.3271 1.2593 1.0286, -0.3271 1.2597 1.0286, -0.3229 1.2593 1.028, -0.3229 1.2597 1.028, -0.4618 1.2597 1.1275, -0.4826 1.2597 1.1273, -0.4618 1.2593 1.1275, -0.4826 1.2593 1.1273, -0.43 1.2597 1.0416, -0.43 1.2593 1.0416, -0.4284 1.2593 1.0363, -0.4284 1.2597 1.0363, -0.4275 1.2593 1.0324, -0.4275 1.2597 1.0324, -0.4269 1.2597 1.0324, -0.4269 1.2593 1.0324, -0.4246 1.2597 1.0418, -0.4246 1.2593 1.0418, -0.3953 1.2597 1.128, -0.3953 1.2593 1.128, -0.3728 1.2597 1.1281, -0.3728 1.2593 1.1281, -0.4169 1.2597 1.0137, -0.4169 1.2593 1.0137, -0.408 1.2597 0.993, -0.408 1.2593 0.993, -0.4056 1.2593 0.9882, -0.4056 1.2597 0.9882, -0.4032 1.2593 0.9847, -0.4032 1.2597 0.9847, -0.4003 1.2593 0.9817, -0.4003 1.2597 0.9817, -0.3974 1.2593 0.9796, -0.3974 1.2597 0.9796, -0.3942 1.2593 0.9781, -0.3942 1.2597 0.9781, -0.3907 1.2593 0.9772, -0.3907 1.2597 0.9772, -0.3873 1.2593 0.977, -0.3873 1.2597 0.977, -0.383 1.2593 0.9773, -0.383 1.2597 0.9773, -0.3785 1.2593 0.9784, -0.3785 1.2597 0.9784, -0.3759 1.2593 0.9793, -0.3759 1.2597 0.9793, -0.3758 1.2597 0.9615, -0.3758 1.2593 0.9615, -0.3805 1.2593 0.9604, -0.3805 1.2597 0.9604, -0.386 1.2593 0.9598, -0.386 1.2597 0.9598, -0.3887 1.2593 0.9598, -0.3887 1.2597 0.9598, -0.3936 1.2593 0.9601, -0.3936 1.2597 0.9601, -0.3983 1.2593 0.961, -0.3983 1.2597 0.961, -0.4027 1.2593 0.9626, -0.4027 1.2597 0.9626, -0.4069 1.2593 0.9648, -0.4069 1.2597 0.9648, -0.411 1.2593 0.9677, -0.411 1.2597 0.9677, -0.4149 1.2593 0.9714, -0.4149 1.2597 0.9714, -0.4187 1.2593 0.9759, -0.4187 1.2597 0.9759, -0.4224 1.2593 0.9812, -0.4224 1.2597 0.9812, -0.4259 1.2593 0.9875, -0.4259 1.2597 0.9875, -0.4293 1.2593 0.9948, -0.4293 1.2597 0.9948, -0.4298 1.2593 0.9961, -0.4298 1.2597 0.9961, -0.5897 1.2597 1.0305, -0.5896 1.2597 1.0122, -0.5897 1.2593 1.0305, -0.5896 1.2593 1.0122, -0.5242 1.2597 1.0309, -0.5242 1.2593 1.0309, -0.5246 1.2597 1.0848, -0.5246 1.2593 1.0848, -0.5819 1.2597 1.0844, -0.5819 1.2593 1.0844, -0.582 1.2597 1.1027, -0.582 1.2593 1.1027, -0.5247 1.2597 1.1031, -0.5247 1.2593 1.1031, -0.5251 1.2597 1.1544, -0.5251 1.2593 1.1544, -0.5869 1.2597 1.154, -0.5869 1.2593 1.154, -0.5871 1.2597 1.1724, -0.5871 1.2593 1.1724, -0.5046 1.2597 1.173, -0.5046 1.2593 1.173, -0.5034 1.2597 1.0128, -0.5034 1.2593 1.0128, -0.6937 1.2597 1.0349, -0.7047 1.2597 1.0195, -0.6995 1.2597 1.0376, -0.7114 1.2597 1.0229, -0.7048 1.2597 1.0408, -0.7176 1.2597 1.0268, -0.7096 1.2597 1.0445, -0.7235 1.2597 1.0313, -0.7116 1.2597 1.0463, -0.7262 1.2597 1.0337, -0.7157 1.2597 1.0507, -0.7314 1.2597 1.0389, -0.7192 1.2597 1.0555, -0.7359 1.2597 1.0444, -0.7222 1.2597 1.0607, -0.7398 1.2597 1.0503, -0.7247 1.2597 1.0664, -0.7278 1.2597 1.1082, -0.7479 1.2597 1.1165, -0.7262 1.2597 1.1149, -0.7457 1.2597 1.1233, -0.7241 1.2597 1.1209, -0.7429 1.2597 1.1296, -0.7215 1.2597 1.1262, -0.7396 1.2597 1.1356, -0.7183 1.2597 1.131, -0.7356 1.2597 1.1411, -0.731 1.2597 1.1463, -0.7146 1.2597 1.1353, -0.727 1.2597 1.1502, -0.7118 1.2597 1.138, -0.7211 1.2597 1.155, -0.7069 1.2597 1.1419, -0.7149 1.2597 1.1592, -0.7015 1.2597 1.1451, -0.7083 1.2597 1.1628, -0.6957 1.2597 1.1479, -0.7014 1.2597 1.1658, -0.6895 1.2597 1.1501, -0.6941 1.2597 1.1682, -0.6827 1.2597 1.1518, -0.6863 1.2597 1.17, -0.6754 1.2597 1.1529, -0.6782 1.2597 1.1712, -0.6676 1.2597 1.1534, -0.6695 1.2597 1.1718, -0.6657 1.2597 1.1534, -0.6666 1.2597 1.1718, -0.6415 1.2597 1.1536, -0.6209 1.2597 1.1721, -0.6406 1.2597 1.0301, -0.6198 1.2597 1.012, -0.6639 1.2597 1.0299, -0.6639 1.2597 1.0117, -0.6723 1.2597 1.0302, -0.673 1.2597 1.012, -0.6801 1.2597 1.0312, -0.6818 1.2597 1.0129, -0.6873 1.2597 1.0328, -0.6899 1.2597 1.0145, -0.6975 1.2597 1.0167, -0.7431 1.2597 1.0566, -0.7458 1.2597 1.0632, -0.7266 1.2597 1.0726, -0.748 1.2597 1.0702, -0.728 1.2597 1.0794, -0.7495 1.2597 1.0776, -0.7288 1.2597 1.0868, -0.7505 1.2597 1.0856, -0.729 1.2597 1.0928, -0.7508 1.2597 1.0932, -0.7287 1.2597 1.1008, -0.7505 1.2597 1.1014, -0.7495 1.2597 1.1093, -0.7069 1.2593 1.1419, -0.7211 1.2593 1.155, -0.7118 1.2593 1.138, -0.727 1.2593 1.1502, -0.7146 1.2593 1.1353, -0.731 1.2593 1.1463, -0.7183 1.2593 1.131, -0.7356 1.2593 1.1411, -0.7215 1.2593 1.1262, -0.7396 1.2593 1.1356, -0.7241 1.2593 1.1209, -0.7429 1.2593 1.1296, -0.7262 1.2593 1.1149, -0.6995 1.2593 1.0376, -0.7047 1.2593 1.0195, -0.6937 1.2593 1.0349, -0.6975 1.2593 1.0167, -0.6873 1.2593 1.0328, -0.6899 1.2593 1.0145, -0.6801 1.2593 1.0312, -0.6818 1.2593 1.0129, -0.6723 1.2593 1.0302, -0.673 1.2593 1.012, -0.6639 1.2593 1.0299, -0.6639 1.2593 1.0117, -0.6406 1.2593 1.0301, -0.6198 1.2593 1.012, -0.6415 1.2593 1.1536, -0.6209 1.2593 1.1721, -0.6657 1.2593 1.1534, -0.6666 1.2593 1.1718, -0.6676 1.2593 1.1534, -0.6695 1.2593 1.1718, -0.6754 1.2593 1.1529, -0.6782 1.2593 1.1712, -0.6827 1.2593 1.1518, -0.6863 1.2593 1.17, -0.6895 1.2593 1.1501, -0.6941 1.2593 1.1682, -0.6957 1.2593 1.1479, -0.7014 1.2593 1.1658, -0.7015 1.2593 1.1451, -0.7083 1.2593 1.1628, -0.7149 1.2593 1.1592, -0.7266 1.2593 1.0726, -0.7458 1.2593 1.0632, -0.7247 1.2593 1.0664, -0.7431 1.2593 1.0566, -0.7222 1.2593 1.0607, -0.7398 1.2593 1.0503, -0.7192 1.2593 1.0555, -0.7359 1.2593 1.0444, -0.7157 1.2593 1.0507, -0.7314 1.2593 1.0389, -0.7116 1.2593 1.0463, -0.7262 1.2593 1.0337, -0.7096 1.2593 1.0445, -0.7235 1.2593 1.0313, -0.7048 1.2593 1.0408, -0.7176 1.2593 1.0268, -0.7114 1.2593 1.0229, -0.7457 1.2593 1.1233, -0.7479 1.2593 1.1165, -0.7278 1.2593 1.1082, -0.7495 1.2593 1.1093, -0.7287 1.2593 1.1008, -0.7505 1.2593 1.1014, -0.729 1.2593 1.0928, -0.7508 1.2593 1.0932, -0.7288 1.2593 1.0868, -0.7505 1.2593 1.0856, -0.728 1.2593 1.0794, -0.7495 1.2593 1.0776, -0.748 1.2593 1.0702, -0.8043 1.2597 1.0726, -0.8287 1.2597 1.139, -0.8212 1.2597 1.1707, -0.7591 1.2597 1.011, -0.7819 1.2597 1.0108, -0.7976 1.2597 1.0545, -0.8301 1.2597 1.1437, -0.8314 1.2597 1.1502, -0.8433 1.2597 1.1706, -0.8319 1.2597 1.1502, -0.8331 1.2597 1.1434, -0.8343 1.2597 1.1389, -0.858 1.2597 1.0722, -0.9032 1.2597 1.01, -0.8803 1.2597 1.0102, -0.8643 1.2597 1.0541, -0.7976 1.2593 1.0545, -0.8043 1.2593 1.0726, -0.8643 1.2593 1.0541, -0.858 1.2593 1.0722, -0.8343 1.2593 1.1389, -0.8433 1.2593 1.1706, -0.9032 1.2593 1.01, -0.8803 1.2593 1.0102, -0.8331 1.2593 1.1434, -0.8319 1.2593 1.1502, -0.8212 1.2593 1.1707, -0.8314 1.2593 1.1502, -0.8301 1.2593 1.1437, -0.8287 1.2593 1.139, -0.7591 1.2593 1.011, -0.7819 1.2593 1.0108, 0.6306 1.2597 0.9772, 0.6182 1.2597 0.9667, 0.657 1.2597 1.0991, 0.5579 1.2597 1.3044, 0.5497 1.2597 1.2998, 0.5844 1.2597 1.3832, 0.4643 1.2597 1.1341, 0.5511 1.2597 1.1017, 0.5434 1.2597 1.101, 0.4364 1.2597 1.0576, 0.5072 1.2597 1.0531, 0.4374 1.2597 1.043, 0.5097 1.2597 1.0421, 0.4826 1.2597 1.384, 0.4631 1.2597 1.3943, 0.4982 1.2597 1.4539, 0.2565 1.2597 1.3239, 0.2473 1.2597 1.3038, 0.1817 1.2597 1.3257, 0.2409 1.2597 1.2826, 0.238 1.2597 1.2646, 0.5865 1.2597 1.0845, 0.6518 1.2597 1.1107, 0.5922 1.2597 1.0749, 0.5953 1.2597 1.0641, 0.196 1.2597 1.0931, 0.2118 1.2597 1.0884, 0.1954 1.2597 1.0206, 0.6587 1.2597 1.0228, 0.6518 1.2597 1.0061, 0.6424 1.2597 0.9909, 0.5157 1.2597 1.0837, 0.5104 1.2597 1.0745, 0.5075 1.2597 1.0642, 0.2763 1.2597 1.1522, 0.3112 1.2597 1.2127, 0.4363 1.2597 1.069, 0.5618 1.2597 1.1005, 0.5435 1.2597 1.1733, 0.5494 1.2597 1.1734, 0.6428 1.2597 1.3127, 0.6569 1.2597 1.3801, 0.6792 1.2597 1.3729, 0.5327 1.2597 1.0976, 0.5233 1.2597 1.0917, 0.5148 1.2597 1.0322, 0.4485 1.2597 1.0075, 0.4415 1.2597 1.0248, 0.5814 1.2597 1.0246, 0.5724 1.2597 1.0182, 0.6024 1.2597 0.957, 0.5619 1.2597 1.0142, 0.5718 1.2597 1.0967, 0.6155 1.2597 1.1526, 0.5808 1.2597 1.0906, 0.6297 1.2597 1.1407, 0.6419 1.2597 1.1267, 0.5676 1.2597 1.1721, 0.5849 1.2597 1.168, 0.6015 1.2597 1.1611, 0.2169 1.2597 1.0174, 0.2233 1.2597 1.0869, 0.2841 1.2597 1.0179, 0.2745 1.2597 1.0872, 0.2898 1.2597 1.0187, 0.4739 1.2597 1.4638, 0.4424 1.2597 1.4018, 0.4489 1.2597 1.4709, 0.6734 1.2597 1.1083, 0.6932 1.2597 1.0356, 0.6715 1.2597 1.0267, 0.6602 1.2597 1.3059, 0.7004 1.2597 1.3629, 0.6763 1.2597 1.2964, 0.7204 1.2597 1.3502, 0.6905 1.2597 1.2845, 0.4771 1.2597 1.1469, 0.4919 1.2597 1.1575, 0.5084 1.2597 1.1656, 0.5262 1.2597 1.1709, 0.1442 1.2597 1.2007, 0.0836 1.2597 1.2376, 0.1503 1.2597 1.216, 0.0938 1.2597 1.2566, 0.1592 1.2597 1.2299, 0.1067 1.2597 1.2746, 0.1704 1.2597 1.2419, 0.1219 1.2597 1.2906, 0.1833 1.2597 1.2516, 0.7007 1.2597 1.134, 0.7494 1.2597 1.0781, 0.688 1.2597 1.12, 0.7322 1.2597 1.0613, 0.7134 1.2597 1.0471, 0.634 1.2597 1.3843, 0.6245 1.2597 1.3165, 0.6106 1.2597 1.3857, 0.6099 1.2597 1.3173, 0.5975 1.2597 1.3849, 0.5922 1.2597 1.3157, 0.5749 1.2597 1.3114, 0.5885 1.2597 1.033, 0.5932 1.2597 1.0424, 0.5956 1.2597 1.053, 0.1748 1.2597 1.0266, 0.1551 1.2597 1.0354, 0.1814 1.2597 1.1006, 0.1366 1.2597 1.047, 0.1686 1.2597 1.1106, 0.1196 1.2597 1.0612, 0.1633 1.2597 1.116, 0.113 1.2597 1.0679, 0.1537 1.2597 1.129, 0.5215 1.2597 1.4411, 0.5339 1.2597 1.4329, 0.5004 1.2597 1.3712, 0.5521 1.2597 1.4185, 0.5162 1.2597 1.3561, 0.5687 1.2597 1.4019, 0.5299 1.2597 1.3389, 0.541 1.2597 1.3202, 0.1915 1.2597 1.3486, 0.204 1.2597 1.3704, 0.2685 1.2597 1.3426, 0.2193 1.2597 1.3913, 0.2828 1.2597 1.3595, 0.7228 1.2597 1.1838, 0.7907 1.2597 1.1563, 0.7181 1.2597 1.1657, 0.7835 1.2597 1.1339, 0.7104 1.2597 1.1486, 0.7735 1.2597 1.1124, 0.7608 1.2597 1.0923, 0.5309 1.2597 1.0179, 0.4832 1.2597 0.9666, 0.5221 1.2597 1.024, 0.4704 1.2597 0.9775, 0.4583 1.2597 0.9916, 0.5851 1.2597 0.9499, 0.5668 1.2597 0.9458, 0.5517 1.2597 1.0129, 0.5511 1.2597 0.9446, 0.5408 1.2597 1.0142, 0.1423 1.2597 1.1588, 0.0704 1.2597 1.1658, 0.1407 1.2597 1.1751, 0.0701 1.2597 1.1757, 0.1411 1.2597 1.1844, 0.0718 1.2597 1.197, 0.0763 1.2597 1.2176, 0.0993 1.2597 1.0847, 0.0881 1.2597 1.1031, 0.1466 1.2597 1.1434, 0.0794 1.2597 1.1229, 0.0735 1.2597 1.144, 0.5328 1.2597 0.9459, 0.5154 1.2597 0.9501, 0.4987 1.2597 0.957, 0.28 1.2597 1.0883, 0.3082 1.2597 1.0302, 0.3048 1.2597 1.0267, 0.397 1.2597 1.4764, 0.3963 1.2597 1.4081, 0.389 1.2597 1.4762, 0.3747 1.2597 1.4064, 0.7114 1.2597 1.2564, 0.7811 1.2597 1.2747, 0.7186 1.2597 1.2399, 0.789 1.2597 1.2526, 0.723 1.2597 1.2225, 0.7941 1.2597 1.2295, 0.7246 1.2597 1.2043, 0.7962 1.2597 1.2073, 0.7245 1.2597 1.201, 0.7963 1.2597 1.2025, 0.795 1.2597 1.1792, 0.2288 1.2597 1.2645, 0.2127 1.2597 1.263, 0.1774 1.2597 1.3242, 0.1975 1.2597 1.2586, 0.1584 1.2597 1.316, 0.1393 1.2597 1.3046, 0.3169 1.2597 1.0534, 0.3159 1.2597 1.0451, 0.313 1.2597 1.0374, 0.2766 1.2597 1.0875, 0.2973 1.2597 1.0216, 0.4233 1.2597 1.4751, 0.4206 1.2597 1.4064, 0.3997 1.2597 1.408, 0.2898 1.2597 1.0874, 0.2977 1.2597 1.0845, 0.3167 1.2597 1.0568, 0.3048 1.2597 1.0796, 0.3104 1.2597 1.0734, 0.3146 1.2597 1.0655, 0.7378 1.2597 1.3358, 0.7419 1.2597 1.3319, 0.7016 1.2597 1.2718, 0.7574 1.2597 1.3146, 0.7704 1.2597 1.2955, 0.2813 1.2597 1.0884, 0.2373 1.2597 1.411, 0.2426 1.2597 1.4161, 0.2968 1.2597 1.3722, 0.2641 1.2597 1.433, 0.3146 1.2597 1.3847, 0.2872 1.2597 1.4474, 0.3337 1.2597 1.3947, 0.3116 1.2597 1.4591, 0.3538 1.2597 1.402, 0.3369 1.2597 1.4678, 0.3628 1.2597 1.4735, 0.3112 1.2593 1.2127, 0.2763 1.2593 1.1522, 0.4643 1.2593 1.1341, 0.4363 1.2593 1.069, 0.4987 1.2593 0.957, 0.657 1.2593 1.0991, 0.5618 1.2593 1.1005, 0.5718 1.2593 1.0967, 0.5922 1.2593 1.0749, 0.5953 1.2593 1.0641, 0.7134 1.2593 1.0471, 0.5956 1.2593 1.053, 0.6932 1.2593 1.0356, 0.4364 1.2593 1.0576, 0.4374 1.2593 1.043, 0.4832 1.2593 0.9666, 0.4704 1.2593 0.9775, 0.688 1.2593 1.12, 0.6734 1.2593 1.1083, 0.4631 1.2593 1.3943, 0.4826 1.2593 1.384, 0.5215 1.2593 1.4411, 0.5724 1.2593 1.0182, 0.6182 1.2593 0.9667, 0.5814 1.2593 1.0246, 0.6306 1.2593 0.9772, 0.5885 1.2593 1.033, 0.5517 1.2593 1.0129, 0.5408 1.2593 1.0142, 0.5328 1.2593 0.9459, 0.5148 1.2593 1.0322, 0.5097 1.2593 1.0421, 0.5072 1.2593 1.0531, 0.5075 1.2593 1.0642, 0.541 1.2593 1.3202, 0.5497 1.2593 1.2998, 0.5844 1.2593 1.3832, 0.5579 1.2593 1.3044, 0.6602 1.2593 1.3059, 0.6792 1.2593 1.3729, 0.6428 1.2593 1.3127, 0.6569 1.2593 1.3801, 0.6245 1.2593 1.3165, 0.634 1.2593 1.3843, 0.6099 1.2593 1.3173, 0.7322 1.2593 1.0613, 0.7494 1.2593 1.0781, 0.7007 1.2593 1.134, 0.7608 1.2593 1.0923, 0.7104 1.2593 1.1486, 0.7735 1.2593 1.1124, 0.7181 1.2593 1.1657, 0.5808 1.2593 1.0906, 0.5865 1.2593 1.0845, 0.2685 1.2593 1.3426, 0.204 1.2593 1.3704, 0.2565 1.2593 1.3239, 0.1915 1.2593 1.3486, 0.2473 1.2593 1.3038, 0.1817 1.2593 1.3257, 0.2409 1.2593 1.2826, 0.5339 1.2593 1.4329, 0.5004 1.2593 1.3712, 0.5521 1.2593 1.4185, 0.1975 1.2593 1.2586, 0.2127 1.2593 1.263, 0.4415 1.2593 1.0248, 0.4485 1.2593 1.0075, 0.4583 1.2593 0.9916, 0.5749 1.2593 1.3114, 0.5922 1.2593 1.3157, 0.5975 1.2593 1.3849, 0.6106 1.2593 1.3857, 0.5687 1.2593 1.4019, 0.5162 1.2593 1.3561, 0.5299 1.2593 1.3389, 0.1466 1.2593 1.1434, 0.0881 1.2593 1.1031, 0.1537 1.2593 1.129, 0.0993 1.2593 1.0847, 0.1633 1.2593 1.116, 0.113 1.2593 1.0679, 0.1686 1.2593 1.1106, 0.1196 1.2593 1.0612, 0.1814 1.2593 1.1006, 0.1503 1.2593 1.216, 0.0836 1.2593 1.2376, 0.1442 1.2593 1.2007, 0.0763 1.2593 1.2176, 0.1411 1.2593 1.1844, 0.0718 1.2593 1.197, 0.1407 1.2593 1.1751, 0.2288 1.2593 1.2645, 0.238 1.2593 1.2646, 0.6424 1.2593 0.9909, 0.6518 1.2593 1.0061, 0.5932 1.2593 1.0424, 0.6587 1.2593 1.0228, 0.6715 1.2593 1.0267, 0.5154 1.2593 0.9501, 0.5309 1.2593 1.0179, 0.5221 1.2593 1.024, 0.5511 1.2593 1.1017, 0.5435 1.2593 1.1733, 0.5434 1.2593 1.101, 0.5262 1.2593 1.1709, 0.5327 1.2593 1.0976, 0.5511 1.2593 0.9446, 0.5668 1.2593 0.9458, 0.5619 1.2593 1.0142, 0.5851 1.2593 0.9499, 0.6024 1.2593 0.957, 0.5084 1.2593 1.1656, 0.4919 1.2593 1.1575, 0.5233 1.2593 1.0917, 0.4771 1.2593 1.1469, 0.5157 1.2593 1.0837, 0.5104 1.2593 1.0745, 0.6015 1.2593 1.1611, 0.5849 1.2593 1.168, 0.7186 1.2593 1.2399, 0.7811 1.2593 1.2747, 0.7114 1.2593 1.2564, 0.7704 1.2593 1.2955, 0.7016 1.2593 1.2718, 0.7835 1.2593 1.1339, 0.7907 1.2593 1.1563, 0.7228 1.2593 1.1838, 0.795 1.2593 1.1792, 0.7245 1.2593 1.201, 0.7963 1.2593 1.2025, 0.7246 1.2593 1.2043, 0.7962 1.2593 1.2073, 0.723 1.2593 1.2225, 0.7941 1.2593 1.2295, 0.789 1.2593 1.2526, 0.3048 1.2593 1.0267, 0.3082 1.2593 1.0302, 0.28 1.2593 1.0883, 0.313 1.2593 1.0374, 0.0701 1.2593 1.1757, 0.0704 1.2593 1.1658, 0.1423 1.2593 1.1588, 0.0735 1.2593 1.144, 0.0794 1.2593 1.1229, 0.1774 1.2593 1.3242, 0.1584 1.2593 1.316, 0.1833 1.2593 1.2516, 0.1393 1.2593 1.3046, 0.1704 1.2593 1.2419, 0.1219 1.2593 1.2906, 0.1592 1.2593 1.2299, 0.1067 1.2593 1.2746, 0.0938 1.2593 1.2566, 0.6419 1.2593 1.1267, 0.6297 1.2593 1.1407, 0.6155 1.2593 1.1526, 0.5676 1.2593 1.1721, 0.5494 1.2593 1.1734, 0.7574 1.2593 1.3146, 0.7419 1.2593 1.3319, 0.6905 1.2593 1.2845, 0.7378 1.2593 1.3358, 0.6763 1.2593 1.2964, 0.7204 1.2593 1.3502, 0.7004 1.2593 1.3629, 0.1366 1.2593 1.047, 0.1551 1.2593 1.0354, 0.196 1.2593 1.0931, 0.1748 1.2593 1.0266, 0.2118 1.2593 1.0884, 0.1954 1.2593 1.0206, 0.2233 1.2593 1.0869, 0.2169 1.2593 1.0174, 0.2745 1.2593 1.0872, 0.2841 1.2593 1.0179, 0.2766 1.2593 1.0875, 0.2898 1.2593 1.0187, 0.2973 1.2593 1.0216, 0.3159 1.2593 1.0451, 0.3169 1.2593 1.0534, 0.3167 1.2593 1.0568, 0.6518 1.2593 1.1107, 0.3146 1.2593 1.0655, 0.3104 1.2593 1.0734, 0.3048 1.2593 1.0796, 0.2977 1.2593 1.0845, 0.2968 1.2593 1.3722, 0.2426 1.2593 1.4161, 0.2828 1.2593 1.3595, 0.2373 1.2593 1.411, 0.2193 1.2593 1.3913, 0.4982 1.2593 1.4539, 0.4739 1.2593 1.4638, 0.4424 1.2593 1.4018, 0.4489 1.2593 1.4709, 0.4206 1.2593 1.4064, 0.4233 1.2593 1.4751, 0.3997 1.2593 1.408, 0.397 1.2593 1.4764, 0.3963 1.2593 1.4081, 0.389 1.2593 1.4762, 0.3747 1.2593 1.4064, 0.3628 1.2593 1.4735, 0.3538 1.2593 1.402, 0.3369 1.2593 1.4678, 0.3337 1.2593 1.3947, 0.3116 1.2593 1.4591, 0.3146 1.2593 1.3847, 0.2872 1.2593 1.4474, 0.2641 1.2593 1.433, 0.2898 1.2593 1.0874, 0.2813 1.2593 1.0884
            ]
        }
        coordIndex [
            0,1,2,-1,2,1,3,-1,4,0,5,-1,5,0,2,-1,6,4,7,-1,7,4,5,-1,8,6,9,-1,9,6,7,-1,10,8,11,-1,11,8,9,-1,1,10,3,-1,3,10,11,-1,6,8,4,-1,4,8,10,-1,4,10,0,-1,0,10,1,-1,2,3,5,-1,5,3,11,-1,5,11,7,-1,7,11,9,-1,12,13,14,-1,12,14,15,-1,15,14,16,-1,15,16,17,-1,17,16,18,-1,17,18,19,-1,19,18,20,-1,19,20,21,-1,21,20,22,-1,21,22,23,-1,23,22,24,-1,23,24,25,-1,26,25,27,-1,27,25,24,-1,26,27,28,-1,26,28,29,-1,29,28,30,-1,29,30,31,-1,31,30,32,-1,31,32,33,-1,33,32,34,-1,33,34,35,-1,35,34,36,-1,35,36,37,-1,37,36,38,-1,37,38,39,-1,39,38,40,-1,39,40,41,-1,41,40,42,-1,41,42,43,-1,43,42,44,-1,43,44,45,-1,45,44,46,-1,45,46,47,-1,47,46,48,-1,47,48,49,-1,49,48,50,-1,49,50,51,-1,51,50,52,-1,51,52,53,-1,53,52,54,-1,53,54,55,-1,55,54,56,-1,55,56,57,-1,57,56,58,-1,57,58,59,-1,59,58,60,-1,59,60,61,-1,61,60,62,-1,61,62,63,-1,63,62,64,-1,63,64,65,-1,65,64,66,-1,65,66,67,-1,67,66,68,-1,67,68,69,-1,69,68,70,-1,69,70,71,-1,71,70,72,-1,71,72,73,-1,73,72,74,-1,73,74,75,-1,75,74,76,-1,75,76,77,-1,77,76,78,-1,77,78,79,-1,79,78,80,-1,79,80,81,-1,81,80,82,-1,81,82,83,-1,83,82,84,-1,83,84,85,-1,85,84,86,-1,85,86,87,-1,87,86,88,-1,87,88,89,-1,89,88,90,-1,89,90,91,-1,91,90,92,-1,91,92,93,-1,93,92,94,-1,93,94,95,-1,95,94,96,-1,95,96,97,-1,97,96,98,-1,97,98,99,-1,99,98,100,-1,99,100,101,-1,101,100,102,-1,101,102,103,-1,103,102,104,-1,103,104,105,-1,105,104,106,-1,105,106,107,-1,107,106,108,-1,107,108,109,-1,109,108,110,-1,109,110,111,-1,111,110,112,-1,111,112,113,-1,113,112,114,-1,113,114,115,-1,116,115,117,-1,117,115,114,-1,116,117,118,-1,116,118,119,-1,119,118,120,-1,119,120,121,-1,121,120,122,-1,121,122,123,-1,123,122,124,-1,123,124,125,-1,125,124,126,-1,125,126,127,-1,127,126,128,-1,127,128,129,-1,129,128,130,-1,129,130,131,-1,131,130,132,-1,131,132,133,-1,133,132,134,-1,133,134,135,-1,135,134,136,-1,135,136,137,-1,137,136,138,-1,137,138,139,-1,139,138,140,-1,139,140,141,-1,141,140,142,-1,141,142,143,-1,143,142,144,-1,143,144,145,-1,145,144,146,-1,145,146,147,-1,147,146,148,-1,147,148,149,-1,149,148,150,-1,149,150,151,-1,151,150,152,-1,151,152,153,-1,153,152,154,-1,153,154,155,-1,155,154,156,-1,155,156,157,-1,157,156,158,-1,157,158,159,-1,159,158,160,-1,159,160,161,-1,161,160,162,-1,161,162,163,-1,163,162,164,-1,163,164,165,-1,165,164,166,-1,165,166,167,-1,167,166,168,-1,167,168,169,-1,169,168,170,-1,169,170,171,-1,171,170,172,-1,171,172,173,-1,173,172,174,-1,173,174,175,-1,175,174,176,-1,175,176,177,-1,177,176,178,-1,177,178,179,-1,179,178,180,-1,179,180,181,-1,181,180,182,-1,181,182,183,-1,183,182,184,-1,183,184,185,-1,185,184,186,-1,185,186,187,-1,187,186,188,-1,187,188,189,-1,189,188,190,-1,189,190,191,-1,191,190,192,-1,191,192,193,-1,193,192,194,-1,193,194,195,-1,195,194,196,-1,195,196,197,-1,197,196,13,-1,197,13,12,-1,113,115,116,-1,57,177,179,-1,33,21,31,-1,31,21,23,-1,31,23,29,-1,29,23,25,-1,29,25,26,-1,57,179,55,-1,55,179,181,-1,55,181,53,-1,53,181,183,-1,53,183,51,-1,51,183,185,-1,51,185,49,-1,49,185,187,-1,49,187,47,-1,187,189,47,-1,47,189,191,-1,47,191,45,-1,45,191,193,-1,45,193,43,-1,43,193,195,-1,43,195,41,-1,41,195,197,-1,41,197,39,-1,39,197,12,-1,39,12,37,-1,37,12,15,-1,37,15,35,-1,35,15,17,-1,35,17,33,-1,33,17,19,-1,33,19,21,-1,89,143,87,-1,87,143,145,-1,87,145,85,-1,85,145,147,-1,85,147,83,-1,83,147,149,-1,83,149,81,-1,81,149,151,-1,81,151,79,-1,79,151,153,-1,79,153,77,-1,77,153,155,-1,77,155,75,-1,113,116,111,-1,111,116,119,-1,111,119,109,-1,109,119,121,-1,109,121,107,-1,107,121,123,-1,107,123,105,-1,105,123,125,-1,105,125,103,-1,103,125,127,-1,103,127,101,-1,101,127,129,-1,101,129,99,-1,99,129,131,-1,99,131,97,-1,97,131,133,-1,97,133,95,-1,95,133,135,-1,95,135,93,-1,93,135,137,-1,93,137,91,-1,91,137,139,-1,91,139,89,-1,89,139,141,-1,89,141,143,-1,177,57,175,-1,175,57,59,-1,175,59,173,-1,173,59,61,-1,173,61,171,-1,171,61,63,-1,171,63,169,-1,169,63,65,-1,169,65,167,-1,167,65,165,-1,165,65,67,-1,165,67,163,-1,155,157,75,-1,75,157,159,-1,75,159,73,-1,73,159,161,-1,73,161,71,-1,71,161,163,-1,71,163,69,-1,69,163,67,-1,28,27,24,-1,28,24,30,-1,44,190,46,-1,46,190,188,-1,46,188,48,-1,48,188,186,-1,48,186,50,-1,50,186,184,-1,50,184,52,-1,52,184,182,-1,52,182,54,-1,114,112,117,-1,117,112,110,-1,117,110,118,-1,118,110,108,-1,182,180,54,-1,54,180,178,-1,54,178,56,-1,56,178,176,-1,56,176,58,-1,58,176,174,-1,58,174,60,-1,60,174,172,-1,60,172,62,-1,24,22,30,-1,30,22,20,-1,30,20,32,-1,32,20,18,-1,32,18,34,-1,34,18,16,-1,34,16,36,-1,36,16,14,-1,36,14,38,-1,38,14,13,-1,38,13,40,-1,40,13,196,-1,40,196,42,-1,42,196,194,-1,42,194,44,-1,44,194,192,-1,44,192,190,-1,82,146,84,-1,84,146,144,-1,84,144,86,-1,86,144,142,-1,86,142,88,-1,88,142,140,-1,88,140,90,-1,90,140,138,-1,90,138,92,-1,92,138,136,-1,92,136,94,-1,94,136,134,-1,94,134,96,-1,96,134,132,-1,96,132,98,-1,98,132,130,-1,98,130,100,-1,100,130,128,-1,100,128,102,-1,102,128,126,-1,102,126,104,-1,104,126,124,-1,104,124,106,-1,106,124,122,-1,106,122,108,-1,108,122,120,-1,108,120,118,-1,162,160,72,-1,72,160,158,-1,72,158,74,-1,74,158,156,-1,74,156,76,-1,76,156,154,-1,76,154,78,-1,78,154,152,-1,78,152,80,-1,80,152,150,-1,80,150,82,-1,82,150,148,-1,82,148,146,-1,172,170,62,-1,62,170,168,-1,62,168,64,-1,64,168,166,-1,64,166,66,-1,66,166,164,-1,66,164,68,-1,68,164,162,-1,68,162,70,-1,70,162,72,-1,198,199,200,-1,200,199,201,-1,202,198,203,-1,203,198,200,-1,204,202,205,-1,205,202,203,-1,206,204,207,-1,207,204,205,-1,208,206,209,-1,209,206,207,-1,210,208,211,-1,211,208,209,-1,212,210,213,-1,213,210,211,-1,214,212,215,-1,215,212,213,-1,216,214,217,-1,217,214,215,-1,218,216,219,-1,219,216,217,-1,220,218,221,-1,221,218,219,-1,199,220,201,-1,201,220,221,-1,220,199,198,-1,198,202,220,-1,220,202,204,-1,220,204,218,-1,214,216,212,-1,212,216,218,-1,212,218,210,-1,210,218,204,-1,210,204,208,-1,208,204,206,-1,219,217,215,-1,215,213,219,-1,219,213,211,-1,219,211,221,-1,200,201,203,-1,203,201,221,-1,203,221,205,-1,205,221,211,-1,205,211,207,-1,207,211,209,-1,222,223,224,-1,224,223,225,-1,224,225,226,-1,226,225,227,-1,226,227,228,-1,228,227,229,-1,228,229,230,-1,230,229,231,-1,230,231,232,-1,232,231,233,-1,232,233,234,-1,234,233,235,-1,234,235,236,-1,236,235,237,-1,236,237,238,-1,239,240,241,-1,241,240,242,-1,241,242,243,-1,243,242,244,-1,243,244,245,-1,245,244,246,-1,245,246,247,-1,246,248,247,-1,247,248,249,-1,247,249,250,-1,250,249,251,-1,250,251,252,-1,252,251,253,-1,252,253,254,-1,254,253,255,-1,254,255,256,-1,256,255,257,-1,256,257,258,-1,258,257,259,-1,258,259,260,-1,260,259,261,-1,260,261,262,-1,262,261,263,-1,262,263,264,-1,264,263,265,-1,264,265,266,-1,266,265,267,-1,266,267,268,-1,268,267,269,-1,268,269,270,-1,270,269,271,-1,270,271,272,-1,272,271,273,-1,272,273,274,-1,274,273,275,-1,274,275,276,-1,276,275,277,-1,276,277,278,-1,278,277,279,-1,278,279,280,-1,280,279,281,-1,280,281,222,-1,222,281,282,-1,222,282,223,-1,237,283,238,-1,238,283,284,-1,238,284,285,-1,285,284,286,-1,285,286,287,-1,287,286,288,-1,287,288,289,-1,289,288,290,-1,289,290,291,-1,291,290,292,-1,291,292,293,-1,293,292,294,-1,293,294,239,-1,239,294,295,-1,239,295,240,-1,296,297,298,-1,298,297,299,-1,298,299,300,-1,300,299,301,-1,300,301,302,-1,302,301,303,-1,302,303,304,-1,304,303,305,-1,304,305,306,-1,306,305,307,-1,306,307,308,-1,309,310,311,-1,311,310,312,-1,311,312,313,-1,313,312,314,-1,313,314,315,-1,315,314,316,-1,315,316,317,-1,317,316,318,-1,317,318,319,-1,319,318,320,-1,319,320,321,-1,321,320,322,-1,321,322,323,-1,323,322,324,-1,323,324,325,-1,325,324,326,-1,325,326,327,-1,327,326,328,-1,327,328,329,-1,329,328,330,-1,329,330,331,-1,331,330,332,-1,331,332,333,-1,333,332,334,-1,333,334,335,-1,335,334,336,-1,335,336,337,-1,337,336,338,-1,337,338,296,-1,296,338,339,-1,296,339,297,-1,340,341,342,-1,342,341,343,-1,342,343,344,-1,344,343,345,-1,344,345,346,-1,346,345,347,-1,346,347,348,-1,348,347,349,-1,348,349,350,-1,350,349,351,-1,350,351,352,-1,352,351,353,-1,352,353,354,-1,354,353,355,-1,354,355,309,-1,309,355,356,-1,309,356,310,-1,307,357,308,-1,308,357,358,-1,308,358,359,-1,359,358,360,-1,359,360,361,-1,361,360,362,-1,361,362,363,-1,363,362,364,-1,363,364,365,-1,365,364,366,-1,365,366,367,-1,367,366,368,-1,367,368,340,-1,340,368,369,-1,340,369,341,-1,275,273,320,-1,320,273,322,-1,275,320,318,-1,275,318,277,-1,277,318,316,-1,277,316,279,-1,279,316,314,-1,279,314,281,-1,281,314,312,-1,281,312,282,-1,282,312,310,-1,282,310,223,-1,223,310,356,-1,223,356,225,-1,225,356,355,-1,225,355,227,-1,227,355,353,-1,227,353,229,-1,229,353,351,-1,229,351,231,-1,231,351,349,-1,231,349,233,-1,233,349,347,-1,233,347,235,-1,235,347,345,-1,235,345,237,-1,237,345,343,-1,237,343,283,-1,283,343,341,-1,283,341,284,-1,284,341,369,-1,284,369,286,-1,286,369,368,-1,286,368,288,-1,288,368,366,-1,288,366,290,-1,290,366,364,-1,290,364,292,-1,292,364,362,-1,292,362,294,-1,294,362,360,-1,294,360,295,-1,295,360,358,-1,295,358,240,-1,240,358,357,-1,240,357,242,-1,242,357,307,-1,242,307,244,-1,244,307,305,-1,244,305,246,-1,246,305,303,-1,246,303,248,-1,248,303,301,-1,248,301,249,-1,249,301,299,-1,249,299,251,-1,251,299,297,-1,251,297,253,-1,253,297,339,-1,253,339,255,-1,255,339,338,-1,255,338,257,-1,257,338,336,-1,257,336,259,-1,259,336,334,-1,259,334,261,-1,261,334,332,-1,261,332,263,-1,263,332,330,-1,263,330,265,-1,265,330,328,-1,265,328,267,-1,267,328,326,-1,267,326,269,-1,271,269,324,-1,324,269,326,-1,273,271,322,-1,322,271,324,-1,268,270,325,-1,325,270,323,-1,270,272,323,-1,323,272,321,-1,272,274,321,-1,321,274,319,-1,230,350,352,-1,230,352,228,-1,228,352,354,-1,228,354,226,-1,226,354,309,-1,226,309,224,-1,224,309,311,-1,224,311,222,-1,222,311,313,-1,222,313,280,-1,280,313,315,-1,280,315,278,-1,278,315,317,-1,278,317,276,-1,276,317,319,-1,276,319,274,-1,291,363,365,-1,291,365,289,-1,289,365,367,-1,289,367,287,-1,287,367,340,-1,287,340,285,-1,285,340,342,-1,285,342,238,-1,238,342,344,-1,238,344,236,-1,236,344,346,-1,236,346,234,-1,234,346,348,-1,234,348,232,-1,232,348,350,-1,232,350,230,-1,252,298,300,-1,252,300,250,-1,250,300,302,-1,250,302,247,-1,247,302,304,-1,247,304,245,-1,245,304,306,-1,245,306,243,-1,243,306,308,-1,243,308,241,-1,241,308,359,-1,241,359,239,-1,239,359,361,-1,239,361,293,-1,293,361,363,-1,293,363,291,-1,268,325,327,-1,268,327,266,-1,266,327,329,-1,266,329,264,-1,264,329,331,-1,264,331,262,-1,262,331,333,-1,262,333,260,-1,260,333,335,-1,260,335,258,-1,258,335,337,-1,258,337,256,-1,256,337,296,-1,256,296,254,-1,254,296,298,-1,254,298,252,-1,370,371,372,-1,373,374,375,-1,371,376,372,-1,372,376,377,-1,372,377,378,-1,378,377,379,-1,378,379,380,-1,380,381,378,-1,378,381,382,-1,378,382,383,-1,384,383,385,-1,385,383,382,-1,385,382,375,-1,375,382,370,-1,375,370,373,-1,373,370,372,-1,386,387,388,-1,388,387,389,-1,390,391,389,-1,389,391,392,-1,389,392,388,-1,388,392,393,-1,390,394,391,-1,391,394,395,-1,391,395,396,-1,396,395,397,-1,396,397,398,-1,398,399,396,-1,396,399,387,-1,396,387,400,-1,400,387,386,-1,400,386,401,-1,378,383,391,-1,391,383,392,-1,372,378,396,-1,396,378,391,-1,373,372,400,-1,400,372,396,-1,374,373,401,-1,401,373,400,-1,375,374,386,-1,386,374,401,-1,385,375,388,-1,388,375,386,-1,384,385,393,-1,393,385,388,-1,383,384,392,-1,392,384,393,-1,370,382,387,-1,387,382,389,-1,382,381,389,-1,389,381,390,-1,379,395,394,-1,379,394,380,-1,380,394,390,-1,380,390,381,-1,379,377,395,-1,395,377,397,-1,371,399,398,-1,371,398,376,-1,376,398,397,-1,376,397,377,-1,371,370,399,-1,399,370,387,-1,402,403,404,-1,404,403,405,-1,406,402,407,-1,407,402,404,-1,408,406,409,-1,409,406,407,-1,410,408,411,-1,411,408,409,-1,412,410,413,-1,413,410,411,-1,414,412,415,-1,415,412,413,-1,416,414,417,-1,417,414,415,-1,418,416,419,-1,419,416,417,-1,420,418,421,-1,421,418,419,-1,422,420,423,-1,423,420,421,-1,424,422,425,-1,425,422,423,-1,403,424,405,-1,405,424,425,-1,424,403,402,-1,402,406,424,-1,424,406,408,-1,424,408,422,-1,418,420,416,-1,416,420,422,-1,416,422,414,-1,414,422,408,-1,414,408,412,-1,412,408,410,-1,404,405,407,-1,407,405,425,-1,407,425,409,-1,421,419,423,-1,423,419,417,-1,423,417,415,-1,413,411,415,-1,415,411,409,-1,415,409,423,-1,423,409,425,-1,426,427,428,-1,428,427,429,-1,430,431,432,-1,432,431,433,-1,432,433,434,-1,434,433,435,-1,434,435,436,-1,437,438,439,-1,440,441,442,-1,443,444,445,-1,426,428,446,-1,446,428,447,-1,446,447,448,-1,449,450,451,-1,451,450,439,-1,451,439,452,-1,452,439,438,-1,453,454,455,-1,455,454,456,-1,455,456,430,-1,430,456,457,-1,430,457,431,-1,443,458,444,-1,444,458,459,-1,444,459,460,-1,460,459,461,-1,460,461,462,-1,448,463,446,-1,446,463,464,-1,446,464,465,-1,465,464,466,-1,465,466,445,-1,445,466,467,-1,445,467,443,-1,468,469,470,-1,470,469,471,-1,470,471,453,-1,453,471,472,-1,453,472,454,-1,473,474,475,-1,475,474,476,-1,475,476,477,-1,477,476,478,-1,477,478,479,-1,442,480,440,-1,440,480,481,-1,440,481,473,-1,473,481,482,-1,473,482,474,-1,483,484,485,-1,485,484,486,-1,485,486,441,-1,441,486,487,-1,441,487,442,-1,488,489,439,-1,439,489,490,-1,439,490,437,-1,491,488,468,-1,468,488,492,-1,468,492,469,-1,429,489,428,-1,428,489,488,-1,428,488,493,-1,493,488,491,-1,461,494,462,-1,462,494,495,-1,462,495,496,-1,496,495,497,-1,496,497,498,-1,435,499,436,-1,436,499,500,-1,436,500,501,-1,501,500,502,-1,501,502,503,-1,503,502,504,-1,503,504,505,-1,505,504,506,-1,505,506,507,-1,507,506,508,-1,507,508,509,-1,509,508,510,-1,509,510,511,-1,511,510,512,-1,511,512,513,-1,513,512,514,-1,513,514,515,-1,515,514,516,-1,515,516,517,-1,517,516,518,-1,517,518,519,-1,452,520,451,-1,451,520,521,-1,451,521,522,-1,522,521,523,-1,522,523,524,-1,525,526,527,-1,527,526,528,-1,527,528,529,-1,529,528,530,-1,529,530,531,-1,497,532,498,-1,498,532,533,-1,498,533,483,-1,483,533,534,-1,483,534,484,-1,530,535,531,-1,531,535,536,-1,531,536,537,-1,537,536,538,-1,537,538,539,-1,539,538,524,-1,539,524,540,-1,540,524,523,-1,478,541,479,-1,479,541,542,-1,479,542,543,-1,543,542,544,-1,543,544,545,-1,545,544,546,-1,545,546,525,-1,525,546,547,-1,525,547,526,-1,548,549,550,-1,551,552,553,-1,553,552,554,-1,553,554,555,-1,556,557,558,-1,558,557,559,-1,558,559,560,-1,561,562,563,-1,564,565,566,-1,566,565,567,-1,566,567,568,-1,568,567,569,-1,568,569,570,-1,570,569,571,-1,570,571,572,-1,554,573,555,-1,555,573,574,-1,555,574,575,-1,575,574,576,-1,575,576,577,-1,578,579,580,-1,580,579,581,-1,580,581,582,-1,582,581,583,-1,582,583,551,-1,551,583,584,-1,551,584,552,-1,585,561,586,-1,586,561,563,-1,586,563,587,-1,587,563,588,-1,589,590,591,-1,591,590,592,-1,591,592,593,-1,593,592,594,-1,593,594,595,-1,595,594,596,-1,595,596,597,-1,597,596,598,-1,599,600,589,-1,589,600,601,-1,589,601,590,-1,602,603,556,-1,556,603,604,-1,556,604,557,-1,605,606,602,-1,602,606,607,-1,602,607,603,-1,566,608,564,-1,564,608,609,-1,564,609,610,-1,610,609,611,-1,610,611,586,-1,586,611,612,-1,586,612,585,-1,613,614,599,-1,599,614,615,-1,599,615,600,-1,616,617,618,-1,618,617,563,-1,618,563,619,-1,619,563,562,-1,559,620,560,-1,560,620,621,-1,560,621,622,-1,623,624,625,-1,625,624,626,-1,625,626,627,-1,627,626,628,-1,627,628,605,-1,605,628,629,-1,605,629,606,-1,571,630,572,-1,572,630,631,-1,572,631,632,-1,632,631,633,-1,632,633,634,-1,634,633,635,-1,634,635,623,-1,623,635,636,-1,623,636,624,-1,576,637,577,-1,577,637,638,-1,577,638,639,-1,639,638,640,-1,639,640,641,-1,641,640,617,-1,641,617,642,-1,642,617,643,-1,643,617,616,-1,643,616,598,-1,598,616,644,-1,598,644,597,-1,645,646,647,-1,647,646,648,-1,647,648,613,-1,613,648,649,-1,613,649,614,-1,621,650,622,-1,622,650,651,-1,622,651,652,-1,652,651,653,-1,652,653,645,-1,645,653,654,-1,645,654,646,-1,548,550,655,-1,655,550,656,-1,655,656,657,-1,657,656,658,-1,657,658,659,-1,659,658,660,-1,659,660,661,-1,661,660,662,-1,661,662,663,-1,663,662,664,-1,663,664,665,-1,665,664,666,-1,665,666,667,-1,667,666,668,-1,667,668,578,-1,578,668,669,-1,578,669,579,-1,504,668,666,-1,504,666,506,-1,506,666,664,-1,506,664,508,-1,508,664,662,-1,508,662,510,-1,510,662,660,-1,510,660,512,-1,512,660,658,-1,512,658,514,-1,514,658,656,-1,514,656,516,-1,516,656,550,-1,516,550,518,-1,519,518,549,-1,549,518,550,-1,519,549,548,-1,519,548,517,-1,517,548,655,-1,517,655,515,-1,515,655,657,-1,515,657,513,-1,513,657,659,-1,513,659,511,-1,511,659,661,-1,511,661,509,-1,509,661,663,-1,509,663,507,-1,507,663,665,-1,507,665,505,-1,505,665,667,-1,505,667,503,-1,503,667,578,-1,503,578,501,-1,501,578,580,-1,501,580,436,-1,436,580,582,-1,436,582,434,-1,434,582,551,-1,434,551,432,-1,432,551,553,-1,432,553,430,-1,430,553,555,-1,430,555,455,-1,455,555,575,-1,455,575,453,-1,453,575,577,-1,453,577,470,-1,470,577,639,-1,470,639,468,-1,468,639,641,-1,468,641,491,-1,491,641,642,-1,491,642,493,-1,493,642,643,-1,493,643,428,-1,447,428,598,-1,598,428,643,-1,447,598,596,-1,447,596,448,-1,448,596,594,-1,448,594,463,-1,463,594,592,-1,463,592,464,-1,464,592,590,-1,464,590,466,-1,466,590,601,-1,466,601,467,-1,467,601,600,-1,467,600,443,-1,443,600,615,-1,443,615,458,-1,458,615,614,-1,458,614,459,-1,459,614,649,-1,459,649,461,-1,461,649,648,-1,461,648,494,-1,494,648,646,-1,494,646,495,-1,495,646,654,-1,495,654,497,-1,497,654,653,-1,497,653,532,-1,532,653,651,-1,532,651,533,-1,533,651,650,-1,533,650,534,-1,534,650,621,-1,534,621,484,-1,484,621,620,-1,484,620,486,-1,486,620,559,-1,486,559,487,-1,487,559,557,-1,487,557,442,-1,442,557,604,-1,442,604,480,-1,480,604,603,-1,480,603,481,-1,481,603,607,-1,481,607,482,-1,482,607,606,-1,482,606,474,-1,474,606,629,-1,474,629,476,-1,476,629,628,-1,476,628,478,-1,478,628,626,-1,478,626,541,-1,541,626,624,-1,541,624,542,-1,542,624,636,-1,542,636,544,-1,544,636,635,-1,544,635,546,-1,546,635,633,-1,546,633,547,-1,547,633,631,-1,547,631,526,-1,526,631,630,-1,526,630,528,-1,528,630,571,-1,528,571,530,-1,530,571,569,-1,530,569,535,-1,535,569,567,-1,535,567,536,-1,536,567,565,-1,536,565,538,-1,538,565,564,-1,538,564,524,-1,524,564,610,-1,524,610,522,-1,451,522,586,-1,586,522,610,-1,449,451,587,-1,587,451,586,-1,450,449,588,-1,588,449,587,-1,439,450,563,-1,563,450,588,-1,439,563,617,-1,439,617,488,-1,488,617,640,-1,488,640,492,-1,492,640,638,-1,492,638,469,-1,469,638,637,-1,469,637,471,-1,471,637,576,-1,471,576,472,-1,472,576,574,-1,472,574,454,-1,454,574,573,-1,454,573,456,-1,456,573,554,-1,456,554,457,-1,457,554,552,-1,457,552,431,-1,431,552,584,-1,431,584,433,-1,433,584,583,-1,433,583,435,-1,435,583,581,-1,435,581,499,-1,499,581,579,-1,499,579,500,-1,500,579,669,-1,500,669,502,-1,502,669,668,-1,502,668,504,-1,445,589,591,-1,445,591,465,-1,465,591,593,-1,465,593,446,-1,446,593,595,-1,446,595,426,-1,426,595,597,-1,426,597,427,-1,427,597,644,-1,427,644,429,-1,498,652,645,-1,498,645,496,-1,496,645,647,-1,496,647,462,-1,462,647,613,-1,462,613,460,-1,460,613,599,-1,460,599,444,-1,444,599,589,-1,444,589,445,-1,473,602,556,-1,473,556,440,-1,440,556,558,-1,440,558,441,-1,441,558,560,-1,441,560,485,-1,485,560,622,-1,485,622,483,-1,483,622,652,-1,483,652,498,-1,545,634,623,-1,545,623,543,-1,543,623,625,-1,543,625,479,-1,479,625,627,-1,479,627,477,-1,477,627,605,-1,477,605,475,-1,475,605,602,-1,475,602,473,-1,540,609,608,-1,540,608,539,-1,539,608,566,-1,539,566,537,-1,537,566,568,-1,537,568,531,-1,531,568,570,-1,531,570,529,-1,529,570,572,-1,529,572,527,-1,527,572,632,-1,527,632,525,-1,525,632,634,-1,525,634,545,-1,490,618,619,-1,490,619,437,-1,437,619,562,-1,437,562,438,-1,438,562,561,-1,438,561,452,-1,452,561,585,-1,452,585,520,-1,520,585,612,-1,520,612,521,-1,521,612,611,-1,521,611,523,-1,523,611,609,-1,523,609,540,-1,490,489,618,-1,618,489,616,-1,489,429,616,-1,616,429,644,-1,670,671,672,-1,670,672,673,-1,673,672,674,-1,673,674,675,-1,675,674,676,-1,675,676,677,-1,677,676,678,-1,677,678,679,-1,679,678,680,-1,679,680,681,-1,681,680,682,-1,681,682,683,-1,683,682,684,-1,683,684,685,-1,686,685,687,-1,687,685,684,-1,686,687,688,-1,686,688,689,-1,689,688,690,-1,689,690,691,-1,691,690,692,-1,691,692,693,-1,693,692,694,-1,693,694,695,-1,695,694,696,-1,695,696,697,-1,697,696,698,-1,697,698,699,-1,699,698,700,-1,699,700,701,-1,701,700,702,-1,701,702,703,-1,703,702,704,-1,703,704,705,-1,705,704,706,-1,705,706,707,-1,707,706,708,-1,707,708,709,-1,709,708,710,-1,709,710,711,-1,711,710,712,-1,711,712,713,-1,713,712,714,-1,713,714,715,-1,715,714,716,-1,715,716,717,-1,717,716,718,-1,717,718,719,-1,719,718,720,-1,719,720,721,-1,721,720,722,-1,721,722,723,-1,723,722,724,-1,723,724,725,-1,725,724,726,-1,725,726,727,-1,727,726,728,-1,727,728,729,-1,729,728,730,-1,729,730,731,-1,731,730,732,-1,731,732,733,-1,733,732,734,-1,733,734,735,-1,735,734,736,-1,735,736,737,-1,737,736,738,-1,737,738,739,-1,739,738,740,-1,739,740,741,-1,741,740,742,-1,741,742,743,-1,743,742,744,-1,743,744,745,-1,745,744,746,-1,745,746,747,-1,747,746,748,-1,747,748,749,-1,749,748,750,-1,749,750,751,-1,751,750,752,-1,751,752,753,-1,753,752,754,-1,753,754,755,-1,755,754,756,-1,755,756,757,-1,757,756,758,-1,757,758,759,-1,759,758,760,-1,759,760,761,-1,761,760,762,-1,761,762,763,-1,763,762,764,-1,763,764,765,-1,765,764,766,-1,765,766,767,-1,767,766,768,-1,767,768,769,-1,769,768,770,-1,769,770,771,-1,771,770,772,-1,771,772,773,-1,773,772,774,-1,773,774,775,-1,775,774,776,-1,775,776,777,-1,777,776,778,-1,777,778,779,-1,779,778,780,-1,779,780,781,-1,781,780,782,-1,781,782,783,-1,783,782,784,-1,783,784,785,-1,785,784,786,-1,785,786,787,-1,787,786,788,-1,787,788,789,-1,789,788,790,-1,789,790,791,-1,791,790,792,-1,791,792,793,-1,793,792,794,-1,793,794,795,-1,795,794,796,-1,795,796,797,-1,797,796,798,-1,797,798,799,-1,799,798,800,-1,799,800,801,-1,801,800,802,-1,801,802,803,-1,803,802,804,-1,803,804,805,-1,806,805,807,-1,807,805,804,-1,806,807,808,-1,806,808,809,-1,809,808,810,-1,809,810,811,-1,811,810,812,-1,811,812,813,-1,813,812,814,-1,813,814,815,-1,815,814,816,-1,815,816,817,-1,817,816,818,-1,817,818,819,-1,819,818,820,-1,819,820,821,-1,821,820,822,-1,821,822,823,-1,823,822,824,-1,823,824,825,-1,825,824,826,-1,825,826,827,-1,827,826,828,-1,827,828,829,-1,829,828,830,-1,829,830,831,-1,831,830,832,-1,831,832,833,-1,833,832,834,-1,833,834,835,-1,835,834,836,-1,835,836,837,-1,837,836,838,-1,837,838,839,-1,839,838,840,-1,839,840,841,-1,841,840,842,-1,841,842,843,-1,843,842,844,-1,843,844,845,-1,845,844,846,-1,845,846,847,-1,847,846,848,-1,847,848,849,-1,849,848,850,-1,849,850,851,-1,851,850,852,-1,851,852,853,-1,853,852,854,-1,853,854,855,-1,855,854,856,-1,855,856,857,-1,857,856,858,-1,857,858,859,-1,859,858,860,-1,859,860,861,-1,861,860,862,-1,861,862,863,-1,863,862,864,-1,863,864,865,-1,865,864,866,-1,865,866,867,-1,867,866,868,-1,867,868,869,-1,869,868,870,-1,869,870,871,-1,871,870,872,-1,871,872,873,-1,873,872,874,-1,873,874,875,-1,875,874,876,-1,875,876,877,-1,877,876,878,-1,877,878,879,-1,879,878,880,-1,879,880,881,-1,881,880,882,-1,881,882,883,-1,883,882,884,-1,883,884,885,-1,885,884,886,-1,885,886,887,-1,887,886,888,-1,887,888,889,-1,889,888,890,-1,889,890,891,-1,891,890,892,-1,891,892,893,-1,893,892,894,-1,893,894,895,-1,895,894,896,-1,895,896,897,-1,897,896,898,-1,897,898,899,-1,899,898,900,-1,899,900,901,-1,901,900,902,-1,901,902,903,-1,903,902,904,-1,903,904,905,-1,905,904,906,-1,905,906,907,-1,907,906,671,-1,907,671,670,-1,683,685,686,-1,803,805,806,-1,713,715,897,-1,897,715,895,-1,777,837,775,-1,775,837,839,-1,775,839,773,-1,715,717,895,-1,895,717,719,-1,895,719,893,-1,779,833,777,-1,777,833,835,-1,777,835,837,-1,713,897,711,-1,711,897,899,-1,711,899,709,-1,709,899,901,-1,709,901,707,-1,707,901,903,-1,707,903,705,-1,855,765,853,-1,853,765,767,-1,737,883,735,-1,735,883,885,-1,839,841,773,-1,773,841,843,-1,773,843,771,-1,843,845,771,-1,771,845,847,-1,771,847,769,-1,769,847,849,-1,769,849,767,-1,767,849,851,-1,767,851,853,-1,855,857,765,-1,765,857,859,-1,765,859,763,-1,763,859,861,-1,763,861,761,-1,761,861,863,-1,761,863,759,-1,759,863,865,-1,759,865,757,-1,889,729,887,-1,887,729,731,-1,887,731,885,-1,885,731,733,-1,885,733,735,-1,719,721,893,-1,893,721,723,-1,893,723,891,-1,891,723,725,-1,891,725,889,-1,889,725,727,-1,889,727,729,-1,737,739,883,-1,883,739,741,-1,883,741,881,-1,881,741,743,-1,881,743,879,-1,879,743,745,-1,879,745,877,-1,877,745,747,-1,877,747,875,-1,705,903,703,-1,703,903,905,-1,703,905,701,-1,701,905,907,-1,701,907,699,-1,699,907,670,-1,699,670,697,-1,697,670,673,-1,697,673,695,-1,695,673,675,-1,695,675,693,-1,693,675,677,-1,693,677,691,-1,691,677,679,-1,691,679,689,-1,689,679,686,-1,686,679,681,-1,686,681,683,-1,747,749,875,-1,875,749,751,-1,875,751,873,-1,873,751,753,-1,873,753,871,-1,871,753,755,-1,871,755,869,-1,869,755,757,-1,869,757,867,-1,867,757,865,-1,803,806,801,-1,801,806,809,-1,801,809,799,-1,799,809,811,-1,799,811,797,-1,797,811,813,-1,797,813,795,-1,795,813,815,-1,795,815,793,-1,793,815,817,-1,793,817,791,-1,791,817,819,-1,791,819,789,-1,789,819,821,-1,789,821,787,-1,787,821,823,-1,787,823,785,-1,785,823,825,-1,785,825,783,-1,783,825,827,-1,783,827,781,-1,781,827,829,-1,781,829,779,-1,779,829,831,-1,779,831,833,-1,894,714,896,-1,896,714,712,-1,896,712,898,-1,898,712,710,-1,898,710,900,-1,776,774,836,-1,856,764,858,-1,858,764,762,-1,892,718,894,-1,894,718,716,-1,894,716,714,-1,886,884,732,-1,732,884,734,-1,734,884,882,-1,734,882,736,-1,856,854,764,-1,764,854,852,-1,764,852,766,-1,766,852,850,-1,766,850,768,-1,880,740,882,-1,882,740,738,-1,882,738,736,-1,770,842,772,-1,772,842,840,-1,772,840,774,-1,774,840,838,-1,774,838,836,-1,890,722,892,-1,892,722,720,-1,892,720,718,-1,850,848,768,-1,768,848,846,-1,768,846,770,-1,770,846,844,-1,770,844,842,-1,710,708,900,-1,900,708,706,-1,900,706,902,-1,902,706,704,-1,902,704,904,-1,904,704,702,-1,904,702,906,-1,906,702,700,-1,906,700,671,-1,671,700,698,-1,671,698,672,-1,672,698,696,-1,672,696,674,-1,674,696,694,-1,674,694,676,-1,732,730,886,-1,886,730,728,-1,886,728,888,-1,888,728,726,-1,888,726,890,-1,890,726,724,-1,890,724,722,-1,694,692,676,-1,676,692,690,-1,676,690,678,-1,678,690,688,-1,678,688,680,-1,680,688,687,-1,680,687,682,-1,682,687,684,-1,872,870,754,-1,754,870,868,-1,754,868,756,-1,756,868,866,-1,756,866,758,-1,758,866,864,-1,758,864,760,-1,760,864,862,-1,760,862,762,-1,762,862,860,-1,762,860,858,-1,836,834,776,-1,776,834,832,-1,776,832,778,-1,778,832,830,-1,778,830,780,-1,780,830,828,-1,780,828,782,-1,782,828,826,-1,782,826,784,-1,784,826,824,-1,784,824,786,-1,786,824,822,-1,786,822,788,-1,788,822,820,-1,788,820,790,-1,790,820,818,-1,790,818,792,-1,792,818,816,-1,792,816,794,-1,794,816,814,-1,794,814,796,-1,796,814,812,-1,796,812,798,-1,798,812,810,-1,798,810,800,-1,800,810,808,-1,800,808,802,-1,802,808,807,-1,802,807,804,-1,754,752,872,-1,872,752,750,-1,872,750,874,-1,874,750,748,-1,874,748,876,-1,876,748,746,-1,876,746,878,-1,878,746,744,-1,878,744,880,-1,880,744,742,-1,880,742,740,-1,908,909,910,-1,910,909,911,-1,912,908,913,-1,913,908,910,-1,912,913,914,-1,912,914,915,-1,915,914,916,-1,915,916,917,-1,918,917,919,-1,919,917,916,-1,920,918,921,-1,921,918,919,-1,922,920,923,-1,923,920,921,-1,924,922,925,-1,925,922,923,-1,926,924,927,-1,927,924,925,-1,928,926,929,-1,929,926,927,-1,928,929,930,-1,928,930,931,-1,931,930,932,-1,931,932,933,-1,933,932,934,-1,933,934,935,-1,935,934,936,-1,935,936,937,-1,937,936,938,-1,937,938,939,-1,939,938,940,-1,939,940,941,-1,941,940,942,-1,941,942,943,-1,943,942,944,-1,943,944,945,-1,945,944,946,-1,945,946,947,-1,947,946,948,-1,947,948,949,-1,950,949,951,-1,951,949,948,-1,950,951,952,-1,950,952,953,-1,953,952,954,-1,953,954,955,-1,955,954,956,-1,955,956,957,-1,957,956,958,-1,957,958,959,-1,959,958,960,-1,959,960,961,-1,961,960,962,-1,961,962,963,-1,963,962,964,-1,963,964,965,-1,965,964,966,-1,965,966,967,-1,967,966,968,-1,967,968,969,-1,969,968,970,-1,969,970,971,-1,971,970,972,-1,971,972,973,-1,973,972,974,-1,973,974,975,-1,975,974,976,-1,975,976,977,-1,977,976,978,-1,977,978,979,-1,909,979,911,-1,911,979,978,-1,915,917,979,-1,909,908,979,-1,979,908,912,-1,979,912,915,-1,922,924,920,-1,920,924,926,-1,920,926,918,-1,933,935,967,-1,967,935,965,-1,965,935,937,-1,965,937,963,-1,963,937,939,-1,963,939,961,-1,961,939,959,-1,959,939,941,-1,959,941,957,-1,957,941,943,-1,957,943,955,-1,967,969,933,-1,933,969,971,-1,933,971,931,-1,931,971,973,-1,931,973,928,-1,955,943,953,-1,953,943,945,-1,953,945,950,-1,950,945,947,-1,950,947,949,-1,973,975,928,-1,928,975,977,-1,928,977,926,-1,926,977,979,-1,926,979,918,-1,918,979,917,-1,940,938,960,-1,927,925,923,-1,910,911,913,-1,913,911,978,-1,960,938,962,-1,962,938,936,-1,962,936,964,-1,960,958,940,-1,940,958,956,-1,940,956,942,-1,942,956,954,-1,942,954,944,-1,944,954,952,-1,944,952,946,-1,946,952,951,-1,946,951,948,-1,964,936,966,-1,966,936,934,-1,966,934,968,-1,968,934,932,-1,968,932,970,-1,970,932,930,-1,970,930,972,-1,972,930,974,-1,974,930,929,-1,974,929,976,-1,919,916,978,-1,978,916,914,-1,978,914,913,-1,923,921,927,-1,927,921,919,-1,927,919,929,-1,929,919,978,-1,929,978,976,-1,980,981,982,-1,982,981,983,-1,984,980,985,-1,985,980,982,-1,986,984,987,-1,987,984,985,-1,988,986,989,-1,989,986,987,-1,990,988,991,-1,991,988,989,-1,992,990,993,-1,993,990,991,-1,994,992,995,-1,995,992,993,-1,996,994,997,-1,997,994,995,-1,998,996,999,-1,999,996,997,-1,1000,998,1001,-1,1001,998,999,-1,1002,1000,1003,-1,1003,1000,1001,-1,981,1002,983,-1,983,1002,1003,-1,1002,981,980,-1,980,984,1002,-1,1002,984,986,-1,1002,986,1000,-1,996,998,994,-1,994,998,1000,-1,994,1000,992,-1,992,1000,986,-1,992,986,990,-1,990,986,988,-1,991,989,993,-1,993,989,987,-1,999,997,1001,-1,1001,997,995,-1,982,983,985,-1,985,983,1003,-1,985,1003,987,-1,987,1003,1001,-1,987,1001,993,-1,993,1001,995,-1,1004,1005,1006,-1,1006,1005,1007,-1,1006,1007,1008,-1,1008,1007,1009,-1,1008,1009,1010,-1,1010,1009,1011,-1,1010,1011,1012,-1,1012,1011,1013,-1,1012,1013,1014,-1,1014,1013,1015,-1,1014,1015,1016,-1,1016,1015,1017,-1,1016,1017,1018,-1,1018,1017,1019,-1,1018,1019,1020,-1,1021,1022,1023,-1,1023,1022,1024,-1,1023,1024,1025,-1,1025,1024,1026,-1,1025,1026,1027,-1,1027,1026,1028,-1,1027,1028,1029,-1,1028,1030,1029,-1,1029,1030,1031,-1,1029,1031,1032,-1,1032,1031,1033,-1,1032,1033,1034,-1,1034,1033,1035,-1,1034,1035,1036,-1,1036,1035,1037,-1,1036,1037,1038,-1,1038,1037,1039,-1,1038,1039,1040,-1,1040,1039,1041,-1,1040,1041,1042,-1,1042,1041,1043,-1,1042,1043,1044,-1,1044,1043,1045,-1,1044,1045,1046,-1,1046,1045,1047,-1,1046,1047,1048,-1,1048,1047,1049,-1,1048,1049,1050,-1,1050,1049,1051,-1,1050,1051,1052,-1,1052,1051,1053,-1,1052,1053,1054,-1,1054,1053,1055,-1,1054,1055,1056,-1,1056,1055,1057,-1,1056,1057,1058,-1,1058,1057,1059,-1,1058,1059,1060,-1,1060,1059,1061,-1,1060,1061,1062,-1,1062,1061,1063,-1,1062,1063,1004,-1,1004,1063,1064,-1,1004,1064,1005,-1,1019,1065,1020,-1,1020,1065,1066,-1,1020,1066,1067,-1,1067,1066,1068,-1,1067,1068,1069,-1,1069,1068,1070,-1,1069,1070,1071,-1,1071,1070,1072,-1,1071,1072,1073,-1,1073,1072,1074,-1,1073,1074,1075,-1,1075,1074,1076,-1,1075,1076,1021,-1,1021,1076,1077,-1,1021,1077,1022,-1,1078,1079,1080,-1,1080,1079,1081,-1,1080,1081,1082,-1,1082,1081,1083,-1,1082,1083,1084,-1,1084,1083,1085,-1,1084,1085,1086,-1,1086,1085,1087,-1,1086,1087,1088,-1,1088,1087,1089,-1,1088,1089,1090,-1,1091,1092,1093,-1,1093,1092,1094,-1,1093,1094,1095,-1,1095,1094,1096,-1,1095,1096,1097,-1,1097,1096,1098,-1,1097,1098,1099,-1,1099,1098,1100,-1,1099,1100,1101,-1,1101,1100,1102,-1,1101,1102,1103,-1,1103,1102,1104,-1,1103,1104,1105,-1,1105,1104,1106,-1,1105,1106,1107,-1,1107,1106,1108,-1,1107,1108,1109,-1,1109,1108,1110,-1,1109,1110,1111,-1,1111,1110,1112,-1,1111,1112,1113,-1,1113,1112,1114,-1,1113,1114,1115,-1,1115,1114,1116,-1,1115,1116,1117,-1,1117,1116,1118,-1,1117,1118,1119,-1,1119,1118,1120,-1,1119,1120,1078,-1,1078,1120,1121,-1,1078,1121,1079,-1,1122,1123,1124,-1,1124,1123,1125,-1,1124,1125,1126,-1,1126,1125,1127,-1,1126,1127,1128,-1,1128,1127,1129,-1,1128,1129,1130,-1,1130,1129,1131,-1,1130,1131,1132,-1,1132,1131,1133,-1,1132,1133,1134,-1,1134,1133,1135,-1,1134,1135,1136,-1,1136,1135,1137,-1,1136,1137,1091,-1,1091,1137,1138,-1,1091,1138,1092,-1,1089,1139,1090,-1,1090,1139,1140,-1,1090,1140,1141,-1,1141,1140,1142,-1,1141,1142,1143,-1,1143,1142,1144,-1,1143,1144,1145,-1,1145,1144,1146,-1,1145,1146,1147,-1,1147,1146,1148,-1,1147,1148,1149,-1,1149,1148,1150,-1,1149,1150,1122,-1,1122,1150,1151,-1,1122,1151,1123,-1,1057,1055,1102,-1,1102,1055,1104,-1,1057,1102,1100,-1,1057,1100,1059,-1,1059,1100,1098,-1,1059,1098,1061,-1,1061,1098,1096,-1,1061,1096,1063,-1,1063,1096,1094,-1,1063,1094,1064,-1,1064,1094,1092,-1,1064,1092,1005,-1,1005,1092,1138,-1,1005,1138,1007,-1,1007,1138,1137,-1,1007,1137,1009,-1,1009,1137,1135,-1,1009,1135,1011,-1,1011,1135,1133,-1,1011,1133,1013,-1,1013,1133,1131,-1,1013,1131,1015,-1,1015,1131,1129,-1,1015,1129,1017,-1,1017,1129,1127,-1,1017,1127,1019,-1,1019,1127,1125,-1,1019,1125,1065,-1,1065,1125,1123,-1,1065,1123,1066,-1,1066,1123,1151,-1,1066,1151,1068,-1,1068,1151,1150,-1,1068,1150,1070,-1,1070,1150,1148,-1,1070,1148,1072,-1,1072,1148,1146,-1,1072,1146,1074,-1,1074,1146,1144,-1,1074,1144,1076,-1,1076,1144,1142,-1,1076,1142,1077,-1,1077,1142,1140,-1,1077,1140,1022,-1,1022,1140,1139,-1,1022,1139,1024,-1,1024,1139,1089,-1,1024,1089,1026,-1,1026,1089,1087,-1,1026,1087,1028,-1,1028,1087,1085,-1,1028,1085,1030,-1,1030,1085,1083,-1,1030,1083,1031,-1,1031,1083,1081,-1,1031,1081,1033,-1,1033,1081,1079,-1,1033,1079,1035,-1,1035,1079,1121,-1,1035,1121,1037,-1,1037,1121,1120,-1,1037,1120,1039,-1,1039,1120,1118,-1,1039,1118,1041,-1,1041,1118,1116,-1,1041,1116,1043,-1,1043,1116,1114,-1,1043,1114,1045,-1,1045,1114,1112,-1,1045,1112,1047,-1,1047,1112,1110,-1,1047,1110,1049,-1,1049,1110,1108,-1,1049,1108,1051,-1,1053,1051,1106,-1,1106,1051,1108,-1,1055,1053,1104,-1,1104,1053,1106,-1,1050,1052,1107,-1,1107,1052,1105,-1,1052,1054,1105,-1,1105,1054,1103,-1,1054,1056,1103,-1,1103,1056,1101,-1,1012,1132,1134,-1,1012,1134,1010,-1,1010,1134,1136,-1,1010,1136,1008,-1,1008,1136,1091,-1,1008,1091,1006,-1,1006,1091,1093,-1,1006,1093,1004,-1,1004,1093,1095,-1,1004,1095,1062,-1,1062,1095,1097,-1,1062,1097,1060,-1,1060,1097,1099,-1,1060,1099,1058,-1,1058,1099,1101,-1,1058,1101,1056,-1,1073,1145,1147,-1,1073,1147,1071,-1,1071,1147,1149,-1,1071,1149,1069,-1,1069,1149,1122,-1,1069,1122,1067,-1,1067,1122,1124,-1,1067,1124,1020,-1,1020,1124,1126,-1,1020,1126,1018,-1,1018,1126,1128,-1,1018,1128,1016,-1,1016,1128,1130,-1,1016,1130,1014,-1,1014,1130,1132,-1,1014,1132,1012,-1,1034,1080,1082,-1,1034,1082,1032,-1,1032,1082,1084,-1,1032,1084,1029,-1,1029,1084,1086,-1,1029,1086,1027,-1,1027,1086,1088,-1,1027,1088,1025,-1,1025,1088,1090,-1,1025,1090,1023,-1,1023,1090,1141,-1,1023,1141,1021,-1,1021,1141,1143,-1,1021,1143,1075,-1,1075,1143,1145,-1,1075,1145,1073,-1,1050,1107,1109,-1,1050,1109,1048,-1,1048,1109,1111,-1,1048,1111,1046,-1,1046,1111,1113,-1,1046,1113,1044,-1,1044,1113,1115,-1,1044,1115,1042,-1,1042,1115,1117,-1,1042,1117,1040,-1,1040,1117,1119,-1,1040,1119,1038,-1,1038,1119,1078,-1,1038,1078,1036,-1,1036,1078,1080,-1,1036,1080,1034,-1,1152,1153,1154,-1,1155,1156,1157,-1,1153,1158,1154,-1,1154,1158,1159,-1,1154,1159,1160,-1,1160,1159,1161,-1,1160,1161,1162,-1,1162,1163,1160,-1,1160,1163,1164,-1,1160,1164,1165,-1,1166,1165,1167,-1,1167,1165,1164,-1,1167,1164,1157,-1,1157,1164,1152,-1,1157,1152,1155,-1,1155,1152,1154,-1,1168,1169,1170,-1,1170,1169,1171,-1,1172,1173,1171,-1,1171,1173,1174,-1,1171,1174,1170,-1,1170,1174,1175,-1,1172,1176,1173,-1,1173,1176,1177,-1,1173,1177,1178,-1,1178,1177,1179,-1,1178,1179,1180,-1,1180,1181,1178,-1,1178,1181,1169,-1,1178,1169,1182,-1,1182,1169,1168,-1,1182,1168,1183,-1,1160,1165,1173,-1,1173,1165,1174,-1,1154,1160,1178,-1,1178,1160,1173,-1,1155,1154,1182,-1,1182,1154,1178,-1,1156,1155,1183,-1,1183,1155,1182,-1,1157,1156,1168,-1,1168,1156,1183,-1,1167,1157,1170,-1,1170,1157,1168,-1,1166,1167,1175,-1,1175,1167,1170,-1,1165,1166,1174,-1,1174,1166,1175,-1,1152,1164,1169,-1,1169,1164,1171,-1,1164,1163,1171,-1,1171,1163,1172,-1,1161,1177,1176,-1,1161,1176,1162,-1,1162,1176,1172,-1,1162,1172,1163,-1,1161,1159,1177,-1,1177,1159,1179,-1,1153,1181,1180,-1,1153,1180,1158,-1,1158,1180,1179,-1,1158,1179,1159,-1,1153,1152,1181,-1,1181,1152,1169,-1,1184,1185,1186,-1,1187,1188,1189,-1,1190,1191,1192,-1,1193,1194,1195,-1,1195,1194,1196,-1,1197,1198,1199,-1,1200,1201,1202,-1,1202,1201,1203,-1,1202,1203,1204,-1,1205,1206,1207,-1,1207,1206,1186,-1,1207,1186,1208,-1,1209,1210,1211,-1,1212,1213,1186,-1,1186,1213,1214,-1,1186,1214,1184,-1,1215,1216,1193,-1,1193,1216,1217,-1,1193,1217,1194,-1,1218,1219,1220,-1,1220,1219,1190,-1,1221,1222,1223,-1,1224,1225,1226,-1,1190,1192,1220,-1,1220,1192,1227,-1,1220,1227,1193,-1,1193,1227,1228,-1,1193,1228,1215,-1,1229,1230,1196,-1,1196,1230,1231,-1,1196,1231,1195,-1,1232,1185,1233,-1,1233,1185,1234,-1,1233,1234,1235,-1,1236,1237,1238,-1,1238,1237,1239,-1,1238,1239,1205,-1,1205,1239,1240,-1,1205,1240,1206,-1,1223,1241,1221,-1,1221,1241,1242,-1,1221,1242,1236,-1,1236,1242,1243,-1,1236,1243,1237,-1,1211,1210,1244,-1,1244,1210,1245,-1,1244,1245,1246,-1,1246,1245,1247,-1,1246,1247,1248,-1,1199,1198,1249,-1,1249,1198,1250,-1,1249,1250,1251,-1,1252,1253,1186,-1,1186,1253,1254,-1,1186,1254,1212,-1,1224,1226,1255,-1,1255,1226,1256,-1,1255,1256,1257,-1,1257,1256,1258,-1,1257,1258,1259,-1,1191,1190,1221,-1,1221,1190,1260,-1,1221,1260,1261,-1,1261,1262,1221,-1,1221,1262,1263,-1,1221,1263,1222,-1,1264,1265,1266,-1,1266,1265,1267,-1,1266,1267,1268,-1,1268,1267,1269,-1,1268,1269,1270,-1,1270,1269,1271,-1,1270,1271,1272,-1,1273,1274,1275,-1,1275,1274,1276,-1,1275,1276,1252,-1,1252,1276,1277,-1,1252,1277,1253,-1,1225,1224,1278,-1,1278,1224,1279,-1,1278,1279,1280,-1,1280,1279,1281,-1,1280,1281,1282,-1,1282,1281,1283,-1,1282,1283,1189,-1,1189,1283,1284,-1,1189,1284,1187,-1,1232,1285,1185,-1,1185,1285,1286,-1,1185,1286,1186,-1,1186,1286,1287,-1,1186,1287,1208,-1,1211,1288,1209,-1,1209,1288,1289,-1,1209,1289,1290,-1,1290,1289,1291,-1,1290,1291,1292,-1,1292,1291,1293,-1,1292,1293,1294,-1,1294,1293,1295,-1,1294,1295,1296,-1,1199,1297,1197,-1,1197,1297,1298,-1,1197,1298,1299,-1,1299,1298,1300,-1,1299,1300,1301,-1,1301,1300,1302,-1,1301,1302,1303,-1,1303,1302,1189,-1,1303,1189,1304,-1,1304,1189,1188,-1,1202,1305,1200,-1,1200,1305,1306,-1,1200,1306,1307,-1,1307,1306,1308,-1,1307,1308,1309,-1,1310,1311,1312,-1,1312,1311,1313,-1,1312,1313,1314,-1,1314,1313,1315,-1,1314,1315,1273,-1,1273,1315,1316,-1,1273,1316,1274,-1,1317,1318,1319,-1,1319,1318,1320,-1,1319,1320,1229,-1,1229,1320,1321,-1,1229,1321,1230,-1,1234,1322,1235,-1,1235,1322,1323,-1,1235,1323,1324,-1,1324,1323,1325,-1,1324,1325,1326,-1,1327,1328,1329,-1,1329,1328,1330,-1,1329,1330,1331,-1,1331,1330,1332,-1,1331,1332,1264,-1,1264,1332,1333,-1,1264,1333,1265,-1,1295,1334,1296,-1,1296,1334,1335,-1,1296,1335,1336,-1,1336,1335,1337,-1,1336,1337,1327,-1,1327,1337,1338,-1,1327,1338,1328,-1,1325,1339,1326,-1,1326,1339,1340,-1,1326,1340,1317,-1,1317,1340,1341,-1,1317,1341,1318,-1,1342,1343,1344,-1,1345,1346,1347,-1,1347,1346,1348,-1,1349,1350,1351,-1,1351,1350,1352,-1,1351,1352,1353,-1,1353,1352,1354,-1,1353,1354,1355,-1,1355,1354,1356,-1,1355,1356,1357,-1,1357,1356,1358,-1,1357,1358,1310,-1,1310,1358,1359,-1,1310,1359,1311,-1,1204,1360,1202,-1,1202,1360,1361,-1,1202,1361,1362,-1,1362,1361,1363,-1,1362,1363,1364,-1,1364,1363,1272,-1,1364,1272,1365,-1,1365,1272,1271,-1,1366,1367,1342,-1,1342,1367,1368,-1,1342,1368,1343,-1,1247,1369,1248,-1,1248,1369,1342,-1,1248,1342,1370,-1,1370,1342,1344,-1,1251,1250,1371,-1,1371,1250,1372,-1,1371,1372,1345,-1,1345,1372,1373,-1,1345,1373,1346,-1,1374,1375,1376,-1,1375,1377,1376,-1,1376,1377,1378,-1,1376,1378,1379,-1,1258,1380,1259,-1,1259,1380,1381,-1,1259,1381,1382,-1,1382,1381,1383,-1,1382,1383,1349,-1,1349,1383,1384,-1,1349,1384,1350,-1,1366,1342,1376,-1,1376,1342,1385,-1,1376,1385,1374,-1,1308,1386,1309,-1,1309,1386,1387,-1,1309,1387,1388,-1,1388,1387,1389,-1,1388,1389,1390,-1,1390,1389,1391,-1,1390,1391,1392,-1,1392,1391,1393,-1,1392,1393,1394,-1,1394,1393,1395,-1,1394,1395,1348,-1,1348,1395,1396,-1,1348,1396,1347,-1,1397,1398,1399,-1,1399,1398,1400,-1,1399,1400,1401,-1,1402,1403,1404,-1,1405,1406,1407,-1,1407,1406,1408,-1,1407,1408,1409,-1,1400,1410,1401,-1,1401,1410,1411,-1,1401,1411,1412,-1,1412,1411,1413,-1,1414,1415,1407,-1,1407,1415,1402,-1,1407,1402,1405,-1,1416,1417,1418,-1,1419,1420,1421,-1,1421,1420,1422,-1,1421,1422,1423,-1,1424,1425,1426,-1,1427,1428,1401,-1,1401,1428,1429,-1,1401,1429,1399,-1,1399,1429,1430,-1,1431,1432,1433,-1,1433,1432,1434,-1,1435,1436,1437,-1,1437,1436,1438,-1,1437,1438,1439,-1,1439,1438,1440,-1,1439,1440,1441,-1,1407,1442,1414,-1,1414,1442,1443,-1,1414,1443,1444,-1,1444,1443,1445,-1,1444,1445,1446,-1,1446,1445,1447,-1,1446,1447,1448,-1,1404,1449,1402,-1,1402,1449,1450,-1,1402,1450,1405,-1,1451,1452,1453,-1,1453,1452,1454,-1,1453,1454,1455,-1,1455,1454,1456,-1,1455,1456,1457,-1,1418,1417,1458,-1,1458,1417,1459,-1,1458,1459,1460,-1,1461,1462,1456,-1,1463,1464,1411,-1,1411,1464,1465,-1,1411,1465,1413,-1,1434,1466,1433,-1,1433,1466,1467,-1,1433,1467,1468,-1,1468,1467,1441,-1,1468,1441,1469,-1,1469,1441,1440,-1,1460,1459,1470,-1,1470,1459,1471,-1,1470,1471,1433,-1,1433,1471,1472,-1,1433,1472,1431,-1,1473,1474,1475,-1,1475,1474,1476,-1,1475,1476,1477,-1,1477,1476,1478,-1,1477,1478,1479,-1,1479,1478,1480,-1,1479,1480,1481,-1,1482,1483,1484,-1,1484,1483,1485,-1,1484,1485,1486,-1,1486,1485,1487,-1,1486,1487,1488,-1,1462,1489,1456,-1,1456,1489,1490,-1,1456,1490,1457,-1,1422,1491,1423,-1,1423,1491,1492,-1,1423,1492,1493,-1,1493,1492,1494,-1,1493,1494,1408,-1,1408,1494,1495,-1,1408,1495,1409,-1,1426,1425,1496,-1,1496,1425,1497,-1,1496,1497,1401,-1,1401,1497,1498,-1,1401,1498,1427,-1,1499,1500,1501,-1,1501,1500,1502,-1,1501,1502,1503,-1,1426,1504,1424,-1,1424,1504,1505,-1,1424,1505,1506,-1,1506,1505,1507,-1,1506,1507,1419,-1,1419,1507,1508,-1,1419,1508,1420,-1,1502,1509,1503,-1,1503,1509,1510,-1,1503,1510,1511,-1,1511,1510,1512,-1,1511,1512,1513,-1,1513,1512,1399,-1,1513,1399,1514,-1,1514,1399,1430,-1,1499,1515,1516,-1,1517,1518,1519,-1,1519,1518,1520,-1,1519,1520,1521,-1,1447,1522,1448,-1,1448,1522,1523,-1,1448,1523,1524,-1,1524,1523,1525,-1,1524,1525,1526,-1,1526,1525,1527,-1,1526,1527,1528,-1,1528,1527,1529,-1,1528,1529,1530,-1,1530,1529,1531,-1,1530,1531,1517,-1,1517,1531,1532,-1,1517,1532,1518,-1,1533,1534,1535,-1,1535,1534,1536,-1,1487,1537,1488,-1,1488,1537,1538,-1,1488,1538,1539,-1,1539,1538,1540,-1,1539,1540,1473,-1,1473,1540,1541,-1,1473,1541,1474,-1,1456,1542,1461,-1,1461,1542,1543,-1,1461,1543,1544,-1,1544,1543,1545,-1,1544,1545,1546,-1,1546,1545,1547,-1,1546,1547,1548,-1,1548,1547,1549,-1,1548,1549,1482,-1,1482,1549,1550,-1,1482,1550,1483,-1,1551,1552,1499,-1,1499,1552,1553,-1,1499,1553,1515,-1,1516,1554,1499,-1,1499,1554,1555,-1,1499,1555,1500,-1,1520,1556,1521,-1,1521,1556,1557,-1,1521,1557,1558,-1,1558,1557,1559,-1,1558,1559,1560,-1,1560,1559,1561,-1,1560,1561,1435,-1,1435,1561,1562,-1,1435,1562,1436,-1,1480,1563,1481,-1,1481,1563,1564,-1,1481,1564,1565,-1,1565,1564,1566,-1,1565,1566,1567,-1,1567,1566,1568,-1,1567,1568,1569,-1,1569,1568,1570,-1,1569,1570,1571,-1,1571,1570,1572,-1,1571,1572,1573,-1,1573,1572,1574,-1,1573,1574,1535,-1,1535,1574,1575,-1,1535,1575,1533,-1,1536,1576,1535,-1,1535,1576,1577,-1,1535,1577,1578,-1,1403,1402,1499,-1,1499,1402,1579,-1,1499,1579,1551,-1,1580,1581,1578,-1,1578,1581,1582,-1,1578,1582,1583,-1,1584,1585,1586,-1,1586,1585,1587,-1,1586,1587,1451,-1,1451,1587,1588,-1,1451,1588,1452,-1,1418,1589,1416,-1,1416,1589,1590,-1,1416,1590,1591,-1,1591,1590,1592,-1,1591,1592,1593,-1,1593,1592,1594,-1,1593,1594,1595,-1,1595,1594,1596,-1,1595,1596,1597,-1,1597,1596,1598,-1,1597,1598,1599,-1,1599,1598,1600,-1,1599,1600,1601,-1,1601,1600,1602,-1,1601,1602,1603,-1,1603,1602,1604,-1,1603,1604,1605,-1,1605,1604,1606,-1,1605,1606,1584,-1,1584,1606,1607,-1,1584,1607,1585,-1,1583,1608,1578,-1,1578,1608,1609,-1,1578,1609,1535,-1,1330,1537,1487,-1,1330,1487,1332,-1,1332,1487,1485,-1,1332,1485,1333,-1,1333,1485,1483,-1,1333,1483,1265,-1,1265,1483,1550,-1,1265,1550,1267,-1,1267,1550,1549,-1,1267,1549,1269,-1,1269,1549,1547,-1,1269,1547,1271,-1,1271,1547,1545,-1,1271,1545,1365,-1,1365,1545,1543,-1,1365,1543,1364,-1,1364,1543,1542,-1,1364,1542,1362,-1,1362,1542,1456,-1,1362,1456,1202,-1,1202,1456,1454,-1,1202,1454,1305,-1,1305,1454,1452,-1,1305,1452,1306,-1,1306,1452,1588,-1,1306,1588,1308,-1,1308,1588,1587,-1,1308,1587,1386,-1,1386,1587,1585,-1,1386,1585,1387,-1,1387,1585,1607,-1,1387,1607,1389,-1,1389,1607,1606,-1,1389,1606,1391,-1,1391,1606,1604,-1,1391,1604,1393,-1,1393,1604,1602,-1,1393,1602,1395,-1,1395,1602,1600,-1,1395,1600,1396,-1,1396,1600,1598,-1,1396,1598,1347,-1,1347,1598,1596,-1,1347,1596,1345,-1,1345,1596,1594,-1,1345,1594,1371,-1,1371,1594,1592,-1,1371,1592,1251,-1,1251,1592,1590,-1,1251,1590,1249,-1,1249,1590,1589,-1,1249,1589,1199,-1,1199,1589,1418,-1,1199,1418,1297,-1,1297,1418,1458,-1,1297,1458,1298,-1,1298,1458,1460,-1,1298,1460,1300,-1,1300,1460,1470,-1,1300,1470,1302,-1,1302,1470,1433,-1,1302,1433,1189,-1,1189,1433,1468,-1,1189,1468,1282,-1,1282,1468,1469,-1,1282,1469,1280,-1,1280,1469,1440,-1,1280,1440,1278,-1,1278,1440,1438,-1,1278,1438,1225,-1,1225,1438,1436,-1,1225,1436,1226,-1,1226,1436,1562,-1,1226,1562,1256,-1,1256,1562,1561,-1,1256,1561,1258,-1,1258,1561,1559,-1,1258,1559,1380,-1,1380,1559,1557,-1,1380,1557,1381,-1,1381,1557,1556,-1,1381,1556,1383,-1,1383,1556,1520,-1,1383,1520,1384,-1,1384,1520,1518,-1,1384,1518,1350,-1,1350,1518,1532,-1,1350,1532,1352,-1,1352,1532,1531,-1,1352,1531,1354,-1,1354,1531,1529,-1,1354,1529,1356,-1,1356,1529,1527,-1,1356,1527,1358,-1,1358,1527,1525,-1,1358,1525,1359,-1,1359,1525,1523,-1,1359,1523,1311,-1,1311,1523,1522,-1,1311,1522,1313,-1,1313,1522,1447,-1,1313,1447,1315,-1,1315,1447,1445,-1,1315,1445,1316,-1,1316,1445,1443,-1,1316,1443,1274,-1,1274,1443,1442,-1,1274,1442,1276,-1,1276,1442,1407,-1,1276,1407,1277,-1,1277,1407,1409,-1,1277,1409,1253,-1,1253,1409,1495,-1,1253,1495,1254,-1,1254,1495,1494,-1,1254,1494,1212,-1,1212,1494,1492,-1,1212,1492,1213,-1,1213,1492,1491,-1,1213,1491,1214,-1,1214,1491,1422,-1,1214,1422,1184,-1,1184,1422,1420,-1,1184,1420,1185,-1,1185,1420,1508,-1,1185,1508,1234,-1,1234,1508,1507,-1,1234,1507,1322,-1,1322,1507,1505,-1,1322,1505,1323,-1,1323,1505,1504,-1,1323,1504,1325,-1,1325,1504,1426,-1,1325,1426,1339,-1,1339,1426,1496,-1,1339,1496,1340,-1,1340,1496,1401,-1,1340,1401,1341,-1,1341,1401,1412,-1,1341,1412,1318,-1,1318,1412,1413,-1,1318,1413,1320,-1,1320,1413,1465,-1,1320,1465,1321,-1,1321,1465,1464,-1,1321,1464,1230,-1,1230,1464,1463,-1,1230,1463,1231,-1,1231,1463,1411,-1,1231,1411,1195,-1,1195,1411,1410,-1,1195,1410,1193,-1,1220,1193,1400,-1,1400,1193,1410,-1,1218,1220,1398,-1,1398,1220,1400,-1,1219,1218,1397,-1,1397,1218,1398,-1,1190,1219,1399,-1,1399,1219,1397,-1,1190,1399,1512,-1,1190,1512,1260,-1,1260,1512,1510,-1,1260,1510,1261,-1,1261,1510,1509,-1,1261,1509,1262,-1,1262,1509,1502,-1,1262,1502,1263,-1,1263,1502,1500,-1,1263,1500,1222,-1,1222,1500,1555,-1,1222,1555,1223,-1,1223,1555,1554,-1,1223,1554,1241,-1,1241,1554,1516,-1,1241,1516,1242,-1,1242,1516,1515,-1,1242,1515,1243,-1,1243,1515,1553,-1,1243,1553,1237,-1,1237,1553,1552,-1,1237,1552,1239,-1,1239,1552,1551,-1,1239,1551,1240,-1,1240,1551,1579,-1,1240,1579,1206,-1,1206,1579,1402,-1,1206,1402,1186,-1,1186,1402,1415,-1,1186,1415,1252,-1,1252,1415,1414,-1,1252,1414,1275,-1,1275,1414,1444,-1,1275,1444,1273,-1,1273,1444,1446,-1,1273,1446,1314,-1,1314,1446,1448,-1,1314,1448,1312,-1,1312,1448,1524,-1,1312,1524,1310,-1,1310,1524,1526,-1,1310,1526,1357,-1,1357,1526,1528,-1,1357,1528,1355,-1,1355,1528,1530,-1,1355,1530,1353,-1,1353,1530,1517,-1,1353,1517,1351,-1,1351,1517,1519,-1,1351,1519,1349,-1,1349,1519,1521,-1,1349,1521,1382,-1,1382,1521,1558,-1,1382,1558,1259,-1,1259,1558,1560,-1,1259,1560,1257,-1,1257,1560,1435,-1,1257,1435,1255,-1,1255,1435,1437,-1,1255,1437,1224,-1,1224,1437,1439,-1,1224,1439,1279,-1,1279,1439,1441,-1,1279,1441,1281,-1,1281,1441,1467,-1,1281,1467,1283,-1,1283,1467,1466,-1,1283,1466,1284,-1,1284,1466,1434,-1,1284,1434,1187,-1,1187,1434,1432,-1,1187,1432,1188,-1,1188,1432,1431,-1,1188,1431,1304,-1,1304,1431,1472,-1,1304,1472,1303,-1,1303,1472,1471,-1,1303,1471,1301,-1,1301,1471,1459,-1,1301,1459,1299,-1,1299,1459,1417,-1,1299,1417,1197,-1,1197,1417,1416,-1,1197,1416,1198,-1,1198,1416,1591,-1,1198,1591,1250,-1,1250,1591,1593,-1,1250,1593,1372,-1,1372,1593,1595,-1,1372,1595,1373,-1,1373,1595,1597,-1,1373,1597,1346,-1,1346,1597,1599,-1,1346,1599,1348,-1,1348,1599,1601,-1,1348,1601,1394,-1,1394,1601,1603,-1,1394,1603,1392,-1,1392,1603,1605,-1,1392,1605,1390,-1,1390,1605,1584,-1,1390,1584,1388,-1,1388,1584,1586,-1,1388,1586,1309,-1,1309,1586,1451,-1,1309,1451,1307,-1,1307,1451,1453,-1,1307,1453,1200,-1,1200,1453,1455,-1,1200,1455,1201,-1,1201,1455,1457,-1,1201,1457,1203,-1,1203,1457,1490,-1,1203,1490,1204,-1,1360,1204,1489,-1,1489,1204,1490,-1,1360,1489,1462,-1,1360,1462,1361,-1,1361,1462,1461,-1,1361,1461,1363,-1,1363,1461,1544,-1,1363,1544,1272,-1,1272,1544,1546,-1,1272,1546,1270,-1,1270,1546,1548,-1,1270,1548,1268,-1,1268,1548,1482,-1,1268,1482,1266,-1,1266,1482,1484,-1,1266,1484,1264,-1,1264,1484,1486,-1,1264,1486,1331,-1,1331,1486,1488,-1,1331,1488,1329,-1,1329,1488,1539,-1,1329,1539,1327,-1,1327,1539,1473,-1,1327,1473,1336,-1,1336,1473,1475,-1,1336,1475,1296,-1,1296,1475,1477,-1,1296,1477,1294,-1,1294,1477,1479,-1,1294,1479,1292,-1,1292,1479,1481,-1,1292,1481,1290,-1,1290,1481,1565,-1,1290,1565,1209,-1,1209,1565,1567,-1,1209,1567,1210,-1,1210,1567,1569,-1,1210,1569,1245,-1,1247,1245,1571,-1,1571,1245,1569,-1,1247,1571,1573,-1,1247,1573,1369,-1,1369,1573,1535,-1,1369,1535,1342,-1,1342,1535,1609,-1,1342,1609,1385,-1,1385,1609,1608,-1,1385,1608,1374,-1,1374,1608,1583,-1,1374,1583,1375,-1,1375,1583,1582,-1,1375,1582,1377,-1,1377,1582,1581,-1,1377,1581,1378,-1,1378,1581,1580,-1,1378,1580,1379,-1,1379,1580,1578,-1,1379,1578,1376,-1,1376,1578,1577,-1,1376,1577,1366,-1,1366,1577,1576,-1,1366,1576,1367,-1,1367,1576,1536,-1,1367,1536,1368,-1,1368,1536,1534,-1,1368,1534,1343,-1,1343,1534,1533,-1,1343,1533,1344,-1,1344,1533,1575,-1,1344,1575,1370,-1,1370,1575,1574,-1,1370,1574,1248,-1,1248,1574,1572,-1,1248,1572,1246,-1,1244,1246,1570,-1,1570,1246,1572,-1,1244,1570,1568,-1,1244,1568,1211,-1,1211,1568,1566,-1,1211,1566,1288,-1,1288,1566,1564,-1,1288,1564,1289,-1,1289,1564,1563,-1,1289,1563,1291,-1,1291,1563,1480,-1,1291,1480,1293,-1,1293,1480,1478,-1,1293,1478,1295,-1,1295,1478,1476,-1,1295,1476,1334,-1,1334,1476,1474,-1,1334,1474,1335,-1,1335,1474,1541,-1,1335,1541,1337,-1,1337,1541,1540,-1,1337,1540,1338,-1,1338,1540,1538,-1,1338,1538,1328,-1,1328,1538,1537,-1,1328,1537,1330,-1,1191,1499,1501,-1,1191,1501,1192,-1,1192,1501,1503,-1,1192,1503,1227,-1,1227,1503,1511,-1,1227,1511,1228,-1,1228,1511,1513,-1,1228,1513,1215,-1,1215,1513,1514,-1,1215,1514,1216,-1,1216,1514,1430,-1,1216,1430,1217,-1,1217,1430,1429,-1,1217,1429,1194,-1,1194,1429,1428,-1,1194,1428,1196,-1,1196,1428,1427,-1,1196,1427,1229,-1,1229,1427,1498,-1,1229,1498,1319,-1,1319,1498,1497,-1,1319,1497,1317,-1,1317,1497,1425,-1,1317,1425,1326,-1,1326,1425,1424,-1,1326,1424,1324,-1,1324,1424,1506,-1,1324,1506,1235,-1,1235,1506,1419,-1,1235,1419,1233,-1,1233,1419,1421,-1,1233,1421,1232,-1,1232,1421,1423,-1,1232,1423,1285,-1,1285,1423,1493,-1,1285,1493,1286,-1,1286,1493,1408,-1,1286,1408,1287,-1,1287,1408,1406,-1,1287,1406,1208,-1,1208,1406,1405,-1,1208,1405,1207,-1,1207,1405,1450,-1,1207,1450,1205,-1,1205,1450,1449,-1,1205,1449,1238,-1,1238,1449,1404,-1,1238,1404,1236,-1,1236,1404,1403,-1,1236,1403,1221,-1,1221,1403,1499,-1,1221,1499,1191,-1,
        ]
    }
}
Shape{
    appearance Appearance {
        material  Material 	{
            diffuseColor 0.8509803921568627 0.8509803921568627 0.8509803921568627
            specularColor 0.4235294117647059 0.4235294117647059 0.4235294117647059
            ambientIntensity 0.851
            transparency 0.0
            shininess 0.5
        }
    }
    geometry IndexedFaceSet {
        ccw TRUE
        solid FALSE
        coord DEF co Coordinate {
            point [
                1.457 -4.9589 2.5197, 1.5031 -4.9405 2.5197, 2.2047 -5.0505 2.5197, 0.8077 -2.3942 2.5197, 1.6296 -2.3392 2.5197, 1.6099 -2.3417 2.5197, 1.4077 -4.9651 2.5197, -0.2867 -4.7856 2.5197, -0.2741 -4.7699 2.5197, 0.9052 -4.9589 2.5197, 1.5914 -2.349 2.5197, 1.5754 -2.3608 2.5197, 1.5628 -2.3762 2.5197, 1.5432 -4.9111 2.5197, 1.5746 -4.8726 2.5197, 2.2237 -5.0426 2.5197, 1.5954 -4.8275 2.5197, -0.3028 -4.7976 2.5197, 2.168 -5.0983 2.5197, 2.1654 -5.1187 2.5197, -1.4077 -4.9651 2.5197, -2.1653 -5.1187 2.5197, -1.457 -4.9589 2.5197, -1.5031 -4.9405 2.5197, -1.6674 -2.3413 2.5197, -1.6845 -2.3475 2.5197, -2.3447 0.9532 2.5197, 1.551 -2.4138 2.5197, 1.5489 -2.4541 2.5197, 0.8134 -2.4541 2.5197, -0.8112 -2.4138 2.5197, -0.8134 -2.4541 2.5197, -1.5488 -2.4541 2.5197, -0.2771 -2.6763 2.5197, -0.2955 -2.6837 2.5197, -2.3425 1.0228 2.5197, -0.7523 -2.3417 2.5197, -1.5545 -2.3942 2.5197, -0.7326 -2.3392 2.5197, -1.5628 -2.3762 2.5197, 1.5545 -2.3942 2.5197, 0.8113 -2.4138 2.5197, 2.3425 -5.0399 2.5197, 2.2441 -5.0399 2.5197, 2.3427 0.9664 2.5197, -0.7708 -2.349 2.5197, -0.7868 -2.3608 2.5197, -0.7994 -2.3762 2.5197, -0.8077 -2.3942 2.5197, -1.5509 -2.4138 2.5197, -0.3116 -2.6954 2.5197, -0.3241 -2.7108 2.5197, -0.3325 -2.7289 2.5197, -0.8591 -4.9405 2.5197, -0.819 -4.9111 2.5197, 2.1759 -5.0793 2.5197, 0.3116 -2.6954 2.5197, 0.6354 -2.4038 2.5197, 0.3242 -2.7108 2.5197, 0.6343 -2.422 2.5197, 0.3325 -2.7289 2.5197, -1.6998 -2.3574 2.5197, -1.7123 -2.3707 2.5197, -1.7215 -2.3864 2.5197, -1.7268 -2.4038 2.5197, -1.7279 -2.422 2.5197, -2.3425 -5.0399 2.5197, -1.6043 -4.7786 2.5197, -2.2441 -5.0399 2.5197, -1.5954 -4.8275 2.5197, 1.6043 -4.7786 2.5197, 1.7279 -2.422 2.5197, 1.7268 -2.4038 2.5197, 1.7215 -2.3864 2.5197, 1.7123 -2.3707 2.5197, 1.6998 -2.3574 2.5197, 1.6845 -2.3475 2.5197, -0.9052 -4.9589 2.5197, 0.6624 -2.3574 2.5197, 0.6499 -2.3707 2.5197, 0.6407 -2.3864 2.5197, 0.7129 -2.3392 2.5197, 0.6948 -2.3413 2.5197, 2.3427 1.0231 2.5197, -2.195 -5.0571 2.5197, -2.1825 -5.0696 2.5197, -2.1731 -5.0845 2.5197, -2.2099 -5.0477 2.5197, -2.2266 -5.0419 2.5197, 0.2956 -2.6837 2.5197, 0.2771 -2.6763 2.5197, 0.2574 -2.6738 2.5197, -0.2574 -2.6738 2.5197, 0.3963 -4.7993 2.5197, 0.4116 -4.7894 2.5197, 0.7668 -4.8275 2.5197, 0.6777 -2.3475 2.5197, -1.6493 -2.3392 2.5197, -2.3435 0.9595 2.5197, -1.6296 -2.3392 2.5197, -2.3425 0.9719 2.5197, -2.1673 -5.1012 2.5197, -1.5746 -4.8726 2.5197, -1.5432 -4.9111 2.5197, 1.6674 -2.3413 2.5197, 1.6493 -2.3392 2.5197, -0.9545 -4.9651 2.5197, -0.3214 -4.8051 2.5197, 0.9545 -4.9651 2.5197, -0.3414 -4.8077 2.5197, 0.3792 -4.8055 2.5197, 0.7876 -4.8726 2.5197, -0.2659 -4.7515 2.5197, 0.819 -4.9111 2.5197, 0.8591 -4.9405 2.5197, 0.7994 -2.3762 2.5197, 0.7868 -2.3608 2.5197, 0.7708 -2.349 2.5197, 2.3425 0.9719 2.5197, 0.7523 -2.3417 2.5197, 0.7326 -2.3392 2.5197, 0.7579 -4.7786 2.5197, 0.4397 -4.7248 2.5197, 0.336 -2.7484 2.5197, 0.4241 -4.7761 2.5197, 0.4333 -4.7604 2.5197, 0.4386 -4.743 2.5197, -0.7668 -4.8275 2.5197, -0.4241 -4.7761 2.5197, -0.4115 -4.7894 2.5197, 2.1884 -5.063 2.5197, 0.2803 -4.7786 2.5197, 0.2939 -4.7917 2.5197, -0.3963 -4.7993 2.5197, -0.3792 -4.8055 2.5197, -0.3611 -4.8077 2.5197, -0.6354 -2.4038 2.5197, -0.6407 -2.3864 2.5197, -0.6499 -2.3707 2.5197, -0.6624 -2.3574 2.5197, -0.6777 -2.3475 2.5197, -0.6948 -2.3413 2.5197, -0.7129 -2.3392 2.5197, -1.5754 -2.3608 2.5197, -1.5914 -2.349 2.5197, -1.6099 -2.3417 2.5197, 0.3103 -4.8013 2.5197, 0.3285 -4.8066 2.5197, 0.3414 -4.8077 2.5197, 0.3611 -4.8077 2.5197, -0.7579 -4.7786 2.5197, -0.4385 -4.743 2.5197, -0.4332 -4.7604 2.5197, -0.7876 -4.8726 2.5197, -0.2627 -4.7324 2.5197, -0.2612 -4.704 2.5197, 0.2613 -4.704 2.5197, -0.6343 -2.422 2.5197, -0.336 -2.7484 2.5197, -0.4397 -4.7248 2.5197, 0.2627 -4.7324 2.5197, 0.2642 -4.7445 2.5197, 0.2702 -4.7625 2.5197, -2.3485 0.9417 2.5195, -2.4606 -5.0399 2.4016, -2.4606 0.8931 2.4016, -2.4589 -5.0399 2.4215, -2.4589 0.8931 2.4215, -2.4505 -5.0399 2.4495, -2.4505 0.8931 2.4495, -2.4354 -5.0399 2.4746, -2.4354 0.8931 2.4746, -2.4146 -5.0399 2.4951, -2.3776 0.9063 2.5144, -2.3701 0.912 2.5164, -2.3613 -5.0399 2.5182, -2.3613 0.9216 2.518, -2.3576 0.9256 2.5187, -2.3894 -5.0399 2.51, -2.3894 0.8999 2.51, -2.3855 0.9017 2.5116, -2.4212 0.8931 2.4896, -2.4146 0.8934 2.4951, -2.4029 0.8953 2.5031, -2.4363 -5.0399 2.6184, -2.4867 0.8931 2.5887, -2.4867 -5.0399 2.5887, -2.5283 0.8931 2.5475, -2.5283 -5.0399 2.5475, -2.5584 0.8931 2.4974, -2.5584 -5.0399 2.4974, -2.5754 0.8931 2.4414, -2.5754 -5.0399 2.4414, -2.5787 0.8931 2.4016, -2.5787 -5.0399 2.4016, -2.4029 0.8953 2.63, -2.4212 0.8931 2.6243, -2.4363 0.8931 2.6184, -2.3576 0.9256 2.6373, -2.3701 0.912 2.6362, -2.3801 -5.0399 2.6348, -2.3801 0.9053 2.6347, -2.3855 0.9017 2.6338, -2.3485 0.9417 2.6377, -2.3425 -5.0399 2.6378, -2.3447 0.9534 2.6378
            ]
        }
        coordIndex [
            0,1,2,-1,3,4,5,-1,0,2,6,-1,7,8,9,-1,5,10,3,-1,3,10,11,-1,3,11,12,-1,1,13,2,-1,2,13,14,-1,2,14,15,-1,15,14,16,-1,7,9,17,-1,18,19,20,-1,20,19,21,-1,20,21,22,-1,22,21,23,-1,24,25,26,-1,27,28,29,-1,30,31,32,-1,33,34,35,-1,36,37,38,-1,38,37,39,-1,12,40,3,-1,3,40,27,-1,3,27,41,-1,41,27,29,-1,42,43,44,-1,44,43,15,-1,36,45,37,-1,37,45,46,-1,37,46,47,-1,47,48,37,-1,37,48,30,-1,37,30,49,-1,49,30,32,-1,34,50,35,-1,35,50,51,-1,35,51,52,-1,53,54,55,-1,56,57,58,-1,58,57,59,-1,58,59,60,-1,25,61,26,-1,26,61,62,-1,26,62,63,-1,63,64,26,-1,26,64,65,-1,26,65,66,-1,66,65,67,-1,66,67,68,-1,68,67,69,-1,16,70,15,-1,15,70,71,-1,15,71,44,-1,44,71,72,-1,44,72,73,-1,73,74,44,-1,44,74,75,-1,44,75,76,-1,53,55,77,-1,78,79,56,-1,56,79,80,-1,56,80,57,-1,81,82,83,-1,84,69,85,-1,85,69,86,-1,84,87,69,-1,69,87,88,-1,69,88,68,-1,89,90,83,-1,83,90,91,-1,83,91,35,-1,35,91,92,-1,35,92,33,-1,93,94,95,-1,82,96,83,-1,83,96,78,-1,83,78,89,-1,89,78,56,-1,24,26,97,-1,97,26,98,-1,97,98,99,-1,99,98,100,-1,99,100,35,-1,86,69,101,-1,101,69,102,-1,101,102,21,-1,21,102,103,-1,21,103,23,-1,76,104,44,-1,44,104,105,-1,44,105,4,-1,18,20,55,-1,55,20,106,-1,55,106,77,-1,17,9,107,-1,107,9,108,-1,107,108,109,-1,93,95,110,-1,111,8,112,-1,111,113,8,-1,8,113,114,-1,8,114,9,-1,3,115,4,-1,4,115,116,-1,4,116,44,-1,44,116,117,-1,44,117,118,-1,118,117,119,-1,118,119,83,-1,83,119,120,-1,83,120,81,-1,121,122,59,-1,59,122,123,-1,59,123,60,-1,94,124,95,-1,95,124,125,-1,95,125,121,-1,121,125,126,-1,121,126,122,-1,127,128,129,-1,6,2,108,-1,108,2,130,-1,108,130,55,-1,112,131,132,-1,129,133,127,-1,127,133,134,-1,127,134,135,-1,136,137,52,-1,52,137,138,-1,52,138,35,-1,35,138,139,-1,35,139,140,-1,140,141,35,-1,35,141,142,-1,35,142,38,-1,39,143,38,-1,38,143,144,-1,38,144,35,-1,35,144,145,-1,35,145,99,-1,132,146,112,-1,112,146,147,-1,112,147,111,-1,111,147,148,-1,111,148,95,-1,95,148,149,-1,95,149,110,-1,150,151,127,-1,127,151,152,-1,127,152,128,-1,54,153,55,-1,55,153,127,-1,55,127,108,-1,108,127,135,-1,108,135,109,-1,154,155,156,-1,136,52,157,-1,157,52,158,-1,157,158,150,-1,150,158,159,-1,150,159,151,-1,156,160,154,-1,154,160,161,-1,154,161,112,-1,112,161,162,-1,112,162,131,-1,163,26,66,-1,164,165,166,-1,166,165,167,-1,166,167,168,-1,168,167,169,-1,168,169,170,-1,170,169,171,-1,170,171,172,-1,173,174,175,-1,175,174,176,-1,175,176,66,-1,66,176,177,-1,66,177,163,-1,178,179,175,-1,175,179,180,-1,175,180,173,-1,171,181,172,-1,172,181,182,-1,172,182,178,-1,178,182,183,-1,178,183,179,-1,184,185,186,-1,186,185,187,-1,186,187,188,-1,188,187,189,-1,188,189,190,-1,190,189,191,-1,190,191,192,-1,192,191,193,-1,192,193,194,-1,195,196,184,-1,184,196,197,-1,184,197,185,-1,198,199,200,-1,200,199,201,-1,200,201,184,-1,184,201,202,-1,184,202,195,-1,198,200,203,-1,203,200,204,-1,203,204,205,-1,
        ]
    }
}
Shape{
    appearance Appearance {
        material  Material 	{
            diffuseColor 0.0 0.2901960784313726 0.8745098039215686
            specularColor 0.0 0.1450980392156863 0.4392156862745098
            ambientIntensity 0.27
            transparency 0.0
            shininess 0.5
        }
    }
    geometry IndexedFaceSet {
        ccw TRUE
        solid FALSE
        coord DEF co Coordinate {
            point [
                -2.3444 1.0228 2.6378, -2.344 1.0216 2.6378, -2.3447 1.0209 2.6378
            ]
        }
        coordIndex [
            0,1,2,-1,
        ]
    }
}
Shape{
    appearance Appearance {
        material  Material 	{
            diffuseColor 0.8509803921568627 0.8509803921568627 0.8509803921568627
            specularColor 0.4235294117647059 0.4235294117647059 0.4235294117647059
            ambientIntensity 0.851
            transparency 0.0
            shininess 0.5
        }
    }
    geometry IndexedFaceSet {
        ccw TRUE
        solid FALSE
        coord DEF co Coordinate {
            point [
                2.4436 0.8931 2.6151, 2.4213 0.8931 2.6243, 2.3932 -5.0399 2.6323, 2.4436 -5.0399 2.6151, 2.4888 -5.0399 2.5871, 2.4888 0.8931 2.5871, 2.5266 -5.0399 2.5496, 2.5266 0.8931 2.5496, 2.5551 -5.0399 2.5046, 2.5551 0.8931 2.5046, 2.5728 -5.0399 2.4545, 2.5728 0.8931 2.4545, 2.5788 -5.0399 2.4016, 2.5788 0.8931 2.4016, 2.4029 0.8953 2.63, 2.3932 0.8989 2.6321, 2.3425 -5.0399 2.6378, 2.3855 0.9017 2.6338, 2.3702 0.912 2.6362, 2.3576 0.9256 2.6373, 2.3485 0.9417 2.6377, 2.3435 0.9595 2.6378, 2.3428 0.9656 2.6378
            ]
        }
        coordIndex [
            0,1,2,-1,2,3,0,-1,0,3,4,-1,0,4,5,-1,5,4,6,-1,5,6,7,-1,7,6,8,-1,7,8,9,-1,9,8,10,-1,9,10,11,-1,11,10,12,-1,11,12,13,-1,1,14,2,-1,2,14,15,-1,2,15,16,-1,15,17,16,-1,16,17,18,-1,16,18,19,-1,19,20,16,-1,16,20,21,-1,16,21,22,-1,
        ]
    }
}
Shape{
    appearance Appearance {
        material  Material 	{
            diffuseColor 0.0 0.2901960784313726 0.8745098039215686
            specularColor 0.0 0.1450980392156863 0.4392156862745098
            ambientIntensity 0.27
            transparency 0.0
            shininess 0.5
        }
    }
    geometry IndexedFaceSet {
        ccw TRUE
        solid FALSE
        coord DEF co Coordinate {
            point [
                2.3536 1.0121 2.6375, 2.3465 0.9961 2.6362, 2.3428 1.0231 2.6378, 2.3425 0.9973 2.6364, 2.346 0.9951 2.6361, 2.3428 0.978 2.6334, 2.3427 0.9776 2.6334, 2.3426 0.9753 2.6329, 2.3425 0.9729 2.6324, 2.3425 0.9719 2.6322, -2.3535 1.0121 2.6375, -2.3447 1.0209 2.6378, -2.3463 0.9961 2.6363, -2.344 1.0216 2.6378, -2.3427 0.978 2.6334, -2.3444 1.0228 2.6378, -2.3425 1.0231 2.6378, -2.3425 0.9719 2.6322
            ]
        }
        coordIndex [
            0,1,2,-1,2,1,3,-1,1,4,3,-1,3,4,5,-1,3,5,6,-1,6,7,3,-1,3,7,8,-1,3,8,9,-1,10,11,12,-1,12,11,13,-1,12,13,14,-1,15,16,13,-1,13,16,17,-1,13,17,14,-1,
        ]
    }
}
Shape{
    appearance Appearance {
        material  Material 	{
            diffuseColor 0.9686274509803922 0.8784313725490196 0.6
            specularColor 0.6784313725490196 0.615686274509804 0.4196078431372549
            ambientIntensity 0.8737
            transparency 0.0
            shininess 0.5
        }
    }
    geometry IndexedFaceSet {
        ccw TRUE
        solid FALSE
        coord DEF co Coordinate {
            point [
                1.2008 0.1668 1.0098, 1.5551 0.1668 1.0098, 1.2008 0.1668 0.7047, 1.5551 0.1668 0.7047, 1.2992 0.1668 0.6063, 1.4567 0.1668 0.6063, 1.2992 0.1668 -0.9449, 1.4567 0.1668 -0.9449, 1.3386 0.1668 -1.063, 1.4173 0.1668 -1.063
            ]
        }
        coordIndex [
            0,1,2,-1,2,1,3,-1,2,3,4,-1,4,3,5,-1,4,5,6,-1,6,5,7,-1,6,7,8,-1,8,7,9,-1,
        ]
    }
}
Shape{
    appearance Appearance {
        material  Material 	{
            diffuseColor 0.0 0.2901960784313726 0.8745098039215686
            specularColor 0.0 0.1450980392156863 0.4392156862745098
            ambientIntensity 0.27
            transparency 0.0
            shininess 0.5
        }
    }
    geometry IndexedFaceSet {
        ccw TRUE
        solid FALSE
        coord DEF co Coordinate {
            point [
                1.2008 -0.0498 1.2264, 1.5551 -0.0498 1.2264, 1.5551 0.0063 1.219, 1.2008 0.0063 1.219, 1.5551 0.0585 1.1974, 1.2008 0.0585 1.1974, 1.5551 0.1033 1.163, 1.2008 0.1033 1.163, 1.5551 0.1377 1.1181, 1.2008 0.1377 1.1181, 1.5551 0.1594 1.0659, 1.2008 0.1594 1.0659, 1.5551 0.1668 1.0098, 1.2008 0.1668 1.0098, 1.1021 -0.6548 1.2264, 1.1024 -0.66 1.2264, 1.5748 -0.8766 1.2264, 1.1018 -0.6683 1.2264, 1.0984 -0.6813 1.2264, 1.5604 -0.1285 1.2264, 1.1995 -0.119 1.2264, 1.1955 -0.1285 1.2264, 1.0788 -0.7321 1.2264, 1.0788 -0.7842 1.2264, 1.0938 -0.6293 1.2264, 1.5748 -0.1429 1.2264, 1.0855 -0.6187 1.2264, 1.5667 -0.1367 1.2264, 1.5551 -0.1088 1.2264, 1.1811 -0.8962 1.2264, 1.5748 -0.8962 1.2264, 1.1811 -0.8766 1.2264, 1.094 -0.8038 1.2264, 1.0853 -0.7948 1.2264, 1.5565 -0.119 1.2264, 1.2008 -0.1088 1.2264, 1.1304 -0.3384 1.2264, 1.1254 -0.3522 1.2264, 1.6563 -0.378 1.2264, 1.6442 -0.3698 1.2264, 1.6344 -0.3588 1.2264, 1.6277 -0.3459 1.2264, 1.624 -0.3254 1.2264, 1.6246 -0.317 1.2264, 1.5843 -0.1469 1.2264, 1.0788 -0.3841 1.2264, 1.0788 -0.6118 1.2264, 1.0931 -0.3809 1.2264, 1.1062 -0.3741 1.2264, 1.1172 -0.3644 1.2264, 1.1614 -0.1482 1.2264, 1.1239 -0.2957 1.2264, 1.1716 -0.1469 1.2264, 1.1297 -0.3092 1.2264, 1.1319 -0.3238 1.2264, 1.0904 -0.2561 1.2264, 1.0996 -0.2683 1.2264, 1.115 -0.284 1.2264, 1.1893 -0.1367 1.2264, 1.1811 -0.1429 1.2264, 1.1319 -0.3254 1.2264, 1.6575 -0.6814 1.2264, 1.6542 -0.6686 1.2264, 1.6244 -0.3316 1.2264, 1.0994 -0.6416 1.2264, 1.6536 -0.66 1.2264, 1.6538 -0.655 1.2264, 1.084 -0.1774 1.2264, 1.0827 -0.1876 1.2264, 1.1221 -0.1482 1.2264, 1.0827 -0.2269 1.2264, 1.0847 -0.242 1.2264, 1.6772 -0.6118 1.2264, 1.6772 -0.3841 1.2264, 1.6705 -0.6187 1.2264, 1.6701 -0.383 1.2264, 1.6621 -0.6294 1.2264, 1.6565 -0.6417 1.2264, 1.6772 -0.7842 1.2264, 1.6772 -0.7321 1.2264, 1.6706 -0.7948 1.2264, 1.6619 -0.8038 1.2264, 1.6713 -0.242 1.2264, 1.6732 -0.2269 1.2264, 1.6339 -0.1482 1.2264, 1.1119 -0.1495 1.2264, 1.1024 -0.1535 1.2264, 1.6655 -0.2561 1.2264, 1.6732 -0.1876 1.2264, 1.6723 -0.1788 1.2264, 1.6426 -0.1492 1.2264, 1.651 -0.1521 1.2264, 1.0942 -0.1597 1.2264, 1.088 -0.1679 1.2264, 1.6285 -0.3028 1.2264, 1.6357 -0.2901 1.2264, 1.5945 -0.1482 1.2264, 1.6409 -0.284 1.2264, 1.6563 -0.2683 1.2264, 1.6584 -0.1568 1.2264, 1.6693 -0.1705 1.2264, 1.6646 -0.163 1.2264, 1.6772 -0.7321 1.128, 1.6772 -0.6118 1.128, 1.6772 -0.7842 1.128, 1.6772 -1.221 1.122, 1.6772 -1.221 1.2323, 1.6772 -0.2525 1.2323, 1.6772 -0.2525 1.122, 1.6772 -0.3841 1.128, 1.7362 -0.1935 1.063, 1.7362 -0.1935 1.2913, 1.6142 -0.1935 1.2913, 1.6142 -0.2525 1.2323, 0.1575 -0.1935 1.6299, 0.1575 -0.1935 1.2913, -0.1575 -0.1935 1.6299, 0.0354 -0.1935 1.2913, 0.6299 -0.1935 1.6299, 1.0827 -0.1935 1.6299, 1.0827 -0.1935 1.5118, 1.1417 -0.1935 1.5118, 1.1417 -0.1935 1.2913, 1.0197 -0.1935 1.2913, 1.6299 -0.1935 0.7441, 1.9449 -0.1935 0.7441, 1.9449 -0.1935 0.3898, 1.6142 -0.1935 1.0, 1.6142 -0.1935 1.063, -1.9449 -0.1935 0.3898, -1.9449 -0.1935 0.7441, -1.6299 -0.1935 0.7441, 0.6299 -0.1935 1.0, 0.6299 -0.1935 1.063, 0.752 -0.1935 1.063, 0.6299 -0.1935 1.2913, 0.752 -0.1935 1.2913, 1.0197 -0.1935 1.063, -1.0197 -0.1935 1.2913, -1.1417 -0.1935 1.2913, -1.1417 -0.1935 1.5118, -1.6142 -0.1935 1.6299, -1.6142 -0.1935 1.2913, -1.9449 -0.1935 1.6299, -1.7362 -0.1935 1.2913, -1.9449 -0.1935 0.9409, -1.7362 -0.1935 1.063, -0.752 -0.1935 1.063, -0.6299 -0.1935 1.063, -0.6299 -0.1935 1.0, -0.6299 -0.1935 1.6299, -0.6299 -0.1935 1.2913, -1.0827 -0.1935 1.6299, -0.752 -0.1935 1.2913, -1.0827 -0.1935 1.5118, 1.6142 -0.1935 1.6299, 1.9449 -0.1935 1.6299, 1.9449 -0.1935 0.9409, 1.6299 -0.1935 0.9409, 1.1417 -0.1935 1.0, -0.1575 -0.1935 1.063, -0.0354 -0.1935 1.063, 0.1575 -0.1935 1.0, -1.1417 -0.1935 1.0, -1.1417 -0.1935 1.063, -1.0197 -0.1935 1.063, -1.6142 -0.1935 1.063, -1.6142 -0.1935 1.0, -1.6299 -0.1935 0.9409, -0.1575 -0.1935 1.0, -0.1575 -0.1935 1.2913, -0.0354 -0.1935 1.2913, 0.0354 -0.1935 1.063, 0.1575 -0.1935 1.063, 1.1417 -0.1935 1.063, -0.3937 0.4364 1.6299, 1.9449 0.4364 1.6299, 1.6142 -3.9573 1.6299, 1.2795 -2.8549 1.6299, 1.2795 -3.9573 1.6299, 1.0827 -2.8549 1.6299, 0.6299 -3.9573 1.6299, 0.4921 -2.8549 1.6299, 0.4921 -3.9573 1.6299, 0.2953 -3.9573 1.6299, 0.1575 -3.9573 1.6299, 0.2953 -2.8549 1.6299, -1.9449 0.4364 1.6299, -0.4921 -2.8549 1.6299, -0.2953 -2.8549 1.6299, -0.1575 -3.9573 1.6299, -0.2953 -3.9573 1.6299, -1.0827 -2.8549 1.6299, -1.2795 -2.8549 1.6299, -1.2795 -3.9573 1.6299, -1.6142 -3.9573 1.6299, -0.6299 -3.9573 1.6299, -0.4921 -3.9573 1.6299, -1.0827 -4.2722 1.6299, -1.0827 -4.2722 2.2362, -1.0827 -4.2018 2.2362, -1.0827 -4.1817 2.2301, -1.0827 -4.1314 2.2245, -1.0827 -3.9573 1.6299, -1.0827 -4.0814 2.2319, -1.0827 -4.0679 2.2362, -1.0827 -2.8549 2.2362, -1.0827 -3.9573 1.5118, -1.0827 -1.221 1.5118
            ]
        }
        coordIndex [
            0,1,2,-1,0,2,3,-1,3,2,4,-1,3,4,5,-1,5,4,6,-1,5,6,7,-1,7,6,8,-1,7,8,9,-1,9,8,10,-1,9,10,11,-1,11,10,12,-1,11,12,13,-1,14,15,16,-1,16,15,17,-1,16,17,18,-1,19,20,21,-1,18,22,23,-1,24,25,26,-1,26,25,27,-1,26,27,19,-1,28,1,0,-1,29,30,31,-1,31,30,16,-1,31,16,32,-1,32,16,18,-1,32,18,33,-1,33,18,23,-1,19,34,20,-1,20,34,28,-1,20,28,35,-1,35,28,0,-1,36,37,19,-1,38,39,16,-1,16,39,40,-1,16,40,41,-1,42,43,44,-1,45,46,47,-1,47,46,26,-1,47,26,48,-1,48,26,19,-1,48,19,49,-1,49,19,37,-1,50,51,52,-1,52,51,53,-1,52,53,54,-1,55,56,50,-1,50,56,57,-1,50,57,51,-1,21,58,19,-1,19,58,59,-1,19,59,36,-1,36,59,52,-1,36,52,60,-1,60,52,54,-1,61,62,16,-1,42,44,63,-1,41,63,16,-1,16,63,44,-1,16,44,14,-1,14,44,25,-1,14,25,64,-1,64,25,24,-1,62,65,16,-1,16,65,66,-1,16,66,38,-1,67,68,69,-1,69,68,70,-1,69,70,50,-1,50,70,71,-1,50,71,55,-1,72,73,74,-1,74,73,75,-1,74,75,76,-1,76,75,38,-1,76,38,77,-1,77,38,66,-1,78,79,80,-1,80,79,61,-1,80,61,81,-1,81,61,16,-1,82,83,84,-1,69,85,86,-1,82,84,87,-1,83,88,84,-1,84,88,89,-1,84,89,90,-1,90,89,91,-1,86,92,69,-1,69,92,93,-1,69,93,67,-1,43,94,44,-1,44,94,95,-1,44,95,96,-1,96,95,97,-1,96,97,84,-1,84,97,98,-1,84,98,87,-1,91,89,99,-1,99,89,100,-1,99,100,101,-1,79,72,102,-1,102,72,103,-1,104,105,78,-1,78,105,106,-1,78,106,79,-1,79,106,107,-1,79,107,72,-1,104,102,105,-1,105,102,103,-1,105,103,108,-1,108,103,109,-1,108,109,107,-1,107,109,73,-1,107,73,72,-1,108,107,110,-1,110,107,111,-1,112,111,113,-1,113,111,107,-1,114,115,116,-1,116,115,117,-1,118,119,120,-1,121,122,120,-1,120,122,123,-1,120,123,118,-1,124,125,126,-1,127,128,110,-1,129,130,131,-1,132,133,134,-1,135,118,136,-1,136,118,123,-1,136,123,134,-1,134,123,137,-1,134,137,132,-1,138,139,140,-1,141,142,143,-1,143,142,144,-1,143,144,145,-1,145,144,146,-1,147,148,149,-1,150,151,152,-1,152,151,153,-1,152,153,154,-1,154,153,147,-1,112,155,111,-1,111,155,156,-1,111,156,110,-1,110,156,157,-1,110,157,127,-1,127,157,158,-1,127,158,159,-1,159,158,124,-1,159,124,129,-1,129,124,126,-1,160,161,162,-1,163,164,165,-1,140,154,138,-1,138,154,147,-1,138,147,165,-1,165,147,149,-1,165,149,163,-1,146,166,145,-1,145,166,167,-1,145,167,168,-1,168,167,163,-1,168,163,131,-1,131,163,149,-1,131,149,169,-1,170,116,171,-1,171,116,117,-1,171,117,161,-1,161,117,172,-1,161,172,162,-1,162,172,173,-1,174,159,137,-1,137,159,129,-1,137,129,132,-1,132,129,131,-1,132,131,162,-1,162,131,169,-1,162,169,160,-1,175,176,155,-1,155,176,156,-1,155,177,178,-1,178,177,179,-1,118,175,119,-1,119,175,155,-1,119,155,180,-1,180,155,178,-1,118,181,182,-1,182,181,183,-1,184,185,186,-1,186,185,114,-1,141,143,187,-1,188,116,189,-1,189,116,190,-1,189,190,191,-1,152,192,193,-1,194,195,193,-1,193,195,141,-1,193,141,152,-1,152,141,187,-1,152,187,150,-1,150,187,175,-1,182,186,118,-1,118,186,114,-1,118,114,175,-1,175,114,116,-1,175,116,150,-1,150,116,188,-1,150,188,196,-1,196,188,197,-1,198,199,200,-1,200,201,198,-1,198,201,202,-1,198,202,203,-1,203,202,204,-1,204,205,203,-1,203,205,206,-1,203,206,207,-1,207,206,192,-1,207,192,208,-1,208,192,152,-1,208,152,154,-1,
        ]
    }
}
Shape{
    appearance Appearance {
        material  Material 	{
            diffuseColor 0.8509803921568627 0.8509803921568627 0.8509803921568627
            specularColor 0.4235294117647059 0.4235294117647059 0.4235294117647059
            ambientIntensity 0.851
            transparency 0.0
            shininess 0.5
        }
    }
    geometry IndexedFaceSet {
        ccw TRUE
        solid FALSE
        coord DEF co Coordinate {
            point [
                -1.4528 -4.2018 2.2362, -1.2795 -4.2018 2.2362, -1.4524 -4.2112 2.2399, -1.4522 -4.2166 2.243, -1.4518 -4.2281 2.2496, -1.0827 -4.2018 2.2362, -1.0827 -4.1817 2.2301, -1.2795 -4.0814 2.2319, -1.0827 -4.1314 2.2245, -1.2795 -4.1314 2.2245, -1.2795 -4.1817 2.2301, -1.2795 -4.0679 2.2362, -1.0827 -4.0679 2.2362, -1.0827 -4.0814 2.2319, -1.4573 -4.0679 2.2362, -1.4579 -4.0519 2.2439, -0.9036 -4.0353 2.2526, -0.9044 -4.0568 2.2418, -0.9048 -4.0679 2.2362, -0.9019 -3.9954 2.2833, -0.9027 -4.0131 2.2683, -1.4594 -4.0155 2.2661, -0.9033 -4.0263 2.2571, -1.4587 -4.0325 2.2532, -1.4586 -4.035 2.252, -1.4601 -3.9997 2.2781, -1.4603 -3.9955 2.2832, -0.9017 -3.9903 2.2877, -1.4617 -3.9688 2.3156, -0.9002 -3.9644 2.323, -1.4609 -3.9837 2.2975, -0.9002 -3.965 2.3218, -0.901 -3.9775 2.3049, -1.462 -3.9651 2.3234, -1.4626 -3.9572 2.34, -0.8992 -3.9528 2.3497, -1.4633 -3.948 2.3593, -0.8987 -3.9463 2.3647, -1.4637 -3.9456 2.3698, -0.8985 -3.9453 2.3697, -1.4647 -3.9392 2.3991, -0.8975 -3.9392 2.3991, -0.9094 -4.2018 2.2362, -0.9096 -4.2068 2.2385, -0.9104 -4.2278 2.2478, -0.9104 -4.2288 2.2484, -1.4516 -4.2321 2.2518, -0.9113 -4.2519 2.2631, -1.4508 -4.252 2.2631
            ]
        }
        coordIndex [
            0,1,2,-1,2,1,3,-1,4,3,5,-1,5,3,1,-1,5,1,6,-1,7,8,9,-1,9,8,6,-1,9,6,10,-1,10,6,1,-1,11,12,7,-1,7,12,13,-1,7,13,8,-1,14,15,11,-1,11,15,16,-1,11,16,12,-1,12,16,17,-1,12,17,18,-1,19,20,21,-1,21,20,22,-1,21,22,23,-1,23,22,16,-1,23,16,24,-1,24,16,15,-1,21,25,19,-1,19,25,26,-1,19,26,27,-1,28,29,30,-1,30,29,31,-1,30,31,26,-1,26,31,32,-1,26,32,27,-1,28,33,29,-1,29,33,34,-1,29,34,35,-1,35,34,36,-1,35,36,37,-1,37,36,38,-1,37,38,39,-1,39,38,40,-1,39,40,41,-1,42,43,5,-1,5,43,44,-1,5,44,4,-1,4,44,45,-1,4,45,46,-1,46,45,47,-1,46,47,48,-1,
        ]
    }
}
Shape{
    appearance Appearance {
        material  Material 	{
            diffuseColor 0.0 0.2901960784313726 0.8745098039215686
            specularColor 0.0 0.1450980392156863 0.4392156862745098
            ambientIntensity 0.27
            transparency 0.0
            shininess 0.5
        }
    }
    geometry IndexedFaceSet {
        ccw TRUE
        solid FALSE
        coord DEF co Coordinate {
            point [
                -1.0827 -2.8549 2.2362, -1.0827 -4.0679 2.2362, -0.9048 -4.0679 2.2362, -1.4573 -4.0679 2.2362, -1.2795 -4.0679 2.2362, -1.2795 -2.8549 2.2362, 1.4764 -4.8761 2.2362, 1.4764 -1.6344 2.2362, 1.4574 -4.0679 2.2362, 1.4528 -4.2018 2.2362, 1.2795 -4.2018 2.2362, 1.2795 -4.2722 2.2362, 1.0827 -4.2722 2.2362, 1.0827 -4.2018 2.2362, 0.8858 -4.8761 2.2362, 0.9094 -4.2018 2.2362, 0.9079 -4.1571 2.2362, 1.4561 -4.1057 2.2362, 1.4543 -4.1571 2.2362, 0.4921 -2.8549 2.2362, 0.4921 -4.2722 2.2362, 0.689 -1.6344 2.2362, -1.2795 -4.2018 2.2362, -1.4528 -4.2018 2.2362, -1.4764 -4.8761 2.2362, -1.4532 -4.1882 2.2362, -1.455 -4.1372 2.2362, -1.4565 -4.0921 2.2362, -1.4764 -1.6344 2.2362, -1.9488 -4.8762 2.2362, -1.6732 -4.8761 2.2362, -1.9488 -1.221 2.2362, -1.6732 -1.6344 2.2362, -0.9094 -4.2018 2.2362, -1.0827 -4.2018 2.2362, -1.0827 -4.2722 2.2362, 1.9488 -1.221 2.2362, 0.0984 -1.6344 2.2362, -0.0984 -1.6344 2.2362, 0.689 -4.8761 2.2362, 0.2953 -2.8549 2.2362, 0.0984 -4.8761 2.2362, -0.8858 -1.6344 2.2362, -0.689 -1.6344 2.2362, -0.2953 -2.8549 2.2362, -0.0984 -4.8761 2.2362, -0.2953 -4.2722 2.2362, -0.689 -4.8761 2.2362, -0.4921 -4.2722 2.2362, -0.4921 -2.8549 2.2362, 0.2953 -4.2722 2.2362, -0.9079 -4.1571 2.2362, -0.8858 -4.8761 2.2362, -1.2795 -4.2722 2.2362, 0.9049 -4.0679 2.2362, 1.0827 -4.0679 2.2362, 1.0827 -2.8549 2.2362, -0.9061 -4.1057 2.2362, 1.6732 -4.8762 2.2362, 1.9488 -4.8762 2.2362, 1.6732 -1.6344 2.2362, 0.9062 -4.1057 2.2362, 0.8858 -1.6344 2.2362, 1.2795 -2.8549 2.2362, 1.2795 -4.0679 2.2362, 0.0984 -4.971 1.7992, 0.0984 -4.9809 1.7987, 0.0984 -4.9809 2.1758, 0.0984 -4.8181 1.7874, 0.0984 -4.8234 1.7874, 0.0984 -4.4131 2.0236, 0.0984 -4.8234 1.7992, 0.0984 -3.6029 2.0945, 0.0984 -1.6344 2.0945, 0.0984 -3.7894 2.0236, -0.0984 -4.9809 1.7987, -0.0984 -4.971 1.7992, -0.0984 -4.9809 2.1758, 1.9488 -5.2171 2.0394, -0.689 -4.9809 2.1758, -0.8858 -4.9809 2.1758, -1.9488 -5.2171 2.0394, 1.4764 -4.9809 2.1758, 0.8858 -4.9809 2.1758, 1.6732 -4.9809 2.1758, 0.689 -4.9809 2.1758, -1.6732 -4.9809 2.1758, -1.4764 -4.9809 2.1758, 0.689 -4.8234 1.7874, 0.689 -4.8181 1.7874, 0.689 -4.8234 1.7992, 0.689 -4.4131 2.0236, 0.689 -4.971 1.7992, 0.689 -4.9809 1.7987, 0.689 -1.6344 2.0945, 0.689 -3.6029 2.0945, 0.689 -3.7894 2.0236, 0.8858 -4.9809 1.7987, 0.8858 -4.971 1.7992, 0.8858 -4.8181 1.7874, 0.8858 -4.8234 1.7874, 0.8858 -4.4131 2.0236, 0.8858 -4.8234 1.7992, 0.8858 -3.6029 2.0945, 0.8858 -1.6344 2.0945, 0.8858 -3.7894 2.0236, 1.0335 -4.8234 1.7205, 0.5413 -4.8234 1.7205, 0.5413 -4.8234 1.7874, 1.0335 -4.8234 1.7874, 1.0512 -4.8181 1.7874, 1.0335 -5.0152 1.7874, 1.0512 -5.0596 1.7874, 0.5413 -5.0152 1.7874, 0.5236 -5.0596 1.7874, 0.5236 -4.8181 1.7874
            ]
        }
        coordIndex [
            0,1,2,-1,3,4,5,-1,6,7,8,-1,9,10,11,-1,12,13,14,-1,14,13,15,-1,14,15,16,-1,12,14,11,-1,11,14,6,-1,11,6,9,-1,8,17,6,-1,6,17,18,-1,6,18,9,-1,19,20,21,-1,22,23,24,-1,24,23,25,-1,24,25,26,-1,26,27,24,-1,24,27,3,-1,24,3,28,-1,29,30,31,-1,31,30,32,-1,31,32,28,-1,33,34,35,-1,36,31,37,-1,37,31,38,-1,21,20,39,-1,40,37,41,-1,3,5,28,-1,28,5,42,-1,28,42,31,-1,31,42,43,-1,31,43,38,-1,38,43,44,-1,38,44,45,-1,45,44,46,-1,45,46,47,-1,47,46,48,-1,47,48,43,-1,43,48,49,-1,43,49,44,-1,39,20,41,-1,41,20,50,-1,41,50,40,-1,51,33,52,-1,52,33,35,-1,52,35,24,-1,24,35,53,-1,24,53,22,-1,54,55,56,-1,5,0,42,-1,42,0,2,-1,42,2,52,-1,52,2,57,-1,52,57,51,-1,58,59,60,-1,60,59,36,-1,60,36,7,-1,16,61,14,-1,14,61,54,-1,14,54,62,-1,62,54,56,-1,62,56,63,-1,64,8,63,-1,63,8,7,-1,63,7,62,-1,62,7,36,-1,62,36,21,-1,21,36,37,-1,21,37,19,-1,19,37,40,-1,65,66,67,-1,68,69,70,-1,70,69,71,-1,41,37,72,-1,72,37,73,-1,65,67,71,-1,71,67,41,-1,71,41,70,-1,70,41,72,-1,70,72,74,-1,66,65,75,-1,75,65,76,-1,67,66,77,-1,77,66,75,-1,78,59,58,-1,77,45,47,-1,79,80,81,-1,6,14,82,-1,82,14,83,-1,58,84,78,-1,78,84,82,-1,78,82,81,-1,81,82,83,-1,81,83,85,-1,30,29,86,-1,86,29,81,-1,86,81,87,-1,87,81,80,-1,87,80,24,-1,24,80,52,-1,47,79,77,-1,77,79,81,-1,77,81,67,-1,67,81,85,-1,67,85,41,-1,41,85,39,-1,88,89,90,-1,90,89,91,-1,91,39,90,-1,90,39,85,-1,90,85,92,-1,92,85,93,-1,94,21,95,-1,95,21,39,-1,95,39,96,-1,96,39,91,-1,97,98,93,-1,93,98,92,-1,98,97,83,-1,99,100,101,-1,101,100,102,-1,14,62,103,-1,103,62,104,-1,98,83,102,-1,102,83,14,-1,102,14,101,-1,101,14,103,-1,101,103,105,-1,92,98,90,-1,90,98,102,-1,106,107,88,-1,88,107,108,-1,109,106,100,-1,100,106,88,-1,100,88,102,-1,102,88,90,-1,89,88,108,-1,100,99,109,-1,109,99,110,-1,109,110,111,-1,111,110,112,-1,111,112,113,-1,113,112,114,-1,113,114,108,-1,108,114,115,-1,108,115,89,-1,
        ]
    }
}
Shape{
    appearance Appearance {
        material  Material 	{
            diffuseColor 0.9686274509803922 0.8784313725490196 0.6
            specularColor 0.6784313725490196 0.615686274509804 0.4196078431372549
            ambientIntensity 0.8737
            transparency 0.0
            shininess 0.5
        }
    }
    geometry IndexedFaceSet {
        ccw TRUE
        solid FALSE
        coord DEF co Coordinate {
            point [
                0.5413 -4.8234 1.7874, 0.5413 -4.8234 1.7205, 0.5413 -5.0152 1.7874, 0.5413 -4.971 1.7205, 0.5413 -0.5872 2.0886, 0.5413 -0.5872 2.0098, 0.5413 -3.0191 2.0886, 0.5413 -3.0191 2.0098, 0.5413 -3.0481 2.0859, 0.5413 -3.0336 2.0085, 0.5413 -3.0762 2.0779, 0.5413 -3.0476 2.0045, 0.5413 -3.7779 1.8046, 0.5413 -3.7493 1.7312, 0.5413 -3.7919 1.8006, 0.5413 -3.7573 1.7283, 0.5413 -3.8065 1.7992, 0.5413 -4.2002 1.7205, 0.5413 -4.2165 1.7188, 0.5413 -4.2409 1.7938, 0.5413 -4.2789 1.7781, 0.5413 -4.9736 1.7201, 0.5413 -4.976 1.7192, 0.5413 -5.0321 1.7748, 0.5413 -4.978 1.7176, 0.5413 -5.0455 1.7586, 0.5413 -4.9796 1.7156, 0.5413 -5.0547 1.7397, 0.5413 -4.9805 1.7132, 0.5413 -5.0592 1.7191, 0.5413 -4.9809 1.7106, 0.5413 -5.0587 1.6981, 0.5413 -4.9805 1.7081, 0.5413 -4.2002 1.7992, 0.5413 -4.1738 1.7283, 0.5413 -4.1738 1.7205, 0.5413 -4.2322 1.7137, 0.5413 -4.2465 1.7054, 0.5413 -4.3115 1.7531, 0.5413 -4.2587 1.6944, 0.5413 -4.3366 1.7205, 0.5413 -4.2684 1.6811, 0.5413 -4.3414 1.7138, 0.5413 -4.2871 1.6566, 0.5413 -4.3475 1.7083, 0.5413 -4.3116 1.6379, 0.5413 -4.3546 1.7042, 0.5413 -4.3625 1.7017, 0.5413 -4.3401 1.6261, 0.5413 -4.3706 1.7008, 0.5413 -4.3706 1.622, 0.5413 -4.971 1.7008, 0.5413 -4.971 1.622, 0.5413 -4.9736 1.7011, 0.5413 -4.9919 1.6245, 0.5413 -4.976 1.7021, 0.5413 -5.0117 1.6319, 0.5413 -4.978 1.7037, 0.5413 -5.0291 1.6437, 0.5413 -4.9796 1.7057, 0.5413 -5.0432 1.6593, 0.5413 -5.0533 1.6778
            ]
        }
        coordIndex [
            0,1,2,-1,2,1,3,-1,4,5,6,-1,6,5,7,-1,6,7,8,-1,8,7,9,-1,8,9,10,-1,10,9,11,-1,10,11,12,-1,12,11,13,-1,12,13,14,-1,14,13,15,-1,14,15,16,-1,17,18,19,-1,19,18,20,-1,3,21,2,-1,2,21,22,-1,2,22,23,-1,23,22,24,-1,23,24,25,-1,25,24,26,-1,25,26,27,-1,27,26,28,-1,27,28,29,-1,29,28,30,-1,29,30,31,-1,31,30,32,-1,16,15,33,-1,33,15,34,-1,33,34,19,-1,19,34,35,-1,19,35,17,-1,18,36,20,-1,20,36,37,-1,20,37,38,-1,38,37,39,-1,38,39,40,-1,40,39,41,-1,40,41,42,-1,42,41,43,-1,42,43,44,-1,44,43,45,-1,44,45,46,-1,46,45,47,-1,47,45,48,-1,47,48,49,-1,49,48,50,-1,49,50,51,-1,51,50,52,-1,51,52,53,-1,53,52,54,-1,53,54,55,-1,55,54,56,-1,55,56,57,-1,57,56,58,-1,57,58,59,-1,59,58,60,-1,59,60,32,-1,32,60,61,-1,32,61,31,-1,
        ]
    }
}
Shape{
    appearance Appearance {
        material  Material 	{
            diffuseColor 0.0 0.2901960784313726 0.8745098039215686
            specularColor 0.0 0.1450980392156863 0.4392156862745098
            ambientIntensity 0.27
            transparency 0.0
            shininess 0.5
        }
    }
    geometry IndexedFaceSet {
        ccw TRUE
        solid FALSE
        coord DEF co Coordinate {
            point [
                1.0512 -4.1738 1.7283, 1.0335 -4.1738 1.7283, 1.0335 -4.1738 1.7205, 0.5413 -4.1738 1.7283, 0.5236 -4.1738 1.7283, 0.5413 -4.1738 1.7205, 0.5236 -4.1738 1.5906, 1.0512 -4.1738 1.5906
            ]
        }
        coordIndex [
            0,1,2,-1,3,4,5,-1,5,4,6,-1,5,6,2,-1,2,6,7,-1,2,7,0,-1,
        ]
    }
}
Shape{
    appearance Appearance {
        material  Material 	{
            diffuseColor 0.9686274509803922 0.8784313725490196 0.6
            specularColor 0.6784313725490196 0.615686274509804 0.4196078431372549
            ambientIntensity 0.8737
            transparency 0.0
            shininess 0.5
        }
    }
    geometry IndexedFaceSet {
        ccw TRUE
        solid FALSE
        coord DEF co Coordinate {
            point [
                0.5413 -4.2002 1.7205, 0.5413 -4.1738 1.7205, 1.0335 -4.2002 1.7205, 1.0335 -4.1738 1.7205, 1.0335 -4.2684 1.6811, 0.5413 -4.2684 1.6811, 1.0335 -4.2587 1.6944, 0.5413 -4.2587 1.6944, 1.0335 -4.2465 1.7054, 0.5413 -4.2465 1.7054, 1.0335 -4.2322 1.7137, 0.5413 -4.2322 1.7137, 1.0335 -4.2165 1.7188, 0.5413 -4.2165 1.7188, 1.0335 -4.3706 1.622, 0.5413 -4.3706 1.622, 0.5413 -4.3401 1.6261, 1.0335 -4.3401 1.6261, 0.5413 -4.3116 1.6379, 1.0335 -4.3116 1.6379, 0.5413 -4.2871 1.6566, 1.0335 -4.2871 1.6566, 0.5413 -4.971 1.622, 1.0335 -4.971 1.622, 1.0335 -3.7573 1.7283, 1.0335 -3.8065 1.7992, 1.0335 -4.1738 1.7283, 1.0335 -4.2002 1.7992, 1.0335 -4.2409 1.7938, 1.0335 -4.8234 1.7205, 1.0335 -4.8234 1.7874, 1.0335 -4.971 1.7205, 1.0335 -5.0152 1.7874, 1.0335 -4.9736 1.7201, 1.0335 -4.976 1.7192, 1.0335 -0.5872 2.0098, 1.0335 -0.5872 2.0886, 1.0335 -3.0191 2.0098, 1.0335 -3.0191 2.0886, 1.0335 -3.0336 2.0085, 1.0335 -3.0481 2.0859, 1.0335 -3.0476 2.0045, 1.0335 -3.0762 2.0779, 1.0335 -3.7493 1.7312, 1.0335 -3.7779 1.8046, 1.0335 -3.7919 1.8006, 1.0335 -4.2789 1.7781, 1.0335 -4.978 1.7176, 1.0335 -5.0321 1.7748, 1.0335 -4.9796 1.7156, 1.0335 -5.0455 1.7586, 1.0335 -4.9805 1.7132, 1.0335 -5.0547 1.7397, 1.0335 -4.9809 1.7106, 1.0335 -5.0592 1.7191, 1.0335 -5.0587 1.6981, 1.0335 -4.9805 1.7081, 1.0335 -5.0533 1.6778, 1.0335 -4.9796 1.7057, 1.0335 -5.0432 1.6593, 1.0335 -4.978 1.7037, 1.0335 -5.0291 1.6437, 1.0335 -4.976 1.7021, 1.0335 -5.0117 1.6319, 1.0335 -4.9736 1.7011, 1.0335 -4.9919 1.6245, 1.0335 -4.971 1.7008, 1.0335 -4.3706 1.7008, 1.0335 -4.3625 1.7017, 1.0335 -4.3546 1.7042, 1.0335 -4.3475 1.7083, 1.0335 -4.3414 1.7138, 1.0335 -4.3366 1.7205, 1.0335 -4.3115 1.7531, 0.5413 -4.9919 1.6245, 0.5413 -5.0117 1.6319, 0.5413 -5.0291 1.6437, 0.5413 -5.0432 1.6593, 0.5413 -5.0533 1.6778, 0.5413 -5.0587 1.6981, 0.5413 -5.0592 1.7191, 0.5413 -5.0547 1.7397, 0.5413 -5.0455 1.7586, 0.5413 -5.0321 1.7748, 0.5413 -5.0152 1.7874
            ]
        }
        coordIndex [
            0,1,2,-1,2,1,3,-1,4,5,6,-1,6,5,7,-1,6,7,8,-1,8,7,9,-1,8,9,10,-1,10,9,11,-1,10,11,12,-1,12,11,13,-1,12,13,2,-1,2,13,0,-1,14,15,16,-1,14,16,17,-1,17,16,18,-1,17,18,19,-1,19,18,20,-1,19,20,21,-1,21,20,5,-1,21,5,4,-1,15,14,22,-1,22,14,23,-1,24,25,26,-1,26,25,27,-1,26,27,28,-1,29,30,31,-1,31,30,32,-1,31,32,33,-1,33,32,34,-1,35,36,37,-1,37,36,38,-1,37,38,39,-1,39,38,40,-1,39,40,41,-1,41,40,42,-1,41,42,43,-1,43,42,44,-1,43,44,24,-1,24,44,45,-1,24,45,25,-1,28,46,10,-1,3,26,2,-1,2,26,28,-1,2,28,12,-1,12,28,10,-1,34,32,47,-1,47,32,48,-1,47,48,49,-1,49,48,50,-1,49,50,51,-1,51,50,52,-1,51,52,53,-1,52,54,53,-1,53,54,55,-1,53,55,56,-1,56,55,57,-1,56,57,58,-1,58,57,59,-1,58,59,60,-1,60,59,61,-1,60,61,62,-1,62,61,63,-1,62,63,64,-1,64,63,65,-1,64,65,66,-1,66,65,23,-1,66,23,67,-1,67,23,14,-1,67,14,68,-1,68,14,17,-1,68,17,69,-1,69,17,19,-1,69,19,70,-1,70,19,71,-1,71,19,21,-1,71,21,72,-1,72,21,4,-1,72,4,73,-1,73,4,6,-1,73,6,46,-1,46,6,8,-1,46,8,10,-1,22,23,65,-1,22,65,74,-1,74,65,63,-1,74,63,75,-1,75,63,61,-1,75,61,76,-1,76,61,59,-1,76,59,77,-1,77,59,57,-1,77,57,78,-1,78,57,55,-1,78,55,79,-1,79,55,54,-1,79,54,80,-1,80,54,52,-1,80,52,81,-1,81,52,50,-1,81,50,82,-1,82,50,48,-1,82,48,83,-1,83,48,32,-1,83,32,84,-1,
        ]
    }
}
Shape{
    appearance Appearance {
        material  Material 	{
            diffuseColor 0.0 0.2901960784313726 0.8745098039215686
            specularColor 0.0 0.1450980392156863 0.4392156862745098
            ambientIntensity 0.27
            transparency 0.0
            shininess 0.5
        }
    }
    geometry IndexedFaceSet {
        ccw TRUE
        solid FALSE
        coord DEF co Coordinate {
            point [
                1.0335 -4.8234 1.7205, 1.0335 -4.971 1.7205, 0.5413 -4.8234 1.7205, 0.5413 -4.971 1.7205, 1.0335 -4.971 1.7008, 0.5413 -4.971 1.7008, 1.0335 -4.9736 1.7011, 0.5413 -4.9736 1.7011, 1.0335 -4.976 1.7021, 0.5413 -4.976 1.7021, 1.0335 -4.978 1.7037, 0.5413 -4.978 1.7037, 1.0335 -4.9796 1.7057, 0.5413 -4.9796 1.7057, 1.0335 -4.9805 1.7081, 0.5413 -4.9805 1.7081, 1.0335 -4.9809 1.7106, 0.5413 -4.9809 1.7106, 1.0335 -4.9805 1.7132, 0.5413 -4.9805 1.7132, 1.0335 -4.9796 1.7156, 0.5413 -4.9796 1.7156, 1.0335 -4.978 1.7176, 0.5413 -4.978 1.7176, 1.0335 -4.976 1.7192, 0.5413 -4.976 1.7192, 1.0335 -4.9736 1.7201, 0.5413 -4.9736 1.7201, 1.0335 -4.3706 1.7008, 0.5413 -4.3706 1.7008, 1.0335 -4.3366 1.7205, 0.5413 -4.3366 1.7205, 1.0335 -4.3414 1.7138, 0.5413 -4.3414 1.7138, 1.0335 -4.3475 1.7083, 0.5413 -4.3475 1.7083, 1.0335 -4.3546 1.7042, 0.5413 -4.3546 1.7042, 1.0335 -4.3625 1.7017, 0.5413 -4.3625 1.7017, 1.0335 -4.2002 1.7992, 0.5413 -4.2002 1.7992, 0.5413 -4.2409 1.7938, 1.0335 -4.2409 1.7938, 0.5413 -4.2789 1.7781, 1.0335 -4.2789 1.7781, 0.5413 -4.3115 1.7531, 1.0335 -4.3115 1.7531, 1.0335 -3.8065 1.7992, 0.5413 -3.8065 1.7992, 1.0335 -3.7779 1.8046, 0.5413 -3.7779 1.8046, 1.0335 -3.7919 1.8006, 0.5413 -3.7919 1.8006, 1.0335 -3.0762 2.0779, 0.5413 -3.0762 2.0779, 1.0335 -3.0191 2.0886, 0.5413 -3.0191 2.0886, 0.5413 -3.0481 2.0859, 1.0335 -3.0481 2.0859
            ]
        }
        coordIndex [
            0,1,2,-1,2,1,3,-1,4,5,6,-1,6,5,7,-1,6,7,8,-1,8,7,9,-1,8,9,10,-1,10,9,11,-1,10,11,12,-1,12,11,13,-1,12,13,14,-1,14,13,15,-1,14,15,16,-1,16,15,17,-1,16,17,18,-1,18,17,19,-1,18,19,20,-1,20,19,21,-1,20,21,22,-1,22,21,23,-1,22,23,24,-1,24,23,25,-1,24,25,26,-1,26,25,27,-1,26,27,1,-1,1,27,3,-1,28,29,4,-1,4,29,5,-1,30,31,32,-1,32,31,33,-1,32,33,34,-1,34,33,35,-1,34,35,36,-1,36,35,37,-1,36,37,38,-1,38,37,39,-1,38,39,28,-1,28,39,29,-1,40,41,42,-1,40,42,43,-1,43,42,44,-1,43,44,45,-1,45,44,46,-1,45,46,47,-1,47,46,31,-1,47,31,30,-1,48,49,40,-1,40,49,41,-1,50,51,52,-1,52,51,53,-1,52,53,48,-1,48,53,49,-1,54,55,50,-1,50,55,51,-1,56,57,58,-1,56,58,59,-1,59,58,55,-1,59,55,54,-1,
        ]
    }
}
Shape{
    appearance Appearance {
        material  Material 	{
            diffuseColor 0.9686274509803922 0.8784313725490196 0.6
            specularColor 0.6784313725490196 0.615686274509804 0.4196078431372549
            ambientIntensity 0.8737
            transparency 0.0
            shininess 0.5
        }
    }
    geometry IndexedFaceSet {
        ccw TRUE
        solid FALSE
        coord DEF co Coordinate {
            point [
                0.5413 -3.0191 2.0886, 1.0335 -3.0191 2.0886, 0.5413 -0.5872 2.0886, 1.0335 -0.5872 2.0886, 1.0099 0.4787 2.0886, 0.9993 0.4869 2.0886, 0.5837 0.4975 2.0886, 0.5314 -0.1107 2.0886, 0.5228 0.0588 2.0886, 0.5108 0.0501 2.0886, 1.0925 -0.0408 2.0886, 1.0925 0.0427 2.0886, 1.0604 -0.0732 2.0886, 1.0778 0.0446 2.0886, 1.052 0.0588 2.0886, 1.0426 0.0703 2.0886, 1.0363 0.0837 2.0886, 1.0336 0.0983 2.0886, 1.0222 0.4736 2.0886, 0.5756 0.4869 2.0886, 0.565 0.4787 2.0886, 0.5526 0.4736 2.0886, 0.5385 0.0837 2.0886, 0.5322 0.0703 2.0886, 1.0728 -0.4795 2.0886, 1.0728 -0.351 2.0886, 1.0734 -0.3426 2.0886, 1.0906 -0.1974 2.0886, 1.0551 -0.1502 2.0886, 1.0481 -0.1381 2.0886, 1.0442 -0.1247 2.0886, 1.0335 0.1018 2.0886, 1.0346 0.1131 2.0886, 1.0392 0.1272 2.0886, 1.0472 0.1397 2.0886, 1.0354 0.4719 2.0886, 1.0581 0.1498 2.0886, 0.5356 0.1272 2.0886, 0.5276 0.1397 2.0886, 0.5394 0.4719 2.0886, 0.5167 0.1498 2.0886, 0.4921 0.4719 2.0886, 0.4921 0.1977 2.0886, 0.5288 -0.0969 2.0886, 0.497 0.0446 2.0886, 0.523 -0.0842 2.0886, 1.0433 -0.1147 2.0886, 1.0435 -0.1107 2.0886, 1.0461 -0.0969 2.0886, 0.4938 0.1839 2.0886, 0.4986 0.1708 2.0886, 0.5064 0.1592 2.0886, 1.064 0.0501 2.0886, 1.0518 -0.0842 2.0886, 1.0684 0.1592 2.0886, 1.0762 0.1708 2.0886, 0.9843 0.5231 2.0886, 0.9843 0.5506 2.0886, 0.5906 0.5506 2.0886, 0.4823 0.0427 2.0886, 0.4823 -0.0408 2.0886, 0.5144 -0.0732 2.0886, 1.0827 0.4719 2.0886, 1.0827 0.1977 2.0886, 1.081 0.1839 2.0886, 0.9911 0.4975 2.0886, 0.986 0.5098 2.0886, 0.5888 0.5098 2.0886, 0.5906 0.5231 2.0886, 0.5403 0.1131 2.0886, 0.5413 0.1018 2.0886, 0.5412 0.0983 2.0886, 1.0925 -0.2002 2.0886, 1.0925 -0.275 2.0886, 1.0752 -0.3344 2.0886, 0.5315 -0.1147 2.0886, 0.5307 -0.1247 2.0886, 0.5267 -0.1381 2.0886, 0.502 -0.4795 2.0886, 0.502 -0.351 2.0886, 0.5014 -0.3426 2.0886, 0.5197 -0.1502 2.0886, 0.4996 -0.3344 2.0886, 0.4843 -0.1974 2.0886, 0.4823 -0.275 2.0886, 0.4823 -0.2002 2.0886
            ]
        }
        coordIndex [
            0,1,2,-1,2,1,3,-1,4,5,6,-1,7,8,9,-1,10,11,12,-1,12,11,13,-1,14,15,2,-1,2,15,16,-1,2,16,17,-1,4,6,18,-1,18,6,19,-1,18,19,2,-1,2,19,20,-1,2,20,21,-1,2,22,23,-1,3,24,2,-1,2,24,25,-1,2,25,26,-1,27,28,2,-1,2,28,29,-1,2,29,30,-1,17,31,2,-1,2,31,32,-1,2,32,18,-1,32,33,18,-1,18,33,34,-1,18,34,35,-1,35,34,36,-1,37,21,38,-1,38,21,39,-1,38,39,40,-1,40,39,41,-1,40,41,42,-1,7,9,43,-1,43,9,44,-1,43,44,45,-1,30,46,2,-1,2,46,47,-1,2,47,48,-1,49,50,42,-1,42,50,51,-1,42,51,40,-1,14,2,52,-1,52,2,48,-1,52,48,13,-1,13,48,53,-1,13,53,12,-1,36,54,55,-1,56,57,58,-1,59,60,44,-1,44,60,61,-1,44,61,45,-1,62,35,63,-1,63,35,36,-1,63,36,64,-1,64,36,55,-1,5,65,6,-1,6,65,66,-1,6,66,67,-1,67,66,56,-1,67,56,68,-1,68,56,58,-1,37,69,21,-1,21,69,70,-1,21,70,2,-1,2,70,71,-1,2,71,22,-1,72,27,73,-1,73,27,2,-1,73,2,74,-1,74,2,26,-1,8,7,23,-1,23,7,75,-1,23,75,2,-1,2,75,76,-1,2,76,77,-1,78,2,79,-1,79,2,77,-1,79,77,80,-1,80,77,81,-1,80,81,82,-1,82,81,83,-1,82,83,84,-1,84,83,85,-1,
        ]
    }
}
Shape{
    appearance Appearance {
        material  Material 	{
            diffuseColor 0.0 0.2901960784313726 0.8745098039215686
            specularColor 0.0 0.1450980392156863 0.4392156862745098
            ambientIntensity 0.27
            transparency 0.0
            shininess 0.5
        }
    }
    geometry IndexedFaceSet {
        ccw TRUE
        solid FALSE
        coord DEF co Coordinate {
            point [
                1.0925 -0.275 2.0886, 1.0925 -0.275 2.0098, 1.0925 -1.8982 2.0039, 1.0925 -0.0408 2.0098, 1.0925 -0.2002 2.0098, 1.0925 -0.0408 2.0886, 1.0925 -0.2002 2.0886, 1.0925 0.3774 2.0945, 1.0925 -1.8982 2.0945, 1.0925 0.3774 2.0039, 1.0925 0.0427 2.0098, 1.0925 0.0427 2.0886, 1.1516 0.4364 1.9449, 1.1516 0.4364 2.1535, 1.0512 0.4364 1.9449, 1.0512 0.3774 2.0039, 1.0512 -5.0797 1.5821, 1.0512 -5.1148 1.6024, 1.0512 -5.0596 1.6024, 1.0512 -1.9395 2.0039, 1.0512 0.4364 1.7283, 1.0512 -4.1738 1.7283, 1.0512 -4.4131 2.0236, 1.0512 -3.7894 2.0236, 1.0512 -3.6029 2.0945, 1.0512 -1.9395 2.0945, 1.0512 -5.0596 1.7874, 1.0512 -4.8181 1.7874, 1.0512 -4.1738 1.5906, 1.0512 -4.1654 1.5821, 1.1496 -4.0951 1.5118, 1.1496 -4.958 1.5118, -1.937 -4.0951 1.5118, -1.937 -4.958 1.5118, -2.1378 -4.958 1.5118, -1.0827 -1.221 1.5118, -0.6299 -1.221 1.5118, -1.0827 -3.9573 1.5118, -0.6299 -3.9573 1.5118, -1.1496 -4.958 1.5118, -1.2126 -4.958 1.5118, -1.1496 -4.0951 1.5118, -1.2126 -4.0951 1.5118, -0.1575 -3.9573 1.5118, 0.4252 -4.0951 1.5118, -1.6142 -1.221 1.5118, -1.6142 -3.9573 1.5118, -2.185 -1.221 1.5118, -2.185 -4.8762 1.5118, -0.3622 -4.958 1.5118, -0.4252 -4.958 1.5118, -0.3622 -4.0951 1.5118, -0.4252 -4.0951 1.5118, 0.4252 -4.958 1.5118, 0.3622 -4.958 1.5118, 0.3622 -4.0951 1.5118, 1.2126 -4.958 1.5118, 1.2126 -4.0951 1.5118, 0.6299 -1.221 1.5118, 1.0827 -1.221 1.5118, 0.6299 -3.9573 1.5118, 1.0827 -3.9573 1.5118, 1.937 -4.0951 1.5118, 1.6142 -3.9573 1.5118, 1.6142 -1.221 1.5118, 0.1575 -3.9573 1.5118, 0.1575 -1.221 1.5118, -0.1575 -1.221 1.5118, 2.1378 -4.958 1.5118, 1.937 -4.958 1.5118, 2.185 -4.8762 1.5118, 2.185 -1.221 1.5118, -1.311 -4.1738 1.5906, -1.8386 -4.1738 1.5906, -1.311 -4.1654 1.5821, -1.8386 -4.1654 1.5821, -1.8386 -5.0797 1.5821, -1.8386 0.4364 1.9449, -1.8386 0.3774 2.0039, -1.8386 0.4364 1.7283, -1.8386 -1.9395 2.0039, -1.8386 -4.1738 1.7283, -1.8386 -5.1148 1.6024, -1.8386 -5.0596 1.6024, -1.8386 -1.9395 2.0945, -1.8386 -3.6029 2.0945, -1.8386 -3.7894 2.0236, -1.8386 -4.4131 2.0236, -1.8386 -4.8181 1.7874, -1.8386 -5.0596 1.7874, -0.2638 -5.1148 1.6024, 0.2638 -5.1148 1.6024, 1.9882 -5.2171 1.6614, -1.9882 -5.2171 1.6614, -1.311 -5.1148 1.6024, -0.5236 -5.0797 1.5821, -1.311 -5.0797 1.5821, -1.0512 -5.0797 1.5821, -1.0512 -5.1148 1.6024, -0.5236 -5.1148 1.6024, -0.2638 -5.0797 1.5821, 0.2638 -5.0797 1.5821, 0.5236 -5.0797 1.5821, 0.5236 -5.1148 1.6024, 1.311 -5.1148 1.6024, 1.311 -5.0797 1.5821, 1.8386 -5.0797 1.5821, 1.8386 -5.1148 1.6024, 1.8386 -4.1654 1.5821, 1.8386 -4.1738 1.5906, 1.311 -4.1738 1.5906, 1.311 -4.1654 1.5821, 1.8386 -4.1738 1.7283, 1.8209 -4.1738 1.7283, 1.8209 -4.1738 1.7205, 1.3288 -4.1738 1.7283, 1.311 -4.1738 1.7283, 1.3288 -4.1738 1.7205
            ]
        }
        coordIndex [
            0,1,2,-1,3,4,5,-1,5,4,6,-1,5,6,7,-1,7,6,0,-1,7,0,8,-1,8,0,2,-1,1,4,2,-1,2,4,3,-1,2,3,9,-1,9,3,10,-1,9,10,7,-1,7,10,11,-1,7,11,5,-1,12,9,13,-1,13,9,7,-1,12,14,9,-1,9,14,15,-1,16,17,18,-1,15,14,19,-1,19,14,20,-1,21,22,23,-1,24,25,23,-1,23,25,19,-1,23,19,21,-1,21,19,20,-1,18,26,27,-1,22,21,27,-1,27,21,28,-1,27,28,18,-1,18,28,29,-1,18,29,16,-1,29,30,16,-1,16,30,31,-1,32,33,34,-1,35,36,37,-1,37,36,38,-1,39,40,41,-1,41,40,42,-1,43,30,44,-1,45,46,47,-1,47,46,32,-1,47,32,48,-1,48,32,34,-1,49,50,51,-1,51,50,52,-1,53,54,44,-1,44,54,55,-1,44,55,43,-1,43,55,51,-1,43,51,38,-1,38,51,52,-1,38,52,37,-1,37,52,41,-1,37,41,46,-1,46,41,42,-1,46,42,32,-1,56,31,57,-1,57,31,30,-1,58,59,60,-1,60,59,61,-1,60,61,62,-1,62,61,63,-1,62,63,64,-1,62,57,60,-1,60,57,30,-1,60,30,65,-1,65,30,43,-1,65,43,66,-1,66,43,67,-1,68,69,70,-1,70,69,62,-1,70,62,71,-1,71,62,64,-1,72,73,74,-1,74,73,75,-1,74,75,42,-1,42,75,32,-1,32,75,33,-1,33,75,76,-1,77,78,79,-1,79,78,80,-1,79,80,81,-1,82,76,83,-1,83,76,75,-1,83,75,73,-1,84,85,80,-1,80,85,86,-1,80,86,81,-1,81,86,87,-1,81,87,73,-1,73,87,88,-1,73,88,83,-1,83,88,89,-1,90,91,92,-1,92,93,94,-1,94,93,82,-1,34,33,93,-1,93,33,76,-1,93,76,82,-1,95,50,49,-1,16,31,56,-1,40,39,96,-1,96,39,97,-1,96,97,94,-1,94,97,98,-1,94,98,92,-1,92,98,99,-1,92,99,90,-1,90,99,95,-1,90,95,100,-1,100,95,49,-1,54,53,101,-1,101,53,102,-1,101,102,91,-1,91,102,103,-1,91,103,92,-1,92,103,17,-1,92,17,104,-1,104,17,16,-1,104,16,105,-1,105,16,56,-1,69,68,106,-1,106,68,92,-1,106,92,107,-1,107,92,104,-1,108,62,106,-1,106,62,69,-1,109,110,108,-1,108,110,111,-1,108,111,62,-1,62,111,57,-1,112,113,114,-1,115,116,117,-1,117,116,110,-1,117,110,114,-1,114,110,109,-1,114,109,112,-1,
        ]
    }
}
Shape{
    appearance Appearance {
        material  Material 	{
            diffuseColor 0.9686274509803922 0.8784313725490196 0.6
            specularColor 0.6784313725490196 0.615686274509804 0.4196078431372549
            ambientIntensity 0.8737
            transparency 0.0
            shininess 0.5
        }
    }
    geometry IndexedFaceSet {
        ccw TRUE
        solid FALSE
        coord DEF co Coordinate {
            point [
                1.3288 -4.8234 1.7874, 1.3288 -4.8234 1.7205, 1.3288 -5.0152 1.7874, 1.3288 -4.971 1.7205, 1.3288 -0.5872 2.0886, 1.3288 -0.5872 2.0098, 1.3288 -3.0191 2.0886, 1.3288 -3.0191 2.0098, 1.3288 -3.0481 2.0859, 1.3288 -3.0336 2.0085, 1.3288 -3.0762 2.0779, 1.3288 -3.0476 2.0045, 1.3288 -3.7779 1.8046, 1.3288 -3.7493 1.7312, 1.3288 -3.7919 1.8006, 1.3288 -3.7573 1.7283, 1.3288 -3.8065 1.7992, 1.3288 -4.2002 1.7205, 1.3288 -4.2165 1.7188, 1.3288 -4.2409 1.7938, 1.3288 -4.2789 1.7781, 1.3288 -4.9736 1.7201, 1.3288 -4.976 1.7192, 1.3288 -5.0321 1.7748, 1.3288 -4.978 1.7176, 1.3288 -5.0455 1.7586, 1.3288 -4.9796 1.7156, 1.3288 -5.0547 1.7397, 1.3288 -4.9805 1.7132, 1.3288 -5.0592 1.7191, 1.3288 -4.9809 1.7106, 1.3288 -5.0587 1.6981, 1.3288 -4.9805 1.7081, 1.3288 -4.2002 1.7992, 1.3288 -4.1738 1.7283, 1.3288 -4.1738 1.7205, 1.3288 -4.2322 1.7137, 1.3288 -4.2465 1.7054, 1.3288 -4.3115 1.7531, 1.3288 -4.2587 1.6944, 1.3288 -4.3366 1.7205, 1.3288 -4.2684 1.6811, 1.3288 -4.3414 1.7138, 1.3288 -4.2871 1.6566, 1.3288 -4.3475 1.7083, 1.3288 -4.3116 1.6379, 1.3288 -4.3546 1.7042, 1.3288 -4.3625 1.7017, 1.3288 -4.3401 1.6261, 1.3288 -4.3706 1.7008, 1.3288 -4.3706 1.622, 1.3288 -4.971 1.7008, 1.3288 -4.971 1.622, 1.3288 -4.9736 1.7011, 1.3288 -4.9919 1.6245, 1.3288 -4.976 1.7021, 1.3288 -5.0117 1.6319, 1.3288 -4.978 1.7037, 1.3288 -5.0291 1.6437, 1.3288 -4.9796 1.7057, 1.3288 -5.0432 1.6593, 1.3288 -5.0533 1.6778
            ]
        }
        coordIndex [
            0,1,2,-1,2,1,3,-1,4,5,6,-1,6,5,7,-1,6,7,8,-1,8,7,9,-1,8,9,10,-1,10,9,11,-1,10,11,12,-1,12,11,13,-1,12,13,14,-1,14,13,15,-1,14,15,16,-1,17,18,19,-1,19,18,20,-1,3,21,2,-1,2,21,22,-1,2,22,23,-1,23,22,24,-1,23,24,25,-1,25,24,26,-1,25,26,27,-1,27,26,28,-1,27,28,29,-1,29,28,30,-1,29,30,31,-1,31,30,32,-1,16,15,33,-1,33,15,34,-1,33,34,19,-1,19,34,35,-1,19,35,17,-1,18,36,20,-1,20,36,37,-1,20,37,38,-1,38,37,39,-1,38,39,40,-1,40,39,41,-1,40,41,42,-1,42,41,43,-1,42,43,44,-1,44,43,45,-1,44,45,46,-1,46,45,47,-1,47,45,48,-1,47,48,49,-1,49,48,50,-1,49,50,51,-1,51,50,52,-1,51,52,53,-1,53,52,54,-1,53,54,55,-1,55,54,56,-1,55,56,57,-1,57,56,58,-1,57,58,59,-1,59,58,60,-1,59,60,32,-1,32,60,61,-1,32,61,31,-1,
        ]
    }
}
Shape{
    appearance Appearance {
        material  Material 	{
            diffuseColor 0.0 0.2901960784313726 0.8745098039215686
            specularColor 0.0 0.1450980392156863 0.4392156862745098
            ambientIntensity 0.27
            transparency 0.0
            shininess 0.5
        }
    }
    geometry IndexedFaceSet {
        ccw TRUE
        solid FALSE
        coord DEF co Coordinate {
            point [
                1.311 -4.1738 1.7283, 1.3288 -4.1738 1.7283, 1.3288 -3.7573 1.7283, 1.8209 -4.1738 1.7283, 1.8386 -4.1738 1.7283, 1.8209 -3.7573 1.7283, 1.8386 0.4364 1.7283, 1.311 0.4364 1.7283, 1.311 0.4364 1.9449, 1.311 0.3774 2.0039, 1.311 -1.9395 2.0039, 1.311 -5.1148 1.6024, 1.311 -5.0797 1.5821, 1.311 -5.0596 1.6024, 1.311 -4.1654 1.5821, 1.311 -4.1738 1.5906, 1.311 -1.9395 2.0945, 1.311 -3.6029 2.0945, 1.311 -3.7894 2.0236, 1.311 -4.4131 2.0236, 1.311 -4.8181 1.7874, 1.311 -5.0596 1.7874, 1.2126 -4.0951 1.5118, 1.2126 -4.958 1.5118, 1.8386 -5.0596 1.6024, 1.8386 -5.1148 1.6024, 1.8386 -5.0797 1.5821, 1.8386 0.3774 2.0039, 1.8386 0.4364 1.9449, 1.8386 -1.9395 2.0039, 1.8386 -4.4131 2.0236, 1.8386 -3.7894 2.0236, 1.8386 -3.6029 2.0945, 1.8386 -1.9395 2.0945, 1.8386 -5.0596 1.7874, 1.8386 -4.8181 1.7874, 1.8386 -4.1738 1.5906, 1.8386 -4.1654 1.5821, -1.1516 0.4364 1.9449, -1.0512 0.4364 1.9449, -1.0512 0.4364 1.7283, 1.9449 0.4364 1.6299, -0.3937 0.4364 1.6299, -0.3937 0.4364 1.6791, -0.2638 0.4364 1.7283, 0.2638 0.4364 1.7283, 1.9449 0.4364 1.6791, -0.2638 0.4364 1.9449, -0.3642 0.4364 1.9449, -0.3642 0.4364 2.1535, -0.3937 0.4364 2.5, 0.3642 0.4364 2.1535, 1.9449 0.4364 2.5, 0.5236 0.4364 1.9449, 0.5236 0.4364 1.7283, 0.4232 0.4364 1.9449, 0.3642 0.4364 1.9449, 0.4232 0.4364 2.1535, 1.0512 0.4364 1.7283, 1.0512 0.4364 1.9449, 1.1516 0.4364 1.9449, 0.2638 0.4364 1.9449, 1.939 0.4364 1.9449, 1.939 0.4364 2.1535, 1.2106 0.4364 2.1535, 1.2106 0.4364 1.9449, 1.1516 0.4364 2.1535, -1.9449 0.4364 1.6791, -1.8386 0.4364 1.7283, -1.311 0.4364 1.7283, -1.8386 0.4364 1.9449, -1.939 0.4364 1.9449, -1.939 0.4364 2.1535, -1.9449 0.4364 2.5, -1.2106 0.4364 2.1535, -1.311 0.4364 1.9449, -1.2106 0.4364 1.9449, -0.5236 0.4364 1.7283, -0.5236 0.4364 1.9449, -0.4232 0.4364 1.9449, -0.4232 0.4364 2.1535, -1.1516 0.4364 2.1535, -1.9449 0.4364 1.6299, 2.2441 -1.1029 2.5, 2.2441 0.8656 2.5, 1.9449 0.8656 2.5, -1.9449 0.8656 2.5, -2.2441 0.8656 2.5, -2.2441 -1.1029 2.5, -1.9449 0.3931 0.1732, -1.9449 1.0624 0.1732, -1.9449 1.0624 0.4528, -1.9449 0.8853 0.4528, -1.9449 0.8853 0.4685, -1.9449 0.8262 0.4685, -1.9449 0.3715 0.9409, -1.9449 0.3715 0.7441, -1.9449 0.8262 0.8228, -1.9449 0.3715 0.4442, -1.9449 0.3931 0.3937, -1.9449 0.964 2.4736, -1.9449 0.9165 2.4933, -1.9449 -0.1935 0.9409, -1.9449 -0.1935 1.6299, -1.9449 1.0624 0.8228, -1.9449 1.0624 2.3032, -1.9449 1.0557 2.3541, -1.9449 1.0361 2.4016, -1.9449 1.0048 2.4423, -1.8898 0.8853 0.6693, -1.8898 0.8853 0.6299, -1.2598 0.8853 0.6299, -1.9134 0.8853 0.4528, -1.9134 0.8853 0.6693, -1.2598 0.8853 1.2598, -1.9134 0.8853 1.2598, -1.9134 0.8853 0.7677, -1.9921 0.8853 0.6102, -1.9921 0.8853 0.4685, -1.9921 1.0624 0.4685, -2.0433 1.0624 0.4685, -2.0433 0.8262 0.4685, -2.0433 0.8262 0.6457, -2.0433 1.0624 0.6457, 2.2835 1.0624 0.7244, 2.441 1.0624 0.7244, 2.441 1.0624 -0.1181, 1.9921 1.0624 0.4685, 2.0433 1.0624 0.4685, 2.2047 1.0624 0.0551, 1.9134 1.0624 0.4528, -1.9921 1.0624 0.6102, 2.063 1.0624 0.0551, 1.9449 1.0624 0.1732, 1.9449 1.0624 0.4528, 2.2441 1.0624 2.3032, 2.2441 1.0624 1.9547, 1.9449 1.0624 2.3032, 2.185 1.0624 1.9547, 1.9449 1.0624 0.8228, -1.9134 1.0624 1.2598, 1.9134 1.0624 1.2598, -1.9134 1.0624 0.7677, 1.9134 1.0624 0.7677, 1.9921 1.0624 0.6102, 1.9134 1.0624 0.0394, 1.4764 1.0624 0.0394, 1.0827 1.0624 0.0394, 0.5906 1.0624 0.0394, 2.441 1.0624 1.502, 2.441 1.0624 1.1969, 2.185 1.0624 1.502, 2.2835 1.0624 1.1969, -2.2047 1.0624 -0.1181, -2.4409 1.0624 -0.1181, -2.2047 1.0624 0.0551, -2.4409 1.0624 0.7244, -2.2835 1.0624 0.7244, -1.9134 1.0624 0.4528, -2.4409 1.0624 1.1969, -2.4409 1.0624 1.502, -2.2835 1.0624 1.1969, -2.185 1.0624 1.502, 0.1969 1.0624 0.0394, -0.1968 1.0624 0.0394, -0.5905 1.0624 0.0394, 2.2047 1.0624 -0.1181, 2.0433 1.0624 0.6457, -1.0827 1.0624 0.0394, -1.4764 1.0624 0.0394, -1.9134 1.0624 0.0394, -2.2441 1.0624 1.9547, -2.2441 1.0624 2.3032, -2.185 1.0624 1.9547, -2.063 1.0624 0.0551, 1.9134 0.8853 1.2598, 1.2599 0.8853 1.2598, 1.9134 0.3931 1.2598, 1.9134 0.5309 1.2598, 1.5984 0.3931 1.2598, 1.2599 0.5309 1.2598, -1.2598 0.5309 1.2598, -1.9134 0.5309 1.2598, -1.5984 0.3931 1.2598, -1.9134 0.3931 1.2598, -0.4724 0.5309 1.2598, -1.1024 0.5309 1.2598, 0.4725 0.5309 1.2598, 1.1024 0.5309 1.2598, 1.1024 0.8853 1.2598, -1.1024 0.8853 1.2598, -0.4724 0.8853 1.2598, 0.315 0.8853 1.2598, -0.315 0.8853 1.2598, -0.315 0.5309 1.2598, 0.315 0.5309 1.2598, 0.4725 0.8853 1.2598, -1.5984 0.2553 1.0236, 1.5984 0.2553 1.0236, 1.5984 0.3931 0.6693, 1.5984 0.2553 0.6693, 1.0728 0.2553 0.6693, -1.5984 0.2553 0.6693, -1.0728 0.2553 0.6693, -0.6988 0.2553 0.6693, -0.0886 0.2553 0.6693, 0.0886 0.2553 0.6693, 0.6988 0.2553 0.6693, 1.2795 0.1727 0.2559, 1.4764 0.1727 0.2559, 1.6831 0.2553 0.6693, 1.8543 0.0388 0.6693, 2.1693 0.0388 0.6693, 2.1693 0.275 0.6693, -0.6988 -0.0163 0.6693, -1.8543 -0.1777 0.6693, -0.0886 -0.0163 0.6693, 1.8543 -0.1777 0.6693, 0.0886 -0.0163 0.6693, 1.9134 0.3931 0.6693, 1.9134 0.275 0.6693, 1.6831 -0.0163 0.6693, 1.0728 -0.0163 0.6693, -1.5984 0.3931 0.6693, -1.6831 0.2553 0.6693, -1.9134 0.3931 0.6693, -1.6831 -0.0163 0.6693, -1.9134 0.275 0.6693, 0.6988 -0.0163 0.6693, -1.0728 -0.0163 0.6693, -1.8543 0.0388 0.6693, -2.1299 0.0388 0.6693, -2.1299 0.275 0.6693, -1.4665 0.0624 0.2362, -1.2894 0.0624 0.2362, -1.4764 0.1727 0.2559, -1.4665 0.1727 0.2362, -1.4665 0.1727 0.0394, -1.4665 0.0624 0.0394, -1.2795 0.1727 0.2559, -1.2894 0.1727 0.0394, -1.2894 0.1727 0.2362, -1.2894 0.0624 0.0394, -0.5905 -1.6226 0.0394, -1.0827 -1.6226 0.0394, -1.0827 0.4177 0.0394, 0.1969 -1.6226 0.0394, -0.1968 -1.6226 0.0394, -0.1968 0.4177 0.0394, 1.0827 -1.6226 0.0394, 0.5906 -1.6226 0.0394, 0.5906 0.4177 0.0394, -2.0709 0.3538 0.0394, -2.0709 0.3931 0.0394, -1.9163 0.3931 0.0394, -1.9134 0.3931 0.0394, -1.9134 0.4177 0.0394, -1.4764 0.4177 0.0394, -1.4764 -1.6226 0.0394, -1.5984 -1.6226 0.0394, -1.5984 -0.0793 0.0394, 1.5984 -1.6226 0.0394, 1.4764 -1.6226 0.0394, 1.5984 -0.0793 0.0394, 1.4764 0.4177 0.0394, 1.9134 0.3931 0.0394, 1.9134 0.4177 0.0394, 2.1299 0.3538 0.0394, 2.1693 0.3144 0.0394, 2.1693 -0.0006 0.0394, 2.0709 -0.0399 0.0394, 1.9134 -0.0793 0.0394, 2.0709 -0.0793 0.0394, 2.0709 0.3931 0.0394, 2.0709 0.3538 0.0394, 2.1299 -0.0399 0.0394, 1.6634 0.7534 0.0394, 1.6634 0.6628 0.0394, 1.4862 0.6628 0.0394, 1.4862 0.7534 0.0394, -1.4862 0.7534 0.0394, -1.6634 0.7534 0.0394, -1.6634 0.6628 0.0394, -1.4862 0.6628 0.0394, -2.1299 -0.0399 0.0394, -2.1693 -0.0006 0.0394, -2.1693 0.3144 0.0394, -2.1299 0.3538 0.0394, -2.0709 -0.0399 0.0394, -2.0709 -0.0793 0.0394, -1.5984 -3.3077 0.0394, -1.4764 -3.3077 0.0394, -1.0827 -3.3077 0.0394, -0.5905 -3.3077 0.0394, -0.1968 -3.3077 0.0394, 0.1969 -3.3077 0.0394, 0.5906 -3.3077 0.0394, 1.0827 -3.3077 0.0394, 1.4764 -3.3077 0.0394, 1.5984 -3.3077 0.0394, 1.0827 0.4177 0.0394, 1.2894 0.0624 0.0394, 1.4665 0.0624 0.0394, 1.4665 0.1727 0.0394, 1.2894 0.1727 0.0394, 0.1969 0.4177 0.0394, 0.3051 0.0624 0.0394, 0.4823 0.0624 0.0394, 0.4823 0.1727 0.0394, 0.3051 0.1727 0.0394, -0.5905 0.4177 0.0394, -0.4823 0.0624 0.0394, -0.3051 0.0624 0.0394, -0.3051 0.1727 0.0394, -0.4823 0.1727 0.0394, -1.9134 -0.0793 0.0394, -1.9163 -0.0793 0.0394, 0.876 0.7534 0.0394, 0.876 0.6628 0.0394, 0.6988 0.6628 0.0394, 0.6988 0.7534 0.0394, 0.0886 0.7534 0.0394, 0.0886 0.6628 0.0394, -0.0886 0.6628 0.0394, -0.0886 0.7534 0.0394, -0.6988 0.7534 0.0394, -0.6988 0.6628 0.0394, -0.876 0.6628 0.0394, -0.876 0.7534 0.0394, -1.5984 -3.3077 -0.1181, -1.5984 -0.0793 -0.1181, -1.9134 -0.0793 -0.1181, -1.9134 -0.1777 0.374, -1.9134 -0.1777 0.6102, -1.9134 0.0135 0.6102, -1.9134 -3.3077 -0.1181, -1.9134 -3.3077 0.2165, -1.9134 -1.7329 0.374, -1.9134 -0.0793 0.3937, 1.9134 -0.1777 0.6102, 1.9134 -0.1777 0.374, 1.9134 0.0135 0.6102, 2.1693 -0.0006 0.5774, 1.9134 -0.0793 0.3937, 1.9449 -0.0616 0.435, 1.9449 -0.0793 0.3937, 2.0709 -0.0616 0.435, 2.0709 -0.0399 0.4856, 2.1299 -0.0399 0.4856, 1.9449 -0.0793 0.1732, 1.9449 -0.1935 0.3898, 1.9449 -1.221 0.1732, 1.9449 -1.221 0.3858, 1.9449 -1.221 0.3898, 1.9449 -0.1935 0.7441, 1.9449 -0.0616 0.7441, 2.2047 -0.0616 0.7441, 2.0709 -0.0616 0.1732, 2.2047 -0.0616 0.1732, 2.0709 -0.0793 0.1555, 2.1693 0.3144 0.5774, 2.1299 0.3538 0.4856, 2.0709 0.3538 0.4856, 1.9449 0.3931 0.3937, 1.9134 0.3931 0.3937, 1.9449 0.3715 0.4442, 2.0709 0.3715 0.4442, 1.9449 0.8853 0.4528, 1.9449 0.3931 0.1732, 1.9449 0.8262 0.4685, 1.9449 0.8853 0.4685, 1.9449 0.3715 0.9409, 1.9449 0.8262 0.8228, 1.9449 -0.1935 0.9409, 1.9449 -0.1935 1.6299, 1.9449 0.3715 0.7441, 1.9449 0.9165 2.4933, 1.9449 0.964 2.4736, 1.9449 1.0048 2.4423, 1.9449 1.0361 2.4016, 1.9449 1.0557 2.3541, 2.0709 0.3931 0.1516, 1.9665 0.3931 0.1516, 1.9134 0.5309 0.6693, 1.9134 0.8853 0.4528, 1.9134 0.8853 0.6693, 1.2599 0.8853 0.6299, 1.8898 0.8853 0.6299, 1.9134 0.8853 0.7677, 1.8898 0.8853 0.6693, 1.9921 0.8853 0.6102, 1.9921 0.8853 0.4685, 1.8898 0.5309 0.6693, 1.8898 0.5309 0.6299, 1.2599 0.5309 0.6299, 1.8898 0.5315 0.6283, 1.2599 0.5315 0.6283, 1.6634 0.6628 0.2362, 1.4862 0.6628 0.2362, 1.2599 0.8847 0.6283, 1.8898 0.8847 0.6283, 1.4862 0.7534 0.2362, 1.6634 0.7534 0.2362, 2.0433 0.8262 0.4685, 2.0433 0.8262 0.6457, 2.0709 0.3715 0.1732, 2.063 0.4896 0.0551, 2.2047 0.4896 0.0551, 2.2047 0.3715 0.1732, 2.2047 0.3715 0.7441, 1.6299 -0.1935 0.7441, 1.6299 0.3715 0.7441, 2.2047 -0.0616 0.0551, 2.2047 -0.1797 0.0551, 2.2047 -0.0616 -0.1181, 2.441 -0.0616 0.0551, 2.441 -1.1029 0.0551, 2.063 -0.1797 0.0551, 2.3228 -1.221 0.0551, 2.063 -1.221 0.0551, 2.3228 -1.221 0.3858
            ]
        }
        coordIndex [
            0,1,2,-1,3,4,5,-1,5,4,6,-1,5,6,2,-1,2,6,7,-1,2,7,0,-1,8,9,7,-1,7,9,10,-1,7,10,0,-1,11,12,13,-1,13,12,14,-1,13,14,15,-1,16,17,10,-1,10,17,18,-1,10,18,0,-1,0,18,19,-1,0,19,15,-1,15,19,20,-1,15,20,13,-1,13,20,21,-1,22,14,23,-1,23,14,12,-1,24,25,13,-1,13,25,11,-1,26,25,24,-1,27,28,29,-1,29,28,6,-1,4,30,31,-1,32,33,31,-1,31,33,29,-1,31,29,4,-1,4,29,6,-1,24,34,35,-1,30,4,35,-1,35,4,36,-1,35,36,24,-1,24,36,37,-1,24,37,26,-1,38,39,40,-1,41,42,43,-1,44,45,43,-1,43,45,46,-1,43,46,41,-1,47,44,48,-1,48,44,43,-1,48,43,49,-1,49,43,50,-1,49,50,51,-1,51,50,52,-1,53,54,55,-1,55,54,56,-1,55,56,57,-1,58,59,60,-1,7,6,46,-1,46,6,28,-1,60,7,58,-1,58,7,46,-1,58,46,54,-1,54,46,45,-1,54,45,56,-1,56,45,61,-1,28,62,46,-1,46,62,63,-1,46,63,52,-1,52,63,64,-1,8,7,65,-1,65,7,60,-1,65,60,64,-1,64,60,66,-1,64,66,52,-1,52,66,57,-1,52,57,51,-1,51,57,56,-1,67,68,69,-1,70,68,71,-1,71,68,67,-1,71,67,72,-1,72,67,73,-1,72,73,74,-1,74,73,50,-1,69,75,76,-1,40,77,43,-1,43,77,78,-1,78,79,43,-1,43,79,80,-1,43,80,50,-1,50,80,81,-1,50,81,74,-1,74,81,76,-1,81,38,76,-1,76,38,40,-1,76,40,69,-1,69,40,43,-1,69,43,67,-1,67,43,42,-1,67,42,82,-1,83,84,52,-1,52,84,85,-1,86,87,73,-1,73,87,88,-1,83,52,88,-1,88,52,50,-1,88,50,73,-1,89,90,91,-1,91,92,89,-1,89,92,93,-1,89,93,94,-1,95,96,97,-1,97,96,98,-1,97,98,94,-1,94,98,99,-1,94,99,89,-1,100,101,67,-1,67,101,86,-1,67,86,73,-1,102,95,103,-1,103,95,97,-1,103,97,82,-1,82,97,104,-1,82,104,67,-1,67,104,105,-1,67,105,106,-1,106,107,67,-1,67,107,108,-1,67,108,100,-1,109,110,111,-1,92,112,93,-1,93,112,113,-1,114,115,116,-1,111,114,109,-1,109,114,116,-1,109,116,113,-1,113,116,117,-1,113,117,93,-1,93,117,118,-1,119,120,118,-1,118,120,121,-1,118,121,93,-1,93,121,94,-1,122,97,121,-1,121,97,94,-1,122,123,97,-1,97,123,104,-1,124,125,126,-1,127,128,129,-1,130,119,131,-1,132,133,134,-1,135,136,137,-1,137,136,138,-1,137,138,139,-1,140,141,142,-1,142,141,143,-1,143,144,127,-1,145,146,130,-1,130,146,147,-1,130,147,148,-1,149,150,151,-1,151,150,152,-1,131,142,130,-1,130,142,143,-1,130,143,134,-1,134,143,127,-1,134,127,132,-1,132,127,129,-1,153,154,155,-1,155,154,156,-1,155,156,157,-1,130,158,119,-1,119,158,91,-1,119,91,120,-1,120,91,90,-1,159,160,161,-1,161,160,162,-1,148,163,130,-1,130,163,164,-1,130,164,158,-1,158,164,165,-1,166,129,126,-1,126,129,128,-1,126,128,124,-1,124,128,167,-1,124,167,152,-1,152,167,139,-1,152,139,151,-1,151,139,138,-1,165,168,158,-1,158,168,169,-1,158,169,170,-1,171,172,173,-1,173,172,105,-1,173,105,162,-1,162,105,104,-1,162,104,161,-1,161,104,123,-1,161,123,157,-1,157,123,120,-1,157,120,155,-1,155,120,90,-1,155,90,174,-1,131,119,117,-1,117,119,118,-1,117,116,131,-1,131,116,142,-1,140,142,115,-1,115,142,116,-1,175,141,176,-1,176,141,140,-1,177,178,179,-1,179,178,180,-1,181,182,183,-1,183,182,184,-1,179,185,186,-1,140,115,114,-1,187,179,188,-1,188,179,180,-1,188,180,189,-1,183,179,181,-1,181,179,186,-1,181,186,114,-1,114,186,190,-1,114,190,140,-1,140,190,191,-1,192,140,193,-1,193,140,191,-1,193,191,194,-1,191,185,194,-1,194,185,179,-1,194,179,195,-1,195,179,187,-1,195,187,192,-1,192,187,196,-1,192,196,140,-1,140,196,189,-1,140,189,176,-1,176,189,180,-1,197,198,183,-1,183,198,179,-1,179,198,199,-1,199,198,200,-1,201,200,198,-1,202,203,197,-1,197,203,204,-1,204,205,197,-1,197,205,206,-1,197,206,198,-1,198,206,207,-1,198,207,201,-1,201,208,200,-1,200,208,209,-1,200,209,210,-1,211,212,213,-1,214,215,216,-1,216,215,217,-1,218,206,205,-1,199,200,219,-1,219,200,210,-1,219,210,220,-1,213,220,211,-1,211,220,210,-1,211,210,217,-1,217,210,221,-1,217,221,222,-1,202,223,224,-1,224,223,225,-1,224,225,226,-1,226,225,227,-1,201,207,222,-1,222,207,228,-1,222,228,217,-1,217,228,218,-1,217,218,216,-1,216,218,205,-1,204,203,214,-1,214,203,229,-1,214,229,215,-1,215,229,226,-1,215,226,230,-1,230,226,227,-1,230,227,231,-1,231,227,232,-1,233,226,234,-1,234,226,229,-1,224,226,235,-1,235,226,233,-1,235,233,236,-1,237,236,238,-1,238,236,233,-1,239,235,236,-1,237,240,236,-1,236,240,241,-1,236,241,239,-1,224,235,202,-1,202,235,239,-1,202,239,203,-1,229,203,234,-1,234,203,239,-1,234,239,241,-1,242,234,240,-1,240,234,241,-1,238,233,242,-1,242,233,234,-1,243,244,245,-1,246,247,248,-1,249,250,251,-1,252,253,254,-1,255,256,257,-1,258,259,260,-1,261,262,263,-1,263,262,264,-1,263,264,265,-1,265,264,266,-1,267,268,269,-1,263,270,271,-1,271,270,272,-1,265,273,263,-1,263,273,274,-1,263,274,270,-1,270,274,267,-1,270,267,275,-1,275,267,269,-1,146,145,276,-1,276,145,277,-1,277,145,266,-1,277,266,278,-1,278,266,264,-1,278,264,279,-1,169,280,170,-1,170,280,281,-1,170,281,256,-1,256,281,282,-1,256,282,257,-1,257,282,283,-1,284,285,286,-1,286,287,284,-1,284,287,252,-1,284,252,288,-1,288,252,254,-1,288,254,289,-1,290,259,291,-1,291,259,258,-1,291,258,292,-1,292,258,244,-1,292,244,293,-1,293,244,243,-1,293,243,294,-1,294,243,247,-1,294,247,295,-1,295,247,246,-1,295,246,296,-1,296,246,250,-1,296,250,297,-1,297,250,249,-1,297,249,298,-1,298,249,262,-1,298,262,299,-1,299,262,261,-1,251,300,249,-1,249,300,301,-1,249,301,262,-1,262,301,302,-1,262,302,264,-1,264,302,303,-1,264,303,300,-1,300,303,304,-1,300,304,301,-1,248,305,246,-1,246,305,306,-1,246,306,250,-1,250,306,307,-1,250,307,251,-1,251,307,308,-1,251,308,305,-1,305,308,309,-1,305,309,306,-1,245,310,243,-1,243,310,311,-1,243,311,247,-1,247,311,312,-1,247,312,248,-1,248,312,313,-1,248,313,310,-1,310,313,314,-1,310,314,311,-1,257,237,238,-1,237,257,240,-1,240,257,245,-1,240,245,242,-1,242,245,244,-1,242,244,238,-1,238,244,258,-1,238,258,257,-1,257,258,260,-1,257,260,255,-1,255,260,315,-1,255,315,254,-1,254,315,316,-1,254,316,289,-1,300,147,264,-1,264,147,146,-1,264,146,279,-1,279,146,276,-1,148,147,317,-1,317,147,318,-1,318,147,300,-1,318,300,319,-1,319,300,251,-1,319,251,320,-1,305,163,251,-1,251,163,148,-1,251,148,320,-1,320,148,317,-1,164,163,321,-1,321,163,322,-1,322,163,305,-1,322,305,323,-1,323,305,248,-1,323,248,324,-1,310,165,248,-1,248,165,164,-1,248,164,324,-1,324,164,321,-1,168,165,325,-1,325,165,326,-1,326,165,310,-1,326,310,327,-1,327,310,245,-1,327,245,328,-1,283,280,257,-1,257,280,169,-1,257,169,245,-1,245,169,168,-1,245,168,328,-1,328,168,325,-1,290,329,259,-1,259,329,330,-1,259,330,260,-1,331,315,330,-1,330,315,260,-1,332,333,334,-1,335,336,331,-1,331,336,337,-1,331,337,315,-1,315,337,332,-1,315,332,338,-1,338,332,334,-1,217,215,339,-1,339,215,333,-1,339,333,340,-1,340,333,332,-1,211,217,341,-1,341,217,339,-1,342,212,211,-1,341,343,344,-1,344,343,345,-1,344,346,341,-1,341,346,347,-1,341,347,211,-1,211,347,348,-1,211,348,342,-1,345,349,350,-1,349,351,350,-1,350,351,352,-1,350,352,353,-1,345,350,344,-1,344,350,354,-1,344,354,355,-1,344,355,346,-1,346,355,356,-1,346,356,357,-1,357,356,358,-1,347,346,357,-1,359,272,357,-1,357,272,270,-1,357,270,347,-1,347,270,348,-1,348,270,275,-1,269,342,275,-1,275,342,348,-1,213,212,360,-1,360,212,342,-1,360,342,268,-1,268,342,269,-1,361,362,360,-1,360,362,220,-1,360,220,213,-1,363,364,365,-1,365,364,220,-1,365,220,366,-1,366,220,362,-1,367,134,133,-1,133,368,367,-1,367,368,369,-1,367,369,370,-1,371,137,372,-1,372,137,139,-1,373,374,371,-1,371,374,41,-1,371,41,137,-1,137,41,46,-1,46,52,85,-1,368,363,369,-1,369,363,365,-1,369,365,372,-1,372,365,375,-1,372,375,371,-1,85,376,46,-1,46,376,377,-1,46,377,378,-1,378,379,46,-1,46,379,380,-1,46,380,137,-1,381,273,382,-1,382,273,265,-1,382,265,368,-1,368,265,364,-1,368,364,363,-1,219,220,364,-1,364,265,266,-1,383,178,177,-1,384,385,383,-1,177,219,383,-1,383,219,364,-1,383,364,384,-1,384,364,266,-1,384,266,130,-1,130,266,145,-1,176,386,387,-1,388,175,176,-1,384,367,370,-1,387,389,176,-1,176,389,385,-1,176,385,388,-1,388,385,390,-1,384,370,385,-1,385,370,391,-1,385,391,390,-1,130,134,384,-1,384,134,367,-1,392,383,389,-1,389,383,385,-1,393,394,392,-1,392,394,180,-1,392,180,383,-1,383,180,178,-1,394,393,395,-1,394,395,396,-1,396,395,397,-1,396,397,398,-1,176,180,386,-1,386,180,394,-1,386,394,399,-1,399,394,396,-1,387,386,399,-1,387,399,400,-1,400,399,401,-1,400,401,402,-1,392,389,387,-1,392,387,393,-1,393,387,400,-1,393,400,395,-1,395,400,397,-1,397,400,402,-1,277,397,276,-1,276,397,402,-1,278,398,277,-1,277,398,397,-1,279,401,278,-1,278,401,398,-1,398,401,396,-1,396,401,399,-1,276,402,279,-1,279,402,401,-1,175,388,141,-1,141,388,143,-1,144,143,390,-1,390,143,388,-1,390,391,144,-1,144,391,127,-1,370,369,391,-1,391,369,403,-1,391,403,127,-1,127,403,128,-1,404,167,403,-1,403,167,128,-1,372,139,404,-1,404,139,167,-1,403,369,404,-1,404,369,372,-1,199,219,179,-1,179,219,177,-1,366,362,405,-1,405,362,274,-1,405,274,381,-1,381,274,273,-1,382,406,381,-1,381,406,407,-1,381,407,405,-1,405,407,408,-1,405,408,366,-1,366,408,409,-1,366,409,365,-1,365,409,375,-1,355,354,410,-1,409,356,375,-1,375,356,355,-1,375,355,411,-1,411,355,410,-1,412,413,358,-1,129,166,407,-1,407,166,414,-1,407,414,408,-1,408,414,412,-1,408,412,409,-1,409,412,358,-1,409,358,356,-1,412,415,413,-1,413,415,416,-1,413,416,417,-1,417,416,418,-1,417,418,419,-1,419,418,351,-1,351,418,420,-1,351,420,352,-1,
        ]
    }
}
Shape{
    appearance Appearance {
        material  Material 	{
            diffuseColor 0.8509803921568627 0.8509803921568627 0.8509803921568627
            specularColor 0.4235294117647059 0.4235294117647059 0.4235294117647059
            ambientIntensity 0.851
            transparency 0.0
            shininess 0.5
        }
    }
    geometry IndexedFaceSet {
        ccw TRUE
        solid FALSE
        coord DEF co Coordinate {
            point [
                1.5954 -4.8275 0.3858, 2.2237 -5.0426 0.3858, 1.5746 -4.8726 0.3858, 2.2047 -5.0505 0.3858, 1.5432 -4.9111 0.3858, 1.5031 -4.9405 0.3858, 0.0039 -5.1187 0.3858, 0.9052 -4.9589 0.3858, 0.9545 -4.9651 0.3858, 0.2795 -1.221 0.3858, 1.5754 -2.3608 0.3858, 0.262 -1.2191 0.3858, 1.5628 -2.3762 0.3858, 0.2454 -1.2132 0.3858, 0.2304 -1.2039 0.3858, 0.8077 -2.3942 0.3858, 0.7994 -2.3762 0.3858, 0.7868 -2.3608 0.3858, 1.4077 -4.9651 0.3858, 1.457 -4.9589 0.3858, 2.1884 -5.063 0.3858, 2.1759 -5.0793 0.3858, 2.168 -5.0983 0.3858, 2.1654 -5.1187 0.3858, 2.3425 -5.0399 0.3858, 2.2441 -5.0399 0.3858, 2.3425 -1.221 0.3858, 0.7876 -4.8726 0.3858, 0.819 -4.9111 0.3858, 0.8591 -4.9405 0.3858, 1.6043 -4.7786 0.3858, 1.7279 -2.422 0.3858, 1.7268 -2.4038 0.3858, 1.7215 -2.3864 0.3858, 1.6493 -2.3392 0.3858, 1.6296 -2.3392 0.3858, 1.9449 -1.221 0.3858, 1.6099 -2.3417 0.3858, 1.5914 -2.349 0.3858, 1.551 -2.4138 0.3858, 1.5489 -2.4541 0.3858, 0.8134 -2.4541 0.3858, 1.5545 -2.3942 0.3858, 0.8113 -2.4138 0.3858, -0.0551 -3.221 0.3858, -0.0413 -3.2223 0.3858, -0.1338 -3.2998 0.3858, 1.7123 -2.3707 0.3858, 1.6998 -2.3574 0.3858, 2.3228 -1.221 0.3858, 1.6845 -2.3475 0.3858, 1.6674 -2.3413 0.3858, 0.7668 -4.8275 0.3858, 0.2681 -4.7317 0.3858, 0.2849 -4.7229 0.3858, 0.2991 -4.7103 0.3858, 0.3099 -4.6947 0.3858, 0.7579 -4.7786 0.3858, 0.3166 -4.6769 0.3858, 0.3189 -4.658 0.3858, 0.3015 -4.0575 0.3858, 0.2889 -4.045 0.3858, 0.2681 -3.3144 0.3858, 0.2849 -3.3055 0.3858, 0.2991 -3.293 0.3858, 0.3099 -3.2773 0.3858, 0.2306 -4.7362 0.3858, 0.2402 -4.7368 0.3858, 0.2496 -4.7362 0.3858, 0.7708 -2.349 0.3858, 0.7523 -2.3417 0.3858, 0.218 -1.1914 0.3858, 0.7326 -2.3392 0.3858, 0.2086 -1.1765 0.3858, 0.7129 -2.3392 0.3858, 0.6948 -2.3413 0.3858, 0.3166 -3.2596 0.3858, 0.3189 -3.2407 0.3858, 0.6343 -2.422 0.3858, 0.3189 -2.6895 0.3858, 0.3189 -4.1069 0.3858, 0.3169 -4.0892 0.3858, 0.311 -4.0725 0.3858, 0.2889 -2.6277 0.3858, 0.2738 -2.6184 0.3858, 0.6354 -2.4038 0.3858, 0.257 -2.6126 0.3858, 0.1024 -0.9061 0.3858, 0.2008 -1.0045 0.3858, 0.0039 -0.9061 0.3858, 0.2008 -1.1423 0.3858, 0.6777 -2.3475 0.3858, 0.2028 -1.1598 0.3858, 0.6624 -2.3574 0.3858, 0.6499 -2.3707 0.3858, 0.0039 -2.5797 0.3858, 0.6407 -2.3864 0.3858, 0.0827 -4.6891 0.3858, 0.0965 -4.6904 0.3858, 0.0039 -4.7679 0.3858, 0.1098 -4.6939 0.3858, 0.2132 -4.732 0.3858, 0.3169 -2.6719 0.3858, 0.311 -2.6552 0.3858, 0.3015 -2.6402 0.3858, 0.2132 -3.3147 0.3858, 0.2306 -3.3189 0.3858, 0.2264 -4.0293 0.3858, 0.2401 -4.0281 0.3858, 0.2401 -2.6108 0.3858, 0.2264 -2.612 0.3858, 0.213 -2.6156 0.3858, 0.1096 -2.6537 0.3858, 0.2738 -4.0357 0.3858, 0.257 -4.03 0.3858, 0.2496 -3.3189 0.3858, 0.2402 -3.3195 0.3858, -0.072 -3.2229 0.3858, 0.0658 -4.6909 0.3858, 0.0059 -4.7502 0.3858, 0.0118 -4.7335 0.3858, -0.0282 -4.1218 0.3858, 0.213 -4.0329 0.3858, -0.028 -3.2259 0.3858, 0.0922 -2.6579 0.3858, 0.0827 -2.6585 0.3858, 0.0732 -2.6579 0.3858, 0.0213 -4.7185 0.3858, 0.034 -4.706 0.3858, 0.049 -4.6967 0.3858, -0.0456 -4.126 0.3858, -0.0551 -4.1266 0.3858, -0.1338 -4.0478 0.3858, -0.0646 -4.126 0.3858, -0.1316 -4.0667 0.3858, -0.126 -3.2654 0.3858, -0.1165 -3.2504 0.3858, -0.1038 -3.2379 0.3858, 0.038 -2.6445 0.3858, 0.0238 -2.632 0.3858, 0.013 -2.6163 0.3858, -0.1318 -3.2821 0.3858, -0.0888 -3.2286 0.3858, 0.0548 -2.6534 0.3858, 0.0062 -2.5986 0.3858, -0.0998 -4.1126 0.3858, -0.114 -4.1 0.3858, -0.1248 -4.0844 0.3858, -0.083 -4.1214 0.3858
            ]
        }
        coordIndex [
            0,1,2,-1,2,1,3,-1,2,3,4,-1,4,3,5,-1,6,7,8,-1,9,10,11,-1,11,10,12,-1,11,12,13,-1,13,12,14,-1,15,16,12,-1,12,16,17,-1,12,17,14,-1,8,18,3,-1,3,18,19,-1,3,19,5,-1,3,20,8,-1,8,20,21,-1,8,21,6,-1,6,21,22,-1,6,22,23,-1,24,25,26,-1,26,25,1,-1,27,28,6,-1,6,28,29,-1,6,29,7,-1,0,30,1,-1,1,30,31,-1,1,31,26,-1,26,31,32,-1,26,32,33,-1,34,35,36,-1,36,35,37,-1,36,37,9,-1,9,37,38,-1,9,38,10,-1,39,40,41,-1,12,42,15,-1,15,42,39,-1,15,39,43,-1,43,39,41,-1,44,45,46,-1,33,47,26,-1,26,47,48,-1,26,48,49,-1,49,48,50,-1,49,50,36,-1,36,50,51,-1,36,51,34,-1,27,6,52,-1,52,6,53,-1,52,53,54,-1,54,55,52,-1,52,55,56,-1,52,56,57,-1,57,56,58,-1,57,58,59,-1,60,61,62,-1,62,63,57,-1,57,63,64,-1,57,64,65,-1,66,67,6,-1,6,67,68,-1,6,68,53,-1,17,69,14,-1,14,69,70,-1,14,70,71,-1,71,70,72,-1,71,72,73,-1,73,72,74,-1,73,74,75,-1,65,76,57,-1,57,76,77,-1,57,77,78,-1,78,77,79,-1,59,80,57,-1,57,80,81,-1,57,81,62,-1,62,81,82,-1,62,82,60,-1,83,84,85,-1,85,84,86,-1,87,88,89,-1,89,88,90,-1,75,91,73,-1,73,91,89,-1,73,89,92,-1,92,89,90,-1,91,93,89,-1,89,93,94,-1,89,94,95,-1,95,94,96,-1,95,96,85,-1,97,98,99,-1,99,98,100,-1,99,100,6,-1,6,100,101,-1,6,101,66,-1,79,102,78,-1,78,102,103,-1,78,103,85,-1,85,103,104,-1,85,104,83,-1,105,106,107,-1,107,106,108,-1,86,109,85,-1,85,109,110,-1,85,110,95,-1,95,110,111,-1,95,111,112,-1,61,113,62,-1,62,113,114,-1,62,114,115,-1,115,114,108,-1,115,108,116,-1,116,108,106,-1,44,46,117,-1,97,99,118,-1,118,99,119,-1,118,119,120,-1,121,46,122,-1,122,46,45,-1,122,45,107,-1,107,45,123,-1,107,123,105,-1,112,124,95,-1,95,124,125,-1,95,125,126,-1,120,127,118,-1,118,127,128,-1,118,128,129,-1,121,130,46,-1,46,130,131,-1,46,131,132,-1,132,131,133,-1,132,133,134,-1,135,136,137,-1,138,139,140,-1,46,141,117,-1,117,141,135,-1,117,135,142,-1,142,135,137,-1,126,143,95,-1,95,143,138,-1,95,138,144,-1,144,138,140,-1,145,146,147,-1,134,133,147,-1,147,133,148,-1,147,148,145,-1,
        ]
    }
}
Shape{
    appearance Appearance {
        material  Material 	{
            diffuseColor 0.0 0.2901960784313726 0.8745098039215686
            specularColor 0.0 0.1450980392156863 0.4392156862745098
            ambientIntensity 0.27
            transparency 0.0
            shininess 0.5
        }
    }
    geometry IndexedFaceSet {
        ccw TRUE
        solid FALSE
        coord DEF co Coordinate {
            point [
                1.9449 -1.221 0.3898, 1.9449 -1.221 0.3858, 0.3445 -1.221 0.3898, 0.2795 -1.221 0.3858, 0.3445 -1.221 0.5039, 0.2795 -1.221 0.5039, -1.9449 -0.1935 0.3898, 1.9449 -0.1935 0.3898, 0.2264 -0.8273 0.3898, 0.2264 -1.1029 0.3898, -0.3445 -1.221 0.3898, -1.9449 -1.221 0.3898, -0.2264 -1.1029 0.3898, -0.2264 -0.8273 0.3898, -1.9449 -0.0793 0.1732, -1.9449 -1.221 0.3858, -1.9449 -1.221 0.1732, -1.9449 -0.0616 0.7441, -1.9449 -0.1935 0.7441, -1.9449 -0.0616 0.435, -1.9449 -0.0793 0.3937, -2.1693 -0.0006 0.5774, -2.1299 -0.0399 0.4856, -2.0709 -0.0399 0.4856, -1.8543 0.0388 0.6693, -2.1299 0.0388 0.6693, -2.1693 0.0219 0.6299, -2.0709 -0.0616 0.435, -1.9134 0.0135 0.6102, -1.9134 -0.0793 0.3937, -2.0709 -0.0616 0.1732, -2.2047 -0.0616 0.1732, -2.2047 -0.0616 0.7441, -1.6299 -0.1935 0.7441, -1.6299 0.3715 0.7441, -1.9449 0.3715 0.7441, -2.2047 0.3715 0.7441, -1.6299 0.3715 0.9409, -1.6299 -0.1935 0.9409, -1.9449 0.3715 0.9409, -1.9449 -0.1935 0.9409, -1.9449 0.3715 0.4442, -2.0709 0.3715 0.4442, -2.0709 0.3715 0.1732, -2.2047 0.3715 0.1732, -1.9134 0.3931 0.3937, -1.9449 0.3931 0.3937, -2.0709 0.3538 0.4856, -1.9134 0.275 0.6693, -2.1693 0.2919 0.6299, -2.1299 0.275 0.6693, -2.1693 0.3144 0.5774, -2.1299 0.3538 0.4856, -1.9449 0.3931 0.1732, -1.9134 0.3931 0.0394, -1.9665 0.3931 0.1516, -1.9163 0.3931 0.0394, -2.0709 0.3931 0.1516, -2.0709 0.3931 0.0394, -2.063 0.4896 0.0551, -2.063 1.0624 0.0551, -1.9449 1.0624 0.1732, -2.2047 1.0624 0.0551, -2.2047 0.4896 0.0551, -2.2047 -0.1797 0.0551, -2.2047 -0.0616 0.0551, -2.2047 -0.0616 -0.1181, -2.2047 1.0624 -0.1181, -2.4409 -1.1029 0.0551, -2.4409 -0.0616 0.0551, -2.3228 -1.221 0.0551, -2.063 -0.1797 0.0551, -2.063 -1.221 0.0551, -1.9626 -0.0793 0.1555, -2.0709 -0.0793 0.1555, -2.0709 -0.0399 0.0394, -2.0709 -0.0793 0.0394, -1.9163 -0.0793 0.0394, -1.9134 -0.0793 0.0394, -2.3228 -1.221 0.3858
            ]
        }
        coordIndex [
            0,1,2,-1,2,1,3,-1,2,3,4,-1,4,3,5,-1,6,7,8,-1,0,2,7,-1,7,2,9,-1,7,9,8,-1,10,11,12,-1,12,11,6,-1,12,6,13,-1,13,6,8,-1,6,11,14,-1,14,11,15,-1,14,15,16,-1,17,18,19,-1,19,18,6,-1,19,6,20,-1,20,6,14,-1,21,22,23,-1,24,25,26,-1,23,27,19,-1,26,21,24,-1,24,21,23,-1,24,23,28,-1,28,23,19,-1,28,19,29,-1,29,19,20,-1,30,31,27,-1,27,31,32,-1,27,32,19,-1,19,32,17,-1,33,18,34,-1,34,18,17,-1,34,17,35,-1,35,17,32,-1,35,32,36,-1,37,38,34,-1,34,38,33,-1,39,40,37,-1,37,40,38,-1,35,39,34,-1,34,39,37,-1,41,35,42,-1,42,35,36,-1,42,36,43,-1,43,36,44,-1,45,46,41,-1,42,47,41,-1,41,47,48,-1,41,48,45,-1,49,50,51,-1,51,50,48,-1,51,48,52,-1,52,48,47,-1,46,45,53,-1,53,45,54,-1,53,54,55,-1,55,54,56,-1,55,56,57,-1,57,56,58,-1,59,60,55,-1,55,60,61,-1,55,61,53,-1,62,60,63,-1,63,60,59,-1,64,65,31,-1,31,65,36,-1,31,36,32,-1,66,67,63,-1,63,67,62,-1,66,63,65,-1,65,63,44,-1,65,44,36,-1,68,69,64,-1,64,69,65,-1,68,64,70,-1,70,64,71,-1,70,71,72,-1,73,71,74,-1,74,71,64,-1,74,64,30,-1,30,64,31,-1,27,23,30,-1,30,23,75,-1,30,75,74,-1,74,75,76,-1,74,76,77,-1,74,77,73,-1,73,77,78,-1,73,78,14,-1,14,78,29,-1,14,29,20,-1,72,71,16,-1,16,71,73,-1,16,73,14,-1,16,15,72,-1,72,15,79,-1,72,79,70,-1,
        ]
    }
}
Shape{
    appearance Appearance {
        material  Material 	{
            diffuseColor 0.8509803921568627 0.8509803921568627 0.8509803921568627
            specularColor 0.4235294117647059 0.4235294117647059 0.4235294117647059
            ambientIntensity 0.851
            transparency 0.0
            shininess 0.5
        }
    }
    geometry IndexedFaceSet {
        ccw TRUE
        solid FALSE
        coord DEF co Coordinate {
            point [
                -0.2591 -1.2184 0.3858, -0.2401 -1.2105 0.3858, -0.0039 -2.591 0.3858, -0.2238 -1.198 0.3858, -1.457 -4.9589 0.3858, -2.1653 -5.1187 0.3858, -1.5031 -4.9405 0.3858, -2.168 -5.0983 0.3858, -1.5432 -4.9111 0.3858, -1.5746 -4.8726 0.3858, -1.7123 -2.3707 0.3858, -1.7215 -2.3864 0.3858, -2.3425 -1.221 0.3858, -1.7268 -2.4038 0.3858, -0.2008 -1.0045 0.3858, -0.1024 -0.9061 0.3858, -0.2008 -1.1423 0.3858, -0.0039 -0.9061 0.3858, -0.2035 -1.1627 0.3858, -0.2113 -1.1817 0.3858, -1.5914 -2.349 0.3858, -0.8077 -2.3942 0.3858, -1.5754 -2.3608 0.3858, -1.5628 -2.3762 0.3858, -1.5954 -4.8275 0.3858, -2.1759 -5.0793 0.3858, -1.6043 -4.7786 0.3858, -1.6296 -2.3392 0.3858, -1.6493 -2.3392 0.3858, -1.9449 -1.221 0.3858, -1.6674 -2.3413 0.3858, -2.3228 -1.221 0.3858, -1.6845 -2.3475 0.3858, -1.6998 -2.3574 0.3858, -2.3425 -5.0399 0.3858, -2.2441 -5.0399 0.3858, -2.2237 -5.0426 0.3858, -1.7279 -2.422 0.3858, -2.2047 -5.0505 0.3858, -2.1884 -5.063 0.3858, -1.6099 -2.3417 0.3858, -0.7994 -2.3762 0.3858, -0.7868 -2.3608 0.3858, -0.7708 -2.349 0.3858, -0.8134 -2.4541 0.3858, -1.5488 -2.4541 0.3858, -0.8112 -2.4138 0.3858, -1.5509 -2.4138 0.3858, -1.5545 -2.3942 0.3858, -0.0039 -5.1187 0.3858, -0.8591 -4.9405 0.3858, -0.819 -4.9111 0.3858, -1.4077 -4.9651 0.3858, -0.9545 -4.9651 0.3858, -0.9052 -4.9589 0.3858, 0.0469 -2.6647 0.3858, -0.7579 -4.7786 0.3858, 0.0301 -2.6558 0.3858, 0.0159 -2.6433 0.3858, -0.7668 -4.8275 0.3858, -0.1077 -4.1239 0.3858, -0.0909 -4.1327 0.3858, -0.0016 -2.6099 0.3858, -0.6343 -2.422 0.3858, 0.0261 -4.6947 0.3858, 0.0135 -4.7072 0.3858, 0.0051 -2.6276 0.3858, -0.1219 -4.1113 0.3858, -0.1327 -4.0957 0.3858, -0.7876 -4.8726 0.3858, -0.0039 -4.7566 0.3858, -0.0019 -4.7389 0.3858, -0.0798 -3.2116 0.3858, -0.0966 -3.2173 0.3858, -0.1117 -3.2266 0.3858, 0.004 -4.7222 0.3858, -0.6354 -2.4038 0.3858, -0.6407 -2.3864 0.3858, -0.6499 -2.3707 0.3858, -0.6624 -2.3574 0.3858, -0.6777 -2.3475 0.3858, -0.2795 -1.221 0.3858, -0.6948 -2.3413 0.3858, 0.0412 -4.6854 0.3858, -0.0724 -4.1373 0.3858, 0.058 -4.6797 0.3858, -0.7129 -2.3392 0.3858, -0.7326 -2.3392 0.3858, -0.7523 -2.3417 0.3858, -0.1417 -3.2885 0.3858, -0.1417 -4.0591 0.3858, -0.1394 -4.078 0.3858, -0.036 -3.2145 0.3858, -0.0491 -3.211 0.3858, -0.063 -3.2097 0.3858, -0.1243 -3.2391 0.3858, -0.1338 -3.2541 0.3858, -0.1397 -3.2709 0.3858, -0.0629 -4.1378 0.3858, -0.0534 -4.1373 0.3858, 0.0748 -4.6778 0.3858, -0.0359 -4.133 0.3858, 0.0887 -4.6791 0.3858, 0.2054 -4.0442 0.3858, 0.1018 -4.6826 0.3858, 0.2185 -4.0406 0.3858, 0.3031 -4.0838 0.3858, 0.309 -4.1005 0.3858, 0.311 -4.1182 0.3858, 0.2052 -4.7207 0.3858, 0.3087 -3.2483 0.3858, 0.302 -3.266 0.3858, 0.1019 -2.6649 0.3858, 0.2912 -3.2817 0.3858, 0.277 -3.2943 0.3858, 0.0654 -2.6692 0.3858, 0.0749 -2.6698 0.3858, 0.2052 -3.3034 0.3858, 0.0844 -2.6692 0.3858, 0.2228 -3.3076 0.3858, 0.2322 -3.3082 0.3858, 0.2323 -4.0394 0.3858, 0.2491 -4.0412 0.3858, 0.2659 -4.047 0.3858, 0.2602 -3.3031 0.3858, 0.2417 -3.3076 0.3858, 0.311 -3.2294 0.3858, 0.2054 -2.6268 0.3858, 0.311 -2.7008 0.3858, 0.2602 -4.7204 0.3858, 0.2417 -4.7249 0.3858, 0.311 -4.6468 0.3858, 0.2322 -4.7255 0.3858, 0.2228 -4.7249 0.3858, 0.281 -4.0563 0.3858, 0.2936 -4.0688 0.3858, 0.2185 -2.6233 0.3858, 0.2323 -2.6221 0.3858, 0.2491 -2.6239 0.3858, 0.3087 -4.6656 0.3858, 0.302 -4.6834 0.3858, 0.309 -2.6832 0.3858, 0.3031 -2.6665 0.3858, 0.2936 -2.6515 0.3858, 0.2912 -4.699 0.3858, 0.277 -4.7116 0.3858, 0.2659 -2.6296 0.3858, 0.281 -2.639 0.3858, -2.3228 -1.221 0.5039, -2.3425 -1.221 0.5039, -2.3731 -1.221 0.508, -2.4036 -1.221 0.3939, -2.4016 -1.221 0.5198, -2.4606 -1.221 0.4175, -2.426 -1.221 0.5385, -2.5095 -1.221 0.455, -2.4448 -1.221 0.563, -2.5471 -1.221 0.5039, -2.4566 -1.221 0.5915, -2.5707 -1.221 0.5609, -2.4606 -1.221 0.622, -2.5787 -1.221 0.622
            ]
        }
        coordIndex [
            0,1,2,-1,2,1,3,-1,4,5,6,-1,6,5,7,-1,6,7,8,-1,8,7,9,-1,10,11,12,-1,12,11,13,-1,14,15,16,-1,16,15,17,-1,16,17,18,-1,18,17,2,-1,18,2,19,-1,19,2,3,-1,20,21,22,-1,22,21,23,-1,9,7,24,-1,24,7,25,-1,24,25,26,-1,27,28,29,-1,29,28,30,-1,29,30,31,-1,31,30,32,-1,31,32,12,-1,12,32,33,-1,12,33,10,-1,34,12,35,-1,35,12,13,-1,35,13,36,-1,36,13,37,-1,36,37,38,-1,38,37,26,-1,38,26,39,-1,39,26,25,-1,20,40,21,-1,21,40,27,-1,21,27,41,-1,41,27,29,-1,41,29,42,-1,42,29,43,-1,44,45,46,-1,46,45,47,-1,46,47,21,-1,21,47,48,-1,21,48,23,-1,49,50,51,-1,4,52,5,-1,5,52,53,-1,5,53,49,-1,49,53,54,-1,49,54,50,-1,55,56,57,-1,57,56,58,-1,59,60,61,-1,2,62,63,-1,64,65,61,-1,63,62,56,-1,56,62,66,-1,56,66,58,-1,60,59,67,-1,67,59,56,-1,67,56,68,-1,51,69,49,-1,49,69,59,-1,49,59,70,-1,70,59,71,-1,72,73,55,-1,55,73,74,-1,61,65,59,-1,59,65,75,-1,59,75,71,-1,63,76,2,-1,2,76,77,-1,2,77,0,-1,0,77,78,-1,78,79,0,-1,0,79,80,-1,0,80,81,-1,81,80,82,-1,64,61,83,-1,83,61,84,-1,83,84,85,-1,82,86,81,-1,81,86,87,-1,81,87,29,-1,29,87,88,-1,29,88,43,-1,89,90,56,-1,56,90,91,-1,56,91,68,-1,92,93,55,-1,55,93,94,-1,55,94,72,-1,74,95,55,-1,55,95,96,-1,55,96,56,-1,56,96,97,-1,56,97,89,-1,84,98,85,-1,85,98,99,-1,85,99,100,-1,100,99,101,-1,100,101,102,-1,102,101,103,-1,102,103,104,-1,104,103,105,-1,106,107,104,-1,104,107,108,-1,104,108,109,-1,110,111,112,-1,112,111,113,-1,112,113,114,-1,55,115,92,-1,92,115,116,-1,92,116,117,-1,117,116,118,-1,117,118,119,-1,119,118,112,-1,119,112,120,-1,105,121,104,-1,104,121,122,-1,104,122,123,-1,114,124,112,-1,112,124,125,-1,112,125,120,-1,110,112,126,-1,126,112,127,-1,126,127,128,-1,129,130,131,-1,131,130,132,-1,131,132,108,-1,108,132,133,-1,108,133,109,-1,123,134,104,-1,104,134,135,-1,104,135,106,-1,127,136,128,-1,128,136,137,-1,128,137,138,-1,131,139,140,-1,141,128,142,-1,142,128,143,-1,140,144,131,-1,131,144,145,-1,131,145,129,-1,138,146,128,-1,128,146,147,-1,128,147,143,-1,148,31,149,-1,149,31,12,-1,149,12,150,-1,150,12,151,-1,150,151,152,-1,152,151,153,-1,152,153,154,-1,154,153,155,-1,154,155,156,-1,156,155,157,-1,156,157,158,-1,158,157,159,-1,158,159,160,-1,160,159,161,-1,
        ]
    }
}
Shape{
    appearance Appearance {
        material  Material 	{
            diffuseColor 0.0 0.2901960784313726 0.8745098039215686
            specularColor 0.0 0.1450980392156863 0.4392156862745098
            ambientIntensity 0.27
            transparency 0.0
            shininess 0.5
        }
    }
    geometry IndexedFaceSet {
        ccw TRUE
        solid FALSE
        coord DEF co Coordinate {
            point [
                -2.3228 -1.221 1.502, -2.4409 -1.1029 1.502, -2.3228 -1.221 0.5039, -2.4409 -1.1029 0.0551, -2.3228 -1.221 0.3858, -2.3228 -1.221 0.0551, -2.4409 1.0624 1.502, -2.4409 1.0624 1.1969, -2.4409 -0.8864 1.1969, -2.4409 -0.8864 0.7244, -2.4409 1.0624 -0.1181, -2.4409 -0.0616 -0.1181, -2.4409 1.0624 0.7244, -2.4409 -0.0616 0.0551, -2.2047 -0.0616 0.0551, -2.2047 -0.0616 -0.1181, -2.2047 1.0624 -0.1181, -2.2835 1.0624 0.7244, -2.2835 -0.8864 0.7244, -2.2835 -0.8864 1.1969, -2.2835 1.0624 1.1969, -2.185 1.0624 1.502, -2.185 -1.221 1.502, 1.6142 -1.221 1.5118, 1.6142 -1.221 1.2323, 2.185 -1.221 1.5118, 1.6772 -1.221 1.2323, 2.185 -1.221 1.502, 1.6772 -1.221 1.122, 2.3228 -1.221 1.502, 2.3228 -1.221 0.5039, 1.6142 -1.221 1.122, 1.6142 -1.221 1.0, 0.3445 -1.221 0.5039, 1.1417 -1.221 1.0, 0.0945 -1.221 1.2323, 0.1575 -1.221 1.2323, 0.1575 -1.221 1.5118, 1.1417 -1.221 1.5118, 1.0827 -1.221 1.5118, 1.1417 -1.221 1.2323, 1.0788 -1.221 1.2323, 0.6299 -1.221 1.5118, 0.6299 -1.221 1.2323, 0.6929 -1.221 1.2323, 0.6299 -1.221 1.122, 0.6299 -1.221 1.0, 0.6929 -1.221 1.122, 1.0788 -1.221 1.122, 1.1417 -1.221 1.122, 0.3445 -1.221 0.6378, -0.3445 -1.221 0.6378, 0.1575 -1.221 1.0, 0.1575 -1.221 1.122, 0.0945 -1.221 1.122, -0.6929 -1.221 1.2323, -0.6299 -1.221 1.2323, -0.6299 -1.221 1.5118, -0.1575 -1.221 1.5118, -0.1575 -1.221 1.2323, -0.0945 -1.221 1.2323, -0.0945 -1.221 1.122, -0.1575 -1.221 1.122, -0.1575 -1.221 1.0, -0.3445 -1.221 0.5039, -0.6299 -1.221 1.0, -1.1417 -1.221 1.2323, -1.0787 -1.221 1.2323, -1.1417 -1.221 1.5118, -1.0827 -1.221 1.5118, -0.6929 -1.221 1.122, -1.0787 -1.221 1.122, -0.6299 -1.221 1.122, -1.1417 -1.221 1.0, -1.1417 -1.221 1.122, -1.6142 -1.221 1.0, -1.6142 -1.221 1.122, -1.6772 -1.221 1.122, -2.185 -1.221 1.5118, -1.6772 -1.221 1.2323, -1.6142 -1.221 1.5118, -1.6142 -1.221 1.2323
            ]
        }
        coordIndex [
            0,1,2,-1,2,1,3,-1,2,3,4,-1,4,3,5,-1,6,7,1,-1,1,7,8,-1,1,8,9,-1,10,11,12,-1,12,11,13,-1,12,13,9,-1,9,13,3,-1,9,3,1,-1,13,11,14,-1,14,11,15,-1,16,15,10,-1,10,15,11,-1,17,12,18,-1,18,12,9,-1,19,20,18,-1,18,20,17,-1,19,8,20,-1,20,8,7,-1,18,9,19,-1,19,9,8,-1,6,1,21,-1,21,1,0,-1,21,0,22,-1,23,24,25,-1,25,24,26,-1,25,26,27,-1,27,26,28,-1,27,28,29,-1,29,28,30,-1,28,31,30,-1,30,31,32,-1,30,32,33,-1,33,32,34,-1,35,36,37,-1,38,39,40,-1,40,39,41,-1,42,43,44,-1,45,46,47,-1,47,46,48,-1,47,48,44,-1,44,48,41,-1,44,41,42,-1,42,41,39,-1,34,49,33,-1,33,49,48,-1,33,48,50,-1,50,48,46,-1,50,46,51,-1,46,52,51,-1,51,52,53,-1,51,53,54,-1,55,56,57,-1,58,59,60,-1,37,58,35,-1,35,58,60,-1,35,60,54,-1,61,62,63,-1,2,64,51,-1,60,61,54,-1,54,61,63,-1,54,63,51,-1,51,63,65,-1,51,65,2,-1,66,67,68,-1,68,67,69,-1,57,69,55,-1,55,69,67,-1,55,67,70,-1,70,67,71,-1,65,72,2,-1,2,72,70,-1,2,70,73,-1,73,70,71,-1,73,71,74,-1,73,75,2,-1,2,75,76,-1,2,76,77,-1,0,2,22,-1,22,2,77,-1,22,77,78,-1,78,77,79,-1,78,79,80,-1,80,79,81,-1,
        ]
    }
}
Shape{
    appearance Appearance {
        material  Material 	{
            diffuseColor 0.8509803921568627 0.8509803921568627 0.8509803921568627
            specularColor 0.4235294117647059 0.4235294117647059 0.4235294117647059
            ambientIntensity 0.851
            transparency 0.0
            shininess 0.5
        }
    }
    geometry IndexedFaceSet {
        ccw TRUE
        solid FALSE
        coord DEF co Coordinate {
            point [
                2.2441 -5.0399 0.5039, 2.3425 -5.0399 0.5039, 2.3425 -1.221 0.5039, 1.5545 -2.3942 0.5039, 1.5628 -2.3762 0.5039, 0.7994 -2.3762 0.5039, 0.2454 -1.2132 0.5039, 0.2304 -1.2039 0.5039, 1.457 -4.9589 0.5039, 2.1654 -5.1187 0.5039, 1.5031 -4.9405 0.5039, 2.168 -5.0983 0.5039, 1.5432 -4.9111 0.5039, 0.262 -1.2191 0.5039, 2.2237 -5.0426 0.5039, 1.7268 -2.4038 0.5039, 2.2047 -5.0505 0.5039, 1.7279 -2.422 0.5039, 2.1884 -5.063 0.5039, 1.6043 -4.7786 0.5039, 2.1759 -5.0793 0.5039, 1.5954 -4.8275 0.5039, 1.5746 -4.8726 0.5039, 0.8591 -4.9405 0.5039, 0.819 -4.9111 0.5039, 0.0039 -5.1187 0.5039, 0.7876 -4.8726 0.5039, 0.7668 -4.8275 0.5039, 1.5754 -2.3608 0.5039, 0.3445 -1.221 0.5039, 0.2795 -1.221 0.5039, 1.4077 -4.9651 0.5039, 0.9545 -4.9651 0.5039, 0.9052 -4.9589 0.5039, 0.8113 -2.4138 0.5039, 0.8134 -2.4541 0.5039, 1.5489 -2.4541 0.5039, 0.7326 -2.3392 0.5039, 0.7523 -2.3417 0.5039, 0.7708 -2.349 0.5039, 0.7868 -2.3608 0.5039, 0.8077 -2.3942 0.5039, 1.551 -2.4138 0.5039, 1.5914 -2.349 0.5039, 1.6099 -2.3417 0.5039, 2.3228 -1.221 0.5039, 1.6296 -2.3392 0.5039, 1.6493 -2.3392 0.5039, 1.7215 -2.3864 0.5039, 1.7123 -2.3707 0.5039, 0.6624 -2.3574 0.5039, 0.6777 -2.3475 0.5039, 0.0039 -0.9061 0.5039, 0.3099 -4.6947 0.5039, 0.3166 -4.6769 0.5039, 0.7579 -4.7786 0.5039, 0.3189 -4.658 0.5039, 0.2991 -4.7103 0.5039, 0.2849 -4.7229 0.5039, 0.2681 -4.7317 0.5039, 1.6674 -2.3413 0.5039, 1.6845 -2.3475 0.5039, 1.6998 -2.3574 0.5039, 0.3099 -3.2773 0.5039, 0.2991 -3.293 0.5039, 0.2849 -3.3055 0.5039, 0.2681 -3.3144 0.5039, 0.257 -2.6126 0.5039, 0.2738 -2.6184 0.5039, 0.6354 -2.4038 0.5039, 0.6499 -2.3707 0.5039, 0.2496 -4.7362 0.5039, 0.2401 -4.7368 0.5039, 0.2306 -4.7362 0.5039, 0.2402 -2.6108 0.5039, 0.3169 -2.6719 0.5039, 0.3189 -2.6895 0.5039, 0.6343 -2.422 0.5039, 0.3189 -3.2407 0.5039, 0.3166 -3.2596 0.5039, 0.2402 -4.0281 0.5039, 0.257 -4.03 0.5039, 0.2738 -4.0357 0.5039, 0.2889 -4.045 0.5039, 0.3015 -4.0575 0.5039, 0.311 -4.0725 0.5039, 0.3169 -4.0892 0.5039, 0.3189 -4.1069 0.5039, 0.2008 -1.0045 0.5039, 0.1024 -0.9061 0.5039, 0.2008 -1.1423 0.5039, 0.2028 -1.1598 0.5039, 0.2132 -2.6156 0.5039, 0.2264 -2.612 0.5039, 0.0039 -2.5797 0.5039, 0.2889 -2.6277 0.5039, 0.3015 -2.6402 0.5039, 0.311 -2.6552 0.5039, 0.2086 -1.1765 0.5039, 0.218 -1.1914 0.5039, 0.6948 -2.3413 0.5039, 0.7129 -2.3392 0.5039, 0.213 -4.732 0.5039, 0.1096 -4.6939 0.5039, 0.0039 -4.7679 0.5039, 0.0965 -4.6904 0.5039, 0.6407 -2.3864 0.5039, 0.0827 -4.6891 0.5039, 0.0658 -4.6909 0.5039, 0.0059 -4.7502 0.5039, 0.0732 -2.6579 0.5039, 0.0827 -2.6585 0.5039, 0.2496 -3.3189 0.5039, 0.2401 -3.3195 0.5039, 0.2264 -4.0293 0.5039, 0.2306 -3.3189 0.5039, 0.2132 -4.0329 0.5039, 0.0548 -2.6534 0.5039, 0.0922 -2.6579 0.5039, 0.1098 -2.6537 0.5039, 0.013 -2.6163 0.5039, 0.0238 -2.632 0.5039, 0.038 -2.6445 0.5039, -0.028 -4.1217 0.5039, 0.213 -3.3146 0.5039, -0.0456 -4.126 0.5039, -0.0282 -3.2258 0.5039, -0.0551 -4.1266 0.5039, 0.049 -4.6967 0.5039, 0.034 -4.706 0.5039, -0.0413 -3.2223 0.5039, -0.1338 -3.2998 0.5039, -0.1338 -4.0478 0.5039, -0.1316 -4.0667 0.5039, -0.0551 -3.221 0.5039, -0.072 -3.2229 0.5039, -0.1318 -3.2821 0.5039, 0.0213 -4.7185 0.5039, 0.0118 -4.7335 0.5039, 0.0062 -2.5986 0.5039, -0.1248 -4.0844 0.5039, -0.114 -4.1 0.5039, -0.0998 -4.1126 0.5039, -0.083 -4.1214 0.5039, -0.0646 -4.126 0.5039, -0.0888 -3.2286 0.5039, -0.1038 -3.2379 0.5039, -0.1165 -3.2504 0.5039, -0.126 -3.2654 0.5039, 2.4606 -1.221 0.622, 2.5788 -1.221 0.622, 2.4566 -1.221 0.5915, 2.5707 -1.221 0.5609, 2.4448 -1.221 0.563, 2.5471 -1.221 0.5039, 2.426 -1.221 0.5385, 2.5096 -1.221 0.455, 2.4016 -1.221 0.5198, 2.4606 -1.221 0.4175, 2.3731 -1.221 0.508, 2.4037 -1.221 0.3939, 2.3425 -1.221 0.3858, 2.3228 -1.221 0.3858
            ]
        }
        coordIndex [
            0,1,2,-1,3,4,5,-1,6,7,4,-1,8,9,10,-1,10,9,11,-1,10,11,12,-1,6,4,13,-1,14,15,16,-1,16,15,17,-1,16,17,18,-1,18,17,19,-1,18,19,20,-1,20,19,21,-1,20,21,11,-1,11,21,22,-1,11,22,12,-1,23,24,25,-1,25,24,26,-1,25,26,27,-1,28,29,4,-1,4,29,30,-1,4,30,13,-1,8,31,9,-1,9,31,32,-1,9,32,25,-1,25,32,33,-1,25,33,23,-1,34,35,36,-1,37,38,7,-1,7,38,39,-1,7,39,4,-1,4,39,40,-1,4,40,5,-1,5,41,3,-1,3,41,34,-1,3,34,42,-1,42,34,36,-1,28,43,29,-1,29,43,44,-1,29,44,45,-1,45,44,46,-1,45,46,47,-1,14,0,15,-1,15,0,2,-1,15,2,48,-1,48,2,49,-1,50,51,52,-1,53,27,54,-1,54,27,55,-1,54,55,56,-1,53,57,27,-1,27,57,58,-1,27,58,25,-1,25,58,59,-1,47,60,45,-1,45,60,61,-1,45,61,2,-1,2,61,62,-1,2,62,49,-1,63,64,55,-1,55,64,65,-1,55,65,66,-1,67,68,69,-1,50,52,70,-1,59,71,25,-1,25,71,72,-1,25,72,73,-1,67,69,74,-1,75,76,77,-1,77,76,78,-1,77,78,55,-1,55,78,79,-1,55,79,63,-1,80,81,66,-1,81,82,66,-1,66,82,83,-1,66,83,84,-1,84,85,66,-1,66,85,86,-1,66,86,55,-1,55,86,87,-1,55,87,56,-1,88,89,90,-1,90,89,52,-1,90,52,91,-1,92,93,94,-1,68,95,69,-1,69,95,96,-1,69,96,77,-1,77,96,97,-1,77,97,75,-1,91,52,98,-1,98,52,51,-1,98,51,99,-1,99,51,100,-1,99,100,7,-1,7,100,101,-1,7,101,37,-1,73,102,25,-1,25,102,103,-1,25,103,104,-1,104,103,105,-1,70,52,106,-1,106,52,94,-1,106,94,69,-1,69,94,93,-1,69,93,74,-1,105,107,104,-1,104,107,108,-1,104,108,109,-1,110,111,94,-1,66,112,80,-1,80,112,113,-1,80,113,114,-1,114,113,115,-1,114,115,116,-1,110,94,117,-1,111,118,94,-1,94,118,119,-1,94,119,92,-1,120,121,122,-1,116,115,123,-1,123,115,124,-1,123,124,125,-1,125,124,126,-1,125,126,127,-1,108,128,129,-1,130,131,126,-1,126,131,132,-1,126,132,133,-1,130,134,131,-1,131,134,135,-1,131,135,136,-1,129,137,108,-1,108,137,138,-1,108,138,109,-1,117,94,122,-1,122,94,139,-1,122,139,120,-1,133,140,126,-1,126,140,141,-1,126,141,142,-1,142,143,126,-1,126,143,144,-1,126,144,127,-1,135,145,146,-1,146,147,135,-1,135,147,148,-1,135,148,136,-1,149,150,151,-1,151,150,152,-1,151,152,153,-1,153,152,154,-1,153,154,155,-1,155,154,156,-1,155,156,157,-1,157,156,158,-1,157,158,159,-1,159,158,160,-1,159,160,2,-1,2,160,161,-1,2,161,45,-1,45,161,162,-1,
        ]
    }
}
Shape{
    appearance Appearance {
        material  Material 	{
            diffuseColor 0.0 0.2901960784313726 0.8745098039215686
            specularColor 0.0 0.1450980392156863 0.4392156862745098
            ambientIntensity 0.27
            transparency 0.0
            shininess 0.5
        }
    }
    geometry IndexedFaceSet {
        ccw TRUE
        solid FALSE
        coord DEF co Coordinate {
            point [
                2.441 -1.1029 0.0551, 2.441 -1.1029 1.502, 2.3228 -1.221 1.502, 2.3228 -1.221 0.5039, 2.3228 -1.221 0.3858, 2.3228 -1.221 0.0551, 2.441 1.0624 1.502, 2.185 1.0624 1.502, 2.185 -1.221 1.502, 2.185 -1.221 1.9547, 2.185 -1.221 2.0, 2.185 -4.8762 2.0, 2.185 -1.221 1.5118, 2.185 -4.8762 1.5118, 2.185 1.0624 1.9547, 2.3228 -1.221 1.9547, -2.185 -1.221 1.9547, -2.185 -1.221 2.0, -2.3228 -1.221 1.9547, -2.1795 -1.221 2.051, -2.3228 -1.221 2.3032, -2.2441 -1.221 2.3819, -2.0958 -1.221 2.1849, -2.0504 -1.221 2.2132, -2.1337 -1.221 2.147, -2.2616 -1.221 2.3799, -2.2782 -1.221 2.3741, 2.3228 -1.221 2.3032, 2.1337 -1.221 2.147, 2.1621 -1.221 2.1016, -2.2932 -1.221 2.3647, -2.3056 -1.221 2.3522, -2.315 -1.221 2.3373, -2.162 -1.221 2.1016, -2.3209 -1.221 2.3207, 2.315 -1.221 2.3373, 2.3057 -1.221 2.3522, 2.0959 -1.221 2.1849, 2.2932 -1.221 2.3647, 2.2783 -1.221 2.3741, 2.1795 -1.221 2.051, 2.3209 -1.221 2.3207, 1.9998 -1.221 2.2306, 2.0505 -1.221 2.2132, 2.2441 -1.221 2.3819, 2.2616 -1.221 2.3799, -1.9998 -1.221 2.2306, -1.9488 -1.221 2.2362, 1.9488 -1.221 2.2362, -2.4409 -1.1029 1.9547, -2.4409 0.8656 1.9547, -2.185 1.0624 1.9547, -2.2441 1.0624 1.9547, -2.4342 0.9165 1.9547, -2.4146 0.964 1.9547, -2.3833 1.0048 1.9547, -2.3425 1.0361 1.9547, -2.295 1.0557 1.9547, -2.4409 0.8656 2.3032, -2.4342 0.9165 2.3032, -2.4146 0.964 2.3032, -2.3833 1.0048 2.3032, -2.3425 1.0361 2.3032, -2.295 1.0557 2.3032, -2.2441 1.0624 2.3032, -2.295 1.0492 2.3524, -2.3425 1.0302 2.3473, -2.4146 0.9606 2.3286, -2.4342 0.9148 2.3163, -2.4342 0.9097 2.3286, -2.4342 0.8788 2.3524, -2.4352 0.8656 2.3468, -2.4342 0.891 2.3473, -2.4146 0.9508 2.3524, -2.4342 0.9016 2.3392, -2.4146 0.9352 2.3727, -2.4146 0.9148 2.3884, -2.4146 0.891 2.3982, -2.4342 0.8656 2.3541, -2.4202 0.8656 2.388, -2.4146 0.8656 2.4016, -2.3967 0.8656 2.4249, -2.3833 1.0 2.3392, -2.3833 0.9861 2.3727, -2.3833 0.964 2.4016, -2.3833 0.9352 2.4237, -2.3833 0.9016 2.4376, -2.3833 0.8656 2.4423, -2.3425 1.0132 2.3884, -2.3425 0.9861 2.4237, -2.3425 0.9508 2.4508, -2.3425 0.9097 2.4678, -2.3658 0.8656 2.4557, -2.295 1.0302 2.3982, -2.295 1.0 2.4376, -2.295 0.9606 2.4678, -2.295 0.9148 2.4868, -2.3425 0.8656 2.4736, -2.329 0.8656 2.4792, -2.295 0.8656 2.4933, -2.2878 0.8656 2.4943, -2.2441 1.0557 2.3541, -2.2441 1.0361 2.4016, -2.2441 1.0048 2.4423, -2.2441 0.964 2.4736, -2.2441 0.9165 2.4933, -2.2441 0.8656 2.5, -2.2441 -1.1029 2.5, -2.3295 -1.1029 2.4805, -2.2879 -1.1029 2.4951, -2.3668 -1.1029 2.4571, -2.398 -1.1029 2.4259, -2.4214 -1.1029 2.3886, -2.436 -1.1029 2.347, -2.4409 -1.1029 2.3032, 2.2441 -1.1029 2.5, 2.441 -1.1029 2.3032, 2.436 -1.1029 2.347, 2.4215 -1.1029 2.3886, 2.398 -1.1029 2.4259, 2.3668 -1.1029 2.4571, 2.3295 -1.1029 2.4805, 2.2879 -1.1029 2.4951, 2.441 0.8656 2.3032, 2.436 0.8656 2.347, 2.4215 0.8656 2.3886, 2.398 0.8656 2.4259, 2.3668 0.8656 2.4571, 2.3295 0.8656 2.4805, 2.2879 0.8656 2.4951, 2.2441 0.8656 2.5, 2.2662 0.9481 2.4805, 2.2554 0.9079 2.4951, 2.266 0.9035 2.4951, 2.2441 0.9094 2.4951, 2.2441 1.0039 2.4415, 2.2441 0.9883 2.4571, 2.2759 0.9841 2.4571, 2.2868 0.9395 2.4805, 2.2751 0.8965 2.4951, 2.2441 0.9634 2.4727, 2.2441 0.951 2.4805, 2.2441 0.9163 2.4926, 2.2441 1.0195 2.4259, 2.2839 1.0142 2.4259, 2.2441 1.0351 2.401, 2.29 1.0369 2.3886, 2.2938 1.0509 2.347, 2.2441 1.0551 2.3539, 2.2441 1.0429 2.3886, 2.2951 1.0557 2.3032, 2.2441 1.0624 2.3032, 2.2441 1.0575 2.347, 2.3425 1.0361 2.3032, 2.3401 1.0318 2.347, 2.3328 1.0192 2.3886, 2.3211 0.9989 2.4259, 2.3055 0.9719 2.4571, 2.3833 1.0048 2.3032, 2.3798 1.0013 2.347, 2.3695 0.991 2.3886, 2.3529 0.9744 2.4259, 2.3309 0.9524 2.4571, 2.3045 0.926 2.4805, 2.4146 0.964 2.3032, 2.4103 0.9615 2.347, 2.3977 0.9543 2.3886, 2.3774 0.9425 2.4259, 2.3504 0.9269 2.4571, 2.3181 0.9083 2.4805, 2.282 0.8875 2.4951, 2.2864 0.8769 2.4951, 2.3266 0.8877 2.4805, 2.3627 0.8973 2.4571, 2.3928 0.9054 2.4259, 2.4154 0.9115 2.3886, 2.4295 0.9152 2.347, 2.4342 0.9165 2.3032, 1.9449 0.8656 2.5, 1.9449 0.9165 2.4933, 1.9449 0.964 2.4736, 1.9449 1.0048 2.4423, 1.9449 1.0361 2.4016, 1.9449 1.0557 2.3541, 1.9449 1.0624 2.3032, 2.441 0.8656 1.9547, 2.4342 0.9165 1.9547, 2.4146 0.964 1.9547, 2.3833 1.0048 1.9547, 2.3425 1.0361 1.9547, 2.2951 1.0557 1.9547, 2.2441 1.0624 1.9547, 2.441 -1.1029 1.9547, -1.9449 0.8656 2.5, -1.9449 0.9165 2.4933, -1.9449 0.964 2.4736, -1.9449 1.0048 2.4423, -1.9449 1.0361 2.4016, -1.9449 1.0557 2.3541, -1.9449 1.0624 2.3032, -2.185 1.0624 1.502, -2.185 -1.221 1.502, -2.185 -1.221 1.5118, -2.185 -4.8762 1.5118, -2.185 -4.8762 2.0, -2.1795 -4.8762 2.051, -2.0958 -4.8762 2.1849, -2.0504 -4.8762 2.2132, -1.9998 -4.8762 2.2306, -1.9998 -4.8762 2.2307, -1.9488 -4.8762 2.2362, -2.1337 -4.8762 2.147, -2.1337 -4.8762 2.147, -2.1795 -4.8762 2.051, -2.1621 -4.8762 2.1016, -2.162 -4.8762 2.1016, -1.9872 -5.2171 2.0085, -2.1795 -4.8762 2.051, -1.9882 -5.2171 2.0, -1.9488 -5.2171 2.0394, -1.9573 -5.2171 2.0384, -1.9998 -4.8762 2.2307, -1.9657 -5.2171 2.0355, -2.0504 -4.8762 2.2132, -2.0958 -4.8762 2.1849, -1.9733 -5.2171 2.0308, -1.9796 -5.2171 2.0245, -2.1337 -4.8762 2.147, -1.9843 -5.2171 2.0169, -2.1621 -4.8762 2.1016, -1.9882 -5.2171 1.6614, 1.9882 -5.2171 1.6614, 1.9488 -5.2171 2.0394, -1.9573 -5.2171 2.0384, -1.9872 -5.2171 2.0085, -1.9733 -5.2171 2.0308, -1.9796 -5.2171 2.0245, -1.9843 -5.2171 2.0169, 1.9882 -5.2171 2.0, 1.9873 -5.2171 2.0085, 1.9573 -5.2171 2.0384, 1.9844 -5.2171 2.0169, 1.9796 -5.2171 2.0245, 1.9733 -5.2171 2.0308, 1.9658 -5.2171 2.0355, -1.9657 -5.2171 2.0355, 1.9873 -5.2171 2.0085, 1.9998 -4.8762 2.2307, 1.9488 -4.8762 2.2362, 1.9573 -5.2171 2.0384, 1.9658 -5.2171 2.0355, 2.0505 -4.8762 2.2132, 1.9733 -5.2171 2.0308, 2.0959 -4.8762 2.1849, 1.9796 -5.2171 2.0245, 2.1337 -4.8762 2.147, 1.9844 -5.2171 2.0169, 2.1621 -4.8762 2.1016, 2.1795 -4.8762 2.051, 2.1378 -4.958 1.5118, 2.1795 -4.8762 2.051, 1.9998 -4.8762 2.2306, 2.0505 -4.8762 2.2132, 2.0959 -4.8762 2.1849, 2.1337 -4.8762 2.147, 2.1621 -4.8762 2.1016, -2.1378 -4.958 1.5118, 2.441 1.0624 1.1969, 2.441 -0.8864 1.1969, 2.441 -0.8864 0.7244, 2.441 1.0624 0.7244, 2.441 -0.0616 0.0551, 2.441 1.0624 -0.1181, 2.441 -0.0616 -0.1181, 2.2835 1.0624 1.1969, 2.2835 -0.8864 1.1969, 2.2835 -0.8864 0.7244, 2.2835 1.0624 0.7244, 2.2047 1.0624 -0.1181, 2.2047 -0.0616 -0.1181, 2.2047 -0.0616 0.0551
            ]
        }
        coordIndex [
            0,1,2,-1,2,3,0,-1,0,3,4,-1,0,4,5,-1,6,7,1,-1,1,7,8,-1,1,8,2,-1,9,10,11,-1,12,8,7,-1,11,13,9,-1,9,13,12,-1,9,12,14,-1,14,12,7,-1,10,9,15,-1,16,17,18,-1,18,17,19,-1,18,19,20,-1,21,22,23,-1,22,21,24,-1,24,21,25,-1,24,25,26,-1,27,28,29,-1,26,30,24,-1,24,30,31,-1,24,31,32,-1,19,33,20,-1,20,33,24,-1,20,24,34,-1,34,24,32,-1,35,36,37,-1,37,36,38,-1,37,38,39,-1,27,29,15,-1,15,29,40,-1,15,40,10,-1,28,27,37,-1,37,27,41,-1,37,41,35,-1,42,43,44,-1,44,43,37,-1,44,37,45,-1,45,37,39,-1,23,46,21,-1,21,46,47,-1,21,47,44,-1,44,47,48,-1,44,48,42,-1,18,49,50,-1,51,16,52,-1,52,16,18,-1,18,50,52,-1,52,50,53,-1,52,53,54,-1,54,55,52,-1,52,55,56,-1,52,56,57,-1,50,58,59,-1,50,59,53,-1,53,59,60,-1,53,60,54,-1,54,60,61,-1,54,61,55,-1,55,61,62,-1,55,62,56,-1,56,62,63,-1,56,63,57,-1,57,63,64,-1,57,64,52,-1,64,63,65,-1,63,62,66,-1,67,68,69,-1,69,68,58,-1,59,58,68,-1,70,58,71,-1,72,58,70,-1,59,68,60,-1,60,68,67,-1,60,67,61,-1,73,74,75,-1,75,74,72,-1,75,72,76,-1,76,72,70,-1,76,70,77,-1,71,78,70,-1,70,78,79,-1,70,79,77,-1,77,79,80,-1,77,80,81,-1,82,73,83,-1,83,73,75,-1,83,75,84,-1,84,75,76,-1,84,76,85,-1,85,76,77,-1,85,77,86,-1,86,77,81,-1,86,81,87,-1,62,82,66,-1,66,82,83,-1,66,83,88,-1,88,83,84,-1,88,84,89,-1,89,84,85,-1,89,85,90,-1,90,85,86,-1,90,86,91,-1,91,86,87,-1,91,87,92,-1,63,66,65,-1,65,66,88,-1,65,88,93,-1,93,88,89,-1,93,89,94,-1,94,89,90,-1,94,90,95,-1,95,90,91,-1,95,91,96,-1,74,58,72,-1,62,61,82,-1,82,61,67,-1,82,67,73,-1,73,67,69,-1,73,69,74,-1,74,69,58,-1,92,97,91,-1,91,97,98,-1,91,98,96,-1,96,98,99,-1,96,99,100,-1,64,65,101,-1,101,65,93,-1,101,93,102,-1,102,93,94,-1,102,94,103,-1,103,94,95,-1,103,95,104,-1,104,95,96,-1,104,96,105,-1,105,96,100,-1,105,100,106,-1,107,106,100,-1,99,108,100,-1,100,108,109,-1,100,109,107,-1,99,98,108,-1,108,98,97,-1,108,97,110,-1,97,92,110,-1,110,92,87,-1,110,87,111,-1,87,81,111,-1,111,81,80,-1,111,80,112,-1,80,79,112,-1,112,79,78,-1,112,78,113,-1,78,71,113,-1,113,71,58,-1,113,58,114,-1,21,107,109,-1,21,109,25,-1,25,109,108,-1,25,108,26,-1,26,108,110,-1,26,110,30,-1,30,110,111,-1,30,111,31,-1,31,111,112,-1,31,112,32,-1,32,112,113,-1,32,113,34,-1,34,113,114,-1,34,114,20,-1,114,49,20,-1,20,49,18,-1,114,58,49,-1,49,58,50,-1,107,21,115,-1,115,21,44,-1,27,116,117,-1,27,117,41,-1,41,117,118,-1,41,118,35,-1,35,118,119,-1,35,119,36,-1,36,119,120,-1,36,120,38,-1,38,120,121,-1,38,121,39,-1,39,121,122,-1,39,122,45,-1,45,122,115,-1,45,115,44,-1,116,123,124,-1,116,124,117,-1,117,124,125,-1,117,125,118,-1,118,125,126,-1,118,126,119,-1,119,126,127,-1,119,127,120,-1,120,127,128,-1,120,128,121,-1,121,128,129,-1,121,129,122,-1,122,129,130,-1,122,130,115,-1,131,132,133,-1,133,132,130,-1,134,130,132,-1,135,136,137,-1,137,136,131,-1,137,131,138,-1,138,131,133,-1,138,133,139,-1,139,133,130,-1,136,140,131,-1,131,140,141,-1,131,141,132,-1,132,141,142,-1,132,142,134,-1,143,144,145,-1,145,144,146,-1,147,148,146,-1,146,148,149,-1,146,149,145,-1,150,151,147,-1,147,151,152,-1,147,152,148,-1,153,150,154,-1,154,150,147,-1,154,147,155,-1,155,147,146,-1,155,146,156,-1,156,146,144,-1,156,144,157,-1,158,153,159,-1,159,153,154,-1,159,154,160,-1,160,154,155,-1,160,155,161,-1,161,155,156,-1,161,156,162,-1,162,156,157,-1,162,157,163,-1,164,158,165,-1,165,158,159,-1,165,159,166,-1,166,159,160,-1,166,160,167,-1,167,160,161,-1,167,161,168,-1,168,161,162,-1,168,162,169,-1,169,162,163,-1,169,163,170,-1,170,171,169,-1,169,171,172,-1,169,172,168,-1,168,172,173,-1,168,173,167,-1,167,173,174,-1,167,174,166,-1,166,174,175,-1,166,175,165,-1,165,175,176,-1,165,176,164,-1,164,176,177,-1,123,177,124,-1,124,177,176,-1,124,176,125,-1,125,176,175,-1,125,175,126,-1,126,175,174,-1,126,174,127,-1,127,174,173,-1,127,173,128,-1,128,173,172,-1,128,172,129,-1,129,172,171,-1,129,171,130,-1,170,130,171,-1,143,135,144,-1,144,135,137,-1,144,137,157,-1,157,137,138,-1,157,138,163,-1,163,138,139,-1,163,139,170,-1,170,139,130,-1,178,130,179,-1,179,130,134,-1,134,142,179,-1,179,142,141,-1,179,141,180,-1,141,140,180,-1,180,140,136,-1,180,136,181,-1,136,135,181,-1,181,135,143,-1,181,143,182,-1,143,145,182,-1,182,145,149,-1,182,149,183,-1,151,184,152,-1,152,184,183,-1,152,183,148,-1,148,183,149,-1,123,185,186,-1,123,186,177,-1,177,186,187,-1,177,187,164,-1,164,187,188,-1,164,188,158,-1,158,188,189,-1,158,189,153,-1,153,189,190,-1,153,190,150,-1,150,190,191,-1,150,191,151,-1,15,9,191,-1,191,9,14,-1,190,189,185,-1,190,185,191,-1,191,185,192,-1,191,192,15,-1,188,187,189,-1,189,187,186,-1,189,186,185,-1,27,15,116,-1,116,15,192,-1,192,185,116,-1,116,185,123,-1,106,193,194,-1,106,194,105,-1,105,194,195,-1,105,195,104,-1,104,195,196,-1,104,196,103,-1,103,196,197,-1,103,197,102,-1,102,197,198,-1,102,198,101,-1,101,198,199,-1,101,199,64,-1,200,201,51,-1,51,201,202,-1,51,202,16,-1,16,202,203,-1,16,203,17,-1,17,203,204,-1,204,205,17,-1,17,205,19,-1,24,206,22,-1,22,206,207,-1,22,207,23,-1,23,207,208,-1,23,208,46,-1,46,208,209,-1,46,209,47,-1,47,209,210,-1,33,211,24,-1,24,211,212,-1,24,212,206,-1,205,213,19,-1,19,213,214,-1,19,214,33,-1,33,214,215,-1,33,215,211,-1,216,217,218,-1,218,217,204,-1,219,210,220,-1,220,210,221,-1,220,221,222,-1,222,221,208,-1,208,223,222,-1,222,223,224,-1,222,224,225,-1,225,224,226,-1,224,212,226,-1,226,212,227,-1,226,227,228,-1,227,215,228,-1,228,215,229,-1,228,229,216,-1,216,229,213,-1,216,213,217,-1,230,231,218,-1,218,231,232,-1,232,219,218,-1,218,219,233,-1,218,233,234,-1,235,236,237,-1,231,238,232,-1,232,238,239,-1,232,239,240,-1,240,239,241,-1,241,242,240,-1,240,242,243,-1,240,243,244,-1,234,233,237,-1,237,233,245,-1,237,245,235,-1,246,238,11,-1,247,248,232,-1,232,249,247,-1,247,249,250,-1,247,250,251,-1,251,250,252,-1,251,252,253,-1,253,252,254,-1,253,254,255,-1,255,254,256,-1,255,256,257,-1,257,256,246,-1,257,246,258,-1,258,246,11,-1,13,11,259,-1,259,11,238,-1,259,238,231,-1,260,11,10,-1,42,48,248,-1,248,261,42,-1,42,261,262,-1,42,262,43,-1,43,262,263,-1,43,263,37,-1,37,263,264,-1,37,264,28,-1,28,264,265,-1,28,265,29,-1,29,265,260,-1,29,260,40,-1,40,260,10,-1,230,218,266,-1,266,218,204,-1,266,204,203,-1,267,6,268,-1,268,6,1,-1,268,1,269,-1,269,1,0,-1,269,0,270,-1,270,0,271,-1,270,271,272,-1,272,271,273,-1,274,267,275,-1,275,267,268,-1,276,277,275,-1,275,277,274,-1,276,269,277,-1,277,269,270,-1,275,268,276,-1,276,268,269,-1,272,273,278,-1,278,273,279,-1,280,279,271,-1,271,279,273,-1,
        ]
    }
}
Shape{
    appearance Appearance {
        material  Material 	{
            diffuseColor 0.8509803921568627 0.8509803921568627 0.8509803921568627
            specularColor 0.4235294117647059 0.4235294117647059 0.4235294117647059
            ambientIntensity 0.851
            transparency 0.0
            shininess 0.5
        }
    }
    geometry IndexedFaceSet {
        ccw TRUE
        solid FALSE
        coord DEF co Coordinate {
            point [
                2.5788 -1.221 0.622, 2.5788 -5.0399 0.622, 2.5707 -5.0399 0.5609, 2.5707 -1.221 0.5609, 2.5471 -5.0399 0.5039, 2.5471 -1.221 0.5039, 2.5096 -5.0399 0.455, 2.5096 -1.221 0.455, 2.4606 -5.0399 0.4175, 2.4606 -1.221 0.4175, 2.4037 -5.0399 0.3939, 2.4037 -1.221 0.3939, 2.3425 -5.0399 0.3858, 2.3425 -1.221 0.3858, 2.2441 -5.0399 0.5039, 2.2441 -5.0399 0.3858, 2.3425 -5.0399 0.5039, 2.3731 -5.0399 0.508, 2.4016 -5.0399 0.5198, 2.426 -5.0399 0.5385, 2.4448 -5.0399 0.563, 2.4566 -5.0399 0.5915, 2.4606 -5.0399 0.622, 2.4606 -5.0399 0.7205, 2.5788 -5.0399 0.7205, 2.3425 -1.221 0.5039, 2.3731 -1.221 0.508, 2.4016 -1.221 0.5198, 2.426 -1.221 0.5385, 2.4448 -1.221 0.563, 2.4566 -1.221 0.5915, 2.4606 -1.221 0.622, 2.4606 0.9515 2.2862, 2.4606 0.9719 2.2835, 2.4606 0.6323 1.939, 2.4606 0.9325 2.294, 2.4606 -0.8933 1.5059, 2.4606 -0.5045 1.1417, 2.4606 -0.8588 1.1417, 2.4606 -0.8933 1.939, 2.4606 -5.0399 2.4016, 2.4606 0.8931 2.3622, 2.4606 0.8931 2.4016, 2.4606 -2.1208 1.9574, 2.4606 -2.1272 1.9747, 2.4606 -2.1374 1.99, 2.4606 -2.1509 2.0026, 2.4606 -0.599 1.939, 2.4606 0.8958 2.3418, 2.4606 0.338 1.939, 2.4606 0.9037 2.3228, 2.4606 0.9162 2.3065, 2.4606 -2.1374 1.0336, 2.4606 -2.1272 1.049, 2.4606 -1.0662 0.6424, 2.4606 -1.0741 0.6614, 2.4606 -0.8588 0.748, 2.4606 -4.1406 1.8792, 2.4606 -4.1887 1.8696, 2.4606 -0.473 -0.0197, 2.4606 -0.473 -0.0587, 2.4606 -0.9455 -0.0587, 2.4606 -1.1029 0.6902, 2.4606 -1.1219 0.6981, 2.4606 -1.1423 0.7008, 2.4606 -1.1627 0.6981, 2.4606 -2.1669 2.0116, 2.4606 -2.1846 2.0168, 2.4606 -2.203 2.0176, 2.4606 1.147 1.028, 2.4606 1.1411 1.0138, 2.4606 1.149 1.0433, 2.4606 1.1317 1.0016, 2.4606 1.149 2.2047, 2.4606 1.0703 2.2835, 2.4606 1.1464 2.2251, 2.4606 -1.0866 0.6777, 2.4606 -2.1509 1.0211, 2.4606 -2.1669 1.012, 2.4606 -2.1846 1.0069, 2.4606 -1.1817 0.6902, 2.4606 -4.2706 1.2066, 2.4606 -4.233 1.1752, 2.4606 -4.1887 1.154, 2.4606 -4.1406 1.1444, 2.4606 1.0014 0.9834, 2.4606 0.9874 0.9792, 2.4606 0.6323 1.5059, 2.4606 0.9749 0.9718, 2.4606 0.338 1.5059, 2.4606 0.9647 0.9615, 2.4606 -0.599 1.5059, 2.4606 0.9572 0.949, 2.4606 0.401 0.5709, 2.4606 -0.9511 0.0056, 2.4606 -0.9581 0.0169, 2.4606 -0.5045 0.748, 2.4606 0.7553 0.5709, 2.4606 0.953 0.9351, 2.4606 0.9522 0.9252, 2.4606 1.1097 2.2729, 2.4606 1.126 2.2604, 2.4606 1.1385 2.2441, 2.4606 -2.1266 1.8651, 2.4606 -2.1207 1.8819, 2.4606 -4.233 1.8485, 2.4606 -4.2706 1.817, 2.4606 -5.0399 2.3032, 2.4606 -5.0419 2.2856, 2.4606 -5.0696 0.782, 2.4606 -5.0845 0.7914, 2.4606 -4.2993 1.2464, 2.4606 -1.198 0.6777, 2.4606 -1.2105 0.6614, 2.4606 -2.203 1.006, 2.4606 -1.2184 0.6424, 2.4606 1.1053 0.9863, 2.4606 1.09 0.9843, 2.4606 1.0112 0.9843, 2.4606 -0.5045 1.1378, 2.4606 -0.5045 0.752, 2.4606 -4.3234 1.3408, 2.4606 -5.1187 0.7992, 2.4606 -4.3234 1.6829, 2.4606 -5.1187 2.2244, 2.4606 -4.3173 1.7315, 2.4606 -5.0419 0.738, 2.4606 -5.0477 0.7546, 2.4606 -5.0571 0.7696, 2.4606 -4.3173 1.2921, 2.4606 -5.1012 0.7972, 2.4606 0.401 0.2559, 2.4606 -0.9675 0.0263, 2.4606 -0.9787 0.0335, 2.4606 -0.9913 0.0379, 2.4606 -1.0045 0.0394, 2.4606 -0.4557 0.0221, 2.4606 -0.4651 0.0098, 2.4606 -0.471 -0.0044, 2.4606 1.0907 2.2808, 2.4606 -2.1489 1.8376, 2.4606 -2.1266 1.1585, 2.4606 -2.1362 1.1736, 2.4606 -2.1208 1.0663, 2.4606 -2.1187 1.0846, 2.4606 -2.1187 1.124, 2.4606 -2.1187 1.8996, 2.4606 -2.1187 1.9391, 2.4606 -4.2993 1.7772, 2.4606 -5.1012 2.2264, 2.4606 -5.0845 2.2322, 2.4606 1.1195 0.9922, 2.4606 -0.9455 -0.0197, 2.4606 -0.9468 -0.007, 2.4606 0.9522 0.0394, 2.4606 -0.414 0.0394, 2.4606 -0.4292 0.0374, 2.4606 -0.4435 0.0315, 2.4606 0.7553 0.2559, 2.4606 0.7553 0.2598, 2.4606 0.7553 0.5669, 2.4606 -2.1362 1.8501, 2.4606 -2.1207 1.1417, 2.4606 -5.0696 2.2416, 2.4606 -5.0571 2.2541, 2.4606 -5.0477 2.269, 2.4606 -1.0636 0.0984, 2.4606 -1.0636 0.622, 2.4606 -2.1641 1.1954, 2.4606 -2.1804 1.2009, 2.4606 -2.1804 1.8227, 2.4606 -1.0463 0.0567, 2.4606 -1.034 0.0473, 2.4606 -1.0198 0.0414, 2.4606 -1.0556 0.0689, 2.4606 -1.0615 0.0831, 2.4606 -2.1489 1.1861, 2.4606 -2.1641 1.8282, 2.5788 -1.0045 0.0394, 2.5788 -1.0198 0.0414, 2.5788 -1.034 0.0473, 2.5788 -1.0463 0.0567, 2.5788 -1.0556 0.0689, 2.5788 -1.0615 0.0831, 2.5788 -1.0636 0.0984, 2.5788 0.664 1.939, 2.5788 0.664 1.5059, 2.5788 1.147 1.028, 2.5788 1.1411 1.0138, 2.5788 0.9515 2.2862, 2.5788 0.9719 2.2835, 2.5788 1.0703 2.2835, 2.5788 1.149 1.0433, 2.5788 1.149 2.2047, 2.5788 0.7553 0.5669, 2.5788 0.9128 0.0394, 2.5788 0.9128 0.9843, 2.5788 0.9325 2.294, 2.5788 0.9162 2.3065, 2.5788 -0.925 1.939, 2.5788 0.9037 2.3228, 2.5788 0.8958 2.3418, 2.5788 -5.0399 2.4016, 2.5788 0.8931 2.3622, 2.5788 0.8931 2.4016, 2.5788 0.7553 0.2598, 2.5788 0.7553 0.2559, 2.5788 -0.414 0.0394, 2.5788 0.401 0.2559, 2.5788 -0.4292 0.0374, 2.5788 1.1385 2.2441, 2.5788 1.126 2.2604, 2.5788 1.1097 2.2729, 2.5788 -1.0662 0.6424, 2.5788 -1.0636 0.622, 2.5788 -0.8588 0.748, 2.5788 -0.4557 0.0221, 2.5788 -2.1641 1.1954, 2.5788 -1.2105 0.6614, 2.5788 -1.198 0.6777, 2.5788 1.1464 2.2251, 2.5788 1.0907 2.2808, 2.5788 -0.8588 1.1417, 2.5788 -1.1423 0.7008, 2.5788 -1.1219 0.6981, 2.5788 -0.925 1.5059, 2.5788 -0.5045 1.1417, 2.5788 -0.5045 1.1378, 2.5788 -0.5045 0.752, 2.5788 -0.9787 0.0335, 2.5788 -0.9675 0.0263, 2.5788 -0.471 -0.0044, 2.5788 -0.9581 0.0169, 2.5788 -1.1029 0.6902, 2.5788 -1.0866 0.6777, 2.5788 -1.0741 0.6614, 2.5788 -4.1887 1.8696, 2.5788 -4.1406 1.8792, 2.5788 -0.4435 0.0315, 2.5788 -0.5045 0.748, 2.5788 0.401 0.5709, 2.5788 0.7553 0.5709, 2.5788 -1.2184 0.6424, 2.5788 -2.1208 1.0663, 2.5788 -1.1627 0.6981, 2.5788 -2.1374 1.99, 2.5788 -1.1817 0.6902, 2.5788 -2.1272 1.9747, 2.5788 -2.1208 1.9574, 2.5788 -4.3173 1.7315, 2.5788 -4.2993 1.7772, 2.5788 -5.1187 2.2244, 2.5788 1.09 0.9843, 2.5788 1.1053 0.9863, 2.5788 -0.9913 0.0379, 2.5788 -0.4651 0.0098, 2.5788 -2.1266 1.1585, 2.5788 -2.1207 1.1417, 2.5788 -2.1272 1.049, 2.5788 -2.1374 1.0336, 2.5788 -2.1509 1.0211, 2.5788 -2.1669 1.012, 2.5788 -2.1846 1.0069, 2.5788 -2.203 1.006, 2.5788 -4.1406 1.1444, 2.5788 -4.1887 1.154, 2.5788 -2.203 2.0176, 2.5788 -2.1846 2.0168, 2.5788 -2.1669 2.0116, 2.5788 -2.1509 2.0026, 2.5788 1.1195 0.9922, 2.5788 1.1317 1.0016, 2.5788 -2.1489 1.1861, 2.5788 -2.1362 1.1736, 2.5788 -2.1187 1.9391, 2.5788 -2.1187 1.8996, 2.5788 -2.1207 1.8819, 2.5788 -2.1266 1.8651, 2.5788 -2.1362 1.8501, 2.5788 -2.1489 1.8376, 2.5788 -2.1804 1.2009, 2.5788 -2.1804 1.8227, 2.5788 -2.1641 1.8282, 2.5788 -4.233 1.1752, 2.5788 -4.2706 1.2066, 2.5788 -5.0419 0.738, 2.5788 -2.1187 1.124, 2.5788 -2.1187 1.0846, 2.5788 -5.0399 2.3032, 2.5788 -4.2706 1.817, 2.5788 -4.233 1.8485, 2.5788 -0.9455 -0.0587, 2.5788 -0.473 -0.0587, 2.5788 -0.9455 -0.0197, 2.5788 -0.473 -0.0197, 2.5788 -0.9468 -0.007, 2.5788 -0.9511 0.0056, 2.5788 -5.0845 0.7914, 2.5788 -4.2993 1.2464, 2.5788 -5.1012 0.7972, 2.5788 -5.1187 0.7992, 2.5788 -5.0696 0.782, 2.5788 -5.0571 0.7696, 2.5788 -5.0477 0.7546, 2.5788 -4.3173 1.2921, 2.5788 -4.3234 1.3408, 2.5788 -4.3234 1.6829, 2.5788 -5.0696 2.2416, 2.5788 -5.0845 2.2322, 2.5788 -5.1012 2.2264, 2.5788 -5.0419 2.2856, 2.5788 -5.0477 2.269, 2.5788 -5.0571 2.2541, 2.7362 -5.2368 0.7992, 2.7362 -5.3549 0.7992, 2.6969 -5.2368 0.7992, 2.6969 -5.3549 0.7992, 2.6663 -5.2328 0.7992, 2.6357 -5.3469 0.7992, 2.6378 -5.221 0.7992, 2.5788 -5.3233 0.7992, 2.6133 -5.2022 0.7992, 2.5298 -5.2857 0.7992, 2.5946 -5.1777 0.7992, 2.4923 -5.2368 0.7992, 2.5828 -5.1492 0.7992, 2.4687 -5.1798 0.7992, 2.4687 -5.1798 2.2244, 2.4923 -5.2368 2.2244, 2.5298 -5.2857 2.2244, 2.5788 -5.3233 2.2244, 2.6357 -5.3469 2.2244, 2.6969 -5.3549 2.2244, 2.5828 -5.1492 2.2244, 2.5946 -5.1777 2.2244, 2.6133 -5.2022 2.2244, 2.6378 -5.221 2.2244, 2.6663 -5.2328 2.2244, 2.6969 -5.2368 2.2244, 2.7362 -5.2368 2.2244, 2.7362 -5.3549 2.2244, 2.8347 -5.2368 0.8976, 2.8347 -5.2368 2.126, 2.8322 -5.2368 2.1479, 2.7581 -5.2368 2.2219, 2.7789 -5.2368 2.2147, 2.7976 -5.2368 2.2029, 2.8132 -5.2368 2.1874, 2.8249 -5.2368 2.1687, 2.8322 -5.2368 0.8757, 2.8249 -5.2368 0.8549, 2.8132 -5.2368 0.8363, 2.7976 -5.2368 0.8207, 2.7789 -5.2368 0.809, 2.7581 -5.2368 0.8017, 2.8347 -5.3549 0.8976, 2.8347 -5.3549 2.126, 2.8322 -5.3549 2.1479, 2.8249 -5.3549 2.1687, 2.8132 -5.3549 2.1874, 2.7976 -5.3549 2.2029, 2.7789 -5.3549 2.2147, 2.7581 -5.3549 2.2219, 2.7581 -5.3549 0.8017, 2.7789 -5.3549 0.809, 2.7976 -5.3549 0.8207, 2.8132 -5.3549 0.8363, 2.8249 -5.3549 0.8549, 2.8322 -5.3549 0.8757, 2.4576 -5.0399 2.428, 2.5728 -5.0399 2.4545, 2.4488 -5.0399 2.4531, 2.5551 -5.0399 2.5046, 2.4346 -5.0399 2.4756, 2.5266 -5.0399 2.5496, 2.4157 -5.0399 2.4943, 2.4888 -5.0399 2.5871, 2.3931 -5.0399 2.5083, 2.4436 -5.0399 2.6151, 2.3679 -5.0399 2.5169, 2.3932 -5.0399 2.6323, 2.3425 -5.0399 2.5197, 2.3425 -5.0399 2.6378, 2.2441 -5.0399 2.5197, 2.2441 -5.0399 2.6378
            ]
        }
        coordIndex [
            0,1,2,-1,0,2,3,-1,3,2,4,-1,3,4,5,-1,5,4,6,-1,5,6,7,-1,7,6,8,-1,7,8,9,-1,9,8,10,-1,9,10,11,-1,11,10,12,-1,11,12,13,-1,14,15,16,-1,16,15,12,-1,16,12,17,-1,17,12,10,-1,17,10,18,-1,18,10,8,-1,18,8,19,-1,19,8,6,-1,19,6,20,-1,20,6,4,-1,20,4,21,-1,21,4,2,-1,21,2,22,-1,22,2,1,-1,22,1,23,-1,23,1,24,-1,25,16,26,-1,26,16,17,-1,26,17,27,-1,27,17,18,-1,27,18,28,-1,28,18,19,-1,28,19,29,-1,29,19,20,-1,29,20,30,-1,30,20,21,-1,30,21,31,-1,31,21,22,-1,32,33,34,-1,32,34,35,-1,36,37,38,-1,39,40,41,-1,41,40,42,-1,43,44,39,-1,39,44,45,-1,39,45,46,-1,39,41,47,-1,47,41,48,-1,47,48,49,-1,49,48,50,-1,49,50,34,-1,34,50,51,-1,34,51,35,-1,52,53,39,-1,54,55,56,-1,57,58,40,-1,59,60,61,-1,62,63,38,-1,38,63,64,-1,38,64,65,-1,46,66,39,-1,39,66,67,-1,39,67,40,-1,40,67,68,-1,40,68,57,-1,69,70,71,-1,71,70,72,-1,71,72,73,-1,73,72,74,-1,73,74,75,-1,56,55,38,-1,38,55,76,-1,38,76,62,-1,52,39,77,-1,77,39,36,-1,77,36,78,-1,78,36,38,-1,78,38,79,-1,79,38,65,-1,79,65,80,-1,81,22,23,-1,81,82,22,-1,22,82,83,-1,22,83,84,-1,85,86,87,-1,87,86,88,-1,87,88,89,-1,89,88,90,-1,89,90,91,-1,91,90,92,-1,91,92,93,-1,94,95,96,-1,93,92,97,-1,97,92,98,-1,97,98,99,-1,100,101,102,-1,103,104,39,-1,58,105,40,-1,40,105,106,-1,40,106,107,-1,107,106,108,-1,109,110,111,-1,80,112,79,-1,79,112,113,-1,79,113,114,-1,114,113,115,-1,114,115,84,-1,84,115,31,-1,84,31,22,-1,116,117,87,-1,87,117,118,-1,87,118,85,-1,36,91,37,-1,37,91,93,-1,37,93,119,-1,119,93,120,-1,121,122,123,-1,123,122,124,-1,123,124,125,-1,23,126,81,-1,81,126,127,-1,81,127,111,-1,111,127,128,-1,111,128,109,-1,121,129,122,-1,122,129,111,-1,122,111,130,-1,130,111,110,-1,120,93,96,-1,96,93,131,-1,96,131,94,-1,95,132,96,-1,96,132,133,-1,96,133,56,-1,56,133,134,-1,56,134,135,-1,136,137,61,-1,61,137,138,-1,61,138,59,-1,75,74,102,-1,102,74,139,-1,102,139,100,-1,140,141,142,-1,53,143,39,-1,39,143,144,-1,39,144,145,-1,104,146,39,-1,39,146,147,-1,39,147,43,-1,125,124,148,-1,148,124,149,-1,148,149,150,-1,33,74,34,-1,34,74,72,-1,34,72,87,-1,87,72,151,-1,87,151,116,-1,61,152,131,-1,131,152,153,-1,131,153,94,-1,154,155,131,-1,131,155,156,-1,131,156,61,-1,61,156,157,-1,61,157,136,-1,131,158,154,-1,154,158,159,-1,154,159,99,-1,99,159,160,-1,99,160,97,-1,103,39,161,-1,161,39,145,-1,161,145,140,-1,140,145,162,-1,140,162,141,-1,150,163,148,-1,148,163,164,-1,148,164,106,-1,106,164,165,-1,106,165,108,-1,135,166,56,-1,56,166,167,-1,56,167,54,-1,168,169,170,-1,171,135,172,-1,172,135,173,-1,171,174,135,-1,135,174,175,-1,135,175,166,-1,142,176,140,-1,140,176,168,-1,140,168,177,-1,177,168,170,-1,135,178,179,-1,135,179,173,-1,173,179,180,-1,173,180,172,-1,172,180,181,-1,172,181,171,-1,171,181,182,-1,171,182,174,-1,174,182,183,-1,174,183,175,-1,175,183,184,-1,175,184,166,-1,185,186,187,-1,187,186,188,-1,189,185,190,-1,190,185,187,-1,190,187,191,-1,191,187,192,-1,191,192,193,-1,194,195,196,-1,189,197,185,-1,185,197,198,-1,185,198,199,-1,198,200,199,-1,199,200,201,-1,199,201,202,-1,202,201,203,-1,202,203,204,-1,194,205,195,-1,195,205,206,-1,195,206,207,-1,207,206,208,-1,207,208,209,-1,210,211,212,-1,213,214,215,-1,215,214,216,-1,217,218,219,-1,193,220,191,-1,191,220,210,-1,191,210,221,-1,221,210,212,-1,222,223,224,-1,186,225,226,-1,226,225,222,-1,226,227,196,-1,196,227,228,-1,229,230,231,-1,231,230,232,-1,224,233,222,-1,222,233,234,-1,222,234,215,-1,215,234,235,-1,215,235,213,-1,202,236,237,-1,216,238,215,-1,215,238,209,-1,215,209,239,-1,239,209,208,-1,239,208,228,-1,228,208,240,-1,228,240,196,-1,196,240,241,-1,196,241,194,-1,242,218,243,-1,244,245,246,-1,246,245,247,-1,246,247,219,-1,219,247,248,-1,249,250,251,-1,226,196,186,-1,186,196,252,-1,186,252,253,-1,254,229,184,-1,184,229,231,-1,184,231,214,-1,214,231,255,-1,214,255,216,-1,218,256,257,-1,243,258,242,-1,242,258,259,-1,242,259,260,-1,260,261,242,-1,242,261,262,-1,242,262,263,-1,264,265,1,-1,237,266,202,-1,202,266,267,-1,202,267,199,-1,199,267,268,-1,199,268,225,-1,225,268,269,-1,225,269,222,-1,222,269,245,-1,222,245,223,-1,223,245,244,-1,253,270,186,-1,186,270,271,-1,186,271,188,-1,217,272,218,-1,218,272,273,-1,218,273,256,-1,248,274,219,-1,219,274,275,-1,219,275,276,-1,276,277,219,-1,219,277,278,-1,219,278,279,-1,280,217,281,-1,281,217,219,-1,281,219,282,-1,282,219,279,-1,265,283,1,-1,1,283,284,-1,1,284,24,-1,24,284,285,-1,257,286,218,-1,218,286,287,-1,218,287,243,-1,264,1,263,-1,263,1,0,-1,263,0,242,-1,288,289,202,-1,202,289,290,-1,202,290,236,-1,183,182,181,-1,291,292,293,-1,293,292,294,-1,293,294,295,-1,295,294,231,-1,295,231,296,-1,296,231,232,-1,297,298,299,-1,299,298,300,-1,297,301,298,-1,298,301,302,-1,298,302,284,-1,284,302,303,-1,284,303,285,-1,298,304,300,-1,300,304,305,-1,300,305,251,-1,251,305,306,-1,251,306,249,-1,181,180,183,-1,183,180,179,-1,183,179,184,-1,184,179,178,-1,184,178,254,-1,307,308,250,-1,250,308,309,-1,250,309,251,-1,288,310,289,-1,289,310,311,-1,289,311,250,-1,250,311,312,-1,250,312,307,-1,167,166,214,-1,214,166,184,-1,167,214,54,-1,54,214,213,-1,54,213,55,-1,55,213,235,-1,55,235,76,-1,76,235,234,-1,76,234,62,-1,62,234,233,-1,62,233,63,-1,63,233,224,-1,63,224,64,-1,64,224,223,-1,64,223,65,-1,65,223,244,-1,65,244,80,-1,80,244,246,-1,80,246,112,-1,112,246,219,-1,112,219,113,-1,113,219,218,-1,113,218,115,-1,115,218,242,-1,115,242,31,-1,31,242,0,-1,300,122,299,-1,299,122,130,-1,299,130,297,-1,297,130,110,-1,297,110,301,-1,301,110,109,-1,301,109,302,-1,302,109,128,-1,302,128,303,-1,303,128,127,-1,303,127,285,-1,285,127,126,-1,285,126,24,-1,24,126,23,-1,313,314,315,-1,315,314,316,-1,315,316,317,-1,317,316,318,-1,317,318,319,-1,319,318,320,-1,319,320,321,-1,321,320,322,-1,321,322,323,-1,323,322,324,-1,323,324,325,-1,325,324,326,-1,325,326,300,-1,300,326,122,-1,124,122,326,-1,124,326,327,-1,327,326,324,-1,327,324,328,-1,328,324,322,-1,328,322,329,-1,329,322,320,-1,329,320,330,-1,330,320,318,-1,330,318,331,-1,331,318,316,-1,331,316,332,-1,251,124,333,-1,333,124,327,-1,333,327,334,-1,334,327,328,-1,334,328,335,-1,335,328,329,-1,335,329,336,-1,336,329,330,-1,336,330,337,-1,337,330,331,-1,337,331,338,-1,338,331,332,-1,338,332,339,-1,339,332,340,-1,338,315,337,-1,337,315,317,-1,337,317,336,-1,336,317,319,-1,336,319,335,-1,335,319,321,-1,335,321,334,-1,334,321,323,-1,334,323,333,-1,333,323,325,-1,333,325,251,-1,251,325,300,-1,313,315,341,-1,341,315,342,-1,315,338,342,-1,342,338,339,-1,342,339,343,-1,343,339,344,-1,343,344,345,-1,346,347,345,-1,345,347,348,-1,345,348,343,-1,349,350,341,-1,341,350,351,-1,341,351,352,-1,352,353,341,-1,341,353,354,-1,341,354,313,-1,341,342,355,-1,355,342,356,-1,356,342,343,-1,356,343,357,-1,357,343,348,-1,357,348,358,-1,358,348,347,-1,358,347,359,-1,359,347,346,-1,359,346,360,-1,360,346,345,-1,360,345,361,-1,361,345,344,-1,361,344,362,-1,362,344,339,-1,362,339,340,-1,355,316,314,-1,316,355,332,-1,332,355,356,-1,332,356,340,-1,340,356,357,-1,340,357,362,-1,359,360,361,-1,314,363,355,-1,355,363,364,-1,355,364,365,-1,362,357,361,-1,361,357,358,-1,361,358,359,-1,365,366,355,-1,355,366,367,-1,355,367,368,-1,341,355,368,-1,341,368,349,-1,349,368,367,-1,349,367,350,-1,350,367,366,-1,350,366,351,-1,351,366,365,-1,351,365,352,-1,352,365,364,-1,352,364,353,-1,353,364,363,-1,353,363,354,-1,354,363,314,-1,354,314,313,-1,124,251,149,-1,149,251,309,-1,149,309,150,-1,150,309,308,-1,150,308,163,-1,163,308,307,-1,163,307,164,-1,164,307,312,-1,164,312,165,-1,165,312,311,-1,165,311,108,-1,108,311,310,-1,108,310,107,-1,107,310,288,-1,107,288,40,-1,40,288,202,-1,40,202,369,-1,369,202,370,-1,369,370,371,-1,371,370,372,-1,371,372,373,-1,373,372,374,-1,373,374,375,-1,375,374,376,-1,375,376,377,-1,377,376,378,-1,377,378,379,-1,379,378,380,-1,379,380,381,-1,381,380,382,-1,381,382,383,-1,383,382,384,-1,
        ]
    }
}
Shape{
    appearance Appearance {
        material  Material 	{
            diffuseColor 0.0 0.2901960784313726 0.8745098039215686
            specularColor 0.0 0.1450980392156863 0.4392156862745098
            ambientIntensity 0.27
            transparency 0.0
            shininess 0.5
        }
    }
    geometry IndexedFaceSet {
        ccw TRUE
        solid FALSE
        coord DEF co Coordinate {
            point [
                2.3428 0.9781 2.6378, 2.344 0.9873 2.6378, 2.3428 1.0231 2.6378, 2.3464 0.9961 2.6378, 2.3536 1.0121 2.6375
            ]
        }
        coordIndex [
            0,1,2,-1,2,1,3,-1,2,3,4,-1,
        ]
    }
}
Shape{
    appearance Appearance {
        material  Material 	{
            diffuseColor 0.8509803921568627 0.8509803921568627 0.8509803921568627
            specularColor 0.4235294117647059 0.4235294117647059 0.4235294117647059
            ambientIntensity 0.851
            transparency 0.0
            shininess 0.5
        }
    }
    geometry IndexedFaceSet {
        ccw TRUE
        solid FALSE
        coord DEF co Coordinate {
            point [
                1.5432 -4.9111 2.6378, 1.5031 -4.9405 2.6378, 2.168 -5.0983 2.6378, 2.1654 -5.1187 2.6378, 1.457 -4.9589 2.6378, 1.4077 -4.9651 2.6378, -0.7868 -2.3608 2.6378, -0.7708 -2.349 2.6378, -1.5545 -2.3942 2.6378, 0.3414 -4.8077 2.6378, -0.2867 -4.7856 2.6378, -0.3028 -4.7976 2.6378, 1.5754 -2.3608 2.6378, 1.5914 -2.349 2.6378, 0.8077 -2.3942 2.6378, 2.2237 -5.0426 2.6378, 1.7268 -2.4038 2.6378, 2.2047 -5.0505 2.6378, 1.7279 -2.422 2.6378, 2.1884 -5.063 2.6378, 1.6043 -4.7786 2.6378, 2.1759 -5.0793 2.6378, 1.5954 -4.8275 2.6378, 1.5746 -4.8726 2.6378, 0.2939 -4.7917 2.6378, 0.2803 -4.7786 2.6378, -0.2659 -4.7515 2.6378, 2.2441 -5.0399 2.6378, 2.3425 -5.0399 2.6378, 2.3428 0.9656 2.6378, -0.2741 -4.7699 2.6378, 0.3285 -4.8066 2.6378, 0.3103 -4.8013 2.6378, 2.3428 0.978 2.6378, 2.3428 0.9781 2.6378, -1.5754 -2.3608 2.6378, 2.3428 1.0231 2.6378, -1.5914 -2.349 2.6378, 0.8113 -2.4138 2.6378, 0.8134 -2.4541 2.6378, 1.5489 -2.4541 2.6378, -1.5509 -2.4138 2.6378, -1.5488 -2.4541 2.6378, -0.8134 -2.4541 2.6378, -0.6624 -2.3574 2.6378, -0.2955 -2.6837 2.6378, -0.2771 -2.6763 2.6378, 1.551 -2.4138 2.6378, 1.5545 -2.3942 2.6378, 1.5628 -2.3762 2.6378, -0.8112 -2.4138 2.6378, -0.8077 -2.3942 2.6378, -0.7994 -2.3762 2.6378, 0.2612 -4.704 2.6378, -0.2612 -4.704 2.6378, 0.2627 -4.7324 2.6378, -0.2627 -4.7324 2.6378, 0.2642 -4.7445 2.6378, 0.2702 -4.7625 2.6378, -1.457 -4.9589 2.6378, -1.5031 -4.9405 2.6378, -2.1653 -5.1187 2.6378, -1.5432 -4.9111 2.6378, -1.5746 -4.8726 2.6378, -0.6343 -2.422 2.6378, -0.3325 -2.7289 2.6378, -0.6354 -2.4038 2.6378, -0.3241 -2.7108 2.6378, -0.3116 -2.6954 2.6378, -0.6499 -2.3707 2.6378, -0.6407 -2.3864 2.6378, 0.9545 -4.9651 2.6378, 0.9052 -4.9589 2.6378, -0.9545 -4.9651 2.6378, 0.8591 -4.9405 2.6378, 0.819 -4.9111 2.6378, 0.7876 -4.8726 2.6378, 0.7668 -4.8275 2.6378, -0.9052 -4.9589 2.6378, 1.6493 -2.3392 2.6378, 1.6674 -2.3413 2.6378, -0.819 -4.9111 2.6378, -0.3611 -4.8077 2.6378, -0.7876 -4.8726 2.6378, -0.7668 -4.8275 2.6378, 0.2956 -2.6837 2.6378, 0.3116 -2.6954 2.6378, 0.3242 -2.7108 2.6378, 0.3325 -2.7289 2.6378, -1.4077 -4.9651 2.6378, 1.6296 -2.3392 2.6378, 1.6845 -2.3475 2.6378, 1.6998 -2.3574 2.6378, 1.7123 -2.3707 2.6378, 1.7215 -2.3864 2.6378, -2.3425 -5.0399 2.6378, -2.2441 -5.0399 2.6378, -1.5954 -4.8275 2.6378, -0.3792 -4.8055 2.6378, -0.3963 -4.7993 2.6378, -0.4115 -4.7894 2.6378, -2.2266 -5.0419 2.6378, -2.2099 -5.0477 2.6378, -2.195 -5.0571 2.6378, -1.7215 -2.3864 2.6378, -1.7123 -2.3707 2.6378, -2.3447 0.9534 2.6378, -0.4241 -4.7761 2.6378, -0.4332 -4.7604 2.6378, -0.7579 -4.7786 2.6378, 0.4241 -4.7761 2.6378, 0.4116 -4.7894 2.6378, 0.3963 -4.7993 2.6378, 1.6099 -2.3417 2.6378, 0.7994 -2.3762 2.6378, 0.7868 -2.3608 2.6378, 0.7708 -2.349 2.6378, -2.1825 -5.0696 2.6378, -2.1731 -5.0845 2.6378, -2.1673 -5.1012 2.6378, -1.6043 -4.7786 2.6378, -1.7279 -2.422 2.6378, -1.7268 -2.4038 2.6378, -1.6998 -2.3574 2.6378, -1.6845 -2.3475 2.6378, -1.6674 -2.3413 2.6378, -0.2574 -2.6738 2.6378, 0.2574 -2.6738 2.6378, 0.2771 -2.6763 2.6378, 0.6354 -2.4038 2.6378, 0.6343 -2.422 2.6378, 0.336 -2.7484 2.6378, 0.7579 -4.7786 2.6378, -1.6099 -2.3417 2.6378, -2.3425 1.0231 2.6378, -1.6296 -2.3392 2.6378, -1.5628 -2.3762 2.6378, -0.6948 -2.3413 2.6378, -0.6777 -2.3475 2.6378, 0.7129 -2.3392 2.6378, 0.6948 -2.3413 2.6378, 0.6777 -2.3475 2.6378, 0.7326 -2.3392 2.6378, 0.7523 -2.3417 2.6378, 0.4397 -4.7248 2.6378, 0.4386 -4.743 2.6378, 0.4333 -4.7604 2.6378, -2.3444 1.0228 2.6378, -2.3447 1.0209 2.6378, -2.3447 0.9904 2.6378, -2.3427 0.978 2.6378, -0.4385 -4.743 2.6378, -0.4397 -4.7248 2.6378, -0.336 -2.7484 2.6378, -0.7523 -2.3417 2.6378, -0.7326 -2.3392 2.6378, -0.7129 -2.3392 2.6378, 0.6407 -2.3864 2.6378, 0.6499 -2.3707 2.6378, 0.6624 -2.3574 2.6378, -0.8591 -4.9405 2.6378, -0.3414 -4.8077 2.6378, -0.3214 -4.8051 2.6378, -1.6493 -2.3392 2.6378, -2.3435 0.9595 2.6378, 0.3611 -4.8077 2.6378, 0.3792 -4.8055 2.6378, -2.2441 -5.0399 2.5197, -2.3425 -5.0399 2.5197, -2.3613 -5.0399 2.5182, -2.3801 -5.0399 2.6348, -2.3894 -5.0399 2.51, -2.4363 -5.0399 2.6184, -2.4146 -5.0399 2.4951, -2.4867 -5.0399 2.5887, -2.4354 -5.0399 2.4746, -2.5283 -5.0399 2.5475, -2.4505 -5.0399 2.4495, -2.5584 -5.0399 2.4974, -2.4589 -5.0399 2.4215, -2.5754 -5.0399 2.4414, -2.4606 -5.0399 2.4016, -2.5787 -5.0399 2.4016, -2.4606 -5.0399 2.3032, -2.5787 -5.0399 2.3032
            ]
        }
        coordIndex [
            0,1,2,-1,2,1,3,-1,3,1,4,-1,3,4,5,-1,6,7,8,-1,9,10,11,-1,12,13,14,-1,15,16,17,-1,17,16,18,-1,17,18,19,-1,19,18,20,-1,19,20,21,-1,21,20,22,-1,21,22,2,-1,2,22,23,-1,2,23,0,-1,24,25,26,-1,27,28,29,-1,10,9,30,-1,30,9,31,-1,30,31,26,-1,26,31,32,-1,26,32,24,-1,33,34,35,-1,35,34,36,-1,35,36,37,-1,38,39,40,-1,41,42,43,-1,44,45,46,-1,40,47,38,-1,38,47,48,-1,38,48,14,-1,14,48,49,-1,14,49,12,-1,43,50,41,-1,41,50,51,-1,41,51,8,-1,8,51,52,-1,8,52,6,-1,53,54,55,-1,55,54,56,-1,55,56,57,-1,57,56,26,-1,57,26,58,-1,58,26,25,-1,59,60,61,-1,61,60,62,-1,61,62,63,-1,64,65,66,-1,66,65,67,-1,45,44,68,-1,68,44,69,-1,68,69,67,-1,67,69,70,-1,67,70,66,-1,71,72,73,-1,73,72,74,-1,73,74,75,-1,75,76,73,-1,73,76,77,-1,73,77,78,-1,79,80,29,-1,81,82,83,-1,83,82,84,-1,85,86,29,-1,29,86,87,-1,29,87,88,-1,5,71,3,-1,3,71,73,-1,3,73,61,-1,61,73,89,-1,61,89,59,-1,79,29,90,-1,80,91,29,-1,29,91,92,-1,29,92,93,-1,93,94,29,-1,29,94,16,-1,29,16,27,-1,27,16,15,-1,95,96,97,-1,82,98,84,-1,84,98,99,-1,84,99,100,-1,96,101,97,-1,97,101,102,-1,97,102,103,-1,104,105,106,-1,100,107,84,-1,84,107,108,-1,84,108,109,-1,110,111,77,-1,77,111,112,-1,13,113,14,-1,14,113,90,-1,14,90,114,-1,114,90,29,-1,114,29,115,-1,115,29,116,-1,103,117,97,-1,97,117,118,-1,97,118,63,-1,63,118,119,-1,63,119,61,-1,97,120,95,-1,95,120,121,-1,95,121,106,-1,106,121,122,-1,106,122,104,-1,105,123,106,-1,106,123,124,-1,106,124,125,-1,126,127,29,-1,29,127,128,-1,29,128,85,-1,129,88,130,-1,130,88,131,-1,130,131,132,-1,37,36,133,-1,133,36,134,-1,133,134,135,-1,33,35,29,-1,29,35,136,-1,29,136,8,-1,137,138,29,-1,29,138,44,-1,29,44,126,-1,126,44,46,-1,139,29,140,-1,140,29,141,-1,139,142,29,-1,29,142,143,-1,29,143,116,-1,131,144,132,-1,132,144,145,-1,132,145,77,-1,77,145,146,-1,77,146,110,-1,147,148,134,-1,134,148,149,-1,134,149,150,-1,108,151,109,-1,109,151,152,-1,109,152,64,-1,64,152,153,-1,64,153,65,-1,7,154,8,-1,8,154,155,-1,8,155,29,-1,29,155,156,-1,29,156,137,-1,129,157,88,-1,88,157,158,-1,88,158,29,-1,29,158,159,-1,29,159,141,-1,81,160,82,-1,82,160,78,-1,82,78,161,-1,161,78,162,-1,135,134,163,-1,163,134,150,-1,163,150,125,-1,125,150,164,-1,125,164,106,-1,11,162,9,-1,9,162,78,-1,9,78,165,-1,165,78,77,-1,165,77,166,-1,166,77,112,-1,167,96,168,-1,168,96,95,-1,168,95,169,-1,169,95,170,-1,169,170,171,-1,171,170,172,-1,171,172,173,-1,173,172,174,-1,173,174,175,-1,175,174,176,-1,175,176,177,-1,177,176,178,-1,177,178,179,-1,179,178,180,-1,179,180,181,-1,181,180,182,-1,181,182,183,-1,183,182,184,-1,
        ]
    }
}
Shape{
    appearance Appearance {
        material  Material 	{
            diffuseColor 0.0 0.2901960784313726 0.8745098039215686
            specularColor 0.0 0.1450980392156863 0.4392156862745098
            ambientIntensity 0.27
            transparency 0.0
            shininess 0.5
        }
    }
    geometry IndexedFaceSet {
        ccw TRUE
        solid FALSE
        coord DEF co Coordinate {
            point [
                -2.3535 1.0121 2.6375, -2.3495 1.0043 2.6377, -2.3447 1.0209 2.6378, -2.3463 0.9961 2.6378, -2.3447 0.9904 2.6378
            ]
        }
        coordIndex [
            0,1,2,-1,2,1,3,-1,2,3,4,-1,
        ]
    }
}
Shape{
    appearance Appearance {
        material  Material 	{
            diffuseColor 0.8509803921568627 0.8509803921568627 0.8509803921568627
            specularColor 0.4235294117647059 0.4235294117647059 0.4235294117647059
            ambientIntensity 0.851
            transparency 0.0
            shininess 0.5
        }
    }
    geometry IndexedFaceSet {
        ccw TRUE
        solid FALSE
        coord DEF co Coordinate {
            point [
                -2.3425 0.9719 2.6322, -2.3425 0.9719 2.5197, -2.3435 0.9595 2.5197, -2.3495 1.0043 2.6377, -2.3535 1.0121 2.6375, -2.3463 0.9961 2.6363, -2.3435 0.9595 2.6378, -2.3427 0.978 2.6378, -2.3427 0.978 2.6334, -2.3447 0.9904 2.6378, -2.3463 0.9961 2.6378, -2.3447 0.9534 2.6378, -2.3447 0.9532 2.5197, -2.3485 0.9417 2.6377, -2.3485 0.9417 2.5195, -2.3576 0.9256 2.5187, -2.3576 0.9256 2.6373, -2.3613 0.9216 2.518, -2.3701 0.912 2.6362, -2.3701 0.912 2.5164, -2.3801 0.9053 2.6347, -2.3776 0.9063 2.5144, -2.3855 0.9017 2.6338, -2.3855 0.9017 2.5116, -2.4029 0.8953 2.63, -2.3894 0.8999 2.51, -2.4029 0.8953 2.5031, -2.4212 0.8931 2.6243, -2.4146 0.8934 2.4951, -2.4212 0.8931 2.4896, -2.4354 0.8931 2.4746, -2.4867 0.8931 2.5887, -2.4363 0.8931 2.6184, -2.4606 0.8931 2.3622, -2.5787 0.8931 2.3622, -2.4606 0.8931 2.4016, -2.5787 0.8931 2.4016, -2.4589 0.8931 2.4215, -2.5754 0.8931 2.4414, -2.4505 0.8931 2.4495, -2.5584 0.8931 2.4974, -2.5283 0.8931 2.5475, -2.5787 0.9515 2.2862, -2.5787 0.9719 2.2835, -2.5787 0.664 1.939, -2.5787 1.09 0.9843, -2.5787 0.9128 0.9843, -2.5787 0.664 1.5059, -2.5787 -0.473 -0.0197, -2.5787 -0.473 -0.0587, -2.5787 -0.9455 -0.0587, -2.5787 0.7553 0.5709, -2.5787 0.401 0.5709, -2.5787 -0.925 1.5059, -2.5787 0.9325 2.294, -2.5787 1.0703 2.2835, -2.5787 1.147 1.028, -2.5787 1.1411 1.0138, -2.5787 1.1317 1.0016, -2.5787 1.1464 2.2251, -2.5787 1.149 2.2047, -2.5787 1.149 1.0433, -2.5787 -5.0399 2.4016, -2.5787 -1.0662 0.6424, -2.5787 -1.0741 0.6614, -2.5787 -0.8588 0.748, -2.5787 -0.8588 1.1417, -2.5787 -1.1029 0.6902, -2.5787 -1.1219 0.6981, -2.5787 -0.9511 0.0056, -2.5787 -0.9581 0.0169, -2.5787 -0.5045 0.748, -2.5787 -0.925 1.939, -2.5787 0.8958 2.3418, -2.5787 0.9037 2.3228, -2.5787 0.9162 2.3065, -2.5787 -2.1509 2.0026, -2.5787 -0.5045 0.752, -2.5787 -0.5045 1.1378, -2.5787 -0.5045 1.1417, -2.5787 -2.1374 1.99, -2.5787 -2.1804 1.8227, -2.5787 -1.198 0.6777, -2.5787 -1.2105 0.6614, -2.5787 -0.9675 0.0263, -2.5787 -0.9787 0.0335, -2.5787 -0.9913 0.0379, -2.5787 -1.0045 0.0394, -2.5787 1.1195 0.9922, -2.5787 1.1053 0.9863, -2.5787 1.1097 2.2729, -2.5787 1.126 2.2604, -2.5787 1.1385 2.2441, -2.5787 -1.0866 0.6777, -2.5787 -1.2184 0.6424, -2.5787 -4.1406 1.1444, -2.5787 -2.203 1.006, -2.5787 -4.233 1.1752, -2.5787 -5.0399 0.622, -2.5787 -4.2706 1.2066, -2.5787 -5.0399 0.7205, -2.5787 -1.221 0.622, -2.5787 -4.1887 1.154, -2.5787 0.401 0.2559, -2.5787 0.7553 0.2559, -2.5787 0.9128 0.0394, -2.5787 0.7553 0.2598, -2.5787 0.7553 0.5669, -2.5787 -0.4557 0.0221, -2.5787 -0.4651 0.0098, -2.5787 -0.471 -0.0044, -2.5787 -2.1208 1.9574, -2.5787 -2.1272 1.9747, -2.5787 -1.1817 0.6902, -2.5787 -1.1627 0.6981, -2.5787 -1.1423 0.7008, -2.5787 -4.1406 1.8792, -2.5787 -4.1887 1.8696, -2.5787 -4.233 1.8485, -2.5787 -4.2706 1.817, -2.5787 -5.0399 2.3032, -2.5787 -5.0419 2.2856, -2.5787 -5.0696 0.782, -2.5787 -5.0845 0.7914, -2.5787 -4.2993 1.2464, -2.5787 -0.9455 -0.0197, -2.5787 -0.9468 -0.007, -2.5787 -1.0636 0.0984, -2.5787 -1.0636 0.622, -2.5787 -0.414 0.0394, -2.5787 -0.4292 0.0374, -2.5787 -0.4435 0.0315, -2.5787 1.0907 2.2808, -2.5787 -2.1266 1.8651, -2.5787 -2.1207 1.8819, -2.5787 -2.1846 1.0069, -2.5787 -2.1669 1.012, -2.5787 -2.1509 1.0211, -2.5787 -2.1266 1.1585, -2.5787 -2.1362 1.1736, -2.5787 -2.1669 2.0116, -2.5787 -2.1846 2.0168, -2.5787 -2.203 2.0176, -2.5787 -4.3234 1.3408, -2.5787 -5.1187 0.7992, -2.5787 -4.3234 1.6829, -2.5787 -5.1187 2.2244, -2.5787 -4.3173 1.7315, -2.5787 -5.0419 0.738, -2.5787 -5.0477 0.7546, -2.5787 -5.0571 0.7696, -2.5787 -4.3173 1.2921, -2.5787 -5.1012 0.7972, -2.5787 -2.1804 1.2009, -2.5787 -2.1641 1.1954, -2.5787 -2.1489 1.1861, -2.5787 -4.2993 1.7772, -2.5787 -5.1012 2.2264, -2.5787 -5.0845 2.2322, -2.5787 -1.0463 0.0567, -2.5787 -1.034 0.0473, -2.5787 -1.0198 0.0414, -2.5787 -1.0556 0.0689, -2.5787 -1.0615 0.0831, -2.5787 -2.1641 1.8282, -2.5787 -2.1489 1.8376, -2.5787 -2.1362 1.8501, -2.5787 -2.1187 1.8996, -2.5787 -2.1187 1.9391, -2.5787 -2.1374 1.0336, -2.5787 -2.1272 1.049, -2.5787 -2.1208 1.0663, -2.5787 -2.1187 1.0846, -2.5787 -5.0696 2.2416, -2.5787 -5.0571 2.2541, -2.5787 -5.0477 2.269, -2.5787 -2.1187 1.124, -2.5787 -2.1207 1.1417, -2.4606 -1.0045 0.0394, -2.4606 -1.0198 0.0414, -2.4606 -1.034 0.0473, -2.4606 -1.0463 0.0567, -2.4606 -1.0556 0.0689, -2.4606 -1.0615 0.0831, -2.4606 -1.0636 0.0984, -2.4606 0.7553 0.2598, -2.4606 0.7553 0.2559, -2.4606 0.9522 0.0394, -2.4606 -5.0399 2.4016, -2.4606 -4.1406 1.1444, -2.4606 -4.1887 1.154, -2.4606 -5.0399 0.622, -2.4606 -4.3173 1.7315, -2.4606 -4.2993 1.7772, -2.4606 -5.1187 2.2244, -2.4606 -2.1669 2.0116, -2.4606 -2.1509 2.0026, -2.4606 -0.8933 1.939, -2.4606 -2.1272 1.049, -2.4606 -2.1374 1.0336, -2.4606 -0.8933 1.5059, -2.4606 -2.1509 1.0211, -2.4606 -2.1669 1.012, -2.4606 1.1411 1.0138, -2.4606 1.147 1.028, -2.4606 1.149 1.0433, -2.4606 1.1317 1.0016, -2.4606 1.0703 2.2835, -2.4606 0.9719 2.2835, -2.4606 -2.203 1.006, -2.4606 -2.1846 2.0168, -2.4606 0.9515 2.2862, -2.4606 0.9325 2.294, -2.4606 0.6323 1.939, -2.4606 0.9162 2.3065, -2.4606 0.338 1.939, -2.4606 0.9037 2.3228, -2.4606 -0.599 1.939, -2.4606 -4.233 1.1752, -2.4606 -4.2706 1.2066, -2.4606 -5.0399 0.7205, -2.4606 -5.0419 0.738, -2.4606 -2.1374 1.99, -2.4606 -2.1272 1.9747, -2.4606 -2.1208 1.9574, -2.4606 1.149 2.2047, -2.4606 -0.414 0.0394, -2.4606 0.401 0.2559, -2.4606 -0.4292 0.0374, -2.4606 -4.233 1.8485, -2.4606 -4.2706 1.817, -2.4606 -5.0399 2.3032, -2.4606 -5.0845 0.7914, -2.4606 -4.2993 1.2464, -2.4606 -5.1012 0.7972, -2.4606 -5.1187 0.7992, -2.4606 -5.0696 0.782, -2.4606 -5.0571 0.7696, -2.4606 -5.0477 0.7546, -2.4606 -4.3173 1.2921, -2.4606 -4.3234 1.3408, -2.4606 -4.3234 1.6829, -2.4606 -4.1887 1.8696, -2.4606 -4.1406 1.8792, -2.4606 -2.203 2.0176, -2.4606 1.1385 2.2441, -2.4606 1.126 2.2604, -2.4606 1.1097 2.2729, -2.4606 -1.2184 0.6424, -2.4606 -1.2105 0.6614, -2.4606 -1.1423 0.7008, -2.4606 -1.1219 0.6981, -2.4606 -0.8588 1.1417, -2.4606 -0.599 1.5059, -2.4606 0.9749 0.9718, -2.4606 0.9874 0.9792, -2.4606 0.6323 1.5059, -2.4606 1.0014 0.9834, -2.4606 -5.0696 2.2416, -2.4606 -5.0845 2.2322, -2.4606 -5.1012 2.2264, -2.4606 0.8958 2.3418, -2.4606 -2.1187 1.124, -2.4606 -2.1187 1.0846, -2.4606 -2.1208 1.0663, -2.4606 1.1464 2.2251, -2.4606 1.0907 2.2808, -2.4606 -1.221 0.622, -2.4606 -2.1846 1.0069, -2.4606 -1.198 0.6777, -2.4606 -1.1817 0.6902, -2.4606 -1.1627 0.6981, -2.4606 -1.0741 0.6614, -2.4606 -0.8588 0.748, -2.4606 -1.0866 0.6777, -2.4606 -1.1029 0.6902, -2.4606 -0.5045 1.1417, -2.4606 0.401 0.5709, -2.4606 0.7553 0.5709, -2.4606 0.9647 0.9615, -2.4606 0.338 1.5059, -2.4606 0.9572 0.949, -2.4606 0.953 0.9351, -2.4606 -5.0419 2.2856, -2.4606 -5.0477 2.269, -2.4606 -5.0571 2.2541, -2.4606 -2.1489 1.1861, -2.4606 -2.1362 1.1736, -2.4606 -2.1266 1.1585, -2.4606 -2.1207 1.1417, -2.4606 -1.0662 0.6424, -2.4606 -1.0636 0.622, -2.4606 -0.4557 0.0221, -2.4606 -0.5045 1.1378, -2.4606 -0.5045 0.752, -2.4606 -0.5045 0.748, -2.4606 -0.4435 0.0315, -2.4606 0.9522 0.9252, -2.4606 0.7553 0.5669, -2.4606 1.0112 0.9843, -2.4606 1.09 0.9843, -2.4606 1.1053 0.9863, -2.4606 -2.1187 1.9391, -2.4606 -2.1187 1.8996, -2.4606 -2.1207 1.8819, -2.4606 -2.1266 1.8651, -2.4606 -2.1362 1.8501, -2.4606 -2.1641 1.8282, -2.4606 -2.1804 1.8227, -2.4606 -2.1804 1.2009, -2.4606 -0.471 -0.0044, -2.4606 -0.4651 0.0098, -2.4606 1.1195 0.9922, -2.4606 -2.1489 1.8376, -2.4606 -2.1641 1.1954, -2.4606 -0.9913 0.0379, -2.4606 -0.9787 0.0335, -2.4606 -0.9675 0.0263, -2.4606 -0.9581 0.0169, -2.4606 -0.9455 -0.0587, -2.4606 -0.473 -0.0587, -2.4606 -0.9455 -0.0197, -2.4606 -0.473 -0.0197, -2.4606 -0.9468 -0.007, -2.4606 -0.9511 0.0056, -2.3425 -5.0399 0.5039, -2.3425 -1.221 0.5039, -2.3731 -5.0399 0.508, -2.3731 -1.221 0.508, -2.4016 -5.0399 0.5198, -2.4016 -1.221 0.5198, -2.426 -5.0399 0.5385, -2.426 -1.221 0.5385, -2.4448 -5.0399 0.563, -2.4448 -1.221 0.563, -2.4566 -5.0399 0.5915, -2.4566 -1.221 0.5915, -0.0039 -0.9061 0.5039, -0.1024 -0.9061 0.5039, -0.2008 -1.0045 0.5039, -1.5031 -4.9405 0.5039, -2.2047 -5.0505 0.5039, -2.1884 -5.063 0.5039, -0.2008 -1.1423 0.5039, -0.2035 -1.1627 0.5039, -0.0039 -2.591 0.5039, -0.2113 -1.1817 0.5039, -0.2238 -1.198 0.5039, -0.2401 -1.2105 0.5039, -0.2591 -1.2184 0.5039, -0.0016 -2.6099 0.5039, -1.5432 -4.9111 0.5039, -1.5746 -4.8726 0.5039, -2.2237 -5.0426 0.5039, -1.5954 -4.8275 0.5039, -0.7994 -2.3762 0.5039, -0.7868 -2.3608 0.5039, -1.5628 -2.3762 0.5039, -2.1759 -5.0793 0.5039, -2.168 -5.0983 0.5039, -1.457 -4.9589 0.5039, -2.1653 -5.1187 0.5039, -1.4077 -4.9651 0.5039, -0.8077 -2.3942 0.5039, -0.9545 -4.9651 0.5039, -0.0039 -5.1187 0.5039, -0.9052 -4.9589 0.5039, -0.2795 -1.221 0.5039, -1.5754 -2.3608 0.5039, -0.3445 -1.221 0.5039, -1.5914 -2.349 0.5039, -2.2441 -5.0399 0.5039, -0.7668 -4.8275 0.5039, -0.7876 -4.8726 0.5039, -1.6043 -4.7786 0.5039, -1.7279 -2.422 0.5039, -1.7268 -2.4038 0.5039, -1.7215 -2.3864 0.5039, 0.3031 -4.0838 0.5039, 0.2936 -4.0688 0.5039, 0.1019 -4.6827 0.5039, -0.1219 -4.1113 0.5039, -0.1327 -4.0957 0.5039, -0.7579 -4.7786 0.5039, 0.0469 -2.6647 0.5039, 0.0301 -2.6558 0.5039, -0.819 -4.9111 0.5039, -0.8591 -4.9405 0.5039, -1.6674 -2.3413 0.5039, -1.6493 -2.3392 0.5039, -2.3228 -1.221 0.5039, -1.6296 -2.3392 0.5039, -1.6099 -2.3417 0.5039, -1.5509 -2.4138 0.5039, -1.5488 -2.4541 0.5039, -0.8134 -2.4541 0.5039, -1.7123 -2.3707 0.5039, -1.6998 -2.3574 0.5039, -1.6845 -2.3475 0.5039, -1.5545 -2.3942 0.5039, -0.8112 -2.4138 0.5039, -0.0039 -4.7566 0.5039, -0.0019 -4.7389 0.5039, 0.004 -4.7222 0.5039, 0.0159 -2.6433 0.5039, 0.0051 -2.6276 0.5039, -0.6343 -2.422 0.5039, -0.6354 -2.4038 0.5039, -0.1077 -4.1239 0.5039, -0.0909 -4.1327 0.5039, 0.0135 -4.7072 0.5039, -0.1394 -4.078 0.5039, -0.1417 -4.0591 0.5039, -0.1417 -3.2885 0.5039, -0.1117 -3.2266 0.5039, -0.0966 -3.2173 0.5039, -0.0798 -3.2116 0.5039, 0.0412 -4.6854 0.5039, 0.058 -4.6797 0.5039, -0.063 -4.1378 0.5039, -0.7708 -2.349 0.5039, -0.7523 -2.3417 0.5039, -0.7326 -2.3392 0.5039, -0.6777 -2.3475 0.5039, -0.6624 -2.3574 0.5039, -0.6499 -2.3707 0.5039, -0.6407 -2.3864 0.5039, 0.0261 -4.6947 0.5039, -0.0724 -4.1373 0.5039, -0.1397 -3.2709 0.5039, -0.1338 -3.2541 0.5039, -0.1243 -3.2391 0.5039, -0.7129 -2.3392 0.5039, -0.6948 -2.3413 0.5039, 0.2491 -4.0412 0.5039, 0.2322 -4.0394 0.5039, 0.2185 -4.0406 0.5039, 0.0887 -4.6791 0.5039, 0.2052 -4.0442 0.5039, 0.0749 -4.6778 0.5039, -0.036 -4.1331 0.5039, -0.0534 -4.1373 0.5039, 0.309 -4.1005 0.5039, -0.0629 -3.2097 0.5039, -0.0491 -3.211 0.5039, 0.0654 -2.6692 0.5039, -0.0359 -3.2146 0.5039, 0.0748 -2.6698 0.5039, 0.0844 -2.6692 0.5039, 0.1018 -2.665 0.5039, 0.2912 -3.2817 0.5039, 0.302 -3.266 0.5039, 0.2054 -3.3034 0.5039, 0.2228 -3.3076 0.5039, 0.2323 -3.3082 0.5039, 0.2417 -3.3076 0.5039, 0.281 -4.0563 0.5039, 0.2659 -4.047 0.5039, 0.311 -4.1182 0.5039, 0.2054 -4.7207 0.5039, 0.311 -4.6468 0.5039, 0.2228 -4.7249 0.5039, 0.2323 -4.7255 0.5039, 0.3087 -3.2483 0.5039, 0.311 -3.2294 0.5039, 0.2052 -2.6269 0.5039, 0.311 -2.7008 0.5039, 0.2185 -2.6233 0.5039, 0.2322 -2.6221 0.5039, 0.2602 -3.3031 0.5039, 0.277 -3.2943 0.5039, 0.2417 -4.7249 0.5039, 0.2602 -4.7204 0.5039, 0.277 -4.7116 0.5039, 0.2912 -4.699 0.5039, 0.302 -4.6834 0.5039, 0.3087 -4.6656 0.5039, 0.309 -2.6832 0.5039, 0.3031 -2.6665 0.5039, 0.2936 -2.6515 0.5039, 0.281 -2.639 0.5039, 0.2659 -2.6296 0.5039, 0.2491 -2.6239 0.5039
            ]
        }
        coordIndex [
            0,1,2,-1,3,4,5,-1,6,7,8,-1,8,7,9,-1,8,9,5,-1,5,9,10,-1,5,10,3,-1,8,0,6,-1,6,0,2,-1,6,2,11,-1,11,2,12,-1,11,12,13,-1,12,14,13,-1,13,14,15,-1,13,15,16,-1,16,15,17,-1,16,17,18,-1,18,17,19,-1,18,19,20,-1,20,19,21,-1,20,21,22,-1,22,21,23,-1,22,23,24,-1,23,25,24,-1,24,25,26,-1,24,26,27,-1,27,26,28,-1,27,28,29,-1,30,31,29,-1,29,31,32,-1,29,32,27,-1,33,34,35,-1,35,34,36,-1,35,36,37,-1,37,36,38,-1,37,38,39,-1,39,38,40,-1,39,40,30,-1,30,40,41,-1,30,41,31,-1,42,43,44,-1,45,46,47,-1,48,49,50,-1,46,51,47,-1,47,51,52,-1,47,52,53,-1,42,44,54,-1,43,55,44,-1,44,55,56,-1,44,56,47,-1,47,56,57,-1,47,57,58,-1,59,60,55,-1,55,60,61,-1,55,61,56,-1,62,36,34,-1,63,64,65,-1,66,67,68,-1,69,70,71,-1,62,34,72,-1,34,73,72,-1,72,73,74,-1,72,74,44,-1,44,74,75,-1,44,75,54,-1,72,53,76,-1,77,78,52,-1,52,78,79,-1,52,79,53,-1,53,79,66,-1,53,66,76,-1,76,66,80,-1,81,82,83,-1,70,84,71,-1,71,84,85,-1,71,85,65,-1,65,85,86,-1,65,86,87,-1,58,88,47,-1,47,88,89,-1,47,89,45,-1,90,91,92,-1,65,64,66,-1,66,64,93,-1,66,93,67,-1,94,95,96,-1,97,98,99,-1,99,98,100,-1,94,101,95,-1,95,101,98,-1,95,98,102,-1,102,98,97,-1,77,52,71,-1,71,52,103,-1,71,103,69,-1,103,104,105,-1,105,104,106,-1,105,106,46,-1,46,106,107,-1,46,107,51,-1,108,109,50,-1,50,109,110,-1,50,110,48,-1,111,112,113,-1,113,112,80,-1,113,80,114,-1,114,80,66,-1,114,66,115,-1,115,66,68,-1,116,117,62,-1,117,118,62,-1,62,118,119,-1,62,119,120,-1,120,119,121,-1,122,123,124,-1,50,125,103,-1,103,125,126,-1,103,126,69,-1,87,127,65,-1,65,127,128,-1,65,128,63,-1,105,129,103,-1,103,129,130,-1,103,130,50,-1,50,130,131,-1,50,131,108,-1,59,55,92,-1,92,55,132,-1,92,132,90,-1,113,133,134,-1,96,135,94,-1,94,135,136,-1,94,136,137,-1,138,139,83,-1,76,140,72,-1,72,140,141,-1,72,141,62,-1,62,141,142,-1,62,142,116,-1,143,144,145,-1,145,144,146,-1,145,146,147,-1,100,148,99,-1,99,148,149,-1,99,149,124,-1,124,149,150,-1,124,150,122,-1,143,151,144,-1,144,151,124,-1,144,124,152,-1,152,124,123,-1,153,81,154,-1,154,81,83,-1,154,83,155,-1,155,83,139,-1,147,146,156,-1,156,146,157,-1,156,157,158,-1,159,87,160,-1,160,87,161,-1,159,162,87,-1,87,162,163,-1,87,163,127,-1,81,164,82,-1,82,164,165,-1,82,165,113,-1,113,165,166,-1,113,166,133,-1,134,167,113,-1,113,167,168,-1,113,168,111,-1,137,169,94,-1,94,169,170,-1,94,170,83,-1,83,170,171,-1,83,171,172,-1,158,173,156,-1,156,173,174,-1,156,174,119,-1,119,174,175,-1,119,175,121,-1,172,176,83,-1,83,176,177,-1,83,177,138,-1,87,178,179,-1,87,179,161,-1,161,179,180,-1,161,180,160,-1,160,180,181,-1,160,181,159,-1,159,181,182,-1,159,182,162,-1,162,182,183,-1,162,183,163,-1,163,183,184,-1,163,184,127,-1,185,186,187,-1,33,35,188,-1,189,190,191,-1,192,193,194,-1,195,196,197,-1,198,199,200,-1,200,199,201,-1,200,201,202,-1,203,204,205,-1,206,207,208,-1,189,191,209,-1,195,197,210,-1,211,212,213,-1,213,212,214,-1,213,214,215,-1,215,214,216,-1,215,216,217,-1,190,218,191,-1,191,218,219,-1,191,219,220,-1,220,219,221,-1,196,222,197,-1,197,222,223,-1,197,223,224,-1,225,207,205,-1,205,207,206,-1,205,206,203,-1,187,186,226,-1,226,186,227,-1,226,227,228,-1,229,188,230,-1,230,188,231,-1,232,233,234,-1,234,233,235,-1,232,236,233,-1,233,236,237,-1,233,237,219,-1,219,237,238,-1,219,238,221,-1,233,239,235,-1,235,239,240,-1,235,240,194,-1,194,240,241,-1,194,241,192,-1,229,242,188,-1,188,242,243,-1,188,243,244,-1,245,246,247,-1,248,249,202,-1,250,251,200,-1,200,251,252,-1,200,252,253,-1,254,255,256,-1,256,255,257,-1,258,259,193,-1,193,259,260,-1,193,260,194,-1,216,261,217,-1,217,261,33,-1,217,33,197,-1,197,33,188,-1,197,188,210,-1,210,188,244,-1,262,263,200,-1,200,263,264,-1,200,264,198,-1,225,265,207,-1,207,265,245,-1,207,245,266,-1,266,245,247,-1,191,267,209,-1,209,267,248,-1,209,248,268,-1,268,248,202,-1,249,269,202,-1,202,269,270,-1,202,270,200,-1,200,270,271,-1,200,271,250,-1,272,273,274,-1,274,273,252,-1,274,252,275,-1,275,252,251,-1,252,276,253,-1,253,276,277,-1,253,277,278,-1,254,256,279,-1,279,256,280,-1,279,280,281,-1,281,280,253,-1,281,253,282,-1,231,283,230,-1,230,283,284,-1,230,284,193,-1,193,284,285,-1,193,285,258,-1,286,287,197,-1,197,287,288,-1,197,288,200,-1,200,288,289,-1,200,289,262,-1,272,290,273,-1,273,290,291,-1,273,291,292,-1,276,293,277,-1,277,293,294,-1,277,294,227,-1,227,294,295,-1,227,295,228,-1,228,295,273,-1,228,273,296,-1,296,273,292,-1,282,253,297,-1,297,253,278,-1,297,278,187,-1,187,278,298,-1,187,298,185,-1,257,299,256,-1,256,299,300,-1,256,300,301,-1,224,302,197,-1,197,302,303,-1,197,303,304,-1,304,305,197,-1,197,305,306,-1,197,306,286,-1,307,308,309,-1,184,310,291,-1,291,310,311,-1,291,311,292,-1,301,312,256,-1,256,312,206,-1,256,206,213,-1,213,206,208,-1,213,208,211,-1,306,313,286,-1,286,313,307,-1,286,307,314,-1,314,307,309,-1,184,315,316,-1,184,316,310,-1,310,316,317,-1,310,317,318,-1,315,184,178,-1,178,184,183,-1,178,183,182,-1,182,181,178,-1,178,181,180,-1,178,180,179,-1,319,320,321,-1,321,320,322,-1,321,322,323,-1,323,322,310,-1,323,310,324,-1,324,310,318,-1,128,127,291,-1,291,127,184,-1,128,291,63,-1,63,291,290,-1,63,290,64,-1,64,290,272,-1,64,272,93,-1,93,272,274,-1,93,274,67,-1,67,274,275,-1,67,275,68,-1,68,275,251,-1,68,251,115,-1,115,251,250,-1,115,250,114,-1,114,250,271,-1,114,271,113,-1,113,271,270,-1,113,270,82,-1,82,270,269,-1,82,269,83,-1,83,269,249,-1,83,249,94,-1,94,249,248,-1,94,248,101,-1,101,248,267,-1,325,326,327,-1,327,326,328,-1,327,328,329,-1,329,328,330,-1,329,330,331,-1,331,330,332,-1,331,332,333,-1,333,332,334,-1,333,334,335,-1,335,334,336,-1,335,336,191,-1,191,336,267,-1,337,338,339,-1,340,341,342,-1,339,343,337,-1,337,343,344,-1,337,344,345,-1,345,344,346,-1,345,346,347,-1,347,348,345,-1,345,348,349,-1,345,349,350,-1,340,351,341,-1,341,351,352,-1,341,352,353,-1,353,352,354,-1,355,356,357,-1,342,358,340,-1,340,358,359,-1,340,359,360,-1,360,359,361,-1,360,361,362,-1,355,357,363,-1,362,361,364,-1,364,361,365,-1,364,365,366,-1,356,349,357,-1,357,349,367,-1,357,367,368,-1,368,367,369,-1,368,369,370,-1,325,371,326,-1,326,371,353,-1,365,372,373,-1,354,374,353,-1,353,374,375,-1,353,375,326,-1,326,375,376,-1,326,376,377,-1,378,379,380,-1,381,382,383,-1,383,384,385,-1,373,386,365,-1,365,386,387,-1,365,387,366,-1,388,389,390,-1,390,389,391,-1,390,391,369,-1,369,391,392,-1,369,392,370,-1,393,394,395,-1,377,396,326,-1,326,396,397,-1,326,397,390,-1,390,397,398,-1,390,398,388,-1,357,399,363,-1,363,399,393,-1,363,393,400,-1,400,393,395,-1,365,401,372,-1,372,401,402,-1,372,402,403,-1,385,404,383,-1,383,404,405,-1,383,405,406,-1,406,405,350,-1,406,350,407,-1,381,383,408,-1,408,383,372,-1,408,372,409,-1,409,372,403,-1,409,403,410,-1,382,411,383,-1,383,411,412,-1,383,412,413,-1,414,415,384,-1,384,415,416,-1,417,418,419,-1,356,420,349,-1,349,420,421,-1,349,421,422,-1,423,424,349,-1,349,424,425,-1,349,425,350,-1,350,425,426,-1,350,426,407,-1,410,427,409,-1,409,427,417,-1,409,417,428,-1,428,417,419,-1,413,429,383,-1,383,429,430,-1,383,430,384,-1,384,430,431,-1,384,431,414,-1,422,432,349,-1,349,432,433,-1,349,433,423,-1,434,435,380,-1,380,435,436,-1,380,436,437,-1,437,436,438,-1,437,438,439,-1,439,438,440,-1,439,440,418,-1,418,440,441,-1,418,441,419,-1,378,380,442,-1,416,443,384,-1,384,443,444,-1,384,444,445,-1,445,444,446,-1,445,446,447,-1,447,446,448,-1,449,450,451,-1,446,452,448,-1,448,452,453,-1,448,453,449,-1,449,453,454,-1,449,454,455,-1,379,456,380,-1,380,456,457,-1,380,457,434,-1,442,380,458,-1,458,380,459,-1,458,459,460,-1,460,459,461,-1,460,461,462,-1,451,463,449,-1,449,463,464,-1,449,464,465,-1,465,464,466,-1,465,466,467,-1,467,466,468,-1,455,469,449,-1,449,469,470,-1,449,470,450,-1,462,471,460,-1,460,471,472,-1,460,472,473,-1,473,474,460,-1,460,474,475,-1,460,475,476,-1,477,478,466,-1,466,478,479,-1,466,479,480,-1,480,481,466,-1,466,481,482,-1,466,482,468,-1,
        ]
    }
}
Shape{
    appearance Appearance {
        material  Material 	{
            diffuseColor 0.0 0.2901960784313726 0.8745098039215686
            specularColor 0.0 0.1450980392156863 0.4392156862745098
            ambientIntensity 0.27
            transparency 0.0
            shininess 0.5
        }
    }
    geometry IndexedFaceSet {
        ccw TRUE
        solid FALSE
        coord DEF co Coordinate {
            point [
                -1.9449 -1.221 0.3858, -1.9449 -1.221 0.3898, -0.3445 -1.221 0.3898, -0.3445 -1.221 0.5039, -0.2795 -1.221 0.5039, -0.2795 -1.221 0.3858, -0.2591 -1.2184 0.3858, -0.2591 -1.2184 0.5039, -0.2401 -1.2105 0.3858, -0.2401 -1.2105 0.5039, -0.2238 -1.198 0.3858, -0.2238 -1.198 0.5039, -0.2113 -1.1817 0.3858, -0.2113 -1.1817 0.5039, -0.2035 -1.1627 0.3858, -0.2035 -1.1627 0.5039, -0.2008 -1.1423 0.3858, -0.2008 -1.1423 0.5039, -0.2008 -1.0045 0.5039, -0.2008 -1.0045 0.3858, -0.1024 -0.9061 0.5039, -0.1024 -0.9061 0.3858, -0.0039 -0.9061 0.5039, -0.0039 -0.9061 0.3858, -0.0039 -2.591 0.3858, -0.0039 -2.591 0.5039, 0.1018 -2.665 0.5039, 0.1019 -2.6649 0.3858, 0.0844 -2.6692 0.5039, 0.0844 -2.6692 0.3858, 0.0748 -2.6698 0.5039, 0.0749 -2.6698 0.3858, 0.0654 -2.6692 0.5039, 0.0654 -2.6692 0.3858, 0.0469 -2.6647 0.5039, 0.0469 -2.6647 0.3858, 0.0301 -2.6558 0.5039, 0.0301 -2.6558 0.3858, 0.0159 -2.6433 0.5039, 0.0159 -2.6433 0.3858, 0.0051 -2.6276 0.5039, 0.0051 -2.6276 0.3858, -0.0016 -2.6099 0.5039, -0.0016 -2.6099 0.3858, 0.2054 -2.6268 0.3858, 0.2052 -2.6269 0.5039, 0.2185 -2.6233 0.3858, 0.2185 -2.6233 0.5039, 0.2323 -2.6221 0.3858, 0.2322 -2.6221 0.5039, 0.2491 -2.6239 0.3858, 0.2491 -2.6239 0.5039, 0.2659 -2.6296 0.5039, 0.2659 -2.6296 0.3858, 0.281 -2.639 0.5039, 0.281 -2.639 0.3858, 0.2936 -2.6515 0.5039, 0.2936 -2.6515 0.3858, 0.3031 -2.6665 0.5039, 0.3031 -2.6665 0.3858, 0.309 -2.6832 0.5039, 0.309 -2.6832 0.3858, 0.311 -2.7008 0.5039, 0.311 -2.7008 0.3858, 0.311 -3.2294 0.3858, 0.311 -3.2294 0.5039
            ]
        }
        coordIndex [
            0,1,2,-1,3,4,2,-1,2,4,5,-1,2,5,0,-1,5,4,6,-1,6,4,7,-1,6,7,8,-1,8,7,9,-1,8,9,10,-1,10,9,11,-1,10,11,12,-1,12,11,13,-1,12,13,14,-1,14,13,15,-1,14,15,16,-1,16,15,17,-1,17,18,16,-1,16,18,19,-1,18,20,19,-1,19,20,21,-1,20,22,21,-1,21,22,23,-1,23,22,24,-1,24,22,25,-1,26,27,28,-1,28,27,29,-1,28,29,30,-1,30,29,31,-1,30,31,32,-1,32,31,33,-1,32,33,34,-1,34,33,35,-1,34,35,36,-1,36,35,37,-1,36,37,38,-1,38,37,39,-1,38,39,40,-1,40,39,41,-1,40,41,42,-1,42,41,43,-1,42,43,25,-1,25,43,24,-1,44,27,45,-1,45,27,26,-1,44,45,46,-1,46,45,47,-1,46,47,48,-1,48,47,49,-1,50,48,49,-1,49,51,50,-1,50,51,52,-1,50,52,53,-1,53,52,54,-1,53,54,55,-1,55,54,56,-1,55,56,57,-1,57,56,58,-1,57,58,59,-1,59,58,60,-1,59,60,61,-1,61,60,62,-1,61,62,63,-1,64,63,65,-1,65,63,62,-1,
        ]
    }
}
Shape{
    appearance Appearance {
        material  Material 	{
            diffuseColor 0.8509803921568627 0.8509803921568627 0.8509803921568627
            specularColor 0.4235294117647059 0.4235294117647059 0.4235294117647059
            ambientIntensity 0.851
            transparency 0.0
            shininess 0.5
        }
    }
    geometry IndexedFaceSet {
        ccw TRUE
        solid FALSE
        coord DEF co Coordinate {
            point [
                0.2054 -3.3034 0.5039, 0.2052 -3.3034 0.3858, 0.2228 -3.3076 0.5039, 0.2228 -3.3076 0.3858, 0.2323 -3.3082 0.5039, 0.2322 -3.3082 0.3858, 0.2417 -3.3076 0.5039, 0.2417 -3.3076 0.3858, 0.2602 -3.3031 0.3858, 0.2602 -3.3031 0.5039, 0.277 -3.2943 0.3858, 0.277 -3.2943 0.5039, 0.2912 -3.2817 0.3858, 0.2912 -3.2817 0.5039, 0.302 -3.266 0.3858, 0.302 -3.266 0.5039, 0.3087 -3.2483 0.3858, 0.3087 -3.2483 0.5039, 0.311 -3.2294 0.3858, 0.311 -3.2294 0.5039, -0.036 -3.2145 0.3858, -0.0359 -3.2146 0.5039, -0.0491 -3.211 0.3858, -0.0491 -3.211 0.5039, -0.063 -3.2097 0.3858, -0.0629 -3.2097 0.5039, -0.1417 -3.2885 0.5039, -0.1417 -3.2885 0.3858, -0.1397 -3.2709 0.5039, -0.1397 -3.2709 0.3858, -0.1338 -3.2541 0.5039, -0.1338 -3.2541 0.3858, -0.1243 -3.2391 0.5039, -0.1243 -3.2391 0.3858, -0.1117 -3.2266 0.5039, -0.1117 -3.2266 0.3858, -0.0966 -3.2173 0.5039, -0.0966 -3.2173 0.3858, -0.0798 -3.2116 0.5039, -0.0798 -3.2116 0.3858, -0.1417 -4.0591 0.3858, -0.1417 -4.0591 0.5039, -0.036 -4.1331 0.5039, -0.0359 -4.133 0.3858, -0.0534 -4.1373 0.5039, -0.0534 -4.1373 0.3858, -0.063 -4.1378 0.5039, -0.0629 -4.1378 0.3858, -0.0724 -4.1373 0.5039, -0.0724 -4.1373 0.3858, -0.0909 -4.1327 0.5039, -0.0909 -4.1327 0.3858, -0.1077 -4.1239 0.5039, -0.1077 -4.1239 0.3858, -0.1219 -4.1113 0.5039, -0.1219 -4.1113 0.3858, -0.1327 -4.0957 0.5039, -0.1327 -4.0957 0.3858, -0.1394 -4.078 0.5039, -0.1394 -4.078 0.3858, 0.2054 -4.0442 0.3858, 0.2052 -4.0442 0.5039
            ]
        }
        coordIndex [
            0,1,2,-1,2,1,3,-1,2,3,4,-1,4,3,5,-1,4,5,6,-1,5,7,6,-1,6,7,8,-1,6,8,9,-1,9,8,10,-1,9,10,11,-1,11,10,12,-1,11,12,13,-1,13,12,14,-1,13,14,15,-1,15,14,16,-1,15,16,17,-1,17,16,18,-1,17,18,19,-1,20,1,21,-1,21,1,0,-1,20,21,22,-1,22,21,23,-1,22,23,24,-1,24,23,25,-1,26,27,28,-1,28,27,29,-1,28,29,30,-1,30,29,31,-1,30,31,32,-1,32,31,33,-1,32,33,34,-1,34,33,35,-1,34,35,36,-1,36,35,37,-1,36,37,38,-1,38,37,39,-1,38,39,25,-1,25,39,24,-1,40,27,41,-1,41,27,26,-1,42,43,44,-1,44,43,45,-1,44,45,46,-1,46,45,47,-1,46,47,48,-1,48,47,49,-1,48,49,50,-1,50,49,51,-1,50,51,52,-1,52,51,53,-1,52,53,54,-1,54,53,55,-1,54,55,56,-1,56,55,57,-1,56,57,58,-1,58,57,59,-1,58,59,41,-1,41,59,40,-1,60,43,61,-1,61,43,42,-1,
        ]
    }
}
Shape{
    appearance Appearance {
        material  Material 	{
            diffuseColor 0.0 0.2901960784313726 0.8745098039215686
            specularColor 0.0 0.1450980392156863 0.4392156862745098
            ambientIntensity 0.27
            transparency 0.0
            shininess 0.5
        }
    }
    geometry IndexedFaceSet {
        ccw TRUE
        solid FALSE
        coord DEF co Coordinate {
            point [
                0.2054 -4.0442 0.3858, 0.2052 -4.0442 0.5039, 0.2185 -4.0406 0.3858, 0.2185 -4.0406 0.5039, 0.2323 -4.0394 0.3858, 0.2322 -4.0394 0.5039
            ]
        }
        coordIndex [
            0,1,2,-1,2,1,3,-1,2,3,4,-1,4,3,5,-1,
        ]
    }
}
Shape{
    appearance Appearance {
        material  Material 	{
            diffuseColor 0.8509803921568627 0.8509803921568627 0.8509803921568627
            specularColor 0.4235294117647059 0.4235294117647059 0.4235294117647059
            ambientIntensity 0.851
            transparency 0.0
            shininess 0.5
        }
    }
    geometry IndexedFaceSet {
        ccw TRUE
        solid FALSE
        coord DEF co Coordinate {
            point [
                0.2491 -4.0412 0.3858, 0.2323 -4.0394 0.3858, 0.2322 -4.0394 0.5039, 0.2491 -4.0412 0.5039, 0.2659 -4.047 0.5039, 0.2659 -4.047 0.3858, 0.281 -4.0563 0.5039, 0.281 -4.0563 0.3858, 0.2936 -4.0688 0.5039, 0.2936 -4.0688 0.3858, 0.3031 -4.0838 0.5039, 0.3031 -4.0838 0.3858, 0.309 -4.1005 0.5039, 0.309 -4.1005 0.3858, 0.311 -4.1182 0.5039, 0.311 -4.1182 0.3858, 0.311 -4.6468 0.3858, 0.311 -4.6468 0.5039, 0.2054 -4.7207 0.5039, 0.2052 -4.7207 0.3858, 0.2228 -4.7249 0.5039, 0.2228 -4.7249 0.3858, 0.2323 -4.7255 0.5039, 0.2322 -4.7255 0.3858, 0.2417 -4.7249 0.5039, 0.2417 -4.7249 0.3858, 0.2602 -4.7204 0.3858, 0.2602 -4.7204 0.5039, 0.277 -4.7116 0.3858, 0.277 -4.7116 0.5039, 0.2912 -4.699 0.3858, 0.2912 -4.699 0.5039, 0.302 -4.6834 0.3858, 0.302 -4.6834 0.5039, 0.3087 -4.6656 0.3858, 0.3087 -4.6656 0.5039, 0.1018 -4.6826 0.3858, 0.1019 -4.6827 0.5039, 0.0887 -4.6791 0.3858, 0.0887 -4.6791 0.5039, 0.0748 -4.6778 0.3858, 0.0749 -4.6778 0.5039, -0.0039 -4.7566 0.5039, -0.0039 -4.7566 0.3858, -0.0019 -4.7389 0.5039, -0.0019 -4.7389 0.3858, 0.004 -4.7222 0.5039, 0.004 -4.7222 0.3858, 0.0135 -4.7072 0.5039, 0.0135 -4.7072 0.3858, 0.0261 -4.6947 0.5039, 0.0261 -4.6947 0.3858, 0.0412 -4.6854 0.5039, 0.0412 -4.6854 0.3858, 0.058 -4.6797 0.5039, 0.058 -4.6797 0.3858, -0.0039 -5.1187 0.3858, -0.0039 -5.1187 0.5039, -0.0039 -5.145 0.3829, -0.0039 -5.1712 0.498, -0.0039 -5.1699 0.3741, -0.0039 -5.2212 0.4805, -0.0039 -5.1923 0.3601, -0.0039 -5.266 0.4524, -0.0039 -5.211 0.3414, -0.0039 -5.3034 0.415, -0.0039 -5.2251 0.319, -0.0039 -5.3315 0.3702, -0.0039 -5.2338 0.294, -0.0039 -5.349 0.3203, -0.0039 -5.2368 0.2677, -0.0039 -5.3549 0.2677, -0.0039 -5.2368 0.0945, -0.0039 -5.3549 0.0945, -2.1653 -5.2368 0.2677, -2.1653 -5.2338 0.294, -2.1653 -5.2251 0.319, -2.1653 -5.211 0.3414, -2.1653 -5.1923 0.3601, -2.1653 -5.1699 0.3741, -2.1653 -5.145 0.3829, -2.1653 -5.1187 0.3858, -2.1653 -5.2368 0.1929, -2.1653 -5.3549 0.1929, -2.1653 -5.3549 0.2677, -2.1653 -5.349 0.3203, -2.1653 -5.3315 0.3702, -2.1653 -5.3034 0.415, -2.1653 -5.266 0.4524, -2.1653 -5.2212 0.4805, -2.1653 -5.1712 0.498, -2.1653 -5.1187 0.5039, -2.162 -5.2368 0.1674, -2.162 -5.3549 0.1674, -2.1522 -5.2368 0.1437, -2.1522 -5.3549 0.1437, -2.1365 -5.2368 0.1233, -2.1365 -5.3549 0.1233, -2.1161 -5.2368 0.1077, -2.1161 -5.3549 0.1077, -2.0924 -5.2368 0.0978, -2.0924 -5.3549 0.0978, -2.0669 -5.2368 0.0945, -2.0669 -5.3549 0.0945, -2.168 -5.0983 0.3858, -2.168 -5.0983 0.5039, -2.1759 -5.0793 0.3858, -2.1759 -5.0793 0.5039, -2.1884 -5.063 0.3858, -2.1884 -5.063 0.5039, -2.2047 -5.0505 0.3858, -2.2047 -5.0505 0.5039, -2.2237 -5.0426 0.3858, -2.2237 -5.0426 0.5039, -2.2441 -5.0399 0.3858, -2.2441 -5.0399 0.5039, -2.4606 -5.0399 0.7205, -2.5787 -5.0399 0.7205, -2.4606 -5.0399 0.622, -2.5787 -5.0399 0.622, -2.4566 -5.0399 0.5915, -2.5707 -5.0399 0.5609, -2.4448 -5.0399 0.563, -2.5471 -5.0399 0.5039, -2.426 -5.0399 0.5385, -2.5095 -5.0399 0.455, -2.4016 -5.0399 0.5198, -2.4606 -5.0399 0.4175, -2.3731 -5.0399 0.508, -2.4036 -5.0399 0.3939, -2.3425 -5.0399 0.5039, -2.3425 -5.0399 0.3858, -2.5787 -1.221 0.622, -2.5707 -1.221 0.5609, -2.5471 -1.221 0.5039, -2.5095 -1.221 0.455, -2.4606 -1.221 0.4175, -2.4036 -1.221 0.3939, -2.3425 -1.221 0.3858, -2.4606 -5.1187 0.7992, -2.5787 -5.1187 0.7992, -2.4606 -5.1012 0.7972, -2.5787 -5.1012 0.7972, -2.4606 -5.0845 0.7914, -2.5787 -5.0845 0.7914, -2.4606 -5.0696 0.782, -2.5787 -5.0696 0.782, -2.4606 -5.0571 0.7696, -2.5787 -5.0571 0.7696, -2.4606 -5.0477 0.7546, -2.5787 -5.0477 0.7546, -2.4606 -5.0419 0.738, -2.5787 -5.0419 0.738, -2.5828 -5.1492 0.7992, -2.4687 -5.1798 0.7992, -2.5946 -5.1777 0.7992, -2.4923 -5.2368 0.7992, -2.6133 -5.2022 0.7992, -2.5298 -5.2857 0.7992, -2.6378 -5.221 0.7992, -2.5787 -5.3233 0.7992, -2.6663 -5.2328 0.7992, -2.6357 -5.3469 0.7992, -2.6968 -5.2368 0.7992, -2.6968 -5.3549 0.7992, -2.7362 -5.2368 0.7992, -2.7362 -5.3549 0.7992, -2.6968 -5.2368 2.2244, -2.6663 -5.2328 2.2244, -2.6378 -5.221 2.2244, -2.6133 -5.2022 2.2244, -2.5946 -5.1777 2.2244, -2.5828 -5.1492 2.2244, -2.5787 -5.1187 2.2244, -2.8346 -5.2368 0.8976, -2.7362 -5.2368 2.2244, -2.7581 -5.2368 0.8017, -2.7789 -5.2368 0.809, -2.7976 -5.2368 0.8207, -2.8132 -5.2368 0.8363, -2.8249 -5.2368 0.8549, -2.8322 -5.2368 0.8757, -2.8058 -5.2368 2.1956, -2.7854 -5.2368 2.2112, -2.8214 -5.2368 2.1752, -2.8313 -5.2368 2.1515, -2.8346 -5.2368 2.126, -2.7617 -5.2368 2.2211, -2.7362 -5.3549 2.2244, -2.6968 -5.3549 2.2244, -2.6357 -5.3469 2.2244, -2.5787 -5.3233 2.2244, -2.5298 -5.2857 2.2244, -2.4923 -5.2368 2.2244, -2.4687 -5.1798 2.2244, -2.4606 -5.1187 2.2244, -2.7854 -5.3549 2.2112, -2.8058 -5.3549 2.1956, -2.8346 -5.3549 2.126, -2.8214 -5.3549 2.1752, -2.8313 -5.3549 2.1515, -2.7976 -5.3549 0.8207, -2.8322 -5.3549 0.8757, -2.8132 -5.3549 0.8363, -2.8249 -5.3549 0.8549, -2.7789 -5.3549 0.809, -2.7581 -5.3549 0.8017, -2.8346 -5.3549 0.8976, -2.7617 -5.3549 2.2211, -2.5787 -5.1012 2.2264, -2.4606 -5.1012 2.2264, -2.5787 -5.0845 2.2322, -2.4606 -5.0845 2.2322, -2.5787 -5.0696 2.2416, -2.4606 -5.0696 2.2416, -2.5787 -5.0571 2.2541, -2.4606 -5.0571 2.2541, -2.5787 -5.0477 2.269, -2.4606 -5.0477 2.269, -2.5787 -5.0419 2.2856, -2.4606 -5.0419 2.2856, -2.5787 -5.0399 2.3032, -2.4606 -5.0399 2.3032
            ]
        }
        coordIndex [
            0,1,2,-1,2,3,0,-1,0,3,4,-1,0,4,5,-1,5,4,6,-1,5,6,7,-1,7,6,8,-1,7,8,9,-1,9,8,10,-1,9,10,11,-1,11,10,12,-1,11,12,13,-1,13,12,14,-1,13,14,15,-1,16,15,17,-1,17,15,14,-1,18,19,20,-1,20,19,21,-1,20,21,22,-1,22,21,23,-1,22,23,24,-1,23,25,24,-1,24,25,26,-1,24,26,27,-1,27,26,28,-1,27,28,29,-1,29,28,30,-1,29,30,31,-1,31,30,32,-1,31,32,33,-1,33,32,34,-1,33,34,35,-1,35,34,16,-1,35,16,17,-1,36,19,37,-1,37,19,18,-1,36,37,38,-1,38,37,39,-1,38,39,40,-1,40,39,41,-1,42,43,44,-1,44,43,45,-1,44,45,46,-1,46,45,47,-1,46,47,48,-1,48,47,49,-1,48,49,50,-1,50,49,51,-1,50,51,52,-1,52,51,53,-1,52,53,54,-1,54,53,55,-1,54,55,41,-1,41,55,40,-1,43,42,56,-1,56,42,57,-1,56,57,58,-1,58,57,59,-1,58,59,60,-1,60,59,61,-1,60,61,62,-1,62,61,63,-1,62,63,64,-1,64,63,65,-1,64,65,66,-1,66,65,67,-1,66,67,68,-1,68,67,69,-1,68,69,70,-1,70,69,71,-1,70,71,72,-1,72,71,73,-1,70,74,68,-1,68,74,75,-1,68,75,66,-1,66,75,76,-1,66,76,64,-1,64,76,77,-1,64,77,62,-1,62,77,78,-1,62,78,60,-1,60,78,79,-1,60,79,58,-1,58,79,80,-1,58,80,56,-1,56,80,81,-1,82,83,74,-1,74,83,84,-1,74,84,75,-1,75,84,85,-1,75,85,76,-1,76,85,86,-1,76,86,77,-1,77,86,87,-1,77,87,78,-1,78,87,88,-1,78,88,79,-1,79,88,89,-1,79,89,80,-1,80,89,90,-1,80,90,81,-1,81,90,91,-1,83,82,92,-1,83,92,93,-1,93,92,94,-1,93,94,95,-1,95,94,96,-1,95,96,97,-1,97,96,98,-1,97,98,99,-1,99,98,100,-1,99,100,101,-1,101,100,102,-1,101,102,103,-1,74,70,82,-1,82,70,72,-1,72,102,82,-1,82,102,100,-1,82,100,98,-1,98,96,82,-1,82,96,94,-1,82,94,92,-1,73,103,72,-1,72,103,102,-1,71,84,83,-1,73,71,103,-1,103,71,83,-1,103,83,101,-1,101,83,99,-1,93,95,83,-1,83,95,97,-1,83,97,99,-1,57,91,90,-1,57,90,59,-1,59,90,89,-1,59,89,61,-1,61,89,88,-1,61,88,63,-1,63,88,87,-1,63,87,65,-1,65,87,86,-1,65,86,67,-1,67,86,85,-1,67,85,69,-1,69,85,84,-1,69,84,71,-1,81,91,104,-1,104,91,105,-1,104,105,106,-1,106,105,107,-1,106,107,108,-1,108,107,109,-1,108,109,110,-1,110,109,111,-1,110,111,112,-1,112,111,113,-1,112,113,114,-1,114,113,115,-1,116,117,118,-1,118,117,119,-1,118,119,120,-1,120,119,121,-1,120,121,122,-1,122,121,123,-1,122,123,124,-1,124,123,125,-1,124,125,126,-1,126,125,127,-1,126,127,128,-1,128,127,129,-1,128,129,130,-1,130,129,131,-1,130,131,115,-1,115,131,114,-1,119,132,133,-1,119,133,121,-1,121,133,134,-1,121,134,123,-1,123,134,135,-1,123,135,125,-1,125,135,136,-1,125,136,127,-1,127,136,137,-1,127,137,129,-1,129,137,138,-1,129,138,131,-1,139,140,141,-1,141,140,142,-1,141,142,143,-1,143,142,144,-1,143,144,145,-1,145,144,146,-1,145,146,147,-1,147,146,148,-1,147,148,149,-1,149,148,150,-1,149,150,151,-1,151,150,152,-1,151,152,116,-1,116,152,117,-1,140,139,153,-1,153,139,154,-1,153,154,155,-1,155,154,156,-1,155,156,157,-1,157,156,158,-1,157,158,159,-1,159,158,160,-1,159,160,161,-1,161,160,162,-1,161,162,163,-1,163,162,164,-1,163,164,165,-1,165,164,166,-1,163,167,161,-1,161,167,168,-1,161,168,159,-1,159,168,169,-1,159,169,157,-1,157,169,170,-1,157,170,155,-1,155,170,171,-1,155,171,153,-1,153,171,172,-1,153,172,140,-1,140,172,173,-1,165,174,163,-1,163,174,175,-1,163,175,167,-1,165,176,174,-1,174,176,177,-1,174,177,178,-1,178,179,174,-1,174,179,180,-1,174,180,181,-1,182,183,184,-1,184,183,185,-1,174,186,175,-1,175,186,185,-1,175,185,187,-1,187,185,183,-1,175,188,167,-1,167,188,189,-1,167,189,168,-1,168,189,190,-1,168,190,169,-1,169,190,191,-1,169,191,170,-1,170,191,192,-1,170,192,171,-1,171,192,193,-1,171,193,172,-1,172,193,194,-1,172,194,173,-1,173,194,195,-1,139,195,194,-1,139,194,154,-1,154,194,193,-1,154,193,156,-1,156,193,192,-1,156,192,158,-1,158,192,191,-1,158,191,160,-1,160,191,190,-1,160,190,162,-1,162,190,189,-1,162,189,164,-1,196,197,198,-1,198,197,199,-1,198,199,200,-1,201,202,203,-1,203,202,204,-1,201,205,202,-1,202,205,206,-1,202,206,207,-1,207,206,166,-1,207,166,198,-1,164,189,166,-1,166,189,188,-1,166,188,198,-1,198,188,208,-1,198,208,196,-1,207,174,181,-1,207,181,202,-1,202,181,180,-1,202,180,204,-1,204,180,179,-1,204,179,203,-1,203,179,178,-1,203,178,201,-1,201,178,177,-1,201,177,205,-1,205,177,176,-1,205,176,206,-1,206,176,165,-1,206,165,166,-1,186,174,198,-1,198,174,207,-1,186,198,200,-1,186,200,185,-1,185,200,199,-1,185,199,184,-1,184,199,197,-1,184,197,182,-1,182,197,196,-1,182,196,183,-1,183,196,208,-1,183,208,187,-1,187,208,188,-1,187,188,175,-1,173,195,209,-1,209,195,210,-1,209,210,211,-1,211,210,212,-1,211,212,213,-1,213,212,214,-1,213,214,215,-1,215,214,216,-1,215,216,217,-1,217,216,218,-1,217,218,219,-1,219,218,220,-1,219,220,221,-1,221,220,222,-1,
        ]
    }
}
Shape{
    appearance Appearance {
        material  Material 	{
            diffuseColor 0.0 0.2901960784313726 0.8745098039215686
            specularColor 0.0 0.1450980392156863 0.4392156862745098
            ambientIntensity 0.27
            transparency 0.0
            shininess 0.5
        }
    }
    geometry IndexedFaceSet {
        ccw TRUE
        solid FALSE
        coord DEF co Coordinate {
            point [
                -0.3445 -1.221 0.3898, -0.2264 -1.1029 0.3898, -0.3445 -1.221 0.5039, -0.2264 -1.1029 0.5197, -0.3445 -1.221 0.6378, 0.2264 -1.1029 0.5197, 0.3445 -1.221 0.6378, 0.3445 -1.221 0.5039, 0.2264 -1.1029 0.3898, 0.3445 -1.221 0.3898, 0.2264 -0.8273 0.3898, 0.2264 -0.8273 0.5197, -0.2264 -0.8273 0.5197, -0.2264 -0.8273 0.3898
            ]
        }
        coordIndex [
            0,1,2,-1,2,1,3,-1,2,3,4,-1,5,6,3,-1,3,6,4,-1,6,5,7,-1,7,5,8,-1,7,8,9,-1,10,8,11,-1,11,8,5,-1,12,13,11,-1,11,13,10,-1,12,3,13,-1,13,3,1,-1,11,5,12,-1,12,5,3,-1,
        ]
    }
}
Shape{
    appearance Appearance {
        material  Material 	{
            diffuseColor 0.8509803921568627 0.8509803921568627 0.8509803921568627
            specularColor 0.4235294117647059 0.4235294117647059 0.4235294117647059
            ambientIntensity 0.851
            transparency 0.0
            shininess 0.5
        }
    }
    geometry IndexedFaceSet {
        ccw TRUE
        solid FALSE
        coord DEF co Coordinate {
            point [
                -1.5488 -2.4541 0.3858, -1.5488 -2.4541 0.5039, -1.5509 -2.4138 0.3858, -1.5509 -2.4138 0.5039, -1.5487 -2.4566 0.504, -1.5487 -2.4582 0.3859, -1.5485 -2.4592 0.504, -1.5485 -2.4623 0.3859, -0.8134 -2.4541 0.5039, -0.8135 -2.4566 0.504, -0.8137 -2.4592 0.504, -1.4749 -3.8615 0.5407, -0.8873 -3.8615 0.5407, -0.8883 -3.8734 0.5423, -1.4739 -3.8734 0.5425, -0.8885 -3.8754 0.5426, -0.8887 -3.8784 0.543, -1.4737 -3.8754 0.5428, -1.4733 -3.8807 0.5436, -0.8897 -3.8887 0.547, -1.4725 -3.8887 0.547, -0.8898 -3.8902 0.5476, -1.4724 -3.8901 0.5476, -0.8904 -3.8967 0.5501, -1.4716 -3.8988 0.5513, -0.8908 -3.9012 0.5533, -1.4713 -3.9013 0.5531, -0.8913 -3.9054 0.5563, -1.4709 -3.9055 0.5562, -0.892 -3.9126 0.5614, -1.4702 -3.9126 0.5614, -0.8928 -3.9184 0.568, -1.4694 -3.9183 0.5681, -1.469 -3.9217 0.5721, -1.4679 -3.9283 0.5825, -0.8943 -3.9283 0.5825, -1.4685 -3.9252 0.5763, -0.8935 -3.9239 0.5743, -0.8932 -3.9218 0.5719, -0.8957 -3.9348 0.5988, -0.8956 -3.9343 0.5968, -0.8951 -3.933 0.5916, -0.8944 -3.929 0.5839, -1.4678 -3.929 0.5839, -1.4669 -3.9339 0.5938, -1.4666 -3.9345 0.5968, -1.4664 -3.935 0.5988, -1.4654 -3.9376 0.6105, -0.8968 -3.9376 0.6105, -0.8968 -4.055 0.5972, -0.8957 -4.048 0.5678, -0.8956 -4.0469 0.5629, -0.8952 -4.0443 0.5518, -0.8944 -4.0335 0.5306, -0.8943 -4.0317 0.5271, -0.8936 -4.023 0.5099, -0.8932 -4.0152 0.5009, -0.8928 -4.0068 0.4911, -0.892 -3.9924 0.4743, -0.8913 -3.9745 0.4614, -0.8908 -3.9639 0.4538, -0.8905 -3.9545 0.4471, -0.8898 -3.9363 0.4397, -0.8897 -3.9327 0.4383, -0.8889 -3.9109 0.4295, -0.8885 -3.8994 0.4278, -0.8883 -3.8944 0.427, -0.8873 -3.8645 0.4227, -0.8975 -4.0566 0.6112, -0.8975 -3.9392 0.6246, -1.4647 -3.9392 0.6246, -1.4637 -3.945 0.6538, -0.9002 -3.9653 0.6996, -0.8992 -3.952 0.6743, -1.4636 -3.9454 0.6557, -0.8991 -3.9506 0.6716, -0.8985 -3.9462 0.6535, -1.463 -3.953 0.6739, -1.462 -3.9641 0.7002, -0.9008 -3.9733 0.7148, -1.462 -3.9643 0.7006, -1.4612 -3.9778 0.7185, -0.9019 -3.9954 0.7394, -0.901 -3.977 0.719, -1.4603 -3.9935 0.7393, -1.4603 -3.9945 0.7402, -0.9024 -4.006 0.7511, -0.9027 -4.0126 0.7559, -1.4595 -4.0126 0.7559, -1.4592 -4.0188 0.7613, -0.9035 -4.0331 0.7708, -1.4586 -4.0346 0.7701, -0.9036 -4.034 0.7712, -1.4578 -4.0566 0.7823, -1.4576 -4.0615 0.785, -0.9061 -4.106 0.7955, -0.9053 -4.0801 0.791, -1.4569 -4.0804 0.7899, -0.9052 -4.0774 0.7906, -0.9044 -4.0569 0.7814, -1.456 -4.1058 0.7966, -1.4559 -4.1087 0.7974, -0.9068 -4.1254 0.7989, -1.4552 -4.1297 0.7976, -0.907 -4.1296 0.7988, -1.4543 -4.1571 0.7979, -0.9079 -4.1571 0.7979, -1.454 -4.1655 0.7967, -0.9086 -4.1793 0.7925, -1.4535 -4.1793 0.7928, -0.9095 -4.2037 0.7866, -1.4526 -4.2068 0.7851, -1.4525 -4.2101 0.7841, -0.9096 -4.2068 0.7851, -1.4518 -4.226 0.7751, -0.9103 -4.2261 0.7751, -1.4508 -4.2519 0.7605, -0.9113 -4.2519 0.7605, -0.9111 -4.245 0.7654, -0.8986 -4.0592 0.6244, -0.9003 -4.067 0.6424, -0.8992 -4.0621 0.6309, -0.899 -4.0612 0.6288, -0.9008 -3.9733 0.7148, -0.9006 -4.0692 0.6451, -0.901 -4.072 0.6488, -0.9019 -4.0789 0.6578, -0.9021 -4.0807 0.6593, -0.9024 -4.006 0.7511, -0.9027 -4.0859 0.6638, -0.9029 -4.0882 0.6657, -0.9035 -4.0331 0.7708, -0.9036 -4.0955 0.6698, -0.9044 -4.1035 0.6743, -0.9046 -4.1053 0.6753, -0.9052 -4.0774 0.7906, -0.9052 -4.1122 0.6771, -0.9061 -4.1232 0.68, -0.9062 -4.1242 0.6803, -0.9068 -4.1254 0.7989, -0.9067 -4.13 0.6804, -0.9079 -4.1437 0.6805, -0.9081 -4.1467 0.6801, -0.9083 -4.1482 0.6797, -0.9096 -4.1636 0.6754, -0.9097 -4.1647 0.6752, -0.9113 -4.1816 0.6656, -0.9098 -4.1657 0.6746, -1.4508 -4.1816 0.6656, -1.4511 -4.1792 0.6673, -1.4524 -4.1656 0.6744, -0.9097 -4.1647 0.6752, -1.4526 -4.1636 0.6754, -1.4527 -4.1627 0.6759, -1.4539 -4.1482 0.6794, -1.4543 -4.1437 0.6805, -1.4554 -4.1303 0.6809, -1.4555 -4.13 0.6808, -0.9062 -4.1242 0.6803, -1.456 -4.1233 0.6796, -1.457 -4.112 0.6775, -0.9046 -4.1053 0.6753, -1.4571 -4.111 0.6773, -1.4595 -4.0859 0.6638, -0.9029 -4.0882 0.6657, -1.4587 -4.0933 0.6692, -1.4585 -4.0953 0.6701, -1.4578 -4.1037 0.674, -1.463 -4.0617 0.6311, -1.4616 -4.0691 0.6452, -1.4598 -4.0835 0.662, -1.4601 -4.0809 0.6591, -0.9019 -4.0789 0.6578, -1.4612 -4.0717 0.649, -1.4614 -4.0703 0.6475, -0.9003 -4.067 0.6424, -1.463 -4.0612 0.6302, -1.4632 -4.0609 0.629, -0.8986 -4.0592 0.6244, -1.4647 -4.0566 0.6112, -1.4654 -4.055 0.5972, -1.4678 -4.0333 0.5307, -1.4669 -4.0451 0.5545, -1.4666 -4.047 0.5629, -1.4664 -4.0482 0.5678, -1.469 -4.0151 0.501, -1.4685 -4.0236 0.511, -1.4679 -4.0316 0.5272, -1.4739 -3.8943 0.4271, -1.4694 -4.0067 0.4911, -1.4702 -3.9924 0.4743, -1.4709 -3.9745 0.4614, -1.4713 -3.9639 0.4538, -1.4717 -3.956 0.448, -1.4724 -3.9363 0.4399, -1.4725 -3.9326 0.4384, -1.4733 -3.9113 0.4297, -1.4737 -3.8993 0.4279, -1.4749 -3.8645 0.4227, -0.8137 -2.4623 0.3859
            ]
        }
        coordIndex [
            0,1,2,-1,2,1,3,-1,1,0,4,-1,4,0,5,-1,4,5,6,-1,6,5,7,-1,8,1,9,-1,9,1,4,-1,9,4,10,-1,10,4,6,-1,6,11,10,-1,10,11,12,-1,12,11,13,-1,13,11,14,-1,13,14,15,-1,15,14,16,-1,14,17,16,-1,16,17,18,-1,16,18,19,-1,19,18,20,-1,19,20,21,-1,21,20,22,-1,21,22,23,-1,23,22,24,-1,23,24,25,-1,25,24,26,-1,25,26,27,-1,27,26,28,-1,27,28,29,-1,29,28,30,-1,29,30,31,-1,31,30,32,-1,31,32,33,-1,34,35,36,-1,36,35,37,-1,36,37,33,-1,33,37,38,-1,33,38,31,-1,39,40,34,-1,40,41,34,-1,34,41,42,-1,34,42,35,-1,34,43,39,-1,39,43,44,-1,39,44,45,-1,45,46,39,-1,39,46,47,-1,39,47,48,-1,48,49,39,-1,39,49,50,-1,39,50,40,-1,40,50,51,-1,40,51,41,-1,41,51,52,-1,41,52,42,-1,42,52,53,-1,42,53,35,-1,35,53,54,-1,35,54,37,-1,37,54,55,-1,37,55,38,-1,38,55,56,-1,38,56,31,-1,31,56,57,-1,31,57,29,-1,29,57,58,-1,29,58,27,-1,27,58,59,-1,27,59,25,-1,25,59,60,-1,25,60,23,-1,23,60,61,-1,23,61,21,-1,21,61,62,-1,21,62,19,-1,19,62,63,-1,19,63,16,-1,16,63,64,-1,16,64,15,-1,15,64,65,-1,15,65,13,-1,13,65,66,-1,13,66,12,-1,12,66,67,-1,49,48,68,-1,68,48,69,-1,70,69,47,-1,47,69,48,-1,69,70,71,-1,72,73,74,-1,74,73,75,-1,74,75,71,-1,71,75,76,-1,71,76,69,-1,74,77,72,-1,72,77,78,-1,72,78,79,-1,79,78,80,-1,81,82,80,-1,80,82,83,-1,80,83,79,-1,81,84,82,-1,82,84,85,-1,82,85,86,-1,86,85,87,-1,85,88,87,-1,87,88,89,-1,87,89,90,-1,90,89,91,-1,90,91,92,-1,92,91,93,-1,92,93,94,-1,95,96,97,-1,97,96,98,-1,97,98,94,-1,94,98,99,-1,94,99,92,-1,97,100,95,-1,95,100,101,-1,95,101,102,-1,102,101,103,-1,102,103,104,-1,104,103,105,-1,104,105,106,-1,106,105,107,-1,106,107,108,-1,108,107,109,-1,108,109,110,-1,109,111,110,-1,110,111,112,-1,110,112,113,-1,113,112,114,-1,113,114,115,-1,116,117,114,-1,114,117,118,-1,114,118,115,-1,119,68,69,-1,120,121,73,-1,73,121,122,-1,73,122,75,-1,75,122,119,-1,75,119,76,-1,76,119,69,-1,73,72,120,-1,120,72,123,-1,120,123,124,-1,124,123,83,-1,124,83,125,-1,125,83,126,-1,126,83,82,-1,126,82,127,-1,127,82,128,-1,127,128,129,-1,129,128,87,-1,129,87,130,-1,130,87,131,-1,130,131,132,-1,132,131,92,-1,132,92,133,-1,133,92,99,-1,133,99,134,-1,134,99,135,-1,134,135,136,-1,136,135,96,-1,136,96,137,-1,137,96,95,-1,137,95,138,-1,138,95,139,-1,138,139,140,-1,140,139,104,-1,140,104,141,-1,141,104,106,-1,141,106,142,-1,142,106,108,-1,142,108,143,-1,143,108,110,-1,143,110,144,-1,144,110,113,-1,144,113,145,-1,117,146,118,-1,118,146,147,-1,145,113,147,-1,147,113,115,-1,147,115,118,-1,147,146,148,-1,148,149,147,-1,147,149,150,-1,147,150,151,-1,151,150,152,-1,151,152,144,-1,144,152,143,-1,152,153,143,-1,143,153,154,-1,143,154,142,-1,142,154,155,-1,142,155,141,-1,141,155,156,-1,141,156,140,-1,140,156,157,-1,140,157,158,-1,158,157,159,-1,158,159,137,-1,137,159,136,-1,136,159,160,-1,136,160,161,-1,161,160,162,-1,161,162,133,-1,127,129,163,-1,163,129,164,-1,163,164,165,-1,165,164,132,-1,165,132,166,-1,166,132,133,-1,166,133,167,-1,167,133,162,-1,168,122,169,-1,169,122,121,-1,163,170,127,-1,127,170,171,-1,127,171,172,-1,172,171,173,-1,172,173,125,-1,125,173,174,-1,125,174,124,-1,124,174,169,-1,124,169,175,-1,175,169,121,-1,168,176,122,-1,122,176,177,-1,122,177,178,-1,178,177,179,-1,178,179,68,-1,180,49,179,-1,179,49,68,-1,54,53,181,-1,181,53,52,-1,181,52,182,-1,182,52,51,-1,182,51,183,-1,183,51,50,-1,183,50,184,-1,184,50,49,-1,184,49,180,-1,57,56,185,-1,185,56,55,-1,185,55,186,-1,186,55,54,-1,186,54,187,-1,187,54,181,-1,65,64,188,-1,185,189,57,-1,57,189,190,-1,57,190,58,-1,58,190,191,-1,58,191,59,-1,59,191,192,-1,59,192,60,-1,60,192,193,-1,60,193,61,-1,61,193,194,-1,61,194,62,-1,62,194,195,-1,62,195,63,-1,63,195,196,-1,63,196,64,-1,64,196,197,-1,64,197,188,-1,65,188,66,-1,66,188,198,-1,66,198,67,-1,199,67,7,-1,7,67,198,-1,10,12,199,-1,199,12,67,-1,
        ]
    }
}
Shape{
    appearance Appearance {
        material  Material 	{
            diffuseColor 0.0 0.2901960784313726 0.8745098039215686
            specularColor 0.0 0.1450980392156863 0.4392156862745098
            ambientIntensity 0.27
            transparency 0.0
            shininess 0.5
        }
    }
    geometry IndexedFaceSet {
        ccw TRUE
        solid FALSE
        coord DEF co Coordinate {
            point [
                -0.8137 -2.4592 0.504, -0.8137 -2.4623 0.3859, -0.8135 -2.4566 0.504, -0.8135 -2.4582 0.3859, -0.8134 -2.4541 0.5039, -0.8134 -2.4541 0.3858
            ]
        }
        coordIndex [
            0,1,2,-1,2,1,3,-1,2,3,4,-1,4,3,5,-1,
        ]
    }
}
Shape{
    appearance Appearance {
        material  Material 	{
            diffuseColor 0.8509803921568627 0.8509803921568627 0.8509803921568627
            specularColor 0.4235294117647059 0.4235294117647059 0.4235294117647059
            ambientIntensity 0.851
            transparency 0.0
            shininess 0.5
        }
    }
    geometry IndexedFaceSet {
        ccw TRUE
        solid FALSE
        coord DEF co Coordinate {
            point [
                -0.8134 -2.4541 0.5039, -0.8134 -2.4541 0.3858, -0.8112 -2.4138 0.5039, -0.8112 -2.4138 0.3858, -0.8077 -2.3942 0.5039, -0.8077 -2.3942 0.3858, -0.7994 -2.3762 0.5039, -0.7994 -2.3762 0.3858, -0.7868 -2.3608 0.5039, -0.7868 -2.3608 0.3858, -0.7708 -2.349 0.5039, -0.7708 -2.349 0.3858, -0.7523 -2.3417 0.5039, -0.7523 -2.3417 0.3858, -0.7326 -2.3392 0.5039, -0.7326 -2.3392 0.3858, -0.7129 -2.3392 0.3858, -0.7129 -2.3392 0.5039, -0.6343 -2.422 0.3858, -0.6343 -2.422 0.5039, -0.6354 -2.4038 0.3858, -0.6354 -2.4038 0.5039, -0.6407 -2.3864 0.3858, -0.6407 -2.3864 0.5039, -0.6499 -2.3707 0.3858, -0.6499 -2.3707 0.5039, -0.6624 -2.3574 0.3858, -0.6624 -2.3574 0.5039, -0.6777 -2.3475 0.3858, -0.6777 -2.3475 0.5039, -0.6948 -2.3413 0.3858, -0.6948 -2.3413 0.5039, -0.7579 -4.7786 0.3858, -0.7579 -4.7786 0.5039, -0.9545 -4.9651 0.3858, -0.9545 -4.9651 0.5039, -0.9052 -4.9589 0.3858, -0.9052 -4.9589 0.5039, -0.8591 -4.9405 0.3858, -0.8591 -4.9405 0.5039, -0.819 -4.9111 0.3858, -0.819 -4.9111 0.5039, -0.7876 -4.8726 0.3858, -0.7876 -4.8726 0.5039, -0.7668 -4.8275 0.3858, -0.7668 -4.8275 0.5039, -1.4077 -4.9651 0.5039, -1.4077 -4.9651 0.3858, -1.6043 -4.7786 0.3858, -1.6043 -4.7786 0.5039, -1.5954 -4.8275 0.3858, -1.5954 -4.8275 0.5039, -1.5746 -4.8726 0.3858, -1.5746 -4.8726 0.5039, -1.5432 -4.9111 0.3858, -1.5432 -4.9111 0.5039, -1.5031 -4.9405 0.3858, -1.5031 -4.9405 0.5039, -1.457 -4.9589 0.3858, -1.457 -4.9589 0.5039, -1.7279 -2.422 0.5039, -1.7279 -2.422 0.3858, -1.6493 -2.3392 0.3858, -1.6493 -2.3392 0.5039, -1.6674 -2.3413 0.3858, -1.6674 -2.3413 0.5039, -1.6845 -2.3475 0.3858, -1.6845 -2.3475 0.5039, -1.6998 -2.3574 0.3858, -1.6998 -2.3574 0.5039, -1.7123 -2.3707 0.3858, -1.7123 -2.3707 0.5039, -1.7215 -2.3864 0.3858, -1.7215 -2.3864 0.5039, -1.7268 -2.4038 0.3858, -1.7268 -2.4038 0.5039, -1.6296 -2.3392 0.5039, -1.6296 -2.3392 0.3858, -1.6099 -2.3417 0.5039, -1.6099 -2.3417 0.3858, -1.5914 -2.349 0.5039, -1.5914 -2.349 0.3858, -1.5754 -2.3608 0.5039, -1.5754 -2.3608 0.3858, -1.5628 -2.3762 0.5039, -1.5628 -2.3762 0.3858, -1.5545 -2.3942 0.5039, -1.5545 -2.3942 0.3858, -1.5509 -2.4138 0.5039, -1.5509 -2.4138 0.3858
            ]
        }
        coordIndex [
            0,1,2,-1,2,1,3,-1,2,3,4,-1,4,3,5,-1,4,5,6,-1,6,5,7,-1,6,7,8,-1,8,7,9,-1,8,9,10,-1,10,9,11,-1,10,11,12,-1,12,11,13,-1,12,13,14,-1,14,13,15,-1,15,16,14,-1,14,16,17,-1,18,19,20,-1,20,19,21,-1,20,21,22,-1,22,21,23,-1,22,23,24,-1,24,23,25,-1,24,25,26,-1,26,25,27,-1,26,27,28,-1,28,27,29,-1,28,29,30,-1,30,29,31,-1,30,31,16,-1,16,31,17,-1,18,32,19,-1,19,32,33,-1,34,35,36,-1,36,35,37,-1,36,37,38,-1,38,37,39,-1,38,39,40,-1,40,39,41,-1,40,41,42,-1,42,41,43,-1,42,43,44,-1,44,43,45,-1,44,45,32,-1,32,45,33,-1,46,35,47,-1,47,35,34,-1,48,49,50,-1,50,49,51,-1,50,51,52,-1,52,51,53,-1,52,53,54,-1,54,53,55,-1,54,55,56,-1,56,55,57,-1,56,57,58,-1,58,57,59,-1,58,59,47,-1,47,59,46,-1,60,49,61,-1,61,49,48,-1,62,63,64,-1,64,63,65,-1,64,65,66,-1,66,65,67,-1,66,67,68,-1,68,67,69,-1,68,69,70,-1,70,69,71,-1,70,71,72,-1,72,71,73,-1,72,73,74,-1,74,73,75,-1,74,75,61,-1,61,75,60,-1,76,63,77,-1,77,63,62,-1,76,77,78,-1,78,77,79,-1,78,79,80,-1,80,79,81,-1,80,81,82,-1,82,81,83,-1,82,83,84,-1,84,83,85,-1,84,85,86,-1,86,85,87,-1,86,87,88,-1,88,87,89,-1,
        ]
    }
}
Shape{
    appearance Appearance {
        material  Material 	{
            diffuseColor 0.0 0.2901960784313726 0.8745098039215686
            specularColor 0.0 0.1450980392156863 0.4392156862745098
            ambientIntensity 0.27
            transparency 0.0
            shininess 0.5
        }
    }
    geometry IndexedFaceSet {
        ccw TRUE
        solid FALSE
        coord DEF co Coordinate {
            point [
                -0.8137 -2.4623 0.3859, -1.5485 -2.4623 0.3859, -0.8135 -2.4582 0.3859, -1.5487 -2.4582 0.3859, -0.8134 -2.4541 0.3858, -1.5488 -2.4541 0.3858
            ]
        }
        coordIndex [
            0,1,2,-1,2,1,3,-1,2,3,4,-1,4,3,5,-1,
        ]
    }
}
Shape{
    appearance Appearance {
        material  Material 	{
            diffuseColor 0.8509803921568627 0.8509803921568627 0.8509803921568627
            specularColor 0.4235294117647059 0.4235294117647059 0.4235294117647059
            ambientIntensity 0.851
            transparency 0.0
            shininess 0.5
        }
    }
    geometry IndexedFaceSet {
        ccw TRUE
        solid FALSE
        coord DEF co Coordinate {
            point [
                -1.5485 -2.4623 0.3859, -1.4749 -3.8645 0.4227, -1.5485 -2.4592 0.504, -1.4749 -3.8615 0.5407, -1.4678 -4.0333 0.5307, -1.4679 -3.9283 0.5825, -1.4679 -4.0316 0.5272, -1.4685 -3.9252 0.5763, -1.4654 -4.055 0.5972, -1.4654 -3.9376 0.6105, -1.4664 -4.0482 0.5678, -1.4664 -3.935 0.5988, -1.4666 -4.047 0.5629, -1.4666 -3.9345 0.5968, -1.4669 -4.0451 0.5545, -1.4669 -3.9339 0.5938, -1.4678 -3.929 0.5839, -1.4739 -3.8734 0.5425, -1.4739 -3.8943 0.4271, -1.4737 -3.8754 0.5428, -1.4737 -3.8993 0.4279, -1.4733 -3.8807 0.5436, -1.4733 -3.9113 0.4297, -1.4725 -3.8887 0.547, -1.4725 -3.9326 0.4384, -1.4724 -3.8901 0.5476, -1.4724 -3.9363 0.4399, -1.4716 -3.8988 0.5513, -1.4717 -3.956 0.448, -1.4713 -3.9013 0.5531, -1.4713 -3.9639 0.4538, -1.4709 -3.9055 0.5562, -1.4709 -3.9745 0.4614, -1.4702 -3.9126 0.5614, -1.4702 -3.9924 0.4743, -1.4694 -3.9183 0.5681, -1.4694 -4.0067 0.4911, -1.469 -3.9217 0.5721, -1.469 -4.0151 0.501, -1.4685 -4.0236 0.511, -1.4647 -3.9392 0.6246, -1.4647 -4.0566 0.6112, -1.4511 -4.1792 0.6673, -1.4508 -4.1816 0.6656, -1.4508 -4.2519 0.7605, -1.4524 -4.1656 0.6744, -1.4518 -4.226 0.7751, -1.4525 -4.2101 0.7841, -1.4526 -4.1636 0.6754, -1.4526 -4.2068 0.7851, -1.4527 -4.1627 0.6759, -1.4539 -4.1482 0.6794, -1.4535 -4.1793 0.7928, -1.454 -4.1655 0.7967, -1.4543 -4.1437 0.6805, -1.4543 -4.1571 0.7979, -1.4554 -4.1303 0.6809, -1.4552 -4.1297 0.7976, -1.4555 -4.13 0.6808, -1.4559 -4.1087 0.7974, -1.456 -4.1233 0.6796, -1.456 -4.1058 0.7966, -1.457 -4.112 0.6775, -1.4569 -4.0804 0.7899, -1.4571 -4.111 0.6773, -1.4576 -4.0615 0.785, -1.4578 -4.1037 0.674, -1.4578 -4.0566 0.7823, -1.4585 -4.0953 0.6701, -1.4586 -4.0346 0.7701, -1.4587 -4.0933 0.6692, -1.4592 -4.0188 0.7613, -1.4595 -4.0859 0.6638, -1.4595 -4.0126 0.7559, -1.4598 -4.0835 0.662, -1.4603 -3.9945 0.7402, -1.4601 -4.0809 0.6591, -1.4603 -3.9935 0.7393, -1.4612 -4.0717 0.649, -1.4612 -3.9778 0.7185, -1.4614 -4.0703 0.6475, -1.4616 -4.0691 0.6452, -1.462 -3.9643 0.7006, -1.462 -3.9641 0.7002, -1.463 -4.0617 0.6311, -1.463 -3.953 0.6739, -1.463 -4.0612 0.6302, -1.4637 -3.945 0.6538, -1.4632 -4.0609 0.629, -1.4636 -3.9454 0.6557, -1.4372 -4.3909 0.5108, -1.4372 -4.4611 0.6057, -1.4283 -4.4302 0.4817, -1.4283 -4.5004 0.5766, -1.4075 -4.4664 0.4548, -1.4075 -4.5367 0.5498, -1.3761 -4.4974 0.432, -1.3761 -4.5676 0.5269, -1.336 -4.521 0.4145, -1.336 -4.5912 0.5094, -1.2899 -4.5358 0.4035, -1.2899 -4.606 0.4985, -1.2406 -4.5408 0.3998, -1.2406 -4.6111 0.4948, -1.1216 -4.6111 0.4948, -1.1216 -4.5408 0.3998, -0.9113 -4.1816 0.6656, -0.925 -4.3909 0.5108, -0.9338 -4.4302 0.4817, -0.9546 -4.4664 0.4548, -0.9861 -4.4974 0.432, -1.0261 -4.521 0.4145, -1.0723 -4.5358 0.4035, -1.0723 -4.606 0.4985, -1.0261 -4.5912 0.5094, -0.9861 -4.5676 0.5269, -0.9546 -4.5367 0.5498, -0.9338 -4.5004 0.5766, -0.925 -4.4611 0.6057, -0.9113 -4.2519 0.7605, -2.1653 -5.1187 2.5197, -2.1653 -5.1187 2.6378, -2.1673 -5.1012 2.5197, -2.1673 -5.1012 2.6378, -2.1731 -5.0845 2.5197, -2.1731 -5.0845 2.6378, -2.1825 -5.0696 2.5197, -2.1825 -5.0696 2.6378, -2.195 -5.0571 2.5197, -2.195 -5.0571 2.6378, -2.2099 -5.0477 2.5197, -2.2099 -5.0477 2.6378, -2.2266 -5.0419 2.5197, -2.2266 -5.0419 2.6378, -2.2441 -5.0399 2.5197, -2.2441 -5.0399 2.6378, -2.1653 -5.1492 2.6418, -2.1653 -5.1798 2.5277, -2.1653 -5.1777 2.6536, -2.1653 -5.2368 2.5513, -2.1653 -5.2022 2.6724, -2.1653 -5.2857 2.5889, -2.1653 -5.221 2.6969, -2.1653 -5.3233 2.6378, -2.1653 -5.2328 2.7253, -2.1653 -5.3469 2.6948, -2.1653 -5.2368 2.7559, -2.1653 -5.3549 2.7559, -2.1653 -5.2368 2.8307, -2.1653 -5.3549 2.8307, -2.162 -5.3549 2.8562, -2.162 -5.2368 2.8562, -2.1522 -5.3549 2.8799, -2.1522 -5.2368 2.8799, -2.1365 -5.3549 2.9003, -2.1365 -5.2368 2.9003, -2.1161 -5.3549 2.916, -2.1161 -5.2368 2.916, -2.0924 -5.3549 2.9258, -2.0924 -5.2368 2.9258, -2.0669 -5.3549 2.9291, -2.0669 -5.2368 2.9291, 2.1654 -5.3549 2.7559, 2.1654 -5.3549 2.8307, 2.0669 -5.3549 2.9291, 2.0924 -5.3549 2.9258, 2.162 -5.3549 2.8562, 2.1522 -5.3549 2.8799, 2.1365 -5.3549 2.9003, 2.1162 -5.3549 2.916, 2.0669 -5.2368 2.9291, 2.1654 -5.2368 2.8307, 2.1654 -5.2368 2.7559, 2.0924 -5.2368 2.9258, 2.1162 -5.2368 2.916, 2.1365 -5.2368 2.9003, 2.162 -5.2368 2.8562, 2.1522 -5.2368 2.8799, 2.1654 -5.2328 2.7253, 2.1654 -5.221 2.6969, 2.1654 -5.2022 2.6724, 2.1654 -5.1777 2.6536, 2.1654 -5.1492 2.6418, 2.1654 -5.1187 2.6378, 2.1654 -5.3469 2.6948, 2.1654 -5.3233 2.6378, 2.1654 -5.2857 2.5889, 2.1654 -5.2368 2.5513, 2.1654 -5.1798 2.5277, 2.1654 -5.1187 2.5197, 2.168 -5.0983 2.6378, 2.168 -5.0983 2.5197, 2.1759 -5.0793 2.6378, 2.1759 -5.0793 2.5197, 2.1884 -5.063 2.6378, 2.1884 -5.063 2.5197, 2.2047 -5.0505 2.6378, 2.2047 -5.0505 2.5197, 2.2237 -5.0426 2.6378, 2.2237 -5.0426 2.5197, 2.2441 -5.0399 2.6378, 2.2441 -5.0399 2.5197, 2.4606 0.8931 2.4016, 2.4606 -5.0399 2.4016, 2.4576 0.8931 2.428, 2.4576 -5.0399 2.428, 2.4488 0.8931 2.4531, 2.4488 -5.0399 2.4531, 2.4346 0.8931 2.4756, 2.4346 -5.0399 2.4756, 2.4213 0.8931 2.4896, 2.4157 0.8933 2.4943, 2.4157 -5.0399 2.4943, 2.4029 0.8953 2.5031, 2.3931 0.8984 2.5083, 2.3931 -5.0399 2.5083, 2.3855 0.9017 2.5116, 2.3576 0.9256 2.5187, 2.3679 0.914 2.5169, 2.3679 -5.0399 2.5169, 2.3703 0.9121 2.5163, 2.3776 0.9063 2.5144, 2.3425 -5.0399 2.5197, 2.3427 0.9664 2.5197, 2.3435 0.9595 2.5197, 2.3485 0.9417 2.5195, 2.5788 0.8931 2.3622, 2.4606 0.8931 2.3622, 2.5788 0.8931 2.4016, 2.5728 0.8931 2.4545, 2.5551 0.8931 2.5046, 2.5266 0.8931 2.5496, 2.4888 0.8931 2.5871, 2.4436 0.8931 2.6151, 2.4213 0.8931 2.6243, 2.3464 0.9961 2.6378, 2.3465 0.9961 2.6362, 2.3536 1.0121 2.6375, 2.346 0.9951 2.6361, 2.3428 0.9656 2.6378, 2.3426 0.9753 2.6329, 2.3428 0.978 2.6378, 2.3425 0.9729 2.6324, 2.3425 0.9719 2.6322, 2.3425 0.9719 2.5197, 2.3576 0.9256 2.6373, 2.3485 0.9417 2.6377, 2.3435 0.9595 2.6378, 2.3702 0.912 2.6362, 2.4029 0.8953 2.63, 2.3932 0.8989 2.6321, 2.3855 0.9017 2.6338, 2.3427 0.9776 2.6334, 2.3428 0.978 2.6334, 2.3428 0.9781 2.6378, 2.344 0.9873 2.6378, -1.6142 1.0718 2.5083, -1.6105 1.0694 2.5093, -2.3425 1.0698 2.5101, 1.6149 1.1297 2.4508, 1.6125 1.1304 2.4493, 2.3425 1.131 2.4496, -1.6322 1.1279 2.456, -1.6326 1.1274 2.4569, -2.3425 1.131 2.4496, -1.6305 1.1296 2.4526, -1.592 1.139 2.4236, -1.6008 1.138 2.4281, -2.3425 1.1395 2.4215, -1.6087 1.1371 2.4322, -1.6124 1.1367 2.434, -1.6287 1.1311 2.4494, -1.6288 1.131 2.4495, -1.6295 1.1306 2.4504, -1.6192 1.1348 2.4396, -1.6242 1.1334 2.4437, -1.6262 1.1324 2.4462, -1.5713 1.1405 2.415, -2.3425 1.1412 2.4016, 1.5622 1.1405 2.415, 2.3425 1.1412 2.4016, 1.5714 1.139 2.4214, 2.3425 1.1395 2.4215, 1.596 1.1351 2.4385, -1.5785 1.1401 2.4177, -1.5854 1.1397 2.4202, -1.5879 1.1395 2.4215, 1.598 1.1348 2.4399, 1.6283 1.0704 2.5097, 1.6295 1.072 2.5091, 2.3425 1.0698 2.5101, 1.6303 1.0736 2.5083, 1.632 1.0771 2.5066, 1.6326 1.0785 2.5059, 1.6331 1.0805 2.5047, 1.6339 1.0846 2.5024, 2.3425 1.0951 2.4952, 1.6339 1.0951 2.4952, 2.3425 1.1159 2.4747, 1.6339 1.1159 2.4747, 1.6339 1.124 2.463, 1.5973 1.0479 2.5169, 2.3425 1.0416 2.5182, 1.588 1.0431 2.5179, 1.5854 1.0418 2.5182, 1.6059 1.0522 2.5159, 1.6124 1.0556 2.5151, 1.6186 1.0606 2.5135, 1.6225 1.0639 2.5124, 1.6242 1.0653 2.5119, 1.6278 1.0698 2.51, -2.3425 1.0228 2.5197, 1.5551 1.0315 2.5194, 2.3427 1.0231 2.5197, 1.5726 1.0374 2.5187, 1.5851 1.0416 2.5182, -2.3425 1.0416 2.5182, -1.5945 1.059 2.5141, -1.5694 1.0415 2.5175, -1.5551 1.0315 2.5194, -1.6331 1.126 2.4595, -1.6338 1.124 2.463, -2.3425 1.1159 2.4747, -1.6338 1.1159 2.4747, -2.3425 1.0951 2.4952, -1.6338 1.0951 2.4952, -1.6338 1.0846 2.5024, -2.3425 1.2593 0.9055, -2.3425 1.1412 0.9055, -2.3425 1.2593 2.4016, -2.3425 1.2513 2.4627, -2.3425 1.2277 2.5197, -2.3425 1.1901 2.5686, -2.3425 0.9719 2.5197, -2.3425 0.9719 2.6322, -2.3425 1.0231 2.6378, -2.3425 1.0842 2.6297, -2.3425 1.1412 2.6062, 1.5587 1.2583 2.4234, 1.5867 1.2501 2.4625, 2.3425 1.2513 2.4627, -1.5998 1.2539 2.4519, -1.5916 1.2549 2.4455, -1.5777 1.2566 2.4345, -1.5635 1.2583 2.4234, 2.3425 1.2593 2.4016, -1.6293 1.2384 2.4988, -1.6303 1.236 2.5035, -1.6316 1.2324 2.5104, -1.6256 1.2415 2.4909, -1.6225 1.2441 2.4841, -1.6185 1.2474 2.4756, -1.614 1.249 2.4699, -1.6083 1.251 2.4626, -1.6082 1.251 2.4625, -1.6338 1.2248 2.5245, -1.6336 1.2274 2.5201, -1.6335 1.2277 2.5197, -1.633 1.2289 2.5174, -1.6338 1.1901 2.5686, -1.6338 1.146 2.6033, -1.6299 1.141 2.6056, -1.5945 1.095 2.6266, -1.5867 1.084 2.6287, 1.5973 1.0716 2.6326, 1.5943 1.0681 2.6335, 2.3428 1.0231 2.6378, 1.5876 1.0632 2.6341, 1.5719 1.052 2.6356, 1.5551 1.0399 2.6372, -1.5551 1.0399 2.6372, 1.6184 1.0977 2.6255, 1.6158 1.0929 2.6272, 2.3425 1.0842 2.6297, 2.3425 1.1412 2.6062, 1.6334 1.1412 2.6061, 1.6332 1.138 2.608, 1.633 1.1362 2.6089, 1.6316 1.131 2.6114, 1.6298 1.1241 2.6148, 1.627 1.1139 2.6196, 1.6256 1.1113 2.6206, 1.622 1.1046 2.623, 1.6126 1.0891 2.6282, 1.6082 1.0842 2.6294, 1.6054 1.0809 2.6303, 2.3425 1.2277 2.5197, 1.6339 1.2248 2.5245, 2.3425 1.1901 2.5686, 1.6339 1.1901 2.5686, 1.6339 1.146 2.6033, 1.596 1.2474 2.4755, 1.5963 1.2473 2.4759, 1.63 1.2272 2.5194, 1.7673 1.2593 0.2538, 1.752 1.2593 0.2559, 2.3425 1.2593 0.9055, -1.752 1.2593 0.2559, 1.811 1.2593 0.0984, 1.811 1.2593 0.1968, 2.5002 1.2593 0.0394, 1.809 1.2593 0.2121, 2.5002 1.2593 0.9055, 1.8031 1.2593 0.2263, 1.7937 1.2593 0.2386, 1.7815 1.2593 0.2479, -1.7672 1.2593 0.2538, -1.7815 1.2593 0.2479, -2.5002 1.2593 0.9055, -1.809 1.2593 0.2121, -2.5002 1.2593 0.0394, -1.8031 1.2593 0.2263, -1.7937 1.2593 0.2386, -1.811 1.2593 0.1968, -1.811 1.2593 0.0984, -1.8701 1.2593 0.0394, -1.8548 1.2593 0.0414, 1.8701 1.2593 0.0394, 1.8548 1.2593 0.0414, 1.8406 1.2593 0.0473, -1.813 1.2593 0.0831, -1.8189 1.2593 0.0689, -1.8405 1.2593 0.0473, -1.8283 1.2593 0.0567, 1.8283 1.2593 0.0567, 1.8189 1.2593 0.0689, 1.813 1.2593 0.0831, -1.811 1.1412 0.0984, -1.813 1.1412 0.0831, -1.8189 1.1412 0.0689, -1.8283 1.1412 0.0567, -1.8405 1.1412 0.0473, -1.8548 1.1412 0.0414, -1.8701 1.1412 0.0394, -1.7672 1.1412 0.2538, -1.752 1.1412 0.2559, 1.8701 1.1412 0.0394, 2.5002 1.1412 0.0394, 1.811 1.1412 0.0984, 1.811 1.1412 0.1968, 1.752 1.1412 0.2559, 2.3425 1.1412 0.9055, 1.7673 1.1412 0.2538, 1.7815 1.1412 0.2479, 2.5002 1.1412 0.9055, 1.7937 1.1412 0.2386, 1.8031 1.1412 0.2263, 1.809 1.1412 0.2121, -2.5002 1.1412 0.9055, -2.5002 1.1412 0.0394, -1.809 1.1412 0.2121, -1.8031 1.1412 0.2263, -1.7937 1.1412 0.2386, -1.7815 1.1412 0.2479, 1.8283 1.1412 0.0567, 1.8189 1.1412 0.0689, 1.813 1.1412 0.0831, 1.8406 1.1412 0.0473, 1.8548 1.1412 0.0414, -1.811 1.1412 0.1968, -2.5613 1.2513 0.0394, -2.5265 1.1383 0.0394, -2.6183 1.2277 0.0394, -2.5514 1.1295 0.0394, -2.6672 1.1901 0.0394, -2.5738 1.1154 0.0394, -2.5925 1.0967 0.0394, -2.7048 1.1412 0.0394, -2.6066 1.0744 0.0394, -2.7284 1.0842 0.0394, -2.6153 1.0494 0.0394, -2.7364 1.0231 0.0394, -2.6183 1.0231 0.0394, -2.6183 0.2436 0.0394, -2.6577 0.2042 0.0394, -2.7364 0.2042 0.0394, -2.7364 1.0231 0.9055, -2.7284 1.0842 0.9055, -2.7048 1.1412 0.9055, -2.6672 1.1901 0.9055, -2.6183 1.2277 0.9055, -2.5613 1.2513 0.9055, -2.5265 1.1383 0.9055, -2.5514 1.1295 0.9055, -2.5738 1.1154 0.9055, -2.7364 0.2633 0.9055, -2.6183 0.2633 0.9055, -2.6183 1.0231 0.9055, -2.6153 1.0494 0.9055, -2.6066 1.0744 0.9055, -2.5925 1.0967 0.9055, -2.6183 0.4011 0.5905, -2.6183 0.8341 0.5905, -2.6183 0.8341 0.2362, -2.6183 0.4011 0.2362, -2.6183 0.2436 0.9021, -2.6183 0.248 0.9034, -2.6577 0.2042 0.8464, -2.6281 0.2337 0.8975, -2.6283 0.2336 0.8975, -2.6403 0.2215 0.8881, -2.6406 0.2213 0.8879, -2.6489 0.213 0.8774, -2.6496 0.2122 0.8759, -2.6567 0.2052 0.8573, -2.6554 0.2065 0.8616, -2.6537 0.2082 0.8677, -2.7364 0.2042 0.8464, -2.7364 0.4011 0.5905, -2.7364 0.4011 0.2362, -2.7364 0.8341 0.2362, -2.7364 0.8341 0.5905, -2.7364 0.248 0.9034, -2.7364 0.2062 0.8617, -2.7364 0.2121 0.8759, -2.7364 0.2215 0.8882, -2.7364 0.2337 0.8976, -2.6406 0.2213 0.8879, -2.6283 0.2336 0.8975, -2.6489 0.213 0.8774, -2.6537 0.2082 0.8677, 2.3425 0.9973 2.6364, 2.6183 0.2633 0.9055, 2.7364 0.2633 0.9055, 2.6183 1.0231 0.9055, 2.7364 1.0231 0.9055, 2.6143 1.0537 0.9055, 2.7305 1.0757 0.9055, 2.6025 1.0822 0.9055, 2.713 1.1256 0.9055, 2.5837 1.1066 0.9055, 2.5528 1.2534 0.9055, 2.5308 1.1372 0.9055, 2.6027 1.2359 0.9055, 2.5593 1.1254 0.9055, 2.6475 1.2078 0.9055, 2.6849 1.1704 0.9055, 2.7364 1.0231 0.0394, 2.7305 1.0757 0.0394, 2.713 1.1256 0.0394, 2.6849 1.1704 0.0394, 2.6475 1.2078 0.0394, 2.6027 1.2359 0.0394, 2.5528 1.2534 0.0394, 2.5308 1.1372 0.0394, 2.5593 1.1254 0.0394, 2.5837 1.1066 0.0394, 2.6025 1.0822 0.0394, 2.6143 1.0537 0.0394, 2.6183 1.0231 0.0394, 2.6183 0.2436 0.0394, 2.7364 0.2042 0.0394, 2.6577 0.2042 0.0394, 2.6183 0.2436 0.9021, 2.6183 0.25 0.904, 2.6183 0.4011 0.5905, 2.6183 0.8341 0.5905, 2.6183 0.8341 0.2362, 2.6183 0.4011 0.2362, 2.6577 0.2042 0.8464, 2.7364 0.2042 0.8464, 2.6567 0.2052 0.8572, 2.7364 0.2056 0.8591, 2.6562 0.2057 0.859, 2.6538 0.2081 0.8674, 2.7364 0.2099 0.8717, 2.6518 0.2101 0.8716, 2.649 0.2129 0.8772, 2.7364 0.2169 0.883, 2.6447 0.2172 0.8827, 2.6407 0.2212 0.8879, 2.7364 0.2263 0.8924, 2.6353 0.2266 0.892, 2.6283 0.2335 0.8974, 2.7364 0.2375 0.8995, 2.6243 0.2376 0.8993, 2.7364 0.25 0.904, 2.6538 0.2081 0.8674, 2.6567 0.2052 0.8572, 2.6407 0.2212 0.8879, 2.7364 0.4011 0.5905, 2.7364 0.4011 0.2362, 2.7364 0.8341 0.2362, 2.7364 0.8341 0.5905, -1.5676 1.1784 2.4177, 1.5611 1.1696 2.4171, 1.56 1.1994 2.4192, 1.5595 1.2122 2.4201, -1.5665 1.1994 2.4192, -1.6336 1.2274 2.5201, -1.5785 1.1986 2.4255, -1.6288 1.1578 2.4611, -1.6263 1.1595 2.4572, -1.6242 1.1334 2.4437, -1.6232 1.1612 2.4529, -1.6195 1.1627 2.4487, -1.6146 1.1642 2.444, -1.6089 1.1655 2.4393, -1.6011 1.1668 2.4338, -1.5923 1.1973 2.434, -1.6295 1.1306 2.4504, -1.6288 1.1852 2.4732, -1.6323 1.1803 2.4832, -1.6307 1.1829 2.4781, -1.6293 1.2384 2.4988, -1.6263 1.1872 2.4684, -1.6232 1.1892 2.4633, -1.6195 1.191 2.4583, -1.6185 1.2474 2.4756, -1.6146 1.1928 2.4526, -1.6089 1.1944 2.447, -1.6011 1.196 2.4404, -1.5998 1.2539 2.4519, -1.6338 1.1153 2.5529, -1.5551 1.0357 2.5783, -1.6142 1.0967 2.5627, -1.5945 1.077 2.5703, -1.5945 1.0679 2.5419, -1.5945 1.095 2.6266, -1.5551 1.0336 2.5485, 1.5551 1.0357 2.5783, 1.5727 1.0439 2.5775, 1.6259 1.0781 2.5382, 1.6227 1.0738 2.5399, 1.6188 1.0695 2.5414, 1.6124 1.0556 2.5151, 1.613 1.0641 2.5431, 1.6062 1.0588 2.5445, 1.5977 1.0532 2.5458, 1.5881 1.0527 2.5763, 1.6295 1.072 2.5091, 1.6284 1.082 2.5366, 1.6242 1.0653 2.5119, 1.6326 1.0785 2.5059, 1.6321 1.104 2.5592, 1.6305 1.0989 2.5617, 1.633 1.1362 2.6089, 1.6284 1.094 2.564, 1.6188 1.079 2.5697, 1.6227 1.0841 2.568, 1.6259 1.0892 2.566, 1.613 1.0724 2.5718, 1.5977 1.0593 2.575, 1.6062 1.066 2.5735, 1.6339 1.1744 2.4938, 1.6149 1.1839 2.4759, 1.596 1.1914 2.4571, 1.598 1.1348 2.4399, 1.596 1.163 2.4477, 1.5963 1.2473 2.4759, 2.5788 0.9719 2.2835, 2.4606 0.9719 2.2835, 2.5788 0.9515 2.2862, 2.4606 0.9515 2.2862, 2.5788 0.9325 2.294, 2.4606 0.9325 2.294, 2.5788 0.9162 2.3065, 2.4606 0.9162 2.3065, 2.5788 0.9037 2.3228, 2.4606 0.9037 2.3228, 2.5788 0.8958 2.3418, 2.4606 0.8958 2.3418, 2.5788 1.0703 2.2835, 2.4606 1.0703 2.2835, 2.5788 1.0907 2.2808, 2.4606 1.0907 2.2808, 2.5788 1.1097 2.2729, 2.4606 1.1097 2.2729, 2.5788 1.126 2.2604, 2.4606 1.126 2.2604, 2.5788 1.1385 2.2441, 2.4606 1.1385 2.2441, 2.5788 1.1464 2.2251, 2.4606 1.1464 2.2251, 2.5788 1.149 2.2047, 2.4606 1.149 2.2047, 2.5788 1.149 1.0433, 2.4606 1.149 1.0433, 2.5788 1.147 1.028, 2.4606 1.147 1.028, 2.5788 1.1411 1.0138, 2.4606 1.1411 1.0138, 2.5788 1.1317 1.0016, 2.4606 1.1317 1.0016, 2.5788 1.1195 0.9922, 2.4606 1.1195 0.9922, 2.5788 1.1053 0.9863, 2.4606 1.1053 0.9863, 2.5788 1.09 0.9843, 2.4606 1.09 0.9843, 2.4606 1.0112 0.9843, 2.4803 1.0112 0.9843, 2.5788 0.9128 0.9843, 2.5394 0.9522 0.9252, 2.4606 0.9522 0.9252, 2.4606 0.953 0.9351, 2.4606 0.9572 0.949, 2.5342 0.9573 0.949, 2.5355 0.9561 0.9465, 2.5384 0.9532 0.9366, 2.5385 0.9531 0.9351, 2.4606 0.9647 0.9615, 2.4606 0.9749 0.9718, 2.5163 0.9752 0.9715, 2.5204 0.9712 0.9686, 2.5265 0.965 0.9612, 2.5302 0.9614 0.9569, 2.4902 1.0014 0.9834, 2.4917 0.9999 0.9833, 2.4606 0.9874 0.9792, 2.504 0.9876 0.9792, 2.5071 0.9844 0.9781, 2.4606 1.0014 0.9834, 2.5788 0.9128 0.0394, 2.5394 0.9522 0.0394, 2.5788 -0.414 0.0394, 2.4606 -0.414 0.0394, 2.4606 0.9522 0.0394, 2.5788 -0.473 -0.0197, 2.4606 -0.473 -0.0197, 2.5788 -0.471 -0.0044, 2.4606 -0.471 -0.0044, 2.5788 -0.4651 0.0098, 2.4606 -0.4651 0.0098, 2.5788 -0.4557 0.0221, 2.4606 -0.4557 0.0221, 2.5788 -0.4435 0.0315, 2.4606 -0.4435 0.0315, 2.5788 -0.4292 0.0374, 2.4606 -0.4292 0.0374, 2.4606 -0.473 -0.0587, 2.5788 -0.473 -0.0587, 2.9868 -0.5497 -0.9358, 2.9963 -0.5475 -0.9106, 3.1092 -0.5505 -0.945, 2.8209 -0.5835 -1.3217, 2.7304 -0.5768 -1.2457, 3.0629 -0.5582 -1.0333, 2.9724 -0.5516 -0.9573, 3.0856 -0.5552 -0.999, 3.0922 -0.5544 -0.989, 2.9997 -0.5452 -0.884, 3.1176 -0.5463 -0.897, 3.1099 -0.5503 -0.943, 2.4662 -0.4774 -0.1094, 2.5815 -0.4752 -0.0838, 2.483 -0.4817 -0.1586, 2.5898 -0.4773 -0.1082, 2.5095 -0.4855 -0.2021, 2.6032 -0.4792 -0.1302, 2.9756 -0.5387 -0.8095, 3.0693 -0.5324 -0.7376, 2.989 -0.5406 -0.8317, 3.0914 -0.5354 -0.7723, 2.9975 -0.5428 -0.8572, 3.1119 -0.5403 -0.8278, 3.0 -0.545 -0.8814, 3.1181 -0.545 -0.8814, 3.118 -0.5454 -0.8866, 2.4662 -0.941 -0.1094, 2.4606 -0.9455 -0.0587, 2.483 -0.9367 -0.1586, 2.5095 -0.9329 -0.2021, 2.7304 -0.8416 -1.2457, 2.8209 -0.835 -1.3217, 2.9724 -0.8669 -0.9573, 3.0629 -0.8602 -1.0333, 2.9868 -0.8687 -0.9358, 3.0865 -0.8632 -0.9996, 2.9963 -0.8709 -0.9106, 3.1094 -0.8679 -0.9451, 2.9997 -0.8733 -0.884, 3.1181 -0.8731 -0.8866, 3.0 -0.8735 -0.8814, 3.1181 -0.8735 -0.8814, 2.9975 -0.8756 -0.8572, 3.1123 -0.8781 -0.8292, 3.1118 -0.8782 -0.8278, 2.989 -0.8779 -0.8317, 2.5788 -0.9455 -0.0587, 2.5815 -0.9433 -0.0838, 2.5898 -0.9411 -0.1082, 2.6032 -0.9392 -0.1302, 3.0693 -0.8861 -0.7376, 2.9756 -0.8798 -0.8095, 3.0905 -0.883 -0.7729, 3.0967 -0.8821 -0.7832, 2.5788 -0.9455 -0.0197, 2.4606 -0.9455 -0.0197, 2.5788 -1.0045 0.0394, 2.4606 -1.0045 0.0394, 2.5788 -0.9913 0.0379, 2.4606 -0.9913 0.0379, 2.5788 -0.9787 0.0335, 2.4606 -0.9787 0.0335, 2.5788 -0.9675 0.0263, 2.4606 -0.9675 0.0263, 2.5788 -0.9581 0.0169, 2.4606 -0.9581 0.0169, 2.5788 -0.9511 0.0056, 2.4606 -0.9511 0.0056, 2.5788 -0.9468 -0.007, 2.4606 -0.9468 -0.007, 2.7736 -0.7563 -1.378, 2.8088 -0.8314 -1.336, 2.7752 -0.776 -1.376, 2.7736 -0.6622 -1.378, 2.7752 -0.6426 -1.3761, 2.7799 -0.6243 -1.3705, 2.7873 -0.6083 -1.3617, 2.797 -0.5957 -1.3501, 2.8084 -0.5872 -1.3365, 2.7973 -0.823 -1.3498, 2.7874 -0.8104 -1.3615, 2.7799 -0.7944 -1.3704, 2.6832 -0.7629 -1.302, 2.6848 -0.7826 -1.3001, 2.6895 -0.801 -1.2945, 2.697 -0.8171 -1.2856, 2.7068 -0.8297 -1.2739, 2.7183 -0.838 -1.2601, 2.6894 -0.6176 -1.2946, 2.6847 -0.636 -1.3001, 2.6832 -0.6555 -1.302, 2.718 -0.5806 -1.2605, 2.7065 -0.589 -1.2742, 2.6968 -0.6016 -1.2858, -0.3414 -4.8077 2.5197, -0.3414 -4.8077 2.6378, -0.3214 -4.8051 2.5197, -0.3214 -4.8051 2.6378, -0.3028 -4.7976 2.5197, -0.3028 -4.7976 2.6378, -0.2867 -4.7856 2.5197, -0.2867 -4.7856 2.6378, -0.2741 -4.7699 2.5197, -0.2741 -4.7699 2.6378, -0.2659 -4.7515 2.5197, -0.2659 -4.7515 2.6378, -0.2627 -4.7324 2.5197, -0.2627 -4.7324 2.6378, -0.3611 -4.8077 2.6378, -0.3611 -4.8077 2.5197, -0.3792 -4.8055 2.6378, -0.3792 -4.8055 2.5197, -0.3963 -4.7993 2.6378, -0.3963 -4.7993 2.5197, -0.4115 -4.7894 2.6378, -0.4115 -4.7894 2.5197, -0.4241 -4.7761 2.6378, -0.4241 -4.7761 2.5197, -0.4332 -4.7604 2.6378, -0.4332 -4.7604 2.5197, -0.4385 -4.743 2.6378, -0.4385 -4.743 2.5197, -0.4397 -4.7248 2.6378, -0.4397 -4.7248 2.5197, -0.336 -2.7484 2.5197, -0.336 -2.7484 2.6378, -0.3325 -2.7289 2.6378, -0.3325 -2.7289 2.5197, -0.3241 -2.7108 2.6378, -0.3241 -2.7108 2.5197, -0.3116 -2.6954 2.6378, -0.3116 -2.6954 2.5197, -0.2955 -2.6837 2.6378, -0.2955 -2.6837 2.5197, -0.2771 -2.6763 2.6378, -0.2771 -2.6763 2.5197, -0.2574 -2.6738 2.6378, -0.2574 -2.6738 2.5197, 0.2574 -2.6738 2.5197, 0.2574 -2.6738 2.6378, 0.2771 -2.6763 2.6378, 0.2771 -2.6763 2.5197, 0.2956 -2.6837 2.6378, 0.2956 -2.6837 2.5197, 0.3116 -2.6954 2.6378, 0.3116 -2.6954 2.5197, 0.3242 -2.7108 2.6378, 0.3242 -2.7108 2.5197, 0.3325 -2.7289 2.6378, 0.3325 -2.7289 2.5197, 0.336 -2.7484 2.6378, 0.336 -2.7484 2.5197, 0.4397 -4.7248 2.6378, 0.4397 -4.7248 2.5197, 0.4386 -4.743 2.6378, 0.4386 -4.743 2.5197, 0.4333 -4.7604 2.6378, 0.4333 -4.7604 2.5197, 0.4241 -4.7761 2.6378, 0.4241 -4.7761 2.5197, 0.4116 -4.7894 2.6378, 0.4116 -4.7894 2.5197, 0.3963 -4.7993 2.6378, 0.3963 -4.7993 2.5197, 0.3792 -4.8055 2.6378, 0.3792 -4.8055 2.5197, 0.3611 -4.8077 2.6378, 0.3611 -4.8077 2.5197, 0.3414 -4.8077 2.6378, 0.3414 -4.8077 2.5197, 0.2627 -4.7324 2.5197, 0.2627 -4.7324 2.6378, 0.2642 -4.7445 2.5197, 0.2642 -4.7445 2.6378, 0.2702 -4.7625 2.5197, 0.2702 -4.7625 2.6378, 0.2803 -4.7786 2.5197, 0.2803 -4.7786 2.6378, 0.2939 -4.7917 2.5197, 0.2939 -4.7917 2.6378, 0.3103 -4.8013 2.5197, 0.3103 -4.8013 2.6378, 0.3285 -4.8066 2.5197, 0.3285 -4.8066 2.6378, 0.2612 -4.704 2.6378, 0.2613 -4.704 2.5197, 0.2597 -4.6835 2.5179, 0.2597 -4.663 2.6342, 0.2605 -4.6937 2.5192, 0.2605 -4.6834 2.6369, 0.1956 -3.4811 2.3059, 0.1956 -3.4606 2.4222, -0.2597 -4.663 2.6342, -0.1956 -3.4606 2.4222, -0.2604 -4.6834 2.6369, -0.2612 -4.704 2.6378, -0.2612 -4.704 2.5197, -0.2604 -4.6937 2.5192, -0.2597 -4.6835 2.5179, -0.1956 -3.4811 2.3059
            ]
        }
        coordIndex [
            0,1,2,-1,2,1,3,-1,4,5,6,-1,6,5,7,-1,8,9,10,-1,10,9,11,-1,10,11,12,-1,12,11,13,-1,12,13,14,-1,14,13,15,-1,14,15,4,-1,4,15,16,-1,4,16,5,-1,3,1,17,-1,17,1,18,-1,17,18,19,-1,19,18,20,-1,19,20,21,-1,21,20,22,-1,21,22,23,-1,23,22,24,-1,23,24,25,-1,25,24,26,-1,25,26,27,-1,27,26,28,-1,27,28,29,-1,29,28,30,-1,29,30,31,-1,31,30,32,-1,31,32,33,-1,33,32,34,-1,33,34,35,-1,35,34,36,-1,35,36,37,-1,37,36,38,-1,37,38,7,-1,7,38,39,-1,7,39,6,-1,9,8,40,-1,40,8,41,-1,42,43,44,-1,42,44,45,-1,44,46,45,-1,45,46,47,-1,45,47,48,-1,48,47,49,-1,48,49,50,-1,50,49,51,-1,49,52,51,-1,51,52,53,-1,51,53,54,-1,54,53,55,-1,54,55,56,-1,56,55,57,-1,56,57,58,-1,58,57,59,-1,58,59,60,-1,60,59,61,-1,60,61,62,-1,62,61,63,-1,62,63,64,-1,64,63,65,-1,64,65,66,-1,66,65,67,-1,66,67,68,-1,68,67,69,-1,68,69,70,-1,70,69,71,-1,70,71,72,-1,72,71,73,-1,72,73,74,-1,74,73,75,-1,74,75,76,-1,76,75,77,-1,76,77,78,-1,78,77,79,-1,78,79,80,-1,80,79,81,-1,79,82,81,-1,81,82,83,-1,81,83,84,-1,84,83,85,-1,84,85,86,-1,40,41,87,-1,87,41,88,-1,86,85,88,-1,88,85,89,-1,88,89,87,-1,43,90,44,-1,44,90,91,-1,91,90,92,-1,91,92,93,-1,93,92,94,-1,93,94,95,-1,95,94,96,-1,95,96,97,-1,97,96,98,-1,97,98,99,-1,99,98,100,-1,99,100,101,-1,101,100,102,-1,101,102,103,-1,103,102,104,-1,104,102,105,-1,43,106,90,-1,90,106,107,-1,107,108,105,-1,105,108,109,-1,109,110,105,-1,105,110,111,-1,105,111,112,-1,100,98,90,-1,98,96,90,-1,90,96,94,-1,90,94,92,-1,107,105,90,-1,90,105,102,-1,90,102,100,-1,104,105,112,-1,104,112,113,-1,113,112,111,-1,113,111,114,-1,114,111,110,-1,114,110,115,-1,115,110,109,-1,115,109,116,-1,116,109,108,-1,116,108,117,-1,117,108,107,-1,117,107,118,-1,119,118,106,-1,106,118,107,-1,119,44,118,-1,118,44,91,-1,93,95,91,-1,91,95,97,-1,91,97,99,-1,113,114,104,-1,104,114,115,-1,104,115,116,-1,116,117,104,-1,104,117,118,-1,104,118,103,-1,103,118,91,-1,103,91,101,-1,101,91,99,-1,120,121,122,-1,122,121,123,-1,122,123,124,-1,124,123,125,-1,124,125,126,-1,126,125,127,-1,126,127,128,-1,128,127,129,-1,128,129,130,-1,130,129,131,-1,130,131,132,-1,132,131,133,-1,132,133,134,-1,134,133,135,-1,121,120,136,-1,136,120,137,-1,136,137,138,-1,138,137,139,-1,138,139,140,-1,140,139,141,-1,140,141,142,-1,142,141,143,-1,142,143,144,-1,144,143,145,-1,144,145,146,-1,146,145,147,-1,146,147,148,-1,148,147,149,-1,148,149,150,-1,148,150,151,-1,151,150,152,-1,151,152,153,-1,153,152,154,-1,153,154,155,-1,155,154,156,-1,155,156,157,-1,157,156,158,-1,157,158,159,-1,159,158,160,-1,159,160,161,-1,147,162,149,-1,149,162,163,-1,149,160,158,-1,160,149,164,-1,164,149,163,-1,164,163,165,-1,166,167,168,-1,158,156,154,-1,166,168,163,-1,163,168,169,-1,163,169,165,-1,154,152,158,-1,158,152,150,-1,158,150,149,-1,170,161,164,-1,164,161,160,-1,171,172,148,-1,148,172,146,-1,151,153,155,-1,155,157,151,-1,151,157,159,-1,151,159,148,-1,148,159,161,-1,148,161,171,-1,171,161,170,-1,171,170,173,-1,173,174,171,-1,171,174,175,-1,171,175,176,-1,176,175,177,-1,146,172,144,-1,144,172,178,-1,144,178,142,-1,142,178,179,-1,142,179,140,-1,140,179,180,-1,140,180,138,-1,138,180,181,-1,138,181,136,-1,136,181,182,-1,136,182,121,-1,121,182,183,-1,171,163,172,-1,172,163,162,-1,172,162,178,-1,178,162,184,-1,178,184,179,-1,179,184,185,-1,179,185,180,-1,180,185,186,-1,180,186,181,-1,181,186,187,-1,181,187,182,-1,182,187,188,-1,182,188,183,-1,183,188,189,-1,163,171,176,-1,163,176,166,-1,166,176,177,-1,166,177,167,-1,167,177,175,-1,167,175,168,-1,168,175,174,-1,168,174,169,-1,169,174,173,-1,169,173,165,-1,165,173,170,-1,165,170,164,-1,183,189,190,-1,190,189,191,-1,190,191,192,-1,192,191,193,-1,192,193,194,-1,194,193,195,-1,194,195,196,-1,196,195,197,-1,196,197,198,-1,198,197,199,-1,198,199,200,-1,200,199,201,-1,120,189,188,-1,120,188,137,-1,137,188,187,-1,137,187,139,-1,139,187,186,-1,139,186,141,-1,141,186,185,-1,141,185,143,-1,143,185,184,-1,143,184,145,-1,145,184,162,-1,145,162,147,-1,202,203,204,-1,204,203,205,-1,204,205,206,-1,206,205,207,-1,206,207,208,-1,208,207,209,-1,208,209,210,-1,210,209,211,-1,211,209,212,-1,211,212,213,-1,213,212,214,-1,214,212,215,-1,214,215,216,-1,217,218,219,-1,219,218,220,-1,219,220,215,-1,215,220,221,-1,215,221,216,-1,222,223,224,-1,222,224,219,-1,219,224,225,-1,219,225,217,-1,226,227,228,-1,228,227,202,-1,228,202,229,-1,229,202,204,-1,229,204,230,-1,230,204,206,-1,230,206,231,-1,231,206,208,-1,231,208,232,-1,232,208,210,-1,232,210,233,-1,233,210,234,-1,235,236,237,-1,236,235,238,-1,224,223,239,-1,240,241,242,-1,242,241,239,-1,242,239,243,-1,243,239,223,-1,243,223,244,-1,245,225,246,-1,246,225,224,-1,246,224,247,-1,247,224,239,-1,248,218,245,-1,245,218,217,-1,245,217,225,-1,249,213,214,-1,249,214,250,-1,250,214,216,-1,250,216,251,-1,251,216,221,-1,251,221,248,-1,248,221,220,-1,248,220,218,-1,213,249,211,-1,211,249,234,-1,211,234,210,-1,240,252,241,-1,241,252,253,-1,241,253,254,-1,238,235,253,-1,253,235,255,-1,253,255,254,-1,256,257,258,-1,259,260,261,-1,262,263,264,-1,262,264,265,-1,266,267,268,-1,268,267,269,-1,268,269,270,-1,271,272,264,-1,264,272,273,-1,264,273,265,-1,270,274,268,-1,268,274,275,-1,268,275,264,-1,264,275,276,-1,264,276,271,-1,277,278,279,-1,279,278,280,-1,279,280,281,-1,281,280,282,-1,281,282,283,-1,277,284,278,-1,278,284,285,-1,278,285,268,-1,268,285,286,-1,268,286,266,-1,261,260,282,-1,282,260,287,-1,282,287,283,-1,288,289,290,-1,289,291,290,-1,290,291,292,-1,290,292,293,-1,293,294,290,-1,290,294,295,-1,290,295,296,-1,296,295,297,-1,296,297,298,-1,298,297,299,-1,298,299,261,-1,261,299,300,-1,261,300,259,-1,301,302,303,-1,303,302,304,-1,301,305,302,-1,302,305,306,-1,302,306,307,-1,307,308,302,-1,302,308,309,-1,302,309,290,-1,290,309,310,-1,290,310,288,-1,311,312,313,-1,313,312,314,-1,313,314,302,-1,302,314,315,-1,302,315,304,-1,258,257,316,-1,257,317,316,-1,316,317,318,-1,316,318,311,-1,311,318,319,-1,311,319,312,-1,263,320,264,-1,264,320,321,-1,264,321,322,-1,322,321,323,-1,322,323,324,-1,324,323,325,-1,324,325,258,-1,258,325,326,-1,258,326,256,-1,327,328,329,-1,329,328,278,-1,329,278,330,-1,330,278,268,-1,330,268,331,-1,331,268,264,-1,331,264,332,-1,333,334,311,-1,311,334,335,-1,311,335,316,-1,316,335,336,-1,316,336,258,-1,258,336,337,-1,258,337,324,-1,324,337,332,-1,324,332,322,-1,322,332,264,-1,338,339,340,-1,341,342,329,-1,329,342,343,-1,343,344,329,-1,329,344,338,-1,329,338,345,-1,345,338,340,-1,346,330,347,-1,347,330,348,-1,346,349,330,-1,330,349,350,-1,330,350,351,-1,351,352,330,-1,330,352,353,-1,330,353,329,-1,329,353,354,-1,329,354,341,-1,355,356,331,-1,331,356,357,-1,331,357,330,-1,330,357,358,-1,330,358,348,-1,355,331,359,-1,359,331,332,-1,359,332,360,-1,360,332,337,-1,360,337,361,-1,361,337,362,-1,362,337,336,-1,362,336,363,-1,364,365,366,-1,366,365,367,-1,367,368,366,-1,366,368,369,-1,366,369,370,-1,363,336,370,-1,370,336,335,-1,370,335,366,-1,371,372,373,-1,374,375,373,-1,373,375,376,-1,373,376,377,-1,377,378,373,-1,373,378,379,-1,373,379,380,-1,380,381,373,-1,373,381,382,-1,373,382,371,-1,372,383,373,-1,373,383,384,-1,373,384,366,-1,366,384,385,-1,366,385,364,-1,386,387,388,-1,388,387,389,-1,388,389,374,-1,374,389,390,-1,374,390,375,-1,339,391,340,-1,340,391,392,-1,340,392,386,-1,386,392,393,-1,386,393,387,-1,394,395,396,-1,395,397,396,-1,396,397,327,-1,396,327,345,-1,345,327,329,-1,398,399,400,-1,400,399,401,-1,400,401,402,-1,401,403,402,-1,402,403,404,-1,402,404,396,-1,396,404,405,-1,396,405,394,-1,397,406,327,-1,327,406,407,-1,327,407,408,-1,409,410,411,-1,411,410,408,-1,411,408,412,-1,412,408,407,-1,409,413,410,-1,410,413,414,-1,410,414,415,-1,415,414,416,-1,400,417,398,-1,398,417,418,-1,398,418,419,-1,414,420,416,-1,416,420,421,-1,416,421,422,-1,422,421,423,-1,419,424,398,-1,398,424,425,-1,398,425,426,-1,414,427,428,-1,414,428,420,-1,420,428,429,-1,420,429,421,-1,421,429,430,-1,421,430,423,-1,423,430,431,-1,423,431,422,-1,422,431,432,-1,422,432,416,-1,416,432,433,-1,416,433,415,-1,434,435,328,-1,280,278,328,-1,436,437,438,-1,438,437,439,-1,435,440,328,-1,328,440,441,-1,328,441,280,-1,440,442,441,-1,441,442,443,-1,441,443,444,-1,443,445,444,-1,444,445,446,-1,444,446,437,-1,437,446,447,-1,437,447,439,-1,448,449,450,-1,450,451,448,-1,448,451,452,-1,448,452,328,-1,328,452,453,-1,328,453,434,-1,454,438,455,-1,455,438,456,-1,454,457,438,-1,438,457,458,-1,438,458,436,-1,429,433,430,-1,430,433,432,-1,430,432,431,-1,429,428,433,-1,433,428,427,-1,433,427,449,-1,449,427,459,-1,449,459,450,-1,415,433,410,-1,410,433,449,-1,410,449,460,-1,460,449,461,-1,460,461,462,-1,462,461,463,-1,462,463,464,-1,463,465,464,-1,464,465,466,-1,464,466,467,-1,467,466,468,-1,467,468,469,-1,469,468,470,-1,469,470,471,-1,471,470,472,-1,472,473,471,-1,471,473,474,-1,471,474,475,-1,471,476,477,-1,471,477,469,-1,469,477,478,-1,469,478,467,-1,467,478,479,-1,467,479,464,-1,464,479,480,-1,464,480,462,-1,462,480,481,-1,462,481,460,-1,460,481,408,-1,460,408,410,-1,328,327,448,-1,448,327,408,-1,448,408,482,-1,482,408,481,-1,482,481,483,-1,483,481,480,-1,483,480,484,-1,484,480,479,-1,485,486,476,-1,476,486,487,-1,476,487,477,-1,477,487,488,-1,477,488,478,-1,478,488,489,-1,478,489,479,-1,479,489,490,-1,479,490,484,-1,487,472,488,-1,488,472,470,-1,488,470,489,-1,489,470,468,-1,489,468,490,-1,490,468,466,-1,490,466,484,-1,484,466,465,-1,484,465,483,-1,483,465,463,-1,483,463,482,-1,482,463,461,-1,482,461,448,-1,448,461,449,-1,486,491,487,-1,487,491,492,-1,487,492,472,-1,472,492,493,-1,472,493,473,-1,473,493,494,-1,473,494,495,-1,495,494,491,-1,495,491,496,-1,496,491,486,-1,497,474,473,-1,495,498,473,-1,473,498,499,-1,473,499,500,-1,500,501,473,-1,473,501,502,-1,473,502,503,-1,504,497,505,-1,505,497,473,-1,505,473,506,-1,506,473,503,-1,507,475,497,-1,497,475,474,-1,508,509,475,-1,475,509,471,-1,471,509,510,-1,471,510,476,-1,476,510,511,-1,476,511,485,-1,485,511,508,-1,485,508,512,-1,475,507,508,-1,508,507,513,-1,508,513,514,-1,514,515,508,-1,508,515,516,-1,508,516,512,-1,517,500,515,-1,516,498,512,-1,512,498,495,-1,515,500,516,-1,516,500,518,-1,516,518,498,-1,514,503,515,-1,515,503,519,-1,515,519,517,-1,513,507,497,-1,497,504,513,-1,513,504,505,-1,513,505,514,-1,514,505,520,-1,514,520,503,-1,495,496,512,-1,512,496,486,-1,512,486,485,-1,492,511,493,-1,493,511,510,-1,491,508,492,-1,492,508,511,-1,494,509,491,-1,491,509,508,-1,493,510,494,-1,494,510,509,-1,388,374,290,-1,290,374,302,-1,302,374,373,-1,302,373,313,-1,441,396,280,-1,280,396,345,-1,280,345,282,-1,282,345,340,-1,282,340,261,-1,261,340,386,-1,261,386,298,-1,298,386,388,-1,298,388,296,-1,296,388,290,-1,243,244,521,-1,521,244,313,-1,521,313,366,-1,366,313,373,-1,522,523,524,-1,524,523,525,-1,524,525,526,-1,526,525,527,-1,526,527,528,-1,528,527,529,-1,528,529,530,-1,396,441,402,-1,402,441,444,-1,402,444,531,-1,531,444,532,-1,531,532,533,-1,533,532,534,-1,533,534,535,-1,535,534,530,-1,535,530,536,-1,536,530,529,-1,525,537,538,-1,525,538,527,-1,527,538,539,-1,527,539,529,-1,529,539,540,-1,529,540,536,-1,536,540,541,-1,536,541,535,-1,535,541,542,-1,535,542,533,-1,533,542,543,-1,533,543,531,-1,531,543,400,-1,531,400,402,-1,436,417,437,-1,437,417,400,-1,437,400,544,-1,544,400,543,-1,544,543,545,-1,543,542,545,-1,545,542,541,-1,545,541,546,-1,546,541,540,-1,546,540,547,-1,547,540,539,-1,547,539,548,-1,548,539,538,-1,548,538,549,-1,549,538,537,-1,549,537,550,-1,550,537,551,-1,550,551,552,-1,438,398,426,-1,438,426,456,-1,456,426,425,-1,456,425,455,-1,455,425,424,-1,455,424,454,-1,454,424,419,-1,454,419,457,-1,457,419,418,-1,457,418,458,-1,458,418,417,-1,458,417,436,-1,399,398,439,-1,439,398,438,-1,399,439,401,-1,401,439,447,-1,401,447,403,-1,403,447,446,-1,403,446,404,-1,404,446,445,-1,404,445,405,-1,405,445,443,-1,405,443,394,-1,394,443,442,-1,394,442,395,-1,395,442,440,-1,440,435,395,-1,395,435,397,-1,397,435,406,-1,406,435,434,-1,406,434,407,-1,407,434,453,-1,407,453,412,-1,412,453,452,-1,412,452,411,-1,411,452,451,-1,411,451,409,-1,409,451,450,-1,409,450,413,-1,413,450,459,-1,459,427,413,-1,413,427,414,-1,549,524,548,-1,548,524,526,-1,548,526,547,-1,547,526,528,-1,547,528,546,-1,546,528,530,-1,546,530,545,-1,545,530,534,-1,545,534,544,-1,544,534,532,-1,544,532,437,-1,437,532,444,-1,553,554,555,-1,555,554,522,-1,555,522,556,-1,556,522,524,-1,556,524,557,-1,557,524,549,-1,557,549,558,-1,558,549,550,-1,558,550,555,-1,555,550,553,-1,559,560,561,-1,561,560,562,-1,561,562,563,-1,563,562,564,-1,564,562,565,-1,564,565,566,-1,566,565,567,-1,567,565,568,-1,567,568,569,-1,569,568,570,-1,570,568,571,-1,570,571,572,-1,572,571,573,-1,573,571,574,-1,573,574,575,-1,575,574,553,-1,553,574,576,-1,553,576,554,-1,554,576,523,-1,554,523,522,-1,575,553,550,-1,575,550,573,-1,550,563,577,-1,578,563,559,-1,559,563,550,-1,559,550,552,-1,577,566,550,-1,550,566,567,-1,550,567,569,-1,569,579,550,-1,550,579,572,-1,550,572,573,-1,559,552,560,-1,560,552,551,-1,565,562,580,-1,580,562,560,-1,580,560,581,-1,581,560,551,-1,581,551,582,-1,582,551,537,-1,582,537,583,-1,583,537,525,-1,583,525,580,-1,525,523,580,-1,580,523,576,-1,580,576,574,-1,574,571,580,-1,580,571,568,-1,580,568,565,-1,583,580,556,-1,556,580,555,-1,580,581,555,-1,555,581,558,-1,581,582,558,-1,558,582,557,-1,582,583,557,-1,557,583,556,-1,277,279,584,-1,584,279,585,-1,585,586,584,-1,584,586,587,-1,584,587,588,-1,588,587,338,-1,588,338,344,-1,589,355,321,-1,285,284,590,-1,590,284,277,-1,272,271,591,-1,591,271,276,-1,591,276,592,-1,592,276,593,-1,592,593,594,-1,594,593,274,-1,594,274,595,-1,595,274,270,-1,595,270,596,-1,596,270,269,-1,596,269,597,-1,597,269,267,-1,597,267,598,-1,598,267,266,-1,598,266,599,-1,599,266,286,-1,265,600,601,-1,263,348,320,-1,320,348,358,-1,320,358,321,-1,321,358,357,-1,321,357,589,-1,263,602,348,-1,348,602,603,-1,348,603,347,-1,347,603,604,-1,263,262,602,-1,602,262,265,-1,602,265,603,-1,603,265,601,-1,603,601,604,-1,604,601,349,-1,601,605,349,-1,349,605,606,-1,349,606,350,-1,350,606,607,-1,350,607,608,-1,608,607,609,-1,608,609,352,-1,352,609,353,-1,353,609,610,-1,353,610,354,-1,354,610,611,-1,354,611,612,-1,286,285,599,-1,599,285,590,-1,599,590,342,-1,342,590,343,-1,277,584,590,-1,590,584,588,-1,590,588,343,-1,343,588,344,-1,342,612,599,-1,599,612,611,-1,599,611,598,-1,598,611,610,-1,598,610,597,-1,597,610,609,-1,597,609,596,-1,596,609,607,-1,596,607,595,-1,595,607,606,-1,595,606,594,-1,594,606,605,-1,594,605,592,-1,592,605,601,-1,592,601,591,-1,591,601,600,-1,591,600,272,-1,359,360,613,-1,321,355,323,-1,323,355,359,-1,323,359,325,-1,325,359,613,-1,325,613,326,-1,363,370,614,-1,326,613,615,-1,615,616,617,-1,318,317,617,-1,617,317,257,-1,617,257,615,-1,615,257,256,-1,615,256,326,-1,613,360,615,-1,615,360,361,-1,615,361,616,-1,616,361,618,-1,618,363,616,-1,616,363,614,-1,616,614,617,-1,617,614,619,-1,617,619,318,-1,318,619,319,-1,370,369,614,-1,614,369,620,-1,614,620,619,-1,619,620,312,-1,619,312,319,-1,315,314,621,-1,622,308,623,-1,623,308,307,-1,623,307,624,-1,624,307,625,-1,624,625,626,-1,626,625,305,-1,626,305,627,-1,627,305,301,-1,627,301,628,-1,628,301,303,-1,628,303,629,-1,629,303,304,-1,630,288,631,-1,631,288,310,-1,631,310,622,-1,622,310,632,-1,622,632,308,-1,633,292,634,-1,634,292,291,-1,634,291,635,-1,390,295,375,-1,375,295,294,-1,375,294,376,-1,376,294,636,-1,294,633,636,-1,636,633,634,-1,636,634,378,-1,378,634,635,-1,378,635,379,-1,379,635,380,-1,380,635,637,-1,380,637,381,-1,638,382,639,-1,639,382,381,-1,639,381,640,-1,640,381,637,-1,641,372,638,-1,638,372,371,-1,638,371,382,-1,365,364,642,-1,642,364,385,-1,642,385,643,-1,643,385,384,-1,643,384,641,-1,641,384,383,-1,641,383,372,-1,304,315,629,-1,629,315,621,-1,629,621,367,-1,367,621,368,-1,314,312,621,-1,621,312,620,-1,621,620,368,-1,368,620,369,-1,291,630,635,-1,635,630,631,-1,635,631,637,-1,637,631,622,-1,637,622,640,-1,640,622,623,-1,640,623,639,-1,639,623,624,-1,639,624,638,-1,638,624,626,-1,638,626,641,-1,641,626,627,-1,641,627,643,-1,643,627,628,-1,643,628,642,-1,642,628,629,-1,642,629,365,-1,365,629,367,-1,389,387,644,-1,295,390,297,-1,297,390,389,-1,297,389,299,-1,299,389,644,-1,299,644,300,-1,259,300,645,-1,645,300,644,-1,645,644,387,-1,646,647,645,-1,645,647,260,-1,645,260,259,-1,283,648,281,-1,281,648,585,-1,281,585,279,-1,283,647,648,-1,648,647,646,-1,648,646,585,-1,585,646,586,-1,586,646,587,-1,587,646,339,-1,587,339,338,-1,387,393,645,-1,645,393,649,-1,645,649,646,-1,646,649,391,-1,646,391,339,-1,650,651,652,-1,652,651,653,-1,652,653,654,-1,654,653,655,-1,654,655,656,-1,656,655,657,-1,656,657,658,-1,658,657,659,-1,658,659,660,-1,660,659,661,-1,660,661,226,-1,226,661,227,-1,662,663,650,-1,650,663,651,-1,663,662,664,-1,663,664,665,-1,665,664,666,-1,665,666,667,-1,667,666,668,-1,667,668,669,-1,669,668,670,-1,669,670,671,-1,671,670,672,-1,671,672,673,-1,673,672,674,-1,673,674,675,-1,676,677,674,-1,674,677,675,-1,677,676,678,-1,677,678,679,-1,679,678,680,-1,679,680,681,-1,681,680,682,-1,681,682,683,-1,683,682,684,-1,683,684,685,-1,685,684,686,-1,685,686,687,-1,687,686,688,-1,687,688,689,-1,690,689,691,-1,691,689,688,-1,691,688,692,-1,693,694,695,-1,696,697,695,-1,695,697,698,-1,698,699,695,-1,695,699,700,-1,695,700,693,-1,701,702,703,-1,703,704,701,-1,701,704,705,-1,701,705,696,-1,696,705,706,-1,696,706,697,-1,707,708,709,-1,709,708,710,-1,709,710,702,-1,702,710,711,-1,702,711,703,-1,709,712,707,-1,707,712,690,-1,707,690,691,-1,713,714,692,-1,692,714,693,-1,692,693,700,-1,700,699,692,-1,692,699,698,-1,692,698,697,-1,697,706,692,-1,692,706,705,-1,692,705,704,-1,704,703,692,-1,692,703,711,-1,692,711,710,-1,710,708,692,-1,692,708,707,-1,692,707,691,-1,713,715,714,-1,714,715,716,-1,714,716,717,-1,718,719,720,-1,720,719,721,-1,720,721,722,-1,722,721,723,-1,722,723,724,-1,724,723,725,-1,724,725,726,-1,726,725,727,-1,726,727,728,-1,728,727,729,-1,728,729,715,-1,715,729,716,-1,730,719,731,-1,731,719,718,-1,732,733,734,-1,735,736,737,-1,737,736,738,-1,737,738,739,-1,739,738,732,-1,739,732,740,-1,740,732,734,-1,741,742,733,-1,733,742,743,-1,733,743,734,-1,730,731,744,-1,744,731,745,-1,744,745,746,-1,746,745,747,-1,746,747,748,-1,748,747,749,-1,748,749,750,-1,750,749,751,-1,750,751,752,-1,752,751,753,-1,752,753,754,-1,754,753,755,-1,754,755,756,-1,756,755,757,-1,756,757,741,-1,741,757,758,-1,741,758,742,-1,759,760,730,-1,730,744,759,-1,759,744,746,-1,759,746,761,-1,761,746,748,-1,761,748,762,-1,763,764,765,-1,765,764,766,-1,765,766,767,-1,767,766,768,-1,767,768,769,-1,769,768,770,-1,769,770,771,-1,771,770,772,-1,771,772,773,-1,773,772,774,-1,773,774,775,-1,774,776,775,-1,775,776,777,-1,775,777,778,-1,779,760,780,-1,780,760,759,-1,780,759,781,-1,781,759,761,-1,781,761,782,-1,782,761,762,-1,782,762,783,-1,783,762,784,-1,783,784,785,-1,785,784,778,-1,785,778,786,-1,786,778,777,-1,779,787,760,-1,760,787,788,-1,789,790,791,-1,791,790,792,-1,791,792,793,-1,793,792,794,-1,793,794,795,-1,795,794,796,-1,795,796,797,-1,797,796,798,-1,797,798,799,-1,799,798,800,-1,799,800,801,-1,801,800,802,-1,801,802,787,-1,787,802,788,-1,745,731,779,-1,779,780,745,-1,745,780,781,-1,745,781,747,-1,747,781,782,-1,747,782,749,-1,751,749,783,-1,783,749,782,-1,770,768,739,-1,739,768,766,-1,739,766,737,-1,739,740,770,-1,770,740,734,-1,770,734,772,-1,772,734,743,-1,743,742,772,-1,772,742,758,-1,772,758,774,-1,774,758,757,-1,774,757,776,-1,776,757,777,-1,777,757,755,-1,777,755,786,-1,786,755,753,-1,786,753,785,-1,785,753,751,-1,785,751,783,-1,737,766,735,-1,735,766,764,-1,735,764,803,-1,803,764,804,-1,803,804,805,-1,803,806,735,-1,735,806,807,-1,735,807,808,-1,808,809,735,-1,735,809,810,-1,735,810,811,-1,812,813,804,-1,804,813,814,-1,804,814,805,-1,815,803,805,-1,815,805,816,-1,816,805,814,-1,816,814,817,-1,817,814,813,-1,817,813,818,-1,818,813,812,-1,818,812,819,-1,819,812,804,-1,819,804,820,-1,820,804,764,-1,820,764,763,-1,765,738,763,-1,763,738,736,-1,821,822,736,-1,736,822,823,-1,736,823,763,-1,763,823,815,-1,763,815,820,-1,820,815,816,-1,824,825,736,-1,736,825,826,-1,736,826,821,-1,816,817,820,-1,820,817,818,-1,820,818,819,-1,806,803,823,-1,823,803,815,-1,806,823,822,-1,806,822,807,-1,807,822,821,-1,807,821,808,-1,808,821,826,-1,808,826,809,-1,809,826,825,-1,809,825,810,-1,810,825,824,-1,810,824,811,-1,811,824,736,-1,811,736,735,-1,784,750,752,-1,784,752,778,-1,778,752,754,-1,778,754,775,-1,775,754,773,-1,773,754,756,-1,773,756,771,-1,756,741,771,-1,771,741,733,-1,771,733,769,-1,769,733,732,-1,769,732,767,-1,767,732,738,-1,767,738,765,-1,784,762,750,-1,750,762,748,-1,693,714,694,-1,694,714,717,-1,827,828,829,-1,829,828,830,-1,829,830,831,-1,831,830,832,-1,831,832,833,-1,833,832,834,-1,833,834,835,-1,835,834,836,-1,835,836,837,-1,837,836,838,-1,837,838,839,-1,839,838,840,-1,828,827,841,-1,841,827,842,-1,841,842,843,-1,843,842,844,-1,843,844,845,-1,845,844,846,-1,845,846,847,-1,847,846,848,-1,847,848,849,-1,849,848,850,-1,849,850,851,-1,851,850,852,-1,851,852,853,-1,853,852,854,-1,853,854,855,-1,855,854,856,-1,857,858,856,-1,856,858,855,-1,858,857,859,-1,859,857,860,-1,859,860,861,-1,861,860,862,-1,861,862,863,-1,863,862,864,-1,863,864,865,-1,865,864,866,-1,865,866,867,-1,867,866,868,-1,867,868,869,-1,869,868,870,-1,871,872,870,-1,870,872,869,-1,872,871,873,-1,873,871,874,-1,873,874,875,-1,875,874,876,-1,875,876,877,-1,877,876,878,-1,877,878,879,-1,879,878,880,-1,879,880,881,-1,881,880,882,-1,881,882,883,-1,883,882,884,-1,883,884,885,-1,885,884,886,-1,885,886,887,-1,887,886,888,-1,887,888,889,-1,889,888,890,-1,889,890,891,-1,891,890,892,-1,891,892,893,-1,893,892,894,-1,893,894,895,-1,895,894,896,-1,895,896,897,-1,897,896,898,-1,897,898,899,-1,899,898,900,-1,899,900,901,-1,901,900,902,-1,903,904,905,-1,905,904,906,-1,905,906,907,-1,907,906,908,-1,907,908,909,-1,909,908,910,-1,909,910,911,-1,911,910,912,-1,911,912,913,-1,913,912,914,-1,913,914,915,-1,915,914,916,-1,915,916,902,-1,902,916,901,-1,917,904,918,-1,918,904,903,-1,919,920,921,-1,921,920,922,-1,921,922,918,-1,918,922,917,-1,923,924,919,-1,919,924,920,-1,925,920,926,-1,926,920,924,-1,920,925,922,-1,922,925,927,-1,922,927,917,-1,917,927,928,-1,929,928,930,-1,930,928,927,-1,930,927,931,-1,931,927,925,-1,931,919,930,-1,930,919,921,-1,930,921,929,-1,929,921,918,-1,932,923,931,-1,931,923,919,-1,
        ]
    }
}
Shape{
    appearance Appearance {
        material  Material 	{
            diffuseColor 0.0 0.2901960784313726 0.8745098039215686
            specularColor 0.0 0.1450980392156863 0.4392156862745098
            ambientIntensity 0.27
            transparency 0.0
            shininess 0.5
        }
    }
    geometry IndexedFaceSet {
        ccw TRUE
        solid FALSE
        coord DEF co Coordinate {
            point [
                -0.1889 -3.3187 2.3201, 0.1889 -3.3187 2.3201, -0.191 -3.3692 2.3086, 0.1894 -3.3308 2.316, 0.191 -3.3691 2.3086, 0.1923 -3.3991 2.3029, -0.1921 -3.3943 2.3028, 0.1925 -3.4037 2.302, -0.1923 -3.399 2.3029, -0.1935 -3.4295 2.3033, 0.1935 -3.4294 2.3033, -0.1951 -3.4685 2.3039, 0.1956 -3.4811 2.3059, -0.1956 -3.4811 2.3059
            ]
        }
        coordIndex [
            0,1,2,-1,2,1,3,-1,3,4,2,-1,2,4,5,-1,2,5,6,-1,6,5,7,-1,6,7,8,-1,8,7,9,-1,9,7,10,-1,9,10,11,-1,11,10,12,-1,11,12,13,-1,
        ]
    }
}
Shape{
    appearance Appearance {
        material  Material 	{
            diffuseColor 0.8509803921568627 0.8509803921568627 0.8509803921568627
            specularColor 0.4235294117647059 0.4235294117647059 0.4235294117647059
            ambientIntensity 0.851
            transparency 0.0
            shininess 0.5
        }
    }
    geometry IndexedFaceSet {
        ccw TRUE
        solid FALSE
        coord DEF co Coordinate {
            point [
                -0.1894 -3.3666 2.4285, -0.1889 -3.3591 2.4311, -0.1889 -3.3187 2.3201, -0.1911 -3.3923 2.4236, -0.191 -3.3692 2.3086, -0.1921 -3.3943 2.3028, -0.1923 -3.4093 2.4203, -0.1923 -3.399 2.3029, -0.1925 -3.4122 2.4197, -0.1956 -3.4811 2.3059, -0.1956 -3.4606 2.4222, -0.1951 -3.4685 2.3039, -0.1934 -3.4266 2.4205, -0.1935 -3.4295 2.3033, -0.1689 -3.0009 2.5615, -0.1689 -2.9605 2.4505
            ]
        }
        coordIndex [
            0,1,2,-1,0,2,3,-1,2,4,3,-1,3,4,5,-1,3,5,6,-1,6,5,7,-1,6,7,8,-1,9,10,11,-1,11,10,12,-1,8,7,12,-1,12,7,13,-1,12,13,11,-1,14,15,1,-1,1,15,2,-1,
        ]
    }
}
Shape{
    appearance Appearance {
        material  Material 	{
            diffuseColor 0.0 0.2901960784313726 0.8745098039215686
            specularColor 0.0 0.1450980392156863 0.4392156862745098
            ambientIntensity 0.27
            transparency 0.0
            shininess 0.5
        }
    }
    geometry IndexedFaceSet {
        ccw TRUE
        solid FALSE
        coord DEF co Coordinate {
            point [
                -0.0903 -2.8904 2.476, -0.1889 -3.3187 2.3201, -0.1689 -2.9605 2.4505, 0.1285 -2.8997 2.4726, 0.1445 -2.9107 2.4686, 0.1689 -2.9605 2.4505, 0.1571 -2.9252 2.4633, 0.1654 -2.9422 2.4572, 0.1889 -3.3187 2.3201, 0.0903 -2.8904 2.476, 0.11 -2.8928 2.4751, -0.1445 -2.9107 2.4686, -0.1571 -2.9252 2.4633, -0.1654 -2.9422 2.4572, -0.1285 -2.8997 2.4726, -0.11 -2.8928 2.4751
            ]
        }
        coordIndex [
            0,1,2,-1,3,4,5,-1,5,4,6,-1,5,6,7,-1,1,0,8,-1,8,0,9,-1,8,9,5,-1,5,9,10,-1,5,10,3,-1,11,2,12,-1,12,2,13,-1,11,14,2,-1,2,14,15,-1,2,15,0,-1,
        ]
    }
}
Shape{
    appearance Appearance {
        material  Material 	{
            diffuseColor 0.8509803921568627 0.8509803921568627 0.8509803921568627
            specularColor 0.4235294117647059 0.4235294117647059 0.4235294117647059
            ambientIntensity 0.851
            transparency 0.0
            shininess 0.5
        }
    }
    geometry IndexedFaceSet {
        ccw TRUE
        solid FALSE
        coord DEF co Coordinate {
            point [
                0.1689 -2.9605 2.4505, 0.1689 -3.0009 2.5615, 0.1889 -3.3187 2.3201, 0.1889 -3.3591 2.4311, -0.1654 -2.9826 2.5681, -0.1689 -3.0009 2.5615, -0.0903 -2.9308 2.587, -0.1889 -3.3591 2.4311, 0.0903 -2.9308 2.587, -0.11 -2.9332 2.5861, -0.1285 -2.9401 2.5836, -0.1445 -2.9511 2.5796, -0.1571 -2.9656 2.5743, 0.1445 -2.9511 2.5796, 0.1571 -2.9656 2.5743, 0.1654 -2.9826 2.5681, 0.1285 -2.9401 2.5836, 0.11 -2.9332 2.5861, -0.1925 -3.4122 2.4197, -0.1934 -3.4266 2.4205, 0.1934 -3.4266 2.4206, 0.1951 -3.4528 2.421, -0.1956 -3.4606 2.4222, 0.1956 -3.4606 2.4222, 0.1923 -3.4093 2.4203, 0.1921 -3.4064 2.4202, -0.1923 -3.4093 2.4203, 0.1912 -3.3923 2.4235, -0.1911 -3.3923 2.4236, -0.1894 -3.3666 2.4285, 0.1951 -3.4528 2.421, 0.1956 -3.4811 2.3059, 0.1894 -3.3308 2.316, 0.191 -3.3691 2.3086, 0.1923 -3.3991 2.3029, 0.1921 -3.4064 2.4202, 0.1925 -3.4037 2.302, 0.1935 -3.4294 2.3033, -0.1689 -2.9605 2.4505, -0.1654 -2.9422 2.4572, -0.1571 -2.9252 2.4633, -0.1445 -2.9107 2.4686, -0.1285 -2.8997 2.4726, -0.11 -2.8928 2.4751, -0.0903 -2.8904 2.476, 0.0903 -2.8904 2.476, 0.11 -2.8928 2.4751, 0.1285 -2.8997 2.4726, 0.1445 -2.9107 2.4686, 0.1571 -2.9252 2.4633, 0.1654 -2.9422 2.4572, -0.1956 -3.4811 2.3059, -0.2597 -4.663 2.6342, -0.2597 -4.6835 2.5179, -0.2612 -4.704 2.5197, -0.2627 -4.7324 2.5197, -0.2612 -4.704 2.6378, -0.2627 -4.7324 2.6378, 1.6296 -2.3392 2.5197, 1.6296 -2.3392 2.6378, 1.6099 -2.3417 2.5197, 1.6099 -2.3417 2.6378, 1.5914 -2.349 2.5197, 1.5914 -2.349 2.6378, 1.5754 -2.3608 2.5197, 1.5754 -2.3608 2.6378, 1.5628 -2.3762 2.5197, 1.5628 -2.3762 2.6378, 1.5545 -2.3942 2.5197, 1.5545 -2.3942 2.6378, 1.551 -2.4138 2.5197, 1.551 -2.4138 2.6378, 1.6493 -2.3392 2.6378, 1.6493 -2.3392 2.5197, 1.6674 -2.3413 2.6378, 1.6674 -2.3413 2.5197, 1.6845 -2.3475 2.6378, 1.6845 -2.3475 2.5197, 1.6998 -2.3574 2.6378, 1.6998 -2.3574 2.5197, 1.7123 -2.3707 2.6378, 1.7123 -2.3707 2.5197, 1.7215 -2.3864 2.6378, 1.7215 -2.3864 2.5197, 1.7268 -2.4038 2.6378, 1.7268 -2.4038 2.5197, 1.7279 -2.422 2.6378, 1.7279 -2.422 2.5197, 1.6043 -4.7786 2.6378, 1.6043 -4.7786 2.5197, 1.5954 -4.8275 2.6378, 1.5954 -4.8275 2.5197, 1.5746 -4.8726 2.6378, 1.5746 -4.8726 2.5197, 1.5432 -4.9111 2.6378, 1.5432 -4.9111 2.5197, 1.5031 -4.9405 2.6378, 1.5031 -4.9405 2.5197, 1.457 -4.9589 2.6378, 1.457 -4.9589 2.5197, 1.4077 -4.9651 2.6378, 1.4077 -4.9651 2.5197, 0.9545 -4.9651 2.5197, 0.9545 -4.9651 2.6378, 0.9052 -4.9589 2.6378, 0.9052 -4.9589 2.5197, 0.8591 -4.9405 2.6378, 0.8591 -4.9405 2.5197, 0.819 -4.9111 2.6378, 0.819 -4.9111 2.5197, 0.7876 -4.8726 2.6378, 0.7876 -4.8726 2.5197, 0.7668 -4.8275 2.6378, 0.7668 -4.8275 2.5197, 0.7579 -4.7786 2.6378, 0.7579 -4.7786 2.5197, 0.6343 -2.422 2.5197, 0.6343 -2.422 2.6378, 0.6354 -2.4038 2.6378, 0.6354 -2.4038 2.5197, 0.6407 -2.3864 2.6378, 0.6407 -2.3864 2.5197, 0.6499 -2.3707 2.6378, 0.6499 -2.3707 2.5197, 0.6624 -2.3574 2.6378, 0.6624 -2.3574 2.5197, 0.6777 -2.3475 2.6378, 0.6777 -2.3475 2.5197, 0.6948 -2.3413 2.6378, 0.6948 -2.3413 2.5197, 0.7129 -2.3392 2.6378, 0.7129 -2.3392 2.5197, 0.7326 -2.3392 2.5197, 0.7326 -2.3392 2.6378, 0.8113 -2.4138 2.5197, 0.8113 -2.4138 2.6378, 0.8077 -2.3942 2.5197, 0.8077 -2.3942 2.6378, 0.7994 -2.3762 2.5197, 0.7994 -2.3762 2.6378, 0.7868 -2.3608 2.5197, 0.7868 -2.3608 2.6378, 0.7708 -2.349 2.5197, 0.7708 -2.349 2.6378, 0.7523 -2.3417 2.5197, 0.7523 -2.3417 2.6378, 0.8134 -2.4541 2.6378, 0.8134 -2.4541 2.5197, 0.8137 -2.4592 2.5196, 0.8137 -2.4623 2.6377, 0.8135 -2.4566 2.5197, 0.8135 -2.4582 2.6378, 0.8873 -3.8615 2.4829, 0.8873 -3.8645 2.601, 1.5485 -2.4623 2.6377, 1.4749 -3.8645 2.601, 1.5489 -2.4541 2.6378, 1.5487 -2.4582 2.6378
            ]
        }
        coordIndex [
            0,1,2,-1,2,1,3,-1,4,5,6,-1,6,5,7,-1,6,7,8,-1,8,7,3,-1,8,3,1,-1,6,9,10,-1,10,11,6,-1,6,11,12,-1,6,12,4,-1,13,1,14,-1,14,1,15,-1,13,16,1,-1,1,16,17,-1,1,17,8,-1,18,19,20,-1,20,19,21,-1,21,19,22,-1,21,22,23,-1,20,24,18,-1,18,24,25,-1,18,25,26,-1,26,25,27,-1,26,27,28,-1,3,7,27,-1,27,7,29,-1,27,29,28,-1,30,23,31,-1,2,3,32,-1,32,3,27,-1,32,27,33,-1,33,27,34,-1,30,31,20,-1,27,35,34,-1,34,35,24,-1,34,24,36,-1,36,24,20,-1,36,20,37,-1,37,20,31,-1,38,5,4,-1,38,4,39,-1,39,4,12,-1,39,12,40,-1,40,12,11,-1,40,11,41,-1,41,11,10,-1,41,10,42,-1,42,10,9,-1,42,9,43,-1,43,9,6,-1,43,6,44,-1,45,44,8,-1,8,44,6,-1,45,8,17,-1,45,17,46,-1,46,17,16,-1,46,16,47,-1,47,16,13,-1,47,13,48,-1,48,13,14,-1,48,14,49,-1,49,14,15,-1,49,15,50,-1,50,15,1,-1,50,1,0,-1,22,51,52,-1,52,51,53,-1,54,55,56,-1,56,55,57,-1,58,59,60,-1,60,59,61,-1,60,61,62,-1,62,61,63,-1,62,63,64,-1,64,63,65,-1,64,65,66,-1,66,65,67,-1,66,67,68,-1,68,67,69,-1,68,69,70,-1,70,69,71,-1,59,58,72,-1,72,58,73,-1,72,73,74,-1,74,73,75,-1,74,75,76,-1,76,75,77,-1,76,77,78,-1,78,77,79,-1,78,79,80,-1,80,79,81,-1,80,81,82,-1,82,81,83,-1,82,83,84,-1,84,83,85,-1,84,85,86,-1,86,85,87,-1,86,87,88,-1,88,87,89,-1,88,89,90,-1,90,89,91,-1,90,91,92,-1,92,91,93,-1,92,93,94,-1,94,93,95,-1,94,95,96,-1,96,95,97,-1,96,97,98,-1,98,97,99,-1,98,99,100,-1,100,99,101,-1,102,103,101,-1,101,103,100,-1,103,102,104,-1,104,102,105,-1,104,105,106,-1,106,105,107,-1,106,107,108,-1,108,107,109,-1,108,109,110,-1,110,109,111,-1,110,111,112,-1,112,111,113,-1,112,113,114,-1,114,113,115,-1,116,117,115,-1,115,117,114,-1,117,116,118,-1,118,116,119,-1,118,119,120,-1,120,119,121,-1,120,121,122,-1,122,121,123,-1,122,123,124,-1,124,123,125,-1,124,125,126,-1,126,125,127,-1,126,127,128,-1,128,127,129,-1,128,129,130,-1,130,129,131,-1,132,133,131,-1,131,133,130,-1,134,135,136,-1,136,135,137,-1,136,137,138,-1,138,137,139,-1,138,139,140,-1,140,139,141,-1,140,141,142,-1,142,141,143,-1,142,143,144,-1,144,143,145,-1,144,145,132,-1,132,145,133,-1,146,135,147,-1,147,135,134,-1,148,149,150,-1,150,149,151,-1,150,151,147,-1,147,151,146,-1,152,153,148,-1,148,153,149,-1,154,149,155,-1,155,149,153,-1,156,146,151,-1,149,154,151,-1,151,154,157,-1,151,157,156,-1,
        ]
    }
}
Shape{
    appearance Appearance {
        material  Material 	{
            diffuseColor 0.0 0.2901960784313726 0.8745098039215686
            specularColor 0.0 0.1450980392156863 0.4392156862745098
            ambientIntensity 0.27
            transparency 0.0
            shininess 0.5
        }
    }
    geometry IndexedFaceSet {
        ccw TRUE
        solid FALSE
        coord DEF co Coordinate {
            point [
                1.5489 -2.4541 2.5197, 1.5489 -2.4541 2.6378, 1.5487 -2.4566 2.5197, 1.5487 -2.4582 2.6378, 1.5485 -2.4592 2.5196, 1.5485 -2.4623 2.6377, 0.8135 -2.4566 2.5197, 0.8134 -2.4541 2.5197, 0.8137 -2.4592 2.5196
            ]
        }
        coordIndex [
            0,1,2,-1,2,1,3,-1,2,3,4,-1,4,3,5,-1,6,7,0,-1,6,0,8,-1,8,0,2,-1,8,2,4,-1,
        ]
    }
}
Shape{
    appearance Appearance {
        material  Material 	{
            diffuseColor 0.8509803921568627 0.8509803921568627 0.8509803921568627
            specularColor 0.4235294117647059 0.4235294117647059 0.4235294117647059
            ambientIntensity 0.851
            transparency 0.0
            shininess 0.5
        }
    }
    geometry IndexedFaceSet {
        ccw TRUE
        solid FALSE
        coord DEF co Coordinate {
            point [
                1.4749 -3.8615 2.4829, 0.8873 -3.8615 2.4829, 1.5485 -2.4592 2.5196, 0.8137 -2.4592 2.5196
            ]
        }
        coordIndex [
            0,1,2,-1,2,1,3,-1,
        ]
    }
}
Shape{
    appearance Appearance {
        material  Material 	{
            diffuseColor 0.0 0.2901960784313726 0.8745098039215686
            specularColor 0.0 0.1450980392156863 0.4392156862745098
            ambientIntensity 0.27
            transparency 0.0
            shininess 0.5
        }
    }
    geometry IndexedFaceSet {
        ccw TRUE
        solid FALSE
        coord DEF co Coordinate {
            point [
                0.8932 -3.9218 2.4517, 0.8928 -3.9184 2.4556, 1.469 -3.9217 2.4516, 0.8888 -3.8784 2.4806, 1.4739 -3.8734 2.4811, 1.4737 -3.8754 2.4808, 1.4733 -3.8807 2.48, 1.4725 -3.8887 2.4766, 0.8897 -3.8887 2.4766, 1.4724 -3.8901 2.476, 0.8898 -3.8902 2.4761, 0.8873 -3.8615 2.4829, 1.4749 -3.8615 2.4829, 0.8883 -3.8734 2.4813, 0.8885 -3.8754 2.481, 0.8904 -3.8967 2.4735, 1.4716 -3.8988 2.4724, 0.8909 -3.9012 2.4704, 1.4714 -3.9013 2.4705, 0.8913 -3.9054 2.4674, 1.4709 -3.9055 2.4675, 0.892 -3.9126 2.4622, 1.4702 -3.9126 2.4622, 1.4694 -3.9183 2.4555, 0.8935 -3.9239 2.4494, 1.4685 -3.9252 2.4474, 0.8943 -3.9283 2.4411, 1.468 -3.9283 2.4411, 1.4678 -3.929 2.4397, 1.4669 -3.9339 2.4298, 1.4666 -3.9345 2.4268, 0.8944 -3.929 2.4397, 0.8951 -3.933 2.4321, 0.8956 -3.9343 2.4268, 1.4665 -3.935 2.4249, 0.8958 -3.9348 2.4248, 1.4655 -3.9376 2.4131, 0.8968 -3.9376 2.4131, 0.8883 -3.8944 2.5966, 0.8873 -3.8645 2.601, 0.8968 -4.055 2.4265, 0.8958 -4.048 2.4558, 0.8956 -4.0469 2.4607, 0.8952 -4.0443 2.4718, 0.8944 -4.0335 2.493, 0.8943 -4.0317 2.4965, 0.8936 -4.023 2.5137, 0.8932 -4.0152 2.5227, 0.8928 -4.0068 2.5326, 0.892 -3.9924 2.5493, 0.8913 -3.9745 2.5622, 0.8909 -3.9639 2.5698, 0.8905 -3.9545 2.5765, 0.8898 -3.9363 2.5839, 0.8897 -3.9327 2.5854, 0.8889 -3.9109 2.5942, 0.8885 -3.8994 2.5959, 0.8975 -4.0566 2.4124, 0.8975 -3.9979 2.4057, 0.8975 -3.9392 2.3991
            ]
        }
        coordIndex [
            0,1,2,-1,3,4,5,-1,5,6,3,-1,3,6,7,-1,3,7,8,-1,8,7,9,-1,8,9,10,-1,11,12,13,-1,13,12,4,-1,13,4,14,-1,14,4,3,-1,10,9,15,-1,15,9,16,-1,15,16,17,-1,17,16,18,-1,17,18,19,-1,19,18,20,-1,19,20,21,-1,21,20,22,-1,21,22,1,-1,1,22,23,-1,1,23,2,-1,0,2,24,-1,24,2,25,-1,24,25,26,-1,26,25,27,-1,26,27,28,-1,28,29,26,-1,26,29,30,-1,26,30,31,-1,31,30,32,-1,32,30,33,-1,33,30,34,-1,33,34,35,-1,35,34,36,-1,35,36,37,-1,14,38,13,-1,13,38,39,-1,13,39,11,-1,37,40,35,-1,35,40,41,-1,35,41,33,-1,33,41,42,-1,33,42,32,-1,32,42,43,-1,32,43,31,-1,31,43,44,-1,31,44,26,-1,26,44,45,-1,26,45,24,-1,24,45,46,-1,24,46,0,-1,0,46,47,-1,0,47,1,-1,1,47,48,-1,1,48,21,-1,21,48,49,-1,21,49,19,-1,19,49,50,-1,19,50,17,-1,17,50,51,-1,17,51,15,-1,15,51,52,-1,15,52,10,-1,10,52,53,-1,10,53,8,-1,8,53,54,-1,8,54,3,-1,3,54,55,-1,3,55,14,-1,14,55,56,-1,14,56,38,-1,57,40,58,-1,58,40,37,-1,58,37,59,-1,
        ]
    }
}
Shape{
    appearance Appearance {
        material  Material 	{
            diffuseColor 0.8509803921568627 0.8509803921568627 0.8509803921568627
            specularColor 0.4235294117647059 0.4235294117647059 0.4235294117647059
            ambientIntensity 0.851
            transparency 0.0
            shininess 0.5
        }
    }
    geometry IndexedFaceSet {
        ccw TRUE
        solid FALSE
        coord DEF co Coordinate {
            point [
                1.4655 -4.055 2.4265, 0.8968 -4.055 2.4265, 1.4647 -4.0566 2.4124, 0.8975 -4.0566 2.4124, 0.8928 -4.0068 2.5326, 0.8932 -4.0152 2.5227, 1.469 -4.0151 2.5226, 0.8936 -4.023 2.5137, 1.4686 -4.0236 2.5126, 0.8943 -4.0317 2.4965, 1.468 -4.0316 2.4965, 0.8944 -4.0335 2.493, 1.4678 -4.0333 2.4929, 0.8952 -4.0443 2.4718, 1.4669 -4.0451 2.4692, 0.8956 -4.0469 2.4607, 1.4666 -4.047 2.4608, 0.8958 -4.048 2.4558, 1.4665 -4.0482 2.4558, 1.4694 -4.0067 2.5325, 1.4702 -3.9924 2.5493, 0.892 -3.9924 2.5493, 1.4709 -3.9745 2.5622, 0.8913 -3.9745 2.5622, 0.8909 -3.9639 2.5698, 1.4714 -3.9639 2.5698, 0.8905 -3.9545 2.5765, 0.8885 -3.8994 2.5959, 0.8889 -3.9109 2.5942, 1.4739 -3.8943 2.5965, 1.4717 -3.956 2.5756, 1.4724 -3.9363 2.5837, 0.8898 -3.9363 2.5839, 1.4725 -3.9326 2.5852, 0.8897 -3.9327 2.5854, 1.4733 -3.9113 2.5939, 1.4737 -3.8993 2.5957, 0.8883 -3.8944 2.5966, 1.4749 -3.8645 2.601, 0.8873 -3.8645 2.601, 1.4685 -3.9252 2.4474, 1.468 -3.9283 2.4411, 1.4655 -3.9376 2.4131, 1.4665 -3.935 2.4249, 1.4666 -3.9345 2.4268, 1.4669 -3.9339 2.4298, 1.4678 -3.929 2.4397, 1.4749 -3.8615 2.4829, 1.4739 -3.8734 2.4811, 1.4737 -3.8754 2.4808, 1.4733 -3.8807 2.48, 1.4725 -3.8887 2.4766, 1.4724 -3.8901 2.476, 1.4716 -3.8988 2.4724, 1.4714 -3.9013 2.4705, 1.4709 -3.9055 2.4675, 1.4702 -3.9126 2.4622, 1.4694 -3.9183 2.4555, 1.469 -3.9217 2.4516, 1.4647 -3.9392 2.3991
            ]
        }
        coordIndex [
            0,1,2,-1,2,1,3,-1,4,5,6,-1,6,5,7,-1,6,7,8,-1,8,7,9,-1,8,9,10,-1,10,9,11,-1,10,11,12,-1,12,11,13,-1,12,13,14,-1,14,13,15,-1,14,15,16,-1,16,15,17,-1,16,17,18,-1,18,17,1,-1,18,1,0,-1,6,19,4,-1,4,19,20,-1,4,20,21,-1,21,20,22,-1,21,22,23,-1,23,22,24,-1,24,22,25,-1,24,25,26,-1,27,28,29,-1,25,30,26,-1,26,30,31,-1,26,31,32,-1,32,31,33,-1,32,33,34,-1,34,33,35,-1,34,35,28,-1,28,35,36,-1,28,36,29,-1,27,29,37,-1,37,29,38,-1,37,38,39,-1,40,10,41,-1,41,10,12,-1,0,42,18,-1,18,42,43,-1,18,43,16,-1,16,43,44,-1,16,44,14,-1,14,44,45,-1,14,45,12,-1,12,45,46,-1,12,46,41,-1,47,38,48,-1,48,38,29,-1,48,29,49,-1,49,29,36,-1,49,36,50,-1,50,36,35,-1,50,35,51,-1,51,35,33,-1,51,33,52,-1,52,33,31,-1,52,31,53,-1,53,31,30,-1,53,30,54,-1,54,30,25,-1,54,25,55,-1,55,25,22,-1,55,22,56,-1,56,22,20,-1,56,20,57,-1,57,20,19,-1,57,19,58,-1,58,19,6,-1,58,6,40,-1,40,6,8,-1,40,8,10,-1,2,59,0,-1,0,59,42,-1,
        ]
    }
}
Shape{
    appearance Appearance {
        material  Material 	{
            diffuseColor 0.0 0.2901960784313726 0.8745098039215686
            specularColor 0.0 0.1450980392156863 0.4392156862745098
            ambientIntensity 0.27
            transparency 0.0
            shininess 0.5
        }
    }
    geometry IndexedFaceSet {
        ccw TRUE
        solid FALSE
        coord DEF co Coordinate {
            point [
                1.4647 -3.9392 2.3991, 0.8975 -3.9392 2.3991, 1.4655 -3.9376 2.4131, 0.8968 -3.9376 2.4131
            ]
        }
        coordIndex [
            0,1,2,-1,2,1,3,-1,
        ]
    }
}
Shape{
    appearance Appearance {
        material  Material 	{
            diffuseColor 0.8509803921568627 0.8509803921568627 0.8509803921568627
            specularColor 0.4235294117647059 0.4235294117647059 0.4235294117647059
            ambientIntensity 0.851
            transparency 0.0
            shininess 0.5
        }
    }
    geometry IndexedFaceSet {
        ccw TRUE
        solid FALSE
        coord DEF co Coordinate {
            point [
                0.9037 -4.0361 2.251, 0.9036 -4.035 2.2519, 1.2795 -4.0679 2.2362, 1.4578 -4.0568 2.2418, 1.4574 -4.0679 2.2362, 1.0827 -4.0813 2.2319, 1.0827 -4.0679 2.2362, 0.9044 -4.0566 2.2415, 0.9049 -4.0679 2.2362, 0.9007 -3.9714 2.3117, 1.462 -3.9644 2.3231, 0.901 -3.9772 2.3047, 1.462 -3.965 2.3218, 0.9019 -3.9954 2.2831, 1.4612 -3.9775 2.3049, 1.4605 -3.9903 2.2877, 1.4603 -3.9954 2.2833, 0.9021 -3.9987 2.2791, 1.4595 -4.0131 2.2683, 0.9027 -4.0131 2.2684, 1.4589 -4.0263 2.2571, 1.4586 -4.0353 2.2526, 0.9002 -3.9653 2.3235, 0.8992 -3.9522 2.3494, 1.463 -3.9528 2.3497, 0.8991 -3.95 2.3536, 1.4635 -3.9463 2.3647, 0.8985 -3.9461 2.37, 1.4637 -3.9453 2.3697, 0.8975 -3.9392 2.3991, 1.4647 -3.9392 2.3991, 1.2795 -4.0813 2.2319, 1.2795 -4.1313 2.2245, 1.0827 -4.1313 2.2245, 1.2795 -4.1816 2.2301, 1.0827 -4.1816 2.2301, 0.9096 -4.2067 2.2387, 0.9094 -4.2018 2.2362, 1.0827 -4.2018 2.2362, 0.9105 -4.2281 2.2496, 1.2795 -4.2018 2.2362, 1.4518 -4.2287 2.2484, 1.4509 -4.2519 2.2631, 0.9114 -4.2519 2.2631, 0.9116 -4.2501 2.262, 0.9112 -4.2488 2.2608, 0.9111 -4.2441 2.2577, 1.4528 -4.2018 2.2362, 1.4526 -4.2068 2.2385, 1.4518 -4.2278 2.2478, 0.9105 -4.2296 2.2503, 1.4569 -4.1135 2.3458, 1.4561 -4.1233 2.344, 1.4561 -4.1057 2.2362, 1.4555 -4.1303 2.3427, 1.4543 -4.1571 2.2362, 1.4552 -4.1334 2.3428, 1.4543 -4.1437 2.3431, 1.4535 -4.1534 2.3454, 1.4527 -4.1627 2.3477, 1.4526 -4.1636 2.3482, 1.4518 -4.1721 2.3526, 1.4511 -4.1792 2.3563, 1.4509 -4.1816 2.358, 1.4571 -4.111 2.3463, 1.4578 -4.1037 2.3497, 1.4586 -4.0949 2.3537, 1.4587 -4.0933 2.3544, 1.4595 -4.0859 2.3599, 1.4598 -4.0835 2.3616, 1.4603 -4.0793 2.3663, 1.4612 -4.0717 2.3747, 1.4647 -4.0566 2.4124, 1.4637 -4.0594 2.4008, 1.4631 -4.0612 2.3935, 1.463 -4.0617 2.3925, 1.462 -4.0671 2.3823, 1.4614 -4.0703 2.3761, 1.4372 -4.3909 2.5129, 1.4372 -4.4611 2.4179, 0.925 -4.4611 2.4179, 1.4284 -4.5004 2.447, 1.2899 -4.606 2.5251, 1.2406 -4.6111 2.5289, 1.1216 -4.6111 2.5289, 0.9339 -4.5004 2.447, 1.0723 -4.606 2.5251, 1.0262 -4.5912 2.5142, 0.9547 -4.5367 2.4738, 0.9861 -4.5676 2.4967, 1.4076 -4.5367 2.4738, 1.3761 -4.5676 2.4967, 1.3361 -4.5912 2.5142
            ]
        }
        coordIndex [
            0,1,2,-1,2,1,3,-1,2,3,4,-1,5,6,2,-1,0,2,7,-1,7,2,6,-1,7,6,8,-1,9,10,11,-1,11,10,12,-1,11,12,13,-1,13,12,14,-1,14,15,13,-1,13,15,16,-1,13,16,17,-1,17,16,18,-1,17,18,19,-1,19,18,20,-1,19,20,1,-1,1,20,21,-1,1,21,3,-1,9,22,10,-1,10,22,23,-1,10,23,24,-1,24,23,25,-1,24,25,26,-1,26,25,27,-1,26,27,28,-1,28,27,29,-1,28,29,30,-1,2,31,5,-1,5,31,32,-1,5,32,33,-1,33,32,34,-1,33,34,35,-1,36,37,38,-1,36,38,39,-1,35,34,38,-1,38,34,40,-1,38,40,39,-1,41,42,43,-1,43,44,41,-1,41,44,45,-1,41,45,46,-1,47,48,40,-1,40,48,49,-1,40,49,39,-1,39,49,41,-1,39,41,50,-1,50,41,46,-1,51,52,53,-1,53,52,54,-1,53,54,55,-1,54,56,55,-1,55,56,57,-1,55,57,47,-1,57,58,47,-1,47,58,59,-1,47,59,48,-1,48,59,60,-1,48,60,49,-1,49,60,61,-1,49,61,41,-1,41,61,62,-1,41,62,42,-1,42,62,63,-1,51,53,64,-1,64,53,4,-1,64,4,65,-1,65,4,3,-1,65,3,66,-1,66,3,21,-1,66,21,67,-1,67,21,20,-1,67,20,68,-1,68,20,18,-1,68,18,69,-1,69,18,70,-1,70,18,16,-1,70,16,71,-1,30,72,28,-1,28,72,73,-1,28,73,26,-1,26,73,74,-1,26,74,24,-1,24,74,75,-1,24,75,10,-1,10,75,76,-1,10,76,12,-1,12,76,77,-1,12,77,14,-1,14,77,71,-1,14,71,15,-1,15,71,16,-1,78,79,63,-1,63,79,42,-1,43,42,80,-1,80,42,79,-1,81,82,79,-1,79,82,83,-1,79,83,80,-1,80,83,84,-1,80,84,85,-1,84,86,85,-1,85,86,87,-1,85,87,88,-1,88,87,89,-1,81,90,82,-1,82,90,91,-1,82,91,92,-1,
        ]
    }
}
Shape{
    appearance Appearance {
        material  Material 	{
            diffuseColor 0.0 0.2901960784313726 0.8745098039215686
            specularColor 0.0 0.1450980392156863 0.4392156862745098
            ambientIntensity 0.27
            transparency 0.0
            shininess 0.5
        }
    }
    geometry IndexedFaceSet {
        ccw TRUE
        solid FALSE
        coord DEF co Coordinate {
            point [
                0.9114 -4.2346 2.2865, 0.9114 -4.2519 2.2631, 0.925 -4.4611 2.4179, 0.9114 -4.2257 2.2985, 0.9114 -4.1816 2.358, 0.9114 -4.1901 2.3466, 0.925 -4.3909 2.5129, 0.9114 -4.199 2.3346, 0.9114 -4.2034 2.3286, 0.9114 -4.2079 2.3226, 0.9114 -4.2168 2.3106
            ]
        }
        coordIndex [
            0,1,2,-1,0,2,3,-1,4,5,6,-1,6,5,7,-1,7,8,6,-1,6,8,9,-1,6,9,2,-1,2,9,10,-1,2,10,3,-1,
        ]
    }
}
Shape{
    appearance Appearance {
        material  Material 	{
            diffuseColor 0.8509803921568627 0.8509803921568627 0.8509803921568627
            specularColor 0.4235294117647059 0.4235294117647059 0.4235294117647059
            ambientIntensity 0.851
            transparency 0.0
            shininess 0.5
        }
    }
    geometry IndexedFaceSet {
        ccw TRUE
        solid FALSE
        coord DEF co Coordinate {
            point [
                1.4284 -4.4302 2.5419, 1.4372 -4.3909 2.5129, 1.2406 -4.5408 2.6238, 1.4509 -4.1816 2.358, 1.1216 -4.5408 2.6238, 0.9114 -4.1816 2.358, 0.9861 -4.4974 2.5917, 1.0262 -4.521 2.6091, 1.0723 -4.5358 2.6201, 1.2899 -4.5358 2.6201, 1.3361 -4.521 2.6091, 1.3761 -4.4974 2.5917, 1.4076 -4.4664 2.5688, 0.925 -4.3909 2.5129, 0.9339 -4.4302 2.5419, 0.9547 -4.4664 2.5688, 1.4561 -4.1233 2.344, 1.4569 -4.1135 2.3458, 0.9063 -4.1242 2.3433, 0.8986 -4.0592 2.3992, 1.462 -4.0671 2.3823, 0.8985 -4.0589 2.4007, 1.463 -4.0617 2.3925, 1.4647 -4.0566 2.4124, 0.8975 -4.0566 2.4124, 1.4637 -4.0594 2.4008, 1.4631 -4.0612 2.3935, 0.9003 -4.067 2.3813, 1.4603 -4.0793 2.3663, 0.9002 -4.0667 2.382, 1.4612 -4.0717 2.3747, 0.8992 -4.0621 2.3927, 1.4614 -4.0703 2.3761, 0.901 -4.072 2.3749, 0.9019 -4.0789 2.3659, 1.4598 -4.0835 2.3616, 0.9027 -4.0859 2.3599, 1.4586 -4.0949 2.3537, 0.9019 -4.079 2.3658, 1.4587 -4.0933 2.3544, 1.4595 -4.0859 2.3599, 0.903 -4.0882 2.3579, 0.9036 -4.0951 2.354, 1.4578 -4.1037 2.3497, 0.9046 -4.1053 2.3484, 1.4571 -4.111 2.3463, 0.9053 -4.1136 2.3461, 0.9062 -4.1232 2.3436, 1.4555 -4.1303 2.3427, 0.907 -4.1334 2.3432, 1.4552 -4.1334 2.3428, 0.9079 -4.1437 2.3431, 1.4543 -4.1437 2.3431, 0.9087 -4.1534 2.3454, 1.4535 -4.1534 2.3454, 1.4518 -4.1721 2.3526, 1.4526 -4.1636 2.3482, 0.9095 -4.1627 2.3477, 1.4527 -4.1627 2.3477, 0.9096 -4.1636 2.3482, 0.9104 -4.1721 2.3527, 1.4511 -4.1792 2.3563, 0.9105 -4.1727 2.353, 0.9109 -4.1773 2.3554, 0.9112 -4.1805 2.3573, 0.9113 -4.1806 2.3573, 0.9112 -4.1805 2.3572, 0.9111 -4.1795 2.3566, 0.9112 -4.1799 2.3568, 0.9112 -4.1804 2.3571, 0.9113 -4.181 2.3576, 0.9113 -4.1811 2.3576, 0.9113 -4.1811 2.3576, 0.9113 -4.1811 2.3577, 0.9113 -4.1812 2.3577, 0.9113 -4.1812 2.3577, 0.9113 -4.1812 2.3577, 0.9113 -4.1813 2.3578, 0.9113 -4.1815 2.3579, 0.9114 -4.1816 2.358, 0.9114 -4.1816 2.358
            ]
        }
        coordIndex [
            0,1,2,-1,2,1,3,-1,2,3,4,-1,4,3,5,-1,6,7,8,-1,2,9,10,-1,10,11,2,-1,2,11,12,-1,2,12,0,-1,5,13,4,-1,4,13,14,-1,4,14,8,-1,8,14,15,-1,8,15,6,-1,16,17,18,-1,19,20,21,-1,21,20,22,-1,23,24,25,-1,25,24,21,-1,25,21,26,-1,26,21,22,-1,27,28,29,-1,29,28,30,-1,19,31,20,-1,20,31,29,-1,20,29,32,-1,32,29,30,-1,27,33,28,-1,28,33,34,-1,28,34,35,-1,36,37,38,-1,38,37,39,-1,38,39,34,-1,34,39,40,-1,34,40,35,-1,36,41,37,-1,37,41,42,-1,37,42,43,-1,43,42,44,-1,43,44,45,-1,45,44,46,-1,45,46,17,-1,17,46,47,-1,17,47,18,-1,16,18,48,-1,48,18,49,-1,48,49,50,-1,50,49,51,-1,50,51,52,-1,52,51,53,-1,52,53,54,-1,55,56,57,-1,57,56,53,-1,53,56,58,-1,53,58,54,-1,57,59,55,-1,55,59,60,-1,55,60,61,-1,61,60,62,-1,61,62,63,-1,64,65,3,-1,64,3,66,-1,63,67,61,-1,61,67,68,-1,61,68,3,-1,3,68,69,-1,3,69,66,-1,65,70,3,-1,3,70,71,-1,3,71,72,-1,72,73,3,-1,3,73,74,-1,3,74,75,-1,75,76,3,-1,3,76,77,-1,3,77,78,-1,78,79,3,-1,3,79,80,-1,3,80,5,-1,
        ]
    }
}
Shape{
    appearance Appearance {
        material  Material 	{
            diffuseColor 0.0 0.2901960784313726 0.8745098039215686
            specularColor 0.0 0.1450980392156863 0.4392156862745098
            ambientIntensity 0.27
            transparency 0.0
            shininess 0.5
        }
    }
    geometry IndexedFaceSet {
        ccw TRUE
        solid FALSE
        coord DEF co Coordinate {
            point [
                0.9104 -4.1721 2.3527, 0.9096 -4.1636 2.3482, 0.9096 -4.1853 2.2931, 0.903 -4.0882 2.3579, 0.9027 -4.0859 2.3599, 0.9027 -4.049 2.3135, 0.9021 -3.9987 2.2791, 0.9027 -4.0131 2.2684, 0.9037 -4.0361 2.251, 0.9044 -4.0566 2.2415, 0.9044 -4.0799 2.295, 0.9049 -4.0679 2.2362, 0.9062 -4.1145 2.2851, 0.9036 -4.035 2.2519, 0.8992 -3.9522 2.3494, 0.9002 -3.9653 2.3235, 0.901 -4.024 2.3394, 0.9007 -3.9714 2.3117, 0.901 -3.9772 2.3047, 0.9019 -3.9954 2.2831, 0.8992 -4.0066 2.3708, 0.8975 -3.9979 2.4057, 0.8975 -3.9392 2.3991, 0.8985 -3.9461 2.37, 0.8991 -3.95 2.3536, 0.9002 -4.0667 2.382, 0.8992 -4.0621 2.3927, 0.8986 -4.0592 2.3992, 0.8985 -4.0589 2.4007, 0.8975 -4.0566 2.4124, 0.9003 -4.067 2.3813, 0.9019 -4.079 2.3658, 0.9019 -4.0789 2.3659, 0.901 -4.072 2.3749, 0.9036 -4.0951 2.354, 0.9046 -4.1053 2.3484, 0.9053 -4.1136 2.3461, 0.9062 -4.1232 2.3436, 0.9079 -4.1504 2.2844, 0.907 -4.1334 2.3432, 0.9063 -4.1242 2.3433, 0.9095 -4.1627 2.3477, 0.9087 -4.1534 2.3454, 0.9079 -4.1437 2.3431, 0.9105 -4.1727 2.353, 0.9109 -4.1932 2.3306, 0.9109 -4.1773 2.3554, 0.9111 -4.1876 2.3448, 0.9111 -4.1795 2.3566, 0.9113 -4.1811 2.3576, 0.9113 -4.181 2.3576, 0.9117 -4.1851 2.3519, 0.9113 -4.1806 2.3573, 0.9113 -4.1889 2.3457, 0.9112 -4.1805 2.3573, 0.9112 -4.1888 2.3457, 0.9112 -4.1805 2.3572, 0.9112 -4.1887 2.3457, 0.9112 -4.1804 2.3571, 0.9111 -4.1886 2.3456, 0.9112 -4.1799 2.3568, 0.9111 -4.1883 2.3454, 0.9114 -4.1989 2.3345, 0.9114 -4.199 2.3346, 0.9114 -4.1901 2.3466, 0.9114 -4.2034 2.3286, 0.9114 -4.2033 2.3285, 0.9114 -4.2079 2.3226, 0.9116 -4.2162 2.3101, 0.9114 -4.2168 2.3106, 0.9114 -4.2257 2.2985, 0.9116 -4.225 2.298, 0.9117 -4.2248 2.2979, 0.9111 -4.2441 2.2577, 0.9112 -4.2488 2.2608, 0.9111 -4.2313 2.2842, 0.9105 -4.2161 2.2747, 0.9105 -4.2296 2.2503, 0.9109 -4.2255 2.2803, 0.9111 -4.2301 2.2833, 0.9114 -4.2519 2.2631, 0.9114 -4.2346 2.2865, 0.9116 -4.2338 2.286, 0.9116 -4.2501 2.262, 0.9117 -4.2336 2.2859, 0.9117 -4.2335 2.2858, 0.9116 -4.2332 2.2856, 0.9113 -4.2324 2.2849, 0.9111 -4.2319 2.2845, 0.9062 -4.1057 2.2362, 0.9079 -4.1571 2.2362, 0.9094 -4.2018 2.2362, 0.9096 -4.2067 2.2387, 0.9105 -4.2281 2.2496, 0.9113 -4.2063 2.3214, 0.9113 -4.215 2.3092, 0.9116 -4.207 2.3218, 0.9116 -4.2157 2.3097, 0.9117 -4.2071 2.3218, 0.9117 -4.2158 2.3098, 0.9117 -4.2072 2.3219, 0.9117 -4.1985 2.334, 0.9117 -4.1984 2.3339, 0.9117 -4.1984 2.3339, 0.9117 -4.1983 2.3339, 0.9117 -4.1983 2.3339, 0.9117 -4.1982 2.3338, 0.9111 -4.2046 2.3202, 0.9111 -4.2131 2.3079, 0.9111 -4.2055 2.3209, 0.9111 -4.2141 2.3086, 0.9111 -4.2059 2.3212, 0.9111 -4.2146 2.309, 0.9112 -4.2061 2.3213, 0.9111 -4.1961 2.3325, 0.9111 -4.1969 2.3331, 0.9111 -4.1972 2.3334, 0.9112 -4.1974 2.3335, 0.9113 -4.1976 2.3336, 0.9117 -4.1898 2.3461, 0.9117 -4.1897 2.346, 0.9117 -4.1985 2.334, 0.9114 -4.1816 2.358, 0.9113 -4.1815 2.3579, 0.9114 -4.19 2.3465, 0.9115 -4.1899 2.3463, 0.9115 -4.1988 2.3343, 0.9117 -4.1986 2.3341, 0.9117 -4.203 2.3281, 0.9117 -4.1897 2.346, 0.9117 -4.1897 2.346, 0.9117 -4.1896 2.3459, 0.9117 -4.1896 2.3459, 0.9117 -4.1895 2.3459, 0.9117 -4.1895 2.3459, 0.9117 -4.1851 2.3519, 0.9113 -4.1811 2.3576, 0.9113 -4.1811 2.3577, 0.9113 -4.1812 2.3577, 0.9113 -4.1812 2.3577, 0.9113 -4.1812 2.3577, 0.9113 -4.1813 2.3578, 0.9105 -4.1871 2.327, 0.9105 -4.2016 2.3008, 0.9109 -4.2094 2.3054, 0.9114 -4.1816 2.358, 0.9114 -4.1816 2.358, 0.9114 -4.1901 2.3466, 0.9114 -4.1989 2.3345, 0.9115 -4.2032 2.3283, 0.9117 -4.2074 2.3221, 0.9117 -4.216 2.31, 0.9117 -4.2247 2.2978, 0.9117 -4.2073 2.322, 0.9117 -4.2159 2.3099, 0.9116 -4.2244 2.2977, 0.9111 -4.2216 2.2956, 0.9111 -4.2227 2.2964, 0.9111 -4.2232 2.2968, 0.9113 -4.2237 2.2971
            ]
        }
        coordIndex [
            0,1,2,-1,3,4,5,-1,6,7,5,-1,8,9,10,-1,10,9,11,-1,10,11,12,-1,5,7,10,-1,10,7,13,-1,10,13,8,-1,14,15,16,-1,15,17,16,-1,16,17,18,-1,16,18,5,-1,5,18,19,-1,5,19,6,-1,20,21,22,-1,22,23,20,-1,20,23,24,-1,20,24,14,-1,25,26,20,-1,20,26,27,-1,20,27,21,-1,21,27,28,-1,21,28,29,-1,14,16,20,-1,20,16,30,-1,20,30,25,-1,4,31,5,-1,5,31,32,-1,5,32,16,-1,16,32,33,-1,16,33,30,-1,3,5,34,-1,34,5,10,-1,34,10,35,-1,35,10,36,-1,36,10,12,-1,36,12,37,-1,38,39,12,-1,12,39,40,-1,12,40,37,-1,1,41,2,-1,2,41,42,-1,2,42,38,-1,38,42,43,-1,38,43,39,-1,44,45,46,-1,46,45,47,-1,46,47,48,-1,49,50,51,-1,51,50,52,-1,51,52,53,-1,53,52,54,-1,53,54,55,-1,55,54,56,-1,55,56,57,-1,57,56,58,-1,57,58,59,-1,59,58,60,-1,59,60,61,-1,62,63,64,-1,63,62,65,-1,65,62,66,-1,65,66,67,-1,68,69,67,-1,70,69,71,-1,71,69,68,-1,71,68,72,-1,73,74,75,-1,76,77,78,-1,78,77,73,-1,78,73,79,-1,79,73,75,-1,80,81,82,-1,80,82,83,-1,83,82,84,-1,83,84,85,-1,85,86,83,-1,83,86,87,-1,83,87,74,-1,74,87,88,-1,74,88,75,-1,11,89,12,-1,12,89,90,-1,12,90,38,-1,38,90,91,-1,38,91,2,-1,2,91,92,-1,2,92,76,-1,76,92,93,-1,76,93,77,-1,94,95,96,-1,96,95,97,-1,96,97,98,-1,98,97,99,-1,98,99,100,-1,101,102,100,-1,100,102,103,-1,100,103,98,-1,103,104,98,-1,98,104,105,-1,98,105,96,-1,96,105,106,-1,96,106,94,-1,107,108,109,-1,109,108,110,-1,109,110,111,-1,111,110,112,-1,111,112,113,-1,114,107,115,-1,115,107,109,-1,115,109,116,-1,116,109,111,-1,116,111,117,-1,117,111,113,-1,117,113,118,-1,119,120,121,-1,122,123,124,-1,124,123,125,-1,124,125,126,-1,126,125,127,-1,126,127,128,-1,121,120,101,-1,101,120,129,-1,101,129,102,-1,102,129,130,-1,102,130,103,-1,103,130,131,-1,103,131,104,-1,104,131,132,-1,104,132,105,-1,105,132,133,-1,105,133,106,-1,112,95,113,-1,113,95,94,-1,113,94,118,-1,118,94,106,-1,118,106,134,-1,134,106,133,-1,134,133,135,-1,135,133,132,-1,135,132,136,-1,136,132,131,-1,136,131,137,-1,137,131,130,-1,137,130,138,-1,138,130,129,-1,138,129,139,-1,139,129,120,-1,139,120,140,-1,140,120,119,-1,140,119,141,-1,136,49,135,-1,135,49,51,-1,135,51,134,-1,134,51,53,-1,134,53,118,-1,118,53,55,-1,118,55,117,-1,117,55,57,-1,117,57,116,-1,116,57,59,-1,116,59,115,-1,115,59,61,-1,115,61,114,-1,44,142,45,-1,45,142,143,-1,45,143,144,-1,145,146,64,-1,64,146,147,-1,64,147,62,-1,62,147,148,-1,62,148,66,-1,66,148,149,-1,66,149,67,-1,67,149,150,-1,67,150,68,-1,68,150,151,-1,68,151,72,-1,72,151,152,-1,146,122,147,-1,147,122,124,-1,147,124,148,-1,148,124,126,-1,148,126,149,-1,149,126,128,-1,149,128,150,-1,150,128,153,-1,150,153,151,-1,151,153,154,-1,151,154,152,-1,152,154,155,-1,60,48,61,-1,61,48,47,-1,61,47,114,-1,114,47,45,-1,114,45,107,-1,107,45,144,-1,107,144,108,-1,108,144,156,-1,108,156,110,-1,110,156,157,-1,110,157,112,-1,112,157,158,-1,112,158,95,-1,95,158,159,-1,95,159,97,-1,97,159,155,-1,97,155,99,-1,99,155,154,-1,99,154,100,-1,100,154,153,-1,100,153,101,-1,101,153,128,-1,101,128,121,-1,121,128,127,-1,121,127,119,-1,119,127,125,-1,119,125,141,-1,141,125,123,-1,44,0,142,-1,142,0,2,-1,142,2,143,-1,143,2,76,-1,143,76,144,-1,144,76,78,-1,144,78,156,-1,156,78,79,-1,156,79,157,-1,157,79,75,-1,157,75,158,-1,158,75,88,-1,158,88,159,-1,159,88,87,-1,159,87,155,-1,155,87,86,-1,155,86,152,-1,152,86,85,-1,152,85,72,-1,72,85,84,-1,72,84,71,-1,71,84,82,-1,71,82,70,-1,70,82,81,-1,
        ]
    }
}
Shape{
    appearance Appearance {
        material  Material 	{
            diffuseColor 0.8509803921568627 0.8509803921568627 0.8509803921568627
            specularColor 0.4235294117647059 0.4235294117647059 0.4235294117647059
            ambientIntensity 0.851
            transparency 0.0
            shininess 0.5
        }
    }
    geometry IndexedFaceSet {
        ccw TRUE
        solid FALSE
        coord DEF co Coordinate {
            point [
                1.4372 -4.4611 2.4179, 1.4372 -4.3909 2.5129, 1.4284 -4.4302 2.5419, 1.4284 -4.5004 2.447, 1.4076 -4.4664 2.5688, 1.4076 -4.5367 2.4738, 1.3761 -4.4974 2.5917, 1.3761 -4.5676 2.4967, 1.3361 -4.521 2.6091, 1.3361 -4.5912 2.5142, 1.2899 -4.5358 2.6201, 1.2899 -4.606 2.5251, 1.2406 -4.5408 2.6238, 1.2406 -4.6111 2.5289, 1.1216 -4.6111 2.5289, 1.1216 -4.5408 2.6238, 1.0723 -4.5358 2.6201, 1.0723 -4.606 2.5251, 1.0262 -4.521 2.6091, 1.0262 -4.5912 2.5142, 0.9861 -4.4974 2.5917, 0.9861 -4.5676 2.4967, 0.9547 -4.4664 2.5688, 0.9547 -4.5367 2.4738, 0.9339 -4.4302 2.5419, 0.9339 -4.5004 2.447, 0.925 -4.3909 2.5129, 0.925 -4.4611 2.4179
            ]
        }
        coordIndex [
            0,1,2,-1,0,2,3,-1,3,2,4,-1,3,4,5,-1,5,4,6,-1,5,6,7,-1,7,6,8,-1,7,8,9,-1,9,8,10,-1,9,10,11,-1,11,10,12,-1,11,12,13,-1,14,13,15,-1,15,13,12,-1,14,15,16,-1,14,16,17,-1,17,16,18,-1,17,18,19,-1,19,18,20,-1,19,20,21,-1,21,20,22,-1,21,22,23,-1,23,22,24,-1,23,24,25,-1,25,24,26,-1,25,26,27,-1,
        ]
    }
}
Shape{
    appearance Appearance {
        material  Material 	{
            diffuseColor 0.0 0.2901960784313726 0.8745098039215686
            specularColor 0.0 0.1450980392156863 0.4392156862745098
            ambientIntensity 0.27
            transparency 0.0
            shininess 0.5
        }
    }
    geometry IndexedFaceSet {
        ccw TRUE
        solid FALSE
        coord DEF co Coordinate {
            point [
                1.0827 -0.1935 1.5118, 1.0827 -0.1935 1.6299, 1.0827 -1.221 1.5118, 1.0827 -2.8549 1.6299, 1.0827 -2.8549 2.2362, 1.0827 -3.9573 1.6299, 1.0827 -3.9573 1.5118, 1.0827 -4.1313 2.2245, 1.0827 -4.2722 1.6299, 1.0827 -4.0813 2.2319, 1.0827 -4.0679 2.2362, 1.0827 -4.1816 2.2301, 1.0827 -4.2018 2.2362, 1.0827 -4.2722 2.2362, 1.2795 -2.8549 2.2362, 1.2795 -2.8549 1.6299, 1.2795 -3.9573 1.6299, 1.2795 -4.2722 1.6299, 1.2795 -4.1313 2.2245, 1.2795 -4.2722 2.2362, 1.2795 -4.2018 2.2362, 1.2795 -4.1816 2.2301, 1.2795 -4.0679 2.2362, 1.2795 -4.0813 2.2319, 1.6142 -3.9573 1.6299, 1.6142 -3.9573 1.5118, 1.6142 -1.221 1.5118, 1.6142 -0.2525 1.2323, 1.6142 -1.221 1.2323, 1.6142 -0.1935 1.2913, 1.6142 -0.1935 1.6299, 1.6772 -1.221 1.2323, 1.6772 -0.2525 1.2323, 1.1417 -1.221 1.5118, 1.1417 -0.1935 1.5118, 1.1417 -0.1935 1.2913, 1.1417 -0.2525 1.2323, 1.1417 -1.221 1.2323, 1.0788 -0.2525 1.2323, 1.0197 -0.1935 1.2913, 1.0788 -0.2525 1.122, 1.0197 -0.1935 1.063, 1.1417 -0.1935 1.063, 1.1417 -0.2525 1.122, 1.1417 -1.221 1.122, 1.1417 -1.221 1.0, 1.1417 -0.1935 1.0, 1.6142 -1.221 1.0, 1.6142 -0.1935 1.0, 1.6142 -1.221 1.122, 1.6142 -0.2525 1.122, 1.6142 -0.1935 1.063, 1.6772 -0.2525 1.122, 1.7362 -0.1935 1.063, 1.6772 -1.221 1.122, 1.0788 -1.221 1.122, 1.0788 -0.7321 1.128, 1.0788 -0.6118 1.128, 1.0788 -0.7321 1.2264, 1.0788 -0.6118 1.2264, 1.0788 -0.7842 1.2264, 1.0788 -1.221 1.2323, 1.0788 -0.7842 1.128, 1.0788 -0.3841 1.2264, 1.0788 -0.3841 1.128
            ]
        }
        coordIndex [
            0,1,2,-1,2,1,3,-1,4,5,3,-1,3,5,6,-1,3,6,2,-1,7,8,9,-1,9,8,5,-1,9,5,10,-1,10,5,4,-1,7,11,8,-1,8,11,12,-1,8,12,13,-1,4,3,14,-1,14,3,15,-1,16,17,18,-1,19,20,17,-1,17,20,21,-1,17,21,18,-1,14,15,22,-1,22,15,16,-1,22,16,23,-1,23,16,18,-1,8,13,17,-1,17,13,19,-1,17,16,8,-1,8,16,5,-1,24,25,16,-1,16,25,6,-1,16,6,5,-1,26,25,24,-1,27,28,29,-1,29,28,26,-1,29,26,30,-1,30,26,24,-1,28,27,31,-1,31,27,32,-1,2,33,0,-1,0,33,34,-1,35,34,36,-1,36,34,33,-1,36,33,37,-1,36,38,35,-1,35,38,39,-1,38,40,39,-1,39,40,41,-1,42,41,43,-1,43,41,40,-1,43,44,42,-1,42,44,45,-1,42,45,46,-1,47,48,45,-1,45,48,46,-1,49,50,47,-1,47,50,51,-1,47,51,48,-1,50,52,51,-1,51,52,53,-1,54,52,49,-1,49,52,50,-1,44,43,55,-1,55,43,40,-1,56,57,58,-1,58,57,59,-1,60,61,62,-1,62,61,55,-1,62,55,56,-1,56,55,40,-1,56,40,57,-1,60,58,61,-1,61,58,59,-1,61,59,38,-1,38,59,63,-1,38,63,40,-1,40,63,64,-1,40,64,57,-1,61,38,37,-1,37,38,36,-1,
        ]
    }
}
Shape{
    appearance Appearance {
        material  Material 	{
            diffuseColor 0.9686274509803922 0.8784313725490196 0.6
            specularColor 0.6784313725490196 0.615686274509804 0.4196078431372549
            ambientIntensity 0.8737
            transparency 0.0
            shininess 0.5
        }
    }
    geometry IndexedFaceSet {
        ccw TRUE
        solid FALSE
        coord DEF co Coordinate {
            point [
                1.0788 -0.7842 1.2264, 1.0788 -0.7842 1.128, 1.0853 -0.7948 1.128, 1.0853 -0.7948 1.2264, 1.094 -0.8038 1.128, 1.094 -0.8038 1.2264, 1.1811 -0.8766 1.128, 1.1811 -0.8766 1.2264
            ]
        }
        coordIndex [
            0,1,2,-1,0,2,3,-1,3,2,4,-1,3,4,5,-1,4,6,5,-1,5,6,7,-1,
        ]
    }
}
Shape{
    appearance Appearance {
        material  Material 	{
            diffuseColor 0.0 0.2901960784313726 0.8745098039215686
            specularColor 0.0 0.1450980392156863 0.4392156862745098
            ambientIntensity 0.27
            transparency 0.0
            shininess 0.5
        }
    }
    geometry IndexedFaceSet {
        ccw TRUE
        solid FALSE
        coord DEF co Coordinate {
            point [
                1.1811 -1.2604 1.5217, 1.1811 -1.2604 1.6201, 1.1811 -1.1915 1.5217, 1.1811 -1.1915 1.6201, 1.1811 -1.1696 1.5192, 1.1811 -1.1477 1.6151, 1.1811 -1.1488 1.5119, 1.1811 -1.1061 1.6006, 1.1811 -1.1301 1.5002, 1.1811 -1.0688 1.5771, 1.1811 -1.1146 1.4846, 1.1811 -1.0376 1.546, 1.1811 -1.1028 1.4659, 1.1811 -1.0142 1.5086, 1.1811 -1.0956 1.4451, 1.1811 -0.9996 1.467, 1.1811 -1.0931 1.4232, 1.1811 -0.9947 1.4232, 1.1811 -1.0931 1.3248, 1.1811 -0.9947 1.3248, 1.1811 -1.0864 1.2739, 1.1811 -0.9913 1.2993, 1.1811 -1.0667 1.2264, 1.1811 -0.9815 1.2756, 1.1811 -1.0354 1.1856, 1.1811 -0.9658 1.2552, 1.1811 -0.9947 1.1543, 1.1811 -0.9455 1.2396, 1.1811 -0.9472 1.1347, 1.1811 -0.9217 1.2297, 1.1811 -0.8962 1.128, 1.1811 -0.8962 1.2264, 1.1811 -0.8766 1.128, 1.1811 -0.8766 1.2264, 1.1221 -1.3195 1.6201, 1.1221 -1.3195 1.5217, 1.1221 -1.4924 1.6201, 1.5748 -1.4924 1.6201, 1.5748 -1.1915 1.6201
            ]
        }
        coordIndex [
            0,1,2,-1,2,1,3,-1,2,3,4,-1,4,3,5,-1,4,5,6,-1,6,5,7,-1,6,7,8,-1,8,7,9,-1,8,9,10,-1,10,9,11,-1,10,11,12,-1,12,11,13,-1,12,13,14,-1,14,13,15,-1,14,15,16,-1,16,15,17,-1,16,17,18,-1,18,17,19,-1,18,19,20,-1,20,19,21,-1,20,21,22,-1,22,21,23,-1,22,23,24,-1,24,23,25,-1,24,25,26,-1,26,25,27,-1,26,27,28,-1,28,27,29,-1,28,29,30,-1,30,29,31,-1,30,31,32,-1,32,31,33,-1,34,1,35,-1,35,1,0,-1,34,36,1,-1,1,36,37,-1,1,37,3,-1,3,37,38,-1,
        ]
    }
}
Shape{
    appearance Appearance {
        material  Material 	{
            diffuseColor 0.9686274509803922 0.8784313725490196 0.6
            specularColor 0.6784313725490196 0.615686274509804 0.4196078431372549
            ambientIntensity 0.8737
            transparency 0.0
            shininess 0.5
        }
    }
    geometry IndexedFaceSet {
        ccw TRUE
        solid FALSE
        coord DEF co Coordinate {
            point [
                1.1221 -1.3195 1.6201, 1.1221 -1.3195 1.5217, 1.1221 -1.4924 1.6201, 1.1221 -1.4868 1.5217, 1.1221 -3.4385 1.3964, 1.1221 -3.4311 1.2981, 1.1221 -3.4535 1.3953, 1.1221 -3.4535 1.2969, 1.1221 -3.4578 1.3954, 1.1221 -3.4726 1.2978, 1.1221 -3.4816 1.3994, 1.1221 -3.5134 1.3062, 1.1221 -3.5038 1.4091, 1.1221 -3.5514 1.3229, 1.1221 -3.5193 1.4205, 1.1221 -3.5851 1.3473, 1.1221 -3.8076 1.6795, 1.1221 -3.8733 1.6063, 1.1221 -3.8468 1.7069, 1.1221 -3.893 1.62, 1.1221 -3.8916 1.7241, 1.1221 -3.9154 1.6286, 1.1221 -3.9391 1.7299, 1.1221 -3.9391 1.6315, 1.1221 -4.0769 1.7299, 1.1221 -4.0769 1.6315, 1.5748 -3.4385 1.3964, 1.5748 -1.4924 1.6201, 1.5748 -0.8766 1.128, 1.5748 -0.8766 1.2264, 1.5748 -0.8962 1.128, 1.5748 -0.8962 1.2264, 1.5748 -0.9472 1.1347, 1.5748 -0.9217 1.2297, 1.5748 -0.9947 1.1543, 1.5748 -0.9455 1.2396, 1.5748 -1.0354 1.1856, 1.5748 -0.9658 1.2552, 1.5748 -1.0667 1.2264, 1.5748 -0.9815 1.2756, 1.5748 -1.0864 1.2739, 1.5748 -0.9913 1.2993, 1.5748 -1.0931 1.3248, 1.5748 -0.9947 1.3248, 1.5748 -1.0931 1.4232, 1.5748 -0.9947 1.4232, 1.5748 -1.0956 1.4451, 1.5748 -0.9996 1.467, 1.5748 -1.1028 1.4659, 1.5748 -1.0142 1.5086, 1.5748 -1.1146 1.4846, 1.5748 -1.0376 1.546, 1.5748 -1.1301 1.5002, 1.5748 -1.0688 1.5771, 1.5748 -1.1488 1.5119, 1.5748 -1.1061 1.6006, 1.5748 -1.1696 1.5192, 1.5748 -1.1477 1.6151, 1.5748 -1.1915 1.5217, 1.5748 -1.1915 1.6201, 1.5748 -1.4868 1.5217, 1.5748 -3.4311 1.2981, 1.5748 -3.4535 1.2969, 1.5748 -3.4535 1.3953, 1.5748 -3.4726 1.2978, 1.5748 -3.4578 1.3954, 1.5748 -3.5134 1.3062, 1.5748 -3.4816 1.3994, 1.5748 -3.5514 1.3229, 1.5748 -3.4982 1.406, 1.5748 -3.5651 1.3315, 1.1811 -0.8962 1.128, 1.1811 -0.9472 1.1347, 1.1811 -0.9947 1.1543, 1.1811 -1.0354 1.1856, 1.1811 -1.0667 1.2264, 1.1811 -1.0864 1.2739, 1.1811 -1.0931 1.3248, 1.0984 -0.6813 1.128, 1.1018 -0.6683 1.128, 1.1024 -0.66 1.128, 1.1021 -0.6548 1.128, 1.1995 -0.119 1.128, 1.5604 -0.1285 1.128, 1.1955 -0.1285 1.128, 1.1893 -0.1367 1.128, 1.0788 -0.6118 1.128, 1.0788 -0.3841 1.128, 1.0855 -0.6187 1.128, 1.0931 -0.3809 1.128, 1.1811 -0.8766 1.128, 1.6244 -0.3316 1.128, 1.6277 -0.3459 1.128, 1.5667 -0.1367 1.128, 1.1062 -0.3741 1.128, 1.1172 -0.3644 1.128, 1.2008 -0.0498 1.128, 1.5551 -0.0498 1.128, 1.2008 -0.1088 1.128, 1.5551 -0.1088 1.128, 1.5565 -0.119 1.128, 1.0938 -0.6293 1.128, 1.5748 -0.1429 1.128, 1.0994 -0.6416 1.128, 1.0788 -0.7842 1.128, 1.0788 -0.7321 1.128, 1.0853 -0.7948 1.128, 1.094 -0.8038 1.128, 1.1319 -0.3238 1.128, 1.1297 -0.3092 1.128, 1.1716 -0.1469 1.128, 1.1239 -0.2957 1.128, 1.1614 -0.1482 1.128, 1.1811 -0.1429 1.128, 1.1304 -0.3384 1.128, 1.1254 -0.3522 1.128, 1.6344 -0.3588 1.128, 1.6442 -0.3698 1.128, 1.6563 -0.378 1.128, 1.1319 -0.3254 1.128, 1.6285 -0.3028 1.128, 1.6246 -0.317 1.128, 1.5843 -0.1469 1.128, 1.624 -0.3254 1.128, 1.6621 -0.6294 1.128, 1.6701 -0.383 1.128, 1.6357 -0.2901 1.128, 1.5945 -0.1482 1.128, 1.6409 -0.284 1.128, 1.6339 -0.1482 1.128, 1.6563 -0.2683 1.128, 1.6772 -0.3841 1.128, 1.6772 -0.6118 1.128, 1.6705 -0.6187 1.128, 1.6619 -0.8038 1.128, 1.6575 -0.6813 1.128, 1.6542 -0.6686 1.128, 1.6565 -0.6417 1.128, 1.6538 -0.655 1.128, 1.6536 -0.66 1.128, 1.115 -0.284 1.128, 1.0996 -0.2683 1.128, 1.0904 -0.2561 1.128, 1.084 -0.1774 1.128, 1.088 -0.1679 1.128, 1.1221 -0.1482 1.128, 1.6426 -0.1492 1.128, 1.6723 -0.1788 1.128, 1.6732 -0.1876 1.128, 1.6732 -0.2269 1.128, 1.6772 -0.7321 1.128, 1.6772 -0.7842 1.128, 1.6706 -0.7948 1.128, 1.0847 -0.242 1.128, 1.0827 -0.2269 1.128, 1.0827 -0.1876 1.128, 1.651 -0.1521 1.128, 1.6584 -0.1568 1.128, 1.6693 -0.1705 1.128, 1.6646 -0.163 1.128, 1.6713 -0.242 1.128, 1.6655 -0.2561 1.128, 1.0942 -0.1597 1.128, 1.1024 -0.1535 1.128, 1.1119 -0.1495 1.128
            ]
        }
        coordIndex [
            0,1,2,-1,2,1,3,-1,2,3,4,-1,4,3,5,-1,4,5,6,-1,6,5,7,-1,6,7,8,-1,8,7,9,-1,8,9,10,-1,10,9,11,-1,10,11,12,-1,12,11,13,-1,12,13,14,-1,14,13,15,-1,14,15,16,-1,16,15,17,-1,16,17,18,-1,18,17,19,-1,18,19,20,-1,20,19,21,-1,20,21,22,-1,22,21,23,-1,22,23,24,-1,24,23,25,-1,4,26,2,-1,2,26,27,-1,28,29,30,-1,30,29,31,-1,30,31,32,-1,32,31,33,-1,32,33,34,-1,34,33,35,-1,34,35,36,-1,36,35,37,-1,36,37,38,-1,38,37,39,-1,38,39,40,-1,40,39,41,-1,40,41,42,-1,42,41,43,-1,42,43,44,-1,44,43,45,-1,44,45,46,-1,46,45,47,-1,46,47,48,-1,48,47,49,-1,48,49,50,-1,50,49,51,-1,50,51,52,-1,52,51,53,-1,52,53,54,-1,54,53,55,-1,54,55,56,-1,56,55,57,-1,56,57,58,-1,58,57,59,-1,58,59,60,-1,60,59,27,-1,60,27,61,-1,61,27,26,-1,61,26,62,-1,62,26,63,-1,62,63,64,-1,64,63,65,-1,64,65,66,-1,66,65,67,-1,66,67,68,-1,68,67,69,-1,68,69,70,-1,71,30,32,-1,71,32,72,-1,72,32,34,-1,72,34,73,-1,73,34,36,-1,73,36,74,-1,74,36,38,-1,74,38,75,-1,75,38,40,-1,75,40,76,-1,76,40,42,-1,76,42,77,-1,78,79,28,-1,28,79,80,-1,28,80,81,-1,82,83,84,-1,84,83,85,-1,86,87,88,-1,88,87,89,-1,30,71,28,-1,28,71,90,-1,28,90,78,-1,91,92,28,-1,93,94,83,-1,83,94,95,-1,96,97,98,-1,98,97,99,-1,98,99,82,-1,82,99,100,-1,82,100,83,-1,89,94,88,-1,88,94,93,-1,88,93,101,-1,101,93,102,-1,101,102,103,-1,104,105,106,-1,106,105,78,-1,106,78,107,-1,107,78,90,-1,108,109,110,-1,110,109,111,-1,110,111,112,-1,113,85,114,-1,114,85,83,-1,114,83,115,-1,115,83,95,-1,92,116,28,-1,28,116,117,-1,28,117,118,-1,113,114,110,-1,110,114,119,-1,110,119,108,-1,120,121,122,-1,122,121,123,-1,124,118,125,-1,120,122,126,-1,126,122,127,-1,126,127,128,-1,128,127,129,-1,128,129,130,-1,123,91,122,-1,122,91,28,-1,122,28,102,-1,102,28,81,-1,102,81,103,-1,131,132,125,-1,125,132,133,-1,125,133,124,-1,134,28,135,-1,135,28,136,-1,124,137,118,-1,118,137,138,-1,118,138,28,-1,28,138,139,-1,28,139,136,-1,111,140,112,-1,112,140,141,-1,112,141,142,-1,143,144,145,-1,146,147,129,-1,129,147,148,-1,129,148,149,-1,150,151,135,-1,135,151,152,-1,135,152,134,-1,142,153,112,-1,112,153,154,-1,112,154,145,-1,145,154,155,-1,145,155,143,-1,146,156,147,-1,147,156,157,-1,147,157,158,-1,158,157,159,-1,149,160,129,-1,129,160,161,-1,129,161,130,-1,144,162,145,-1,145,162,163,-1,145,163,164,-1,
        ]
    }
}
Shape{
    appearance Appearance {
        material  Material 	{
            diffuseColor 0.0 0.2901960784313726 0.8745098039215686
            specularColor 0.0 0.1450980392156863 0.4392156862745098
            ambientIntensity 0.27
            transparency 0.0
            shininess 0.5
        }
    }
    geometry IndexedFaceSet {
        ccw TRUE
        solid FALSE
        coord DEF co Coordinate {
            point [
                1.6575 -0.6814 1.2264, 1.6772 -0.7321 1.2264, 1.6575 -0.6813 1.128, 1.6772 -0.7321 1.128, 1.6542 -0.6686 1.2264, 1.6542 -0.6686 1.128, 1.6536 -0.66 1.2264, 1.6536 -0.66 1.128, 1.6538 -0.655 1.2264, 1.6538 -0.655 1.128, 1.6565 -0.6417 1.2264, 1.6565 -0.6417 1.128, 1.6621 -0.6294 1.2264, 1.6621 -0.6294 1.128, 1.6705 -0.6187 1.2264, 1.6705 -0.6187 1.128, 1.6772 -0.6118 1.128, 1.6772 -0.6118 1.2264, 1.6772 -0.3841 1.2264, 1.6772 -0.3841 1.128, 1.6701 -0.383 1.2264, 1.6701 -0.383 1.128, 1.6563 -0.378 1.2264, 1.6563 -0.378 1.128, 1.6442 -0.3698 1.2264, 1.6442 -0.3698 1.128, 1.6344 -0.3588 1.2264, 1.6344 -0.3588 1.128, 1.6277 -0.3459 1.2264, 1.6277 -0.3459 1.128, 1.6244 -0.3316 1.2264, 1.6244 -0.3316 1.128, 1.624 -0.3254 1.2264, 1.624 -0.3254 1.128, 1.6246 -0.317 1.2264, 1.6246 -0.317 1.128, 1.6285 -0.3028 1.2264, 1.6285 -0.3028 1.128, 1.6357 -0.2901 1.2264, 1.6357 -0.2901 1.128, 1.6409 -0.284 1.2264, 1.6409 -0.284 1.128, 1.6563 -0.2683 1.2264, 1.6563 -0.2683 1.128, 1.6655 -0.2561 1.128, 1.6655 -0.2561 1.2264, 1.6713 -0.242 1.128, 1.6713 -0.242 1.2264, 1.6732 -0.2269 1.128, 1.6732 -0.2269 1.2264, 1.6732 -0.1876 1.128, 1.6732 -0.1876 1.2264, 1.6339 -0.1482 1.128, 1.6339 -0.1482 1.2264, 1.6426 -0.1492 1.2264, 1.6426 -0.1492 1.128, 1.651 -0.1521 1.2264, 1.651 -0.1521 1.128, 1.6584 -0.1568 1.2264, 1.6584 -0.1568 1.128, 1.6646 -0.163 1.2264, 1.6646 -0.163 1.128, 1.6693 -0.1705 1.2264, 1.6693 -0.1705 1.128, 1.6723 -0.1788 1.2264, 1.6723 -0.1788 1.128, 1.5945 -0.1482 1.2264, 1.5945 -0.1482 1.128, 1.5843 -0.1469 1.2264, 1.5843 -0.1469 1.128, 1.5748 -0.1429 1.2264, 1.5748 -0.1429 1.128, 1.5667 -0.1367 1.2264, 1.5667 -0.1367 1.128, 1.5604 -0.1285 1.2264, 1.5604 -0.1285 1.128, 1.5565 -0.119 1.2264, 1.5565 -0.119 1.128, 1.5551 -0.1088 1.2264, 1.5551 -0.1088 1.128, 1.5551 0.0683 0.7047, 1.5551 0.1668 0.7047, 1.5551 0.0683 1.0098, 1.5551 0.1668 1.0098, 1.5551 0.0643 1.0404, 1.5551 0.1594 1.0659, 1.5551 0.0525 1.0689, 1.5551 0.1377 1.1181, 1.5551 0.0337 1.0934, 1.5551 0.1033 1.163, 1.5551 0.0093 1.1121, 1.5551 0.0585 1.1974, 1.5551 -0.0192 1.1239, 1.5551 0.0063 1.219, 1.5551 -0.0498 1.128, 1.5551 -0.0498 1.2264, 1.4567 0.1668 0.6063, 1.4567 0.0683 0.6063
            ]
        }
        coordIndex [
            0,1,2,-1,2,1,3,-1,0,2,4,-1,4,2,5,-1,4,5,6,-1,6,5,7,-1,6,7,8,-1,8,7,9,-1,8,9,10,-1,10,9,11,-1,10,11,12,-1,12,11,13,-1,12,13,14,-1,14,13,15,-1,15,16,14,-1,14,16,17,-1,18,19,20,-1,20,19,21,-1,20,21,22,-1,22,21,23,-1,22,23,24,-1,24,23,25,-1,24,25,26,-1,26,25,27,-1,26,27,28,-1,28,27,29,-1,28,29,30,-1,30,29,31,-1,30,31,32,-1,32,31,33,-1,32,33,34,-1,34,33,35,-1,34,35,36,-1,36,35,37,-1,36,37,38,-1,38,37,39,-1,38,39,40,-1,40,39,41,-1,40,41,42,-1,42,41,43,-1,42,43,44,-1,42,44,45,-1,45,44,46,-1,45,46,47,-1,47,46,48,-1,47,48,49,-1,48,50,49,-1,49,50,51,-1,52,53,54,-1,52,54,55,-1,55,54,56,-1,55,56,57,-1,57,56,58,-1,57,58,59,-1,59,58,60,-1,59,60,61,-1,61,60,62,-1,61,62,63,-1,63,62,64,-1,63,64,65,-1,65,64,51,-1,65,51,50,-1,66,53,67,-1,67,53,52,-1,66,67,68,-1,68,67,69,-1,68,69,70,-1,70,69,71,-1,70,71,72,-1,72,71,73,-1,72,73,74,-1,74,73,75,-1,74,75,76,-1,76,75,77,-1,76,77,78,-1,78,77,79,-1,80,81,82,-1,82,81,83,-1,82,83,84,-1,84,83,85,-1,84,85,86,-1,86,85,87,-1,86,87,88,-1,88,87,89,-1,88,89,90,-1,90,89,91,-1,90,91,92,-1,92,91,93,-1,92,93,94,-1,94,93,95,-1,94,95,79,-1,79,95,78,-1,96,81,97,-1,97,81,80,-1,
        ]
    }
}
Shape{
    appearance Appearance {
        material  Material 	{
            diffuseColor 0.9686274509803922 0.8784313725490196 0.6
            specularColor 0.6784313725490196 0.615686274509804 0.4196078431372549
            ambientIntensity 0.8737
            transparency 0.0
            shininess 0.5
        }
    }
    geometry IndexedFaceSet {
        ccw TRUE
        solid FALSE
        coord DEF co Coordinate {
            point [
                1.4567 0.0683 0.6063, 1.4567 0.0683 -0.9449, 1.4567 0.1668 0.6063, 1.4567 0.1668 -0.9449, 1.4173 0.1668 -1.063, 1.4173 0.0683 -1.063, 1.2992 0.0683 0.6063, 1.5551 0.0683 0.7047, 1.2008 0.0683 0.7047, 1.5551 0.0683 1.0098, 1.2008 0.0683 1.0098, 1.3386 0.0683 -1.063, 1.2992 0.0683 -0.9449, 1.2008 0.0643 1.0404, 1.5551 0.0643 1.0404, 1.2008 0.0525 1.0689, 1.5551 0.0525 1.0689, 1.2008 0.0337 1.0934, 1.5551 0.0337 1.0934, 1.2008 0.0093 1.1121, 1.5551 0.0093 1.1121, 1.2008 -0.0192 1.1239, 1.5551 -0.0192 1.1239, 1.2008 -0.0498 1.128, 1.5551 -0.0498 1.128
            ]
        }
        coordIndex [
            0,1,2,-1,2,1,3,-1,3,1,4,-1,4,1,5,-1,6,7,8,-1,8,7,9,-1,8,9,10,-1,11,5,12,-1,12,5,1,-1,12,1,6,-1,6,1,0,-1,6,0,7,-1,10,9,13,-1,13,9,14,-1,13,14,15,-1,15,14,16,-1,15,16,17,-1,17,16,18,-1,17,18,19,-1,19,18,20,-1,19,20,21,-1,21,20,22,-1,21,22,23,-1,23,22,24,-1,
        ]
    }
}
Shape{
    appearance Appearance {
        material  Material 	{
            diffuseColor 0.0 0.2901960784313726 0.8745098039215686
            specularColor 0.0 0.1450980392156863 0.4392156862745098
            ambientIntensity 0.27
            transparency 0.0
            shininess 0.5
        }
    }
    geometry IndexedFaceSet {
        ccw TRUE
        solid FALSE
        coord DEF co Coordinate {
            point [
                1.2008 -0.1088 1.128, 1.2008 -0.1088 1.2264, 1.2008 -0.0498 1.128, 1.2008 -0.0498 1.2264, 1.2008 -0.0192 1.1239, 1.2008 0.0063 1.219, 1.2008 0.0093 1.1121, 1.2008 0.0585 1.1974, 1.2008 0.0337 1.0934, 1.2008 0.1033 1.163, 1.2008 0.0525 1.0689, 1.2008 0.1377 1.1181, 1.2008 0.0643 1.0404, 1.2008 0.1594 1.0659, 1.2008 0.0683 1.0098, 1.2008 0.1668 1.0098, 1.2008 0.0683 0.7047, 1.2008 0.1668 0.7047, 1.1995 -0.119 1.2264, 1.1995 -0.119 1.128, 1.1955 -0.1285 1.2264, 1.1955 -0.1285 1.128, 1.1893 -0.1367 1.2264, 1.1893 -0.1367 1.128, 1.1811 -0.1429 1.2264, 1.1811 -0.1429 1.128, 1.1716 -0.1469 1.2264, 1.1716 -0.1469 1.128, 1.1614 -0.1482 1.2264, 1.1614 -0.1482 1.128, 1.1221 -0.1482 1.128, 1.1221 -0.1482 1.2264, 1.0827 -0.1876 1.128, 1.0827 -0.1876 1.2264, 1.084 -0.1774 1.2264, 1.084 -0.1774 1.128, 1.088 -0.1679 1.2264, 1.088 -0.1679 1.128, 1.0942 -0.1597 1.2264, 1.0942 -0.1597 1.128, 1.1024 -0.1535 1.2264, 1.1024 -0.1535 1.128, 1.1119 -0.1495 1.2264, 1.1119 -0.1495 1.128, 1.0827 -0.2269 1.2264, 1.0827 -0.2269 1.128, 1.0847 -0.242 1.128, 1.0847 -0.242 1.2264, 1.0904 -0.2561 1.128, 1.0904 -0.2561 1.2264, 1.0996 -0.2683 1.128, 1.0996 -0.2683 1.2264, 1.115 -0.284 1.2264, 1.115 -0.284 1.128, 1.1239 -0.2957 1.2264, 1.1239 -0.2957 1.128, 1.1297 -0.3092 1.2264, 1.1297 -0.3092 1.128, 1.1319 -0.3238 1.2264, 1.1319 -0.3238 1.128, 1.1319 -0.3254 1.2264, 1.1319 -0.3254 1.128, 1.1304 -0.3384 1.2264, 1.1304 -0.3384 1.128, 1.1254 -0.3522 1.2264, 1.1254 -0.3522 1.128, 1.1172 -0.3644 1.2264, 1.1172 -0.3644 1.128, 1.1062 -0.3741 1.2264, 1.1062 -0.3741 1.128, 1.0931 -0.3809 1.2264, 1.0931 -0.3809 1.128, 1.0788 -0.3841 1.2264, 1.0788 -0.3841 1.128, 1.2992 0.0683 0.6063, 1.2992 0.1668 0.6063
            ]
        }
        coordIndex [
            0,1,2,-1,2,1,3,-1,2,3,4,-1,4,3,5,-1,4,5,6,-1,6,5,7,-1,6,7,8,-1,8,7,9,-1,8,9,10,-1,10,9,11,-1,10,11,12,-1,12,11,13,-1,12,13,14,-1,14,13,15,-1,14,15,16,-1,16,15,17,-1,1,0,18,-1,18,0,19,-1,18,19,20,-1,20,19,21,-1,20,21,22,-1,22,21,23,-1,22,23,24,-1,24,23,25,-1,24,25,26,-1,26,25,27,-1,26,27,28,-1,28,27,29,-1,29,30,28,-1,28,30,31,-1,32,33,34,-1,32,34,35,-1,35,34,36,-1,35,36,37,-1,37,36,38,-1,37,38,39,-1,39,38,40,-1,39,40,41,-1,41,40,42,-1,41,42,43,-1,43,42,31,-1,43,31,30,-1,44,33,45,-1,45,33,32,-1,44,45,46,-1,44,46,47,-1,47,46,48,-1,47,48,49,-1,49,48,50,-1,49,50,51,-1,51,50,52,-1,52,50,53,-1,52,53,54,-1,54,53,55,-1,54,55,56,-1,56,55,57,-1,56,57,58,-1,58,57,59,-1,58,59,60,-1,60,59,61,-1,60,61,62,-1,62,61,63,-1,62,63,64,-1,64,63,65,-1,64,65,66,-1,66,65,67,-1,66,67,68,-1,68,67,69,-1,68,69,70,-1,70,69,71,-1,70,71,72,-1,72,71,73,-1,74,16,75,-1,75,16,17,-1,
        ]
    }
}
Shape{
    appearance Appearance {
        material  Material 	{
            diffuseColor 0.9686274509803922 0.8784313725490196 0.6
            specularColor 0.6784313725490196 0.615686274509804 0.4196078431372549
            ambientIntensity 0.8737
            transparency 0.0
            shininess 0.5
        }
    }
    geometry IndexedFaceSet {
        ccw TRUE
        solid FALSE
        coord DEF co Coordinate {
            point [
                1.2992 0.1668 0.6063, 1.2992 0.1668 -0.9449, 1.2992 0.0683 0.6063, 1.2992 0.0683 -0.9449, 1.3386 0.1668 -1.063, 1.3386 0.0683 -1.063, 1.4173 0.0683 -1.063, 1.4173 0.1668 -1.063
            ]
        }
        coordIndex [
            0,1,2,-1,2,1,3,-1,4,5,1,-1,1,5,3,-1,6,5,7,-1,7,5,4,-1,
        ]
    }
}
Shape{
    appearance Appearance {
        material  Material 	{
            diffuseColor 0.0 0.2901960784313726 0.8745098039215686
            specularColor 0.0 0.1450980392156863 0.4392156862745098
            ambientIntensity 0.27
            transparency 0.0
            shininess 0.5
        }
    }
    geometry IndexedFaceSet {
        ccw TRUE
        solid FALSE
        coord DEF co Coordinate {
            point [
                1.0855 -0.6187 1.2264, 1.0788 -0.6118 1.2264, 1.0855 -0.6187 1.128, 1.0788 -0.6118 1.128, 1.0938 -0.6293 1.2264, 1.0938 -0.6293 1.128, 1.0994 -0.6416 1.2264, 1.0994 -0.6416 1.128, 1.1021 -0.6548 1.2264, 1.1021 -0.6548 1.128, 1.1024 -0.66 1.2264, 1.1024 -0.66 1.128, 1.1018 -0.6683 1.2264, 1.1018 -0.6683 1.128, 1.0984 -0.6813 1.2264, 1.0984 -0.6813 1.128, 1.0788 -0.7321 1.128, 1.0788 -0.7321 1.2264
            ]
        }
        coordIndex [
            0,1,2,-1,2,1,3,-1,0,2,4,-1,4,2,5,-1,4,5,6,-1,6,5,7,-1,6,7,8,-1,8,7,9,-1,8,9,10,-1,10,9,11,-1,10,11,12,-1,12,11,13,-1,12,13,14,-1,14,13,15,-1,15,16,14,-1,14,16,17,-1,
        ]
    }
}
Shape{
    appearance Appearance {
        material  Material 	{
            diffuseColor 0.9686274509803922 0.8784313725490196 0.6
            specularColor 0.6784313725490196 0.615686274509804 0.4196078431372549
            ambientIntensity 0.8737
            transparency 0.0
            shininess 0.5
        }
    }
    geometry IndexedFaceSet {
        ccw TRUE
        solid FALSE
        coord DEF co Coordinate {
            point [
                1.6619 -0.8038 1.2264, 1.5748 -0.8766 1.2264, 1.6619 -0.8038 1.128, 1.5748 -0.8766 1.128, 1.6706 -0.7948 1.128, 1.6706 -0.7948 1.2264, 1.6772 -0.7842 1.128, 1.6772 -0.7842 1.2264, 1.1811 -1.0931 1.4232, 1.1811 -1.0931 1.3248, 1.5748 -1.0931 1.4232, 1.5748 -1.0931 1.3248, 1.5748 -1.1915 1.5217, 1.1811 -1.1915 1.5217, 1.5748 -1.1696 1.5192, 1.1811 -1.1696 1.5192, 1.5748 -1.1488 1.5119, 1.1811 -1.1488 1.5119, 1.5748 -1.1301 1.5002, 1.1811 -1.1301 1.5002, 1.5748 -1.1146 1.4846, 1.1811 -1.1146 1.4846, 1.5748 -1.1028 1.4659, 1.1811 -1.1028 1.4659, 1.5748 -1.0956 1.4451, 1.1811 -1.0956 1.4451, 1.1811 -1.2604 1.5217, 1.5748 -1.4868 1.5217, 1.1221 -1.3195 1.5217, 1.1221 -1.4868 1.5217, 1.5748 -3.4311 1.2981, 1.1221 -3.4311 1.2981, 1.569 -3.5851 1.3473, 1.1221 -3.5851 1.3473, 1.5692 -3.5848 1.3471, 1.1221 -3.5514 1.3229, 1.5733 -3.5759 1.3395, 1.5733 -3.5755 1.3392, 1.1221 -3.4535 1.2969, 1.5748 -3.4535 1.2969, 1.1221 -3.4726 1.2978, 1.5748 -3.4726 1.2978, 1.5748 -3.5134 1.3062, 1.1221 -3.5134 1.3062, 1.5748 -3.5514 1.3229, 1.5748 -3.5651 1.3315, 1.2457 -3.6817 1.4341, 1.2524 -3.6735 1.4268, 1.2613 -3.6666 1.4205, 1.531 -3.6086 1.3684, 1.2839 -3.6579 1.4127, 1.272 -3.6613 1.4158, 1.2402 -3.8733 1.6063, 1.1221 -3.8733 1.6063, 1.2402 -3.7003 1.4508, 1.2416 -3.6908 1.4422, 1.5625 -3.5931 1.3544, 1.5535 -3.6 1.3606, 1.5427 -3.6053 1.3654, 1.5747 -3.5008 1.4074, 1.5745 -3.5035 1.4089, 1.5743 -3.5069 1.4084, 1.5748 -3.4982 1.406, 1.5729 -3.5138 1.4076, 1.5689 -3.5334 1.4053, 1.5623 -3.548 1.4045, 1.5691 -3.5323 1.4055, 1.531 -3.5739 1.407, 1.5406 -3.5705 1.4056, 1.5493 -3.5647 1.4047, 1.5426 -3.5692 1.4054, 1.5615 -3.5499 1.4043, 1.5576 -3.5557 1.4043, 1.5533 -3.5603 1.4045, 1.2839 -3.6236 1.4507, 1.4786 -3.5848 1.4159, 1.5048 -3.5795 1.4113, 1.2402 -3.6953 1.4563, 1.2411 -3.6812 1.4566, 1.2419 -3.678 1.4566, 1.2461 -3.6604 1.4564, 1.2458 -3.6617 1.4565, 1.2614 -3.6364 1.4545, 1.2556 -3.6427 1.4553, 1.2539 -3.6451 1.4555, 1.2526 -3.6477 1.4557, 1.2644 -3.6333 1.454, 1.272 -3.6282 1.4528, 1.2737 -3.6271 1.4525, 1.2402 -3.5644 1.461, 1.2402 -3.8076 1.6795, 1.2402 -3.893 1.62, 1.2402 -3.8468 1.7069, 1.2402 -3.9154 1.6286, 1.2402 -3.8916 1.7241, 1.2402 -3.9391 1.6315, 1.2402 -3.9391 1.7299, 1.2402 -4.0769 1.6315, 1.2402 -4.0769 1.7299
            ]
        }
        coordIndex [
            0,1,2,-1,2,1,3,-1,0,2,4,-1,0,4,5,-1,5,4,6,-1,5,6,7,-1,8,9,10,-1,10,9,11,-1,12,13,14,-1,14,13,15,-1,14,15,16,-1,16,15,17,-1,16,17,18,-1,18,17,19,-1,18,19,20,-1,20,19,21,-1,20,21,22,-1,22,21,23,-1,22,23,24,-1,24,23,25,-1,24,25,10,-1,10,25,8,-1,13,12,26,-1,26,12,27,-1,26,27,28,-1,28,27,29,-1,30,31,27,-1,27,31,29,-1,32,33,34,-1,34,33,35,-1,34,35,36,-1,36,35,37,-1,31,30,38,-1,38,30,39,-1,38,39,40,-1,39,41,40,-1,40,41,42,-1,40,42,43,-1,43,42,44,-1,43,44,35,-1,35,44,45,-1,35,45,37,-1,46,33,47,-1,47,33,48,-1,49,50,33,-1,33,50,51,-1,33,51,48,-1,52,53,54,-1,54,53,33,-1,54,33,55,-1,55,33,46,-1,33,32,56,-1,56,57,33,-1,33,57,58,-1,33,58,49,-1,59,60,61,-1,62,59,45,-1,45,59,61,-1,45,61,37,-1,37,61,63,-1,37,63,36,-1,36,63,34,-1,64,65,56,-1,63,66,34,-1,34,66,64,-1,34,64,32,-1,32,64,56,-1,67,49,68,-1,68,49,58,-1,57,69,58,-1,58,69,70,-1,58,70,68,-1,65,71,56,-1,56,71,72,-1,56,72,57,-1,57,72,73,-1,57,73,69,-1,74,50,75,-1,75,50,49,-1,75,49,76,-1,76,49,67,-1,77,54,78,-1,78,54,55,-1,78,55,79,-1,79,55,46,-1,47,80,46,-1,46,80,81,-1,46,81,79,-1,82,83,48,-1,48,83,84,-1,48,84,47,-1,47,84,85,-1,47,85,80,-1,82,48,86,-1,86,48,51,-1,86,51,87,-1,87,51,88,-1,88,51,50,-1,88,50,74,-1,77,89,90,-1,54,77,52,-1,52,77,90,-1,52,90,91,-1,91,90,92,-1,91,92,93,-1,93,92,94,-1,93,94,95,-1,95,94,96,-1,95,96,97,-1,97,96,98,-1,
        ]
    }
}
Shape{
    appearance Appearance {
        material  Material 	{
            diffuseColor 0.0 0.2901960784313726 0.8745098039215686
            specularColor 0.0 0.1450980392156863 0.4392156862745098
            ambientIntensity 0.27
            transparency 0.0
            shininess 0.5
        }
    }
    geometry IndexedFaceSet {
        ccw TRUE
        solid FALSE
        coord DEF co Coordinate {
            point [
                1.1221 -3.8733 1.6063, 1.2402 -3.8733 1.6063, 1.1221 -3.893 1.62, 1.2402 -3.893 1.62, 1.1221 -3.9154 1.6286, 1.2402 -3.9154 1.6286, 1.1221 -3.9391 1.6315, 1.2402 -3.9391 1.6315, 1.211 -4.115 1.6315, 1.2008 -4.1163 1.6315, 1.2402 -4.0769 1.6315, 1.2349 -4.0966 1.6315, 1.2286 -4.1048 1.6315, 1.2205 -4.111 1.6315, 1.1614 -4.1163 1.6315, 1.1221 -4.0769 1.6315, 1.1512 -4.115 1.6315, 1.1417 -4.111 1.6315, 1.1336 -4.1048 1.6315, 1.1273 -4.0966 1.6315, 1.1234 -4.0871 1.6315, 1.2388 -4.0871 1.6315, 1.2008 -4.1163 1.7299, 1.211 -4.115 1.7299, 1.2205 -4.111 1.7299, 1.2286 -4.1048 1.7299, 1.2349 -4.0966 1.7299, 1.2388 -4.0871 1.7299, 1.2402 -4.0769 1.7299, 1.1614 -4.1163 1.7299, 1.1221 -4.0769 1.7299, 1.1234 -4.0871 1.7299, 1.1273 -4.0966 1.7299, 1.1336 -4.1048 1.7299, 1.1417 -4.111 1.7299, 1.1512 -4.115 1.7299, 1.1221 -3.9391 1.7299, 1.2402 -3.9391 1.7299, 1.2402 -3.8916 1.7241, 1.1221 -3.8916 1.7241, 1.2402 -3.8468 1.7069, 1.1221 -3.8468 1.7069, 1.2402 -3.8076 1.6795, 1.1221 -3.8076 1.6795, 1.1221 -3.5193 1.4205, 1.2402 -3.5644 1.461, 1.4664 -3.5193 1.4205
            ]
        }
        coordIndex [
            0,1,2,-1,2,1,3,-1,2,3,4,-1,4,3,5,-1,4,5,6,-1,6,5,7,-1,8,9,10,-1,10,9,7,-1,11,12,13,-1,7,9,6,-1,6,9,14,-1,6,14,15,-1,15,14,16,-1,15,16,17,-1,18,19,17,-1,17,19,20,-1,17,20,15,-1,8,10,13,-1,13,10,21,-1,13,21,11,-1,22,9,8,-1,22,8,23,-1,23,8,13,-1,23,13,24,-1,24,13,12,-1,24,12,25,-1,25,12,11,-1,25,11,26,-1,26,11,21,-1,26,21,27,-1,27,21,10,-1,27,10,28,-1,14,9,29,-1,29,9,22,-1,30,15,20,-1,30,20,31,-1,31,20,19,-1,31,19,32,-1,32,19,18,-1,32,18,33,-1,33,18,17,-1,33,17,34,-1,34,17,16,-1,34,16,35,-1,35,16,14,-1,35,14,29,-1,35,29,30,-1,30,29,36,-1,32,33,34,-1,35,30,34,-1,34,30,31,-1,34,31,32,-1,36,29,37,-1,37,29,22,-1,37,22,28,-1,28,22,23,-1,28,23,24,-1,25,26,24,-1,24,26,27,-1,24,27,28,-1,36,37,38,-1,36,38,39,-1,39,38,40,-1,39,40,41,-1,41,40,42,-1,41,42,43,-1,43,42,44,-1,44,42,45,-1,44,45,46,-1,
        ]
    }
}
Shape{
    appearance Appearance {
        material  Material 	{
            diffuseColor 0.9686274509803922 0.8784313725490196 0.6
            specularColor 0.6784313725490196 0.615686274509804 0.4196078431372549
            ambientIntensity 0.8737
            transparency 0.0
            shininess 0.5
        }
    }
    geometry IndexedFaceSet {
        ccw TRUE
        solid FALSE
        coord DEF co Coordinate {
            point [
                1.4786 -3.5848 1.4159, 1.4664 -3.5193 1.4205, 1.2839 -3.6236 1.4507, 1.2402 -3.5644 1.461, 1.2737 -3.6271 1.4525, 1.272 -3.6282 1.4528, 1.2402 -3.6953 1.4563, 1.2411 -3.6812 1.4566, 1.2419 -3.678 1.4566, 1.2526 -3.6477 1.4557, 1.2539 -3.6451 1.4555, 1.2556 -3.6427 1.4553, 1.2458 -3.6617 1.4565, 1.2461 -3.6604 1.4564, 1.2614 -3.6364 1.4545, 1.2644 -3.6333 1.454, 1.5426 -3.5692 1.4054, 1.521 -3.5116 1.4143, 1.5406 -3.5705 1.4056, 1.531 -3.5739 1.407, 1.5493 -3.5647 1.4047, 1.5533 -3.5603 1.4045, 1.5576 -3.5557 1.4043, 1.5615 -3.5499 1.4043, 1.5623 -3.548 1.4045, 1.5689 -3.5334 1.4053, 1.5691 -3.5323 1.4055, 1.5729 -3.5138 1.4076, 1.5724 -3.5038 1.4091, 1.5743 -3.5069 1.4084, 1.5745 -3.5035 1.4089, 1.5048 -3.5795 1.4113
            ]
        }
        coordIndex [
            0,1,2,-1,2,1,3,-1,2,3,4,-1,4,3,5,-1,6,7,3,-1,3,7,8,-1,9,10,3,-1,3,10,11,-1,8,12,3,-1,3,12,13,-1,3,13,9,-1,11,14,3,-1,3,14,15,-1,3,15,5,-1,16,17,18,-1,18,17,19,-1,16,20,17,-1,17,20,21,-1,17,21,22,-1,22,23,17,-1,17,23,24,-1,17,24,25,-1,25,26,17,-1,17,26,27,-1,17,27,28,-1,28,27,29,-1,28,29,30,-1,19,17,31,-1,31,17,1,-1,31,1,0,-1,
        ]
    }
}
Shape{
    appearance Appearance {
        material  Material 	{
            diffuseColor 0.0 0.2901960784313726 0.8745098039215686
            specularColor 0.0 0.1450980392156863 0.4392156862745098
            ambientIntensity 0.27
            transparency 0.0
            shininess 0.5
        }
    }
    geometry IndexedFaceSet {
        ccw TRUE
        solid FALSE
        coord DEF co Coordinate {
            point [
                1.1221 -3.5193 1.4205, 1.4664 -3.5193 1.4205, 1.1221 -3.5038 1.4091, 1.521 -3.5116 1.4143, 1.5724 -3.5038 1.4091, 1.5748 -3.4385 1.3964, 1.1221 -3.4385 1.3964, 1.5748 -3.4535 1.3953, 1.1221 -3.4535 1.3953, 1.5748 -3.4578 1.3954, 1.1221 -3.4578 1.3954, 1.5748 -3.4816 1.3994, 1.1221 -3.4816 1.3994, 1.5748 -3.4982 1.406, 1.5747 -3.5008 1.4074, 1.5745 -3.5035 1.4089, 1.5748 -0.9947 1.4232, 1.1811 -0.9947 1.4232, 1.1811 -0.9996 1.467, 1.5748 -0.9996 1.467, 1.1811 -1.0142 1.5086, 1.5748 -1.0142 1.5086, 1.1811 -1.0376 1.546, 1.5748 -1.0376 1.546, 1.1811 -1.0688 1.5771, 1.5748 -1.0688 1.5771, 1.1811 -1.1061 1.6006, 1.5748 -1.1061 1.6006, 1.1811 -1.1477 1.6151, 1.5748 -1.1477 1.6151, 1.1811 -1.1915 1.6201, 1.5748 -1.1915 1.6201, 1.1811 -0.9947 1.3248, 1.5748 -0.9947 1.3248, 1.1811 -0.9913 1.2993, 1.5748 -0.9913 1.2993, 1.1811 -0.9815 1.2756, 1.5748 -0.9815 1.2756, 1.1811 -0.9658 1.2552, 1.5748 -0.9658 1.2552, 1.1811 -0.9455 1.2396, 1.5748 -0.9455 1.2396, 1.1811 -0.9217 1.2297, 1.5748 -0.9217 1.2297, 1.1811 -0.8962 1.2264, 1.5748 -0.8962 1.2264
            ]
        }
        coordIndex [
            0,1,2,-1,2,1,3,-1,2,3,4,-1,5,6,7,-1,7,6,8,-1,7,8,9,-1,9,8,10,-1,9,10,11,-1,11,10,12,-1,11,12,13,-1,13,12,2,-1,13,2,14,-1,14,2,4,-1,14,4,15,-1,16,17,18,-1,16,18,19,-1,19,18,20,-1,19,20,21,-1,21,20,22,-1,21,22,23,-1,23,22,24,-1,23,24,25,-1,25,24,26,-1,25,26,27,-1,27,26,28,-1,27,28,29,-1,29,28,30,-1,29,30,31,-1,32,17,33,-1,33,17,16,-1,32,33,34,-1,34,33,35,-1,34,35,36,-1,36,35,37,-1,36,37,38,-1,38,37,39,-1,38,39,40,-1,40,39,41,-1,40,41,42,-1,42,41,43,-1,42,43,44,-1,44,43,45,-1,
        ]
    }
}
Shape{
    appearance Appearance {
        material  Material 	{
            diffuseColor 0.8509803921568627 0.8509803921568627 0.8509803921568627
            specularColor 0.4235294117647059 0.4235294117647059 0.4235294117647059
            ambientIntensity 0.851
            transparency 0.0
            shininess 0.5
        }
    }
    geometry IndexedFaceSet {
        ccw TRUE
        solid FALSE
        coord DEF co Coordinate {
            point [
                1.4749 -3.8645 2.601, 1.4749 -3.8615 2.4829, 1.5485 -2.4623 2.6377, 1.5485 -2.4592 2.5196, 1.5489 -2.4541 2.5197, 1.551 -2.4138 2.5197, 1.5489 -2.4541 2.6378, 1.551 -2.4138 2.6378, -0.7326 -2.3392 2.5197, -0.7326 -2.3392 2.6378, -0.7523 -2.3417 2.5197, -0.7523 -2.3417 2.6378, -0.7708 -2.349 2.5197, -0.7708 -2.349 2.6378, -0.7868 -2.3608 2.5197, -0.7868 -2.3608 2.6378, -0.7994 -2.3762 2.5197, -0.7994 -2.3762 2.6378, -0.8077 -2.3942 2.5197, -0.8077 -2.3942 2.6378, -0.8112 -2.4138 2.5197, -0.8112 -2.4138 2.6378, -0.7129 -2.3392 2.6378, -0.7129 -2.3392 2.5197, -0.6948 -2.3413 2.6378, -0.6948 -2.3413 2.5197, -0.6777 -2.3475 2.6378, -0.6777 -2.3475 2.5197, -0.6624 -2.3574 2.6378, -0.6624 -2.3574 2.5197, -0.6499 -2.3707 2.6378, -0.6499 -2.3707 2.5197, -0.6407 -2.3864 2.6378, -0.6407 -2.3864 2.5197, -0.6354 -2.4038 2.6378, -0.6354 -2.4038 2.5197, -0.6343 -2.422 2.6378, -0.6343 -2.422 2.5197, -0.7579 -4.7786 2.6378, -0.7579 -4.7786 2.5197, -0.7668 -4.8275 2.6378, -0.7668 -4.8275 2.5197, -0.7876 -4.8726 2.6378, -0.7876 -4.8726 2.5197, -0.819 -4.9111 2.6378, -0.819 -4.9111 2.5197, -0.8591 -4.9405 2.6378, -0.8591 -4.9405 2.5197, -0.9052 -4.9589 2.6378, -0.9052 -4.9589 2.5197, -0.9545 -4.9651 2.6378, -0.9545 -4.9651 2.5197, -1.4077 -4.9651 2.5197, -1.4077 -4.9651 2.6378, -1.457 -4.9589 2.6378, -1.457 -4.9589 2.5197, -1.5031 -4.9405 2.6378, -1.5031 -4.9405 2.5197, -1.5432 -4.9111 2.6378, -1.5432 -4.9111 2.5197, -1.5746 -4.8726 2.6378, -1.5746 -4.8726 2.5197, -1.5954 -4.8275 2.6378, -1.5954 -4.8275 2.5197, -1.6043 -4.7786 2.6378, -1.6043 -4.7786 2.5197, -1.7279 -2.422 2.5197, -1.7279 -2.422 2.6378, -1.7268 -2.4038 2.6378, -1.7268 -2.4038 2.5197, -1.7215 -2.3864 2.6378, -1.7215 -2.3864 2.5197, -1.7123 -2.3707 2.6378, -1.7123 -2.3707 2.5197, -1.6998 -2.3574 2.6378, -1.6998 -2.3574 2.5197, -1.6845 -2.3475 2.6378, -1.6845 -2.3475 2.5197, -1.6674 -2.3413 2.6378, -1.6674 -2.3413 2.5197, -1.6493 -2.3392 2.6378, -1.6493 -2.3392 2.5197, -1.6296 -2.3392 2.5197, -1.6296 -2.3392 2.6378, -1.5509 -2.4138 2.5197, -1.5509 -2.4138 2.6378, -1.5545 -2.3942 2.5197, -1.5545 -2.3942 2.6378, -1.5628 -2.3762 2.5197, -1.5628 -2.3762 2.6378, -1.5754 -2.3608 2.5197, -1.5754 -2.3608 2.6378, -1.5914 -2.349 2.5197, -1.5914 -2.349 2.6378, -1.6099 -2.3417 2.5197, -1.6099 -2.3417 2.6378, -1.5488 -2.4541 2.6378, -1.5488 -2.4541 2.5197
            ]
        }
        coordIndex [
            0,1,2,-1,2,1,3,-1,4,5,6,-1,6,5,7,-1,8,9,10,-1,10,9,11,-1,10,11,12,-1,12,11,13,-1,12,13,14,-1,14,13,15,-1,14,15,16,-1,16,15,17,-1,16,17,18,-1,18,17,19,-1,18,19,20,-1,20,19,21,-1,9,8,22,-1,22,8,23,-1,22,23,24,-1,24,23,25,-1,24,25,26,-1,26,25,27,-1,26,27,28,-1,28,27,29,-1,28,29,30,-1,30,29,31,-1,30,31,32,-1,32,31,33,-1,32,33,34,-1,34,33,35,-1,34,35,36,-1,36,35,37,-1,36,37,38,-1,38,37,39,-1,38,39,40,-1,40,39,41,-1,40,41,42,-1,42,41,43,-1,42,43,44,-1,44,43,45,-1,44,45,46,-1,46,45,47,-1,46,47,48,-1,48,47,49,-1,48,49,50,-1,50,49,51,-1,52,53,51,-1,51,53,50,-1,53,52,54,-1,54,52,55,-1,54,55,56,-1,56,55,57,-1,56,57,58,-1,58,57,59,-1,58,59,60,-1,60,59,61,-1,60,61,62,-1,62,61,63,-1,62,63,64,-1,64,63,65,-1,66,67,65,-1,65,67,64,-1,67,66,68,-1,68,66,69,-1,68,69,70,-1,70,69,71,-1,70,71,72,-1,72,71,73,-1,72,73,74,-1,74,73,75,-1,74,75,76,-1,76,75,77,-1,76,77,78,-1,78,77,79,-1,78,79,80,-1,80,79,81,-1,82,83,81,-1,81,83,80,-1,84,85,86,-1,86,85,87,-1,86,87,88,-1,88,87,89,-1,88,89,90,-1,90,89,91,-1,90,91,92,-1,92,91,93,-1,92,93,94,-1,94,93,95,-1,94,95,82,-1,82,95,83,-1,96,85,97,-1,97,85,84,-1,
        ]
    }
}
Shape{
    appearance Appearance {
        material  Material 	{
            diffuseColor 0.0 0.2901960784313726 0.8745098039215686
            specularColor 0.0 0.1450980392156863 0.4392156862745098
            ambientIntensity 0.27
            transparency 0.0
            shininess 0.5
        }
    }
    geometry IndexedFaceSet {
        ccw TRUE
        solid FALSE
        coord DEF co Coordinate {
            point [
                -1.5485 -2.4592 2.5196, -1.5485 -2.4623 2.6377, -1.5487 -2.4566 2.5197, -1.5487 -2.4582 2.6378, -1.5488 -2.4541 2.5197, -1.5488 -2.4541 2.6378
            ]
        }
        coordIndex [
            0,1,2,-1,2,1,3,-1,2,3,4,-1,4,3,5,-1,
        ]
    }
}
Shape{
    appearance Appearance {
        material  Material 	{
            diffuseColor 0.8509803921568627 0.8509803921568627 0.8509803921568627
            specularColor 0.4235294117647059 0.4235294117647059 0.4235294117647059
            ambientIntensity 0.851
            transparency 0.0
            shininess 0.5
        }
    }
    geometry IndexedFaceSet {
        ccw TRUE
        solid FALSE
        coord DEF co Coordinate {
            point [
                -1.4749 -3.8615 2.4829, -1.4749 -3.8645 2.601, -1.5485 -2.4592 2.5196, -1.5485 -2.4623 2.6377, -0.8137 -2.4623 2.6377, -0.8873 -3.8645 2.601, -0.8134 -2.4541 2.6378, -1.5488 -2.4541 2.6378, -1.5487 -2.4582 2.6378, -0.8135 -2.4582 2.6378, -0.8134 -2.4541 2.5197, -0.8135 -2.4566 2.5197, -0.8137 -2.4592 2.5196
            ]
        }
        coordIndex [
            0,1,2,-1,2,1,3,-1,4,3,5,-1,5,3,1,-1,6,7,8,-1,3,4,8,-1,8,4,9,-1,8,9,6,-1,10,6,11,-1,11,6,9,-1,11,9,12,-1,12,9,4,-1,
        ]
    }
}
Shape{
    appearance Appearance {
        material  Material 	{
            diffuseColor 0.0 0.2901960784313726 0.8745098039215686
            specularColor 0.0 0.1450980392156863 0.4392156862745098
            ambientIntensity 0.27
            transparency 0.0
            shininess 0.5
        }
    }
    geometry IndexedFaceSet {
        ccw TRUE
        solid FALSE
        coord DEF co Coordinate {
            point [
                -1.5487 -2.4566 2.5197, -1.5488 -2.4541 2.5197, -0.8134 -2.4541 2.5197, -1.5485 -2.4592 2.5196, -0.8135 -2.4566 2.5197, -0.8137 -2.4592 2.5196
            ]
        }
        coordIndex [
            0,1,2,-1,0,2,3,-1,3,2,4,-1,3,4,5,-1,
        ]
    }
}
Shape{
    appearance Appearance {
        material  Material 	{
            diffuseColor 0.8509803921568627 0.8509803921568627 0.8509803921568627
            specularColor 0.4235294117647059 0.4235294117647059 0.4235294117647059
            ambientIntensity 0.851
            transparency 0.0
            shininess 0.5
        }
    }
    geometry IndexedFaceSet {
        ccw TRUE
        solid FALSE
        coord DEF co Coordinate {
            point [
                -0.8873 -3.8615 2.4829, -1.4749 -3.8615 2.4829, -0.8137 -2.4592 2.5196, -1.5485 -2.4592 2.5196
            ]
        }
        coordIndex [
            0,1,2,-1,2,1,3,-1,
        ]
    }
}
Shape{
    appearance Appearance {
        material  Material 	{
            diffuseColor 0.0 0.2901960784313726 0.8745098039215686
            specularColor 0.0 0.1450980392156863 0.4392156862745098
            ambientIntensity 0.27
            transparency 0.0
            shininess 0.5
        }
    }
    geometry IndexedFaceSet {
        ccw TRUE
        solid FALSE
        coord DEF co Coordinate {
            point [
                -1.469 -3.9218 2.4517, -1.4694 -3.9184 2.4556, -0.8932 -3.9217 2.4516, -1.4735 -3.8784 2.4806, -0.8883 -3.8734 2.4811, -0.8885 -3.8754 2.4808, -0.8889 -3.8807 2.48, -0.8897 -3.8887 2.4766, -1.4725 -3.8887 2.4766, -0.8898 -3.8901 2.476, -1.4724 -3.8902 2.4761, -1.4718 -3.8967 2.4735, -1.4749 -3.8615 2.4829, -0.8873 -3.8615 2.4829, -1.4739 -3.8734 2.4813, -1.4737 -3.8754 2.481, -0.8906 -3.8988 2.4724, -0.8908 -3.9013 2.4705, -1.4713 -3.9012 2.4704, -0.8913 -3.9055 2.4675, -1.4709 -3.9054 2.4674, -1.4702 -3.9126 2.4622, -0.892 -3.9126 2.4622, -0.8928 -3.9183 2.4555, -1.4687 -3.9239 2.4494, -0.8937 -3.9252 2.4474, -1.4679 -3.9283 2.4411, -0.8943 -3.9283 2.4411, -0.8944 -3.929 2.4397, -0.8953 -3.9339 2.4298, -0.8956 -3.9345 2.4268, -1.4678 -3.929 2.4397, -1.4671 -3.933 2.4321, -1.4666 -3.9343 2.4268, -0.8957 -3.935 2.4249, -1.4664 -3.9348 2.4248, -0.8968 -3.9376 2.4131, -1.4654 -3.9376 2.4131
            ]
        }
        coordIndex [
            0,1,2,-1,3,4,5,-1,5,6,3,-1,3,6,7,-1,3,7,8,-1,8,7,9,-1,8,9,10,-1,10,9,11,-1,12,13,14,-1,14,13,4,-1,14,4,15,-1,15,4,3,-1,9,16,11,-1,11,16,17,-1,11,17,18,-1,18,17,19,-1,18,19,20,-1,20,19,21,-1,21,19,22,-1,21,22,1,-1,1,22,23,-1,1,23,2,-1,0,2,24,-1,24,2,25,-1,24,25,26,-1,26,25,27,-1,26,27,28,-1,28,29,26,-1,26,29,30,-1,26,30,31,-1,31,30,32,-1,32,30,33,-1,33,30,34,-1,33,34,35,-1,35,34,36,-1,35,36,37,-1,
        ]
    }
}
Shape{
    appearance Appearance {
        material  Material 	{
            diffuseColor 0.8509803921568627 0.8509803921568627 0.8509803921568627
            specularColor 0.4235294117647059 0.4235294117647059 0.4235294117647059
            ambientIntensity 0.851
            transparency 0.0
            shininess 0.5
        }
    }
    geometry IndexedFaceSet {
        ccw TRUE
        solid FALSE
        coord DEF co Coordinate {
            point [
                -1.4737 -3.8754 2.481, -1.4739 -3.8944 2.5966, -1.4739 -3.8734 2.4813, -1.4749 -3.8645 2.601, -1.4749 -3.8615 2.4829, -1.4654 -3.9376 2.4131, -1.4654 -4.055 2.4265, -1.4664 -3.9348 2.4248, -1.4664 -4.048 2.4558, -1.4666 -3.9343 2.4268, -1.4666 -4.0469 2.4607, -1.4671 -3.933 2.4321, -1.467 -4.0443 2.4718, -1.4678 -3.929 2.4397, -1.4678 -4.0335 2.493, -1.4679 -3.9283 2.4411, -1.4679 -4.0317 2.4965, -1.4687 -3.9239 2.4494, -1.4686 -4.023 2.5137, -1.469 -3.9218 2.4517, -1.469 -4.0152 2.5227, -1.4694 -3.9184 2.4556, -1.4694 -4.0068 2.5326, -1.4702 -3.9126 2.4622, -1.4702 -3.9924 2.5493, -1.4709 -3.9054 2.4674, -1.4709 -3.9745 2.5622, -1.4713 -3.9012 2.4704, -1.4713 -3.9639 2.5698, -1.4718 -3.8967 2.4735, -1.4717 -3.9545 2.5765, -1.4724 -3.8902 2.4761, -1.4724 -3.9363 2.5839, -1.4725 -3.8887 2.4766, -1.4725 -3.9327 2.5854, -1.4735 -3.8784 2.4806, -1.4733 -3.9109 2.5942, -1.4737 -3.8994 2.5959, -1.4647 -4.0566 2.4124, -1.4647 -3.9977 2.4057, -1.4647 -3.9392 2.3991, -0.8968 -4.055 2.4265, -0.8975 -4.0566 2.4124, -0.8885 -3.8993 2.5957, -0.8883 -3.8943 2.5965, -0.8944 -4.0333 2.4929, -0.8953 -4.0451 2.4692, -0.8956 -4.047 2.4608, -0.8957 -4.0482 2.4558, -0.8932 -4.0151 2.5226, -0.8936 -4.0236 2.5126, -0.8943 -4.0316 2.4965, -0.8928 -4.0067 2.5325, -0.892 -3.9924 2.5493, -0.8913 -3.9745 2.5622, -0.8898 -3.9363 2.5837, -0.8908 -3.9639 2.5698, -0.8905 -3.956 2.5756, -0.8897 -3.9326 2.5852, -0.8889 -3.9113 2.5939, -0.8873 -3.8645 2.601, -0.8937 -3.9252 2.4474, -0.8943 -3.9283 2.4411, -0.8968 -3.9376 2.4131, -0.8957 -3.935 2.4249, -0.8956 -3.9345 2.4268, -0.8953 -3.9339 2.4298, -0.8944 -3.929 2.4397, -0.8873 -3.8615 2.4829, -0.8883 -3.8734 2.4811, -0.8885 -3.8754 2.4808, -0.8889 -3.8807 2.48, -0.8897 -3.8887 2.4766, -0.8898 -3.8901 2.476, -0.8906 -3.8988 2.4724, -0.8908 -3.9013 2.4705, -0.8913 -3.9055 2.4675, -0.892 -3.9126 2.4622, -0.8928 -3.9183 2.4555, -0.8932 -3.9217 2.4516, -0.8975 -3.9392 2.3991
            ]
        }
        coordIndex [
            0,1,2,-1,2,1,3,-1,2,3,4,-1,5,6,7,-1,7,6,8,-1,7,8,9,-1,9,8,10,-1,9,10,11,-1,11,10,12,-1,11,12,13,-1,13,12,14,-1,13,14,15,-1,15,14,16,-1,15,16,17,-1,17,16,18,-1,17,18,19,-1,19,18,20,-1,19,20,21,-1,21,20,22,-1,21,22,23,-1,23,22,24,-1,23,24,25,-1,25,24,26,-1,25,26,27,-1,27,26,28,-1,27,28,29,-1,29,28,30,-1,29,30,31,-1,31,30,32,-1,31,32,33,-1,33,32,34,-1,33,34,35,-1,35,34,36,-1,35,36,0,-1,0,36,37,-1,0,37,1,-1,38,6,39,-1,39,6,5,-1,39,5,40,-1,41,6,42,-1,42,6,38,-1,43,44,36,-1,16,14,45,-1,45,14,12,-1,45,12,46,-1,46,12,10,-1,46,10,47,-1,47,10,8,-1,47,8,48,-1,48,8,6,-1,48,6,41,-1,22,20,49,-1,49,20,18,-1,49,18,50,-1,50,18,16,-1,50,16,51,-1,51,16,45,-1,49,52,22,-1,22,52,53,-1,22,53,24,-1,24,53,54,-1,24,54,26,-1,55,32,30,-1,26,54,28,-1,28,54,56,-1,28,56,30,-1,30,56,57,-1,30,57,55,-1,36,44,37,-1,32,55,34,-1,34,55,58,-1,34,58,36,-1,36,58,59,-1,36,59,43,-1,37,44,1,-1,1,44,60,-1,1,60,3,-1,61,51,62,-1,62,51,45,-1,41,63,48,-1,48,63,64,-1,48,64,47,-1,47,64,65,-1,47,65,46,-1,46,65,66,-1,46,66,45,-1,45,66,67,-1,45,67,62,-1,68,60,69,-1,69,60,44,-1,69,44,70,-1,70,44,43,-1,70,43,71,-1,71,43,59,-1,71,59,72,-1,72,59,58,-1,72,58,73,-1,73,58,55,-1,73,55,74,-1,74,55,57,-1,74,57,75,-1,75,57,56,-1,75,56,76,-1,76,56,54,-1,76,54,77,-1,77,54,53,-1,77,53,78,-1,78,53,52,-1,78,52,79,-1,79,52,49,-1,79,49,61,-1,61,49,50,-1,61,50,51,-1,42,80,41,-1,41,80,63,-1,
        ]
    }
}
Shape{
    appearance Appearance {
        material  Material 	{
            diffuseColor 0.0 0.2901960784313726 0.8745098039215686
            specularColor 0.0 0.1450980392156863 0.4392156862745098
            ambientIntensity 0.27
            transparency 0.0
            shininess 0.5
        }
    }
    geometry IndexedFaceSet {
        ccw TRUE
        solid FALSE
        coord DEF co Coordinate {
            point [
                -0.8975 -3.9392 2.3991, -1.4647 -3.9392 2.3991, -0.8968 -3.9376 2.4131, -1.4654 -3.9376 2.4131
            ]
        }
        coordIndex [
            0,1,2,-1,2,1,3,-1,
        ]
    }
}
Shape{
    appearance Appearance {
        material  Material 	{
            diffuseColor 0.8509803921568627 0.8509803921568627 0.8509803921568627
            specularColor 0.4235294117647059 0.4235294117647059 0.4235294117647059
            ambientIntensity 0.851
            transparency 0.0
            shininess 0.5
        }
    }
    geometry IndexedFaceSet {
        ccw TRUE
        solid FALSE
        coord DEF co Coordinate {
            point [
                -0.9053 -4.1135 2.3458, -0.9061 -4.1233 2.344, -0.9061 -4.1057 2.2362, -0.9067 -4.1303 2.3427, -0.9079 -4.1571 2.2362, -0.907 -4.1334 2.3428, -0.9079 -4.1437 2.3431, -0.9094 -4.2018 2.2362, -0.9087 -4.1534 2.3454, -0.9095 -4.1627 2.3477, -0.9096 -4.2068 2.2385, -0.9096 -4.1636 2.3482, -0.9104 -4.2278 2.2478, -0.9104 -4.1721 2.3526, -0.9104 -4.2288 2.2484, -0.9111 -4.1792 2.3563, -0.9113 -4.2519 2.2631, -0.9113 -4.1816 2.358, -0.9051 -4.111 2.3463, -0.9048 -4.0679 2.2362, -0.9044 -4.1037 2.3497, -0.9044 -4.0568 2.2418, -0.9036 -4.0949 2.3537, -0.9036 -4.0353 2.2526, -0.9035 -4.0933 2.3544, -0.9033 -4.0263 2.2571, -0.9027 -4.0859 2.3599, -0.9027 -4.0131 2.2683, -0.9024 -4.0835 2.3616, -0.9019 -4.0793 2.3663, -0.9019 -3.9954 2.2833, -0.901 -4.0717 2.3747, -0.8975 -3.9392 2.3991, -0.8975 -4.0566 2.4124, -0.8985 -3.9453 2.3697, -0.8985 -4.0594 2.4008, -0.8987 -3.9463 2.3647, -0.8991 -4.0612 2.3935, -0.8992 -3.9528 2.3497, -0.8992 -4.0617 2.3925, -0.9002 -3.9644 2.323, -0.9002 -4.0671 2.3823, -0.9002 -3.965 2.3218, -0.9008 -4.0703 2.3761, -0.901 -3.9775 2.3049, -0.9017 -3.9903 2.2877, -0.925 -4.3909 2.5129, -0.925 -4.4611 2.4179, -1.4508 -4.252 2.2631, -1.4372 -4.4611 2.4179, -1.2899 -4.606 2.5251, -1.336 -4.5912 2.5142, -1.3761 -4.5676 2.4967, -1.4075 -4.5367 2.4738, -1.4283 -4.5004 2.447, -1.2406 -4.6111 2.5289, -1.1216 -4.6111 2.5289, -1.0723 -4.606 2.5251, -0.9338 -4.5004 2.447, -1.0261 -4.5912 2.5142, -0.9546 -4.5367 2.4738, -0.9861 -4.5676 2.4967, -1.4372 -4.3909 2.5129, -1.4508 -4.1816 2.358, -1.4508 -4.1818 2.3579, -1.4508 -4.1821 2.3575, -1.4508 -4.1823 2.3571, -1.4508 -4.1826 2.3567, -1.4508 -4.1829 2.3564, -1.4508 -4.1832 2.356, -1.4508 -4.1835 2.3556, -1.4508 -4.1846 2.3541, -1.4508 -4.1849 2.3537, -1.4508 -4.1851 2.3533, -1.4508 -4.1837 2.3552, -1.4508 -4.184 2.3548, -1.4508 -4.1863 2.3518, -1.4508 -4.1874 2.3503, -1.4508 -4.1896 2.3473, -1.4508 -4.2165 2.311, -1.4508 -4.1986 2.3352, -1.2406 -4.5408 2.6238, -1.1216 -4.5408 2.6238, -0.9546 -4.4664 2.5688, -0.9338 -4.4302 2.5419, -1.4283 -4.4302 2.5419, -1.4075 -4.4664 2.5688, -1.3761 -4.4974 2.5917, -1.0723 -4.5358 2.6201, -1.0261 -4.521 2.6091, -0.9861 -4.4974 2.5917, -1.336 -4.521 2.6091, -1.2899 -4.5358 2.6201, -0.9095 -4.1627 2.3477, -1.4531 -4.1581 2.3458, -1.4647 -4.0566 2.4124, -1.4637 -4.0587 2.4006, -0.8991 -4.0612 2.3935, -1.4637 -4.0587 2.4006, -1.4626 -4.0635 2.3888, -1.4603 -4.0791 2.3662, -1.4606 -4.0767 2.3683, -1.4609 -4.0742 2.3718, -0.9008 -4.0703 2.3761, -1.462 -4.067 2.3823, -1.4623 -4.0649 2.3852, -1.4586 -4.0951 2.3539, -0.9035 -4.0933 2.3544, -1.459 -4.0902 2.3565, -0.9024 -4.0835 2.3616, -1.458 -4.1015 2.3505, -1.4575 -4.1066 2.3479, -0.9051 -4.111 2.3463, -1.4569 -4.1136 2.3462, -1.4558 -4.1264 2.3431, -0.9067 -4.1303 2.3427, -1.4552 -4.1334 2.3431, -1.455 -4.1356 2.3431, -1.4543 -4.1437 2.3431, -1.4535 -4.1535 2.3449, -1.4533 -4.1559 2.3454, -1.4512 -4.1789 2.3553, -1.4511 -4.1799 2.3558, -1.451 -4.1802 2.3562, -1.451 -4.1802 2.3562, -1.451 -4.1803 2.3562, -1.451 -4.1803 2.3563, -1.4511 -4.1801 2.356, -1.4511 -4.1802 2.3562, -1.4517 -4.1738 2.3524, -1.4515 -4.1753 2.353, -1.4513 -4.1772 2.3542, -1.4523 -4.1673 2.3496, -1.4518 -4.1725 2.3518, -1.451 -4.1807 2.3568, -1.451 -4.1805 2.3566, -1.451 -4.1806 2.3566, -1.451 -4.1806 2.3567, -1.451 -4.1804 2.3565, -1.451 -4.1806 2.3566, -1.451 -4.1806 2.3566, -1.451 -4.1805 2.3565, -1.451 -4.1804 2.3564, -1.451 -4.1804 2.3565, -1.4511 -4.1808 2.3544, -1.4511 -4.1806 2.3548, -1.4512 -4.1797 2.3542, -1.451 -4.1811 2.3559, -1.451 -4.181 2.3557, -1.451 -4.1813 2.3554, -1.451 -4.1815 2.3555, -1.451 -4.1828 2.3536, -1.451 -4.1828 2.3535, -1.451 -4.1825 2.3539, -1.451 -4.1833 2.3521, -1.451 -4.1835 2.3523, -1.451 -4.183 2.3531, -1.451 -4.1833 2.3534, -1.451 -4.1831 2.3532, -1.451 -4.1837 2.3524, -1.451 -4.1832 2.3532, -1.451 -4.1832 2.3533, -1.451 -4.1838 2.3525, -1.451 -4.1838 2.3527, -1.451 -4.185 2.3498, -1.451 -4.1849 2.3498, -1.451 -4.186 2.3483, -1.4626 -4.009 2.3638, -1.4617 -3.9688 2.3156, -1.4609 -3.9837 2.2975, -1.4609 -4.0277 2.3336, -1.4524 -4.2112 2.2399, -1.4522 -4.2166 2.243, -1.4522 -4.1924 2.2955, -1.4528 -4.2018 2.2362, -1.4565 -4.0921 2.2362, -1.4565 -4.1047 2.2863, -1.4573 -4.0679 2.2362, -1.458 -4.0761 2.296, -1.4579 -4.0519 2.2439, -1.4586 -4.035 2.252, -1.4601 -3.9997 2.2781, -1.4594 -4.0155 2.2661, -1.4594 -4.0503 2.3115, -1.4587 -4.0325 2.2532, -1.4603 -3.9955 2.2832, -1.4647 -3.9977 2.4057, -1.4647 -3.9392 2.3991, -1.4637 -3.9456 2.3698, -1.4633 -3.948 2.3593, -1.4626 -3.9572 2.34, -1.462 -3.9651 2.3234, -1.455 -4.136 2.3132, -1.4533 -4.1598 2.3317, -1.4522 -4.1701 2.3435, -1.4517 -4.1769 2.347, -1.4517 -4.175 2.3502, -1.451 -4.1809 2.3563, -1.451 -4.1809 2.3563, -1.451 -4.1808 2.3561, -1.4516 -4.2034 2.3012, -1.4516 -4.2321 2.2518, -1.4518 -4.2281 2.2496, -1.451 -4.1865 2.3486, -1.451 -4.1865 2.3486, -1.451 -4.1886 2.3454, -1.451 -4.1855 2.3504, -1.451 -4.1854 2.3501, -1.451 -4.1864 2.3484, -1.451 -4.1864 2.3484, -1.451 -4.1863 2.3484, -1.451 -4.1864 2.3484, -1.4517 -4.1883 2.3273, -1.451 -4.1854 2.3501, -1.451 -4.1855 2.3503, -1.451 -4.1865 2.3488, -1.451 -4.1864 2.3488, -1.451 -4.1864 2.3487, -1.451 -4.1852 2.3498, -1.451 -4.1852 2.3499, -1.451 -4.1852 2.3499, -1.451 -4.1852 2.3499, -1.451 -4.1853 2.35, -1.451 -4.1853 2.3501, -1.451 -4.1864 2.3486, -1.451 -4.1853 2.3501, -1.451 -4.1864 2.3485, -1.451 -4.1852 2.35, -1.451 -4.1864 2.3484, -1.451 -4.1863 2.3485, -1.451 -4.1864 2.3486, -1.451 -4.1858 2.3494, -1.451 -4.1864 2.3486, -1.451 -4.1859 2.3494, -1.451 -4.1854 2.3502, -1.451 -4.1843 2.3517, -1.451 -4.1844 2.3515, -1.451 -4.1852 2.35, -1.451 -4.1853 2.3501, -1.451 -4.1847 2.3509, -1.451 -4.1853 2.3501, -1.451 -4.1848 2.3509, -1.451 -4.1861 2.3483, -1.4511 -4.1855 2.3479, -1.4509 -4.1869 2.3501, -1.4509 -4.186 2.3513, -1.4509 -4.1851 2.3526, -1.451 -4.184 2.3521, -1.451 -4.1842 2.3516, -1.451 -4.1841 2.3515, -1.451 -4.1841 2.3515, -1.451 -4.1838 2.3518, -1.451 -4.1842 2.3517, -1.451 -4.1844 2.3519, -1.451 -4.1844 2.3519, -1.451 -4.1836 2.3524, -1.451 -4.1839 2.3521, -1.451 -4.1839 2.352, -1.451 -4.1842 2.3517, -1.451 -4.1842 2.3516, -1.451 -4.1841 2.3515, -1.451 -4.1841 2.3515, -1.451 -4.1841 2.3515, -1.451 -4.1841 2.3515, -1.451 -4.1842 2.3517, -1.451 -4.1839 2.3521, -1.451 -4.1839 2.3513, -1.451 -4.1838 2.3519, -1.451 -4.1836 2.3524, -1.451 -4.1836 2.3517, -1.451 -4.1835 2.3517, -1.451 -4.1838 2.3513, -1.4511 -4.1836 2.3512, -1.451 -4.1831 2.3532, -1.451 -4.1831 2.3531, -1.451 -4.1834 2.3528, -1.451 -4.1836 2.3525, -1.451 -4.1827 2.3534, -1.451 -4.183 2.353, -1.451 -4.183 2.353, -1.451 -4.1836 2.3522, -1.451 -4.1836 2.3522, -1.451 -4.184 2.352, -1.451 -4.1831 2.3532, -1.451 -4.1833 2.3528, -1.451 -4.182 2.3547, -1.451 -4.1822 2.3541, -1.451 -4.1823 2.3543, -1.451 -4.1825 2.3537, -1.451 -4.1826 2.354, -1.451 -4.1829 2.3536, -1.4511 -4.1815 2.3544, -1.4511 -4.1814 2.3543, -1.4511 -4.1817 2.3539, -1.4511 -4.1814 2.3537, -1.4511 -4.1817 2.3533, -1.4512 -4.1807 2.3526, -1.451 -4.1816 2.3544, -1.4511 -4.1818 2.354, -1.4511 -4.1819 2.3535, -1.4511 -4.1819 2.3529, -1.4512 -4.1813 2.3518, -1.4513 -4.1795 2.3507, -1.4511 -4.1811 2.354, -1.4512 -4.1802 2.3534, -1.4513 -4.1785 2.3523, -1.451 -4.1818 2.3551, -1.451 -4.182 2.3547, -1.451 -4.1823 2.3544, -1.451 -4.1826 2.354, -1.451 -4.1829 2.3536, -1.451 -4.1837 2.3525, -1.4511 -4.1808 2.3551, -1.4511 -4.1811 2.3547, -1.4511 -4.181 2.3551, -1.4511 -4.1812 2.3547, -1.451 -4.181 2.3552, -1.451 -4.1813 2.3548, -1.451 -4.1811 2.3552, -1.451 -4.1814 2.3548, -1.4532 -4.1882 2.2362, -1.4533 -4.1722 2.2881, -1.4522 -4.1797 2.3229, -1.4517 -4.1807 2.3404, -1.4512 -4.1845 2.3472, -1.4511 -4.1833 2.351, -1.4511 -4.183 2.352, -1.451 -4.1833 2.3521, -1.451 -4.1828 2.3529, -1.451 -4.1827 2.3534, -1.451 -4.1828 2.3536, -1.451 -4.1825 2.354, -1.451 -4.1825 2.354, -1.451 -4.1823 2.3544, -1.451 -4.1822 2.3543, -1.451 -4.1819 2.3547, -1.451 -4.1819 2.3545, -1.451 -4.1816 2.3549, -1.451 -4.1817 2.3551, -1.451 -4.1815 2.3555, -1.451 -4.1812 2.3559, -1.451 -4.181 2.3563, -1.451 -4.1811 2.3557, -1.451 -4.1809 2.3563, -1.451 -4.1808 2.3561, -1.4511 -4.1826 2.3528, -1.451 -4.1827 2.3529, -1.451 -4.1824 2.3532, -1.451 -4.1825 2.3533, -1.451 -4.1822 2.3536, -1.451 -4.1824 2.3538, -1.451 -4.1821 2.3542, -1.451 -4.1822 2.3544, -1.451 -4.182 2.3548, -1.451 -4.182 2.3548, -1.451 -4.1817 2.3551, -1.451 -4.1817 2.355, -1.451 -4.1814 2.3554, -1.451 -4.1813 2.3553, -1.451 -4.1812 2.3559, -1.451 -4.181 2.3563, -1.451 -4.1809 2.3564, -1.451 -4.1811 2.3558, -1.451 -4.1814 2.3555, -1.451 -4.1817 2.3551, -1.451 -4.1818 2.3546, -1.451 -4.182 2.354, -1.451 -4.1821 2.3536, -1.4511 -4.1823 2.3532, -1.4511 -4.1825 2.3527, -1.4511 -4.1828 2.3517, -1.4512 -4.1823 2.3503, -1.4513 -4.1826 2.346, -1.451 -4.1805 2.3559, -1.451 -4.1808 2.3555, -1.451 -4.1806 2.3559, -1.451 -4.1808 2.3556, -1.451 -4.1807 2.3561, -1.451 -4.1805 2.3559, -1.451 -4.1805 2.3559, -1.4511 -4.1807 2.3555, -1.4511 -4.1804 2.3559, -1.4511 -4.1806 2.3554, -1.4511 -4.1803 2.3558, -1.4511 -4.1803 2.3552, -1.4511 -4.18 2.3556, -1.4512 -4.1791 2.355, -1.4513 -4.1774 2.3539, -1.455 -4.1372 2.2362, -1.455 -4.1364 2.2829, -1.4533 -4.1639 2.3172, -1.4522 -4.1733 2.3367, -1.4517 -4.1788 2.3437, -1.4513 -4.1805 2.3491, -1.4512 -4.1818 2.3511, -1.4511 -4.1822 2.3525, -1.4511 -4.1822 2.3531, -1.4511 -4.1821 2.3536, -1.451 -4.1819 2.354, -1.451 -4.1817 2.3544, -1.451 -4.1816 2.355, -1.451 -4.1814 2.3555, -1.451 -4.1811 2.3559, -1.451 -4.1808 2.3562, -1.451 -4.1865 2.3488, -0.8873 -3.8645 2.601, -0.8873 -3.8615 2.4829, -0.8137 -2.4623 2.6377, -0.8137 -2.4592 2.5196, -0.8134 -2.4541 2.5197, -0.8112 -2.4138 2.5197, -0.8134 -2.4541 2.6378, -0.8112 -2.4138 2.6378, -2.4606 0.9719 2.2835, -2.5787 0.9719 2.2835, -2.4606 0.9515 2.2862, -2.5787 0.9515 2.2862, -2.4606 0.9325 2.294, -2.5787 0.9325 2.294, -2.4606 0.9162 2.3065, -2.5787 0.9162 2.3065, -2.4606 0.9037 2.3228, -2.5787 0.9037 2.3228, -2.4606 0.8958 2.3418, -2.5787 0.8958 2.3418, -2.4606 0.8931 2.3622, -2.5787 0.8931 2.3622, -2.4606 1.0703 2.2835, -2.5787 1.0703 2.2835, -2.4606 1.0907 2.2808, -2.5787 1.0907 2.2808, -2.4606 1.1097 2.2729, -2.5787 1.1097 2.2729, -2.4606 1.126 2.2604, -2.5787 1.126 2.2604, -2.4606 1.1385 2.2441, -2.5787 1.1385 2.2441, -2.4606 1.1464 2.2251, -2.5787 1.1464 2.2251, -2.4606 1.149 2.2047, -2.5787 1.149 2.2047, -2.4606 1.149 1.0433, -2.5787 1.149 1.0433, -2.4606 1.147 1.028, -2.5787 1.147 1.028, -2.4606 1.1411 1.0138, -2.5787 1.1411 1.0138, -2.4606 1.1317 1.0016, -2.5787 1.1317 1.0016, -2.4606 1.1195 0.9922, -2.5787 1.1195 0.9922, -2.4606 1.1053 0.9863, -2.5787 1.1053 0.9863, -2.4606 1.09 0.9843, -2.5787 1.09 0.9843, -2.4606 1.0112 0.9843, -2.4803 1.0112 0.9843, -2.5787 0.9128 0.9843, -2.5012 0.9904 0.9807, -2.49 1.0015 0.9826, -2.5343 0.9573 0.9496, -2.5344 0.9571 0.9491, -2.5378 0.9538 0.9393, -2.5384 0.9532 0.9351, -2.5039 0.9876 0.9791, -2.5162 0.9754 0.9722, -2.5166 0.975 0.9718, -2.5394 0.9522 0.0394, -2.5787 0.9128 0.0394, -2.5394 0.9522 0.9252, -2.5393 0.9523 0.9288, -2.5268 0.9648 0.9615, -2.5274 0.9642 0.9609, -2.5787 -0.414 0.0394, -2.4606 -0.414 0.0394, -2.4606 0.9522 0.0394, -2.4606 -0.473 -0.0197, -2.5787 -0.473 -0.0197, -2.4606 -0.471 -0.0044, -2.5787 -0.471 -0.0044, -2.4606 -0.4651 0.0098, -2.5787 -0.4651 0.0098, -2.4606 -0.4557 0.0221, -2.5787 -0.4557 0.0221, -2.4606 -0.4435 0.0315, -2.5787 -0.4435 0.0315, -2.4606 -0.4292 0.0374, -2.5787 -0.4292 0.0374, -2.5787 -0.473 -0.0587, -2.4606 -0.473 -0.0587, -2.7304 -0.5768 -1.2457, -2.8208 -0.5835 -1.3217, -2.9724 -0.5516 -0.9573, -3.0628 -0.5582 -1.0333, -2.987 -0.5497 -0.9352, -3.0922 -0.5544 -0.989, -2.9964 -0.5475 -0.9103, -3.1109 -0.55 -0.9392, -2.9997 -0.5452 -0.884, -3.1175 -0.5454 -0.8865, -3.0 -0.545 -0.8814, -3.1181 -0.545 -0.8814, -2.9975 -0.5429 -0.8575, -3.1132 -0.5408 -0.8336, -2.9893 -0.5407 -0.8323, -3.0967 -0.5364 -0.7831, -2.9756 -0.5387 -0.8095, -3.0693 -0.5324 -0.7376, -2.5094 -0.4855 -0.2021, -2.6031 -0.4792 -0.1302, -2.4829 -0.4817 -0.1586, -2.5899 -0.4773 -0.1085, -2.4662 -0.4774 -0.1094, -2.5815 -0.4752 -0.084, -2.5815 -0.9433 -0.084, -2.5787 -0.9455 -0.0587, -2.5899 -0.9411 -0.1085, -2.6031 -0.9392 -0.1302, -2.8208 -0.835 -1.3217, -2.7304 -0.8416 -1.2457, -3.0628 -0.8602 -1.0333, -2.9724 -0.8669 -0.9573, -3.0922 -0.8641 -0.989, -2.987 -0.8688 -0.9352, -3.1109 -0.8684 -0.9392, -3.0 -0.8735 -0.8814, -3.1175 -0.8731 -0.8865, -2.9997 -0.8733 -0.884, -2.9964 -0.871 -0.9103, -2.4606 -0.9455 -0.0587, -2.4662 -0.941 -0.1094, -2.4829 -0.9367 -0.1586, -2.5094 -0.9329 -0.2021, -2.9756 -0.8798 -0.8095, -3.0693 -0.8861 -0.7376, -2.9893 -0.8778 -0.8323, -3.0967 -0.8821 -0.7831, -2.9975 -0.8756 -0.8575, -3.1132 -0.8777 -0.8336, -3.1181 -0.8735 -0.8814, -2.4606 -0.9455 -0.0197, -2.5787 -0.9455 -0.0197, -2.4606 -1.0045 0.0394, -2.5787 -1.0045 0.0394, -2.4606 -0.9913 0.0379, -2.5787 -0.9913 0.0379, -2.4606 -0.9787 0.0335, -2.5787 -0.9787 0.0335, -2.4606 -0.9675 0.0263, -2.5787 -0.9675 0.0263, -2.4606 -0.9581 0.0169, -2.5787 -0.9581 0.0169, -2.4606 -0.9511 0.0056, -2.5787 -0.9511 0.0056, -2.4606 -0.9468 -0.007, -2.5787 -0.9468 -0.007, -2.6894 -0.8008 -1.2946, -2.6847 -0.7825 -1.3001, -2.6831 -0.7629 -1.302, -2.6831 -0.6555 -1.302, -2.7183 -0.5804 -1.2601, -2.6847 -0.6358 -1.3001, -2.7179 -0.8379 -1.2605, -2.7065 -0.8294 -1.2742, -2.6968 -0.8168 -1.2858, -2.6894 -0.6174 -1.2945, -2.6969 -0.6014 -1.2856, -2.7068 -0.5888 -1.2739, -2.7736 -0.7563 -1.378, -2.7752 -0.7759 -1.3761, -2.7798 -0.7942 -1.3705, -2.7873 -0.8102 -1.3617, -2.797 -0.8228 -1.3501, -2.8084 -0.8312 -1.3365, -2.7736 -0.6622 -1.378, -2.8088 -0.5871 -1.336, -2.7752 -0.6425 -1.376, -2.7973 -0.5954 -1.3498, -2.7874 -0.608 -1.3615, -2.7799 -0.6241 -1.3704, -2.4606 0.9522 0.9252, -2.4606 1.0014 0.9834, -2.4606 0.9874 0.9792, -2.4606 0.9647 0.9615, -2.4606 0.9749 0.9718, -2.4606 0.9572 0.949, -2.4606 0.953 0.9351
            ]
        }
        coordIndex [
            0,1,2,-1,2,1,3,-1,2,3,4,-1,3,5,4,-1,4,5,6,-1,4,6,7,-1,6,8,7,-1,7,8,9,-1,7,9,10,-1,10,9,11,-1,10,11,12,-1,12,11,13,-1,12,13,14,-1,14,13,15,-1,14,15,16,-1,16,15,17,-1,0,2,18,-1,18,2,19,-1,18,19,20,-1,20,19,21,-1,20,21,22,-1,22,21,23,-1,22,23,24,-1,24,23,25,-1,24,25,26,-1,26,25,27,-1,26,27,28,-1,28,27,29,-1,29,27,30,-1,29,30,31,-1,32,33,34,-1,34,33,35,-1,34,35,36,-1,36,35,37,-1,36,37,38,-1,38,37,39,-1,38,39,40,-1,40,39,41,-1,40,41,42,-1,42,41,43,-1,42,43,44,-1,44,43,31,-1,44,31,45,-1,45,31,30,-1,46,47,17,-1,17,47,16,-1,48,16,49,-1,49,16,47,-1,50,51,52,-1,52,53,50,-1,50,53,54,-1,50,54,55,-1,55,54,49,-1,55,49,56,-1,56,49,47,-1,56,47,57,-1,57,47,58,-1,57,58,59,-1,59,58,60,-1,59,60,61,-1,62,63,64,-1,64,65,62,-1,62,65,66,-1,62,66,67,-1,67,68,62,-1,62,68,69,-1,62,69,70,-1,71,72,62,-1,62,72,73,-1,70,74,62,-1,62,74,75,-1,62,75,71,-1,73,76,62,-1,62,76,77,-1,62,77,78,-1,48,49,79,-1,79,49,62,-1,79,62,80,-1,80,62,78,-1,81,82,17,-1,83,84,82,-1,82,84,46,-1,82,46,17,-1,17,63,81,-1,81,63,62,-1,81,62,85,-1,85,86,87,-1,88,89,82,-1,82,89,90,-1,82,90,83,-1,87,91,85,-1,85,91,92,-1,85,92,81,-1,93,8,94,-1,33,95,35,-1,35,95,96,-1,35,96,97,-1,97,96,39,-1,39,96,41,-1,41,96,98,-1,41,98,99,-1,100,29,101,-1,101,29,31,-1,101,31,102,-1,102,31,103,-1,102,103,104,-1,104,103,41,-1,104,41,105,-1,105,41,99,-1,20,22,106,-1,106,22,107,-1,106,107,108,-1,108,107,26,-1,108,26,100,-1,100,26,109,-1,100,109,29,-1,106,110,20,-1,20,110,111,-1,20,111,112,-1,112,111,113,-1,112,113,0,-1,0,113,1,-1,1,113,114,-1,1,114,115,-1,115,114,116,-1,115,116,5,-1,116,117,5,-1,5,117,118,-1,5,118,6,-1,6,118,119,-1,6,119,8,-1,8,119,120,-1,8,120,94,-1,121,122,13,-1,123,124,13,-1,13,124,125,-1,13,125,126,-1,122,127,13,-1,13,127,128,-1,13,128,123,-1,129,130,13,-1,13,130,131,-1,13,131,121,-1,93,94,11,-1,11,94,132,-1,11,132,13,-1,13,132,133,-1,13,133,129,-1,134,135,136,-1,136,135,137,-1,136,137,13,-1,13,137,63,-1,13,63,15,-1,15,63,17,-1,138,139,126,-1,126,139,140,-1,140,141,126,-1,126,141,142,-1,126,142,13,-1,13,142,143,-1,13,143,136,-1,144,145,146,-1,147,148,149,-1,150,66,65,-1,151,152,153,-1,154,155,156,-1,157,158,159,-1,160,161,162,-1,162,161,163,-1,164,165,166,-1,105,99,167,-1,168,169,170,-1,171,172,173,-1,171,173,174,-1,175,176,177,-1,177,176,178,-1,177,178,179,-1,179,178,180,-1,181,182,183,-1,183,182,184,-1,170,169,183,-1,183,169,185,-1,183,185,181,-1,186,187,167,-1,167,187,188,-1,188,189,167,-1,167,189,190,-1,167,190,170,-1,170,190,191,-1,170,191,168,-1,95,186,96,-1,96,186,167,-1,96,167,98,-1,98,167,99,-1,105,167,104,-1,104,167,170,-1,104,170,102,-1,110,106,178,-1,178,106,183,-1,178,183,180,-1,180,183,184,-1,106,108,183,-1,183,108,100,-1,183,100,170,-1,170,100,101,-1,170,101,102,-1,192,117,116,-1,192,116,176,-1,116,114,176,-1,176,114,113,-1,176,113,178,-1,178,113,111,-1,178,111,110,-1,193,119,192,-1,192,119,118,-1,192,118,117,-1,194,94,193,-1,193,94,120,-1,193,120,119,-1,194,195,196,-1,130,129,196,-1,196,129,133,-1,196,133,194,-1,194,133,132,-1,194,132,94,-1,197,198,140,-1,143,142,199,-1,64,63,137,-1,200,79,80,-1,48,79,201,-1,201,79,200,-1,201,200,202,-1,203,204,205,-1,206,207,204,-1,204,207,208,-1,204,208,205,-1,209,210,211,-1,172,202,173,-1,173,202,200,-1,173,200,212,-1,212,200,80,-1,212,80,205,-1,213,214,215,-1,216,217,218,-1,219,211,220,-1,220,211,210,-1,220,210,221,-1,221,210,209,-1,221,209,222,-1,223,224,225,-1,225,224,226,-1,225,226,227,-1,227,226,228,-1,227,228,219,-1,229,230,231,-1,231,230,232,-1,231,232,233,-1,234,235,236,-1,237,238,239,-1,239,238,240,-1,239,240,241,-1,219,228,211,-1,211,228,226,-1,211,226,242,-1,207,222,208,-1,208,222,209,-1,208,209,205,-1,205,209,211,-1,205,211,243,-1,243,211,242,-1,205,244,203,-1,203,244,245,-1,203,245,234,-1,234,245,246,-1,234,246,235,-1,235,246,247,-1,235,247,236,-1,236,247,248,-1,71,247,72,-1,72,247,246,-1,72,246,73,-1,73,246,245,-1,73,245,76,-1,76,245,244,-1,76,244,77,-1,77,244,205,-1,77,205,78,-1,78,205,80,-1,249,250,251,-1,252,253,254,-1,255,256,257,-1,257,256,258,-1,257,258,259,-1,260,261,251,-1,251,261,262,-1,251,262,249,-1,263,264,265,-1,165,164,266,-1,266,164,263,-1,266,263,267,-1,267,263,265,-1,267,265,268,-1,155,154,269,-1,269,154,270,-1,269,270,271,-1,271,270,272,-1,271,272,243,-1,152,273,274,-1,274,273,275,-1,274,275,255,-1,255,275,276,-1,255,276,256,-1,241,264,239,-1,239,264,263,-1,239,263,237,-1,237,263,164,-1,237,164,242,-1,242,164,166,-1,242,166,243,-1,243,166,165,-1,243,165,271,-1,271,165,266,-1,271,266,269,-1,269,266,267,-1,269,267,155,-1,155,267,268,-1,155,268,156,-1,277,278,279,-1,279,278,280,-1,279,280,281,-1,281,280,251,-1,281,251,282,-1,282,251,250,-1,282,250,252,-1,152,151,273,-1,273,151,283,-1,273,283,275,-1,275,283,284,-1,275,284,276,-1,285,286,287,-1,287,286,288,-1,287,288,289,-1,289,288,277,-1,289,277,290,-1,290,277,279,-1,290,279,158,-1,158,279,281,-1,158,281,159,-1,159,281,282,-1,159,282,247,-1,247,282,252,-1,247,252,248,-1,248,252,254,-1,286,153,288,-1,288,153,152,-1,288,152,277,-1,277,152,274,-1,277,274,278,-1,278,274,255,-1,278,255,280,-1,280,255,257,-1,280,257,251,-1,251,257,259,-1,251,259,260,-1,291,292,293,-1,293,292,294,-1,293,294,295,-1,295,294,296,-1,297,291,298,-1,298,291,293,-1,298,293,299,-1,299,293,295,-1,299,295,300,-1,300,295,296,-1,300,296,301,-1,301,296,302,-1,292,303,294,-1,294,303,304,-1,294,304,296,-1,296,304,305,-1,296,305,302,-1,66,306,67,-1,67,306,307,-1,67,307,68,-1,68,307,308,-1,68,308,69,-1,69,308,309,-1,69,309,70,-1,70,309,310,-1,70,310,74,-1,74,310,161,-1,74,161,75,-1,75,161,160,-1,75,160,311,-1,311,160,162,-1,306,285,307,-1,307,285,287,-1,307,287,308,-1,308,287,289,-1,308,289,309,-1,309,289,290,-1,309,290,310,-1,310,290,158,-1,310,158,161,-1,161,158,157,-1,161,157,163,-1,163,157,159,-1,163,159,162,-1,162,159,247,-1,162,247,311,-1,311,247,71,-1,311,71,75,-1,145,144,312,-1,312,144,313,-1,312,313,314,-1,314,313,315,-1,314,315,316,-1,316,315,317,-1,316,317,318,-1,318,317,319,-1,318,319,149,-1,320,174,321,-1,321,174,173,-1,321,173,322,-1,322,173,212,-1,322,212,323,-1,323,212,205,-1,323,205,324,-1,324,205,243,-1,324,243,325,-1,325,243,272,-1,325,272,326,-1,326,272,270,-1,326,270,327,-1,327,270,154,-1,327,154,328,-1,328,154,156,-1,328,156,329,-1,329,156,330,-1,329,330,331,-1,331,330,332,-1,331,332,333,-1,333,332,334,-1,333,334,335,-1,335,334,336,-1,335,336,337,-1,337,336,338,-1,337,338,339,-1,339,338,150,-1,339,150,340,-1,150,65,340,-1,340,65,64,-1,340,64,341,-1,342,343,344,-1,345,346,347,-1,347,346,348,-1,347,348,349,-1,349,348,350,-1,349,350,351,-1,351,350,352,-1,351,352,353,-1,353,352,354,-1,353,354,355,-1,355,354,356,-1,355,356,357,-1,357,356,358,-1,357,358,342,-1,342,358,359,-1,342,359,343,-1,343,359,360,-1,343,360,361,-1,64,137,341,-1,341,137,360,-1,341,360,340,-1,340,360,359,-1,340,359,339,-1,339,359,358,-1,339,358,337,-1,337,358,356,-1,337,356,335,-1,335,356,354,-1,335,354,333,-1,333,354,352,-1,333,352,331,-1,331,352,350,-1,331,350,329,-1,329,350,348,-1,329,348,328,-1,328,348,346,-1,328,346,327,-1,327,346,345,-1,327,345,326,-1,137,135,360,-1,360,135,134,-1,360,134,361,-1,361,134,136,-1,361,136,343,-1,343,136,143,-1,343,143,344,-1,344,143,199,-1,344,199,342,-1,342,199,362,-1,342,362,357,-1,357,362,363,-1,357,363,355,-1,355,363,364,-1,355,364,353,-1,353,364,365,-1,353,365,351,-1,351,365,366,-1,351,366,349,-1,349,366,367,-1,349,367,347,-1,347,367,368,-1,347,368,345,-1,345,368,369,-1,345,369,326,-1,326,369,370,-1,326,370,325,-1,325,370,371,-1,325,371,324,-1,324,371,372,-1,324,372,323,-1,373,374,375,-1,375,374,376,-1,375,376,377,-1,377,376,148,-1,377,148,197,-1,197,148,147,-1,197,147,198,-1,373,378,374,-1,374,378,379,-1,374,379,380,-1,380,379,381,-1,380,381,382,-1,382,381,383,-1,382,383,384,-1,384,383,385,-1,384,385,386,-1,149,148,318,-1,318,148,376,-1,318,376,316,-1,316,376,374,-1,316,374,314,-1,314,374,380,-1,314,380,312,-1,312,380,382,-1,312,382,145,-1,145,382,384,-1,145,384,146,-1,146,384,386,-1,146,386,387,-1,387,305,146,-1,146,305,304,-1,146,304,144,-1,144,304,303,-1,144,303,313,-1,313,303,292,-1,313,292,315,-1,315,292,291,-1,315,291,317,-1,317,291,297,-1,317,297,319,-1,140,139,197,-1,197,139,138,-1,197,138,377,-1,377,138,126,-1,377,126,375,-1,375,126,125,-1,375,125,373,-1,373,125,124,-1,373,124,378,-1,378,124,123,-1,378,123,379,-1,379,123,128,-1,379,128,381,-1,381,128,127,-1,381,127,383,-1,383,127,122,-1,383,122,385,-1,385,122,121,-1,385,121,386,-1,386,121,131,-1,386,131,387,-1,387,131,130,-1,387,130,305,-1,305,130,196,-1,305,196,302,-1,302,196,195,-1,175,388,176,-1,176,388,389,-1,176,389,192,-1,192,389,390,-1,192,390,193,-1,193,390,391,-1,193,391,194,-1,194,391,392,-1,194,392,195,-1,195,392,393,-1,195,393,302,-1,302,393,394,-1,302,394,301,-1,301,394,395,-1,301,395,300,-1,300,395,396,-1,300,396,299,-1,299,396,397,-1,299,397,298,-1,298,397,398,-1,298,398,297,-1,297,398,399,-1,297,399,319,-1,319,399,400,-1,319,400,149,-1,149,400,401,-1,149,401,147,-1,147,401,402,-1,147,402,198,-1,198,402,403,-1,198,403,140,-1,140,403,141,-1,142,141,199,-1,199,141,403,-1,199,403,362,-1,362,403,402,-1,362,402,363,-1,363,402,401,-1,363,401,364,-1,364,401,400,-1,364,400,365,-1,365,400,399,-1,365,399,366,-1,366,399,398,-1,366,398,367,-1,367,398,397,-1,367,397,368,-1,368,397,396,-1,368,396,369,-1,369,396,395,-1,369,395,370,-1,370,395,394,-1,370,394,371,-1,371,394,393,-1,371,393,372,-1,372,393,392,-1,372,392,323,-1,323,392,391,-1,323,391,322,-1,322,391,390,-1,322,390,321,-1,321,390,389,-1,321,389,320,-1,320,389,388,-1,225,241,223,-1,223,241,240,-1,223,240,233,-1,233,240,238,-1,233,238,231,-1,231,238,237,-1,231,237,229,-1,229,237,242,-1,229,242,230,-1,230,242,226,-1,230,226,232,-1,232,226,224,-1,232,224,233,-1,233,224,223,-1,214,404,215,-1,215,404,216,-1,215,216,213,-1,213,216,218,-1,66,150,306,-1,306,150,338,-1,306,338,285,-1,285,338,336,-1,285,336,286,-1,286,336,334,-1,286,334,153,-1,153,334,332,-1,153,332,151,-1,151,332,330,-1,151,330,283,-1,283,330,156,-1,283,156,284,-1,284,156,268,-1,284,268,276,-1,276,268,265,-1,276,265,256,-1,256,265,264,-1,256,264,258,-1,258,264,241,-1,258,241,259,-1,259,241,225,-1,259,225,260,-1,260,225,227,-1,260,227,261,-1,261,227,219,-1,261,219,262,-1,262,219,220,-1,262,220,249,-1,249,220,221,-1,249,221,250,-1,250,221,222,-1,250,222,252,-1,252,222,207,-1,252,207,253,-1,253,207,206,-1,253,206,254,-1,254,206,214,-1,254,214,248,-1,248,214,213,-1,248,213,236,-1,236,213,218,-1,236,218,234,-1,234,218,217,-1,234,217,203,-1,203,217,216,-1,203,216,204,-1,204,216,404,-1,204,404,206,-1,206,404,214,-1,47,46,84,-1,47,84,58,-1,58,84,83,-1,58,83,60,-1,60,83,90,-1,60,90,61,-1,61,90,89,-1,61,89,59,-1,59,89,88,-1,59,88,57,-1,57,88,82,-1,57,82,56,-1,55,56,81,-1,81,56,82,-1,55,81,92,-1,55,92,50,-1,50,92,91,-1,50,91,51,-1,51,91,87,-1,51,87,52,-1,52,87,86,-1,52,86,53,-1,53,86,85,-1,53,85,54,-1,54,85,62,-1,54,62,49,-1,405,406,407,-1,407,406,408,-1,409,410,411,-1,411,410,412,-1,413,414,415,-1,415,414,416,-1,415,416,417,-1,417,416,418,-1,417,418,419,-1,419,418,420,-1,419,420,421,-1,421,420,422,-1,421,422,423,-1,423,422,424,-1,423,424,425,-1,425,424,426,-1,427,428,413,-1,413,428,414,-1,428,427,429,-1,428,429,430,-1,430,429,431,-1,430,431,432,-1,432,431,433,-1,432,433,434,-1,434,433,435,-1,434,435,436,-1,436,435,437,-1,436,437,438,-1,438,437,439,-1,438,439,440,-1,441,442,439,-1,439,442,440,-1,442,441,443,-1,442,443,444,-1,444,443,445,-1,444,445,446,-1,446,445,447,-1,446,447,448,-1,448,447,449,-1,448,449,450,-1,450,449,451,-1,450,451,452,-1,452,451,453,-1,452,453,454,-1,453,455,454,-1,454,455,456,-1,454,456,457,-1,458,457,459,-1,459,457,456,-1,460,461,457,-1,457,461,462,-1,457,462,463,-1,458,464,457,-1,457,464,465,-1,457,465,466,-1,467,468,469,-1,469,468,457,-1,469,457,470,-1,470,457,463,-1,466,471,457,-1,457,471,472,-1,457,472,460,-1,473,468,474,-1,474,468,467,-1,474,467,475,-1,476,477,478,-1,478,477,479,-1,478,479,480,-1,480,479,481,-1,480,481,482,-1,482,481,483,-1,482,483,484,-1,484,483,485,-1,484,485,486,-1,486,485,487,-1,486,487,474,-1,474,487,473,-1,488,477,489,-1,489,477,476,-1,490,491,492,-1,492,491,493,-1,492,493,494,-1,494,493,495,-1,494,495,496,-1,496,495,497,-1,496,497,498,-1,498,497,499,-1,498,499,500,-1,500,499,501,-1,500,501,502,-1,502,501,503,-1,502,503,504,-1,504,503,505,-1,504,505,506,-1,506,505,507,-1,506,507,508,-1,508,507,509,-1,508,509,510,-1,510,509,511,-1,510,511,512,-1,512,511,513,-1,512,513,489,-1,489,513,488,-1,514,515,488,-1,488,513,514,-1,514,513,511,-1,514,511,516,-1,516,511,509,-1,516,509,517,-1,518,519,520,-1,520,519,521,-1,520,521,522,-1,522,521,523,-1,522,523,524,-1,525,526,527,-1,527,526,524,-1,527,524,528,-1,528,524,523,-1,529,515,530,-1,530,515,514,-1,530,514,531,-1,531,514,516,-1,531,516,532,-1,532,516,517,-1,532,517,533,-1,533,517,534,-1,533,534,535,-1,535,534,536,-1,535,536,537,-1,537,536,538,-1,537,538,525,-1,525,538,539,-1,525,539,526,-1,529,540,515,-1,515,540,541,-1,542,543,544,-1,544,543,545,-1,544,545,546,-1,546,545,547,-1,546,547,548,-1,548,547,549,-1,548,549,550,-1,550,549,551,-1,550,551,552,-1,552,551,553,-1,552,553,554,-1,554,553,555,-1,554,555,540,-1,540,555,541,-1,512,489,529,-1,529,530,512,-1,512,530,531,-1,512,531,510,-1,510,531,532,-1,510,532,508,-1,506,508,533,-1,533,508,532,-1,521,492,494,-1,521,494,523,-1,523,494,496,-1,523,496,528,-1,528,496,498,-1,528,498,527,-1,527,498,525,-1,525,498,500,-1,525,500,537,-1,500,502,537,-1,537,502,504,-1,537,504,535,-1,535,504,506,-1,535,506,533,-1,492,521,490,-1,490,521,519,-1,556,557,519,-1,519,557,558,-1,519,558,490,-1,490,558,559,-1,490,559,560,-1,560,559,561,-1,562,563,519,-1,519,563,564,-1,519,564,556,-1,561,565,560,-1,560,565,566,-1,560,566,567,-1,568,558,557,-1,568,557,569,-1,569,557,556,-1,569,556,570,-1,570,556,564,-1,570,564,571,-1,571,564,563,-1,571,563,572,-1,572,563,562,-1,572,562,573,-1,573,562,519,-1,573,519,518,-1,520,493,518,-1,518,493,491,-1,518,491,574,-1,574,491,575,-1,574,575,576,-1,574,568,518,-1,518,568,569,-1,518,569,570,-1,570,571,518,-1,518,571,572,-1,518,572,573,-1,577,578,575,-1,575,578,579,-1,575,579,576,-1,559,558,574,-1,574,558,568,-1,559,574,576,-1,559,576,561,-1,561,576,579,-1,561,579,565,-1,565,579,578,-1,565,578,566,-1,566,578,577,-1,566,577,567,-1,567,577,575,-1,567,575,560,-1,560,575,491,-1,560,491,490,-1,534,507,505,-1,534,505,536,-1,536,505,503,-1,536,503,538,-1,538,503,501,-1,538,501,539,-1,539,501,499,-1,539,499,526,-1,526,499,497,-1,526,497,524,-1,524,497,495,-1,524,495,522,-1,522,495,493,-1,522,493,520,-1,534,517,507,-1,507,517,509,-1,580,475,469,-1,469,475,467,-1,456,455,581,-1,582,458,581,-1,581,458,459,-1,581,459,456,-1,583,466,584,-1,584,466,465,-1,584,465,582,-1,582,465,464,-1,582,464,458,-1,461,460,585,-1,585,460,472,-1,585,472,583,-1,583,472,471,-1,583,471,466,-1,461,585,462,-1,462,585,586,-1,462,586,463,-1,463,586,470,-1,470,586,580,-1,470,580,469,-1,
        ]
    }
}
Shape{
    appearance Appearance {
        material  Material 	{
            diffuseColor 0.0 0.2901960784313726 0.8745098039215686
            specularColor 0.0 0.1450980392156863 0.4392156862745098
            ambientIntensity 0.27
            transparency 0.0
            shininess 0.5
        }
    }
    geometry IndexedFaceSet {
        ccw TRUE
        solid FALSE
        coord DEF co Coordinate {
            point [
                -2.5787 -0.5045 0.752, -2.5787 -0.5045 0.748, -2.4606 -0.5045 0.752, -2.4606 -0.5045 0.748
            ]
        }
        coordIndex [
            0,1,2,-1,2,1,3,-1,
        ]
    }
}
Shape{
    appearance Appearance {
        material  Material 	{
            diffuseColor 0.8509803921568627 0.8509803921568627 0.8509803921568627
            specularColor 0.4235294117647059 0.4235294117647059 0.4235294117647059
            ambientIntensity 0.851
            transparency 0.0
            shininess 0.5
        }
    }
    geometry IndexedFaceSet {
        ccw TRUE
        solid FALSE
        coord DEF co Coordinate {
            point [
                -2.4606 -0.8588 0.748, -2.4606 -0.5045 0.748, -2.5787 -0.8588 0.748, -2.5787 -0.5045 0.748, -2.4606 -0.8588 1.1417, -2.5787 -0.8588 1.1417, -2.4606 -0.5045 1.1417, -2.5787 -0.5045 1.1417
            ]
        }
        coordIndex [
            0,1,2,-1,2,1,3,-1,4,0,5,-1,5,0,2,-1,6,4,7,-1,7,4,5,-1,
        ]
    }
}
Shape{
    appearance Appearance {
        material  Material 	{
            diffuseColor 0.0 0.2901960784313726 0.8745098039215686
            specularColor 0.0 0.1450980392156863 0.4392156862745098
            ambientIntensity 0.27
            transparency 0.0
            shininess 0.5
        }
    }
    geometry IndexedFaceSet {
        ccw TRUE
        solid FALSE
        coord DEF co Coordinate {
            point [
                -2.4606 -0.5045 1.1417, -2.5787 -0.5045 1.1417, -2.4606 -0.5045 1.1378, -2.5787 -0.5045 1.1378, -2.4588 -0.525 1.1378, -2.5751 -0.5455 1.1378, -2.4535 -0.5449 1.1378, -2.5645 -0.5853 1.1378, -2.3596 -0.8028 1.1378, -2.4706 -0.8432 1.1378
            ]
        }
        coordIndex [
            0,1,2,-1,2,1,3,-1,2,3,4,-1,4,3,5,-1,4,5,6,-1,6,5,7,-1,6,7,8,-1,8,7,9,-1,
        ]
    }
}
Shape{
    appearance Appearance {
        material  Material 	{
            diffuseColor 0.8509803921568627 0.8509803921568627 0.8509803921568627
            specularColor 0.4235294117647059 0.4235294117647059 0.4235294117647059
            ambientIntensity 0.851
            transparency 0.0
            shininess 0.5
        }
    }
    geometry IndexedFaceSet {
        ccw TRUE
        solid FALSE
        coord DEF co Coordinate {
            point [
                -2.5787 -0.5045 1.1378, -2.5787 -0.5045 0.752, -2.5751 -0.5455 0.752, -2.5751 -0.5455 1.1378, -2.5645 -0.5853 0.752, -2.5645 -0.5853 1.1378, -2.4706 -0.8432 0.752, -2.4706 -0.8432 1.1378
            ]
        }
        coordIndex [
            0,1,2,-1,0,2,3,-1,3,2,4,-1,3,4,5,-1,4,6,5,-1,5,6,7,-1,
        ]
    }
}
Shape{
    appearance Appearance {
        material  Material 	{
            diffuseColor 0.0 0.2901960784313726 0.8745098039215686
            specularColor 0.0 0.1450980392156863 0.4392156862745098
            ambientIntensity 0.27
            transparency 0.0
            shininess 0.5
        }
    }
    geometry IndexedFaceSet {
        ccw TRUE
        solid FALSE
        coord DEF co Coordinate {
            point [
                -2.4706 -0.8432 1.1378, -2.4706 -0.8432 0.752, -2.3596 -0.8028 1.1378, -2.3596 -0.8028 0.752, -2.4535 -0.5449 0.752, -2.5645 -0.5853 0.752, -2.4588 -0.525 0.752, -2.5751 -0.5455 0.752, -2.4606 -0.5045 0.752, -2.5787 -0.5045 0.752, -2.4535 -0.5449 1.1378, -2.4588 -0.525 1.1378, -2.4606 -0.5045 1.1378
            ]
        }
        coordIndex [
            0,1,2,-1,2,1,3,-1,3,1,4,-1,4,1,5,-1,4,5,6,-1,6,5,7,-1,6,7,8,-1,8,7,9,-1,10,2,4,-1,4,2,3,-1,10,4,11,-1,11,4,6,-1,11,6,12,-1,12,6,8,-1,
        ]
    }
}
Shape{
    appearance Appearance {
        material  Material 	{
            diffuseColor 0.8509803921568627 0.8509803921568627 0.8509803921568627
            specularColor 0.4235294117647059 0.4235294117647059 0.4235294117647059
            ambientIntensity 0.851
            transparency 0.0
            shininess 0.5
        }
    }
    geometry IndexedFaceSet {
        ccw TRUE
        solid FALSE
        coord DEF co Coordinate {
            point [
                -2.4606 0.401 0.5709, -2.4606 0.401 0.2559, -2.5787 0.401 0.5709, -2.5787 0.401 0.2559
            ]
        }
        coordIndex [
            0,1,2,-1,2,1,3,-1,
        ]
    }
}
Shape{
    appearance Appearance {
        material  Material 	{
            diffuseColor 0.0 0.2901960784313726 0.8745098039215686
            specularColor 0.0 0.1450980392156863 0.4392156862745098
            ambientIntensity 0.27
            transparency 0.0
            shininess 0.5
        }
    }
    geometry IndexedFaceSet {
        ccw TRUE
        solid FALSE
        coord DEF co Coordinate {
            point [
                -2.4606 0.401 0.2559, -2.4606 0.7553 0.2559, -2.5787 0.401 0.2559, -2.5787 0.7553 0.2559, -2.5787 0.7553 0.2598, -2.4606 0.7553 0.2598
            ]
        }
        coordIndex [
            0,1,2,-1,2,1,3,-1,3,1,4,-1,4,1,5,-1,
        ]
    }
}
Shape{
    appearance Appearance {
        material  Material 	{
            diffuseColor 0.8509803921568627 0.8509803921568627 0.8509803921568627
            specularColor 0.4235294117647059 0.4235294117647059 0.4235294117647059
            ambientIntensity 0.851
            transparency 0.0
            shininess 0.5
        }
    }
    geometry IndexedFaceSet {
        ccw TRUE
        solid FALSE
        coord DEF co Coordinate {
            point [
                -2.5787 0.7553 0.2598, -2.4606 0.7553 0.2598, -2.5805 0.7348 0.2598, -2.4642 0.7143 0.2598, -2.5859 0.7149 0.2598, -2.4749 0.6745 0.2598, -2.6838 0.4459 0.2598, -2.5728 0.4055 0.2598
            ]
        }
        coordIndex [
            0,1,2,-1,2,1,3,-1,2,3,4,-1,4,3,5,-1,4,5,6,-1,6,5,7,-1,
        ]
    }
}
Shape{
    appearance Appearance {
        material  Material 	{
            diffuseColor 0.0 0.2901960784313726 0.8745098039215686
            specularColor 0.0 0.1450980392156863 0.4392156862745098
            ambientIntensity 0.27
            transparency 0.0
            shininess 0.5
        }
    }
    geometry IndexedFaceSet {
        ccw TRUE
        solid FALSE
        coord DEF co Coordinate {
            point [
                -2.4606 0.7553 0.2598, -2.4606 0.7553 0.5669, -2.4642 0.7143 0.5669, -2.4642 0.7143 0.2598, -2.4749 0.6745 0.5669, -2.4749 0.6745 0.2598, -2.5728 0.4055 0.5669, -2.5728 0.4055 0.2598
            ]
        }
        coordIndex [
            0,1,2,-1,0,2,3,-1,3,2,4,-1,3,4,5,-1,4,6,5,-1,5,6,7,-1,
        ]
    }
}
Shape{
    appearance Appearance {
        material  Material 	{
            diffuseColor 0.8509803921568627 0.8509803921568627 0.8509803921568627
            specularColor 0.4235294117647059 0.4235294117647059 0.4235294117647059
            ambientIntensity 0.851
            transparency 0.0
            shininess 0.5
        }
    }
    geometry IndexedFaceSet {
        ccw TRUE
        solid FALSE
        coord DEF co Coordinate {
            point [
                -2.5728 0.4055 0.2598, -2.5728 0.4055 0.5669, -2.6838 0.4459 0.2598, -2.6838 0.4459 0.5669, -2.5859 0.7149 0.5669, -2.4749 0.6745 0.5669, -2.5805 0.7348 0.5669, -2.4642 0.7143 0.5669, -2.5787 0.7553 0.5669, -2.4606 0.7553 0.5669, -2.5859 0.7149 0.2598, -2.5805 0.7348 0.2598, -2.5787 0.7553 0.2598
            ]
        }
        coordIndex [
            0,1,2,-1,2,1,3,-1,3,1,4,-1,4,1,5,-1,4,5,6,-1,6,5,7,-1,6,7,8,-1,8,7,9,-1,10,2,4,-1,4,2,3,-1,10,4,11,-1,11,4,6,-1,11,6,12,-1,12,6,8,-1,
        ]
    }
}
Shape{
    appearance Appearance {
        material  Material 	{
            diffuseColor 0.0 0.2901960784313726 0.8745098039215686
            specularColor 0.0 0.1450980392156863 0.4392156862745098
            ambientIntensity 0.27
            transparency 0.0
            shininess 0.5
        }
    }
    geometry IndexedFaceSet {
        ccw TRUE
        solid FALSE
        coord DEF co Coordinate {
            point [
                -2.4606 0.7553 0.5669, -2.4606 0.7553 0.5709, -2.5787 0.7553 0.5669, -2.5787 0.7553 0.5709, -2.4606 0.401 0.5709, -2.5787 0.401 0.5709
            ]
        }
        coordIndex [
            0,1,2,-1,2,1,3,-1,1,4,3,-1,3,4,5,-1,
        ]
    }
}
Shape{
    appearance Appearance {
        material  Material 	{
            diffuseColor 0.8509803921568627 0.8509803921568627 0.8509803921568627
            specularColor 0.4235294117647059 0.4235294117647059 0.4235294117647059
            ambientIntensity 0.851
            transparency 0.0
            shininess 0.5
        }
    }
    geometry IndexedFaceSet {
        ccw TRUE
        solid FALSE
        coord DEF co Coordinate {
            point [
                -2.4606 -2.1187 1.9391, -2.5787 -2.1187 1.9391, -2.4606 -2.1187 1.8996, -2.5787 -2.1187 1.8996, -2.4606 -2.203 2.0176, -2.5787 -2.203 2.0176, -2.4606 -2.1846 2.0168, -2.5787 -2.1846 2.0168, -2.4606 -2.1669 2.0116, -2.5787 -2.1669 2.0116, -2.4606 -2.1509 2.0026, -2.5787 -2.1509 2.0026, -2.4606 -2.1374 1.99, -2.5787 -2.1374 1.99, -2.4606 -2.1272 1.9747, -2.5787 -2.1272 1.9747, -2.4606 -2.1208 1.9574, -2.5787 -2.1208 1.9574, -2.5787 -4.1406 1.8792, -2.4606 -4.1406 1.8792, -2.4606 -4.3234 1.6829, -2.5787 -4.3234 1.6829, -2.4606 -4.3173 1.7315, -2.5787 -4.3173 1.7315, -2.4606 -4.2993 1.7772, -2.5787 -4.2993 1.7772, -2.4606 -4.2706 1.817, -2.5787 -4.2706 1.817, -2.4606 -4.233 1.8485, -2.5787 -4.233 1.8485, -2.4606 -4.1887 1.8696, -2.5787 -4.1887 1.8696, -2.4606 -4.3234 1.3408, -2.5787 -4.3234 1.3408, -2.4606 -4.1406 1.1444, -2.5787 -4.1406 1.1444, -2.4606 -4.1887 1.154, -2.5787 -4.1887 1.154, -2.4606 -4.233 1.1752, -2.5787 -4.233 1.1752, -2.4606 -4.2706 1.2066, -2.5787 -4.2706 1.2066, -2.4606 -4.2993 1.2464, -2.5787 -4.2993 1.2464, -2.4606 -4.3173 1.2921, -2.5787 -4.3173 1.2921, -2.4606 -2.203 1.006, -2.5787 -2.203 1.006, -2.4606 -2.1187 1.0846, -2.5787 -2.1187 1.0846, -2.4606 -2.1208 1.0663, -2.5787 -2.1208 1.0663, -2.4606 -2.1272 1.049, -2.5787 -2.1272 1.049, -2.4606 -2.1374 1.0336, -2.5787 -2.1374 1.0336, -2.4606 -2.1509 1.0211, -2.5787 -2.1509 1.0211, -2.4606 -2.1669 1.012, -2.5787 -2.1669 1.012, -2.4606 -2.1846 1.0069, -2.5787 -2.1846 1.0069, -2.5787 -2.1187 1.124, -2.4606 -2.1187 1.124, -2.5787 -2.1207 1.1417, -2.4606 -2.1207 1.1417, -2.5787 -2.1266 1.1585, -2.4606 -2.1266 1.1585, -2.5787 -2.1362 1.1736, -2.4606 -2.1362 1.1736, -2.5787 -2.1489 1.1861, -2.4606 -2.1489 1.1861, -2.5787 -2.1641 1.1954, -2.4606 -2.1641 1.1954, -2.5787 -2.1804 1.2009, -2.4606 -2.1804 1.2009, -2.5787 -2.1851 1.2016, -2.5786 -2.1897 1.2021, -2.4604 -2.1896 1.2026, -2.5784 -2.1951 1.2026, -2.4606 -2.185 1.2019, -2.5782 -2.1947 1.2025, -2.5783 -2.1943 1.2025, -2.5786 -2.1924 1.2024
            ]
        }
        coordIndex [
            0,1,2,-1,2,1,3,-1,4,5,6,-1,6,5,7,-1,6,7,8,-1,8,7,9,-1,8,9,10,-1,10,9,11,-1,10,11,12,-1,12,11,13,-1,12,13,14,-1,14,13,15,-1,14,15,16,-1,16,15,17,-1,16,17,0,-1,0,17,1,-1,5,4,18,-1,18,4,19,-1,20,21,22,-1,22,21,23,-1,22,23,24,-1,24,23,25,-1,24,25,26,-1,26,25,27,-1,26,27,28,-1,28,27,29,-1,28,29,30,-1,30,29,31,-1,30,31,19,-1,19,31,18,-1,32,33,20,-1,20,33,21,-1,34,35,36,-1,36,35,37,-1,36,37,38,-1,38,37,39,-1,38,39,40,-1,40,39,41,-1,40,41,42,-1,42,41,43,-1,42,43,44,-1,44,43,45,-1,44,45,32,-1,32,45,33,-1,46,47,34,-1,34,47,35,-1,48,49,50,-1,50,49,51,-1,50,51,52,-1,52,51,53,-1,52,53,54,-1,54,53,55,-1,54,55,56,-1,56,55,57,-1,56,57,58,-1,58,57,59,-1,58,59,60,-1,60,59,61,-1,60,61,46,-1,46,61,47,-1,49,48,62,-1,62,48,63,-1,62,63,64,-1,64,63,65,-1,64,65,66,-1,66,65,67,-1,66,67,68,-1,68,67,69,-1,68,69,70,-1,70,69,71,-1,70,71,72,-1,72,71,73,-1,72,73,74,-1,74,73,75,-1,74,75,76,-1,76,75,77,-1,78,79,80,-1,80,79,81,-1,80,81,75,-1,75,81,82,-1,75,82,77,-1,77,82,83,-1,77,83,76,-1,
        ]
    }
}
Shape{
    appearance Appearance {
        material  Material 	{
            diffuseColor 0.0 0.2901960784313726 0.8745098039215686
            specularColor 0.0 0.1450980392156863 0.4392156862745098
            ambientIntensity 0.27
            transparency 0.0
            shininess 0.5
        }
    }
    geometry IndexedFaceSet {
        ccw TRUE
        solid FALSE
        coord DEF co Coordinate {
            point [
                -2.4598 -2.1987 1.8202, -2.4587 -2.2078 1.8194, -2.4587 -2.2078 1.2042, -2.4598 -2.1987 1.2034, -2.4604 -2.1896 1.2026, -2.4604 -2.1896 1.8211, -2.4606 -2.185 1.2019, -2.4606 -2.185 1.8217, -2.4606 -2.1804 1.2009, -2.4606 -2.1804 1.8227
            ]
        }
        coordIndex [
            0,1,2,-1,2,3,0,-1,0,3,4,-1,0,4,5,-1,5,4,6,-1,5,6,7,-1,7,6,8,-1,7,8,9,-1,
        ]
    }
}
Shape{
    appearance Appearance {
        material  Material 	{
            diffuseColor 0.8509803921568627 0.8509803921568627 0.8509803921568627
            specularColor 0.4235294117647059 0.4235294117647059 0.4235294117647059
            ambientIntensity 0.851
            transparency 0.0
            shininess 0.5
        }
    }
    geometry IndexedFaceSet {
        ccw TRUE
        solid FALSE
        coord DEF co Coordinate {
            point [
                -2.4604 -2.1896 1.8211, -2.5784 -2.1951 1.821, -2.4598 -2.1987 1.8202, -2.5774 -2.2097 1.8202, -2.4587 -2.2078 1.8194, -2.5757 -2.2242 1.8194, -2.4029 -3.4532 1.7308, -2.286 -3.4368 1.7308
            ]
        }
        coordIndex [
            0,1,2,-1,2,1,3,-1,2,3,4,-1,4,3,5,-1,5,6,4,-1,4,6,7,-1,
        ]
    }
}
Shape{
    appearance Appearance {
        material  Material 	{
            diffuseColor 0.0 0.2901960784313726 0.8745098039215686
            specularColor 0.0 0.1450980392156863 0.4392156862745098
            ambientIntensity 0.27
            transparency 0.0
            shininess 0.5
        }
    }
    geometry IndexedFaceSet {
        ccw TRUE
        solid FALSE
        coord DEF co Coordinate {
            point [
                -2.286 -3.4368 1.7308, -2.4029 -3.4532 1.7308, -2.286 -3.4368 1.732
            ]
        }
        coordIndex [
            0,1,2,-1,
        ]
    }
}
Shape{
    appearance Appearance {
        material  Material 	{
            diffuseColor 0.8509803921568627 0.8509803921568627 0.8509803921568627
            specularColor 0.4235294117647059 0.4235294117647059 0.4235294117647059
            ambientIntensity 0.851
            transparency 0.0
            shininess 0.5
        }
    }
    geometry IndexedFaceSet {
        ccw TRUE
        solid FALSE
        coord DEF co Coordinate {
            point [
                -2.286 -3.4368 1.732, -2.4029 -3.4532 1.7308, -2.2661 -3.5784 1.7217, -2.383 -3.5949 1.7206, -2.2643 -3.5948 1.7206, -2.3822 -3.6031 1.72, -2.2638 -3.6113 1.7194, -2.3819 -3.6113 1.7194, -2.265 -3.6225 1.7186, -2.3827 -3.6181 1.7189, -2.2694 -3.6624 1.7158, -2.3849 -3.6381 1.7174, -2.2732 -3.6738 1.715, -2.3862 -3.6415 1.7172, -2.2859 -3.7111 1.7122, -2.394 -3.6634 1.7156, -2.288 -3.7155 1.7119, -2.5376 -3.9556 1.6945, -2.4316 -4.0077 1.6908, -2.5863 -4.0548 1.5766, -2.4803 -4.1069 1.5729, -2.4803 -4.1068 1.5779, -2.5853 -4.0527 1.5955, -2.4793 -4.1048 1.5917, -2.5847 -4.0516 1.6053, -2.4783 -4.1029 1.6051, -2.5819 -4.0458 1.6221, -2.4759 -4.0979 1.6183, -2.5801 -4.0421 1.6327, -2.4734 -4.0927 1.6318, -2.5758 -4.0335 1.6462, -2.4699 -4.0856 1.6424, -2.5725 -4.0267 1.6568, -2.4659 -4.0776 1.6544, -2.5675 -4.0165 1.6664, -2.4615 -4.0686 1.6626, -2.563 -4.0074 1.675, -2.4558 -4.057 1.6731, -2.5573 -3.9957 1.6816, -2.4513 -4.0479 1.6778, -2.5516 -3.9842 1.688, -2.4441 -4.0332 1.6854, -2.5458 -3.9724 1.691, -2.4398 -4.0245 1.6872, -2.5398 -3.9601 1.6941, -2.394 -3.6634 1.308, -2.5423 -3.9653 1.3303, -2.5458 -3.9724 1.3325, -2.5545 -3.9901 1.3382, -2.5573 -3.9959 1.3418, -2.5674 -4.0166 1.3571, -2.5376 -3.9556 1.3291, -2.5647 -4.011 1.3513, -2.582 -4.0461 1.4014, -2.5847 -4.0516 1.4184, -2.5853 -4.0527 1.4281, -2.5739 -4.0298 1.3708, -2.5758 -4.0336 1.3773, -2.5809 -4.044 1.3951, -2.5863 -4.0548 1.447, -2.4803 -4.1069 1.4508, -2.4316 -4.0077 1.3328, -2.288 -3.7155 1.3118, -2.4792 -4.1047 1.4319, -2.4779 -4.102 1.4152, -2.4758 -4.0979 1.4053, -2.4802 -4.1067 1.4441, -2.4513 -4.048 1.3456, -2.4545 -4.0546 1.3489, -2.4615 -4.0688 1.3609, -2.4444 -4.034 1.3385, -2.4398 -4.0245 1.3365, -2.4724 -4.091 1.3886, -2.4698 -4.0857 1.3812, -2.4642 -4.0743 1.3655, -2.2858 -3.711 1.3114, -2.2732 -3.6738 1.3088, -2.2693 -3.6626 1.3079, -2.2661 -3.5784 1.3019, -2.265 -3.6225 1.3051, -2.2638 -3.6113 1.3042, -2.2643 -3.5948 1.3031, -2.286 -3.4368 1.2917, -2.286 -3.4368 1.2928, -2.286 -3.4368 1.7308, -2.4587 -2.2078 1.8194, -2.4587 -2.2078 1.2042, -2.5757 -2.2242 1.2042, -2.4029 -3.4532 1.2928
            ]
        }
        coordIndex [
            0,1,2,-1,2,1,3,-1,2,3,4,-1,4,3,5,-1,4,5,6,-1,6,5,7,-1,6,7,8,-1,8,7,9,-1,8,9,10,-1,10,9,11,-1,10,11,12,-1,12,11,13,-1,12,13,14,-1,14,13,15,-1,14,15,16,-1,16,15,17,-1,16,17,18,-1,19,20,21,-1,19,21,22,-1,22,21,23,-1,22,23,24,-1,24,23,25,-1,24,25,26,-1,26,25,27,-1,26,27,28,-1,28,27,29,-1,28,29,30,-1,30,29,31,-1,30,31,32,-1,32,31,33,-1,32,33,34,-1,34,33,35,-1,34,35,36,-1,36,35,37,-1,36,37,38,-1,38,37,39,-1,38,39,40,-1,40,39,41,-1,40,41,42,-1,42,41,43,-1,42,43,44,-1,44,43,18,-1,44,18,17,-1,36,38,45,-1,45,38,40,-1,45,40,42,-1,42,44,45,-1,45,44,17,-1,45,17,15,-1,46,47,34,-1,34,47,48,-1,34,48,49,-1,28,30,50,-1,36,45,34,-1,34,45,51,-1,34,51,46,-1,49,52,34,-1,34,52,50,-1,34,50,32,-1,32,50,30,-1,53,54,55,-1,19,22,50,-1,50,56,57,-1,22,24,50,-1,50,24,26,-1,50,26,28,-1,58,53,57,-1,57,53,55,-1,57,55,50,-1,50,55,59,-1,50,59,19,-1,60,20,59,-1,59,20,19,-1,61,62,27,-1,27,62,29,-1,16,18,62,-1,62,18,43,-1,62,43,41,-1,63,64,65,-1,60,66,63,-1,67,27,68,-1,68,27,69,-1,67,70,27,-1,27,70,71,-1,27,71,61,-1,41,39,62,-1,62,39,37,-1,62,37,35,-1,35,33,62,-1,62,33,31,-1,62,31,29,-1,63,65,23,-1,23,65,72,-1,23,72,73,-1,27,25,69,-1,69,25,23,-1,69,23,74,-1,74,23,73,-1,60,63,20,-1,20,63,23,-1,20,23,21,-1,16,62,14,-1,14,62,75,-1,14,75,12,-1,12,75,76,-1,12,76,10,-1,10,76,77,-1,10,77,8,-1,6,78,4,-1,4,78,2,-1,77,79,8,-1,8,79,80,-1,8,80,6,-1,6,80,81,-1,6,81,78,-1,78,82,2,-1,2,82,83,-1,0,2,84,-1,84,2,83,-1,84,83,85,-1,85,83,86,-1,86,83,87,-1,87,83,88,-1,
        ]
    }
}
Shape{
    appearance Appearance {
        material  Material 	{
            diffuseColor 0.0 0.2901960784313726 0.8745098039215686
            specularColor 0.0 0.1450980392156863 0.4392156862745098
            ambientIntensity 0.27
            transparency 0.0
            shininess 0.5
        }
    }
    geometry IndexedFaceSet {
        ccw TRUE
        solid FALSE
        coord DEF co Coordinate {
            point [
                -2.286 -3.4368 1.2928, -2.286 -3.4368 1.2917, -2.4029 -3.4532 1.2928
            ]
        }
        coordIndex [
            0,1,2,-1,
        ]
    }
}
Shape{
    appearance Appearance {
        material  Material 	{
            diffuseColor 0.8509803921568627 0.8509803921568627 0.8509803921568627
            specularColor 0.4235294117647059 0.4235294117647059 0.4235294117647059
            ambientIntensity 0.851
            transparency 0.0
            shininess 0.5
        }
    }
    geometry IndexedFaceSet {
        ccw TRUE
        solid FALSE
        coord DEF co Coordinate {
            point [
                -2.4316 -4.0077 1.3328, -2.5376 -3.9556 1.3291, -2.288 -3.7155 1.3118, -2.394 -3.6634 1.308, -2.4029 -3.4532 1.2928, -2.286 -3.4368 1.2917, -2.383 -3.5949 1.3031, -2.2661 -3.5784 1.3019, -2.3822 -3.6031 1.3037, -2.2643 -3.5948 1.3031, -2.3819 -3.6113 1.3042, -2.2638 -3.6113 1.3042, -2.3827 -3.6181 1.3047, -2.265 -3.6225 1.3051, -2.3849 -3.6381 1.3062, -2.2693 -3.6626 1.3079, -2.3862 -3.6415 1.3064, -2.2732 -3.6738 1.3088, -2.2858 -3.711 1.3114, -2.4802 -4.1067 1.4441, -2.4803 -4.1069 1.4508, -2.5863 -4.0548 1.447, -2.4792 -4.1047 1.4319, -2.5853 -4.0527 1.4281, -2.4779 -4.102 1.4152, -2.5847 -4.0516 1.4184, -2.4758 -4.0979 1.4053, -2.582 -4.0461 1.4014, -2.4724 -4.091 1.3886, -2.5809 -4.044 1.3951, -2.4698 -4.0857 1.3812, -2.5758 -4.0336 1.3773, -2.4642 -4.0743 1.3655, -2.5739 -4.0298 1.3708, -2.4615 -4.0688 1.3609, -2.5674 -4.0166 1.3571, -2.4545 -4.0546 1.3489, -2.5647 -4.011 1.3513, -2.4513 -4.048 1.3456, -2.5573 -3.9959 1.3418, -2.4444 -4.034 1.3385, -2.5545 -3.9901 1.3382, -2.4398 -4.0245 1.3365, -2.5423 -3.9653 1.3303, -2.5458 -3.9724 1.3325, -2.5757 -2.2242 1.8194, -2.5757 -2.2242 1.2042, -2.4029 -3.4532 1.7308, -2.383 -3.5949 1.7206, -2.3822 -3.6031 1.72, -2.3819 -3.6113 1.7194, -2.3827 -3.6181 1.7189, -2.3849 -3.6381 1.7174, -2.3849 -3.6381 1.3062, -2.3862 -3.6415 1.7172, -2.394 -3.6634 1.7156, -2.5786 -2.1924 1.2024, -2.5787 -2.1804 1.8227, -2.5787 -2.1851 1.2016, -2.5787 -2.1804 1.2009, -2.5783 -2.1943 1.2025, -2.5782 -2.1947 1.2025, -2.5784 -2.1951 1.2026, -2.5774 -2.2097 1.2034, -2.5774 -2.2097 1.8202, -2.5784 -2.1951 1.821, -2.5786 -2.1877 1.8217, -2.4606 -2.1804 1.8227, -2.4606 -2.185 1.8217, -2.5786 -2.1877 1.8217, -2.4604 -2.1896 1.8211, -2.5787 -2.1641 1.8282, -2.4606 -2.1641 1.8282, -2.5787 -2.1489 1.8376, -2.4606 -2.1489 1.8376, -2.5787 -2.1362 1.8501, -2.4606 -2.1362 1.8501, -2.5787 -2.1266 1.8651, -2.4606 -2.1266 1.8651, -2.5787 -2.1207 1.8819, -2.4606 -2.1207 1.8819, -2.5787 -2.1187 1.8996, -2.4606 -2.1187 1.8996, -2.4587 -2.2078 1.2042, -2.4598 -2.1987 1.2034, -2.4604 -2.1896 1.2026, -2.5727 0.5956 1.5059, -2.5787 0.664 1.5059, -2.5787 -0.925 1.5059, -2.4606 0.338 1.5059, -2.5727 -0.8566 1.5059, -2.555 -0.7903 1.5059, -2.526 0.4671 1.5059, -2.555 0.5293 1.5059, -2.4631 0.3529 1.5059, -2.471 0.3718 1.5059, -2.526 -0.7281 1.5059, -2.471 -0.6328 1.5059, -2.4606 -0.599 1.5059, -2.4631 -0.6138 1.5059, -2.4604 -0.5935 1.939, -2.4604 -0.5935 1.5059, -2.4606 -0.599 1.939, -2.4631 -0.6138 1.939, -2.471 -0.6328 1.939
            ]
        }
        coordIndex [
            0,1,2,-1,2,1,3,-1,4,5,6,-1,6,5,7,-1,6,7,8,-1,8,7,9,-1,8,9,10,-1,10,9,11,-1,10,11,12,-1,12,11,13,-1,12,13,14,-1,14,13,15,-1,14,15,16,-1,16,15,17,-1,16,17,3,-1,3,17,18,-1,3,18,2,-1,19,20,21,-1,19,21,22,-1,22,21,23,-1,22,23,24,-1,24,23,25,-1,24,25,26,-1,26,25,27,-1,26,27,28,-1,28,27,29,-1,28,29,30,-1,30,29,31,-1,30,31,32,-1,32,31,33,-1,32,33,34,-1,34,33,35,-1,34,35,36,-1,36,35,37,-1,36,37,38,-1,38,37,39,-1,38,39,40,-1,40,39,41,-1,40,41,42,-1,1,0,43,-1,43,0,42,-1,43,42,44,-1,44,42,41,-1,45,46,47,-1,47,46,4,-1,47,4,48,-1,48,4,6,-1,49,48,6,-1,6,8,49,-1,49,8,10,-1,49,10,50,-1,50,10,12,-1,50,12,51,-1,51,12,52,-1,52,12,53,-1,52,53,54,-1,53,16,54,-1,54,16,3,-1,54,3,55,-1,56,57,58,-1,58,57,59,-1,56,60,57,-1,57,60,61,-1,57,61,62,-1,63,46,45,-1,45,64,63,-1,63,64,65,-1,63,65,62,-1,62,65,66,-1,62,66,57,-1,67,57,68,-1,68,57,69,-1,68,69,70,-1,70,69,65,-1,57,67,71,-1,71,67,72,-1,71,72,73,-1,73,72,74,-1,73,74,75,-1,75,74,76,-1,75,76,77,-1,77,76,78,-1,77,78,79,-1,79,78,80,-1,79,80,81,-1,81,80,82,-1,83,46,84,-1,84,46,63,-1,84,63,85,-1,85,63,62,-1,86,87,88,-1,89,90,91,-1,90,92,88,-1,88,92,93,-1,88,93,86,-1,89,94,90,-1,90,94,95,-1,90,95,92,-1,91,96,89,-1,89,96,97,-1,89,97,98,-1,98,97,99,-1,100,101,102,-1,102,101,98,-1,102,98,103,-1,103,98,99,-1,103,99,104,-1,104,99,97,-1,
        ]
    }
}
Shape{
    appearance Appearance {
        material  Material 	{
            diffuseColor 0.0 0.2901960784313726 0.8745098039215686
            specularColor 0.0 0.1450980392156863 0.4392156862745098
            ambientIntensity 0.27
            transparency 0.0
            shininess 0.5
        }
    }
    geometry IndexedFaceSet {
        ccw TRUE
        solid FALSE
        coord DEF co Coordinate {
            point [
                -2.444 0.5381 1.5059, -2.4606 0.338 1.5059, -2.4564 0.5845 1.5059, -2.4606 0.6323 1.5059, -2.4237 -0.7555 1.5059, -2.444 -0.7991 1.5059, -2.4606 -0.599 1.5059, -2.4564 -0.8455 1.5059, -2.4606 -0.8933 1.5059, -2.349 0.3518 1.5059, -2.4604 0.3325 1.5059, -2.3687 0.3993 1.5059, -2.4237 0.4945 1.5059, -2.3423 0.3008 1.5059, -2.3423 -0.5618 1.5059, -2.4604 -0.5935 1.5059, -2.349 -0.6128 1.5059, -2.3687 -0.6602 1.5059, -2.4237 -0.7555 1.939, -2.3687 -0.6602 1.939, -2.349 -0.6128 1.939, -2.3423 -0.5618 1.939, -2.3423 0.3008 1.939, -2.349 0.3518 1.939, -2.3687 0.3993 1.939, -2.4237 0.4945 1.939, -2.444 -0.7991 1.939, -2.4606 -0.599 1.939, -2.4564 -0.8455 1.939, -2.4606 -0.8933 1.939, -2.444 0.5381 1.939, -2.4606 0.338 1.939, -2.4564 0.5845 1.939, -2.4606 0.6323 1.939, -2.4604 0.3325 1.939, -2.4604 -0.5935 1.939
            ]
        }
        coordIndex [
            0,1,2,-1,2,1,3,-1,4,5,6,-1,6,5,7,-1,6,7,8,-1,9,10,11,-1,11,10,1,-1,11,1,12,-1,12,1,0,-1,9,13,10,-1,10,13,14,-1,10,14,15,-1,15,14,16,-1,15,16,6,-1,6,16,17,-1,6,17,4,-1,4,17,18,-1,18,17,19,-1,19,17,16,-1,19,16,20,-1,20,16,14,-1,20,14,21,-1,14,13,21,-1,21,13,22,-1,22,13,9,-1,22,9,23,-1,23,9,11,-1,23,11,24,-1,25,24,12,-1,12,24,11,-1,26,27,28,-1,28,27,29,-1,25,30,31,-1,31,30,32,-1,31,32,33,-1,34,23,31,-1,31,23,24,-1,31,24,25,-1,26,18,27,-1,27,18,19,-1,27,19,35,-1,19,20,35,-1,35,20,21,-1,35,21,34,-1,34,21,22,-1,34,22,23,-1,4,18,5,-1,5,18,26,-1,5,26,7,-1,7,26,28,-1,7,28,8,-1,8,28,29,-1,
        ]
    }
}
Shape{
    appearance Appearance {
        material  Material 	{
            diffuseColor 0.8509803921568627 0.8509803921568627 0.8509803921568627
            specularColor 0.4235294117647059 0.4235294117647059 0.4235294117647059
            ambientIntensity 0.851
            transparency 0.0
            shininess 0.5
        }
    }
    geometry IndexedFaceSet {
        ccw TRUE
        solid FALSE
        coord DEF co Coordinate {
            point [
                -2.4604 0.3325 1.5059, -2.4604 -0.5935 1.5059, -2.4604 0.3325 1.939, -2.4604 -0.5935 1.939, -2.4606 0.338 1.5059, -2.4606 0.338 1.939, -2.4631 0.3529 1.5059, -2.4631 0.3529 1.939, -2.471 0.3718 1.5059, -2.471 0.3718 1.939, -2.526 0.4671 1.5059, -2.526 0.4671 1.939, -2.5787 0.664 1.939, -2.5787 0.664 1.5059, -2.5727 0.5956 1.5059, -2.5727 0.5956 1.939, -2.555 0.5293 1.5059, -2.555 0.5293 1.939, -2.5727 -0.8566 1.939, -2.5787 -0.925 1.939, -2.4606 -0.599 1.939, -2.526 -0.7281 1.939, -2.555 -0.7903 1.939, -2.4631 -0.6138 1.939, -2.471 -0.6328 1.939, -2.5787 -0.925 1.5059, -2.5727 -0.8566 1.5059, -2.555 -0.7903 1.5059, -2.526 -0.7281 1.5059, -2.471 -0.6328 1.5059
            ]
        }
        coordIndex [
            0,1,2,-1,2,1,3,-1,0,2,4,-1,4,2,5,-1,4,5,6,-1,6,5,7,-1,6,7,8,-1,8,7,9,-1,10,8,11,-1,11,8,9,-1,12,13,14,-1,12,14,15,-1,15,14,16,-1,15,16,17,-1,17,16,10,-1,17,10,11,-1,18,19,12,-1,20,15,17,-1,15,21,12,-1,12,21,22,-1,12,22,18,-1,20,23,15,-1,15,23,24,-1,15,24,21,-1,17,11,20,-1,20,11,9,-1,20,9,5,-1,5,9,7,-1,25,19,18,-1,25,18,26,-1,26,18,22,-1,26,22,27,-1,27,22,21,-1,27,21,28,-1,21,24,28,-1,28,24,29,-1,
        ]
    }
}
Shape{
    appearance Appearance {
        material  Material 	{
            diffuseColor 0.0 0.2901960784313726 0.8745098039215686
            specularColor 0.0 0.1450980392156863 0.4392156862745098
            ambientIntensity 0.27
            transparency 0.0
            shininess 0.5
        }
    }
    geometry IndexedFaceSet {
        ccw TRUE
        solid FALSE
        coord DEF co Coordinate {
            point [
                -2.4237 0.4945 1.939, -2.4237 0.4945 1.5059, -2.444 0.5381 1.939, -2.444 0.5381 1.5059, -2.4564 0.5845 1.939, -2.4564 0.5845 1.5059, -2.4606 0.6323 1.939, -2.4606 0.6323 1.5059
            ]
        }
        coordIndex [
            0,1,2,-1,2,1,3,-1,2,3,4,-1,4,3,5,-1,4,5,6,-1,6,5,7,-1,
        ]
    }
}
Shape{
    appearance Appearance {
        material  Material 	{
            diffuseColor 0.8509803921568627 0.8509803921568627 0.8509803921568627
            specularColor 0.4235294117647059 0.4235294117647059 0.4235294117647059
            ambientIntensity 0.851
            transparency 0.0
            shininess 0.5
        }
    }
    geometry IndexedFaceSet {
        ccw TRUE
        solid FALSE
        coord DEF co Coordinate {
            point [
                2.4606 -2.1187 1.0846, 2.5788 -2.1187 1.0846, 2.4606 -2.1187 1.124, 2.5788 -2.1187 1.124, 2.5788 -2.1208 1.0663, 2.4606 -2.1208 1.0663, 2.5788 -2.1272 1.049, 2.4606 -2.1272 1.049, 2.5788 -2.1374 1.0336, 2.4606 -2.1374 1.0336, 2.5788 -2.1509 1.0211, 2.4606 -2.1509 1.0211, 2.5788 -2.1669 1.012, 2.4606 -2.1669 1.012, 2.5788 -2.1846 1.0069, 2.4606 -2.1846 1.0069, 2.5788 -2.203 1.006, 2.4606 -2.203 1.006, 2.5788 -4.1406 1.1444, 2.4606 -4.1406 1.1444, 2.5788 -4.1887 1.154, 2.4606 -4.1887 1.154, 2.5788 -4.233 1.1752, 2.4606 -4.233 1.1752, 2.5788 -4.2706 1.2066, 2.4606 -4.2706 1.2066, 2.5788 -4.2993 1.2464, 2.4606 -4.2993 1.2464, 2.5788 -4.3173 1.2921, 2.4606 -4.3173 1.2921, 2.5788 -4.3234 1.3408, 2.4606 -4.3234 1.3408, 2.5788 -4.3234 1.6829, 2.4606 -4.3234 1.6829, 2.5788 -4.3173 1.7315, 2.4606 -4.3173 1.7315, 2.5788 -4.2993 1.7772, 2.4606 -4.2993 1.7772, 2.5788 -4.2706 1.817, 2.4606 -4.2706 1.817, 2.5788 -4.233 1.8485, 2.4606 -4.233 1.8485, 2.5788 -4.1887 1.8696, 2.4606 -4.1887 1.8696, 2.5788 -4.1406 1.8792, 2.4606 -4.1406 1.8792, 2.4606 -2.203 2.0176, 2.5788 -2.203 2.0176, 2.5788 -2.1846 2.0168, 2.4606 -2.1846 2.0168, 2.5788 -2.1669 2.0116, 2.4606 -2.1669 2.0116, 2.5788 -2.1509 2.0026, 2.4606 -2.1509 2.0026, 2.5788 -2.1374 1.99, 2.4606 -2.1374 1.99, 2.5788 -2.1272 1.9747, 2.4606 -2.1272 1.9747, 2.5788 -2.1208 1.9574, 2.4606 -2.1208 1.9574, 2.5788 -2.1187 1.9391, 2.4606 -2.1187 1.9391, 2.5788 -2.1187 1.8996, 2.4606 -2.1187 1.8996, 2.4606 -2.1804 1.8227, 2.5788 -2.1804 1.8227, 2.4606 -2.1641 1.8282, 2.5788 -2.1641 1.8282, 2.4606 -2.1489 1.8376, 2.5788 -2.1489 1.8376, 2.4606 -2.1362 1.8501, 2.5788 -2.1362 1.8501, 2.4606 -2.1266 1.8651, 2.5788 -2.1266 1.8651, 2.4606 -2.1207 1.8819, 2.5788 -2.1207 1.8819, 2.5787 -2.1877 1.8217, 2.4605 -2.1873 1.8214, 2.4604 -2.1879 1.8213, 2.4604 -2.1896 1.8211, 2.5784 -2.1951 1.8211, 2.4607 -2.189 1.8211, 2.4605 -2.1885 1.8212, 2.4606 -2.185 1.8217, 2.4606 -2.1804 1.2009, 2.4606 -2.185 1.2019, 2.4587 -2.2078 1.2042, 2.4587 -2.2078 1.8194, 2.4598 -2.1987 1.2034, 2.4598 -2.1987 1.8202, 2.4604 -2.1896 1.2026, 2.5784 -2.1951 1.2026, 2.5774 -2.2097 1.2034, 2.5757 -2.2242 1.2042, 2.3981 -3.488 1.2954, 2.283 -3.4583 1.2944
            ]
        }
        coordIndex [
            0,1,2,-1,2,1,3,-1,1,0,4,-1,4,0,5,-1,4,5,6,-1,6,5,7,-1,6,7,8,-1,8,7,9,-1,8,9,10,-1,10,9,11,-1,10,11,12,-1,12,11,13,-1,12,13,14,-1,14,13,15,-1,14,15,16,-1,16,15,17,-1,16,17,18,-1,18,17,19,-1,18,19,20,-1,20,19,21,-1,20,21,22,-1,22,21,23,-1,22,23,24,-1,24,23,25,-1,24,25,26,-1,26,25,27,-1,26,27,28,-1,28,27,29,-1,28,29,30,-1,30,29,31,-1,30,31,32,-1,32,31,33,-1,32,33,34,-1,34,33,35,-1,34,35,36,-1,36,35,37,-1,36,37,38,-1,38,37,39,-1,38,39,40,-1,40,39,41,-1,40,41,42,-1,42,41,43,-1,42,43,44,-1,44,43,45,-1,46,47,45,-1,45,47,44,-1,47,46,48,-1,48,46,49,-1,48,49,50,-1,50,49,51,-1,50,51,52,-1,52,51,53,-1,52,53,54,-1,54,53,55,-1,54,55,56,-1,56,55,57,-1,56,57,58,-1,58,57,59,-1,58,59,60,-1,60,59,61,-1,60,61,62,-1,62,61,63,-1,64,65,66,-1,66,65,67,-1,66,67,68,-1,68,67,69,-1,68,69,70,-1,70,69,71,-1,70,71,72,-1,72,71,73,-1,72,73,74,-1,74,73,75,-1,74,75,63,-1,63,75,62,-1,76,77,78,-1,79,80,81,-1,81,80,76,-1,81,76,82,-1,82,76,78,-1,77,76,83,-1,83,76,65,-1,83,65,64,-1,81,84,85,-1,86,87,88,-1,88,87,89,-1,85,90,81,-1,81,90,88,-1,81,88,79,-1,79,88,89,-1,82,78,81,-1,81,78,77,-1,81,77,84,-1,84,77,83,-1,84,83,64,-1,90,91,88,-1,88,91,92,-1,88,92,86,-1,86,92,93,-1,93,94,86,-1,86,94,95,-1,
        ]
    }
}
Shape{
    appearance Appearance {
        material  Material 	{
            diffuseColor 0.0 0.2901960784313726 0.8745098039215686
            specularColor 0.0 0.1450980392156863 0.4392156862745098
            ambientIntensity 0.27
            transparency 0.0
            shininess 0.5
        }
    }
    geometry IndexedFaceSet {
        ccw TRUE
        solid FALSE
        coord DEF co Coordinate {
            point [
                2.283 -3.4583 1.2944, 2.3981 -3.488 1.2954, 2.283 -3.4583 1.2932
            ]
        }
        coordIndex [
            0,1,2,-1,
        ]
    }
}
Shape{
    appearance Appearance {
        material  Material 	{
            diffuseColor 0.8509803921568627 0.8509803921568627 0.8509803921568627
            specularColor 0.4235294117647059 0.4235294117647059 0.4235294117647059
            ambientIntensity 0.851
            transparency 0.0
            shininess 0.5
        }
    }
    geometry IndexedFaceSet {
        ccw TRUE
        solid FALSE
        coord DEF co Coordinate {
            point [
                2.283 -3.4583 1.2932, 2.3981 -3.488 1.2954, 2.2661 -3.5784 1.3019, 2.383 -3.5949 1.3031, 2.2637 -3.6113 1.3042, 2.3819 -3.6113 1.3042, 2.265 -3.6228 1.3051, 2.3825 -3.6171 1.3047, 2.2694 -3.6624 1.3078, 2.3845 -3.6359 1.306, 2.2732 -3.6735 1.3087, 2.3867 -3.6424 1.3065, 2.2859 -3.7111 1.3114, 2.394 -3.6634 1.308, 2.288 -3.7155 1.3118, 2.5376 -3.9556 1.3291, 2.4316 -4.0077 1.3328, 2.5863 -4.0548 1.447, 2.4803 -4.1069 1.4508, 2.4803 -4.1068 1.4457, 2.5853 -4.0527 1.4281, 2.4793 -4.1048 1.4319, 2.5848 -4.0516 1.4183, 2.4784 -4.1029 1.4185, 2.5819 -4.0458 1.4015, 2.4759 -4.0979 1.4053, 2.5801 -4.0421 1.391, 2.4734 -4.0927 1.3918, 2.5759 -4.0335 1.3775, 2.4699 -4.0856 1.3812, 2.5725 -4.0267 1.3668, 2.4659 -4.0776 1.3692, 2.5675 -4.0165 1.3572, 2.4615 -4.0686 1.361, 2.5631 -4.0074 1.3486, 2.4558 -4.057 1.3505, 2.5573 -3.9957 1.3421, 2.4513 -4.0479 1.3458, 2.5516 -3.9842 1.3356, 2.4441 -4.0332 1.3382, 2.5458 -3.9724 1.3326, 2.4398 -4.0245 1.3364, 2.5398 -3.9601 1.3295, 2.394 -3.6634 1.7156, 2.5376 -3.9556 1.6945, 2.5545 -3.9901 1.6855, 2.5571 -3.9955 1.6821, 2.5647 -4.011 1.6724, 2.5674 -4.0165 1.6666, 2.5423 -3.9653 1.6933, 2.5455 -3.9716 1.6913, 2.5759 -4.0337 1.6462, 2.581 -4.044 1.6286, 2.5821 -4.0462 1.6218, 2.5739 -4.0298 1.6529, 2.5848 -4.0516 1.6052, 2.5853 -4.0528 1.5947, 2.5863 -4.0548 1.5766, 2.4803 -4.1069 1.5729, 2.4316 -4.0077 1.6908, 2.4338 -4.0122 1.6904, 2.4395 -4.0237 1.6875, 2.4456 -4.0363 1.6843, 2.4511 -4.0474 1.678, 2.4571 -4.0595 1.6713, 2.4615 -4.0685 1.6628, 2.4665 -4.0788 1.653, 2.4699 -4.0856 1.6423, 2.4741 -4.0942 1.6289, 2.476 -4.098 1.6179, 2.4788 -4.1037 1.6016, 2.4793 -4.1049 1.5909, 2.288 -3.7155 1.7119, 2.2637 -3.6113 1.7194, 2.2661 -3.5784 1.7217, 2.2858 -3.7109 1.7122, 2.2731 -3.6736 1.7149, 2.2693 -3.6625 1.7157, 2.265 -3.6228 1.7185, 2.3855 -3.6403 1.7173, 2.3863 -3.6425 1.7172, 2.3981 -3.488 1.7283, 2.283 -3.4583 1.7304, 2.383 -3.5949 1.7206, 2.3819 -3.6113 1.7194, 2.3826 -3.6171 1.719, 2.283 -3.4583 1.7292, 2.283 -3.4583 1.2944, 2.4587 -2.2078 1.2042, 2.4587 -2.2078 1.8194, 2.5757 -2.2242 1.8194
            ]
        }
        coordIndex [
            0,1,2,-1,2,1,3,-1,2,3,4,-1,4,3,5,-1,4,5,6,-1,6,5,7,-1,6,7,8,-1,8,7,9,-1,8,9,10,-1,10,9,11,-1,10,11,12,-1,12,11,13,-1,12,13,14,-1,14,13,15,-1,14,15,16,-1,17,18,19,-1,17,19,20,-1,20,19,21,-1,20,21,22,-1,22,21,23,-1,22,23,24,-1,24,23,25,-1,24,25,26,-1,26,25,27,-1,26,27,28,-1,28,27,29,-1,28,29,30,-1,30,29,31,-1,30,31,32,-1,32,31,33,-1,32,33,34,-1,34,33,35,-1,34,35,36,-1,36,35,37,-1,36,37,38,-1,38,37,39,-1,38,39,40,-1,40,39,41,-1,40,41,42,-1,42,41,16,-1,42,16,15,-1,13,43,44,-1,45,46,13,-1,13,46,47,-1,13,47,48,-1,44,49,13,-1,13,49,50,-1,13,50,45,-1,24,26,28,-1,51,52,32,-1,32,52,53,-1,32,53,30,-1,34,48,32,-1,32,48,54,-1,32,54,51,-1,34,36,48,-1,48,36,38,-1,48,38,40,-1,40,42,48,-1,48,42,15,-1,48,15,13,-1,53,55,56,-1,30,53,28,-1,28,53,56,-1,28,56,57,-1,22,24,20,-1,20,24,28,-1,20,28,17,-1,17,28,57,-1,58,57,56,-1,44,59,49,-1,49,59,60,-1,49,60,50,-1,50,60,61,-1,50,61,45,-1,45,61,62,-1,45,62,46,-1,46,62,63,-1,46,63,47,-1,47,63,64,-1,47,64,48,-1,48,64,65,-1,48,65,54,-1,54,65,66,-1,54,66,51,-1,51,66,67,-1,51,67,52,-1,52,67,68,-1,52,68,53,-1,53,68,69,-1,53,69,55,-1,55,69,70,-1,55,70,56,-1,56,70,71,-1,56,71,58,-1,41,72,16,-1,16,72,14,-1,41,39,72,-1,72,39,37,-1,72,37,35,-1,35,33,72,-1,72,33,31,-1,72,31,29,-1,29,27,72,-1,72,27,25,-1,72,25,23,-1,23,21,72,-1,72,21,19,-1,72,19,18,-1,60,59,71,-1,71,59,72,-1,71,72,58,-1,58,72,18,-1,69,68,67,-1,63,71,64,-1,64,71,65,-1,63,62,71,-1,71,62,61,-1,71,61,60,-1,66,65,67,-1,67,65,71,-1,67,71,69,-1,69,71,70,-1,17,57,18,-1,18,57,58,-1,6,73,4,-1,4,73,74,-1,4,74,2,-1,14,72,12,-1,12,72,75,-1,12,75,10,-1,10,75,76,-1,10,76,8,-1,8,76,77,-1,8,77,6,-1,6,77,78,-1,6,78,73,-1,79,76,80,-1,80,76,75,-1,80,75,43,-1,43,75,72,-1,43,72,44,-1,44,72,59,-1,81,82,83,-1,83,82,74,-1,83,74,84,-1,84,74,73,-1,84,73,85,-1,85,73,78,-1,85,78,79,-1,79,78,77,-1,79,77,76,-1,2,74,86,-1,86,74,82,-1,0,2,87,-1,87,2,86,-1,87,86,88,-1,88,86,89,-1,89,86,90,-1,90,86,81,-1,
        ]
    }
}
Shape{
    appearance Appearance {
        material  Material 	{
            diffuseColor 0.0 0.2901960784313726 0.8745098039215686
            specularColor 0.0 0.1450980392156863 0.4392156862745098
            ambientIntensity 0.27
            transparency 0.0
            shininess 0.5
        }
    }
    geometry IndexedFaceSet {
        ccw TRUE
        solid FALSE
        coord DEF co Coordinate {
            point [
                2.283 -3.4583 1.7292, 2.283 -3.4583 1.7304, 2.3981 -3.488 1.7283
            ]
        }
        coordIndex [
            0,1,2,-1,
        ]
    }
}
Shape{
    appearance Appearance {
        material  Material 	{
            diffuseColor 0.8509803921568627 0.8509803921568627 0.8509803921568627
            specularColor 0.4235294117647059 0.4235294117647059 0.4235294117647059
            ambientIntensity 0.851
            transparency 0.0
            shininess 0.5
        }
    }
    geometry IndexedFaceSet {
        ccw TRUE
        solid FALSE
        coord DEF co Coordinate {
            point [
                2.4587 -2.2078 1.8194, 2.5757 -2.2242 1.8194, 2.4598 -2.1987 1.8202, 2.5774 -2.2097 1.8202, 2.4604 -2.1896 1.8211, 2.5784 -2.1951 1.8211, 2.5787 -2.1877 1.2019, 2.5788 -2.1804 1.2009, 2.5788 -2.1804 1.8227, 2.5774 -2.2097 1.8202, 2.5757 -2.2242 1.2042, 2.5787 -2.1877 1.8217, 2.5784 -2.1951 1.2026, 2.5774 -2.2097 1.2034, 2.4606 -2.1804 1.2009, 2.4606 -2.185 1.2019, 2.5787 -2.1877 1.2019, 2.4604 -2.1896 1.2026, 2.4606 -2.1187 1.124, 2.5788 -2.1187 1.124, 2.4606 -2.1207 1.1417, 2.5788 -2.1207 1.1417, 2.4606 -2.1266 1.1585, 2.5788 -2.1266 1.1585, 2.4606 -2.1362 1.1736, 2.5788 -2.1362 1.1736, 2.4606 -2.1489 1.1861, 2.5788 -2.1489 1.1861, 2.4606 -2.1641 1.1954, 2.5788 -2.1641 1.1954, 2.3981 -3.488 1.2954, 2.3981 -3.488 1.7283, 2.383 -3.5949 1.3031, 2.383 -3.5949 1.7206, 2.394 -3.6634 1.7156, 2.394 -3.6634 1.308, 2.3867 -3.6424 1.3065, 2.3819 -3.6113 1.3042, 2.3819 -3.6113 1.7194, 2.3825 -3.6171 1.3047, 2.3826 -3.6171 1.719, 2.3845 -3.6359 1.306, 2.3855 -3.6403 1.7173, 2.3863 -3.6425 1.7172, 2.5859 0.7149 0.5669, 2.5859 0.7149 0.2598, 2.5805 0.7348 0.5669, 2.5805 0.7348 0.2598, 2.5788 0.7553 0.5669, 2.5788 0.7553 0.2598, 2.6838 0.4459 0.5669, 2.6838 0.4459 0.2598, 2.5728 0.4055 0.5669, 2.5728 0.4055 0.2598
            ]
        }
        coordIndex [
            0,1,2,-1,2,1,3,-1,2,3,4,-1,4,3,5,-1,6,7,8,-1,9,1,10,-1,8,11,6,-1,6,11,5,-1,6,5,12,-1,12,5,9,-1,12,9,13,-1,13,9,10,-1,14,7,15,-1,15,7,16,-1,15,16,17,-1,17,16,12,-1,18,19,20,-1,20,19,21,-1,20,21,22,-1,22,21,23,-1,22,23,24,-1,24,23,25,-1,24,25,26,-1,26,25,27,-1,26,27,28,-1,28,27,29,-1,28,29,14,-1,14,29,7,-1,10,1,30,-1,30,1,31,-1,30,31,32,-1,32,31,33,-1,34,35,36,-1,32,33,37,-1,37,33,38,-1,37,38,39,-1,39,38,40,-1,39,40,41,-1,41,40,42,-1,41,42,36,-1,36,42,43,-1,36,43,34,-1,44,45,46,-1,46,45,47,-1,46,47,48,-1,48,47,49,-1,44,50,45,-1,45,50,51,-1,50,52,51,-1,51,52,53,-1,
        ]
    }
}
Shape{
    appearance Appearance {
        material  Material 	{
            diffuseColor 0.0 0.2901960784313726 0.8745098039215686
            specularColor 0.0 0.1450980392156863 0.4392156862745098
            ambientIntensity 0.27
            transparency 0.0
            shininess 0.5
        }
    }
    geometry IndexedFaceSet {
        ccw TRUE
        solid FALSE
        coord DEF co Coordinate {
            point [
                2.4749 0.6745 0.2598, 2.5728 0.4055 0.2598, 2.4749 0.6745 0.5669, 2.5728 0.4055 0.5669
            ]
        }
        coordIndex [
            0,1,2,-1,2,1,3,-1,
        ]
    }
}
Shape{
    appearance Appearance {
        material  Material 	{
            diffuseColor 0.8509803921568627 0.8509803921568627 0.8509803921568627
            specularColor 0.4235294117647059 0.4235294117647059 0.4235294117647059
            ambientIntensity 0.851
            transparency 0.0
            shininess 0.5
        }
    }
    geometry IndexedFaceSet {
        ccw TRUE
        solid FALSE
        coord DEF co Coordinate {
            point [
                2.6838 0.4459 0.2598, 2.5728 0.4055 0.2598, 2.5859 0.7149 0.2598, 2.4749 0.6745 0.2598, 2.5805 0.7348 0.2598, 2.4642 0.7143 0.2598, 2.5788 0.7553 0.2598, 2.4606 0.7553 0.2598
            ]
        }
        coordIndex [
            0,1,2,-1,2,1,3,-1,2,3,4,-1,4,3,5,-1,4,5,6,-1,6,5,7,-1,
        ]
    }
}
Shape{
    appearance Appearance {
        material  Material 	{
            diffuseColor 0.0 0.2901960784313726 0.8745098039215686
            specularColor 0.0 0.1450980392156863 0.4392156862745098
            ambientIntensity 0.27
            transparency 0.0
            shininess 0.5
        }
    }
    geometry IndexedFaceSet {
        ccw TRUE
        solid FALSE
        coord DEF co Coordinate {
            point [
                2.4606 0.7553 0.5669, 2.4606 0.7553 0.2598, 2.4642 0.7143 0.2598, 2.4642 0.7143 0.5669, 2.4749 0.6745 0.2598, 2.4749 0.6745 0.5669
            ]
        }
        coordIndex [
            0,1,2,-1,0,2,3,-1,3,2,4,-1,3,4,5,-1,
        ]
    }
}
Shape{
    appearance Appearance {
        material  Material 	{
            diffuseColor 0.8509803921568627 0.8509803921568627 0.8509803921568627
            specularColor 0.4235294117647059 0.4235294117647059 0.4235294117647059
            ambientIntensity 0.851
            transparency 0.0
            shininess 0.5
        }
    }
    geometry IndexedFaceSet {
        ccw TRUE
        solid FALSE
        coord DEF co Coordinate {
            point [
                2.5788 0.7553 0.5669, 2.4606 0.7553 0.5669, 2.5805 0.7348 0.5669, 2.4642 0.7143 0.5669, 2.5859 0.7149 0.5669, 2.4749 0.6745 0.5669, 2.6838 0.4459 0.5669, 2.5728 0.4055 0.5669
            ]
        }
        coordIndex [
            0,1,2,-1,2,1,3,-1,2,3,4,-1,4,3,5,-1,4,5,6,-1,6,5,7,-1,
        ]
    }
}
Shape{
    appearance Appearance {
        material  Material 	{
            diffuseColor 0.0 0.2901960784313726 0.8745098039215686
            specularColor 0.0 0.1450980392156863 0.4392156862745098
            ambientIntensity 0.27
            transparency 0.0
            shininess 0.5
        }
    }
    geometry IndexedFaceSet {
        ccw TRUE
        solid FALSE
        coord DEF co Coordinate {
            point [
                2.5788 0.7553 0.5669, 2.5788 0.7553 0.5709, 2.4606 0.7553 0.5669, 2.4606 0.7553 0.5709, 2.5788 0.401 0.5709, 2.4606 0.401 0.5709, 2.5788 0.401 0.2559, 2.4606 0.401 0.2559, 2.5788 0.7553 0.2559, 2.4606 0.7553 0.2559, 2.5788 0.7553 0.2598, 2.4606 0.7553 0.2598
            ]
        }
        coordIndex [
            0,1,2,-1,2,1,3,-1,4,5,1,-1,1,5,3,-1,6,7,4,-1,4,7,5,-1,8,9,6,-1,6,9,7,-1,10,11,8,-1,8,11,9,-1,
        ]
    }
}
Shape{
    appearance Appearance {
        material  Material 	{
            diffuseColor 0.8509803921568627 0.8509803921568627 0.8509803921568627
            specularColor 0.4235294117647059 0.4235294117647059 0.4235294117647059
            ambientIntensity 0.851
            transparency 0.0
            shininess 0.5
        }
    }
    geometry IndexedFaceSet {
        ccw TRUE
        solid FALSE
        coord DEF co Coordinate {
            point [
                2.5653 -0.8231 1.5059, 2.5788 -0.925 1.5059, 2.5653 0.5621 1.5059, 2.5788 0.664 1.5059, 2.471 -0.6328 1.5059, 2.526 -0.7281 1.5059, 2.471 0.3718 1.5059, 2.526 0.4671 1.5059, 2.4652 0.3594 1.5059, 2.4616 0.3461 1.5059, 2.4606 0.338 1.5059, 2.4606 -0.599 1.5059, 2.4616 -0.6071 1.5059, 2.4652 -0.6204 1.5059, 2.4604 0.3325 1.939, 2.4604 0.3325 1.5059, 2.4606 0.338 1.939, 2.4616 0.3461 1.939, 2.4652 0.3594 1.939, 2.471 0.3718 1.939
            ]
        }
        coordIndex [
            0,1,2,-1,2,1,3,-1,4,5,6,-1,0,2,5,-1,5,2,7,-1,5,7,6,-1,6,8,9,-1,9,10,6,-1,6,10,11,-1,6,11,4,-1,4,11,12,-1,4,12,13,-1,14,15,16,-1,16,15,10,-1,16,10,17,-1,17,10,9,-1,17,9,18,-1,18,9,8,-1,18,8,19,-1,19,8,6,-1,
        ]
    }
}
Shape{
    appearance Appearance {
        material  Material 	{
            diffuseColor 0.0 0.2901960784313726 0.8745098039215686
            specularColor 0.0 0.1450980392156863 0.4392156862745098
            ambientIntensity 0.27
            transparency 0.0
            shininess 0.5
        }
    }
    geometry IndexedFaceSet {
        ccw TRUE
        solid FALSE
        coord DEF co Coordinate {
            point [
                2.4606 -0.599 1.5059, 2.4606 -0.8933 1.5059, 2.4512 -0.822 1.5059, 2.3687 0.3993 1.5059, 2.4237 0.4945 1.5059, 2.4606 0.338 1.5059, 2.4512 0.561 1.5059, 2.4606 0.6323 1.5059, 2.4237 -0.7555 1.5059, 2.3687 -0.6602 1.5059, 2.4604 -0.5935 1.5059, 2.3542 -0.6291 1.5059, 2.3542 0.3682 1.5059, 2.4604 0.3325 1.5059, 2.3453 0.335 1.5059, 2.3453 -0.596 1.5059, 2.3423 -0.5618 1.5059, 2.3423 0.3008 1.5059, 2.3423 -0.5618 1.939, 2.3423 0.3008 1.939, 2.4512 -0.822 1.939, 2.4606 -0.8933 1.939, 2.4606 -0.599 1.939, 2.4237 -0.7555 1.939, 2.4606 0.338 1.939, 2.4606 0.6323 1.939, 2.4512 0.561 1.939, 2.3453 0.335 1.939, 2.4604 0.3325 1.939, 2.4604 -0.5935 1.939, 2.4237 0.4945 1.939, 2.3687 0.3993 1.939, 2.3542 0.3682 1.939, 2.3453 -0.596 1.939, 2.3542 -0.6291 1.939, 2.3687 -0.6602 1.939
            ]
        }
        coordIndex [
            0,1,2,-1,3,4,5,-1,5,4,6,-1,5,6,7,-1,2,8,0,-1,0,8,9,-1,0,9,10,-1,10,9,11,-1,3,5,12,-1,12,5,13,-1,12,13,14,-1,11,15,10,-1,10,15,16,-1,10,16,13,-1,13,16,17,-1,13,17,14,-1,16,18,17,-1,17,18,19,-1,20,21,22,-1,20,22,23,-1,24,25,26,-1,27,19,28,-1,28,19,18,-1,28,18,29,-1,26,30,24,-1,24,30,31,-1,24,31,28,-1,28,31,32,-1,28,32,27,-1,18,33,29,-1,29,33,34,-1,29,34,22,-1,22,34,35,-1,22,35,23,-1,31,3,12,-1,31,12,32,-1,32,12,14,-1,32,14,27,-1,27,14,17,-1,27,17,19,-1,30,4,31,-1,31,4,3,-1,4,30,6,-1,6,30,26,-1,6,26,7,-1,7,26,25,-1,
        ]
    }
}
Shape{
    appearance Appearance {
        material  Material 	{
            diffuseColor 0.8509803921568627 0.8509803921568627 0.8509803921568627
            specularColor 0.4235294117647059 0.4235294117647059 0.4235294117647059
            ambientIntensity 0.851
            transparency 0.0
            shininess 0.5
        }
    }
    geometry IndexedFaceSet {
        ccw TRUE
        solid FALSE
        coord DEF co Coordinate {
            point [
                2.4604 0.3325 1.5059, 2.4604 0.3325 1.939, 2.4604 -0.5935 1.5059, 2.4604 -0.5935 1.939, 2.4606 -0.599 1.5059, 2.4606 -0.599 1.939, 2.4616 -0.6071 1.5059, 2.4616 -0.6071 1.939, 2.4652 -0.6204 1.5059, 2.4652 -0.6204 1.939, 2.471 -0.6328 1.5059, 2.471 -0.6328 1.939, 2.526 -0.7281 1.939, 2.526 -0.7281 1.5059, 2.5788 -0.925 1.939, 2.5788 -0.925 1.5059, 2.5653 -0.8231 1.5059, 2.5653 -0.8231 1.939, 2.5653 0.5621 1.939, 2.5788 0.664 1.939, 2.4616 0.3461 1.939, 2.4652 0.3594 1.939, 2.471 0.3718 1.939, 2.4606 0.338 1.939, 2.526 0.4671 1.939, 2.526 0.4671 1.5059, 2.471 0.3718 1.5059, 2.5788 0.664 1.5059, 2.5653 0.5621 1.5059
            ]
        }
        coordIndex [
            0,1,2,-1,2,1,3,-1,2,3,4,-1,4,3,5,-1,4,5,6,-1,6,5,7,-1,6,7,8,-1,8,7,9,-1,8,9,10,-1,10,9,11,-1,12,13,11,-1,11,13,10,-1,14,15,16,-1,14,16,17,-1,17,16,13,-1,17,13,12,-1,18,19,14,-1,20,21,22,-1,9,7,11,-1,11,7,5,-1,11,5,23,-1,14,17,18,-1,18,17,12,-1,18,12,24,-1,24,12,11,-1,24,11,22,-1,22,11,23,-1,22,23,20,-1,25,24,26,-1,26,24,22,-1,27,19,18,-1,27,18,28,-1,28,18,24,-1,28,24,25,-1,
        ]
    }
}
Shape{
    appearance Appearance {
        material  Material 	{
            diffuseColor 0.0 0.2901960784313726 0.8745098039215686
            specularColor 0.0 0.1450980392156863 0.4392156862745098
            ambientIntensity 0.27
            transparency 0.0
            shininess 0.5
        }
    }
    geometry IndexedFaceSet {
        ccw TRUE
        solid FALSE
        coord DEF co Coordinate {
            point [
                2.4237 -0.7555 1.939, 2.4237 -0.7555 1.5059, 2.4512 -0.822 1.939, 2.4512 -0.822 1.5059, 2.4606 -0.8933 1.939, 2.4606 -0.8933 1.5059, 2.3687 -0.6602 1.5059, 2.3687 -0.6602 1.939, 2.3423 -0.5618 1.939, 2.3423 -0.5618 1.5059, 2.3453 -0.596 1.5059, 2.3453 -0.596 1.939, 2.3542 -0.6291 1.5059, 2.3542 -0.6291 1.939
            ]
        }
        coordIndex [
            0,1,2,-1,2,1,3,-1,2,3,4,-1,4,3,5,-1,1,0,6,-1,6,0,7,-1,8,9,10,-1,8,10,11,-1,11,10,12,-1,11,12,13,-1,13,12,6,-1,13,6,7,-1,
        ]
    }
}
Shape{
    appearance Appearance {
        material  Material 	{
            diffuseColor 0.8509803921568627 0.8509803921568627 0.8509803921568627
            specularColor 0.4235294117647059 0.4235294117647059 0.4235294117647059
            ambientIntensity 0.851
            transparency 0.0
            shininess 0.5
        }
    }
    geometry IndexedFaceSet {
        ccw TRUE
        solid FALSE
        coord DEF co Coordinate {
            point [
                2.5788 -0.8588 1.1417, 2.4606 -0.8588 1.1417, 2.5788 -0.5045 1.1417, 2.4606 -0.5045 1.1417, 2.5788 -0.8588 0.748, 2.4606 -0.8588 0.748, 2.5788 -0.5045 0.748, 2.4606 -0.5045 0.748
            ]
        }
        coordIndex [
            0,1,2,-1,2,1,3,-1,4,5,0,-1,0,5,1,-1,6,7,4,-1,4,7,5,-1,
        ]
    }
}
Shape{
    appearance Appearance {
        material  Material 	{
            diffuseColor 0.0 0.2901960784313726 0.8745098039215686
            specularColor 0.0 0.1450980392156863 0.4392156862745098
            ambientIntensity 0.27
            transparency 0.0
            shininess 0.5
        }
    }
    geometry IndexedFaceSet {
        ccw TRUE
        solid FALSE
        coord DEF co Coordinate {
            point [
                2.4606 -0.5045 0.752, 2.4606 -0.5045 0.748, 2.5788 -0.5045 0.752, 2.5788 -0.5045 0.748, 2.4588 -0.525 0.752, 2.5752 -0.5455 0.752, 2.4535 -0.5449 0.752, 2.5645 -0.5853 0.752, 2.3596 -0.8028 0.752, 2.4706 -0.8432 0.752
            ]
        }
        coordIndex [
            0,1,2,-1,2,1,3,-1,0,2,4,-1,4,2,5,-1,4,5,6,-1,6,5,7,-1,6,7,8,-1,8,7,9,-1,
        ]
    }
}
Shape{
    appearance Appearance {
        material  Material 	{
            diffuseColor 0.8509803921568627 0.8509803921568627 0.8509803921568627
            specularColor 0.4235294117647059 0.4235294117647059 0.4235294117647059
            ambientIntensity 0.851
            transparency 0.0
            shininess 0.5
        }
    }
    geometry IndexedFaceSet {
        ccw TRUE
        solid FALSE
        coord DEF co Coordinate {
            point [
                2.5788 -0.5045 0.752, 2.5788 -0.5045 1.1378, 2.5752 -0.5455 1.1378, 2.5752 -0.5455 0.752, 2.5645 -0.5853 1.1378, 2.5645 -0.5853 0.752, 2.4706 -0.8432 1.1378, 2.4706 -0.8432 0.752
            ]
        }
        coordIndex [
            0,1,2,-1,0,2,3,-1,3,2,4,-1,3,4,5,-1,4,6,5,-1,5,6,7,-1,
        ]
    }
}
Shape{
    appearance Appearance {
        material  Material 	{
            diffuseColor 0.0 0.2901960784313726 0.8745098039215686
            specularColor 0.0 0.1450980392156863 0.4392156862745098
            ambientIntensity 0.27
            transparency 0.0
            shininess 0.5
        }
    }
    geometry IndexedFaceSet {
        ccw TRUE
        solid FALSE
        coord DEF co Coordinate {
            point [
                2.3596 -0.8028 0.752, 2.4706 -0.8432 0.752, 2.3596 -0.8028 1.1378, 2.4706 -0.8432 1.1378, 2.4535 -0.5449 0.752, 2.4535 -0.5449 1.1378, 2.4588 -0.525 0.752, 2.4588 -0.525 1.1378, 2.4606 -0.5045 0.752, 2.4606 -0.5045 1.1378, 2.5645 -0.5853 1.1378, 2.5752 -0.5455 1.1378, 2.5788 -0.5045 1.1378, 2.4606 -0.5045 1.1417, 2.5788 -0.5045 1.1417
            ]
        }
        coordIndex [
            0,1,2,-1,2,1,3,-1,4,0,5,-1,5,0,2,-1,4,5,6,-1,6,5,7,-1,6,7,8,-1,8,7,9,-1,2,3,5,-1,5,3,10,-1,5,10,7,-1,7,10,11,-1,7,11,9,-1,9,11,12,-1,9,12,13,-1,13,12,14,-1,
        ]
    }
}
Shape{
    appearance Appearance {
        material  Material 	{
            diffuseColor 0.8509803921568627 0.8509803921568627 0.8509803921568627
            specularColor 0.4235294117647059 0.4235294117647059 0.4235294117647059
            ambientIntensity 0.851
            transparency 0.0
            shininess 0.5
        }
    }
    geometry IndexedFaceSet {
        ccw TRUE
        solid FALSE
        coord DEF co Coordinate {
            point [
                2.1654 -5.1187 0.5039, 2.1654 -5.1187 0.3858, 2.168 -5.0983 0.5039, 2.168 -5.0983 0.3858, 2.1759 -5.0793 0.5039, 2.1759 -5.0793 0.3858, 2.1884 -5.063 0.5039, 2.1884 -5.063 0.3858, 2.2047 -5.0505 0.5039, 2.2047 -5.0505 0.3858, 2.2237 -5.0426 0.5039, 2.2237 -5.0426 0.3858, 2.2441 -5.0399 0.5039, 2.2441 -5.0399 0.3858, 2.1654 -5.145 0.3829, 2.1654 -5.1712 0.498, 2.1654 -5.1699 0.3741, 2.1654 -5.2212 0.4805, 2.1654 -5.1923 0.3601, 2.1654 -5.266 0.4524, 2.1654 -5.211 0.3414, 2.1654 -5.3034 0.415, 2.1654 -5.2251 0.319, 2.1654 -5.3315 0.3702, 2.1654 -5.2338 0.294, 2.1654 -5.349 0.3203, 2.1654 -5.2368 0.2677, 2.1654 -5.3549 0.2677, 2.1654 -5.2368 0.1929, 2.1654 -5.3549 0.1929, 2.162 -5.3549 0.1674, 2.162 -5.2368 0.1674, 2.1522 -5.3549 0.1437, 2.1522 -5.2368 0.1437, 2.1365 -5.3549 0.1233, 2.1365 -5.2368 0.1233, 2.1162 -5.3549 0.1077, 2.1162 -5.2368 0.1077, 2.0924 -5.3549 0.0978, 2.0924 -5.2368 0.0978, 2.0669 -5.3549 0.0945, 2.0669 -5.2368 0.0945, 0.0039 -5.3549 0.2677, 0.0039 -5.3549 0.0945, 0.0039 -5.2368 0.0945, 0.0039 -5.2368 0.2677, 0.0039 -5.2338 0.294, 0.0039 -5.2251 0.319, 0.0039 -5.211 0.3414, 0.0039 -5.1923 0.3601, 0.0039 -5.1699 0.3741, 0.0039 -5.145 0.3829, 0.0039 -5.1187 0.3858, 0.0039 -5.349 0.3203, 0.0039 -5.3315 0.3702, 0.0039 -5.3034 0.415, 0.0039 -5.266 0.4524, 0.0039 -5.2212 0.4805, 0.0039 -5.1712 0.498, 0.0039 -5.1187 0.5039, 0.0039 -4.7679 0.3858, 0.0039 -4.7679 0.5039, 0.0658 -4.6909 0.5039, 0.0827 -4.6891 0.5039, 0.0827 -4.6891 0.3858, 0.0658 -4.6909 0.3858, 0.049 -4.6967 0.3858, 0.049 -4.6967 0.5039, 0.034 -4.706 0.3858, 0.034 -4.706 0.5039, 0.0213 -4.7185 0.3858, 0.0213 -4.7185 0.5039, 0.0118 -4.7335 0.3858, 0.0118 -4.7335 0.5039, 0.0059 -4.7502 0.3858, 0.0059 -4.7502 0.5039, 0.0965 -4.6904 0.3858, 0.0965 -4.6904 0.5039, 0.1098 -4.6939 0.3858, 0.1096 -4.6939 0.5039, 0.2132 -4.732 0.3858, 0.213 -4.732 0.5039, 0.2306 -4.7362 0.3858, 0.2306 -4.7362 0.5039, 0.2402 -4.7368 0.3858, 0.2401 -4.7368 0.5039, 0.2496 -4.7362 0.3858, 0.2496 -4.7362 0.5039, 0.2681 -4.7317 0.3858, 0.2681 -4.7317 0.5039, 0.2849 -4.7229 0.3858, 0.2849 -4.7229 0.5039, 0.2991 -4.7103 0.3858, 0.2991 -4.7103 0.5039, 0.3099 -4.6947 0.3858, 0.3099 -4.6947 0.5039, 0.3166 -4.6769 0.3858, 0.3166 -4.6769 0.5039, 0.3189 -4.658 0.3858, 0.3189 -4.658 0.5039, 0.3189 -4.1069 0.3858, 0.3189 -4.1069 0.5039, 0.2402 -4.0281 0.5039, 0.2401 -4.0281 0.3858, 0.257 -4.03 0.5039, 0.257 -4.03 0.3858, 0.2738 -4.0357 0.5039, 0.2738 -4.0357 0.3858, 0.2889 -4.045 0.5039, 0.2889 -4.045 0.3858, 0.3015 -4.0575 0.5039, 0.3015 -4.0575 0.3858, 0.311 -4.0725 0.5039, 0.311 -4.0725 0.3858, 0.3169 -4.0892 0.5039, 0.3169 -4.0892 0.3858, 0.2264 -4.0293 0.3858, 0.2264 -4.0293 0.5039, 0.213 -4.0329 0.3858, 0.2132 -4.0329 0.5039, -0.0282 -4.1218 0.3858, -0.028 -4.1217 0.5039, -0.0646 -4.126 0.3858, -0.083 -4.1214 0.5039, -0.083 -4.1214 0.3858, -0.0998 -4.1126 0.5039, -0.0998 -4.1126 0.3858, -0.114 -4.1 0.5039, -0.114 -4.1 0.3858, -0.1248 -4.0844 0.5039, -0.1248 -4.0844 0.3858, -0.1316 -4.0667 0.5039, -0.1316 -4.0667 0.3858, -0.1338 -4.0478 0.5039, -0.1338 -4.0478 0.3858, -0.0456 -4.126 0.3858, -0.0456 -4.126 0.5039, -0.0551 -4.1266 0.3858, -0.0551 -4.1266 0.5039, -0.0646 -4.126 0.5039, -0.1338 -3.2998 0.3858, -0.1338 -3.2998 0.5039, -0.072 -3.2229 0.5039, -0.0551 -3.221 0.5039, -0.0551 -3.221 0.3858, -0.072 -3.2229 0.3858, -0.0888 -3.2286 0.3858, -0.0888 -3.2286 0.5039, -0.1038 -3.2379 0.3858, -0.1038 -3.2379 0.5039, -0.1165 -3.2504 0.3858, -0.1165 -3.2504 0.5039, -0.126 -3.2654 0.3858, -0.126 -3.2654 0.5039, -0.1318 -3.2821 0.3858, -0.1318 -3.2821 0.5039
            ]
        }
        coordIndex [
            0,1,2,-1,2,1,3,-1,2,3,4,-1,4,3,5,-1,4,5,6,-1,6,5,7,-1,6,7,8,-1,8,7,9,-1,8,9,10,-1,10,9,11,-1,10,11,12,-1,12,11,13,-1,1,0,14,-1,14,0,15,-1,14,15,16,-1,16,15,17,-1,16,17,18,-1,18,17,19,-1,18,19,20,-1,20,19,21,-1,20,21,22,-1,22,21,23,-1,22,23,24,-1,24,23,25,-1,24,25,26,-1,26,25,27,-1,26,27,28,-1,28,27,29,-1,28,29,30,-1,28,30,31,-1,31,30,32,-1,31,32,33,-1,33,32,34,-1,33,34,35,-1,35,34,36,-1,35,36,37,-1,37,36,38,-1,37,38,39,-1,39,38,40,-1,39,40,41,-1,42,43,27,-1,27,43,40,-1,38,30,40,-1,40,30,29,-1,40,29,27,-1,38,36,30,-1,30,36,34,-1,30,34,32,-1,44,41,43,-1,43,41,40,-1,44,45,41,-1,41,45,26,-1,26,28,41,-1,41,28,31,-1,41,31,39,-1,33,35,31,-1,31,35,37,-1,31,37,39,-1,26,45,24,-1,24,45,46,-1,24,46,22,-1,22,46,47,-1,22,47,20,-1,20,47,48,-1,20,48,18,-1,18,48,49,-1,18,49,16,-1,16,49,50,-1,16,50,14,-1,14,50,51,-1,14,51,1,-1,1,51,52,-1,44,43,45,-1,45,43,42,-1,45,42,46,-1,46,42,53,-1,46,53,47,-1,47,53,54,-1,47,54,48,-1,48,54,55,-1,48,55,49,-1,49,55,56,-1,49,56,50,-1,50,56,57,-1,50,57,51,-1,51,57,58,-1,51,58,52,-1,52,58,59,-1,52,59,60,-1,60,59,61,-1,62,63,64,-1,64,65,62,-1,62,65,66,-1,62,66,67,-1,67,66,68,-1,67,68,69,-1,69,68,70,-1,69,70,71,-1,71,70,72,-1,71,72,73,-1,73,72,74,-1,73,74,75,-1,75,74,60,-1,75,60,61,-1,64,63,76,-1,76,63,77,-1,76,77,78,-1,78,77,79,-1,80,78,81,-1,81,78,79,-1,80,81,82,-1,82,81,83,-1,82,83,84,-1,84,83,85,-1,84,85,86,-1,86,85,87,-1,86,87,88,-1,88,87,89,-1,88,89,90,-1,90,89,91,-1,90,91,92,-1,92,91,93,-1,92,93,94,-1,94,93,95,-1,94,95,96,-1,96,95,97,-1,96,97,98,-1,98,97,99,-1,100,98,101,-1,101,98,99,-1,102,103,104,-1,104,103,105,-1,104,105,106,-1,106,105,107,-1,106,107,108,-1,108,107,109,-1,108,109,110,-1,110,109,111,-1,110,111,112,-1,112,111,113,-1,112,113,114,-1,114,113,115,-1,114,115,101,-1,101,115,100,-1,103,102,116,-1,116,102,117,-1,116,117,118,-1,118,117,119,-1,120,118,121,-1,121,118,119,-1,122,123,124,-1,124,123,125,-1,124,125,126,-1,126,125,127,-1,126,127,128,-1,128,127,129,-1,128,129,130,-1,130,129,131,-1,130,131,132,-1,132,131,133,-1,132,133,134,-1,120,121,135,-1,135,121,136,-1,135,136,137,-1,137,136,138,-1,137,138,122,-1,122,138,139,-1,122,139,123,-1,140,134,141,-1,141,134,133,-1,142,143,144,-1,144,145,142,-1,142,145,146,-1,142,146,147,-1,147,146,148,-1,147,148,149,-1,149,148,150,-1,149,150,151,-1,151,150,152,-1,151,152,153,-1,153,152,154,-1,153,154,155,-1,155,154,140,-1,155,140,141,-1,
        ]
    }
}
Shape{
    appearance Appearance {
        material  Material 	{
            diffuseColor 0.0 0.2901960784313726 0.8745098039215686
            specularColor 0.0 0.1450980392156863 0.4392156862745098
            ambientIntensity 0.27
            transparency 0.0
            shininess 0.5
        }
    }
    geometry IndexedFaceSet {
        ccw TRUE
        solid FALSE
        coord DEF co Coordinate {
            point [
                -0.0551 -3.221 0.3858, -0.0551 -3.221 0.5039, -0.0413 -3.2223 0.3858, -0.0413 -3.2223 0.5039, -0.028 -3.2259 0.3858, -0.0282 -3.2258 0.5039, 0.2132 -3.3147 0.3858, 0.213 -3.3146 0.5039
            ]
        }
        coordIndex [
            0,1,2,-1,2,1,3,-1,2,3,4,-1,4,3,5,-1,6,4,7,-1,7,4,5,-1,
        ]
    }
}
Shape{
    appearance Appearance {
        material  Material 	{
            diffuseColor 0.8509803921568627 0.8509803921568627 0.8509803921568627
            specularColor 0.4235294117647059 0.4235294117647059 0.4235294117647059
            ambientIntensity 0.851
            transparency 0.0
            shininess 0.5
        }
    }
    geometry IndexedFaceSet {
        ccw TRUE
        solid FALSE
        coord DEF co Coordinate {
            point [
                0.2132 -3.3147 0.3858, 0.213 -3.3146 0.5039, 0.2306 -3.3189 0.3858, 0.2306 -3.3189 0.5039, 0.2402 -3.3195 0.3858, 0.2401 -3.3195 0.5039, 0.2496 -3.3189 0.3858, 0.2496 -3.3189 0.5039, 0.2681 -3.3144 0.3858, 0.2681 -3.3144 0.5039, 0.2849 -3.3055 0.3858, 0.2849 -3.3055 0.5039, 0.2991 -3.293 0.3858, 0.2991 -3.293 0.5039, 0.3099 -3.2773 0.3858, 0.3099 -3.2773 0.5039, 0.3166 -3.2596 0.3858, 0.3166 -3.2596 0.5039, 0.3189 -3.2407 0.3858, 0.3189 -3.2407 0.5039, 0.3189 -2.6895 0.3858, 0.3189 -2.6895 0.5039
            ]
        }
        coordIndex [
            0,1,2,-1,2,1,3,-1,2,3,4,-1,4,3,5,-1,4,5,6,-1,6,5,7,-1,6,7,8,-1,8,7,9,-1,8,9,10,-1,10,9,11,-1,10,11,12,-1,12,11,13,-1,12,13,14,-1,14,13,15,-1,14,15,16,-1,16,15,17,-1,16,17,18,-1,18,17,19,-1,20,18,21,-1,21,18,19,-1,
        ]
    }
}
Shape{
    appearance Appearance {
        material  Material 	{
            diffuseColor 0.0 0.2901960784313726 0.8745098039215686
            specularColor 0.0 0.1450980392156863 0.4392156862745098
            ambientIntensity 0.27
            transparency 0.0
            shininess 0.5
        }
    }
    geometry IndexedFaceSet {
        ccw TRUE
        solid FALSE
        coord DEF co Coordinate {
            point [
                0.2402 -2.6108 0.5039, 0.2401 -2.6108 0.3858, 0.257 -2.6126 0.5039, 0.257 -2.6126 0.3858, 0.2738 -2.6184 0.5039, 0.2738 -2.6184 0.3858, 0.2889 -2.6277 0.5039, 0.2889 -2.6277 0.3858, 0.3015 -2.6402 0.5039, 0.3015 -2.6402 0.3858, 0.311 -2.6552 0.5039, 0.311 -2.6552 0.3858, 0.3169 -2.6719 0.5039, 0.3169 -2.6719 0.3858, 0.3189 -2.6895 0.5039, 0.3189 -2.6895 0.3858, 0.2264 -2.612 0.3858, 0.2264 -2.612 0.5039, 0.213 -2.6156 0.3858, 0.2132 -2.6156 0.5039, 0.1096 -2.6537 0.3858, 0.1098 -2.6537 0.5039, 0.0732 -2.6579 0.3858, 0.0548 -2.6534 0.5039, 0.0548 -2.6534 0.3858, 0.038 -2.6445 0.5039, 0.038 -2.6445 0.3858, 0.0238 -2.632 0.5039, 0.0238 -2.632 0.3858, 0.013 -2.6163 0.5039, 0.013 -2.6163 0.3858, 0.0062 -2.5986 0.5039, 0.0062 -2.5986 0.3858, 0.0039 -2.5797 0.5039, 0.0039 -2.5797 0.3858, 0.0922 -2.6579 0.3858, 0.0922 -2.6579 0.5039, 0.0827 -2.6585 0.3858, 0.0827 -2.6585 0.5039, 0.0732 -2.6579 0.5039, 0.0039 -0.9061 0.5039, 0.0039 -0.9061 0.3858, 0.1024 -0.9061 0.5039, 0.1024 -0.9061 0.3858, 0.2008 -1.0045 0.5039, 0.2008 -1.0045 0.3858, 0.2008 -1.1423 0.3858, 0.2008 -1.1423 0.5039, 0.2028 -1.1598 0.3858, 0.2028 -1.1598 0.5039, 0.2086 -1.1765 0.3858, 0.2086 -1.1765 0.5039, 0.218 -1.1914 0.3858, 0.218 -1.1914 0.5039, 0.2304 -1.2039 0.3858, 0.2304 -1.2039 0.5039, 0.2454 -1.2132 0.3858, 0.2454 -1.2132 0.5039, 0.262 -1.2191 0.3858, 0.262 -1.2191 0.5039, 0.2795 -1.221 0.3858, 0.2795 -1.221 0.5039
            ]
        }
        coordIndex [
            0,1,2,-1,2,1,3,-1,2,3,4,-1,4,3,5,-1,4,5,6,-1,6,5,7,-1,6,7,8,-1,8,7,9,-1,8,9,10,-1,10,9,11,-1,10,11,12,-1,12,11,13,-1,12,13,14,-1,14,13,15,-1,1,0,16,-1,16,0,17,-1,16,17,18,-1,18,17,19,-1,20,18,21,-1,21,18,19,-1,22,23,24,-1,24,23,25,-1,24,25,26,-1,26,25,27,-1,26,27,28,-1,28,27,29,-1,28,29,30,-1,30,29,31,-1,30,31,32,-1,32,31,33,-1,32,33,34,-1,20,21,35,-1,35,21,36,-1,35,36,37,-1,37,36,38,-1,37,38,22,-1,22,38,39,-1,22,39,23,-1,40,41,33,-1,33,41,34,-1,40,42,41,-1,41,42,43,-1,42,44,43,-1,43,44,45,-1,46,45,47,-1,47,45,44,-1,46,47,48,-1,48,47,49,-1,48,49,50,-1,50,49,51,-1,50,51,52,-1,52,51,53,-1,52,53,54,-1,54,53,55,-1,54,55,56,-1,56,55,57,-1,56,57,58,-1,58,57,59,-1,58,59,60,-1,60,59,61,-1,
        ]
    }
}
Shape{
    appearance Appearance {
        material  Material 	{
            diffuseColor 0.8509803921568627 0.8509803921568627 0.8509803921568627
            specularColor 0.4235294117647059 0.4235294117647059 0.4235294117647059
            ambientIntensity 0.851
            transparency 0.0
            shininess 0.5
        }
    }
    geometry IndexedFaceSet {
        ccw TRUE
        solid FALSE
        coord DEF co Coordinate {
            point [
                2.1654 -5.1187 0.5039, 0.0039 -5.1187 0.5039, 0.0039 -5.1712 0.498, 2.1654 -5.1712 0.498, 0.0039 -5.2212 0.4805, 2.1654 -5.2212 0.4805, 0.0039 -5.266 0.4524, 2.1654 -5.266 0.4524, 0.0039 -5.3034 0.415, 2.1654 -5.3034 0.415, 0.0039 -5.3315 0.3702, 2.1654 -5.3315 0.3702, 0.0039 -5.349 0.3203, 2.1654 -5.349 0.3203, 0.0039 -5.3549 0.2677, 2.1654 -5.3549 0.2677, 0.8134 -2.4541 0.3858, 0.8134 -2.4541 0.5039, 0.8113 -2.4138 0.3858, 0.8113 -2.4138 0.5039, 0.8135 -2.4566 0.504, 0.8135 -2.4582 0.3859, 0.8137 -2.4592 0.504, 0.8137 -2.4623 0.3859
            ]
        }
        coordIndex [
            0,1,2,-1,0,2,3,-1,3,2,4,-1,3,4,5,-1,5,4,6,-1,5,6,7,-1,7,6,8,-1,7,8,9,-1,9,8,10,-1,9,10,11,-1,11,10,12,-1,11,12,13,-1,13,12,14,-1,13,14,15,-1,16,17,18,-1,18,17,19,-1,17,16,20,-1,20,16,21,-1,20,21,22,-1,22,21,23,-1,
        ]
    }
}
Shape{
    appearance Appearance {
        material  Material 	{
            diffuseColor 0.0 0.2901960784313726 0.8745098039215686
            specularColor 0.0 0.1450980392156863 0.4392156862745098
            ambientIntensity 0.27
            transparency 0.0
            shininess 0.5
        }
    }
    geometry IndexedFaceSet {
        ccw TRUE
        solid FALSE
        coord DEF co Coordinate {
            point [
                1.5489 -2.4541 0.5039, 0.8134 -2.4541 0.5039, 1.5487 -2.4566 0.504, 0.8135 -2.4566 0.504, 1.5485 -2.4592 0.504, 0.8137 -2.4592 0.504
            ]
        }
        coordIndex [
            0,1,2,-1,2,1,3,-1,2,3,4,-1,4,3,5,-1,
        ]
    }
}
Shape{
    appearance Appearance {
        material  Material 	{
            diffuseColor 0.8509803921568627 0.8509803921568627 0.8509803921568627
            specularColor 0.4235294117647059 0.4235294117647059 0.4235294117647059
            ambientIntensity 0.851
            transparency 0.0
            shininess 0.5
        }
    }
    geometry IndexedFaceSet {
        ccw TRUE
        solid FALSE
        coord DEF co Coordinate {
            point [
                0.8137 -2.4592 0.504, 0.8873 -3.8615 0.5407, 1.5485 -2.4592 0.504, 1.4749 -3.8615 0.5407, 1.4735 -3.8784 0.543, 0.8883 -3.8734 0.5425, 0.8885 -3.8754 0.5428, 0.889 -3.8807 0.5436, 0.8897 -3.8887 0.547, 1.4725 -3.8887 0.547, 0.8898 -3.8901 0.5476, 1.4724 -3.8902 0.5476, 1.4718 -3.8967 0.5501, 1.4739 -3.8734 0.5423, 1.4737 -3.8754 0.5426, 0.8906 -3.8988 0.5513, 0.8909 -3.9013 0.5531, 1.4714 -3.9012 0.5533, 0.8913 -3.9055 0.5562, 1.4687 -3.9239 0.5743, 1.469 -3.9218 0.5719, 0.8928 -3.9183 0.5681, 1.4694 -3.9184 0.568, 0.892 -3.9126 0.5614, 1.4702 -3.9126 0.5614, 1.4709 -3.9054 0.5563, 0.8943 -3.9283 0.5825, 1.468 -3.9283 0.5825, 0.8937 -3.9252 0.5763, 0.8932 -3.9217 0.5721, 1.4665 -3.9348 0.5988, 1.4666 -3.9343 0.5968, 1.4671 -3.933 0.5916, 1.4678 -3.929 0.5839, 0.8944 -3.929 0.5839, 0.8953 -3.9339 0.5938, 0.8956 -3.9345 0.5968, 0.8958 -3.935 0.5988, 0.8968 -3.9376 0.6105, 1.4655 -3.9376 0.6105, 1.4655 -4.055 0.5972, 1.4665 -4.048 0.5678, 1.4666 -4.0469 0.5629, 1.467 -4.0443 0.5518, 1.4678 -4.0335 0.5306, 1.468 -4.0317 0.5271, 1.4686 -4.023 0.5099, 1.469 -4.0152 0.5009, 1.4694 -4.0068 0.4911, 1.4702 -3.9924 0.4743, 1.4709 -3.9745 0.4614, 1.4714 -3.9639 0.4538, 1.4718 -3.9545 0.4471, 1.4724 -3.9363 0.4397, 1.4725 -3.9327 0.4383, 1.4733 -3.9109 0.4295, 1.4737 -3.8994 0.4278, 1.4739 -3.8944 0.427, 1.4749 -3.8645 0.4227, 1.4647 -4.0566 0.6112, 1.4647 -3.9392 0.6246, 0.8975 -3.9392 0.6246, 1.4578 -4.0569 0.7814, 1.4586 -4.035 0.7716, 0.9046 -4.0615 0.785, 1.4561 -4.106 0.7955, 1.4569 -4.0814 0.7913, 0.9063 -4.1087 0.7974, 1.4527 -4.2037 0.7866, 1.4535 -4.1812 0.7921, 0.9087 -4.1812 0.7923, 0.9104 -4.228 0.774, 0.9114 -4.2519 0.7605, 1.4509 -4.2519 0.7605, 1.4526 -4.2068 0.7851, 1.4511 -4.245 0.7654, 1.4518 -4.2281 0.7741, 0.9097 -4.2101 0.7841, 0.9097 -4.2089 0.7845, 1.4554 -4.1254 0.7989, 0.907 -4.1314 0.7976, 1.4552 -4.1313 0.7987, 0.9079 -4.1571 0.7979, 1.4543 -4.1571 0.7979, 0.908 -4.1589 0.7976, 0.9082 -4.1655 0.7967, 1.457 -4.0774 0.7906, 0.9053 -4.0817 0.7903, 0.9062 -4.1073 0.797, 0.9019 -3.9951 0.7407, 0.9027 -4.0133 0.7566, 1.4595 -4.0126 0.7559, 0.903 -4.0188 0.7613, 1.4587 -4.0331 0.7708, 0.9036 -4.0356 0.7706, 0.9045 -4.0577 0.7829, 1.462 -3.9655 0.7, 1.463 -3.952 0.6743, 0.8986 -3.9454 0.6557, 1.4631 -3.9506 0.6716, 0.8985 -3.945 0.6539, 1.4598 -4.006 0.7511, 1.4603 -3.9959 0.74, 0.9019 -3.9935 0.7393, 1.4612 -3.977 0.719, 0.901 -3.9781 0.719, 1.4614 -3.9733 0.7148, 0.9002 -3.9643 0.7006, 0.8993 -3.9531 0.6742, 1.4637 -3.9462 0.6536, 0.9111 -4.1792 0.6673, 0.9114 -4.1816 0.6656, 0.9098 -4.1656 0.6744, 0.9097 -4.1644 0.675, 0.9095 -4.1627 0.6759, 0.9083 -4.1482 0.6794, 0.908 -4.1444 0.6803, 0.9079 -4.1437 0.6805, 0.9068 -4.1303 0.6809, 0.9067 -4.13 0.6808, 0.9062 -4.1239 0.6797, 0.9052 -4.112 0.6775, 0.9051 -4.111 0.6773, 0.9046 -4.0615 0.785, 0.9045 -4.1041 0.6742, 0.9037 -4.0953 0.6701, 0.9035 -4.0933 0.6692, 0.903 -4.0188 0.7613, 0.9027 -4.0862 0.664, 0.9025 -4.0835 0.662, 0.9021 -4.0809 0.6591, 0.9019 -3.9935 0.7393, 0.901 -4.0719 0.6492, 0.9008 -4.0703 0.6475, 0.9006 -4.0691 0.6452, 0.9002 -3.9643 0.7006, 0.8993 -4.0617 0.6312, 0.8992 -4.0612 0.6302, 0.8975 -4.0566 0.6112, 0.8991 -4.0609 0.629, 0.8986 -3.9454 0.6557, 0.8992 -4.0612 0.6302, 1.4632 -4.0612 0.6288, 1.4636 -4.0592 0.6244, 1.463 -4.0621 0.6309, 1.4619 -4.067 0.6424, 1.4616 -4.0692 0.6451, 0.9008 -4.0703 0.6475, 1.4612 -4.072 0.6488, 1.4603 -4.0789 0.6578, 1.4601 -4.0807 0.6593, 0.9025 -4.0835 0.662, 1.4595 -4.0859 0.6638, 1.4593 -4.0882 0.6657, 0.9035 -4.0933 0.6692, 1.4586 -4.0955 0.6698, 1.4578 -4.1035 0.6743, 0.9051 -4.111 0.6773, 1.4576 -4.1053 0.6753, 1.457 -4.1122 0.6771, 1.4561 -4.1232 0.68, 1.456 -4.1242 0.6803, 1.4555 -4.13 0.6804, 0.9068 -4.1303 0.6809, 1.4543 -4.1437 0.6805, 0.9095 -4.1627 0.6759, 1.4539 -4.1482 0.6797, 1.4541 -4.1467 0.6801, 1.4524 -4.1657 0.6746, 1.4509 -4.1816 0.6656, 1.4526 -4.1636 0.6754, 1.4525 -4.1647 0.6752, 0.9111 -4.1792 0.6673, 1.4076 -4.4664 0.4548, 1.2406 -4.5408 0.3998, 1.4284 -4.4302 0.4817, 1.4372 -4.3909 0.5108, 1.1216 -4.5408 0.3998, 1.0723 -4.5358 0.4035, 1.3761 -4.4974 0.432, 1.3361 -4.521 0.4145, 1.2899 -4.5358 0.4035, 1.0262 -4.521 0.4145, 0.9861 -4.4974 0.432, 0.9547 -4.4664 0.4548, 0.9339 -4.4302 0.4817, 0.925 -4.3909 0.5108, 1.4372 -4.4611 0.6057, 0.9547 -4.5367 0.5498, 0.9861 -4.5676 0.5269, 1.1216 -4.6111 0.4948, 1.0262 -4.5912 0.5094, 1.0723 -4.606 0.4985, 0.925 -4.4611 0.6057, 0.9339 -4.5004 0.5766, 1.4076 -4.5367 0.5498, 1.2899 -4.606 0.4985, 1.3761 -4.5676 0.5269, 1.3361 -4.5912 0.5094, 1.2406 -4.6111 0.4948, 1.4284 -4.5004 0.5766, 1.4636 -4.0592 0.6244, 1.4619 -4.067 0.6424, 1.4631 -3.9506 0.6716, 1.4614 -3.9733 0.7148, 1.4603 -4.0789 0.6578, 1.4598 -4.006 0.7511, 1.4593 -4.0882 0.6657, 1.4587 -4.0331 0.7708, 1.4576 -4.1053 0.6753, 1.457 -4.0774 0.7906, 1.456 -4.1242 0.6803, 1.4554 -4.1254 0.7989, 1.4525 -4.1647 0.6752, 0.8968 -4.055 0.5972, 0.8885 -3.8993 0.4279, 0.8883 -3.8943 0.4271, 0.8898 -3.9363 0.4399, 0.8905 -3.956 0.448, 0.8909 -3.9639 0.4538, 0.8913 -3.9745 0.4614, 0.892 -3.9924 0.4743, 0.8928 -4.0067 0.4911, 0.8932 -4.0151 0.501, 0.8937 -4.0236 0.511, 0.8943 -4.0316 0.5272, 0.8944 -4.0333 0.5307, 0.8953 -4.0451 0.5545, 0.8956 -4.047 0.5629, 0.8958 -4.0482 0.5678, 0.8897 -3.9326 0.4384, 0.8889 -3.9113 0.4297, 0.8873 -3.8645 0.4227, 1.5485 -2.4623 0.3859, 0.8137 -2.4623 0.3859
            ]
        }
        coordIndex [
            0,1,2,-1,2,1,3,-1,4,5,6,-1,6,7,4,-1,4,7,8,-1,4,8,9,-1,9,8,10,-1,9,10,11,-1,11,10,12,-1,3,1,13,-1,13,1,5,-1,13,5,14,-1,14,5,4,-1,10,15,12,-1,12,15,16,-1,12,16,17,-1,17,16,18,-1,19,20,21,-1,21,20,22,-1,21,22,23,-1,23,22,24,-1,23,24,18,-1,18,24,25,-1,18,25,17,-1,26,27,28,-1,28,27,19,-1,28,19,29,-1,29,19,21,-1,30,31,26,-1,31,32,26,-1,26,32,33,-1,26,33,27,-1,26,34,30,-1,30,34,35,-1,30,35,36,-1,36,37,30,-1,30,37,38,-1,30,38,39,-1,39,40,30,-1,30,40,41,-1,30,41,31,-1,31,41,42,-1,31,42,32,-1,32,42,43,-1,32,43,33,-1,33,43,44,-1,33,44,27,-1,27,44,45,-1,27,45,19,-1,19,45,46,-1,19,46,20,-1,20,46,47,-1,20,47,22,-1,22,47,48,-1,22,48,24,-1,24,48,49,-1,24,49,25,-1,25,49,50,-1,25,50,17,-1,17,50,51,-1,17,51,12,-1,12,51,52,-1,12,52,11,-1,11,52,53,-1,11,53,9,-1,9,53,54,-1,9,54,4,-1,4,54,55,-1,4,55,14,-1,14,55,56,-1,14,56,13,-1,13,56,57,-1,13,57,3,-1,3,57,58,-1,40,39,59,-1,59,39,60,-1,61,60,38,-1,38,60,39,-1,62,63,64,-1,65,66,67,-1,68,69,70,-1,71,72,73,-1,68,70,74,-1,73,75,71,-1,71,75,76,-1,71,76,77,-1,77,76,74,-1,77,74,78,-1,78,74,70,-1,65,67,79,-1,79,67,80,-1,79,80,81,-1,81,80,82,-1,81,82,83,-1,83,82,84,-1,83,84,69,-1,69,84,85,-1,69,85,70,-1,62,64,86,-1,86,64,87,-1,86,87,66,-1,66,87,88,-1,66,88,67,-1,89,90,91,-1,91,90,92,-1,91,92,93,-1,93,92,94,-1,93,94,63,-1,63,94,95,-1,63,95,64,-1,96,97,98,-1,98,97,99,-1,98,99,100,-1,91,101,89,-1,89,101,102,-1,89,102,103,-1,103,102,104,-1,103,104,105,-1,105,104,106,-1,105,106,107,-1,107,106,96,-1,107,96,108,-1,108,96,98,-1,99,109,100,-1,100,109,60,-1,100,60,61,-1,110,111,72,-1,110,72,112,-1,72,71,112,-1,112,71,77,-1,112,77,113,-1,113,77,78,-1,113,78,114,-1,114,78,115,-1,78,70,115,-1,115,70,85,-1,115,85,116,-1,116,85,84,-1,116,84,117,-1,117,84,82,-1,117,82,118,-1,118,82,80,-1,118,80,119,-1,119,80,67,-1,119,67,120,-1,120,67,88,-1,120,88,121,-1,121,88,87,-1,121,87,122,-1,122,87,123,-1,122,123,124,-1,124,123,95,-1,124,95,125,-1,125,95,94,-1,125,94,126,-1,126,94,127,-1,126,127,128,-1,128,127,90,-1,128,90,129,-1,129,90,89,-1,129,89,130,-1,130,89,131,-1,130,131,132,-1,132,131,105,-1,132,105,133,-1,133,105,134,-1,134,105,135,-1,134,135,136,-1,136,135,108,-1,136,108,137,-1,61,138,100,-1,100,138,139,-1,137,108,139,-1,139,108,140,-1,139,140,100,-1,141,139,142,-1,142,139,143,-1,143,139,138,-1,143,138,59,-1,144,134,142,-1,142,134,136,-1,142,136,141,-1,144,145,134,-1,134,145,146,-1,134,146,147,-1,147,146,148,-1,147,148,132,-1,132,148,149,-1,132,149,130,-1,130,149,150,-1,130,150,151,-1,151,150,128,-1,150,152,128,-1,128,152,153,-1,128,153,154,-1,154,153,155,-1,154,155,125,-1,125,155,156,-1,125,156,124,-1,124,156,157,-1,157,156,158,-1,157,158,121,-1,121,158,159,-1,121,159,120,-1,159,160,120,-1,120,160,161,-1,120,161,119,-1,119,161,162,-1,119,162,163,-1,163,162,164,-1,113,165,166,-1,166,165,115,-1,166,115,167,-1,167,115,116,-1,167,116,164,-1,164,116,117,-1,164,117,163,-1,168,169,111,-1,166,170,113,-1,113,170,171,-1,113,171,112,-1,112,171,168,-1,112,168,172,-1,172,168,111,-1,173,174,175,-1,175,174,176,-1,176,174,169,-1,169,174,177,-1,169,177,178,-1,173,179,174,-1,174,179,180,-1,174,180,181,-1,178,182,169,-1,169,182,183,-1,169,183,184,-1,184,185,169,-1,169,185,186,-1,169,186,111,-1,169,73,176,-1,176,73,187,-1,188,189,190,-1,190,189,191,-1,190,191,192,-1,73,72,187,-1,187,72,193,-1,187,193,190,-1,190,193,194,-1,190,194,188,-1,195,196,197,-1,197,196,198,-1,190,199,187,-1,187,199,196,-1,187,196,200,-1,200,196,195,-1,199,174,181,-1,199,181,196,-1,196,181,180,-1,196,180,198,-1,198,180,179,-1,198,179,197,-1,197,179,173,-1,197,173,195,-1,195,173,175,-1,195,175,200,-1,200,175,176,-1,200,176,187,-1,190,177,199,-1,199,177,174,-1,193,186,185,-1,193,185,194,-1,194,185,184,-1,194,184,188,-1,188,184,183,-1,188,183,189,-1,189,183,182,-1,189,182,191,-1,191,182,178,-1,191,178,192,-1,192,178,177,-1,192,177,190,-1,72,111,193,-1,193,111,186,-1,201,59,60,-1,202,144,97,-1,97,144,142,-1,97,142,203,-1,203,142,201,-1,203,201,109,-1,109,201,60,-1,97,96,202,-1,202,96,204,-1,202,204,146,-1,146,204,104,-1,146,104,148,-1,148,104,205,-1,205,104,102,-1,205,102,150,-1,150,102,206,-1,150,206,152,-1,152,206,91,-1,152,91,207,-1,207,91,208,-1,207,208,155,-1,155,208,63,-1,155,63,156,-1,156,63,62,-1,156,62,209,-1,209,62,210,-1,209,210,159,-1,159,210,66,-1,159,66,160,-1,160,66,65,-1,160,65,211,-1,211,65,212,-1,211,212,162,-1,162,212,81,-1,162,81,164,-1,164,81,83,-1,164,83,167,-1,167,83,69,-1,167,69,166,-1,166,69,68,-1,166,68,170,-1,170,68,74,-1,170,74,213,-1,73,169,75,-1,75,169,168,-1,213,74,168,-1,168,74,76,-1,168,76,75,-1,214,40,138,-1,138,40,59,-1,215,216,55,-1,217,53,52,-1,217,52,218,-1,218,52,51,-1,218,51,219,-1,219,51,50,-1,219,50,220,-1,220,50,49,-1,220,49,221,-1,221,49,48,-1,221,48,222,-1,222,48,47,-1,222,47,223,-1,223,47,46,-1,223,46,224,-1,224,46,45,-1,224,45,225,-1,225,45,44,-1,225,44,226,-1,226,44,43,-1,226,43,227,-1,227,43,42,-1,227,42,228,-1,228,42,41,-1,228,41,229,-1,229,41,40,-1,229,40,214,-1,55,216,56,-1,53,217,54,-1,54,217,230,-1,54,230,55,-1,55,230,231,-1,55,231,215,-1,56,216,57,-1,57,216,232,-1,57,232,58,-1,233,58,234,-1,234,58,232,-1,2,3,233,-1,233,3,58,-1,
        ]
    }
}
Shape{
    appearance Appearance {
        material  Material 	{
            diffuseColor 0.0 0.2901960784313726 0.8745098039215686
            specularColor 0.0 0.1450980392156863 0.4392156862745098
            ambientIntensity 0.27
            transparency 0.0
            shininess 0.5
        }
    }
    geometry IndexedFaceSet {
        ccw TRUE
        solid FALSE
        coord DEF co Coordinate {
            point [
                1.5485 -2.4592 0.504, 1.5485 -2.4623 0.3859, 1.5487 -2.4566 0.504, 1.5487 -2.4582 0.3859, 1.5489 -2.4541 0.5039, 1.5489 -2.4541 0.3858, 1.551 -2.4138 0.5039, 1.551 -2.4138 0.3858
            ]
        }
        coordIndex [
            0,1,2,-1,2,1,3,-1,2,3,4,-1,4,3,5,-1,4,5,6,-1,6,5,7,-1,
        ]
    }
}
Shape{
    appearance Appearance {
        material  Material 	{
            diffuseColor 0.8509803921568627 0.8509803921568627 0.8509803921568627
            specularColor 0.4235294117647059 0.4235294117647059 0.4235294117647059
            ambientIntensity 0.851
            transparency 0.0
            shininess 0.5
        }
    }
    geometry IndexedFaceSet {
        ccw TRUE
        solid FALSE
        coord DEF co Coordinate {
            point [
                1.551 -2.4138 0.5039, 1.551 -2.4138 0.3858, 1.5545 -2.3942 0.5039, 1.5545 -2.3942 0.3858, 1.5628 -2.3762 0.5039, 1.5628 -2.3762 0.3858, 1.5754 -2.3608 0.5039, 1.5754 -2.3608 0.3858, 1.5914 -2.349 0.5039, 1.5914 -2.349 0.3858, 1.6099 -2.3417 0.5039, 1.6099 -2.3417 0.3858, 1.6296 -2.3392 0.5039, 1.6296 -2.3392 0.3858, 1.6493 -2.3392 0.3858, 1.6493 -2.3392 0.5039, 1.7279 -2.422 0.3858, 1.7279 -2.422 0.5039, 1.7268 -2.4038 0.3858, 1.7268 -2.4038 0.5039, 1.7215 -2.3864 0.3858, 1.7215 -2.3864 0.5039, 1.7123 -2.3707 0.3858, 1.7123 -2.3707 0.5039, 1.6998 -2.3574 0.3858, 1.6998 -2.3574 0.5039, 1.6845 -2.3475 0.3858, 1.6845 -2.3475 0.5039, 1.6674 -2.3413 0.3858, 1.6674 -2.3413 0.5039, 1.6043 -4.7786 0.3858, 1.6043 -4.7786 0.5039, 1.4077 -4.9651 0.3858, 1.4077 -4.9651 0.5039, 1.457 -4.9589 0.3858, 1.457 -4.9589 0.5039, 1.5031 -4.9405 0.3858, 1.5031 -4.9405 0.5039, 1.5432 -4.9111 0.3858, 1.5432 -4.9111 0.5039, 1.5746 -4.8726 0.3858, 1.5746 -4.8726 0.5039, 1.5954 -4.8275 0.3858, 1.5954 -4.8275 0.5039, 0.9545 -4.9651 0.5039, 0.9545 -4.9651 0.3858, 0.7579 -4.7786 0.3858, 0.7579 -4.7786 0.5039, 0.7668 -4.8275 0.3858, 0.7668 -4.8275 0.5039, 0.7876 -4.8726 0.3858, 0.7876 -4.8726 0.5039, 0.819 -4.9111 0.3858, 0.819 -4.9111 0.5039, 0.8591 -4.9405 0.3858, 0.8591 -4.9405 0.5039, 0.9052 -4.9589 0.3858, 0.9052 -4.9589 0.5039, 0.6343 -2.422 0.5039, 0.6343 -2.422 0.3858, 0.7129 -2.3392 0.3858, 0.7129 -2.3392 0.5039, 0.6948 -2.3413 0.3858, 0.6948 -2.3413 0.5039, 0.6777 -2.3475 0.3858, 0.6777 -2.3475 0.5039, 0.6624 -2.3574 0.3858, 0.6624 -2.3574 0.5039, 0.6499 -2.3707 0.3858, 0.6499 -2.3707 0.5039, 0.6407 -2.3864 0.3858, 0.6407 -2.3864 0.5039, 0.6354 -2.4038 0.3858, 0.6354 -2.4038 0.5039, 0.7326 -2.3392 0.5039, 0.7326 -2.3392 0.3858, 0.7523 -2.3417 0.5039, 0.7523 -2.3417 0.3858, 0.7708 -2.349 0.5039, 0.7708 -2.349 0.3858, 0.7868 -2.3608 0.5039, 0.7868 -2.3608 0.3858, 0.7994 -2.3762 0.5039, 0.7994 -2.3762 0.3858, 0.8077 -2.3942 0.5039, 0.8077 -2.3942 0.3858, 0.8113 -2.4138 0.5039, 0.8113 -2.4138 0.3858
            ]
        }
        coordIndex [
            0,1,2,-1,2,1,3,-1,2,3,4,-1,4,3,5,-1,4,5,6,-1,6,5,7,-1,6,7,8,-1,8,7,9,-1,8,9,10,-1,10,9,11,-1,10,11,12,-1,12,11,13,-1,13,14,12,-1,12,14,15,-1,16,17,18,-1,18,17,19,-1,18,19,20,-1,20,19,21,-1,20,21,22,-1,22,21,23,-1,22,23,24,-1,24,23,25,-1,24,25,26,-1,26,25,27,-1,26,27,28,-1,28,27,29,-1,28,29,14,-1,14,29,15,-1,16,30,17,-1,17,30,31,-1,32,33,34,-1,34,33,35,-1,34,35,36,-1,36,35,37,-1,36,37,38,-1,38,37,39,-1,38,39,40,-1,40,39,41,-1,40,41,42,-1,42,41,43,-1,42,43,30,-1,30,43,31,-1,44,33,45,-1,45,33,32,-1,46,47,48,-1,48,47,49,-1,48,49,50,-1,50,49,51,-1,50,51,52,-1,52,51,53,-1,52,53,54,-1,54,53,55,-1,54,55,56,-1,56,55,57,-1,56,57,45,-1,45,57,44,-1,58,47,59,-1,59,47,46,-1,60,61,62,-1,62,61,63,-1,62,63,64,-1,64,63,65,-1,64,65,66,-1,66,65,67,-1,66,67,68,-1,68,67,69,-1,68,69,70,-1,70,69,71,-1,70,71,72,-1,72,71,73,-1,72,73,59,-1,59,73,58,-1,74,61,75,-1,75,61,60,-1,74,75,76,-1,76,75,77,-1,76,77,78,-1,78,77,79,-1,78,79,80,-1,80,79,81,-1,80,81,82,-1,82,81,83,-1,82,83,84,-1,84,83,85,-1,84,85,86,-1,86,85,87,-1,
        ]
    }
}
Shape{
    appearance Appearance {
        material  Material 	{
            diffuseColor 0.0 0.2901960784313726 0.8745098039215686
            specularColor 0.0 0.1450980392156863 0.4392156862745098
            ambientIntensity 0.27
            transparency 0.0
            shininess 0.5
        }
    }
    geometry IndexedFaceSet {
        ccw TRUE
        solid FALSE
        coord DEF co Coordinate {
            point [
                1.5485 -2.4623 0.3859, 0.8137 -2.4623 0.3859, 1.5487 -2.4582 0.3859, 0.8135 -2.4582 0.3859, 1.5489 -2.4541 0.3858, 0.8134 -2.4541 0.3858
            ]
        }
        coordIndex [
            0,1,2,-1,2,1,3,-1,2,3,4,-1,4,3,5,-1,
        ]
    }
}
Shape{
    appearance Appearance {
        material  Material 	{
            diffuseColor 0.8509803921568627 0.8509803921568627 0.8509803921568627
            specularColor 0.4235294117647059 0.4235294117647059 0.4235294117647059
            ambientIntensity 0.851
            transparency 0.0
            shininess 0.5
        }
    }
    geometry IndexedFaceSet {
        ccw TRUE
        solid FALSE
        coord DEF co Coordinate {
            point [
                0.8137 -2.4623 0.3859, 0.8873 -3.8645 0.4227, 0.8137 -2.4592 0.504, 0.8873 -3.8615 0.5407, 0.8956 -3.9345 0.5968, 0.8953 -3.9339 0.5938, 0.8953 -4.0451 0.5545, 0.8944 -4.0333 0.5307, 0.8944 -3.929 0.5839, 0.8943 -3.9283 0.5825, 0.8943 -4.0316 0.5272, 0.8937 -3.9252 0.5763, 0.8956 -4.047 0.5629, 0.8958 -4.0482 0.5678, 0.8958 -3.935 0.5988, 0.8968 -4.055 0.5972, 0.8968 -3.9376 0.6105, 0.8883 -3.8734 0.5425, 0.8883 -3.8943 0.4271, 0.8885 -3.8754 0.5428, 0.8885 -3.8993 0.4279, 0.889 -3.8807 0.5436, 0.8889 -3.9113 0.4297, 0.8897 -3.8887 0.547, 0.8897 -3.9326 0.4384, 0.8898 -3.8901 0.5476, 0.8898 -3.9363 0.4399, 0.8906 -3.8988 0.5513, 0.8905 -3.956 0.448, 0.8909 -3.9013 0.5531, 0.8909 -3.9639 0.4538, 0.8913 -3.9055 0.5562, 0.8913 -3.9745 0.4614, 0.892 -3.9126 0.5614, 0.892 -3.9924 0.4743, 0.8928 -3.9183 0.5681, 0.8928 -4.0067 0.4911, 0.8932 -3.9217 0.5721, 0.8932 -4.0151 0.501, 0.8937 -4.0236 0.511, 0.8975 -3.9392 0.6246, 0.8975 -4.0566 0.6112
            ]
        }
        coordIndex [
            0,1,2,-1,2,1,3,-1,4,5,6,-1,6,5,7,-1,5,8,7,-1,7,8,9,-1,7,9,10,-1,10,9,11,-1,6,12,4,-1,4,12,13,-1,4,13,14,-1,14,13,15,-1,14,15,16,-1,3,1,17,-1,17,1,18,-1,17,18,19,-1,19,18,20,-1,19,20,21,-1,21,20,22,-1,21,22,23,-1,23,22,24,-1,23,24,25,-1,25,24,26,-1,25,26,27,-1,27,26,28,-1,27,28,29,-1,29,28,30,-1,29,30,31,-1,31,30,32,-1,31,32,33,-1,33,32,34,-1,33,34,35,-1,35,34,36,-1,35,36,37,-1,37,36,38,-1,37,38,11,-1,11,38,39,-1,11,39,10,-1,16,15,40,-1,40,15,41,-1,
        ]
    }
}
Shape{
    appearance Appearance {
        material  Material 	{
            diffuseColor 0.0 0.2901960784313726 0.8745098039215686
            specularColor 0.0 0.1450980392156863 0.4392156862745098
            ambientIntensity 0.27
            transparency 0.0
            shininess 0.5
        }
    }
    geometry IndexedFaceSet {
        ccw TRUE
        solid FALSE
        coord DEF co Coordinate {
            point [
                -1.6142 -3.9573 1.6299, -1.6142 -3.9573 1.5118, -1.6142 -1.221 1.5118, -1.6142 -1.221 1.2323, -1.6142 -0.2525 1.2323, -1.6142 -0.1935 1.6299, -1.6142 -0.1935 1.2913, -1.6772 -0.2525 1.2323, -1.7362 -0.1935 1.2913, -1.6772 -0.2525 1.122, -1.7362 -0.1935 1.063, -1.6142 -0.1935 1.063, -1.6142 -0.2525 1.122, -1.6142 -1.221 1.122, -1.6142 -1.221 1.0, -1.6142 -0.1935 1.0, -1.1417 -1.221 1.0, -1.1417 -0.1935 1.0, -1.1417 -1.221 1.122, -1.1417 -0.2525 1.122, -1.1417 -0.1935 1.063, -1.0787 -0.2525 1.122, -1.0197 -0.1935 1.063, -1.0787 -0.2525 1.2323, -1.0197 -0.1935 1.2913, -1.1417 -0.1935 1.2913, -1.1417 -0.2525 1.2323, -1.1417 -1.221 1.2323, -1.1417 -1.221 1.5118, -1.1417 -0.1935 1.5118, -1.0827 -0.1935 1.5118, -1.0827 -1.221 1.5118, -1.0787 -1.221 1.2323, -1.0787 -0.7321 1.2264, -1.0787 -0.7842 1.2264, -1.0787 -0.6118 1.128, -1.0787 -0.3841 1.128, -1.0787 -1.221 1.122, -1.0787 -0.7842 1.128, -1.0787 -0.7321 1.128, -1.0787 -0.3841 1.2264, -1.0787 -0.6118 1.2264
            ]
        }
        coordIndex [
            0,1,2,-1,2,3,4,-1,0,2,5,-1,5,2,4,-1,5,4,6,-1,4,7,6,-1,6,7,8,-1,7,9,8,-1,8,9,10,-1,11,10,12,-1,12,10,9,-1,12,13,11,-1,11,13,14,-1,11,14,15,-1,16,17,14,-1,14,17,15,-1,18,19,16,-1,16,19,20,-1,16,20,17,-1,19,21,20,-1,20,21,22,-1,21,23,22,-1,22,23,24,-1,25,24,26,-1,26,24,23,-1,26,27,25,-1,25,27,28,-1,25,28,29,-1,30,29,31,-1,31,29,28,-1,27,26,32,-1,32,26,23,-1,33,34,32,-1,35,36,21,-1,32,34,37,-1,37,34,38,-1,37,38,39,-1,21,36,23,-1,23,36,40,-1,23,40,41,-1,21,37,35,-1,35,37,39,-1,35,39,41,-1,41,39,33,-1,41,33,23,-1,23,33,32,-1,37,21,18,-1,18,21,19,-1,
        ]
    }
}
Shape{
    appearance Appearance {
        material  Material 	{
            diffuseColor 0.9686274509803922 0.8784313725490196 0.6
            specularColor 0.6784313725490196 0.615686274509804 0.4196078431372549
            ambientIntensity 0.8737
            transparency 0.0
            shininess 0.5
        }
    }
    geometry IndexedFaceSet {
        ccw TRUE
        solid FALSE
        coord DEF co Coordinate {
            point [
                -1.1061 -0.3741 1.2264, -1.5604 -0.1285 1.2264, -1.5666 -0.1367 1.2264, -1.6535 -0.66 1.2264, -1.6542 -0.6686 1.2264, -1.1811 -0.8766 1.2264, -1.6575 -0.6813 1.2264, -1.0787 -0.6118 1.2264, -1.0787 -0.3841 1.2264, -1.0855 -0.6187 1.2264, -1.0931 -0.3809 1.2264, -1.6772 -0.7321 1.2264, -1.6772 -0.7842 1.2264, -1.5748 -0.8962 1.2264, -1.1811 -0.8962 1.2264, -1.5748 -0.8766 1.2264, -1.6619 -0.8038 1.2264, -1.6706 -0.7948 1.2264, -1.6409 -0.284 1.2264, -1.6357 -0.2901 1.2264, -1.5945 -0.1482 1.2264, -1.1319 -0.3238 1.2264, -1.1716 -0.1469 1.2264, -1.1319 -0.3254 1.2264, -1.1304 -0.3384 1.2264, -1.1172 -0.3644 1.2264, -1.1254 -0.3522 1.2264, -1.2008 -0.0498 1.2264, -1.5551 -0.0498 1.2264, -1.2008 -0.1088 1.2264, -1.5551 -0.1088 1.2264, -1.1994 -0.119 1.2264, -1.5564 -0.119 1.2264, -1.0937 -0.6293 1.2264, -1.5748 -0.1429 1.2264, -1.0994 -0.6416 1.2264, -1.624 -0.3254 1.2264, -1.6243 -0.3316 1.2264, -1.6277 -0.3459 1.2264, -1.6344 -0.3588 1.2264, -1.1296 -0.3092 1.2264, -1.1239 -0.2957 1.2264, -1.1614 -0.1482 1.2264, -1.115 -0.284 1.2264, -1.1811 -0.1429 1.2264, -1.1892 -0.1367 1.2264, -1.1955 -0.1285 1.2264, -1.5843 -0.1469 1.2264, -1.0984 -0.6813 1.2264, -1.1018 -0.6683 1.2264, -1.1024 -0.66 1.2264, -1.1021 -0.6548 1.2264, -1.6285 -0.3028 1.2264, -1.6246 -0.317 1.2264, -1.67 -0.383 1.2264, -1.6772 -0.3841 1.2264, -1.6772 -0.6118 1.2264, -1.6621 -0.6294 1.2264, -1.6564 -0.6417 1.2264, -1.6537 -0.655 1.2264, -1.6441 -0.3698 1.2264, -1.6563 -0.378 1.2264, -1.6704 -0.6187 1.2264, -1.0787 -0.7842 1.2264, -1.0787 -0.7321 1.2264, -1.0853 -0.7948 1.2264, -1.094 -0.8038 1.2264, -1.6713 -0.242 1.2264, -1.6655 -0.2561 1.2264, -1.6563 -0.2683 1.2264, -1.0996 -0.2683 1.2264, -1.0904 -0.2561 1.2264, -1.0846 -0.242 1.2264, -1.0827 -0.2269 1.2264, -1.0827 -0.1876 1.2264, -1.122 -0.1482 1.2264, -1.1118 -0.1495 1.2264, -1.084 -0.1774 1.2264, -1.0879 -0.1679 1.2264, -1.0942 -0.1597 1.2264, -1.1024 -0.1535 1.2264, -1.644 -0.1495 1.2264, -1.6719 -0.1774 1.2264, -1.6338 -0.1482 1.2264, -1.6732 -0.1876 1.2264, -1.6732 -0.2269 1.2264, -1.6535 -0.1535 1.2264, -1.6617 -0.1597 1.2264, -1.6679 -0.1679 1.2264, -1.0787 -0.7842 1.128, -1.0853 -0.7948 1.128, -1.094 -0.8038 1.128, -1.1994 -0.119 1.128, -1.1955 -0.1285 1.128, -1.5604 -0.1285 1.128, -1.6575 -0.6814 1.128, -1.6542 -0.6686 1.128, -1.1811 -0.8766 1.128, -1.6535 -0.66 1.128, -1.5843 -0.1469 1.128, -1.5748 -0.1429 1.128, -1.0855 -0.6187 1.128, -1.5666 -0.1367 1.128, -1.1811 -0.8962 1.128, -1.5748 -0.8962 1.128, -1.5748 -0.8766 1.128, -1.0787 -0.3841 1.128, -1.0787 -0.6118 1.128, -1.0931 -0.3809 1.128, -1.1061 -0.3741 1.128, -1.6563 -0.378 1.128, -1.6441 -0.3698 1.128, -1.5551 -0.1088 1.128, -1.5551 -0.0498 1.128, -1.2008 -0.0498 1.128, -1.1304 -0.3384 1.128, -1.1254 -0.3522 1.128, -1.1172 -0.3644 1.128, -1.6772 -0.7842 1.128, -1.6772 -0.7321 1.128, -1.6706 -0.7948 1.128, -1.6619 -0.8038 1.128, -1.6344 -0.3588 1.128, -1.6277 -0.3459 1.128, -1.6243 -0.3316 1.128, -1.6338 -0.1482 1.128, -1.5945 -0.1482 1.128, -1.6732 -0.2269 1.128, -1.5564 -0.119 1.128, -1.2008 -0.1088 1.128, -1.1614 -0.1482 1.128, -1.1239 -0.2957 1.128, -1.1716 -0.1469 1.128, -1.1296 -0.3092 1.128, -1.1319 -0.3238 1.128, -1.624 -0.3254 1.128, -1.6246 -0.317 1.128, -1.0937 -0.6293 1.128, -1.0994 -0.6416 1.128, -1.1021 -0.6548 1.128, -1.0904 -0.2561 1.128, -1.0996 -0.2683 1.128, -1.115 -0.284 1.128, -1.1892 -0.1367 1.128, -1.1811 -0.1429 1.128, -1.1319 -0.3254 1.128, -1.6285 -0.3028 1.128, -1.6357 -0.2901 1.128, -1.6409 -0.284 1.128, -1.6563 -0.2683 1.128, -1.1024 -0.66 1.128, -1.1018 -0.6683 1.128, -1.0984 -0.6813 1.128, -1.0827 -0.1876 1.128, -1.0827 -0.2269 1.128, -1.122 -0.1482 1.128, -1.6772 -0.6118 1.128, -1.6771 -0.3841 1.128, -1.6704 -0.6187 1.128, -1.67 -0.383 1.128, -1.6621 -0.6294 1.128, -1.6564 -0.6417 1.128, -1.6537 -0.655 1.128, -1.0787 -0.7321 1.128, -1.0846 -0.242 1.128, -1.6655 -0.2561 1.128, -1.6713 -0.242 1.128, -1.0942 -0.1597 1.128, -1.1024 -0.1535 1.128, -1.1118 -0.1495 1.128, -1.0879 -0.1679 1.128, -1.084 -0.1774 1.128, -1.6535 -0.1535 1.128, -1.6719 -0.1774 1.128, -1.6617 -0.1597 1.128, -1.6679 -0.1679 1.128, -1.6732 -0.1876 1.128, -1.644 -0.1495 1.128
            ]
        }
        coordIndex [
            0,1,2,-1,3,4,5,-1,5,4,6,-1,7,8,9,-1,9,8,10,-1,6,11,12,-1,13,14,15,-1,15,14,5,-1,15,5,16,-1,16,5,6,-1,16,6,17,-1,17,6,12,-1,18,19,20,-1,21,22,23,-1,23,22,24,-1,0,25,1,-1,1,25,26,-1,1,26,24,-1,27,28,29,-1,29,28,30,-1,29,30,31,-1,31,30,32,-1,31,32,1,-1,10,0,9,-1,9,0,2,-1,9,2,33,-1,33,2,34,-1,33,34,35,-1,36,37,5,-1,5,37,38,-1,5,38,39,-1,21,40,22,-1,22,40,41,-1,22,41,42,-1,42,41,43,-1,22,44,24,-1,24,44,45,-1,24,45,1,-1,1,45,46,-1,1,46,31,-1,47,5,34,-1,34,5,48,-1,34,48,49,-1,49,50,34,-1,34,50,51,-1,34,51,35,-1,20,19,47,-1,47,19,52,-1,47,52,5,-1,5,52,53,-1,5,53,36,-1,54,55,56,-1,57,58,5,-1,5,58,59,-1,5,59,3,-1,39,60,5,-1,5,60,61,-1,5,61,57,-1,57,61,54,-1,57,54,62,-1,62,54,56,-1,63,64,65,-1,65,64,48,-1,65,48,66,-1,66,48,5,-1,67,68,20,-1,20,68,69,-1,20,69,18,-1,43,70,42,-1,42,70,71,-1,42,71,72,-1,72,73,42,-1,42,73,74,-1,42,74,75,-1,75,74,76,-1,77,78,79,-1,77,79,74,-1,74,79,80,-1,74,80,76,-1,81,82,83,-1,83,82,84,-1,83,84,20,-1,20,84,85,-1,20,85,67,-1,81,86,82,-1,82,86,87,-1,82,87,88,-1,89,63,65,-1,89,65,90,-1,90,65,66,-1,90,66,91,-1,92,93,94,-1,95,96,97,-1,97,96,98,-1,97,99,100,-1,101,102,94,-1,103,104,97,-1,97,104,105,-1,97,105,95,-1,102,101,100,-1,106,107,108,-1,108,107,101,-1,108,101,109,-1,109,101,94,-1,97,110,111,-1,112,113,114,-1,115,116,94,-1,94,116,117,-1,94,117,109,-1,118,119,120,-1,120,119,95,-1,120,95,121,-1,121,95,105,-1,111,122,97,-1,97,122,123,-1,97,123,124,-1,125,126,127,-1,94,128,92,-1,92,128,112,-1,92,112,129,-1,129,112,114,-1,130,131,132,-1,132,131,133,-1,132,133,134,-1,124,135,97,-1,97,135,136,-1,97,136,99,-1,101,137,100,-1,100,137,138,-1,100,138,139,-1,140,141,130,-1,130,141,142,-1,130,142,131,-1,93,143,94,-1,94,143,144,-1,94,144,115,-1,115,144,132,-1,115,132,145,-1,145,132,134,-1,136,146,99,-1,99,146,147,-1,99,147,126,-1,126,147,148,-1,126,148,149,-1,139,150,100,-1,100,150,151,-1,100,151,97,-1,97,151,152,-1,97,152,91,-1,153,154,155,-1,156,157,158,-1,158,157,159,-1,158,159,160,-1,160,159,110,-1,160,110,161,-1,161,110,97,-1,161,97,162,-1,162,97,98,-1,163,89,152,-1,152,89,90,-1,152,90,91,-1,155,154,130,-1,130,154,164,-1,130,164,140,-1,149,165,126,-1,126,165,166,-1,126,166,127,-1,167,155,168,-1,168,155,169,-1,167,170,155,-1,155,170,171,-1,155,171,153,-1,172,173,174,-1,174,173,175,-1,127,176,125,-1,125,176,173,-1,125,173,177,-1,177,173,172,-1,
        ]
    }
}
Shape{
    appearance Appearance {
        material  Material 	{
            diffuseColor 0.0 0.2901960784313726 0.8745098039215686
            specularColor 0.0 0.1450980392156863 0.4392156862745098
            ambientIntensity 0.27
            transparency 0.0
            shininess 0.5
        }
    }
    geometry IndexedFaceSet {
        ccw TRUE
        solid FALSE
        coord DEF co Coordinate {
            point [
                -1.0984 -0.6813 1.2264, -1.0787 -0.7321 1.2264, -1.0984 -0.6813 1.128, -1.0787 -0.7321 1.128, -1.0855 -0.6187 1.128, -1.0855 -0.6187 1.2264, -1.0937 -0.6293 1.128, -1.0937 -0.6293 1.2264, -1.0994 -0.6416 1.128, -1.0994 -0.6416 1.2264, -1.1021 -0.6548 1.128, -1.1021 -0.6548 1.2264, -1.1024 -0.66 1.128, -1.1024 -0.66 1.2264, -1.1018 -0.6683 1.128, -1.1018 -0.6683 1.2264, -1.0787 -0.6118 1.128, -1.0787 -0.6118 1.2264, -1.115 -0.284 1.128, -1.115 -0.284 1.2264, -1.1239 -0.2957 1.128, -1.1239 -0.2957 1.2264, -1.1296 -0.3092 1.128, -1.1296 -0.3092 1.2264, -1.1319 -0.3238 1.128, -1.1319 -0.3238 1.2264, -1.1319 -0.3254 1.128, -1.1319 -0.3254 1.2264, -1.1304 -0.3384 1.128, -1.1304 -0.3384 1.2264, -1.1254 -0.3522 1.128, -1.1254 -0.3522 1.2264, -1.1172 -0.3644 1.128, -1.1172 -0.3644 1.2264, -1.1061 -0.3741 1.128, -1.1061 -0.3741 1.2264, -1.0931 -0.3809 1.128, -1.0931 -0.3809 1.2264, -1.0787 -0.3841 1.128, -1.0787 -0.3841 1.2264, -1.0996 -0.2683 1.2264, -1.0996 -0.2683 1.128, -1.0827 -0.2269 1.128, -1.0827 -0.2269 1.2264, -1.0846 -0.242 1.2264, -1.0846 -0.242 1.128, -1.0904 -0.2561 1.2264, -1.0904 -0.2561 1.128, -1.0827 -0.1876 1.128, -1.0827 -0.1876 1.2264, -1.084 -0.1774 1.128, -1.084 -0.1774 1.2264, -1.0879 -0.1679 1.128, -1.0879 -0.1679 1.2264, -1.0942 -0.1597 1.128, -1.0942 -0.1597 1.2264, -1.1024 -0.1535 1.128, -1.1024 -0.1535 1.2264, -1.1118 -0.1495 1.128, -1.1118 -0.1495 1.2264, -1.122 -0.1482 1.128, -1.122 -0.1482 1.2264, -1.1614 -0.1482 1.2264, -1.1614 -0.1482 1.128, -1.2008 -0.1088 1.128, -1.2008 -0.1088 1.2264, -1.1994 -0.119 1.128, -1.1994 -0.119 1.2264, -1.1955 -0.1285 1.128, -1.1955 -0.1285 1.2264, -1.1892 -0.1367 1.128, -1.1892 -0.1367 1.2264, -1.1811 -0.1429 1.128, -1.1811 -0.1429 1.2264, -1.1716 -0.1469 1.128, -1.1716 -0.1469 1.2264, -1.2008 0.0683 0.7047, -1.2008 0.1668 0.7047, -1.2008 0.0683 1.0098, -1.2008 0.1668 1.0098, -1.2008 0.0643 1.0404, -1.2008 0.1594 1.0659, -1.2008 0.0525 1.0689, -1.2008 0.1377 1.1181, -1.2008 0.0337 1.0934, -1.2008 0.1033 1.163, -1.2008 0.0093 1.1121, -1.2008 0.0585 1.1974, -1.2008 -0.0192 1.1239, -1.2008 0.0063 1.219, -1.2008 -0.0498 1.128, -1.2008 -0.0498 1.2264, -1.5551 -0.0498 1.2264, -1.5551 0.0063 1.219, -1.5551 0.0585 1.1974, -1.5551 0.1033 1.163, -1.5551 0.1377 1.1181, -1.5551 0.1594 1.0659, -1.5551 0.1668 1.0098, -1.5551 -0.1088 1.128, -1.5551 -0.1088 1.2264, -1.5551 -0.0498 1.128, -1.5551 -0.0192 1.1239, -1.5551 0.0093 1.1121, -1.5551 0.0337 1.0934, -1.5551 0.0525 1.0689, -1.5551 0.0643 1.0404, -1.5551 0.0683 1.0098, -1.5551 0.0683 0.7047, -1.5551 0.1668 0.7047, -1.5945 -0.1482 1.128, -1.5945 -0.1482 1.2264, -1.5843 -0.1469 1.128, -1.5843 -0.1469 1.2264, -1.5748 -0.1429 1.128, -1.5748 -0.1429 1.2264, -1.5666 -0.1367 1.128, -1.5666 -0.1367 1.2264, -1.5604 -0.1285 1.128, -1.5604 -0.1285 1.2264, -1.5564 -0.119 1.128, -1.5564 -0.119 1.2264, -1.6338 -0.1482 1.128, -1.6338 -0.1482 1.2264, -1.644 -0.1495 1.128, -1.644 -0.1495 1.2264, -1.6535 -0.1535 1.128, -1.6535 -0.1535 1.2264, -1.6617 -0.1597 1.128, -1.6617 -0.1597 1.2264, -1.6679 -0.1679 1.128, -1.6679 -0.1679 1.2264, -1.6719 -0.1774 1.128, -1.6719 -0.1774 1.2264, -1.6732 -0.1876 1.128, -1.6732 -0.1876 1.2264, -1.6732 -0.2269 1.2264, -1.6732 -0.2269 1.128, -1.6563 -0.2683 1.128, -1.6563 -0.2683 1.2264, -1.6655 -0.2561 1.2264, -1.6655 -0.2561 1.128, -1.6713 -0.242 1.2264, -1.6713 -0.242 1.128, -1.6409 -0.284 1.2264, -1.6409 -0.284 1.128, -1.6771 -0.3841 1.128, -1.6772 -0.3841 1.2264, -1.67 -0.383 1.128, -1.67 -0.383 1.2264, -1.6563 -0.378 1.128, -1.6563 -0.378 1.2264, -1.6441 -0.3698 1.128, -1.6441 -0.3698 1.2264, -1.6344 -0.3588 1.128, -1.6344 -0.3588 1.2264, -1.6277 -0.3459 1.128, -1.6277 -0.3459 1.2264, -1.6243 -0.3316 1.128, -1.6243 -0.3316 1.2264, -1.624 -0.3254 1.128, -1.624 -0.3254 1.2264, -1.6246 -0.317 1.128, -1.6246 -0.317 1.2264, -1.6285 -0.3028 1.128, -1.6285 -0.3028 1.2264, -1.6357 -0.2901 1.128, -1.6357 -0.2901 1.2264, -1.6772 -0.7321 1.128, -1.6772 -0.6118 1.128, -1.6772 -0.7321 1.2264, -1.6772 -0.6118 1.2264, -1.6772 -0.7842 1.2264, -1.6772 -1.221 1.2323, -1.6772 -0.7842 1.128, -1.6772 -1.221 1.122, -1.6772 -0.2525 1.122, -1.6772 -0.2525 1.2323, -1.6142 -1.221 1.122, -1.6142 -0.2525 1.122, -1.6142 -1.221 1.2323, -1.6142 -0.2525 1.2323
            ]
        }
        coordIndex [
            0,1,2,-1,2,1,3,-1,4,5,6,-1,6,5,7,-1,6,7,8,-1,8,7,9,-1,8,9,10,-1,10,9,11,-1,10,11,12,-1,12,11,13,-1,12,13,14,-1,14,13,15,-1,14,15,2,-1,2,15,0,-1,4,16,5,-1,5,16,17,-1,18,19,20,-1,20,19,21,-1,20,21,22,-1,22,21,23,-1,22,23,24,-1,24,23,25,-1,24,25,26,-1,26,25,27,-1,26,27,28,-1,28,27,29,-1,28,29,30,-1,30,29,31,-1,30,31,32,-1,32,31,33,-1,32,33,34,-1,34,33,35,-1,34,35,36,-1,36,35,37,-1,36,37,38,-1,38,37,39,-1,19,18,40,-1,40,18,41,-1,42,43,44,-1,42,44,45,-1,45,44,46,-1,45,46,47,-1,47,46,40,-1,47,40,41,-1,42,48,43,-1,43,48,49,-1,49,48,50,-1,49,50,51,-1,51,50,52,-1,51,52,53,-1,53,52,54,-1,53,54,55,-1,55,54,56,-1,55,56,57,-1,57,56,58,-1,57,58,59,-1,59,58,60,-1,59,60,61,-1,62,61,63,-1,63,61,60,-1,64,65,66,-1,66,65,67,-1,66,67,68,-1,68,67,69,-1,68,69,70,-1,70,69,71,-1,70,71,72,-1,72,71,73,-1,72,73,74,-1,74,73,75,-1,74,75,63,-1,63,75,62,-1,76,77,78,-1,78,77,79,-1,78,79,80,-1,80,79,81,-1,80,81,82,-1,82,81,83,-1,82,83,84,-1,84,83,85,-1,84,85,86,-1,86,85,87,-1,86,87,88,-1,88,87,89,-1,88,89,90,-1,90,89,91,-1,90,91,64,-1,64,91,65,-1,92,91,89,-1,92,89,93,-1,93,89,87,-1,93,87,94,-1,94,87,85,-1,94,85,95,-1,95,85,83,-1,95,83,96,-1,96,83,81,-1,96,81,97,-1,97,81,79,-1,97,79,98,-1,99,100,101,-1,101,100,92,-1,101,92,102,-1,102,92,93,-1,102,93,103,-1,103,93,94,-1,103,94,104,-1,104,94,95,-1,104,95,105,-1,105,95,96,-1,105,96,106,-1,106,96,97,-1,106,97,107,-1,107,97,98,-1,107,98,108,-1,108,98,109,-1,110,111,112,-1,112,111,113,-1,112,113,114,-1,114,113,115,-1,114,115,116,-1,116,115,117,-1,116,117,118,-1,118,117,119,-1,118,119,120,-1,120,119,121,-1,120,121,99,-1,99,121,100,-1,110,122,111,-1,111,122,123,-1,123,122,124,-1,123,124,125,-1,125,124,126,-1,125,126,127,-1,127,126,128,-1,127,128,129,-1,129,128,130,-1,129,130,131,-1,131,130,132,-1,131,132,133,-1,133,132,134,-1,133,134,135,-1,136,135,137,-1,137,135,134,-1,138,139,140,-1,138,140,141,-1,141,140,142,-1,141,142,143,-1,143,142,136,-1,143,136,137,-1,139,138,144,-1,144,138,145,-1,146,147,148,-1,148,147,149,-1,148,149,150,-1,150,149,151,-1,150,151,152,-1,152,151,153,-1,152,153,154,-1,154,153,155,-1,154,155,156,-1,156,155,157,-1,156,157,158,-1,158,157,159,-1,158,159,160,-1,160,159,161,-1,160,161,162,-1,162,161,163,-1,162,163,164,-1,164,163,165,-1,164,165,166,-1,166,165,167,-1,166,167,145,-1,145,167,144,-1,168,169,170,-1,170,169,171,-1,172,173,174,-1,174,173,175,-1,174,175,168,-1,168,175,176,-1,168,176,169,-1,172,170,173,-1,173,170,171,-1,173,171,177,-1,177,171,147,-1,177,147,176,-1,176,147,146,-1,176,146,169,-1,178,179,175,-1,175,179,176,-1,173,177,180,-1,180,177,181,-1,
        ]
    }
}
Shape{
    appearance Appearance {
        material  Material 	{
            diffuseColor 0.9686274509803922 0.8784313725490196 0.6
            specularColor 0.6784313725490196 0.615686274509804 0.4196078431372549
            ambientIntensity 0.8737
            transparency 0.0
            shininess 0.5
        }
    }
    geometry IndexedFaceSet {
        ccw TRUE
        solid FALSE
        coord DEF co Coordinate {
            point [
                -1.6619 -0.8038 1.128, -1.6619 -0.8038 1.2264, -1.6706 -0.7948 1.2264, -1.6706 -0.7948 1.128, -1.6772 -0.7842 1.2264, -1.6772 -0.7842 1.128, -1.5748 -0.8766 1.128, -1.5748 -0.8766 1.2264, -1.5748 -3.5651 1.3315, -1.5748 -3.4982 1.406, -1.5748 -3.5514 1.3229, -1.5748 -3.4816 1.3994, -1.5748 -0.8962 1.2264, -1.5748 -0.8962 1.128, -1.5748 -0.9217 1.2297, -1.5748 -0.9472 1.1347, -1.5748 -0.9455 1.2396, -1.5748 -0.9947 1.1543, -1.5748 -0.9658 1.2552, -1.5748 -1.0354 1.1856, -1.5748 -0.9815 1.2756, -1.5748 -1.0667 1.2264, -1.5748 -0.9913 1.2993, -1.5748 -1.0864 1.2739, -1.5748 -0.9947 1.3248, -1.5748 -1.0931 1.3248, -1.5748 -0.9947 1.4232, -1.5748 -1.0931 1.4232, -1.5748 -0.9996 1.467, -1.5748 -1.0964 1.4487, -1.5748 -1.0142 1.5086, -1.5748 -1.1063 1.4724, -1.5748 -1.0376 1.546, -1.5748 -1.1219 1.4928, -1.5748 -1.0688 1.5771, -1.5748 -1.1423 1.5085, -1.5748 -1.1061 1.6006, -1.5748 -1.1477 1.6151, -1.5748 -1.166 1.5183, -1.5748 -1.1915 1.6201, -1.5748 -1.1915 1.5217, -1.5748 -1.4924 1.6201, -1.5748 -1.4868 1.5217, -1.5748 -3.4385 1.3964, -1.5748 -3.4311 1.2981, -1.5748 -3.4535 1.3953, -1.5748 -3.4535 1.2969, -1.5748 -3.4578 1.3954, -1.5748 -3.4726 1.2978, -1.5748 -3.5134 1.3062, -1.1811 -0.8962 1.128, -1.1811 -0.9472 1.1347, -1.1811 -0.9947 1.1543, -1.1811 -1.0354 1.1856, -1.1811 -1.0667 1.2264, -1.1811 -1.0864 1.2739, -1.1811 -1.0931 1.3248, -1.1811 -1.0931 1.4232, -1.1811 -1.1915 1.5217, -1.1811 -1.166 1.5183, -1.1811 -1.1423 1.5085, -1.1811 -1.1219 1.4928, -1.1811 -1.1063 1.4724, -1.1811 -1.0964 1.4487, -1.122 -1.3195 1.5217, -1.122 -1.4868 1.5217, -1.1811 -1.2604 1.5217, -1.1811 -1.0688 1.5771, -1.1811 -1.1061 1.6006, -1.1811 -1.1477 1.6151, -1.1811 -1.1915 1.6201, -1.1811 -1.2604 1.6201, -1.1811 -0.8766 1.128, -1.1811 -0.8766 1.2264, -1.1811 -0.8962 1.2264, -1.1811 -0.9217 1.2297, -1.1811 -0.9455 1.2396, -1.1811 -0.9658 1.2552, -1.1811 -0.9815 1.2756, -1.1811 -0.9913 1.2993, -1.1811 -0.9947 1.3248, -1.1811 -0.9947 1.4232, -1.1811 -0.9996 1.467, -1.1811 -1.0142 1.5086, -1.1811 -1.0376 1.546
            ]
        }
        coordIndex [
            0,1,2,-1,0,2,3,-1,3,2,4,-1,3,4,5,-1,0,6,1,-1,1,6,7,-1,8,9,10,-1,10,9,11,-1,7,6,12,-1,12,6,13,-1,12,13,14,-1,14,13,15,-1,14,15,16,-1,16,15,17,-1,16,17,18,-1,18,17,19,-1,18,19,20,-1,20,19,21,-1,20,21,22,-1,22,21,23,-1,22,23,24,-1,24,23,25,-1,24,25,26,-1,26,25,27,-1,26,27,28,-1,28,27,29,-1,28,29,30,-1,30,29,31,-1,30,31,32,-1,32,31,33,-1,32,33,34,-1,34,33,35,-1,34,35,36,-1,36,35,37,-1,37,35,38,-1,37,38,39,-1,39,38,40,-1,39,40,41,-1,41,40,42,-1,41,42,43,-1,43,42,44,-1,43,44,45,-1,45,44,46,-1,45,46,47,-1,47,46,48,-1,47,48,11,-1,11,48,49,-1,11,49,10,-1,13,50,51,-1,13,51,15,-1,15,51,52,-1,15,52,17,-1,17,52,53,-1,17,53,19,-1,19,53,54,-1,19,54,21,-1,21,54,55,-1,21,55,23,-1,23,55,56,-1,23,56,25,-1,27,25,57,-1,57,25,56,-1,58,40,59,-1,59,40,38,-1,59,38,60,-1,60,38,35,-1,60,35,61,-1,61,35,33,-1,61,33,62,-1,62,33,31,-1,62,31,63,-1,63,31,29,-1,63,29,57,-1,57,29,27,-1,64,65,66,-1,66,65,42,-1,66,42,58,-1,58,42,40,-1,61,67,60,-1,60,67,68,-1,60,68,59,-1,59,68,69,-1,59,69,58,-1,58,69,70,-1,58,70,66,-1,66,70,71,-1,72,73,50,-1,50,73,74,-1,50,74,51,-1,51,74,75,-1,51,75,52,-1,52,75,76,-1,52,76,53,-1,53,76,77,-1,53,77,54,-1,54,77,78,-1,54,78,55,-1,55,78,79,-1,55,79,56,-1,56,79,80,-1,56,80,57,-1,57,80,81,-1,57,81,63,-1,63,81,82,-1,63,82,62,-1,62,82,83,-1,62,83,61,-1,61,83,84,-1,61,84,67,-1,
        ]
    }
}
Shape{
    appearance Appearance {
        material  Material 	{
            diffuseColor 0.0 0.2901960784313726 0.8745098039215686
            specularColor 0.0 0.1450980392156863 0.4392156862745098
            ambientIntensity 0.27
            transparency 0.0
            shininess 0.5
        }
    }
    geometry IndexedFaceSet {
        ccw TRUE
        solid FALSE
        coord DEF co Coordinate {
            point [
                -1.122 -1.3195 1.5217, -1.1811 -1.2604 1.5217, -1.122 -1.3195 1.6201, -1.1811 -1.2604 1.6201
            ]
        }
        coordIndex [
            0,1,2,-1,2,1,3,-1,
        ]
    }
}
Shape{
    appearance Appearance {
        material  Material 	{
            diffuseColor 0.9686274509803922 0.8784313725490196 0.6
            specularColor 0.6784313725490196 0.615686274509804 0.4196078431372549
            ambientIntensity 0.8737
            transparency 0.0
            shininess 0.5
        }
    }
    geometry IndexedFaceSet {
        ccw TRUE
        solid FALSE
        coord DEF co Coordinate {
            point [
                -1.122 -4.0769 1.7299, -1.122 -4.0769 1.6315, -1.122 -3.9391 1.7299, -1.122 -3.9391 1.6315, -1.122 -3.8916 1.7241, -1.122 -3.9154 1.6286, -1.122 -3.8468 1.7069, -1.122 -3.893 1.62, -1.122 -3.8076 1.6795, -1.122 -3.8733 1.6063, -1.122 -3.5193 1.4205, -1.122 -3.5851 1.3473, -1.122 -3.5038 1.4091, -1.122 -3.5514 1.3229, -1.122 -3.4816 1.3994, -1.122 -3.5134 1.3062, -1.122 -3.4578 1.3954, -1.122 -3.4726 1.2978, -1.122 -3.4535 1.3953, -1.122 -3.4535 1.2969, -1.122 -3.4385 1.3964, -1.122 -3.4311 1.2981, -1.122 -1.4924 1.6201, -1.122 -1.4868 1.5217, -1.122 -1.3195 1.6201, -1.122 -1.3195 1.5217, -1.5748 -1.4868 1.5217, -1.5748 -3.4311 1.2981, -1.569 -3.5851 1.3473, -1.5692 -3.5848 1.3471, -1.5734 -3.5753 1.3391, -1.5748 -3.5651 1.3315, -1.5734 -3.5755 1.3392, -1.5748 -3.4535 1.2969, -1.5748 -3.4726 1.2978, -1.5748 -3.5514 1.3229, -1.5748 -3.5134 1.3062, -1.5614 -3.5499 1.4043, -1.5623 -3.548 1.4045, -1.5624 -3.5931 1.3544, -1.5689 -3.5334 1.4053, -1.5691 -3.5323 1.4055, -1.5728 -3.5138 1.4076, -1.5742 -3.5069 1.4084, -1.5734 -3.5753 1.3391, -1.5745 -3.5035 1.4089, -1.5747 -3.5008 1.4074, -1.5748 -3.4982 1.406, -1.5535 -3.6 1.3606, -1.5533 -3.5603 1.4045, -1.5576 -3.5557 1.4043, -1.5427 -3.6053 1.3654, -1.531 -3.6086 1.3684, -1.531 -3.5739 1.407, -1.5406 -3.5705 1.4056, -1.5426 -3.5692 1.4054, -1.5493 -3.5647 1.4047
            ]
        }
        coordIndex [
            0,1,2,-1,2,1,3,-1,2,3,4,-1,4,3,5,-1,4,5,6,-1,6,5,7,-1,6,7,8,-1,8,7,9,-1,8,9,10,-1,10,9,11,-1,10,11,12,-1,12,11,13,-1,12,13,14,-1,14,13,15,-1,14,15,16,-1,16,15,17,-1,16,17,18,-1,18,17,19,-1,18,19,20,-1,20,19,21,-1,20,21,22,-1,22,21,23,-1,22,23,24,-1,24,23,25,-1,26,23,27,-1,27,23,21,-1,11,28,29,-1,30,31,13,-1,11,29,13,-1,13,29,32,-1,13,32,30,-1,27,21,33,-1,33,21,19,-1,33,19,34,-1,31,35,13,-1,13,35,36,-1,13,36,15,-1,15,36,34,-1,15,34,17,-1,17,34,19,-1,37,38,39,-1,39,38,28,-1,28,38,40,-1,28,40,29,-1,40,41,29,-1,29,41,42,-1,29,42,32,-1,43,31,42,-1,42,31,44,-1,42,44,32,-1,43,45,31,-1,31,45,46,-1,31,46,47,-1,48,49,39,-1,39,49,50,-1,39,50,37,-1,51,52,53,-1,53,54,51,-1,51,54,55,-1,51,55,48,-1,48,55,56,-1,48,56,49,-1,
        ]
    }
}
Shape{
    appearance Appearance {
        material  Material 	{
            diffuseColor 0.0 0.2901960784313726 0.8745098039215686
            specularColor 0.0 0.1450980392156863 0.4392156862745098
            ambientIntensity 0.27
            transparency 0.0
            shininess 0.5
        }
    }
    geometry IndexedFaceSet {
        ccw TRUE
        solid FALSE
        coord DEF co Coordinate {
            point [
                -1.122 -3.5193 1.4205, -1.122 -3.5038 1.4091, -1.4664 -3.5193 1.4205, -1.521 -3.5116 1.4143, -1.5724 -3.5038 1.4091, -1.5747 -3.5008 1.4074, -1.5745 -3.5035 1.4089, -1.122 -3.4385 1.3964, -1.5748 -3.4385 1.3964, -1.122 -3.4535 1.3953, -1.5748 -3.4535 1.3953, -1.122 -3.4578 1.3954, -1.5748 -3.4578 1.3954, -1.122 -3.4816 1.3994, -1.5748 -3.4816 1.3994, -1.5748 -3.4982 1.406
            ]
        }
        coordIndex [
            0,1,2,-1,2,1,3,-1,3,1,4,-1,4,1,5,-1,4,5,6,-1,7,8,9,-1,9,8,10,-1,9,10,11,-1,11,10,12,-1,11,12,13,-1,13,12,14,-1,13,14,1,-1,1,14,15,-1,1,15,5,-1,
        ]
    }
}
Shape{
    appearance Appearance {
        material  Material 	{
            diffuseColor 0.9686274509803922 0.8784313725490196 0.6
            specularColor 0.6784313725490196 0.615686274509804 0.4196078431372549
            ambientIntensity 0.8737
            transparency 0.0
            shininess 0.5
        }
    }
    geometry IndexedFaceSet {
        ccw TRUE
        solid FALSE
        coord DEF co Coordinate {
            point [
                -1.122 -1.4924 1.6201, -1.5748 -1.4924 1.6201, -1.122 -3.4385 1.3964, -1.5748 -3.4385 1.3964
            ]
        }
        coordIndex [
            0,1,2,-1,2,1,3,-1,
        ]
    }
}
Shape{
    appearance Appearance {
        material  Material 	{
            diffuseColor 0.0 0.2901960784313726 0.8745098039215686
            specularColor 0.0 0.1450980392156863 0.4392156862745098
            ambientIntensity 0.27
            transparency 0.0
            shininess 0.5
        }
    }
    geometry IndexedFaceSet {
        ccw TRUE
        solid FALSE
        coord DEF co Coordinate {
            point [
                -1.1811 -1.1915 1.6201, -1.5748 -1.1915 1.6201, -1.1811 -1.2604 1.6201, -1.5748 -1.4924 1.6201, -1.122 -1.3195 1.6201, -1.122 -1.4924 1.6201, -1.1811 -0.9947 1.4232, -1.5748 -0.9947 1.4232, -1.5748 -0.9996 1.467, -1.1811 -0.9996 1.467, -1.5748 -1.0142 1.5086, -1.1811 -1.0142 1.5086, -1.5748 -1.0376 1.546, -1.1811 -1.0376 1.546, -1.5748 -1.0688 1.5771, -1.1811 -1.0688 1.5771, -1.5748 -1.1061 1.6006, -1.1811 -1.1061 1.6006, -1.5748 -1.1477 1.6151, -1.1811 -1.1477 1.6151, -1.5748 -0.9947 1.3248, -1.1811 -0.9947 1.3248, -1.5748 -0.9913 1.2993, -1.1811 -0.9913 1.2993, -1.5748 -0.9815 1.2756, -1.1811 -0.9815 1.2756, -1.5748 -0.9658 1.2552, -1.1811 -0.9658 1.2552, -1.5748 -0.9455 1.2396, -1.1811 -0.9455 1.2396, -1.5748 -0.9217 1.2297, -1.1811 -0.9217 1.2297, -1.5748 -0.8962 1.2264, -1.1811 -0.8962 1.2264, -1.2401 -3.8076 1.6795, -1.122 -3.8076 1.6795, -1.2401 -3.5644 1.461, -1.122 -3.5193 1.4205, -1.4664 -3.5193 1.4205
            ]
        }
        coordIndex [
            0,1,2,-1,2,1,3,-1,2,3,4,-1,4,3,5,-1,6,7,8,-1,6,8,9,-1,9,8,10,-1,9,10,11,-1,11,10,12,-1,11,12,13,-1,13,12,14,-1,13,14,15,-1,15,14,16,-1,15,16,17,-1,17,16,18,-1,17,18,19,-1,19,18,1,-1,19,1,0,-1,20,7,21,-1,21,7,6,-1,20,21,22,-1,22,21,23,-1,22,23,24,-1,24,23,25,-1,24,25,26,-1,26,25,27,-1,26,27,28,-1,28,27,29,-1,28,29,30,-1,30,29,31,-1,30,31,32,-1,32,31,33,-1,34,35,36,-1,36,35,37,-1,36,37,38,-1,
        ]
    }
}
Shape{
    appearance Appearance {
        material  Material 	{
            diffuseColor 0.9686274509803922 0.8784313725490196 0.6
            specularColor 0.6784313725490196 0.615686274509804 0.4196078431372549
            ambientIntensity 0.8737
            transparency 0.0
            shininess 0.5
        }
    }
    geometry IndexedFaceSet {
        ccw TRUE
        solid FALSE
        coord DEF co Coordinate {
            point [
                -1.4664 -3.5193 1.4205, -1.4786 -3.5848 1.4159, -1.2401 -3.5644 1.461, -1.2839 -3.6236 1.4507, -1.2737 -3.6271 1.4525, -1.272 -3.6282 1.4528, -1.2644 -3.6333 1.454, -1.2539 -3.6451 1.4555, -1.2526 -3.6477 1.4557, -1.2461 -3.6604 1.4564, -1.2458 -3.6617 1.4565, -1.2614 -3.6364 1.4545, -1.2556 -3.6427 1.4553, -1.2418 -3.678 1.4566, -1.241 -3.6813 1.4566, -1.2401 -3.6953 1.4563, -1.5048 -3.5795 1.4113, -1.531 -3.5739 1.407, -1.531 -3.6086 1.3684, -1.2839 -3.6579 1.4127, -1.5048 -3.5795 1.4113, -1.521 -3.5116 1.4143, -1.5745 -3.5035 1.4089, -1.5742 -3.5069 1.4084, -1.5724 -3.5038 1.4091, -1.5728 -3.5138 1.4076, -1.5691 -3.5323 1.4055, -1.5689 -3.5334 1.4053, -1.5623 -3.548 1.4045, -1.5614 -3.5499 1.4043, -1.5576 -3.5557 1.4043, -1.5533 -3.5603 1.4045, -1.5493 -3.5647 1.4047, -1.5426 -3.5692 1.4054, -1.5406 -3.5705 1.4056, -1.2737 -3.6271 1.4525, -1.2719 -3.6613 1.4158, -1.2556 -3.6427 1.4553, -1.2612 -3.6666 1.4205, -1.2644 -3.6333 1.454, -1.2461 -3.6604 1.4564, -1.2524 -3.6735 1.4268, -1.2457 -3.6817 1.4341, -1.2415 -3.6908 1.4422, -1.2401 -3.7003 1.4508, -1.241 -3.6813 1.4566, -1.2401 -3.8076 1.6795, -1.2401 -4.0769 1.6315, -1.2401 -4.0769 1.7299, -1.2401 -3.9391 1.6315, -1.2401 -3.9391 1.7299, -1.2401 -3.9154 1.6286, -1.2401 -3.8916 1.7241, -1.2401 -3.893 1.62, -1.2401 -3.8468 1.7069, -1.2401 -3.8733 1.6063
            ]
        }
        coordIndex [
            0,1,2,-1,2,1,3,-1,3,4,2,-1,2,4,5,-1,2,5,6,-1,7,8,2,-1,2,8,9,-1,2,9,10,-1,6,11,2,-1,2,11,12,-1,2,12,7,-1,10,13,2,-1,2,13,14,-1,2,14,15,-1,16,17,18,-1,19,3,18,-1,18,3,1,-1,18,1,16,-1,1,0,20,-1,20,0,21,-1,22,23,24,-1,24,23,25,-1,24,25,21,-1,21,25,26,-1,21,26,27,-1,27,28,21,-1,21,28,29,-1,21,29,30,-1,30,31,21,-1,21,31,32,-1,21,32,33,-1,33,34,21,-1,21,34,17,-1,21,17,20,-1,3,19,35,-1,35,19,36,-1,37,11,38,-1,38,11,39,-1,38,39,36,-1,36,39,5,-1,36,5,35,-1,10,40,41,-1,41,40,8,-1,41,8,38,-1,38,8,7,-1,38,7,37,-1,41,42,10,-1,10,42,43,-1,10,43,13,-1,44,15,43,-1,43,15,45,-1,43,45,13,-1,46,2,15,-1,47,48,49,-1,49,48,50,-1,49,50,51,-1,51,50,52,-1,51,52,53,-1,53,52,54,-1,53,54,55,-1,55,54,46,-1,55,46,44,-1,44,46,15,-1,
        ]
    }
}
Shape{
    appearance Appearance {
        material  Material 	{
            diffuseColor 0.0 0.2901960784313726 0.8745098039215686
            specularColor 0.0 0.1450980392156863 0.4392156862745098
            ambientIntensity 0.27
            transparency 0.0
            shininess 0.5
        }
    }
    geometry IndexedFaceSet {
        ccw TRUE
        solid FALSE
        coord DEF co Coordinate {
            point [
                -1.2401 -3.9391 1.7299, -1.122 -3.9391 1.7299, -1.122 -3.8916 1.7241, -1.2401 -3.8916 1.7241, -1.122 -3.8468 1.7069, -1.2401 -3.8468 1.7069, -1.122 -3.8076 1.6795, -1.2401 -3.8076 1.6795, -1.211 -4.115 1.7299, -1.2008 -4.1163 1.7299, -1.2401 -4.0769 1.7299, -1.2349 -4.0966 1.7299, -1.2286 -4.1048 1.7299, -1.2205 -4.111 1.7299, -1.1614 -4.1163 1.7299, -1.122 -4.0769 1.7299, -1.1512 -4.115 1.7299, -1.1417 -4.111 1.7299, -1.1336 -4.1048 1.7299, -1.1273 -4.0966 1.7299, -1.1234 -4.0871 1.7299, -1.2388 -4.0871 1.7299, -1.2008 -4.1163 1.6315, -1.211 -4.115 1.6315, -1.2205 -4.111 1.6315, -1.2286 -4.1048 1.6315, -1.2349 -4.0966 1.6315, -1.2388 -4.0871 1.6315, -1.2401 -4.0769 1.6315, -1.1512 -4.115 1.6315, -1.1614 -4.1163 1.6315, -1.122 -4.0769 1.6315, -1.122 -3.9391 1.6315, -1.1273 -4.0966 1.6315, -1.1336 -4.1048 1.6315, -1.1417 -4.111 1.6315, -1.1234 -4.0871 1.6315, -1.2401 -3.9391 1.6315, -1.2401 -3.8733 1.6063, -1.122 -3.8733 1.6063, -1.2401 -3.893 1.62, -1.122 -3.893 1.62, -1.2401 -3.9154 1.6286, -1.122 -3.9154 1.6286
            ]
        }
        coordIndex [
            0,1,2,-1,0,2,3,-1,3,2,4,-1,3,4,5,-1,5,4,6,-1,5,6,7,-1,8,9,10,-1,10,9,0,-1,11,12,13,-1,0,9,1,-1,1,9,14,-1,1,14,15,-1,15,14,16,-1,15,16,17,-1,18,19,17,-1,17,19,20,-1,17,20,15,-1,8,10,13,-1,13,10,21,-1,13,21,11,-1,22,9,8,-1,22,8,23,-1,23,8,13,-1,23,13,24,-1,24,13,12,-1,24,12,25,-1,25,12,11,-1,25,11,26,-1,26,11,21,-1,26,21,27,-1,27,21,10,-1,27,10,28,-1,29,30,31,-1,31,30,32,-1,33,34,35,-1,29,31,35,-1,35,31,36,-1,35,36,33,-1,32,30,37,-1,37,30,22,-1,37,22,28,-1,28,22,23,-1,28,23,24,-1,25,26,24,-1,24,26,27,-1,24,27,28,-1,14,9,30,-1,30,9,22,-1,31,15,20,-1,31,20,36,-1,36,20,19,-1,36,19,33,-1,33,19,18,-1,33,18,34,-1,34,18,17,-1,34,17,35,-1,35,17,16,-1,35,16,29,-1,29,16,14,-1,29,14,30,-1,38,39,40,-1,40,39,41,-1,40,41,42,-1,42,41,43,-1,42,43,37,-1,37,43,32,-1,
        ]
    }
}
Shape{
    appearance Appearance {
        material  Material 	{
            diffuseColor 0.9686274509803922 0.8784313725490196 0.6
            specularColor 0.6784313725490196 0.615686274509804 0.4196078431372549
            ambientIntensity 0.8737
            transparency 0.0
            shininess 0.5
        }
    }
    geometry IndexedFaceSet {
        ccw TRUE
        solid FALSE
        coord DEF co Coordinate {
            point [
                -1.2415 -3.6908 1.4422, -1.2457 -3.6817 1.4341, -1.122 -3.5851 1.3473, -1.2524 -3.6735 1.4268, -1.2612 -3.6666 1.4205, -1.2719 -3.6613 1.4158, -1.2839 -3.6579 1.4127, -1.531 -3.6086 1.3684, -1.5427 -3.6053 1.3654, -1.122 -3.8733 1.6063, -1.2401 -3.8733 1.6063, -1.2401 -3.7003 1.4508, -1.5535 -3.6 1.3606, -1.5624 -3.5931 1.3544, -1.569 -3.5851 1.3473, -1.094 -0.8038 1.2264, -1.1811 -0.8766 1.2264, -1.094 -0.8038 1.128, -1.1811 -0.8766 1.128
            ]
        }
        coordIndex [
            0,1,2,-1,1,3,2,-1,2,3,4,-1,2,4,5,-1,5,6,2,-1,2,6,7,-1,2,7,8,-1,9,10,2,-1,2,10,11,-1,2,11,0,-1,8,12,2,-1,2,12,13,-1,2,13,14,-1,15,16,17,-1,17,16,18,-1,
        ]
    }
}
Shape{
    appearance Appearance {
        material  Material 	{
            diffuseColor 0.0 0.2901960784313726 0.8745098039215686
            specularColor 0.0 0.1450980392156863 0.4392156862745098
            ambientIntensity 0.27
            transparency 0.0
            shininess 0.5
        }
    }
    geometry IndexedFaceSet {
        ccw TRUE
        solid FALSE
        coord DEF co Coordinate {
            point [
                -1.6575 -0.6814 1.128, -1.6772 -0.7321 1.128, -1.6575 -0.6813 1.2264, -1.6772 -0.7321 1.2264, -1.6542 -0.6686 1.128, -1.6542 -0.6686 1.2264, -1.6535 -0.66 1.128, -1.6535 -0.66 1.2264, -1.6537 -0.655 1.128, -1.6537 -0.655 1.2264, -1.6564 -0.6417 1.128, -1.6564 -0.6417 1.2264, -1.6621 -0.6294 1.128, -1.6621 -0.6294 1.2264, -1.6704 -0.6187 1.128, -1.6704 -0.6187 1.2264, -1.6772 -0.6118 1.2264, -1.6772 -0.6118 1.128
            ]
        }
        coordIndex [
            0,1,2,-1,2,1,3,-1,0,2,4,-1,4,2,5,-1,4,5,6,-1,6,5,7,-1,6,7,8,-1,8,7,9,-1,8,9,10,-1,10,9,11,-1,10,11,12,-1,12,11,13,-1,12,13,14,-1,14,13,15,-1,15,16,14,-1,14,16,17,-1,
        ]
    }
}
Shape{
    appearance Appearance {
        material  Material 	{
            diffuseColor 0.9686274509803922 0.8784313725490196 0.6
            specularColor 0.6784313725490196 0.615686274509804 0.4196078431372549
            ambientIntensity 0.8737
            transparency 0.0
            shininess 0.5
        }
    }
    geometry IndexedFaceSet {
        ccw TRUE
        solid FALSE
        coord DEF co Coordinate {
            point [
                -1.5551 0.0683 1.0098, -1.2008 0.0683 1.0098, -1.5551 0.0643 1.0404, -1.2008 0.0643 1.0404, -1.5551 0.0525 1.0689, -1.2008 0.0525 1.0689, -1.5551 0.0337 1.0934, -1.2008 0.0337 1.0934, -1.5551 0.0093 1.1121, -1.2008 0.0093 1.1121, -1.5551 -0.0192 1.1239, -1.2008 -0.0192 1.1239, -1.5551 -0.0498 1.128, -1.2008 -0.0498 1.128, -1.4173 0.0683 -1.063, -1.3386 0.0683 -1.063, -1.4567 0.0683 -0.9449, -1.2992 0.0683 -0.9449, -1.4567 0.0683 0.6063, -1.2992 0.0683 0.6063, -1.5551 0.0683 0.7047, -1.2008 0.0683 0.7047
            ]
        }
        coordIndex [
            0,1,2,-1,2,1,3,-1,2,3,4,-1,4,3,5,-1,4,5,6,-1,6,5,7,-1,6,7,8,-1,8,7,9,-1,8,9,10,-1,10,9,11,-1,10,11,12,-1,12,11,13,-1,14,15,16,-1,16,15,17,-1,16,17,18,-1,18,17,19,-1,18,19,20,-1,20,19,21,-1,20,21,0,-1,0,21,1,-1,
        ]
    }
}
Shape{
    appearance Appearance {
        material  Material 	{
            diffuseColor 0.0 0.2901960784313726 0.8745098039215686
            specularColor 0.0 0.1450980392156863 0.4392156862745098
            ambientIntensity 0.27
            transparency 0.0
            shininess 0.5
        }
    }
    geometry IndexedFaceSet {
        ccw TRUE
        solid FALSE
        coord DEF co Coordinate {
            point [
                -1.2992 0.1668 0.6063, -1.2008 0.1668 0.7047, -1.2992 0.0683 0.6063, -1.2008 0.0683 0.7047
            ]
        }
        coordIndex [
            0,1,2,-1,2,1,3,-1,
        ]
    }
}
Shape{
    appearance Appearance {
        material  Material 	{
            diffuseColor 0.9686274509803922 0.8784313725490196 0.6
            specularColor 0.6784313725490196 0.615686274509804 0.4196078431372549
            ambientIntensity 0.8737
            transparency 0.0
            shininess 0.5
        }
    }
    geometry IndexedFaceSet {
        ccw TRUE
        solid FALSE
        coord DEF co Coordinate {
            point [
                -1.2992 0.1668 0.6063, -1.5551 0.1668 0.7047, -1.2008 0.1668 0.7047, -1.5551 0.1668 1.0098, -1.2008 0.1668 1.0098, -1.3386 0.1668 -1.063, -1.4173 0.1668 -1.063, -1.2992 0.1668 -0.9449, -1.4567 0.1668 -0.9449, -1.4567 0.1668 0.6063
            ]
        }
        coordIndex [
            0,1,2,-1,2,1,3,-1,2,3,4,-1,5,6,7,-1,7,6,8,-1,7,8,0,-1,0,8,9,-1,0,9,1,-1,
        ]
    }
}
Shape{
    appearance Appearance {
        material  Material 	{
            diffuseColor 0.0 0.2901960784313726 0.8745098039215686
            specularColor 0.0 0.1450980392156863 0.4392156862745098
            ambientIntensity 0.27
            transparency 0.0
            shininess 0.5
        }
    }
    geometry IndexedFaceSet {
        ccw TRUE
        solid FALSE
        coord DEF co Coordinate {
            point [
                -1.4567 0.0683 0.6063, -1.5551 0.0683 0.7047, -1.4567 0.1668 0.6063, -1.5551 0.1668 0.7047
            ]
        }
        coordIndex [
            0,1,2,-1,2,1,3,-1,
        ]
    }
}
Shape{
    appearance Appearance {
        material  Material 	{
            diffuseColor 0.9686274509803922 0.8784313725490196 0.6
            specularColor 0.6784313725490196 0.615686274509804 0.4196078431372549
            ambientIntensity 0.8737
            transparency 0.0
            shininess 0.5
        }
    }
    geometry IndexedFaceSet {
        ccw TRUE
        solid FALSE
        coord DEF co Coordinate {
            point [
                -1.4567 0.1668 0.6063, -1.4567 0.1668 -0.9449, -1.4567 0.0683 0.6063, -1.4567 0.0683 -0.9449, -1.4173 0.1668 -1.063, -1.4173 0.0683 -1.063, -1.3386 0.1668 -1.063, -1.3386 0.0683 -1.063, -1.2992 0.1668 -0.9449, -1.2992 0.0683 -0.9449, -1.2992 0.0683 0.6063, -1.2992 0.1668 0.6063
            ]
        }
        coordIndex [
            0,1,2,-1,2,1,3,-1,4,5,1,-1,1,5,3,-1,4,6,5,-1,5,6,7,-1,8,9,6,-1,6,9,7,-1,10,9,11,-1,11,9,8,-1,
        ]
    }
}
Shape{
    appearance Appearance {
        material  Material 	{
            diffuseColor 0.0 0.2901960784313726 0.8745098039215686
            specularColor 0.0 0.1450980392156863 0.4392156862745098
            ambientIntensity 0.27
            transparency 0.0
            shininess 0.5
        }
    }
    geometry IndexedFaceSet {
        ccw TRUE
        solid FALSE
        coord DEF co Coordinate {
            point [
                -1.6142 -3.9573 1.5118, -1.6142 -3.9573 1.6299, -1.0827 -3.9573 1.5118, -1.2795 -3.9573 1.6299, -1.0827 -3.9573 1.6299, -1.0827 -4.2722 1.6299, -1.2795 -4.2722 1.6299, -1.2795 -4.2722 2.2362, -1.0827 -4.2722 2.2362, -1.2795 -4.1314 2.2245, -1.2795 -4.0814 2.2319, -1.2795 -4.0679 2.2362, -1.2795 -2.8549 1.6299, -1.2795 -2.8549 2.2362, -1.2795 -4.1817 2.2301, -1.2795 -4.2018 2.2362, -1.0827 -2.8549 2.2362, -1.0827 -2.8549 1.6299, -0.6299 -3.9573 1.6299, -0.6299 -3.9573 1.5118, -0.6299 -1.221 1.5118, -0.6299 -1.221 1.2323, -0.6299 -0.2525 1.2323, -0.6299 -0.1935 1.6299, -0.6299 -0.1935 1.2913, -0.6929 -0.2525 1.2323, -0.752 -0.1935 1.2913, -0.6929 -0.2525 1.122, -0.752 -0.1935 1.063, -0.6299 -0.1935 1.063, -0.6299 -0.2525 1.122, -0.6299 -1.221 1.122, -0.6299 -1.221 1.0, -0.6299 -0.1935 1.0, -0.1575 -1.221 1.0, -0.1575 -0.1935 1.0, -0.1575 -1.221 1.122, -0.1575 -0.2525 1.122, -0.1575 -0.1935 1.063, -0.0945 -0.2525 1.122, -0.0354 -0.1935 1.063, -0.0945 -0.2525 1.2323, -0.0354 -0.1935 1.2913, -0.1575 -0.1935 1.2913, -0.1575 -0.2525 1.2323, -0.1575 -1.221 1.5118, -0.1575 -3.9573 1.5118, -0.1575 -3.9573 1.6299, -0.1575 -1.221 1.2323, -0.1575 -0.1935 1.6299, -0.4921 -3.9573 1.6299, -0.2953 -3.9573 1.6299, -0.2953 -4.2722 1.6299, -0.4921 -4.2722 1.6299, -0.2953 -4.2722 2.2362, -0.2953 -2.8549 2.2362, -0.2953 -2.8549 1.6299, -0.4921 -4.2722 2.2362, -0.4921 -2.8549 1.6299, -0.4921 -2.8549 2.2362, -0.0945 -1.221 1.2323, -0.0945 -0.7326 1.2264, -0.0945 -0.6106 1.2264, -0.0945 -0.7326 1.128, -0.0945 -0.6106 1.128, -0.0945 -0.7842 1.128, -0.0945 -1.221 1.122, -0.0945 -0.7842 1.2264, -0.0945 -0.3841 1.128, -0.0945 -0.3841 1.2264
            ]
        }
        coordIndex [
            0,1,2,-1,2,1,3,-1,2,3,4,-1,5,4,6,-1,6,4,3,-1,6,7,5,-1,5,7,8,-1,9,6,10,-1,10,6,3,-1,10,3,11,-1,11,3,12,-1,11,12,13,-1,9,14,6,-1,6,14,15,-1,6,15,7,-1,13,12,16,-1,16,12,17,-1,18,19,20,-1,20,21,22,-1,18,20,23,-1,23,20,22,-1,23,22,24,-1,22,25,24,-1,24,25,26,-1,25,27,26,-1,26,27,28,-1,29,28,30,-1,30,28,27,-1,30,31,29,-1,29,31,32,-1,29,32,33,-1,34,35,32,-1,32,35,33,-1,36,37,34,-1,34,37,38,-1,34,38,35,-1,37,39,38,-1,38,39,40,-1,39,41,40,-1,40,41,42,-1,43,42,44,-1,44,42,41,-1,45,46,47,-1,44,48,43,-1,43,48,45,-1,43,45,49,-1,49,45,47,-1,19,18,50,-1,19,50,46,-1,46,50,51,-1,46,51,47,-1,52,51,53,-1,53,51,50,-1,52,54,51,-1,51,54,55,-1,51,55,56,-1,53,57,52,-1,52,57,54,-1,58,59,50,-1,50,59,57,-1,50,57,53,-1,56,55,58,-1,58,55,59,-1,48,44,60,-1,60,44,41,-1,61,62,63,-1,63,62,64,-1,65,66,67,-1,67,66,60,-1,67,60,61,-1,61,60,41,-1,61,41,62,-1,65,63,66,-1,66,63,64,-1,66,64,39,-1,39,64,68,-1,39,68,41,-1,41,68,69,-1,41,69,62,-1,66,39,36,-1,36,39,37,-1,
        ]
    }
}
Shape{
    appearance Appearance {
        material  Material 	{
            diffuseColor 0.9686274509803922 0.8784313725490196 0.6
            specularColor 0.6784313725490196 0.615686274509804 0.4196078431372549
            ambientIntensity 0.8737
            transparency 0.0
            shininess 0.5
        }
    }
    geometry IndexedFaceSet {
        ccw TRUE
        solid FALSE
        coord DEF co Coordinate {
            point [
                -0.1203 -0.6538 1.128, -0.1206 -0.66 1.128, -0.5905 -0.8766 1.128, -0.1199 -0.669 1.128, -0.1157 -0.6835 1.128, -0.6671 -0.6538 1.128, -0.6706 -0.6391 1.128, -0.6 -0.1469 1.128, -0.6777 -0.6258 1.128, -0.205 -0.1367 1.128, -0.5761 -0.1285 1.128, -0.5722 -0.119 1.128, -0.0945 -0.7326 1.128, -0.0945 -0.7842 1.128, -0.1097 -0.6258 1.128, -0.1168 -0.6391 1.128, -0.1873 -0.1469 1.128, -0.1968 -0.1429 1.128, -0.1968 -0.8962 1.128, -0.5905 -0.8962 1.128, -0.1968 -0.8766 1.128, -0.1098 -0.8038 1.128, -0.1011 -0.7948 1.128, -0.6717 -0.6835 1.128, -0.6675 -0.669 1.128, -0.6668 -0.66 1.128, -0.1372 -0.3588 1.128, -0.1275 -0.3698 1.128, -0.5905 -0.1429 1.128, -0.5824 -0.1367 1.128, -0.5709 -0.1088 1.128, -0.5709 -0.0498 1.128, -0.2165 -0.0498 1.128, -0.6929 -0.7842 1.128, -0.6929 -0.7326 1.128, -0.6863 -0.7948 1.128, -0.6776 -0.8038 1.128, -0.6929 -0.6106 1.128, -0.6929 -0.3841 1.128, -0.688 -0.6147 1.128, -0.6786 -0.3809 1.128, -0.6655 -0.3741 1.128, -0.6545 -0.3644 1.128, -0.6398 -0.3238 1.128, -0.642 -0.3092 1.128, -0.6477 -0.2957 1.128, -0.6102 -0.1482 1.128, -0.2165 -0.1088 1.128, -0.2152 -0.119 1.128, -0.2113 -0.1285 1.128, -0.1016 -0.383 1.128, -0.0945 -0.3841 1.128, -0.0945 -0.6106 1.128, -0.1772 -0.1482 1.128, -0.1359 -0.2901 1.128, -0.1432 -0.3028 1.128, -0.147 -0.317 1.128, -0.1154 -0.378 1.128, -0.0994 -0.6147 1.128, -0.6462 -0.3522 1.128, -0.6412 -0.3384 1.128, -0.6398 -0.3254 1.128, -0.1061 -0.2561 1.128, -0.1153 -0.2683 1.128, -0.1307 -0.284 1.128, -0.1476 -0.3254 1.128, -0.1473 -0.3316 1.128, -0.144 -0.3459 1.128, -0.6567 -0.284 1.128, -0.6721 -0.2683 1.128, -0.6812 -0.2561 1.128, -0.0998 -0.1774 1.128, -0.0984 -0.1876 1.128, -0.1378 -0.1482 1.128, -0.0984 -0.2269 1.128, -0.1004 -0.242 1.128, -0.6876 -0.1774 1.128, -0.6837 -0.1679 1.128, -0.6496 -0.1482 1.128, -0.687 -0.242 1.128, -0.689 -0.2269 1.128, -0.689 -0.1876 1.128, -0.1276 -0.1495 1.128, -0.1181 -0.1535 1.128, -0.6774 -0.1597 1.128, -0.6693 -0.1535 1.128, -0.6598 -0.1495 1.128, -0.1099 -0.1597 1.128, -0.1037 -0.1679 1.128
            ]
        }
        coordIndex [
            0,1,2,-1,2,1,3,-1,2,3,4,-1,5,6,7,-1,7,6,8,-1,9,10,11,-1,4,12,13,-1,14,15,16,-1,16,15,0,-1,16,0,17,-1,17,0,9,-1,18,19,20,-1,20,19,2,-1,20,2,21,-1,21,2,4,-1,21,4,22,-1,22,4,13,-1,23,24,2,-1,2,24,25,-1,26,27,14,-1,25,5,2,-1,2,5,7,-1,2,7,0,-1,0,7,28,-1,0,28,9,-1,9,28,29,-1,9,29,10,-1,30,31,32,-1,33,34,35,-1,35,34,23,-1,35,23,36,-1,36,23,2,-1,37,38,39,-1,39,38,40,-1,39,40,8,-1,8,40,41,-1,8,41,42,-1,43,44,7,-1,7,44,45,-1,7,45,46,-1,32,47,30,-1,30,47,48,-1,30,48,11,-1,11,48,49,-1,11,49,9,-1,50,51,52,-1,53,54,16,-1,16,54,55,-1,16,55,56,-1,27,57,14,-1,14,57,50,-1,14,50,58,-1,58,50,52,-1,42,59,8,-1,8,59,60,-1,8,60,7,-1,7,60,61,-1,7,61,43,-1,62,63,53,-1,53,63,64,-1,53,64,54,-1,56,65,16,-1,16,65,66,-1,16,66,14,-1,14,66,67,-1,14,67,26,-1,45,68,46,-1,46,68,69,-1,46,69,70,-1,71,72,73,-1,73,72,74,-1,73,74,53,-1,53,74,75,-1,53,75,62,-1,76,77,78,-1,70,79,46,-1,46,79,80,-1,46,80,78,-1,78,80,81,-1,78,81,76,-1,73,82,83,-1,77,84,78,-1,78,84,85,-1,78,85,86,-1,83,87,73,-1,73,87,88,-1,73,88,71,-1,
        ]
    }
}
Shape{
    appearance Appearance {
        material  Material 	{
            diffuseColor 0.0 0.2901960784313726 0.8745098039215686
            specularColor 0.0 0.1450980392156863 0.4392156862745098
            ambientIntensity 0.27
            transparency 0.0
            shininess 0.5
        }
    }
    geometry IndexedFaceSet {
        ccw TRUE
        solid FALSE
        coord DEF co Coordinate {
            point [
                -0.1157 -0.6835 1.2264, -0.0945 -0.7326 1.2264, -0.1157 -0.6835 1.128, -0.0945 -0.7326 1.128, -0.6668 -0.66 1.2264, -0.6675 -0.669 1.2264, -0.1968 -0.8766 1.2264, -0.6717 -0.6835 1.2264, -0.1199 -0.669 1.2264, -0.1968 -0.1429 1.2264, -0.205 -0.1367 1.2264, -0.5905 -0.1429 1.2264, -0.1873 -0.1469 1.2264, -0.6777 -0.6258 1.2264, -0.6706 -0.6391 1.2264, -0.6671 -0.6538 1.2264, -0.6929 -0.7326 1.2264, -0.6929 -0.7842 1.2264, -0.2113 -0.1285 1.2264, -0.2152 -0.119 1.2264, -0.5824 -0.1367 1.2264, -0.5905 -0.8962 1.2264, -0.1968 -0.8962 1.2264, -0.5905 -0.8766 1.2264, -0.6776 -0.8038 1.2264, -0.6863 -0.7948 1.2264, -0.1206 -0.66 1.2264, -0.1203 -0.6538 1.2264, -0.1168 -0.6391 1.2264, -0.1097 -0.6258 1.2264, -0.1275 -0.3698 1.2264, -0.1372 -0.3588 1.2264, -0.6 -0.1469 1.2264, -0.0945 -0.7842 1.2264, -0.1011 -0.7948 1.2264, -0.1098 -0.8038 1.2264, -0.1378 -0.1482 1.2264, -0.1772 -0.1482 1.2264, -0.0984 -0.2269 1.2264, -0.2165 -0.1088 1.2264, -0.2165 -0.0498 1.2264, -0.5709 -0.0498 1.2264, -0.0945 -0.6106 1.2264, -0.0945 -0.3841 1.2264, -0.0994 -0.6147 1.2264, -0.1016 -0.383 1.2264, -0.1154 -0.378 1.2264, -0.5709 -0.1088 1.2264, -0.5722 -0.119 1.2264, -0.5761 -0.1285 1.2264, -0.147 -0.317 1.2264, -0.1432 -0.3028 1.2264, -0.1359 -0.2901 1.2264, -0.1307 -0.284 1.2264, -0.1153 -0.2683 1.2264, -0.6812 -0.2561 1.2264, -0.6721 -0.2683 1.2264, -0.6102 -0.1482 1.2264, -0.6786 -0.3809 1.2264, -0.6929 -0.3841 1.2264, -0.6929 -0.6106 1.2264, -0.144 -0.3459 1.2264, -0.1473 -0.3316 1.2264, -0.1476 -0.3254 1.2264, -0.6545 -0.3644 1.2264, -0.6655 -0.3741 1.2264, -0.688 -0.6147 1.2264, -0.6567 -0.284 1.2264, -0.6477 -0.2957 1.2264, -0.642 -0.3092 1.2264, -0.6398 -0.3238 1.2264, -0.1061 -0.2561 1.2264, -0.1004 -0.242 1.2264, -0.6876 -0.1774 1.2264, -0.689 -0.1876 1.2264, -0.6496 -0.1482 1.2264, -0.689 -0.2269 1.2264, -0.687 -0.242 1.2264, -0.6398 -0.3254 1.2264, -0.6412 -0.3384 1.2264, -0.6462 -0.3522 1.2264, -0.0984 -0.1876 1.2264, -0.0998 -0.1774 1.2264, -0.1037 -0.1679 1.2264, -0.6598 -0.1495 1.2264, -0.6693 -0.1535 1.2264, -0.6774 -0.1597 1.2264, -0.6837 -0.1679 1.2264, -0.1099 -0.1597 1.2264, -0.1181 -0.1535 1.2264, -0.1276 -0.1495 1.2264
            ]
        }
        coordIndex [
            0,1,2,-1,2,1,3,-1,4,5,6,-1,6,5,7,-1,0,8,6,-1,9,10,11,-1,6,12,9,-1,13,14,6,-1,6,14,15,-1,6,15,4,-1,7,16,17,-1,10,18,11,-1,11,18,19,-1,11,19,20,-1,21,22,23,-1,23,22,6,-1,23,6,24,-1,24,6,7,-1,24,7,25,-1,25,7,17,-1,8,26,6,-1,6,26,27,-1,6,27,12,-1,12,27,28,-1,12,28,29,-1,29,30,31,-1,9,11,6,-1,6,11,32,-1,6,32,13,-1,33,1,34,-1,34,1,0,-1,34,0,35,-1,35,0,6,-1,36,37,38,-1,39,40,41,-1,42,43,44,-1,44,43,45,-1,44,45,29,-1,29,45,46,-1,29,46,30,-1,41,47,39,-1,39,47,48,-1,39,48,19,-1,19,48,49,-1,19,49,20,-1,50,51,12,-1,12,51,52,-1,12,52,37,-1,37,52,53,-1,37,53,54,-1,55,56,57,-1,58,59,60,-1,31,61,29,-1,29,61,62,-1,29,62,12,-1,12,62,63,-1,12,63,50,-1,64,65,13,-1,13,65,58,-1,13,58,66,-1,66,58,60,-1,56,67,57,-1,57,67,68,-1,57,68,32,-1,32,68,69,-1,32,69,70,-1,54,71,37,-1,37,71,72,-1,37,72,38,-1,73,74,75,-1,75,74,76,-1,75,76,57,-1,57,76,77,-1,57,77,55,-1,70,78,32,-1,32,78,79,-1,32,79,13,-1,13,79,80,-1,13,80,64,-1,38,81,36,-1,36,81,82,-1,36,82,83,-1,75,84,85,-1,85,86,75,-1,75,86,87,-1,75,87,73,-1,83,88,36,-1,36,88,89,-1,36,89,90,-1,
        ]
    }
}
Shape{
    appearance Appearance {
        material  Material 	{
            diffuseColor 0.9686274509803922 0.8784313725490196 0.6
            specularColor 0.6784313725490196 0.615686274509804 0.4196078431372549
            ambientIntensity 0.8737
            transparency 0.0
            shininess 0.5
        }
    }
    geometry IndexedFaceSet {
        ccw TRUE
        solid FALSE
        coord DEF co Coordinate {
            point [
                -0.1098 -0.8038 1.2264, -0.1098 -0.8038 1.128, -0.1011 -0.7948 1.128, -0.1011 -0.7948 1.2264, -0.0945 -0.7842 1.128, -0.0945 -0.7842 1.2264, -0.1968 -0.8766 1.2264, -0.1968 -0.8766 1.128, -0.1968 -3.5514 1.3229, -0.1968 -3.5158 1.4175, -0.1968 -3.5851 1.3473, -0.1968 -3.5331 1.4166, -0.1968 -3.5908 1.3524, -0.1968 -0.8962 1.128, -0.1968 -0.8962 1.2264, -0.1968 -0.9472 1.1347, -0.1968 -0.9217 1.2297, -0.1968 -0.9947 1.1543, -0.1968 -0.9455 1.2396, -0.1968 -1.0354 1.1856, -0.1968 -0.9658 1.2552, -0.1968 -1.0667 1.2264, -0.1968 -0.9815 1.2756, -0.1968 -1.0864 1.2739, -0.1968 -0.9913 1.2993, -0.1968 -1.0931 1.3248, -0.1968 -0.9947 1.3248, -0.1968 -1.0931 1.4232, -0.1968 -0.9947 1.4232, -0.1968 -1.0956 1.4451, -0.1968 -0.9996 1.467, -0.1968 -1.1028 1.4659, -0.1968 -1.0142 1.5086, -0.1968 -1.1146 1.4846, -0.1968 -1.0376 1.546, -0.1968 -1.1301 1.5002, -0.1968 -1.0688 1.5771, -0.1968 -1.1488 1.5119, -0.1968 -1.1061 1.6006, -0.1968 -1.1696 1.5192, -0.1968 -1.1477 1.6151, -0.1968 -1.1915 1.5217, -0.1968 -1.1915 1.6201, -0.1968 -1.4868 1.5217, -0.1968 -1.4924 1.6201, -0.1968 -3.4311 1.2981, -0.1968 -3.4385 1.3964, -0.1968 -3.4535 1.2969, -0.1968 -3.4535 1.3953, -0.1968 -3.4726 1.2978, -0.1968 -3.4578 1.3954, -0.1968 -3.5134 1.3062, -0.1968 -3.4816 1.3994, -0.1968 -3.5038 1.4091, -0.5905 -0.8962 1.128, -0.5905 -0.9472 1.1347, -0.5905 -0.9947 1.1543, -0.5905 -1.0354 1.1856, -0.5905 -1.0667 1.2264, -0.5905 -1.0864 1.2739, -0.5905 -1.0931 1.3248, -0.5905 -3.5851 1.3473, -0.5905 -3.5908 1.3524, -0.5905 -3.5331 1.4166, -0.5905 -3.5514 1.3229, -0.5905 -0.8766 1.2264, -0.5905 -0.8766 1.128, -0.5905 -0.8962 1.2264, -0.5905 -0.9217 1.2297, -0.5905 -0.9455 1.2396, -0.5905 -0.9658 1.2552, -0.5905 -0.9815 1.2756, -0.5905 -0.9913 1.2993, -0.5905 -0.9947 1.3248, -0.5905 -0.9947 1.4232, -0.5905 -1.0931 1.4232, -0.5905 -0.9996 1.467, -0.5905 -1.0956 1.4451, -0.5905 -1.0142 1.5086, -0.5905 -1.1028 1.4659, -0.5905 -1.0376 1.546, -0.5905 -1.1146 1.4846, -0.5905 -1.0688 1.5771, -0.5905 -1.1301 1.5002, -0.5905 -1.1061 1.6006, -0.5905 -1.1488 1.5119, -0.5905 -1.1477 1.6151, -0.5905 -1.1696 1.5192, -0.5905 -1.1915 1.6201, -0.5905 -1.1915 1.5217, -0.5905 -1.4924 1.6201, -0.5905 -1.4868 1.5217, -0.5905 -3.4385 1.3964, -0.5905 -3.4311 1.2981, -0.5905 -3.4535 1.3953, -0.5905 -3.4535 1.2969, -0.5905 -3.4578 1.3954, -0.5905 -3.4726 1.2978, -0.5905 -3.4816 1.3994, -0.5905 -3.5134 1.3062, -0.5905 -3.5038 1.4091, -0.5905 -3.5158 1.4175, -0.6776 -0.8038 1.128, -0.6776 -0.8038 1.2264, -0.6929 -0.7842 1.2264, -0.6929 -0.7842 1.128, -0.6863 -0.7948 1.128, -0.6863 -0.7948 1.2264
            ]
        }
        coordIndex [
            0,1,2,-1,0,2,3,-1,3,2,4,-1,3,4,5,-1,0,6,1,-1,1,6,7,-1,8,9,10,-1,10,9,11,-1,10,11,12,-1,7,6,13,-1,13,6,14,-1,13,14,15,-1,15,14,16,-1,15,16,17,-1,17,16,18,-1,17,18,19,-1,19,18,20,-1,19,20,21,-1,21,20,22,-1,21,22,23,-1,23,22,24,-1,23,24,25,-1,25,24,26,-1,25,26,27,-1,27,26,28,-1,27,28,29,-1,29,28,30,-1,29,30,31,-1,31,30,32,-1,31,32,33,-1,33,32,34,-1,33,34,35,-1,35,34,36,-1,35,36,37,-1,37,36,38,-1,37,38,39,-1,39,38,40,-1,39,40,41,-1,41,40,42,-1,41,42,43,-1,43,42,44,-1,43,44,45,-1,45,44,46,-1,45,46,47,-1,47,46,48,-1,47,48,49,-1,49,48,50,-1,49,50,51,-1,51,50,52,-1,51,52,8,-1,8,52,53,-1,8,53,9,-1,54,13,15,-1,54,15,55,-1,55,15,17,-1,55,17,56,-1,56,17,19,-1,56,19,57,-1,57,19,21,-1,57,21,58,-1,58,21,23,-1,58,23,59,-1,59,23,25,-1,59,25,60,-1,61,62,63,-1,61,63,64,-1,65,66,67,-1,67,66,54,-1,67,54,68,-1,68,54,55,-1,68,55,69,-1,69,55,56,-1,69,56,70,-1,70,56,57,-1,70,57,71,-1,71,57,58,-1,71,58,72,-1,72,58,59,-1,72,59,73,-1,73,59,60,-1,73,60,74,-1,74,60,75,-1,74,75,76,-1,76,75,77,-1,76,77,78,-1,78,77,79,-1,78,79,80,-1,80,79,81,-1,80,81,82,-1,82,81,83,-1,82,83,84,-1,84,83,85,-1,84,85,86,-1,86,85,87,-1,86,87,88,-1,88,87,89,-1,88,89,90,-1,90,89,91,-1,90,91,92,-1,92,91,93,-1,92,93,94,-1,94,93,95,-1,94,95,96,-1,96,95,97,-1,96,97,98,-1,98,97,99,-1,98,99,100,-1,100,99,64,-1,100,64,101,-1,101,64,63,-1,102,66,103,-1,103,66,65,-1,104,105,106,-1,104,106,107,-1,107,106,102,-1,107,102,103,-1,
        ]
    }
}
Shape{
    appearance Appearance {
        material  Material 	{
            diffuseColor 0.0 0.2901960784313726 0.8745098039215686
            specularColor 0.0 0.1450980392156863 0.4392156862745098
            ambientIntensity 0.27
            transparency 0.0
            shininess 0.5
        }
    }
    geometry IndexedFaceSet {
        ccw TRUE
        solid FALSE
        coord DEF co Coordinate {
            point [
                -0.6929 -0.7326 1.128, -0.6929 -0.7842 1.128, -0.6929 -1.221 1.122, -0.6929 -0.6106 1.2264, -0.6929 -0.3841 1.2264, -0.6929 -0.2525 1.2323, -0.6929 -1.221 1.2323, -0.6929 -0.7842 1.2264, -0.6929 -0.7326 1.2264, -0.6929 -0.2525 1.122, -0.6929 -0.3841 1.128, -0.6929 -0.6106 1.128, -0.6299 -1.221 1.122, -0.6299 -0.2525 1.122, -0.6299 -1.221 1.2323, -0.6299 -0.2525 1.2323, -0.6717 -0.6835 1.128, -0.6717 -0.6835 1.2264, -0.688 -0.6147 1.2264, -0.688 -0.6147 1.128, -0.6777 -0.6258 1.2264, -0.6777 -0.6258 1.128, -0.6706 -0.6391 1.2264, -0.6706 -0.6391 1.128, -0.6671 -0.6538 1.2264, -0.6671 -0.6538 1.128, -0.6668 -0.66 1.2264, -0.6668 -0.66 1.128, -0.6675 -0.669 1.2264, -0.6675 -0.669 1.128, -0.6567 -0.284 1.2264, -0.6567 -0.284 1.128, -0.6477 -0.2957 1.2264, -0.6477 -0.2957 1.128, -0.642 -0.3092 1.2264, -0.642 -0.3092 1.128, -0.6398 -0.3238 1.2264, -0.6398 -0.3238 1.128, -0.6398 -0.3254 1.2264, -0.6398 -0.3254 1.128, -0.6412 -0.3384 1.2264, -0.6412 -0.3384 1.128, -0.6462 -0.3522 1.2264, -0.6462 -0.3522 1.128, -0.6545 -0.3644 1.2264, -0.6545 -0.3644 1.128, -0.6655 -0.3741 1.2264, -0.6655 -0.3741 1.128, -0.6786 -0.3809 1.2264, -0.6786 -0.3809 1.128, -0.6721 -0.2683 1.2264, -0.6721 -0.2683 1.128, -0.689 -0.2269 1.2264, -0.689 -0.2269 1.128, -0.687 -0.242 1.128, -0.687 -0.242 1.2264, -0.6812 -0.2561 1.128, -0.6812 -0.2561 1.2264, -0.689 -0.1876 1.2264, -0.689 -0.1876 1.128, -0.6876 -0.1774 1.2264, -0.6876 -0.1774 1.128, -0.6837 -0.1679 1.2264, -0.6837 -0.1679 1.128, -0.6774 -0.1597 1.2264, -0.6774 -0.1597 1.128, -0.6693 -0.1535 1.2264, -0.6693 -0.1535 1.128, -0.6598 -0.1495 1.2264, -0.6598 -0.1495 1.128, -0.6496 -0.1482 1.2264, -0.6496 -0.1482 1.128, -0.6102 -0.1482 1.2264, -0.6102 -0.1482 1.128, -0.5709 -0.1088 1.2264, -0.5709 -0.1088 1.128, -0.5722 -0.119 1.2264, -0.5722 -0.119 1.128, -0.5761 -0.1285 1.2264, -0.5761 -0.1285 1.128, -0.5824 -0.1367 1.2264, -0.5824 -0.1367 1.128, -0.5905 -0.1429 1.2264, -0.5905 -0.1429 1.128, -0.6 -0.1469 1.2264, -0.6 -0.1469 1.128, -0.5709 -0.0498 1.128, -0.5709 -0.0498 1.2264, -0.5709 -0.0192 1.1239, -0.5709 0.0063 1.219, -0.5709 0.0093 1.1121, -0.5709 0.0585 1.1974, -0.5709 0.0337 1.0934, -0.5709 0.1033 1.163, -0.5709 0.0525 1.0689, -0.5709 0.1377 1.1181, -0.5709 0.0643 1.0404, -0.5709 0.1594 1.0659, -0.5709 0.0683 1.0098, -0.5709 0.1668 1.0098, -0.5709 0.0683 0.7047, -0.5709 0.1668 0.7047
            ]
        }
        coordIndex [
            0,1,2,-1,3,4,5,-1,2,1,6,-1,6,1,7,-1,6,7,8,-1,5,4,9,-1,9,4,10,-1,9,10,11,-1,5,6,3,-1,3,6,8,-1,3,8,11,-1,11,8,0,-1,11,0,9,-1,9,0,2,-1,12,13,2,-1,2,13,9,-1,6,5,14,-1,14,5,15,-1,16,0,17,-1,17,0,8,-1,18,19,20,-1,20,19,21,-1,20,21,22,-1,22,21,23,-1,22,23,24,-1,24,23,25,-1,24,25,26,-1,26,25,27,-1,26,27,28,-1,28,27,29,-1,28,29,17,-1,17,29,16,-1,18,3,19,-1,19,3,11,-1,30,31,32,-1,32,31,33,-1,32,33,34,-1,34,33,35,-1,34,35,36,-1,36,35,37,-1,36,37,38,-1,38,37,39,-1,38,39,40,-1,40,39,41,-1,40,41,42,-1,42,41,43,-1,42,43,44,-1,44,43,45,-1,44,45,46,-1,46,45,47,-1,46,47,48,-1,48,47,49,-1,48,49,4,-1,4,49,10,-1,50,51,30,-1,30,51,31,-1,52,53,54,-1,52,54,55,-1,55,54,56,-1,55,56,57,-1,57,56,51,-1,57,51,50,-1,52,58,53,-1,53,58,59,-1,59,58,60,-1,59,60,61,-1,61,60,62,-1,61,62,63,-1,63,62,64,-1,63,64,65,-1,65,64,66,-1,65,66,67,-1,67,66,68,-1,67,68,69,-1,69,68,70,-1,69,70,71,-1,70,72,71,-1,71,72,73,-1,74,75,76,-1,76,75,77,-1,76,77,78,-1,78,77,79,-1,78,79,80,-1,80,79,81,-1,80,81,82,-1,82,81,83,-1,82,83,84,-1,84,83,85,-1,84,85,72,-1,72,85,73,-1,75,74,86,-1,86,74,87,-1,86,87,88,-1,88,87,89,-1,88,89,90,-1,90,89,91,-1,90,91,92,-1,92,91,93,-1,92,93,94,-1,94,93,95,-1,94,95,96,-1,96,95,97,-1,96,97,98,-1,98,97,99,-1,98,99,100,-1,100,99,101,-1,
        ]
    }
}
Shape{
    appearance Appearance {
        material  Material 	{
            diffuseColor 0.9686274509803922 0.8784313725490196 0.6
            specularColor 0.6784313725490196 0.615686274509804 0.4196078431372549
            ambientIntensity 0.8737
            transparency 0.0
            shininess 0.5
        }
    }
    geometry IndexedFaceSet {
        ccw TRUE
        solid FALSE
        coord DEF co Coordinate {
            point [
                -0.5709 0.0683 1.0098, -0.2165 0.0683 1.0098, -0.5709 0.0643 1.0404, -0.2165 0.0643 1.0404, -0.5709 0.0525 1.0689, -0.2165 0.0525 1.0689, -0.5709 0.0337 1.0934, -0.2165 0.0337 1.0934, -0.5709 0.0093 1.1121, -0.2165 0.0093 1.1121, -0.5709 -0.0192 1.1239, -0.2165 -0.0192 1.1239, -0.5709 -0.0498 1.128, -0.2165 -0.0498 1.128
            ]
        }
        coordIndex [
            0,1,2,-1,2,1,3,-1,2,3,4,-1,4,3,5,-1,4,5,6,-1,6,5,7,-1,6,7,8,-1,8,7,9,-1,8,9,10,-1,10,9,11,-1,10,11,12,-1,12,11,13,-1,
        ]
    }
}
Shape{
    appearance Appearance {
        material  Material 	{
            diffuseColor 0.0 0.2901960784313726 0.8745098039215686
            specularColor 0.0 0.1450980392156863 0.4392156862745098
            ambientIntensity 0.27
            transparency 0.0
            shininess 0.5
        }
    }
    geometry IndexedFaceSet {
        ccw TRUE
        solid FALSE
        coord DEF co Coordinate {
            point [
                -0.2165 0.0683 0.7047, -0.2165 0.1668 0.7047, -0.2165 0.0683 1.0098, -0.2165 0.1668 1.0098, -0.2165 0.0643 1.0404, -0.2165 0.1594 1.0659, -0.2165 0.0525 1.0689, -0.2165 0.1377 1.1181, -0.2165 0.0337 1.0934, -0.2165 0.1033 1.163, -0.2165 0.0093 1.1121, -0.2165 0.0585 1.1974, -0.2165 -0.0192 1.1239, -0.2165 0.0063 1.219, -0.2165 -0.0498 1.128, -0.2165 -0.0498 1.2264, -0.2165 -0.1088 1.128, -0.2165 -0.1088 1.2264, -0.1772 -0.1482 1.2264, -0.1772 -0.1482 1.128, -0.1873 -0.1469 1.2264, -0.1873 -0.1469 1.128, -0.1968 -0.1429 1.2264, -0.1968 -0.1429 1.128, -0.205 -0.1367 1.2264, -0.205 -0.1367 1.128, -0.2113 -0.1285 1.2264, -0.2113 -0.1285 1.128, -0.2152 -0.119 1.2264, -0.2152 -0.119 1.128, -0.1378 -0.1482 1.128, -0.1378 -0.1482 1.2264, -0.1276 -0.1495 1.2264, -0.1276 -0.1495 1.128, -0.1181 -0.1535 1.2264, -0.1181 -0.1535 1.128, -0.1099 -0.1597 1.2264, -0.1099 -0.1597 1.128, -0.1037 -0.1679 1.2264, -0.1037 -0.1679 1.128, -0.0998 -0.1774 1.2264, -0.0998 -0.1774 1.128, -0.0984 -0.1876 1.2264, -0.0984 -0.1876 1.128, -0.0984 -0.2269 1.128, -0.0984 -0.2269 1.2264, -0.1153 -0.2683 1.2264, -0.1153 -0.2683 1.128, -0.1061 -0.2561 1.128, -0.1061 -0.2561 1.2264, -0.1004 -0.242 1.128, -0.1004 -0.242 1.2264, -0.1307 -0.284 1.2264, -0.1307 -0.284 1.128, -0.0945 -0.3841 1.2264, -0.0945 -0.3841 1.128, -0.1016 -0.383 1.2264, -0.1016 -0.383 1.128, -0.1154 -0.378 1.2264, -0.1154 -0.378 1.128, -0.1275 -0.3698 1.2264, -0.1275 -0.3698 1.128, -0.1372 -0.3588 1.2264, -0.1372 -0.3588 1.128, -0.144 -0.3459 1.2264, -0.144 -0.3459 1.128, -0.1473 -0.3316 1.2264, -0.1473 -0.3316 1.128, -0.1476 -0.3254 1.2264, -0.1476 -0.3254 1.128, -0.147 -0.317 1.2264, -0.147 -0.317 1.128, -0.1432 -0.3028 1.2264, -0.1432 -0.3028 1.128, -0.1359 -0.2901 1.2264, -0.1359 -0.2901 1.128, -0.5709 -0.0498 1.2264, -0.5709 0.0063 1.219, -0.5709 0.0585 1.1974, -0.5709 0.1033 1.163, -0.5709 0.1377 1.1181, -0.5709 0.1594 1.0659, -0.5709 0.1668 1.0098
            ]
        }
        coordIndex [
            0,1,2,-1,2,1,3,-1,2,3,4,-1,4,3,5,-1,4,5,6,-1,6,5,7,-1,6,7,8,-1,8,7,9,-1,8,9,10,-1,10,9,11,-1,10,11,12,-1,12,11,13,-1,12,13,14,-1,14,13,15,-1,14,15,16,-1,16,15,17,-1,18,19,20,-1,20,19,21,-1,20,21,22,-1,22,21,23,-1,22,23,24,-1,24,23,25,-1,24,25,26,-1,26,25,27,-1,26,27,28,-1,28,27,29,-1,28,29,17,-1,17,29,16,-1,30,19,31,-1,31,19,18,-1,30,31,32,-1,30,32,33,-1,33,32,34,-1,33,34,35,-1,35,34,36,-1,35,36,37,-1,37,36,38,-1,37,38,39,-1,39,38,40,-1,39,40,41,-1,41,40,42,-1,41,42,43,-1,44,43,45,-1,45,43,42,-1,46,47,48,-1,46,48,49,-1,49,48,50,-1,49,50,51,-1,51,50,44,-1,51,44,45,-1,52,53,46,-1,46,53,47,-1,54,55,56,-1,56,55,57,-1,56,57,58,-1,58,57,59,-1,58,59,60,-1,60,59,61,-1,60,61,62,-1,62,61,63,-1,62,63,64,-1,64,63,65,-1,64,65,66,-1,66,65,67,-1,66,67,68,-1,68,67,69,-1,68,69,70,-1,70,69,71,-1,70,71,72,-1,72,71,73,-1,72,73,74,-1,74,73,75,-1,74,75,52,-1,52,75,53,-1,76,15,13,-1,76,13,77,-1,77,13,11,-1,77,11,78,-1,78,11,9,-1,78,9,79,-1,79,9,7,-1,79,7,80,-1,80,7,5,-1,80,5,81,-1,81,5,3,-1,81,3,82,-1,
        ]
    }
}
Shape{
    appearance Appearance {
        material  Material 	{
            diffuseColor 0.9686274509803922 0.8784313725490196 0.6
            specularColor 0.6784313725490196 0.615686274509804 0.4196078431372549
            ambientIntensity 0.8737
            transparency 0.0
            shininess 0.5
        }
    }
    geometry IndexedFaceSet {
        ccw TRUE
        solid FALSE
        coord DEF co Coordinate {
            point [
                -0.3543 0.1668 -1.063, -0.4331 0.1668 -1.063, -0.315 0.1668 -0.9449, -0.4724 0.1668 -0.9449, -0.315 0.1668 0.6063, -0.4724 0.1668 0.6063, -0.2165 0.1668 0.7047, -0.5709 0.1668 0.7047, -0.2165 0.1668 1.0098, -0.5709 0.1668 1.0098
            ]
        }
        coordIndex [
            0,1,2,-1,2,1,3,-1,2,3,4,-1,4,3,5,-1,4,5,6,-1,6,5,7,-1,6,7,8,-1,8,7,9,-1,
        ]
    }
}
Shape{
    appearance Appearance {
        material  Material 	{
            diffuseColor 0.0 0.2901960784313726 0.8745098039215686
            specularColor 0.0 0.1450980392156863 0.4392156862745098
            ambientIntensity 0.27
            transparency 0.0
            shininess 0.5
        }
    }
    geometry IndexedFaceSet {
        ccw TRUE
        solid FALSE
        coord DEF co Coordinate {
            point [
                -0.4724 0.0683 0.6063, -0.5709 0.0683 0.7047, -0.4724 0.1668 0.6063, -0.5709 0.1668 0.7047
            ]
        }
        coordIndex [
            0,1,2,-1,2,1,3,-1,
        ]
    }
}
Shape{
    appearance Appearance {
        material  Material 	{
            diffuseColor 0.9686274509803922 0.8784313725490196 0.6
            specularColor 0.6784313725490196 0.615686274509804 0.4196078431372549
            ambientIntensity 0.8737
            transparency 0.0
            shininess 0.5
        }
    }
    geometry IndexedFaceSet {
        ccw TRUE
        solid FALSE
        coord DEF co Coordinate {
            point [
                -0.4724 0.0683 0.6063, -0.2165 0.0683 0.7047, -0.5709 0.0683 0.7047, -0.2165 0.0683 1.0098, -0.5709 0.0683 1.0098, -0.4331 0.0683 -1.063, -0.3543 0.0683 -1.063, -0.4724 0.0683 -0.9449, -0.315 0.0683 -0.9449, -0.315 0.0683 0.6063
            ]
        }
        coordIndex [
            0,1,2,-1,2,1,3,-1,2,3,4,-1,5,6,7,-1,7,6,8,-1,7,8,0,-1,0,8,9,-1,0,9,1,-1,
        ]
    }
}
Shape{
    appearance Appearance {
        material  Material 	{
            diffuseColor 0.0 0.2901960784313726 0.8745098039215686
            specularColor 0.0 0.1450980392156863 0.4392156862745098
            ambientIntensity 0.27
            transparency 0.0
            shininess 0.5
        }
    }
    geometry IndexedFaceSet {
        ccw TRUE
        solid FALSE
        coord DEF co Coordinate {
            point [
                -0.315 0.1668 0.6063, -0.2165 0.1668 0.7047, -0.315 0.0683 0.6063, -0.2165 0.0683 0.7047
            ]
        }
        coordIndex [
            0,1,2,-1,2,1,3,-1,
        ]
    }
}
Shape{
    appearance Appearance {
        material  Material 	{
            diffuseColor 0.9686274509803922 0.8784313725490196 0.6
            specularColor 0.6784313725490196 0.615686274509804 0.4196078431372549
            ambientIntensity 0.8737
            transparency 0.0
            shininess 0.5
        }
    }
    geometry IndexedFaceSet {
        ccw TRUE
        solid FALSE
        coord DEF co Coordinate {
            point [
                -0.315 0.0683 0.6063, -0.315 0.0683 -0.9449, -0.315 0.1668 0.6063, -0.315 0.1668 -0.9449, -0.3543 0.1668 -1.063, -0.3543 0.0683 -1.063, -0.4331 0.0683 -1.063, -0.4331 0.1668 -1.063, -0.4724 0.1668 -0.9449, -0.4724 0.0683 -0.9449, -0.4724 0.1668 0.6063, -0.4724 0.0683 0.6063
            ]
        }
        coordIndex [
            0,1,2,-1,2,1,3,-1,3,1,4,-1,4,1,5,-1,5,6,4,-1,4,6,7,-1,7,6,8,-1,8,6,9,-1,10,8,11,-1,11,8,9,-1,
        ]
    }
}
Shape{
    appearance Appearance {
        material  Material 	{
            diffuseColor 0.0 0.2901960784313726 0.8745098039215686
            specularColor 0.0 0.1450980392156863 0.4392156862745098
            ambientIntensity 0.27
            transparency 0.0
            shininess 0.5
        }
    }
    geometry IndexedFaceSet {
        ccw TRUE
        solid FALSE
        coord DEF co Coordinate {
            point [
                -0.5905 -0.9947 1.3248, -0.1968 -0.9947 1.3248, -0.5905 -0.9913 1.2993, -0.1968 -0.9913 1.2993, -0.5905 -0.9815 1.2756, -0.1968 -0.9815 1.2756, -0.5905 -0.9658 1.2552, -0.1968 -0.9658 1.2552, -0.5905 -0.9455 1.2396, -0.1968 -0.9455 1.2396, -0.5905 -0.9217 1.2297, -0.1968 -0.9217 1.2297, -0.5905 -0.8962 1.2264, -0.1968 -0.8962 1.2264, -0.5905 -0.9947 1.4232, -0.1968 -0.9947 1.4232, -0.5905 -0.9996 1.467, -0.1968 -0.9996 1.467, -0.5905 -1.0142 1.5086, -0.1968 -1.0142 1.5086, -0.5905 -1.0376 1.546, -0.1968 -1.0376 1.546, -0.5905 -1.0688 1.5771, -0.1968 -1.0688 1.5771, -0.5905 -1.1061 1.6006, -0.1968 -1.1061 1.6006, -0.5905 -1.1477 1.6151, -0.1968 -1.1477 1.6151, -0.5905 -1.1915 1.6201, -0.1968 -1.1915 1.6201, -0.1968 -1.4924 1.6201, -0.5905 -1.4924 1.6201
            ]
        }
        coordIndex [
            0,1,2,-1,2,1,3,-1,2,3,4,-1,4,3,5,-1,4,5,6,-1,6,5,7,-1,6,7,8,-1,8,7,9,-1,8,9,10,-1,10,9,11,-1,10,11,12,-1,12,11,13,-1,0,14,1,-1,1,14,15,-1,15,14,16,-1,15,16,17,-1,17,16,18,-1,17,18,19,-1,19,18,20,-1,19,20,21,-1,21,20,22,-1,21,22,23,-1,23,22,24,-1,23,24,25,-1,25,24,26,-1,25,26,27,-1,27,26,28,-1,27,28,29,-1,30,29,31,-1,31,29,28,-1,
        ]
    }
}
Shape{
    appearance Appearance {
        material  Material 	{
            diffuseColor 0.9686274509803922 0.8784313725490196 0.6
            specularColor 0.6784313725490196 0.615686274509804 0.4196078431372549
            ambientIntensity 0.8737
            transparency 0.0
            shininess 0.5
        }
    }
    geometry IndexedFaceSet {
        ccw TRUE
        solid FALSE
        coord DEF co Coordinate {
            point [
                -0.5905 -3.4385 1.3964, -0.1968 -3.4385 1.3964, -0.5905 -1.4924 1.6201, -0.1968 -1.4924 1.6201
            ]
        }
        coordIndex [
            0,1,2,-1,2,1,3,-1,
        ]
    }
}
Shape{
    appearance Appearance {
        material  Material 	{
            diffuseColor 0.0 0.2901960784313726 0.8745098039215686
            specularColor 0.0 0.1450980392156863 0.4392156862745098
            ambientIntensity 0.27
            transparency 0.0
            shininess 0.5
        }
    }
    geometry IndexedFaceSet {
        ccw TRUE
        solid FALSE
        coord DEF co Coordinate {
            point [
                -0.5905 -3.5038 1.4091, -0.5905 -3.5158 1.4175, -0.5832 -3.5176 1.419, -0.5759 -3.5193 1.4205, -0.2115 -3.5193 1.4205, -0.1968 -3.5038 1.4091, -0.2042 -3.5176 1.419, -0.1968 -3.5158 1.4175, -0.5905 -3.4816 1.3994, -0.1968 -3.4816 1.3994, -0.5905 -3.4578 1.3954, -0.1968 -3.4578 1.3954, -0.5905 -3.4535 1.3953, -0.1968 -3.4535 1.3953, -0.5905 -3.4385 1.3964, -0.1968 -3.4385 1.3964
            ]
        }
        coordIndex [
            0,1,2,-1,3,4,5,-1,5,4,6,-1,5,6,7,-1,2,3,0,-1,0,3,5,-1,0,5,8,-1,8,5,9,-1,8,9,10,-1,10,9,11,-1,10,11,12,-1,12,11,13,-1,12,13,14,-1,14,13,15,-1,
        ]
    }
}
Shape{
    appearance Appearance {
        material  Material 	{
            diffuseColor 0.9686274509803922 0.8784313725490196 0.6
            specularColor 0.6784313725490196 0.615686274509804 0.4196078431372549
            ambientIntensity 0.8737
            transparency 0.0
            shininess 0.5
        }
    }
    geometry IndexedFaceSet {
        ccw TRUE
        solid FALSE
        coord DEF co Coordinate {
            point [
                -0.1996 -3.5572 1.4166, -0.1994 -3.5564 1.4166, -0.2115 -3.5193 1.4205, -0.1985 -3.5482 1.4166, -0.2042 -3.5176 1.419, -0.1968 -3.5331 1.4166, -0.1968 -3.5158 1.4175, -0.2309 -3.5964 1.4262, -0.2309 -3.6306 1.3882, -0.2215 -3.5916 1.4233, -0.2211 -3.6263 1.3843, -0.2104 -3.6188 1.3776, -0.2132 -3.5843 1.4208, -0.2212 -3.5913 1.4232, -0.2025 -3.6096 1.3693, -0.2058 -3.5735 1.4185, -0.2106 -3.5805 1.42, -0.1979 -3.5992 1.36, -0.1999 -3.5584 1.4167, -0.2029 -3.566 1.4176, -0.1968 -3.5908 1.3524, -0.3289 -3.6758 1.4287, -0.477 -3.6591 1.4137, -0.4868 -3.6548 1.4099, -0.5905 -3.5851 1.3473, -0.3005 -3.6548 1.4099, -0.3103 -3.6591 1.4137, -0.3346 -3.6946 1.4456, -0.3346 -3.8733 1.6063, -0.4527 -3.8733 1.6063, -0.3211 -3.6665 1.4205, -0.5905 -3.5908 1.3524, -0.1968 -3.5851 1.3473, -0.4527 -3.6946 1.4456, -0.4538 -3.6861 1.4381, -0.3335 -3.6861 1.4381, -0.4584 -3.6758 1.4287, -0.4663 -3.6665 1.4205, -0.5564 -3.6306 1.3882, -0.5662 -3.6263 1.3843, -0.5894 -3.5992 1.36, -0.577 -3.6188 1.3776, -0.5849 -3.6096 1.3693, -0.5905 -3.4311 1.2981, -0.1968 -3.4311 1.2981, -0.5905 -3.4535 1.2969, -0.1968 -3.4535 1.2969, -0.5905 -3.4726 1.2978, -0.1968 -3.4726 1.2978, -0.1968 -3.5134 1.3062, -0.5905 -3.5134 1.3062, -0.1968 -3.5514 1.3229, -0.5905 -3.5514 1.3229, -0.1968 -1.4868 1.5217, -0.5905 -1.4868 1.5217, -0.5905 -1.1915 1.5217, -0.1968 -1.1915 1.5217, -0.1968 -1.1696 1.5192, -0.5905 -1.1696 1.5192, -0.1968 -1.1488 1.5119, -0.5905 -1.1488 1.5119, -0.1968 -1.1301 1.5002, -0.5905 -1.1301 1.5002, -0.1968 -1.1146 1.4846, -0.5905 -1.1146 1.4846, -0.1968 -1.1028 1.4659, -0.5905 -1.1028 1.4659, -0.1968 -1.0956 1.4451, -0.5905 -1.0956 1.4451, -0.1968 -1.0931 1.4232, -0.5905 -1.0931 1.4232, -0.5905 -1.0931 1.3248, -0.1968 -1.0931 1.3248, -0.5749 -3.5834 1.4205, -0.5768 -3.5805 1.42, -0.5564 -3.5964 1.4262, -0.5578 -3.5959 1.4258, -0.5905 -3.5331 1.4166, -0.5888 -3.5482 1.4166, -0.5879 -3.5568 1.4166, -0.5828 -3.5712 1.4181, -0.5846 -3.5661 1.4176, -0.5878 -3.5572 1.4166, -0.5662 -3.5914 1.4232, -0.5666 -3.5911 1.4231, -0.4868 -3.6205 1.4479, -0.4589 -3.6512 1.4564, -0.4553 -3.661 1.4575, -0.4527 -3.562 1.4589, -0.4544 -3.6685 1.4578, -0.4527 -3.6831 1.4583, -0.4845 -3.6215 1.4487, -0.4771 -3.6257 1.4509, -0.4763 -3.6262 1.4511, -0.4683 -3.6339 1.4535, -0.4665 -3.6366 1.454, -0.4614 -3.6442 1.4555, -0.5759 -3.5193 1.4205, -0.5905 -3.5158 1.4175, -0.5832 -3.5176 1.419
            ]
        }
        coordIndex [
            0,1,2,-1,2,1,3,-1,2,3,4,-1,4,3,5,-1,4,5,6,-1,7,8,9,-1,9,8,10,-1,11,12,10,-1,10,12,13,-1,10,13,9,-1,14,15,11,-1,11,15,16,-1,11,16,12,-1,1,0,17,-1,17,0,18,-1,17,18,14,-1,14,18,19,-1,14,19,15,-1,1,17,3,-1,3,17,20,-1,3,20,5,-1,21,22,23,-1,10,8,24,-1,24,8,25,-1,24,25,26,-1,27,28,29,-1,26,30,24,-1,24,30,21,-1,24,21,31,-1,31,21,23,-1,32,20,24,-1,24,20,17,-1,29,33,27,-1,27,33,34,-1,27,34,35,-1,35,34,36,-1,35,36,21,-1,21,36,37,-1,21,37,22,-1,23,38,31,-1,31,38,39,-1,31,39,40,-1,40,39,41,-1,40,41,42,-1,17,14,24,-1,24,14,11,-1,24,11,10,-1,43,44,45,-1,45,44,46,-1,45,46,47,-1,46,48,47,-1,47,48,49,-1,47,49,50,-1,50,49,51,-1,50,51,52,-1,52,51,32,-1,52,32,24,-1,44,43,53,-1,53,43,54,-1,54,55,53,-1,53,55,56,-1,56,55,57,-1,57,55,58,-1,57,58,59,-1,59,58,60,-1,59,60,61,-1,61,60,62,-1,61,62,63,-1,63,62,64,-1,63,64,65,-1,65,64,66,-1,65,66,67,-1,67,66,68,-1,67,68,69,-1,69,68,70,-1,70,71,69,-1,69,71,72,-1,73,74,41,-1,38,75,76,-1,77,31,78,-1,78,31,40,-1,78,40,79,-1,41,74,42,-1,74,80,42,-1,42,80,81,-1,42,81,40,-1,40,81,82,-1,40,82,79,-1,38,76,39,-1,39,76,83,-1,39,83,41,-1,41,83,84,-1,41,84,73,-1,85,75,23,-1,23,75,38,-1,86,87,88,-1,88,87,89,-1,88,89,90,-1,85,91,88,-1,91,92,88,-1,88,92,93,-1,88,93,94,-1,94,95,88,-1,88,95,96,-1,88,96,86,-1,97,82,81,-1,85,88,75,-1,75,88,97,-1,75,97,76,-1,81,80,97,-1,97,80,74,-1,97,74,73,-1,73,84,97,-1,97,84,83,-1,97,83,76,-1,98,77,99,-1,99,77,78,-1,99,78,97,-1,97,78,79,-1,97,79,82,-1,
        ]
    }
}
Shape{
    appearance Appearance {
        material  Material 	{
            diffuseColor 0.0 0.2901960784313726 0.8745098039215686
            specularColor 0.0 0.1450980392156863 0.4392156862745098
            ambientIntensity 0.27
            transparency 0.0
            shininess 0.5
        }
    }
    geometry IndexedFaceSet {
        ccw TRUE
        solid FALSE
        coord DEF co Coordinate {
            point [
                -0.4527 -3.8076 1.6795, -0.3346 -3.8076 1.6795, -0.4527 -3.562 1.4589, -0.3346 -3.562 1.4589, -0.5759 -3.5193 1.4205, -0.2115 -3.5193 1.4205
            ]
        }
        coordIndex [
            0,1,2,-1,2,1,3,-1,2,3,4,-1,4,3,5,-1,
        ]
    }
}
Shape{
    appearance Appearance {
        material  Material 	{
            diffuseColor 0.9686274509803922 0.8784313725490196 0.6
            specularColor 0.6784313725490196 0.615686274509804 0.4196078431372549
            ambientIntensity 0.8737
            transparency 0.0
            shininess 0.5
        }
    }
    geometry IndexedFaceSet {
        ccw TRUE
        solid FALSE
        coord DEF co Coordinate {
            point [
                -0.3103 -3.6258 1.4509, -0.3094 -3.625 1.4506, -0.3346 -3.562 1.4589, -0.3005 -3.6205 1.4479, -0.3331 -3.6685 1.4578, -0.3343 -3.6751 1.4583, -0.3346 -3.6831 1.4583, -0.3305 -3.6551 1.457, -0.3287 -3.6511 1.4564, -0.3242 -3.6412 1.455, -0.3209 -3.6366 1.454, -0.3174 -3.6319 1.453, -0.2309 -3.5964 1.4262, -0.2215 -3.5916 1.4233, -0.2212 -3.5913 1.4232, -0.2132 -3.5843 1.4208, -0.2106 -3.5805 1.42, -0.2058 -3.5735 1.4185, -0.1996 -3.5572 1.4166, -0.2115 -3.5193 1.4205, -0.1999 -3.5584 1.4167, -0.2029 -3.566 1.4176, -0.3005 -3.6548 1.4099, -0.2309 -3.6306 1.3882, -0.3346 -3.6946 1.4456, -0.3335 -3.6861 1.4381, -0.3289 -3.6758 1.4287, -0.3211 -3.6665 1.4205, -0.3103 -3.6591 1.4137, -0.3346 -3.8076 1.6795, -0.3346 -3.8733 1.6063, -0.3346 -3.893 1.62, -0.3346 -3.8468 1.7069, -0.3346 -3.9154 1.6286, -0.3346 -3.8916 1.7241, -0.3346 -3.9391 1.6315, -0.3346 -3.9391 1.7299, -0.3346 -4.0769 1.6315, -0.3346 -4.0769 1.7299
            ]
        }
        coordIndex [
            0,1,2,-1,2,1,3,-1,4,2,5,-1,5,2,6,-1,4,7,2,-1,2,7,8,-1,2,8,9,-1,9,10,2,-1,2,10,11,-1,2,11,0,-1,3,12,2,-1,2,12,13,-1,2,13,14,-1,14,15,2,-1,2,15,16,-1,2,16,17,-1,18,19,20,-1,20,19,2,-1,20,2,21,-1,21,2,17,-1,22,23,3,-1,3,23,12,-1,6,24,5,-1,5,24,25,-1,5,25,4,-1,4,25,7,-1,7,25,26,-1,7,26,8,-1,8,26,9,-1,9,26,27,-1,9,27,10,-1,10,27,11,-1,11,27,28,-1,11,28,0,-1,0,28,1,-1,1,28,22,-1,1,22,3,-1,6,2,29,-1,24,6,30,-1,30,6,29,-1,30,29,31,-1,31,29,32,-1,31,32,33,-1,33,32,34,-1,33,34,35,-1,35,34,36,-1,35,36,37,-1,37,36,38,-1,
        ]
    }
}
Shape{
    appearance Appearance {
        material  Material 	{
            diffuseColor 0.0 0.2901960784313726 0.8745098039215686
            specularColor 0.0 0.1450980392156863 0.4392156862745098
            ambientIntensity 0.27
            transparency 0.0
            shininess 0.5
        }
    }
    geometry IndexedFaceSet {
        ccw TRUE
        solid FALSE
        coord DEF co Coordinate {
            point [
                -0.4527 -3.8733 1.6063, -0.3346 -3.8733 1.6063, -0.4527 -3.893 1.62, -0.3346 -3.893 1.62, -0.4527 -3.9154 1.6286, -0.3346 -3.9154 1.6286, -0.4527 -3.9391 1.6315, -0.3346 -3.9391 1.6315
            ]
        }
        coordIndex [
            0,1,2,-1,2,1,3,-1,2,3,4,-1,4,3,5,-1,4,5,6,-1,6,5,7,-1,
        ]
    }
}
Shape{
    appearance Appearance {
        material  Material 	{
            diffuseColor 0.9686274509803922 0.8784313725490196 0.6
            specularColor 0.6784313725490196 0.615686274509804 0.4196078431372549
            ambientIntensity 0.8737
            transparency 0.0
            shininess 0.5
        }
    }
    geometry IndexedFaceSet {
        ccw TRUE
        solid FALSE
        coord DEF co Coordinate {
            point [
                -0.4527 -3.8076 1.6795, -0.4527 -3.562 1.4589, -0.4527 -3.6831 1.4583, -0.4527 -4.0769 1.6315, -0.4527 -4.0769 1.7299, -0.4527 -3.9391 1.6315, -0.4527 -3.9391 1.7299, -0.4527 -3.9154 1.6286, -0.4527 -3.8916 1.7241, -0.4527 -3.893 1.62, -0.4527 -3.8468 1.7069, -0.4527 -3.8733 1.6063, -0.4527 -3.6946 1.4456, -0.4868 -3.6205 1.4479, -0.4868 -3.6548 1.4099, -0.4845 -3.6215 1.4487, -0.477 -3.6591 1.4137, -0.4771 -3.6257 1.4509, -0.4763 -3.6262 1.4511, -0.4663 -3.6665 1.4205, -0.4584 -3.6758 1.4287, -0.4589 -3.6512 1.4564, -0.4614 -3.6442 1.4555, -0.4665 -3.6366 1.454, -0.4683 -3.6339 1.4535, -0.4538 -3.6861 1.4381, -0.4544 -3.6685 1.4578, -0.4553 -3.661 1.4575
            ]
        }
        coordIndex [
            0,1,2,-1,3,4,5,-1,5,4,6,-1,5,6,7,-1,7,6,8,-1,7,8,9,-1,9,8,10,-1,9,10,11,-1,11,10,0,-1,11,0,12,-1,12,0,2,-1,13,14,15,-1,15,14,16,-1,15,16,17,-1,17,16,18,-1,19,20,21,-1,21,22,19,-1,19,22,23,-1,19,23,16,-1,16,23,24,-1,16,24,18,-1,12,2,25,-1,25,2,26,-1,25,26,20,-1,20,26,27,-1,20,27,21,-1,
        ]
    }
}
Shape{
    appearance Appearance {
        material  Material 	{
            diffuseColor 0.0 0.2901960784313726 0.8745098039215686
            specularColor 0.0 0.1450980392156863 0.4392156862745098
            ambientIntensity 0.27
            transparency 0.0
            shininess 0.5
        }
    }
    geometry IndexedFaceSet {
        ccw TRUE
        solid FALSE
        coord DEF co Coordinate {
            point [
                -0.4527 -3.9391 1.7299, -0.3346 -3.9391 1.7299, -0.3346 -3.8916 1.7241, -0.4527 -3.8916 1.7241, -0.3346 -3.8468 1.7069, -0.4527 -3.8468 1.7069, -0.3346 -3.8076 1.6795, -0.4527 -3.8076 1.6795, -0.4236 -4.115 1.7299, -0.4134 -4.1163 1.7299, -0.4527 -4.0769 1.7299, -0.4475 -4.0966 1.7299, -0.4412 -4.1048 1.7299, -0.4331 -4.111 1.7299, -0.374 -4.1163 1.7299, -0.3346 -4.0769 1.7299, -0.3638 -4.115 1.7299, -0.3543 -4.111 1.7299, -0.3462 -4.1048 1.7299, -0.3399 -4.0966 1.7299, -0.336 -4.0871 1.7299, -0.4514 -4.0871 1.7299, -0.4527 -4.0769 1.6315, -0.4514 -4.0871 1.6315, -0.4475 -4.0966 1.6315, -0.4412 -4.1048 1.6315, -0.4331 -4.111 1.6315, -0.4236 -4.115 1.6315, -0.4134 -4.1163 1.6315, -0.3638 -4.115 1.6315, -0.374 -4.1163 1.6315, -0.3346 -4.0769 1.6315, -0.3346 -3.9391 1.6315, -0.3399 -4.0966 1.6315, -0.3462 -4.1048 1.6315, -0.3543 -4.111 1.6315, -0.336 -4.0871 1.6315, -0.4527 -3.9391 1.6315, -0.0994 -0.6147 1.128, -0.0945 -0.6106 1.128, -0.0994 -0.6147 1.2264, -0.0945 -0.6106 1.2264, -0.1157 -0.6835 1.2264, -0.1157 -0.6835 1.128, -0.1199 -0.669 1.2264, -0.1199 -0.669 1.128, -0.1206 -0.66 1.2264, -0.1206 -0.66 1.128, -0.1203 -0.6538 1.2264, -0.1203 -0.6538 1.128, -0.1168 -0.6391 1.2264, -0.1168 -0.6391 1.128, -0.1097 -0.6258 1.2264, -0.1097 -0.6258 1.128, 0.1575 -3.9573 1.6299, 0.1575 -3.9573 1.5118, 0.1575 -1.221 1.5118, 0.1575 -1.221 1.2323, 0.1575 -0.2525 1.2323, 0.1575 -0.1935 1.6299, 0.1575 -0.1935 1.2913, 0.0945 -0.2525 1.2323, 0.0354 -0.1935 1.2913, 0.0945 -0.2525 1.122, 0.0354 -0.1935 1.063, 0.1575 -0.1935 1.063, 0.1575 -0.2525 1.122, 0.1575 -1.221 1.122, 0.1575 -1.221 1.0, 0.1575 -0.1935 1.0, 0.6299 -1.221 1.0, 0.6299 -0.1935 1.0, 0.6299 -1.221 1.122, 0.6299 -0.2525 1.122, 0.6299 -0.1935 1.063, 0.6929 -0.2525 1.122, 0.752 -0.1935 1.063, 0.6929 -0.2525 1.2323, 0.752 -0.1935 1.2913, 0.6299 -0.1935 1.2913, 0.6299 -0.2525 1.2323, 0.6299 -1.221 1.5118, 0.6299 -3.9573 1.5118, 0.6299 -3.9573 1.6299, 0.6299 -1.221 1.2323, 0.6299 -0.1935 1.6299, 0.2953 -3.9573 1.6299, 0.4921 -3.9573 1.6299, 0.4921 -4.2722 1.6299, 0.2953 -4.2722 1.6299, 0.4921 -4.2722 2.2362, 0.4921 -2.8549 2.2362, 0.4921 -2.8549 1.6299, 0.2953 -4.2722 2.2362, 0.2953 -2.8549 1.6299, 0.2953 -2.8549 2.2362, 0.6929 -1.221 1.2323, 0.6929 -0.7326 1.2264, 0.6929 -0.6106 1.2264, 0.6929 -0.7326 1.128, 0.6929 -0.6106 1.128, 0.6929 -0.7842 1.128, 0.6929 -1.221 1.122, 0.6929 -0.7842 1.2264, 0.6929 -0.3841 1.128, 0.6929 -0.3841 1.2264
            ]
        }
        coordIndex [
            0,1,2,-1,0,2,3,-1,3,2,4,-1,3,4,5,-1,5,4,6,-1,5,6,7,-1,8,9,10,-1,10,9,0,-1,11,12,13,-1,0,9,1,-1,1,9,14,-1,1,14,15,-1,15,14,16,-1,15,16,17,-1,17,18,15,-1,15,18,19,-1,15,19,20,-1,8,10,13,-1,13,10,21,-1,13,21,11,-1,10,22,23,-1,10,23,21,-1,21,23,24,-1,21,24,11,-1,11,24,25,-1,11,25,12,-1,12,25,26,-1,12,26,13,-1,13,26,27,-1,13,27,8,-1,8,27,28,-1,8,28,9,-1,29,30,31,-1,31,30,32,-1,33,34,35,-1,29,31,35,-1,35,31,36,-1,35,36,33,-1,32,30,37,-1,37,30,28,-1,37,28,22,-1,22,28,27,-1,22,27,26,-1,25,24,26,-1,26,24,23,-1,26,23,22,-1,14,9,30,-1,30,9,28,-1,14,30,29,-1,14,29,16,-1,16,29,35,-1,16,35,17,-1,17,35,34,-1,17,34,18,-1,18,34,33,-1,18,33,19,-1,19,33,36,-1,19,36,20,-1,20,36,31,-1,20,31,15,-1,38,39,40,-1,40,39,41,-1,42,43,44,-1,44,43,45,-1,44,45,46,-1,46,45,47,-1,46,47,48,-1,48,47,49,-1,48,49,50,-1,50,49,51,-1,50,51,52,-1,52,51,53,-1,52,53,40,-1,40,53,38,-1,54,55,56,-1,56,57,58,-1,54,56,59,-1,59,56,58,-1,59,58,60,-1,58,61,60,-1,60,61,62,-1,61,63,62,-1,62,63,64,-1,65,64,66,-1,66,64,63,-1,66,67,65,-1,65,67,68,-1,65,68,69,-1,70,71,68,-1,68,71,69,-1,72,73,70,-1,70,73,74,-1,70,74,71,-1,73,75,74,-1,74,75,76,-1,75,77,76,-1,76,77,78,-1,79,78,80,-1,80,78,77,-1,81,82,83,-1,80,84,79,-1,79,84,81,-1,79,81,85,-1,85,81,83,-1,55,54,86,-1,55,86,82,-1,82,86,87,-1,82,87,83,-1,88,87,89,-1,89,87,86,-1,88,90,87,-1,87,90,91,-1,87,91,92,-1,89,93,88,-1,88,93,90,-1,94,95,86,-1,86,95,93,-1,86,93,89,-1,92,91,94,-1,94,91,95,-1,84,80,96,-1,96,80,77,-1,97,98,99,-1,99,98,100,-1,101,102,103,-1,103,102,96,-1,103,96,97,-1,97,96,77,-1,97,77,98,-1,101,99,102,-1,102,99,100,-1,102,100,75,-1,75,100,104,-1,75,104,77,-1,77,104,105,-1,77,105,98,-1,102,75,72,-1,72,75,73,-1,
        ]
    }
}
Shape{
    appearance Appearance {
        material  Material 	{
            diffuseColor 0.9686274509803922 0.8784313725490196 0.6
            specularColor 0.6784313725490196 0.615686274509804 0.4196078431372549
            ambientIntensity 0.8737
            transparency 0.0
            shininess 0.5
        }
    }
    geometry IndexedFaceSet {
        ccw TRUE
        solid FALSE
        coord DEF co Coordinate {
            point [
                0.6671 -0.6538 1.128, 0.6668 -0.66 1.128, 0.1969 -0.8766 1.128, 0.6675 -0.669 1.128, 0.6717 -0.6835 1.128, 0.5906 -0.1429 1.128, 0.6001 -0.1469 1.128, 0.688 -0.6147 1.128, 0.1203 -0.6538 1.128, 0.1168 -0.6391 1.128, 0.1874 -0.1469 1.128, 0.1097 -0.6258 1.128, 0.6929 -0.7326 1.128, 0.6929 -0.7842 1.128, 0.5824 -0.1367 1.128, 0.5906 -0.8962 1.128, 0.1969 -0.8962 1.128, 0.5906 -0.8766 1.128, 0.6776 -0.8038 1.128, 0.6863 -0.7948 1.128, 0.1157 -0.6835 1.128, 0.1199 -0.669 1.128, 0.1206 -0.66 1.128, 0.6777 -0.6258 1.128, 0.1969 -0.1429 1.128, 0.205 -0.1367 1.128, 0.2113 -0.1285 1.128, 0.2152 -0.119 1.128, 0.6929 -0.3841 1.128, 0.6929 -0.6106 1.128, 0.6858 -0.383 1.128, 0.6706 -0.6391 1.128, 0.0945 -0.6106 1.128, 0.0945 -0.3841 1.128, 0.0994 -0.6147 1.128, 0.1088 -0.3809 1.128, 0.1219 -0.3741 1.128, 0.1329 -0.3644 1.128, 0.2165 -0.1088 1.128, 0.2165 -0.0498 1.128, 0.5709 -0.0498 1.128, 0.6502 -0.3588 1.128, 0.6599 -0.3698 1.128, 0.672 -0.378 1.128, 0.0945 -0.7842 1.128, 0.0945 -0.7326 1.128, 0.1011 -0.7948 1.128, 0.1098 -0.8038 1.128, 0.1476 -0.3238 1.128, 0.1454 -0.3092 1.128, 0.1397 -0.2957 1.128, 0.1772 -0.1482 1.128, 0.5709 -0.1088 1.128, 0.5722 -0.119 1.128, 0.5762 -0.1285 1.128, 0.6721 -0.2683 1.128, 0.6567 -0.284 1.128, 0.6102 -0.1482 1.128, 0.6515 -0.2901 1.128, 0.6442 -0.3028 1.128, 0.6404 -0.317 1.128, 0.6398 -0.3254 1.128, 0.6401 -0.3316 1.128, 0.6434 -0.3459 1.128, 0.1412 -0.3522 1.128, 0.1462 -0.3384 1.128, 0.1476 -0.3254 1.128, 0.689 -0.2269 1.128, 0.6496 -0.1482 1.128, 0.687 -0.242 1.128, 0.6813 -0.2561 1.128, 0.1307 -0.284 1.128, 0.1153 -0.2683 1.128, 0.1062 -0.2561 1.128, 0.6598 -0.1495 1.128, 0.6693 -0.1535 1.128, 0.6775 -0.1597 1.128, 0.6837 -0.1679 1.128, 0.1004 -0.242 1.128, 0.0984 -0.2269 1.128, 0.1378 -0.1482 1.128, 0.0984 -0.1876 1.128, 0.1276 -0.1495 1.128, 0.1181 -0.1535 1.128, 0.6876 -0.1774 1.128, 0.689 -0.1876 1.128, 0.0998 -0.1774 1.128, 0.1037 -0.1679 1.128, 0.11 -0.1597 1.128
            ]
        }
        coordIndex [
            0,1,2,-1,2,1,3,-1,2,3,4,-1,5,6,7,-1,8,9,10,-1,10,9,11,-1,4,12,13,-1,5,7,14,-1,15,16,17,-1,17,16,2,-1,17,2,18,-1,18,2,4,-1,18,4,19,-1,19,4,13,-1,20,21,2,-1,2,21,22,-1,23,24,7,-1,7,24,25,-1,7,25,14,-1,14,25,26,-1,14,26,27,-1,28,29,30,-1,30,29,7,-1,23,31,24,-1,24,31,0,-1,24,0,10,-1,10,0,2,-1,10,2,8,-1,8,2,22,-1,32,33,34,-1,34,33,35,-1,34,35,11,-1,11,35,36,-1,11,36,37,-1,38,39,40,-1,41,42,7,-1,7,42,43,-1,7,43,30,-1,44,45,46,-1,46,45,20,-1,46,20,47,-1,47,20,2,-1,48,49,10,-1,10,49,50,-1,10,50,51,-1,40,52,38,-1,38,52,53,-1,38,53,27,-1,27,53,54,-1,27,54,14,-1,55,56,57,-1,57,56,58,-1,57,58,6,-1,6,58,59,-1,6,59,60,-1,60,61,6,-1,6,61,62,-1,6,62,7,-1,7,62,63,-1,7,63,41,-1,37,64,11,-1,11,64,65,-1,11,65,10,-1,10,65,66,-1,10,66,48,-1,67,57,68,-1,67,69,57,-1,57,69,70,-1,57,70,55,-1,50,71,51,-1,51,71,72,-1,51,72,73,-1,74,75,68,-1,68,75,76,-1,68,76,77,-1,73,78,51,-1,51,78,79,-1,51,79,80,-1,80,79,81,-1,80,81,82,-1,82,81,83,-1,77,84,68,-1,68,84,85,-1,68,85,67,-1,86,87,81,-1,81,87,88,-1,81,88,83,-1,
        ]
    }
}
Shape{
    appearance Appearance {
        material  Material 	{
            diffuseColor 0.0 0.2901960784313726 0.8745098039215686
            specularColor 0.0 0.1450980392156863 0.4392156862745098
            ambientIntensity 0.27
            transparency 0.0
            shininess 0.5
        }
    }
    geometry IndexedFaceSet {
        ccw TRUE
        solid FALSE
        coord DEF co Coordinate {
            point [
                0.6717 -0.6835 1.2264, 0.6929 -0.7326 1.2264, 0.6717 -0.6835 1.128, 0.6929 -0.7326 1.128, 0.1168 -0.6391 1.2264, 0.1203 -0.6538 1.2264, 0.5906 -0.8766 1.2264, 0.1969 -0.1429 1.2264, 0.1874 -0.1469 1.2264, 0.5824 -0.1367 1.2264, 0.1206 -0.66 1.2264, 0.1199 -0.669 1.2264, 0.1157 -0.6835 1.2264, 0.6675 -0.669 1.2264, 0.5906 -0.1429 1.2264, 0.6001 -0.1469 1.2264, 0.0945 -0.7326 1.2264, 0.0945 -0.7842 1.2264, 0.1097 -0.6258 1.2264, 0.1969 -0.8962 1.2264, 0.5906 -0.8962 1.2264, 0.1969 -0.8766 1.2264, 0.1098 -0.8038 1.2264, 0.1011 -0.7948 1.2264, 0.6668 -0.66 1.2264, 0.6671 -0.6538 1.2264, 0.6706 -0.6391 1.2264, 0.6777 -0.6258 1.2264, 0.6599 -0.3698 1.2264, 0.6502 -0.3588 1.2264, 0.205 -0.1367 1.2264, 0.5762 -0.1285 1.2264, 0.5722 -0.119 1.2264, 0.6929 -0.7842 1.2264, 0.6863 -0.7948 1.2264, 0.6776 -0.8038 1.2264, 0.6929 -0.6106 1.2264, 0.6929 -0.3841 1.2264, 0.688 -0.6147 1.2264, 0.6858 -0.383 1.2264, 0.672 -0.378 1.2264, 0.5709 -0.1088 1.2264, 0.5709 -0.0498 1.2264, 0.2165 -0.0498 1.2264, 0.1062 -0.2561 1.2264, 0.1153 -0.2683 1.2264, 0.1772 -0.1482 1.2264, 0.1088 -0.3809 1.2264, 0.0945 -0.3841 1.2264, 0.0945 -0.6106 1.2264, 0.6434 -0.3459 1.2264, 0.6401 -0.3316 1.2264, 0.6398 -0.3254 1.2264, 0.6404 -0.317 1.2264, 0.6442 -0.3028 1.2264, 0.6515 -0.2901 1.2264, 0.6102 -0.1482 1.2264, 0.6567 -0.284 1.2264, 0.2165 -0.1088 1.2264, 0.2152 -0.119 1.2264, 0.2113 -0.1285 1.2264, 0.1004 -0.242 1.2264, 0.1307 -0.284 1.2264, 0.1397 -0.2957 1.2264, 0.1454 -0.3092 1.2264, 0.1476 -0.3238 1.2264, 0.1329 -0.3644 1.2264, 0.1219 -0.3741 1.2264, 0.0994 -0.6147 1.2264, 0.0984 -0.2269 1.2264, 0.1378 -0.1482 1.2264, 0.0984 -0.1876 1.2264, 0.1276 -0.1495 1.2264, 0.1181 -0.1535 1.2264, 0.1476 -0.3254 1.2264, 0.1462 -0.3384 1.2264, 0.1412 -0.3522 1.2264, 0.11 -0.1597 1.2264, 0.1037 -0.1679 1.2264, 0.0998 -0.1774 1.2264, 0.6721 -0.2683 1.2264, 0.6813 -0.2561 1.2264, 0.687 -0.242 1.2264, 0.6693 -0.1535 1.2264, 0.6598 -0.1495 1.2264, 0.6775 -0.1597 1.2264, 0.6496 -0.1482 1.2264, 0.6837 -0.1679 1.2264, 0.689 -0.2269 1.2264, 0.689 -0.1876 1.2264, 0.6876 -0.1774 1.2264
            ]
        }
        coordIndex [
            0,1,2,-1,2,1,3,-1,4,5,6,-1,7,8,9,-1,5,10,6,-1,6,10,11,-1,6,11,12,-1,0,13,6,-1,9,8,14,-1,6,15,14,-1,12,16,17,-1,14,8,6,-1,6,8,18,-1,6,18,4,-1,19,20,21,-1,21,20,6,-1,21,6,22,-1,22,6,12,-1,22,12,23,-1,23,12,17,-1,13,24,6,-1,6,24,25,-1,6,25,15,-1,15,25,26,-1,15,26,27,-1,28,29,27,-1,7,9,30,-1,30,9,31,-1,30,31,32,-1,33,1,34,-1,34,1,0,-1,34,0,35,-1,35,0,6,-1,36,37,38,-1,38,37,39,-1,38,39,27,-1,27,39,40,-1,27,40,28,-1,41,42,43,-1,44,45,46,-1,47,48,49,-1,29,50,27,-1,27,50,51,-1,27,51,15,-1,15,51,52,-1,15,52,53,-1,53,54,15,-1,15,54,55,-1,15,55,56,-1,56,55,57,-1,43,58,41,-1,41,58,59,-1,41,59,32,-1,32,59,60,-1,32,60,30,-1,44,46,61,-1,45,62,46,-1,46,62,63,-1,46,63,8,-1,8,63,64,-1,8,64,65,-1,66,67,18,-1,18,67,47,-1,18,47,68,-1,68,47,49,-1,61,46,69,-1,69,46,70,-1,69,70,71,-1,71,70,72,-1,71,72,73,-1,65,74,8,-1,8,74,75,-1,8,75,18,-1,18,75,76,-1,18,76,66,-1,73,77,71,-1,71,77,78,-1,71,78,79,-1,57,80,56,-1,56,80,81,-1,56,81,82,-1,83,84,85,-1,85,84,86,-1,85,86,87,-1,82,88,56,-1,56,88,89,-1,56,89,86,-1,86,89,90,-1,86,90,87,-1,
        ]
    }
}
Shape{
    appearance Appearance {
        material  Material 	{
            diffuseColor 0.9686274509803922 0.8784313725490196 0.6
            specularColor 0.6784313725490196 0.615686274509804 0.4196078431372549
            ambientIntensity 0.8737
            transparency 0.0
            shininess 0.5
        }
    }
    geometry IndexedFaceSet {
        ccw TRUE
        solid FALSE
        coord DEF co Coordinate {
            point [
                0.6776 -0.8038 1.2264, 0.6776 -0.8038 1.128, 0.6863 -0.7948 1.128, 0.6863 -0.7948 1.2264, 0.6929 -0.7842 1.128, 0.6929 -0.7842 1.2264, 0.5906 -0.8766 1.2264, 0.5906 -0.8766 1.128, 0.5906 -3.5514 1.3229, 0.5906 -3.5158 1.4175, 0.5906 -3.5851 1.3473, 0.5906 -3.5331 1.4166, 0.5906 -3.5908 1.3524, 0.5906 -0.8962 1.128, 0.5906 -0.8962 1.2264, 0.5906 -0.9472 1.1347, 0.5906 -0.9217 1.2297, 0.5906 -0.9947 1.1543, 0.5906 -0.9455 1.2396, 0.5906 -1.0354 1.1856, 0.5906 -0.9658 1.2552, 0.5906 -1.0667 1.2264, 0.5906 -0.9815 1.2756, 0.5906 -1.0864 1.2739, 0.5906 -0.9913 1.2993, 0.5906 -1.0931 1.3248, 0.5906 -0.9947 1.3248, 0.5906 -1.0931 1.4232, 0.5906 -0.9947 1.4232, 0.5906 -1.0956 1.4451, 0.5906 -0.9996 1.467, 0.5906 -1.1028 1.4659, 0.5906 -1.0142 1.5086, 0.5906 -1.1146 1.4846, 0.5906 -1.0376 1.546, 0.5906 -1.1301 1.5002, 0.5906 -1.0688 1.5771, 0.5906 -1.1488 1.5119, 0.5906 -1.1061 1.6006, 0.5906 -1.1696 1.5192, 0.5906 -1.1477 1.6151, 0.5906 -1.1915 1.5217, 0.5906 -1.1915 1.6201, 0.5906 -1.4868 1.5217, 0.5906 -1.4924 1.6201, 0.5906 -3.4311 1.2981, 0.5906 -3.4385 1.3964, 0.5906 -3.4535 1.2969, 0.5906 -3.4535 1.3953, 0.5906 -3.4726 1.2978, 0.5906 -3.4578 1.3954, 0.5906 -3.5134 1.3062, 0.5906 -3.4816 1.3994, 0.5906 -3.5038 1.4091, 0.1969 -0.8962 1.128, 0.1969 -0.9472 1.1347, 0.1969 -0.9947 1.1543, 0.1969 -1.0354 1.1856, 0.1969 -1.0667 1.2264, 0.1969 -1.0864 1.2739, 0.1969 -1.0931 1.3248, 0.1969 -3.5851 1.3473, 0.1969 -3.5908 1.3524, 0.1969 -3.5331 1.4166, 0.1969 -3.5514 1.3229, 0.1969 -0.8766 1.2264, 0.1969 -0.8766 1.128, 0.1969 -0.8962 1.2264, 0.1969 -0.9217 1.2297, 0.1969 -0.9455 1.2396, 0.1969 -0.9658 1.2552, 0.1969 -0.9815 1.2756, 0.1969 -0.9913 1.2993, 0.1969 -0.9947 1.3248, 0.1969 -0.9947 1.4232, 0.1969 -1.0931 1.4232, 0.1969 -0.9996 1.467, 0.1969 -1.0956 1.4451, 0.1969 -1.0142 1.5086, 0.1969 -1.1028 1.4659, 0.1969 -1.0376 1.546, 0.1969 -1.1146 1.4846, 0.1969 -1.0688 1.5771, 0.1969 -1.1301 1.5002, 0.1969 -1.1061 1.6006, 0.1969 -1.1488 1.5119, 0.1969 -1.1477 1.6151, 0.1969 -1.1696 1.5192, 0.1969 -1.1915 1.6201, 0.1969 -1.1915 1.5217, 0.1969 -1.4924 1.6201, 0.1969 -1.4868 1.5217, 0.1969 -3.4385 1.3964, 0.1969 -3.4311 1.2981, 0.1969 -3.4535 1.3953, 0.1969 -3.4535 1.2969, 0.1969 -3.4578 1.3954, 0.1969 -3.4726 1.2978, 0.1969 -3.4816 1.3994, 0.1969 -3.5134 1.3062, 0.1969 -3.5038 1.4091, 0.1969 -3.5158 1.4175, 0.1098 -0.8038 1.128, 0.1098 -0.8038 1.2264, 0.0945 -0.7842 1.2264, 0.0945 -0.7842 1.128, 0.1011 -0.7948 1.128, 0.1011 -0.7948 1.2264
            ]
        }
        coordIndex [
            0,1,2,-1,0,2,3,-1,3,2,4,-1,3,4,5,-1,0,6,1,-1,1,6,7,-1,8,9,10,-1,10,9,11,-1,10,11,12,-1,7,6,13,-1,13,6,14,-1,13,14,15,-1,15,14,16,-1,15,16,17,-1,17,16,18,-1,17,18,19,-1,19,18,20,-1,19,20,21,-1,21,20,22,-1,21,22,23,-1,23,22,24,-1,23,24,25,-1,25,24,26,-1,25,26,27,-1,27,26,28,-1,27,28,29,-1,29,28,30,-1,29,30,31,-1,31,30,32,-1,31,32,33,-1,33,32,34,-1,33,34,35,-1,35,34,36,-1,35,36,37,-1,37,36,38,-1,37,38,39,-1,39,38,40,-1,39,40,41,-1,41,40,42,-1,41,42,43,-1,43,42,44,-1,43,44,45,-1,45,44,46,-1,45,46,47,-1,47,46,48,-1,47,48,49,-1,49,48,50,-1,49,50,51,-1,51,50,52,-1,51,52,8,-1,8,52,53,-1,8,53,9,-1,54,13,15,-1,54,15,55,-1,55,15,17,-1,55,17,56,-1,56,17,19,-1,56,19,57,-1,57,19,21,-1,57,21,58,-1,58,21,23,-1,58,23,59,-1,59,23,25,-1,59,25,60,-1,61,62,63,-1,61,63,64,-1,65,66,67,-1,67,66,54,-1,67,54,68,-1,68,54,55,-1,68,55,69,-1,69,55,56,-1,69,56,70,-1,70,56,57,-1,70,57,71,-1,71,57,58,-1,71,58,72,-1,72,58,59,-1,72,59,73,-1,73,59,60,-1,73,60,74,-1,74,60,75,-1,74,75,76,-1,76,75,77,-1,76,77,78,-1,78,77,79,-1,78,79,80,-1,80,79,81,-1,80,81,82,-1,82,81,83,-1,82,83,84,-1,84,83,85,-1,84,85,86,-1,86,85,87,-1,86,87,88,-1,88,87,89,-1,88,89,90,-1,90,89,91,-1,90,91,92,-1,92,91,93,-1,92,93,94,-1,94,93,95,-1,94,95,96,-1,96,95,97,-1,96,97,98,-1,98,97,99,-1,98,99,100,-1,100,99,64,-1,100,64,101,-1,101,64,63,-1,102,66,103,-1,103,66,65,-1,104,105,106,-1,104,106,107,-1,107,106,102,-1,107,102,103,-1,
        ]
    }
}
Shape{
    appearance Appearance {
        material  Material 	{
            diffuseColor 0.0 0.2901960784313726 0.8745098039215686
            specularColor 0.0 0.1450980392156863 0.4392156862745098
            ambientIntensity 0.27
            transparency 0.0
            shininess 0.5
        }
    }
    geometry IndexedFaceSet {
        ccw TRUE
        solid FALSE
        coord DEF co Coordinate {
            point [
                0.0945 -0.7326 1.128, 0.0945 -0.7842 1.128, 0.0945 -1.221 1.122, 0.0945 -0.6106 1.2264, 0.0945 -0.3841 1.2264, 0.0945 -0.2525 1.2323, 0.0945 -1.221 1.2323, 0.0945 -0.7842 1.2264, 0.0945 -0.7326 1.2264, 0.0945 -0.2525 1.122, 0.0945 -0.3841 1.128, 0.0945 -0.6106 1.128, 0.1575 -1.221 1.122, 0.1575 -0.2525 1.122, 0.1575 -1.221 1.2323, 0.1575 -0.2525 1.2323, 0.1157 -0.6835 1.128, 0.1157 -0.6835 1.2264, 0.0994 -0.6147 1.2264, 0.0994 -0.6147 1.128, 0.1097 -0.6258 1.2264, 0.1097 -0.6258 1.128, 0.1168 -0.6391 1.2264, 0.1168 -0.6391 1.128, 0.1203 -0.6538 1.2264, 0.1203 -0.6538 1.128, 0.1206 -0.66 1.2264, 0.1206 -0.66 1.128, 0.1199 -0.669 1.2264, 0.1199 -0.669 1.128, 0.1307 -0.284 1.2264, 0.1307 -0.284 1.128, 0.1397 -0.2957 1.2264, 0.1397 -0.2957 1.128, 0.1454 -0.3092 1.2264, 0.1454 -0.3092 1.128, 0.1476 -0.3238 1.2264, 0.1476 -0.3238 1.128, 0.1476 -0.3254 1.2264, 0.1476 -0.3254 1.128, 0.1462 -0.3384 1.2264, 0.1462 -0.3384 1.128, 0.1412 -0.3522 1.2264, 0.1412 -0.3522 1.128, 0.1329 -0.3644 1.2264, 0.1329 -0.3644 1.128, 0.1219 -0.3741 1.2264, 0.1219 -0.3741 1.128, 0.1088 -0.3809 1.2264, 0.1088 -0.3809 1.128, 0.1153 -0.2683 1.2264, 0.1153 -0.2683 1.128, 0.0984 -0.2269 1.2264, 0.0984 -0.2269 1.128, 0.1004 -0.242 1.128, 0.1004 -0.242 1.2264, 0.1062 -0.2561 1.128, 0.1062 -0.2561 1.2264, 0.0984 -0.1876 1.2264, 0.0984 -0.1876 1.128, 0.0998 -0.1774 1.2264, 0.0998 -0.1774 1.128, 0.1037 -0.1679 1.2264, 0.1037 -0.1679 1.128, 0.11 -0.1597 1.2264, 0.11 -0.1597 1.128, 0.1181 -0.1535 1.2264, 0.1181 -0.1535 1.128, 0.1276 -0.1495 1.2264, 0.1276 -0.1495 1.128, 0.1378 -0.1482 1.2264, 0.1378 -0.1482 1.128, 0.1772 -0.1482 1.2264, 0.1772 -0.1482 1.128, 0.2165 -0.1088 1.2264, 0.2165 -0.1088 1.128, 0.2152 -0.119 1.2264, 0.2152 -0.119 1.128, 0.2113 -0.1285 1.2264, 0.2113 -0.1285 1.128, 0.205 -0.1367 1.2264, 0.205 -0.1367 1.128, 0.1969 -0.1429 1.2264, 0.1969 -0.1429 1.128, 0.1874 -0.1469 1.2264, 0.1874 -0.1469 1.128, 0.2165 -0.0498 1.128, 0.2165 -0.0498 1.2264, 0.2165 -0.0192 1.1239, 0.2165 0.0063 1.219, 0.2165 0.0093 1.1121, 0.2165 0.0585 1.1974, 0.2165 0.0337 1.0934, 0.2165 0.1033 1.163, 0.2165 0.0525 1.0689, 0.2165 0.1377 1.1181, 0.2165 0.0643 1.0404, 0.2165 0.1594 1.0659, 0.2165 0.0683 1.0098, 0.2165 0.1668 1.0098, 0.2165 0.0683 0.7047, 0.2165 0.1668 0.7047
            ]
        }
        coordIndex [
            0,1,2,-1,3,4,5,-1,2,1,6,-1,6,1,7,-1,6,7,8,-1,5,4,9,-1,9,4,10,-1,9,10,11,-1,5,6,3,-1,3,6,8,-1,3,8,11,-1,11,8,0,-1,11,0,9,-1,9,0,2,-1,12,13,2,-1,2,13,9,-1,6,5,14,-1,14,5,15,-1,16,0,17,-1,17,0,8,-1,18,19,20,-1,20,19,21,-1,20,21,22,-1,22,21,23,-1,22,23,24,-1,24,23,25,-1,24,25,26,-1,26,25,27,-1,26,27,28,-1,28,27,29,-1,28,29,17,-1,17,29,16,-1,18,3,19,-1,19,3,11,-1,30,31,32,-1,32,31,33,-1,32,33,34,-1,34,33,35,-1,34,35,36,-1,36,35,37,-1,36,37,38,-1,38,37,39,-1,38,39,40,-1,40,39,41,-1,40,41,42,-1,42,41,43,-1,42,43,44,-1,44,43,45,-1,44,45,46,-1,46,45,47,-1,46,47,48,-1,48,47,49,-1,48,49,4,-1,4,49,10,-1,50,51,30,-1,30,51,31,-1,52,53,54,-1,52,54,55,-1,55,54,56,-1,55,56,57,-1,57,56,51,-1,57,51,50,-1,52,58,53,-1,53,58,59,-1,59,58,60,-1,59,60,61,-1,61,60,62,-1,61,62,63,-1,63,62,64,-1,63,64,65,-1,65,64,66,-1,65,66,67,-1,67,66,68,-1,67,68,69,-1,69,68,70,-1,69,70,71,-1,70,72,71,-1,71,72,73,-1,74,75,76,-1,76,75,77,-1,76,77,78,-1,78,77,79,-1,78,79,80,-1,80,79,81,-1,80,81,82,-1,82,81,83,-1,82,83,84,-1,84,83,85,-1,84,85,72,-1,72,85,73,-1,75,74,86,-1,86,74,87,-1,86,87,88,-1,88,87,89,-1,88,89,90,-1,90,89,91,-1,90,91,92,-1,92,91,93,-1,92,93,94,-1,94,93,95,-1,94,95,96,-1,96,95,97,-1,96,97,98,-1,98,97,99,-1,98,99,100,-1,100,99,101,-1,
        ]
    }
}
Shape{
    appearance Appearance {
        material  Material 	{
            diffuseColor 0.9686274509803922 0.8784313725490196 0.6
            specularColor 0.6784313725490196 0.615686274509804 0.4196078431372549
            ambientIntensity 0.8737
            transparency 0.0
            shininess 0.5
        }
    }
    geometry IndexedFaceSet {
        ccw TRUE
        solid FALSE
        coord DEF co Coordinate {
            point [
                0.2165 0.0683 1.0098, 0.5709 0.0683 1.0098, 0.2165 0.0643 1.0404, 0.5709 0.0643 1.0404, 0.2165 0.0525 1.0689, 0.5709 0.0525 1.0689, 0.2165 0.0337 1.0934, 0.5709 0.0337 1.0934, 0.2165 0.0093 1.1121, 0.5709 0.0093 1.1121, 0.2165 -0.0192 1.1239, 0.5709 -0.0192 1.1239, 0.2165 -0.0498 1.128, 0.5709 -0.0498 1.128
            ]
        }
        coordIndex [
            0,1,2,-1,2,1,3,-1,2,3,4,-1,4,3,5,-1,4,5,6,-1,6,5,7,-1,6,7,8,-1,8,7,9,-1,8,9,10,-1,10,9,11,-1,10,11,12,-1,12,11,13,-1,
        ]
    }
}
Shape{
    appearance Appearance {
        material  Material 	{
            diffuseColor 0.0 0.2901960784313726 0.8745098039215686
            specularColor 0.0 0.1450980392156863 0.4392156862745098
            ambientIntensity 0.27
            transparency 0.0
            shininess 0.5
        }
    }
    geometry IndexedFaceSet {
        ccw TRUE
        solid FALSE
        coord DEF co Coordinate {
            point [
                0.5709 0.0683 0.7047, 0.5709 0.1668 0.7047, 0.5709 0.0683 1.0098, 0.5709 0.1668 1.0098, 0.5709 0.0643 1.0404, 0.5709 0.1594 1.0659, 0.5709 0.0525 1.0689, 0.5709 0.1377 1.1181, 0.5709 0.0337 1.0934, 0.5709 0.1033 1.163, 0.5709 0.0093 1.1121, 0.5709 0.0585 1.1974, 0.5709 -0.0192 1.1239, 0.5709 0.0063 1.219, 0.5709 -0.0498 1.128, 0.5709 -0.0498 1.2264, 0.5709 -0.1088 1.128, 0.5709 -0.1088 1.2264, 0.6102 -0.1482 1.2264, 0.6102 -0.1482 1.128, 0.6001 -0.1469 1.2264, 0.6001 -0.1469 1.128, 0.5906 -0.1429 1.2264, 0.5906 -0.1429 1.128, 0.5824 -0.1367 1.2264, 0.5824 -0.1367 1.128, 0.5762 -0.1285 1.2264, 0.5762 -0.1285 1.128, 0.5722 -0.119 1.2264, 0.5722 -0.119 1.128, 0.6496 -0.1482 1.128, 0.6496 -0.1482 1.2264, 0.6598 -0.1495 1.2264, 0.6598 -0.1495 1.128, 0.6693 -0.1535 1.2264, 0.6693 -0.1535 1.128, 0.6775 -0.1597 1.2264, 0.6775 -0.1597 1.128, 0.6837 -0.1679 1.2264, 0.6837 -0.1679 1.128, 0.6876 -0.1774 1.2264, 0.6876 -0.1774 1.128, 0.689 -0.1876 1.2264, 0.689 -0.1876 1.128, 0.689 -0.2269 1.128, 0.689 -0.2269 1.2264, 0.6721 -0.2683 1.2264, 0.6721 -0.2683 1.128, 0.6813 -0.2561 1.128, 0.6813 -0.2561 1.2264, 0.687 -0.242 1.128, 0.687 -0.242 1.2264, 0.6567 -0.284 1.2264, 0.6567 -0.284 1.128, 0.6929 -0.3841 1.2264, 0.6929 -0.3841 1.128, 0.6858 -0.383 1.2264, 0.6858 -0.383 1.128, 0.672 -0.378 1.2264, 0.672 -0.378 1.128, 0.6599 -0.3698 1.2264, 0.6599 -0.3698 1.128, 0.6502 -0.3588 1.2264, 0.6502 -0.3588 1.128, 0.6434 -0.3459 1.2264, 0.6434 -0.3459 1.128, 0.6401 -0.3316 1.2264, 0.6401 -0.3316 1.128, 0.6398 -0.3254 1.2264, 0.6398 -0.3254 1.128, 0.6404 -0.317 1.2264, 0.6404 -0.317 1.128, 0.6442 -0.3028 1.2264, 0.6442 -0.3028 1.128, 0.6515 -0.2901 1.2264, 0.6515 -0.2901 1.128, 0.2165 -0.0498 1.2264, 0.2165 0.0063 1.219, 0.2165 0.0585 1.1974, 0.2165 0.1033 1.163, 0.2165 0.1377 1.1181, 0.2165 0.1594 1.0659, 0.2165 0.1668 1.0098
            ]
        }
        coordIndex [
            0,1,2,-1,2,1,3,-1,2,3,4,-1,4,3,5,-1,4,5,6,-1,6,5,7,-1,6,7,8,-1,8,7,9,-1,8,9,10,-1,10,9,11,-1,10,11,12,-1,12,11,13,-1,12,13,14,-1,14,13,15,-1,14,15,16,-1,16,15,17,-1,18,19,20,-1,20,19,21,-1,20,21,22,-1,22,21,23,-1,22,23,24,-1,24,23,25,-1,24,25,26,-1,26,25,27,-1,26,27,28,-1,28,27,29,-1,28,29,17,-1,17,29,16,-1,30,19,31,-1,31,19,18,-1,30,31,32,-1,30,32,33,-1,33,32,34,-1,33,34,35,-1,35,34,36,-1,35,36,37,-1,37,36,38,-1,37,38,39,-1,39,38,40,-1,39,40,41,-1,41,40,42,-1,41,42,43,-1,44,43,45,-1,45,43,42,-1,46,47,48,-1,46,48,49,-1,49,48,50,-1,49,50,51,-1,51,50,44,-1,51,44,45,-1,52,53,46,-1,46,53,47,-1,54,55,56,-1,56,55,57,-1,56,57,58,-1,58,57,59,-1,58,59,60,-1,60,59,61,-1,60,61,62,-1,62,61,63,-1,62,63,64,-1,64,63,65,-1,64,65,66,-1,66,65,67,-1,66,67,68,-1,68,67,69,-1,68,69,70,-1,70,69,71,-1,70,71,72,-1,72,71,73,-1,72,73,74,-1,74,73,75,-1,74,75,52,-1,52,75,53,-1,76,15,13,-1,76,13,77,-1,77,13,11,-1,77,11,78,-1,78,11,9,-1,78,9,79,-1,79,9,7,-1,79,7,80,-1,80,7,5,-1,80,5,81,-1,81,5,3,-1,81,3,82,-1,
        ]
    }
}
Shape{
    appearance Appearance {
        material  Material 	{
            diffuseColor 0.9686274509803922 0.8784313725490196 0.6
            specularColor 0.6784313725490196 0.615686274509804 0.4196078431372549
            ambientIntensity 0.8737
            transparency 0.0
            shininess 0.5
        }
    }
    geometry IndexedFaceSet {
        ccw TRUE
        solid FALSE
        coord DEF co Coordinate {
            point [
                0.4725 0.1668 0.6063, 0.2165 0.1668 0.7047, 0.5709 0.1668 0.7047, 0.2165 0.1668 1.0098, 0.5709 0.1668 1.0098, 0.4331 0.1668 -1.063, 0.3543 0.1668 -1.063, 0.4725 0.1668 -0.9449, 0.315 0.1668 -0.9449, 0.315 0.1668 0.6063
            ]
        }
        coordIndex [
            0,1,2,-1,2,1,3,-1,2,3,4,-1,5,6,7,-1,7,6,8,-1,7,8,0,-1,0,8,9,-1,0,9,1,-1,
        ]
    }
}
Shape{
    appearance Appearance {
        material  Material 	{
            diffuseColor 0.0 0.2901960784313726 0.8745098039215686
            specularColor 0.0 0.1450980392156863 0.4392156862745098
            ambientIntensity 0.27
            transparency 0.0
            shininess 0.5
        }
    }
    geometry IndexedFaceSet {
        ccw TRUE
        solid FALSE
        coord DEF co Coordinate {
            point [
                0.315 0.0683 0.6063, 0.2165 0.0683 0.7047, 0.315 0.1668 0.6063, 0.2165 0.1668 0.7047
            ]
        }
        coordIndex [
            0,1,2,-1,2,1,3,-1,
        ]
    }
}
Shape{
    appearance Appearance {
        material  Material 	{
            diffuseColor 0.9686274509803922 0.8784313725490196 0.6
            specularColor 0.6784313725490196 0.615686274509804 0.4196078431372549
            ambientIntensity 0.8737
            transparency 0.0
            shininess 0.5
        }
    }
    geometry IndexedFaceSet {
        ccw TRUE
        solid FALSE
        coord DEF co Coordinate {
            point [
                0.3543 0.0683 -1.063, 0.4331 0.0683 -1.063, 0.315 0.0683 -0.9449, 0.4725 0.0683 -0.9449, 0.315 0.0683 0.6063, 0.4725 0.0683 0.6063, 0.2165 0.0683 0.7047, 0.5709 0.0683 0.7047, 0.2165 0.0683 1.0098, 0.5709 0.0683 1.0098
            ]
        }
        coordIndex [
            0,1,2,-1,2,1,3,-1,2,3,4,-1,4,3,5,-1,4,5,6,-1,6,5,7,-1,6,7,8,-1,8,7,9,-1,
        ]
    }
}
Shape{
    appearance Appearance {
        material  Material 	{
            diffuseColor 0.0 0.2901960784313726 0.8745098039215686
            specularColor 0.0 0.1450980392156863 0.4392156862745098
            ambientIntensity 0.27
            transparency 0.0
            shininess 0.5
        }
    }
    geometry IndexedFaceSet {
        ccw TRUE
        solid FALSE
        coord DEF co Coordinate {
            point [
                0.4725 0.1668 0.6063, 0.5709 0.1668 0.7047, 0.4725 0.0683 0.6063, 0.5709 0.0683 0.7047
            ]
        }
        coordIndex [
            0,1,2,-1,2,1,3,-1,
        ]
    }
}
Shape{
    appearance Appearance {
        material  Material 	{
            diffuseColor 0.9686274509803922 0.8784313725490196 0.6
            specularColor 0.6784313725490196 0.615686274509804 0.4196078431372549
            ambientIntensity 0.8737
            transparency 0.0
            shininess 0.5
        }
    }
    geometry IndexedFaceSet {
        ccw TRUE
        solid FALSE
        coord DEF co Coordinate {
            point [
                0.4725 0.0683 0.6063, 0.4725 0.0683 -0.9449, 0.4725 0.1668 0.6063, 0.4725 0.1668 -0.9449, 0.4331 0.1668 -1.063, 0.4331 0.0683 -1.063, 0.3543 0.0683 -1.063, 0.3543 0.1668 -1.063, 0.315 0.1668 -0.9449, 0.315 0.0683 -0.9449, 0.315 0.1668 0.6063, 0.315 0.0683 0.6063
            ]
        }
        coordIndex [
            0,1,2,-1,2,1,3,-1,3,1,4,-1,4,1,5,-1,5,6,4,-1,4,6,7,-1,7,6,8,-1,8,6,9,-1,10,8,11,-1,11,8,9,-1,
        ]
    }
}
Shape{
    appearance Appearance {
        material  Material 	{
            diffuseColor 0.0 0.2901960784313726 0.8745098039215686
            specularColor 0.0 0.1450980392156863 0.4392156862745098
            ambientIntensity 0.27
            transparency 0.0
            shininess 0.5
        }
    }
    geometry IndexedFaceSet {
        ccw TRUE
        solid FALSE
        coord DEF co Coordinate {
            point [
                0.1969 -0.9947 1.3248, 0.5906 -0.9947 1.3248, 0.1969 -0.9913 1.2993, 0.5906 -0.9913 1.2993, 0.1969 -0.9815 1.2756, 0.5906 -0.9815 1.2756, 0.1969 -0.9658 1.2552, 0.5906 -0.9658 1.2552, 0.1969 -0.9455 1.2396, 0.5906 -0.9455 1.2396, 0.1969 -0.9217 1.2297, 0.5906 -0.9217 1.2297, 0.1969 -0.8962 1.2264, 0.5906 -0.8962 1.2264, 0.1969 -0.9947 1.4232, 0.5906 -0.9947 1.4232, 0.1969 -0.9996 1.467, 0.5906 -0.9996 1.467, 0.1969 -1.0142 1.5086, 0.5906 -1.0142 1.5086, 0.1969 -1.0376 1.546, 0.5906 -1.0376 1.546, 0.1969 -1.0688 1.5771, 0.5906 -1.0688 1.5771, 0.1969 -1.1061 1.6006, 0.5906 -1.1061 1.6006, 0.1969 -1.1477 1.6151, 0.5906 -1.1477 1.6151, 0.1969 -1.1915 1.6201, 0.5906 -1.1915 1.6201, 0.5906 -1.4924 1.6201, 0.1969 -1.4924 1.6201
            ]
        }
        coordIndex [
            0,1,2,-1,2,1,3,-1,2,3,4,-1,4,3,5,-1,4,5,6,-1,6,5,7,-1,6,7,8,-1,8,7,9,-1,8,9,10,-1,10,9,11,-1,10,11,12,-1,12,11,13,-1,0,14,1,-1,1,14,15,-1,15,14,16,-1,15,16,17,-1,17,16,18,-1,17,18,19,-1,19,18,20,-1,19,20,21,-1,21,20,22,-1,21,22,23,-1,23,22,24,-1,23,24,25,-1,25,24,26,-1,25,26,27,-1,27,26,28,-1,27,28,29,-1,30,29,31,-1,31,29,28,-1,
        ]
    }
}
Shape{
    appearance Appearance {
        material  Material 	{
            diffuseColor 0.9686274509803922 0.8784313725490196 0.6
            specularColor 0.6784313725490196 0.615686274509804 0.4196078431372549
            ambientIntensity 0.8737
            transparency 0.0
            shininess 0.5
        }
    }
    geometry IndexedFaceSet {
        ccw TRUE
        solid FALSE
        coord DEF co Coordinate {
            point [
                0.1969 -3.4385 1.3964, 0.5906 -3.4385 1.3964, 0.1969 -1.4924 1.6201, 0.5906 -1.4924 1.6201
            ]
        }
        coordIndex [
            0,1,2,-1,2,1,3,-1,
        ]
    }
}
Shape{
    appearance Appearance {
        material  Material 	{
            diffuseColor 0.0 0.2901960784313726 0.8745098039215686
            specularColor 0.0 0.1450980392156863 0.4392156862745098
            ambientIntensity 0.27
            transparency 0.0
            shininess 0.5
        }
    }
    geometry IndexedFaceSet {
        ccw TRUE
        solid FALSE
        coord DEF co Coordinate {
            point [
                0.1969 -3.5038 1.4091, 0.1969 -3.5158 1.4175, 0.2042 -3.5176 1.419, 0.2115 -3.5193 1.4205, 0.5759 -3.5193 1.4205, 0.5906 -3.5038 1.4091, 0.5832 -3.5176 1.419, 0.5906 -3.5158 1.4175, 0.1969 -3.4816 1.3994, 0.5906 -3.4816 1.3994, 0.1969 -3.4578 1.3954, 0.5906 -3.4578 1.3954, 0.1969 -3.4535 1.3953, 0.5906 -3.4535 1.3953, 0.1969 -3.4385 1.3964, 0.5906 -3.4385 1.3964
            ]
        }
        coordIndex [
            0,1,2,-1,3,4,5,-1,5,4,6,-1,5,6,7,-1,2,3,0,-1,0,3,5,-1,0,5,8,-1,8,5,9,-1,8,9,10,-1,10,9,11,-1,10,11,12,-1,12,11,13,-1,12,13,14,-1,14,13,15,-1,
        ]
    }
}
Shape{
    appearance Appearance {
        material  Material 	{
            diffuseColor 0.9686274509803922 0.8784313725490196 0.6
            specularColor 0.6784313725490196 0.615686274509804 0.4196078431372549
            ambientIntensity 0.8737
            transparency 0.0
            shininess 0.5
        }
    }
    geometry IndexedFaceSet {
        ccw TRUE
        solid FALSE
        coord DEF co Coordinate {
            point [
                0.5878 -3.5572 1.4166, 0.588 -3.5564 1.4166, 0.5759 -3.5193 1.4205, 0.5889 -3.5482 1.4166, 0.5832 -3.5176 1.419, 0.5906 -3.5331 1.4166, 0.5906 -3.5158 1.4175, 0.5565 -3.5964 1.4262, 0.5565 -3.6306 1.3882, 0.5659 -3.5916 1.4233, 0.5663 -3.6263 1.3843, 0.577 -3.6188 1.3776, 0.5742 -3.5843 1.4208, 0.5662 -3.5913 1.4232, 0.5849 -3.6096 1.3693, 0.5816 -3.5735 1.4185, 0.5768 -3.5805 1.42, 0.5895 -3.5992 1.36, 0.5875 -3.5584 1.4167, 0.5845 -3.566 1.4176, 0.5906 -3.5908 1.3524, 0.1969 -3.5908 1.3524, 0.1969 -3.5851 1.3473, 0.4585 -3.6758 1.4287, 0.4664 -3.6665 1.4205, 0.4869 -3.6548 1.4099, 0.4771 -3.6591 1.4137, 0.4528 -3.6946 1.4456, 0.4528 -3.8733 1.6063, 0.3347 -3.8733 1.6063, 0.5906 -3.5851 1.3473, 0.3211 -3.6665 1.4205, 0.329 -3.6758 1.4287, 0.4539 -3.6861 1.4381, 0.3336 -3.6861 1.4381, 0.3347 -3.6946 1.4456, 0.3104 -3.6591 1.4137, 0.3006 -3.6548 1.4099, 0.231 -3.6306 1.3882, 0.2212 -3.6263 1.3843, 0.2104 -3.6188 1.3776, 0.2025 -3.6096 1.3693, 0.198 -3.5992 1.36, 0.1969 -3.4311 1.2981, 0.5906 -3.4311 1.2981, 0.1969 -3.4535 1.2969, 0.5906 -3.4535 1.2969, 0.1969 -3.4726 1.2978, 0.5906 -3.4726 1.2978, 0.5906 -3.5134 1.3062, 0.1969 -3.5134 1.3062, 0.5906 -3.5514 1.3229, 0.1969 -3.5514 1.3229, 0.5906 -1.4868 1.5217, 0.1969 -1.4868 1.5217, 0.1969 -1.1915 1.5217, 0.5906 -1.1915 1.5217, 0.5906 -1.1696 1.5192, 0.1969 -1.1696 1.5192, 0.5906 -1.1488 1.5119, 0.1969 -1.1488 1.5119, 0.5906 -1.1301 1.5002, 0.1969 -1.1301 1.5002, 0.5906 -1.1146 1.4846, 0.1969 -1.1146 1.4846, 0.5906 -1.1028 1.4659, 0.1969 -1.1028 1.4659, 0.5906 -1.0956 1.4451, 0.1969 -1.0956 1.4451, 0.5906 -1.0931 1.4232, 0.1969 -1.0931 1.4232, 0.1969 -1.0931 1.3248, 0.5906 -1.0931 1.3248, 0.2125 -3.5834 1.4205, 0.2106 -3.5805 1.42, 0.231 -3.5964 1.4262, 0.2296 -3.5959 1.4258, 0.1969 -3.5331 1.4166, 0.1986 -3.5482 1.4166, 0.1995 -3.5568 1.4166, 0.2046 -3.5712 1.4181, 0.2028 -3.5661 1.4176, 0.1996 -3.5572 1.4166, 0.2212 -3.5914 1.4232, 0.2208 -3.5911 1.4231, 0.3006 -3.6205 1.4479, 0.3285 -3.6512 1.4564, 0.3321 -3.661 1.4575, 0.3347 -3.562 1.4589, 0.333 -3.6685 1.4578, 0.3347 -3.6831 1.4583, 0.3029 -3.6215 1.4487, 0.3103 -3.6257 1.4509, 0.3111 -3.6262 1.4511, 0.3191 -3.6339 1.4535, 0.2115 -3.5193 1.4205, 0.3209 -3.6366 1.454, 0.326 -3.6442 1.4555, 0.1969 -3.5158 1.4175, 0.2042 -3.5176 1.419
            ]
        }
        coordIndex [
            0,1,2,-1,2,1,3,-1,2,3,4,-1,4,3,5,-1,4,5,6,-1,7,8,9,-1,9,8,10,-1,11,12,10,-1,10,12,13,-1,10,13,9,-1,14,15,11,-1,11,15,16,-1,11,16,12,-1,1,0,17,-1,17,0,18,-1,17,18,14,-1,14,18,19,-1,14,19,15,-1,1,17,3,-1,3,17,20,-1,3,20,5,-1,21,22,23,-1,23,22,24,-1,8,25,22,-1,22,25,26,-1,22,26,24,-1,27,28,29,-1,30,20,22,-1,22,20,17,-1,22,17,14,-1,31,23,32,-1,32,23,33,-1,32,33,34,-1,34,33,27,-1,34,27,35,-1,35,27,29,-1,14,11,22,-1,22,11,10,-1,22,10,8,-1,31,36,23,-1,23,36,37,-1,23,37,21,-1,21,37,38,-1,21,38,39,-1,40,41,39,-1,39,41,42,-1,39,42,21,-1,43,44,45,-1,45,44,46,-1,45,46,47,-1,46,48,47,-1,47,48,49,-1,47,49,50,-1,50,49,51,-1,50,51,52,-1,52,51,30,-1,52,30,22,-1,44,43,53,-1,53,43,54,-1,54,55,53,-1,53,55,56,-1,56,55,57,-1,57,55,58,-1,57,58,59,-1,59,58,60,-1,59,60,61,-1,61,60,62,-1,61,62,63,-1,63,62,64,-1,63,64,65,-1,65,64,66,-1,65,66,67,-1,67,66,68,-1,67,68,69,-1,69,68,70,-1,70,71,69,-1,69,71,72,-1,73,74,40,-1,38,75,76,-1,77,21,78,-1,78,21,42,-1,78,42,79,-1,40,74,41,-1,74,80,41,-1,41,80,81,-1,41,81,42,-1,42,81,82,-1,42,82,79,-1,38,76,39,-1,39,76,83,-1,39,83,40,-1,40,83,84,-1,40,84,73,-1,85,75,37,-1,37,75,38,-1,86,87,88,-1,88,87,89,-1,88,89,90,-1,85,91,88,-1,91,92,88,-1,88,92,93,-1,88,93,94,-1,88,95,82,-1,94,96,88,-1,88,96,97,-1,88,97,86,-1,82,81,88,-1,88,81,80,-1,88,80,74,-1,74,73,88,-1,88,73,84,-1,88,84,83,-1,83,76,88,-1,88,76,75,-1,88,75,85,-1,98,77,99,-1,99,77,78,-1,99,78,95,-1,95,78,79,-1,95,79,82,-1,
        ]
    }
}
Shape{
    appearance Appearance {
        material  Material 	{
            diffuseColor 0.0 0.2901960784313726 0.8745098039215686
            specularColor 0.0 0.1450980392156863 0.4392156862745098
            ambientIntensity 0.27
            transparency 0.0
            shininess 0.5
        }
    }
    geometry IndexedFaceSet {
        ccw TRUE
        solid FALSE
        coord DEF co Coordinate {
            point [
                0.3347 -3.8076 1.6795, 0.4528 -3.8076 1.6795, 0.3347 -3.562 1.4589, 0.4528 -3.562 1.4589, 0.2115 -3.5193 1.4205, 0.5759 -3.5193 1.4205
            ]
        }
        coordIndex [
            0,1,2,-1,2,1,3,-1,2,3,4,-1,4,3,5,-1,
        ]
    }
}
Shape{
    appearance Appearance {
        material  Material 	{
            diffuseColor 0.9686274509803922 0.8784313725490196 0.6
            specularColor 0.6784313725490196 0.615686274509804 0.4196078431372549
            ambientIntensity 0.8737
            transparency 0.0
            shininess 0.5
        }
    }
    geometry IndexedFaceSet {
        ccw TRUE
        solid FALSE
        coord DEF co Coordinate {
            point [
                0.4771 -3.6258 1.4509, 0.4781 -3.625 1.4506, 0.4528 -3.562 1.4589, 0.4869 -3.6205 1.4479, 0.4543 -3.6685 1.4578, 0.4531 -3.6751 1.4583, 0.4528 -3.6831 1.4583, 0.4569 -3.6551 1.457, 0.4587 -3.6511 1.4564, 0.4632 -3.6412 1.455, 0.4665 -3.6366 1.454, 0.47 -3.6319 1.453, 0.5565 -3.5964 1.4262, 0.5659 -3.5916 1.4233, 0.5662 -3.5913 1.4232, 0.5742 -3.5843 1.4208, 0.5768 -3.5805 1.42, 0.5816 -3.5735 1.4185, 0.5878 -3.5572 1.4166, 0.5759 -3.5193 1.4205, 0.5875 -3.5584 1.4167, 0.5845 -3.566 1.4176, 0.4869 -3.6548 1.4099, 0.5565 -3.6306 1.3882, 0.4528 -3.6946 1.4456, 0.4539 -3.6861 1.4381, 0.4585 -3.6758 1.4287, 0.4664 -3.6665 1.4205, 0.4771 -3.6591 1.4137, 0.4528 -3.8076 1.6795, 0.4528 -3.8733 1.6063, 0.4528 -3.893 1.62, 0.4528 -3.8468 1.7069, 0.4528 -3.9154 1.6286, 0.4528 -3.8916 1.7241, 0.4528 -3.9391 1.6315, 0.4528 -3.9391 1.7299, 0.4528 -4.0769 1.6315, 0.4528 -4.0769 1.7299
            ]
        }
        coordIndex [
            0,1,2,-1,2,1,3,-1,4,2,5,-1,5,2,6,-1,4,7,2,-1,2,7,8,-1,2,8,9,-1,9,10,2,-1,2,10,11,-1,2,11,0,-1,3,12,2,-1,2,12,13,-1,2,13,14,-1,14,15,2,-1,2,15,16,-1,2,16,17,-1,18,19,20,-1,20,19,2,-1,20,2,21,-1,21,2,17,-1,22,23,3,-1,3,23,12,-1,6,24,5,-1,5,24,25,-1,5,25,4,-1,4,25,7,-1,7,25,26,-1,7,26,8,-1,8,26,9,-1,9,26,27,-1,9,27,10,-1,10,27,11,-1,11,27,28,-1,11,28,0,-1,0,28,1,-1,1,28,22,-1,1,22,3,-1,6,2,29,-1,24,6,30,-1,30,6,29,-1,30,29,31,-1,31,29,32,-1,31,32,33,-1,33,32,34,-1,33,34,35,-1,35,34,36,-1,35,36,37,-1,37,36,38,-1,
        ]
    }
}
Shape{
    appearance Appearance {
        material  Material 	{
            diffuseColor 0.0 0.2901960784313726 0.8745098039215686
            specularColor 0.0 0.1450980392156863 0.4392156862745098
            ambientIntensity 0.27
            transparency 0.0
            shininess 0.5
        }
    }
    geometry IndexedFaceSet {
        ccw TRUE
        solid FALSE
        coord DEF co Coordinate {
            point [
                0.3347 -3.8733 1.6063, 0.4528 -3.8733 1.6063, 0.3347 -3.893 1.62, 0.4528 -3.893 1.62, 0.3347 -3.9154 1.6286, 0.4528 -3.9154 1.6286, 0.3347 -3.9391 1.6315, 0.4528 -3.9391 1.6315
            ]
        }
        coordIndex [
            0,1,2,-1,2,1,3,-1,2,3,4,-1,4,3,5,-1,4,5,6,-1,6,5,7,-1,
        ]
    }
}
Shape{
    appearance Appearance {
        material  Material 	{
            diffuseColor 0.9686274509803922 0.8784313725490196 0.6
            specularColor 0.6784313725490196 0.615686274509804 0.4196078431372549
            ambientIntensity 0.8737
            transparency 0.0
            shininess 0.5
        }
    }
    geometry IndexedFaceSet {
        ccw TRUE
        solid FALSE
        coord DEF co Coordinate {
            point [
                0.3347 -3.8076 1.6795, 0.3347 -3.562 1.4589, 0.3347 -3.6831 1.4583, 0.3347 -4.0769 1.6315, 0.3347 -4.0769 1.7299, 0.3347 -3.9391 1.6315, 0.3347 -3.9391 1.7299, 0.3347 -3.9154 1.6286, 0.3347 -3.8916 1.7241, 0.3347 -3.893 1.62, 0.3347 -3.8468 1.7069, 0.3347 -3.8733 1.6063, 0.3347 -3.6946 1.4456, 0.3006 -3.6205 1.4479, 0.3006 -3.6548 1.4099, 0.3029 -3.6215 1.4487, 0.3104 -3.6591 1.4137, 0.3103 -3.6257 1.4509, 0.3111 -3.6262 1.4511, 0.3211 -3.6665 1.4205, 0.329 -3.6758 1.4287, 0.3285 -3.6512 1.4564, 0.326 -3.6442 1.4555, 0.3209 -3.6366 1.454, 0.3191 -3.6339 1.4535, 0.3336 -3.6861 1.4381, 0.333 -3.6685 1.4578, 0.3321 -3.661 1.4575
            ]
        }
        coordIndex [
            0,1,2,-1,3,4,5,-1,5,4,6,-1,5,6,7,-1,7,6,8,-1,7,8,9,-1,9,8,10,-1,9,10,11,-1,11,10,0,-1,11,0,12,-1,12,0,2,-1,13,14,15,-1,15,14,16,-1,15,16,17,-1,17,16,18,-1,19,20,21,-1,21,22,19,-1,19,22,23,-1,19,23,16,-1,16,23,24,-1,16,24,18,-1,12,2,25,-1,25,2,26,-1,25,26,20,-1,20,26,27,-1,20,27,21,-1,
        ]
    }
}
Shape{
    appearance Appearance {
        material  Material 	{
            diffuseColor 0.0 0.2901960784313726 0.8745098039215686
            specularColor 0.0 0.1450980392156863 0.4392156862745098
            ambientIntensity 0.27
            transparency 0.0
            shininess 0.5
        }
    }
    geometry IndexedFaceSet {
        ccw TRUE
        solid FALSE
        coord DEF co Coordinate {
            point [
                0.3347 -3.9391 1.7299, 0.4528 -3.9391 1.7299, 0.4528 -3.8916 1.7241, 0.3347 -3.8916 1.7241, 0.4528 -3.8468 1.7069, 0.3347 -3.8468 1.7069, 0.4528 -3.8076 1.6795, 0.3347 -3.8076 1.6795, 0.3638 -4.115 1.7299, 0.374 -4.1163 1.7299, 0.3347 -4.0769 1.7299, 0.4134 -4.1163 1.7299, 0.4528 -4.0769 1.7299, 0.336 -4.0871 1.7299, 0.3399 -4.0966 1.7299, 0.3462 -4.1048 1.7299, 0.3543 -4.111 1.7299, 0.4331 -4.111 1.7299, 0.4412 -4.1048 1.7299, 0.4475 -4.0966 1.7299, 0.4236 -4.115 1.7299, 0.4514 -4.0871 1.7299, 0.3347 -4.0769 1.6315, 0.336 -4.0871 1.6315, 0.3399 -4.0966 1.6315, 0.3462 -4.1048 1.6315, 0.3543 -4.111 1.6315, 0.3638 -4.115 1.6315, 0.374 -4.1163 1.6315, 0.3347 -3.9391 1.6315, 0.4236 -4.115 1.6315, 0.4134 -4.1163 1.6315, 0.4528 -4.0769 1.6315, 0.4528 -3.9391 1.6315, 0.4475 -4.0966 1.6315, 0.4412 -4.1048 1.6315, 0.4331 -4.111 1.6315, 0.4514 -4.0871 1.6315, 0.688 -0.6147 1.128, 0.6929 -0.6106 1.128, 0.688 -0.6147 1.2264, 0.6929 -0.6106 1.2264, 0.6717 -0.6835 1.2264, 0.6717 -0.6835 1.128, 0.6675 -0.669 1.2264, 0.6675 -0.669 1.128, 0.6668 -0.66 1.2264, 0.6668 -0.66 1.128, 0.6671 -0.6538 1.2264, 0.6671 -0.6538 1.128, 0.6706 -0.6391 1.2264, 0.6706 -0.6391 1.128, 0.6777 -0.6258 1.2264, 0.6777 -0.6258 1.128, -2.0709 -0.0399 0.0394, -2.0709 -0.0399 0.4856, -2.1299 -0.0399 0.0394, -2.1299 -0.0399 0.4856, -2.1693 -0.0006 0.0394, -2.1693 -0.0006 0.5774, -2.1693 0.0219 0.6299, -2.1693 0.2919 0.6299, -2.1693 0.3144 0.5774, -2.1693 0.3144 0.0394, -2.1299 0.0388 0.6693, -2.1299 0.275 0.6693, -2.1299 0.3538 0.0394, -2.1299 0.3538 0.4856, -2.0709 0.3538 0.4856, -2.0709 0.3538 0.0394, -2.0709 0.3715 0.4442, -2.0709 0.3715 0.1732, -2.0709 0.3931 0.1516, -2.0709 0.3931 0.0394, -2.2047 0.3715 0.1732, -2.2047 0.4896 0.0551, -1.9665 0.3931 0.1516, -2.063 0.4896 0.0551, -1.9134 0.8853 0.4528, -1.9134 1.0624 0.4528, -1.9134 1.0624 0.0394, -1.9134 0.3931 0.3937, -1.9134 0.275 0.6693, -1.9134 0.3931 0.6693, -1.9134 0.4177 0.0394, -1.9134 0.3931 0.0394, -1.9134 0.3931 1.2598, -1.9134 0.5309 1.2598, -1.9134 0.5309 0.6693, -1.9134 0.8853 0.6693, -1.8898 0.8853 0.6693, -1.8898 0.5309 0.6693, -1.8898 0.5315 0.6283, -1.8898 0.8847 0.6283, -1.8898 0.5309 0.6299, -1.8898 0.8853 0.6299, -1.2598 0.5309 0.6299, -1.2598 0.5315 0.6283, -1.4862 0.6628 0.2362, -1.6634 0.6628 0.2362, -1.6634 0.7534 0.2362, -1.2598 0.8853 0.6299, -1.2598 0.8847 0.6283, -1.4862 0.7534 0.2362, -1.2598 0.8853 1.2598, -1.2598 0.5309 1.2598, -1.4862 0.6628 0.0394, -1.4862 0.7534 0.0394, -1.6634 0.6628 0.0394, -1.6634 0.7534 0.0394, -1.5984 0.3931 1.2598, -1.5984 0.3931 0.6693, -1.5984 0.2553 0.6693, -1.5984 0.2553 1.0236, -1.9449 0.8853 0.4528, -1.9449 1.0624 0.4528, -1.8543 -0.1777 0.6693, -1.8543 0.0388 0.6693, -1.9134 -0.1777 0.6102, -1.9134 0.0135 0.6102, 2.063 -0.1797 0.0551, 2.063 -1.221 0.0551, 1.9626 -0.0793 0.1555, 1.9449 -1.221 0.1732, 1.9449 -0.0793 0.1732, 1.9134 -0.0793 0.0394, 2.0709 -0.0793 0.0394, 2.0709 -0.0793 0.1555, 1.9449 -0.0793 0.3937, 1.9134 -0.0793 0.3937, 2.0709 -0.0616 0.1732, 2.2047 -0.0616 0.1732, 2.2047 -0.1797 0.0551, 1.9134 -1.7329 0.374, 1.9134 -3.3077 0.2165, 1.9134 -3.3077 -0.1181, 1.9134 0.0135 0.6102, 1.9134 -0.1777 0.6102, 1.9134 -0.1777 0.374, 1.9134 -0.0793 -0.1181, 1.5984 -0.0793 -0.1181, 1.5984 -0.0793 0.0394, 1.5984 -1.6226 0.0394, 1.5984 -3.3077 -0.1181, 1.5984 -3.3077 0.0394, -1.9134 -3.3077 -0.1181, -1.5984 -3.3077 -0.1181, -1.9134 -3.3077 0.2165, -1.5984 -3.3077 0.0394, 1.4764 -3.3077 0.0394, 1.0827 -3.3077 0.0394, 0.4921 -3.3077 0.2165, 0.5906 -3.3077 0.0394, -0.4921 -3.3077 0.2165, -0.1968 -3.3077 0.0394, 0.1969 -3.3077 0.0394, -1.4764 -3.3077 0.0394, -1.0827 -3.3077 0.0394, -0.5905 -3.3077 0.0394, -1.9134 -1.7329 0.374, -0.4921 -1.7329 0.374, -0.4921 -3.0349 0.374, 0.4921 -3.0349 0.374, -1.9134 -0.1777 0.374, 0.4921 -1.7329 0.374, -1.5984 -0.0793 -0.1181, -1.9134 -0.0793 -0.1181, 2.2047 1.0624 0.0551, 2.2047 0.4896 0.0551, 2.063 1.0624 0.0551, 2.063 0.4896 0.0551, 1.9449 1.0624 0.1732, 1.9665 0.3931 0.1516, 1.9449 0.3931 0.1732, 1.9449 0.3715 0.9409, 1.9449 0.3715 0.7441, 1.6299 0.3715 0.9409, 1.6299 0.3715 0.7441, 1.6299 -0.1935 0.9409, 1.9449 -0.1935 0.9409, 1.6299 -0.1935 0.7441, 2.0709 0.3538 0.0394, 2.0709 0.3538 0.4856, 2.1299 0.3538 0.0394, 2.1299 0.3538 0.4856, 2.1693 0.3144 0.0394, 2.1693 0.3144 0.5774, 0.3051 0.0624 0.0394, 0.3051 0.0624 0.2362, 0.4823 0.0624 0.0394, 0.4823 0.0624 0.2362, 0.0886 -0.0163 0.6693, 0.6988 -0.0163 0.6693, 0.0886 0.2553 0.6693, 0.2953 0.1727 0.2559, 0.3051 0.1727 0.2362, 0.3051 0.1727 0.0394, 0.4921 0.1727 0.2559, 0.4823 0.1727 0.0394, 0.4823 0.1727 0.2362, 0.6988 0.2553 0.6693, 1.2894 0.1727 0.0394, 1.2894 0.1727 0.2362, 1.2894 0.0624 0.0394, 1.2894 0.0624 0.2362, 1.0728 0.2553 0.6693, 1.0728 -0.0163 0.6693, 1.2795 0.1727 0.2559, 1.4665 0.0624 0.2362, 1.6831 -0.0163 0.6693, 1.4665 0.0624 0.0394, 1.4665 0.1727 0.0394, 1.4665 0.1727 0.2362, 1.6831 0.2553 0.6693, 1.4764 0.1727 0.2559, -0.4823 0.1727 0.0394, -0.4823 0.1727 0.2362, -0.4823 0.0624 0.0394, -0.4823 0.0624 0.2362, -0.6988 0.2553 0.6693, -0.6988 -0.0163 0.6693, -0.4921 0.1727 0.2559, -0.3051 0.0624 0.2362, -0.0886 -0.0163 0.6693, -0.3051 0.0624 0.0394, -0.3051 0.1727 0.0394, -0.3051 0.1727 0.2362, -0.0886 0.2553 0.6693, -0.2953 0.1727 0.2559, -0.6988 0.6628 0.0394, -0.6988 0.6628 0.2362, -0.6988 0.7534 0.0394, -0.6988 0.7534 0.2362, -0.4724 0.5315 0.6283, -0.4724 0.8847 0.6283, -0.4724 0.8853 0.6299, -1.1024 0.8853 0.6299, -1.1024 0.8847 0.6283, -0.876 0.7534 0.2362, -0.4724 0.5309 0.6299, -0.4724 0.8853 1.2598, -0.4724 0.5309 1.2598, -1.1024 0.8853 1.2598, -1.1024 0.5309 1.2598, -1.1024 0.5309 0.6299, -1.1024 0.5315 0.6283, -0.876 0.6628 0.2362, -0.876 0.7534 0.0394, -0.876 0.6628 0.0394, 0.876 0.6628 0.0394, 0.876 0.6628 0.2362, 0.876 0.7534 0.0394, 0.876 0.7534 0.2362, 1.1024 0.5315 0.6283, 1.1024 0.8847 0.6283, 1.1024 0.8853 0.6299, 0.4725 0.8853 0.6299, 0.4725 0.8847 0.6283, 0.6988 0.7534 0.2362, 1.1024 0.5309 0.6299, 1.1024 0.8853 1.2598, 1.1024 0.5309 1.2598, 0.4725 0.8853 1.2598, 0.4725 0.5309 1.2598, 0.4725 0.5309 0.6299, 0.4725 0.5315 0.6283, 0.6988 0.6628 0.2362, 0.6988 0.7534 0.0394, 0.6988 0.6628 0.0394, 0.0886 0.6628 0.0394, 0.0886 0.6628 0.2362, 0.0886 0.7534 0.0394, 0.0886 0.7534 0.2362, 0.315 0.5315 0.6283, 0.315 0.8847 0.6283, 0.315 0.8853 0.6299, -0.315 0.8853 0.6299, -0.315 0.8847 0.6283, -0.0886 0.7534 0.2362, 0.315 0.5309 0.6299, 0.315 0.8853 1.2598, 0.315 0.5309 1.2598, -0.315 0.8853 1.2598, -0.315 0.5309 1.2598, -0.315 0.5309 0.6299, -0.315 0.5315 0.6283, -0.0886 0.6628 0.2362, -0.0886 0.7534 0.0394, -0.0886 0.6628 0.0394, -2.0433 0.8262 0.4685, -2.0433 1.0624 0.4685, -2.0433 0.8262 0.6457, -2.0433 1.0624 0.6457, 1.2697 0.3774 2.0039, 1.311 0.3774 2.0039, 1.2106 0.4364 1.9449, 1.311 0.4364 1.9449, 1.311 -1.9395 2.0039, 1.2697 -1.8982 2.0039, 1.2697 -1.8982 2.0945, 1.311 -1.9395 2.0945, 1.2697 0.3774 2.0945, 1.8386 -3.6029 2.0945, 1.6732 -3.6029 2.0945, 1.8386 -1.9395 2.0945, 1.6732 -1.6344 2.0945, 1.8799 -1.8982 2.0945, 1.4764 -1.6344 2.0945, 1.4764 -3.6029 2.0945, 1.311 -3.6029 2.0945, 1.8799 0.3774 2.0945, 1.939 0.4364 2.1535, 1.2106 0.4364 2.1535, 1.939 0.4364 1.9449, 1.8799 0.3774 2.0039, 1.8799 -0.275 2.0886, 1.8799 -0.275 2.0098, 1.8799 -1.8982 2.0039, 1.8799 -0.0408 2.0098, 1.8799 -0.2002 2.0098, 1.8799 -0.0408 2.0886, 1.8799 -0.2002 2.0886, 1.8799 0.0427 2.0098, 1.8799 0.0427 2.0886, 1.8386 -1.9395 2.0039, 1.8386 0.3774 2.0039, 1.8386 0.4364 1.9449, 1.8209 -3.0191 2.0098, 1.3288 -3.0191 2.0098, 1.8209 -0.5872 2.0098, 1.3288 -0.5872 2.0098, 1.7734 0.5098 2.0098, 1.363 0.4869 2.0098, 1.3711 0.4975 2.0098, 1.3268 0.4719 2.0098, 1.7785 0.4975 2.0098, 1.34 0.4736 2.0098, 1.3524 0.4787 2.0098, 1.378 0.5231 2.0098, 1.378 0.5506 2.0098, 1.7717 0.5506 2.0098, 1.7867 0.4869 2.0098, 1.323 0.1272 2.0098, 1.315 0.1397 2.0098, 1.3762 0.5098 2.0098, 1.7717 0.5231 2.0098, 1.3196 0.0703 2.0098, 1.3259 0.0837 2.0098, 1.3286 0.0983 2.0098, 1.3141 -0.1381 2.0098, 1.3181 -0.1247 2.0098, 1.7973 0.4787 2.0098, 1.8237 0.0837 2.0098, 1.83 0.0703 2.0098, 1.3162 -0.0969 2.0098, 1.3104 -0.0842 2.0098, 1.3018 -0.0732 2.0098, 1.2697 -0.0408 2.0098, 1.3102 0.0588 2.0098, 1.3288 0.1018 2.0098, 1.3277 0.1131 2.0098, 1.3041 0.1498 2.0098, 1.2938 0.1592 2.0098, 1.286 0.1708 2.0098, 1.2795 0.4719 2.0098, 1.2795 0.1977 2.0098, 1.2812 0.1839 2.0098, 1.2697 0.0427 2.0098, 1.2844 0.0446 2.0098, 1.2982 0.0501 2.0098, 1.3189 -0.1147 2.0098, 1.3188 -0.1107 2.0098, 1.8701 0.4719 2.0098, 1.8701 0.1977 2.0098, 1.8455 0.1498 2.0098, 1.8228 0.4719 2.0098, 1.8346 0.1397 2.0098, 1.8096 0.4736 2.0098, 1.8266 0.1272 2.0098, 1.822 0.1131 2.0098, 1.8684 0.1839 2.0098, 1.8636 0.1708 2.0098, 1.8558 0.1592 2.0098, 1.8209 0.1018 2.0098, 1.821 0.0983 2.0098, 1.2894 -0.4795 2.0098, 1.2894 -0.351 2.0098, 1.2888 -0.3426 2.0098, 1.3071 -0.1502 2.0098, 1.287 -0.3344 2.0098, 1.2717 -0.1974 2.0098, 1.2697 -0.275 2.0098, 1.2697 -0.2002 2.0098, 1.8307 -0.1147 2.0098, 1.8316 -0.1247 2.0098, 1.8626 -0.3344 2.0098, 1.8608 -0.3426 2.0098, 1.8602 -0.351 2.0098, 1.8602 -0.4795 2.0098, 1.8652 0.0446 2.0098, 1.8478 -0.0732 2.0098, 1.8394 0.0588 2.0098, 1.8514 0.0501 2.0098, 1.8392 -0.0842 2.0098, 1.8335 -0.0969 2.0098, 1.8309 -0.1107 2.0098, 1.8355 -0.1381 2.0098, 1.8425 -0.1502 2.0098, 1.878 -0.1974 2.0098, 1.878 -0.1974 2.0886
            ]
        }
        coordIndex [
            0,1,2,-1,0,2,3,-1,3,2,4,-1,3,4,5,-1,5,4,6,-1,5,6,7,-1,8,9,10,-1,10,9,0,-1,0,9,1,-1,1,9,11,-1,1,11,12,-1,10,13,14,-1,14,15,10,-1,10,15,16,-1,10,16,8,-1,17,18,19,-1,11,20,12,-1,12,20,17,-1,12,17,21,-1,21,17,19,-1,10,22,23,-1,10,23,13,-1,13,23,24,-1,13,24,14,-1,14,24,25,-1,14,25,15,-1,15,25,26,-1,15,26,16,-1,16,26,27,-1,16,27,8,-1,8,27,28,-1,8,28,9,-1,22,29,28,-1,30,31,32,-1,28,29,31,-1,31,29,33,-1,31,33,32,-1,34,35,36,-1,26,25,24,-1,28,27,22,-1,22,27,26,-1,22,26,23,-1,23,26,24,-1,30,32,36,-1,36,32,37,-1,36,37,34,-1,11,9,31,-1,31,9,28,-1,11,31,30,-1,11,30,20,-1,20,30,36,-1,20,36,17,-1,17,36,35,-1,17,35,18,-1,18,35,34,-1,18,34,19,-1,19,34,37,-1,19,37,21,-1,21,37,32,-1,21,32,12,-1,38,39,40,-1,40,39,41,-1,42,43,44,-1,44,43,45,-1,44,45,46,-1,46,45,47,-1,46,47,48,-1,48,47,49,-1,48,49,50,-1,50,49,51,-1,50,51,52,-1,52,51,53,-1,52,53,40,-1,40,53,38,-1,54,55,56,-1,56,55,57,-1,56,57,58,-1,58,57,59,-1,60,61,59,-1,59,61,62,-1,59,62,58,-1,58,62,63,-1,64,65,60,-1,60,65,61,-1,63,62,66,-1,66,62,67,-1,68,69,67,-1,67,69,66,-1,68,70,71,-1,72,73,71,-1,71,73,69,-1,71,69,68,-1,71,74,72,-1,72,74,75,-1,72,75,76,-1,76,75,77,-1,78,79,80,-1,81,82,83,-1,80,84,78,-1,78,84,85,-1,78,85,81,-1,86,87,83,-1,83,87,88,-1,83,88,81,-1,81,88,89,-1,81,89,78,-1,90,89,91,-1,91,89,88,-1,92,93,94,-1,94,93,95,-1,94,95,91,-1,91,95,90,-1,94,96,97,-1,94,97,92,-1,92,97,98,-1,92,98,99,-1,93,92,100,-1,100,92,99,-1,101,95,93,-1,101,93,102,-1,102,93,100,-1,102,100,103,-1,102,97,101,-1,101,97,96,-1,101,96,104,-1,104,96,105,-1,103,98,102,-1,102,98,97,-1,106,98,107,-1,107,98,103,-1,108,99,106,-1,106,99,98,-1,109,100,108,-1,108,100,99,-1,107,103,109,-1,109,103,100,-1,88,87,91,-1,91,87,105,-1,91,105,94,-1,94,105,96,-1,110,86,111,-1,111,86,83,-1,111,112,110,-1,110,112,113,-1,78,114,79,-1,79,114,115,-1,116,117,118,-1,118,117,119,-1,120,121,122,-1,122,121,123,-1,122,123,124,-1,125,126,127,-1,128,129,124,-1,124,129,125,-1,124,125,122,-1,122,125,127,-1,130,131,127,-1,127,131,132,-1,127,132,122,-1,122,132,120,-1,133,134,135,-1,136,137,129,-1,129,137,138,-1,129,138,125,-1,125,138,133,-1,125,133,139,-1,139,133,135,-1,140,141,139,-1,139,141,125,-1,141,140,142,-1,142,140,143,-1,142,143,144,-1,145,146,147,-1,147,146,148,-1,143,135,144,-1,144,135,134,-1,144,134,149,-1,149,134,150,-1,150,134,151,-1,150,151,152,-1,153,154,151,-1,151,154,155,-1,151,155,152,-1,148,156,147,-1,147,156,157,-1,147,157,153,-1,153,157,158,-1,153,158,154,-1,147,153,159,-1,159,153,160,-1,160,153,161,-1,162,161,151,-1,151,161,153,-1,163,159,138,-1,138,159,160,-1,133,138,164,-1,164,138,160,-1,164,160,162,-1,162,160,161,-1,134,133,151,-1,151,133,164,-1,164,162,151,-1,140,139,143,-1,143,139,135,-1,165,146,166,-1,166,146,145,-1,167,168,169,-1,169,168,170,-1,169,170,171,-1,171,170,172,-1,171,172,173,-1,174,175,176,-1,176,175,177,-1,176,178,174,-1,174,178,179,-1,177,180,176,-1,176,180,178,-1,181,182,183,-1,183,182,184,-1,183,184,185,-1,185,184,186,-1,187,188,189,-1,189,188,190,-1,188,191,190,-1,190,191,192,-1,193,191,194,-1,194,191,188,-1,194,188,195,-1,196,195,187,-1,187,195,188,-1,197,194,195,-1,196,198,195,-1,195,198,199,-1,195,199,197,-1,193,194,200,-1,200,194,197,-1,192,200,190,-1,190,200,197,-1,190,197,199,-1,189,190,198,-1,198,190,199,-1,201,202,203,-1,203,202,204,-1,205,206,207,-1,207,206,204,-1,207,204,202,-1,204,206,208,-1,208,206,209,-1,203,204,210,-1,210,204,208,-1,210,208,211,-1,211,208,212,-1,209,213,208,-1,208,213,214,-1,208,214,212,-1,214,207,202,-1,201,211,202,-1,202,211,212,-1,202,212,214,-1,215,216,217,-1,217,216,218,-1,219,220,221,-1,221,220,218,-1,221,218,216,-1,218,220,222,-1,222,220,223,-1,217,218,224,-1,224,218,222,-1,224,222,225,-1,225,222,226,-1,223,227,222,-1,222,227,228,-1,222,228,226,-1,228,221,216,-1,215,225,216,-1,216,225,226,-1,216,226,228,-1,219,221,227,-1,227,221,228,-1,229,230,231,-1,231,230,232,-1,233,234,230,-1,230,234,232,-1,235,236,237,-1,235,237,234,-1,234,237,238,-1,234,238,232,-1,234,233,235,-1,235,233,239,-1,235,239,240,-1,240,239,241,-1,242,236,240,-1,240,236,235,-1,242,243,236,-1,236,243,244,-1,236,244,237,-1,237,244,245,-1,246,238,245,-1,245,238,237,-1,247,238,248,-1,248,238,246,-1,231,232,247,-1,247,232,238,-1,248,246,229,-1,229,246,230,-1,230,246,233,-1,233,246,245,-1,233,245,239,-1,239,245,244,-1,241,239,243,-1,243,239,244,-1,249,250,251,-1,251,250,252,-1,253,254,250,-1,250,254,252,-1,255,256,257,-1,255,257,254,-1,254,257,258,-1,254,258,252,-1,254,253,255,-1,255,253,259,-1,255,259,260,-1,260,259,261,-1,262,256,260,-1,260,256,255,-1,262,263,256,-1,256,263,264,-1,256,264,257,-1,257,264,265,-1,266,258,265,-1,265,258,257,-1,267,258,268,-1,268,258,266,-1,251,252,267,-1,267,252,258,-1,268,266,249,-1,249,266,250,-1,264,259,253,-1,264,253,265,-1,265,253,250,-1,265,250,266,-1,261,259,263,-1,263,259,264,-1,269,270,271,-1,271,270,272,-1,273,274,270,-1,270,274,272,-1,275,276,277,-1,275,277,274,-1,274,277,278,-1,274,278,272,-1,274,273,275,-1,275,273,279,-1,275,279,280,-1,280,279,281,-1,282,276,280,-1,280,276,275,-1,282,283,276,-1,276,283,284,-1,276,284,277,-1,277,284,285,-1,286,278,285,-1,285,278,277,-1,287,278,288,-1,288,278,286,-1,271,272,287,-1,287,272,278,-1,288,286,269,-1,269,286,270,-1,270,286,273,-1,273,286,285,-1,273,285,279,-1,279,285,284,-1,281,279,283,-1,283,279,284,-1,289,290,291,-1,291,290,292,-1,293,294,295,-1,295,294,296,-1,297,294,298,-1,298,294,293,-1,299,300,298,-1,298,300,297,-1,300,299,301,-1,302,303,304,-1,304,303,305,-1,304,305,306,-1,307,308,309,-1,309,300,307,-1,307,300,301,-1,307,301,305,-1,305,301,310,-1,305,310,306,-1,311,310,312,-1,312,310,301,-1,313,314,311,-1,311,314,310,-1,315,316,317,-1,318,319,320,-1,320,319,321,-1,320,321,310,-1,310,321,315,-1,310,315,306,-1,306,315,317,-1,316,319,317,-1,317,319,318,-1,317,318,314,-1,314,318,322,-1,314,322,310,-1,310,322,323,-1,310,323,320,-1,317,324,306,-1,306,324,304,-1,317,314,324,-1,324,314,325,-1,313,326,314,-1,314,326,325,-1,327,328,329,-1,329,328,330,-1,331,332,333,-1,334,331,335,-1,334,336,331,-1,331,336,337,-1,331,337,332,-1,338,339,340,-1,341,342,335,-1,335,342,343,-1,333,344,331,-1,331,344,338,-1,331,338,345,-1,345,338,340,-1,346,347,341,-1,341,347,348,-1,349,350,351,-1,330,352,353,-1,354,355,351,-1,351,355,356,-1,351,356,341,-1,341,356,357,-1,341,357,346,-1,346,357,358,-1,348,359,341,-1,341,359,360,-1,341,360,342,-1,343,361,335,-1,335,361,362,-1,335,362,363,-1,364,334,365,-1,365,334,335,-1,365,335,366,-1,366,335,363,-1,367,368,357,-1,357,368,369,-1,357,369,358,-1,350,370,351,-1,351,370,371,-1,351,371,354,-1,372,373,374,-1,372,374,375,-1,375,374,376,-1,375,376,377,-1,377,376,378,-1,377,378,379,-1,380,381,373,-1,373,381,382,-1,373,382,374,-1,379,383,330,-1,330,383,384,-1,330,384,352,-1,379,330,377,-1,377,330,385,-1,377,385,351,-1,351,385,386,-1,351,386,349,-1,349,386,387,-1,349,387,388,-1,388,387,389,-1,388,389,390,-1,390,389,391,-1,390,391,392,-1,393,394,330,-1,395,396,330,-1,396,397,330,-1,330,397,398,-1,330,398,329,-1,322,318,399,-1,399,318,400,-1,353,401,330,-1,330,401,402,-1,330,402,399,-1,400,403,399,-1,399,403,404,-1,399,404,330,-1,330,404,405,-1,330,405,393,-1,394,406,330,-1,330,406,407,-1,330,407,408,-1,408,319,330,-1,330,319,316,-1,330,316,395,-1,409,321,408,-1,408,321,319,-1,
        ]
    }
}
Shape{
    appearance Appearance {
        material  Material 	{
            diffuseColor 0.9686274509803922 0.8784313725490196 0.6
            specularColor 0.6784313725490196 0.615686274509804 0.4196078431372549
            ambientIntensity 0.8737
            transparency 0.0
            shininess 0.5
        }
    }
    geometry IndexedFaceSet {
        ccw TRUE
        solid FALSE
        coord DEF co Coordinate {
            point [
                1.3288 -3.0191 2.0886, 1.8209 -3.0191 2.0886, 1.3288 -0.5872 2.0886, 1.8209 -0.5872 2.0886, 1.8394 0.0588 2.0886, 1.83 0.0703 2.0886, 1.8237 0.0837 2.0886, 1.821 0.0983 2.0886, 1.3711 0.4975 2.0886, 1.363 0.4869 2.0886, 1.7734 0.5098 2.0886, 1.3524 0.4787 2.0886, 1.34 0.4736 2.0886, 1.323 0.1272 2.0886, 1.315 0.1397 2.0886, 1.3268 0.4719 2.0886, 1.3041 0.1498 2.0886, 1.8209 0.1018 2.0886, 1.822 0.1131 2.0886, 1.8096 0.4736 2.0886, 1.8266 0.1272 2.0886, 1.8346 0.1397 2.0886, 1.8228 0.4719 2.0886, 1.8455 0.1498 2.0886, 1.7973 0.4787 2.0886, 1.7867 0.4869 2.0886, 1.7785 0.4975 2.0886, 1.3259 0.0837 2.0886, 1.3196 0.0703 2.0886, 1.3188 -0.1107 2.0886, 1.3102 0.0588 2.0886, 1.2982 0.0501 2.0886, 1.8799 -0.0408 2.0886, 1.8799 0.0427 2.0886, 1.8478 -0.0732 2.0886, 1.8652 0.0446 2.0886, 1.8602 -0.4795 2.0886, 1.8602 -0.351 2.0886, 1.8608 -0.3426 2.0886, 1.878 -0.1974 2.0886, 1.8425 -0.1502 2.0886, 1.8355 -0.1381 2.0886, 1.8316 -0.1247 2.0886, 1.8307 -0.1147 2.0886, 1.8309 -0.1107 2.0886, 1.8335 -0.0969 2.0886, 1.8558 0.1592 2.0886, 1.8636 0.1708 2.0886, 1.2795 0.4719 2.0886, 1.2795 0.1977 2.0886, 1.2938 0.1592 2.0886, 1.2812 0.1839 2.0886, 1.286 0.1708 2.0886, 1.3162 -0.0969 2.0886, 1.2844 0.0446 2.0886, 1.3104 -0.0842 2.0886, 1.8514 0.0501 2.0886, 1.8392 -0.0842 2.0886, 1.8701 0.4719 2.0886, 1.8701 0.1977 2.0886, 1.8684 0.1839 2.0886, 1.7717 0.5506 2.0886, 1.378 0.5506 2.0886, 1.7717 0.5231 2.0886, 1.378 0.5231 2.0886, 1.3762 0.5098 2.0886, 1.3277 0.1131 2.0886, 1.3288 0.1018 2.0886, 1.3286 0.0983 2.0886, 1.2697 0.0427 2.0886, 1.2697 -0.0408 2.0886, 1.3018 -0.0732 2.0886, 1.8799 -0.2002 2.0886, 1.8799 -0.275 2.0886, 1.8626 -0.3344 2.0886, 1.3189 -0.1147 2.0886, 1.3181 -0.1247 2.0886, 1.3141 -0.1381 2.0886, 1.2894 -0.4795 2.0886, 1.2894 -0.351 2.0886, 1.2888 -0.3426 2.0886, 1.3071 -0.1502 2.0886, 1.287 -0.3344 2.0886, 1.2717 -0.1974 2.0886, 1.2697 -0.275 2.0886, 1.2697 -0.2002 2.0886
            ]
        }
        coordIndex [
            0,1,2,-1,2,1,3,-1,4,5,2,-1,2,5,6,-1,2,6,7,-1,8,9,10,-1,10,9,11,-1,10,11,12,-1,13,12,14,-1,14,12,15,-1,14,15,16,-1,7,17,2,-1,2,17,18,-1,2,18,19,-1,18,20,19,-1,19,20,21,-1,19,21,22,-1,22,21,23,-1,19,24,2,-1,2,24,25,-1,2,25,12,-1,12,25,26,-1,12,26,10,-1,2,27,28,-1,29,30,31,-1,32,33,34,-1,34,33,35,-1,3,36,2,-1,2,36,37,-1,2,37,38,-1,39,40,2,-1,2,40,41,-1,2,41,42,-1,42,43,2,-1,2,43,44,-1,2,44,45,-1,23,46,47,-1,15,48,16,-1,16,48,49,-1,16,49,50,-1,50,49,51,-1,50,51,52,-1,29,31,53,-1,53,31,54,-1,53,54,55,-1,4,2,56,-1,56,2,45,-1,56,45,35,-1,35,45,57,-1,35,57,34,-1,58,22,59,-1,59,22,23,-1,59,23,60,-1,60,23,47,-1,61,62,63,-1,63,62,64,-1,63,64,10,-1,10,64,65,-1,10,65,8,-1,13,66,12,-1,12,66,67,-1,12,67,2,-1,2,67,68,-1,2,68,27,-1,69,70,54,-1,54,70,71,-1,54,71,55,-1,72,39,73,-1,73,39,2,-1,73,2,74,-1,74,2,38,-1,30,29,28,-1,28,29,75,-1,28,75,2,-1,2,75,76,-1,2,76,77,-1,78,2,79,-1,79,2,77,-1,79,77,80,-1,80,77,81,-1,80,81,82,-1,82,81,83,-1,82,83,84,-1,84,83,85,-1,
        ]
    }
}
Shape{
    appearance Appearance {
        material  Material 	{
            diffuseColor 0.0 0.2901960784313726 0.8745098039215686
            specularColor 0.0 0.1450980392156863 0.4392156862745098
            ambientIntensity 0.27
            transparency 0.0
            shininess 0.5
        }
    }
    geometry IndexedFaceSet {
        ccw TRUE
        solid FALSE
        coord DEF co Coordinate {
            point [
                1.8626 -0.3344 2.0098, 1.8799 -0.275 2.0098, 1.8626 -0.3344 2.0886, 1.8799 -0.275 2.0886, 1.8608 -0.3426 2.0098, 1.8608 -0.3426 2.0886, 1.8602 -0.351 2.0098, 1.8602 -0.351 2.0886, 1.8602 -0.4795 2.0886, 1.8602 -0.4795 2.0098, 1.8209 -0.5872 2.0098, 1.8209 -0.5872 2.0886
            ]
        }
        coordIndex [
            0,1,2,-1,2,1,3,-1,0,2,4,-1,4,2,5,-1,4,5,6,-1,6,5,7,-1,7,8,6,-1,6,8,9,-1,9,8,10,-1,10,8,11,-1,
        ]
    }
}
Shape{
    appearance Appearance {
        material  Material 	{
            diffuseColor 0.9686274509803922 0.8784313725490196 0.6
            specularColor 0.6784313725490196 0.615686274509804 0.4196078431372549
            ambientIntensity 0.8737
            transparency 0.0
            shininess 0.5
        }
    }
    geometry IndexedFaceSet {
        ccw TRUE
        solid FALSE
        coord DEF co Coordinate {
            point [
                1.8209 -3.7573 1.7283, 1.8209 -3.8065 1.7992, 1.8209 -4.1738 1.7283, 1.8209 -4.2002 1.7992, 1.8209 -4.2409 1.7938, 1.8209 -4.8234 1.7205, 1.8209 -4.8234 1.7874, 1.8209 -4.971 1.7205, 1.8209 -5.0152 1.7874, 1.8209 -4.9736 1.7201, 1.8209 -4.976 1.7192, 1.8209 -0.5872 2.0098, 1.8209 -0.5872 2.0886, 1.8209 -3.0191 2.0098, 1.8209 -3.0191 2.0886, 1.8209 -3.0336 2.0085, 1.8209 -3.0481 2.0859, 1.8209 -3.0476 2.0045, 1.8209 -3.0762 2.0779, 1.8209 -3.7493 1.7312, 1.8209 -3.7779 1.8046, 1.8209 -3.7919 1.8006, 1.8209 -4.3116 1.6379, 1.8209 -4.2871 1.6566, 1.8209 -4.3414 1.7138, 1.8209 -4.2789 1.7781, 1.8209 -4.2322 1.7137, 1.8209 -4.1738 1.7205, 1.8209 -4.2002 1.7205, 1.8209 -4.2165 1.7188, 1.8209 -4.3366 1.7205, 1.8209 -4.2684 1.6811, 1.8209 -4.3115 1.7531, 1.8209 -4.2587 1.6944, 1.8209 -4.2465 1.7054, 1.8209 -4.978 1.7176, 1.8209 -5.0321 1.7748, 1.8209 -4.9796 1.7156, 1.8209 -5.0455 1.7586, 1.8209 -4.9805 1.7132, 1.8209 -5.0547 1.7397, 1.8209 -4.9809 1.7106, 1.8209 -5.0592 1.7191, 1.8209 -5.0587 1.6981, 1.8209 -4.9805 1.7081, 1.8209 -5.0533 1.6778, 1.8209 -4.9796 1.7057, 1.8209 -5.0432 1.6593, 1.8209 -4.978 1.7037, 1.8209 -5.0291 1.6437, 1.8209 -4.976 1.7021, 1.8209 -5.0117 1.6319, 1.8209 -4.9736 1.7011, 1.8209 -4.9919 1.6245, 1.8209 -4.971 1.7008, 1.8209 -4.971 1.622, 1.8209 -4.3706 1.7008, 1.8209 -4.3706 1.622, 1.8209 -4.3625 1.7017, 1.8209 -4.3401 1.6261, 1.8209 -4.3546 1.7042, 1.8209 -4.3475 1.7083, 1.3288 -4.2002 1.7205, 1.3288 -4.1738 1.7205, 1.3288 -4.2684 1.6811, 1.3288 -4.2587 1.6944, 1.3288 -4.2465 1.7054, 1.3288 -4.2322 1.7137, 1.3288 -4.2165 1.7188, 1.3288 -4.3706 1.622, 1.3288 -4.3401 1.6261, 1.3288 -4.3116 1.6379, 1.3288 -4.2871 1.6566, 1.3288 -4.971 1.622, 1.3288 -4.9919 1.6245, 1.3288 -5.0117 1.6319, 1.3288 -5.0291 1.6437, 1.3288 -5.0432 1.6593, 1.3288 -5.0533 1.6778, 1.3288 -5.0587 1.6981, 1.3288 -5.0592 1.7191, 1.3288 -5.0547 1.7397, 1.3288 -5.0455 1.7586, 1.3288 -5.0321 1.7748, 1.3288 -5.0152 1.7874
            ]
        }
        coordIndex [
            0,1,2,-1,2,1,3,-1,2,3,4,-1,5,6,7,-1,7,6,8,-1,7,8,9,-1,9,8,10,-1,11,12,13,-1,13,12,14,-1,13,14,15,-1,15,14,16,-1,15,16,17,-1,17,16,18,-1,17,18,19,-1,19,18,20,-1,19,20,0,-1,0,20,21,-1,0,21,1,-1,22,23,24,-1,4,25,26,-1,27,2,28,-1,28,2,4,-1,28,4,29,-1,29,4,26,-1,24,23,30,-1,30,23,31,-1,30,31,32,-1,32,31,33,-1,32,33,25,-1,25,33,34,-1,25,34,26,-1,10,8,35,-1,35,8,36,-1,35,36,37,-1,37,36,38,-1,37,38,39,-1,39,38,40,-1,39,40,41,-1,40,42,41,-1,41,42,43,-1,41,43,44,-1,44,43,45,-1,44,45,46,-1,46,45,47,-1,46,47,48,-1,48,47,49,-1,48,49,50,-1,50,49,51,-1,50,51,52,-1,52,51,53,-1,52,53,54,-1,54,53,55,-1,54,55,56,-1,56,55,57,-1,56,57,58,-1,58,57,59,-1,58,59,60,-1,60,59,22,-1,60,22,61,-1,61,22,24,-1,62,63,28,-1,28,63,27,-1,31,64,33,-1,33,64,65,-1,33,65,34,-1,34,65,66,-1,34,66,26,-1,26,66,67,-1,26,67,29,-1,29,67,68,-1,29,68,28,-1,28,68,62,-1,57,69,70,-1,57,70,59,-1,59,70,71,-1,59,71,22,-1,22,71,72,-1,22,72,23,-1,23,72,64,-1,23,64,31,-1,69,57,73,-1,73,57,55,-1,73,55,53,-1,73,53,74,-1,74,53,51,-1,74,51,75,-1,75,51,49,-1,75,49,76,-1,76,49,47,-1,76,47,77,-1,77,47,45,-1,77,45,78,-1,78,45,43,-1,78,43,79,-1,79,43,42,-1,79,42,80,-1,80,42,40,-1,80,40,81,-1,81,40,38,-1,81,38,82,-1,82,38,36,-1,82,36,83,-1,83,36,8,-1,83,8,84,-1,
        ]
    }
}
Shape{
    appearance Appearance {
        material  Material 	{
            diffuseColor 0.0 0.2901960784313726 0.8745098039215686
            specularColor 0.0 0.1450980392156863 0.4392156862745098
            ambientIntensity 0.27
            transparency 0.0
            shininess 0.5
        }
    }
    geometry IndexedFaceSet {
        ccw TRUE
        solid FALSE
        coord DEF co Coordinate {
            point [
                1.4764 -4.8181 1.7874, 1.4764 -4.8234 1.7874, 1.3288 -4.8234 1.7874, 1.6732 -4.8234 1.7874, 1.6732 -4.8181 1.7874, 1.8209 -4.8234 1.7874, 1.8386 -4.8181 1.7874, 1.8209 -5.0152 1.7874, 1.8386 -5.0596 1.7874, 1.3288 -5.0152 1.7874, 1.311 -5.0596 1.7874, 1.311 -4.8181 1.7874, 1.8209 -4.8234 1.7205, 1.3288 -4.8234 1.7205, 1.4764 -4.8234 1.7992, 1.6732 -4.8234 1.7992, 1.8209 -4.971 1.7205, 1.3288 -4.971 1.7205, 1.8209 -4.971 1.7008, 1.3288 -4.971 1.7008, 1.8209 -4.9736 1.7011, 1.3288 -4.9736 1.7011, 1.8209 -4.976 1.7021, 1.3288 -4.976 1.7021, 1.8209 -4.978 1.7037, 1.3288 -4.978 1.7037, 1.8209 -4.9796 1.7057, 1.3288 -4.9796 1.7057, 1.8209 -4.9805 1.7081, 1.3288 -4.9805 1.7081, 1.8209 -4.9809 1.7106, 1.3288 -4.9809 1.7106, 1.8209 -4.9805 1.7132, 1.3288 -4.9805 1.7132, 1.8209 -4.9796 1.7156, 1.3288 -4.9796 1.7156, 1.8209 -4.978 1.7176, 1.3288 -4.978 1.7176, 1.8209 -4.976 1.7192, 1.3288 -4.976 1.7192, 1.8209 -4.9736 1.7201, 1.3288 -4.9736 1.7201, 1.8209 -4.3706 1.7008, 1.3288 -4.3706 1.7008, 1.8209 -4.3366 1.7205, 1.3288 -4.3366 1.7205, 1.8209 -4.3414 1.7138, 1.3288 -4.3414 1.7138, 1.8209 -4.3475 1.7083, 1.3288 -4.3475 1.7083, 1.8209 -4.3546 1.7042, 1.3288 -4.3546 1.7042, 1.8209 -4.3625 1.7017, 1.3288 -4.3625 1.7017, 1.8209 -4.2002 1.7992, 1.3288 -4.2002 1.7992, 1.3288 -4.2409 1.7938, 1.8209 -4.2409 1.7938, 1.3288 -4.2789 1.7781, 1.8209 -4.2789 1.7781, 1.3288 -4.3115 1.7531, 1.8209 -4.3115 1.7531, 1.8209 -3.8065 1.7992, 1.3288 -3.8065 1.7992, 1.8209 -3.7779 1.8046, 1.3288 -3.7779 1.8046, 1.8209 -3.7919 1.8006, 1.3288 -3.7919 1.8006, 1.8209 -3.0762 2.0779, 1.3288 -3.0762 2.0779, 1.8209 -3.0191 2.0886, 1.3288 -3.0191 2.0886, 1.3288 -3.0481 2.0859, 1.8209 -3.0481 2.0859, 1.6732 -4.971 1.7992, 1.6732 -4.9809 1.7987, 1.6732 -4.9809 2.1758, 1.6732 -4.4131 2.0236, 1.6732 -4.8762 2.2362, 1.6732 -1.6344 2.2362, 1.6732 -3.6029 2.0945, 1.6732 -1.6344 2.0945, 1.6732 -3.7894 2.0236, 1.4764 -4.9809 1.7987, 1.4764 -4.971 1.7992, 1.4764 -4.9809 2.1758, 1.4764 -4.4131 2.0236, 1.4764 -4.8761 2.2362, 1.4764 -1.6344 2.0945, 1.4764 -1.6344 2.2362, 1.4764 -3.6029 2.0945, 1.4764 -3.7894 2.0236, 1.311 -3.7894 2.0236, 1.311 -3.6029 2.0945, 1.311 -4.4131 2.0236, 1.8386 -4.4131 2.0236, 1.8386 -3.7894 2.0236, 1.8386 -3.6029 2.0945, 1.8386 -5.0596 1.6024, 1.311 -5.0596 1.6024, 1.8209 -3.0476 2.0045, 1.3288 -3.0476 2.0045, 1.8209 -3.0336 2.0085, 1.3288 -3.0336 2.0085, 1.8209 -3.0191 2.0098, 1.3288 -3.0191 2.0098, 1.8209 -3.7493 1.7312, 1.3288 -3.7493 1.7312, 1.3288 -3.7573 1.7283, 1.8209 -3.7573 1.7283, 1.3288 -0.5872 2.0098, 1.3288 -0.5872 2.0886, 1.2894 -0.4795 2.0098, 1.2894 -0.4795 2.0886, 1.2894 -0.351 2.0098, 1.2894 -0.351 2.0886, 1.2888 -0.3426 2.0098, 1.2888 -0.3426 2.0886, 1.287 -0.3344 2.0098, 1.287 -0.3344 2.0886, 1.2697 -0.275 2.0886, 1.2697 -0.275 2.0098, 1.2697 -0.2002 2.0886, 1.2697 0.3774 2.0945, 1.2697 -1.8982 2.0945, 1.2697 -1.8982 2.0039, 1.2697 0.3774 2.0039, 1.2697 -0.2002 2.0098, 1.2697 -0.0408 2.0098, 1.2697 -0.0408 2.0886, 1.2697 0.0427 2.0886, 1.2697 0.0427 2.0098, 1.2106 0.4364 1.9449, 1.2106 0.4364 2.1535, 1.2844 0.0446 2.0098, 1.2844 0.0446 2.0886, 1.2982 0.0501 2.0098, 1.2982 0.0501 2.0886, 1.3102 0.0588 2.0098, 1.3102 0.0588 2.0886, 1.3196 0.0703 2.0098, 1.3196 0.0703 2.0886, 1.3259 0.0837 2.0098, 1.3259 0.0837 2.0886, 1.3286 0.0983 2.0098, 1.3286 0.0983 2.0886, 1.3288 0.1018 2.0098, 1.3288 0.1018 2.0886, 1.3277 0.1131 2.0098, 1.3277 0.1131 2.0886, 1.323 0.1272 2.0098, 1.323 0.1272 2.0886, 1.315 0.1397 2.0098, 1.315 0.1397 2.0886, 1.3041 0.1498 2.0098, 1.3041 0.1498 2.0886, 1.2938 0.1592 2.0886, 1.2938 0.1592 2.0098, 1.286 0.1708 2.0886, 1.286 0.1708 2.0098, 1.2812 0.1839 2.0886, 1.2812 0.1839 2.0098, 1.2795 0.1977 2.0886, 1.2795 0.1977 2.0098
            ]
        }
        coordIndex [
            0,1,2,-1,3,4,5,-1,5,4,6,-1,5,6,7,-1,7,6,8,-1,7,8,9,-1,9,8,10,-1,9,10,2,-1,2,10,11,-1,2,11,0,-1,3,5,12,-1,13,2,1,-1,14,15,1,-1,1,15,3,-1,1,3,13,-1,13,3,12,-1,12,16,13,-1,13,16,17,-1,18,19,20,-1,20,19,21,-1,20,21,22,-1,22,21,23,-1,22,23,24,-1,24,23,25,-1,24,25,26,-1,26,25,27,-1,26,27,28,-1,28,27,29,-1,28,29,30,-1,30,29,31,-1,30,31,32,-1,32,31,33,-1,32,33,34,-1,34,33,35,-1,34,35,36,-1,36,35,37,-1,36,37,38,-1,38,37,39,-1,38,39,40,-1,40,39,41,-1,40,41,16,-1,16,41,17,-1,42,43,18,-1,18,43,19,-1,44,45,46,-1,46,45,47,-1,46,47,48,-1,48,47,49,-1,48,49,50,-1,50,49,51,-1,50,51,52,-1,52,51,53,-1,52,53,42,-1,42,53,43,-1,54,55,56,-1,54,56,57,-1,57,56,58,-1,57,58,59,-1,59,58,60,-1,59,60,61,-1,61,60,45,-1,61,45,44,-1,62,63,54,-1,54,63,55,-1,64,65,66,-1,66,65,67,-1,66,67,62,-1,62,67,63,-1,68,69,64,-1,64,69,65,-1,70,71,72,-1,70,72,73,-1,73,72,69,-1,73,69,68,-1,74,75,76,-1,4,3,77,-1,77,3,15,-1,78,79,80,-1,80,79,81,-1,74,76,15,-1,15,76,78,-1,15,78,77,-1,77,78,80,-1,77,80,82,-1,75,74,83,-1,83,74,84,-1,76,75,85,-1,85,75,83,-1,1,0,14,-1,14,0,86,-1,86,87,14,-1,14,87,85,-1,14,85,84,-1,84,85,83,-1,88,89,90,-1,90,89,87,-1,90,87,91,-1,91,87,86,-1,89,88,79,-1,79,88,81,-1,92,93,91,-1,91,93,90,-1,92,91,94,-1,94,91,86,-1,0,11,86,-1,86,11,94,-1,84,74,14,-1,14,74,15,-1,95,6,77,-1,77,6,4,-1,95,77,96,-1,96,77,82,-1,80,97,82,-1,82,97,96,-1,8,98,10,-1,10,98,99,-1,100,101,102,-1,102,101,103,-1,102,103,104,-1,104,103,105,-1,106,107,100,-1,100,107,101,-1,108,107,109,-1,109,107,106,-1,110,111,112,-1,112,111,113,-1,114,112,115,-1,115,112,113,-1,114,115,116,-1,116,115,117,-1,116,117,118,-1,118,117,119,-1,119,120,118,-1,118,120,121,-1,122,123,120,-1,120,123,124,-1,120,124,121,-1,124,125,121,-1,121,125,126,-1,121,126,127,-1,127,126,128,-1,127,128,122,-1,122,128,129,-1,122,129,123,-1,123,129,130,-1,123,130,126,-1,126,130,131,-1,126,131,128,-1,126,132,123,-1,123,132,133,-1,131,130,134,-1,134,130,135,-1,134,135,136,-1,136,135,137,-1,136,137,138,-1,138,137,139,-1,138,139,140,-1,140,139,141,-1,140,141,142,-1,142,141,143,-1,142,143,144,-1,144,143,145,-1,144,145,146,-1,146,145,147,-1,146,147,148,-1,148,147,149,-1,148,149,150,-1,150,149,151,-1,150,151,152,-1,152,151,153,-1,152,153,154,-1,154,153,155,-1,154,155,156,-1,154,156,157,-1,157,156,158,-1,157,158,159,-1,159,158,160,-1,159,160,161,-1,161,160,162,-1,161,162,163,-1,
        ]
    }
}
Shape{
    appearance Appearance {
        material  Material 	{
            diffuseColor 0.9686274509803922 0.8784313725490196 0.6
            specularColor 0.6784313725490196 0.615686274509804 0.4196078431372549
            ambientIntensity 0.8737
            transparency 0.0
            shininess 0.5
        }
    }
    geometry IndexedFaceSet {
        ccw TRUE
        solid FALSE
        coord DEF co Coordinate {
            point [
                1.2795 0.1977 2.0098, 1.2795 0.1977 2.0886, 1.2795 0.4719 2.0098, 1.2795 0.4719 2.0886, 1.3268 0.4719 2.0886, 1.3268 0.4719 2.0098, 1.378 0.5231 2.0886, 1.378 0.5231 2.0098, 1.3762 0.5098 2.0886, 1.3762 0.5098 2.0098, 1.3711 0.4975 2.0886, 1.3711 0.4975 2.0098, 1.363 0.4869 2.0886, 1.363 0.4869 2.0098, 1.3524 0.4787 2.0886, 1.3524 0.4787 2.0098, 1.34 0.4736 2.0886, 1.34 0.4736 2.0098, 1.378 0.5506 2.0098, 1.378 0.5506 2.0886, 1.378 0.5812 2.0058, 1.378 0.6016 2.0819, 1.378 0.6097 1.994, 1.378 0.649 2.0622, 1.378 0.6341 1.9753, 1.378 0.6898 2.0309, 1.378 0.6529 1.9508, 1.378 0.7211 1.9902, 1.378 0.6647 1.9223, 1.378 0.7408 1.9427, 1.378 0.6687 1.8917, 1.378 0.7475 1.8917, 1.378 0.6687 1.8248, 1.378 0.7475 1.8248, 1.3763 0.6687 1.8119, 1.3763 0.7475 1.8119, 1.3714 0.6687 1.7998, 1.3714 0.7475 1.7998, 1.3637 0.6687 1.7893, 1.3637 0.7475 1.7893, 1.3535 0.6687 1.7812, 1.3535 0.7475 1.7812, 1.3416 0.6687 1.7758, 1.3416 0.7475 1.7758, 1.3288 0.6687 1.7737, 1.3288 0.7475 1.7737, 1.2795 0.7475 1.7225, 1.2795 0.6687 1.7225, 1.2812 0.6687 1.7354, 1.2812 0.7475 1.7354, 1.2861 0.6687 1.7475, 1.2861 0.7475 1.7475, 1.2938 0.6687 1.758, 1.2938 0.7475 1.758, 1.304 0.6687 1.7662, 1.304 0.7475 1.7662, 1.3159 0.6687 1.7715, 1.3159 0.7475 1.7715, 1.6571 0.6687 0.3006, 1.6615 0.6687 0.3099, 1.4952 0.6687 0.2906, 1.2874 0.6687 0.6576, 1.4882 0.6687 0.3099, 1.4925 0.6687 0.3006, 1.8456 0.6687 1.7662, 1.8337 0.6687 1.7715, 1.8209 0.6687 1.7737, 1.7961 0.6687 1.7812, 1.786 0.6687 1.7893, 1.7782 0.6687 1.7998, 1.808 0.6687 1.7758, 1.8701 0.6687 0.6871, 1.8692 0.6687 0.6768, 1.8665 0.6687 0.6669, 1.2795 0.6687 0.6871, 1.5354 0.6687 -1.063, 1.6142 0.6687 -1.063, 1.4961 0.6687 -0.9449, 1.6536 0.6687 -0.9449, 1.4961 0.6687 0.2804, 1.6536 0.6687 0.2804, 1.6545 0.6687 0.2906, 1.8701 0.6687 1.7225, 1.8684 0.6687 1.7354, 1.8636 0.6687 1.7475, 1.8558 0.6687 1.758, 1.7717 0.6687 1.8917, 1.7717 0.6687 1.8248, 1.7733 0.6687 1.8119, 1.2804 0.6687 0.6768, 1.2831 0.6687 0.6669, 1.8622 0.6687 0.6576
            ]
        }
        coordIndex [
            0,1,2,-1,2,1,3,-1,3,4,2,-1,2,4,5,-1,6,7,8,-1,8,7,9,-1,8,9,10,-1,10,9,11,-1,10,11,12,-1,12,11,13,-1,12,13,14,-1,14,13,15,-1,14,15,16,-1,16,15,17,-1,16,17,4,-1,4,17,5,-1,7,6,18,-1,18,6,19,-1,18,19,20,-1,20,19,21,-1,20,21,22,-1,22,21,23,-1,22,23,24,-1,24,23,25,-1,24,25,26,-1,26,25,27,-1,26,27,28,-1,28,27,29,-1,28,29,30,-1,30,29,31,-1,30,31,32,-1,32,31,33,-1,32,33,34,-1,34,33,35,-1,34,35,36,-1,36,35,37,-1,36,37,38,-1,38,37,39,-1,38,39,40,-1,40,39,41,-1,40,41,42,-1,42,41,43,-1,42,43,44,-1,44,43,45,-1,46,47,48,-1,46,48,49,-1,49,48,50,-1,49,50,51,-1,51,50,52,-1,51,52,53,-1,53,52,54,-1,53,54,55,-1,55,54,56,-1,55,56,57,-1,57,56,44,-1,57,44,45,-1,58,59,60,-1,61,62,59,-1,59,62,63,-1,59,63,60,-1,64,65,66,-1,67,68,40,-1,40,68,69,-1,40,69,38,-1,70,67,71,-1,71,67,40,-1,71,40,72,-1,72,40,42,-1,72,42,73,-1,47,74,59,-1,75,76,77,-1,77,76,78,-1,77,78,79,-1,79,78,80,-1,79,80,60,-1,60,80,81,-1,60,81,58,-1,70,71,66,-1,66,71,82,-1,66,82,83,-1,83,84,66,-1,66,84,85,-1,66,85,64,-1,86,30,87,-1,87,30,32,-1,87,32,88,-1,88,32,34,-1,88,34,69,-1,69,34,36,-1,69,36,38,-1,74,89,59,-1,59,89,90,-1,59,90,61,-1,50,56,52,-1,52,56,54,-1,50,48,56,-1,56,48,47,-1,56,47,44,-1,44,47,59,-1,44,59,42,-1,42,59,91,-1,42,91,73,-1,
        ]
    }
}
Shape{
    appearance Appearance {
        material  Material 	{
            diffuseColor 0.0 0.2901960784313726 0.8745098039215686
            specularColor 0.0 0.1450980392156863 0.4392156862745098
            ambientIntensity 0.27
            transparency 0.0
            shininess 0.5
        }
    }
    geometry IndexedFaceSet {
        ccw TRUE
        solid FALSE
        coord DEF co Coordinate {
            point [
                1.2874 0.7475 0.6576, 1.2874 0.6687 0.6576, 1.2831 0.6687 0.6669, 1.2831 0.7475 0.6669, 1.2804 0.6687 0.6768, 1.2804 0.7475 0.6768, 1.2795 0.6687 0.6871, 1.2795 0.7475 0.6871, 1.4882 0.6687 0.3099, 1.4882 0.7475 0.3099, 1.4961 0.7475 0.2804, 1.4961 0.6687 0.2804, 1.4952 0.7475 0.2906, 1.4952 0.6687 0.2906, 1.4925 0.7475 0.3006, 1.4925 0.6687 0.3006
            ]
        }
        coordIndex [
            0,1,2,-1,0,2,3,-1,3,2,4,-1,3,4,5,-1,5,4,6,-1,5,6,7,-1,8,1,9,-1,9,1,0,-1,10,11,12,-1,12,11,13,-1,12,13,14,-1,14,13,15,-1,14,15,9,-1,9,15,8,-1,
        ]
    }
}
Shape{
    appearance Appearance {
        material  Material 	{
            diffuseColor 0.9686274509803922 0.8784313725490196 0.6
            specularColor 0.6784313725490196 0.615686274509804 0.4196078431372549
            ambientIntensity 0.8737
            transparency 0.0
            shininess 0.5
        }
    }
    geometry IndexedFaceSet {
        ccw TRUE
        solid FALSE
        coord DEF co Coordinate {
            point [
                1.4961 0.6687 -0.9449, 1.4961 0.6687 0.2804, 1.4961 0.7475 -0.9449, 1.4961 0.7475 0.2804, 1.5354 0.7475 -1.063, 1.5354 0.6687 -1.063, 1.6142 0.6687 -1.063, 1.6142 0.7475 -1.063, 1.6536 0.6687 -0.9449, 1.6536 0.7475 -0.9449, 1.2874 0.7475 0.6576, 1.3288 0.7475 1.7737, 1.4882 0.7475 0.3099, 1.3416 0.7475 1.7758, 1.3535 0.7475 1.7812, 1.4952 0.7475 0.2906, 1.6545 0.7475 0.2906, 1.6536 0.7475 0.2804, 1.8209 0.7475 1.7737, 1.4925 0.7475 0.3006, 1.808 0.7475 1.7758, 1.7961 0.7475 1.7812, 1.7782 0.7475 1.7998, 1.3637 0.7475 1.7893, 1.786 0.7475 1.7893, 1.8622 0.7475 0.6576, 1.8701 0.7475 0.6871, 1.8665 0.7475 0.6669, 1.8692 0.7475 0.6768, 1.8701 0.7475 1.7225, 1.8337 0.7475 1.7715, 1.6615 0.7475 0.3099, 1.6571 0.7475 0.3006, 1.2831 0.7475 0.6669, 1.2804 0.7475 0.6768, 1.2795 0.7475 0.6871, 1.2795 0.7475 1.7225, 1.3159 0.7475 1.7715, 1.2812 0.7475 1.7354, 1.2861 0.7475 1.7475, 1.2938 0.7475 1.758, 1.304 0.7475 1.7662, 1.378 0.7475 1.8248, 1.378 0.7475 1.8917, 1.7717 0.7475 1.8917, 1.3714 0.7475 1.7998, 1.3763 0.7475 1.8119, 1.7733 0.7475 1.8119, 1.7717 0.7475 1.8248, 1.8456 0.7475 1.7662, 1.8558 0.7475 1.758, 1.8684 0.7475 1.7354, 1.8636 0.7475 1.7475, 1.6536 0.6687 0.2804
            ]
        }
        coordIndex [
            0,1,2,-1,2,1,3,-1,4,5,2,-1,2,5,0,-1,6,5,7,-1,7,5,4,-1,6,7,8,-1,8,7,9,-1,10,11,12,-1,12,11,13,-1,12,13,14,-1,15,16,17,-1,18,19,20,-1,20,19,12,-1,20,12,21,-1,22,14,23,-1,14,22,12,-1,12,22,24,-1,12,24,21,-1,7,4,9,-1,9,4,2,-1,9,2,17,-1,17,2,3,-1,17,3,15,-1,25,26,27,-1,27,26,28,-1,29,18,30,-1,29,26,18,-1,18,26,25,-1,18,25,19,-1,19,25,31,-1,19,31,15,-1,15,31,32,-1,15,32,16,-1,33,34,10,-1,10,34,35,-1,10,35,11,-1,11,35,36,-1,11,36,37,-1,37,36,38,-1,38,39,37,-1,37,39,40,-1,37,40,41,-1,42,43,44,-1,23,45,22,-1,22,45,46,-1,22,46,47,-1,47,46,42,-1,47,42,48,-1,48,42,44,-1,30,49,29,-1,29,49,50,-1,29,50,51,-1,51,50,52,-1,9,17,8,-1,8,17,53,-1,
        ]
    }
}
Shape{
    appearance Appearance {
        material  Material 	{
            diffuseColor 0.0 0.2901960784313726 0.8745098039215686
            specularColor 0.0 0.1450980392156863 0.4392156862745098
            ambientIntensity 0.27
            transparency 0.0
            shininess 0.5
        }
    }
    geometry IndexedFaceSet {
        ccw TRUE
        solid FALSE
        coord DEF co Coordinate {
            point [
                1.6536 0.6687 0.2804, 1.6536 0.7475 0.2804, 1.6545 0.6687 0.2906, 1.6545 0.7475 0.2906, 1.6571 0.6687 0.3006, 1.6571 0.7475 0.3006, 1.6615 0.6687 0.3099, 1.6615 0.7475 0.3099, 1.8622 0.7475 0.6576, 1.8622 0.6687 0.6576, 1.8665 0.7475 0.6669, 1.8665 0.6687 0.6669, 1.8692 0.7475 0.6768, 1.8692 0.6687 0.6768, 1.8701 0.7475 0.6871, 1.8701 0.6687 0.6871, 1.8701 0.6687 1.7225, 1.8701 0.7475 1.7225
            ]
        }
        coordIndex [
            0,1,2,-1,2,1,3,-1,2,3,4,-1,4,3,5,-1,4,5,6,-1,6,5,7,-1,7,8,6,-1,6,8,9,-1,9,8,10,-1,9,10,11,-1,11,10,12,-1,11,12,13,-1,13,12,14,-1,13,14,15,-1,16,15,17,-1,17,15,14,-1,
        ]
    }
}
Shape{
    appearance Appearance {
        material  Material 	{
            diffuseColor 0.9686274509803922 0.8784313725490196 0.6
            specularColor 0.6784313725490196 0.615686274509804 0.4196078431372549
            ambientIntensity 0.8737
            transparency 0.0
            shininess 0.5
        }
    }
    geometry IndexedFaceSet {
        ccw TRUE
        solid FALSE
        coord DEF co Coordinate {
            point [
                1.8209 0.7475 1.7737, 1.8209 0.6687 1.7737, 1.8337 0.6687 1.7715, 1.8337 0.7475 1.7715, 1.8456 0.6687 1.7662, 1.8456 0.7475 1.7662, 1.8558 0.6687 1.758, 1.8558 0.7475 1.758, 1.8636 0.6687 1.7475, 1.8636 0.7475 1.7475, 1.8684 0.6687 1.7354, 1.8684 0.7475 1.7354, 1.8701 0.6687 1.7225, 1.8701 0.7475 1.7225, 1.7717 0.7475 1.8248, 1.7717 0.6687 1.8248, 1.7733 0.7475 1.8119, 1.7733 0.6687 1.8119, 1.7782 0.7475 1.7998, 1.7782 0.6687 1.7998, 1.786 0.7475 1.7893, 1.786 0.6687 1.7893, 1.7961 0.7475 1.7812, 1.7961 0.6687 1.7812, 1.808 0.7475 1.7758, 1.808 0.6687 1.7758
            ]
        }
        coordIndex [
            0,1,2,-1,0,2,3,-1,3,2,4,-1,3,4,5,-1,5,4,6,-1,5,6,7,-1,7,6,8,-1,7,8,9,-1,9,8,10,-1,9,10,11,-1,11,10,12,-1,11,12,13,-1,14,15,16,-1,16,15,17,-1,16,17,18,-1,18,17,19,-1,18,19,20,-1,20,19,21,-1,20,21,22,-1,22,21,23,-1,22,23,24,-1,24,23,25,-1,24,25,0,-1,0,25,1,-1,
        ]
    }
}
Shape{
    appearance Appearance {
        material  Material 	{
            diffuseColor 0.0 0.2901960784313726 0.8745098039215686
            specularColor 0.0 0.1450980392156863 0.4392156862745098
            ambientIntensity 0.27
            transparency 0.0
            shininess 0.5
        }
    }
    geometry IndexedFaceSet {
        ccw TRUE
        solid FALSE
        coord DEF co Coordinate {
            point [
                1.7717 0.6687 1.8248, 1.7717 0.7475 1.8248, 1.7717 0.6687 1.8917, 1.7717 0.7475 1.8917, 1.7717 0.6647 1.9223, 1.7717 0.7408 1.9427, 1.7717 0.6529 1.9508, 1.7717 0.7211 1.9902, 1.7717 0.6341 1.9753, 1.7717 0.6898 2.0309, 1.7717 0.6097 1.994, 1.7717 0.649 2.0622, 1.7717 0.5812 2.0058, 1.7717 0.6016 2.0819, 1.7717 0.5506 2.0098, 1.7717 0.5506 2.0886, 1.7717 0.5231 2.0098, 1.7717 0.5231 2.0886, 1.378 0.5506 2.0098, 1.378 0.5812 2.0058, 1.378 0.6097 1.994, 1.378 0.6341 1.9753, 1.378 0.6529 1.9508, 1.378 0.6647 1.9223, 1.378 0.6687 1.8917
            ]
        }
        coordIndex [
            0,1,2,-1,2,1,3,-1,2,3,4,-1,4,3,5,-1,4,5,6,-1,6,5,7,-1,6,7,8,-1,8,7,9,-1,8,9,10,-1,10,9,11,-1,10,11,12,-1,12,11,13,-1,12,13,14,-1,14,13,15,-1,14,15,16,-1,16,15,17,-1,14,18,12,-1,12,18,19,-1,12,19,10,-1,10,19,20,-1,10,20,8,-1,8,20,21,-1,8,21,6,-1,6,21,22,-1,6,22,4,-1,4,22,23,-1,4,23,2,-1,2,23,24,-1,
        ]
    }
}
Shape{
    appearance Appearance {
        material  Material 	{
            diffuseColor 0.9686274509803922 0.8784313725490196 0.6
            specularColor 0.6784313725490196 0.615686274509804 0.4196078431372549
            ambientIntensity 0.8737
            transparency 0.0
            shininess 0.5
        }
    }
    geometry IndexedFaceSet {
        ccw TRUE
        solid FALSE
        coord DEF co Coordinate {
            point [
                1.7717 0.5231 2.0098, 1.7717 0.5231 2.0886, 1.7734 0.5098 2.0098, 1.7734 0.5098 2.0886, 1.7785 0.4975 2.0098, 1.7785 0.4975 2.0886, 1.7867 0.4869 2.0098, 1.7867 0.4869 2.0886, 1.7973 0.4787 2.0098, 1.7973 0.4787 2.0886, 1.8096 0.4736 2.0098, 1.8096 0.4736 2.0886, 1.8228 0.4719 2.0098, 1.8228 0.4719 2.0886, 1.8701 0.4719 2.0098, 1.8701 0.4719 2.0886
            ]
        }
        coordIndex [
            0,1,2,-1,2,1,3,-1,2,3,4,-1,4,3,5,-1,4,5,6,-1,6,5,7,-1,6,7,8,-1,8,7,9,-1,8,9,10,-1,10,9,11,-1,10,11,12,-1,12,11,13,-1,14,12,15,-1,15,12,13,-1,
        ]
    }
}
Shape{
    appearance Appearance {
        material  Material 	{
            diffuseColor 0.0 0.2901960784313726 0.8745098039215686
            specularColor 0.0 0.1450980392156863 0.4392156862745098
            ambientIntensity 0.27
            transparency 0.0
            shininess 0.5
        }
    }
    geometry IndexedFaceSet {
        ccw TRUE
        solid FALSE
        coord DEF co Coordinate {
            point [
                1.8701 0.1977 2.0886, 1.8701 0.1977 2.0098, 1.8701 0.4719 2.0886, 1.8701 0.4719 2.0098, 1.8684 0.1839 2.0886, 1.8684 0.1839 2.0098, 1.8636 0.1708 2.0886, 1.8636 0.1708 2.0098, 1.8558 0.1592 2.0886, 1.8558 0.1592 2.0098, 1.8455 0.1498 2.0886, 1.8455 0.1498 2.0098, 1.8346 0.1397 2.0098, 1.8346 0.1397 2.0886, 1.8266 0.1272 2.0098, 1.8266 0.1272 2.0886, 1.822 0.1131 2.0098, 1.822 0.1131 2.0886, 1.8209 0.1018 2.0098, 1.8209 0.1018 2.0886, 1.821 0.0983 2.0098, 1.821 0.0983 2.0886, 1.8237 0.0837 2.0098, 1.8237 0.0837 2.0886, 1.83 0.0703 2.0098, 1.83 0.0703 2.0886, 1.8394 0.0588 2.0098, 1.8394 0.0588 2.0886, 1.8514 0.0501 2.0098, 1.8514 0.0501 2.0886, 1.8652 0.0446 2.0098, 1.8652 0.0446 2.0886, 1.8799 0.0427 2.0098, 1.8799 0.0427 2.0886
            ]
        }
        coordIndex [
            0,1,2,-1,2,1,3,-1,1,0,4,-1,1,4,5,-1,5,4,6,-1,5,6,7,-1,7,6,8,-1,7,8,9,-1,9,8,10,-1,9,10,11,-1,11,10,12,-1,12,10,13,-1,12,13,14,-1,14,13,15,-1,14,15,16,-1,16,15,17,-1,16,17,18,-1,18,17,19,-1,18,19,20,-1,20,19,21,-1,20,21,22,-1,22,21,23,-1,22,23,24,-1,24,23,25,-1,24,25,26,-1,26,25,27,-1,26,27,28,-1,28,27,29,-1,28,29,30,-1,30,29,31,-1,30,31,32,-1,32,31,33,-1,
        ]
    }
}
Shape{
    appearance Appearance {
        material  Material 	{
            diffuseColor 0.9686274509803922 0.8784313725490196 0.6
            specularColor 0.6784313725490196 0.615686274509804 0.4196078431372549
            ambientIntensity 0.8737
            transparency 0.0
            shininess 0.5
        }
    }
    geometry IndexedFaceSet {
        ccw TRUE
        solid FALSE
        coord DEF co Coordinate {
            point [
                1.378 0.5506 2.0886, 1.7717 0.5506 2.0886, 1.7717 0.6016 2.0819, 1.378 0.6016 2.0819, 1.7717 0.649 2.0622, 1.378 0.649 2.0622, 1.7717 0.6898 2.0309, 1.378 0.6898 2.0309, 1.7717 0.7211 1.9902, 1.378 0.7211 1.9902, 1.7717 0.7408 1.9427, 1.378 0.7408 1.9427, 1.7717 0.7475 1.8917, 1.378 0.7475 1.8917, 1.2795 0.7475 1.7225, 1.2795 0.7475 0.6871, 1.2795 0.6687 1.7225, 1.2795 0.6687 0.6871
            ]
        }
        coordIndex [
            0,1,2,-1,0,2,3,-1,3,2,4,-1,3,4,5,-1,5,4,6,-1,5,6,7,-1,7,6,8,-1,7,8,9,-1,9,8,10,-1,9,10,11,-1,11,10,12,-1,11,12,13,-1,14,15,16,-1,16,15,17,-1,
        ]
    }
}
Shape{
    appearance Appearance {
        material  Material 	{
            diffuseColor 0.0 0.2901960784313726 0.8745098039215686
            specularColor 0.0 0.1450980392156863 0.4392156862745098
            ambientIntensity 0.27
            transparency 0.0
            shininess 0.5
        }
    }
    geometry IndexedFaceSet {
        ccw TRUE
        solid FALSE
        coord DEF co Coordinate {
            point [
                1.3018 -0.0732 2.0886, 1.2697 -0.0408 2.0886, 1.3018 -0.0732 2.0098, 1.2697 -0.0408 2.0098, 1.3071 -0.1502 2.0098, 1.3071 -0.1502 2.0886, 1.3141 -0.1381 2.0098, 1.3141 -0.1381 2.0886, 1.3181 -0.1247 2.0098, 1.3181 -0.1247 2.0886, 1.3189 -0.1147 2.0098, 1.3189 -0.1147 2.0886, 1.3188 -0.1107 2.0098, 1.3188 -0.1107 2.0886, 1.3162 -0.0969 2.0098, 1.3162 -0.0969 2.0886, 1.3104 -0.0842 2.0098, 1.3104 -0.0842 2.0886, 1.2717 -0.1974 2.0098, 1.2717 -0.1974 2.0886, 1.2697 -0.2002 2.0886, 1.2697 -0.2002 2.0098, 1.8478 -0.0732 2.0098, 1.8799 -0.0408 2.0098, 1.8478 -0.0732 2.0886, 1.8799 -0.0408 2.0886, 1.8392 -0.0842 2.0098, 1.8392 -0.0842 2.0886, 1.8335 -0.0969 2.0098, 1.8335 -0.0969 2.0886, 1.8309 -0.1107 2.0098, 1.8309 -0.1107 2.0886, 1.8307 -0.1147 2.0098, 1.8307 -0.1147 2.0886, 1.8316 -0.1247 2.0098, 1.8316 -0.1247 2.0886, 1.8355 -0.1381 2.0098, 1.8355 -0.1381 2.0886, 1.8425 -0.1502 2.0098, 1.8425 -0.1502 2.0886, 1.878 -0.1974 2.0098, 1.878 -0.1974 2.0886, 0.4823 0.3774 2.0039, 0.5236 0.3774 2.0039, 0.4232 0.4364 1.9449, 0.5236 0.4364 1.9449, 0.5236 0.4364 1.7283, 0.5236 -1.9395 2.0039, 0.5236 -4.1738 1.7283, 0.5236 -5.1148 1.6024, 0.5236 -5.0797 1.5821, 0.5236 -5.0596 1.6024, 0.5236 -4.1654 1.5821, 0.5236 -4.1738 1.5906, 0.5236 -1.9395 2.0945, 0.5236 -3.6029 2.0945, 0.5236 -3.7894 2.0236, 0.5236 -4.4131 2.0236, 0.5236 -4.8181 1.7874, 0.5236 -5.0596 1.7874, 0.4252 -4.0951 1.5118, 0.4252 -4.958 1.5118, 1.0512 -4.1738 1.5906, 1.0512 -4.1654 1.5821, 1.1496 -4.0951 1.5118, 1.0512 -5.0596 1.6024, 1.0512 -5.1148 1.6024, 1.0512 -5.0596 1.7874, 0.689 -4.4131 2.0236, 0.689 -4.8181 1.7874, 0.689 -3.7894 2.0236, 0.689 -3.6029 2.0945, 0.4823 -1.8982 2.0945, 0.4823 0.3774 2.0945, 1.0512 -3.6029 2.0945, 0.8858 -3.6029 2.0945, 1.0512 -1.9395 2.0945, 0.8858 -1.6344 2.0945, 1.0925 -1.8982 2.0945, 0.689 -1.6344 2.0945, 1.0925 0.3774 2.0945, 1.1516 0.4364 2.1535, 0.4232 0.4364 2.1535, 0.4823 -0.2002 2.0886, 0.4823 -0.275 2.0886, 0.4823 -0.275 2.0098, 0.4823 -1.8982 2.0039, 0.4823 -0.2002 2.0098, 0.4823 -0.0408 2.0098, 0.4823 -0.0408 2.0886, 0.4823 0.0427 2.0886, 0.4823 0.0427 2.0098, 1.0728 -0.351 2.0098, 1.0728 -0.4795 2.0098, 0.5526 0.4736 2.0098, 0.502 -0.351 2.0098, 0.5014 -0.3426 2.0098, 0.5756 0.4869 2.0098, 1.0925 -0.0408 2.0098, 0.565 0.4787 2.0098, 1.0604 -0.0732 2.0098, 1.0827 0.4719 2.0098, 1.0827 0.1977 2.0098, 1.0354 0.4719 2.0098, 1.0222 0.4736 2.0098, 0.5144 -0.0732 2.0098, 0.497 0.0446 2.0098, 0.4843 -0.1974 2.0098, 0.5197 -0.1502 2.0098, 0.5267 -0.1381 2.0098, 0.5307 -0.1247 2.0098, 0.5228 0.0588 2.0098, 0.5322 0.0703 2.0098, 0.5385 0.0837 2.0098, 0.5412 0.0983 2.0098, 0.4921 0.1977 2.0098, 0.4921 0.4719 2.0098, 0.5394 0.4719 2.0098, 0.5837 0.4975 2.0098, 1.081 0.1839 2.0098, 1.0392 0.1272 2.0098, 1.0472 0.1397 2.0098, 1.0581 0.1498 2.0098, 1.0925 0.0427 2.0098, 1.0778 0.0446 2.0098, 1.064 0.0501 2.0098, 1.0335 -3.0191 2.0098, 0.5413 -3.0191 2.0098, 1.0335 -0.5872 2.0098, 0.5413 -0.5872 2.0098, 0.502 -0.4795 2.0098, 0.5315 -0.1147 2.0098, 0.5314 -0.1107 2.0098, 0.5288 -0.0969 2.0098, 0.5413 0.1018 2.0098, 0.5403 0.1131 2.0098, 1.0518 -0.0842 2.0098, 1.0461 -0.0969 2.0098, 1.0435 -0.1107 2.0098, 1.0762 0.1708 2.0098, 1.0684 0.1592 2.0098, 0.5906 0.5231 2.0098, 0.5906 0.5506 2.0098, 0.9843 0.5506 2.0098, 0.5108 0.0501 2.0098, 0.523 -0.0842 2.0098, 1.0433 -0.1147 2.0098, 1.0442 -0.1247 2.0098, 1.0481 -0.1381 2.0098, 1.0346 0.1131 2.0098, 1.0335 0.1018 2.0098, 1.0336 0.0983 2.0098, 1.0363 0.0837 2.0098, 1.0426 0.0703 2.0098, 1.052 0.0588 2.0098, 0.9843 0.5231 2.0098, 0.986 0.5098 2.0098, 0.5888 0.5098 2.0098, 0.9911 0.4975 2.0098, 0.9993 0.4869 2.0098, 1.0099 0.4787 2.0098, 0.5356 0.1272 2.0098, 0.5276 0.1397 2.0098, 0.5167 0.1498 2.0098, 0.4996 -0.3344 2.0098, 0.5064 0.1592 2.0098, 0.4986 0.1708 2.0098, 0.4938 0.1839 2.0098, 1.0734 -0.3426 2.0098, 1.0551 -0.1502 2.0098, 1.0752 -0.3344 2.0098, 1.0906 -0.1974 2.0098, 1.0925 -0.275 2.0098, 1.0925 -0.2002 2.0098, 1.0906 -0.1974 2.0886, 1.0925 -0.2002 2.0886, 1.0551 -0.1502 2.0886, 1.0604 -0.0732 2.0886, 1.0518 -0.0842 2.0886, 1.0461 -0.0969 2.0886, 1.0435 -0.1107 2.0886, 1.0433 -0.1147 2.0886, 1.0442 -0.1247 2.0886, 1.0481 -0.1381 2.0886, 1.0925 -0.0408 2.0886, 1.0581 0.1498 2.0886, 1.0472 0.1397 2.0886, 1.0392 0.1272 2.0886, 1.0346 0.1131 2.0886, 1.0335 0.1018 2.0886, 1.0336 0.0983 2.0886, 1.0363 0.0837 2.0886, 1.0426 0.0703 2.0886, 1.052 0.0588 2.0886, 1.064 0.0501 2.0886, 1.0778 0.0446 2.0886, 1.0925 0.0427 2.0886, 1.0827 0.1977 2.0886, 1.081 0.1839 2.0886, 1.0762 0.1708 2.0886, 1.0684 0.1592 2.0886
            ]
        }
        coordIndex [
            0,1,2,-1,2,1,3,-1,4,5,6,-1,6,5,7,-1,6,7,8,-1,8,7,9,-1,8,9,10,-1,10,9,11,-1,10,11,12,-1,12,11,13,-1,12,13,14,-1,14,13,15,-1,14,15,16,-1,16,15,17,-1,16,17,2,-1,2,17,0,-1,18,19,4,-1,4,19,5,-1,20,19,21,-1,21,19,18,-1,22,23,24,-1,24,23,25,-1,22,24,26,-1,26,24,27,-1,26,27,28,-1,28,27,29,-1,28,29,30,-1,30,29,31,-1,30,31,32,-1,32,31,33,-1,32,33,34,-1,34,33,35,-1,34,35,36,-1,36,35,37,-1,36,37,38,-1,38,37,39,-1,38,39,40,-1,40,39,41,-1,42,43,44,-1,44,43,45,-1,45,43,46,-1,46,43,47,-1,46,47,48,-1,49,50,51,-1,51,50,52,-1,51,52,53,-1,54,55,47,-1,47,55,56,-1,47,56,48,-1,48,56,57,-1,48,57,53,-1,53,57,58,-1,53,58,51,-1,51,58,59,-1,60,52,61,-1,61,52,50,-1,62,53,63,-1,63,53,52,-1,63,52,64,-1,64,52,60,-1,65,66,51,-1,51,66,49,-1,67,65,59,-1,59,65,51,-1,68,69,57,-1,57,69,58,-1,56,70,57,-1,57,70,68,-1,56,55,70,-1,70,55,71,-1,54,72,73,-1,74,75,76,-1,76,75,77,-1,76,77,78,-1,79,71,55,-1,55,54,79,-1,79,54,73,-1,79,73,77,-1,77,73,80,-1,77,80,78,-1,81,80,82,-1,82,80,73,-1,42,44,73,-1,73,44,82,-1,83,73,84,-1,84,73,72,-1,84,72,85,-1,72,86,85,-1,85,86,42,-1,85,42,87,-1,87,42,88,-1,87,88,83,-1,83,88,89,-1,83,89,73,-1,73,89,90,-1,73,90,42,-1,42,90,91,-1,42,91,88,-1,47,43,86,-1,86,43,42,-1,72,54,86,-1,86,54,47,-1,92,93,94,-1,95,96,93,-1,97,98,99,-1,99,98,100,-1,101,102,103,-1,103,102,104,-1,88,91,105,-1,105,91,106,-1,107,108,93,-1,93,108,109,-1,93,109,110,-1,111,112,93,-1,93,112,113,-1,93,113,114,-1,115,116,117,-1,118,102,119,-1,120,97,121,-1,121,97,118,-1,121,118,122,-1,123,98,124,-1,124,98,125,-1,126,127,128,-1,128,127,129,-1,128,129,93,-1,93,129,130,-1,93,130,95,-1,110,131,93,-1,93,131,132,-1,93,132,133,-1,114,134,93,-1,93,134,135,-1,93,135,94,-1,100,136,99,-1,99,136,137,-1,99,137,138,-1,119,139,118,-1,118,139,140,-1,118,140,122,-1,141,142,143,-1,111,93,144,-1,144,93,133,-1,144,133,106,-1,106,133,145,-1,106,145,105,-1,138,146,99,-1,99,146,147,-1,99,147,148,-1,120,149,97,-1,97,149,150,-1,97,150,151,-1,151,152,97,-1,97,152,153,-1,97,153,98,-1,98,153,154,-1,98,154,125,-1,143,155,141,-1,141,155,156,-1,141,156,157,-1,157,156,158,-1,157,158,118,-1,118,158,159,-1,118,159,102,-1,102,159,160,-1,102,160,104,-1,135,161,94,-1,94,161,162,-1,94,162,117,-1,117,162,163,-1,117,163,115,-1,87,107,85,-1,85,107,93,-1,85,93,164,-1,164,93,96,-1,165,166,163,-1,163,166,167,-1,163,167,115,-1,94,99,92,-1,92,99,148,-1,92,148,168,-1,168,148,169,-1,168,169,170,-1,170,169,171,-1,170,171,172,-1,172,171,173,-1,174,175,171,-1,171,175,173,-1,169,176,171,-1,171,176,174,-1,100,177,136,-1,136,177,178,-1,136,178,137,-1,137,178,179,-1,137,179,138,-1,138,179,180,-1,138,180,146,-1,146,180,181,-1,146,181,147,-1,147,181,182,-1,147,182,148,-1,148,182,183,-1,148,183,169,-1,169,183,176,-1,100,98,177,-1,177,98,184,-1,122,185,121,-1,121,185,186,-1,121,186,120,-1,120,186,187,-1,120,187,149,-1,149,187,188,-1,149,188,150,-1,150,188,189,-1,150,189,151,-1,151,189,190,-1,151,190,152,-1,152,190,191,-1,152,191,153,-1,153,191,192,-1,153,192,154,-1,154,192,193,-1,154,193,125,-1,125,193,194,-1,125,194,124,-1,124,194,195,-1,124,195,123,-1,123,195,196,-1,102,197,198,-1,102,198,119,-1,119,198,199,-1,119,199,139,-1,139,199,200,-1,139,200,140,-1,140,200,185,-1,140,185,122,-1,
        ]
    }
}
Shape{
    appearance Appearance {
        material  Material 	{
            diffuseColor 0.9686274509803922 0.8784313725490196 0.6
            specularColor 0.6784313725490196 0.615686274509804 0.4196078431372549
            ambientIntensity 0.8737
            transparency 0.0
            shininess 0.5
        }
    }
    geometry IndexedFaceSet {
        ccw TRUE
        solid FALSE
        coord DEF co Coordinate {
            point [
                1.0827 0.1977 2.0886, 1.0827 0.1977 2.0098, 1.0827 0.4719 2.0886, 1.0827 0.4719 2.0098, 1.0354 0.4719 2.0098, 1.0354 0.4719 2.0886, 0.9843 0.5231 2.0098, 0.9843 0.5231 2.0886, 0.986 0.5098 2.0098, 0.986 0.5098 2.0886, 0.9911 0.4975 2.0098, 0.9911 0.4975 2.0886, 0.9993 0.4869 2.0098, 0.9993 0.4869 2.0886, 1.0099 0.4787 2.0098, 1.0099 0.4787 2.0886, 1.0222 0.4736 2.0098, 1.0222 0.4736 2.0886, 0.9843 0.6687 1.8248, 0.9843 0.7475 1.8248, 0.9843 0.6687 1.8917, 0.9843 0.7475 1.8917, 0.9843 0.6647 1.9223, 0.9843 0.7408 1.9427, 0.9843 0.6529 1.9508, 0.9843 0.7211 1.9902, 0.9843 0.6341 1.9753, 0.9843 0.6898 2.0309, 0.9843 0.6097 1.994, 0.9843 0.649 2.0622, 0.9843 0.5812 2.0058, 0.9843 0.6016 2.0819, 0.9843 0.5506 2.0098, 0.9843 0.5506 2.0886, 0.9859 0.7475 1.8119, 0.9859 0.6687 1.8119, 0.9908 0.7475 1.7998, 0.9908 0.6687 1.7998, 0.9986 0.7475 1.7893, 0.9986 0.6687 1.7893, 1.0087 0.7475 1.7812, 1.0087 0.6687 1.7812, 1.0206 0.7475 1.7758, 1.0206 0.6687 1.7758, 1.0335 0.7475 1.7737, 1.0335 0.6687 1.7737, 1.0463 0.6687 1.7715, 1.0463 0.7475 1.7715, 1.0582 0.6687 1.7662, 1.0582 0.7475 1.7662, 1.0684 0.6687 1.758, 1.0684 0.7475 1.758, 1.0762 0.6687 1.7475, 1.0762 0.7475 1.7475, 1.081 0.6687 1.7354, 1.081 0.7475 1.7354, 1.0827 0.6687 1.7225, 1.0827 0.7475 1.7225
            ]
        }
        coordIndex [
            0,1,2,-1,2,1,3,-1,3,4,2,-1,2,4,5,-1,6,7,8,-1,8,7,9,-1,8,9,10,-1,10,9,11,-1,10,11,12,-1,12,11,13,-1,12,13,14,-1,14,13,15,-1,14,15,16,-1,16,15,17,-1,16,17,4,-1,4,17,5,-1,18,19,20,-1,20,19,21,-1,20,21,22,-1,22,21,23,-1,22,23,24,-1,24,23,25,-1,24,25,26,-1,26,25,27,-1,26,27,28,-1,28,27,29,-1,28,29,30,-1,30,29,31,-1,30,31,32,-1,32,31,33,-1,32,33,6,-1,6,33,7,-1,19,18,34,-1,34,18,35,-1,34,35,36,-1,36,35,37,-1,36,37,38,-1,38,37,39,-1,38,39,40,-1,40,39,41,-1,40,41,42,-1,42,41,43,-1,42,43,44,-1,44,43,45,-1,44,45,46,-1,44,46,47,-1,47,46,48,-1,47,48,49,-1,49,48,50,-1,49,50,51,-1,51,50,52,-1,51,52,53,-1,53,52,54,-1,53,54,55,-1,55,54,56,-1,55,56,57,-1,
        ]
    }
}
Shape{
    appearance Appearance {
        material  Material 	{
            diffuseColor 0.0 0.2901960784313726 0.8745098039215686
            specularColor 0.0 0.1450980392156863 0.4392156862745098
            ambientIntensity 0.27
            transparency 0.0
            shininess 0.5
        }
    }
    geometry IndexedFaceSet {
        ccw TRUE
        solid FALSE
        coord DEF co Coordinate {
            point [
                1.0827 0.6687 1.7225, 1.0827 0.6687 0.6871, 1.0827 0.7475 1.7225, 1.0827 0.7475 0.6871, 1.0748 0.6687 0.6576, 1.0748 0.7475 0.6576, 1.0791 0.7475 0.6669, 1.0791 0.6687 0.6669, 1.0818 0.7475 0.6768, 1.0818 0.6687 0.6768
            ]
        }
        coordIndex [
            0,1,2,-1,2,1,3,-1,4,5,6,-1,4,6,7,-1,7,6,8,-1,7,8,9,-1,9,8,3,-1,9,3,1,-1,
        ]
    }
}
Shape{
    appearance Appearance {
        material  Material 	{
            diffuseColor 0.9686274509803922 0.8784313725490196 0.6
            specularColor 0.6784313725490196 0.615686274509804 0.4196078431372549
            ambientIntensity 0.8737
            transparency 0.0
            shininess 0.5
        }
    }
    geometry IndexedFaceSet {
        ccw TRUE
        solid FALSE
        coord DEF co Coordinate {
            point [
                0.7051 0.7475 0.3006, 0.7008 0.7475 0.3099, 0.867 0.7475 0.2906, 0.9859 0.7475 1.8119, 0.9908 0.7475 1.7998, 0.4921 0.7475 1.7225, 0.4921 0.7475 0.6871, 0.8697 0.7475 0.3006, 0.5285 0.7475 1.7715, 0.5413 0.7475 1.7737, 0.5542 0.7475 1.7758, 0.5661 0.7475 1.7812, 0.5763 0.7475 1.7893, 0.5906 0.7475 1.8917, 0.9843 0.7475 1.8917, 0.5906 0.7475 1.8248, 0.9843 0.7475 1.8248, 0.5889 0.7475 1.8119, 0.584 0.7475 1.7998, 0.9986 0.7475 1.7893, 1.0087 0.7475 1.7812, 0.493 0.7475 0.6768, 1.0206 0.7475 1.7758, 0.4957 0.7475 0.6669, 1.0335 0.7475 1.7737, 0.5 0.7475 0.6576, 0.4938 0.7475 1.7354, 0.4987 0.7475 1.7475, 0.5064 0.7475 1.758, 0.5166 0.7475 1.7662, 0.8268 0.7475 -1.063, 0.748 0.7475 -1.063, 0.8662 0.7475 -0.9449, 0.7087 0.7475 -0.9449, 0.8662 0.7475 0.2804, 0.7087 0.7475 0.2804, 0.7078 0.7475 0.2906, 1.0748 0.7475 0.6576, 1.0827 0.7475 0.6871, 1.0791 0.7475 0.6669, 1.0818 0.7475 0.6768, 1.0827 0.7475 1.7225, 0.8741 0.7475 0.3099, 1.0684 0.7475 1.758, 1.0582 0.7475 1.7662, 1.0463 0.7475 1.7715, 1.0762 0.7475 1.7475, 1.081 0.7475 1.7354
            ]
        }
        coordIndex [
            0,1,2,-1,3,4,5,-1,5,4,6,-1,2,1,7,-1,8,9,5,-1,5,9,10,-1,5,10,3,-1,3,10,11,-1,3,11,12,-1,13,14,15,-1,15,14,16,-1,15,16,17,-1,17,16,3,-1,17,3,18,-1,18,3,12,-1,4,19,6,-1,6,19,20,-1,6,20,21,-1,21,20,22,-1,21,22,23,-1,24,1,22,-1,22,1,25,-1,22,25,23,-1,5,26,27,-1,27,28,5,-1,5,28,29,-1,5,29,8,-1,30,31,32,-1,32,31,33,-1,32,33,34,-1,34,33,35,-1,34,35,2,-1,2,35,36,-1,2,36,0,-1,37,38,39,-1,39,38,40,-1,41,38,24,-1,24,38,37,-1,24,37,1,-1,1,37,42,-1,1,42,7,-1,43,24,44,-1,44,24,45,-1,43,46,24,-1,24,46,47,-1,24,47,41,-1,
        ]
    }
}
Shape{
    appearance Appearance {
        material  Material 	{
            diffuseColor 0.0 0.2901960784313726 0.8745098039215686
            specularColor 0.0 0.1450980392156863 0.4392156862745098
            ambientIntensity 0.27
            transparency 0.0
            shininess 0.5
        }
    }
    geometry IndexedFaceSet {
        ccw TRUE
        solid FALSE
        coord DEF co Coordinate {
            point [
                0.5 0.7475 0.6576, 0.5 0.6687 0.6576, 0.4957 0.6687 0.6669, 0.4957 0.7475 0.6669, 0.493 0.6687 0.6768, 0.493 0.7475 0.6768, 0.4921 0.6687 0.6871, 0.4921 0.7475 0.6871
            ]
        }
        coordIndex [
            0,1,2,-1,0,2,3,-1,3,2,4,-1,3,4,5,-1,5,4,6,-1,5,6,7,-1,
        ]
    }
}
Shape{
    appearance Appearance {
        material  Material 	{
            diffuseColor 0.9686274509803922 0.8784313725490196 0.6
            specularColor 0.6784313725490196 0.615686274509804 0.4196078431372549
            ambientIntensity 0.8737
            transparency 0.0
            shininess 0.5
        }
    }
    geometry IndexedFaceSet {
        ccw TRUE
        solid FALSE
        coord DEF co Coordinate {
            point [
                0.7008 0.6687 0.3099, 0.7051 0.6687 0.3006, 0.8741 0.6687 0.3099, 0.7078 0.6687 0.2906, 0.8697 0.6687 0.3006, 1.0087 0.6687 1.7812, 0.9986 0.6687 1.7893, 0.5542 0.6687 1.7758, 0.5413 0.6687 1.7737, 0.9908 0.6687 1.7998, 0.9859 0.6687 1.8119, 0.5661 0.6687 1.7812, 0.5763 0.6687 1.7893, 0.9843 0.6687 1.8248, 0.9843 0.6687 1.8917, 0.5906 0.6687 1.8917, 0.748 0.6687 -1.063, 0.8268 0.6687 -1.063, 0.7087 0.6687 -0.9449, 0.8662 0.6687 -0.9449, 0.7087 0.6687 0.2804, 0.8662 0.6687 0.2804, 0.867 0.6687 0.2906, 0.5906 0.6687 1.8248, 0.5889 0.6687 1.8119, 0.584 0.6687 1.7998, 0.493 0.6687 0.6768, 0.4957 0.6687 0.6669, 0.5 0.6687 0.6576, 1.0748 0.6687 0.6576, 1.0791 0.6687 0.6669, 1.0818 0.6687 0.6768, 0.5285 0.6687 1.7715, 0.4921 0.6687 1.7225, 0.5166 0.6687 1.7662, 0.4921 0.6687 0.6871, 1.0827 0.6687 0.6871, 1.0335 0.6687 1.7737, 1.0206 0.6687 1.7758, 0.5064 0.6687 1.758, 0.4987 0.6687 1.7475, 0.4938 0.6687 1.7354, 1.0827 0.6687 1.7225, 1.081 0.6687 1.7354, 1.0762 0.6687 1.7475, 1.0684 0.6687 1.758, 1.0582 0.6687 1.7662, 1.0463 0.6687 1.7715, 0.4921 0.7475 1.7225, 0.4921 0.7475 0.6871, 0.4938 0.7475 1.7354, 0.4987 0.7475 1.7475, 0.5064 0.7475 1.758, 0.5166 0.7475 1.7662, 0.5285 0.7475 1.7715, 0.5413 0.7475 1.7737, 0.5906 0.7475 1.8248, 0.5889 0.7475 1.8119, 0.584 0.7475 1.7998, 0.5763 0.7475 1.7893, 0.5661 0.7475 1.7812, 0.5542 0.7475 1.7758, 0.5906 0.5231 2.0098, 0.5906 0.5231 2.0886, 0.5906 0.5506 2.0098, 0.5906 0.5506 2.0886, 0.5906 0.5812 2.0058, 0.5906 0.6016 2.0819, 0.5906 0.6097 1.994, 0.5906 0.649 2.0622, 0.5906 0.6341 1.9753, 0.5906 0.6898 2.0309, 0.5906 0.6529 1.9508, 0.5906 0.7211 1.9902, 0.5906 0.6647 1.9223, 0.5906 0.7408 1.9427, 0.5906 0.7475 1.8917, 0.9843 0.5506 2.0886, 0.9843 0.6016 2.0819, 0.9843 0.649 2.0622, 0.9843 0.6898 2.0309, 0.9843 0.7211 1.9902, 0.9843 0.7408 1.9427, 0.9843 0.7475 1.8917, 0.5888 0.5098 2.0886, 0.5888 0.5098 2.0098, 0.5837 0.4975 2.0886, 0.5837 0.4975 2.0098, 0.5756 0.4869 2.0886, 0.5756 0.4869 2.0098, 0.565 0.4787 2.0886, 0.565 0.4787 2.0098, 0.5526 0.4736 2.0886, 0.5526 0.4736 2.0098, 0.5394 0.4719 2.0886, 0.5394 0.4719 2.0098, 0.4921 0.4719 2.0886, 0.4921 0.4719 2.0098, 0.4921 0.1977 2.0098, 0.4921 0.1977 2.0886
            ]
        }
        coordIndex [
            0,1,2,-1,2,1,3,-1,2,3,4,-1,5,6,2,-1,2,6,7,-1,2,7,8,-1,6,9,7,-1,7,9,10,-1,7,10,11,-1,11,10,12,-1,13,14,15,-1,16,17,18,-1,18,17,19,-1,18,19,20,-1,20,19,21,-1,20,21,3,-1,3,21,22,-1,3,22,4,-1,15,23,13,-1,13,23,24,-1,13,24,10,-1,10,24,25,-1,10,25,12,-1,26,27,2,-1,2,27,28,-1,2,28,0,-1,29,30,31,-1,8,32,33,-1,33,32,34,-1,8,33,2,-1,2,33,35,-1,2,35,26,-1,31,36,29,-1,29,36,37,-1,29,37,2,-1,2,37,38,-1,2,38,5,-1,34,39,33,-1,33,39,40,-1,33,40,41,-1,36,42,37,-1,37,42,43,-1,37,43,44,-1,44,45,37,-1,37,45,46,-1,37,46,47,-1,48,49,33,-1,33,49,35,-1,48,33,41,-1,48,41,50,-1,50,41,40,-1,50,40,51,-1,51,40,39,-1,51,39,52,-1,52,39,34,-1,52,34,53,-1,53,34,32,-1,53,32,54,-1,54,32,8,-1,54,8,55,-1,23,56,24,-1,24,56,57,-1,24,57,25,-1,25,57,58,-1,25,58,12,-1,12,58,59,-1,12,59,11,-1,11,59,60,-1,11,60,7,-1,7,60,61,-1,7,61,8,-1,8,61,55,-1,62,63,64,-1,64,63,65,-1,64,65,66,-1,66,65,67,-1,66,67,68,-1,68,67,69,-1,68,69,70,-1,70,69,71,-1,70,71,72,-1,72,71,73,-1,72,73,74,-1,74,73,75,-1,74,75,15,-1,15,75,76,-1,15,76,23,-1,23,76,56,-1,65,77,78,-1,65,78,67,-1,67,78,79,-1,67,79,69,-1,69,79,80,-1,69,80,71,-1,71,80,81,-1,71,81,73,-1,73,81,82,-1,73,82,75,-1,75,82,83,-1,75,83,76,-1,63,62,84,-1,84,62,85,-1,84,85,86,-1,86,85,87,-1,86,87,88,-1,88,87,89,-1,88,89,90,-1,90,89,91,-1,90,91,92,-1,92,91,93,-1,92,93,94,-1,94,93,95,-1,96,94,97,-1,97,94,95,-1,98,99,97,-1,97,99,96,-1,
        ]
    }
}
Shape{
    appearance Appearance {
        material  Material 	{
            diffuseColor 0.0 0.2901960784313726 0.8745098039215686
            specularColor 0.0 0.1450980392156863 0.4392156862745098
            ambientIntensity 0.27
            transparency 0.0
            shininess 0.5
        }
    }
    geometry IndexedFaceSet {
        ccw TRUE
        solid FALSE
        coord DEF co Coordinate {
            point [
                0.5167 0.1498 2.0098, 0.5167 0.1498 2.0886, 0.5064 0.1592 2.0886, 0.5064 0.1592 2.0098, 0.4986 0.1708 2.0886, 0.4986 0.1708 2.0098, 0.4938 0.1839 2.0886, 0.4938 0.1839 2.0098, 0.4921 0.1977 2.0886, 0.4921 0.1977 2.0098, 0.4823 0.0427 2.0098, 0.4823 0.0427 2.0886, 0.497 0.0446 2.0098, 0.497 0.0446 2.0886, 0.5108 0.0501 2.0098, 0.5108 0.0501 2.0886, 0.5228 0.0588 2.0098, 0.5228 0.0588 2.0886, 0.5322 0.0703 2.0098, 0.5322 0.0703 2.0886, 0.5385 0.0837 2.0098, 0.5385 0.0837 2.0886, 0.5412 0.0983 2.0098, 0.5412 0.0983 2.0886, 0.5413 0.1018 2.0098, 0.5413 0.1018 2.0886, 0.5403 0.1131 2.0098, 0.5403 0.1131 2.0886, 0.5356 0.1272 2.0098, 0.5356 0.1272 2.0886, 0.5276 0.1397 2.0098, 0.5276 0.1397 2.0886, 0.9843 0.5506 2.0098, 0.5906 0.5506 2.0098, 0.9843 0.5812 2.0058, 0.5906 0.5812 2.0058, 0.9843 0.6097 1.994, 0.5906 0.6097 1.994, 0.9843 0.6341 1.9753, 0.5906 0.6341 1.9753, 0.9843 0.6529 1.9508, 0.5906 0.6529 1.9508, 0.9843 0.6647 1.9223, 0.5906 0.6647 1.9223, 0.9843 0.6687 1.8917, 0.5906 0.6687 1.8917, 0.8741 0.7475 0.3099, 1.0748 0.7475 0.6576, 0.8741 0.6687 0.3099, 1.0748 0.6687 0.6576, 0.8662 0.6687 0.2804, 0.8662 0.7475 0.2804, 0.867 0.6687 0.2906, 0.867 0.7475 0.2906, 0.8697 0.6687 0.3006, 0.8697 0.7475 0.3006
            ]
        }
        coordIndex [
            0,1,2,-1,0,2,3,-1,3,2,4,-1,3,4,5,-1,5,4,6,-1,5,6,7,-1,7,6,8,-1,7,8,9,-1,10,11,12,-1,12,11,13,-1,12,13,14,-1,14,13,15,-1,14,15,16,-1,16,15,17,-1,16,17,18,-1,18,17,19,-1,18,19,20,-1,20,19,21,-1,20,21,22,-1,22,21,23,-1,22,23,24,-1,24,23,25,-1,24,25,26,-1,26,25,27,-1,26,27,28,-1,28,27,29,-1,28,29,30,-1,30,29,31,-1,30,31,0,-1,0,31,1,-1,32,33,34,-1,34,33,35,-1,34,35,36,-1,36,35,37,-1,36,37,38,-1,38,37,39,-1,38,39,40,-1,40,39,41,-1,40,41,42,-1,42,41,43,-1,42,43,44,-1,44,43,45,-1,46,47,48,-1,48,47,49,-1,50,51,52,-1,52,51,53,-1,52,53,54,-1,54,53,55,-1,54,55,48,-1,48,55,46,-1,
        ]
    }
}
Shape{
    appearance Appearance {
        material  Material 	{
            diffuseColor 0.9686274509803922 0.8784313725490196 0.6
            specularColor 0.6784313725490196 0.615686274509804 0.4196078431372549
            ambientIntensity 0.8737
            transparency 0.0
            shininess 0.5
        }
    }
    geometry IndexedFaceSet {
        ccw TRUE
        solid FALSE
        coord DEF co Coordinate {
            point [
                0.8662 0.7475 -0.9449, 0.8662 0.7475 0.2804, 0.8662 0.6687 -0.9449, 0.8662 0.6687 0.2804, 0.8268 0.6687 -1.063, 0.8268 0.7475 -1.063, 0.748 0.6687 -1.063, 0.748 0.7475 -1.063, 0.7087 0.7475 -0.9449, 0.7087 0.6687 -0.9449, 0.7087 0.6687 0.2804, 0.7087 0.7475 0.2804
            ]
        }
        coordIndex [
            0,1,2,-1,2,1,3,-1,4,5,2,-1,2,5,0,-1,4,6,5,-1,5,6,7,-1,7,6,8,-1,8,6,9,-1,9,10,8,-1,8,10,11,-1,
        ]
    }
}
Shape{
    appearance Appearance {
        material  Material 	{
            diffuseColor 0.0 0.2901960784313726 0.8745098039215686
            specularColor 0.0 0.1450980392156863 0.4392156862745098
            ambientIntensity 0.27
            transparency 0.0
            shininess 0.5
        }
    }
    geometry IndexedFaceSet {
        ccw TRUE
        solid FALSE
        coord DEF co Coordinate {
            point [
                0.7087 0.7475 0.2804, 0.7087 0.6687 0.2804, 0.7078 0.7475 0.2906, 0.7078 0.6687 0.2906, 0.7051 0.7475 0.3006, 0.7051 0.6687 0.3006, 0.7008 0.7475 0.3099, 0.7008 0.6687 0.3099, 0.5 0.6687 0.6576, 0.5 0.7475 0.6576, 0.5144 -0.0732 2.0886, 0.4823 -0.0408 2.0886, 0.5144 -0.0732 2.0098, 0.4823 -0.0408 2.0098, 0.5197 -0.1502 2.0098, 0.5197 -0.1502 2.0886, 0.5267 -0.1381 2.0098, 0.5267 -0.1381 2.0886, 0.5307 -0.1247 2.0098, 0.5307 -0.1247 2.0886, 0.5315 -0.1147 2.0098, 0.5315 -0.1147 2.0886, 0.5314 -0.1107 2.0098, 0.5314 -0.1107 2.0886, 0.5288 -0.0969 2.0098, 0.5288 -0.0969 2.0886, 0.523 -0.0842 2.0098, 0.523 -0.0842 2.0886, 0.4843 -0.1974 2.0098, 0.4843 -0.1974 2.0886, 0.4823 -0.2002 2.0886, 0.4823 -0.2002 2.0098, 0.4996 -0.3344 2.0886, 0.4823 -0.275 2.0886, 0.4996 -0.3344 2.0098, 0.4823 -0.275 2.0098, 0.502 -0.351 2.0098, 0.502 -0.351 2.0886, 0.5014 -0.3426 2.0098, 0.5014 -0.3426 2.0886, 0.502 -0.4795 2.0098, 0.502 -0.4795 2.0886, 0.5413 -0.5872 2.0098, 0.5413 -0.5872 2.0886, 1.0335 -3.0476 2.0045, 0.5413 -3.0476 2.0045, 1.0335 -3.0336 2.0085, 0.5413 -3.0336 2.0085, 1.0335 -3.0191 2.0098, 0.5413 -3.0191 2.0098, 1.0335 -3.7493 1.7312, 0.5413 -3.7493 1.7312, 0.5413 -3.7573 1.7283, 1.0335 -3.7573 1.7283, 0.5236 -4.1738 1.7283, 0.5413 -4.1738 1.7283, 1.0335 -4.1738 1.7283, 1.0512 -4.1738 1.7283, 1.0512 0.4364 1.7283, 0.5236 0.4364 1.7283, 1.0728 -0.4795 2.0098, 1.0728 -0.4795 2.0886, 1.0335 -0.5872 2.0098, 1.0335 -0.5872 2.0886, 1.0728 -0.351 2.0886, 1.0728 -0.351 2.0098, 1.0752 -0.3344 2.0098, 1.0752 -0.3344 2.0886, 1.0734 -0.3426 2.0098, 1.0734 -0.3426 2.0886, 1.0925 -0.275 2.0098, 1.0925 -0.275 2.0886, 0.689 -1.6344 2.2362, 0.689 -1.6344 2.0945, 0.8858 -1.6344 2.2362, 0.8858 -1.6344 2.0945, 0.8858 -3.6029 2.0945, 1.0512 -3.6029 2.0945, 0.8858 -3.7894 2.0236, 1.0512 -3.7894 2.0236, 1.0512 -4.4131 2.0236, 0.8858 -4.4131 2.0236, 0.8858 -4.8181 1.7874, 1.0512 -4.8181 1.7874, 1.0925 -1.8982 2.0039, 1.0512 -1.9395 2.0039, 1.0925 -1.8982 2.0945, 1.0512 -1.9395 2.0945, 1.0925 0.3774 2.0039, 1.0512 0.3774 2.0039, -0.3051 0.3774 2.0039, -0.2638 0.3774 2.0039, -0.3642 0.4364 1.9449, -0.2638 0.4364 1.9449, -0.2638 0.4364 1.7283, -0.2638 -1.9395 2.0039, -0.2638 -4.1738 1.7283, -0.2638 -5.1148 1.6024, -0.2638 -5.0797 1.5821, -0.2638 -5.0596 1.6024, -0.2638 -4.1654 1.5821, -0.2638 -4.1738 1.5906, -0.2638 -1.9395 2.0945, -0.2638 -3.6029 2.0945, -0.2638 -3.7894 2.0236, -0.2638 -4.4131 2.0236, -0.2638 -4.8181 1.7874, -0.2638 -5.0596 1.7874, -0.3622 -4.0951 1.5118, -0.3622 -4.958 1.5118, 0.2638 -4.1738 1.5906, 0.2638 -4.1654 1.5821, 0.3622 -4.0951 1.5118, 0.2638 -4.1738 1.7283, 0.2461 -4.1738 1.7283, 0.2461 -4.1738 1.7205, -0.2461 -4.1738 1.7283, -0.2461 -4.1738 1.7205
            ]
        }
        coordIndex [
            0,1,2,-1,2,1,3,-1,2,3,4,-1,4,3,5,-1,4,5,6,-1,6,5,7,-1,7,8,6,-1,6,8,9,-1,10,11,12,-1,12,11,13,-1,14,15,16,-1,16,15,17,-1,16,17,18,-1,18,17,19,-1,18,19,20,-1,20,19,21,-1,20,21,22,-1,22,21,23,-1,22,23,24,-1,24,23,25,-1,24,25,26,-1,26,25,27,-1,26,27,12,-1,12,27,10,-1,28,29,14,-1,14,29,15,-1,30,29,31,-1,31,29,28,-1,32,33,34,-1,34,33,35,-1,36,37,38,-1,38,37,39,-1,38,39,34,-1,34,39,32,-1,36,40,37,-1,37,40,41,-1,42,43,40,-1,40,43,41,-1,44,45,46,-1,46,45,47,-1,46,47,48,-1,48,47,49,-1,50,51,44,-1,44,51,45,-1,52,51,53,-1,53,51,50,-1,54,55,52,-1,56,57,53,-1,53,57,58,-1,53,58,52,-1,52,58,59,-1,52,59,54,-1,60,61,62,-1,62,61,63,-1,64,61,65,-1,65,61,60,-1,66,67,68,-1,68,67,69,-1,68,69,65,-1,65,69,64,-1,66,70,67,-1,67,70,71,-1,72,73,74,-1,74,73,75,-1,76,77,78,-1,78,77,79,-1,80,81,79,-1,79,81,78,-1,81,80,82,-1,82,80,83,-1,84,85,86,-1,86,85,87,-1,84,88,85,-1,85,88,89,-1,90,91,92,-1,92,91,93,-1,93,91,94,-1,94,91,95,-1,94,95,96,-1,97,98,99,-1,99,98,100,-1,99,100,101,-1,102,103,95,-1,95,103,104,-1,95,104,96,-1,96,104,105,-1,96,105,101,-1,101,105,106,-1,101,106,99,-1,99,106,107,-1,108,100,109,-1,109,100,98,-1,110,101,111,-1,111,101,100,-1,111,100,112,-1,112,100,108,-1,113,114,115,-1,116,96,117,-1,117,96,101,-1,117,101,115,-1,115,101,110,-1,115,110,113,-1,
        ]
    }
}
Shape{
    appearance Appearance {
        material  Material 	{
            diffuseColor 0.9686274509803922 0.8784313725490196 0.6
            specularColor 0.6784313725490196 0.615686274509804 0.4196078431372549
            ambientIntensity 0.8737
            transparency 0.0
            shininess 0.5
        }
    }
    geometry IndexedFaceSet {
        ccw TRUE
        solid FALSE
        coord DEF co Coordinate {
            point [
                -0.2461 -4.8234 1.7874, -0.2461 -4.8234 1.7205, -0.2461 -5.0152 1.7874, -0.2461 -4.971 1.7205, -0.2461 -0.5872 2.0886, -0.2461 -0.5872 2.0098, -0.2461 -3.0191 2.0886, -0.2461 -3.0191 2.0098, -0.2461 -3.0481 2.0859, -0.2461 -3.0336 2.0085, -0.2461 -3.0762 2.0779, -0.2461 -3.0476 2.0045, -0.2461 -3.7779 1.8046, -0.2461 -3.7493 1.7312, -0.2461 -3.7919 1.8006, -0.2461 -3.7573 1.7283, -0.2461 -3.8065 1.7992, -0.2461 -4.2002 1.7205, -0.2461 -4.2165 1.7188, -0.2461 -4.2409 1.7938, -0.2461 -4.2789 1.7781, -0.2461 -4.9736 1.7201, -0.2461 -4.976 1.7192, -0.2461 -5.0321 1.7748, -0.2461 -4.978 1.7176, -0.2461 -5.0455 1.7586, -0.2461 -4.9796 1.7156, -0.2461 -5.0547 1.7397, -0.2461 -4.9805 1.7132, -0.2461 -5.0592 1.7191, -0.2461 -4.9809 1.7106, -0.2461 -5.0587 1.6981, -0.2461 -4.9805 1.7081, -0.2461 -4.2002 1.7992, -0.2461 -4.1738 1.7283, -0.2461 -4.1738 1.7205, -0.2461 -4.2322 1.7137, -0.2461 -4.2465 1.7054, -0.2461 -4.3115 1.7531, -0.2461 -4.2587 1.6944, -0.2461 -4.3366 1.7205, -0.2461 -4.2684 1.6811, -0.2461 -4.3414 1.7138, -0.2461 -4.2871 1.6566, -0.2461 -4.3475 1.7083, -0.2461 -4.3116 1.6379, -0.2461 -4.3546 1.7042, -0.2461 -4.3625 1.7017, -0.2461 -4.3401 1.6261, -0.2461 -4.3706 1.7008, -0.2461 -4.3706 1.622, -0.2461 -4.971 1.7008, -0.2461 -4.971 1.622, -0.2461 -4.9736 1.7011, -0.2461 -4.9919 1.6245, -0.2461 -4.976 1.7021, -0.2461 -5.0117 1.6319, -0.2461 -4.978 1.7037, -0.2461 -5.0291 1.6437, -0.2461 -4.9796 1.7057, -0.2461 -5.0432 1.6593, -0.2461 -5.0533 1.6778
            ]
        }
        coordIndex [
            0,1,2,-1,2,1,3,-1,4,5,6,-1,6,5,7,-1,6,7,8,-1,8,7,9,-1,8,9,10,-1,10,9,11,-1,10,11,12,-1,12,11,13,-1,12,13,14,-1,14,13,15,-1,14,15,16,-1,17,18,19,-1,19,18,20,-1,3,21,2,-1,2,21,22,-1,2,22,23,-1,23,22,24,-1,23,24,25,-1,25,24,26,-1,25,26,27,-1,27,26,28,-1,27,28,29,-1,29,28,30,-1,29,30,31,-1,31,30,32,-1,16,15,33,-1,33,15,34,-1,33,34,19,-1,19,34,35,-1,19,35,17,-1,18,36,20,-1,20,36,37,-1,20,37,38,-1,38,37,39,-1,38,39,40,-1,40,39,41,-1,40,41,42,-1,42,41,43,-1,42,43,44,-1,44,43,45,-1,44,45,46,-1,46,45,47,-1,47,45,48,-1,47,48,49,-1,49,48,50,-1,49,50,51,-1,51,50,52,-1,51,52,53,-1,53,52,54,-1,53,54,55,-1,55,54,56,-1,55,56,57,-1,57,56,58,-1,57,58,59,-1,59,58,60,-1,59,60,32,-1,32,60,61,-1,32,61,31,-1,
        ]
    }
}
Shape{
    appearance Appearance {
        material  Material 	{
            diffuseColor 0.0 0.2901960784313726 0.8745098039215686
            specularColor 0.0 0.1450980392156863 0.4392156862745098
            ambientIntensity 0.27
            transparency 0.0
            shininess 0.5
        }
    }
    geometry IndexedFaceSet {
        ccw TRUE
        solid FALSE
        coord DEF co Coordinate {
            point [
                -0.2638 -4.1738 1.7283, -0.2461 -4.1738 1.7283, -0.2461 -3.7573 1.7283, 0.2461 -4.1738 1.7283, 0.2638 -4.1738 1.7283, 0.2461 -3.7573 1.7283, 0.2638 0.4364 1.7283, -0.2638 0.4364 1.7283, 0.2638 -5.0797 1.5821, 0.2638 -5.1148 1.6024, 0.2638 -5.0596 1.6024, 0.2638 0.3774 2.0039, 0.2638 0.4364 1.9449, 0.2638 -1.9395 2.0039, 0.2638 -4.4131 2.0236, 0.2638 -3.7894 2.0236, 0.2638 -3.6029 2.0945, 0.2638 -1.9395 2.0945, 0.2638 -5.0596 1.7874, 0.2638 -4.8181 1.7874, 0.2638 -4.1738 1.5906, 0.2638 -4.1654 1.5821, 0.3622 -4.0951 1.5118, 0.3622 -4.958 1.5118, 0.3642 0.4364 1.9449, 0.3051 0.3774 2.0039, 0.3642 0.4364 2.1535, 0.3051 0.3774 2.0945, 0.3051 -0.275 2.0886, 0.3051 -0.275 2.0098, 0.3051 -1.8982 2.0039, 0.3051 -0.0408 2.0098, 0.3051 -0.2002 2.0098, 0.3051 -0.0408 2.0886, 0.3051 -0.2002 2.0886, 0.3051 -1.8982 2.0945, 0.3051 0.0427 2.0098, 0.3051 0.0427 2.0886, -0.2638 -1.9395 2.0945, -0.3051 -1.8982 2.0945, -0.3051 0.3774 2.0945, 0.0984 -3.6029 2.0945, 0.0984 -1.6344 2.0945, -0.0984 -1.6344 2.0945, -0.0984 -3.6029 2.0945, -0.2638 -3.6029 2.0945, -0.3642 0.4364 2.1535, -0.3051 0.3774 2.0039, -0.3642 0.4364 1.9449, -0.3051 -0.2002 2.0886, -0.3051 -0.275 2.0886, -0.3051 -0.275 2.0098, -0.3051 -1.8982 2.0039, -0.3051 -0.2002 2.0098, -0.3051 -0.0408 2.0098, -0.3051 -0.0408 2.0886, -0.3051 0.0427 2.0886, -0.3051 0.0427 2.0098, -0.2638 -1.9395 2.0039, -0.2638 0.3774 2.0039, 0.2854 -0.351 2.0098, 0.2854 -0.4795 2.0098, -0.2348 0.4736 2.0098, -0.2224 0.4787 2.0098, 0.2037 0.4975 2.0098, 0.2119 0.4869 2.0098, -0.2118 0.4869 2.0098, -0.2037 0.4975 2.0098, -0.1986 0.5098 2.0098, -0.273 -0.0732 2.0098, -0.2904 0.0446 2.0098, 0.2561 -0.1107 2.0098, 0.2766 0.0501 2.0098, 0.2587 -0.0969 2.0098, 0.2904 0.0446 2.0098, 0.2644 -0.0842 2.0098, -0.2854 -0.351 2.0098, -0.286 -0.3426 2.0098, -0.2953 0.1977 2.0098, -0.2953 0.4719 2.0098, -0.248 0.4719 2.0098, 0.2568 -0.1247 2.0098, 0.2607 -0.1381 2.0098, -0.3031 -0.1974 2.0098, -0.2677 -0.1502 2.0098, -0.2607 -0.1381 2.0098, -0.2567 -0.1247 2.0098, -0.2646 0.0588 2.0098, -0.2552 0.0703 2.0098, -0.2489 0.0837 2.0098, -0.2462 0.0983 2.0098, 0.2225 0.4787 2.0098, 0.2559 -0.1147 2.0098, 0.2518 0.1272 2.0098, 0.2472 0.1131 2.0098, 0.2348 0.4736 2.0098, 0.2461 0.1018 2.0098, 0.2462 0.0983 2.0098, 0.2489 0.0837 2.0098, 0.2552 0.0703 2.0098, 0.2646 0.0588 2.0098, 0.273 -0.0732 2.0098, 0.2598 0.1397 2.0098, 0.248 0.4719 2.0098, 0.2707 0.1498 2.0098, 0.2953 0.4719 2.0098, 0.2953 0.1977 2.0098, 0.2461 -3.0191 2.0098, -0.2461 -3.0191 2.0098, 0.2461 -0.5872 2.0098, -0.2461 -0.5872 2.0098, -0.2854 -0.4795 2.0098, -0.2559 -0.1147 2.0098, -0.256 -0.1107 2.0098, -0.2586 -0.0969 2.0098, -0.2461 0.1018 2.0098, -0.2471 0.1131 2.0098, -0.2888 0.1708 2.0098, -0.2936 0.1839 2.0098, -0.1968 0.5506 2.0098, 0.1969 0.5506 2.0098, -0.1968 0.5231 2.0098, 0.1969 0.5231 2.0098, 0.1986 0.5098 2.0098, 0.2936 0.1839 2.0098, 0.2888 0.1708 2.0098, 0.281 0.1592 2.0098, -0.2766 0.0501 2.0098, -0.2644 -0.0842 2.0098, 0.286 -0.3426 2.0098, 0.2677 -0.1502 2.0098, 0.2878 -0.3344 2.0098, 0.3032 -0.1974 2.0098, -0.2518 0.1272 2.0098, -0.2598 0.1397 2.0098, -0.2707 0.1498 2.0098, -0.281 0.1592 2.0098, -0.2878 -0.3344 2.0098, -0.273 -0.0732 2.0886
            ]
        }
        coordIndex [
            0,1,2,-1,3,4,5,-1,5,4,6,-1,5,6,2,-1,2,6,7,-1,2,7,0,-1,8,9,10,-1,11,12,13,-1,13,12,6,-1,4,14,15,-1,16,17,15,-1,15,17,13,-1,15,13,4,-1,4,13,6,-1,10,18,19,-1,14,4,19,-1,19,4,20,-1,19,20,10,-1,10,20,21,-1,10,21,8,-1,21,22,8,-1,8,22,23,-1,24,12,25,-1,25,12,11,-1,24,25,26,-1,26,25,27,-1,28,29,30,-1,31,32,33,-1,33,32,34,-1,33,34,27,-1,27,34,28,-1,27,28,35,-1,35,28,30,-1,29,32,30,-1,30,32,31,-1,30,31,25,-1,25,31,36,-1,25,36,27,-1,27,36,37,-1,27,37,33,-1,38,39,40,-1,16,41,17,-1,17,41,42,-1,17,42,35,-1,43,44,45,-1,45,38,43,-1,43,38,40,-1,43,40,42,-1,42,40,27,-1,42,27,35,-1,26,27,46,-1,46,27,40,-1,47,48,40,-1,40,48,46,-1,49,40,50,-1,50,40,39,-1,50,39,51,-1,39,52,51,-1,51,52,47,-1,51,47,53,-1,53,47,54,-1,53,54,49,-1,49,54,55,-1,49,55,40,-1,40,55,56,-1,40,56,47,-1,47,56,57,-1,47,57,54,-1,58,59,52,-1,52,59,47,-1,39,38,52,-1,52,38,58,-1,60,61,62,-1,63,64,65,-1,63,66,64,-1,64,66,67,-1,64,67,68,-1,54,57,69,-1,69,57,70,-1,71,72,73,-1,73,72,74,-1,73,74,75,-1,76,77,61,-1,78,79,80,-1,63,81,82,-1,83,84,61,-1,61,84,85,-1,61,85,86,-1,87,88,61,-1,61,88,89,-1,61,89,90,-1,65,91,63,-1,63,91,92,-1,63,92,81,-1,93,94,95,-1,95,94,96,-1,95,96,91,-1,91,96,97,-1,91,97,92,-1,97,98,92,-1,92,98,99,-1,92,99,71,-1,71,99,100,-1,71,100,72,-1,36,31,74,-1,74,31,101,-1,74,101,75,-1,93,95,102,-1,102,95,103,-1,102,103,104,-1,104,103,105,-1,104,105,106,-1,107,108,109,-1,109,108,110,-1,109,110,61,-1,61,110,111,-1,61,111,76,-1,86,112,61,-1,61,112,113,-1,61,113,114,-1,90,115,61,-1,61,115,116,-1,61,116,62,-1,117,118,78,-1,119,120,121,-1,121,120,122,-1,121,122,68,-1,68,122,123,-1,68,123,64,-1,124,125,106,-1,106,125,126,-1,106,126,104,-1,87,61,127,-1,127,61,114,-1,127,114,70,-1,70,114,128,-1,70,128,69,-1,62,63,60,-1,60,63,82,-1,60,82,129,-1,129,82,130,-1,129,130,131,-1,131,130,132,-1,131,132,29,-1,29,132,32,-1,116,133,62,-1,62,133,134,-1,62,134,80,-1,80,134,135,-1,80,135,78,-1,78,135,136,-1,78,136,117,-1,53,83,51,-1,51,83,61,-1,51,61,137,-1,137,61,77,-1,138,55,69,-1,69,55,54,-1,
        ]
    }
}
Shape{
    appearance Appearance {
        material  Material 	{
            diffuseColor 0.9686274509803922 0.8784313725490196 0.6
            specularColor 0.6784313725490196 0.615686274509804 0.4196078431372549
            ambientIntensity 0.8737
            transparency 0.0
            shininess 0.5
        }
    }
    geometry IndexedFaceSet {
        ccw TRUE
        solid FALSE
        coord DEF co Coordinate {
            point [
                -0.2461 -3.0191 2.0886, 0.2461 -3.0191 2.0886, -0.2461 -0.5872 2.0886, 0.2461 -0.5872 2.0886, 0.2646 0.0588 2.0886, 0.2552 0.0703 2.0886, 0.2489 0.0837 2.0886, 0.2462 0.0983 2.0886, 0.2953 0.1977 2.0886, 0.2953 0.4719 2.0886, 0.248 0.4719 2.0886, -0.1986 0.5098 2.0886, -0.2037 0.4975 2.0886, 0.2037 0.4975 2.0886, -0.2118 0.4869 2.0886, -0.2646 0.0588 2.0886, -0.2766 0.0501 2.0886, -0.256 -0.1107 2.0886, 0.2461 0.1018 2.0886, 0.2472 0.1131 2.0886, 0.2348 0.4736 2.0886, 0.2225 0.4787 2.0886, 0.2119 0.4869 2.0886, -0.2348 0.4736 2.0886, -0.2224 0.4787 2.0886, -0.2586 -0.0969 2.0886, -0.2904 0.0446 2.0886, -0.2644 -0.0842 2.0886, -0.3051 0.0427 2.0886, -0.3051 -0.0408 2.0886, -0.273 -0.0732 2.0886, 0.3051 -0.0408 2.0886, 0.3051 0.0427 2.0886, 0.273 -0.0732 2.0886, 0.2904 0.0446 2.0886, 0.2854 -0.4795 2.0886, 0.2854 -0.351 2.0886, 0.286 -0.3426 2.0886, 0.3032 -0.1974 2.0886, 0.2677 -0.1502 2.0886, 0.2607 -0.1381 2.0886, 0.2568 -0.1247 2.0886, -0.2489 0.0837 2.0886, -0.2552 0.0703 2.0886, 0.2559 -0.1147 2.0886, 0.2561 -0.1107 2.0886, 0.2587 -0.0969 2.0886, 0.2518 0.1272 2.0886, 0.2598 0.1397 2.0886, 0.2707 0.1498 2.0886, 0.1969 0.5231 2.0886, 0.1969 0.5506 2.0886, -0.1968 0.5506 2.0886, -0.2518 0.1272 2.0886, -0.2598 0.1397 2.0886, -0.248 0.4719 2.0886, -0.2707 0.1498 2.0886, -0.2953 0.4719 2.0886, -0.2953 0.1977 2.0886, 0.2766 0.0501 2.0886, 0.2644 -0.0842 2.0886, 0.281 0.1592 2.0886, 0.2888 0.1708 2.0886, 0.2936 0.1839 2.0886, 0.1986 0.5098 2.0886, -0.1968 0.5231 2.0886, -0.2936 0.1839 2.0886, -0.2888 0.1708 2.0886, -0.281 0.1592 2.0886, 0.3051 -0.2002 2.0886, 0.3051 -0.275 2.0886, 0.2878 -0.3344 2.0886, -0.2471 0.1131 2.0886, -0.2461 0.1018 2.0886, -0.2462 0.0983 2.0886, -0.2559 -0.1147 2.0886, -0.2567 -0.1247 2.0886, -0.2607 -0.1381 2.0886, -0.2854 -0.4795 2.0886, -0.2854 -0.351 2.0886, -0.286 -0.3426 2.0886, -0.2677 -0.1502 2.0886, -0.2878 -0.3344 2.0886, -0.3031 -0.1974 2.0886, -0.3051 -0.275 2.0886, -0.3051 -0.2002 2.0886
            ]
        }
        coordIndex [
            0,1,2,-1,2,1,3,-1,4,5,2,-1,2,5,6,-1,2,6,7,-1,8,9,10,-1,11,12,13,-1,13,12,14,-1,15,16,17,-1,7,18,2,-1,2,18,19,-1,2,19,20,-1,20,21,2,-1,2,21,22,-1,2,22,23,-1,23,22,13,-1,23,13,24,-1,24,13,14,-1,17,16,25,-1,25,16,26,-1,25,26,27,-1,28,29,26,-1,26,29,30,-1,26,30,27,-1,31,32,33,-1,33,32,34,-1,3,35,2,-1,2,35,36,-1,2,36,37,-1,38,39,2,-1,2,39,40,-1,2,40,41,-1,2,42,43,-1,41,44,2,-1,2,44,45,-1,2,45,46,-1,19,47,20,-1,20,47,48,-1,20,48,10,-1,10,48,49,-1,10,49,8,-1,50,51,52,-1,53,23,54,-1,54,23,55,-1,54,55,56,-1,56,55,57,-1,56,57,58,-1,4,2,59,-1,59,2,46,-1,59,46,34,-1,34,46,60,-1,34,60,33,-1,61,62,49,-1,49,62,63,-1,49,63,8,-1,13,64,11,-1,11,64,50,-1,11,50,65,-1,65,50,52,-1,66,67,58,-1,58,67,68,-1,58,68,56,-1,69,38,70,-1,70,38,2,-1,70,2,71,-1,71,2,37,-1,53,72,23,-1,23,72,73,-1,23,73,2,-1,2,73,74,-1,2,74,42,-1,15,17,43,-1,43,17,75,-1,43,75,2,-1,2,75,76,-1,2,76,77,-1,78,2,79,-1,79,2,77,-1,79,77,80,-1,80,77,81,-1,80,81,82,-1,82,81,83,-1,82,83,84,-1,84,83,85,-1,
        ]
    }
}
Shape{
    appearance Appearance {
        material  Material 	{
            diffuseColor 0.0 0.2901960784313726 0.8745098039215686
            specularColor 0.0 0.1450980392156863 0.4392156862745098
            ambientIntensity 0.27
            transparency 0.0
            shininess 0.5
        }
    }
    geometry IndexedFaceSet {
        ccw TRUE
        solid FALSE
        coord DEF co Coordinate {
            point [
                -0.3051 0.0427 2.0098, -0.3051 0.0427 2.0886, -0.2904 0.0446 2.0098, -0.2904 0.0446 2.0886, -0.2766 0.0501 2.0098, -0.2766 0.0501 2.0886, -0.2646 0.0588 2.0098, -0.2646 0.0588 2.0886, -0.2552 0.0703 2.0098, -0.2552 0.0703 2.0886, -0.2489 0.0837 2.0098, -0.2489 0.0837 2.0886, -0.2462 0.0983 2.0098, -0.2462 0.0983 2.0886, -0.2461 0.1018 2.0098, -0.2461 0.1018 2.0886, -0.2471 0.1131 2.0098, -0.2471 0.1131 2.0886, -0.2518 0.1272 2.0098, -0.2518 0.1272 2.0886, -0.2598 0.1397 2.0098, -0.2598 0.1397 2.0886, -0.2707 0.1498 2.0098, -0.2707 0.1498 2.0886, -0.281 0.1592 2.0886, -0.281 0.1592 2.0098, -0.2888 0.1708 2.0886, -0.2888 0.1708 2.0098, -0.2936 0.1839 2.0886, -0.2936 0.1839 2.0098, -0.2953 0.1977 2.0886, -0.2953 0.1977 2.0098
            ]
        }
        coordIndex [
            0,1,2,-1,2,1,3,-1,2,3,4,-1,4,3,5,-1,4,5,6,-1,6,5,7,-1,6,7,8,-1,8,7,9,-1,8,9,10,-1,10,9,11,-1,10,11,12,-1,12,11,13,-1,12,13,14,-1,14,13,15,-1,14,15,16,-1,16,15,17,-1,16,17,18,-1,18,17,19,-1,18,19,20,-1,20,19,21,-1,20,21,22,-1,22,21,23,-1,22,23,24,-1,22,24,25,-1,25,24,26,-1,25,26,27,-1,27,26,28,-1,27,28,29,-1,29,28,30,-1,29,30,31,-1,
        ]
    }
}
Shape{
    appearance Appearance {
        material  Material 	{
            diffuseColor 0.9686274509803922 0.8784313725490196 0.6
            specularColor 0.6784313725490196 0.615686274509804 0.4196078431372549
            ambientIntensity 0.8737
            transparency 0.0
            shininess 0.5
        }
    }
    geometry IndexedFaceSet {
        ccw TRUE
        solid FALSE
        coord DEF co Coordinate {
            point [
                -0.2953 0.1977 2.0098, -0.2953 0.1977 2.0886, -0.2953 0.4719 2.0098, -0.2953 0.4719 2.0886, -0.248 0.4719 2.0886, -0.248 0.4719 2.0098, -0.1968 0.5231 2.0886, -0.1968 0.5231 2.0098, -0.1986 0.5098 2.0886, -0.1986 0.5098 2.0098, -0.2037 0.4975 2.0886, -0.2037 0.4975 2.0098, -0.2118 0.4869 2.0886, -0.2118 0.4869 2.0098, -0.2224 0.4787 2.0886, -0.2224 0.4787 2.0098, -0.2348 0.4736 2.0886, -0.2348 0.4736 2.0098, -0.1968 0.5506 2.0098, -0.1968 0.5506 2.0886, -0.1968 0.5812 2.0058, -0.1968 0.6016 2.0819, -0.1968 0.6097 1.994, -0.1968 0.649 2.0622, -0.1968 0.6341 1.9753, -0.1968 0.6898 2.0309, -0.1968 0.6529 1.9508, -0.1968 0.7211 1.9902, -0.1968 0.6647 1.9223, -0.1968 0.7408 1.9427, -0.1968 0.6687 1.8917, -0.1968 0.7475 1.8917, -0.1968 0.6687 1.8248, -0.1968 0.7475 1.8248, -0.1985 0.6687 1.8119, -0.1985 0.7475 1.8119, -0.2034 0.6687 1.7998, -0.2034 0.7475 1.7998, -0.2111 0.6687 1.7893, -0.2111 0.7475 1.7893, -0.2213 0.6687 1.7812, -0.2213 0.7475 1.7812, -0.2332 0.6687 1.7758, -0.2332 0.7475 1.7758, -0.2461 0.6687 1.7737, -0.2461 0.7475 1.7737, -0.2953 0.7475 1.7225, -0.2953 0.6687 1.7225, -0.2936 0.6687 1.7354, -0.2936 0.7475 1.7354, -0.2887 0.6687 1.7475, -0.2887 0.7475 1.7475, -0.281 0.6687 1.758, -0.281 0.7475 1.758, -0.2708 0.6687 1.7662, -0.2708 0.7475 1.7662, -0.2589 0.6687 1.7715, -0.2589 0.7475 1.7715, -0.0394 0.6687 -1.063, 0.0394 0.6687 -1.063, -0.0787 0.6687 -0.9449, 0.0788 0.6687 -0.9449, -0.0787 0.6687 0.2804, 0.0788 0.6687 0.2804, -0.0796 0.6687 0.2906, 0.0808 0.6687 0.2957, -0.0823 0.6687 0.3006, -0.0866 0.6687 0.3099, 0.2708 0.6687 1.7662, 0.2589 0.6687 1.7715, 0.2461 0.6687 1.7737, 0.2213 0.6687 1.7812, 0.2112 0.6687 1.7893, 0.0867 0.6687 0.3099, 0.2034 0.6687 1.7998, 0.1985 0.6687 1.8119, -0.2944 0.6687 0.6768, -0.2917 0.6687 0.6669, -0.2874 0.6687 0.6576, 0.2874 0.6687 0.6576, 0.2332 0.6687 1.7758, -0.2953 0.6687 0.6871, 0.1969 0.6687 1.8248, 0.1969 0.6687 1.8917, 0.2944 0.6687 0.6768, 0.2953 0.6687 0.6871, 0.2917 0.6687 0.6669, 0.2953 0.6687 1.7225, 0.2936 0.6687 1.7354, 0.2888 0.6687 1.7475, 0.281 0.6687 1.758
            ]
        }
        coordIndex [
            0,1,2,-1,2,1,3,-1,3,4,2,-1,2,4,5,-1,6,7,8,-1,8,7,9,-1,8,9,10,-1,10,9,11,-1,10,11,12,-1,12,11,13,-1,12,13,14,-1,14,13,15,-1,14,15,16,-1,16,15,17,-1,16,17,4,-1,4,17,5,-1,7,6,18,-1,18,6,19,-1,18,19,20,-1,20,19,21,-1,20,21,22,-1,22,21,23,-1,22,23,24,-1,24,23,25,-1,24,25,26,-1,26,25,27,-1,26,27,28,-1,28,27,29,-1,28,29,30,-1,30,29,31,-1,30,31,32,-1,32,31,33,-1,32,33,34,-1,34,33,35,-1,34,35,36,-1,36,35,37,-1,36,37,38,-1,38,37,39,-1,38,39,40,-1,40,39,41,-1,40,41,42,-1,42,41,43,-1,42,43,44,-1,44,43,45,-1,46,47,48,-1,46,48,49,-1,49,48,50,-1,49,50,51,-1,51,50,52,-1,51,52,53,-1,53,52,54,-1,53,54,55,-1,55,54,56,-1,55,56,57,-1,57,56,44,-1,57,44,45,-1,58,59,60,-1,60,59,61,-1,60,61,62,-1,62,61,63,-1,62,63,64,-1,64,63,65,-1,64,65,66,-1,66,65,67,-1,68,69,70,-1,71,72,73,-1,73,72,42,-1,73,42,65,-1,65,42,44,-1,72,74,42,-1,42,74,75,-1,42,75,40,-1,40,75,38,-1,76,77,65,-1,65,77,78,-1,65,78,67,-1,79,70,73,-1,73,70,80,-1,73,80,71,-1,56,48,44,-1,44,48,47,-1,44,47,65,-1,65,47,81,-1,65,81,76,-1,82,83,30,-1,84,85,86,-1,86,85,79,-1,30,32,82,-1,82,32,34,-1,82,34,75,-1,75,34,36,-1,75,36,38,-1,54,52,56,-1,56,52,50,-1,56,50,48,-1,79,85,70,-1,70,85,87,-1,70,87,88,-1,88,89,70,-1,70,89,90,-1,70,90,68,-1,
        ]
    }
}
Shape{
    appearance Appearance {
        material  Material 	{
            diffuseColor 0.0 0.2901960784313726 0.8745098039215686
            specularColor 0.0 0.1450980392156863 0.4392156862745098
            ambientIntensity 0.27
            transparency 0.0
            shininess 0.5
        }
    }
    geometry IndexedFaceSet {
        ccw TRUE
        solid FALSE
        coord DEF co Coordinate {
            point [
                -0.2874 0.7475 0.6576, -0.2874 0.6687 0.6576, -0.2917 0.6687 0.6669, -0.2917 0.7475 0.6669, -0.2944 0.6687 0.6768, -0.2944 0.7475 0.6768, -0.2953 0.6687 0.6871, -0.2953 0.7475 0.6871, -0.0866 0.6687 0.3099, -0.0866 0.7475 0.3099, -0.0787 0.7475 0.2804, -0.0787 0.6687 0.2804, -0.0796 0.7475 0.2906, -0.0796 0.6687 0.2906, -0.0823 0.7475 0.3006, -0.0823 0.6687 0.3006
            ]
        }
        coordIndex [
            0,1,2,-1,0,2,3,-1,3,2,4,-1,3,4,5,-1,5,4,6,-1,5,6,7,-1,8,1,9,-1,9,1,0,-1,10,11,12,-1,12,11,13,-1,12,13,14,-1,14,13,15,-1,14,15,9,-1,9,15,8,-1,
        ]
    }
}
Shape{
    appearance Appearance {
        material  Material 	{
            diffuseColor 0.9686274509803922 0.8784313725490196 0.6
            specularColor 0.6784313725490196 0.615686274509804 0.4196078431372549
            ambientIntensity 0.8737
            transparency 0.0
            shininess 0.5
        }
    }
    geometry IndexedFaceSet {
        ccw TRUE
        solid FALSE
        coord DEF co Coordinate {
            point [
                -0.0787 0.6687 -0.9449, -0.0787 0.6687 0.2804, -0.0787 0.7475 -0.9449, -0.0787 0.7475 0.2804, -0.0394 0.7475 -1.063, -0.0394 0.6687 -1.063, 0.0394 0.6687 -1.063, 0.0394 0.7475 -1.063, 0.0788 0.6687 -0.9449, 0.0788 0.7475 -0.9449, -0.0796 0.7475 0.2906, 0.0808 0.7475 0.2957, 0.0788 0.7475 0.2804, -0.2332 0.7475 1.7758, 0.0867 0.7475 0.3099, -0.2461 0.7475 1.7737, -0.0823 0.7475 0.3006, -0.0866 0.7475 0.3099, -0.2874 0.7475 0.6576, 0.2953 0.7475 1.7225, 0.2953 0.7475 0.6871, -0.2213 0.7475 1.7812, -0.2111 0.7475 1.7893, 0.1985 0.7475 1.8119, 0.2034 0.7475 1.7998, 0.2112 0.7475 1.7893, 0.2213 0.7475 1.7812, 0.2944 0.7475 0.6768, 0.2917 0.7475 0.6669, 0.2874 0.7475 0.6576, -0.2917 0.7475 0.6669, -0.2944 0.7475 0.6768, -0.2953 0.7475 0.6871, -0.2953 0.7475 1.7225, -0.2589 0.7475 1.7715, -0.2936 0.7475 1.7354, -0.2887 0.7475 1.7475, -0.281 0.7475 1.758, -0.2708 0.7475 1.7662, 0.2332 0.7475 1.7758, 0.2461 0.7475 1.7737, 0.2589 0.7475 1.7715, 0.2708 0.7475 1.7662, 0.281 0.7475 1.758, 0.2888 0.7475 1.7475, 0.2936 0.7475 1.7354, -0.1968 0.7475 1.8917, 0.1969 0.7475 1.8917, -0.1968 0.7475 1.8248, 0.1969 0.7475 1.8248, -0.1985 0.7475 1.8119, -0.2034 0.7475 1.7998, 0.0788 0.6687 0.2804
            ]
        }
        coordIndex [
            0,1,2,-1,2,1,3,-1,4,5,2,-1,2,5,0,-1,6,5,7,-1,7,5,4,-1,6,7,8,-1,8,7,9,-1,10,11,12,-1,13,14,15,-1,15,14,11,-1,10,16,11,-1,11,16,17,-1,11,17,15,-1,15,17,18,-1,19,20,14,-1,21,22,23,-1,7,4,9,-1,9,4,2,-1,9,2,12,-1,12,2,3,-1,12,3,10,-1,21,23,13,-1,13,23,24,-1,13,24,14,-1,14,24,25,-1,14,25,26,-1,27,28,20,-1,20,28,29,-1,20,29,14,-1,30,31,18,-1,18,31,32,-1,18,32,15,-1,15,32,33,-1,15,33,34,-1,34,33,35,-1,35,36,34,-1,34,36,37,-1,34,37,38,-1,26,39,14,-1,14,39,40,-1,14,40,19,-1,19,40,41,-1,19,41,42,-1,42,43,19,-1,19,43,44,-1,19,44,45,-1,46,47,48,-1,48,47,49,-1,48,49,50,-1,50,49,23,-1,50,23,51,-1,51,23,22,-1,9,12,8,-1,8,12,52,-1,
        ]
    }
}
Shape{
    appearance Appearance {
        material  Material 	{
            diffuseColor 0.0 0.2901960784313726 0.8745098039215686
            specularColor 0.0 0.1450980392156863 0.4392156862745098
            ambientIntensity 0.27
            transparency 0.0
            shininess 0.5
        }
    }
    geometry IndexedFaceSet {
        ccw TRUE
        solid FALSE
        coord DEF co Coordinate {
            point [
                0.0788 0.6687 0.2804, 0.0788 0.7475 0.2804, 0.0808 0.6687 0.2957, 0.0808 0.7475 0.2957, 0.0867 0.6687 0.3099, 0.0867 0.7475 0.3099, 0.2874 0.7475 0.6576, 0.2874 0.6687 0.6576, 0.2917 0.7475 0.6669, 0.2917 0.6687 0.6669, 0.2944 0.7475 0.6768, 0.2944 0.6687 0.6768, 0.2953 0.7475 0.6871, 0.2953 0.6687 0.6871, 0.2953 0.6687 1.7225, 0.2953 0.7475 1.7225
            ]
        }
        coordIndex [
            0,1,2,-1,2,1,3,-1,2,3,4,-1,4,3,5,-1,5,6,4,-1,4,6,7,-1,7,6,8,-1,7,8,9,-1,9,8,10,-1,9,10,11,-1,11,10,12,-1,11,12,13,-1,14,13,15,-1,15,13,12,-1,
        ]
    }
}
Shape{
    appearance Appearance {
        material  Material 	{
            diffuseColor 0.9686274509803922 0.8784313725490196 0.6
            specularColor 0.6784313725490196 0.615686274509804 0.4196078431372549
            ambientIntensity 0.8737
            transparency 0.0
            shininess 0.5
        }
    }
    geometry IndexedFaceSet {
        ccw TRUE
        solid FALSE
        coord DEF co Coordinate {
            point [
                0.2461 0.7475 1.7737, 0.2461 0.6687 1.7737, 0.2589 0.6687 1.7715, 0.2589 0.7475 1.7715, 0.2708 0.6687 1.7662, 0.2708 0.7475 1.7662, 0.281 0.6687 1.758, 0.281 0.7475 1.758, 0.2888 0.6687 1.7475, 0.2888 0.7475 1.7475, 0.2936 0.6687 1.7354, 0.2936 0.7475 1.7354, 0.2953 0.6687 1.7225, 0.2953 0.7475 1.7225, 0.1969 0.7475 1.8248, 0.1969 0.6687 1.8248, 0.1985 0.7475 1.8119, 0.1985 0.6687 1.8119, 0.2034 0.7475 1.7998, 0.2034 0.6687 1.7998, 0.2112 0.7475 1.7893, 0.2112 0.6687 1.7893, 0.2213 0.7475 1.7812, 0.2213 0.6687 1.7812, 0.2332 0.7475 1.7758, 0.2332 0.6687 1.7758, 0.1969 0.6687 1.8917, 0.1969 0.7475 1.8917, 0.1969 0.6647 1.9223, 0.1969 0.7408 1.9427, 0.1969 0.6529 1.9508, 0.1969 0.7211 1.9902, 0.1969 0.6341 1.9753, 0.1969 0.6898 2.0309, 0.1969 0.6097 1.994, 0.1969 0.649 2.0622, 0.1969 0.5812 2.0058, 0.1969 0.6016 2.0819, 0.1969 0.5506 2.0098, 0.1969 0.5506 2.0886, 0.1969 0.5231 2.0098, 0.1969 0.5231 2.0886
            ]
        }
        coordIndex [
            0,1,2,-1,0,2,3,-1,3,2,4,-1,3,4,5,-1,5,4,6,-1,5,6,7,-1,7,6,8,-1,7,8,9,-1,9,8,10,-1,9,10,11,-1,11,10,12,-1,11,12,13,-1,14,15,16,-1,16,15,17,-1,16,17,18,-1,18,17,19,-1,18,19,20,-1,20,19,21,-1,20,21,22,-1,22,21,23,-1,22,23,24,-1,24,23,25,-1,24,25,0,-1,0,25,1,-1,15,14,26,-1,26,14,27,-1,26,27,28,-1,28,27,29,-1,28,29,30,-1,30,29,31,-1,30,31,32,-1,32,31,33,-1,32,33,34,-1,34,33,35,-1,34,35,36,-1,36,35,37,-1,36,37,38,-1,38,37,39,-1,38,39,40,-1,40,39,41,-1,
        ]
    }
}
Shape{
    appearance Appearance {
        material  Material 	{
            diffuseColor 0.0 0.2901960784313726 0.8745098039215686
            specularColor 0.0 0.1450980392156863 0.4392156862745098
            ambientIntensity 0.27
            transparency 0.0
            shininess 0.5
        }
    }
    geometry IndexedFaceSet {
        ccw TRUE
        solid FALSE
        coord DEF co Coordinate {
            point [
                0.1969 0.5506 2.0098, -0.1968 0.5506 2.0098, 0.1969 0.5812 2.0058, -0.1968 0.5812 2.0058, 0.1969 0.6097 1.994, -0.1968 0.6097 1.994, 0.1969 0.6341 1.9753, -0.1968 0.6341 1.9753, 0.1969 0.6529 1.9508, -0.1968 0.6529 1.9508, 0.1969 0.6647 1.9223, -0.1968 0.6647 1.9223, 0.1969 0.6687 1.8917, -0.1968 0.6687 1.8917
            ]
        }
        coordIndex [
            0,1,2,-1,2,1,3,-1,2,3,4,-1,4,3,5,-1,4,5,6,-1,6,5,7,-1,6,7,8,-1,8,7,9,-1,8,9,10,-1,10,9,11,-1,10,11,12,-1,12,11,13,-1,
        ]
    }
}
Shape{
    appearance Appearance {
        material  Material 	{
            diffuseColor 0.9686274509803922 0.8784313725490196 0.6
            specularColor 0.6784313725490196 0.615686274509804 0.4196078431372549
            ambientIntensity 0.8737
            transparency 0.0
            shininess 0.5
        }
    }
    geometry IndexedFaceSet {
        ccw TRUE
        solid FALSE
        coord DEF co Coordinate {
            point [
                0.1969 0.5231 2.0098, 0.1969 0.5231 2.0886, 0.1986 0.5098 2.0098, 0.1986 0.5098 2.0886, 0.2037 0.4975 2.0098, 0.2037 0.4975 2.0886, 0.2119 0.4869 2.0098, 0.2119 0.4869 2.0886, 0.2225 0.4787 2.0098, 0.2225 0.4787 2.0886, 0.2348 0.4736 2.0098, 0.2348 0.4736 2.0886, 0.248 0.4719 2.0098, 0.248 0.4719 2.0886, 0.2953 0.4719 2.0098, 0.2953 0.4719 2.0886, 0.2953 0.1977 2.0886, 0.2953 0.1977 2.0098
            ]
        }
        coordIndex [
            0,1,2,-1,2,1,3,-1,2,3,4,-1,4,3,5,-1,4,5,6,-1,6,5,7,-1,6,7,8,-1,8,7,9,-1,8,9,10,-1,10,9,11,-1,10,11,12,-1,12,11,13,-1,14,12,15,-1,15,12,13,-1,16,17,15,-1,15,17,14,-1,
        ]
    }
}
Shape{
    appearance Appearance {
        material  Material 	{
            diffuseColor 0.0 0.2901960784313726 0.8745098039215686
            specularColor 0.0 0.1450980392156863 0.4392156862745098
            ambientIntensity 0.27
            transparency 0.0
            shininess 0.5
        }
    }
    geometry IndexedFaceSet {
        ccw TRUE
        solid FALSE
        coord DEF co Coordinate {
            point [
                0.2953 0.1977 2.0098, 0.2953 0.1977 2.0886, 0.2936 0.1839 2.0886, 0.2936 0.1839 2.0098, 0.2888 0.1708 2.0886, 0.2888 0.1708 2.0098, 0.281 0.1592 2.0886, 0.281 0.1592 2.0098, 0.2707 0.1498 2.0886, 0.2707 0.1498 2.0098, 0.2598 0.1397 2.0098, 0.2598 0.1397 2.0886, 0.2518 0.1272 2.0098, 0.2518 0.1272 2.0886, 0.2472 0.1131 2.0098, 0.2472 0.1131 2.0886, 0.2461 0.1018 2.0098, 0.2461 0.1018 2.0886, 0.2462 0.0983 2.0098, 0.2462 0.0983 2.0886, 0.2489 0.0837 2.0098, 0.2489 0.0837 2.0886, 0.2552 0.0703 2.0098, 0.2552 0.0703 2.0886, 0.2646 0.0588 2.0098, 0.2646 0.0588 2.0886, 0.2766 0.0501 2.0098, 0.2766 0.0501 2.0886, 0.2904 0.0446 2.0098, 0.2904 0.0446 2.0886, 0.3051 0.0427 2.0098, 0.3051 0.0427 2.0886
            ]
        }
        coordIndex [
            0,1,2,-1,0,2,3,-1,3,2,4,-1,3,4,5,-1,5,4,6,-1,5,6,7,-1,7,6,8,-1,7,8,9,-1,9,8,10,-1,10,8,11,-1,10,11,12,-1,12,11,13,-1,12,13,14,-1,14,13,15,-1,14,15,16,-1,16,15,17,-1,16,17,18,-1,18,17,19,-1,18,19,20,-1,20,19,21,-1,20,21,22,-1,22,21,23,-1,22,23,24,-1,24,23,25,-1,24,25,26,-1,26,25,27,-1,26,27,28,-1,28,27,29,-1,28,29,30,-1,30,29,31,-1,
        ]
    }
}
Shape{
    appearance Appearance {
        material  Material 	{
            diffuseColor 0.9686274509803922 0.8784313725490196 0.6
            specularColor 0.6784313725490196 0.615686274509804 0.4196078431372549
            ambientIntensity 0.8737
            transparency 0.0
            shininess 0.5
        }
    }
    geometry IndexedFaceSet {
        ccw TRUE
        solid FALSE
        coord DEF co Coordinate {
            point [
                -0.1968 0.5506 2.0886, 0.1969 0.5506 2.0886, 0.1969 0.6016 2.0819, -0.1968 0.6016 2.0819, 0.1969 0.649 2.0622, -0.1968 0.649 2.0622, 0.1969 0.6898 2.0309, -0.1968 0.6898 2.0309, 0.1969 0.7211 1.9902, -0.1968 0.7211 1.9902, 0.1969 0.7408 1.9427, -0.1968 0.7408 1.9427, 0.1969 0.7475 1.8917, -0.1968 0.7475 1.8917, -0.2953 0.7475 1.7225, -0.2953 0.7475 0.6871, -0.2953 0.6687 1.7225, -0.2953 0.6687 0.6871
            ]
        }
        coordIndex [
            0,1,2,-1,0,2,3,-1,3,2,4,-1,3,4,5,-1,5,4,6,-1,5,6,7,-1,7,6,8,-1,7,8,9,-1,9,8,10,-1,9,10,11,-1,11,10,12,-1,11,12,13,-1,14,15,16,-1,16,15,17,-1,
        ]
    }
}
Shape{
    appearance Appearance {
        material  Material 	{
            diffuseColor 0.0 0.2901960784313726 0.8745098039215686
            specularColor 0.0 0.1450980392156863 0.4392156862745098
            ambientIntensity 0.27
            transparency 0.0
            shininess 0.5
        }
    }
    geometry IndexedFaceSet {
        ccw TRUE
        solid FALSE
        coord DEF co Coordinate {
            point [
                0.273 -0.0732 2.0098, 0.3051 -0.0408 2.0098, 0.273 -0.0732 2.0886, 0.3051 -0.0408 2.0886, 0.2644 -0.0842 2.0098, 0.2644 -0.0842 2.0886, 0.2587 -0.0969 2.0098, 0.2587 -0.0969 2.0886, 0.2561 -0.1107 2.0098, 0.2561 -0.1107 2.0886, 0.2559 -0.1147 2.0098, 0.2559 -0.1147 2.0886, 0.2568 -0.1247 2.0098, 0.2568 -0.1247 2.0886, 0.2607 -0.1381 2.0098, 0.2607 -0.1381 2.0886, 0.2677 -0.1502 2.0098, 0.2677 -0.1502 2.0886, 0.3032 -0.1974 2.0098, 0.3032 -0.1974 2.0886, 0.3051 -0.2002 2.0886, 0.3051 -0.2002 2.0098, 0.2878 -0.3344 2.0098, 0.3051 -0.275 2.0098, 0.2878 -0.3344 2.0886, 0.3051 -0.275 2.0886, 0.286 -0.3426 2.0098, 0.286 -0.3426 2.0886, 0.2854 -0.351 2.0098, 0.2854 -0.351 2.0886, 0.2854 -0.4795 2.0886, 0.2854 -0.4795 2.0098, 0.2461 -0.5872 2.0098, 0.2461 -0.5872 2.0886
            ]
        }
        coordIndex [
            0,1,2,-1,2,1,3,-1,0,2,4,-1,4,2,5,-1,4,5,6,-1,6,5,7,-1,6,7,8,-1,8,7,9,-1,8,9,10,-1,10,9,11,-1,10,11,12,-1,12,11,13,-1,12,13,14,-1,14,13,15,-1,14,15,16,-1,16,15,17,-1,16,17,18,-1,18,17,19,-1,19,20,18,-1,18,20,21,-1,22,23,24,-1,24,23,25,-1,22,24,26,-1,26,24,27,-1,26,27,28,-1,28,27,29,-1,29,30,28,-1,28,30,31,-1,31,30,32,-1,32,30,33,-1,
        ]
    }
}
Shape{
    appearance Appearance {
        material  Material 	{
            diffuseColor 0.9686274509803922 0.8784313725490196 0.6
            specularColor 0.6784313725490196 0.615686274509804 0.4196078431372549
            ambientIntensity 0.8737
            transparency 0.0
            shininess 0.5
        }
    }
    geometry IndexedFaceSet {
        ccw TRUE
        solid FALSE
        coord DEF co Coordinate {
            point [
                0.2461 -3.7573 1.7283, 0.2461 -3.8065 1.7992, 0.2461 -4.1738 1.7283, 0.2461 -4.2002 1.7992, 0.2461 -4.2409 1.7938, 0.2461 -4.8234 1.7205, 0.2461 -4.8234 1.7874, 0.2461 -4.971 1.7205, 0.2461 -5.0152 1.7874, 0.2461 -4.9736 1.7201, 0.2461 -4.976 1.7192, 0.2461 -0.5872 2.0098, 0.2461 -0.5872 2.0886, 0.2461 -3.0191 2.0098, 0.2461 -3.0191 2.0886, 0.2461 -3.0336 2.0085, 0.2461 -3.0481 2.0859, 0.2461 -3.0476 2.0045, 0.2461 -3.0762 2.0779, 0.2461 -3.7493 1.7312, 0.2461 -3.7779 1.8046, 0.2461 -3.7919 1.8006, 0.2461 -4.3116 1.6379, 0.2461 -4.2871 1.6566, 0.2461 -4.3414 1.7138, 0.2461 -4.2789 1.7781, 0.2461 -4.2322 1.7137, 0.2461 -4.1738 1.7205, 0.2461 -4.2002 1.7205, 0.2461 -4.2165 1.7188, 0.2461 -4.3366 1.7205, 0.2461 -4.2684 1.6811, 0.2461 -4.3115 1.7531, 0.2461 -4.2587 1.6944, 0.2461 -4.2465 1.7054, 0.2461 -4.978 1.7176, 0.2461 -5.0321 1.7748, 0.2461 -4.9796 1.7156, 0.2461 -5.0455 1.7586, 0.2461 -4.9805 1.7132, 0.2461 -5.0547 1.7397, 0.2461 -4.9809 1.7106, 0.2461 -5.0592 1.7191, 0.2461 -5.0587 1.6981, 0.2461 -4.9805 1.7081, 0.2461 -5.0533 1.6778, 0.2461 -4.9796 1.7057, 0.2461 -5.0432 1.6593, 0.2461 -4.978 1.7037, 0.2461 -5.0291 1.6437, 0.2461 -4.976 1.7021, 0.2461 -5.0117 1.6319, 0.2461 -4.9736 1.7011, 0.2461 -4.9919 1.6245, 0.2461 -4.971 1.7008, 0.2461 -4.971 1.622, 0.2461 -4.3706 1.7008, 0.2461 -4.3706 1.622, 0.2461 -4.3625 1.7017, 0.2461 -4.3401 1.6261, 0.2461 -4.3546 1.7042, 0.2461 -4.3475 1.7083, -0.2461 -4.2002 1.7205, -0.2461 -4.1738 1.7205, -0.2461 -4.2684 1.6811, -0.2461 -4.2587 1.6944, -0.2461 -4.2465 1.7054, -0.2461 -4.2322 1.7137, -0.2461 -4.2165 1.7188, -0.2461 -4.3706 1.622, -0.2461 -4.3401 1.6261, -0.2461 -4.3116 1.6379, -0.2461 -4.2871 1.6566, -0.2461 -4.971 1.622, -0.2461 -4.9919 1.6245, -0.2461 -5.0117 1.6319, -0.2461 -5.0291 1.6437, -0.2461 -5.0432 1.6593, -0.2461 -5.0533 1.6778, -0.2461 -5.0587 1.6981, -0.2461 -5.0592 1.7191, -0.2461 -5.0547 1.7397, -0.2461 -5.0455 1.7586, -0.2461 -5.0321 1.7748, -0.2461 -5.0152 1.7874
            ]
        }
        coordIndex [
            0,1,2,-1,2,1,3,-1,2,3,4,-1,5,6,7,-1,7,6,8,-1,7,8,9,-1,9,8,10,-1,11,12,13,-1,13,12,14,-1,13,14,15,-1,15,14,16,-1,15,16,17,-1,17,16,18,-1,17,18,19,-1,19,18,20,-1,19,20,0,-1,0,20,21,-1,0,21,1,-1,22,23,24,-1,4,25,26,-1,27,2,28,-1,28,2,4,-1,28,4,29,-1,29,4,26,-1,24,23,30,-1,30,23,31,-1,30,31,32,-1,32,31,33,-1,32,33,25,-1,25,33,34,-1,25,34,26,-1,10,8,35,-1,35,8,36,-1,35,36,37,-1,37,36,38,-1,37,38,39,-1,39,38,40,-1,39,40,41,-1,40,42,41,-1,41,42,43,-1,41,43,44,-1,44,43,45,-1,44,45,46,-1,46,45,47,-1,46,47,48,-1,48,47,49,-1,48,49,50,-1,50,49,51,-1,50,51,52,-1,52,51,53,-1,52,53,54,-1,54,53,55,-1,54,55,56,-1,56,55,57,-1,56,57,58,-1,58,57,59,-1,58,59,60,-1,60,59,22,-1,60,22,61,-1,61,22,24,-1,62,63,28,-1,28,63,27,-1,31,64,33,-1,33,64,65,-1,33,65,34,-1,34,65,66,-1,34,66,26,-1,26,66,67,-1,26,67,29,-1,29,67,68,-1,29,68,28,-1,28,68,62,-1,57,69,70,-1,57,70,59,-1,59,70,71,-1,59,71,22,-1,22,71,72,-1,22,72,23,-1,23,72,64,-1,23,64,31,-1,69,57,73,-1,73,57,55,-1,73,55,53,-1,73,53,74,-1,74,53,51,-1,74,51,75,-1,75,51,49,-1,75,49,76,-1,76,49,47,-1,76,47,77,-1,77,47,45,-1,77,45,78,-1,78,45,43,-1,78,43,79,-1,79,43,42,-1,79,42,80,-1,80,42,40,-1,80,40,81,-1,81,40,38,-1,81,38,82,-1,82,38,36,-1,82,36,83,-1,83,36,8,-1,83,8,84,-1,
        ]
    }
}
Shape{
    appearance Appearance {
        material  Material 	{
            diffuseColor 0.0 0.2901960784313726 0.8745098039215686
            specularColor 0.0 0.1450980392156863 0.4392156862745098
            ambientIntensity 0.27
            transparency 0.0
            shininess 0.5
        }
    }
    geometry IndexedFaceSet {
        ccw TRUE
        solid FALSE
        coord DEF co Coordinate {
            point [
                -0.0984 -4.8181 1.7874, -0.0984 -4.8234 1.7874, -0.2461 -4.8234 1.7874, 0.0984 -4.8234 1.7874, 0.0984 -4.8181 1.7874, 0.2461 -4.8234 1.7874, 0.2638 -4.8181 1.7874, 0.2461 -5.0152 1.7874, 0.2638 -5.0596 1.7874, -0.2461 -5.0152 1.7874, -0.2638 -5.0596 1.7874, -0.2638 -4.8181 1.7874, 0.2461 -4.8234 1.7205, -0.2461 -4.8234 1.7205, 0.0984 -4.8234 1.7992, -0.0984 -4.8234 1.7992, -0.0984 -4.971 1.7992, 0.0984 -4.971 1.7992, -0.0984 -4.4131 2.0236, -0.0984 -4.8761 2.2362, -0.0984 -4.9809 2.1758, -0.0984 -4.9809 1.7987, -0.0984 -1.6344 2.0945, -0.0984 -1.6344 2.2362, -0.0984 -3.6029 2.0945, -0.0984 -3.7894 2.0236, 0.0984 -1.6344 2.2362, 0.0984 -1.6344 2.0945, -0.2638 -3.7894 2.0236, -0.2638 -3.6029 2.0945, -0.2638 -4.4131 2.0236, 0.2461 -4.971 1.7205, -0.2461 -4.971 1.7205, 0.2461 -4.971 1.7008, -0.2461 -4.971 1.7008, 0.2461 -4.9736 1.7011, -0.2461 -4.9736 1.7011, 0.2461 -4.976 1.7021, -0.2461 -4.976 1.7021, 0.2461 -4.978 1.7037, -0.2461 -4.978 1.7037, 0.2461 -4.9796 1.7057, -0.2461 -4.9796 1.7057, 0.2461 -4.9805 1.7081, -0.2461 -4.9805 1.7081, 0.2461 -4.9809 1.7106, -0.2461 -4.9809 1.7106, 0.2461 -4.9805 1.7132, -0.2461 -4.9805 1.7132, 0.2461 -4.9796 1.7156, -0.2461 -4.9796 1.7156, 0.2461 -4.978 1.7176, -0.2461 -4.978 1.7176, 0.2461 -4.976 1.7192, -0.2461 -4.976 1.7192, 0.2461 -4.9736 1.7201, -0.2461 -4.9736 1.7201, 0.2461 -4.3706 1.7008, -0.2461 -4.3706 1.7008, 0.2461 -4.3366 1.7205, -0.2461 -4.3366 1.7205, 0.2461 -4.3414 1.7138, -0.2461 -4.3414 1.7138, 0.2461 -4.3475 1.7083, -0.2461 -4.3475 1.7083, 0.2461 -4.3546 1.7042, -0.2461 -4.3546 1.7042, 0.2461 -4.3625 1.7017, -0.2461 -4.3625 1.7017, 0.2461 -4.2002 1.7992, -0.2461 -4.2002 1.7992, -0.2461 -4.2409 1.7938, 0.2461 -4.2409 1.7938, -0.2461 -4.2789 1.7781, 0.2461 -4.2789 1.7781, -0.2461 -4.3115 1.7531, 0.2461 -4.3115 1.7531, 0.2461 -3.8065 1.7992, -0.2461 -3.8065 1.7992, 0.2461 -3.7779 1.8046, -0.2461 -3.7779 1.8046, 0.2461 -3.7919 1.8006, -0.2461 -3.7919 1.8006, 0.2461 -3.0762 2.0779, -0.2461 -3.0762 2.0779, 0.2461 -3.0191 2.0886, -0.2461 -3.0191 2.0886, -0.2461 -3.0481 2.0859, 0.2461 -3.0481 2.0859, 0.2638 -5.0596 1.6024, -0.2638 -5.0596 1.6024, 0.2638 -5.1148 1.6024, -0.2638 -5.1148 1.6024, 0.0984 -4.4131 2.0236, 0.2638 -4.4131 2.0236, 0.2638 -3.7894 2.0236, 0.0984 -3.7894 2.0236, 0.0984 -3.6029 2.0945, 0.2638 -3.6029 2.0945, 0.2461 -3.0476 2.0045, -0.2461 -3.0476 2.0045, 0.2461 -3.0336 2.0085, -0.2461 -3.0336 2.0085, 0.2461 -3.0191 2.0098, -0.2461 -3.0191 2.0098, 0.2461 -3.7493 1.7312, -0.2461 -3.7493 1.7312, -0.2461 -3.7573 1.7283, 0.2461 -3.7573 1.7283, -0.2461 -0.5872 2.0098, -0.2461 -0.5872 2.0886, -0.2854 -0.4795 2.0098, -0.2854 -0.4795 2.0886, -0.2854 -0.351 2.0098, -0.2854 -0.351 2.0886, -0.286 -0.3426 2.0098, -0.286 -0.3426 2.0886, -0.2878 -0.3344 2.0098, -0.2878 -0.3344 2.0886, -0.3051 -0.275 2.0886, -0.3051 -0.275 2.0098, -0.3051 -0.2002 2.0886, -0.3031 -0.1974 2.0886, -0.3051 -0.2002 2.0098, -0.3031 -0.1974 2.0098, -0.2677 -0.1502 2.0098, -0.2677 -0.1502 2.0886, -0.2607 -0.1381 2.0098, -0.2607 -0.1381 2.0886, -0.2567 -0.1247 2.0098, -0.2567 -0.1247 2.0886, -0.2559 -0.1147 2.0098, -0.2559 -0.1147 2.0886, -0.256 -0.1107 2.0098, -0.256 -0.1107 2.0886, -0.2586 -0.0969 2.0098, -0.2586 -0.0969 2.0886, -0.2644 -0.0842 2.0098, -0.2644 -0.0842 2.0886, -0.273 -0.0732 2.0098, -0.273 -0.0732 2.0886, 0.3051 -1.8982 2.0039, 0.2638 -1.9395 2.0039, 0.3051 -1.8982 2.0945, 0.2638 -1.9395 2.0945, 0.3051 0.3774 2.0039, 0.2638 0.3774 2.0039, -1.0925 0.3774 2.0039, -1.0512 0.3774 2.0039, -1.1516 0.4364 1.9449, -1.0512 0.4364 1.9449, -1.0512 0.4364 1.7283, -1.0512 -1.9395 2.0039, -1.0512 -4.1738 1.7283, -1.0512 -5.1148 1.6024, -1.0512 -5.0797 1.5821, -1.0512 -5.0596 1.6024, -1.0512 -4.1654 1.5821, -1.0512 -4.1738 1.5906, -1.0512 -1.9395 2.0945, -1.0512 -3.6029 2.0945, -1.0512 -3.7894 2.0236, -1.0512 -4.4131 2.0236, -1.0512 -4.8181 1.7874, -1.0512 -5.0596 1.7874, -1.1496 -4.0951 1.5118, -1.1496 -4.958 1.5118, -0.4252 -4.0951 1.5118, -0.5236 -4.1654 1.5821, -0.5236 -4.1738 1.5906, -0.5236 -4.1738 1.7283, -0.5413 -4.1738 1.7283, -0.5413 -4.1738 1.7205, -1.0335 -4.1738 1.7283, -1.0335 -4.1738 1.7205
            ]
        }
        coordIndex [
            0,1,2,-1,3,4,5,-1,5,4,6,-1,5,6,7,-1,7,6,8,-1,7,8,9,-1,9,8,10,-1,9,10,2,-1,2,10,11,-1,2,11,0,-1,12,13,1,-1,1,13,2,-1,5,12,3,-1,3,12,1,-1,3,1,14,-1,14,1,15,-1,16,17,15,-1,15,17,14,-1,1,0,15,-1,15,0,18,-1,18,19,15,-1,15,19,20,-1,15,20,16,-1,16,20,21,-1,22,23,24,-1,24,23,19,-1,24,19,25,-1,25,19,18,-1,23,22,26,-1,26,22,27,-1,28,29,25,-1,25,29,24,-1,28,25,30,-1,30,25,18,-1,18,0,30,-1,30,0,11,-1,12,31,13,-1,13,31,32,-1,33,34,35,-1,35,34,36,-1,35,36,37,-1,37,36,38,-1,37,38,39,-1,39,38,40,-1,39,40,41,-1,41,40,42,-1,41,42,43,-1,43,42,44,-1,43,44,45,-1,45,44,46,-1,45,46,47,-1,47,46,48,-1,47,48,49,-1,49,48,50,-1,49,50,51,-1,51,50,52,-1,51,52,53,-1,53,52,54,-1,53,54,55,-1,55,54,56,-1,55,56,31,-1,31,56,32,-1,57,58,33,-1,33,58,34,-1,59,60,61,-1,61,60,62,-1,61,62,63,-1,63,62,64,-1,63,64,65,-1,65,64,66,-1,65,66,67,-1,67,66,68,-1,67,68,57,-1,57,68,58,-1,69,70,71,-1,69,71,72,-1,72,71,73,-1,72,73,74,-1,74,73,75,-1,74,75,76,-1,76,75,60,-1,76,60,59,-1,77,78,69,-1,69,78,70,-1,79,80,81,-1,81,80,82,-1,81,82,77,-1,77,82,78,-1,83,84,79,-1,79,84,80,-1,85,86,87,-1,85,87,88,-1,88,87,84,-1,88,84,83,-1,8,89,10,-1,10,89,90,-1,89,91,90,-1,90,91,92,-1,93,94,4,-1,4,94,6,-1,94,93,95,-1,95,93,96,-1,97,98,96,-1,96,98,95,-1,99,100,101,-1,101,100,102,-1,101,102,103,-1,103,102,104,-1,105,106,99,-1,99,106,100,-1,107,106,108,-1,108,106,105,-1,109,110,111,-1,111,110,112,-1,113,111,114,-1,114,111,112,-1,113,114,115,-1,115,114,116,-1,115,116,117,-1,117,116,118,-1,118,119,117,-1,117,119,120,-1,121,122,123,-1,123,122,124,-1,124,122,125,-1,125,122,126,-1,125,126,127,-1,127,126,128,-1,127,128,129,-1,129,128,130,-1,129,130,131,-1,131,130,132,-1,131,132,133,-1,133,132,134,-1,133,134,135,-1,135,134,136,-1,135,136,137,-1,137,136,138,-1,137,138,139,-1,139,138,140,-1,141,142,143,-1,143,142,144,-1,141,145,142,-1,142,145,146,-1,147,148,149,-1,149,148,150,-1,150,148,151,-1,151,148,152,-1,151,152,153,-1,154,155,156,-1,156,155,157,-1,156,157,158,-1,159,160,152,-1,152,160,161,-1,152,161,153,-1,153,161,162,-1,153,162,158,-1,158,162,163,-1,158,163,156,-1,156,163,164,-1,165,157,166,-1,166,157,155,-1,165,167,168,-1,169,158,168,-1,168,158,157,-1,168,157,165,-1,170,171,172,-1,173,153,174,-1,174,153,158,-1,174,158,172,-1,172,158,169,-1,172,169,170,-1,
        ]
    }
}
Shape{
    appearance Appearance {
        material  Material 	{
            diffuseColor 0.9686274509803922 0.8784313725490196 0.6
            specularColor 0.6784313725490196 0.615686274509804 0.4196078431372549
            ambientIntensity 0.8737
            transparency 0.0
            shininess 0.5
        }
    }
    geometry IndexedFaceSet {
        ccw TRUE
        solid FALSE
        coord DEF co Coordinate {
            point [
                -1.0335 -4.8234 1.7874, -1.0335 -4.8234 1.7205, -1.0335 -5.0152 1.7874, -1.0335 -4.971 1.7205, -1.0335 -0.5872 2.0886, -1.0335 -0.5872 2.0098, -1.0335 -3.0191 2.0886, -1.0335 -3.0191 2.0098, -1.0335 -3.0481 2.0859, -1.0335 -3.0336 2.0085, -1.0335 -3.0762 2.0779, -1.0335 -3.0476 2.0045, -1.0335 -3.7779 1.8046, -1.0335 -3.7493 1.7312, -1.0335 -3.7919 1.8006, -1.0335 -3.7573 1.7283, -1.0335 -3.8065 1.7992, -1.0335 -4.2002 1.7205, -1.0335 -4.2165 1.7188, -1.0335 -4.2409 1.7938, -1.0335 -4.2789 1.7781, -1.0335 -4.9736 1.7201, -1.0335 -4.976 1.7192, -1.0335 -5.0321 1.7748, -1.0335 -4.978 1.7176, -1.0335 -5.0455 1.7586, -1.0335 -4.9796 1.7156, -1.0335 -5.0547 1.7397, -1.0335 -4.9805 1.7132, -1.0335 -5.0592 1.7191, -1.0335 -4.9809 1.7106, -1.0335 -5.0587 1.6981, -1.0335 -4.9805 1.7081, -1.0335 -4.2002 1.7992, -1.0335 -4.1738 1.7283, -1.0335 -4.1738 1.7205, -1.0335 -4.2322 1.7137, -1.0335 -4.2465 1.7054, -1.0335 -4.3115 1.7531, -1.0335 -4.2587 1.6944, -1.0335 -4.3366 1.7205, -1.0335 -4.2684 1.6811, -1.0335 -4.3414 1.7138, -1.0335 -4.2871 1.6566, -1.0335 -4.3475 1.7083, -1.0335 -4.3116 1.6379, -1.0335 -4.3546 1.7042, -1.0335 -4.3625 1.7017, -1.0335 -4.3401 1.6261, -1.0335 -4.3706 1.7008, -1.0335 -4.3706 1.622, -1.0335 -4.971 1.7008, -1.0335 -4.971 1.622, -1.0335 -4.9736 1.7011, -1.0335 -4.9919 1.6245, -1.0335 -4.976 1.7021, -1.0335 -5.0117 1.6319, -1.0335 -4.978 1.7037, -1.0335 -5.0291 1.6437, -1.0335 -4.9796 1.7057, -1.0335 -5.0432 1.6593, -1.0335 -5.0533 1.6778
            ]
        }
        coordIndex [
            0,1,2,-1,2,1,3,-1,4,5,6,-1,6,5,7,-1,6,7,8,-1,8,7,9,-1,8,9,10,-1,10,9,11,-1,10,11,12,-1,12,11,13,-1,12,13,14,-1,14,13,15,-1,14,15,16,-1,17,18,19,-1,19,18,20,-1,3,21,2,-1,2,21,22,-1,2,22,23,-1,23,22,24,-1,23,24,25,-1,25,24,26,-1,25,26,27,-1,27,26,28,-1,27,28,29,-1,29,28,30,-1,29,30,31,-1,31,30,32,-1,16,15,33,-1,33,15,34,-1,33,34,19,-1,19,34,35,-1,19,35,17,-1,18,36,20,-1,20,36,37,-1,20,37,38,-1,38,37,39,-1,38,39,40,-1,40,39,41,-1,40,41,42,-1,42,41,43,-1,42,43,44,-1,44,43,45,-1,44,45,46,-1,46,45,47,-1,47,45,48,-1,47,48,49,-1,49,48,50,-1,49,50,51,-1,51,50,52,-1,51,52,53,-1,53,52,54,-1,53,54,55,-1,55,54,56,-1,55,56,57,-1,57,56,58,-1,57,58,59,-1,59,58,60,-1,59,60,32,-1,32,60,61,-1,32,61,31,-1,
        ]
    }
}
Shape{
    appearance Appearance {
        material  Material 	{
            diffuseColor 0.0 0.2901960784313726 0.8745098039215686
            specularColor 0.0 0.1450980392156863 0.4392156862745098
            ambientIntensity 0.27
            transparency 0.0
            shininess 0.5
        }
    }
    geometry IndexedFaceSet {
        ccw TRUE
        solid FALSE
        coord DEF co Coordinate {
            point [
                -1.0512 -4.1738 1.7283, -1.0335 -4.1738 1.7283, -1.0335 -3.7573 1.7283, -0.5413 -4.1738 1.7283, -0.5236 -4.1738 1.7283, -0.5413 -3.7573 1.7283, -0.5236 0.4364 1.7283, -1.0512 0.4364 1.7283, -0.5236 -5.0797 1.5821, -0.5236 -5.1148 1.6024, -0.5236 -5.0596 1.6024, -0.5236 0.3774 2.0039, -0.5236 0.4364 1.9449, -0.5236 -1.9395 2.0039, -0.5236 -4.4131 2.0236, -0.5236 -3.7894 2.0236, -0.5236 -3.6029 2.0945, -0.5236 -1.9395 2.0945, -0.5236 -5.0596 1.7874, -0.5236 -4.8181 1.7874, -0.5236 -4.1738 1.5906, -0.5236 -4.1654 1.5821, -0.4252 -4.0951 1.5118, -0.4252 -4.958 1.5118, -0.4232 0.4364 1.9449, -0.4823 0.3774 2.0039, -0.4232 0.4364 2.1535, -0.4823 0.3774 2.0945, -0.4823 0.0427 2.0886, -0.4823 -0.0408 2.0886, -0.4823 -0.275 2.0886, -0.4823 -0.2002 2.0886, -0.4823 -0.2002 2.0098, -0.4823 0.0427 2.0098, -0.4823 -0.0408 2.0098, -0.4823 -0.275 2.0098, -0.4823 -1.8982 2.0039, -0.4823 -1.8982 2.0945, -1.0512 -1.9395 2.0945, -1.0925 -1.8982 2.0945, -1.0925 0.3774 2.0945, -0.689 -3.6029 2.0945, -0.689 -1.6344 2.0945, -0.8858 -1.6344 2.0945, -0.8858 -3.6029 2.0945, -1.0512 -3.6029 2.0945, -1.1516 0.4364 2.1535, -1.0925 0.3774 2.0039, -1.1516 0.4364 1.9449, -1.0925 -0.2002 2.0886, -1.0925 -0.275 2.0886, -1.0925 -0.275 2.0098, -1.0925 -1.8982 2.0039, -1.0925 -0.2002 2.0098, -1.0925 -0.0408 2.0098, -1.0925 -0.0408 2.0886, -1.0925 0.0427 2.0886, -1.0925 0.0427 2.0098, -1.0512 -1.9395 2.0039, -1.0512 0.3774 2.0039, -0.5413 -3.0191 2.0098, -1.0335 -3.0191 2.0098, -0.5413 -0.5872 2.0098, -1.0335 -0.5872 2.0098, -1.0354 0.4719 2.0098, -1.0222 0.4736 2.0098, -1.0472 0.1397 2.0098, -0.5888 0.5098 2.0098, -0.5837 0.4975 2.0098, -0.9911 0.4975 2.0098, -0.5756 0.4869 2.0098, -0.9992 0.4869 2.0098, -1.0481 -0.1381 2.0098, -1.0441 -0.1247 2.0098, -0.565 0.4787 2.0098, -1.0433 -0.1147 2.0098, -0.497 0.0446 2.0098, -0.5144 -0.0732 2.0098, -0.5315 -0.1147 2.0098, -0.5306 -0.1247 2.0098, -0.4996 -0.3344 2.0098, -0.5014 -0.3426 2.0098, -1.0604 -0.0732 2.0098, -1.0778 0.0446 2.0098, -1.0518 -0.0842 2.0098, -1.046 -0.0969 2.0098, -1.064 0.0501 2.0098, -1.0434 -0.1107 2.0098, -1.0905 -0.1974 2.0098, -0.4921 0.4719 2.0098, -0.4921 0.1977 2.0098, -0.5167 0.1498 2.0098, -0.502 -0.351 2.0098, -0.502 -0.4795 2.0098, -1.052 0.0588 2.0098, -1.0426 0.0703 2.0098, -1.0363 0.0837 2.0098, -1.0336 0.0983 2.0098, -0.9842 0.5231 2.0098, -0.9842 0.5506 2.0098, -0.5905 0.5506 2.0098, -0.4938 0.1839 2.0098, -0.4986 0.1708 2.0098, -0.5064 0.1592 2.0098, -0.5394 0.4719 2.0098, -0.5276 0.1397 2.0098, -0.5526 0.4736 2.0098, -0.5356 0.1272 2.0098, -0.5402 0.1131 2.0098, -0.5413 0.1018 2.0098, -0.5412 0.0983 2.0098, -0.5385 0.0837 2.0098, -0.5322 0.0703 2.0098, -0.5228 0.0588 2.0098, -0.5108 0.0501 2.0098, -1.0581 0.1498 2.0098, -1.0827 0.1977 2.0098, -1.0827 0.4719 2.0098, -0.986 0.5098 2.0098, -0.5905 0.5231 2.0098, -1.0752 -0.3344 2.0098, -1.0551 -0.1502 2.0098, -1.0734 -0.3426 2.0098, -1.0728 -0.351 2.0098, -1.0728 -0.4795 2.0098, -0.523 -0.0842 2.0098, -0.5287 -0.0969 2.0098, -0.5313 -0.1107 2.0098, -0.5267 -0.1381 2.0098, -0.5197 -0.1502 2.0098, -0.4842 -0.1974 2.0098, -1.0684 0.1592 2.0098, -1.0762 0.1708 2.0098, -1.081 0.1839 2.0098, -1.0098 0.4787 2.0098, -1.0335 0.1018 2.0098, -1.0345 0.1131 2.0098, -1.0392 0.1272 2.0098, -0.4842 -0.1974 2.0886
            ]
        }
        coordIndex [
            0,1,2,-1,3,4,5,-1,5,4,6,-1,5,6,2,-1,2,6,7,-1,2,7,0,-1,8,9,10,-1,11,12,13,-1,13,12,6,-1,4,14,15,-1,16,17,15,-1,15,17,13,-1,15,13,4,-1,4,13,6,-1,10,18,19,-1,14,4,19,-1,19,4,20,-1,19,20,10,-1,10,20,21,-1,10,21,8,-1,21,22,8,-1,8,22,23,-1,24,12,25,-1,25,12,11,-1,24,25,26,-1,26,25,27,-1,27,28,29,-1,30,27,31,-1,31,27,29,-1,31,29,32,-1,28,27,33,-1,33,27,25,-1,33,25,34,-1,29,34,32,-1,32,34,25,-1,32,25,35,-1,35,25,36,-1,35,36,30,-1,30,36,37,-1,30,37,27,-1,38,39,40,-1,16,41,17,-1,17,41,42,-1,17,42,37,-1,43,44,45,-1,45,38,43,-1,43,38,40,-1,43,40,42,-1,42,40,27,-1,42,27,37,-1,26,27,46,-1,46,27,40,-1,47,48,40,-1,40,48,46,-1,49,40,50,-1,50,40,39,-1,50,39,51,-1,39,52,51,-1,51,52,47,-1,51,47,53,-1,53,47,54,-1,53,54,49,-1,49,54,55,-1,49,55,40,-1,40,55,56,-1,40,56,47,-1,47,56,57,-1,47,57,54,-1,58,59,52,-1,52,59,47,-1,39,38,52,-1,52,38,58,-1,60,61,62,-1,62,61,63,-1,64,65,66,-1,67,68,69,-1,69,68,70,-1,69,70,71,-1,72,73,74,-1,74,73,75,-1,33,34,76,-1,76,34,77,-1,78,79,63,-1,80,81,63,-1,54,57,82,-1,82,57,83,-1,82,83,84,-1,84,83,85,-1,85,83,86,-1,85,86,87,-1,51,53,88,-1,89,90,91,-1,81,92,63,-1,63,92,93,-1,63,93,62,-1,86,94,87,-1,87,94,95,-1,87,95,75,-1,75,95,96,-1,75,96,97,-1,98,99,100,-1,101,102,90,-1,90,102,103,-1,90,103,91,-1,89,91,104,-1,104,91,105,-1,104,105,106,-1,106,105,107,-1,106,107,108,-1,109,110,63,-1,63,110,111,-1,63,111,112,-1,112,113,63,-1,63,113,114,-1,63,114,76,-1,66,115,64,-1,64,115,116,-1,64,116,117,-1,69,118,67,-1,67,118,98,-1,67,98,119,-1,119,98,100,-1,51,88,120,-1,120,88,121,-1,120,121,122,-1,122,121,72,-1,122,72,123,-1,123,72,74,-1,123,74,124,-1,124,74,106,-1,124,106,63,-1,63,106,108,-1,63,108,109,-1,77,125,76,-1,76,125,126,-1,76,126,63,-1,63,126,127,-1,63,127,78,-1,79,128,63,-1,63,128,129,-1,63,129,130,-1,131,132,115,-1,115,132,133,-1,115,133,116,-1,70,74,71,-1,71,74,75,-1,71,75,134,-1,134,75,97,-1,97,135,134,-1,134,135,136,-1,134,136,65,-1,65,136,137,-1,65,137,66,-1,130,32,63,-1,63,32,35,-1,63,35,80,-1,138,31,130,-1,130,31,32,-1,
        ]
    }
}
Shape{
    appearance Appearance {
        material  Material 	{
            diffuseColor 0.9686274509803922 0.8784313725490196 0.6
            specularColor 0.6784313725490196 0.615686274509804 0.4196078431372549
            ambientIntensity 0.8737
            transparency 0.0
            shininess 0.5
        }
    }
    geometry IndexedFaceSet {
        ccw TRUE
        solid FALSE
        coord DEF co Coordinate {
            point [
                -1.0335 -3.0191 2.0886, -0.5413 -3.0191 2.0886, -1.0335 -0.5872 2.0886, -0.5413 -0.5872 2.0886, -0.502 -0.4795 2.0886, -0.5756 0.4869 2.0886, -0.9992 0.4869 2.0886, -1.0098 0.4787 2.0886, -0.5526 0.4736 2.0886, -0.5276 0.1397 2.0886, -0.5394 0.4719 2.0886, -0.5167 0.1498 2.0886, -1.0827 0.4719 2.0886, -1.0827 0.1977 2.0886, -1.0581 0.1498 2.0886, -1.0925 0.0427 2.0886, -1.0925 -0.0408 2.0886, -1.0778 0.0446 2.0886, -1.0604 -0.0732 2.0886, -0.497 0.0446 2.0886, -0.5108 0.0501 2.0886, -0.5287 -0.0969 2.0886, -0.5313 -0.1107 2.0886, -0.5267 -0.1381 2.0886, -1.0222 0.4736 2.0886, -0.5306 -0.1247 2.0886, -0.5315 -0.1147 2.0886, -0.9911 0.4975 2.0886, -0.5837 0.4975 2.0886, -0.5888 0.5098 2.0886, -1.0684 0.1592 2.0886, -1.081 0.1839 2.0886, -1.0762 0.1708 2.0886, -1.0433 -0.1147 2.0886, -1.0441 -0.1247 2.0886, -0.5064 0.1592 2.0886, -0.4986 0.1708 2.0886, -0.4823 -0.0408 2.0886, -0.4823 0.0427 2.0886, -0.5144 -0.0732 2.0886, -0.523 -0.0842 2.0886, -1.0335 0.1018 2.0886, -1.0336 0.0983 2.0886, -1.0363 0.0837 2.0886, -1.0426 0.0703 2.0886, -0.4921 0.4719 2.0886, -0.4921 0.1977 2.0886, -0.4938 0.1839 2.0886, -0.5228 0.0588 2.0886, -0.5322 0.0703 2.0886, -0.5385 0.0837 2.0886, -0.5412 0.0983 2.0886, -1.0354 0.4719 2.0886, -1.0472 0.1397 2.0886, -1.0392 0.1272 2.0886, -1.0345 0.1131 2.0886, -1.052 0.0588 2.0886, -1.064 0.0501 2.0886, -1.0728 -0.4795 2.0886, -1.0728 -0.351 2.0886, -1.0734 -0.3426 2.0886, -1.0752 -0.3344 2.0886, -0.502 -0.351 2.0886, -0.5014 -0.3426 2.0886, -0.5197 -0.1502 2.0886, -0.4996 -0.3344 2.0886, -0.4842 -0.1974 2.0886, -0.4823 -0.275 2.0886, -0.4823 -0.2002 2.0886, -0.5905 0.5506 2.0886, -0.9842 0.5506 2.0886, -0.5905 0.5231 2.0886, -0.9842 0.5231 2.0886, -0.986 0.5098 2.0886, -1.0518 -0.0842 2.0886, -1.046 -0.0969 2.0886, -1.0434 -0.1107 2.0886, -1.0481 -0.1381 2.0886, -1.0551 -0.1502 2.0886, -1.0905 -0.1974 2.0886, -0.565 0.4787 2.0886, -0.5413 0.1018 2.0886, -0.5402 0.1131 2.0886, -0.5356 0.1272 2.0886, -1.0925 -0.2002 2.0886, -1.0925 -0.275 2.0886
            ]
        }
        coordIndex [
            0,1,2,-1,2,1,3,-1,2,3,4,-1,5,6,7,-1,8,9,10,-1,10,9,11,-1,12,13,14,-1,15,16,17,-1,17,16,18,-1,19,20,21,-1,21,20,22,-1,4,23,24,-1,24,23,25,-1,24,25,26,-1,6,5,27,-1,27,5,28,-1,27,28,29,-1,14,13,30,-1,30,13,31,-1,30,31,32,-1,33,34,4,-1,11,35,36,-1,37,38,39,-1,39,38,19,-1,39,19,40,-1,40,19,21,-1,41,42,4,-1,4,42,43,-1,4,43,44,-1,45,10,46,-1,46,10,11,-1,46,11,47,-1,47,11,36,-1,20,48,22,-1,22,48,49,-1,22,49,26,-1,26,49,50,-1,26,50,51,-1,12,14,52,-1,52,14,53,-1,52,53,24,-1,24,53,54,-1,24,54,4,-1,4,54,55,-1,4,55,41,-1,44,56,4,-1,4,56,57,-1,4,57,17,-1,58,2,59,-1,59,2,4,-1,59,4,60,-1,60,4,61,-1,4,62,23,-1,23,62,63,-1,23,63,64,-1,64,63,65,-1,64,65,66,-1,66,65,67,-1,66,67,68,-1,69,70,71,-1,71,70,72,-1,71,72,29,-1,29,72,73,-1,29,73,27,-1,18,74,17,-1,17,74,75,-1,17,75,4,-1,4,75,76,-1,4,76,33,-1,34,77,4,-1,4,77,78,-1,4,78,79,-1,7,24,5,-1,5,24,26,-1,5,26,80,-1,80,26,51,-1,51,81,80,-1,80,81,82,-1,80,82,8,-1,8,82,83,-1,8,83,9,-1,79,84,4,-1,4,84,85,-1,4,85,61,-1,
        ]
    }
}
Shape{
    appearance Appearance {
        material  Material 	{
            diffuseColor 0.0 0.2901960784313726 0.8745098039215686
            specularColor 0.0 0.1450980392156863 0.4392156862745098
            ambientIntensity 0.27
            transparency 0.0
            shininess 0.5
        }
    }
    geometry IndexedFaceSet {
        ccw TRUE
        solid FALSE
        coord DEF co Coordinate {
            point [
                -0.4996 -0.3344 2.0098, -0.4823 -0.275 2.0098, -0.4996 -0.3344 2.0886, -0.4823 -0.275 2.0886, -0.5014 -0.3426 2.0098, -0.5014 -0.3426 2.0886, -0.502 -0.351 2.0098, -0.502 -0.351 2.0886, -0.502 -0.4795 2.0886, -0.502 -0.4795 2.0098, -0.5413 -0.5872 2.0098, -0.5413 -0.5872 2.0886
            ]
        }
        coordIndex [
            0,1,2,-1,2,1,3,-1,0,2,4,-1,4,2,5,-1,4,5,6,-1,6,5,7,-1,7,8,6,-1,6,8,9,-1,9,8,10,-1,10,8,11,-1,
        ]
    }
}
Shape{
    appearance Appearance {
        material  Material 	{
            diffuseColor 0.9686274509803922 0.8784313725490196 0.6
            specularColor 0.6784313725490196 0.615686274509804 0.4196078431372549
            ambientIntensity 0.8737
            transparency 0.0
            shininess 0.5
        }
    }
    geometry IndexedFaceSet {
        ccw TRUE
        solid FALSE
        coord DEF co Coordinate {
            point [
                -0.5413 -3.7573 1.7283, -0.5413 -3.8065 1.7992, -0.5413 -4.1738 1.7283, -0.5413 -4.2002 1.7992, -0.5413 -4.2409 1.7938, -0.5413 -4.8234 1.7205, -0.5413 -4.8234 1.7874, -0.5413 -4.971 1.7205, -0.5413 -5.0152 1.7874, -0.5413 -4.9736 1.7201, -0.5413 -4.976 1.7192, -0.5413 -0.5872 2.0098, -0.5413 -0.5872 2.0886, -0.5413 -3.0191 2.0098, -0.5413 -3.0191 2.0886, -0.5413 -3.0336 2.0085, -0.5413 -3.0481 2.0859, -0.5413 -3.0476 2.0045, -0.5413 -3.0762 2.0779, -0.5413 -3.7493 1.7312, -0.5413 -3.7779 1.8046, -0.5413 -3.7919 1.8006, -0.5413 -4.3116 1.6379, -0.5413 -4.2871 1.6566, -0.5413 -4.3414 1.7138, -0.5413 -4.2789 1.7781, -0.5413 -4.2322 1.7137, -0.5413 -4.1738 1.7205, -0.5413 -4.2002 1.7205, -0.5413 -4.2165 1.7188, -0.5413 -4.3366 1.7205, -0.5413 -4.2684 1.6811, -0.5413 -4.3115 1.7531, -0.5413 -4.2587 1.6944, -0.5413 -4.2465 1.7054, -0.5413 -4.978 1.7176, -0.5413 -5.0321 1.7748, -0.5413 -4.9796 1.7156, -0.5413 -5.0455 1.7586, -0.5413 -4.9805 1.7132, -0.5413 -5.0547 1.7397, -0.5413 -4.9809 1.7106, -0.5413 -5.0592 1.7191, -0.5413 -5.0587 1.6981, -0.5413 -4.9805 1.7081, -0.5413 -5.0533 1.6778, -0.5413 -4.9796 1.7057, -0.5413 -5.0432 1.6593, -0.5413 -4.978 1.7037, -0.5413 -5.0291 1.6437, -0.5413 -4.976 1.7021, -0.5413 -5.0117 1.6319, -0.5413 -4.9736 1.7011, -0.5413 -4.9919 1.6245, -0.5413 -4.971 1.7008, -0.5413 -4.971 1.622, -0.5413 -4.3706 1.7008, -0.5413 -4.3706 1.622, -0.5413 -4.3625 1.7017, -0.5413 -4.3401 1.6261, -0.5413 -4.3546 1.7042, -0.5413 -4.3475 1.7083, -1.0335 -4.2002 1.7205, -1.0335 -4.1738 1.7205, -1.0335 -4.2684 1.6811, -1.0335 -4.2587 1.6944, -1.0335 -4.2465 1.7054, -1.0335 -4.2322 1.7137, -1.0335 -4.2165 1.7188, -1.0335 -4.3706 1.622, -1.0335 -4.3401 1.6261, -1.0335 -4.3116 1.6379, -1.0335 -4.2871 1.6566, -1.0335 -4.971 1.622, -1.0335 -4.9919 1.6245, -1.0335 -5.0117 1.6319, -1.0335 -5.0291 1.6437, -1.0335 -5.0432 1.6593, -1.0335 -5.0533 1.6778, -1.0335 -5.0587 1.6981, -1.0335 -5.0592 1.7191, -1.0335 -5.0547 1.7397, -1.0335 -5.0455 1.7586, -1.0335 -5.0321 1.7748, -1.0335 -5.0152 1.7874
            ]
        }
        coordIndex [
            0,1,2,-1,2,1,3,-1,2,3,4,-1,5,6,7,-1,7,6,8,-1,7,8,9,-1,9,8,10,-1,11,12,13,-1,13,12,14,-1,13,14,15,-1,15,14,16,-1,15,16,17,-1,17,16,18,-1,17,18,19,-1,19,18,20,-1,19,20,0,-1,0,20,21,-1,0,21,1,-1,22,23,24,-1,4,25,26,-1,27,2,28,-1,28,2,4,-1,28,4,29,-1,29,4,26,-1,24,23,30,-1,30,23,31,-1,30,31,32,-1,32,31,33,-1,32,33,25,-1,25,33,34,-1,25,34,26,-1,10,8,35,-1,35,8,36,-1,35,36,37,-1,37,36,38,-1,37,38,39,-1,39,38,40,-1,39,40,41,-1,40,42,41,-1,41,42,43,-1,41,43,44,-1,44,43,45,-1,44,45,46,-1,46,45,47,-1,46,47,48,-1,48,47,49,-1,48,49,50,-1,50,49,51,-1,50,51,52,-1,52,51,53,-1,52,53,54,-1,54,53,55,-1,54,55,56,-1,56,55,57,-1,56,57,58,-1,58,57,59,-1,58,59,60,-1,60,59,22,-1,60,22,61,-1,61,22,24,-1,62,63,28,-1,28,63,27,-1,31,64,33,-1,33,64,65,-1,33,65,34,-1,34,65,66,-1,34,66,26,-1,26,66,67,-1,26,67,29,-1,29,67,68,-1,29,68,28,-1,28,68,62,-1,57,69,70,-1,57,70,59,-1,59,70,71,-1,59,71,22,-1,22,71,72,-1,22,72,23,-1,23,72,64,-1,23,64,31,-1,69,57,73,-1,73,57,55,-1,73,55,53,-1,73,53,74,-1,74,53,51,-1,74,51,75,-1,75,51,49,-1,75,49,76,-1,76,49,47,-1,76,47,77,-1,77,47,45,-1,77,45,78,-1,78,45,43,-1,78,43,79,-1,79,43,42,-1,79,42,80,-1,80,42,40,-1,80,40,81,-1,81,40,38,-1,81,38,82,-1,82,38,36,-1,82,36,83,-1,83,36,8,-1,83,8,84,-1,
        ]
    }
}
Shape{
    appearance Appearance {
        material  Material 	{
            diffuseColor 0.0 0.2901960784313726 0.8745098039215686
            specularColor 0.0 0.1450980392156863 0.4392156862745098
            ambientIntensity 0.27
            transparency 0.0
            shininess 0.5
        }
    }
    geometry IndexedFaceSet {
        ccw TRUE
        solid FALSE
        coord DEF co Coordinate {
            point [
                -0.8858 -4.8181 1.7874, -0.8858 -4.8234 1.7874, -1.0335 -4.8234 1.7874, -0.689 -4.8234 1.7874, -0.689 -4.8181 1.7874, -0.5413 -4.8234 1.7874, -0.5236 -4.8181 1.7874, -0.5413 -5.0152 1.7874, -0.5236 -5.0596 1.7874, -1.0335 -5.0152 1.7874, -1.0512 -5.0596 1.7874, -1.0512 -4.8181 1.7874, -0.5413 -4.8234 1.7205, -1.0335 -4.8234 1.7205, -0.8858 -4.8234 1.7992, -0.689 -4.8234 1.7992, -0.5413 -4.971 1.7205, -1.0335 -4.971 1.7205, -0.5413 -4.971 1.7008, -1.0335 -4.971 1.7008, -0.5413 -4.9736 1.7011, -1.0335 -4.9736 1.7011, -0.5413 -4.976 1.7021, -1.0335 -4.976 1.7021, -0.5413 -4.978 1.7037, -1.0335 -4.978 1.7037, -0.5413 -4.9796 1.7057, -1.0335 -4.9796 1.7057, -0.5413 -4.9805 1.7081, -1.0335 -4.9805 1.7081, -0.5413 -4.9809 1.7106, -1.0335 -4.9809 1.7106, -0.5413 -4.9805 1.7132, -1.0335 -4.9805 1.7132, -0.5413 -4.9796 1.7156, -1.0335 -4.9796 1.7156, -0.5413 -4.978 1.7176, -1.0335 -4.978 1.7176, -0.5413 -4.976 1.7192, -1.0335 -4.976 1.7192, -0.5413 -4.9736 1.7201, -1.0335 -4.9736 1.7201, -0.5413 -4.3706 1.7008, -1.0335 -4.3706 1.7008, -0.5413 -4.3366 1.7205, -1.0335 -4.3366 1.7205, -0.5413 -4.3414 1.7138, -1.0335 -4.3414 1.7138, -0.5413 -4.3475 1.7083, -1.0335 -4.3475 1.7083, -0.5413 -4.3546 1.7042, -1.0335 -4.3546 1.7042, -0.5413 -4.3625 1.7017, -1.0335 -4.3625 1.7017, -0.5413 -4.2002 1.7992, -1.0335 -4.2002 1.7992, -1.0335 -4.2409 1.7938, -0.5413 -4.2409 1.7938, -1.0335 -4.2789 1.7781, -0.5413 -4.2789 1.7781, -1.0335 -4.3115 1.7531, -0.5413 -4.3115 1.7531, -0.5413 -3.8065 1.7992, -1.0335 -3.8065 1.7992, -0.5413 -3.7779 1.8046, -1.0335 -3.7779 1.8046, -0.5413 -3.7919 1.8006, -1.0335 -3.7919 1.8006, -0.5413 -3.0762 2.0779, -1.0335 -3.0762 2.0779, -0.5413 -3.0191 2.0886, -1.0335 -3.0191 2.0886, -1.0335 -3.0481 2.0859, -0.5413 -3.0481 2.0859, -0.689 -4.971 1.7992, -0.689 -4.9809 1.7987, -0.689 -4.9809 2.1758, -0.689 -4.4131 2.0236, -0.689 -4.8761 2.2362, -0.689 -1.6344 2.2362, -0.689 -3.6029 2.0945, -0.689 -1.6344 2.0945, -0.689 -3.7894 2.0236, -0.8858 -4.9809 1.7987, -0.8858 -4.971 1.7992, -0.8858 -4.4131 2.0236, -0.8858 -4.8761 2.2362, -0.8858 -4.9809 2.1758, -0.8858 -1.6344 2.0945, -0.8858 -1.6344 2.2362, -0.8858 -3.6029 2.0945, -0.8858 -3.7894 2.0236, -1.0512 -3.7894 2.0236, -1.0512 -3.6029 2.0945, -1.0512 -4.4131 2.0236, -0.5236 -4.4131 2.0236, -0.5236 -3.7894 2.0236, -0.5236 -3.6029 2.0945, -0.5236 -5.0596 1.6024, -1.0512 -5.0596 1.6024, -0.5236 -5.1148 1.6024, -1.0512 -5.1148 1.6024, -0.5413 -3.0476 2.0045, -1.0335 -3.0476 2.0045, -0.5413 -3.0336 2.0085, -1.0335 -3.0336 2.0085, -0.5413 -3.0191 2.0098, -1.0335 -3.0191 2.0098, -0.5413 -3.7493 1.7312, -1.0335 -3.7493 1.7312, -1.0335 -3.7573 1.7283, -0.5413 -3.7573 1.7283, -1.0335 -0.5872 2.0098, -1.0335 -0.5872 2.0886, -1.0728 -0.4795 2.0098, -1.0728 -0.4795 2.0886, -1.0728 -0.351 2.0098, -1.0728 -0.351 2.0886, -1.0734 -0.3426 2.0098, -1.0734 -0.3426 2.0886, -1.0752 -0.3344 2.0098, -1.0752 -0.3344 2.0886, -1.0925 -0.275 2.0886, -1.0925 -0.275 2.0098, -1.0925 -0.2002 2.0886, -1.0905 -0.1974 2.0886, -1.0925 -0.2002 2.0098, -1.0905 -0.1974 2.0098, -1.0551 -0.1502 2.0098, -1.0551 -0.1502 2.0886, -1.0481 -0.1381 2.0098, -1.0481 -0.1381 2.0886, -1.0441 -0.1247 2.0098, -1.0441 -0.1247 2.0886, -1.0433 -0.1147 2.0098, -1.0433 -0.1147 2.0886, -1.0434 -0.1107 2.0098, -1.0434 -0.1107 2.0886, -1.046 -0.0969 2.0098, -1.046 -0.0969 2.0886, -1.0518 -0.0842 2.0098, -1.0518 -0.0842 2.0886, -1.0604 -0.0732 2.0098, -1.0604 -0.0732 2.0886, -1.0925 -0.0408 2.0886, -1.0925 -0.0408 2.0098, -1.0925 0.0427 2.0098, -1.0925 0.0427 2.0886, -1.0778 0.0446 2.0098, -1.0778 0.0446 2.0886, -1.064 0.0501 2.0098, -1.064 0.0501 2.0886, -1.052 0.0588 2.0098, -1.052 0.0588 2.0886, -1.0426 0.0703 2.0098, -1.0426 0.0703 2.0886, -1.0363 0.0837 2.0098, -1.0363 0.0837 2.0886, -1.0336 0.0983 2.0098, -1.0336 0.0983 2.0886, -1.0335 0.1018 2.0098, -1.0335 0.1018 2.0886, -1.0345 0.1131 2.0098, -1.0345 0.1131 2.0886, -1.0392 0.1272 2.0098, -1.0392 0.1272 2.0886, -1.0472 0.1397 2.0098, -1.0472 0.1397 2.0886, -1.0581 0.1498 2.0098, -1.0581 0.1498 2.0886, -1.0684 0.1592 2.0886, -1.0684 0.1592 2.0098, -1.0762 0.1708 2.0886, -1.0762 0.1708 2.0098, -1.081 0.1839 2.0886, -1.081 0.1839 2.0098, -1.0827 0.1977 2.0886, -1.0827 0.1977 2.0098
            ]
        }
        coordIndex [
            0,1,2,-1,3,4,5,-1,5,4,6,-1,5,6,7,-1,7,6,8,-1,7,8,9,-1,9,8,10,-1,9,10,2,-1,2,10,11,-1,2,11,0,-1,3,5,12,-1,13,2,1,-1,14,15,1,-1,1,15,3,-1,1,3,13,-1,13,3,12,-1,12,16,13,-1,13,16,17,-1,18,19,20,-1,20,19,21,-1,20,21,22,-1,22,21,23,-1,22,23,24,-1,24,23,25,-1,24,25,26,-1,26,25,27,-1,26,27,28,-1,28,27,29,-1,28,29,30,-1,30,29,31,-1,30,31,32,-1,32,31,33,-1,32,33,34,-1,34,33,35,-1,34,35,36,-1,36,35,37,-1,36,37,38,-1,38,37,39,-1,38,39,40,-1,40,39,41,-1,40,41,16,-1,16,41,17,-1,42,43,18,-1,18,43,19,-1,44,45,46,-1,46,45,47,-1,46,47,48,-1,48,47,49,-1,48,49,50,-1,50,49,51,-1,50,51,52,-1,52,51,53,-1,52,53,42,-1,42,53,43,-1,54,55,56,-1,54,56,57,-1,57,56,58,-1,57,58,59,-1,59,58,60,-1,59,60,61,-1,61,60,45,-1,61,45,44,-1,62,63,54,-1,54,63,55,-1,64,65,66,-1,66,65,67,-1,66,67,62,-1,62,67,63,-1,68,69,64,-1,64,69,65,-1,70,71,72,-1,70,72,73,-1,73,72,69,-1,73,69,68,-1,74,75,76,-1,4,3,77,-1,77,3,15,-1,78,79,80,-1,80,79,81,-1,74,76,15,-1,15,76,78,-1,15,78,77,-1,77,78,80,-1,77,80,82,-1,75,74,83,-1,83,74,84,-1,1,0,14,-1,14,0,85,-1,85,86,14,-1,14,86,87,-1,14,87,84,-1,84,87,83,-1,88,89,90,-1,90,89,86,-1,90,86,91,-1,91,86,85,-1,76,75,87,-1,87,75,83,-1,89,88,79,-1,79,88,81,-1,92,93,91,-1,91,93,90,-1,92,91,94,-1,94,91,85,-1,85,0,94,-1,94,0,11,-1,15,14,74,-1,74,14,84,-1,77,95,4,-1,4,95,6,-1,95,77,96,-1,96,77,82,-1,80,97,82,-1,82,97,96,-1,8,98,10,-1,10,98,99,-1,98,100,99,-1,99,100,101,-1,102,103,104,-1,104,103,105,-1,104,105,106,-1,106,105,107,-1,108,109,102,-1,102,109,103,-1,110,109,111,-1,111,109,108,-1,112,113,114,-1,114,113,115,-1,116,114,117,-1,117,114,115,-1,116,117,118,-1,118,117,119,-1,118,119,120,-1,120,119,121,-1,121,122,120,-1,120,122,123,-1,124,125,126,-1,126,125,127,-1,127,125,128,-1,128,125,129,-1,128,129,130,-1,130,129,131,-1,130,131,132,-1,132,131,133,-1,132,133,134,-1,134,133,135,-1,134,135,136,-1,136,135,137,-1,136,137,138,-1,138,137,139,-1,138,139,140,-1,140,139,141,-1,140,141,142,-1,142,141,143,-1,143,144,142,-1,142,144,145,-1,146,147,148,-1,148,147,149,-1,148,149,150,-1,150,149,151,-1,150,151,152,-1,152,151,153,-1,152,153,154,-1,154,153,155,-1,154,155,156,-1,156,155,157,-1,156,157,158,-1,158,157,159,-1,158,159,160,-1,160,159,161,-1,160,161,162,-1,162,161,163,-1,162,163,164,-1,164,163,165,-1,164,165,166,-1,166,165,167,-1,166,167,168,-1,168,167,169,-1,168,169,170,-1,168,170,171,-1,171,170,172,-1,171,172,173,-1,173,172,174,-1,173,174,175,-1,175,174,176,-1,175,176,177,-1,
        ]
    }
}
Shape{
    appearance Appearance {
        material  Material 	{
            diffuseColor 0.9686274509803922 0.8784313725490196 0.6
            specularColor 0.6784313725490196 0.615686274509804 0.4196078431372549
            ambientIntensity 0.8737
            transparency 0.0
            shininess 0.5
        }
    }
    geometry IndexedFaceSet {
        ccw TRUE
        solid FALSE
        coord DEF co Coordinate {
            point [
                -1.0827 0.1977 2.0098, -1.0827 0.1977 2.0886, -1.0827 0.4719 2.0098, -1.0827 0.4719 2.0886, -1.0354 0.4719 2.0886, -1.0354 0.4719 2.0098, -0.9842 0.5231 2.0886, -0.9842 0.5231 2.0098, -0.986 0.5098 2.0886, -0.986 0.5098 2.0098, -0.9911 0.4975 2.0886, -0.9911 0.4975 2.0098, -0.9992 0.4869 2.0886, -0.9992 0.4869 2.0098, -1.0098 0.4787 2.0886, -1.0098 0.4787 2.0098, -1.0222 0.4736 2.0886, -1.0222 0.4736 2.0098, -0.9842 0.5506 2.0098, -0.9842 0.5506 2.0886, -0.9842 0.5812 2.0058, -0.9842 0.6016 2.0819, -0.9842 0.6097 1.994, -0.9842 0.649 2.0622, -0.9842 0.6341 1.9753, -0.9842 0.6898 2.0309, -0.9842 0.6529 1.9508, -0.9842 0.7211 1.9902, -0.9842 0.6647 1.9223, -0.9842 0.7408 1.9427, -0.9842 0.6687 1.8917, -0.9842 0.7475 1.8917, -0.9842 0.6687 1.8248, -0.9842 0.7475 1.8248, -0.9859 0.6687 1.8119, -0.9859 0.7475 1.8119, -0.9908 0.6687 1.7998, -0.9908 0.7475 1.7998, -0.9985 0.6687 1.7893, -0.9985 0.7475 1.7893, -1.0087 0.6687 1.7812, -1.0087 0.7475 1.7812, -1.0206 0.6687 1.7758, -1.0206 0.7475 1.7758, -1.0335 0.6687 1.7737, -1.0335 0.7475 1.7737, -1.0827 0.7475 1.7225, -1.0827 0.6687 1.7225, -1.081 0.6687 1.7354, -1.081 0.7475 1.7354, -1.0761 0.6687 1.7475, -1.0761 0.7475 1.7475, -1.0684 0.6687 1.758, -1.0684 0.7475 1.758, -1.0582 0.6687 1.7662, -1.0582 0.7475 1.7662, -1.0463 0.6687 1.7715, -1.0463 0.7475 1.7715, -0.7051 0.6687 0.3006, -0.7007 0.6687 0.3099, -0.867 0.6687 0.2906, -0.5661 0.6687 1.7812, -0.5762 0.6687 1.7893, -0.4921 0.6687 1.7225, -1.0748 0.6687 0.6576, -0.874 0.6687 0.3099, -0.8697 0.6687 0.3006, -0.4921 0.6687 0.6871, -1.0827 0.6687 0.6871, -0.5905 0.6687 1.8917, -0.5905 0.6687 1.8248, -0.5889 0.6687 1.8119, -0.584 0.6687 1.7998, -0.4941 0.6687 0.6718, -0.8268 0.6687 -1.063, -0.748 0.6687 -1.063, -0.8661 0.6687 -0.9449, -0.7087 0.6687 -0.9449, -0.8661 0.6687 0.2804, -0.7087 0.6687 0.2804, -0.7078 0.6687 0.2906, -1.0818 0.6687 0.6768, -1.0791 0.6687 0.6669, -0.5542 0.6687 1.7758, -0.5413 0.6687 1.7737, -0.4938 0.6687 1.7354, -0.4986 0.6687 1.7475, -0.5064 0.6687 1.758, -0.5166 0.6687 1.7662, -0.5285 0.6687 1.7715, -0.5 0.6687 0.6576
            ]
        }
        coordIndex [
            0,1,2,-1,2,1,3,-1,3,4,2,-1,2,4,5,-1,6,7,8,-1,8,7,9,-1,8,9,10,-1,10,9,11,-1,10,11,12,-1,12,11,13,-1,12,13,14,-1,14,13,15,-1,14,15,16,-1,16,15,17,-1,16,17,4,-1,4,17,5,-1,7,6,18,-1,18,6,19,-1,18,19,20,-1,20,19,21,-1,20,21,22,-1,22,21,23,-1,22,23,24,-1,24,23,25,-1,24,25,26,-1,26,25,27,-1,26,27,28,-1,28,27,29,-1,28,29,30,-1,30,29,31,-1,30,31,32,-1,32,31,33,-1,32,33,34,-1,34,33,35,-1,34,35,36,-1,36,35,37,-1,36,37,38,-1,38,37,39,-1,38,39,40,-1,40,39,41,-1,40,41,42,-1,42,41,43,-1,42,43,44,-1,44,43,45,-1,46,47,48,-1,46,48,49,-1,49,48,50,-1,49,50,51,-1,51,50,52,-1,51,52,53,-1,53,52,54,-1,53,54,55,-1,55,54,56,-1,55,56,57,-1,57,56,44,-1,57,44,45,-1,58,59,60,-1,61,62,34,-1,63,34,36,-1,64,65,59,-1,59,65,66,-1,59,66,60,-1,63,36,67,-1,47,68,59,-1,69,30,70,-1,70,30,32,-1,70,32,71,-1,71,32,34,-1,71,34,72,-1,72,34,62,-1,36,38,67,-1,67,38,40,-1,67,40,73,-1,73,40,42,-1,74,75,76,-1,76,75,77,-1,76,77,78,-1,78,77,79,-1,78,79,60,-1,60,79,80,-1,60,80,58,-1,68,81,59,-1,59,81,82,-1,59,82,64,-1,61,34,83,-1,83,34,63,-1,83,63,84,-1,84,63,85,-1,84,85,86,-1,86,87,84,-1,84,87,88,-1,84,88,89,-1,50,56,52,-1,52,56,54,-1,50,48,56,-1,56,48,47,-1,56,47,44,-1,44,47,59,-1,44,59,42,-1,42,59,90,-1,42,90,73,-1,
        ]
    }
}
Shape{
    appearance Appearance {
        material  Material 	{
            diffuseColor 0.0 0.2901960784313726 0.8745098039215686
            specularColor 0.0 0.1450980392156863 0.4392156862745098
            ambientIntensity 0.27
            transparency 0.0
            shininess 0.5
        }
    }
    geometry IndexedFaceSet {
        ccw TRUE
        solid FALSE
        coord DEF co Coordinate {
            point [
                -1.0748 0.7475 0.6576, -1.0748 0.6687 0.6576, -1.0791 0.6687 0.6669, -1.0791 0.7475 0.6669, -1.0818 0.6687 0.6768, -1.0818 0.7475 0.6768, -1.0827 0.6687 0.6871, -1.0827 0.7475 0.6871, -0.874 0.6687 0.3099, -0.874 0.7475 0.3099, -0.8661 0.7475 0.2804, -0.8661 0.6687 0.2804, -0.867 0.7475 0.2906, -0.867 0.6687 0.2906, -0.8697 0.7475 0.3006, -0.8697 0.6687 0.3006
            ]
        }
        coordIndex [
            0,1,2,-1,0,2,3,-1,3,2,4,-1,3,4,5,-1,5,4,6,-1,5,6,7,-1,8,1,9,-1,9,1,0,-1,10,11,12,-1,12,11,13,-1,12,13,14,-1,14,13,15,-1,14,15,9,-1,9,15,8,-1,
        ]
    }
}
Shape{
    appearance Appearance {
        material  Material 	{
            diffuseColor 0.9686274509803922 0.8784313725490196 0.6
            specularColor 0.6784313725490196 0.615686274509804 0.4196078431372549
            ambientIntensity 0.8737
            transparency 0.0
            shininess 0.5
        }
    }
    geometry IndexedFaceSet {
        ccw TRUE
        solid FALSE
        coord DEF co Coordinate {
            point [
                -0.8661 0.6687 -0.9449, -0.8661 0.6687 0.2804, -0.8661 0.7475 -0.9449, -0.8661 0.7475 0.2804, -0.8268 0.7475 -1.063, -0.8268 0.6687 -1.063, -0.748 0.6687 -1.063, -0.748 0.7475 -1.063, -0.7087 0.6687 -0.9449, -0.7087 0.7475 -0.9449, -0.8697 0.7475 0.3006, -0.874 0.7475 0.3099, -0.7078 0.7475 0.2906, -0.7051 0.7475 0.3006, -1.0748 0.7475 0.6576, -1.0335 0.7475 1.7737, -1.0206 0.7475 1.7758, -1.0087 0.7475 1.7812, -0.9985 0.7475 1.7893, -0.5542 0.7475 1.7758, -0.5413 0.7475 1.7737, -0.9908 0.7475 1.7998, -0.9859 0.7475 1.8119, -0.5661 0.7475 1.7812, -0.5762 0.7475 1.7893, -0.9842 0.7475 1.8248, -0.9842 0.7475 1.8917, -0.5905 0.7475 1.8917, -0.4921 0.7475 1.7225, -0.5285 0.7475 1.7715, -0.7087 0.7475 0.2804, -0.867 0.7475 0.2906, -0.5905 0.7475 1.8248, -0.5889 0.7475 1.8119, -0.584 0.7475 1.7998, -0.4941 0.7475 0.6718, -0.5 0.7475 0.6576, -0.7007 0.7475 0.3099, -1.0791 0.7475 0.6669, -1.0818 0.7475 0.6768, -1.0827 0.7475 0.6871, -1.0827 0.7475 1.7225, -1.0463 0.7475 1.7715, -1.081 0.7475 1.7354, -1.0761 0.7475 1.7475, -1.0684 0.7475 1.758, -1.0582 0.7475 1.7662, -0.5166 0.7475 1.7662, -0.5064 0.7475 1.758, -0.4938 0.7475 1.7354, -0.4986 0.7475 1.7475, -0.4921 0.7475 0.6871, -0.7087 0.6687 0.2804
            ]
        }
        coordIndex [
            0,1,2,-1,2,1,3,-1,4,5,2,-1,2,5,0,-1,6,5,7,-1,7,5,4,-1,6,7,8,-1,8,7,9,-1,10,11,12,-1,12,11,13,-1,14,15,11,-1,11,15,16,-1,11,16,17,-1,17,18,11,-1,11,18,19,-1,11,19,20,-1,18,21,19,-1,19,21,22,-1,19,22,23,-1,23,22,24,-1,25,26,27,-1,28,20,29,-1,7,4,9,-1,9,4,2,-1,9,2,30,-1,30,2,3,-1,30,3,12,-1,12,3,31,-1,12,31,10,-1,27,32,25,-1,25,32,33,-1,25,33,22,-1,22,33,34,-1,22,34,24,-1,35,36,11,-1,11,36,37,-1,11,37,13,-1,38,39,14,-1,14,39,40,-1,14,40,15,-1,15,40,41,-1,15,41,42,-1,42,41,43,-1,43,44,42,-1,42,44,45,-1,42,45,46,-1,29,47,28,-1,28,47,48,-1,28,48,49,-1,49,48,50,-1,20,28,11,-1,11,28,51,-1,11,51,35,-1,9,30,8,-1,8,30,52,-1,
        ]
    }
}
Shape{
    appearance Appearance {
        material  Material 	{
            diffuseColor 0.0 0.2901960784313726 0.8745098039215686
            specularColor 0.0 0.1450980392156863 0.4392156862745098
            ambientIntensity 0.27
            transparency 0.0
            shininess 0.5
        }
    }
    geometry IndexedFaceSet {
        ccw TRUE
        solid FALSE
        coord DEF co Coordinate {
            point [
                -0.7087 0.6687 0.2804, -0.7087 0.7475 0.2804, -0.7078 0.6687 0.2906, -0.7078 0.7475 0.2906, -0.7051 0.6687 0.3006, -0.7051 0.7475 0.3006, -0.7007 0.6687 0.3099, -0.7007 0.7475 0.3099, -0.5 0.7475 0.6576, -0.5 0.6687 0.6576, -0.4941 0.7475 0.6718, -0.4941 0.6687 0.6718, -0.4921 0.7475 0.6871, -0.4921 0.6687 0.6871
            ]
        }
        coordIndex [
            0,1,2,-1,2,1,3,-1,2,3,4,-1,4,3,5,-1,4,5,6,-1,6,5,7,-1,7,8,6,-1,6,8,9,-1,9,8,10,-1,9,10,11,-1,11,10,12,-1,11,12,13,-1,
        ]
    }
}
Shape{
    appearance Appearance {
        material  Material 	{
            diffuseColor 0.9686274509803922 0.8784313725490196 0.6
            specularColor 0.6784313725490196 0.615686274509804 0.4196078431372549
            ambientIntensity 0.8737
            transparency 0.0
            shininess 0.5
        }
    }
    geometry IndexedFaceSet {
        ccw TRUE
        solid FALSE
        coord DEF co Coordinate {
            point [
                -0.4921 0.6687 1.7225, -0.4921 0.6687 0.6871, -0.4921 0.7475 1.7225, -0.4921 0.7475 0.6871, -0.5413 0.7475 1.7737, -0.5413 0.6687 1.7737, -0.5285 0.6687 1.7715, -0.5285 0.7475 1.7715, -0.5166 0.6687 1.7662, -0.5166 0.7475 1.7662, -0.5064 0.6687 1.758, -0.5064 0.7475 1.758, -0.4986 0.6687 1.7475, -0.4986 0.7475 1.7475, -0.4938 0.6687 1.7354, -0.4938 0.7475 1.7354, -0.5905 0.7475 1.8248, -0.5905 0.6687 1.8248, -0.5889 0.7475 1.8119, -0.5889 0.6687 1.8119, -0.584 0.7475 1.7998, -0.584 0.6687 1.7998, -0.5762 0.7475 1.7893, -0.5762 0.6687 1.7893, -0.5661 0.7475 1.7812, -0.5661 0.6687 1.7812, -0.5542 0.7475 1.7758, -0.5542 0.6687 1.7758, -0.5905 0.6687 1.8917, -0.5905 0.7475 1.8917, -0.5905 0.6647 1.9223, -0.5905 0.7408 1.9427, -0.5905 0.6529 1.9508, -0.5905 0.7211 1.9902, -0.5905 0.6341 1.9753, -0.5905 0.6898 2.0309, -0.5905 0.6097 1.994, -0.5905 0.649 2.0622, -0.5905 0.5812 2.0058, -0.5905 0.6016 2.0819, -0.5905 0.5506 2.0098, -0.5905 0.5506 2.0886, -0.5905 0.5231 2.0098, -0.5905 0.5231 2.0886
            ]
        }
        coordIndex [
            0,1,2,-1,2,1,3,-1,4,5,6,-1,4,6,7,-1,7,6,8,-1,7,8,9,-1,9,8,10,-1,9,10,11,-1,11,10,12,-1,11,12,13,-1,13,12,14,-1,13,14,15,-1,15,14,0,-1,15,0,2,-1,16,17,18,-1,18,17,19,-1,18,19,20,-1,20,19,21,-1,20,21,22,-1,22,21,23,-1,22,23,24,-1,24,23,25,-1,24,25,26,-1,26,25,27,-1,26,27,4,-1,4,27,5,-1,17,16,28,-1,28,16,29,-1,28,29,30,-1,30,29,31,-1,30,31,32,-1,32,31,33,-1,32,33,34,-1,34,33,35,-1,34,35,36,-1,36,35,37,-1,36,37,38,-1,38,37,39,-1,38,39,40,-1,40,39,41,-1,40,41,42,-1,42,41,43,-1,
        ]
    }
}
Shape{
    appearance Appearance {
        material  Material 	{
            diffuseColor 0.0 0.2901960784313726 0.8745098039215686
            specularColor 0.0 0.1450980392156863 0.4392156862745098
            ambientIntensity 0.27
            transparency 0.0
            shininess 0.5
        }
    }
    geometry IndexedFaceSet {
        ccw TRUE
        solid FALSE
        coord DEF co Coordinate {
            point [
                -0.5905 0.5506 2.0098, -0.9842 0.5506 2.0098, -0.5905 0.5812 2.0058, -0.9842 0.5812 2.0058, -0.5905 0.6097 1.994, -0.9842 0.6097 1.994, -0.5905 0.6341 1.9753, -0.9842 0.6341 1.9753, -0.5905 0.6529 1.9508, -0.9842 0.6529 1.9508, -0.5905 0.6647 1.9223, -0.9842 0.6647 1.9223, -0.5905 0.6687 1.8917, -0.9842 0.6687 1.8917
            ]
        }
        coordIndex [
            0,1,2,-1,2,1,3,-1,2,3,4,-1,4,3,5,-1,4,5,6,-1,6,5,7,-1,6,7,8,-1,8,7,9,-1,8,9,10,-1,10,9,11,-1,10,11,12,-1,12,11,13,-1,
        ]
    }
}
Shape{
    appearance Appearance {
        material  Material 	{
            diffuseColor 0.9686274509803922 0.8784313725490196 0.6
            specularColor 0.6784313725490196 0.615686274509804 0.4196078431372549
            ambientIntensity 0.8737
            transparency 0.0
            shininess 0.5
        }
    }
    geometry IndexedFaceSet {
        ccw TRUE
        solid FALSE
        coord DEF co Coordinate {
            point [
                -0.5905 0.5231 2.0098, -0.5905 0.5231 2.0886, -0.5888 0.5098 2.0098, -0.5888 0.5098 2.0886, -0.5837 0.4975 2.0098, -0.5837 0.4975 2.0886, -0.5756 0.4869 2.0098, -0.5756 0.4869 2.0886, -0.565 0.4787 2.0098, -0.565 0.4787 2.0886, -0.5526 0.4736 2.0098, -0.5526 0.4736 2.0886, -0.5394 0.4719 2.0098, -0.5394 0.4719 2.0886, -0.4921 0.4719 2.0098, -0.4921 0.4719 2.0886, -0.4921 0.1977 2.0886, -0.4921 0.1977 2.0098
            ]
        }
        coordIndex [
            0,1,2,-1,2,1,3,-1,2,3,4,-1,4,3,5,-1,4,5,6,-1,6,5,7,-1,6,7,8,-1,8,7,9,-1,8,9,10,-1,10,9,11,-1,10,11,12,-1,12,11,13,-1,14,12,15,-1,15,12,13,-1,16,17,15,-1,15,17,14,-1,
        ]
    }
}
Shape{
    appearance Appearance {
        material  Material 	{
            diffuseColor 0.0 0.2901960784313726 0.8745098039215686
            specularColor 0.0 0.1450980392156863 0.4392156862745098
            ambientIntensity 0.27
            transparency 0.0
            shininess 0.5
        }
    }
    geometry IndexedFaceSet {
        ccw TRUE
        solid FALSE
        coord DEF co Coordinate {
            point [
                -0.4921 0.1977 2.0098, -0.4921 0.1977 2.0886, -0.4938 0.1839 2.0886, -0.4938 0.1839 2.0098, -0.4986 0.1708 2.0886, -0.4986 0.1708 2.0098, -0.5064 0.1592 2.0886, -0.5064 0.1592 2.0098, -0.5167 0.1498 2.0886, -0.5167 0.1498 2.0098, -0.5276 0.1397 2.0098, -0.5276 0.1397 2.0886, -0.5356 0.1272 2.0098, -0.5356 0.1272 2.0886, -0.5402 0.1131 2.0098, -0.5402 0.1131 2.0886, -0.5413 0.1018 2.0098, -0.5413 0.1018 2.0886, -0.5412 0.0983 2.0098, -0.5412 0.0983 2.0886, -0.5385 0.0837 2.0098, -0.5385 0.0837 2.0886, -0.5322 0.0703 2.0098, -0.5322 0.0703 2.0886, -0.5228 0.0588 2.0098, -0.5228 0.0588 2.0886, -0.5108 0.0501 2.0098, -0.5108 0.0501 2.0886, -0.497 0.0446 2.0098, -0.497 0.0446 2.0886, -0.4823 0.0427 2.0098, -0.4823 0.0427 2.0886
            ]
        }
        coordIndex [
            0,1,2,-1,0,2,3,-1,3,2,4,-1,3,4,5,-1,5,4,6,-1,5,6,7,-1,7,6,8,-1,7,8,9,-1,9,8,10,-1,10,8,11,-1,10,11,12,-1,12,11,13,-1,12,13,14,-1,14,13,15,-1,14,15,16,-1,16,15,17,-1,16,17,18,-1,18,17,19,-1,18,19,20,-1,20,19,21,-1,20,21,22,-1,22,21,23,-1,22,23,24,-1,24,23,25,-1,24,25,26,-1,26,25,27,-1,26,27,28,-1,28,27,29,-1,28,29,30,-1,30,29,31,-1,
        ]
    }
}
Shape{
    appearance Appearance {
        material  Material 	{
            diffuseColor 0.9686274509803922 0.8784313725490196 0.6
            specularColor 0.6784313725490196 0.615686274509804 0.4196078431372549
            ambientIntensity 0.8737
            transparency 0.0
            shininess 0.5
        }
    }
    geometry IndexedFaceSet {
        ccw TRUE
        solid FALSE
        coord DEF co Coordinate {
            point [
                -0.9842 0.5506 2.0886, -0.5905 0.5506 2.0886, -0.5905 0.6016 2.0819, -0.9842 0.6016 2.0819, -0.5905 0.649 2.0622, -0.9842 0.649 2.0622, -0.5905 0.6898 2.0309, -0.9842 0.6898 2.0309, -0.5905 0.7211 1.9902, -0.9842 0.7211 1.9902, -0.5905 0.7408 1.9427, -0.9842 0.7408 1.9427, -0.5905 0.7475 1.8917, -0.9842 0.7475 1.8917, -1.0827 0.7475 1.7225, -1.0827 0.7475 0.6871, -1.0827 0.6687 1.7225, -1.0827 0.6687 0.6871
            ]
        }
        coordIndex [
            0,1,2,-1,0,2,3,-1,3,2,4,-1,3,4,5,-1,5,4,6,-1,5,6,7,-1,7,6,8,-1,7,8,9,-1,9,8,10,-1,9,10,11,-1,11,10,12,-1,11,12,13,-1,14,15,16,-1,16,15,17,-1,
        ]
    }
}
Shape{
    appearance Appearance {
        material  Material 	{
            diffuseColor 0.0 0.2901960784313726 0.8745098039215686
            specularColor 0.0 0.1450980392156863 0.4392156862745098
            ambientIntensity 0.27
            transparency 0.0
            shininess 0.5
        }
    }
    geometry IndexedFaceSet {
        ccw TRUE
        solid FALSE
        coord DEF co Coordinate {
            point [
                -0.5144 -0.0732 2.0098, -0.4823 -0.0408 2.0098, -0.5144 -0.0732 2.0886, -0.4823 -0.0408 2.0886, -0.523 -0.0842 2.0098, -0.523 -0.0842 2.0886, -0.5287 -0.0969 2.0098, -0.5287 -0.0969 2.0886, -0.5313 -0.1107 2.0098, -0.5313 -0.1107 2.0886, -0.5315 -0.1147 2.0098, -0.5315 -0.1147 2.0886, -0.5306 -0.1247 2.0098, -0.5306 -0.1247 2.0886, -0.5267 -0.1381 2.0098, -0.5267 -0.1381 2.0886, -0.5197 -0.1502 2.0098, -0.5197 -0.1502 2.0886, -0.4842 -0.1974 2.0098, -0.4842 -0.1974 2.0886, -0.4823 -1.8982 2.0039, -0.5236 -1.9395 2.0039, -0.4823 -1.8982 2.0945, -0.5236 -1.9395 2.0945, -0.4823 0.3774 2.0039, -0.5236 0.3774 2.0039, -1.8799 0.3774 2.0039, -1.8386 0.3774 2.0039, -1.939 0.4364 1.9449, -1.8386 0.4364 1.9449, -1.8386 -1.9395 2.0039, -1.8799 -1.8982 2.0039, -1.8799 -1.8982 2.0945, -1.8386 -1.9395 2.0945, -1.8799 0.3774 2.0945, -1.311 -3.6029 2.0945, -1.4764 -3.6029 2.0945, -1.311 -1.9395 2.0945, -1.4764 -1.6344 2.0945, -1.2697 -1.8982 2.0945, -1.6732 -1.6344 2.0945, -1.6732 -3.6029 2.0945, -1.8386 -3.6029 2.0945, -1.2697 0.3774 2.0945, -1.2106 0.4364 2.1535, -1.939 0.4364 2.1535, -1.2106 0.4364 1.9449, -1.2697 0.3774 2.0039, -1.2697 -0.275 2.0886, -1.2697 -0.275 2.0098, -1.2697 -1.8982 2.0039, -1.2697 -0.0408 2.0098, -1.2697 -0.2002 2.0098, -1.2697 -0.0408 2.0886, -1.2697 -0.2002 2.0886, -1.2697 0.0427 2.0098, -1.2697 0.0427 2.0886, -1.311 -1.9395 2.0039, -1.311 -5.0797 1.5821, -1.311 -5.1148 1.6024, -1.311 -5.0596 1.6024, -1.311 0.3774 2.0039, -1.311 0.4364 1.9449, -1.311 0.4364 1.7283, -1.311 -4.1738 1.7283, -1.311 -4.4131 2.0236, -1.311 -3.7894 2.0236, -1.311 -5.0596 1.7874, -1.311 -4.8181 1.7874, -1.311 -4.1738 1.5906, -1.311 -4.1654 1.5821, -1.2126 -4.0951 1.5118, -1.2126 -4.958 1.5118, -1.3287 -4.1738 1.7283, -1.3287 -4.1738 1.7205, -1.8209 -4.1738 1.7283, -1.8386 -4.1738 1.7283, -1.8209 -4.1738 1.7205, -1.8386 -4.1738 1.5906
            ]
        }
        coordIndex [
            0,1,2,-1,2,1,3,-1,0,2,4,-1,4,2,5,-1,4,5,6,-1,6,5,7,-1,6,7,8,-1,8,7,9,-1,8,9,10,-1,10,9,11,-1,10,11,12,-1,12,11,13,-1,12,13,14,-1,14,13,15,-1,14,15,16,-1,16,15,17,-1,16,17,18,-1,18,17,19,-1,20,21,22,-1,22,21,23,-1,20,24,21,-1,21,24,25,-1,26,27,28,-1,28,27,29,-1,30,27,31,-1,31,27,26,-1,32,33,31,-1,31,33,30,-1,33,32,34,-1,35,36,37,-1,37,36,38,-1,37,38,39,-1,40,41,42,-1,42,33,40,-1,40,33,34,-1,40,34,38,-1,38,34,43,-1,38,43,39,-1,44,43,45,-1,45,43,34,-1,46,47,44,-1,44,47,43,-1,48,49,50,-1,51,52,53,-1,53,52,54,-1,53,54,43,-1,43,54,48,-1,43,48,39,-1,39,48,50,-1,49,52,50,-1,50,52,51,-1,50,51,47,-1,47,51,55,-1,47,55,43,-1,43,55,56,-1,43,56,53,-1,50,57,39,-1,39,57,37,-1,58,59,60,-1,61,62,57,-1,57,62,63,-1,64,65,66,-1,35,37,66,-1,66,37,57,-1,66,57,64,-1,64,57,63,-1,60,67,68,-1,65,64,68,-1,68,64,69,-1,68,69,60,-1,60,69,70,-1,60,70,58,-1,70,71,58,-1,58,71,72,-1,64,73,74,-1,75,76,77,-1,77,76,78,-1,77,78,74,-1,74,78,69,-1,74,69,64,-1,
        ]
    }
}
Shape{
    appearance Appearance {
        material  Material 	{
            diffuseColor 0.9686274509803922 0.8784313725490196 0.6
            specularColor 0.6784313725490196 0.615686274509804 0.4196078431372549
            ambientIntensity 0.8737
            transparency 0.0
            shininess 0.5
        }
    }
    geometry IndexedFaceSet {
        ccw TRUE
        solid FALSE
        coord DEF co Coordinate {
            point [
                -1.8209 -4.8234 1.7874, -1.8209 -4.8234 1.7205, -1.8209 -5.0152 1.7874, -1.8209 -4.971 1.7205, -1.8209 -0.5872 2.0886, -1.8209 -0.5872 2.0098, -1.8209 -3.0191 2.0886, -1.8209 -3.0191 2.0098, -1.8209 -3.0481 2.0859, -1.8209 -3.0336 2.0085, -1.8209 -3.0762 2.0779, -1.8209 -3.0476 2.0045, -1.8209 -3.7779 1.8046, -1.8209 -3.7493 1.7312, -1.8209 -3.7919 1.8006, -1.8209 -3.7573 1.7283, -1.8209 -3.8065 1.7992, -1.8209 -4.2002 1.7205, -1.8209 -4.2165 1.7188, -1.8209 -4.2409 1.7938, -1.8209 -4.2789 1.7781, -1.8209 -4.9736 1.7201, -1.8209 -4.976 1.7192, -1.8209 -5.0321 1.7748, -1.8209 -4.978 1.7176, -1.8209 -5.0455 1.7586, -1.8209 -4.9796 1.7156, -1.8209 -5.0547 1.7397, -1.8209 -4.9805 1.7132, -1.8209 -5.0592 1.7191, -1.8209 -4.9809 1.7106, -1.8209 -5.0587 1.6981, -1.8209 -4.9805 1.7081, -1.8209 -4.2002 1.7992, -1.8209 -4.1738 1.7283, -1.8209 -4.1738 1.7205, -1.8209 -4.2322 1.7137, -1.8209 -4.2465 1.7054, -1.8209 -4.3115 1.7531, -1.8209 -4.2587 1.6944, -1.8209 -4.3366 1.7205, -1.8209 -4.2684 1.6811, -1.8209 -4.3414 1.7138, -1.8209 -4.2871 1.6566, -1.8209 -4.3475 1.7083, -1.8209 -4.3116 1.6379, -1.8209 -4.3546 1.7042, -1.8209 -4.3625 1.7017, -1.8209 -4.3401 1.6261, -1.8209 -4.3706 1.7008, -1.8209 -4.3706 1.622, -1.8209 -4.971 1.7008, -1.8209 -4.971 1.622, -1.8209 -4.9736 1.7011, -1.8209 -4.9919 1.6245, -1.8209 -4.976 1.7021, -1.8209 -5.0117 1.6319, -1.8209 -4.978 1.7037, -1.8209 -5.0291 1.6437, -1.8209 -4.9796 1.7057, -1.8209 -5.0432 1.6593, -1.8209 -5.0533 1.6778
            ]
        }
        coordIndex [
            0,1,2,-1,2,1,3,-1,4,5,6,-1,6,5,7,-1,6,7,8,-1,8,7,9,-1,8,9,10,-1,10,9,11,-1,10,11,12,-1,12,11,13,-1,12,13,14,-1,14,13,15,-1,14,15,16,-1,17,18,19,-1,19,18,20,-1,3,21,2,-1,2,21,22,-1,2,22,23,-1,23,22,24,-1,23,24,25,-1,25,24,26,-1,25,26,27,-1,27,26,28,-1,27,28,29,-1,29,28,30,-1,29,30,31,-1,31,30,32,-1,16,15,33,-1,33,15,34,-1,33,34,19,-1,19,34,35,-1,19,35,17,-1,18,36,20,-1,20,36,37,-1,20,37,38,-1,38,37,39,-1,38,39,40,-1,40,39,41,-1,40,41,42,-1,42,41,43,-1,42,43,44,-1,44,43,45,-1,44,45,46,-1,46,45,47,-1,47,45,48,-1,47,48,49,-1,49,48,50,-1,49,50,51,-1,51,50,52,-1,51,52,53,-1,53,52,54,-1,53,54,55,-1,55,54,56,-1,55,56,57,-1,57,56,58,-1,57,58,59,-1,59,58,60,-1,59,60,32,-1,32,60,61,-1,32,61,31,-1,
        ]
    }
}
Shape{
    appearance Appearance {
        material  Material 	{
            diffuseColor 0.0 0.2901960784313726 0.8745098039215686
            specularColor 0.0 0.1450980392156863 0.4392156862745098
            ambientIntensity 0.27
            transparency 0.0
            shininess 0.5
        }
    }
    geometry IndexedFaceSet {
        ccw TRUE
        solid FALSE
        coord DEF co Coordinate {
            point [
                -1.8386 -4.1738 1.7283, -1.8209 -4.1738 1.7283, -1.8209 -3.7573 1.7283, -1.3287 -4.1738 1.7283, -1.311 -4.1738 1.7283, -1.3287 -3.7573 1.7283, -1.311 0.4364 1.7283, -1.8386 0.4364 1.7283
            ]
        }
        coordIndex [
            0,1,2,-1,3,4,5,-1,5,4,6,-1,5,6,2,-1,2,6,7,-1,2,7,0,-1,
        ]
    }
}
Shape{
    appearance Appearance {
        material  Material 	{
            diffuseColor 0.9686274509803922 0.8784313725490196 0.6
            specularColor 0.6784313725490196 0.615686274509804 0.4196078431372549
            ambientIntensity 0.8737
            transparency 0.0
            shininess 0.5
        }
    }
    geometry IndexedFaceSet {
        ccw TRUE
        solid FALSE
        coord DEF co Coordinate {
            point [
                -1.3287 -3.7573 1.7283, -1.3287 -3.8065 1.7992, -1.3287 -4.1738 1.7283, -1.3287 -4.2002 1.7992, -1.3287 -4.2409 1.7938, -1.3287 -4.8234 1.7205, -1.3287 -4.8234 1.7874, -1.3287 -4.971 1.7205, -1.3287 -5.0152 1.7874, -1.3287 -4.9736 1.7201, -1.3287 -4.976 1.7192, -1.3287 -0.5872 2.0098, -1.3287 -0.5872 2.0886, -1.3287 -3.0191 2.0098, -1.3287 -3.0191 2.0886, -1.3287 -3.0336 2.0085, -1.3287 -3.0481 2.0859, -1.3287 -3.0476 2.0045, -1.3287 -3.0762 2.0779, -1.3287 -3.7493 1.7312, -1.3287 -3.7779 1.8046, -1.3287 -3.7919 1.8006, -1.3287 -4.3116 1.6379, -1.3287 -4.2871 1.6566, -1.3287 -4.3414 1.7138, -1.3287 -4.2789 1.7781, -1.3287 -4.2322 1.7137, -1.3287 -4.1738 1.7205, -1.3287 -4.2002 1.7205, -1.3287 -4.2165 1.7188, -1.3287 -4.3366 1.7205, -1.3287 -4.2684 1.6811, -1.3287 -4.3115 1.7531, -1.3287 -4.2587 1.6944, -1.3287 -4.2465 1.7054, -1.3287 -4.978 1.7176, -1.3287 -5.0321 1.7748, -1.3287 -4.9796 1.7156, -1.3287 -5.0455 1.7586, -1.3287 -4.9805 1.7132, -1.3287 -5.0547 1.7397, -1.3287 -4.9809 1.7106, -1.3287 -5.0592 1.7191, -1.3287 -5.0587 1.6981, -1.3287 -4.9805 1.7081, -1.3287 -5.0533 1.6778, -1.3287 -4.9796 1.7057, -1.3287 -5.0432 1.6593, -1.3287 -4.978 1.7037, -1.3287 -5.0291 1.6437, -1.3287 -4.976 1.7021, -1.3287 -5.0117 1.6319, -1.3287 -4.9736 1.7011, -1.3287 -4.9919 1.6245, -1.3287 -4.971 1.7008, -1.3287 -4.971 1.622, -1.3287 -4.3706 1.7008, -1.3287 -4.3706 1.622, -1.3287 -4.3625 1.7017, -1.3287 -4.3401 1.6261, -1.3287 -4.3546 1.7042, -1.3287 -4.3475 1.7083, -1.8209 -4.2002 1.7205, -1.8209 -4.1738 1.7205, -1.8209 -4.2684 1.6811, -1.8209 -4.2587 1.6944, -1.8209 -4.2465 1.7054, -1.8209 -4.2322 1.7137, -1.8209 -4.2165 1.7188, -1.8209 -4.3706 1.622, -1.8209 -4.3401 1.6261, -1.8209 -4.3116 1.6379, -1.8209 -4.2871 1.6566, -1.8209 -4.971 1.622, -1.8209 -4.9919 1.6245, -1.8209 -5.0117 1.6319, -1.8209 -5.0291 1.6437, -1.8209 -5.0432 1.6593, -1.8209 -5.0533 1.6778, -1.8209 -5.0587 1.6981, -1.8209 -5.0592 1.7191, -1.8209 -5.0547 1.7397, -1.8209 -5.0455 1.7586, -1.8209 -5.0321 1.7748, -1.8209 -5.0152 1.7874
            ]
        }
        coordIndex [
            0,1,2,-1,2,1,3,-1,2,3,4,-1,5,6,7,-1,7,6,8,-1,7,8,9,-1,9,8,10,-1,11,12,13,-1,13,12,14,-1,13,14,15,-1,15,14,16,-1,15,16,17,-1,17,16,18,-1,17,18,19,-1,19,18,20,-1,19,20,0,-1,0,20,21,-1,0,21,1,-1,22,23,24,-1,4,25,26,-1,27,2,28,-1,28,2,4,-1,28,4,29,-1,29,4,26,-1,24,23,30,-1,30,23,31,-1,30,31,32,-1,32,31,33,-1,32,33,25,-1,25,33,34,-1,25,34,26,-1,10,8,35,-1,35,8,36,-1,35,36,37,-1,37,36,38,-1,37,38,39,-1,39,38,40,-1,39,40,41,-1,40,42,41,-1,41,42,43,-1,41,43,44,-1,44,43,45,-1,44,45,46,-1,46,45,47,-1,46,47,48,-1,48,47,49,-1,48,49,50,-1,50,49,51,-1,50,51,52,-1,52,51,53,-1,52,53,54,-1,54,53,55,-1,54,55,56,-1,56,55,57,-1,56,57,58,-1,58,57,59,-1,58,59,60,-1,60,59,22,-1,60,22,61,-1,61,22,24,-1,62,63,28,-1,28,63,27,-1,31,64,33,-1,33,64,65,-1,33,65,34,-1,34,65,66,-1,34,66,26,-1,26,66,67,-1,26,67,29,-1,29,67,68,-1,29,68,28,-1,28,68,62,-1,57,69,70,-1,57,70,59,-1,59,70,71,-1,59,71,22,-1,22,71,72,-1,22,72,23,-1,23,72,64,-1,23,64,31,-1,69,57,73,-1,73,57,55,-1,73,55,53,-1,73,53,74,-1,74,53,51,-1,74,51,75,-1,75,51,49,-1,75,49,76,-1,76,49,47,-1,76,47,77,-1,77,47,45,-1,77,45,78,-1,78,45,43,-1,78,43,79,-1,79,43,42,-1,79,42,80,-1,80,42,40,-1,80,40,81,-1,81,40,38,-1,81,38,82,-1,82,38,36,-1,82,36,83,-1,83,36,8,-1,83,8,84,-1,
        ]
    }
}
Shape{
    appearance Appearance {
        material  Material 	{
            diffuseColor 0.0 0.2901960784313726 0.8745098039215686
            specularColor 0.0 0.1450980392156863 0.4392156862745098
            ambientIntensity 0.27
            transparency 0.0
            shininess 0.5
        }
    }
    geometry IndexedFaceSet {
        ccw TRUE
        solid FALSE
        coord DEF co Coordinate {
            point [
                -1.6732 -4.8181 1.7874, -1.6732 -4.8234 1.7874, -1.8209 -4.8234 1.7874, -1.4764 -4.8234 1.7874, -1.4764 -4.8181 1.7874, -1.3287 -4.8234 1.7874, -1.311 -4.8181 1.7874, -1.3287 -5.0152 1.7874, -1.311 -5.0596 1.7874, -1.8209 -5.0152 1.7874, -1.8386 -5.0596 1.7874, -1.8386 -4.8181 1.7874, -1.3287 -4.8234 1.7205, -1.8209 -4.8234 1.7205, -1.6732 -4.8234 1.7992, -1.4764 -4.8234 1.7992, -1.3287 -4.971 1.7205, -1.8209 -4.971 1.7205, -1.3287 -4.971 1.7008, -1.8209 -4.971 1.7008, -1.3287 -4.9736 1.7011, -1.8209 -4.9736 1.7011, -1.3287 -4.976 1.7021, -1.8209 -4.976 1.7021, -1.3287 -4.978 1.7037, -1.8209 -4.978 1.7037, -1.3287 -4.9796 1.7057, -1.8209 -4.9796 1.7057, -1.3287 -4.9805 1.7081, -1.8209 -4.9805 1.7081, -1.3287 -4.9809 1.7106, -1.8209 -4.9809 1.7106, -1.3287 -4.9805 1.7132, -1.8209 -4.9805 1.7132, -1.3287 -4.9796 1.7156, -1.8209 -4.9796 1.7156, -1.3287 -4.978 1.7176, -1.8209 -4.978 1.7176, -1.3287 -4.976 1.7192, -1.8209 -4.976 1.7192, -1.3287 -4.9736 1.7201, -1.8209 -4.9736 1.7201, -1.3287 -4.3706 1.7008, -1.8209 -4.3706 1.7008, -1.3287 -4.3366 1.7205, -1.8209 -4.3366 1.7205, -1.3287 -4.3414 1.7138, -1.8209 -4.3414 1.7138, -1.3287 -4.3475 1.7083, -1.8209 -4.3475 1.7083, -1.3287 -4.3546 1.7042, -1.8209 -4.3546 1.7042, -1.3287 -4.3625 1.7017, -1.8209 -4.3625 1.7017, -1.3287 -4.2002 1.7992, -1.8209 -4.2002 1.7992, -1.8209 -4.2409 1.7938, -1.3287 -4.2409 1.7938, -1.8209 -4.2789 1.7781, -1.3287 -4.2789 1.7781, -1.8209 -4.3115 1.7531, -1.3287 -4.3115 1.7531, -1.3287 -3.8065 1.7992, -1.8209 -3.8065 1.7992, -1.3287 -3.7779 1.8046, -1.8209 -3.7779 1.8046, -1.3287 -3.7919 1.8006, -1.8209 -3.7919 1.8006, -1.3287 -3.0762 2.0779, -1.8209 -3.0762 2.0779, -1.3287 -3.0191 2.0886, -1.8209 -3.0191 2.0886, -1.8209 -3.0481 2.0859, -1.3287 -3.0481 2.0859
            ]
        }
        coordIndex [
            0,1,2,-1,3,4,5,-1,5,4,6,-1,5,6,7,-1,7,6,8,-1,7,8,9,-1,9,8,10,-1,9,10,2,-1,2,10,11,-1,2,11,0,-1,3,5,12,-1,13,2,1,-1,14,15,1,-1,1,15,3,-1,1,3,13,-1,13,3,12,-1,12,16,13,-1,13,16,17,-1,18,19,20,-1,20,19,21,-1,20,21,22,-1,22,21,23,-1,22,23,24,-1,24,23,25,-1,24,25,26,-1,26,25,27,-1,26,27,28,-1,28,27,29,-1,28,29,30,-1,30,29,31,-1,30,31,32,-1,32,31,33,-1,32,33,34,-1,34,33,35,-1,34,35,36,-1,36,35,37,-1,36,37,38,-1,38,37,39,-1,38,39,40,-1,40,39,41,-1,40,41,16,-1,16,41,17,-1,42,43,18,-1,18,43,19,-1,44,45,46,-1,46,45,47,-1,46,47,48,-1,48,47,49,-1,48,49,50,-1,50,49,51,-1,50,51,52,-1,52,51,53,-1,52,53,42,-1,42,53,43,-1,54,55,56,-1,54,56,57,-1,57,56,58,-1,57,58,59,-1,59,58,60,-1,59,60,61,-1,61,60,45,-1,61,45,44,-1,62,63,54,-1,54,63,55,-1,64,65,66,-1,66,65,67,-1,66,67,62,-1,62,67,63,-1,68,69,64,-1,64,69,65,-1,70,71,72,-1,70,72,73,-1,73,72,69,-1,73,69,68,-1,
        ]
    }
}
Shape{
    appearance Appearance {
        material  Material 	{
            diffuseColor 0.9686274509803922 0.8784313725490196 0.6
            specularColor 0.6784313725490196 0.615686274509804 0.4196078431372549
            ambientIntensity 0.8737
            transparency 0.0
            shininess 0.5
        }
    }
    geometry IndexedFaceSet {
        ccw TRUE
        solid FALSE
        coord DEF co Coordinate {
            point [
                -1.7972 0.4787 2.0886, -1.8096 0.4736 2.0886, -1.8209 -0.5872 2.0886, -1.8209 -3.0191 2.0886, -1.3287 -3.0191 2.0886, -1.3287 -0.5872 2.0886, -1.2795 0.1977 2.0886, -1.2795 0.4719 2.0886, -1.3268 0.4719 2.0886, -1.7866 0.4869 2.0886, -1.8308 -0.1107 2.0886, -1.8394 0.0588 2.0886, -1.8514 0.0501 2.0886, -1.2697 -0.0408 2.0886, -1.2697 0.0427 2.0886, -1.3018 -0.0732 2.0886, -1.2844 0.0446 2.0886, -1.2894 -0.4795 2.0886, -1.2894 -0.351 2.0886, -1.2888 -0.3426 2.0886, -1.2716 -0.1974 2.0886, -1.3071 -0.1502 2.0886, -1.3141 -0.1381 2.0886, -1.3181 -0.1247 2.0886, -1.3102 0.0588 2.0886, -1.3196 0.0703 2.0886, -1.3259 0.0837 2.0886, -1.3286 0.0983 2.0886, -1.34 0.4736 2.0886, -1.3524 0.4787 2.0886, -1.363 0.4869 2.0886, -1.3711 0.4975 2.0886, -1.7785 0.4975 2.0886, -1.3762 0.5098 2.0886, -1.8266 0.1272 2.0886, -1.8346 0.1397 2.0886, -1.8228 0.4719 2.0886, -1.8455 0.1498 2.0886, -1.8701 0.4719 2.0886, -1.8701 0.1977 2.0886, -1.8237 0.0837 2.0886, -1.83 0.0703 2.0886, -1.3189 -0.1147 2.0886, -1.3187 -0.1107 2.0886, -1.3161 -0.0969 2.0886, -1.3287 0.1018 2.0886, -1.3276 0.1131 2.0886, -1.8684 0.1839 2.0886, -1.8636 0.1708 2.0886, -1.8558 0.1592 2.0886, -1.8334 -0.0969 2.0886, -1.8652 0.0446 2.0886, -1.8392 -0.0842 2.0886, -1.2982 0.0501 2.0886, -1.3104 -0.0842 2.0886, -1.323 0.1272 2.0886, -1.315 0.1397 2.0886, -1.3041 0.1498 2.0886, -1.2938 0.1592 2.0886, -1.286 0.1708 2.0886, -1.2812 0.1839 2.0886, -1.8219 0.1131 2.0886, -1.8209 0.1018 2.0886, -1.821 0.0983 2.0886, -1.8799 0.0427 2.0886, -1.8799 -0.0408 2.0886, -1.8478 -0.0732 2.0886, -1.2697 -0.2002 2.0886, -1.2697 -0.275 2.0886, -1.287 -0.3344 2.0886, -1.3779 0.5506 2.0886, -1.7716 0.5506 2.0886, -1.3779 0.5231 2.0886, -1.7716 0.5231 2.0886, -1.7734 0.5098 2.0886, -1.8307 -0.1147 2.0886, -1.8315 -0.1247 2.0886, -1.8355 -0.1381 2.0886, -1.8602 -0.4795 2.0886, -1.8602 -0.351 2.0886, -1.8608 -0.3426 2.0886, -1.8425 -0.1502 2.0886, -1.8626 -0.3344 2.0886, -1.8779 -0.1974 2.0886, -1.8799 -0.275 2.0886, -1.8799 -0.2002 2.0886
            ]
        }
        coordIndex [
            0,1,2,-1,3,4,2,-1,2,4,5,-1,6,7,8,-1,0,2,9,-1,10,11,12,-1,13,14,15,-1,15,14,16,-1,5,17,2,-1,2,17,18,-1,2,18,19,-1,20,21,2,-1,2,21,22,-1,2,22,23,-1,24,25,2,-1,2,25,26,-1,2,26,27,-1,28,29,2,-1,2,29,30,-1,2,30,9,-1,9,30,31,-1,9,31,32,-1,32,31,33,-1,34,1,35,-1,35,1,36,-1,35,36,37,-1,37,36,38,-1,37,38,39,-1,2,40,41,-1,23,42,2,-1,2,42,43,-1,2,43,44,-1,27,45,2,-1,2,45,46,-1,2,46,28,-1,47,48,39,-1,39,48,49,-1,39,49,37,-1,10,12,50,-1,50,12,51,-1,50,51,52,-1,24,2,53,-1,53,2,44,-1,53,44,16,-1,16,44,54,-1,16,54,15,-1,46,55,28,-1,28,55,56,-1,28,56,8,-1,8,56,57,-1,8,57,6,-1,58,59,57,-1,57,59,60,-1,57,60,6,-1,34,61,1,-1,1,61,62,-1,1,62,2,-1,2,62,63,-1,2,63,40,-1,64,65,51,-1,51,65,66,-1,51,66,52,-1,67,20,68,-1,68,20,2,-1,68,2,69,-1,69,2,19,-1,70,71,72,-1,72,71,73,-1,72,73,33,-1,33,73,74,-1,33,74,32,-1,11,10,41,-1,41,10,75,-1,41,75,2,-1,2,75,76,-1,2,76,77,-1,78,2,79,-1,79,2,77,-1,79,77,80,-1,80,77,81,-1,80,81,82,-1,82,81,83,-1,82,83,84,-1,84,83,85,-1,
        ]
    }
}
Shape{
    appearance Appearance {
        material  Material 	{
            diffuseColor 0.0 0.2901960784313726 0.8745098039215686
            specularColor 0.0 0.1450980392156863 0.4392156862745098
            ambientIntensity 0.27
            transparency 0.0
            shininess 0.5
        }
    }
    geometry IndexedFaceSet {
        ccw TRUE
        solid FALSE
        coord DEF co Coordinate {
            point [
                -1.287 -0.3344 2.0098, -1.2697 -0.275 2.0098, -1.287 -0.3344 2.0886, -1.2697 -0.275 2.0886, -1.3762 0.5098 2.0098, -1.3711 0.4975 2.0098, -1.7785 0.4975 2.0098, -1.2894 -0.351 2.0098, -1.2894 -0.4795 2.0098, -1.8096 0.4736 2.0098, -1.7866 0.4869 2.0098, -1.363 0.4869 2.0098, -1.3524 0.4787 2.0098, -1.3196 0.0703 2.0098, -1.3102 0.0588 2.0098, -1.2697 -0.0408 2.0098, -1.2982 0.0501 2.0098, -1.2844 0.0446 2.0098, -1.2697 0.0427 2.0098, -1.323 0.1272 2.0098, -1.34 0.4736 2.0098, -1.315 0.1397 2.0098, -1.3268 0.4719 2.0098, -1.3041 0.1498 2.0098, -1.8346 0.1397 2.0098, -1.8228 0.4719 2.0098, -1.8455 0.1498 2.0098, -1.3018 -0.0732 2.0098, -1.3104 -0.0842 2.0098, -1.7972 0.4787 2.0098, -1.3161 -0.0969 2.0098, -1.3187 -0.1107 2.0098, -1.3276 0.1131 2.0098, -1.3287 0.1018 2.0098, -1.3286 0.0983 2.0098, -1.3259 0.0837 2.0098, -1.8394 0.0588 2.0098, -1.83 0.0703 2.0098, -1.8237 0.0837 2.0098, -1.821 0.0983 2.0098, -1.3189 -0.1147 2.0098, -1.3181 -0.1247 2.0098, -1.3141 -0.1381 2.0098, -1.7716 0.5231 2.0098, -1.7716 0.5506 2.0098, -1.3779 0.5506 2.0098, -1.8602 -0.351 2.0098, -1.8608 -0.3426 2.0098, -1.8209 0.1018 2.0098, -1.8219 0.1131 2.0098, -1.8266 0.1272 2.0098, -1.8558 0.1592 2.0098, -1.8636 0.1708 2.0098, -1.7734 0.5098 2.0098, -1.3779 0.5231 2.0098, -1.8799 -0.0408 2.0098, -1.8799 0.0427 2.0098, -1.8478 -0.0732 2.0098, -1.8652 0.0446 2.0098, -1.8779 -0.1974 2.0098, -1.8425 -0.1502 2.0098, -1.8355 -0.1381 2.0098, -1.8315 -0.1247 2.0098, -1.8701 0.4719 2.0098, -1.8701 0.1977 2.0098, -1.8684 0.1839 2.0098, -1.2888 -0.3426 2.0098, -1.3071 -0.1502 2.0098, -1.2716 -0.1974 2.0098, -1.2697 -0.2002 2.0098, -1.2795 0.4719 2.0098, -1.2795 0.1977 2.0098, -1.2938 0.1592 2.0098, -1.2812 0.1839 2.0098, -1.286 0.1708 2.0098, -1.3287 -3.0191 2.0098, -1.8209 -3.0191 2.0098, -1.3287 -0.5872 2.0098, -1.8209 -0.5872 2.0098, -1.8602 -0.4795 2.0098, -1.8307 -0.1147 2.0098, -1.8308 -0.1107 2.0098, -1.8334 -0.0969 2.0098, -1.8514 0.0501 2.0098, -1.8392 -0.0842 2.0098, -1.8799 -0.2002 2.0098, -1.8799 -0.275 2.0098, -1.8626 -0.3344 2.0098, -1.2716 -0.1974 2.0886, -1.2697 -0.2002 2.0886, -1.3071 -0.1502 2.0886, -1.3018 -0.0732 2.0886, -1.3104 -0.0842 2.0886, -1.3161 -0.0969 2.0886, -1.3187 -0.1107 2.0886, -1.3189 -0.1147 2.0886, -1.3181 -0.1247 2.0886, -1.3141 -0.1381 2.0886, -1.2697 -0.0408 2.0886, -1.3041 0.1498 2.0886, -1.315 0.1397 2.0886, -1.323 0.1272 2.0886, -1.3276 0.1131 2.0886, -1.3287 0.1018 2.0886, -1.3286 0.0983 2.0886, -1.3259 0.0837 2.0886, -1.3196 0.0703 2.0886, -1.3102 0.0588 2.0886, -1.2982 0.0501 2.0886, -1.2844 0.0446 2.0886, -1.2697 0.0427 2.0886, -1.2795 0.1977 2.0886, -1.2812 0.1839 2.0886, -1.286 0.1708 2.0886, -1.2938 0.1592 2.0886
            ]
        }
        coordIndex [
            0,1,2,-1,2,1,3,-1,4,5,6,-1,7,8,9,-1,6,5,10,-1,10,5,11,-1,10,11,12,-1,13,14,15,-1,14,16,15,-1,15,16,17,-1,15,17,18,-1,19,20,21,-1,21,20,22,-1,21,22,23,-1,9,24,25,-1,25,24,26,-1,27,28,29,-1,29,28,30,-1,29,30,31,-1,27,29,15,-1,15,29,10,-1,15,10,13,-1,19,32,20,-1,20,32,33,-1,20,33,12,-1,12,33,34,-1,12,34,10,-1,10,34,35,-1,10,35,13,-1,36,37,8,-1,8,37,38,-1,8,38,39,-1,31,40,29,-1,29,40,41,-1,29,41,42,-1,43,44,45,-1,46,47,8,-1,39,48,8,-1,8,48,49,-1,8,49,9,-1,9,49,50,-1,9,50,24,-1,26,51,52,-1,6,53,4,-1,4,53,43,-1,4,43,54,-1,54,43,45,-1,55,56,57,-1,57,56,58,-1,59,60,8,-1,8,60,61,-1,8,61,62,-1,63,25,64,-1,64,25,26,-1,64,26,65,-1,65,26,52,-1,9,29,7,-1,7,29,42,-1,7,42,66,-1,66,42,67,-1,66,67,0,-1,0,67,68,-1,0,68,1,-1,1,68,69,-1,22,70,23,-1,23,70,71,-1,23,71,72,-1,72,71,73,-1,72,73,74,-1,75,76,77,-1,77,76,78,-1,77,78,8,-1,8,78,79,-1,8,79,46,-1,62,80,8,-1,8,80,81,-1,8,81,82,-1,36,8,83,-1,83,8,82,-1,83,82,58,-1,58,82,84,-1,58,84,57,-1,85,59,86,-1,86,59,8,-1,86,8,87,-1,87,8,47,-1,88,89,68,-1,68,89,69,-1,67,90,68,-1,68,90,88,-1,27,91,28,-1,28,91,92,-1,28,92,30,-1,30,92,93,-1,30,93,31,-1,31,93,94,-1,31,94,40,-1,40,94,95,-1,40,95,41,-1,41,95,96,-1,41,96,42,-1,42,96,97,-1,42,97,67,-1,67,97,90,-1,27,15,91,-1,91,15,98,-1,23,99,21,-1,21,99,100,-1,21,100,19,-1,19,100,101,-1,19,101,32,-1,32,101,102,-1,32,102,33,-1,33,102,103,-1,33,103,34,-1,34,103,104,-1,34,104,35,-1,35,104,105,-1,35,105,13,-1,13,105,106,-1,13,106,14,-1,14,106,107,-1,14,107,16,-1,16,107,108,-1,16,108,17,-1,17,108,109,-1,17,109,18,-1,18,109,110,-1,71,111,112,-1,71,112,73,-1,73,112,113,-1,73,113,74,-1,74,113,114,-1,74,114,72,-1,72,114,99,-1,72,99,23,-1,
        ]
    }
}
Shape{
    appearance Appearance {
        material  Material 	{
            diffuseColor 0.9686274509803922 0.8784313725490196 0.6
            specularColor 0.6784313725490196 0.615686274509804 0.4196078431372549
            ambientIntensity 0.8737
            transparency 0.0
            shininess 0.5
        }
    }
    geometry IndexedFaceSet {
        ccw TRUE
        solid FALSE
        coord DEF co Coordinate {
            point [
                -1.2795 0.1977 2.0886, -1.2795 0.1977 2.0098, -1.2795 0.4719 2.0886, -1.2795 0.4719 2.0098, -1.3268 0.4719 2.0098, -1.3268 0.4719 2.0886, -1.3779 0.5231 2.0098, -1.3779 0.5231 2.0886, -1.3762 0.5098 2.0098, -1.3762 0.5098 2.0886, -1.3711 0.4975 2.0098, -1.3711 0.4975 2.0886, -1.363 0.4869 2.0098, -1.363 0.4869 2.0886, -1.3524 0.4787 2.0098, -1.3524 0.4787 2.0886, -1.34 0.4736 2.0098, -1.34 0.4736 2.0886, -1.3779 0.6687 1.8248, -1.3779 0.7475 1.8248, -1.3779 0.6687 1.8917, -1.3779 0.7475 1.8917, -1.3779 0.6647 1.9223, -1.3779 0.7408 1.9427, -1.3779 0.6529 1.9508, -1.3779 0.7211 1.9902, -1.3779 0.6341 1.9753, -1.3779 0.6898 2.0309, -1.3779 0.6097 1.994, -1.3779 0.649 2.0622, -1.3779 0.5812 2.0058, -1.3779 0.6016 2.0819, -1.3779 0.5506 2.0098, -1.3779 0.5506 2.0886, -1.3763 0.7475 1.8119, -1.3763 0.6687 1.8119, -1.3714 0.7475 1.7998, -1.3714 0.6687 1.7998, -1.3636 0.7475 1.7893, -1.3636 0.6687 1.7893, -1.3535 0.7475 1.7812, -1.3535 0.6687 1.7812, -1.3416 0.7475 1.7758, -1.3416 0.6687 1.7758, -1.3287 0.7475 1.7737, -1.3287 0.6687 1.7737, -1.3159 0.6687 1.7715, -1.3159 0.7475 1.7715, -1.304 0.6687 1.7662, -1.304 0.7475 1.7662, -1.2938 0.6687 1.758, -1.2938 0.7475 1.758, -1.2861 0.6687 1.7475, -1.2861 0.7475 1.7475, -1.2812 0.6687 1.7354, -1.2812 0.7475 1.7354, -1.2795 0.6687 1.7225, -1.2795 0.7475 1.7225, -1.2795 0.6687 0.6871, -1.2795 0.7475 0.6871
            ]
        }
        coordIndex [
            0,1,2,-1,2,1,3,-1,3,4,2,-1,2,4,5,-1,6,7,8,-1,8,7,9,-1,8,9,10,-1,10,9,11,-1,10,11,12,-1,12,11,13,-1,12,13,14,-1,14,13,15,-1,14,15,16,-1,16,15,17,-1,16,17,4,-1,4,17,5,-1,18,19,20,-1,20,19,21,-1,20,21,22,-1,22,21,23,-1,22,23,24,-1,24,23,25,-1,24,25,26,-1,26,25,27,-1,26,27,28,-1,28,27,29,-1,28,29,30,-1,30,29,31,-1,30,31,32,-1,32,31,33,-1,32,33,6,-1,6,33,7,-1,19,18,34,-1,34,18,35,-1,34,35,36,-1,36,35,37,-1,36,37,38,-1,38,37,39,-1,38,39,40,-1,40,39,41,-1,40,41,42,-1,42,41,43,-1,42,43,44,-1,44,43,45,-1,44,45,46,-1,44,46,47,-1,47,46,48,-1,47,48,49,-1,49,48,50,-1,49,50,51,-1,51,50,52,-1,51,52,53,-1,53,52,54,-1,53,54,55,-1,55,54,56,-1,55,56,57,-1,56,58,57,-1,57,58,59,-1,
        ]
    }
}
Shape{
    appearance Appearance {
        material  Material 	{
            diffuseColor 0.0 0.2901960784313726 0.8745098039215686
            specularColor 0.0 0.1450980392156863 0.4392156862745098
            ambientIntensity 0.27
            transparency 0.0
            shininess 0.5
        }
    }
    geometry IndexedFaceSet {
        ccw TRUE
        solid FALSE
        coord DEF co Coordinate {
            point [
                -1.2874 0.6687 0.6576, -1.2874 0.7475 0.6576, -1.2831 0.7475 0.6669, -1.2831 0.6687 0.6669, -1.2804 0.7475 0.6768, -1.2804 0.6687 0.6768, -1.2795 0.7475 0.6871, -1.2795 0.6687 0.6871
            ]
        }
        coordIndex [
            0,1,2,-1,0,2,3,-1,3,2,4,-1,3,4,5,-1,5,4,6,-1,5,6,7,-1,
        ]
    }
}
Shape{
    appearance Appearance {
        material  Material 	{
            diffuseColor 0.9686274509803922 0.8784313725490196 0.6
            specularColor 0.6784313725490196 0.615686274509804 0.4196078431372549
            ambientIntensity 0.8737
            transparency 0.0
            shininess 0.5
        }
    }
    geometry IndexedFaceSet {
        ccw TRUE
        solid FALSE
        coord DEF co Coordinate {
            point [
                -1.6571 0.7475 0.3006, -1.6614 0.7475 0.3099, -1.4952 0.7475 0.2906, -1.3763 0.7475 1.8119, -1.3714 0.7475 1.7998, -1.8701 0.7475 1.7225, -1.8701 0.7475 0.6871, -1.4925 0.7475 0.3006, -1.7859 0.7475 1.7893, -1.7782 0.7475 1.7998, -1.7961 0.7475 1.7812, -1.3636 0.7475 1.7893, -1.3535 0.7475 1.7812, -1.8692 0.7475 0.6768, -1.3416 0.7475 1.7758, -1.8665 0.7475 0.6669, -1.3287 0.7475 1.7737, -1.8622 0.7475 0.6576, -1.7716 0.7475 1.8248, -1.7716 0.7475 1.8917, -1.3779 0.7475 1.8917, -1.7733 0.7475 1.8119, -1.3779 0.7475 1.8248, -1.5354 0.7475 -1.063, -1.6142 0.7475 -1.063, -1.4961 0.7475 -0.9449, -1.6535 0.7475 -0.9449, -1.4961 0.7475 0.2804, -1.6535 0.7475 0.2804, -1.6544 0.7475 0.2906, -1.2874 0.7475 0.6576, -1.2795 0.7475 0.6871, -1.2831 0.7475 0.6669, -1.2804 0.7475 0.6768, -1.808 0.7475 1.7758, -1.8209 0.7475 1.7737, -1.8684 0.7475 1.7354, -1.8635 0.7475 1.7475, -1.2795 0.7475 1.7225, -1.4881 0.7475 0.3099, -1.8558 0.7475 1.758, -1.8456 0.7475 1.7662, -1.8337 0.7475 1.7715, -1.2938 0.7475 1.758, -1.304 0.7475 1.7662, -1.3159 0.7475 1.7715, -1.2861 0.7475 1.7475, -1.2812 0.7475 1.7354
            ]
        }
        coordIndex [
            0,1,2,-1,3,4,5,-1,5,4,6,-1,2,1,7,-1,8,9,3,-1,8,3,10,-1,4,11,6,-1,6,11,12,-1,6,12,13,-1,13,12,14,-1,13,14,15,-1,16,1,14,-1,14,1,17,-1,14,17,15,-1,18,19,20,-1,9,21,3,-1,3,21,18,-1,3,18,22,-1,22,18,20,-1,23,24,25,-1,25,24,26,-1,25,26,27,-1,27,26,28,-1,27,28,2,-1,2,28,29,-1,2,29,0,-1,30,31,32,-1,32,31,33,-1,10,3,34,-1,34,3,5,-1,34,5,35,-1,35,5,36,-1,35,36,37,-1,38,31,16,-1,16,31,30,-1,16,30,1,-1,1,30,39,-1,1,39,7,-1,37,40,35,-1,35,40,41,-1,35,41,42,-1,43,16,44,-1,44,16,45,-1,43,46,16,-1,16,46,47,-1,16,47,38,-1,
        ]
    }
}
Shape{
    appearance Appearance {
        material  Material 	{
            diffuseColor 0.0 0.2901960784313726 0.8745098039215686
            specularColor 0.0 0.1450980392156863 0.4392156862745098
            ambientIntensity 0.27
            transparency 0.0
            shininess 0.5
        }
    }
    geometry IndexedFaceSet {
        ccw TRUE
        solid FALSE
        coord DEF co Coordinate {
            point [
                -1.8622 0.7475 0.6576, -1.8622 0.6687 0.6576, -1.8665 0.6687 0.6669, -1.8665 0.7475 0.6669, -1.8692 0.6687 0.6768, -1.8692 0.7475 0.6768, -1.8701 0.6687 0.6871, -1.8701 0.7475 0.6871
            ]
        }
        coordIndex [
            0,1,2,-1,0,2,3,-1,3,2,4,-1,3,4,5,-1,5,4,6,-1,5,6,7,-1,
        ]
    }
}
Shape{
    appearance Appearance {
        material  Material 	{
            diffuseColor 0.9686274509803922 0.8784313725490196 0.6
            specularColor 0.6784313725490196 0.615686274509804 0.4196078431372549
            ambientIntensity 0.8737
            transparency 0.0
            shininess 0.5
        }
    }
    geometry IndexedFaceSet {
        ccw TRUE
        solid FALSE
        coord DEF co Coordinate {
            point [
                -1.4925 0.6687 0.3006, -1.4881 0.6687 0.3099, -1.6544 0.6687 0.2906, -1.304 0.6687 1.7662, -1.3159 0.6687 1.7715, -1.3287 0.6687 1.7737, -1.3535 0.6687 1.7812, -1.3636 0.6687 1.7893, -1.8622 0.6687 0.6576, -1.6614 0.6687 0.3099, -1.6571 0.6687 0.3006, -1.2874 0.6687 0.6576, -1.3416 0.6687 1.7758, -1.3763 0.6687 1.8119, -1.7782 0.6687 1.7998, -1.7859 0.6687 1.7893, -1.8701 0.6687 1.7225, -1.8701 0.6687 0.6871, -1.7961 0.6687 1.7812, -1.808 0.6687 1.7758, -1.3714 0.6687 1.7998, -1.6142 0.6687 -1.063, -1.5354 0.6687 -1.063, -1.6535 0.6687 -0.9449, -1.4961 0.6687 -0.9449, -1.6535 0.6687 0.2804, -1.4961 0.6687 0.2804, -1.4952 0.6687 0.2906, -1.2831 0.6687 0.6669, -1.2804 0.6687 0.6768, -1.2795 0.6687 0.6871, -1.2795 0.6687 1.7225, -1.2812 0.6687 1.7354, -1.3779 0.6687 1.8917, -1.7716 0.6687 1.8917, -1.3779 0.6687 1.8248, -1.7716 0.6687 1.8248, -1.7733 0.6687 1.8119, -1.8692 0.6687 0.6768, -1.8665 0.6687 0.6669, -1.2861 0.6687 1.7475, -1.2938 0.6687 1.758, -1.8558 0.6687 1.758, -1.8635 0.6687 1.7475, -1.8456 0.6687 1.7662, -1.8337 0.6687 1.7715, -1.8684 0.6687 1.7354, -1.8209 0.6687 1.7737
            ]
        }
        coordIndex [
            0,1,2,-1,3,4,5,-1,1,6,7,-1,8,9,1,-1,1,9,10,-1,1,10,2,-1,11,5,1,-1,1,5,12,-1,1,12,6,-1,13,14,15,-1,16,17,1,-1,15,18,13,-1,13,18,19,-1,13,19,20,-1,21,22,23,-1,23,22,24,-1,23,24,25,-1,25,24,26,-1,25,26,2,-1,2,26,27,-1,2,27,0,-1,28,29,11,-1,11,29,30,-1,11,30,5,-1,5,30,31,-1,5,31,32,-1,33,34,35,-1,35,34,36,-1,35,36,13,-1,13,36,37,-1,13,37,14,-1,17,38,1,-1,1,38,39,-1,1,39,8,-1,32,40,5,-1,5,40,41,-1,5,41,3,-1,42,43,44,-1,44,43,45,-1,43,46,45,-1,45,46,16,-1,45,16,47,-1,47,16,1,-1,47,1,19,-1,19,1,7,-1,19,7,20,-1,
        ]
    }
}
Shape{
    appearance Appearance {
        material  Material 	{
            diffuseColor 0.0 0.2901960784313726 0.8745098039215686
            specularColor 0.0 0.1450980392156863 0.4392156862745098
            ambientIntensity 0.27
            transparency 0.0
            shininess 0.5
        }
    }
    geometry IndexedFaceSet {
        ccw TRUE
        solid FALSE
        coord DEF co Coordinate {
            point [
                -1.8701 0.7475 1.7225, -1.8701 0.7475 0.6871, -1.8701 0.6687 1.7225, -1.8701 0.6687 0.6871
            ]
        }
        coordIndex [
            0,1,2,-1,2,1,3,-1,
        ]
    }
}
Shape{
    appearance Appearance {
        material  Material 	{
            diffuseColor 0.9686274509803922 0.8784313725490196 0.6
            specularColor 0.6784313725490196 0.615686274509804 0.4196078431372549
            ambientIntensity 0.8737
            transparency 0.0
            shininess 0.5
        }
    }
    geometry IndexedFaceSet {
        ccw TRUE
        solid FALSE
        coord DEF co Coordinate {
            point [
                -1.8701 0.7475 1.7225, -1.8701 0.6687 1.7225, -1.8684 0.6687 1.7354, -1.8684 0.7475 1.7354, -1.8635 0.6687 1.7475, -1.8635 0.7475 1.7475, -1.8558 0.6687 1.758, -1.8558 0.7475 1.758, -1.8456 0.6687 1.7662, -1.8456 0.7475 1.7662, -1.8337 0.6687 1.7715, -1.8337 0.7475 1.7715, -1.8209 0.6687 1.7737, -1.8209 0.7475 1.7737, -1.7716 0.6687 1.8248, -1.7716 0.7475 1.8248, -1.7733 0.6687 1.8119, -1.7733 0.7475 1.8119, -1.7782 0.6687 1.7998, -1.7782 0.7475 1.7998, -1.7859 0.6687 1.7893, -1.7859 0.7475 1.7893, -1.7961 0.6687 1.7812, -1.7961 0.7475 1.7812, -1.808 0.6687 1.7758, -1.808 0.7475 1.7758
            ]
        }
        coordIndex [
            0,1,2,-1,0,2,3,-1,3,2,4,-1,3,4,5,-1,5,4,6,-1,5,6,7,-1,7,6,8,-1,7,8,9,-1,9,8,10,-1,9,10,11,-1,11,10,12,-1,11,12,13,-1,14,15,16,-1,16,15,17,-1,16,17,18,-1,18,17,19,-1,18,19,20,-1,20,19,21,-1,20,21,22,-1,22,21,23,-1,22,23,24,-1,24,23,25,-1,24,25,12,-1,12,25,13,-1,
        ]
    }
}
Shape{
    appearance Appearance {
        material  Material 	{
            diffuseColor 0.0 0.2901960784313726 0.8745098039215686
            specularColor 0.0 0.1450980392156863 0.4392156862745098
            ambientIntensity 0.27
            transparency 0.0
            shininess 0.5
        }
    }
    geometry IndexedFaceSet {
        ccw TRUE
        solid FALSE
        coord DEF co Coordinate {
            point [
                -1.7716 0.5231 2.0098, -1.7716 0.5231 2.0886, -1.7716 0.5506 2.0098, -1.7716 0.5506 2.0886, -1.7716 0.5812 2.0058, -1.7716 0.6016 2.0819, -1.7716 0.6097 1.994, -1.7716 0.649 2.0622, -1.7716 0.6341 1.9753, -1.7716 0.6898 2.0309, -1.7716 0.6529 1.9508, -1.7716 0.7211 1.9902, -1.7716 0.6647 1.9223, -1.7716 0.7408 1.9427, -1.7716 0.6687 1.8917, -1.7716 0.7475 1.8917, -1.7716 0.6687 1.8248, -1.7716 0.7475 1.8248
            ]
        }
        coordIndex [
            0,1,2,-1,2,1,3,-1,2,3,4,-1,4,3,5,-1,4,5,6,-1,6,5,7,-1,6,7,8,-1,8,7,9,-1,8,9,10,-1,10,9,11,-1,10,11,12,-1,12,11,13,-1,12,13,14,-1,14,13,15,-1,14,15,16,-1,16,15,17,-1,
        ]
    }
}
Shape{
    appearance Appearance {
        material  Material 	{
            diffuseColor 0.9686274509803922 0.8784313725490196 0.6
            specularColor 0.6784313725490196 0.615686274509804 0.4196078431372549
            ambientIntensity 0.8737
            transparency 0.0
            shininess 0.5
        }
    }
    geometry IndexedFaceSet {
        ccw TRUE
        solid FALSE
        coord DEF co Coordinate {
            point [
                -1.7716 0.5506 2.0886, -1.3779 0.5506 2.0886, -1.3779 0.6016 2.0819, -1.7716 0.6016 2.0819, -1.3779 0.649 2.0622, -1.7716 0.649 2.0622, -1.3779 0.6898 2.0309, -1.7716 0.6898 2.0309, -1.3779 0.7211 1.9902, -1.7716 0.7211 1.9902, -1.3779 0.7408 1.9427, -1.7716 0.7408 1.9427, -1.3779 0.7475 1.8917, -1.7716 0.7475 1.8917, -1.7716 0.5231 2.0886, -1.7716 0.5231 2.0098, -1.7734 0.5098 2.0886, -1.7734 0.5098 2.0098, -1.7785 0.4975 2.0886, -1.7785 0.4975 2.0098, -1.7866 0.4869 2.0886, -1.7866 0.4869 2.0098, -1.7972 0.4787 2.0886, -1.7972 0.4787 2.0098, -1.8096 0.4736 2.0886, -1.8096 0.4736 2.0098, -1.8228 0.4719 2.0886, -1.8228 0.4719 2.0098, -1.8701 0.4719 2.0886, -1.8701 0.4719 2.0098
            ]
        }
        coordIndex [
            0,1,2,-1,0,2,3,-1,3,2,4,-1,3,4,5,-1,5,4,6,-1,5,6,7,-1,7,6,8,-1,7,8,9,-1,9,8,10,-1,9,10,11,-1,11,10,12,-1,11,12,13,-1,14,15,16,-1,16,15,17,-1,16,17,18,-1,18,17,19,-1,18,19,20,-1,20,19,21,-1,20,21,22,-1,22,21,23,-1,22,23,24,-1,24,23,25,-1,24,25,26,-1,26,25,27,-1,28,26,29,-1,29,26,27,-1,
        ]
    }
}
Shape{
    appearance Appearance {
        material  Material 	{
            diffuseColor 0.0 0.2901960784313726 0.8745098039215686
            specularColor 0.0 0.1450980392156863 0.4392156862745098
            ambientIntensity 0.27
            transparency 0.0
            shininess 0.5
        }
    }
    geometry IndexedFaceSet {
        ccw TRUE
        solid FALSE
        coord DEF co Coordinate {
            point [
                -1.8701 0.1977 2.0098, -1.8701 0.1977 2.0886, -1.8701 0.4719 2.0098, -1.8701 0.4719 2.0886, -1.8455 0.1498 2.0098, -1.8455 0.1498 2.0886, -1.8558 0.1592 2.0886, -1.8558 0.1592 2.0098, -1.8636 0.1708 2.0886, -1.8636 0.1708 2.0098, -1.8684 0.1839 2.0886, -1.8684 0.1839 2.0098, -1.8799 0.0427 2.0098, -1.8799 0.0427 2.0886, -1.8652 0.0446 2.0098, -1.8652 0.0446 2.0886, -1.8514 0.0501 2.0098, -1.8514 0.0501 2.0886, -1.8394 0.0588 2.0098, -1.8394 0.0588 2.0886, -1.83 0.0703 2.0098, -1.83 0.0703 2.0886, -1.8237 0.0837 2.0098, -1.8237 0.0837 2.0886, -1.821 0.0983 2.0098, -1.821 0.0983 2.0886, -1.8209 0.1018 2.0098, -1.8209 0.1018 2.0886, -1.8219 0.1131 2.0098, -1.8219 0.1131 2.0886, -1.8266 0.1272 2.0098, -1.8266 0.1272 2.0886, -1.8346 0.1397 2.0098, -1.8346 0.1397 2.0886, -1.8799 -0.2002 2.0886, -1.8799 0.3774 2.0945, -1.8799 -0.275 2.0886, -1.8799 -1.8982 2.0945, -1.8799 -0.275 2.0098, -1.8799 -1.8982 2.0039, -1.8799 0.3774 2.0039, -1.8799 -0.2002 2.0098, -1.8799 -0.0408 2.0098, -1.8799 -0.0408 2.0886, -1.939 0.4364 1.9449, -1.939 0.4364 2.1535, -1.8478 -0.0732 2.0886, -1.8478 -0.0732 2.0098, -1.8425 -0.1502 2.0098, -1.8425 -0.1502 2.0886, -1.8355 -0.1381 2.0098, -1.8355 -0.1381 2.0886, -1.8315 -0.1247 2.0098, -1.8315 -0.1247 2.0886, -1.8307 -0.1147 2.0098, -1.8307 -0.1147 2.0886, -1.8308 -0.1107 2.0098, -1.8308 -0.1107 2.0886, -1.8334 -0.0969 2.0098, -1.8334 -0.0969 2.0886, -1.8392 -0.0842 2.0098, -1.8392 -0.0842 2.0886, -1.8779 -0.1974 2.0098, -1.8779 -0.1974 2.0886, -1.8626 -0.3344 2.0886, -1.8626 -0.3344 2.0098, -1.8602 -0.351 2.0098, -1.8602 -0.351 2.0886, -1.8608 -0.3426 2.0098, -1.8608 -0.3426 2.0886, -1.8602 -0.4795 2.0098, -1.8602 -0.4795 2.0886, -1.8209 -0.5872 2.0098, -1.8209 -0.5872 2.0886, -1.3779 0.5506 2.0098, -1.7716 0.5506 2.0098, -1.3779 0.5812 2.0058, -1.7716 0.5812 2.0058, -1.3779 0.6097 1.994, -1.7716 0.6097 1.994, -1.3779 0.6341 1.9753, -1.7716 0.6341 1.9753, -1.3779 0.6529 1.9508, -1.7716 0.6529 1.9508, -1.3779 0.6647 1.9223, -1.7716 0.6647 1.9223, -1.3779 0.6687 1.8917, -1.7716 0.6687 1.8917, -1.4881 0.7475 0.3099, -1.2874 0.7475 0.6576, -1.4881 0.6687 0.3099, -1.2874 0.6687 0.6576, -1.4961 0.6687 0.2804, -1.4961 0.7475 0.2804, -1.4952 0.6687 0.2906, -1.4952 0.7475 0.2906, -1.4925 0.6687 0.3006, -1.4925 0.7475 0.3006
            ]
        }
        coordIndex [
            0,1,2,-1,2,1,3,-1,4,5,6,-1,4,6,7,-1,7,6,8,-1,7,8,9,-1,9,8,10,-1,9,10,11,-1,11,10,1,-1,11,1,0,-1,12,13,14,-1,14,13,15,-1,14,15,16,-1,16,15,17,-1,16,17,18,-1,18,17,19,-1,18,19,20,-1,20,19,21,-1,20,21,22,-1,22,21,23,-1,22,23,24,-1,24,23,25,-1,24,25,26,-1,26,25,27,-1,26,27,28,-1,28,27,29,-1,28,29,30,-1,30,29,31,-1,30,31,32,-1,32,31,33,-1,32,33,4,-1,4,33,5,-1,34,35,36,-1,36,35,37,-1,36,37,38,-1,37,39,38,-1,38,39,40,-1,38,40,41,-1,41,40,42,-1,41,42,34,-1,34,42,43,-1,34,43,35,-1,35,43,13,-1,35,13,40,-1,40,13,12,-1,40,12,42,-1,40,44,35,-1,35,44,45,-1,46,43,47,-1,47,43,42,-1,48,49,50,-1,50,49,51,-1,50,51,52,-1,52,51,53,-1,52,53,54,-1,54,53,55,-1,54,55,56,-1,56,55,57,-1,56,57,58,-1,58,57,59,-1,58,59,60,-1,60,59,61,-1,60,61,47,-1,47,61,46,-1,62,63,48,-1,48,63,49,-1,34,63,41,-1,41,63,62,-1,64,36,65,-1,65,36,38,-1,66,67,68,-1,68,67,69,-1,68,69,65,-1,65,69,64,-1,66,70,67,-1,67,70,71,-1,72,73,70,-1,70,73,71,-1,74,75,76,-1,76,75,77,-1,76,77,78,-1,78,77,79,-1,78,79,80,-1,80,79,81,-1,80,81,82,-1,82,81,83,-1,82,83,84,-1,84,83,85,-1,84,85,86,-1,86,85,87,-1,88,89,90,-1,90,89,91,-1,92,93,94,-1,94,93,95,-1,94,95,96,-1,96,95,97,-1,96,97,90,-1,90,97,88,-1,
        ]
    }
}
Shape{
    appearance Appearance {
        material  Material 	{
            diffuseColor 0.9686274509803922 0.8784313725490196 0.6
            specularColor 0.6784313725490196 0.615686274509804 0.4196078431372549
            ambientIntensity 0.8737
            transparency 0.0
            shininess 0.5
        }
    }
    geometry IndexedFaceSet {
        ccw TRUE
        solid FALSE
        coord DEF co Coordinate {
            point [
                -1.4961 0.7475 -0.9449, -1.4961 0.7475 0.2804, -1.4961 0.6687 -0.9449, -1.4961 0.6687 0.2804, -1.5354 0.6687 -1.063, -1.5354 0.7475 -1.063, -1.6142 0.6687 -1.063, -1.6142 0.7475 -1.063, -1.6535 0.7475 -0.9449, -1.6535 0.6687 -0.9449, -1.6535 0.6687 0.2804, -1.6535 0.7475 0.2804
            ]
        }
        coordIndex [
            0,1,2,-1,2,1,3,-1,4,5,2,-1,2,5,0,-1,4,6,5,-1,5,6,7,-1,7,6,8,-1,8,6,9,-1,9,10,8,-1,8,10,11,-1,
        ]
    }
}
Shape{
    appearance Appearance {
        material  Material 	{
            diffuseColor 0.0 0.2901960784313726 0.8745098039215686
            specularColor 0.0 0.1450980392156863 0.4392156862745098
            ambientIntensity 0.27
            transparency 0.0
            shininess 0.5
        }
    }
    geometry IndexedFaceSet {
        ccw TRUE
        solid FALSE
        coord DEF co Coordinate {
            point [
                -1.6535 0.7475 0.2804, -1.6535 0.6687 0.2804, -1.6544 0.7475 0.2906, -1.6544 0.6687 0.2906, -1.6571 0.7475 0.3006, -1.6571 0.6687 0.3006, -1.6614 0.7475 0.3099, -1.6614 0.6687 0.3099, -1.8622 0.6687 0.6576, -1.8622 0.7475 0.6576, -1.3287 -3.0476 2.0045, -1.8209 -3.0476 2.0045, -1.3287 -3.0336 2.0085, -1.8209 -3.0336 2.0085, -1.3287 -3.0191 2.0098, -1.8209 -3.0191 2.0098, -1.3287 -3.7493 1.7312, -1.8209 -3.7493 1.7312, -1.8209 -3.7573 1.7283, -1.3287 -3.7573 1.7283, -1.2894 -0.4795 2.0098, -1.2894 -0.4795 2.0886, -1.3287 -0.5872 2.0098, -1.3287 -0.5872 2.0886, -1.2894 -0.351 2.0886, -1.2894 -0.351 2.0098, -1.287 -0.3344 2.0098, -1.287 -0.3344 2.0886, -1.2888 -0.3426 2.0098, -1.2888 -0.3426 2.0886, -1.4764 -4.971 1.7992, -1.4764 -4.9809 1.7987, -1.4764 -4.9809 2.1758, -1.4764 -4.8181 1.7874, -1.4764 -4.8234 1.7874, -1.4764 -4.4131 2.0236, -1.4764 -4.8234 1.7992, -1.4764 -4.8761 2.2362, -1.4764 -1.6344 2.2362, -1.4764 -3.6029 2.0945, -1.4764 -1.6344 2.0945, -1.4764 -3.7894 2.0236, -1.6732 -4.9809 1.7987, -1.6732 -4.971 1.7992, -1.6732 -4.8234 1.7874, -1.6732 -4.8181 1.7874, -1.6732 -4.8234 1.7992, -1.6732 -4.4131 2.0236, -1.6732 -4.8761 2.2362, -1.6732 -4.9809 2.1758, -1.6732 -1.6344 2.0945, -1.6732 -1.6344 2.2362, -1.6732 -3.6029 2.0945, -1.6732 -3.7894 2.0236, -1.8386 -3.7894 2.0236, -1.8386 -3.6029 2.0945, -1.8386 -4.4131 2.0236, -1.8386 -4.8181 1.7874, -1.311 -4.4131 2.0236, -1.311 -4.8181 1.7874, -1.311 -3.7894 2.0236, -1.311 -3.6029 2.0945, -1.311 -5.0596 1.7874, -1.311 -5.0596 1.6024, -1.8386 -5.0596 1.7874, -1.8386 -5.0596 1.6024, -1.311 -5.1148 1.6024, -1.8386 -5.1148 1.6024, -1.2106 0.4364 1.9449, -1.311 0.4364 1.9449, -1.2697 0.3774 2.0039, -1.311 0.3774 2.0039, -1.2697 -1.8982 2.0039, -1.311 -1.9395 2.0039, 0.8858 -4.9809 2.1758, 0.8858 -4.9809 1.7987, 0.689 -4.9809 2.1758, 0.689 -4.9809 1.7987
            ]
        }
        coordIndex [
            0,1,2,-1,2,1,3,-1,2,3,4,-1,4,3,5,-1,4,5,6,-1,6,5,7,-1,7,8,6,-1,6,8,9,-1,10,11,12,-1,12,11,13,-1,12,13,14,-1,14,13,15,-1,16,17,10,-1,10,17,11,-1,18,17,19,-1,19,17,16,-1,20,21,22,-1,22,21,23,-1,24,21,25,-1,25,21,20,-1,26,27,28,-1,28,27,29,-1,28,29,25,-1,25,29,24,-1,30,31,32,-1,33,34,35,-1,35,34,36,-1,37,38,39,-1,39,38,40,-1,30,32,36,-1,36,32,37,-1,36,37,35,-1,35,37,39,-1,35,39,41,-1,31,30,42,-1,42,30,43,-1,44,45,46,-1,46,45,47,-1,47,48,46,-1,46,48,49,-1,46,49,43,-1,43,49,42,-1,50,51,52,-1,52,51,48,-1,52,48,53,-1,53,48,47,-1,32,31,49,-1,49,31,42,-1,51,50,38,-1,38,50,40,-1,54,55,53,-1,53,55,52,-1,54,53,56,-1,56,53,47,-1,47,45,56,-1,56,45,57,-1,36,46,30,-1,30,46,43,-1,35,58,33,-1,33,58,59,-1,58,35,60,-1,60,35,41,-1,39,61,41,-1,41,61,60,-1,62,63,64,-1,64,63,65,-1,63,66,65,-1,65,66,67,-1,68,69,70,-1,70,69,71,-1,72,70,73,-1,73,70,71,-1,74,75,76,-1,76,75,77,-1,
        ]
    }
}